cx,cy,cz,nx,ny,nz,valid_frac,score,periodic_cover,periodic_period_mm,periodic_straightness,band_score,band_ratio,band_amp_um,peak_freq,spectral_spread,local_coherence,global_coherence,coverage,ridge_period_mm,straightness
-20.13621,5.65721,-2.18553,-0.81844,-0.29653,-0.49217,0.92076,0.0,0.0,nan,0.0,0.02051,0.06816,5.70263,2.01772,0.2411,0.48897,0.53824,0.83133,0.49561,0.53824
-20.33296,5.16311,-0.99598,-0.93941,-0.32884,-0.09681,0.91152,0.0,0.0,nan,0.0,0.01079,0.03986,5.60945,2.11127,0.23199,0.44995,0.23894,0.81605,0.47365,0.23894
-20.22151,5.46921,0.42653,-0.88557,-0.32198,0.3348,0.94195,0.00701,0.03504,0.51,1.0,0.02251,0.07338,5.57954,1.73359,0.24361,0.4795,0.52964,0.86909,0.57684,0.52964
-20.38581,7.14642,-2.46873,-0.79655,-0.23039,-0.55896,0.93873,0.0,0.0,nan,0.0,0.01238,0.04448,5.3473,1.84055,0.24501,0.38252,0.28382,1.0,0.54332,0.28382
-20.81266,6.96198,-1.05997,-0.95998,-0.24645,-0.13302,0.93842,0.0,0.0,nan,0.0,0.00855,0.03095,5.31265,2.09816,0.23714,0.54499,0.36916,0.69788,0.47661,0.36916
-20.58696,7.08761,0.96677,-0.8592,-0.27773,0.4297,0.95005,0.0769,0.38448,0.51,1.0,0.01175,0.0428,4.80576,1.87869,0.23567,0.38887,0.45468,1.0,0.53228,0.45468
-20.00177,7.99206,2.01169,-0.70145,-0.25764,0.66452,0.9705,0.21525,0.70068,0.51,0.9665,0.01367,0.03395,4.85942,1.8988,0.23159,0.57655,0.43572,0.98581,0.52665,0.43572
-20.61055,9.04519,-2.73993,-0.79408,-0.16305,-0.58553,0.94517,0.0,0.0,nan,0.0,0.00782,0.03589,4.76509,1.89422,0.23837,0.30976,0.31682,0.99901,0.52792,0.31682
-21.21108,9.03391,-1.09696,-0.97528,-0.15324,-0.15918,0.9622,0.0,0.0,nan,0.0,0.00628,0.02843,4.80028,3.19121,0.23695,0.58734,0.35115,0.53296,0.31336,0.35115
-21.01173,9.01561,1.18753,-0.8899,-0.20644,0.40677,0.94745,0.33972,0.33972,0.51,0.53735,0.0073,0.02801,4.70836,1.86881,0.25145,0.3926,0.45457,0.94597,0.5351,0.45457
-20.25076,9.29083,2.22106,-0.71775,-0.21071,0.66366,0.96957,0.13699,0.68493,0.51,1.0,0.01335,0.03176,5.30742,1.81262,0.23863,0.57875,0.51098,1.0,0.55169,0.51098
-20.74286,11.04201,-3.01183,-0.8044,-0.12342,-0.58113,0.95534,0.0,0.0,nan,0.0,0.0101,0.03917,4.23421,1.89998,0.23207,0.37984,0.66237,1.0,0.52632,0.66237
-21.34117,10.91123,-1.02286,-0.98422,-0.09581,-0.14874,0.98743,0.0,0.0,nan,0.0,0.0074,0.05033,4.81124,1.913,0.22842,0.68109,0.72538,0.30579,0.52274,0.72538
-21.38794,10.96652,1.17522,-0.93052,-0.12977,0.34247,0.94683,0.05489,0.27446,0.6,1.0,0.00668,0.03071,5.01088,1.84231,0.25158,0.32,0.37001,0.9513,0.5428,0.37001
-20.4323,11.07162,2.49285,-0.73566,-0.16091,0.65796,0.9758,0.14316,0.71582,0.6,1.0,0.01623,0.0385,5.2133,1.77157,0.24762,0.64292,0.36608,0.90703,0.56447,0.36608
-20.10292,13.36464,-4.0502,-0.65204,-0.08837,-0.75302,0.957,0.0,0.0,nan,0.0,0.00826,0.0409,4.66978,1.9091,0.23988,0.2883,0.30364,1.0,0.52381,0.30364
-20.83725,13.02274,-3.14957,-0.83214,-0.06565,-0.55067,0.96417,0.0,0.0,nan,0.0,0.01188,0.0435,4.36446,1.78565,0.23987,0.39826,0.38475,1.0,0.56002,0.38475
-21.48307,13.05807,-1.06358,-0.98563,-0.04234,-0.16353,0.9947,0.0,0.0,nan,0.0,0.01188,0.06743,4.50969,1.78683,0.23931,0.66872,0.84235,0.53974,0.55965,0.84235
-21.56291,12.97243,1.14537,-0.95665,-0.07772,0.28066,0.96022,0.02671,0.13353,0.51,1.0,0.00828,0.03246,4.98987,1.71825,0.24822,0.35741,0.43957,1.0,0.58199,0.43957
-20.57368,13.07022,2.67783,-0.75259,-0.11801,0.64783,0.97881,0.10153,0.50767,0.51,1.0,0.01774,0.05141,5.025,1.84546,0.23525,0.57839,0.61475,0.83379,0.54187,0.61475
-20.18088,15.09902,-4.16651,-0.68589,-0.04247,-0.72647,0.95991,0.0,0.0,nan,0.0,0.00637,0.04228,4.7604,1.93563,0.23873,0.21406,0.40308,1.0,0.51663,0.40308
-20.89314,14.95399,-3.05836,-0.86334,-0.0149,-0.5044,0.97746,0.0,0.0,nan,0.0,0.00748,0.02992,4.45051,1.92439,0.23821,0.37075,0.41708,0.97721,0.51965,0.41708
-21.48596,14.93741,-1.0788,-0.9837,-0.00537,-0.17976,0.99636,0.0,0.0,nan,0.0,0.01828,0.05197,4.53667,1.74804,0.23609,0.51157,0.72274,0.9909,0.57207,0.72274
-21.69992,15.0119,1.10872,-0.97543,-0.05197,0.21409,0.96573,0.0,0.0,nan,0.0,0.0087,0.0347,4.96998,1.90387,0.23665,0.35181,0.43563,1.0,0.52525,0.43563
-20.736,15.02733,2.9111,-0.74411,-0.07718,0.66358,0.96521,0.00012,0.00059,0.51,1.0,0.01307,0.05206,4.52856,1.89907,0.2456,0.47359,0.51523,0.76449,0.52657,0.51523
-20.19391,17.05864,-4.19464,-0.70939,-0.01843,-0.70458,0.96521,0.0,0.0,nan,0.0,0.01287,0.05904,5.42259,1.81256,0.23724,0.40363,0.64142,0.73941,0.55171,0.64142
-20.86488,16.98866,-3.00879,-0.8843,0.00724,-0.46686,0.98784,0.0,0.0,nan,0.0,0.0131,0.0449,4.73322,1.89932,0.22923,0.46103,0.41243,0.90046,0.5265,0.41243
-21.48163,16.99254,-1.00085,-0.98052,0.01516,-0.19581,0.99823,0.0,0.0,nan,0.0,0.01565,0.05328,4.43386,1.87266,0.22944,0.42616,0.59263,1.0,0.534,0.59263
-21.78007,17.02354,1.0239,-0.98594,-0.01319,0.1666,0.96168,0.0,0.0,nan,0.0,0.00839,0.04212,6.27609,1.91793,0.22131,0.43689,0.49756,0.60086,0.5214,0.49756
-20.85948,17.04066,2.9951,-0.73187,0.00106,0.68144,0.95285,0.0,0.0,nan,0.0,0.01004,0.06294,6.625,1.86178,0.23492,0.4827,0.63783,0.43024,0.53712,0.63783
-20.21647,19.03342,-4.23135,-0.73543,0.01009,-0.67752,0.96147,0.0,0.0,nan,0.0,0.016,0.07088,5.04192,1.64778,0.2406,0.46687,0.67787,0.67548,0.60688,0.67787
-20.84652,18.9671,-3.03724,-0.89616,0.03185,-0.44258,0.98826,0.0,0.0,nan,0.0,0.00988,0.0395,4.55154,1.72115,0.25051,0.4474,0.36818,0.8048,0.58101,0.36818
-21.47027,18.99822,-1.0102,-0.97909,0.04281,-0.19889,0.99802,0.0,0.0,nan,0.0,0.01505,0.06048,5.77952,2.044,0.22939,0.55003,0.51653,0.60897,0.48924,0.51653
-21.76513,19.01707,1.07966,-0.9849,0.03786,0.16895,0.94953,0.0,0.0,nan,0.0,0.00959,0.04498,7.00577,1.89928,0.22558,0.41257,0.55103,0.66466,0.52651,0.55103
-20.86925,18.98768,2.91843,-0.71964,0.05891,0.69185,0.94122,0.0,0.0,nan,0.0,0.00905,0.06281,7.55796,1.90558,0.2394,0.37923,0.6104,0.48065,0.52477,0.6104
-20.12055,20.91187,-4.1822,-0.75235,0.04721,-0.65707,0.97092,0.0,0.0,nan,0.0,0.00968,0.05087,4.64393,1.73397,0.23823,0.31966,0.35046,0.85184,0.57671,0.35046
-20.71289,20.986,-3.05401,-0.89491,0.04824,-0.44362,0.99158,0.0,0.0,nan,0.0,0.00551,0.03381,5.30582,1.89485,0.23335,0.39226,0.41135,0.57193,0.52775,0.41135
-21.27664,21.06867,-1.05072,-0.97653,0.04777,-0.20999,0.99958,0.0,0.0,nan,0.0,0.0075,0.0355,5.35994,2.36604,0.23011,0.58361,0.79121,0.57291,0.42265,0.79121
-21.6375,21.01938,0.98073,-0.98728,0.05858,0.1478,0.95545,0.0,0.0,nan,0.0,0.01081,0.04781,7.35094,3.58149,0.2453,0.46326,0.53282,0.62071,0.27921,0.53282
-20.78686,20.98191,2.71505,-0.73852,0.0689,0.67071,0.9433,0.0,0.0,nan,0.0,0.01039,0.05579,7.07975,1.73617,0.25641,0.52536,0.64809,0.45482,0.57598,0.64809
-20.05328,22.65225,-4.09291,-0.75973,0.06697,-0.64678,0.97372,0.0,0.0,nan,0.0,0.01131,0.04674,4.4492,1.73247,0.23271,0.35487,0.32914,0.98821,0.57721,0.32914
-20.645,23.00339,-3.05386,-0.88813,0.06645,-0.45477,0.99003,0.0,0.0,nan,0.0,0.00895,0.03376,5.21571,1.81256,0.23978,0.40385,0.3031,0.90825,0.55171,0.3031
-21.1975,22.99285,-0.9998,-0.97608,0.06971,-0.20595,0.99626,0.0,0.0,nan,0.0,0.01177,0.04673,5.56222,1.86678,0.24043,0.61138,0.79138,0.64585,0.53568,0.79138
-21.52156,22.97851,1.04468,-0.98059,0.07597,0.18073,0.93997,0.0,0.0,nan,0.0,0.01225,0.05222,6.10918,1.79235,0.23907,0.60187,0.70987,0.51736,0.55793,0.70987
-20.69016,22.96903,2.70219,-0.71388,0.09807,0.69337,0.92917,0.0,0.0,nan,0.0,0.00339,0.03298,5.37182,3.37328,0.25804,0.57141,0.85007,0.36322,0.29645,0.85007
-20.46529,24.96622,-2.98656,-0.87226,0.08828,-0.48101,0.98411,0.0,0.0,nan,0.0,0.00904,0.03474,4.55592,3.62512,0.2386,0.37439,0.64292,1.0,0.27585,0.64292
-21.03287,24.91785,-1.04463,-0.97728,0.08902,-0.19236,0.99636,0.0,0.0,nan,0.0,0.01209,0.04273,4.60746,1.64778,0.24082,0.6134,0.75435,0.67099,0.60688,0.75435
-21.27917,25.01376,1.01267,-0.97145,0.12542,0.20136,0.94475,0.0,0.0,nan,0.0,0.00639,0.03344,5.11269,1.86857,0.24746,0.52016,0.54861,0.5106,0.53517,0.54861
-20.56872,24.95579,2.50196,-0.70816,0.1349,0.69304,0.9137,0.0,0.0,nan,0.0,0.00652,0.0779,12.32352,2.6293,0.23092,0.69023,0.90808,0.28543,0.38033,0.90808
-20.46773,26.99273,-2.83226,-0.87346,0.09581,-0.47738,0.96843,0.0,0.0,nan,0.0,0.01398,0.04628,4.83095,2.20464,0.23164,0.44685,0.46823,0.95595,0.45359,0.46823
-20.88866,27.0361,-1.02278,-0.98239,0.08305,-0.1674,0.99013,0.0,0.0,nan,0.0,0.01105,0.03334,5.93823,2.69598,0.23972,0.59007,0.64725,0.75065,0.37092,0.64725
-20.98001,27.00781,1.01972,-0.95434,0.13214,0.26791,0.95192,0.0,0.0,nan,0.0,0.00645,0.0255,5.99863,3.62512,0.24435,0.50074,0.45579,0.6736,0.27585,0.45579
-20.33412,26.89411,2.32581,-0.74087,0.13837,0.65724,0.92897,0.0,0.0,nan,0.0,0.00302,0.07099,10.10269,1.81256,0.24115,0.53803,0.99045,0.41038,0.55171,0.99045
-20.38139,28.93091,-2.56031,-0.88039,0.16517,-0.44456,0.9623,0.0,0.0,nan,0.0,0.01132,0.04951,5.17137,1.83103,0.23372,0.52447,0.41847,0.60476,0.54614,0.41847
-20.86352,29.04314,-0.97792,-0.97595,0.16638,-0.14082,0.96978,0.0,0.0,nan,0.0,0.00638,0.02051,5.9878,1.81256,0.24274,0.45443,0.56504,0.91252,0.55171,0.56504
-20.72385,29.02474,1.06471,-0.93132,0.1801,0.31654,0.93364,0.0,0.0,nan,0.0,0.00881,0.02628,6.61947,3.23446,0.23545,0.59145,0.74122,0.73825,0.30917,0.74122
-20.11268,28.67833,2.13631,-0.71731,0.17933,0.67328,0.91879,0.0,0.0,nan,0.0,0.00307,0.05265,18.0803,1.64778,0.25589,0.71745,0.95227,0.25624,0.60688,0.95227
-20.16861,30.49279,-2.2552,-0.87573,0.24767,-0.41445,0.95815,0.0,0.0,nan,0.0,0.00895,0.03352,5.44411,1.64778,0.24645,0.48646,0.26984,0.75049,0.60688,0.26984
-20.34861,30.83064,-1.0006,-0.94872,0.26616,-0.17056,0.97694,0.0,0.0,nan,0.0,0.00658,0.02262,5.52727,2.3855,0.23698,0.49666,0.35643,0.79762,0.4192,0.35643
-20.29281,30.86687,1.05826,-0.88944,0.26076,0.37537,0.90934,0.0,0.0,nan,0.0,0.00582,0.02702,6.9045,3.21801,0.23537,0.57676,0.51325,0.48156,0.31075,0.51325
-20.06004,30.21326,2.03832,-0.70717,0.2115,0.67467,0.87788,0.0,0.0,nan,0.0,0.00316,0.05916,17.7619,2.24554,0.23304,0.69785,0.94676,0.2303,0.44533,0.94676
-20.05099,32.21119,0.8236,-0.89447,0.31307,0.31924,0.88411,0.0,0.0,nan,0.0,0.00447,0.02054,6.61856,3.58667,0.23683,0.57034,0.62794,0.49715,0.27881,0.62794
-18.23023,1.82911,-0.55638,-0.58879,-0.79968,-0.11761,0.82782,0.0,0.0,nan,0.0,0.01226,0.15043,22.50708,1.64778,0.24452,0.43328,0.74499,0.20482,0.60688,0.74499
-18.17228,1.82917,0.26159,-0.59265,-0.77246,0.22821,0.85565,0.0,0.0,nan,0.0,0.01399,0.04749,9.04594,1.81256,0.23702,0.41163,0.54704,0.87403,0.55171,0.54704
-18.63853,3.37508,-2.48586,-0.50562,-0.5253,-0.6844,0.90996,0.0,0.0,nan,0.0,0.00385,0.02762,22.0232,1.64778,0.24561,0.6668,0.87788,0.38609,0.60688,0.87788
-19.29362,2.78343,-1.09685,-0.73814,-0.63134,-0.23784,0.81516,0.0,0.0,nan,0.0,0.00405,0.08115,20.585,1.81256,0.25175,0.59669,0.92107,0.20264,0.55171,0.92107
-18.86287,3.05297,1.01156,-0.69696,-0.51907,0.49479,0.9082,0.0,0.0,nan,0.0,0.01182,0.05473,7.36085,2.3137,0.23452,0.64348,0.66277,0.42679,0.43221,0.66277
-19.02869,5.06315,-2.98471,-0.53944,-0.36533,-0.75864,0.95057,0.0,0.0,nan,0.0,0.00278,0.02142,13.08493,2.5176,0.22882,0.49455,0.45948,0.30303,0.3972,0.45948
-19.93206,4.28218,-1.35505,-0.85817,-0.43796,-0.26782,0.88245,0.0,0.0,nan,0.0,0.01822,0.11963,7.06442,1.90759,0.22709,0.63262,0.81711,0.39333,0.52422,0.81711
-19.35514,4.86126,1.29619,-0.72977,-0.33913,0.59366,0.96832,0.01632,0.08162,0.51,1.0,0.01313,0.04998,5.71865,1.72967,0.23513,0.66969,0.34219,0.52949,0.57814,0.34219
-18.38634,5.33925,2.26259,-0.52974,-0.29118,0.79661,0.99345,0.44302,0.44302,0.51,0.54717,0.01459,0.0493,5.33479,1.85879,0.23121,0.52968,0.48992,0.76815,0.53799,0.48992
-18.1037,7.64763,-4.02115,-0.32522,-0.14219,-0.93489,0.99397,0.0,0.0,nan,0.0,0.01112,0.04026,5.88166,1.82333,0.23431,0.44507,0.5187,0.83137,0.54845,0.5187
-19.08426,6.93292,-3.41784,-0.5165,-0.20135,-0.83228,0.97414,0.0,0.0,nan,0.0,0.01565,0.05347,5.6614,1.66901,0.23734,0.54815,0.57422,0.72269,0.59916,0.57422
-19.79119,6.64834,1.72296,-0.70757,-0.29428,0.64245,0.96874,0.63841,0.63841,0.51,0.60231,0.01691,0.04154,4.65008,1.87816,0.2347,0.58314,0.41061,0.99862,0.53244,0.41061
-18.90289,7.13387,2.5859,-0.54005,-0.27178,0.79654,0.98971,0.16148,0.8074,0.51,1.0,0.05492,0.13132,4.3123,1.89342,0.22642,0.61312,0.56807,0.99848,0.52815,0.56807
-18.43263,9.24357,-4.16779,-0.30398,-0.15553,-0.9399,0.98868,0.0,0.0,nan,0.0,0.0081,0.04025,6.02387,3.40955,0.24659,0.45975,0.75795,0.59828,0.29329,0.75795
-19.3914,8.82021,-3.68522,-0.49898,-0.16873,-0.85003,0.96656,0.0,0.0,nan,0.0,0.01032,0.04474,5.65909,2.72507,0.23566,0.45399,0.67975,0.68751,0.36696,0.67975
-19.05599,8.91716,3.02328,-0.52558,-0.2314,0.81867,0.99574,0.1822,0.71373,0.51,0.98272,0.04573,0.10796,4.67095,1.74846,0.22932,0.62489,0.67647,0.96812,0.57193,0.67647
-18.85177,11.07769,-4.40389,-0.34746,-0.17572,-0.92108,0.97009,0.0,0.0,nan,0.0,0.00817,0.04509,5.49041,2.57085,0.22993,0.45488,0.70763,0.54354,0.38898,0.70763
-19.75749,10.71568,-3.89337,-0.54829,-0.16272,-0.8203,0.9543,0.0,0.0,nan,0.0,0.00771,0.03913,5.23612,1.87825,0.24385,0.38139,0.48811,0.71429,0.53241,0.48811
-19.17868,10.96277,3.52276,-0.51546,-0.17732,0.83837,0.99335,0.14662,0.73312,0.6,1.0,0.02684,0.06573,4.72029,1.83058,0.23127,0.5999,0.60731,0.96923,0.54628,0.60731
-18.23337,11.45551,4.08777,-0.3789,-0.14045,0.91472,0.99366,0.05844,0.29218,0.6,1.0,0.01172,0.06804,7.79217,1.64778,0.24264,0.66445,0.60278,0.32589,0.60688,0.60278
-19.0322,13.03152,-4.65535,-0.40684,-0.1339,-0.90363,0.97216,0.0,0.0,nan,0.0,0.01141,0.05058,5.38809,2.21338,0.24088,0.454,0.54541,0.68114,0.4518,0.54541
-19.9703,12.06177,-3.99302,-0.60231,-0.13528,-0.78672,0.95254,0.0,0.0,nan,0.0,0.00855,0.04351,4.83144,1.84036,0.25185,0.32636,0.49002,0.85165,0.54337,0.49002
-19.54036,12.90787,3.66018,-0.52715,-0.11264,0.84227,0.97694,0.27853,0.37857,0.6,0.83258,0.00373,0.0438,8.71,1.64778,0.23918,0.34992,0.44695,0.29891,0.60688,0.44695
-18.55251,13.09902,4.18386,-0.38037,-0.09206,0.92024,0.99335,0.03454,0.17269,0.6,1.0,0.00292,0.01966,11.12519,2.20395,0.23117,0.50142,0.64503,0.34951,0.45373,0.64503
-19.06943,15.01971,-4.8389,-0.44731,-0.08111,-0.8907,0.97684,0.0,0.0,nan,0.0,0.01098,0.05591,5.74192,2.97095,0.22986,0.40194,0.75447,0.66812,0.33659,0.75447
-19.71947,14.93406,3.82223,-0.51549,-0.07224,0.85384,0.97466,0.01047,0.05233,0.51,1.0,0.002,0.0293,10.39452,1.64778,0.23937,0.50034,0.83056,0.21962,0.60688,0.83056
-18.66115,14.96631,4.31924,-0.37335,-0.06412,0.92547,0.99449,0.0,0.0,nan,0.0,0.00262,0.02183,12.35853,1.64778,0.23262,0.3842,0.43886,0.36274,0.60688,0.43886
-18.99132,16.99197,-5.03355,-0.45228,-0.04538,-0.89072,0.96895,0.0,0.0,nan,0.0,0.00964,0.05139,6.34967,3.29905,0.24323,0.3549,0.53425,0.69489,0.30312,0.53425
-19.56611,17.02577,3.81758,-0.49131,0.03188,0.8704,0.99075,0.0,0.0,nan,0.0,0.01529,0.04699,6.20455,1.84798,0.24565,0.6095,0.40111,0.70581,0.54113,0.40111
-18.58718,16.92889,4.28958,-0.38057,0.02145,0.9245,0.99771,0.0,0.0,nan,0.0,0.00837,0.03864,10.94554,2.57202,0.23215,0.6557,0.52937,0.39058,0.3888,0.52937
-19.0223,18.99278,-5.15135,-0.46295,-0.01854,-0.88619,0.96656,0.0,0.0,nan,0.0,0.01511,0.06544,5.90218,2.69562,0.23518,0.47582,0.61871,0.6498,0.37097,0.61871
-19.33653,19.04229,3.76233,-0.4491,0.08127,0.88978,0.99553,0.0,0.0,nan,0.0,0.00768,0.03904,6.71297,1.68095,0.23799,0.52011,0.49544,0.49105,0.5949,0.49544
-18.36849,18.92679,4.10192,-0.36958,0.09079,0.92475,0.99916,0.0,0.0,nan,0.0,0.01643,0.06084,5.95405,1.84429,0.2341,0.52158,0.55918,0.69156,0.54221,0.55918
-19.07194,20.99653,-5.06252,-0.52173,0.03263,-0.85249,0.9732,0.0,0.0,nan,0.0,0.01196,0.06571,5.49342,2.65468,0.23264,0.40163,0.68474,0.61821,0.37669,0.68474
-19.10328,20.98749,3.6664,-0.40681,0.09495,0.90856,0.99605,0.0,0.0,nan,0.0,0.01459,0.06084,7.40921,1.81256,0.22953,0.66802,0.67289,0.45598,0.55171,0.67289
-18.17456,20.42093,4.05679,-0.35162,0.09785,0.93101,0.99844,0.0,0.0,nan,0.0,0.01216,0.04347,6.46141,1.64778,0.23099,0.55726,0.52725,0.65752,0.60688,0.52725
-19.09035,22.9985,-4.90528,-0.55356,0.0803,-0.82893,0.97653,0.0,0.0,nan,0.0,0.01134,0.07047,5.08447,1.94565,0.23246,0.29255,0.6402,0.76653,0.51397,0.6402
-19.9994,23.9746,-3.97363,-0.76083,0.08996,-0.64269,0.97206,0.0,0.0,nan,0.0,0.00984,0.04423,4.57305,1.88661,0.23628,0.31972,0.5223,1.0,0.53005,0.5223
-18.98829,22.99831,3.5372,-0.36075,0.11163,0.92596,0.99439,0.0,0.0,nan,0.0,0.00871,0.03145,14.56569,1.64778,0.23828,0.74541,0.47894,0.42258,0.60688,0.47894
-19.02588,24.97525,-4.7208,-0.56208,0.1125,-0.81939,0.97611,0.0,0.0,nan,0.0,0.00814,0.05765,5.12824,1.72908,0.23948,0.29703,0.55885,0.66043,0.57834,0.55885
-19.89773,25.4225,-3.85632,-0.74789,0.10601,-0.6553,0.97237,0.0,0.0,nan,0.0,0.00978,0.04053,4.22671,1.89559,0.23326,0.35549,0.3408,1.0,0.52754,0.3408
-18.94658,24.99123,3.45211,-0.37419,0.06586,0.92501,0.98982,0.0,0.0,nan,0.0,0.00502,0.02125,14.96055,1.85648,0.24112,0.66695,0.52026,0.4018,0.53865,0.52026
-18.81097,26.89181,-4.51242,-0.55059,0.13196,-0.82428,0.98836,0.0,0.0,nan,0.0,0.01141,0.05485,4.65552,1.81256,0.22793,0.53434,0.55871,0.55676,0.55171,0.55871
-19.74132,27.09593,-3.71751,-0.72438,0.12487,-0.678,0.97601,0.0,0.0,nan,0.0,0.00868,0.03789,4.23328,1.82581,0.23856,0.35994,0.38114,0.93697,0.5477,0.38114
-18.97386,27.02681,3.24066,-0.41184,0.1454,0.89958,0.97881,0.0,0.0,nan,0.0,0.00466,0.0266,12.29643,3.46035,0.24632,0.44695,0.54955,0.45613,0.28899,0.54955
-18.47007,28.85231,-4.42478,-0.53451,0.1478,-0.83214,0.99335,0.0,0.0,nan,0.0,0.00703,0.03004,3.43656,2.07204,0.22551,0.38903,0.33557,0.95189,0.48262,0.33557
-19.48829,29.08316,-3.54918,-0.70603,0.17219,-0.68693,0.98411,0.0,0.0,nan,0.0,0.0093,0.05029,4.11137,2.67793,0.24253,0.54193,0.37649,0.50702,0.37342,0.37649
-19.07376,29.03585,2.87323,-0.43329,0.20521,0.87758,0.96365,0.0,0.0,nan,0.0,0.00688,0.0281,15.04068,2.57011,0.23701,0.5673,0.52708,0.48873,0.38909,0.52708
-18.20109,30.59731,-4.15125,-0.56115,0.20477,-0.80199,0.99594,0.0,0.0,nan,0.0,0.006,0.0397,4.17111,1.71009,0.23693,0.53596,0.61444,0.41757,0.58476,0.61444
-19.29142,31.11172,-3.19005,-0.73433,0.25009,-0.63104,0.97518,0.0,0.0,nan,0.0,0.00522,0.02517,4.75064,3.47832,0.23993,0.49583,0.46494,0.59447,0.2875,0.46494
-19.84695,31.78416,-1.34244,-0.92301,0.28074,-0.26314,0.98546,0.0,0.0,nan,0.0,0.00783,0.02301,4.94217,3.5485,0.24382,0.58156,0.47042,0.82217,0.28181,0.47042
-19.78296,31.57143,1.82907,-0.68103,0.29022,0.67229,0.85918,0.0,0.0,nan,0.0,0.00685,0.05395,14.64084,1.81256,0.2519,0.59163,0.81997,0.31418,0.55171,0.81997
-18.98248,30.88,2.49912,-0.4241,0.24454,0.87198,0.9244,0.0,0.0,nan,0.0,0.00609,0.03612,16.1096,2.04255,0.23454,0.62551,0.89895,0.57886,0.48958,0.89895
-18.82158,32.97394,-2.97759,-0.70499,0.29261,-0.64604,0.9703,0.0,0.0,nan,0.0,0.0069,0.03621,10.5146,2.00657,0.23373,0.63226,0.55961,0.35844,0.49836,0.55961
-19.59128,33.11078,-1.09732,-0.92801,0.32732,-0.17795,0.9487,0.0,0.0,nan,0.0,0.00937,0.0375,6.64549,3.05119,0.23614,0.72298,0.64644,0.4494,0.32774,0.64644
-19.4784,33.14806,1.29156,-0.7113,0.4026,0.57616,0.85898,0.0,0.0,nan,0.0,0.00418,0.05401,12.27522,1.64778,0.25703,0.69429,0.9261,0.29707,0.60688,0.9261
-18.5934,32.28798,2.12884,-0.41244,0.33309,0.84791,0.93322,0.0,0.0,nan,0.0,0.01547,0.04805,15.70954,2.92082,0.23946,0.67501,0.68979,0.53776,0.34237,0.68979
-18.50802,34.67365,-2.55699,-0.68131,0.48493,-0.54832,0.90529,0.0,0.0,nan,0.0,0.00867,0.04646,11.42693,2.16843,0.23679,0.53808,0.42337,0.40735,0.46116,0.42337
-18.96584,35.18545,-1.03425,-0.77499,0.62315,-0.10523,0.83997,0.0,0.0,nan,0.0,0.01784,0.0516,6.27349,1.73584,0.24023,0.62048,0.71509,0.73478,0.57609,0.71509
-18.71567,34.78337,0.6812,-0.6576,0.59014,0.4683,0.85835,0.0,0.0,nan,0.0,0.01086,0.03771,9.47055,3.43396,0.23681,0.61597,0.62536,0.56606,0.29121,0.62536
-18.06226,36.03379,-0.69267,-0.58337,0.81161,0.03112,0.84319,0.0,0.0,nan,0.0,0.01362,0.04247,6.49079,2.56886,0.22956,0.57331,0.4748,0.73154,0.38928,0.4748
-16.50457,1.81608,-2.16043,-0.24803,-0.68574,-0.68428,0.92741,0.0,0.0,nan,0.0,0.01352,0.03099,29.12849,2.74008,0.23442,0.72764,0.60468,0.64071,0.36495,0.60468
-17.07574,1.29663,-1.00484,-0.36212,-0.87248,-0.3281,0.84942,0.0,0.0,nan,0.0,0.01026,0.05632,30.31632,1.81256,0.23631,0.63283,0.72203,0.30697,0.55171,0.72203
-16.89239,1.39837,0.88819,-0.41655,-0.8331,0.36392,0.90311,0.0,0.0,nan,0.0,0.00951,0.03378,9.77149,3.40059,0.24493,0.40114,0.45655,0.84518,0.29407,0.45655
-16.09656,1.94467,2.02731,-0.36679,-0.63189,0.68277,0.93582,0.0,0.0,nan,0.0,0.0147,0.05518,15.26884,1.76796,0.22582,0.65443,0.6313,0.46046,0.56562,0.6313
-17.0577,3.00597,-2.36665,-0.26784,-0.59503,-0.75776,0.9947,0.0,0.0,nan,0.0,0.01175,0.02961,22.00743,1.69519,0.23832,0.64714,0.38955,0.66894,0.5899,0.38955
-17.77633,2.10084,-1.78865,-0.40715,-0.71818,-0.56431,0.87601,0.0,0.0,nan,0.0,0.00512,0.04639,32.59252,2.50806,0.23741,0.75527,0.93519,0.38092,0.39871,0.93519
-17.48783,2.47791,1.64511,-0.50699,-0.57241,0.64444,0.9406,0.0,0.0,nan,0.0,0.01737,0.06855,12.19772,1.68521,0.25232,0.67659,0.56566,0.43597,0.5934,0.56566
-16.74306,3.16454,2.43447,-0.40192,-0.39262,0.82723,0.98379,0.0,0.0,nan,0.0,0.00916,0.03328,10.06507,1.70322,0.24278,0.52357,0.59539,0.63003,0.58712,0.59539
-16.45097,5.50057,-4.13214,-0.2801,-0.30748,-0.9094,0.98836,0.0,0.0,nan,0.0,0.00412,0.0205,11.25106,3.35212,0.2381,0.5099,0.34724,0.46397,0.29832,0.34724
-17.09018,4.59453,-3.64873,-0.2743,-0.40577,-0.87184,0.98701,0.0,0.0,nan,0.0,0.00337,0.0143,13.72653,1.88274,0.24248,0.47341,0.44933,0.56989,0.53114,0.44933
-17.10175,4.86302,2.74674,-0.39391,-0.27772,0.87619,0.99542,0.03554,0.17772,0.6,1.0,0.00566,0.04712,7.57323,1.64778,0.23984,0.32573,0.36566,0.46647,0.60688,0.36566
-16.88221,7.092,-4.14408,-0.25569,-0.12794,-0.95826,0.99459,0.0,0.0,nan,0.0,0.01551,0.05696,7.92412,1.89547,0.22911,0.56386,0.68572,0.60472,0.52757,0.68572
-17.75846,6.33679,-3.95438,-0.31986,-0.21702,-0.92228,0.98577,0.0,0.0,nan,0.0,0.00581,0.04526,10.40348,1.87095,0.23568,0.6286,0.84659,0.35219,0.53449,0.84659
-17.0201,7.01462,3.41074,-0.34468,-0.25336,0.90388,0.99574,0.3057,0.38121,0.51,0.8119,0.01947,0.07306,3.74456,1.74842,0.23169,0.51908,0.5817,0.78763,0.57195,0.5817
-16.05238,7.99947,4.00198,-0.27886,-0.22585,0.93339,0.99646,0.00137,0.00683,0.6,1.0,0.00711,0.05523,4.34411,1.86078,0.22284,0.40053,0.62909,0.46923,0.53741,0.62909
-16.9977,9.00959,-4.21452,-0.18774,-0.10193,-0.97691,0.9947,0.0,0.0,nan,0.0,0.0114,0.03723,6.69497,1.64778,0.23151,0.4115,0.34977,0.96619,0.60688,0.34977
-17.29261,8.87838,3.76828,-0.33869,-0.22591,0.91338,0.99688,0.04774,0.23871,0.51,1.0,0.01479,0.05523,3.6932,1.96713,0.22806,0.42291,0.48632,0.9764,0.50836,0.48632
-16.4713,9.30514,4.18283,-0.27145,-0.1963,0.94222,0.99792,0.00126,0.00632,0.6,1.0,0.00395,0.06144,6.77468,1.8049,0.22329,0.67394,0.92232,0.27527,0.55405,0.92232
-16.99732,11.0219,-4.53267,-0.13938,-0.1868,-0.97246,0.98899,0.0,0.0,nan,0.0,0.01464,0.04596,5.90972,2.58716,0.22779,0.4271,0.44216,0.99827,0.38652,0.44216
-17.85593,10.22971,3.95363,-0.36628,-0.19326,0.91022,0.99927,0.09835,0.31987,0.6,0.96642,0.0205,0.07158,4.38158,1.72774,0.23194,0.47019,0.44491,0.88721,0.57879,0.44491
-16.97449,11.0636,4.36123,-0.25717,-0.14105,0.95602,0.99667,0.0,0.0,nan,0.0,0.01369,0.05666,10.51774,1.81256,0.23754,0.6939,0.56966,0.41437,0.55171,0.56966
-16.98165,13.04506,-5.01229,-0.16765,-0.18892,-0.96758,0.99387,0.0,0.0,nan,0.0,0.01474,0.05649,5.74598,2.00975,0.23094,0.36752,0.43309,0.95712,0.49757,0.43309
-16.97007,13.037,4.53471,-0.24433,-0.08097,0.96631,0.99906,0.0,0.0,nan,0.0,0.00553,0.02164,14.23092,1.81256,0.23151,0.48855,0.40671,0.59662,0.55171,0.40671
-17.01141,14.98204,-5.37336,-0.19404,-0.10759,-0.97508,0.99117,0.0,0.0,nan,0.0,0.01728,0.06965,6.00305,1.91803,0.22622,0.34196,0.47346,0.96719,0.52137,0.47346
-17.23342,14.46571,3.9411,-0.28137,-0.08107,0.95617,0.98826,0.0,0.0,nan,0.0,0.00499,0.01852,14.18776,2.3576,0.23636,0.46966,0.46303,0.65443,0.42416,0.46303
-16.79554,15.01918,4.55441,-0.2902,-0.08895,0.95282,0.99968,0.0,0.0,nan,0.0,0.00516,0.0184,15.50039,1.8754,0.23495,0.42334,0.36737,0.74774,0.53322,0.36737
-17.15008,17.00227,-5.45881,-0.20212,-0.05483,-0.97782,0.99293,0.0,0.0,nan,0.0,0.01713,0.05683,6.81111,2.06292,0.22223,0.39003,0.64255,1.0,0.48475,0.64255
-16.96584,16.99761,4.86043,-0.3273,-0.00061,0.94492,0.99823,0.0,0.0,nan,0.0,0.00395,0.02999,14.11187,1.64888,0.24994,0.50791,0.6469,0.29588,0.60647,0.6469
-17.03382,18.90021,-5.51216,-0.19193,-0.04517,-0.98037,0.99252,0.0,0.0,nan,0.0,0.01969,0.06491,6.59324,1.87593,0.23456,0.40542,0.52348,0.9751,0.53307,0.52348
-17.00453,19.01308,4.57835,-0.3302,0.09851,0.93876,0.99864,0.0,0.0,nan,0.0,0.00939,0.04581,6.45601,1.86633,0.21752,0.33505,0.44744,0.80176,0.53581,0.44744
-16.9827,20.99708,-5.6942,-0.21835,-0.01216,-0.97579,0.99906,0.0,0.0,nan,0.0,0.02284,0.07301,5.98794,1.76531,0.23617,0.41743,0.72506,0.99973,0.56647,0.72506
-17.80818,21.77975,3.96685,-0.33644,0.1341,0.93211,0.99864,0.0,0.0,nan,0.0,0.00525,0.03364,10.51706,1.91432,0.23332,0.56665,0.76903,0.34932,0.52238,0.76903
-16.93152,20.95141,4.45725,-0.33689,0.10455,0.93572,0.99864,0.0,0.0,nan,0.0,0.00444,0.03095,6.79361,1.85476,0.22322,0.48508,0.84544,0.55121,0.53915,0.84544
-16.99799,22.96579,-5.63456,-0.25042,0.06339,-0.96606,0.99958,0.0,0.0,nan,0.0,0.01469,0.05499,6.53382,1.65854,0.23183,0.40474,0.7175,0.86217,0.60294,0.7175
-17.49486,23.13301,3.64523,-0.33187,0.11359,0.93646,0.99491,0.0,0.0,nan,0.0,0.00433,0.0166,14.11472,1.87677,0.23461,0.624,0.73986,0.47666,0.53283,0.73986
-16.63392,22.89212,4.34505,-0.35186,0.12345,0.92788,0.99771,0.0,0.0,nan,0.0,0.00317,0.02041,13.67029,3.53727,0.24267,0.57377,0.77057,0.33261,0.2827,0.77057
-16.99408,24.9925,-5.44109,-0.28503,0.08735,-0.95453,0.99958,0.0,0.0,nan,0.0,0.0105,0.042,6.89752,1.90996,0.22694,0.43173,0.57985,0.74721,0.52357,0.57985
-17.38591,24.89161,3.52065,-0.32728,0.05462,0.94335,0.99605,0.0,0.0,nan,0.0,0.00508,0.01707,14.51499,1.91858,0.23511,0.63385,0.57698,0.53431,0.52122,0.57698
-16.51762,25.04648,4.25357,-0.34181,0.06244,0.93769,0.99927,0.0,0.0,nan,0.0,0.00348,0.01738,13.82233,1.84589,0.2373,0.63224,0.59265,0.36301,0.54174,0.59265
-16.98616,26.99277,-5.22887,-0.31247,0.10109,-0.94453,0.99864,0.0,0.0,nan,0.0,0.00495,0.03073,5.79761,2.21823,0.22666,0.36842,0.43711,0.58766,0.45081,0.43711
-17.35576,27.08929,3.80521,-0.32186,0.13239,0.93748,0.99698,0.0,0.0,nan,0.0,0.00626,0.02324,15.43949,1.81256,0.23926,0.59352,0.58917,0.51253,0.55171,0.58917
-16.37863,26.79736,4.14073,-0.33724,0.12702,0.93281,0.99667,0.0,0.0,nan,0.0,0.00812,0.03331,13.98513,1.96622,0.22489,0.71612,0.77377,0.42087,0.50859,0.77377
-17.04154,28.99834,-5.08762,-0.35403,0.11521,-0.92811,0.99771,0.0,0.0,nan,0.0,0.00506,0.02918,4.18253,1.81998,0.2356,0.43331,0.65145,0.59212,0.54946,0.65145
-16.86423,29.07755,3.13012,-0.29517,0.23929,0.925,0.99677,0.0,0.0,nan,0.0,0.00792,0.02001,16.45931,1.8972,0.2345,0.58799,0.63033,0.75488,0.52709,0.63033
-16.01558,28.07191,4.00852,-0.30714,0.21612,0.9268,0.99906,0.0,0.0,nan,0.0,0.00524,0.02236,13.34217,1.64778,0.22358,0.63055,0.78181,0.47578,0.60688,0.78181
-17.04795,31.01649,-4.79796,-0.40387,0.21565,-0.88904,0.99626,0.0,0.0,nan,0.0,0.00382,0.04125,7.60196,1.71617,0.23012,0.42098,0.44939,0.2781,0.58269,0.44939
-17.95336,31.87886,-3.94512,-0.54847,0.26453,-0.79322,0.99273,0.0,0.0,nan,0.0,0.00385,0.03027,8.37809,1.90777,0.22832,0.48786,0.47068,0.3233,0.52417,0.47068
-16.96208,31.02616,2.63929,-0.27924,0.24504,0.92843,0.99875,0.0,0.0,nan,0.0,0.00714,0.02148,15.45117,1.88894,0.23371,0.53382,0.50851,0.70334,0.5294,0.50851
-16.77322,32.65574,-4.4693,-0.37405,0.30183,-0.87692,0.99605,0.0,0.0,nan,0.0,0.00312,0.02989,12.49009,1.862,0.22966,0.29456,0.42354,0.41072,0.53706,0.42354
-17.32511,33.42563,-3.84981,-0.45752,0.33042,-0.82553,0.99356,0.0,0.0,nan,0.0,0.00565,0.03414,13.37879,1.83539,0.23388,0.39944,0.62427,0.47632,0.54484,0.62427
-17.34966,33.51239,1.89718,-0.33139,0.37792,0.8645,0.98566,0.0,0.0,nan,0.0,0.01714,0.0577,10.2808,1.71334,0.24053,0.70622,0.5745,0.50249,0.58366,0.5745
-16.73519,32.78881,2.15312,-0.2839,0.31276,0.90641,0.99262,0.0,0.0,nan,0.0,0.0073,0.02586,10.83841,2.0627,0.23345,0.50519,0.49331,0.66212,0.4848,0.49331
-16.05247,34.33802,-4.01227,-0.32156,0.3909,-0.86244,0.99542,0.0,0.0,nan,0.0,0.01111,0.03275,16.63479,2.55169,0.22592,0.49423,0.46402,0.76879,0.3919,0.46402
-17.09035,35.11514,-3.36797,-0.43783,0.52478,-0.73,0.94288,0.00072,0.00361,0.51,1.0,0.00801,0.0362,15.35091,1.76181,0.237,0.54577,0.5978,0.45832,0.5676,0.5978
-17.87223,35.97324,-1.5907,-0.56639,0.78903,-0.23797,0.87435,0.00732,0.03662,0.51,1.0,0.0156,0.0419,6.44452,1.89585,0.24199,0.5741,0.43649,0.8496,0.52747,0.43649
-17.14363,35.24226,1.29596,-0.38378,0.60611,0.69667,0.93655,0.0,0.0,nan,0.0,0.01453,0.05394,9.32442,3.58358,0.24176,0.68785,0.46555,0.47542,0.27905,0.46555
-16.25174,34.17797,2.07184,-0.29729,0.39878,0.86752,0.99044,0.0,0.0,nan,0.0,0.00934,0.03641,8.27623,1.90487,0.22539,0.62359,0.40418,0.51091,0.52497,0.40418
-16.50319,36.22992,-2.47211,-0.38546,0.79178,-0.47382,0.92128,0.01246,0.06228,0.51,1.0,0.00832,0.08787,18.98207,1.87987,0.23478,0.77041,0.87164,0.22235,0.53195,0.87164
-16.95916,36.42955,-0.92402,-0.42418,0.90544,-0.01578,0.91432,0.00719,0.03597,0.51,1.0,0.01376,0.0483,7.01303,1.87443,0.23935,0.68212,0.52918,0.53696,0.5335,0.52918
-16.69594,36.30616,0.44365,-0.37304,0.83991,0.39419,0.90737,0.0,0.0,nan,0.0,0.01348,0.05124,5.1549,1.90053,0.23557,0.52374,0.71944,0.69716,0.52617,0.71944
-14.86181,1.53476,-2.36561,-0.20671,-0.69793,-0.68568,0.93883,0.0,0.0,nan,0.0,0.00688,0.02197,23.69782,2.23662,0.23282,0.64674,0.7235,0.52495,0.4471,0.7235
-15.02702,0.88865,-1.04442,-0.16451,-0.91984,-0.35613,0.91505,0.0,0.0,nan,0.0,0.00508,0.03224,24.97811,1.91305,0.24837,0.52662,0.76507,0.33977,0.52273,0.76507
-15.01478,0.83351,1.04029,-0.2348,-0.91768,0.32053,0.92139,0.0,0.0,nan,0.0,0.01277,0.05224,9.33349,1.64778,0.23505,0.48713,0.50247,0.60907,0.60688,0.50247
-14.80686,1.54216,2.40967,-0.2828,-0.65518,0.70054,0.91225,0.0,0.0,nan,0.0,0.01128,0.04811,14.85202,1.71874,0.23788,0.52514,0.71295,0.5068,0.58182,0.71295
-14.30793,3.77362,-4.16636,-0.25363,-0.50966,-0.82215,0.984,0.0,0.0,nan,0.0,0.00451,0.01642,12.44047,3.26539,0.24251,0.64974,0.38281,0.49115,0.30624,0.38281
-14.90684,3.27037,-2.80189,-0.24801,-0.55029,-0.79729,0.99594,0.0,0.0,nan,0.0,0.00585,0.01532,18.53295,3.50816,0.2365,0.65264,0.45384,0.64849,0.28505,0.45384
-15.00218,2.16323,-1.89834,-0.2211,-0.69779,-0.68132,0.99054,0.0,0.0,nan,0.0,0.00793,0.02438,26.01922,1.72412,0.23396,0.72787,0.54383,0.48152,0.58,0.54383
-15.05274,3.00195,3.02605,-0.27305,-0.35597,0.89372,0.98006,0.0,0.0,nan,0.0,0.0152,0.03907,10.5986,1.76285,0.24081,0.57659,0.60097,0.80189,0.56726,0.60097
-14.90597,5.06712,-4.48799,-0.25768,-0.34146,-0.90388,0.97196,0.0,0.0,nan,0.0,0.00312,0.02226,10.55877,1.93782,0.23351,0.4292,0.66676,0.38892,0.51604,0.66676
-15.48185,4.39331,-3.72904,-0.24769,-0.48085,-0.84109,0.99594,0.0,0.0,nan,0.0,0.00361,0.01439,13.4242,3.09384,0.23872,0.53426,0.40405,0.53896,0.32322,0.40405
-14.98974,4.93431,3.43158,-0.24258,-0.25467,0.93611,0.99408,0.0,0.0,nan,0.0,0.00543,0.03923,8.40842,1.64778,0.23615,0.4846,0.78542,0.3991,0.60688,0.78542
-15.04915,7.03339,-4.64245,-0.2218,-0.07017,-0.97256,0.99459,0.0,0.0,nan,0.0,0.00583,0.03148,6.34375,3.35995,0.24202,0.31977,0.41594,0.76154,0.29762,0.41594
-15.33934,6.60473,3.81726,-0.26179,-0.25485,0.93087,0.99408,0.01718,0.08592,0.6,1.0,0.01771,0.07095,3.63006,1.89114,0.2273,0.40929,0.52858,0.94592,0.52878,0.52858
-14.7022,7.29041,4.17619,-0.24546,-0.24002,0.93922,0.99418,0.0,0.0,nan,0.0,0.00623,0.05748,4.20419,1.64778,0.23428,0.31224,0.76402,0.53666,0.60688,0.76402
-14.93272,8.91695,-4.60256,-0.19991,-0.04999,-0.97854,0.99532,0.0,0.0,nan,0.0,0.01178,0.0495,6.87075,1.84057,0.23567,0.31215,0.38917,0.98404,0.54331,0.38917
-14.9557,9.02596,4.49151,-0.24578,-0.17812,0.95282,0.99854,0.0,0.0,nan,0.0,0.00391,0.03214,8.05968,1.82991,0.22832,0.4973,0.74002,0.30551,0.54647,0.74002
-15.02276,10.94939,-4.78589,-0.17841,-0.17606,-0.96808,0.9893,0.0,0.0,nan,0.0,0.01653,0.07455,5.92387,1.86982,0.23452,0.29657,0.41851,1.0,0.53481,0.41851
-14.9392,10.99355,4.79893,-0.23914,-0.12963,0.96229,0.99906,0.0,0.0,nan,0.0,0.00415,0.01702,12.13241,1.86867,0.23092,0.57574,0.62257,0.49369,0.53514,0.62257
-14.97134,13.12425,-5.39473,-0.17326,-0.20087,-0.96417,0.9893,0.0,0.0,nan,0.0,0.01533,0.07753,5.31602,1.83301,0.23303,0.28268,0.59333,0.96243,0.54555,0.59333
-14.93351,12.97013,4.97263,-0.28897,-0.12971,0.94851,0.99937,0.0,0.0,nan,0.0,0.00733,0.01932,17.06436,3.56408,0.24219,0.54291,0.33707,0.78058,0.28058,0.33707
-14.99964,14.9023,-5.68731,-0.16794,-0.10877,-0.97978,0.98909,0.0,0.0,nan,0.0,0.01779,0.10637,5.42658,2.42668,0.2243,0.24127,0.43828,0.94853,0.41209,0.43828
-14.81997,15.07676,5.13098,-0.35473,-0.14453,0.92373,0.99916,0.0,0.0,nan,0.0,0.00939,0.02614,16.77251,1.88372,0.23703,0.54305,0.34572,0.7405,0.53086,0.34572
-14.01421,15.88494,6.00763,-0.36199,-0.0619,0.93013,0.99397,0.0,0.0,nan,0.0,0.00327,0.01899,13.25839,3.3204,0.24026,0.43757,0.56018,0.45266,0.30117,0.56018
-14.0605,17.91905,-6.00022,-0.16472,-0.05854,-0.9846,0.98784,0.0,0.0,nan,0.0,0.00926,0.05185,6.01587,2.42045,0.23096,0.23795,0.48077,1.0,0.41315,0.48077
-14.95897,17.05451,-5.79474,-0.15948,-0.04431,-0.98621,0.98795,0.0,0.0,nan,0.0,0.01994,0.0929,6.31083,2.40544,0.23277,0.28267,0.2753,1.0,0.41572,0.2753
-15.00526,17.02398,5.56511,-0.34011,0.01897,0.94019,0.99864,0.0,0.0,nan,0.0,0.00383,0.03051,12.7161,2.06454,0.22982,0.45249,0.47185,0.32083,0.48437,0.47185
-14.00388,16.16388,6.0087,-0.36164,-0.03676,0.93159,0.99532,0.0,0.0,nan,0.0,0.00397,0.02363,13.02894,1.76016,0.23801,0.45125,0.53645,0.42951,0.56813,0.53645
-14.20831,19.65807,-6.04923,-0.17345,-0.07334,-0.98211,0.99657,0.0,0.0,nan,0.0,0.00807,0.05018,6.14569,1.77447,0.23022,0.21874,0.71789,0.97456,0.56355,0.71789
-14.9944,19.01237,-5.86224,-0.17098,-0.06766,-0.98295,0.99179,0.0,0.0,nan,0.0,0.01171,0.06299,6.35607,2.42758,0.23125,0.24437,0.67374,1.0,0.41193,0.67374
-14.97853,18.97803,5.24039,-0.29682,0.11419,0.94808,0.99823,0.0,0.0,nan,0.0,0.00741,0.0268,5.37411,1.93326,0.22319,0.4042,0.45,0.93908,0.51726,0.45
-14.59995,21.12871,-6.10213,-0.18635,-0.03137,-0.98198,0.99729,0.00216,0.01082,0.51,1.0,0.01378,0.06688,6.17736,1.85686,0.22769,0.27279,0.39675,1.0,0.53854,0.39675
-15.54884,20.84233,-5.92602,-0.18244,-0.03539,-0.98258,0.99677,0.0,0.0,nan,0.0,0.01586,0.07368,6.41831,1.71198,0.24291,0.28237,0.38079,1.0,0.58412,0.38079
-15.03621,21.02192,5.0679,-0.29111,0.08622,0.9528,0.99864,0.0,0.0,nan,0.0,0.0116,0.0396,4.87509,1.83577,0.22836,0.4131,0.3224,1.0,0.54473,0.3224
-14.61771,22.83491,-6.11526,-0.19047,0.04321,-0.98074,0.99761,0.0,0.0,nan,0.0,0.01273,0.06158,6.9155,1.7614,0.23144,0.26693,0.55285,0.99863,0.56773,0.55285
-15.43462,23.22351,-5.87794,-0.19616,0.05214,-0.97919,0.99698,0.0,0.0,nan,0.0,0.01069,0.05476,7.22285,2.05586,0.22657,0.24953,0.4756,0.99933,0.48641,0.4756
-15.02169,23.00031,4.98818,-0.31386,0.10184,0.94399,0.99844,0.0,0.0,nan,0.0,0.01091,0.06903,6.71434,1.68878,0.23801,0.60986,0.50706,0.33647,0.59214,0.50706
-14.12306,25.17334,-6.00178,-0.19619,0.05902,-0.97879,0.99937,0.0,0.0,nan,0.0,0.01008,0.0363,7.26859,1.7819,0.22945,0.35424,0.46538,0.99973,0.5612,0.46538
-15.1675,24.98525,-5.88922,-0.21162,0.06429,-0.97524,0.99947,0.0,0.0,nan,0.0,0.00905,0.03321,7.55769,1.84665,0.23184,0.34637,0.52755,0.99461,0.54152,0.52755
-15.03462,25.03181,4.69918,-0.31978,0.08596,0.94358,0.99719,0.0,0.0,nan,0.0,0.00462,0.03956,7.66206,1.81256,0.24371,0.5444,0.77071,0.28975,0.55171,0.77071
-14.18698,26.3945,-6.02968,-0.20229,0.08576,-0.97556,0.99875,0.0,0.0,nan,0.0,0.00871,0.02998,6.94853,1.74381,0.2346,0.41133,0.33774,0.90987,0.57346,0.33774
-15.0964,27.02807,-5.73767,-0.21566,0.09315,-0.97202,0.99927,0.0,0.0,nan,0.0,0.00747,0.03076,6.37659,1.75733,0.2205,0.37388,0.38194,0.85292,0.56905,0.38194
-15.00638,26.96942,4.50014,-0.2912,0.15367,0.94424,0.99906,0.0,0.0,nan,0.0,0.01133,0.05814,10.38337,1.66804,0.22879,0.66092,0.74283,0.3516,0.59951,0.74283
-14.99613,28.94255,-5.5193,-0.19884,0.09724,-0.9752,0.99937,0.0,0.0,nan,0.0,0.01087,0.03679,4.55791,1.83283,0.23694,0.50848,0.32292,0.83643,0.5456,0.32292
-15.58126,29.1927,3.92545,-0.31288,0.24454,0.91777,0.99885,0.0,0.0,nan,0.0,0.01016,0.03211,15.22416,1.86764,0.22871,0.65205,0.47329,0.54887,0.53543,0.47329
-14.68689,28.81866,4.1835,-0.28984,0.22909,0.92925,0.99864,0.0,0.0,nan,0.0,0.00723,0.03306,12.77932,1.85857,0.2339,0.54433,0.63257,0.46501,0.53805,0.63257
-14.99629,31.02038,-5.39911,-0.20286,0.18804,-0.96098,0.99761,0.0,0.0,nan,0.0,0.00592,0.04759,9.28115,1.64778,0.23479,0.43265,0.38338,0.34922,0.60688,0.38338
-15.03656,31.06075,3.58847,-0.29185,0.25936,0.92063,0.99646,0.0,0.0,nan,0.0,0.00823,0.03174,15.07404,1.64778,0.23015,0.47795,0.605,0.6148,0.60688,0.605
-14.17378,30.0941,4.01902,-0.26686,0.26117,0.92767,0.99916,0.0,0.0,nan,0.0,0.0096,0.0343,14.91718,1.68721,0.22777,0.4847,0.61186,0.6552,0.59269,0.61186
-14.96842,32.98344,-4.71246,-0.23245,0.3136,-0.92066,0.99979,0.0,0.0,nan,0.0,0.00566,0.02665,14.24172,1.75182,0.22424,0.38221,0.60279,0.6333,0.57083,0.60279
-15.91235,33.75445,-3.93848,-0.30806,0.35288,-0.8835,0.99979,0.0,0.0,nan,0.0,0.00977,0.03177,15.68826,1.86478,0.22986,0.46369,0.63612,0.74774,0.53626,0.63612
-15.00267,32.89758,2.98955,-0.28532,0.30395,0.90896,0.98805,0.0,0.0,nan,0.0,0.00512,0.02768,10.88542,1.64778,0.23206,0.42855,0.58863,0.51067,0.60688,0.58863
-14.68788,34.65595,-4.23632,-0.26718,0.38094,-0.88515,0.99387,0.0,0.0,nan,0.0,0.01421,0.0328,16.50403,1.90465,0.22873,0.54921,0.44732,0.88408,0.52503,0.44732
-15.28146,35.25825,-3.88622,-0.30426,0.4928,-0.81521,0.96967,0.0,0.0,nan,0.0,0.01495,0.03704,18.05605,2.74867,0.23444,0.61496,0.54421,0.729,0.36381,0.54421
-15.1745,35.5711,1.65894,-0.29333,0.60652,0.73898,0.96946,0.0,0.0,nan,0.0,0.00959,0.04353,5.17069,3.41774,0.23193,0.72933,0.53935,0.4188,0.29259,0.53935
-14.68373,34.74679,2.28056,-0.28173,0.43756,0.85391,0.98753,0.0,0.0,nan,0.0,0.01066,0.05577,4.81411,1.82613,0.23699,0.66935,0.52051,0.40409,0.54761,0.52051
-14.06802,36.07569,-4.03148,-0.26159,0.59365,-0.76102,0.91993,0.0,0.0,nan,0.0,0.01142,0.04056,16.42929,1.73631,0.23269,0.63336,0.76635,0.52633,0.57594,0.76635
-14.95204,36.64179,-2.99479,-0.28137,0.80167,-0.5274,0.92751,0.00408,0.0204,0.51,1.0,0.00325,0.05834,22.03945,3.22872,0.24154,0.84028,0.98142,0.27884,0.30972,0.98142
-15.06461,36.94239,-0.98973,-0.26043,0.96536,-0.01612,0.96448,0.00736,0.03681,0.6,1.0,0.00813,0.03596,5.40514,1.84207,0.23534,0.61874,0.62132,0.50062,0.54287,0.62132
-14.8872,36.69335,0.83056,-0.27293,0.85159,0.44756,0.92949,0.0,0.0,nan,0.0,0.00804,0.03357,4.36199,2.22878,0.23257,0.40287,0.41531,0.86662,0.44868,0.41531
-13.0222,1.2285,-2.74891,-0.17055,-0.74527,-0.64458,0.93084,0.0,0.0,nan,0.0,0.00176,0.01845,23.53497,3.41137,0.23974,0.71267,0.92387,0.32689,0.29314,0.92387
-12.87986,0.72482,-0.99208,-0.1027,-0.95125,-0.29083,0.93831,0.0,0.0,nan,0.0,0.00559,0.16003,15.83912,1.69743,0.23803,0.82478,0.98692,0.19706,0.58913,0.98692
-13.03521,0.60404,0.98811,-0.11533,-0.9751,0.18943,0.95243,0.0,0.0,nan,0.0,0.01105,0.05736,9.32805,1.70373,0.24066,0.70899,0.75621,0.33658,0.58695,0.75621
-12.97574,1.18421,2.82281,-0.19854,-0.69749,0.68854,0.87684,0.0,0.0,nan,0.0,0.00724,0.03973,11.13867,1.85043,0.23835,0.48998,0.61846,0.43854,0.54041,0.61846
-13.0228,3.44861,-4.34066,-0.18803,-0.50464,-0.84261,0.97601,0.0,0.0,nan,0.0,0.00341,0.01738,18.45075,3.40032,0.24484,0.65747,0.77243,0.35647,0.29409,0.77243
-13.01276,2.97848,-3.18221,-0.19947,-0.57715,-0.79191,0.99896,0.0,0.0,nan,0.0,0.00685,0.02366,18.80721,3.46035,0.24448,0.70383,0.64679,0.45481,0.28899,0.64679
-13.03715,2.98087,3.28712,-0.1927,-0.31607,0.92896,0.98992,0.0,0.0,nan,0.0,0.01492,0.05818,10.5525,1.86811,0.23527,0.73164,0.81069,0.51754,0.5353,0.81069
-13.05785,5.01846,-4.84122,-0.17778,-0.33502,-0.92529,0.97746,0.0,0.0,nan,0.0,0.00657,0.0321,14.30872,1.87507,0.23551,0.65483,0.59085,0.35609,0.53331,0.59085
-13.17348,4.65986,3.75464,-0.19758,-0.26969,0.94246,0.99677,0.0,0.0,nan,0.0,0.00405,0.03366,6.59692,1.64778,0.21733,0.43144,0.67381,0.36346,0.60688,0.67381
-12.49466,5.49739,4.13305,-0.20637,-0.29546,0.9328,0.99709,0.0,0.0,nan,0.0,0.01686,0.0712,4.00076,1.73146,0.2412,0.47534,0.81917,0.95974,0.57755,0.81917
-12.97292,7.02383,-5.07878,-0.21744,-0.05234,-0.97467,0.99241,0.0,0.0,nan,0.0,0.0139,0.06656,5.32317,1.83766,0.24161,0.48312,0.56844,0.59483,0.54417,0.56844
-13.96223,6.04042,3.98653,-0.22531,-0.27556,0.93451,0.99387,0.0,0.0,nan,0.0,0.01307,0.05222,3.68519,1.87717,0.23372,0.38771,0.50467,0.99581,0.53272,0.50467
-12.92378,7.01009,4.50288,-0.22506,-0.25909,0.93927,0.99698,0.0,0.0,nan,0.0,0.01747,0.06282,3.72542,1.73458,0.24029,0.42746,0.59552,1.0,0.57651,0.59552
-12.90637,8.96204,-5.02293,-0.21199,-0.03003,-0.97681,0.99314,0.0,0.0,nan,0.0,0.01285,0.04624,6.15778,1.86353,0.23715,0.39457,0.54515,0.93324,0.53662,0.54515
-12.98735,8.98716,4.98562,-0.25278,-0.18903,0.94888,0.99812,0.0,0.0,nan,0.0,0.00497,0.04153,7.12095,1.68525,0.23731,0.62322,0.80292,0.29621,0.59338,0.80292
-13.00202,10.96796,-5.28659,-0.21141,-0.17773,-0.9611,0.99356,0.0,0.0,nan,0.0,0.0106,0.04952,7.05268,2.03029,0.23662,0.28031,0.43981,0.97975,0.49254,0.43981
-13.06726,11.03169,5.37139,-0.28907,-0.15204,0.94516,0.99947,0.0,0.0,nan,0.0,0.00308,0.01766,11.38981,1.82278,0.22962,0.57771,0.76758,0.37654,0.54861,0.76758
-12.32626,13.78785,-6.04358,-0.21106,-0.14757,-0.96627,0.9974,0.0,0.0,nan,0.0,0.01429,0.08137,6.23431,1.64778,0.23366,0.23301,0.31514,0.99522,0.60688,0.31514
-13.0661,12.96606,-5.70561,-0.20964,-0.19233,-0.95867,0.99885,0.0,0.0,nan,0.0,0.01092,0.05927,5.90603,1.64778,0.23752,0.26325,0.51642,0.93672,0.60688,0.51642
-13.19205,12.8371,5.64792,-0.32221,-0.18433,0.92855,0.99823,0.0,0.0,nan,0.0,0.00429,0.01926,13.79945,1.73988,0.23293,0.48323,0.48617,0.52771,0.57475,0.48617
-12.36842,13.69212,6.09662,-0.3031,-0.21875,0.92751,0.99761,0.0,0.0,nan,0.0,0.01008,0.05023,11.00609,1.66664,0.23827,0.55221,0.48895,0.4295,0.60001,0.48895
-12.61004,15.07675,-6.1525,-0.19853,-0.07527,-0.9772,0.99605,0.0,0.0,nan,0.0,0.01203,0.07761,5.53008,1.89124,0.23386,0.21311,0.47203,0.99003,0.52875,0.47203
-13.56803,14.80999,-5.93712,-0.18933,-0.09885,-0.97693,0.99179,0.0,0.0,nan,0.0,0.01692,0.09605,5.38012,1.89806,0.22711,0.26089,0.67676,0.92599,0.52685,0.67676
-13.47606,14.63467,5.90106,-0.34992,-0.18523,0.91828,0.99927,0.0,0.0,nan,0.0,0.00706,0.02678,14.44514,1.89686,0.23745,0.54099,0.72646,0.55485,0.52719,0.72646
-12.76243,15.22354,6.27252,-0.32947,-0.13362,0.93466,0.99771,0.0,0.0,nan,0.0,0.01209,0.044,10.53246,1.83429,0.24026,0.57107,0.66392,0.57261,0.54517,0.66392
-12.80564,17.05809,-6.13285,-0.17184,-0.03747,-0.98441,0.99532,0.0,0.0,nan,0.0,0.01132,0.05752,5.97544,1.90054,0.22899,0.26265,0.36948,1.0,0.52617,0.36948
-13.7408,16.75337,-5.96868,-0.16752,-0.04153,-0.98499,0.98826,0.0,0.0,nan,0.0,0.01289,0.06736,5.70469,1.88861,0.22903,0.25836,0.58653,1.0,0.52949,0.58653
-13.79738,17.52277,5.87404,-0.33502,0.0879,0.9381,0.99854,0.0,0.0,nan,0.0,0.00635,0.04052,9.38458,1.88406,0.2334,0.47508,0.60949,0.40037,0.53077,0.60949
-12.94937,16.93699,6.43319,-0.3248,0.06645,0.94344,0.99688,0.0,0.0,nan,0.0,0.0124,0.05771,10.04855,1.84422,0.22343,0.49812,0.47163,0.51732,0.54223,0.47163
-12.97399,19.02147,-6.24418,-0.16297,-0.07822,-0.98352,0.99491,0.0,0.0,nan,0.0,0.0091,0.05261,6.47212,1.86355,0.23139,0.22649,0.47563,1.0,0.53661,0.47563
-13.96503,18.69025,-5.99294,-0.1672,-0.07262,-0.98325,0.99034,0.0,0.0,nan,0.0,0.00738,0.0494,6.10292,1.74642,0.23304,0.19847,0.52167,0.99972,0.5726,0.52167
-13.16556,19.15344,5.71369,-0.29792,0.1418,0.944,0.99833,0.0,0.0,nan,0.0,0.00964,0.03166,5.69123,1.65994,0.2321,0.51408,0.47523,0.80068,0.60243,0.47523
-12.37171,18.59263,6.12011,-0.28916,0.16102,0.94364,0.99979,0.0,0.0,nan,0.0,0.00703,0.03026,7.04411,1.64778,0.23078,0.49288,0.31878,0.60542,0.60688,0.31878
-13.01188,20.98949,-6.46338,-0.16835,-0.04767,-0.98457,0.99677,0.0,0.0,nan,0.0,0.01061,0.06356,6.17245,1.79325,0.23051,0.23839,0.45768,0.92741,0.55765,0.45768
-12.93737,20.99857,5.67943,-0.27772,0.08445,0.95694,0.99833,0.0,0.0,nan,0.0,0.01026,0.04574,5.23462,1.71211,0.24331,0.55398,0.87407,0.92817,0.58407,0.87407
-12.04348,21.10726,6.00764,-0.26339,0.09347,0.96015,0.99823,0.0,0.0,nan,0.0,0.01535,0.05725,6.03267,1.73303,0.2256,0.41017,0.47029,0.87019,0.57702,0.47029
-13.11357,23.05135,-6.40845,-0.17413,0.04324,-0.98377,0.99657,0.0,0.0,nan,0.0,0.007,0.04497,6.38243,1.9094,0.23378,0.21896,0.29549,0.93352,0.52373,0.29549
-12.88509,23.02192,5.51124,-0.27182,0.09723,0.95742,0.99864,0.0,0.0,nan,0.0,0.00493,0.04689,4.79539,1.6952,0.25107,0.44351,0.90403,0.66216,0.5899,0.90403
-13.0989,25.05107,-6.23408,-0.1918,0.04546,-0.98038,0.99833,0.0,0.0,nan,0.0,0.00737,0.02807,6.6013,2.20922,0.23087,0.34185,0.3046,1.0,0.45265,0.3046
-13.98855,24.61587,-5.99985,-0.19016,0.04962,-0.9805,0.99563,0.0,0.0,nan,0.0,0.0101,0.03879,7.35504,1.72645,0.23237,0.33111,0.34356,1.0,0.57922,0.34356
-12.97357,25.06323,5.25591,-0.27074,0.10148,0.95729,0.99968,0.0,0.0,nan,0.0,0.01113,0.04428,4.21367,1.68619,0.23486,0.3705,0.31757,1.0,0.59305,0.31757
-12.90508,26.91121,-6.26473,-0.21705,0.09074,-0.97193,0.99906,0.0,0.0,nan,0.0,0.00482,0.02487,5.27288,3.46035,0.2394,0.4695,0.87729,0.96122,0.28899,0.87729
-13.63463,27.62009,-5.91694,-0.20101,0.10889,-0.97352,0.99854,0.0,0.0,nan,0.0,0.00929,0.03642,5.4081,1.88576,0.23037,0.46626,0.70105,0.74969,0.53029,0.70105
-12.98885,27.00092,5.05735,-0.2646,0.16188,0.95067,0.99968,0.0,0.0,nan,0.0,0.00853,0.04156,5.90225,1.64778,0.23259,0.5333,0.67308,0.5152,0.60688,0.67308
-12.25529,28.42097,-6.04472,-0.21805,0.13947,-0.96592,0.99854,0.0,0.0,nan,0.0,0.00671,0.02607,4.6149,3.31116,0.24331,0.50577,0.76607,0.76959,0.30201,0.76607
-13.11975,28.99844,-5.82923,-0.19468,0.12552,-0.9728,0.99792,0.0,0.0,nan,0.0,0.00769,0.03192,4.51497,1.73768,0.24225,0.42332,0.57034,0.82092,0.57548,0.57034
-13.01019,29.08087,4.58342,-0.25651,0.24921,0.93386,0.99802,0.0,0.0,nan,0.0,0.00445,0.04067,10.87706,1.64778,0.22129,0.66593,0.95658,0.57433,0.60688,0.95658
-13.03465,31.01969,-5.6748,-0.13324,0.19091,-0.97252,0.99864,0.0,0.0,nan,0.0,0.00544,0.04428,8.3474,2.08812,0.21797,0.38013,0.36898,0.40033,0.4789,0.36898
-13.22518,31.2662,3.62048,-0.24709,0.27147,0.93019,0.99677,0.0,0.0,nan,0.0,0.00528,0.02311,12.62498,2.01275,0.2183,0.48975,0.83347,0.73695,0.49683,0.83347
-12.77054,30.7571,4.28958,-0.24722,0.27217,0.92995,0.99698,0.0,0.0,nan,0.0,0.00444,0.02248,12.56969,1.64778,0.21423,0.51486,0.87876,0.75613,0.60688,0.87876
-13.06932,33.03947,-5.14356,-0.15143,0.27447,-0.9496,0.99885,0.0,0.0,nan,0.0,0.00674,0.03221,14.5052,1.8601,0.22856,0.39883,0.50762,0.59671,0.53761,0.50762
-13.06108,32.97208,3.50776,-0.2352,0.31666,0.91892,0.98681,0.0,0.0,nan,0.0,0.00281,0.02248,11.44075,1.87916,0.20966,0.43255,0.84122,0.47893,0.53215,0.84122
-12.12052,32.10059,4.06789,-0.23379,0.2904,0.9279,0.99511,0.0,0.0,nan,0.0,0.00618,0.02963,12.25228,1.64778,0.21355,0.56742,0.85018,0.62936,0.60688,0.85018
-13.0999,35.04993,-4.69385,-0.19389,0.3702,-0.90849,0.98058,0.0,0.0,nan,0.0,0.01065,0.03014,16.55901,3.04281,0.24035,0.5336,0.5703,0.74215,0.32864,0.5703
-13.97043,35.96344,1.97881,-0.25493,0.62218,0.7402,0.95285,0.0,0.0,nan,0.0,0.00964,0.05066,5.12199,3.38416,0.23911,0.6698,0.63879,0.39518,0.29549,0.63879
-13.02357,35.0426,2.62092,-0.22128,0.46205,0.85881,0.98556,0.0,0.0,nan,0.0,0.00371,0.0539,4.1855,1.93755,0.23049,0.7312,0.89015,0.25217,0.51612,0.89015
-12.8872,36.24853,-4.22143,-0.18964,0.60018,-0.77706,0.9244,0.0,0.0,nan,0.0,0.00615,0.03105,18.14198,1.69875,0.22766,0.70109,0.88169,0.54174,0.58867,0.88169
-13.01305,36.94934,-3.04193,-0.20463,0.85552,-0.47562,0.9516,0.0,0.0,nan,0.0,0.00283,0.05829,17.29073,1.89996,0.24111,0.78661,0.96196,0.21438,0.52633,0.96196
-13.00464,37.35542,-1.01821,-0.17951,0.98338,-0.02725,0.98899,0.0,0.0,nan,0.0,0.01021,0.04178,4.79864,1.89343,0.23784,0.64477,0.51008,0.53701,0.52814,0.51008
-13.00636,37.15366,1.09584,-0.21159,0.86504,0.45489,0.92087,0.0,0.0,nan,0.0,0.00732,0.03834,4.58861,3.37336,0.24161,0.3245,0.46861,0.8449,0.29644,0.46861
-12.71815,36.21686,2.17543,-0.20628,0.63759,0.74225,0.95825,0.0,0.0,nan,0.0,0.00823,0.04422,4.87775,2.07819,0.24444,0.61309,0.65811,0.42808,0.48119,0.65811
-11.00878,1.2964,-2.82289,-0.01956,-0.78734,-0.61621,0.94787,0.0,0.0,nan,0.0,0.00691,0.02432,20.42885,1.81056,0.23234,0.48051,0.43617,0.64877,0.55232,0.43617
-10.95952,0.68722,-0.97903,0.00679,-0.97094,-0.23922,0.98504,0.0,0.0,nan,0.0,0.00394,0.03964,23.42287,1.88396,0.22988,0.41766,0.73762,0.25856,0.5308,0.73762
-10.98631,0.5438,1.00258,-0.04306,-0.99355,0.10492,0.96126,0.0,0.0,nan,0.0,0.00388,0.08091,8.57906,2.38052,0.23279,0.62902,0.92814,0.21846,0.42008,0.92814
-10.99374,0.88721,3.16802,-0.11507,-0.74153,0.66098,0.8406,0.0,0.0,nan,0.0,0.00286,0.02974,9.86928,3.23783,0.24214,0.50147,0.9123,0.48036,0.30885,0.9123
-10.93689,3.38684,-4.20693,-0.07445,-0.5345,-0.84188,0.99667,0.0,0.0,nan,0.0,0.00353,0.02089,21.75094,2.0456,0.23812,0.30948,0.58217,0.59629,0.48886,0.58217
-11.05295,2.51739,-3.59871,-0.04196,-0.61706,-0.78579,0.99283,0.0,0.0,nan,0.0,0.00455,0.02124,24.23931,1.82059,0.24318,0.37165,0.73715,0.62368,0.54927,0.73715
-10.97448,2.93382,3.64697,-0.17742,-0.31372,0.93279,0.99106,0.0,0.0,nan,0.0,0.01291,0.08589,8.65833,1.92237,0.23302,0.75637,0.68487,0.24463,0.52019,0.68487
-10.27246,3.85933,4.03808,-0.17534,-0.27237,0.94608,0.99937,0.0,0.0,nan,0.0,0.00478,0.02929,8.56984,1.70618,0.23731,0.50187,0.68735,0.4013,0.5861,0.68735
-10.92472,4.79684,-4.97244,-0.11267,-0.39622,-0.91122,0.99854,0.0,0.0,nan,0.0,0.00304,0.01843,16.42311,1.66117,0.2335,0.41501,0.48592,0.44642,0.60198,0.48592
-11.56776,4.2088,3.87122,-0.18614,-0.27929,0.94199,0.9974,0.0,0.0,nan,0.0,0.00557,0.06708,6.8755,1.81256,0.23549,0.55202,0.87877,0.33054,0.55171,0.87877
-10.9525,5.04161,4.40396,-0.18185,-0.30745,0.93403,0.99615,0.0,0.0,nan,0.0,0.002,0.02415,8.09547,1.87358,0.23883,0.43034,0.65568,0.23972,0.53374,0.65568
-10.9959,7.00864,-5.61299,-0.19391,-0.09473,-0.97643,0.98836,0.0,0.0,nan,0.0,0.00324,0.06392,7.3613,1.64778,0.23554,0.61843,0.93245,0.25027,0.60688,0.93245
-11.04955,6.97602,4.9588,-0.19812,-0.27714,0.94018,0.99553,0.0,0.0,nan,0.0,0.00321,0.03902,6.5215,1.64778,0.23553,0.4274,0.79779,0.29733,0.60688,0.79779
-10.9933,8.97908,-5.51122,-0.19833,-0.03209,-0.97961,0.99875,0.0,0.0,nan,0.0,0.00646,0.03171,6.92259,1.78411,0.23563,0.36629,0.35967,0.71626,0.5605,0.35967
-10.99709,9.0407,5.49004,-0.21456,-0.22284,0.95095,0.99719,0.0,0.0,nan,0.0,0.01975,0.07101,3.54572,1.74083,0.22737,0.44674,0.74988,0.97349,0.57444,0.74988
-10.49228,11.6863,-6.05803,-0.1976,-0.21338,-0.95678,0.99958,0.0,0.0,nan,0.0,0.01688,0.059,8.16964,1.64778,0.23114,0.38289,0.76304,0.97078,0.60688,0.76304
-11.08002,10.87063,-5.62847,-0.19915,-0.17062,-0.965,0.99854,0.00169,0.00843,0.7,1.0,0.00796,0.0319,8.09809,1.90404,0.2218,0.31349,0.5872,0.99263,0.5252,0.5872
-11.22018,10.76277,5.85753,-0.23888,-0.17944,0.95433,0.99781,0.0,0.0,nan,0.0,0.0103,0.082,5.53211,1.86516,0.22934,0.52417,0.3977,0.32632,0.53615,0.3977
-10.421,11.39874,6.11141,-0.18293,-0.14041,0.97305,0.99709,0.0,0.0,nan,0.0,0.00267,0.02606,10.30765,1.67944,0.23276,0.43561,0.39587,0.28035,0.59543,0.39587
-10.94151,13.15362,-6.26173,-0.20117,-0.17892,-0.96308,0.99958,0.0,0.0,nan,0.0,0.01191,0.06578,7.00393,2.07649,0.22632,0.24719,0.64337,0.94157,0.48158,0.64337
-11.62619,12.36477,-5.93163,-0.20809,-0.20759,-0.95583,0.99885,0.0,0.0,nan,0.0,0.01375,0.05971,7.59507,1.81256,0.22493,0.29991,0.443,0.96978,0.55171,0.443
-11.89225,12.24886,5.9603,-0.27959,-0.18243,0.94263,0.99729,0.0,0.0,nan,0.0,0.00471,0.05736,10.8446,2.64217,0.2246,0.59627,0.89708,0.30787,0.37848,0.89708
-10.93609,13.01567,6.28337,-0.1512,-0.17197,0.97343,0.99854,0.0,0.0,nan,0.0,0.00328,0.02397,13.05885,1.85843,0.23439,0.50034,0.57589,0.31503,0.53809,0.57589
-11.0298,15.04428,-6.51888,-0.19288,-0.0623,-0.97924,0.99636,0.0,0.0,nan,0.0,0.01012,0.06698,5.60945,2.7258,0.23208,0.20773,0.24215,0.98651,0.36686,0.24215
-11.00076,14.97828,6.81139,-0.09938,-0.16822,0.98073,0.99314,0.0,0.0,nan,0.0,0.008,0.03593,15.84118,1.64778,0.24202,0.63352,0.53812,0.39593,0.60688,0.53812
-11.00776,17.02069,-6.44429,-0.17318,-0.01559,-0.98477,0.99646,0.0,0.0,nan,0.0,0.01236,0.0536,5.20497,1.89237,0.22924,0.32121,0.54793,0.99353,0.52844,0.54793
-11.06043,17.04686,6.8179,-0.18962,0.05136,0.98051,0.99293,0.0,0.0,nan,0.0,0.01631,0.05857,11.62237,2.02402,0.23238,0.60725,0.69215,0.53763,0.49407,0.69215
-11.09712,19.03592,-6.50536,-0.15142,-0.07254,-0.9858,0.99657,0.0,0.0,nan,0.0,0.00854,0.04528,5.72048,1.6894,0.24055,0.26286,0.3474,0.96836,0.59193,0.3474
-10.97139,19.0171,6.45811,-0.23862,0.16012,0.95782,0.99979,0.0,0.0,nan,0.0,0.0087,0.0341,7.7107,1.81256,0.23448,0.43336,0.38743,0.7415,0.55171,0.38743
-10.97107,20.95894,-6.7512,-0.13913,-0.04498,-0.98925,0.99677,0.0,0.0,nan,0.0,0.01022,0.06551,4.93784,1.77898,0.23317,0.25363,0.40191,0.86457,0.56212,0.40191
-11.88153,21.63065,5.97274,-0.2519,0.09697,0.96288,0.99844,0.0,0.0,nan,0.0,0.0084,0.08642,8.18172,1.64778,0.23741,0.55584,0.8212,0.28172,0.60688,0.8212
-10.92248,20.96654,6.2604,-0.23413,0.11005,0.96596,0.99916,0.0,0.0,nan,0.0,0.00502,0.06243,8.8555,1.88235,0.2338,0.34557,0.59234,0.28501,0.53125,0.59234
-10.91585,23.02113,-6.72144,-0.1619,0.01108,-0.98674,0.99615,0.0,0.0,nan,0.0,0.00838,0.04155,5.30356,1.86629,0.24088,0.29826,0.27437,0.93095,0.53582,0.27437
-11.50092,23.20179,5.8919,-0.23168,0.10314,0.96731,0.99802,0.0,0.0,nan,0.0,0.00215,0.02548,10.78084,2.21566,0.23111,0.57125,0.85041,0.25752,0.45133,0.85041
-10.66173,22.85078,6.16002,-0.21974,0.1077,0.9696,0.99958,0.0,0.0,nan,0.0,0.0036,0.02539,11.68725,2.00246,0.22544,0.47727,0.75159,0.34931,0.49939,0.75159
-10.99775,25.00973,-6.67483,-0.20551,0.00355,-0.97865,0.99885,0.0,0.0,nan,0.0,0.00685,0.02579,5.07769,1.84971,0.23523,0.3728,0.54338,0.99274,0.54063,0.54338
-11.17007,25.05459,5.7861,-0.21544,0.09679,0.97171,0.99968,0.0,0.0,nan,0.0,0.00348,0.02903,11.85759,1.64778,0.21802,0.44853,0.74251,0.31231,0.60688,0.74251
-10.24516,24.76093,6.07106,-0.2089,0.09968,0.97284,0.99968,0.0,0.0,nan,0.0,0.00497,0.02399,13.84368,1.91596,0.21368,0.47041,0.56183,0.50425,0.52193,0.56183
-11.06968,27.04034,-6.72285,-0.22904,0.09091,-0.96916,0.99854,0.0,0.0,nan,0.0,0.00755,0.02804,4.69005,1.7165,0.23633,0.44536,0.30789,0.86286,0.58258,0.30789
-11.00922,26.98364,5.57398,-0.22206,0.15393,0.9628,0.99958,0.0,0.0,nan,0.0,0.00538,0.05253,8.01489,1.69102,0.21658,0.32692,0.35473,0.39121,0.59136,0.35473
-10.95844,28.95881,-6.42791,-0.20033,0.187,-0.96172,0.99833,0.0,0.0,nan,0.0,0.00716,0.02414,4.8308,1.7705,0.23945,0.51702,0.37704,0.81115,0.56481,0.37704
-11.87516,29.79367,-5.97407,-0.17517,0.18014,-0.96792,0.99771,0.0,0.0,nan,0.0,0.0083,0.04123,6.45295,1.64778,0.24418,0.51316,0.68281,0.51383,0.60688,0.68281
-11.08261,29.03768,5.17043,-0.21358,0.25664,0.94261,0.99792,0.0,0.0,nan,0.0,0.01409,0.04431,10.3077,1.66231,0.23289,0.62472,0.53013,0.60759,0.60157,0.53013
-10.49105,30.37659,-6.09987,-0.15955,0.23102,-0.95978,0.99927,0.0,0.0,nan,0.0,0.00364,0.02424,8.39178,1.72518,0.22357,0.37473,0.28756,0.4968,0.57965,0.28756
-11.07604,31.29938,-5.85752,-0.13312,0.23248,-0.96345,0.99875,0.0,0.0,nan,0.0,0.00438,0.03126,9.0463,1.88117,0.23071,0.38119,0.48947,0.44928,0.53158,0.48947
-11.03494,31.03907,4.57874,-0.19488,0.28235,0.93931,0.99615,0.0,0.0,nan,0.0,0.01005,0.03309,14.77949,1.64778,0.227,0.52057,0.58128,0.6623,0.60688,0.58128
-10.93998,32.92777,-5.42941,-0.08101,0.27647,-0.9576,0.99844,0.0,0.0,nan,0.0,0.00733,0.03096,15.07714,1.81256,0.22785,0.46094,0.67662,0.58189,0.55171,0.67662
-11.15192,33.37418,3.77606,-0.20269,0.34916,0.91488,0.99324,0.0,0.0,nan,0.0,0.01069,0.05211,8.72684,2.18666,0.21578,0.62772,0.73684,0.40163,0.45732,0.73684
-10.79643,32.42416,4.18307,-0.18498,0.3064,0.93376,0.99542,0.0,0.0,nan,0.0,0.00787,0.03237,12.16854,1.83005,0.22347,0.58008,0.68686,0.48809,0.54643,0.68686
-11.07843,35.14294,-4.57867,-0.0699,0.37737,-0.92342,0.99231,0.0,0.0,nan,0.0,0.01318,0.03127,14.8383,1.862,0.22327,0.58916,0.32259,0.81149,0.53706,0.32259
-11.00065,34.97334,3.02111,-0.16465,0.4527,0.87633,0.9921,0.0,0.0,nan,0.0,0.0105,0.03679,3.81213,1.82532,0.23742,0.58353,0.56982,0.74596,0.54785,0.56982
-10.99305,36.44688,-4.42102,-0.084,0.60647,-0.79065,0.92512,0.0,0.0,nan,0.0,0.0069,0.03016,15.23528,1.72992,0.23509,0.62178,0.78187,0.46377,0.57806,0.78187
-11.03996,37.30666,-3.07631,-0.11012,0.88172,-0.45874,0.94963,0.0,0.0,nan,0.0,0.00689,0.12351,16.23424,1.77546,0.24328,0.79361,0.95362,0.22651,0.56324,0.95362
-11.05968,37.6988,-0.99821,-0.12126,0.99203,-0.03428,0.98826,0.0,0.0,nan,0.0,0.01587,0.06165,4.45253,1.6604,0.24174,0.56372,0.64639,0.66165,0.60227,0.64639
-10.99988,37.53589,1.05157,-0.12991,0.91595,0.37967,0.93561,0.0,0.0,nan,0.0,0.00794,0.03434,4.61768,3.01739,0.24013,0.38956,0.49537,0.85086,0.33141,0.49537
-10.90495,36.41924,2.31767,-0.15126,0.66051,0.73543,0.96957,0.0,0.0,nan,0.0,0.00743,0.04839,4.95856,3.34702,0.23135,0.65409,0.70697,0.32956,0.29877,0.70697
-9.11467,1.52964,-2.65494,-0.02853,-0.79844,-0.6014,0.98182,0.0,0.0,nan,0.0,0.01224,0.03587,24.19623,1.74423,0.23802,0.45071,0.54861,0.81982,0.57332,0.54861
-9.01864,0.50425,-1.28663,-0.03109,-0.95424,-0.29741,0.96168,0.0,0.0,nan,0.0,0.00623,0.03787,26.99604,1.73743,0.23024,0.39776,0.55001,0.44433,0.57556,0.55001
-8.98321,0.63747,1.024,-0.01975,-0.99812,0.05795,0.98681,0.0,0.0,nan,0.0,0.00795,0.16687,13.76952,1.87142,0.22721,0.75777,0.95796,0.2153,0.53435,0.95796
-8.98934,0.86232,3.29106,-0.04422,-0.79022,0.61123,0.86396,0.0,0.0,nan,0.0,0.00646,0.03909,10.50329,1.82574,0.24961,0.65916,0.86467,0.47162,0.54772,0.86467
-8.98188,3.2015,-4.2864,-0.08521,-0.6005,-0.79507,0.99584,0.0,0.0,nan,0.0,0.00533,0.02496,25.84064,1.73327,0.23471,0.32815,0.43714,0.70081,0.57694,0.43714
-8.95971,2.43675,-3.54168,-0.05973,-0.66483,-0.7446,0.99937,0.0,0.0,nan,0.0,0.00931,0.02423,26.83839,1.81256,0.23446,0.43292,0.39034,0.95391,0.55171,0.39034
-9.42634,2.57452,3.88652,-0.14114,-0.37988,0.91421,0.97871,0.0,0.0,nan,0.0,0.00756,0.0625,13.38695,1.81256,0.24091,0.8334,0.87508,0.27798,0.55171,0.87508
-8.7999,3.29354,4.13472,-0.14052,-0.28765,0.94737,0.99885,0.0,0.0,nan,0.0,0.00895,0.03985,10.75705,2.57909,0.23826,0.65237,0.687,0.40843,0.38773,0.687
-9.07997,4.62932,-5.31801,-0.1177,-0.43328,-0.89354,0.99314,0.0,0.0,nan,0.0,0.00408,0.0242,19.35951,1.8702,0.24396,0.46412,0.49267,0.4009,0.5347,0.49267
-8.95685,5.00266,4.5572,-0.14185,-0.30659,0.94121,0.99979,0.0,0.0,nan,0.0,0.00496,0.02476,12.06515,1.64778,0.23588,0.45981,0.64886,0.5081,0.60688,0.64886
-8.14639,7.65568,-6.03252,-0.12859,-0.04357,-0.99074,0.99875,0.0,0.0,nan,0.0,0.0063,0.03658,5.04058,1.93235,0.22719,0.73809,0.76687,0.34463,0.5175,0.76687
-9.01332,6.9712,-5.92658,-0.12982,-0.11074,-0.98533,0.99221,0.0,0.0,nan,0.0,0.00563,0.10227,7.31827,1.64778,0.23316,0.8131,0.95352,0.24711,0.60688,0.95352
-8.99313,6.96792,5.3861,-0.13691,-0.27902,0.95047,0.99937,0.0,0.0,nan,0.0,0.00761,0.03307,13.55886,1.71328,0.23955,0.44618,0.63314,0.59206,0.58367,0.63314
-8.03377,8.26712,-6.00215,-0.13812,-0.03275,-0.98987,0.99979,0.0,0.0,nan,0.0,0.00367,0.02608,6.31379,1.98219,0.22952,0.63167,0.84343,0.41861,0.50449,0.84343
-9.01445,9.04018,-5.72208,-0.15323,-0.04315,-0.98725,0.99844,0.0,0.0,nan,0.0,0.00795,0.0292,8.02847,1.64778,0.24703,0.54781,0.725,0.62056,0.60688,0.725
-9.10844,8.73633,5.82411,-0.15297,-0.24926,0.95628,0.99854,0.0,0.0,nan,0.0,0.00438,0.03666,11.05359,1.88965,0.22389,0.49814,0.77895,0.31245,0.5292,0.77895
-8.66249,9.62372,6.1522,-0.15871,-0.23564,0.95879,0.99947,0.0,0.0,nan,0.0,0.0053,0.03993,10.72155,1.81256,0.23461,0.61268,0.80861,0.31642,0.55171,0.80861
-8.82197,11.20198,-6.25329,-0.16839,-0.21632,-0.96169,0.99937,0.0,0.0,nan,0.0,0.02111,0.05583,8.67086,1.78358,0.24194,0.4958,0.56186,0.93864,0.56067,0.56186
-9.41052,10.40069,-5.95077,-0.16923,-0.15062,-0.974,0.99947,0.0,0.0,nan,0.0,0.0091,0.03186,8.56612,1.64778,0.23823,0.4068,0.56654,0.86612,0.60688,0.56654
-9.8312,10.09982,5.98448,-0.1842,-0.20427,0.96143,0.99833,0.0,0.0,nan,0.0,0.0117,0.09831,8.29392,1.64778,0.22511,0.58212,0.77637,0.27717,0.60688,0.77637
-8.98385,10.99743,6.3628,-0.14082,-0.11479,0.98336,0.99335,0.0,0.0,nan,0.0,0.01079,0.05357,14.6069,2.06869,0.22559,0.73164,0.7981,0.37012,0.4834,0.7981
-8.96325,12.94825,-6.58563,-0.17178,-0.17577,-0.96933,0.99958,0.0,0.0,nan,0.0,0.00635,0.0506,7.14348,1.86235,0.22303,0.23107,0.57946,0.69522,0.53696,0.57946
-8.91303,13.59585,5.82613,-0.03001,-0.10403,0.99412,0.95867,0.0,0.0,nan,0.0,0.00329,0.01287,17.45875,1.81256,0.23304,0.38997,0.3508,0.72955,0.55171,0.3508
-8.97185,12.96207,6.30732,-0.05376,-0.08593,0.99485,0.99781,0.0,0.0,nan,0.0,0.00287,0.01182,16.25485,1.81256,0.23129,0.42118,0.39767,0.64839,0.55171,0.39767
-9.0357,15.04992,-6.83853,-0.1607,-0.04664,-0.9859,0.99864,0.0,0.0,nan,0.0,0.00711,0.05661,5.01217,1.92164,0.22938,0.21797,0.42102,0.80614,0.52039,0.42102
-8.96237,15.0365,6.57605,-0.04488,-0.18739,0.98126,0.99802,0.0,0.0,nan,0.0,0.00577,0.01843,18.02388,1.67502,0.2352,0.42147,0.47529,0.82477,0.59701,0.47529
-9.02595,16.97131,-6.77378,-0.14851,0.00494,-0.9889,0.99875,0.0,0.0,nan,0.0,0.00928,0.05897,4.61685,1.72902,0.23081,0.26999,0.54525,0.83516,0.57836,0.54525
-8.94046,16.89407,7.1921,-0.09204,-0.0755,0.99289,0.99231,0.0,0.0,nan,0.0,0.00654,0.02582,16.90295,1.81256,0.23407,0.58479,0.4412,0.4842,0.55171,0.4412
-8.98423,18.98679,-6.83187,-0.1329,-0.05004,-0.98986,0.99958,0.0,0.0,nan,0.0,0.01175,0.05032,4.22263,1.87588,0.23533,0.34418,0.34998,1.0,0.53308,0.34998
-9.02722,19.05782,6.9027,-0.19047,0.12981,0.97307,0.99916,0.0,0.0,nan,0.0,0.00909,0.04966,8.35469,1.79951,0.23626,0.46082,0.7574,0.50399,0.55571,0.7574
-9.01995,21.02442,-7.01411,-0.12417,-0.04621,-0.99118,0.99968,0.0,0.0,nan,0.0,0.00841,0.0525,4.06422,1.86766,0.24042,0.23901,0.44701,1.0,0.53543,0.44701
-8.97791,21.00418,6.68698,-0.18946,0.1327,0.97288,0.99916,0.0,0.0,nan,0.0,0.00401,0.03302,10.66731,1.81256,0.23018,0.43323,0.38897,0.33276,0.55171,0.38897
-9.01895,23.00294,-6.98728,-0.14776,-0.02479,-0.98871,0.99937,0.0,0.0,nan,0.0,0.00577,0.03423,3.99313,1.80681,0.23993,0.25316,0.38894,1.0,0.55346,0.38894
-9.55168,23.58656,5.76788,-0.1877,0.10801,0.97627,0.99594,0.0,0.0,nan,0.0,0.00599,0.02855,15.38198,1.70251,0.21802,0.40402,0.55553,0.58627,0.58737,0.55553
-8.94653,23.01402,6.48149,-0.1713,0.11403,0.9786,0.99979,0.0,0.0,nan,0.0,0.00627,0.02513,17.50519,1.81256,0.2058,0.4478,0.32323,0.62082,0.55171,0.32323
-8.9955,24.98605,-7.16936,-0.16772,-0.01914,-0.98565,0.99885,0.0,0.0,nan,0.0,0.00827,0.03556,4.33041,1.8786,0.24194,0.39123,0.54602,0.86887,0.53231,0.54602
-9.08557,25.5257,5.91802,-0.19918,0.09331,0.97551,0.99916,0.0,0.0,nan,0.0,0.007,0.03212,14.21412,1.91839,0.21386,0.43089,0.51105,0.57656,0.52127,0.51105
-8.97714,24.95579,6.24141,-0.18857,0.08798,0.97811,0.99968,0.0,0.0,nan,0.0,0.00968,0.03397,15.6871,1.81256,0.21764,0.46348,0.36767,0.69353,0.55171,0.36767
-8.96612,27.02447,-7.12016,-0.14502,0.09957,-0.98441,0.99833,0.0,0.0,nan,0.0,0.01157,0.03895,4.70029,1.90062,0.23277,0.55003,0.29899,0.7697,0.52614,0.29899
-9.44682,27.20304,5.93266,-0.20253,0.16645,0.96503,0.99958,0.0,0.0,nan,0.0,0.00577,0.0411,10.33616,2.01371,0.21408,0.44491,0.46144,0.37679,0.4966,0.46144
-8.60886,26.8092,6.1226,-0.17897,0.14476,0.97315,0.99927,0.0,0.0,nan,0.0,0.00743,0.04397,12.24909,1.72252,0.21231,0.35538,0.5204,0.55294,0.58054,0.5204
-9.02038,29.05178,-6.68691,-0.14193,0.21585,-0.96606,0.99781,0.0,0.0,nan,0.0,0.00628,0.01806,5.29452,1.94268,0.22994,0.56546,0.40037,0.84694,0.51475,0.40037
-9.05121,29.08651,5.55749,-0.16846,0.2962,0.94015,0.99844,0.0,0.0,nan,0.0,0.00779,0.05231,17.6276,2.19414,0.22703,0.63789,0.77825,0.28568,0.45576,0.77825
-8.08587,28.07854,6.00911,-0.1689,0.22523,0.95955,0.99823,0.0,0.0,nan,0.0,0.01033,0.04527,12.9362,1.81256,0.22527,0.5171,0.29152,0.50933,0.55171,0.29152
-8.83166,30.84418,-6.21048,-0.12081,0.28309,-0.95146,0.99854,0.0,0.0,nan,0.0,0.0032,0.024,9.02786,1.80914,0.23082,0.42597,0.47488,0.38247,0.55275,0.47488
-9.47949,31.69298,-5.9057,-0.10259,0.30501,-0.94681,0.99823,0.0,0.0,nan,0.0,0.00555,0.03394,13.81986,1.69187,0.22769,0.38099,0.33609,0.49112,0.59106,0.33609
-9.08788,30.86412,4.66237,-0.13817,0.30063,0.94368,0.99844,0.0,0.0,nan,0.0,0.00429,0.03911,24.47021,1.85069,0.22019,0.72489,0.87872,0.2782,0.54034,0.87872
-8.40181,32.24567,-6.10675,-0.07698,0.35815,-0.93048,0.99875,0.0,0.0,nan,0.0,0.00639,0.03467,15.62434,1.64778,0.2329,0.43124,0.32824,0.48185,0.60688,0.32824
-8.99004,33.17614,-5.54898,-0.0507,0.32333,-0.94493,0.99968,0.0,0.0,nan,0.0,0.00783,0.02619,16.8371,2.03084,0.23099,0.4764,0.40048,0.7023,0.49241,0.40048
-9.46495,33.77783,3.91683,-0.15803,0.37297,0.91429,0.99387,0.0,0.0,nan,0.0,0.00387,0.08789,6.91733,1.82369,0.23317,0.57365,0.93463,0.24176,0.54834,0.93463
-8.96842,32.90193,4.3507,-0.14026,0.30785,0.94104,0.99387,0.0,0.0,nan,0.0,0.00844,0.06377,21.19884,1.81256,0.22562,0.74964,0.81318,0.2423,0.55171,0.81318
-9.01192,34.99159,-4.83546,-0.0218,0.33722,-0.94117,0.99875,0.0,0.0,nan,0.0,0.00733,0.02283,17.6361,1.64778,0.2373,0.43836,0.40929,0.81521,0.60688,0.40929
-9.04113,34.98508,3.38491,-0.14924,0.4556,0.87759,0.99262,0.0,0.0,nan,0.0,0.00614,0.04348,3.63308,1.73568,0.24599,0.57409,0.81975,0.49083,0.57614,0.81975
-8.21865,34.02195,4.02388,-0.14504,0.39223,0.90836,0.99729,0.0,0.0,nan,0.0,0.00463,0.14509,4.83618,2.33647,0.23474,0.81387,0.98048,0.21135,0.428,0.98048
-9.00733,36.45718,-4.34458,-0.03595,0.57933,-0.8143,0.94714,0.0,0.0,nan,0.0,0.00386,0.02586,16.27604,1.64778,0.24113,0.39252,0.64315,0.42703,0.60688,0.64315
-9.00878,37.53573,-3.1118,-0.04022,0.89317,-0.44791,0.94444,0.0,0.0,nan,0.0,0.00517,0.09925,8.65733,1.68988,0.24054,0.47817,0.89461,0.24954,0.59176,0.89461
-9.00689,37.77935,-1.02759,-0.0503,0.99767,-0.04601,0.99636,0.0,0.0,nan,0.0,0.01131,0.08108,5.44681,1.75417,0.24164,0.66439,0.91836,0.62239,0.57007,0.91836
-8.988,37.68039,1.05545,-0.08243,0.93576,0.34286,0.95565,0.0,0.0,nan,0.0,0.00956,0.03821,5.14275,1.89848,0.24016,0.47276,0.40152,0.73481,0.52674,0.40152
-8.91191,36.63903,2.54178,-0.12415,0.67953,0.72307,0.96323,0.0,0.0,nan,0.0,0.00758,0.04598,4.60592,3.46035,0.2436,0.58562,0.65902,0.4036,0.28899,0.65902
-6.92859,1.39819,-2.67012,-0.06454,-0.81019,-0.5826,0.99397,0.0,0.0,nan,0.0,0.00849,0.02498,23.58396,1.81256,0.23001,0.43512,0.5539,0.84751,0.55171,0.5539
-7.01375,0.37303,-1.11293,-0.08311,-0.95878,-0.27172,0.95752,0.0,0.0,nan,0.0,0.00393,0.03898,27.35202,1.89794,0.22862,0.42638,0.89034,0.46099,0.52689,0.89034
-7.00528,0.58479,1.06736,-0.04944,-0.99413,0.09623,0.99626,0.0,0.0,nan,0.0,0.0114,0.04647,8.8518,1.79778,0.24298,0.5387,0.50034,0.55826,0.55624,0.50034
-7.01961,0.89466,3.22319,-0.02192,-0.82929,0.55839,0.91329,0.0,0.0,nan,0.0,0.00766,0.03819,8.31499,2.05848,0.22635,0.5404,0.58001,0.46061,0.4858,0.58001
-6.81691,1.87882,4.08308,-0.06057,-0.55838,0.82737,0.94195,0.0,0.0,nan,0.0,0.01173,0.04488,8.65324,2.06216,0.23466,0.66796,0.59524,0.48166,0.48493,0.59524
-7.04209,3.10843,-4.69704,-0.07922,-0.62007,-0.78054,0.98566,0.0,0.0,nan,0.0,0.00618,0.0222,19.29,3.05303,0.24185,0.40905,0.57918,0.75129,0.32754,0.57918
-7.11057,2.32585,-3.65582,-0.06619,-0.7099,-0.70118,0.9975,0.0,0.0,nan,0.0,0.00869,0.02421,23.6362,1.64778,0.24257,0.42501,0.32922,0.91588,0.60688,0.32922
-6.99581,2.99356,4.35375,-0.09906,-0.34238,0.93432,0.99117,0.0,0.0,nan,0.0,0.00857,0.03554,12.49344,3.24475,0.22585,0.61231,0.64933,0.45687,0.30819,0.64933
-7.02153,4.83026,-5.54302,-0.09109,-0.42157,-0.90221,0.99615,0.0,0.0,nan,0.0,0.00343,0.02228,12.77894,1.81256,0.23301,0.38786,0.52418,0.45915,0.55171,0.52418
-6.97989,5.01469,4.96742,-0.13476,-0.29467,0.94605,0.99968,0.0,0.0,nan,0.0,0.01019,0.02771,17.08197,1.85692,0.23051,0.51529,0.45319,0.79737,0.53852,0.45319
-6.97038,7.18394,-6.1715,-0.12729,-0.10269,-0.98653,0.99844,0.0,0.0,nan,0.0,0.01028,0.0541,5.2218,1.64778,0.24388,0.63722,0.59732,0.41231,0.60688,0.59732
-7.40805,6.28997,-5.93,-0.10772,-0.23007,-0.96719,0.99356,0.0,0.0,nan,0.0,0.00923,0.05052,9.63659,1.81256,0.24695,0.74654,0.71203,0.2957,0.55171,0.71203
-6.99419,6.99459,5.54602,-0.13669,-0.30539,0.94237,0.99885,0.0,0.0,nan,0.0,0.01158,0.0285,18.5288,1.68154,0.23141,0.48914,0.46127,0.92012,0.59469,0.46127
-6.81183,8.93716,-6.12655,-0.16994,-0.06742,-0.98315,0.99916,0.00011,0.00056,0.6,1.0,0.01001,0.04038,8.97203,1.74465,0.24482,0.5084,0.66735,0.59604,0.57318,0.66735
-7.63668,9.17911,-5.91412,-0.15531,-0.06683,-0.9856,0.99771,0.0,0.0,nan,0.0,0.01019,0.03162,8.27643,1.81256,0.23629,0.56894,0.70169,0.70299,0.55171,0.70169
-7.13913,8.33798,5.76499,-0.14143,-0.27526,0.95091,0.99906,0.0,0.0,nan,0.0,0.01035,0.03288,15.10149,1.65063,0.23687,0.52294,0.65567,0.68147,0.60583,0.65567
-6.8031,9.17692,6.25611,-0.14771,-0.24366,0.95855,0.99667,0.0,0.0,nan,0.0,0.01432,0.04508,15.6039,1.84677,0.24214,0.59948,0.45962,0.59797,0.54148,0.45962
-7.04689,10.96541,-6.42162,-0.17399,-0.20776,-0.96258,0.99927,0.0,0.0,nan,0.0,0.01657,0.04222,9.93927,1.64778,0.23268,0.50964,0.33886,0.92522,0.60688,0.33886
-6.95807,11.07749,6.71019,-0.10046,-0.04991,0.99369,0.99636,0.0,0.0,nan,0.0,0.00409,0.02028,15.99743,2.20903,0.23,0.51789,0.3617,0.43798,0.45269,0.3617
-7.03192,12.98882,-6.97691,-0.17052,-0.16091,-0.97213,0.99854,0.0,0.0,nan,0.0,0.00498,0.03555,5.8694,1.69029,0.23266,0.31927,0.66069,0.58815,0.59161,0.66069
-6.31372,12.75419,5.77855,-0.09432,-0.00994,0.99549,0.92388,0.0,0.0,nan,0.0,0.00454,0.01191,18.14199,1.99119,0.23015,0.47351,0.41922,0.89337,0.50221,0.41922
-7.09298,12.98625,6.55589,-0.07255,-0.03462,0.99676,0.99854,0.0,0.0,nan,0.0,0.00524,0.01411,19.78827,1.64778,0.23271,0.45715,0.35199,0.89508,0.60688,0.35199
-7.06372,14.96576,-7.12699,-0.13771,-0.03492,-0.98986,0.99823,0.00271,0.01357,0.51,1.0,0.01091,0.05881,3.6805,1.89952,0.22699,0.34618,0.50629,0.82731,0.52645,0.50629
-7.111,15.05248,6.73029,-0.03847,-0.20679,0.97763,0.99761,0.0,0.0,nan,0.0,0.00585,0.01515,24.26052,1.64778,0.23207,0.43779,0.34698,0.9558,0.60688,0.34698
-7.00433,17.02952,-7.06759,-0.12617,0.0165,-0.99187,0.99854,0.0,0.0,nan,0.0,0.01537,0.07244,3.48633,1.93689,0.22738,0.33465,0.32658,0.99794,0.51629,0.32658
-6.88267,16.87612,7.55334,-0.06425,-0.14826,0.98686,0.98712,0.0,0.0,nan,0.0,0.00486,0.01665,20.55675,1.74031,0.23701,0.50186,0.44096,0.63848,0.57461,0.44096
-6.95615,18.9898,-7.04811,-0.11327,-0.03635,-0.9929,0.99947,0.0,0.0,nan,0.0,0.00965,0.05198,3.63173,1.73656,0.22521,0.28788,0.4259,1.0,0.57585,0.4259
-7.00811,19.06732,7.19604,-0.13128,0.05615,0.98975,0.99761,0.0,0.0,nan,0.0,0.00216,0.02455,14.52778,1.81256,0.23894,0.75275,0.89507,0.24867,0.55171,0.89507
-6.96951,21.01211,-7.19398,-0.10446,-0.05282,-0.99313,0.99958,0.0,0.0,nan,0.0,0.01482,0.05909,3.52413,1.91423,0.22861,0.39315,0.73631,0.99987,0.5224,0.73631
-7.01669,20.99678,7.09177,-0.18363,0.12477,0.97505,0.99968,0.0,0.0,nan,0.0,0.00235,0.02975,12.26151,1.83183,0.20814,0.50371,0.80726,0.22361,0.5459,0.80726
-6.98353,22.99077,-7.28974,-0.10673,-0.03961,-0.9935,0.99937,0.0,0.0,nan,0.0,0.00574,0.0312,3.55147,1.87539,0.22791,0.28752,0.47533,1.0,0.53322,0.47533
-7.0685,23.22222,6.52105,-0.18339,0.12851,0.9746,0.99947,0.0,0.0,nan,0.0,0.00692,0.02633,18.37222,1.71514,0.20887,0.59783,0.8255,0.64267,0.58304,0.8255
-6.99962,25.04437,-7.40215,-0.10483,-0.01714,-0.99434,0.99947,0.0,0.0,nan,0.0,0.01144,0.04177,3.99172,1.8332,0.23837,0.41504,0.49843,0.99043,0.54549,0.49843
-6.95996,25.01378,6.47351,-0.1486,0.08959,0.98483,0.99916,0.0,0.0,nan,0.0,0.01361,0.02888,20.5586,2.06666,0.20954,0.56895,0.66815,0.9092,0.48387,0.66815
-7.02393,26.99193,-7.32908,-0.10516,0.11961,-0.98724,0.99885,0.0,0.0,nan,0.0,0.01011,0.04606,4.67015,1.89356,0.23521,0.63134,0.73162,0.49643,0.52811,0.73162
-6.96464,26.98068,6.41586,-0.14854,0.14864,0.97767,0.99958,0.0,0.0,nan,0.0,0.00822,0.03161,12.86011,1.86179,0.2119,0.4684,0.62104,0.64117,0.53712,0.62104
-7.03255,28.99592,-6.79677,-0.10516,0.21374,-0.97121,0.99906,0.0,0.0,nan,0.0,0.00434,0.01519,5.27365,1.77646,0.2321,0.46361,0.30616,0.84937,0.56292,0.30616
-7.12225,29.42483,5.85346,-0.14231,0.32226,0.93589,0.99854,0.0,0.0,nan,0.0,0.00324,0.0473,24.9216,1.73061,0.23068,0.73203,0.93773,0.25293,0.57783,0.93773
-6.8263,28.4951,6.17342,-0.13732,0.27403,0.95187,0.99771,0.0,0.0,nan,0.0,0.00505,0.02893,11.11152,1.90324,0.22709,0.46894,0.29608,0.43937,0.52542,0.29608
-7.04056,31.03716,-6.54703,-0.09763,0.30551,-0.94717,0.99937,0.0,0.0,nan,0.0,0.00677,0.02912,8.22039,1.69122,0.23451,0.44879,0.4456,0.64428,0.59129,0.4456
-7.05134,30.83876,5.03351,-0.11559,0.32358,0.93912,0.99864,0.0,0.0,nan,0.0,0.0069,0.03871,25.62593,1.72699,0.22995,0.73447,0.8311,0.3532,0.57904,0.8311
-6.9498,32.10289,-6.01783,-0.08733,0.37399,-0.92331,0.99968,0.0,0.0,nan,0.0,0.00777,0.04162,12.41743,1.64778,0.23487,0.50888,0.59284,0.42607,0.60688,0.59284
-7.04582,33.13277,-5.46175,-0.07465,0.34865,-0.93428,0.99968,0.0,0.0,nan,0.0,0.00705,0.02709,16.46359,1.64778,0.23567,0.47967,0.42675,0.60803,0.60688,0.42675
-7.01048,32.9731,4.6083,-0.10662,0.29655,0.94905,0.99677,0.0,0.0,nan,0.0,0.00537,0.04504,24.08908,1.64778,0.22809,0.74802,0.85548,0.2607,0.60688,0.85548
-6.98207,35.03218,-5.08316,-0.07089,0.33876,-0.9382,0.99231,0.0,0.0,nan,0.0,0.009,0.03163,16.95501,2.01383,0.22777,0.47201,0.30494,0.67411,0.49657,0.30494
-7.04707,35.23423,3.58563,-0.11725,0.47948,0.86968,0.99511,0.0,0.0,nan,0.0,0.01099,0.05454,3.89014,1.70626,0.23705,0.48965,0.81057,0.77264,0.58608,0.81057
-6.76014,34.25394,4.10875,-0.1032,0.39646,0.91223,0.99574,0.0,0.0,nan,0.0,0.00225,0.04111,7.59208,1.73321,0.2418,0.52179,0.88879,0.23884,0.57696,0.88879
-6.94964,36.51107,-4.48901,-0.0553,0.58433,-0.80963,0.94049,0.0,0.0,nan,0.0,0.00474,0.02604,12.63054,1.86013,0.23867,0.42227,0.51556,0.49885,0.5376,0.51556
-6.99955,37.47577,-3.12467,-0.01085,0.88962,-0.45657,0.96355,0.0,0.0,nan,0.0,0.01023,0.1119,8.81042,2.04043,0.23438,0.54332,0.84042,0.29039,0.49009,0.84042
-7.05557,37.87195,-0.99095,-0.01367,0.998,-0.06177,0.99626,0.0,0.0,nan,0.0,0.01265,0.05087,5.15685,1.81256,0.23875,0.37186,0.49204,0.92813,0.55171,0.49204
-6.92404,37.8455,1.02542,-0.03836,0.95751,0.28585,0.95898,0.0,0.0,nan,0.0,0.00939,0.03061,6.05965,1.64778,0.24399,0.44073,0.5324,0.92599,0.60688,0.5324
-7.0092,36.7552,2.69582,-0.0744,0.71768,0.69239,0.96292,0.0,0.0,nan,0.0,0.01075,0.05171,6.03492,1.91028,0.23114,0.59804,0.52186,0.46303,0.52348,0.52186
-4.18834,1.97112,-4.02487,-0.05253,-0.67957,-0.73173,0.992,0.0,0.0,nan,0.0,0.0079,0.02158,23.38706,1.88874,0.2292,0.4348,0.35085,0.91345,0.52945,0.35085
-4.89212,1.32309,-2.69678,-0.08638,-0.78626,-0.61183,0.99459,0.0,0.0,nan,0.0,0.00809,0.02185,24.12263,1.81256,0.23181,0.50193,0.52084,0.79896,0.55171,0.52084
-5.04057,0.349,-1.03034,-0.11172,-0.95938,-0.25907,0.97943,0.0,0.0,nan,0.0,0.00398,0.03382,19.91954,1.94552,0.22994,0.50563,0.83061,0.34491,0.514,0.83061
-5.02377,0.28907,1.02002,-0.09333,-0.98937,0.11156,0.99013,0.0,0.0,nan,0.0,0.01099,0.04328,9.37649,2.7418,0.23134,0.36601,0.46082,0.84146,0.36472,0.46082
-5.00778,0.8816,3.11914,-0.0468,-0.82933,0.55679,0.96199,0.0,0.0,nan,0.0,0.00977,0.05735,7.9249,1.77363,0.24546,0.45002,0.55276,0.47396,0.56382,0.55276
-4.96361,1.90714,4.08753,-0.05597,-0.58493,0.80915,0.96801,0.01531,0.07655,0.51,1.0,0.00535,0.05744,7.63337,3.18653,0.24196,0.6103,0.89412,0.35753,0.31382,0.89412
-4.9981,3.07527,-4.71451,-0.05048,-0.63691,-0.76928,0.99428,0.0,0.0,nan,0.0,0.00549,0.01899,18.02536,1.87089,0.23844,0.4311,0.5394,0.74428,0.53451,0.5394
-5.26318,2.49182,-3.52703,-0.06578,-0.70329,-0.70785,0.99771,0.0,0.0,nan,0.0,0.0049,0.01618,22.08696,1.64778,0.23111,0.35391,0.3383,0.93294,0.60688,0.3383
-4.98595,2.99373,4.66047,-0.10414,-0.39018,0.91483,0.99511,0.0,0.0,nan,0.0,0.00656,0.04085,12.96204,1.97031,0.21961,0.52844,0.46742,0.35074,0.50753,0.46742
-4.57461,5.75326,-6.07874,-0.09676,-0.32767,-0.93983,0.99698,0.0,0.0,nan,0.0,0.00381,0.05539,8.21626,1.64778,0.23669,0.59679,0.90194,0.27874,0.60688,0.90194
-5.1211,4.75158,-5.64028,-0.0765,-0.44983,-0.88983,0.9974,0.0,0.0,nan,0.0,0.0055,0.02519,13.82077,1.81256,0.23811,0.54265,0.58778,0.46035,0.55171,0.58778
-5.03906,5.00688,5.24262,-0.12962,-0.29948,0.94525,0.99979,0.0,0.0,nan,0.0,0.00908,0.02612,16.81935,1.66044,0.23667,0.51216,0.61148,0.75943,0.60225,0.61148
-5.02786,7.00523,-6.38443,-0.12885,-0.17636,-0.97586,0.99792,0.0,0.0,nan,0.0,0.0047,0.0359,6.05384,1.81256,0.2351,0.37284,0.55426,0.46693,0.55171,0.55426
-5.27192,6.80338,5.77479,-0.14445,-0.31015,0.93965,0.99979,0.0,0.0,nan,0.0,0.01178,0.03248,18.7967,1.94096,0.22446,0.42266,0.36199,0.94902,0.51521,0.36199
-4.4994,7.31203,6.20536,-0.11769,-0.30214,0.94597,0.99823,0.0,0.0,nan,0.0,0.01011,0.02934,18.25884,1.64778,0.23401,0.4034,0.41557,0.94818,0.60688,0.41557
-4.93953,9.06043,-6.51832,-0.16948,-0.10006,-0.98044,0.99968,0.0,0.0,nan,0.0,0.00411,0.02063,11.47463,1.71471,0.22021,0.35371,0.43547,0.66233,0.58319,0.43547
-5.50909,8.10669,5.88927,-0.15081,-0.2869,0.94602,0.99844,0.0,0.0,nan,0.0,0.0113,0.03641,16.94327,1.69511,0.23201,0.44092,0.45571,0.78684,0.58993,0.45571
-5.01629,8.93642,6.59731,-0.14521,-0.25049,0.95717,0.9975,0.0,0.0,nan,0.0,0.01057,0.03849,15.47569,1.66215,0.23092,0.45109,0.35988,0.68713,0.60163,0.35988
-4.97479,11.00552,-6.83736,-0.16475,-0.18079,-0.96963,0.99968,0.0,0.0,nan,0.0,0.00673,0.02417,12.64114,2.26862,0.21986,0.39988,0.35944,0.8065,0.4408,0.35944
-5.01388,11.06664,6.87009,-0.16583,-0.0188,0.98597,0.99761,0.0,0.0,nan,0.0,0.00543,0.03017,16.40789,2.24435,0.22174,0.60956,0.75959,0.34172,0.44556,0.75959
-5.00071,12.94129,-7.29642,-0.13203,-0.15725,-0.97869,0.99802,0.0,0.0,nan,0.0,0.00416,0.02712,8.11682,1.81256,0.2354,0.34996,0.45098,0.54617,0.55171,0.45098
-5.90996,13.00589,5.94969,-0.10966,-0.03127,0.99348,0.93862,0.0,0.0,nan,0.0,0.00611,0.01541,18.81662,2.17306,0.2258,0.47817,0.39646,0.91806,0.46018,0.39646
-5.09498,13.06832,6.6191,-0.15144,-0.03253,0.98793,0.99854,0.0,0.0,nan,0.0,0.0069,0.01929,19.41714,2.19828,0.23828,0.55274,0.3893,0.71385,0.4549,0.3893
-5.00828,14.98461,-7.40949,-0.11942,-0.00892,-0.9928,0.99885,0.0,0.0,nan,0.0,0.00379,0.03627,4.0578,1.89455,0.23449,0.38131,0.68834,0.40855,0.52783,0.68834
-5.01959,14.98867,7.06365,-0.14502,-0.17602,0.97365,0.99947,0.0,0.0,nan,0.0,0.00659,0.02175,22.35923,1.82351,0.23753,0.4946,0.31365,0.66702,0.54839,0.31365
-5.04695,17.03132,-7.31323,-0.109,0.02331,-0.99377,0.99875,0.0,0.0,nan,0.0,0.01369,0.07156,3.1864,1.88535,0.22209,0.31259,0.60484,0.99607,0.53041,0.60484
-4.97139,16.98313,7.1734,-0.11718,-0.16518,0.97928,0.99833,0.0,0.0,nan,0.0,0.00381,0.01861,19.51235,1.64778,0.23236,0.48462,0.59835,0.46529,0.60688,0.59835
-5.03279,18.9979,-7.30332,-0.10685,-0.02805,-0.99388,0.99968,0.0,0.0,nan,0.0,0.00779,0.05246,3.4056,1.89415,0.21736,0.23576,0.37467,1.0,0.52794,0.37467
-5.02482,19.01501,7.58859,-0.16179,-0.02254,0.98657,0.99657,0.0,0.0,nan,0.0,0.00241,0.0223,13.66123,3.62512,0.24525,0.59658,0.78567,0.23449,0.27585,0.78567
-5.02901,20.99893,-7.4385,-0.1064,-0.04724,-0.9932,0.99875,0.0,0.0,nan,0.0,0.01203,0.05988,3.3613,1.89883,0.22591,0.3208,0.46325,0.99907,0.52664,0.46325
-5.02514,21.01558,7.46856,-0.19466,0.11518,0.97408,0.99657,0.0,0.0,nan,0.0,0.00422,0.05298,6.04711,2.33243,0.21644,0.59067,0.84073,0.25288,0.42874,0.84073
-5.00364,23.01193,-7.47987,-0.08212,-0.02446,-0.99632,0.99958,0.0,0.0,nan,0.0,0.01066,0.03834,3.64068,1.89885,0.23166,0.43059,0.47672,1.0,0.52664,0.47672
-5.08973,23.05855,7.20706,-0.19652,0.14786,0.96929,0.99968,0.0,0.0,nan,0.0,0.00337,0.03265,17.26704,1.92369,0.20287,0.7116,0.93948,0.41163,0.51983,0.93948
-5.01769,24.96465,-7.53176,-0.05854,-0.01562,-0.99816,0.99947,0.0,0.0,nan,0.0,0.00825,0.02939,4.19938,1.91933,0.23468,0.41457,0.47423,1.0,0.52102,0.47423
-4.9599,24.91294,6.88484,-0.17938,0.12361,0.97598,0.99958,0.0,0.0,nan,0.0,0.0114,0.03087,18.51158,1.81751,0.20552,0.5771,0.6949,0.70907,0.5502,0.6949
-4.96361,26.99035,-7.56619,-0.08731,0.08481,-0.99256,0.99906,0.0,0.0,nan,0.0,0.01383,0.04586,4.05343,2.0379,0.23992,0.4505,0.42649,1.0,0.4907,0.42649
-5.03109,26.90532,6.64596,-0.14105,0.14384,0.9795,0.99947,0.0,0.0,nan,0.0,0.0089,0.02889,13.98505,1.81256,0.22463,0.54692,0.46603,0.64368,0.55171,0.46603
-5.00172,29.03137,-7.16606,-0.14268,0.18539,-0.97225,0.99937,0.0,0.0,nan,0.0,0.00446,0.02498,4.16841,1.80297,0.22988,0.51535,0.59185,0.51281,0.55464,0.59185
-5.18534,29.63685,5.82535,-0.13936,0.34514,0.92815,0.99927,0.0,0.0,nan,0.0,0.00679,0.04079,15.76439,1.8463,0.23124,0.60939,0.71022,0.30805,0.54162,0.71022
-4.93063,28.71194,6.17309,-0.14987,0.27005,0.95111,0.99916,0.0,0.0,nan,0.0,0.00366,0.02505,11.54039,1.82064,0.22984,0.51902,0.62999,0.32988,0.54926,0.62999
-4.94481,31.04771,-6.64887,-0.16597,0.31785,-0.9335,0.99885,0.0,0.0,nan,0.0,0.01216,0.04517,6.19036,1.98852,0.23268,0.65004,0.45003,0.54806,0.50289,0.45003
-5.03381,31.02369,5.20272,-0.12096,0.35221,0.92807,0.99761,0.0,0.0,nan,0.0,0.00607,0.0342,23.32429,1.81339,0.23809,0.65899,0.82498,0.38493,0.55145,0.82498
-4.08988,30.08972,6.04067,-0.15285,0.37588,0.91397,0.99937,0.0,0.0,nan,0.0,0.00537,0.02937,13.03273,1.89334,0.2328,0.69756,0.68873,0.30234,0.52817,0.68873
-4.83086,32.3102,-6.16343,-0.16215,0.38725,-0.9076,0.99937,0.0,0.0,nan,0.0,0.01299,0.04169,8.69478,2.20573,0.21824,0.63217,0.6924,0.60646,0.45336,0.6924
-5.06283,33.31093,-5.67098,-0.13668,0.3599,-0.92293,0.99906,0.0,0.0,nan,0.0,0.01667,0.05354,10.94953,1.81256,0.23006,0.50931,0.5126,0.72289,0.55171,0.5126
-5.07422,32.91635,4.54539,-0.10595,0.29388,0.94995,0.99418,0.0,0.0,nan,0.0,0.00633,0.02972,18.2747,1.66018,0.23272,0.58895,0.83731,0.55652,0.60234,0.83731
-5.05269,35.0281,-5.28577,-0.06118,0.37297,-0.92582,0.99189,0.0,0.0,nan,0.0,0.00993,0.03123,15.20714,1.89069,0.23063,0.46791,0.35776,0.76854,0.52891,0.35776
-5.21095,35.51487,3.68626,-0.08287,0.52552,0.84674,0.99532,0.0,0.0,nan,0.0,0.01007,0.05806,8.84894,1.81256,0.23601,0.73971,0.46595,0.28746,0.55171,0.46595
-4.94797,34.48782,4.2595,-0.10977,0.38939,0.91451,0.9948,0.0,0.0,nan,0.0,0.00228,0.02966,8.95468,1.81736,0.22949,0.45941,0.81717,0.26127,0.55025,0.81717
-4.96727,36.56279,-4.55127,-0.01295,0.63636,-0.77128,0.93707,0.0,0.0,nan,0.0,0.00992,0.03372,13.42202,1.81256,0.24606,0.4364,0.45156,0.77471,0.55171,0.45156
-4.9928,37.45316,-3.15064,-0.00213,0.90298,-0.42968,0.97393,0.0,0.0,nan,0.0,0.0101,0.06851,9.49128,1.69658,0.23712,0.39725,0.43136,0.44937,0.58942,0.43136
-5.00189,37.90015,-0.99035,0.02715,0.99753,-0.06474,0.99252,0.0,0.0,nan,0.0,0.01425,0.06267,5.19835,1.74706,0.2415,0.54234,0.56141,0.58063,0.57239,0.56141
-4.99221,37.77151,1.08569,0.00776,0.96096,0.27659,0.97123,0.0,0.0,nan,0.0,0.00952,0.03937,7.76905,1.64778,0.24401,0.57231,0.75708,0.54365,0.60688,0.75708
-5.03651,36.80675,2.81702,-0.05235,0.74538,0.66458,0.96801,0.0,0.0,nan,0.0,0.012,0.05198,9.11673,1.64778,0.24248,0.6969,0.80372,0.4878,0.60688,0.80372
-3.8746,1.98096,-4.00771,-0.04949,-0.67332,-0.73769,0.99428,0.0,0.0,nan,0.0,0.00883,0.02222,25.565,1.87441,0.2351,0.48081,0.43119,0.8913,0.5335,0.43119
-3.04847,0.97892,-3.07407,-0.05994,-0.77176,-0.63308,0.96573,0.0,0.0,nan,0.0,0.00669,0.02305,23.63014,1.7175,0.23485,0.48113,0.37795,0.65423,0.58224,0.37795
-2.97496,0.16854,-1.02051,-0.00663,-0.97177,-0.23584,0.97165,0.0,0.0,nan,0.0,0.01405,0.10626,18.00846,1.68821,0.2312,0.77056,0.80161,0.22828,0.59234,0.80161
-3.00078,0.10087,1.00954,-0.00304,-0.99346,0.11418,0.98733,0.0,0.0,nan,0.0,0.00705,0.03721,7.42121,1.93942,0.23069,0.29669,0.39366,0.81018,0.51562,0.39366
-3.02747,0.81413,3.17868,-0.01131,-0.82514,0.56481,0.96822,0.0,0.0,nan,0.0,0.00743,0.041,6.07552,1.83787,0.24125,0.38527,0.49356,0.62532,0.54411,0.49356
-2.90465,1.86315,4.10974,-0.02643,-0.62833,0.7775,0.98951,0.0161,0.08049,0.51,1.0,0.01319,0.06049,4.74965,1.73893,0.24176,0.44887,0.40636,0.69013,0.57507,0.40636
-3.00707,3.1982,-4.69128,-0.04256,-0.62433,-0.78,0.99916,0.0,0.0,nan,0.0,0.00653,0.021,25.12421,1.84596,0.23028,0.44613,0.49417,0.75298,0.54172,0.49417
-2.88982,2.27584,-3.63823,-0.05364,-0.66865,-0.74164,0.99979,0.0,0.0,nan,0.0,0.00976,0.02452,27.17773,1.64778,0.22817,0.55988,0.45355,0.76341,0.60688,0.45355
-3.03554,2.99246,4.88227,-0.07122,-0.43415,0.89802,0.99304,0.0,0.0,nan,0.0,0.0023,0.03189,8.43522,1.91851,0.234,0.3009,0.45268,0.29601,0.52124,0.45268
-2.92371,5.54446,-6.1986,-0.05974,-0.39116,-0.91838,0.99584,0.0,0.0,nan,0.0,0.00577,0.03348,13.98938,1.81256,0.24592,0.67353,0.60622,0.29249,0.55171,0.60622
-3.08212,4.46135,-5.78391,-0.05279,-0.49651,-0.86642,0.99522,0.0,0.0,nan,0.0,0.00402,0.01978,17.18851,1.81784,0.23169,0.47816,0.4346,0.47478,0.5501,0.4346
-2.98332,4.9833,5.3596,-0.11395,-0.31314,0.94285,0.99927,0.0,0.0,nan,0.0,0.00571,0.02732,12.54832,1.86911,0.22084,0.35397,0.36239,0.68506,0.53501,0.36239
-3.00472,7.02724,-6.59189,-0.08493,-0.21282,-0.97339,0.99968,0.0,0.0,nan,0.0,0.00202,0.03458,6.45242,2.35567,0.22024,0.30821,0.49926,0.24831,0.42451,0.49926
-3.04847,6.3618,5.80685,-0.09385,-0.27697,0.95629,0.99844,0.0,0.0,nan,0.0,0.00787,0.02627,16.02027,1.64778,0.23613,0.38911,0.36549,0.86639,0.60688,0.36549
-2.93894,7.26817,6.26597,-0.08079,-0.29693,0.95148,0.99906,0.0,0.0,nan,0.0,0.00566,0.01802,15.67145,1.81256,0.23242,0.3833,0.26215,0.92387,0.55171,0.26215
-3.01922,9.11922,-6.90783,-0.10515,-0.11955,-0.98724,0.99958,0.0,0.0,nan,0.0,0.00497,0.02527,12.17988,2.03838,0.22204,0.36352,0.4383,0.62994,0.49058,0.4383
-2.92212,8.90229,6.7292,-0.07786,-0.2648,0.96116,0.99823,0.0,0.0,nan,0.0,0.00449,0.02029,12.92174,1.8311,0.2343,0.418,0.36334,0.6114,0.54612,0.36334
-2.97368,10.98905,-6.90878,-0.09961,-0.17727,-0.97911,0.99979,0.0,0.0,nan,0.0,0.00635,0.02194,14.10917,2.20138,0.21626,0.33762,0.32254,0.97955,0.45426,0.32254
-3.01055,11.12856,7.2399,-0.13488,-0.09788,0.98602,0.99376,0.0,0.0,nan,0.0,0.01723,0.06497,10.28472,1.64778,0.23779,0.54404,0.38893,0.58223,0.60688,0.38893
-3.02524,12.98386,-7.51306,-0.09393,-0.12774,-0.98735,0.99688,0.0,0.0,nan,0.0,0.00655,0.03335,10.32169,1.88522,0.22984,0.34974,0.49895,0.66984,0.53044,0.49895
-3.05109,12.96347,7.2994,-0.14143,-0.02518,0.98963,0.99418,0.0,0.0,nan,0.0,0.00642,0.02305,16.12942,1.64778,0.23249,0.56633,0.34807,0.55241,0.60688,0.34807
-2.97862,14.93807,-7.58723,-0.07621,-0.00214,-0.99709,0.99812,0.0,0.0,nan,0.0,0.00437,0.05064,5.2689,1.90046,0.22022,0.43343,0.80961,0.33905,0.52619,0.80961
-2.95156,15.0011,7.20459,-0.08568,-0.122,0.98883,0.99729,0.0,0.0,nan,0.0,0.00551,0.02434,17.7058,3.32226,0.23782,0.4798,0.3042,0.52504,0.301,0.3042
-3.01779,17.01362,-7.50062,-0.07665,0.02256,-0.9968,0.99657,0.0,0.0,nan,0.0,0.01315,0.07342,2.98012,1.81316,0.22072,0.29928,0.5284,1.0,0.55152,0.5284
-3.09022,16.87743,7.8549,-0.09265,-0.16096,0.9826,0.98473,0.0,0.0,nan,0.0,0.00581,0.02586,14.22151,3.23664,0.239,0.44728,0.47676,0.57267,0.30896,0.47676
-2.15908,17.7729,8.0069,0.01705,-0.13929,0.9901,0.98587,0.0,0.0,nan,0.0,0.00571,0.03614,16.45782,1.67536,0.23998,0.45365,0.5849,0.39065,0.59689,0.5849
-3.01247,19.02105,-7.46029,-0.08629,-0.03407,-0.99569,0.99812,0.0,0.0,nan,0.0,0.0101,0.06609,3.33673,1.81814,0.22279,0.24501,0.47325,0.99741,0.55001,0.47325
-3.03618,19.0535,7.89124,-0.10784,-0.00587,0.99415,0.99418,0.0,0.0,nan,0.0,0.01393,0.08838,7.31008,1.84396,0.23287,0.62999,0.73102,0.31869,0.54231,0.73102
-2.19122,18.18208,8.00117,0.00733,-0.10813,0.99411,0.98878,0.0,0.0,nan,0.0,0.00644,0.03697,14.89268,1.78881,0.22906,0.50369,0.34472,0.39248,0.55903,0.34472
-3.01939,20.98152,-7.65924,-0.09218,-0.04237,-0.99484,0.99615,0.0,0.0,nan,0.0,0.01096,0.0497,3.33899,1.92214,0.22034,0.36966,0.76443,1.0,0.52025,0.76443
-3.04498,20.99619,7.789,-0.11611,0.08274,0.98978,0.99626,0.0,0.0,nan,0.0,0.00428,0.11292,6.17045,1.81256,0.23427,0.52822,0.92818,0.22127,0.55171,0.92818
-3.03448,23.01624,-7.68413,-0.08064,0.01544,-0.99662,0.99812,0.0,0.0,nan,0.0,0.00502,0.03754,3.85549,1.89175,0.23279,0.4775,0.84568,0.61293,0.52861,0.84568
-2.97806,22.99937,7.63516,-0.0961,0.17384,0.98007,0.99574,0.0,0.0,nan,0.0,0.00646,0.0271,13.56808,1.86315,0.23038,0.62391,0.39473,0.43831,0.53672,0.39473
-2.99402,25.02944,-7.51338,-0.03581,0.00743,-0.99933,0.99968,0.0,0.0,nan,0.0,0.00662,0.02417,4.1364,1.85735,0.23683,0.40617,0.47936,1.0,0.5384,0.47936
-3.0085,25.01257,7.24199,-0.0901,0.13225,0.98711,0.99927,0.0,0.0,nan,0.0,0.00762,0.02042,16.97004,1.81256,0.23637,0.57577,0.42447,0.72446,0.55171,0.42447
-2.97773,26.97037,-7.68327,-0.01543,0.0375,-0.99918,0.99844,0.0,0.0,nan,0.0,0.01123,0.03649,4.37531,1.89984,0.23666,0.47817,0.63225,0.93789,0.52636,0.63225
-3.02131,26.96244,7.01262,-0.10168,0.14932,0.98355,0.9974,0.0,0.0,nan,0.0,0.01085,0.03878,13.13684,1.6788,0.2256,0.53898,0.3787,0.5983,0.59566,0.3787
-2.99421,29.007,-7.47911,-0.06771,0.12106,-0.99033,0.99916,0.0,0.0,nan,0.0,0.01238,0.06704,5.03198,1.9682,0.23587,0.55402,0.75593,0.47462,0.50808,0.75593
-2.99412,28.98907,6.54191,-0.13407,0.28,0.95059,0.99896,0.0,0.0,nan,0.0,0.01241,0.05014,5.51879,2.58469,0.2356,0.72094,0.66245,0.4677,0.38689,0.66245
-2.98383,31.02282,-7.21955,-0.10684,0.29591,-0.94922,0.99439,0.0,0.0,nan,0.0,0.00334,0.02139,11.27216,1.71733,0.23331,0.53976,0.49937,0.34104,0.5823,0.49937
-3.06322,31.4303,5.49342,-0.11921,0.3659,0.92299,0.99636,0.0,0.0,nan,0.0,0.00892,0.025,18.14391,1.84308,0.24371,0.71109,0.71543,0.55667,0.54257,0.71543
-2.84279,30.39163,6.16262,-0.1406,0.38246,0.91321,0.99418,0.0,0.0,nan,0.0,0.00802,0.03629,17.09558,1.64778,0.24672,0.77562,0.7261,0.3184,0.60688,0.7261
-2.95743,32.70621,-6.55742,-0.11007,0.42851,-0.89681,0.9974,0.0,0.0,nan,0.0,0.00578,0.0257,14.27305,1.81256,0.23185,0.39859,0.36453,0.64349,0.55171,0.36453
-3.10542,33.60017,-5.81462,-0.08561,0.4265,-0.90042,0.99916,0.0,0.0,nan,0.0,0.00603,0.02684,16.60791,1.67078,0.22934,0.43547,0.3,0.57784,0.59852,0.3
-3.07584,32.93184,5.11206,-0.11378,0.30214,0.94645,0.99439,0.0,0.0,nan,0.0,0.00785,0.02498,16.99312,1.78162,0.24654,0.64276,0.68631,0.54634,0.56129,0.68631
-2.9286,35.02887,-5.14367,-0.04301,0.45383,-0.89005,0.99937,0.0,0.0,nan,0.0,0.00925,0.0296,16.23553,1.73197,0.24013,0.46074,0.47166,0.76225,0.57738,0.47166
-3.09087,35.76022,3.8061,-0.08953,0.59851,0.7961,0.99397,0.0,0.0,nan,0.0,0.01641,0.07268,8.81467,1.92348,0.22628,0.72573,0.75737,0.39099,0.51989,0.75737
-2.94894,34.73009,4.43667,-0.13186,0.43479,0.89083,0.98805,0.0,0.0,nan,0.0,0.02148,0.09058,12.49812,1.83008,0.22173,0.78945,0.7641,0.36486,0.54642,0.7641
-2.98155,36.58412,-4.56099,0.01629,0.66742,-0.7445,0.94662,0.0,0.0,nan,0.0,0.00558,0.02522,16.36121,1.81256,0.24406,0.42906,0.65184,0.57837,0.55171,0.65184
-3.02088,37.39234,-3.14227,0.03069,0.89902,-0.43682,0.96874,0.0,0.0,nan,0.0,0.00422,0.07267,20.49898,1.81256,0.25004,0.73617,0.95517,0.2519,0.55171,0.95517
-2.96709,37.76069,-1.00547,0.03991,0.99675,-0.06994,0.99065,0.0,0.0,nan,0.0,0.00662,0.06916,5.15996,1.90791,0.22643,0.44492,0.51614,0.29861,0.52413,0.51614
-3.03349,37.71205,1.09904,0.03277,0.9675,0.25075,0.97165,0.0,0.0,nan,0.0,0.00526,0.03373,8.76032,1.86577,0.23748,0.66808,0.89418,0.53264,0.53597,0.89418
-2.96785,36.76849,2.82518,-0.03661,0.77953,0.6253,0.97653,0.0,0.0,nan,0.0,0.01213,0.03757,8.9943,1.81256,0.23353,0.63341,0.7746,0.6764,0.55171,0.7746
-0.20691,1.90195,-4.07407,-0.07576,-0.69021,-0.71963,0.99179,0.00168,0.0084,0.6,1.0,0.0121,0.02857,26.29021,1.95605,0.23004,0.55768,0.50723,0.81718,0.51124,0.50723
-0.97238,0.964,-3.12772,-0.02352,-0.78992,-0.61275,0.96209,0.0,0.0,nan,0.0,0.0075,0.02876,22.55093,1.83714,0.22745,0.48772,0.47479,0.5819,0.54432,0.47479
-0.96017,0.44752,-1.04239,0.05611,-0.97732,-0.20419,0.98691,0.0,0.0,nan,0.0,0.00718,0.06864,12.37152,1.84369,0.2339,0.55991,0.63618,0.21717,0.54239,0.63618
-0.99292,0.25151,0.95332,0.08766,-0.99184,0.09255,0.98618,0.0,0.0,nan,0.0,0.01105,0.0358,5.9758,1.89497,0.2335,0.45379,0.53182,0.9079,0.52771,0.53182
-0.96348,0.87875,3.13536,0.06252,-0.8416,0.53647,0.96718,0.0,0.0,nan,0.0,0.00937,0.04464,5.27788,1.70937,0.23939,0.35467,0.51704,0.81617,0.58501,0.51704
-1.05854,1.87309,4.10465,0.04936,-0.65452,0.75443,0.99169,0.0,0.0,nan,0.0,0.01792,0.06292,4.12884,1.90517,0.23241,0.55397,0.4743,0.76312,0.52489,0.4743
-1.00099,3.00221,-4.75277,-0.07886,-0.64473,-0.76033,0.99916,0.0,0.0,nan,0.0,0.00814,0.02515,26.14645,1.64778,0.22671,0.47173,0.52833,0.73828,0.60688,0.52833
-1.34068,2.16226,-3.73355,-0.04935,-0.67711,-0.73423,0.99812,0.0,0.0,nan,0.0,0.01077,0.02397,28.42314,1.88425,0.22859,0.55335,0.56594,0.86933,0.53071,0.56594
-1.00855,2.95563,4.89059,0.02597,-0.49723,0.86723,0.99044,0.0,0.0,nan,0.0,0.00616,0.06317,5.00024,1.88012,0.23246,0.71076,0.85411,0.28808,0.53188,0.85411
-0.97777,5.30628,-6.23032,-0.07618,-0.40652,-0.91046,0.99626,0.0,0.0,nan,0.0,0.00401,0.02801,14.08952,1.81256,0.24997,0.5837,0.44176,0.2799,0.55171,0.44176
-1.20031,4.38669,-5.51627,-0.07484,-0.53302,-0.84279,0.99896,0.0,0.0,nan,0.0,0.00308,0.0183,18.60052,1.64778,0.22885,0.4023,0.39789,0.46312,0.60688,0.39789
-1.11078,4.97069,5.87063,-0.02513,-0.30219,0.95292,0.99345,0.0,0.0,nan,0.0,0.00853,0.03339,10.28607,1.81256,0.2287,0.57344,0.51273,0.53201,0.55171,0.51273
-0.30258,5.86669,6.01172,0.00499,-0.28163,0.95951,0.99584,0.0,0.0,nan,0.0,0.00647,0.02187,11.36243,1.7002,0.23633,0.54853,0.73507,0.63399,0.58817,0.73507
-0.99405,6.96723,-6.75633,-0.04471,-0.20843,-0.97701,0.99885,0.0,0.0,nan,0.0,0.00278,0.07438,5.31154,1.81256,0.2372,0.51091,0.96182,0.31307,0.55171,0.96182
-1.09223,6.11558,5.99426,-0.03974,-0.26871,0.9624,0.99823,0.0,0.0,nan,0.0,0.00747,0.02235,13.4494,1.99624,0.23471,0.53038,0.37906,0.72396,0.50094,0.37906
-0.95078,6.99603,6.4359,-0.03562,-0.28306,0.95844,0.99729,0.0,0.0,nan,0.0,0.00611,0.01904,14.28684,1.91667,0.22957,0.46328,0.56556,0.78977,0.52174,0.56556
-0.9777,9.01665,-6.96862,-0.03379,-0.12831,-0.99116,0.99968,0.0,0.0,nan,0.0,0.00377,0.03173,9.72123,1.83465,0.22706,0.40362,0.83034,0.47736,0.54506,0.83034
-1.03475,8.84594,6.96853,-0.02335,-0.2763,0.96079,0.99293,0.0,0.0,nan,0.0,0.00292,0.01495,12.48078,1.81256,0.23159,0.45322,0.76535,0.52504,0.55171,0.76535
-0.96321,10.9884,-7.27222,-0.04061,-0.17315,-0.98406,0.99979,0.0,0.0,nan,0.0,0.00737,0.02834,11.8456,1.8649,0.21899,0.3919,0.55369,0.77549,0.53622,0.55369
-1.07997,11.07746,7.38348,-0.00977,-0.08161,0.99662,0.99169,0.0,0.0,nan,0.0,0.00601,0.02802,10.44785,1.82923,0.22472,0.56734,0.71372,0.45037,0.54668,0.71372
-1.02671,12.96869,-7.70141,-0.04454,-0.11984,-0.99179,0.99501,0.0,0.0,nan,0.0,0.01082,0.0465,10.53627,1.69929,0.22158,0.4314,0.6298,0.64156,0.58848,0.6298
-0.89396,13.21244,7.34037,0.05644,0.02376,0.99812,0.99812,0.0,0.0,nan,0.0,0.00524,0.01873,16.03036,2.05272,0.22782,0.4689,0.39645,0.67085,0.48716,0.39645
-1.03869,14.93605,-7.6982,-0.03867,0.0069,-0.99923,0.98639,0.0,0.0,nan,0.0,0.00911,0.09536,6.48042,1.81256,0.21386,0.42092,0.79313,0.34451,0.55171,0.79313
-0.98338,15.00567,7.36438,0.08565,-0.05676,0.99471,0.99802,0.0,0.0,nan,0.0,0.00714,0.02172,20.93358,2.38077,0.23533,0.45754,0.52611,0.78657,0.42003,0.52611
-0.98002,17.00773,-7.62558,-0.04357,0.01344,-0.99896,0.98701,0.0,0.0,nan,0.0,0.01349,0.08545,3.14217,1.91643,0.22472,0.25833,0.29239,1.0,0.5218,0.29239
-0.92984,17.05556,7.45096,0.08552,-0.1902,0.97801,0.99875,0.0,0.0,nan,0.0,0.0068,0.02379,18.01159,2.04877,0.23899,0.53133,0.41558,0.59785,0.4881,0.41558
-1.74772,17.80731,8.0157,0.04309,-0.14652,0.98827,0.98587,0.0,0.0,nan,0.0,0.00653,0.03471,16.72366,1.90589,0.23457,0.50348,0.38291,0.41867,0.52469,0.38291
-0.98235,18.97129,-7.64971,-0.05406,-0.04522,-0.99751,0.99646,0.0,0.0,nan,0.0,0.0102,0.07386,3.3964,2.11674,0.22354,0.21945,0.30501,1.0,0.47243,0.30501
-1.38972,19.44722,7.99799,0.00564,-0.04078,0.99915,0.99138,0.0,0.0,nan,0.0,0.00409,0.03082,10.5555,2.62377,0.23062,0.70986,0.6513,0.2226,0.38113,0.6513
-0.95189,18.95212,8.02993,0.03318,-0.0928,0.99513,0.99439,0.0,0.0,nan,0.0,0.00274,0.02023,13.96741,2.26367,0.22478,0.5706,0.52417,0.27144,0.44176,0.52417
-1.00073,21.04662,-7.81666,-0.06686,-0.04831,-0.99659,0.99626,0.0,0.0,nan,0.0,0.01691,0.08865,3.43368,2.01715,0.2268,0.30189,0.61786,1.0,0.49575,0.61786
-1.08816,21.09897,7.96087,-0.01537,0.10757,0.99408,0.99231,0.0,0.0,nan,0.0,0.00816,0.06722,6.58585,1.82965,0.24012,0.61668,0.71578,0.25674,0.54655,0.71578
-0.56931,20.29515,8.01937,0.01988,0.022,0.99956,0.99023,0.0,0.0,nan,0.0,0.00498,0.09259,8.94061,1.81256,0.23783,0.79322,0.95108,0.23258,0.55171,0.95108
-0.99073,22.98409,-7.84252,-0.07356,0.0375,-0.99659,0.99677,0.00385,0.01926,0.6,1.0,0.01533,0.08354,3.65977,1.88102,0.23332,0.2844,0.52932,0.99792,0.53163,0.52932
-1.07663,23.18238,7.58838,-0.00394,0.17047,0.98536,0.9974,0.0,0.0,nan,0.0,0.0037,0.01284,13.24647,1.64804,0.23935,0.52152,0.37534,0.63574,0.60678,0.37534
-1.04054,25.00355,-7.63905,-0.04528,0.05294,-0.99757,0.99906,0.0,0.0,nan,0.0,0.00699,0.03019,4.16287,1.92421,0.23045,0.34298,0.5381,1.0,0.51969,0.5381
-1.0281,24.98014,7.3762,0.01296,0.16095,0.98688,0.99916,0.0,0.0,nan,0.0,0.00434,0.01279,16.44821,1.64778,0.2285,0.41305,0.39107,0.92095,0.60688,0.39107
-1.05746,26.98939,-7.58178,-0.00131,0.0505,-0.99872,0.99885,0.0,0.0,nan,0.0,0.00542,0.02544,3.92173,3.2417,0.23329,0.32161,0.32812,0.99986,0.30848,0.32812
-0.81788,26.9818,7.06687,0.02118,0.12863,0.99147,0.99885,0.0,0.0,nan,0.0,0.00502,0.02155,13.49071,1.64778,0.23745,0.42631,0.55826,0.62786,0.60688,0.55826
-1.00498,28.95814,-7.41091,0.00503,0.09145,-0.9958,0.99781,0.0,0.0,nan,0.0,0.00237,0.06363,6.73758,1.85528,0.23665,0.67883,0.96449,0.22725,0.539,0.96449
-0.97294,28.98476,6.75311,0.01035,0.23011,0.97311,0.99376,0.0,0.0,nan,0.0,0.0038,0.02302,10.21495,3.54567,0.24806,0.53362,0.64082,0.37025,0.28203,0.64082
-1.05125,31.17867,-7.28746,0.0131,0.29294,-0.95604,0.99117,0.0,0.0,nan,0.0,0.00232,0.01419,13.38111,2.08742,0.23358,0.38065,0.57475,0.49289,0.47906,0.57475
-0.74804,31.74979,5.49272,-0.01978,0.35943,0.93296,0.99896,0.0,0.0,nan,0.0,0.00381,0.01249,17.62806,3.44784,0.2462,0.71463,0.82291,0.6204,0.29004,0.82291
-0.98278,30.66497,6.27338,-0.00675,0.40686,0.91347,0.9948,0.0,0.0,nan,0.0,0.00245,0.02222,16.03995,1.88715,0.2363,0.7982,0.89677,0.29312,0.5299,0.89677
-0.97338,32.95322,-6.50668,0.01463,0.44617,-0.89483,0.99781,0.0,0.0,nan,0.0,0.00896,0.02004,17.01343,1.89471,0.2298,0.54621,0.53896,0.91475,0.52779,0.53896
-1.53074,33.72647,-5.85907,-0.01502,0.44109,-0.89734,0.99916,0.0,0.0,nan,0.0,0.00835,0.02195,18.80453,1.73491,0.23339,0.50236,0.31149,0.83763,0.5764,0.31149
-0.9178,32.82759,5.29917,-0.02392,0.29622,0.95482,0.99823,0.0,0.0,nan,0.0,0.00394,0.01106,16.36816,1.84932,0.24134,0.6533,0.72892,0.6116,0.54074,0.72892
-0.14285,34.05375,-6.02491,0.0046,0.41759,-0.90862,0.99688,0.0,0.0,nan,0.0,0.00817,0.01743,17.42096,1.70974,0.24283,0.54827,0.38564,0.9531,0.58488,0.38564
-1.0345,35.00591,-5.38283,-0.01986,0.46277,-0.88626,0.99511,0.0,0.0,nan,0.0,0.01106,0.02678,17.26553,1.80269,0.23318,0.54936,0.32796,0.8385,0.55473,0.32796
-1.206,35.86895,3.912,-0.04044,0.64409,0.76388,0.99179,0.00031,0.00157,0.7,1.0,0.015,0.06391,7.16499,1.81256,0.22782,0.56072,0.4839,0.53528,0.55171,0.4839
-0.93373,34.90961,4.5878,-0.02179,0.44462,0.89545,0.97694,0.0,0.0,nan,0.0,0.00495,0.03484,13.46795,1.81256,0.24909,0.75171,0.81368,0.27279,0.55171,0.81368
-1.01743,36.5444,-4.57937,-0.00951,0.6796,-0.73352,0.95513,0.0,0.0,nan,0.0,0.00629,0.02842,15.85595,1.72582,0.24865,0.50728,0.74749,0.49109,0.57943,0.74749
-1.02404,37.41689,-3.00623,0.01846,0.9271,-0.37437,0.965,0.0,0.0,nan,0.0,0.01062,0.18171,10.69164,2.01451,0.22445,0.79073,0.95153,0.24715,0.4964,0.95153
-1.00342,37.69143,-1.05368,0.04179,0.99716,-0.0626,0.98951,0.0,0.0,nan,0.0,0.00677,0.0453,3.84961,1.92639,0.22393,0.34917,0.50831,0.65017,0.51911,0.50831
-0.92653,37.59601,1.10921,0.02534,0.97478,0.22174,0.98016,0.0,0.0,nan,0.0,0.00804,0.03577,6.31221,1.83107,0.23468,0.54419,0.54542,0.54399,0.54613,0.54542
-1.04915,36.83097,2.96058,0.00184,0.80464,0.59376,0.97216,0.00964,0.04822,0.7,1.0,0.00803,0.03274,7.71427,1.85262,0.23763,0.5284,0.78488,0.65803,0.53978,0.78488
0.03053,1.93722,-4.03576,-0.07245,-0.69736,-0.71305,0.99408,0.00026,0.00131,0.51,1.0,0.01158,0.02692,24.53509,1.90836,0.2312,0.56154,0.49966,0.82883,0.52401,0.49966
0.93421,1.06947,-3.19318,-0.01129,-0.81651,-0.57722,0.97279,0.0,0.0,nan,0.0,0.00823,0.0295,17.87594,2.00316,0.22867,0.52532,0.55974,0.59072,0.49921,0.55974
0.98341,0.42342,-1.06963,0.04413,-0.98631,-0.15891,0.98556,0.0,0.0,nan,0.0,0.00195,0.033,14.1517,1.81256,0.24904,0.57979,0.91116,0.24068,0.55171,0.91116
1.03064,0.49951,0.99446,0.07603,-0.98931,0.12441,0.99117,0.0,0.0,nan,0.0,0.01109,0.03278,5.69966,1.88054,0.23189,0.46158,0.50976,0.98988,0.53176,0.50976
1.01226,1.05111,3.02919,0.09595,-0.84198,0.5309,0.96635,0.0,0.0,nan,0.0,0.00558,0.03683,4.92999,1.7355,0.23845,0.24538,0.37387,0.86715,0.5762,0.37387
0.32669,1.94261,4.02922,0.0969,-0.66679,0.73891,0.98919,0.0,0.0,nan,0.0,0.00798,0.06117,4.21308,1.89758,0.22747,0.57018,0.81751,0.43022,0.52699,0.81751
1.04495,3.05233,-4.67262,-0.04766,-0.63693,-0.76945,0.99979,0.0,0.0,nan,0.0,0.00771,0.02784,18.76562,1.89687,0.22613,0.47014,0.41366,0.65215,0.52718,0.41366
1.16868,2.13458,-3.83625,-0.01621,-0.72605,-0.68745,0.99979,0.0,0.0,nan,0.0,0.0122,0.02967,18.01671,1.88133,0.23671,0.58216,0.37763,0.78452,0.53154,0.37763
1.68832,2.08836,3.98602,0.10116,-0.65836,0.74587,0.98847,0.0,0.0,nan,0.0,0.02246,0.08458,3.83383,1.99373,0.22826,0.49023,0.6146,0.82442,0.50157,0.6146
0.91675,2.95255,4.66383,0.10618,-0.53206,0.84002,0.99387,5e-05,0.00023,0.51,1.0,0.01338,0.05317,3.26489,1.88519,0.22953,0.44312,0.34117,0.91599,0.53045,0.34117
0.9869,5.18314,-6.23358,-0.01151,-0.38574,-0.92254,0.99376,0.0,0.0,nan,0.0,0.00301,0.03025,10.94156,1.81526,0.23471,0.65845,0.87933,0.3046,0.55089,0.87933
1.12539,4.15946,-5.9464,-0.02518,-0.49975,-0.8658,0.98483,0.0,0.0,nan,0.0,0.00623,0.0235,12.74232,2.10551,0.2303,0.61783,0.60716,0.49635,0.47494,0.60716
1.0371,4.94215,5.57774,0.08825,-0.34097,0.93592,0.99906,0.0,0.0,nan,0.0,0.0088,0.04328,7.90495,1.82688,0.23823,0.64368,0.47445,0.39591,0.54738,0.47445
0.28776,5.94821,6.01527,0.03894,-0.29276,0.95539,0.99646,0.0,0.0,nan,0.0,0.00483,0.01895,10.7623,1.89786,0.23188,0.51563,0.73463,0.58659,0.52691,0.73463
1.00218,7.02419,-6.76489,-0.00175,-0.19922,-0.97995,0.99916,0.02171,0.06706,0.6,0.96133,0.00911,0.05185,3.47002,2.09066,0.2328,0.27693,0.63744,1.0,0.47832,0.63744
1.08243,6.08911,5.99453,0.07135,-0.30652,0.94919,0.9947,0.0,0.0,nan,0.0,0.00584,0.02635,10.06451,3.31868,0.24099,0.55241,0.5513,0.48057,0.30132,0.5513
0.94721,7.03927,6.06891,0.04912,-0.29875,0.95307,0.99833,0.0,0.0,nan,0.0,0.00402,0.02043,10.52107,1.81256,0.23505,0.50719,0.79371,0.53721,0.55171,0.79371
1.03935,8.95571,-7.014,-0.02026,-0.12753,-0.99163,0.99958,0.0,0.0,nan,0.0,0.00557,0.05387,5.41536,1.92225,0.22617,0.32821,0.38613,0.43123,0.52022,0.38613
0.98635,9.00032,6.87868,0.0358,-0.26779,0.96281,0.99532,0.0,0.0,nan,0.0,0.00743,0.03245,9.55098,1.81256,0.23884,0.72397,0.53247,0.38238,0.55171,0.53247
0.99728,10.98337,-7.23398,-0.01511,-0.17065,-0.98522,0.99979,0.0,0.0,nan,0.0,0.00662,0.04741,8.3573,2.18483,0.22478,0.38942,0.35233,0.4445,0.4577,0.35233
0.99686,11.07569,7.3284,0.07167,-0.03634,0.99677,0.99148,0.0,0.0,nan,0.0,0.00282,0.02353,10.51686,1.73356,0.23582,0.4266,0.61892,0.33451,0.57685,0.61892
0.97593,13.00104,-7.65991,-0.00411,-0.11108,-0.9938,0.98795,0.00061,0.00307,0.6,1.0,0.00861,0.06901,8.21016,1.64778,0.22835,0.4165,0.78098,0.41344,0.60688,0.78098
1.13106,13.03206,7.1842,0.06433,0.06641,0.99572,0.9974,0.0,0.0,nan,0.0,0.00281,0.01027,15.79139,1.64778,0.23489,0.41564,0.68107,0.74194,0.60688,0.68107
1.05475,14.91497,-7.73596,-0.00784,-0.00172,-0.99997,0.98753,0.0,0.0,nan,0.0,0.00907,0.09571,4.71339,1.86895,0.21608,0.30385,0.81288,0.55622,0.53506,0.81288
0.96896,14.97544,7.12277,0.04782,-0.05596,0.99729,0.99947,0.0,0.0,nan,0.0,0.00354,0.01242,20.21022,2.37188,0.22694,0.39397,0.30719,0.79546,0.42161,0.30719
0.99534,17.03942,-7.65071,-0.01912,0.00288,-0.99981,0.98535,0.00103,0.00513,0.6,1.0,0.01358,0.09154,3.39843,1.89546,0.22839,0.24495,0.53437,0.96185,0.52758,0.53437
0.88517,16.9956,7.57147,0.06027,-0.20444,0.97702,0.99761,0.0,0.0,nan,0.0,0.00576,0.01523,19.67875,2.05347,0.23186,0.49693,0.36809,0.83822,0.48698,0.36809
1.00813,18.95353,-7.68689,-0.0248,-0.0558,-0.99813,0.99231,0.0,0.0,nan,0.0,0.01141,0.07334,3.49291,1.89206,0.21617,0.24468,0.44258,0.99986,0.52852,0.44258
1.01756,18.90825,7.94523,0.05053,-0.12339,0.99107,0.99138,0.0,0.0,nan,0.0,0.0028,0.01638,14.35299,1.88136,0.22308,0.49799,0.37979,0.39046,0.53153,0.37979
0.15232,19.29312,8.00114,0.03786,-0.08649,0.99553,0.99169,0.0,0.0,nan,0.0,0.00307,0.02025,11.97226,2.30907,0.22695,0.56632,0.44748,0.31232,0.43307,0.44748
1.93559,21.87305,-8.00448,-0.00841,-0.03441,-0.99937,0.99729,0.0,0.0,nan,0.0,0.02429,0.13356,3.85144,1.9061,0.22366,0.27629,0.41538,1.0,0.52463,0.41538
0.99047,20.9923,-7.89848,-0.03082,-0.06053,-0.99769,0.99657,0.0,0.0,nan,0.0,0.01894,0.10693,3.6468,2.67878,0.22394,0.27433,0.36925,1.0,0.3733,0.36925
0.98991,21.00692,7.80645,0.07098,0.08314,0.99401,0.99698,0.0,0.0,nan,0.0,0.00897,0.11129,5.94553,1.83383,0.22975,0.67305,0.84325,0.22806,0.54531,0.84325
0.03856,20.08304,8.00341,0.04323,-0.00206,0.99906,0.99003,0.0,0.0,nan,0.0,0.00377,0.03422,9.43985,1.64778,0.24411,0.62505,0.57784,0.21357,0.60688,0.57784
1.92073,22.83182,-8.00238,-0.01596,0.00892,-0.99983,0.99854,0.00651,0.03255,0.6,1.0,0.02089,0.1082,3.84116,2.40258,0.22099,0.29362,0.55827,1.0,0.41622,0.55827
0.96547,23.00755,-7.95936,-0.04595,0.02625,-0.9986,0.99532,0.00669,0.03343,0.6,1.0,0.02746,0.14528,3.86444,1.88082,0.22384,0.28679,0.32848,1.0,0.53168,0.32848
0.93239,23.14081,7.61104,0.028,0.166,0.98573,0.99844,0.0,0.0,nan,0.0,0.00446,0.01699,11.5611,1.81256,0.23895,0.49894,0.46734,0.61742,0.55171,0.46734
1.02587,24.99137,-7.79424,-0.05087,0.087,-0.99491,0.99968,0.00533,0.02667,0.6,1.0,0.01365,0.07394,3.58114,1.89355,0.22334,0.28896,0.3315,0.99555,0.52811,0.3315
0.95667,25.01823,7.30218,0.01754,0.15876,0.98716,0.99802,0.0,0.0,nan,0.0,0.00774,0.0202,16.61781,1.81256,0.22822,0.46766,0.60344,0.91764,0.55171,0.60344
0.99742,27.00426,-7.61113,-0.02727,0.08328,-0.99615,0.99916,0.0,0.0,nan,0.0,0.02688,0.10831,3.77411,1.88089,0.21963,0.38125,0.58458,0.99588,0.53166,0.58458
0.9732,27.01191,6.642,0.01923,0.14473,0.98928,0.99833,0.0,0.0,nan,0.0,0.01,0.03009,12.77927,1.81256,0.23571,0.51727,0.53538,0.74298,0.55171,0.53538
1.01035,28.99244,-7.478,-0.00375,0.08666,-0.99623,0.99916,0.0,0.0,nan,0.0,0.01575,0.07423,4.46487,1.91648,0.2318,0.59128,0.54862,0.51958,0.52179,0.54862
1.01474,28.98656,6.71987,0.02296,0.21826,0.97562,0.99459,0.0,0.0,nan,0.0,0.00383,0.02076,10.35989,3.3955,0.23205,0.52638,0.68458,0.41841,0.29451,0.68458
1.04577,31.1787,-7.29992,0.019,0.32243,-0.9464,0.99252,0.0,0.0,nan,0.0,0.00234,0.01293,13.15232,1.69211,0.23251,0.48028,0.6513,0.43389,0.59098,0.6513
0.79334,31.3605,5.54081,-0.01253,0.37292,0.92778,0.99532,0.0,0.0,nan,0.0,0.00376,0.01111,13.43787,2.86803,0.23706,0.63205,0.35626,0.6151,0.34867,0.35626
1.03969,30.3832,6.14533,-0.01147,0.38435,0.92312,0.99657,0.0,0.0,nan,0.0,0.00696,0.03121,10.11074,2.22061,0.23436,0.7263,0.56767,0.36761,0.45033,0.56767
0.5996,32.62259,-6.09206,0.02916,0.42454,-0.90494,0.99916,0.0,0.0,nan,0.0,0.00481,0.0118,16.3685,1.81256,0.23013,0.49931,0.43757,0.91515,0.55171,0.43757
1.12098,33.32553,-5.70651,0.04944,0.43455,-0.89929,0.99771,0.0,0.0,nan,0.0,0.00865,0.01972,16.04863,1.87676,0.24285,0.605,0.61853,0.81515,0.53283,0.61853
1.07112,32.89153,4.95276,-0.01407,0.28164,0.95942,0.99428,0.0,0.0,nan,0.0,0.00353,0.00851,12.11542,3.46035,0.23532,0.60871,0.30391,0.79304,0.28899,0.30391
0.09879,34.05553,-6.03743,0.01025,0.41488,-0.90982,0.99698,0.0,0.0,nan,0.0,0.00883,0.01778,17.55465,1.87384,0.23128,0.5765,0.40348,0.95933,0.53366,0.40348
1.11125,34.92113,-5.26654,0.08565,0.45013,-0.88885,0.99761,0.0,0.0,nan,0.0,0.00643,0.01662,16.24265,1.64778,0.23433,0.47659,0.56415,0.91146,0.60688,0.56415
0.99816,35.86028,3.9022,0.02144,0.64792,0.76141,0.98577,0.01095,0.05476,0.6,1.0,0.01662,0.11289,7.53612,1.81256,0.23494,0.56333,0.82132,0.42853,0.55171,0.82132
0.96716,34.90873,4.60337,-0.00531,0.46087,0.88745,0.98016,0.00511,0.02556,0.6,1.0,0.00482,0.02986,12.58154,1.84939,0.23297,0.70206,0.66317,0.26664,0.54072,0.66317
1.00547,36.57009,-4.5668,0.06058,0.68708,-0.72405,0.94278,0.0,0.0,nan,0.0,0.00672,0.02924,15.37544,1.86515,0.23978,0.53817,0.53224,0.48274,0.53615,0.53224
1.03672,37.32396,-2.99753,0.01928,0.9309,-0.36476,0.97632,0.0,0.0,nan,0.0,0.01057,0.08582,8.07616,1.81256,0.23625,0.44234,0.51788,0.34725,0.55171,0.51788
0.99867,37.52569,-1.00662,-0.01434,0.99822,-0.05784,0.99449,0.0,0.0,nan,0.0,0.00657,0.03162,5.1381,2.23339,0.23807,0.41815,0.44273,0.69057,0.44775,0.44273
1.00065,37.54179,0.99762,8e-05,0.98102,0.19392,0.97923,0.0,0.0,nan,0.0,0.00588,0.03791,5.37124,1.7268,0.23727,0.44463,0.68255,0.4791,0.57911,0.68255
0.9674,36.80553,2.90559,0.03263,0.83181,0.5541,0.97943,0.02064,0.1032,0.6,1.0,0.00931,0.04369,4.93396,1.70969,0.24675,0.43255,0.50891,0.69223,0.5849,0.50891
3.14837,1.89437,-4.07033,0.05393,-0.72846,-0.68297,0.99023,0.0,0.0,nan,0.0,0.00598,0.01394,15.37603,1.9675,0.22375,0.52796,0.6276,0.91829,0.50826,0.6276
3.04891,1.033,-3.19454,0.06941,-0.83466,-0.54638,0.95846,0.0,0.0,nan,0.0,0.003,0.01342,16.0671,2.06042,0.22128,0.50971,0.83449,0.67663,0.48534,0.83449
3.04693,0.6171,-1.06864,0.08074,-0.98351,-0.16185,0.98951,0.0,0.0,nan,0.0,0.00765,0.0563,16.19926,2.41622,0.22865,0.65135,0.76732,0.24808,0.41387,0.76732
2.91221,0.51082,1.07661,0.04881,-0.98918,0.13836,0.97725,0.0,0.0,nan,0.0,0.00714,0.03181,5.6453,3.55156,0.24639,0.47749,0.85077,0.93971,0.28157,0.85077
2.93517,1.20548,2.85274,0.08346,-0.83594,0.54244,0.96708,0.0,0.0,nan,0.0,0.00555,0.0353,4.68151,1.88056,0.24304,0.28436,0.51005,0.78894,0.53176,0.51005
3.0349,2.90386,-5.05847,0.05489,-0.64597,-0.76138,0.99034,0.0,0.0,nan,0.0,0.00541,0.01539,13.48522,1.89138,0.23274,0.55904,0.47018,0.72273,0.52872,0.47018
3.71723,2.02932,-3.98002,0.08893,-0.72611,-0.6818,0.99408,0.0,0.0,nan,0.0,0.00529,0.01327,15.18877,1.99392,0.22509,0.4918,0.52289,0.91695,0.50153,0.52289
3.17096,2.19824,3.88368,0.0854,-0.64515,0.75927,0.98909,0.04116,0.20581,0.7,1.0,0.01657,0.07452,3.87098,1.74064,0.24337,0.41005,0.69575,0.82269,0.5745,0.69575
3.04921,3.15295,4.53514,0.09327,-0.49713,0.86265,0.99511,0.0,0.0,nan,0.0,0.00811,0.04766,3.78934,1.71897,0.24562,0.32671,0.28132,0.79622,0.58175,0.28132
2.91369,5.32422,-6.2278,0.05387,-0.35875,-0.93188,0.99844,0.0,0.0,nan,0.0,0.00367,0.02892,7.4128,1.81256,0.23608,0.5488,0.75164,0.29495,0.55171,0.75164
3.13485,4.2991,-5.84512,0.06194,-0.48594,-0.8718,0.9948,0.0,0.0,nan,0.0,0.00728,0.02556,11.24022,1.83487,0.23867,0.64067,0.4742,0.52378,0.545,0.4742
3.05569,5.02511,5.32874,0.14675,-0.3242,0.93454,0.99916,0.0,0.0,nan,0.0,0.00356,0.03618,12.55437,1.73724,0.22936,0.39971,0.43257,0.28541,0.57563,0.43257
3.01775,7.00598,-6.70589,0.04064,-0.22299,-0.97397,0.99927,0.0,0.0,nan,0.0,0.02111,0.11139,3.72513,2.19172,0.22653,0.29125,0.39666,1.0,0.45626,0.39666
3.3418,6.4279,5.86171,0.15051,-0.31666,0.93652,0.99646,0.0,0.0,nan,0.0,0.00306,0.01872,16.03767,1.81949,0.22682,0.42705,0.5809,0.43066,0.54961,0.5809
2.87858,7.29527,6.20945,0.13853,-0.32886,0.93416,0.99428,0.0,0.0,nan,0.0,0.00341,0.02179,16.10793,1.64778,0.23833,0.51388,0.50467,0.34233,0.60688,0.50467
2.97339,8.97632,-7.05448,0.01249,-0.15711,-0.9875,0.99958,0.0,0.0,nan,0.0,0.01629,0.06243,4.09154,2.0831,0.22145,0.38856,0.40509,1.0,0.48005,0.40509
3.02417,9.02844,6.74142,0.10132,-0.28176,0.95412,0.99221,0.0,0.0,nan,0.0,0.00493,0.04181,13.57649,1.64778,0.22766,0.53483,0.56059,0.25318,0.60688,0.56059
3.00024,10.97758,-7.31886,-0.0039,-0.16012,-0.98709,0.99979,0.0,0.0,nan,0.0,0.01641,0.06633,5.20914,1.93037,0.22823,0.36475,0.54845,0.93879,0.51804,0.54845
3.08013,11.00401,7.14658,0.07952,-0.04213,0.99594,0.99148,0.0,0.0,nan,0.0,0.01269,0.05691,12.1802,1.64778,0.23805,0.67178,0.5882,0.3864,0.60688,0.5882
3.00836,12.97498,-7.67221,0.01418,-0.0917,-0.99569,0.99688,0.00496,0.02479,0.51,1.0,0.01719,0.07863,5.64722,1.92675,0.22379,0.33498,0.71737,0.88377,0.51901,0.71737
3.011,13.10335,7.01376,0.06882,0.02151,0.9974,0.99864,0.0,0.0,nan,0.0,0.00513,0.01417,15.79425,1.87238,0.22781,0.51279,0.65463,0.7959,0.53408,0.65463
3.02196,15.00704,-7.72592,0.02331,-0.00858,-0.99969,0.98805,0.00856,0.0428,0.7,1.0,0.01995,0.12252,4.88913,1.90024,0.22798,0.359,0.60708,0.63919,0.52625,0.60708
3.01789,14.99503,7.1084,0.06397,-0.07783,0.99491,0.99875,0.0,0.0,nan,0.0,0.00425,0.00995,17.02186,3.052,0.2317,0.48372,0.65912,0.98657,0.32765,0.65912
2.98893,17.03926,-7.7173,0.00776,-0.00567,-0.99995,0.98909,0.0,0.0,nan,0.0,0.02081,0.09498,3.69017,1.98031,0.22621,0.3379,0.49155,0.99972,0.50497,0.49155
2.94672,16.87869,7.15757,0.06969,-0.15935,0.98476,0.9974,0.0,0.0,nan,0.0,0.00754,0.01626,15.61926,3.05252,0.24154,0.56087,0.43005,0.93322,0.3276,0.43005
2.97214,18.99883,-7.71808,0.01119,-0.05063,-0.99865,0.99968,0.0,0.0,nan,0.0,0.02458,0.08322,3.86454,1.90112,0.22831,0.49272,0.76172,0.94503,0.52601,0.76172
2.97111,18.93809,7.79113,0.13611,-0.06248,0.98872,0.99459,0.0,0.0,nan,0.0,0.00656,0.02172,13.77055,2.91053,0.23758,0.55497,0.56168,0.62359,0.34358,0.56168
2.70112,21.91504,-8.00112,0.02865,-0.03369,-0.99902,0.99968,0.0,0.0,nan,0.0,0.02018,0.10963,4.01005,1.9054,0.22924,0.46101,0.87013,0.97198,0.52482,0.87013
3.01844,20.97301,-7.92982,0.04117,-0.05523,-0.99762,0.99875,0.00077,0.00384,0.51,1.0,0.02083,0.07626,4.04989,1.9146,0.2278,0.49445,0.79613,0.9682,0.5223,0.79613
3.10179,21.0259,7.61824,0.13336,0.05474,0.98956,0.99646,0.0,0.0,nan,0.0,0.00417,0.02584,11.11647,1.81256,0.23078,0.39788,0.3653,0.47881,0.55171,0.3653
2.82943,23.02036,-8.03641,0.03239,0.00852,-0.99944,0.99958,0.0,0.0,nan,0.0,0.01262,0.09754,4.28887,2.04374,0.22478,0.48304,0.86173,0.61149,0.4893,0.86173
3.64794,23.09076,-7.99961,0.09984,0.00238,-0.995,0.99875,0.01298,0.06489,0.51,1.0,0.01144,0.04486,4.04146,2.10007,0.22942,0.38116,0.58184,1.0,0.47618,0.58184
3.10016,23.07611,7.47519,0.06484,0.1281,0.98964,0.99636,0.0,0.0,nan,0.0,0.00671,0.02604,14.08396,1.69275,0.23276,0.5014,0.39569,0.58703,0.59076,0.39569
3.07416,24.03739,-8.00012,0.03764,0.04418,-0.99831,0.99844,0.02593,0.12963,0.51,1.0,0.01276,0.05924,4.15737,1.91006,0.22912,0.39324,0.58691,0.81152,0.52354,0.58691
2.98048,24.9581,-7.90473,0.01498,0.07667,-0.99694,0.99896,0.00039,0.00194,0.51,1.0,0.01554,0.06451,4.05691,2.38712,0.23181,0.49,0.5626,0.73409,0.41891,0.5626
3.03924,24.99061,6.99474,0.02471,0.12871,0.99137,0.99916,0.0,0.0,nan,0.0,0.00644,0.01981,14.79322,1.81256,0.21859,0.50125,0.52702,0.73631,0.55171,0.52702
3.0165,27.0129,-7.64604,0.0018,0.09962,-0.99502,0.99927,0.0,0.0,nan,0.0,0.03036,0.09268,3.81089,1.93064,0.23202,0.58722,0.64095,0.85062,0.51796,0.64095
2.9526,26.96526,7.00897,0.01533,0.13275,0.99103,0.99761,0.0,0.0,nan,0.0,0.00448,0.02135,12.82061,1.93899,0.21948,0.48935,0.70279,0.49557,0.51573,0.70279
3.00417,28.98531,-7.49598,0.0211,0.11924,-0.99264,0.99812,0.0,0.0,nan,0.0,0.01659,0.0598,4.3591,2.06029,0.22569,0.45957,0.32024,0.88057,0.48537,0.32024
3.00877,28.97365,6.55822,0.06353,0.25061,0.966,0.99688,0.0,0.0,nan,0.0,0.0127,0.06848,9.76863,1.81256,0.23622,0.69615,0.77961,0.35444,0.55171,0.77961
3.00143,31.07764,-7.13306,0.0189,0.31909,-0.94754,0.99709,0.0,0.0,nan,0.0,0.00444,0.02439,10.37181,1.78276,0.2308,0.58474,0.69358,0.37155,0.56093,0.69358
3.11821,31.41877,5.59398,0.03811,0.31191,0.94935,0.99781,0.0,0.0,nan,0.0,0.00657,0.02236,12.35025,1.81256,0.23533,0.55513,0.60942,0.6147,0.55171,0.60942
2.90316,30.42694,6.15098,0.07467,0.33446,0.93945,0.99626,0.0,0.0,nan,0.0,0.00517,0.02158,10.5961,3.46035,0.24213,0.55269,0.42993,0.51553,0.28899,0.42993
3.01966,32.6466,-6.35683,0.02148,0.4642,-0.88547,0.99844,0.0,0.0,nan,0.0,0.00548,0.02364,13.68205,3.42631,0.23591,0.49161,0.5887,0.54067,0.29186,0.5887
2.98898,33.66908,-5.86254,0.04232,0.47314,-0.87997,0.99937,0.0,0.0,nan,0.0,0.00652,0.02302,17.104,1.89255,0.23426,0.51174,0.64151,0.61841,0.52839,0.64151
3.09412,32.94812,5.26634,0.00808,0.30435,0.95253,0.99532,0.0,0.0,nan,0.0,0.00551,0.01709,11.67748,3.56719,0.24227,0.52629,0.42032,0.71753,0.28033,0.42032
2.86798,34.94447,-4.89435,0.07892,0.48682,-0.86993,0.99823,0.0,0.0,nan,0.0,0.00947,0.0229,16.02891,1.90099,0.23541,0.59081,0.30678,0.78691,0.52604,0.30678
3.05092,35.82795,3.87978,0.01516,0.65442,0.75598,0.98784,0.00027,0.00133,0.51,1.0,0.01029,0.10334,4.14087,1.72137,0.23863,0.27894,0.48217,0.52914,0.58093,0.48217
3.0453,34.83403,4.58763,0.02396,0.46558,0.88468,0.984,0.0,0.0,nan,0.0,0.00227,0.02608,8.76782,1.64778,0.24172,0.35105,0.6457,0.30492,0.60688,0.6457
2.96635,36.46356,-4.3865,0.09474,0.67367,-0.73294,0.96417,0.0,0.0,nan,0.0,0.00445,0.02107,15.25157,1.92375,0.23155,0.51534,0.55185,0.4637,0.51982,0.55185
3.02083,37.35495,-3.03407,0.04766,0.89506,-0.44339,0.96313,0.02586,0.02586,0.7,0.72727,0.00419,0.02621,18.63237,1.81256,0.23605,0.60439,0.84778,0.42677,0.55171,0.84778
2.97231,37.72697,-1.01016,-0.01658,0.99663,-0.08038,0.99241,0.0,0.0,nan,0.0,0.00741,0.03031,7.72827,2.55107,0.2319,0.43892,0.41906,0.70116,0.39199,0.41906
2.99815,37.65854,0.9783,-0.001,0.97651,0.21548,0.98203,0.0,0.0,nan,0.0,0.0058,0.0367,6.68311,1.6811,0.23394,0.50852,0.64532,0.40395,0.59485,0.64532
3.04114,36.71345,2.93675,0.01981,0.81135,0.58423,0.98224,0.0,0.0,nan,0.0,0.00983,0.04839,3.29633,2.39602,0.235,0.40296,0.67419,0.81031,0.41736,0.67419
4.97619,1.32746,-2.95865,0.08632,-0.83211,-0.54786,0.98078,0.0,0.0,nan,0.0,0.00348,0.01432,18.10804,2.23882,0.2318,0.39156,0.73697,0.68863,0.44666,0.73697
5.05032,0.66699,-1.01126,0.04815,-0.98025,-0.19183,0.98816,0.0,0.0,nan,0.0,0.00279,0.04341,18.19468,1.84568,0.23643,0.59313,0.91708,0.25808,0.54181,0.91708
4.95387,0.59199,1.06865,0.03159,-0.98773,0.15292,0.97466,0.0,0.0,nan,0.0,0.01117,0.03935,6.04345,3.30417,0.23505,0.46846,0.7445,0.80673,0.30265,0.7445
4.89949,1.30033,2.84568,0.05277,-0.81572,0.57603,0.95939,0.0,0.0,nan,0.0,0.00675,0.0403,6.63424,1.87193,0.23457,0.31747,0.3513,0.68672,0.53421,0.3513
4.9899,3.01675,-4.83692,0.09382,-0.65582,-0.74907,0.99719,0.0,0.0,nan,0.0,0.00351,0.01112,15.52564,3.22083,0.23122,0.47233,0.61616,0.75326,0.31048,0.61616
4.76921,2.19414,-3.73653,0.10357,-0.72927,-0.67634,0.9975,0.0,0.0,nan,0.0,0.00434,0.01218,17.03344,1.81256,0.23577,0.40236,0.42211,0.99002,0.55171,0.42211
5.09467,2.32536,3.76799,0.08955,-0.6114,0.78624,0.98213,0.0009,0.00449,0.6,1.0,0.00717,0.03869,5.96638,1.73533,0.24469,0.4612,0.40346,0.5363,0.57626,0.40346
4.88528,3.25769,4.41199,0.12342,-0.46409,0.87715,0.99023,0.00255,0.01273,0.6,1.0,0.00983,0.05521,6.85029,1.81256,0.23838,0.51059,0.32185,0.45051,0.55171,0.32185
4.96156,5.46923,-6.18846,0.08222,-0.35064,-0.93289,0.99677,0.0,0.0,nan,0.0,0.00263,0.01836,7.28177,1.64778,0.24609,0.45376,0.38473,0.40203,0.60688,0.38473
5.01935,4.41116,-5.79475,0.07661,-0.49258,-0.86689,0.98971,0.0,0.0,nan,0.0,0.0026,0.01231,10.01291,3.24836,0.2458,0.48704,0.50124,0.52109,0.30785,0.50124
5.00265,4.99451,5.1402,0.13552,-0.30507,0.94264,0.99511,0.02025,0.10124,0.7,1.0,0.00504,0.03094,18.28788,1.84633,0.23568,0.37299,0.44786,0.48458,0.54162,0.44786
5.01015,7.01596,-6.56517,0.11543,-0.21361,-0.97008,0.99958,0.0,0.0,nan,0.0,0.01643,0.06783,4.40545,1.95226,0.23561,0.3616,0.28491,0.97384,0.51223,0.28491
4.93724,6.87893,5.19562,0.13065,-0.34538,0.92932,0.98753,0.00904,0.04519,0.7,1.0,0.00523,0.02151,19.99809,1.882,0.22696,0.4079,0.49625,0.65585,0.53135,0.49625
4.88234,7.82,6.07794,0.11516,-0.36742,0.9229,0.9974,0.0,0.0,nan,0.0,0.00443,0.02171,18.33882,1.84998,0.23025,0.43192,0.60222,0.52442,0.54055,0.60222
5.01111,8.98805,-6.93874,0.12648,-0.18103,-0.97531,0.99906,0.0,0.0,nan,0.0,0.00687,0.03898,4.22016,1.95237,0.23191,0.36002,0.83691,1.0,0.5122,0.83691
4.97683,9.01854,6.58955,0.08737,-0.32122,0.94296,0.99262,0.00018,0.00088,0.7,1.0,0.00421,0.03734,16.28725,1.64778,0.23521,0.44985,0.63001,0.28144,0.60688,0.63001
5.04665,10.99438,-7.34411,0.1251,-0.15435,-0.98007,0.99947,0.0,0.0,nan,0.0,0.01127,0.05029,5.19998,2.01669,0.23652,0.32283,0.59131,0.96148,0.49586,0.59131
5.01966,11.04126,6.90988,0.07222,-0.07808,0.99433,0.98504,0.0,0.0,nan,0.0,0.01269,0.06402,8.09426,1.89648,0.22537,0.62803,0.44911,0.39347,0.52729,0.44911
5.00912,13.00435,-7.58695,0.13433,-0.07329,-0.98822,0.99906,0.0,0.0,nan,0.0,0.01373,0.05689,5.45641,1.92563,0.23075,0.36427,0.54366,0.90538,0.51931,0.54366
5.03625,13.06667,6.91582,0.03605,0.00372,0.99934,0.99418,0.0,0.0,nan,0.0,0.00805,0.0225,14.13229,1.8351,0.23035,0.5239,0.41103,0.7791,0.54493,0.41103
5.02691,14.96637,-7.63364,0.13477,-0.01568,-0.99075,0.99968,0.0,0.0,nan,0.0,0.01305,0.05251,4.99417,2.18266,0.23143,0.36589,0.39499,0.951,0.45816,0.39499
5.108,15.03863,6.90785,0.04791,-0.05917,0.9971,0.99885,0.0,0.0,nan,0.0,0.0054,0.01384,15.48417,1.90119,0.23077,0.44802,0.61407,0.98365,0.52599,0.61407
5.04734,16.97632,-7.67079,0.13035,-0.01188,-0.9914,0.99906,0.0,0.0,nan,0.0,0.01124,0.03693,4.08274,2.68263,0.23257,0.48138,0.76504,0.99003,0.37277,0.76504
4.98126,16.92845,7.20022,0.09111,-0.10518,0.99027,0.99812,0.0,0.0,nan,0.0,0.00334,0.01037,15.30159,2.04215,0.23672,0.36694,0.37699,0.99311,0.48968,0.37699
5.03015,18.99717,-7.73389,0.15106,-0.01448,-0.98842,0.99896,0.0,0.0,nan,0.0,0.01097,0.03452,3.74667,2.905,0.23217,0.56746,0.79407,1.0,0.34423,0.79407
4.99111,19.04891,7.1203,0.15008,-0.02841,0.98827,0.99719,0.0,0.0,nan,0.0,0.00893,0.01967,15.51028,3.42157,0.24347,0.57631,0.64308,0.88883,0.29226,0.64308
5.01378,21.00762,-7.74895,0.19761,-0.01242,-0.9802,0.99906,0.0,0.0,nan,0.0,0.01083,0.03466,3.87408,2.71949,0.23372,0.5582,0.7292,0.84837,0.36772,0.7292
5.13488,20.97018,7.33884,0.14198,-0.02233,0.98962,0.99854,0.0,0.0,nan,0.0,0.00607,0.02395,14.82025,1.81256,0.22007,0.36478,0.31025,0.78811,0.55171,0.31025
5.061,23.00052,-7.72029,0.214,-0.01419,-0.97673,0.99937,0.0,0.0,nan,0.0,0.00975,0.03189,4.14016,2.35699,0.22905,0.50299,0.45452,0.90157,0.42427,0.45452
4.93359,23.02753,7.42567,0.07434,0.07242,0.9946,0.99781,0.0,0.0,nan,0.0,0.00623,0.02109,15.03033,1.64778,0.23511,0.49704,0.37456,0.67369,0.60688,0.37456
5.04116,24.98401,-7.81827,0.17778,0.03379,-0.98349,0.99885,0.0,0.0,nan,0.0,0.00781,0.03145,4.32237,2.39962,0.23352,0.54417,0.6676,0.66742,0.41673,0.6676
4.91022,25.02655,7.11584,0.05121,0.11967,0.99149,0.99833,0.0,0.0,nan,0.0,0.00618,0.02214,15.8402,1.64778,0.2139,0.53165,0.46427,0.59154,0.60688,0.46427
5.08334,27.01121,-7.64386,0.1554,0.09195,-0.98356,0.99947,0.0,0.0,nan,0.0,0.00931,0.03784,4.1062,1.71552,0.2424,0.49229,0.58116,0.74289,0.58291,0.58116
5.07898,26.97799,6.87779,0.06299,0.16622,0.98408,0.99823,0.0,0.0,nan,0.0,0.00963,0.04064,15.07368,1.64778,0.23062,0.51242,0.43755,0.52385,0.60688,0.43755
5.06976,28.99464,-7.38772,0.15628,0.13783,-0.97805,0.99927,0.0,0.0,nan,0.0,0.01475,0.04649,4.0957,1.91838,0.23716,0.5109,0.50783,0.92416,0.52127,0.50783
5.60091,29.66859,5.70118,0.0724,0.29492,0.95278,0.99802,0.0,0.0,nan,0.0,0.00822,0.02874,15.19848,1.69758,0.23038,0.60089,0.68285,0.5388,0.58907,0.68285
4.98122,28.95341,6.37907,0.10316,0.2806,0.95426,0.99761,0.0,0.0,nan,0.0,0.00346,0.01928,13.95259,1.69961,0.21558,0.47769,0.60618,0.42962,0.58837,0.60618
5.09921,31.01688,-7.05832,0.14718,0.28753,-0.9464,0.99542,0.0,0.0,nan,0.0,0.00543,0.0436,6.63644,2.19469,0.22519,0.37379,0.35341,0.43366,0.45564,0.35341
5.08579,31.09937,5.74763,0.06005,0.28126,0.95775,0.99906,0.0,0.0,nan,0.0,0.00545,0.01561,15.39681,1.69881,0.22317,0.56637,0.55929,0.69595,0.58865,0.55929
4.49545,30.2623,6.07411,0.09277,0.31961,0.943,0.99896,0.0,0.0,nan,0.0,0.0046,0.01645,14.63711,1.87448,0.22557,0.57255,0.55432,0.55562,0.53348,0.55432
4.97037,32.60026,-6.4191,0.08121,0.41689,-0.90532,0.99677,0.0,0.0,nan,0.0,0.0049,0.02675,10.1085,1.87793,0.228,0.39789,0.36727,0.55168,0.5325,0.36727
5.06941,33.49038,-5.70787,0.0362,0.47851,-0.87734,0.99916,0.0,0.0,nan,0.0,0.00978,0.02933,14.37045,1.84761,0.23609,0.49034,0.31792,0.775,0.54124,0.31792
5.01063,32.91549,5.21252,0.05089,0.26869,0.96188,0.99844,0.0,0.0,nan,0.0,0.0067,0.0174,13.57659,1.71678,0.23425,0.54157,0.57455,0.81525,0.58249,0.57455
5.05291,34.9355,-4.83163,0.04451,0.54059,-0.84011,0.99927,0.0,0.0,nan,0.0,0.00855,0.02782,17.48812,1.95006,0.22153,0.43667,0.5237,0.78384,0.5128,0.5237
4.99169,35.86057,3.8705,0.02381,0.65054,0.75909,0.98026,0.0,0.0,nan,0.0,0.00169,0.01945,6.34512,1.64778,0.24792,0.42647,0.72665,0.26758,0.60688,0.72665
5.04272,34.84157,4.52194,0.01878,0.45684,0.88935,0.98452,0.0,0.0,nan,0.0,0.00513,0.0256,9.85755,1.64778,0.23478,0.56202,0.5255,0.42865,0.60688,0.5255
4.95999,36.31678,-4.25435,0.0747,0.6879,-0.72195,0.97362,0.00664,0.03321,0.7,1.0,0.00747,0.02295,19.20096,1.83965,0.23829,0.48097,0.36064,0.74699,0.54358,0.36064
5.01942,37.05888,-3.02316,0.10698,0.86408,-0.49186,0.9705,0.19581,0.19581,0.7,0.69406,0.01064,0.02991,13.42829,1.8546,0.23241,0.48317,0.41362,0.84624,0.5392,0.41362
4.95711,37.63112,-1.04259,0.09957,0.98699,-0.12624,0.99241,0.01775,0.08874,0.7,1.0,0.01172,0.04254,10.73221,1.87953,0.22976,0.50183,0.51404,0.65144,0.53205,0.51404
5.01409,37.57673,1.03661,0.06135,0.97339,0.22078,0.98172,0.0,0.0,nan,0.0,0.01513,0.07945,7.82745,1.81256,0.2389,0.66639,0.68282,0.35889,0.55171,0.68282
4.98662,36.6632,2.96631,0.01627,0.80261,0.59629,0.98452,0.0,0.0,nan,0.0,0.00952,0.13018,3.67221,1.99424,0.23511,0.48365,0.90184,0.45441,0.50144,0.90184
7.04469,1.45743,-2.8092,0.0778,-0.81688,-0.57154,0.97725,0.0,0.0,nan,0.0,0.00456,0.02521,24.24474,2.0767,0.23388,0.44488,0.86196,0.68517,0.48153,0.86196
7.00726,0.81756,-0.99684,0.05886,-0.97315,-0.2225,0.99054,0.0,0.0,nan,0.0,0.00266,0.04369,18.33308,2.89336,0.23255,0.57776,0.93417,0.28408,0.34562,0.93417
7.03014,0.60822,0.96368,0.05307,-0.98691,0.15226,0.96697,0.0,0.0,nan,0.0,0.01251,0.04081,7.09753,3.02673,0.22957,0.47524,0.68685,0.82695,0.33039,0.68685
7.08372,1.34728,2.73783,0.07794,-0.79187,0.6057,0.94537,0.0,0.0,nan,0.0,0.00448,0.0232,8.23218,3.58008,0.2376,0.37638,0.60591,0.63827,0.27932,0.60591
7.07637,3.27419,-4.73746,0.13432,-0.62721,-0.76718,0.99761,0.0,0.0,nan,0.0,0.00543,0.01434,20.70511,1.81256,0.23738,0.55614,0.41711,0.74624,0.55171,0.41711
6.95314,2.55243,-3.58843,0.10517,-0.70375,-0.70262,0.99885,0.0,0.0,nan,0.0,0.00494,0.01411,22.52959,1.85945,0.23048,0.40088,0.38735,0.95042,0.53779,0.38735
7.11432,2.78808,3.58584,0.11372,-0.50553,0.85528,0.99086,0.0,0.0,nan,0.0,0.00418,0.01536,8.28804,1.88855,0.23763,0.49708,0.3228,0.67945,0.52951,0.3228
6.81678,3.40205,4.24433,0.13809,-0.41416,0.89967,0.99065,0.01618,0.08091,0.7,1.0,0.00468,0.0212,11.35288,1.64778,0.23797,0.49749,0.57565,0.52219,0.60688,0.57565
6.51619,5.62622,-6.09942,0.13004,-0.31468,-0.94025,0.99314,0.0,0.0,nan,0.0,0.00442,0.02376,9.71269,2.51616,0.23036,0.58593,0.39003,0.38249,0.39743,0.39003
7.06169,4.76385,-5.86554,0.14767,-0.4476,-0.88196,0.97061,0.0,0.0,nan,0.0,0.00499,0.01992,13.75673,1.89235,0.23751,0.58896,0.35556,0.48714,0.52844,0.35556
7.88129,4.16563,3.90527,0.08664,-0.36438,0.92721,0.99563,0.02371,0.11854,0.7,1.0,0.0062,0.01944,14.47671,1.83543,0.24789,0.5654,0.42723,0.64236,0.54483,0.42723
7.03168,5.04929,4.80143,0.14396,-0.34083,0.92904,0.99677,0.05673,0.28363,0.7,1.0,0.00649,0.02095,16.87066,1.84763,0.24355,0.48993,0.43642,0.70712,0.54123,0.43642
6.90613,7.07183,-6.20368,0.16004,-0.17119,-0.97215,0.99968,0.0,0.0,nan,0.0,0.00887,0.06705,5.6765,1.90256,0.2309,0.60593,0.76529,0.31032,0.52561,0.76529
7.78732,6.44161,-5.97801,0.16025,-0.21328,-0.96376,0.99709,0.0,0.0,nan,0.0,0.00364,0.02723,8.37662,3.29133,0.23775,0.54456,0.56472,0.30404,0.30383,0.56472
6.96834,7.0363,5.40098,0.10931,-0.37891,0.91896,0.99844,0.04803,0.24013,0.7,1.0,0.01163,0.03612,23.79809,1.85841,0.23214,0.50152,0.40865,0.69585,0.53809,0.40865
6.47858,7.80371,6.05687,0.10009,-0.38475,0.91758,0.99729,0.02227,0.11136,0.7,1.0,0.00845,0.0349,23.94266,1.73184,0.22744,0.44357,0.38443,0.59133,0.57742,0.38443
6.98121,9.00118,-6.49589,0.19743,-0.16614,-0.96614,0.99979,0.0,0.0,nan,0.0,0.00778,0.0325,4.50801,1.9239,0.22836,0.34577,0.61618,0.99987,0.51978,0.61618
7.66064,8.26208,5.78006,0.08335,-0.38862,0.91762,0.98899,0.01843,0.09216,0.7,1.0,0.0094,0.03271,21.78553,1.64778,0.23593,0.48518,0.45553,0.64683,0.60688,0.45553
6.96582,9.04008,6.407,0.09972,-0.33558,0.93672,0.98629,0.0,0.0,nan,0.0,0.00725,0.04171,18.75261,1.94229,0.23166,0.47319,0.39311,0.40627,0.51486,0.39311
6.99902,11.00915,-6.84522,0.2158,-0.14419,-0.96573,0.99947,0.0,0.0,nan,0.0,0.00974,0.04098,4.30456,1.78505,0.22754,0.39397,0.53911,0.88405,0.56021,0.53911
6.99657,10.95914,6.7879,0.07285,-0.1448,0.98678,0.98452,0.0,0.0,nan,0.0,0.02892,0.15759,9.77869,1.92654,0.22121,0.7581,0.83601,0.40237,0.51906,0.83601
6.99637,13.01762,-7.09265,0.219,-0.07325,-0.97297,0.99979,0.0,0.0,nan,0.0,0.00746,0.05098,4.49548,2.38765,0.23234,0.3835,0.65097,0.55165,0.41882,0.65097
6.96532,13.12522,6.96614,0.03686,0.01367,0.99923,0.98857,0.0,0.0,nan,0.0,0.00696,0.0216,12.4625,1.84774,0.23749,0.50376,0.27732,0.74206,0.5412,0.27732
6.99292,15.03961,-7.1577,0.20238,-0.02598,-0.97896,0.99968,0.0,0.0,nan,0.0,0.01117,0.04143,4.41647,2.08673,0.22514,0.39167,0.59144,0.99973,0.47922,0.59144
7.02418,15.08324,7.08558,0.06173,-0.03201,0.99758,0.99927,0.0,0.0,nan,0.0,0.00442,0.01139,15.87853,3.62121,0.23912,0.56113,0.81527,0.98512,0.27615,0.81527
6.9857,17.02338,-7.22924,0.20095,-0.00338,-0.97959,0.99729,0.00046,0.00228,0.51,1.0,0.01073,0.04152,4.30314,1.91272,0.22655,0.37844,0.59855,1.0,0.52281,0.59855
7.00404,16.85577,7.19276,0.05897,-0.09541,0.99369,0.99916,0.0,0.0,nan,0.0,0.00589,0.01327,16.92245,3.56778,0.2461,0.5597,0.58621,0.88645,0.28029,0.58621
7.00986,18.99804,-7.18003,0.21554,0.01628,-0.97636,0.99719,0.00271,0.01354,0.51,1.0,0.00989,0.04864,4.21605,2.10278,0.22558,0.57561,0.85517,0.78532,0.47556,0.85517
6.9744,18.9991,7.06769,0.05573,0.00802,0.99841,0.99896,0.0,0.0,nan,0.0,0.01281,0.02988,17.46875,1.64778,0.23479,0.54658,0.65012,0.87415,0.60688,0.65012
6.99969,21.00343,-7.09729,0.22057,0.00896,-0.97533,0.99761,0.00498,0.0249,0.51,1.0,0.01175,0.03757,4.37836,2.08036,0.22162,0.52903,0.55699,0.86137,0.48069,0.55699
6.97529,21.02544,6.98499,0.07232,-0.03758,0.99667,0.99927,0.0,0.0,nan,0.0,0.00879,0.02623,14.6785,1.68629,0.24191,0.38063,0.47519,1.0,0.59302,0.47519
6.94956,22.97851,-7.10627,0.20543,-0.03391,-0.97808,0.99979,0.0,0.0,nan,0.0,0.01048,0.04222,5.63914,1.88577,0.23584,0.51148,0.49191,0.65746,0.53029,0.49191
7.04569,22.96357,7.16113,0.08677,0.02572,0.9959,0.99958,0.0,0.0,nan,0.0,0.00628,0.02269,15.58674,1.87546,0.22392,0.42188,0.4026,0.73974,0.5332,0.4026
6.99702,25.00172,-7.20171,0.19917,0.02237,-0.97971,0.99947,0.0,0.0,nan,0.0,0.01445,0.04433,5.61863,1.89622,0.24438,0.5805,0.58476,0.76146,0.52737,0.58476
7.01055,25.04439,6.89232,0.0935,0.13798,0.98601,0.99875,0.0,0.0,nan,0.0,0.01079,0.03958,16.81239,2.03589,0.22263,0.40271,0.51105,0.75742,0.49119,0.51105
6.96854,26.95845,-7.10106,0.22825,0.09745,-0.96871,0.99979,0.0,0.0,nan,0.0,0.01128,0.04256,4.51529,1.8835,0.23816,0.55743,0.76552,0.72212,0.53093,0.76552
7.01288,27.00819,6.62019,0.08486,0.17563,0.98079,0.99958,0.0,0.0,nan,0.0,0.0123,0.04186,15.73853,1.66268,0.22505,0.46483,0.43705,0.71226,0.60144,0.43705
6.96384,29.03639,-6.85444,0.23979,0.14067,-0.96058,0.99916,0.0,0.0,nan,0.0,0.01186,0.04238,4.3786,1.87979,0.22799,0.40781,0.48156,1.0,0.53197,0.48156
6.59037,29.79971,5.91519,0.0543,0.27532,0.95982,0.99979,0.0,0.0,nan,0.0,0.00735,0.02362,15.67106,1.72182,0.22157,0.56433,0.71233,0.62201,0.58078,0.71233
7.0418,28.87013,6.3132,0.04797,0.26899,0.96195,0.99896,0.0,0.0,nan,0.0,0.00731,0.02715,16.47759,1.74155,0.22358,0.51004,0.70784,0.59179,0.5742,0.70784
7.00043,30.98644,-6.50749,0.22114,0.24905,-0.94291,0.99947,0.0,0.0,nan,0.0,0.00461,0.0299,9.3072,1.87951,0.23409,0.40126,0.58219,0.46673,0.53205,0.58219
6.95258,30.98885,5.4907,0.03778,0.26672,0.96303,0.99958,0.0,0.0,nan,0.0,0.01117,0.02844,15.75159,1.65736,0.23132,0.62749,0.55825,0.70535,0.60337,0.55825
6.81863,32.38511,-6.1829,0.17879,0.33289,-0.92586,0.99885,0.0,0.0,nan,0.0,0.00682,0.03423,12.60045,1.65381,0.22715,0.36933,0.45139,0.62515,0.60466,0.45139
7.16273,33.2788,-5.80598,0.15581,0.38784,-0.90846,0.99916,0.0,0.0,nan,0.0,0.00681,0.02713,15.54592,1.81256,0.22157,0.35093,0.35793,0.80733,0.55171,0.35793
7.02182,33.14994,5.24099,0.04705,0.26792,0.96229,0.99594,0.0,0.0,nan,0.0,0.01092,0.02673,14.13874,1.64778,0.22747,0.61373,0.51436,0.7599,0.60688,0.51436
7.08678,34.95792,-4.816,0.12967,0.56166,-0.81714,0.99449,0.0,0.0,nan,0.0,0.00966,0.03109,17.41869,1.98709,0.22875,0.38912,0.34599,0.88976,0.50325,0.34599
7.93167,35.88129,-3.97089,0.15266,0.72305,-0.67371,0.98764,0.0,0.0,nan,0.0,0.01142,0.02952,17.89358,1.69635,0.22836,0.50727,0.47827,0.84801,0.5895,0.47827
7.04172,35.87631,3.89047,0.03602,0.63722,0.76984,0.97424,0.0,0.0,nan,0.0,0.00109,0.01294,7.60864,3.34313,0.24636,0.45564,0.82557,0.30829,0.29912,0.82557
6.98518,34.77391,4.41134,0.0381,0.46691,0.88349,0.99314,0.0,0.0,nan,0.0,0.00193,0.00936,8.36956,3.20215,0.23747,0.42727,0.49437,0.59824,0.31229,0.49437
6.77828,36.14717,-4.16726,0.13866,0.71944,-0.68057,0.97237,0.00092,0.0046,0.6,1.0,0.01066,0.03075,17.81266,1.64778,0.23572,0.47317,0.64838,0.81493,0.60688,0.64838
6.97943,36.71918,-3.09592,0.16613,0.85601,-0.48953,0.98535,0.03207,0.16037,0.7,1.0,0.01761,0.04454,19.49019,3.06201,0.23016,0.60437,0.59624,0.72148,0.32658,0.59624
7.00852,37.261,-0.98921,0.15768,0.97562,-0.15262,0.99542,0.02235,0.11175,0.7,1.0,0.00763,0.02855,12.05456,1.83402,0.22568,0.46158,0.68847,0.67544,0.54525,0.68847
7.11196,37.45956,0.93848,0.1172,0.98315,0.1403,0.97694,0.0,0.0,nan,0.0,0.00519,0.04155,10.74831,1.9931,0.23343,0.46072,0.77541,0.35018,0.50173,0.77541
7.00511,36.60975,2.92059,0.03584,0.81264,0.58166,0.97216,0.0,0.0,nan,0.0,0.00537,0.04593,6.87657,1.81256,0.24796,0.59052,0.77219,0.27529,0.55171,0.77219
9.00796,1.67396,-2.50182,0.10324,-0.80524,-0.5839,0.98629,0.0,0.0,nan,0.0,0.00432,0.02673,28.9069,1.98652,0.2328,0.5672,0.90227,0.59368,0.50339,0.90227
9.01002,0.9288,-1.01708,0.07563,-0.96706,-0.24304,0.99086,0.0,0.0,nan,0.0,0.00334,0.03701,21.28181,1.9234,0.22902,0.62771,0.92971,0.37049,0.51991,0.92971
9.02742,0.70546,0.99796,0.07378,-0.98091,0.1799,0.9649,0.0,0.0,nan,0.0,0.01071,0.03461,6.55076,1.91701,0.22884,0.45278,0.53013,0.89221,0.52165,0.53013
8.98582,1.45147,2.62104,0.06634,-0.78959,0.61003,0.95389,0.0,0.0,nan,0.0,0.00775,0.03457,8.12451,2.34624,0.22934,0.46251,0.66051,0.60368,0.42621,0.66051
8.56196,3.73758,-4.25185,0.12596,-0.61815,-0.7759,0.99979,0.0,0.0,nan,0.0,0.00389,0.01086,20.13776,1.81256,0.23899,0.48072,0.39817,0.81917,0.55171,0.39817
8.87912,2.81087,-3.79895,0.12639,-0.65871,-0.7417,0.99979,0.0,0.0,nan,0.0,0.0058,0.0143,21.75919,1.89225,0.23316,0.47663,0.5032,0.93003,0.52847,0.5032
8.90789,2.73617,3.65008,0.05642,-0.50155,0.86329,0.98691,0.0,0.0,nan,0.0,0.00429,0.01484,10.07397,3.62512,0.23336,0.51448,0.53302,0.67383,0.27585,0.53302
9.44782,3.68049,4.09144,0.03671,-0.39789,0.9167,0.99636,0.0,0.0,nan,0.0,0.00621,0.01735,11.59584,1.8802,0.23825,0.59557,0.46984,0.70421,0.53186,0.46984
8.95083,4.95843,-5.19038,0.14866,-0.45406,-0.87848,0.99906,0.0,0.0,nan,0.0,0.00361,0.01684,14.55528,3.60537,0.24571,0.55405,0.44697,0.43973,0.27736,0.44697
8.24687,4.40782,3.89295,0.06413,-0.35433,0.93292,0.99241,0.02027,0.10133,0.7,1.0,0.006,0.02039,16.07319,1.81256,0.23832,0.56174,0.40379,0.58884,0.55171,0.40379
9.01808,5.16764,4.29356,0.01431,-0.36518,0.93083,0.99231,0.02348,0.11738,0.7,1.0,0.00719,0.0201,17.87967,1.81256,0.23864,0.50882,0.31225,0.78143,0.55171,0.31225
8.21702,7.76611,-6.02038,0.16677,-0.13954,-0.97607,0.99958,0.0,0.0,nan,0.0,0.00253,0.06374,5.34465,2.68932,0.23583,0.62569,0.96678,0.28473,0.37184,0.96678
9.06611,6.9432,-5.8841,0.14505,-0.16777,-0.9751,0.99802,0.0,0.0,nan,0.0,0.00151,0.02933,7.76878,1.81256,0.23955,0.51476,0.91987,0.27608,0.55171,0.91987
8.8882,7.03097,5.13586,-0.00307,-0.39173,0.92008,0.99792,0.03195,0.15975,0.7,1.0,0.01179,0.03019,24.05375,1.86821,0.23541,0.55242,0.33018,0.76553,0.53527,0.33018
8.91862,9.14456,-6.17735,0.17172,-0.14069,-0.97505,0.99979,0.0,0.0,nan,0.0,0.01157,0.05123,4.74402,1.9293,0.22385,0.32122,0.55737,1.0,0.51832,0.55737
9.58336,8.33346,-5.9605,0.15647,-0.12115,-0.98022,0.99979,0.0,0.0,nan,0.0,0.00839,0.04665,4.6878,2.05461,0.21701,0.25664,0.73478,1.0,0.48671,0.73478
8.9929,8.5669,5.61577,0.01965,-0.3479,0.93733,0.99106,0.0,0.0,nan,0.0,0.0066,0.02791,20.87245,2.02278,0.227,0.49985,0.39114,0.51816,0.49437,0.39114
8.9398,9.38579,6.29179,0.05392,-0.28951,0.95566,0.98961,0.0,0.0,nan,0.0,0.00518,0.03264,18.97923,1.912,0.22254,0.51489,0.41242,0.34064,0.52301,0.41242
9.01463,11.00814,-6.44409,0.19419,-0.12987,-0.97233,0.99968,0.0,0.0,nan,0.0,0.01719,0.06931,4.67813,1.90723,0.21859,0.36037,0.58601,0.98234,0.52432,0.58601
9.00756,10.94395,6.64304,0.07622,-0.18154,0.98042,0.98494,0.0,0.0,nan,0.0,0.00574,0.05707,12.84095,2.22553,0.22438,0.67775,0.89028,0.3111,0.44933,0.89028
8.9805,12.97126,-6.69419,0.19224,-0.09224,-0.977,0.99968,0.0,0.0,nan,0.0,0.02351,0.12932,3.95546,2.0305,0.2182,0.27368,0.46647,1.0,0.49249,0.46647
8.95132,13.10208,6.86553,0.08791,0.00058,0.99613,0.98836,0.0,0.0,nan,0.0,0.00335,0.01492,11.39228,1.75837,0.23629,0.4419,0.36361,0.59789,0.56871,0.36361
9.01261,14.99652,-6.80319,0.17503,-0.04271,-0.98364,0.99958,0.0,0.0,nan,0.0,0.01257,0.07506,4.44599,2.01839,0.21436,0.24344,0.51872,0.99748,0.49545,0.51872
8.97328,15.008,6.61197,0.05426,-0.033,0.99798,0.99646,0.0,0.0,nan,0.0,0.00408,0.01482,18.01652,1.86391,0.23584,0.50259,0.81753,0.77699,0.53651,0.81753
8.97306,16.98758,-6.84994,0.16002,-0.00517,-0.9871,0.9974,0.00236,0.01181,0.51,1.0,0.0099,0.05087,4.4681,2.08755,0.20413,0.28213,0.74408,0.99836,0.47903,0.74408
8.93994,16.78893,6.90772,0.04639,-0.10397,0.9935,0.99927,0.0,0.0,nan,0.0,0.01064,0.02138,18.46216,1.72517,0.23269,0.59879,0.70904,0.92099,0.57965,0.70904
9.02266,18.97263,-6.81186,0.14801,0.01598,-0.98886,0.99792,0.02335,0.11675,0.51,1.0,0.01113,0.05446,4.56802,2.27712,0.22685,0.29377,0.38647,1.0,0.43915,0.38647
8.99646,19.02551,7.16716,0.06718,0.00029,0.99774,0.99324,0.0,0.0,nan,0.0,0.02218,0.03895,16.95354,1.67576,0.24059,0.6486,0.73364,0.98139,0.59674,0.73364
9.02073,21.00643,-6.79897,0.13932,-0.00357,-0.99024,0.99781,0.00012,0.00062,0.51,1.0,0.00861,0.04311,5.77953,2.10537,0.22963,0.3113,0.44085,0.86344,0.47498,0.44085
9.01107,20.98777,6.93179,0.09133,-0.00438,0.99581,0.99979,0.0,0.0,nan,0.0,0.01057,0.0286,15.53047,1.66703,0.2418,0.46137,0.48273,0.90428,0.59987,0.48273
8.99522,22.99634,-6.9222,0.13433,-0.04229,-0.99003,0.99979,0.0,0.0,nan,0.0,0.01593,0.04043,6.84312,1.69292,0.23603,0.54554,0.59009,0.93322,0.59069,0.59009
8.94555,23.01416,7.09284,0.08925,0.05805,0.99432,0.99698,0.0,0.0,nan,0.0,0.00799,0.0299,17.9178,1.89042,0.23074,0.37504,0.45924,0.79214,0.52898,0.45924
9.01699,25.00193,-7.04381,0.15717,0.05635,-0.98596,0.99927,0.0,0.0,nan,0.0,0.0117,0.03557,6.00934,2.01624,0.23021,0.49855,0.26401,0.87965,0.49597,0.26401
8.96031,24.89084,6.75188,0.09476,0.13411,0.98642,0.99937,0.0,0.0,nan,0.0,0.00905,0.03129,18.93612,2.019,0.21774,0.38847,0.46079,0.82266,0.4953,0.46079
8.99521,27.01879,-6.61462,0.20039,0.14223,-0.96934,0.99781,0.0,0.0,nan,0.0,0.01564,0.063,4.42232,2.05135,0.22599,0.38462,0.31283,0.93703,0.48748,0.31283
9.65243,27.39163,5.99688,0.09822,0.17138,0.9803,0.99937,0.0,0.0,nan,0.0,0.01416,0.04545,13.72298,2.0229,0.22259,0.48107,0.74367,0.7422,0.49434,0.74367
9.02054,27.02359,6.53376,0.08333,0.15237,0.9848,0.99968,0.0,0.0,nan,0.0,0.0103,0.03876,16.11947,1.76524,0.21712,0.38677,0.4889,0.77244,0.5665,0.4889
9.01203,29.01455,-6.37845,0.22589,0.14759,-0.96291,0.99781,0.0,0.0,nan,0.0,0.00338,0.07166,5.2533,1.88698,0.23305,0.52114,0.92663,0.28765,0.52995,0.92663
9.98087,29.99241,-5.99539,0.22761,0.19178,-0.95468,0.99792,0.0,0.0,nan,0.0,0.00149,0.03438,9.55067,1.91693,0.21748,0.47709,0.91514,0.23348,0.52167,0.91514
9.26118,29.64913,5.90193,0.07091,0.27238,0.95957,0.99916,0.0,0.0,nan,0.0,0.00966,0.04796,11.02819,1.81256,0.22992,0.606,0.56274,0.39277,0.55171,0.56274
8.90487,28.74119,6.21993,0.06084,0.23733,0.96952,0.99916,0.0,0.0,nan,0.0,0.00597,0.03381,11.73925,1.88849,0.22101,0.38127,0.44579,0.54193,0.52952,0.44579
8.80809,30.70663,-6.259,0.23049,0.21466,-0.9491,0.99916,0.0,0.0,nan,0.0,0.00254,0.02872,11.0228,1.66989,0.22119,0.34676,0.59737,0.30082,0.59884,0.59737
9.29463,31.52554,-5.80681,0.22375,0.24666,-0.94292,0.99979,0.0,0.0,nan,0.0,0.00364,0.02452,13.34102,2.04328,0.21208,0.37111,0.53288,0.4603,0.48941,0.53288
8.96206,31.07066,5.55632,0.08822,0.28996,0.95296,0.99896,0.0,0.0,nan,0.0,0.01528,0.04588,13.6654,1.8604,0.22702,0.65488,0.53308,0.5828,0.53752,0.53308
8.95315,33.07564,-5.46367,0.19352,0.34785,-0.91736,0.9975,0.0,0.0,nan,0.0,0.00864,0.02689,16.2142,1.66755,0.23105,0.42542,0.40589,0.8482,0.59968,0.40589
8.98411,32.99974,4.88849,0.08805,0.27935,0.95614,0.99937,0.0,0.0,nan,0.0,0.00875,0.02064,13.55207,1.64778,0.22878,0.58754,0.42014,0.82773,0.60688,0.42014
8.98233,34.75556,-4.64973,0.16249,0.53159,-0.83127,0.99013,0.0,0.0,nan,0.0,0.01117,0.02904,17.87148,1.64778,0.22976,0.45593,0.31947,0.93778,0.60688,0.31947
9.02386,35.60667,-3.64816,0.14044,0.72168,-0.67783,0.99542,0.0,0.0,nan,0.0,0.01235,0.03117,18.19543,1.81953,0.23584,0.5555,0.46351,0.7913,0.54959,0.46351
9.16557,35.75266,3.78406,0.07068,0.62338,0.77872,0.9651,0.0,0.0,nan,0.0,0.01379,0.05814,8.58719,3.19137,0.24315,0.74942,0.37867,0.39029,0.31335,0.37867
8.92255,34.83255,4.51745,0.08525,0.44115,0.89337,0.97694,0.0,0.0,nan,0.0,0.00398,0.01877,11.36806,1.74441,0.23021,0.58544,0.56594,0.42626,0.57326,0.56594
8.99259,36.48018,-2.82711,0.11669,0.87403,-0.47166,0.98712,0.0,0.0,nan,0.0,0.01243,0.0403,19.52432,1.89905,0.2326,0.61721,0.70393,0.55073,0.52658,0.70393
8.93464,36.96633,-1.01356,0.10868,0.97658,-0.18571,0.99626,0.0,0.0,nan,0.0,0.01335,0.04335,14.70787,1.85439,0.23918,0.58801,0.77956,0.65716,0.53926,0.77956
8.98691,37.13153,1.00987,0.08518,0.9893,0.11846,0.98577,0.0,0.0,nan,0.0,0.00761,0.04222,11.56503,1.89782,0.22943,0.59955,0.79242,0.4077,0.52692,0.79242
9.01164,36.62971,2.8348,0.06676,0.84804,0.52571,0.96386,0.0,0.0,nan,0.0,0.00546,0.02809,3.89798,3.44249,0.24195,0.41019,0.553,0.71694,0.29049,0.553
10.77046,1.51292,-2.2395,0.12574,-0.82634,-0.54895,0.9704,0.0,0.0,nan,0.0,0.00882,0.04094,26.69019,1.89253,0.22843,0.48536,0.84369,0.68137,0.52839,0.84369
10.97435,0.96964,-1.03646,0.11996,-0.95314,-0.27774,0.96998,0.0,0.0,nan,0.0,0.01013,0.04788,22.01971,1.77918,0.2315,0.58404,0.79737,0.46577,0.56206,0.79737
10.94514,0.85437,1.04325,0.11153,-0.96787,0.22534,0.9597,0.0,0.0,nan,0.0,0.01523,0.05462,9.36526,1.64778,0.23507,0.43597,0.5788,0.77628,0.60688,0.5788
10.95421,1.61413,2.48393,0.11398,-0.79995,0.58915,0.96697,0.0,0.0,nan,0.0,0.01046,0.04403,9.18951,1.64778,0.2347,0.44024,0.53059,0.65723,0.60688,0.53059
10.8299,3.88528,-4.19126,0.11383,-0.60171,-0.79056,0.99968,0.0,0.0,nan,0.0,0.00625,0.01676,18.20157,1.66295,0.24147,0.5298,0.58675,0.7816,0.60134,0.58675
11.05628,2.8383,-3.30369,0.10278,-0.66701,-0.73793,0.99947,0.0,0.0,nan,0.0,0.00541,0.01711,21.60514,1.64778,0.23085,0.34889,0.46011,0.98991,0.60688,0.46011
11.07728,2.75993,3.50774,0.10076,-0.55457,0.82601,0.98566,0.0,0.0,nan,0.0,0.00947,0.03877,9.88839,1.8461,0.23616,0.47919,0.5606,0.61271,0.54168,0.5606
10.58852,3.69462,4.17564,0.04295,-0.4125,0.90994,0.99034,0.0,0.0,nan,0.0,0.01431,0.04877,12.31582,1.8945,0.23184,0.74571,0.7335,0.45742,0.52784,0.7335
11.0673,4.78133,-5.19959,0.12359,-0.49102,-0.86234,0.97518,0.0,0.0,nan,0.0,0.00589,0.02309,14.67944,3.61808,0.24349,0.59791,0.43999,0.48508,0.27639,0.43999
11.91288,4.04912,-3.91297,0.11881,-0.60354,-0.78843,0.99771,0.0,0.0,nan,0.0,0.00879,0.02411,17.44042,1.90961,0.22884,0.53808,0.76172,0.78433,0.52367,0.76172
11.82321,4.07173,3.98324,0.1356,-0.41444,0.89992,0.99823,0.0,0.0,nan,0.0,0.01051,0.03109,12.12636,1.85401,0.23138,0.52989,0.51291,0.74298,0.53937,0.51291
10.98373,5.07047,4.47769,0.04449,-0.39051,0.91952,0.99937,0.0,0.0,nan,0.0,0.00885,0.02317,13.09544,1.67157,0.23799,0.52202,0.54573,0.84325,0.59824,0.54573
10.997,6.96392,-5.59131,0.15133,-0.15292,-0.97658,0.99947,0.0,0.0,nan,0.0,0.00483,0.03983,6.97385,1.81256,0.23447,0.56745,0.53397,0.27507,0.55171,0.53397
11.03341,6.80229,5.75461,0.06751,-0.37691,0.92379,0.96168,0.0,0.0,nan,0.0,0.00508,0.02473,16.9743,2.0752,0.22825,0.49506,0.73606,0.46392,0.48188,0.73606
11.07135,7.81484,6.07026,0.07464,-0.33237,0.94019,0.97476,0.0,0.0,nan,0.0,0.006,0.0326,18.93983,2.53726,0.23007,0.4881,0.60395,0.4171,0.39413,0.60395
10.15697,9.55575,-6.00804,0.17238,-0.12707,-0.9768,0.99979,0.0,0.0,nan,0.0,0.01449,0.05843,4.95492,2.37676,0.22041,0.34998,0.75084,0.99708,0.42074,0.75084
11.06066,8.97674,-5.84164,0.1665,-0.11204,-0.97965,0.99979,0.0,0.0,nan,0.0,0.01325,0.05624,4.88194,1.93311,0.21772,0.33349,0.60244,0.99615,0.5173,0.60244
10.67795,8.88339,5.99995,0.05667,-0.28266,0.95754,0.99626,0.0,0.0,nan,0.0,0.00608,0.03694,18.73423,2.74465,0.23878,0.46235,0.46047,0.39423,0.36435,0.46047
10.99576,9.12659,6.00444,0.0847,-0.26484,0.96057,0.99532,0.0,0.0,nan,0.0,0.00862,0.04344,15.25692,2.09627,0.22895,0.51813,0.4307,0.43346,0.47704,0.4307
10.66938,11.18769,-6.14436,0.18597,-0.1178,-0.97547,0.99979,0.0,0.0,nan,0.0,0.00871,0.07475,4.81446,2.06375,0.21565,0.33521,0.90881,1.0,0.48456,0.90881
11.50276,10.71291,-5.89899,0.18103,-0.11346,-0.97691,0.99979,0.0,0.0,nan,0.0,0.01175,0.07299,5.11279,1.92893,0.21277,0.34375,0.85895,1.0,0.51842,0.85895
10.98936,10.93371,6.49876,0.1117,-0.13576,0.98442,0.99179,0.0,0.0,nan,0.0,0.00511,0.0531,7.82083,1.83991,0.23124,0.54642,0.86022,0.34152,0.54351,0.86022
10.98598,13.00034,-6.31205,0.18987,-0.09895,-0.97681,0.99968,0.00696,0.0348,0.6,1.0,0.02192,0.11017,4.73786,1.7882,0.20655,0.28898,0.75543,0.99668,0.55922,0.75543
11.97857,12.05144,-5.9988,0.18966,-0.10845,-0.97584,0.99947,0.0,0.0,nan,0.0,0.01789,0.09485,5.11855,1.77635,0.21094,0.34248,0.82178,0.99415,0.56295,0.82178
10.95366,13.12542,6.54778,0.13341,-0.03127,0.99057,0.99231,0.0,0.0,nan,0.0,0.01101,0.03353,15.44825,1.83975,0.23194,0.57046,0.42237,0.65035,0.54355,0.42237
10.98203,15.00848,-6.50604,0.18876,-0.0561,-0.98042,0.99968,0.0,0.0,nan,0.0,0.00681,0.04988,4.54837,1.89296,0.21182,0.19816,0.32873,0.99217,0.52827,0.32873
10.98305,14.9614,6.6201,0.07208,-0.06292,0.99541,0.99771,0.0,0.0,nan,0.0,0.00968,0.02426,19.65378,1.89135,0.23991,0.50365,0.37216,0.87277,0.52872,0.37216
11.00382,16.96032,-6.51291,0.17981,-0.02045,-0.98349,0.99979,0.0,0.0,nan,0.0,0.00497,0.04022,4.77619,1.9048,0.2161,0.17532,0.38741,1.0,0.52499,0.38741
10.8704,16.97968,6.74966,0.09516,-0.05669,0.99385,0.99844,0.0,0.0,nan,0.0,0.01036,0.02476,21.34073,1.81256,0.23741,0.54403,0.49386,0.84165,0.55171,0.49386
11.00908,18.99984,-6.583,0.16605,-0.00145,-0.98612,0.9975,0.0,0.0,nan,0.0,0.01039,0.04425,5.1504,2.568,0.23668,0.33274,0.51528,0.97927,0.38941,0.51528
11.12948,19.03399,6.82994,0.16224,0.02562,0.98642,0.99927,0.0,0.0,nan,0.0,0.00792,0.02069,17.49717,1.64778,0.24349,0.45906,0.36461,0.92892,0.60688,0.36461
11.01691,21.02042,-6.57428,0.16287,0.00044,-0.98665,0.99916,0.0,0.0,nan,0.0,0.00661,0.04227,6.20632,1.86123,0.23273,0.21159,0.31797,0.97688,0.53728,0.31797
10.95823,21.02375,6.50652,0.13566,-0.02226,0.9905,0.99864,0.0,0.0,nan,0.0,0.00605,0.01593,16.78399,1.64778,0.23848,0.45817,0.56627,0.92754,0.60688,0.56627
10.96861,22.99388,-6.50958,0.16657,-0.03529,-0.9854,0.99979,0.0,0.0,nan,0.0,0.01289,0.03429,7.37553,2.10095,0.23542,0.47787,0.53028,1.0,0.47597,0.53028
10.94994,22.97796,6.79979,0.10609,0.04337,0.99341,0.99937,0.0,0.0,nan,0.0,0.00804,0.02112,17.18922,1.81256,0.23784,0.52172,0.36006,0.81458,0.55171,0.36006
11.01286,25.00921,-6.68273,0.16903,0.07932,-0.98241,0.99979,0.0,0.0,nan,0.0,0.01015,0.03273,5.53203,2.0874,0.22908,0.42199,0.44065,1.0,0.47907,0.44065
11.00265,24.97481,6.49594,0.09298,0.13889,0.98593,0.99937,0.0,0.0,nan,0.0,0.00752,0.02802,17.00823,1.81256,0.21528,0.38232,0.38946,0.7848,0.55171,0.38946
10.94078,26.93752,-6.23994,0.18238,0.17766,-0.96704,0.9974,0.0,0.0,nan,0.0,0.01196,0.04757,4.60849,1.74607,0.23653,0.41004,0.39571,0.87955,0.57271,0.39571
11.77534,27.67241,-5.95103,0.1787,0.1925,-0.96489,0.99761,0.0,0.0,nan,0.0,0.00596,0.03551,4.50714,1.93518,0.22399,0.24246,0.24892,0.99945,0.51675,0.24892
11.76307,26.99091,5.82786,0.11416,0.16499,0.97967,0.99906,0.0,0.0,nan,0.0,0.00753,0.03145,14.59347,1.90301,0.21833,0.41448,0.55152,0.65692,0.52548,0.55152
10.99427,26.94226,6.40583,0.10246,0.15232,0.98301,0.99968,0.0,0.0,nan,0.0,0.00677,0.02739,14.85275,2.02038,0.21141,0.39301,0.46651,0.71389,0.49496,0.46651
10.36376,28.66771,-6.11103,0.22424,0.14749,-0.96331,0.99792,0.0,0.0,nan,0.0,0.02075,0.09901,4.01848,1.89368,0.22606,0.31861,0.731,0.98538,0.52807,0.731
11.24425,29.17791,-5.81165,0.22429,0.1649,-0.96047,0.99823,0.0,0.0,nan,0.0,0.02255,0.13374,4.76689,1.81256,0.22786,0.52953,0.73078,0.45199,0.55171,0.73078
11.08067,29.29972,5.81259,0.13062,0.2661,0.95505,0.99896,0.0,0.0,nan,0.0,0.00799,0.03371,12.18621,1.85067,0.20767,0.57961,0.45572,0.47608,0.54035,0.45572
10.83454,28.33963,6.14897,0.11519,0.22239,0.96813,0.99927,0.0,0.0,nan,0.0,0.00482,0.02508,12.31688,1.81256,0.22031,0.42552,0.43569,0.52464,0.55171,0.43569
10.92809,31.03948,-5.55087,0.22994,0.22831,-0.94605,0.99761,0.0,0.0,nan,0.0,0.00333,0.02497,11.95041,1.83963,0.21931,0.38503,0.54032,0.40388,0.54359,0.54032
11.06823,31.07879,5.26576,0.1318,0.29547,0.94622,0.99947,0.0,0.0,nan,0.0,0.01176,0.03525,13.52789,1.64778,0.21671,0.62752,0.49923,0.61014,0.60688,0.49923
10.94685,32.9867,-5.01307,0.21333,0.31546,-0.92465,0.99906,0.0,0.0,nan,0.0,0.00761,0.02647,17.04463,1.90698,0.21853,0.39459,0.32999,0.81451,0.52439,0.32999
11.98077,33.9236,3.96598,0.16294,0.34339,0.92495,0.99906,0.0,0.0,nan,0.0,0.00542,0.01764,16.21861,2.15467,0.21938,0.48007,0.35877,0.71869,0.46411,0.35877
10.96713,33.00302,4.62957,0.14586,0.28822,0.94639,0.99927,0.0,0.0,nan,0.0,0.00815,0.01953,15.19926,1.91037,0.22502,0.57053,0.39978,0.82747,0.52346,0.39978
10.91905,34.69414,-4.52715,0.19211,0.50893,-0.8391,0.98161,0.0,0.0,nan,0.0,0.01014,0.03056,18.01886,1.89315,0.22746,0.39155,0.50017,0.94178,0.52822,0.50017
11.24781,35.57303,-3.6442,0.19731,0.68979,-0.69661,0.97486,0.0,0.0,nan,0.0,0.00783,0.02537,14.82158,1.87944,0.2359,0.41566,0.57286,0.84313,0.53207,0.57286
11.2055,35.39048,3.77149,0.13096,0.55286,0.82292,0.97455,0.0,0.0,nan,0.0,0.0036,0.01669,11.45032,1.87582,0.23382,0.53266,0.5813,0.47602,0.5331,0.5813
10.9482,34.61202,4.35597,0.13573,0.40856,0.90258,0.98348,0.0,0.0,nan,0.0,0.00441,0.01851,14.14105,1.81256,0.23564,0.51821,0.34355,0.52471,0.55171,0.34355
10.93481,36.52346,-2.78547,0.16494,0.85207,-0.49677,0.96271,0.0,0.0,nan,0.0,0.01023,0.03302,16.209,1.89514,0.23856,0.44802,0.35382,0.77664,0.52766,0.35382
10.99878,36.93931,-1.0203,0.13588,0.96881,-0.20722,0.98847,0.0,0.0,nan,0.0,0.01508,0.04341,11.64561,1.81256,0.22434,0.61467,0.59508,0.66223,0.55171,0.59508
11.02114,37.05215,0.99399,0.09048,0.99036,0.10491,0.97632,0.0,0.0,nan,0.0,0.00727,0.04982,9.30298,1.75167,0.23008,0.69551,0.89823,0.48527,0.57088,0.89823
10.98567,36.57553,2.64201,0.12158,0.84008,0.52867,0.94662,0.0,0.0,nan,0.0,0.00197,0.03571,9.97829,2.65944,0.21275,0.61325,0.91301,0.22533,0.37602,0.91301
12.86377,1.78773,-2.05434,0.12736,-0.83384,-0.53712,0.98172,0.0,0.0,nan,0.0,0.01294,0.03811,24.51546,1.87204,0.2329,0.476,0.62172,0.77139,0.53418,0.62172
13.01445,1.26024,-1.04068,0.13744,-0.93921,-0.31462,0.96552,0.0,0.0,nan,0.0,0.01209,0.04927,23.06512,1.89029,0.2305,0.47918,0.69471,0.55669,0.52902,0.69471
12.99842,1.13631,0.99967,0.1733,-0.95704,0.23246,0.94568,0.0,0.0,nan,0.0,0.03373,0.12483,12.55731,1.88551,0.24008,0.6135,0.5161,0.51058,0.53036,0.5161
12.91215,1.78351,2.28103,0.18281,-0.79336,0.58065,0.95503,0.0,0.0,nan,0.0,0.01354,0.05297,13.50969,1.88509,0.2342,0.50754,0.59004,0.57841,0.53048,0.59004
12.88522,3.77237,-4.20065,0.12633,-0.59985,-0.79008,0.9921,0.0,0.0,nan,0.0,0.00848,0.02348,17.58093,1.71877,0.24665,0.46949,0.40324,0.85712,0.58181,0.40324
12.79219,2.72618,-3.23799,0.12113,-0.68717,-0.71632,0.99449,0.0,0.0,nan,0.0,0.0068,0.02254,20.90048,1.82678,0.229,0.33368,0.55898,0.99105,0.54741,0.55898
13.60906,2.00643,-1.85175,0.14972,-0.84533,-0.51283,0.99252,0.00418,0.02091,0.6,1.0,0.01353,0.0373,25.36607,1.85279,0.22653,0.50165,0.49052,0.77982,0.53973,0.49052
13.0263,2.95392,3.24932,0.21335,-0.53849,0.81517,0.98348,0.0,0.0,nan,0.0,0.00883,0.0301,12.78103,3.62512,0.23802,0.42726,0.56962,0.7942,0.27585,0.56962
12.99184,4.87173,-4.88167,0.16378,-0.4447,-0.88058,0.98161,0.0,0.0,nan,0.0,0.00546,0.02484,13.29803,1.81256,0.23478,0.4856,0.56391,0.52021,0.55171,0.56391
13.41548,4.12536,-3.96574,0.14424,-0.56562,-0.81195,0.99937,0.0,0.0,nan,0.0,0.00681,0.02249,16.92752,1.67688,0.23392,0.43147,0.38902,0.78483,0.59635,0.38902
13.33853,4.25697,3.90648,0.23323,-0.39887,0.88685,0.992,0.0,0.0,nan,0.0,0.01366,0.03683,13.88365,1.82784,0.23942,0.50019,0.60657,0.84833,0.54709,0.60657
12.90535,5.21598,4.19057,0.20464,-0.35861,0.91078,0.99979,0.00259,0.01295,0.7,1.0,0.01261,0.04366,13.12802,1.68095,0.23808,0.42938,0.64962,0.77509,0.5949,0.64962
13.04226,6.99673,-5.29399,0.19442,-0.15514,-0.96857,0.99823,0.0,0.0,nan,0.0,0.0068,0.05862,6.50612,1.85576,0.23237,0.64438,0.55347,0.23547,0.53886,0.55347
13.02975,7.01076,4.91636,0.24657,-0.35759,0.90074,0.99947,0.00059,0.00296,0.7,1.0,0.01409,0.03808,15.36341,1.75041,0.2401,0.58421,0.57828,0.7159,0.57129,0.57828
13.01429,8.99753,-5.48767,0.18654,-0.1011,-0.97723,0.99979,0.0,0.0,nan,0.0,0.00734,0.04342,4.90687,1.79278,0.21214,0.24281,0.62306,0.97955,0.55779,0.62306
13.0657,8.76989,5.61743,0.234,-0.2963,0.92599,0.99657,0.0,0.0,nan,0.0,0.0101,0.03678,13.97568,2.42378,0.22663,0.53935,0.43549,0.58232,0.41258,0.43549
12.44279,9.84358,6.07682,0.18549,-0.22395,0.95679,0.99283,0.0,0.0,nan,0.0,0.00226,0.02319,12.35176,2.01708,0.22598,0.5758,0.89229,0.36162,0.49577,0.89229
13.00841,10.96364,-5.69313,0.18937,-0.10467,-0.97631,0.99979,0.0,0.0,nan,0.0,0.01508,0.06681,5.22991,2.03023,0.20544,0.31196,0.73141,1.0,0.49255,0.73141
13.77881,10.37039,5.96652,0.22278,-0.17061,0.95982,0.9812,0.0,0.0,nan,0.0,0.01085,0.05104,13.76506,1.8488,0.2325,0.5957,0.45893,0.4089,0.54089,0.45893
12.90227,11.00918,6.19597,0.21296,-0.08986,0.97292,0.98701,0.0,0.0,nan,0.0,0.0071,0.03428,11.4405,1.86415,0.25137,0.68172,0.62251,0.3568,0.53644,0.62251
12.31807,13.27022,-6.0623,0.1951,-0.09251,-0.97641,0.99979,0.0,0.0,nan,0.0,0.01529,0.08921,4.81545,1.76918,0.20645,0.24553,0.68071,0.98792,0.56523,0.68071
13.23286,12.89849,-5.86429,0.19846,-0.09559,-0.97544,0.99968,0.0,0.0,nan,0.0,0.01825,0.0853,4.89398,2.05366,0.21166,0.32075,0.76116,0.97464,0.48694,0.76116
13.60805,13.54843,5.6112,0.25078,-0.05735,0.96634,0.98338,0.0,0.0,nan,0.0,0.00528,0.01536,17.53812,1.71055,0.23884,0.44197,0.49722,0.86687,0.58461,0.49722
12.97121,13.02089,6.29137,0.24591,-0.03101,0.9688,0.99314,0.0,0.0,nan,0.0,0.00435,0.01483,15.74325,3.36054,0.23411,0.46761,0.35452,0.70641,0.29757,0.35452
12.61899,15.09083,-6.11999,0.20162,-0.05461,-0.97794,0.99979,0.0,0.0,nan,0.0,0.01067,0.06152,4.65901,1.78389,0.21551,0.24786,0.37715,1.0,0.56057,0.37715
13.57469,14.86614,-5.9065,0.20195,-0.05705,-0.97773,0.99979,0.0,0.0,nan,0.0,0.01229,0.06233,4.7143,1.75025,0.224,0.28083,0.44874,1.0,0.57135,0.44874
13.94336,14.06142,5.92074,0.26171,-0.07142,0.9625,0.99231,0.0,0.0,nan,0.0,0.0104,0.02108,18.59631,3.33984,0.24457,0.56285,0.71192,0.97078,0.29942,0.71192
12.93813,15.06759,6.16719,0.24267,-0.1074,0.96415,0.99553,0.0,0.0,nan,0.0,0.00896,0.02116,19.16295,3.56086,0.23927,0.53479,0.37641,0.87476,0.28083,0.37641
12.78951,17.02039,-6.14425,0.1972,-0.02978,-0.97991,0.99979,0.0,0.0,nan,0.0,0.00503,0.03511,4.67009,1.90629,0.22205,0.20542,0.3613,0.99549,0.52458,0.3613
13.75556,16.84898,-5.942,0.20003,-0.03612,-0.97912,0.99979,0.0,0.0,nan,0.0,0.00611,0.03706,4.61464,1.7377,0.22517,0.24526,0.65455,0.96283,0.57547,0.65455
12.98483,16.98566,6.6067,0.22697,-0.01131,0.97384,0.99979,0.0,0.0,nan,0.0,0.0095,0.02274,19.92078,1.80015,0.23891,0.49211,0.37782,0.93441,0.55551,0.37782
12.86233,18.98013,-6.16503,0.19072,-0.00479,-0.98163,0.99968,0.0,0.0,nan,0.0,0.01141,0.04472,5.27511,1.8446,0.22946,0.35456,0.46678,0.99217,0.54212,0.46678
13.92299,19.117,-5.98691,0.19837,-0.00285,-0.98012,0.99979,0.0,0.0,nan,0.0,0.00686,0.04123,5.38267,1.74047,0.24097,0.3265,0.84397,1.0,0.57456,0.84397
13.95541,18.08957,5.98778,0.22317,-0.02125,0.97455,0.99937,0.0,0.0,nan,0.0,0.01195,0.02736,19.87056,1.83477,0.2376,0.5169,0.58289,0.92973,0.54503,0.58289
13.08237,19.11088,6.19372,0.18872,0.00053,0.98203,0.99958,0.00137,0.00685,0.6,1.0,0.01211,0.02753,20.40082,1.82343,0.24493,0.52349,0.61799,0.92311,0.54842,0.61799
12.83954,20.98173,-6.19867,0.18149,-0.00948,-0.98335,0.99979,0.0,0.0,nan,0.0,0.00601,0.02921,6.15021,2.58869,0.22762,0.28394,0.58143,0.96004,0.3863,0.58143
13.81113,21.19463,-5.94569,0.18096,-0.02951,-0.98305,0.99979,0.0,0.0,nan,0.0,0.00841,0.03353,6.88547,1.75715,0.22571,0.38251,0.78411,0.94995,0.5691,0.78411
13.05591,21.00654,6.68104,0.16211,-0.05212,0.98539,0.99958,0.0,0.0,nan,0.0,0.00526,0.01513,18.97965,1.81256,0.23387,0.39998,0.332,0.95989,0.55171,0.332
12.95646,23.02649,-6.17479,0.15109,-0.05324,-0.98709,0.99979,0.00196,0.00981,0.51,1.0,0.01236,0.03558,7.28484,1.79562,0.23566,0.44412,0.34984,0.99642,0.55691,0.34984
13.85469,22.08968,-5.95989,0.17349,-0.06075,-0.98296,0.99979,0.00426,0.02128,0.51,1.0,0.01065,0.03168,7.47092,1.75692,0.23135,0.43552,0.60653,0.97836,0.56918,0.60653
13.81086,22.21574,5.95402,0.16818,-0.01903,0.98557,0.99896,0.0,0.0,nan,0.0,0.00664,0.01941,16.14303,1.81256,0.24053,0.47083,0.38308,0.81674,0.55171,0.38308
13.06104,22.95909,6.64249,0.14015,0.02343,0.98985,0.99823,0.0,0.0,nan,0.0,0.00401,0.0143,16.62333,1.85257,0.23992,0.41521,0.39717,0.75625,0.53979,0.39717
12.92533,24.99034,-6.41451,0.12872,0.07544,-0.98881,0.99937,0.00037,0.00185,0.51,1.0,0.00877,0.03107,6.01252,1.77362,0.22885,0.42667,0.35706,0.88146,0.56382,0.35706
13.98033,25.16473,5.97377,0.17842,0.13187,0.97508,0.99906,0.0,0.0,nan,0.0,0.01211,0.04429,14.80833,1.70868,0.23672,0.42807,0.56135,0.72505,0.58525,0.56135
13.10247,25.01122,6.43473,0.14678,0.13238,0.98027,0.99896,0.0,0.0,nan,0.0,0.0083,0.03517,15.23235,1.64778,0.23152,0.39483,0.75537,0.68846,0.60688,0.75537
12.91928,26.38846,-6.07975,0.13524,0.19558,-0.97132,0.99688,0.0,0.0,nan,0.0,0.00857,0.03814,5.83198,1.71071,0.23579,0.42007,0.3215,0.71816,0.58455,0.3215
13.00349,27.36641,-5.80798,0.1543,0.22618,-0.96179,0.99761,0.0,0.0,nan,0.0,0.00911,0.0371,5.57764,1.86148,0.23214,0.38822,0.52091,0.85917,0.53721,0.52091
13.40801,27.59086,5.9894,0.16141,0.19409,0.96761,0.99947,0.0,0.0,nan,0.0,0.00615,0.03249,12.31879,1.64778,0.21021,0.34515,0.43667,0.63727,0.60688,0.43667
12.90713,26.86166,6.13964,0.15092,0.16205,0.97517,0.99927,0.0,0.0,nan,0.0,0.00664,0.03534,13.63593,1.70355,0.22074,0.30248,0.48894,0.71197,0.58701,0.48894
12.97413,29.01533,-5.45445,0.19572,0.20608,-0.95876,0.9975,0.0,0.0,nan,0.0,0.00863,0.03581,4.86863,1.89116,0.21905,0.34255,0.59793,0.99248,0.52878,0.59793
12.94319,29.08609,5.60569,0.15011,0.27925,0.94841,0.99947,0.0,0.0,nan,0.0,0.00971,0.0376,11.2048,1.81256,0.22274,0.50834,0.53757,0.59875,0.55171,0.53757
12.13492,28.11953,6.02565,0.12672,0.22631,0.96578,0.99927,0.0,0.0,nan,0.0,0.0057,0.02581,12.07861,1.93112,0.20481,0.39967,0.44088,0.64386,0.51784,0.44088
12.9806,31.05435,-5.08259,0.23018,0.23646,-0.94398,0.99958,0.0,0.0,nan,0.0,0.00353,0.03158,8.94485,2.11904,0.22475,0.39681,0.45916,0.34436,0.47191,0.45916
12.96479,30.97891,4.97559,0.18141,0.30761,0.93406,0.99906,0.0,0.0,nan,0.0,0.01081,0.04177,14.85369,2.06347,0.21798,0.49293,0.59429,0.59575,0.48462,0.59429
12.9257,32.99569,-4.42405,0.25365,0.3346,-0.90758,0.99781,0.0,0.0,nan,0.0,0.01585,0.04106,15.68723,1.86715,0.22133,0.59876,0.56174,0.7267,0.53558,0.56174
13.89071,33.76303,-3.87912,0.30148,0.44235,-0.84465,0.99771,0.0,0.0,nan,0.0,0.00871,0.02035,16.70331,1.64812,0.23418,0.5536,0.49593,0.86613,0.60675,0.49593
12.50836,33.76012,3.99971,0.17814,0.31879,0.93093,0.99916,0.0,0.0,nan,0.0,0.00607,0.01669,15.4962,2.05117,0.21854,0.51301,0.37681,0.80043,0.48753,0.37681
13.03813,32.96555,4.58424,0.1874,0.28538,0.93992,0.99802,0.0,0.0,nan,0.0,0.00747,0.01712,16.85308,1.67101,0.21943,0.51222,0.3989,0.95355,0.59844,0.3989
12.64533,34.3502,-4.20263,0.25451,0.48024,-0.8394,0.98857,0.0,0.0,nan,0.0,0.01041,0.02396,16.65767,1.85266,0.23533,0.51274,0.44877,0.94933,0.53976,0.44877
13.06378,35.31064,-3.12161,0.25495,0.68964,-0.67779,0.98255,0.0,0.0,nan,0.0,0.00889,0.0269,12.91091,1.86667,0.22855,0.45056,0.29839,0.8475,0.53571,0.29839
13.89699,35.92675,-1.9313,0.22958,0.83981,-0.49194,0.98338,0.0,0.0,nan,0.0,0.01136,0.02618,11.83185,1.7583,0.23201,0.58855,0.62029,0.86197,0.56873,0.62029
12.913,35.05442,3.56648,0.16716,0.5038,0.84749,0.97902,0.0,0.0,nan,0.0,0.00463,0.01774,13.93377,3.62512,0.23493,0.52659,0.33106,0.56669,0.27585,0.33106
13.31156,34.19664,4.12743,0.19633,0.3456,0.91761,0.98951,0.0,0.0,nan,0.0,0.00778,0.02074,14.54793,2.10767,0.23622,0.56385,0.55907,0.75719,0.47446,0.55907
12.56058,36.24146,-2.34844,0.22198,0.85175,-0.4746,0.97891,0.0,0.0,nan,0.0,0.00844,0.0242,11.8177,1.7545,0.22926,0.46043,0.67251,0.88632,0.56996,0.67251
13.00459,36.52409,-1.04928,0.19743,0.93693,-0.2884,0.98919,0.0,0.0,nan,0.0,0.00868,0.02297,10.92686,1.71686,0.22174,0.59167,0.73239,0.75531,0.58246,0.73239
12.95545,36.82129,0.96808,0.15268,0.98449,0.0864,0.96728,0.0,0.0,nan,0.0,0.01057,0.05106,7.37583,1.71615,0.23457,0.64713,0.78794,0.46279,0.5827,0.78794
12.9451,36.43103,2.5512,0.11749,0.82384,0.55451,0.92544,0.0,0.0,nan,0.0,0.00694,0.043,11.83227,1.7094,0.23963,0.66519,0.68329,0.28377,0.585,0.68329
15.24667,1.98354,-2.03889,0.25067,-0.82018,-0.51426,0.9541,0.0,0.0,nan,0.0,0.00968,0.03042,22.31442,1.81256,0.23581,0.43291,0.70346,0.80115,0.55171,0.70346
15.01113,1.60063,-0.88388,0.23365,-0.93756,-0.25767,0.95524,0.0,0.0,nan,0.0,0.0141,0.04696,21.00262,1.6607,0.23351,0.49046,0.47802,0.67068,0.60215,0.47802
14.97026,1.49939,0.97,0.27019,-0.91943,0.28572,0.89501,0.0,0.0,nan,0.0,0.01465,0.05824,30.79399,2.34937,0.23183,0.73819,0.75168,0.36498,0.42565,0.75168
14.30524,1.8358,2.16772,0.2742,-0.75436,0.59645,0.91547,0.0,0.0,nan,0.0,0.00423,0.01552,13.89575,2.91078,0.23297,0.38892,0.65005,0.80097,0.34355,0.65005
14.98093,2.88216,-3.01109,0.22254,-0.6952,-0.6835,0.98514,0.0008,0.00398,0.7,1.0,0.0077,0.02477,20.92168,1.86914,0.23236,0.39023,0.65676,0.87338,0.53501,0.65676
15.06327,2.00308,-1.65524,0.23899,-0.85636,-0.45774,0.97871,0.0,0.0,nan,0.0,0.01038,0.03364,22.31277,1.81256,0.23065,0.45954,0.67607,0.73139,0.55171,0.67607
15.65346,2.78558,1.91732,0.34755,-0.65019,0.67562,0.97705,0.0,0.0,nan,0.0,0.00647,0.0185,15.48121,1.64792,0.24631,0.51325,0.42911,0.76924,0.60682,0.42911
14.80446,3.05442,2.71551,0.34786,-0.52944,0.77375,0.98494,0.0,0.0,nan,0.0,0.01014,0.02483,15.80339,3.40836,0.23421,0.50272,0.49915,0.91538,0.2934,0.49915
14.96075,5.15701,-4.48518,0.26208,-0.36912,-0.89166,0.99397,0.0,0.0,nan,0.0,0.01279,0.04889,11.16782,1.71145,0.22709,0.53279,0.61484,0.57908,0.5843,0.61484
15.303,4.24417,-3.76623,0.2691,-0.50474,-0.82026,0.99605,0.01709,0.08545,0.7,1.0,0.01675,0.06012,14.54741,1.64778,0.23275,0.4848,0.59099,0.65356,0.60688,0.59099
15.76381,4.13503,1.89864,0.32272,-0.49297,0.80798,0.9649,0.0,0.0,nan,0.0,0.01055,0.02212,17.93997,1.71902,0.24202,0.56481,0.45288,0.93886,0.58173,0.45288
15.18983,4.80271,3.43827,0.32881,-0.41534,0.84816,0.99947,0.0,0.0,nan,0.0,0.0063,0.02131,18.35014,1.76416,0.23795,0.35662,0.34835,0.91967,0.56684,0.34835
14.37497,5.61997,4.08194,0.28508,-0.36184,0.88758,0.99594,0.01341,0.06706,0.7,1.0,0.01379,0.04008,16.57898,1.64778,0.23563,0.48228,0.50394,0.79947,0.60688,0.50394
14.9804,7.01258,-4.77322,0.25796,-0.17013,-0.95106,0.99979,0.0,0.0,nan,0.0,0.00413,0.06126,6.33353,1.74361,0.24146,0.71212,0.91965,0.2727,0.57352,0.91965
15.81442,6.47105,3.84342,0.26623,-0.38657,0.883,0.99823,0.0111,0.05548,0.7,1.0,0.00921,0.02832,17.44407,1.87951,0.22538,0.43712,0.3506,0.82892,0.53205,0.3506
14.96992,7.07437,4.56512,0.24953,-0.34644,0.90428,0.9974,0.0,0.0,nan,0.0,0.01206,0.03584,17.66366,1.71779,0.23183,0.42288,0.53778,0.88626,0.58214,0.53778
15.00514,9.02777,-5.06458,0.22997,-0.11413,-0.96648,0.99979,0.0,0.0,nan,0.0,0.01689,0.0605,5.56079,1.75533,0.22979,0.38002,0.6679,0.99867,0.56969,0.6679
15.16812,8.87515,5.18924,0.24899,-0.33459,0.90887,0.99761,0.0,0.0,nan,0.0,0.00508,0.02743,14.66759,1.9158,0.22288,0.39266,0.45937,0.53588,0.52198,0.45937
15.01015,10.9709,-5.31494,0.22,-0.10513,-0.96982,0.99979,0.00359,0.01795,0.7,1.0,0.01264,0.06053,5.44991,1.75075,0.21302,0.31468,0.77895,1.0,0.57118,0.77895
15.1007,11.0159,5.73975,0.2616,-0.05808,0.96343,0.98525,0.0,0.0,nan,0.0,0.00754,0.02711,16.12771,2.03928,0.23082,0.60113,0.67675,0.51997,0.49037,0.67675
14.05522,11.79434,6.03818,0.24396,-0.00743,0.96976,0.99241,0.0,0.0,nan,0.0,0.00454,0.01919,13.88013,1.96602,0.23171,0.55106,0.54752,0.4917,0.50864,0.54752
14.99834,13.00433,-5.48602,0.21127,-0.09439,-0.97286,0.99979,0.0211,0.10548,0.7,1.0,0.01602,0.06117,5.5196,2.0281,0.21918,0.35688,0.72247,1.0,0.49307,0.72247
14.98012,12.99566,5.3477,0.27998,-0.01656,0.95986,0.99148,0.0,0.0,nan,0.0,0.006,0.01774,18.46359,2.41138,0.23176,0.43666,0.47392,0.85915,0.4147,0.47392
14.0889,12.29193,6.05287,0.25175,-0.00057,0.96779,0.99169,0.0,0.0,nan,0.0,0.00418,0.01524,15.03899,1.89749,0.22699,0.47504,0.3898,0.65359,0.52701,0.3898
14.95303,15.03182,-5.64229,0.20692,-0.05551,-0.97678,0.99947,0.0,0.0,nan,0.0,0.01029,0.05006,5.03509,1.64778,0.22527,0.2964,0.55491,0.96891,0.60688,0.55491
15.10715,14.91783,5.57765,0.28021,-0.08954,0.95576,0.99937,0.0,0.0,nan,0.0,0.00672,0.01753,22.1592,2.99375,0.22951,0.46861,0.55982,0.89227,0.33403,0.55982
14.38964,15.22186,6.1932,0.27857,-0.10339,0.95483,0.99916,0.0,0.0,nan,0.0,0.00927,0.02083,20.31377,2.72715,0.22854,0.53959,0.38872,0.90579,0.36668,0.38872
15.03821,16.98398,-5.70061,0.21272,-0.03474,-0.97649,0.99979,0.00278,0.01388,0.7,1.0,0.00775,0.04169,4.92919,1.72243,0.22822,0.26506,0.36695,0.98646,0.58057,0.36695
15.28459,17.02716,5.45438,0.27978,-0.06497,0.95786,0.99916,0.0,0.0,nan,0.0,0.01536,0.03356,23.11036,2.22054,0.23096,0.56867,0.4818,0.87453,0.45034,0.4818
14.3865,17.06525,6.15287,0.23161,-0.04261,0.97187,0.99875,0.0,0.0,nan,0.0,0.01318,0.02933,19.29108,1.64778,0.23458,0.55451,0.37905,0.89432,0.60688,0.37905
15.01699,19.00996,-5.86229,0.21327,-0.00703,-0.97697,0.99958,0.0,0.0,nan,0.0,0.01503,0.04863,5.54012,1.705,0.23488,0.42598,0.65644,0.98752,0.58651,0.65644
15.49619,18.85209,5.99352,0.22614,-0.04077,0.97324,0.99979,0.0,0.0,nan,0.0,0.00973,0.02617,20.20786,1.91692,0.23469,0.44393,0.42658,0.92047,0.52167,0.42658
14.67834,19.07031,6.17512,0.23098,-0.02606,0.97261,0.99968,0.0,0.0,nan,0.0,0.00642,0.01721,19.44942,1.81256,0.23265,0.42431,0.68108,0.96946,0.55171,0.68108
14.00231,20.84751,-6.00023,0.18605,-0.01969,-0.98234,0.99979,0.0,0.0,nan,0.0,0.00708,0.03332,6.53211,1.7516,0.23229,0.4079,0.8397,0.95393,0.57091,0.8397
14.99559,20.97593,-5.7769,0.20454,-0.03133,-0.97836,0.99979,0.0,0.0,nan,0.0,0.01173,0.03813,6.80778,1.7495,0.23497,0.4785,0.79088,0.95725,0.57159,0.79088
15.43609,21.14253,5.96226,0.20698,-0.06419,0.97624,0.99979,0.0,0.0,nan,0.0,0.00837,0.02077,17.4717,1.85849,0.23708,0.51504,0.71776,0.87228,0.53807,0.71776
14.57365,20.79782,6.10726,0.2003,-0.07022,0.97722,0.99968,0.0,0.0,nan,0.0,0.01123,0.02457,18.18059,2.00381,0.23147,0.54719,0.50763,0.92723,0.49905,0.50763
14.58095,23.29312,-6.11149,0.18623,-0.0688,-0.98009,0.99979,0.0,0.0,nan,0.0,0.0184,0.04229,7.32019,1.87966,0.22862,0.56005,0.44094,0.98911,0.53201,0.44094
15.36174,22.78104,-5.94889,0.21989,-0.07143,-0.97291,0.99906,0.0,0.0,nan,0.0,0.01892,0.04254,7.23661,2.05658,0.22162,0.57041,0.63356,0.99548,0.48624,0.63356
15.10874,22.16088,5.98614,0.2162,-0.01418,0.97625,0.99979,0.0,0.0,nan,0.0,0.00794,0.02491,17.10049,1.81256,0.22715,0.4725,0.56085,0.75332,0.55171,0.56085
15.03698,22.95062,6.33904,0.21318,0.03816,0.97627,0.99729,0.0,0.0,nan,0.0,0.00755,0.02379,17.66176,1.86431,0.21614,0.51108,0.55627,0.69181,0.53639,0.55627
14.71114,24.93389,-6.21476,0.19805,0.07356,-0.97743,0.99574,0.02677,0.13387,0.51,1.0,0.02106,0.06667,7.96739,1.82944,0.23349,0.54694,0.48751,0.72262,0.54661,0.48751
15.69016,25.06978,-5.9314,0.28857,0.09893,-0.95233,0.99667,0.02722,0.13612,0.51,1.0,0.01043,0.05436,7.7058,2.01318,0.22393,0.54984,0.88004,0.75236,0.49673,0.88004
15.20912,25.08128,5.7303,0.23901,0.13406,0.96172,0.99958,0.0,0.0,nan,0.0,0.01373,0.05286,15.24799,1.86061,0.23405,0.60699,0.84192,0.68579,0.53746,0.84192
14.5875,24.7023,6.11112,0.20971,0.10681,0.97191,0.99885,0.0,0.0,nan,0.0,0.00884,0.03383,14.81545,1.87296,0.22514,0.48654,0.60425,0.60947,0.53391,0.60425
14.28947,26.23646,-6.05861,0.17608,0.19992,-0.96386,0.99792,0.00119,0.00593,0.43,1.0,0.00996,0.03628,6.86457,2.22694,0.22832,0.49779,0.32342,0.71199,0.44905,0.32342
15.07674,27.04393,-5.57762,0.23332,0.23997,-0.94232,0.99906,0.0,0.0,nan,0.0,0.00858,0.02514,6.67108,1.81256,0.23398,0.4968,0.46802,0.89354,0.55171,0.46802
15.02523,27.06142,5.5932,0.23463,0.17066,0.95699,0.99916,0.0,0.0,nan,0.0,0.0102,0.04398,12.8915,2.07854,0.22661,0.353,0.52086,0.75897,0.48111,0.52086
14.15271,26.1944,6.02492,0.18398,0.14966,0.97147,0.99916,0.0,0.0,nan,0.0,0.00771,0.03678,13.56274,1.86383,0.21881,0.33004,0.4866,0.72921,0.53653,0.4866
14.97548,28.98706,-4.99961,0.23262,0.24164,-0.94207,0.99958,0.0,0.0,nan,0.0,0.00555,0.0248,6.41453,1.82449,0.23076,0.48397,0.38695,0.60643,0.5481,0.38695
15.02027,29.02183,5.24255,0.23477,0.29943,0.92478,0.99916,0.0,0.0,nan,0.0,0.01007,0.03655,12.58012,1.64778,0.22528,0.49299,0.2453,0.64756,0.60688,0.2453
14.9715,30.96345,-4.55511,0.25764,0.27772,-0.92547,0.99916,0.0,0.0,nan,0.0,0.00256,0.01714,7.99834,2.09817,0.23524,0.43296,0.50932,0.43176,0.47661,0.50932
15.78546,31.06914,3.79791,0.26407,0.34736,0.89978,0.99937,0.0,0.0,nan,0.0,0.00688,0.01957,12.34897,2.06105,0.22734,0.4583,0.44915,0.89091,0.48519,0.44915
14.98835,30.99265,4.47981,0.23418,0.32947,0.91466,0.99968,0.0,0.0,nan,0.0,0.00842,0.02607,12.68388,2.0901,0.22608,0.48665,0.57909,0.76803,0.47845,0.57909
14.68621,32.60927,-4.2342,0.29243,0.33074,-0.89727,0.99864,0.0,0.0,nan,0.0,0.00519,0.01804,11.70095,2.06473,0.22978,0.48362,0.30774,0.69614,0.48433,0.30774
15.3557,33.23455,-3.52577,0.29309,0.39641,-0.87003,0.99937,0.0,0.0,nan,0.0,0.00855,0.02283,11.86524,1.77777,0.24232,0.60706,0.67781,0.72095,0.5625,0.67781
15.00772,33.22206,3.64648,0.26777,0.28251,0.92113,0.99968,0.0,0.0,nan,0.0,0.00978,0.02347,14.89257,2.01205,0.2319,0.59772,0.62123,0.79086,0.49701,0.62123
14.47534,32.34027,4.05843,0.24023,0.28413,0.9282,0.99958,0.0,0.0,nan,0.0,0.00776,0.01865,16.11831,1.9356,0.21512,0.4966,0.40831,0.9417,0.51664,0.40831
15.03511,35.041,-3.02351,0.27445,0.62904,-0.72732,0.96188,0.0,0.0,nan,0.0,0.00654,0.01621,14.28669,1.64778,0.24385,0.47786,0.45199,0.962,0.60688,0.45199
15.15696,35.82489,-1.52585,0.22583,0.84234,-0.48936,0.97705,0.0,0.0,nan,0.0,0.00496,0.01529,10.41705,1.85194,0.23872,0.45302,0.41124,0.85395,0.53997,0.41124
15.05513,34.98471,3.33104,0.24589,0.46348,0.85131,0.9514,0.0,0.0,nan,0.0,0.00864,0.02598,13.16037,3.45919,0.23559,0.61989,0.43095,0.61801,0.28909,0.43095
14.78789,36.1201,-0.67505,0.18974,0.93431,-0.30178,0.99356,0.0,0.0,nan,0.0,0.00943,0.03384,10.24283,1.64778,0.23357,0.5615,0.76809,0.62952,0.60688,0.76809
15.04711,36.45965,1.03225,0.18749,0.97421,0.12555,0.93831,0.0,0.0,nan,0.0,0.01777,0.06907,8.88383,1.71417,0.24289,0.68731,0.46395,0.45869,0.58337,0.46395
14.91457,36.29292,2.41235,0.20699,0.79372,0.57198,0.87092,0.0,0.0,nan,0.0,0.00669,0.04772,12.86805,1.885,0.23596,0.52378,0.52892,0.30936,0.5305,0.52892
16.49253,1.78979,-0.44275,0.34932,-0.93067,-0.10878,0.88182,0.0,0.0,nan,0.0,0.0116,0.03734,19.43665,1.68608,0.24018,0.42586,0.74435,0.80492,0.59309,0.74435
16.51043,1.80549,0.57992,0.34597,-0.9125,0.21829,0.8705,0.0,0.0,nan,0.0,0.01843,0.04682,33.2882,3.38591,0.24812,0.71623,0.74058,0.58255,0.29534,0.74058
16.90868,3.32292,-2.59059,0.35047,-0.6761,-0.64811,0.98546,0.02379,0.11894,0.7,1.0,0.00755,0.02721,19.13136,2.19086,0.22175,0.3668,0.50784,0.83507,0.45644,0.50784
17.15695,2.45295,-1.078,0.40031,-0.86028,-0.3157,0.94641,0.0,0.0,nan,0.0,0.01075,0.02779,17.49643,2.2399,0.23112,0.47717,0.39378,0.90325,0.44645,0.39378
17.15404,2.62182,1.6192,0.35137,-0.72135,0.59681,0.89916,0.0,0.0,nan,0.0,0.00631,0.04071,31.60696,2.27488,0.22638,0.78795,0.85094,0.30879,0.43958,0.85094
17.36313,3.80124,2.20615,0.31808,-0.56564,0.76084,0.98359,0.0,0.0,nan,0.0,0.01097,0.02514,16.05874,3.54463,0.24931,0.6317,0.39999,0.77657,0.28212,0.39999
16.29994,5.64665,-4.07824,0.30714,-0.32855,-0.89315,0.99927,0.0,0.0,nan,0.0,0.00998,0.05168,10.7161,1.67606,0.23232,0.5171,0.71024,0.4432,0.59664,0.71024
17.10574,4.74213,-3.54195,0.34615,-0.45355,-0.82127,0.99003,0.02588,0.1294,0.7,1.0,0.0046,0.0355,12.8964,2.10633,0.22832,0.49909,0.90376,0.59093,0.47476,0.90376
16.24025,4.12798,1.92563,0.30015,-0.50707,0.80795,0.98598,0.0,0.0,nan,0.0,0.01072,0.02186,16.92739,1.86028,0.23657,0.58837,0.44612,0.9314,0.53755,0.44612
16.96768,5.07708,2.74052,0.25624,-0.45752,0.85148,0.99927,0.0,0.0,nan,0.0,0.00835,0.01955,16.51001,1.69436,0.23791,0.55718,0.40739,0.85938,0.59019,0.40739
16.8757,7.09495,-4.26931,0.31866,-0.19219,-0.92818,0.99968,0.0,0.0,nan,0.0,0.00857,0.11035,5.55236,1.71776,0.23708,0.77085,0.92554,0.31284,0.58215,0.92554
17.71977,6.49605,-3.88153,0.38243,-0.24928,-0.88972,0.99698,0.0,0.0,nan,0.0,0.01931,0.07706,9.94035,1.72125,0.23597,0.75885,0.64506,0.39667,0.58097,0.64506
17.04459,6.78889,3.67473,0.26828,-0.37743,0.88633,0.99864,0.0,0.0,nan,0.0,0.00665,0.02716,15.36243,1.98029,0.23098,0.42535,0.37748,0.65084,0.50498,0.37748
16.75949,7.7263,4.10154,0.27101,-0.34765,0.8976,0.99906,0.0,0.0,nan,0.0,0.00671,0.03113,12.64197,1.87877,0.22748,0.39818,0.40434,0.62673,0.53226,0.40434
16.99001,9.01944,-4.54215,0.30307,-0.13477,-0.94339,0.99968,0.0,0.0,nan,0.0,0.01462,0.0564,5.22591,1.73737,0.21547,0.35827,0.62781,1.0,0.57558,0.62781
17.93502,8.06523,3.98436,0.33547,-0.30542,0.89117,0.99501,0.0,0.0,nan,0.0,0.00526,0.03972,10.84035,1.91134,0.22421,0.42354,0.48828,0.37031,0.52319,0.48828
17.01861,8.94478,4.57589,0.31267,-0.28956,0.90465,0.99812,0.0,0.0,nan,0.0,0.00692,0.042,11.12481,2.06981,0.22547,0.47911,0.71159,0.40578,0.48314,0.71159
17.02822,10.98951,-4.8106,0.28116,-0.1184,-0.95233,0.99958,0.01392,0.06958,0.7,1.0,0.01798,0.06135,5.43349,1.69559,0.21986,0.40339,0.5042,0.99376,0.58977,0.5042
17.04397,11.09411,5.13796,0.3412,-0.08784,0.93588,0.99252,0.0,0.0,nan,0.0,0.0088,0.03981,17.37399,2.0483,0.23377,0.59905,0.83657,0.56905,0.48821,0.83657
17.01927,12.96049,-5.06585,0.26844,-0.1034,-0.95773,0.99979,0.00237,0.01184,0.7,1.0,0.0196,0.06144,5.62506,1.929,0.22062,0.43247,0.58227,1.0,0.5184,0.58227
16.9731,12.98996,4.93591,0.3315,0.01876,0.94327,0.99781,0.0,0.0,nan,0.0,0.01097,0.0273,19.84266,1.9538,0.23347,0.46122,0.51689,0.95887,0.51182,0.51689
16.99747,15.00694,-5.1862,0.26324,-0.05133,-0.96336,0.99979,0.01454,0.07272,0.7,1.0,0.01995,0.07528,5.52943,2.03364,0.21524,0.36092,0.6671,1.0,0.49173,0.6671
16.97043,15.03506,4.92809,0.34363,-0.10872,0.93279,0.99947,0.0,0.0,nan,0.0,0.01136,0.02515,23.24939,1.90846,0.2274,0.50605,0.41531,0.96946,0.52398,0.41531
17.00161,17.00757,-5.21313,0.27126,-0.02549,-0.96217,0.99979,0.0,0.0,nan,0.0,0.01185,0.05153,5.17697,1.81256,0.22826,0.3188,0.62794,1.0,0.55171,0.62794
17.09728,16.90984,5.48542,0.30181,-0.10757,0.94728,0.99802,0.0,0.0,nan,0.0,0.01266,0.02969,24.07332,1.8828,0.23277,0.50667,0.3861,0.91172,0.53112,0.3861
17.01059,18.9833,-5.26085,0.28062,-0.00465,-0.95981,0.99979,0.0,0.0,nan,0.0,0.01271,0.04669,5.62405,1.81256,0.23751,0.40581,0.77831,1.0,0.55171,0.77831
16.95548,18.95588,5.36982,0.26436,-0.0773,0.96132,0.99937,0.0,0.0,nan,0.0,0.01118,0.02931,22.18955,1.92385,0.22427,0.4567,0.40082,0.91054,0.51979,0.40082
17.00376,20.99495,-5.31901,0.2943,-0.01979,-0.95551,0.99979,0.0,0.0,nan,0.0,0.00637,0.03016,6.11503,1.74049,0.24201,0.46684,0.86012,0.92698,0.57455,0.86012
16.96893,20.9336,5.66113,0.26873,-0.06458,0.96105,0.99875,0.0,0.0,nan,0.0,0.00584,0.02517,19.45129,1.81256,0.22897,0.36849,0.43724,0.6945,0.55171,0.43724
16.34647,21.90367,6.02669,0.21508,-0.02599,0.97625,0.99657,0.0,0.0,nan,0.0,0.00753,0.02615,18.42303,1.64778,0.24078,0.43936,0.57514,0.72647,0.60688,0.57514
16.97557,23.02716,-5.34472,0.3415,-0.03093,-0.93937,0.99968,0.01895,0.09474,0.6,1.0,0.00738,0.03455,6.89668,1.90407,0.21841,0.56422,0.86086,0.75661,0.52519,0.86086
17.10796,23.12435,5.76856,0.29625,0.07141,0.95244,0.99231,0.0,0.0,nan,0.0,0.01806,0.04051,17.69999,1.73585,0.22396,0.68131,0.58611,0.72854,0.57609,0.58611
16.24255,22.59859,6.08738,0.21227,0.01803,0.97704,0.99335,0.0,0.0,nan,0.0,0.00762,0.02353,17.60477,1.65,0.23704,0.52168,0.53171,0.69134,0.60606,0.53171
17.03538,25.02053,-5.37754,0.38271,0.11271,-0.91697,0.99927,0.0,0.0,nan,0.0,0.01316,0.04486,6.88565,2.02245,0.22916,0.61606,0.72489,0.61451,0.49445,0.72489
17.00764,24.90354,5.50116,0.33669,0.16617,0.92684,0.99729,0.0,0.0,nan,0.0,0.00934,0.02941,16.79891,1.86722,0.2129,0.63848,0.82095,0.72032,0.53555,0.82095
16.96555,26.95459,-4.82654,0.3775,0.20934,-0.90204,0.99968,0.0,0.0,nan,0.0,0.00519,0.02095,6.28422,1.70395,0.23611,0.42195,0.54531,0.7744,0.58687,0.54531
16.99776,26.98992,4.99196,0.38348,0.15555,0.91036,0.99657,0.0,0.0,nan,0.0,0.01469,0.03754,16.44908,1.84236,0.22331,0.53119,0.5237,0.82652,0.54278,0.5237
17.00812,28.99397,-4.61056,0.35656,0.2264,-0.90643,0.99833,0.0,0.0,nan,0.0,0.00484,0.02297,5.66537,1.72663,0.23107,0.38718,0.30066,0.73707,0.57916,0.30066
17.86593,29.82585,-3.95961,0.46009,0.23412,-0.85645,0.99034,0.0,0.0,nan,0.0,0.00961,0.03816,4.95801,1.64778,0.24403,0.54795,0.34097,0.64481,0.60688,0.34097
17.10819,28.99442,4.74564,0.36035,0.28422,0.88846,0.99044,0.0,0.0,nan,0.0,0.00771,0.02593,12.29664,1.93487,0.23312,0.59524,0.76542,0.61081,0.51683,0.76542
16.51983,30.6959,-4.16631,0.3144,0.28637,-0.90507,0.99927,0.0,0.0,nan,0.0,0.00405,0.01859,6.66615,2.20385,0.23124,0.51748,0.3661,0.54702,0.45375,0.3661
17.40124,31.21417,-3.77247,0.39053,0.30295,-0.86932,0.99293,0.0,0.0,nan,0.0,0.00279,0.01637,6.80016,3.62512,0.23854,0.49688,0.31971,0.4433,0.27585,0.31971
17.04885,31.2146,3.58365,0.34082,0.34657,0.87392,0.99958,0.0,0.0,nan,0.0,0.00835,0.02395,12.16133,1.70157,0.23679,0.57796,0.78572,0.79254,0.58769,0.78572
16.88716,30.29753,4.24766,0.32482,0.31287,0.89253,0.99896,0.0,0.0,nan,0.0,0.00358,0.01272,12.2779,1.64778,0.226,0.40279,0.49712,0.81152,0.60688,0.49712
17.01829,33.06976,-3.26971,0.36521,0.38737,-0.84651,0.99148,0.0,0.0,nan,0.0,0.0029,0.00988,8.53857,1.84835,0.2386,0.50013,0.38413,0.7249,0.54102,0.38413
17.12628,33.10799,3.21997,0.37658,0.29644,0.87767,0.99221,0.0,0.0,nan,0.0,0.00768,0.01912,11.96493,2.06638,0.22307,0.49692,0.36203,0.9436,0.48394,0.36203
16.86976,34.65686,-2.4371,0.35296,0.60388,-0.71467,0.96801,0.0,0.0,nan,0.0,0.00669,0.01618,11.06403,1.77776,0.23919,0.56825,0.2597,0.85939,0.5625,0.2597
17.11701,35.61068,-1.23599,0.38559,0.80592,-0.44924,0.92855,0.0,0.0,nan,0.0,0.00684,0.02697,10.32372,3.6065,0.23728,0.53051,0.35813,0.57081,0.27728,0.35813
17.74648,35.89286,1.2134,0.55697,0.77782,0.29116,0.80758,0.0,0.0,nan,0.0,0.00451,0.02797,13.73618,3.47227,0.23446,0.71265,0.86052,0.40119,0.288,0.86052
17.00521,34.96698,2.60805,0.43604,0.51761,0.73617,0.919,0.0,0.0,nan,0.0,0.00781,0.02312,10.86384,1.91362,0.23179,0.62037,0.56656,0.64528,0.52257,0.56656
16.56668,36.1048,-0.25526,0.30681,0.92851,-0.20911,0.93966,0.0,0.0,nan,0.0,0.01115,0.04741,9.55946,2.86257,0.2291,0.5531,0.36596,0.51426,0.34934,0.36596
16.76067,36.21344,1.00613,0.37388,0.90726,0.19258,0.86666,0.0,0.0,nan,0.0,0.0035,0.06815,23.74492,1.70696,0.22759,0.87731,0.97165,0.21806,0.58584,0.97165
16.34903,36.13091,2.1288,0.34181,0.76613,0.54425,0.83561,0.0,0.0,nan,0.0,0.00668,0.03957,11.38092,2.70051,0.2328,0.60066,0.55577,0.33043,0.3703,0.55577
18.31772,3.84011,-2.14537,0.48169,-0.64478,-0.59348,0.96313,0.00894,0.04471,0.7,1.0,0.01083,0.02557,16.16509,2.09791,0.22964,0.56546,0.37829,0.84154,0.47666,0.37829
18.93758,3.32127,-0.95287,0.62385,-0.73193,-0.27403,0.89428,0.0,0.0,nan,0.0,0.00793,0.01904,14.66163,2.25451,0.2316,0.57033,0.60906,0.83049,0.44355,0.60906
18.95045,3.1574,0.98149,0.58874,-0.72709,0.35316,0.81505,0.0,0.0,nan,0.0,0.00876,0.05012,24.92481,1.66453,0.24202,0.73756,0.86605,0.40703,0.60077,0.86605
18.31775,3.87764,2.09694,0.36848,-0.57991,0.72659,0.91702,0.0,0.0,nan,0.0,0.02012,0.05991,18.47306,1.9046,0.23815,0.7025,0.49199,0.52984,0.52504,0.49199
19.00131,4.96388,-2.81595,0.57949,-0.42836,-0.69333,0.92056,0.02133,0.10664,0.7,1.0,0.01132,0.03174,11.88265,2.44798,0.23585,0.63773,0.68426,0.65365,0.4085,0.68426
19.85932,4.38575,-1.55497,0.77496,-0.49612,-0.39154,0.86697,0.0,0.0,nan,0.0,0.00565,0.02811,13.18936,1.86978,0.23075,0.50285,0.58518,0.46035,0.53482,0.58518
19.69674,4.52398,1.5322,0.72749,-0.47919,0.49105,0.86687,0.0,0.0,nan,0.0,0.00633,0.06357,13.11504,1.81256,0.23037,0.52047,0.85152,0.32677,0.55171,0.85152
18.80368,5.16494,2.51346,0.44144,-0.44208,0.78083,0.93925,0.0,0.0,nan,0.0,0.01302,0.06275,16.30126,1.82805,0.24743,0.6824,0.55764,0.34145,0.54703,0.55764
18.05239,7.90722,-4.03447,0.40663,-0.16784,-0.89804,0.99605,0.0,0.0,nan,0.0,0.00974,0.08508,5.59836,1.83485,0.23109,0.65268,0.90417,0.46966,0.545,0.90417
19.11118,6.97606,-3.27051,0.61126,-0.21129,-0.7627,0.96832,0.0,0.0,nan,0.0,0.00741,0.04147,7.21562,2.66097,0.23406,0.67056,0.80685,0.4158,0.3758,0.80685
19.06967,6.95903,3.14048,0.50395,-0.31694,0.80348,0.95638,0.0,0.0,nan,0.0,0.01993,0.07786,8.62163,1.81256,0.24658,0.63687,0.62316,0.49519,0.55171,0.62316
18.3134,9.22324,-4.15272,0.41522,-0.14362,-0.89831,0.99626,0.0,0.0,nan,0.0,0.01946,0.07564,5.21492,1.68987,0.24,0.49154,0.35865,0.72399,0.59176,0.35865
19.31893,8.92357,-3.54385,0.59042,-0.16705,-0.78962,0.97611,0.00678,0.03389,0.6,1.0,0.00846,0.03511,5.16803,1.74849,0.24474,0.48544,0.46998,0.68823,0.57192,0.46998
19.2664,8.92662,3.59459,0.54908,-0.23513,0.80201,0.98141,0.0,0.0,nan,0.0,0.01221,0.05273,5.62135,3.46035,0.2463,0.56894,0.46758,0.552,0.28899,0.46758
18.32124,9.39846,4.18711,0.40177,-0.22668,0.88724,0.99636,0.0,0.0,nan,0.0,0.0089,0.05345,10.63079,1.69433,0.23537,0.52739,0.57713,0.37523,0.5902,0.57713
18.59849,11.08147,-4.23441,0.43001,-0.13292,-0.89299,0.99605,0.0,0.0,nan,0.0,0.0103,0.04928,5.41151,1.81256,0.23256,0.37664,0.46105,0.75987,0.55171,0.46105
19.5958,10.8687,-3.73754,0.58854,-0.13588,-0.79697,0.97756,0.04974,0.0525,0.7,0.76642,0.01274,0.05666,5.16624,1.92429,0.23637,0.40712,0.67357,0.76606,0.51967,0.67357
19.62616,10.77683,3.82801,0.59911,-0.11166,0.79284,0.97455,0.0,0.0,nan,0.0,0.00771,0.03503,9.91378,1.88334,0.2347,0.54793,0.57985,0.48268,0.53097,0.57985
18.80282,11.07759,4.39498,0.45826,-0.07089,0.88599,0.9867,0.0,0.0,nan,0.0,0.00844,0.04176,12.99832,1.85408,0.24647,0.55651,0.49718,0.41901,0.53935,0.49718
18.88119,13.02153,-4.46022,0.44298,-0.10612,-0.89023,0.99138,0.00206,0.01032,0.7,1.0,0.01319,0.04678,5.33119,1.81256,0.23764,0.41546,0.48245,0.93306,0.55171,0.48245
19.80303,12.90413,-3.86214,0.61229,-0.10919,-0.78306,0.97642,0.0,0.0,nan,0.0,0.01413,0.05896,5.06647,3.38302,0.24326,0.48264,0.74501,0.69276,0.29559,0.74501
19.62637,13.2937,3.96625,0.56364,-0.02392,0.82568,0.98089,0.0,0.0,nan,0.0,0.00687,0.02422,19.57335,1.8681,0.23193,0.43542,0.44884,0.7183,0.5353,0.44884
18.77629,12.84963,4.38579,0.46027,0.01141,0.8877,0.98982,0.0,0.0,nan,0.0,0.00989,0.0293,17.05582,1.86076,0.23913,0.51469,0.46575,0.73242,0.53742,0.46575
19.0483,15.0063,-4.58584,0.45353,-0.06108,-0.88914,0.99283,0.0,0.0,nan,0.0,0.01234,0.04692,5.42649,1.81256,0.23317,0.36267,0.65645,0.99223,0.55171,0.65645
19.95945,14.43134,-3.94185,0.62763,-0.07999,-0.77439,0.97466,0.0,0.0,nan,0.0,0.01808,0.06151,5.20961,2.3888,0.23026,0.46576,0.61914,0.87324,0.41862,0.61914
19.29616,14.53955,3.65717,0.53335,-0.07434,0.84262,0.9975,0.0,0.0,nan,0.0,0.00664,0.02137,21.24619,1.64778,0.23159,0.39066,0.41366,0.87097,0.60688,0.41366
18.93067,15.21261,4.52311,0.46234,-0.12335,0.87808,0.9947,0.0,0.0,nan,0.0,0.01159,0.03197,22.65023,1.64778,0.23825,0.46721,0.38059,0.84445,0.60688,0.38059
19.07077,16.98716,-4.64001,0.43502,-0.02684,-0.90002,0.99283,0.0,0.0,nan,0.0,0.01266,0.0516,5.14864,2.18223,0.22752,0.43186,0.64134,0.78902,0.45825,0.64134
18.91401,17.1123,4.39014,0.47392,-0.13366,0.87037,0.99802,0.0,0.0,nan,0.0,0.01157,0.02877,22.15519,1.90226,0.22907,0.46868,0.29383,0.93533,0.52569,0.29383
19.04807,18.99156,-4.67117,0.41809,0.00047,-0.9084,0.99532,0.0,0.0,nan,0.0,0.01188,0.0603,5.83038,1.81256,0.23661,0.58542,0.72939,0.452,0.55171,0.72939
19.14512,19.0946,5.05944,0.51083,-0.03648,0.85891,0.96583,0.0,0.0,nan,0.0,0.00943,0.02453,20.85254,1.81256,0.23133,0.45155,0.33035,0.93239,0.55171,0.33035
19.02804,21.00027,-4.57702,0.44176,0.02266,-0.89685,0.99408,0.0,0.0,nan,0.0,0.01214,0.04806,5.4835,1.64778,0.24045,0.64938,0.78419,0.59597,0.60688,0.78419
19.88406,21.55895,3.87034,0.71682,0.0127,0.69714,0.99636,0.0,0.0,nan,0.0,0.01015,0.0255,19.77598,3.09665,0.24538,0.57754,0.50571,0.75874,0.32293,0.50571
18.92902,21.07833,4.76948,0.5351,-0.02511,0.84441,0.99324,0.0,0.0,nan,0.0,0.00831,0.02396,19.55692,2.53753,0.22931,0.49861,0.573,0.76642,0.39408,0.573
18.93556,23.00628,-4.56521,0.48547,0.04278,-0.8732,0.99781,0.0,0.0,nan,0.0,0.00876,0.03871,5.06126,1.87802,0.23209,0.49132,0.5801,0.64273,0.53248,0.5801
19.90965,23.42662,-3.92277,0.6454,0.09776,-0.75756,0.97974,0.0,0.0,nan,0.0,0.00739,0.02864,4.98626,3.59919,0.23963,0.51652,0.41534,0.70014,0.27784,0.41534
19.98404,22.19146,3.82747,0.72456,0.03829,0.68815,0.99387,0.0,0.0,nan,0.0,0.01238,0.03152,19.12594,2.70225,0.23398,0.61541,0.41925,0.70465,0.37006,0.41925
19.08075,23.00863,4.89023,0.57309,0.08252,0.81532,0.98951,0.0,0.0,nan,0.0,0.0131,0.03994,19.20374,1.93726,0.22446,0.66716,0.66466,0.54265,0.51619,0.66466
18.84071,24.98066,-4.49423,0.52642,0.13107,-0.84006,0.99574,0.01535,0.07675,0.6,1.0,0.01189,0.04167,5.24836,1.70962,0.24485,0.4755,0.48955,0.82864,0.58493,0.48955
19.77828,25.16498,-3.8203,0.67168,0.16065,-0.72321,0.9785,0.03811,0.19054,0.6,1.0,0.01144,0.03725,4.38199,3.41577,0.23959,0.46149,0.40069,0.96936,0.29276,0.40069
19.73813,25.29212,3.71769,0.71359,0.22147,0.66464,0.9894,0.0,0.0,nan,0.0,0.00891,0.02614,13.45343,2.21471,0.2267,0.64666,0.74226,0.60581,0.45153,0.74226
18.83934,24.97076,4.63487,0.56799,0.19965,0.79845,0.98961,0.0,0.0,nan,0.0,0.00742,0.03025,15.32401,2.16799,0.22071,0.67962,0.82672,0.54059,0.46126,0.82672
18.53012,26.80857,-4.28886,0.52164,0.18922,-0.83192,0.99304,0.0,0.0,nan,0.0,0.00794,0.0384,5.37018,1.80098,0.23425,0.46396,0.42778,0.61173,0.55525,0.42778
19.50201,27.1169,-3.57288,0.67936,0.20064,-0.70584,0.97445,0.01157,0.05785,0.6,1.0,0.0105,0.03882,4.38175,2.01008,0.23494,0.48595,0.46158,0.81083,0.49749,0.46158
19.30292,26.9275,3.24569,0.72752,0.18221,0.66145,0.99802,0.0,0.0,nan,0.0,0.00845,0.02469,12.28411,1.82908,0.23552,0.56623,0.31039,0.70233,0.54672,0.31039
18.40268,26.96874,4.43766,0.57805,0.16688,0.79876,0.9947,0.0,0.0,nan,0.0,0.00785,0.02153,14.71505,1.91677,0.2177,0.54138,0.76676,0.80818,0.52171,0.76676
18.21381,28.51136,-4.09446,0.49382,0.21465,-0.84266,0.98992,0.0,0.0,nan,0.0,0.00769,0.03364,5.31868,1.64778,0.23691,0.49465,0.54672,0.63606,0.60688,0.54672
19.16598,29.0331,-3.26833,0.67868,0.22364,-0.69956,0.97331,0.00575,0.02873,0.51,1.0,0.00724,0.02965,4.20083,1.90093,0.23385,0.44273,0.76647,0.85985,0.52606,0.76647
19.9362,29.75475,-1.8064,0.89379,0.22811,-0.38614,0.97393,0.0,0.0,nan,0.0,0.00841,0.04701,4.12147,1.81256,0.23511,0.37275,0.54721,0.71289,0.55171,0.54721
19.99348,29.94085,1.85528,0.89751,0.21802,0.38334,0.95732,0.0,0.0,nan,0.0,0.01055,0.05255,7.67261,1.73693,0.2333,0.62797,0.41934,0.40305,0.57573,0.41934
19.34529,29.09295,3.29676,0.71759,0.17143,0.67503,0.96064,0.0,0.0,nan,0.0,0.00949,0.03124,12.81072,2.54824,0.24209,0.62775,0.67533,0.55968,0.39243,0.67533
18.27802,28.87205,4.19688,0.52264,0.22067,0.8235,0.97788,0.0,0.0,nan,0.0,0.00898,0.02617,12.71216,2.2682,0.23794,0.5676,0.66229,0.69969,0.44088,0.66229
18.83042,30.96976,-2.95177,0.66541,0.25467,-0.70169,0.9623,0.0,0.0,nan,0.0,0.01832,0.08261,5.50967,1.81256,0.23714,0.62786,0.61941,0.48144,0.55171,0.61941
19.79964,31.21091,-1.16685,0.93354,0.22732,-0.27717,0.9731,0.00132,0.0066,0.7,1.0,0.01303,0.06144,4.08165,1.98533,0.23604,0.41373,0.50505,0.7638,0.50369,0.50505
19.84885,31.33855,1.21582,0.92215,0.26544,0.28138,0.95295,0.0,0.0,nan,0.0,0.00534,0.04382,8.55765,1.89524,0.23151,0.5651,0.59586,0.26611,0.52764,0.59586
19.00671,30.89481,2.95297,0.65617,0.29735,0.69356,0.95223,0.0,0.0,nan,0.0,0.0044,0.01781,9.27678,1.88224,0.2372,0.43181,0.52423,0.69597,0.53128,0.52423
18.08968,30.05994,4.03609,0.45041,0.29006,0.84439,0.97912,0.0,0.0,nan,0.0,0.00387,0.01365,11.00331,2.88631,0.23903,0.48205,0.53119,0.69469,0.34646,0.53119
18.58619,32.93519,-2.53898,0.61715,0.38296,-0.68736,0.92471,0.0,0.0,nan,0.0,0.00664,0.03601,9.10295,1.8483,0.24016,0.57241,0.50701,0.39298,0.54104,0.50701
19.37789,33.0988,-1.08764,0.88559,0.35113,-0.30404,0.94164,0.0,0.0,nan,0.0,0.01272,0.04596,5.44217,2.37325,0.23741,0.48923,0.47685,0.77342,0.42136,0.47685
19.40495,33.06704,1.08542,0.88627,0.34446,0.30963,0.93499,0.0,0.0,nan,0.0,0.00514,0.02579,9.55042,1.86438,0.23882,0.46364,0.43137,0.51961,0.53637,0.43137
18.62123,32.86902,2.44331,0.6455,0.33776,0.68501,0.94319,0.0,0.0,nan,0.0,0.00577,0.01787,8.72769,1.91966,0.23058,0.48779,0.35364,0.813,0.52093,0.35364
18.2495,34.20992,-2.13603,0.5616,0.53266,-0.63315,0.89989,0.0,0.0,nan,0.0,0.00876,0.03963,11.0451,1.81254,0.24277,0.66517,0.78723,0.44564,0.55171,0.78723
18.65198,34.79291,-0.91549,0.71378,0.62447,-0.31709,0.86635,0.0,0.0,nan,0.0,0.01376,0.08091,9.92564,1.8301,0.23049,0.52892,0.76395,0.40429,0.54642,0.76395
18.63811,34.92523,1.037,0.75321,0.59347,0.28367,0.85233,0.0,0.0,nan,0.0,0.00542,0.02477,11.28838,3.04164,0.23691,0.57018,0.39519,0.45204,0.32877,0.39519
18.15832,34.40266,2.09823,0.63423,0.46842,0.61509,0.92004,0.0,0.0,nan,0.0,0.00803,0.02013,9.16516,3.08474,0.23996,0.60219,0.66739,0.80693,0.32418,0.66739
20.00855,3.99879,-0.45945,0.83037,-0.54681,-0.10717,0.83676,0.0,0.0,nan,0.0,0.00484,0.0185,11.55536,3.38272,0.22463,0.52044,0.55271,0.58982,0.29562,0.55271
20.0407,5.78378,-2.08936,0.8288,-0.28617,-0.48083,0.92242,0.0,0.0,nan,0.0,0.004,0.02109,9.25373,1.71929,0.24096,0.51015,0.6739,0.45249,0.58164,0.6739
20.01892,5.26539,-0.87606,0.90779,-0.35778,-0.21889,0.95327,0.0,0.0,nan,0.0,0.00802,0.0318,10.91442,2.20344,0.23085,0.57537,0.50196,0.51886,0.45384,0.50196
20.15385,5.20354,0.84414,0.89499,-0.36337,0.25875,0.91972,0.0,0.0,nan,0.0,0.00756,0.04365,9.87866,3.10099,0.24096,0.52754,0.5981,0.39478,0.32248,0.5981
20.10489,7.35868,-2.34354,0.83022,-0.20679,-0.51767,0.96074,0.0,0.0,nan,0.0,0.00383,0.01538,6.15605,1.87083,0.24783,0.33505,0.61499,0.98567,0.53452,0.61499
20.31061,7.04074,-0.94541,0.94893,-0.22073,-0.22541,0.99138,0.0,0.0,nan,0.0,0.00795,0.02347,6.39637,1.89882,0.23093,0.61994,0.64828,0.71742,0.52664,0.64828
20.60721,6.9747,1.02786,0.94186,-0.26381,0.20809,0.95181,0.0,0.0,nan,0.0,0.00484,0.02427,5.71313,3.41927,0.24154,0.48117,0.43284,0.55932,0.29246,0.43284
20.20251,7.23443,2.28016,0.79715,-0.27715,0.53642,0.93831,0.0,0.0,nan,0.0,0.00627,0.03268,5.54967,2.3777,0.23478,0.42824,0.33771,0.60916,0.42057,0.33771
20.41261,9.09559,-2.57352,0.81828,-0.18148,-0.54542,0.96147,0.02098,0.10492,0.7,1.0,0.00905,0.03047,5.50025,1.84482,0.24183,0.44663,0.75341,0.91737,0.54206,0.75341
20.93514,8.9986,-1.0387,0.95593,-0.1839,-0.22888,0.9839,0.0,0.0,nan,0.0,0.00801,0.02841,5.58925,1.97856,0.23839,0.47549,0.44193,0.80518,0.50542,0.44193
21.05509,9.01318,1.06169,0.96643,-0.18917,0.17385,0.96832,0.01451,0.07256,0.51,1.0,0.00826,0.03352,5.82686,1.83499,0.24148,0.45241,0.54966,0.73132,0.54496,0.54966
20.51746,9.06857,2.57208,0.81604,-0.19711,0.54334,0.95181,0.0,0.0,nan,0.0,0.01195,0.06378,5.63247,1.71896,0.24393,0.46884,0.29621,0.54145,0.58175,0.29621
20.57464,11.03514,-2.82097,0.80418,-0.12587,-0.5809,0.96323,0.0238,0.11898,0.6,1.0,0.01037,0.05406,5.07104,1.73264,0.23272,0.2684,0.27254,0.99625,0.57716,0.27254
21.24623,11.03453,-1.03257,0.9769,-0.09953,-0.18912,0.9839,0.02953,0.14763,0.6,1.0,0.01688,0.05434,6.29852,1.78949,0.22846,0.48433,0.34226,0.84482,0.55882,0.34226
21.30102,11.01269,1.05922,0.98344,-0.07741,0.16385,0.98151,0.02191,0.10953,0.6,1.0,0.01223,0.04911,8.91542,1.88805,0.23608,0.50451,0.51007,0.60426,0.52965,0.51007
20.67969,11.02532,2.91234,0.81417,-0.09328,0.57309,0.95088,0.0,0.0,nan,0.0,0.00775,0.0324,10.21893,1.81256,0.22858,0.5192,0.57424,0.55082,0.55171,0.57424
20.75713,13.01309,-2.98172,0.81945,-0.09376,-0.56543,0.96136,0.08503,0.08503,0.6,0.53828,0.00844,0.04508,4.97182,1.69959,0.247,0.26509,0.30438,0.99066,0.58838,0.30438
21.27026,12.9975,-0.99292,0.98302,-0.07911,-0.16555,0.99542,0.00313,0.01566,0.6,1.0,0.01478,0.03786,5.81683,1.84937,0.23683,0.53663,0.59885,0.97758,0.54072,0.59885
21.30183,13.04493,1.03606,0.98062,-0.06861,0.18353,0.99252,0.01176,0.05879,0.6,1.0,0.00615,0.04297,15.60621,1.81256,0.24103,0.57561,0.67064,0.28064,0.55171,0.67064
20.71877,13.03135,2.88732,0.79125,-0.05084,0.60938,0.957,0.0,0.0,nan,0.0,0.00732,0.02529,16.40672,1.77191,0.23433,0.50168,0.52409,0.64745,0.56436,0.52409
20.02433,15.87153,-4.01235,0.6203,-0.05861,-0.78217,0.973,0.0,0.0,nan,0.0,0.01329,0.04405,5.10952,3.08924,0.23977,0.42089,0.61236,0.99753,0.3237,0.61236
20.82951,15.02395,-3.11998,0.81269,-0.07589,-0.57773,0.965,0.0,0.0,nan,0.0,0.01106,0.04945,5.35175,2.21749,0.23666,0.31535,0.57914,0.9739,0.45096,0.57914
21.53691,14.97624,-1.0253,0.98282,-0.07188,-0.16998,0.99439,0.0,0.0,nan,0.0,0.01248,0.04335,5.14813,1.77126,0.2296,0.51432,0.52289,0.77683,0.56457,0.52289
21.59413,14.97736,1.04631,0.9773,-0.12421,0.17163,0.97715,0.0,0.0,nan,0.0,0.00799,0.04968,16.1862,1.6788,0.23605,0.54429,0.75125,0.33329,0.59566,0.75125
20.81093,15.04593,2.85774,0.77853,-0.12963,0.61407,0.96334,0.0,0.0,nan,0.0,0.00574,0.01883,17.13291,2.03504,0.23827,0.42917,0.51345,0.79288,0.49139,0.51345
20.05231,15.93243,4.01187,0.5652,-0.15458,0.81034,0.97715,0.0,0.0,nan,0.0,0.01169,0.02825,19.98427,1.86646,0.23934,0.45595,0.385,0.9985,0.53577,0.385
20.05669,17.21366,-4.06309,0.60424,-0.04056,-0.79577,0.97133,0.0,0.0,nan,0.0,0.01033,0.03894,5.33721,2.68613,0.22816,0.45347,0.57987,0.80402,0.37228,0.57987
20.96148,16.99104,-3.22666,0.811,-0.04845,-0.58303,0.95783,0.0,0.0,nan,0.0,0.0125,0.04563,5.41383,1.70321,0.24314,0.37646,0.52674,0.99659,0.58713,0.52674
21.57811,16.99244,-0.98978,0.98832,-0.01334,-0.15181,0.99657,0.0,0.0,nan,0.0,0.00714,0.06548,7.3232,1.8559,0.2366,0.45524,0.47127,0.30477,0.53882,0.47127
21.74483,17.12968,1.04943,0.99124,-0.01631,0.13104,0.97393,0.0,0.0,nan,0.0,0.01116,0.05479,17.60392,1.70176,0.23375,0.60879,0.64869,0.37261,0.58763,0.64869
21.04988,16.97663,3.15491,0.79863,-0.0518,0.59959,0.95005,0.0,0.0,nan,0.0,0.00657,0.02134,19.63297,2.06994,0.23826,0.4809,0.4035,0.70514,0.48311,0.4035
20.09534,17.27381,4.09144,0.61263,-0.07364,0.78693,0.97746,0.0,0.0,nan,0.0,0.00933,0.02666,17.73113,1.64778,0.23645,0.42514,0.39564,0.91549,0.60688,0.39564
20.09375,19.02279,-4.06799,0.59648,-0.00353,-0.80262,0.9678,0.0,0.0,nan,0.0,0.00692,0.03094,5.28664,2.75793,0.22589,0.51039,0.66655,0.6042,0.36259,0.66655
21.07328,18.99814,-3.28928,0.82282,-0.00832,-0.56824,0.93821,0.0,0.0,nan,0.0,0.01126,0.03867,5.1701,1.84812,0.24506,0.40739,0.62374,0.9911,0.54109,0.62374
21.53517,18.97518,-0.97747,0.99271,0.02598,-0.11772,0.99875,0.0,0.0,nan,0.0,0.01371,0.08555,9.24047,1.8217,0.22761,0.54278,0.64547,0.35912,0.54894,0.64547
21.60259,18.97272,1.09371,0.98844,0.05345,0.1419,0.98359,0.0,0.0,nan,0.0,0.00389,0.02061,19.35123,1.81256,0.22828,0.50433,0.77832,0.45443,0.55171,0.77832
20.87757,18.94677,2.93031,0.83688,0.03595,0.54621,0.98431,0.0,0.0,nan,0.0,0.00666,0.01656,18.31694,2.56695,0.23957,0.46897,0.57818,0.95088,0.38957,0.57818
20.07539,18.83615,4.20342,0.64045,-0.00251,0.76799,0.98078,0.0,0.0,nan,0.0,0.00934,0.02764,20.28733,1.72625,0.23151,0.47341,0.33745,0.78453,0.57929,0.33745
20.11849,20.84729,-4.05849,0.6073,0.04246,-0.79334,0.96521,0.0,0.0,nan,0.0,0.00451,0.02994,5.3125,2.5638,0.2188,0.61141,0.58324,0.33929,0.39005,0.58324
21.01129,21.01909,-3.27963,0.81918,0.05005,-0.57134,0.93727,0.0,0.0,nan,0.0,0.00959,0.05161,6.65318,1.64778,0.23825,0.4317,0.59367,0.55959,0.60688,0.59367
21.44835,21.00896,-0.99785,0.99355,0.04017,-0.10608,0.99885,0.0,0.0,nan,0.0,0.008,0.05498,8.03956,1.73086,0.23518,0.51924,0.69749,0.34977,0.57775,0.69749
21.40288,21.05177,1.03225,0.98843,0.04019,0.14625,0.98992,0.0,0.0,nan,0.0,0.00586,0.02868,18.59998,1.81256,0.23495,0.59085,0.72767,0.38276,0.55171,0.72767
20.91862,20.9471,3.23198,0.81921,0.0262,0.57289,0.97206,0.0,0.0,nan,0.0,0.0075,0.0186,19.51527,2.34523,0.22627,0.50591,0.44626,0.87899,0.4264,0.44626
20.13461,20.43642,4.1419,0.69138,0.01274,0.72238,0.98244,0.0,0.0,nan,0.0,0.01119,0.02806,18.18857,2.28683,0.21623,0.58993,0.48249,0.75044,0.43729,0.48249
20.02382,22.13389,-4.00151,0.62184,0.06511,-0.78043,0.973,0.0,0.0,nan,0.0,0.00463,0.02484,5.29514,3.06229,0.24505,0.60105,0.63455,0.42757,0.32655,0.63455
20.85095,22.99439,-3.17783,0.81435,0.11113,-0.56964,0.95202,0.0,0.0,nan,0.0,0.00906,0.03214,5.06912,1.85224,0.24542,0.47517,0.53535,0.82771,0.53989,0.53535
21.43769,23.02371,-0.9778,0.98864,0.08253,-0.12563,0.99356,0.0,0.0,nan,0.0,0.00833,0.04944,7.22082,1.68122,0.22956,0.48702,0.52269,0.44159,0.5948,0.52269
21.45691,23.02755,1.02074,0.98804,0.09109,0.12441,0.98722,0.0,0.0,nan,0.0,0.00962,0.06258,10.63995,1.64778,0.23132,0.68915,0.86885,0.42775,0.60688,0.86885
20.93187,22.9423,3.13578,0.8469,0.09642,0.52294,0.96136,0.0,0.0,nan,0.0,0.00688,0.02788,16.6682,1.64778,0.22818,0.52785,0.46458,0.52351,0.60688,0.46458
20.07119,22.614,4.1017,0.70182,0.06252,0.7096,0.98442,0.0,0.0,nan,0.0,0.01429,0.04066,17.87752,2.55939,0.22332,0.61412,0.53634,0.63644,0.39072,0.53634
20.59407,24.96986,-2.89571,0.83163,0.17791,-0.52606,0.96843,0.00902,0.0451,0.6,1.0,0.01252,0.05197,4.38099,1.76663,0.24089,0.37471,0.38623,0.93653,0.56605,0.38623
21.14792,25.04106,-1.01955,0.97039,0.18227,-0.15852,0.99231,0.0,0.0,nan,0.0,0.01548,0.05544,4.18716,1.87425,0.23621,0.41519,0.4587,0.99386,0.53355,0.4587
21.17789,24.98571,1.03669,0.96196,0.20913,0.17575,0.98213,0.0,0.0,nan,0.0,0.0055,0.03213,5.92753,3.41941,0.24187,0.50979,0.39009,0.44882,0.29245,0.39009
20.60894,24.93626,2.86013,0.82128,0.23088,0.52171,0.9731,0.0,0.0,nan,0.0,0.00568,0.03586,9.86922,1.68182,0.2501,0.58096,0.83727,0.45509,0.5946,0.83727
20.32783,26.91024,-2.58942,0.84737,0.20939,-0.48798,0.96832,0.03569,0.17845,0.6,1.0,0.0139,0.06254,4.18334,1.77353,0.23683,0.36655,0.33175,0.89618,0.56385,0.33175
20.68386,26.98182,-1.05539,0.95931,0.21476,-0.1833,0.99324,0.0,0.0,nan,0.0,0.00577,0.07185,4.40679,1.92272,0.23158,0.61753,0.868,0.30384,0.5201,0.868
20.76542,27.02728,1.13474,0.95331,0.19472,0.23083,0.97819,0.0,0.0,nan,0.0,0.00194,0.01574,7.7461,1.71753,0.23439,0.43751,0.7916,0.40854,0.58223,0.7916
20.17126,26.80941,2.15495,0.86794,0.19121,0.45838,0.99252,0.0,0.0,nan,0.0,0.00586,0.02224,9.02554,2.39043,0.23991,0.51622,0.47678,0.62351,0.41834,0.47678
20.09892,28.44714,-2.25511,0.86472,0.22501,-0.44902,0.96915,0.00016,0.00078,0.6,1.0,0.00856,0.04254,3.95274,2.21764,0.22729,0.30477,0.46637,0.99434,0.45093,0.46637
20.29833,28.95588,-0.95525,0.9554,0.21728,-0.20001,0.99117,0.0,0.0,nan,0.0,0.00648,0.04168,3.94975,1.88427,0.23442,0.51162,0.61906,0.45755,0.53071,0.61906
20.3397,29.05524,1.03397,0.96717,0.17622,0.18311,0.97819,0.0,0.0,nan,0.0,0.00958,0.0379,6.74851,1.89727,0.22722,0.55152,0.56145,0.59438,0.52707,0.56145
20.17221,28.68368,2.22158,0.88157,0.15008,0.44757,0.96033,0.0,0.0,nan,0.0,0.00694,0.02925,8.36963,1.9479,0.23453,0.59493,0.58903,0.49384,0.51337,0.58903
20.08097,30.25502,-0.57813,0.96482,0.21835,-0.14641,0.98691,0.0,0.0,nan,0.0,0.00921,0.05417,4.50281,1.85012,0.23665,0.49784,0.52778,0.49327,0.5405,0.52778
20.07726,30.35788,0.88607,0.96081,0.22709,0.15897,0.97725,0.0,0.0,nan,0.0,0.01124,0.0817,6.18965,1.74972,0.23708,0.62823,0.87816,0.4913,0.57152,0.87816
