cx,cy,cz,nx,ny,nz,valid_frac,score,periodic_cover,periodic_period_mm,periodic_straightness,band_score,band_ratio,band_amp_um,peak_freq,spectral_spread,local_coherence,global_coherence,coverage,ridge_period_mm,straightness
-20.5262,1.49037,-2.69741,-0.62458,-0.72306,-0.29511,0.87168,0.0,0.0,nan,0.0,0.01074,0.04597,22.2145,2.00844,0.23118,0.60132,0.77228,0.45601,0.4979,0.77228
-20.91647,1.61883,-0.99156,-0.61933,-0.77984,0.09097,0.86493,0.0,0.0,nan,0.0,0.00398,0.02695,26.33766,2.80887,0.23717,0.34658,0.73255,0.45872,0.35601,0.73255
-20.78423,1.84923,0.37408,-0.5107,-0.79527,0.32669,0.86151,0.0,0.0,nan,0.0,0.01018,0.04008,33.22991,2.84871,0.23383,0.43299,0.50549,0.62175,0.35104,0.50549
-20.14361,1.83853,5.47686,-0.55125,-0.82645,0.11449,0.69865,0.0,0.0,nan,0.0,0.01106,0.04047,34.22759,1.71128,0.23838,0.39666,0.48624,0.72953,0.58436,0.48624
-20.39697,3.37455,-4.4166,-0.65817,-0.32856,-0.67739,0.96015,0.0,0.0,nan,0.0,0.00501,0.03297,23.38728,1.80873,0.23499,0.71152,0.89083,0.4221,0.55287,0.89083
-21.15265,2.89771,-3.06445,-0.8205,-0.37593,-0.43066,0.90952,0.0,0.0,nan,0.0,0.0141,0.07416,28.28564,1.67878,0.23959,0.72403,0.45399,0.28111,0.59567,0.45399
-21.91134,3.01638,-0.99592,-0.95128,-0.30586,-0.03898,0.83987,0.0,0.0,nan,0.0,0.00271,0.04401,27.43719,2.2058,0.22278,0.69277,0.94419,0.25181,0.45335,0.94419
-21.67517,2.78736,1.20443,-0.78735,-0.53858,0.30002,0.78491,0.0,0.0,nan,0.0,0.00863,0.05342,36.80488,1.84761,0.24395,0.40234,0.4908,0.42327,0.54124,0.4908
-20.8419,3.19716,2.95198,-0.76955,-0.62177,0.14559,0.85054,0.0,0.0,nan,0.0,0.00759,0.06903,46.39425,1.88289,0.24071,0.30485,0.34539,0.37619,0.5311,0.34539
-20.9257,2.90221,5.05033,-0.84558,-0.51791,0.12946,0.77213,0.0,0.0,nan,0.0,0.01391,0.06195,43.67095,2.36223,0.23169,0.53165,0.61087,0.44158,0.42333,0.61087
-20.40094,3.10338,6.53655,-0.75664,-0.40779,0.51109,0.76327,0.0,0.0,nan,0.0,0.00675,0.06609,35.81238,1.80642,0.2345,0.63967,0.85031,0.24813,0.55358,0.85031
-20.65294,5.00653,-4.8329,-0.74842,-0.1941,-0.63419,0.94616,0.0,0.0,nan,0.0,0.00212,0.03049,18.49583,2.18775,0.23796,0.65926,0.95346,0.33479,0.45709,0.95346
-21.43106,4.99548,-2.93539,-0.95837,-0.00845,-0.28539,0.9684,0.0,0.0,nan,0.0,0.02385,0.12155,6.47966,2.53174,0.22471,0.65096,0.78627,0.44629,0.39499,0.78627
-21.55419,5.00283,-0.99492,-0.99099,0.13381,0.0057,0.99548,0.0,0.0,nan,0.0,0.01387,0.05172,5.50006,1.80873,0.24057,0.58189,0.4536,0.62826,0.55287,0.4536
-21.34988,5.05185,1.06939,-0.98292,0.07278,0.16906,0.97243,0.0,0.0,nan,0.0,0.01076,0.11202,12.08774,1.86499,0.24316,0.53679,0.77035,0.22308,0.5362,0.77035
-21.11188,5.03718,3.00636,-0.9869,-0.02686,0.1591,0.9683,0.0,0.0,nan,0.0,0.00626,0.07958,33.23694,1.80873,0.24071,0.50976,0.83047,0.22029,0.55287,0.83047
-20.73297,4.98785,5.00857,-0.97046,0.03713,0.23839,0.97364,0.0,0.0,nan,0.0,0.00699,0.11216,23.67752,1.6443,0.23479,0.54318,0.87589,0.20832,0.60816,0.87589
-20.1838,4.80589,6.47491,-0.86367,0.00236,0.50405,0.96267,0.0,0.0,nan,0.0,0.01387,0.08654,12.11706,3.00419,0.23451,0.62667,0.36712,0.29787,0.33287,0.36712
-20.65668,6.98836,-4.94006,-0.80504,-0.06003,-0.59018,0.94837,0.0,0.0,nan,0.0,0.00373,0.04413,19.04823,1.78828,0.23765,0.53422,0.87902,0.29818,0.5592,0.87902
-21.29354,7.02444,-2.99768,-0.98883,0.01129,-0.14861,0.99125,0.0,0.0,nan,0.0,0.0124,0.04476,6.14468,1.72481,0.23967,0.47189,0.55131,0.77838,0.57977,0.55131
-21.31437,7.0303,-1.00795,-0.99622,0.06133,0.06145,0.9991,0.0,0.0,nan,0.0,0.00569,0.03854,7.32383,1.85663,0.22762,0.37659,0.47092,0.49894,0.53861,0.47092
-21.02816,7.00596,1.01269,-0.99053,0.06502,0.12089,0.99961,0.0,0.0,nan,0.0,0.01097,0.06969,10.35342,1.75876,0.22969,0.33816,0.39466,0.55557,0.56858,0.39466
-20.67823,7.02809,2.97532,-0.98312,0.0793,0.1649,0.99961,0.0,0.0,nan,0.0,0.01734,0.06515,12.01034,1.72713,0.2367,0.46092,0.31239,0.67355,0.579,0.31239
-20.47208,7.00274,4.97379,-0.95834,0.10501,0.26562,0.999,0.0,0.0,nan,0.0,0.01372,0.06519,11.19777,1.89592,0.23499,0.38769,0.49097,0.63977,0.52745,0.49097
-20.08469,6.55852,6.16954,-0.91224,0.11787,0.39232,0.99689,0.0,0.0,nan,0.0,0.01695,0.0556,8.87772,1.83614,0.23747,0.46009,0.35562,0.81178,0.54462,0.35562
-20.11991,9.77216,-6.08261,-0.5775,-0.15147,-0.80222,0.9522,0.0,0.0,nan,0.0,0.00988,0.03114,16.74356,2.21534,0.22652,0.66249,0.56702,0.53614,0.4514,0.56702
-20.79999,8.9893,-5.12481,-0.79241,-0.10556,-0.60078,0.92573,0.0,0.0,nan,0.0,0.0034,0.0476,25.35549,1.80873,0.23447,0.6913,0.93914,0.28205,0.55287,0.93914
-21.32707,9.02796,-2.96402,-0.9962,-0.03573,-0.07949,0.99478,0.0,0.0,nan,0.0,0.012,0.04175,7.6232,1.86717,0.2245,0.4215,0.59394,0.86074,0.53557,0.59394
-21.29642,9.01676,-0.96854,-0.99692,0.00113,0.07848,0.99971,0.0,0.0,nan,0.0,0.0076,0.04976,10.62229,1.87087,0.22057,0.27502,0.51787,0.66005,0.53451,0.51787
-21.10675,9.00562,0.97561,-0.99182,0.01862,0.12626,1.00001,0.0,0.0,nan,0.0,0.01294,0.06012,13.48626,1.79095,0.22318,0.31182,0.55319,0.79237,0.55836,0.55319
-20.74527,9.02303,2.98215,-0.97809,0.04317,0.20366,0.99981,0.0,0.0,nan,0.0,0.02419,0.07513,14.88914,1.87055,0.23367,0.41849,0.42902,0.87277,0.5346,0.42902
-20.33129,8.9644,4.87863,-0.95041,0.07551,0.30169,0.99468,0.0,0.0,nan,0.0,0.03195,0.12766,15.33674,2.07979,0.22618,0.51206,0.77705,0.60488,0.48082,0.77705
-20.2716,11.10193,-6.28153,-0.61344,-0.05983,-0.78747,0.91908,0.0,0.0,nan,0.0,0.01157,0.03226,20.05762,3.08827,0.24331,0.65283,0.57417,0.60429,0.32381,0.57417
-21.04286,10.97074,-5.04655,-0.86038,-0.03701,-0.50831,0.92633,0.0,0.0,nan,0.0,0.01294,0.05047,22.95159,2.42827,0.23468,0.73596,0.72665,0.37865,0.41182,0.72665
-21.47318,10.95358,-2.95868,-0.99901,-0.02984,-0.03295,0.99518,0.0,0.0,nan,0.0,0.01421,0.10085,9.40025,1.81007,0.22479,0.55463,0.89192,0.56451,0.55247,0.89192
-21.20275,10.93775,-0.99013,-0.99306,0.00218,0.11758,1.00001,0.0,0.0,nan,0.0,0.01249,0.06483,11.79636,1.86521,0.22645,0.36416,0.37843,0.6188,0.53613,0.37843
-20.9312,10.97162,0.99586,-0.99022,0.01923,0.13818,0.99981,0.0,0.0,nan,0.0,0.0105,0.05876,12.39695,1.88508,0.22229,0.2534,0.30169,0.81922,0.53048,0.30169
-20.59461,10.96469,2.99056,-0.97208,0.0496,0.22936,0.99991,0.0,0.0,nan,0.0,0.01486,0.06821,12.94124,1.87686,0.22828,0.37257,0.67196,0.67512,0.53281,0.67196
-20.12087,10.90568,4.44794,-0.96271,0.05143,0.26559,0.99981,0.0,0.0,nan,0.0,0.01279,0.0591,11.32819,1.87679,0.23112,0.46583,0.4731,0.54683,0.53282,0.4731
-20.33416,12.62581,-6.36746,-0.6625,-0.00841,-0.74902,0.94354,0.0,0.0,nan,0.0,0.00688,0.02282,23.24684,1.7848,0.23043,0.53591,0.79038,0.70115,0.56029,0.79038
-20.86388,13.30422,-5.04142,-0.84953,-0.03758,-0.5262,0.97404,0.0,0.0,nan,0.0,0.00714,0.02153,24.74592,1.90357,0.22432,0.4926,0.64768,0.72765,0.52533,0.64768
-21.51195,13.09053,-3.06556,-0.99461,-0.01872,-0.10202,0.98491,0.0,0.0,nan,0.0,0.0088,0.03866,26.67656,1.81011,0.23951,0.53641,0.70746,0.45595,0.55245,0.70746
-21.17997,13.01131,-0.96836,-0.99163,-0.05023,0.11891,0.99951,0.0,0.0,nan,0.0,0.01548,0.08701,17.33315,1.74143,0.23346,0.4705,0.71346,0.42181,0.57424,0.71346
-21.01103,12.98966,1.04064,-0.98702,-0.05453,0.15107,1.00001,0.0,0.0,nan,0.0,0.01044,0.06887,13.29879,2.08192,0.22164,0.49995,0.81679,0.44358,0.48033,0.81679
-20.60077,13.00872,2.97825,-0.96826,-0.04245,0.24633,0.99971,0.0,0.0,nan,0.0,0.00913,0.03242,8.25674,1.8704,0.22701,0.357,0.40534,0.98014,0.53464,0.40534
-20.10995,13.12381,4.64975,-0.96556,-0.04225,0.25674,1.00001,0.0,0.0,nan,0.0,0.00973,0.04602,6.89274,1.74056,0.24135,0.68546,0.81694,0.50634,0.57453,0.81694
-20.37247,15.12651,-6.33812,-0.68859,-0.15705,-0.70794,0.97304,0.0,0.0,nan,0.0,0.00261,0.02029,24.90038,3.07707,0.24206,0.51371,0.92488,0.61464,0.32498,0.92488
-21.10904,14.64112,-5.00398,-0.8604,-0.10336,-0.49903,0.9682,0.0,0.0,nan,0.0,0.00689,0.02434,25.74398,1.75839,0.24517,0.48983,0.76225,0.64799,0.5687,0.76225
-21.69389,14.98292,-3.0215,-0.99166,-0.10503,-0.07463,0.98612,0.0,0.0,nan,0.0,0.01098,0.05688,25.1753,1.80873,0.23667,0.36999,0.61728,0.56304,0.55287,0.61728
-21.28784,14.98329,-0.97657,-0.9904,-0.09355,0.10179,1.00001,0.0,0.0,nan,0.0,0.01344,0.07462,20.1362,1.84616,0.23014,0.51608,0.86583,0.60984,0.54166,0.86583
-21.18841,15.00392,0.9928,-0.98267,-0.10743,0.15107,0.99961,0.0,0.0,nan,0.0,0.00289,0.06347,17.18267,2.04894,0.22699,0.54472,0.96711,0.30527,0.48806,0.96711
-20.65681,15.01728,3.02199,-0.96095,-0.08714,0.26265,0.99951,0.0,0.0,nan,0.0,0.01787,0.0455,9.43696,1.78077,0.22238,0.51763,0.73258,0.91937,0.56155,0.73258
-20.18106,15.01331,5.01169,-0.93143,-0.0637,0.35831,0.98451,0.0,0.0,nan,0.0,0.00604,0.10241,9.48363,2.37715,0.22487,0.74356,0.97817,0.35591,0.42067,0.97817
-20.06231,15.32799,6.16244,-0.84167,-0.03306,0.53897,0.92422,0.0,0.0,nan,0.0,0.00391,0.08408,48.20248,3.04396,0.23809,0.86472,0.99077,0.24433,0.32852,0.99077
-20.49224,17.03168,-6.49838,-0.68304,-0.06607,-0.72739,0.95462,0.0,0.0,nan,0.0,0.00832,0.03509,17.69684,1.6443,0.24737,0.48018,0.41705,0.54921,0.60816,0.41705
-21.39403,17.0176,-5.02152,-0.902,-0.06322,-0.42709,0.97374,0.00201,0.01006,0.6,1.0,0.00542,0.03875,15.10642,2.87271,0.23442,0.49703,0.54541,0.31855,0.3481,0.54541
-21.77637,17.01045,-3.05319,-0.99747,-0.05344,-0.04693,0.99397,0.0,0.0,nan,0.0,0.00832,0.10701,16.65252,1.77158,0.23512,0.61521,0.9387,0.35729,0.56447,0.9387
-21.72208,16.95826,-0.93347,-0.99374,-0.07486,0.08297,0.9988,0.0,0.0,nan,0.0,0.01408,0.07573,22.26707,1.86406,0.24289,0.56285,0.87889,0.61257,0.53646,0.87889
-21.54951,16.99503,1.0411,-0.9852,-0.08314,0.14992,0.999,0.0,0.0,nan,0.0,0.00975,0.08164,18.22897,1.70454,0.23858,0.63249,0.89132,0.38245,0.58667,0.89132
-20.93161,17.04539,3.02441,-0.9573,-0.09313,0.2737,0.99981,0.0,0.0,nan,0.0,0.02426,0.05262,10.27137,1.7729,0.2298,0.57762,0.64033,0.95355,0.56405,0.64033
-20.4337,16.95493,4.94931,-0.9412,-0.05803,0.33283,0.98813,0.0,0.0,nan,0.0,0.02782,0.12062,12.45351,3.16076,0.23369,0.61427,0.44004,0.4358,0.31638,0.44004
-20.07452,16.9443,6.15816,-0.80284,-0.02414,0.59571,0.93106,0.0,0.0,nan,0.0,0.00509,0.05332,42.02873,3.36473,0.23874,0.78112,0.91368,0.26899,0.2972,0.91368
-20.45118,18.93871,-6.53894,-0.65626,0.06789,-0.75147,0.95874,0.0,0.0,nan,0.0,0.00722,0.03021,18.60831,1.66784,0.23226,0.55363,0.46198,0.47801,0.59958,0.46198
-21.36694,19.0319,-5.02682,-0.90118,0.05009,-0.43054,0.97857,0.0,0.0,nan,0.0,0.00638,0.15285,14.07718,1.80873,0.22423,0.7614,0.97972,0.23625,0.55287,0.97972
-21.93954,19.02577,-2.97018,-0.99924,0.00998,-0.03776,0.98793,0.0,0.0,nan,0.0,0.02409,0.12935,21.52608,1.87551,0.23536,0.61337,0.77454,0.36006,0.53319,0.77454
-21.66641,19.05345,-1.02865,-0.99734,0.01942,0.07023,0.99951,0.0,0.0,nan,0.0,0.00836,0.0797,30.26892,1.65373,0.25051,0.53859,0.9421,0.53884,0.60469,0.9421
-21.65422,18.97665,1.02305,-0.99275,-0.00569,0.12006,0.9991,0.0,0.0,nan,0.0,0.00877,0.09506,25.01887,1.71365,0.23818,0.67688,0.9354,0.36202,0.58355,0.9354
-21.05853,18.93293,2.99639,-0.96543,-0.05939,0.2538,0.99981,0.0,0.0,nan,0.0,0.01719,0.05352,10.29112,1.68199,0.22515,0.47745,0.56695,0.80356,0.59453,0.56695
-20.55029,19.02297,4.98446,-0.90212,-0.05272,0.42825,0.99125,0.0,0.0,nan,0.0,0.00213,0.03307,27.1171,1.6443,0.23317,0.58905,0.89154,0.21504,0.60816,0.89154
-20.1476,19.02419,6.2195,-0.80122,-0.03182,0.59752,0.95844,0.0,0.0,nan,0.0,0.00415,0.02662,22.6581,1.9275,0.22978,0.50094,0.83561,0.46688,0.51881,0.83561
-20.37056,20.92232,-6.22487,-0.70577,0.03029,-0.70779,0.9835,0.0,0.0,nan,0.0,0.00412,0.02222,19.31264,1.6443,0.2307,0.42969,0.3442,0.47665,0.60816,0.3442
-21.26814,21.03139,-5.07309,-0.86765,0.04632,-0.49501,0.97857,0.0,0.0,nan,0.0,0.00202,0.03171,21.63912,2.07711,0.22884,0.53029,0.88776,0.23457,0.48144,0.88776
-21.8013,20.9915,-2.98719,-0.99352,0.11361,-0.00451,0.97877,0.0,0.0,nan,0.0,0.01434,0.07435,34.92507,2.67557,0.23804,0.54127,0.58547,0.37672,0.37375,0.58547
-21.49169,21.0314,-0.92811,-0.98734,0.15041,0.05038,0.99588,0.0,0.0,nan,0.0,0.00864,0.05639,46.24468,1.6443,0.23972,0.54261,0.90092,0.56961,0.60816,0.90092
-21.50322,21.04241,1.00615,-0.99869,0.04528,0.02367,0.99458,0.0,0.0,nan,0.0,0.00705,0.06535,38.21324,2.12118,0.23814,0.52673,0.88549,0.38055,0.47144,0.88549
-21.25446,20.96963,2.98415,-0.97376,-0.05487,0.22086,0.9991,0.0,0.0,nan,0.0,0.01134,0.04023,8.07047,1.74449,0.22345,0.42738,0.54771,0.82327,0.57323,0.54771
-20.60819,21.00529,5.01224,-0.89815,-0.07819,0.43268,0.99075,0.0,0.0,nan,0.0,0.00188,0.04036,23.39494,2.21487,0.22035,0.6869,0.94504,0.19554,0.45149,0.94504
-20.21316,20.97294,6.24743,-0.76962,-0.04633,0.63682,0.96458,0.0,0.0,nan,0.0,0.00945,0.0313,28.78933,2.71168,0.2337,0.64854,0.75229,0.50182,0.36878,0.75229
-20.35206,22.96252,-6.41415,-0.74013,-0.06887,-0.66893,0.98582,0.0,0.0,nan,0.0,0.00392,0.02577,17.41351,1.66739,0.22804,0.42112,0.3692,0.40296,0.59974,0.3692
-21.2009,22.96712,-5.06592,-0.92161,0.00293,-0.38811,0.94364,0.0,0.0,nan,0.0,0.00593,0.05805,28.93235,1.80873,0.24624,0.41125,0.7809,0.29481,0.55287,0.7809
-21.48563,23.13615,-2.84921,-0.97828,0.16535,0.12502,0.98532,0.0,0.0,nan,0.0,0.01964,0.06354,42.19597,1.6443,0.22172,0.59558,0.74903,0.54349,0.60816,0.74903
-20.75225,22.84908,-0.76333,-0.98277,0.17756,-0.05129,0.95844,0.0,0.0,nan,0.0,0.01449,0.05026,52.53095,2.20722,0.23478,0.46206,0.77536,0.70498,0.45306,0.77536
-21.62163,23.02983,0.93426,-0.9921,0.07515,-0.10045,0.98864,0.0,0.0,nan,0.0,0.01116,0.05685,45.93196,1.69771,0.24018,0.50189,0.512,0.40834,0.58903,0.512
-21.43431,22.99481,2.98225,-0.98133,0.00129,0.19235,0.99337,0.0,0.0,nan,0.0,0.03047,0.11837,13.83425,2.08779,0.22279,0.50765,0.49971,0.58034,0.47898,0.49971
-20.6846,23.03287,5.14859,-0.88904,0.00157,0.45782,0.98632,0.0,0.0,nan,0.0,0.02227,0.10756,22.94406,1.80873,0.23064,0.70381,0.77563,0.34837,0.55287,0.77563
-20.18344,23.02166,6.19999,-0.76124,-0.017,0.64825,0.98068,0.0,0.0,nan,0.0,0.00497,0.04578,31.20216,1.71996,0.234,0.71861,0.92622,0.36892,0.58141,0.92622
-20.3587,25.0606,-6.50818,-0.78118,-0.04498,-0.62268,0.99206,0.0,0.0,nan,0.0,0.00997,0.06854,8.66724,1.72935,0.23531,0.35784,0.5138,0.50053,0.57825,0.5138
-21.19967,25.01838,-4.94747,-0.97883,0.01239,-0.20429,0.94757,0.0,0.0,nan,0.0,0.00238,0.06692,49.04313,1.97952,0.23952,0.61823,0.9933,0.27073,0.50517,0.9933
-21.08441,24.99108,-3.0258,-0.97962,0.09717,0.17579,0.98914,0.0,0.0,nan,0.0,0.00777,0.03329,40.25827,2.87186,0.23599,0.63179,0.86132,0.60255,0.34821,0.86132
-20.58293,24.92578,-0.75342,-0.98889,0.08729,-0.12036,0.95009,0.0,0.0,nan,0.0,0.02411,0.07267,53.16075,1.6443,0.2385,0.57812,0.65495,0.5954,0.60816,0.65495
-21.31954,24.93187,0.89277,-0.98229,0.08193,-0.1685,0.99719,0.0,0.0,nan,0.0,0.01061,0.04221,35.84039,1.80873,0.23308,0.43524,0.62467,0.60979,0.55287,0.62467
-21.16226,25.0172,2.96469,-0.98841,0.05973,0.13956,0.998,0.0,0.0,nan,0.0,0.01655,0.05948,21.0451,1.80873,0.2289,0.42262,0.55406,0.72074,0.55287,0.55406
-20.78465,24.87532,5.00446,-0.92218,-0.0048,0.38674,0.98169,0.0,0.0,nan,0.0,0.06558,0.18503,17.51295,2.6135,0.22685,0.66363,0.75607,0.6069,0.38263,0.75607
-20.14711,25.00263,6.30226,-0.77838,-0.04421,0.62623,0.97545,0.0,0.0,nan,0.0,0.01383,0.05789,26.66574,1.89647,0.22819,0.66153,0.79542,0.45426,0.52729,0.79542
-20.4146,27.00673,-6.58073,-0.82181,-0.00814,-0.5697,0.98894,0.0,0.0,nan,0.0,0.00278,0.06824,17.93408,2.32002,0.22288,0.77115,0.99289,0.26321,0.43103,0.99289
-21.24524,26.99944,-4.95115,-0.98333,-0.00819,-0.18166,0.95119,0.0,0.0,nan,0.0,0.01114,0.05028,46.87244,2.23749,0.23673,0.61451,0.75916,0.38722,0.44693,0.75916
-20.85147,26.96493,-3.22626,-0.98923,-0.06918,0.129,0.98068,0.0,0.0,nan,0.0,0.02059,0.04875,53.39801,2.24149,0.23211,0.70497,0.5584,0.62157,0.44613,0.5584
-20.66488,26.95414,-0.9973,-0.99871,-0.049,-0.01305,0.96166,0.0,0.0,nan,0.0,0.02603,0.07368,59.89376,1.86742,0.23978,0.59226,0.52046,0.61643,0.5355,0.52046
-21.03495,27.00887,0.90404,-0.99083,0.06201,-0.12003,0.9983,0.0,0.0,nan,0.0,0.01497,0.04667,36.66127,2.39182,0.23174,0.50319,0.47743,0.67211,0.41809,0.47743
-21.04975,27.01128,3.00265,-0.9975,0.04277,0.05628,0.998,0.0,0.0,nan,0.0,0.02145,0.06342,21.94682,1.6443,0.23423,0.55431,0.68181,0.66571,0.60816,0.68181
-20.8898,27.0365,4.9782,-0.95304,-0.0245,0.30186,0.99145,0.0,0.0,nan,0.0,0.01314,0.0501,14.50567,1.80873,0.22978,0.47658,0.59928,0.62625,0.55287,0.59928
-20.20983,27.05675,6.33413,-0.78498,-0.01265,0.61939,0.96015,0.0,0.0,nan,0.0,0.00977,0.10824,33.42605,1.6443,0.23777,0.81413,0.96838,0.39004,0.60816,0.96838
-20.54721,29.18204,-6.55138,-0.82099,0.02874,-0.57022,0.98793,0.0,0.0,nan,0.0,0.0028,0.03664,28.96326,1.91304,0.22571,0.76537,0.99637,0.50461,0.52273,0.99637
-20.96559,29.02068,-5.02827,-0.94788,-0.03419,-0.31679,0.9826,0.0,0.0,nan,0.0,0.01212,0.05224,34.40286,2.06691,0.23253,0.53749,0.49644,0.45671,0.48381,0.49644
-21.45252,28.65454,-2.90074,-0.9799,-0.18979,0.06146,0.9832,0.0,0.0,nan,0.0,0.01985,0.0547,52.24799,2.37493,0.23441,0.61848,0.31983,0.60924,0.42107,0.31983
-21.04254,28.95835,-0.97462,-0.97538,-0.13367,0.1754,0.98491,0.0,0.0,nan,0.0,0.02726,0.05418,54.86724,2.41929,0.23888,0.64694,0.47899,0.80601,0.41335,0.47899
-20.75047,29.05506,0.8995,-0.99691,0.07704,-0.01527,0.96388,0.0,0.0,nan,0.0,0.01386,0.08167,52.13687,1.75281,0.23551,0.65154,0.85652,0.41038,0.57051,0.85652
-21.18809,28.9744,3.00387,-0.99907,0.01272,-0.04128,0.98662,0.0,0.0,nan,0.0,0.015,0.06304,18.77183,3.05364,0.24141,0.69332,0.77793,0.41693,0.32748,0.77793
-20.78281,28.93185,5.00306,-0.93872,-0.04575,0.34163,0.9834,0.0,0.0,nan,0.0,0.0228,0.06949,13.62434,1.70778,0.23113,0.56055,0.63721,0.67126,0.58556,0.63721
-20.28716,28.98409,6.36183,-0.76455,-0.00936,0.64449,0.93851,0.0,0.0,nan,0.0,0.02394,0.0641,18.0342,1.69801,0.23904,0.68751,0.77567,0.6574,0.58892,0.77567
-20.49722,30.94992,-6.56994,-0.80256,0.0547,-0.59405,0.98521,0.0,0.0,nan,0.0,0.00476,0.03585,28.63443,1.8802,0.22221,0.76209,0.93501,0.45709,0.53186,0.93501
-21.17476,31.0467,-5.02591,-0.91349,0.04391,-0.40448,0.99307,0.0,0.0,nan,0.0,0.00642,0.03848,21.15311,2.13279,0.22444,0.70929,0.83499,0.35367,0.46887,0.83499
-21.69858,31.05048,-3.00686,-0.99891,-0.00964,-0.0457,0.96911,0.0,0.0,nan,0.0,0.01856,0.10778,47.4649,1.80873,0.23107,0.71126,0.66977,0.25236,0.55287,0.66977
-21.29217,31.00622,-0.66159,-0.94115,-0.0423,0.33533,0.97978,0.0,0.0,nan,0.0,0.02158,0.04845,45.0271,1.82206,0.24069,0.70609,0.55614,0.65897,0.54883,0.55614
-20.13012,30.88047,0.79355,-0.99671,0.04398,0.06802,0.84681,0.0,0.0,nan,0.0,0.00644,0.06523,74.31101,1.90949,0.23574,0.8228,0.95685,0.36417,0.5237,0.95685
-21.39414,30.99034,2.91123,-0.9874,0.00734,-0.15808,0.96367,0.0,0.0,nan,0.0,0.00585,0.0277,16.83923,1.90029,0.23562,0.63964,0.75908,0.38048,0.52624,0.75908
-20.9655,31.00955,5.12937,-0.91837,-0.01463,0.39546,0.95623,0.0,0.0,nan,0.0,0.02618,0.11594,12.90669,1.81251,0.23322,0.46574,0.44816,0.5599,0.55172,0.44816
-20.30057,31.08076,6.3506,-0.71163,0.00353,0.70255,0.94727,0.0,0.0,nan,0.0,0.00544,0.02829,20.7342,2.03913,0.23017,0.39834,0.34293,0.52953,0.49041,0.34293
-20.2889,32.87262,-6.33441,-0.80185,0.08179,-0.5919,0.99307,0.0,0.0,nan,0.0,0.00402,0.06914,12.28031,2.29368,0.20972,0.70476,0.9499,0.26601,0.43598,0.9499
-20.9334,33.01987,-5.0228,-0.91506,0.11475,-0.38666,0.99709,4e-05,0.00018,0.43,1.0,0.01394,0.06461,6.11417,2.17282,0.22106,0.29631,0.5463,0.96621,0.46023,0.5463
-21.47613,33.00861,-2.98983,-0.98243,0.08013,-0.16853,0.9982,0.0,0.0,nan,0.0,0.01989,0.10846,5.3603,2.21566,0.22494,0.50308,0.86143,0.77802,0.45133,0.86143
-21.80992,32.90443,-0.83425,-0.93956,-0.01815,0.34191,0.922,0.0,0.0,nan,0.0,0.01493,0.04598,32.57269,3.08216,0.23981,0.69409,0.54693,0.49645,0.32445,0.54693
-20.31502,33.01447,0.67385,-0.98506,-0.04467,0.16631,0.90197,0.0,0.0,nan,0.0,0.01605,0.04052,67.95075,3.01062,0.23532,0.79928,0.59014,0.51015,0.33216,0.59014
-21.44193,33.00945,2.9124,-0.98873,0.03798,-0.14481,0.95049,0.0,0.0,nan,0.0,0.00392,0.06198,23.97779,2.4178,0.23368,0.82301,0.97251,0.28942,0.4136,0.97251
-20.89548,33.01303,5.01046,-0.92606,0.04868,0.37422,0.97364,0.0,0.0,nan,0.0,0.01516,0.09639,13.1537,2.05905,0.23745,0.40949,0.42972,0.44258,0.48566,0.42972
-20.3214,32.89726,6.35242,-0.72413,0.03308,0.68887,0.9364,0.0,0.0,nan,0.0,0.0066,0.04298,27.9682,2.01216,0.23217,0.52833,0.77106,0.33389,0.49698,0.77106
-20.0883,34.89388,-6.13443,-0.80355,0.09266,-0.58798,0.99307,0.0,0.0,nan,0.0,0.01761,0.07174,8.48199,1.879,0.21315,0.30931,0.42762,0.98089,0.5322,0.42762
-20.75422,35.03402,-5.03277,-0.9079,0.07176,-0.41299,0.99598,0.00371,0.01857,0.6,1.0,0.01232,0.06276,7.49363,1.81149,0.22536,0.29548,0.3909,0.84151,0.55203,0.3909
-21.30182,35.02527,-3.01598,-0.97662,0.07597,-0.2011,0.99981,0.0,0.0,nan,0.0,0.01205,0.05558,5.2573,1.9236,0.22472,0.32045,0.60061,0.93402,0.51986,0.60061
-21.61718,34.93928,-0.86565,-0.97164,0.02851,0.23475,0.96076,0.0,0.0,nan,0.0,0.01864,0.07945,47.91863,2.0869,0.22442,0.78883,0.83982,0.43475,0.47918,0.83982
-20.28661,35.07185,0.81317,-0.98764,-0.10393,0.11736,0.9064,0.0,0.0,nan,0.0,0.00609,0.03587,56.97162,2.02187,0.23315,0.73799,0.92301,0.533,0.49459,0.92301
-21.24734,34.99224,2.96386,-0.99818,0.00443,-0.06008,0.97938,0.0,0.0,nan,0.0,0.0097,0.06807,21.00701,3.61746,0.2426,0.74338,0.87583,0.35143,0.27644,0.87583
-20.68306,34.98013,4.94324,-0.93437,0.06242,0.3508,0.98008,0.0,0.0,nan,0.0,0.00691,0.06589,9.82304,1.88291,0.23874,0.55919,0.88239,0.3919,0.53109,0.88239
-20.2093,34.91579,6.31141,-0.7174,0.06226,0.69387,0.94666,0.0,0.0,nan,0.0,0.00317,0.05796,43.99069,2.43795,0.23554,0.90807,0.98836,0.26508,0.41018,0.98836
-20.11709,36.7956,-6.10426,-0.7927,0.05329,-0.60728,0.98008,0.00186,0.00929,0.6,1.0,0.01563,0.07255,8.16082,1.87671,0.22465,0.30778,0.40768,0.87131,0.53285,0.40768
-20.69068,37.02882,-5.08579,-0.90181,0.04516,-0.42978,0.98854,0.0,0.0,nan,0.0,0.00974,0.05094,7.13001,1.74895,0.22982,0.27738,0.42209,0.88222,0.57177,0.42209
-21.17082,36.99778,-2.97737,-0.98312,0.05592,-0.1742,1.00011,0.0,0.0,nan,0.0,0.01156,0.05213,6.9931,2.12072,0.22046,0.34871,0.65833,0.81762,0.47154,0.65833
-21.36407,36.9717,-0.9956,-0.99721,-0.00677,0.07441,0.98944,0.0,0.0,nan,0.0,0.00459,0.0588,39.588,2.0392,0.23357,0.77244,0.96315,0.33372,0.49039,0.96315
-20.71186,37.02383,0.76569,-0.99074,-0.1169,0.069,0.9833,0.0,0.0,nan,0.0,0.00408,0.03888,41.36746,1.9315,0.23175,0.7033,0.9282,0.36358,0.51773,0.9282
-21.19208,36.96804,2.9968,-0.99579,-0.0665,0.06309,0.98703,0.0,0.0,nan,0.0,0.00676,0.04838,21.72995,3.18096,0.25083,0.68339,0.85873,0.34252,0.31437,0.85873
-20.57921,36.96504,4.99791,-0.92571,0.03393,0.3767,0.99458,0.0,0.0,nan,0.0,0.01399,0.04336,7.7971,1.92548,0.22848,0.51571,0.48052,0.78621,0.51935,0.48052
-20.12922,36.97112,6.22102,-0.75938,0.03244,0.64984,0.94314,0.0,0.0,nan,0.0,0.01396,0.09476,34.61306,2.01842,0.23567,0.81924,0.84892,0.27833,0.49544,0.84892
-20.06345,38.33763,-6.03083,-0.78951,0.07726,-0.60885,0.97887,0.0,0.0,nan,0.0,0.01554,0.08736,7.84044,1.87833,0.21771,0.2915,0.42154,0.76563,0.53239,0.42154
-20.62974,39.02512,-5.06921,-0.89601,0.09229,-0.43433,0.98068,0.0,0.0,nan,0.0,0.01243,0.06939,7.21231,1.6443,0.22374,0.28903,0.44886,0.79195,0.60816,0.44886
-21.05117,38.98643,-2.97738,-0.98308,0.06747,-0.17031,0.99931,0.0,0.0,nan,0.0,0.01586,0.06209,7.53665,1.89833,0.21966,0.33621,0.61784,0.96141,0.52678,0.61784
-21.26633,38.98719,-1.00357,-0.99925,0.02914,-0.02564,0.9978,0.0,0.0,nan,0.0,0.01024,0.06323,19.38602,2.74332,0.23394,0.50422,0.42261,0.35422,0.36452,0.42261
-21.24318,38.99517,0.99395,-0.99946,-0.01569,0.02894,0.9988,0.0,0.0,nan,0.0,0.0074,0.04075,25.57345,1.80873,0.24619,0.43759,0.72994,0.44721,0.55287,0.72994
-21.17109,38.96206,3.03996,-0.99006,0.01479,0.13987,0.99145,0.0,0.0,nan,0.0,0.01368,0.07186,17.70427,1.6443,0.22394,0.68501,0.51645,0.30941,0.60816,0.51645
-20.59659,38.9569,5.0701,-0.89578,0.05274,0.44136,0.97736,0.0,0.0,nan,0.0,0.00697,0.14837,13.37722,2.19474,0.2307,0.77826,0.94006,0.17714,0.45564,0.94006
-20.0874,38.75845,6.164,-0.75442,0.05765,0.65385,0.96176,0.0,0.0,nan,0.0,0.00778,0.05196,27.51256,1.8327,0.23704,0.73387,0.8428,0.31126,0.54564,0.8428
-20.38037,40.92566,-4.77551,-0.90119,0.10342,-0.42089,0.99427,0.0,0.0,nan,0.0,0.00868,0.04821,6.01455,1.85496,0.2218,0.31333,0.56996,0.76541,0.53909,0.56996
-20.87418,40.9764,-3.03814,-0.97202,0.07622,-0.22218,0.99951,0.0022,0.01101,0.7,1.0,0.01706,0.06574,7.80597,1.88051,0.21816,0.38357,0.50668,0.84981,0.53177,0.50668
-21.21804,41.00331,-1.02686,-0.99719,0.04418,-0.0605,0.99961,0.0,0.0,nan,0.0,0.01148,0.05933,18.63961,1.82709,0.21323,0.71826,0.81809,0.38126,0.54732,0.81809
-21.15992,41.01361,0.9762,-0.9983,0.04622,0.03552,0.99639,0.0,0.0,nan,0.0,0.00806,0.0659,20.35205,1.87281,0.21829,0.73916,0.94655,0.49002,0.53396,0.94655
-21.02268,40.99063,2.96498,-0.98413,0.06992,0.1631,0.99468,0.0,0.0,nan,0.0,0.00386,0.08464,20.16831,1.87539,0.22474,0.85518,0.99172,0.25886,0.53322,0.99172
-20.42303,41.01516,5.14009,-0.8846,0.06439,0.46188,0.97857,0.0,0.0,nan,0.0,0.00503,0.14378,8.03955,2.19025,0.2329,0.77011,0.97304,0.19805,0.45657,0.97304
-20.01225,40.48512,6.03114,-0.7596,0.04744,0.64866,0.96357,0.0,0.0,nan,0.0,0.00649,0.05232,21.8911,1.70736,0.23839,0.68744,0.84451,0.28231,0.5857,0.84451
-20.2545,42.94431,-4.63384,-0.90897,0.0561,-0.41307,0.99488,0.0,0.0,nan,0.0,0.0071,0.04316,5.39044,1.737,0.24057,0.35855,0.4591,0.62931,0.5757,0.4591
-20.75812,42.97011,-2.95275,-0.97273,0.06801,-0.22176,0.99971,0.0,0.0,nan,0.0,0.01702,0.07408,7.836,1.78778,0.23844,0.55138,0.58143,0.52294,0.55935,0.58143
-21.11333,43.03104,-0.99328,-0.99488,0.06941,-0.07342,0.99961,0.0,0.0,nan,0.0,0.00908,0.08224,18.74152,1.83401,0.21562,0.76853,0.95738,0.4729,0.54525,0.95738
-21.14367,43.02677,0.95921,-0.99504,0.08341,0.05422,0.99679,0.0,0.0,nan,0.0,0.00856,0.0929,22.16669,1.82803,0.22175,0.77184,0.97982,0.49217,0.54704,0.97982
-20.84068,42.90587,2.99641,-0.97774,0.08908,0.18996,0.99699,0.0,0.0,nan,0.0,0.00739,0.14472,12.83796,1.80873,0.22349,0.78904,0.96605,0.24237,0.55287,0.96605
-20.30245,43.04382,4.84912,-0.90691,0.09404,0.41069,0.98954,0.0,0.0,nan,0.0,0.00695,0.11116,8.53961,1.86731,0.24134,0.59416,0.9122,0.26996,0.53553,0.9122
-20.27631,45.04381,-4.56281,-0.91774,0.00434,-0.39715,0.99256,0.0,0.0,nan,0.0,0.00934,0.03902,5.56852,1.89438,0.2357,0.38437,0.3994,0.84626,0.52788,0.3994
-20.65661,45.04112,-3.00488,-0.98152,0.02514,-0.18971,0.9978,0.00501,0.02507,0.7,1.0,0.01361,0.10078,11.41546,1.85959,0.23465,0.66653,0.84484,0.3419,0.53775,0.84484
-20.90212,45.0062,-0.94313,-0.99672,0.06135,-0.05276,0.999,0.0,0.0,nan,0.0,0.01016,0.09077,17.89747,1.80873,0.22553,0.7497,0.96481,0.53103,0.55287,0.96481
-20.86997,45.03558,0.97139,-0.99432,0.07956,0.07066,0.99689,0.0,0.0,nan,0.0,0.0138,0.10568,17.80569,1.82635,0.22831,0.7854,0.93634,0.45798,0.54754,0.93634
-20.61841,45.05137,3.027,-0.97604,0.08063,0.20209,0.99458,0.0,0.0,nan,0.0,0.0095,0.10136,9.03755,1.6443,0.22454,0.5555,0.90833,0.41747,0.60816,0.90833
-20.17525,44.9702,4.71236,-0.90251,0.08244,0.42271,0.97676,0.0,0.0,nan,0.0,0.02981,0.24059,12.68497,1.6443,0.23326,0.71051,0.86833,0.32492,0.60816,0.86833
-20.36077,46.96609,-4.65825,-0.90186,0.02649,-0.43123,0.97575,0.0,0.0,nan,0.0,0.00868,0.04291,6.45062,1.87087,0.22248,0.26704,0.65105,0.99274,0.53451,0.65105
-20.69093,47.01693,-3.00843,-0.98373,0.00631,-0.17955,0.99629,0.0,0.0,nan,0.0,0.00655,0.0625,11.28728,2.34913,0.22101,0.6011,0.87242,0.33719,0.42569,0.87242
-20.71072,47.01554,-0.96355,-0.99931,0.01314,-0.03471,0.9991,0.0,0.0,nan,0.0,0.00634,0.10296,13.4085,1.89618,0.22778,0.67356,0.97159,0.36129,0.52738,0.97159
-20.80993,47.00204,1.02468,-0.99608,0.02238,0.08563,0.9983,0.0,0.0,nan,0.0,0.01954,0.10741,14.34524,2.23041,0.22523,0.68871,0.80835,0.36999,0.44835,0.80835
-20.48034,46.96841,3.02074,-0.97594,0.04012,0.2143,0.99739,0.0,0.0,nan,0.0,0.02,0.09948,9.73551,1.8692,0.22461,0.60898,0.84065,0.56072,0.53499,0.84065
-20.15286,46.8458,4.51921,-0.92684,0.07013,0.36884,0.98864,0.0,0.0,nan,0.0,0.01068,0.10078,9.35127,1.65483,0.23098,0.56293,0.87998,0.39113,0.60429,0.87998
-20.25252,48.95841,-4.52311,-0.88631,0.06419,-0.45862,0.97797,0.0,0.0,nan,0.0,0.02158,0.08106,6.99645,1.99948,0.23258,0.37998,0.43304,0.90102,0.50013,0.43304
-20.66197,49.02249,-2.99107,-0.97832,0.03391,-0.20431,0.99307,0.0,0.0,nan,0.0,0.01825,0.08424,8.65154,1.93811,0.2259,0.47673,0.72174,0.55941,0.51597,0.72174
-20.84205,49.02927,-0.98794,-0.99901,0.01201,-0.04292,0.9983,0.0,0.0,nan,0.0,0.01732,0.09324,10.54683,1.82511,0.2196,0.64742,0.85637,0.51731,0.54791,0.85637
-20.80812,48.973,0.9642,-0.99635,0.00087,0.08539,0.9977,0.0,0.0,nan,0.0,0.01664,0.09225,6.80727,1.72948,0.22139,0.56502,0.8897,0.74707,0.57821,0.8897
-20.46023,48.87386,2.97605,-0.97032,0.02925,0.24006,0.9978,0.0,0.0,nan,0.0,0.0174,0.09719,7.60118,1.6443,0.22217,0.61017,0.8386,0.5174,0.60816,0.8386
-20.08284,48.9093,4.33693,-0.90111,0.05551,0.43002,0.9824,0.0,0.0,nan,0.0,0.01756,0.24491,13.32144,1.80873,0.22957,0.44234,0.72508,0.18639,0.55287,0.72508
-20.17953,50.9321,-4.34118,-0.88505,0.0729,-0.45976,0.97988,0.0,0.0,nan,0.0,0.02586,0.08272,6.57459,1.90326,0.23098,0.41051,0.45809,0.99317,0.52541,0.45809
-20.58373,51.03524,-3.03662,-0.96751,0.05634,-0.24646,0.99357,0.0,0.0,nan,0.0,0.01216,0.0751,7.84265,1.97212,0.22863,0.61374,0.89474,0.61678,0.50707,0.89474
-20.8076,51.0004,-1.02823,-0.99762,0.04029,-0.05599,0.9991,0.0,0.0,nan,0.0,0.03827,0.1213,7.72027,2.14298,0.2279,0.70115,0.77969,0.62612,0.46664,0.77969
-20.85846,51.0043,1.00209,-0.99397,0.04532,0.0998,0.998,0.0,0.0,nan,0.0,0.02502,0.08877,7.05268,2.0679,0.22889,0.64934,0.69907,0.5572,0.48358,0.69907
-20.34222,51.07943,3.03643,-0.96474,0.03719,0.26057,0.99759,0.0,0.0,nan,0.0,0.01478,0.04477,4.38625,1.96072,0.22581,0.55437,0.63499,0.86719,0.51002,0.63499
-20.06041,50.73577,4.14576,-0.91891,0.02119,0.39389,0.99166,0.0,0.0,nan,0.0,0.01455,0.07737,4.73833,1.86883,0.23305,0.42693,0.63535,0.62657,0.53509,0.63535
-20.10405,52.98928,-4.21173,-0.88228,0.05861,-0.46706,0.97505,0.0,0.0,nan,0.0,0.01001,0.0607,7.17,1.88851,0.2312,0.46191,0.82092,0.5907,0.52952,0.82092
-20.42326,52.98021,-2.96455,-0.96777,0.06255,-0.24396,0.99357,0.0,0.0,nan,0.0,0.02832,0.09169,7.81867,1.74154,0.22767,0.65141,0.57243,0.59533,0.57421,0.57243
-20.70032,52.9858,-1.00992,-0.99473,0.09404,-0.04077,0.999,0.01527,0.07636,0.6,1.0,0.03218,0.12428,7.67253,1.72974,0.23268,0.70266,0.7588,0.478,0.57812,0.7588
-20.62142,53.01366,1.02562,-0.98889,0.1071,0.10305,0.9987,0.02237,0.11185,0.6,1.0,0.02041,0.07787,4.62971,1.72327,0.23476,0.5731,0.78786,0.74534,0.58029,0.78786
-20.23688,52.97221,3.03334,-0.97282,0.06409,0.22253,0.99941,0.0,0.0,nan,0.0,0.01742,0.04908,4.58786,1.67146,0.23763,0.50954,0.36342,1.0,0.59828,0.36342
-20.05387,53.06337,4.1278,-0.93516,0.0382,0.35215,0.9835,0.0,0.0,nan,0.0,0.01066,0.05617,5.44379,3.47799,0.2351,0.62022,0.65212,0.41822,0.28752,0.65212
-20.07008,54.94783,-4.19198,-0.88193,0.04162,-0.46954,0.96045,0.0,0.0,nan,0.0,0.01232,0.051,6.66246,1.6443,0.23904,0.51245,0.74069,0.61302,0.60816,0.74069
-20.33376,55.00397,-3.00508,-0.97176,0.04723,-0.23121,0.98924,0.0,0.0,nan,0.0,0.01463,0.04503,5.95229,1.87353,0.24008,0.59995,0.67108,0.72337,0.53375,0.67108
-20.41743,55.03638,-0.96668,-0.9976,0.06924,-0.00282,0.9979,0.03189,0.15947,0.6,1.0,0.01145,0.09349,4.61687,1.86693,0.23134,0.50733,0.80834,0.42531,0.53564,0.80834
-20.28113,54.9566,1.04395,-0.99267,0.08258,0.08823,0.998,0.04248,0.2124,0.6,1.0,0.01705,0.05862,3.75566,1.80873,0.24104,0.44569,0.39249,1.0,0.55287,0.39249
-20.10537,54.96214,2.92939,-0.98397,0.06031,0.1678,0.998,0.00016,0.00078,0.6,1.0,0.02188,0.05823,4.25937,1.6443,0.23978,0.60012,0.51133,0.91991,0.60816,0.51133
-20.01231,54.61439,4.076,-0.93689,0.05169,0.34577,0.97253,0.0,0.0,nan,0.0,0.0096,0.05765,5.159,3.37803,0.23621,0.65453,0.72983,0.35317,0.29603,0.72983
-20.03636,56.46676,-4.06984,-0.88734,0.02252,-0.46056,0.96166,0.0,0.0,nan,0.0,0.01389,0.05443,5.04914,1.88287,0.23821,0.35637,0.4508,1.0,0.53111,0.4508
-20.27426,56.9901,-3.02536,-0.96725,-0.01873,-0.25312,0.98612,0.0,0.0,nan,0.0,0.00958,0.04292,4.98889,3.41861,0.24253,0.4536,0.39978,0.68964,0.29252,0.39978
-20.37878,56.95813,-0.99605,-0.9992,-0.03986,-0.00232,0.9982,0.00595,0.02975,0.7,1.0,0.01152,0.06374,3.30405,1.94133,0.22475,0.29026,0.50359,1.0,0.51511,0.50359
-20.2741,56.98616,0.95991,-0.99546,-0.04044,0.08612,0.9989,0.01287,0.06433,0.7,1.0,0.01245,0.05592,3.61591,1.80873,0.22736,0.34569,0.63103,1.0,0.55287,0.63103
-20.06353,56.95286,2.68714,-0.98766,-0.03013,0.15369,0.99921,0.0,0.0,nan,0.0,0.01628,0.07016,4.59162,2.20064,0.23568,0.63998,0.65336,0.52061,0.45441,0.65336
-20.05929,58.92731,-4.08197,-0.82239,0.13863,-0.55178,0.92774,0.0,0.0,nan,0.0,0.00931,0.04499,6.61308,1.71197,0.23807,0.62509,0.68594,0.43096,0.58412,0.68594
-20.47108,59.02668,-3.04107,-0.93186,0.08877,-0.35179,0.94374,0.0,0.0,nan,0.0,0.00936,0.04528,7.1253,1.70745,0.24064,0.67961,0.74096,0.38938,0.58567,0.74096
-20.60775,59.0446,-0.99747,-0.9984,-0.03402,-0.0452,0.99347,0.0,0.0,nan,0.0,0.01263,0.07807,8.1468,2.18731,0.23587,0.77845,0.55067,0.25884,0.45718,0.55067
-20.49912,58.99001,1.03737,-0.98317,0.04167,0.17788,0.96478,0.0,0.0,nan,0.0,0.00796,0.10069,14.8384,2.22372,0.2273,0.70675,0.88855,0.228,0.4497,0.88855
-20.26839,59.13046,2.94924,-0.943,0.21674,0.25253,0.91395,0.0,0.0,nan,0.0,0.00665,0.04426,22.64401,2.3907,0.23037,0.59127,0.69682,0.27674,0.41829,0.69682
-20.09835,59.53086,4.34319,-0.87848,0.32039,0.35444,0.81621,0.0,0.0,nan,0.0,0.0075,0.03201,20.04681,2.7317,0.2357,0.52649,0.51038,0.4894,0.36607,0.51038
-20.41869,60.59964,-2.73663,-0.82901,0.40687,-0.38366,0.85768,0.0,0.0,nan,0.0,0.01622,0.0501,8.68808,1.8647,0.23342,0.48156,0.46708,0.82693,0.53628,0.46708
-20.73075,61.09554,-0.97625,-0.85994,0.5043,-0.07861,0.78743,0.0,0.0,nan,0.0,0.00599,0.08887,22.76712,1.71628,0.23436,0.65385,0.91916,0.24459,0.58265,0.91916
-20.65539,61.04699,1.00938,-0.78623,0.54148,0.29774,0.75018,0.0,0.0,nan,0.0,0.0184,0.0555,22.51209,1.85859,0.23321,0.56946,0.5399,0.63412,0.53804,0.5399
-20.03496,60.25227,2.43437,-0.76541,0.54828,0.33694,0.86292,0.0,0.0,nan,0.0,0.01349,0.04218,25.30334,2.03037,0.23934,0.5102,0.54103,0.67633,0.49252,0.54103
-20.02943,60.02843,4.06809,-0.81351,0.48358,0.32304,0.80323,0.0,0.0,nan,0.0,0.00979,0.02961,19.70415,3.00216,0.22902,0.53818,0.3397,0.6769,0.33309,0.3397
-20.01025,62.02187,-0.76963,-0.54241,0.83984,-0.02137,0.76146,0.0,0.0,nan,0.0,0.01359,0.04006,18.94284,1.91883,0.2257,0.54202,0.72864,0.69209,0.52115,0.72864
-18.65689,1.38668,-4.51994,-0.45463,-0.6314,-0.6282,0.9373,0.0,0.0,nan,0.0,0.00748,0.0272,21.72515,2.06495,0.23421,0.61105,0.72107,0.49177,0.48427,0.72107
-19.10593,0.73832,-3.11839,-0.43054,-0.85682,-0.28371,0.88989,0.0,0.0,nan,0.0,0.00402,0.04545,31.22861,1.89425,0.23737,0.66989,0.94805,0.38315,0.52791,0.94805
-19.17536,0.98614,-0.80978,-0.2648,-0.93075,0.25216,0.96649,0.0,0.0,nan,0.0,0.00662,0.03612,30.87151,2.74771,0.2259,0.38886,0.54817,0.5022,0.36394,0.54817
-18.84963,1.60735,0.5672,-0.17058,-0.89121,0.42029,0.9978,0.0,0.0,nan,0.0,0.01716,0.07523,40.78415,2.39806,0.23338,0.45051,0.55559,0.53101,0.417,0.55559
-18.2254,1.95043,3.90345,-0.13187,-0.98073,-0.14414,0.98481,0.0,0.0,nan,0.0,0.01378,0.04921,39.88773,1.80873,0.2432,0.47632,0.42301,0.61755,0.55287,0.42301
-18.89022,1.66204,5.17685,-0.25826,-0.96601,0.01077,0.81219,0.0,0.0,nan,0.0,0.01761,0.07147,34.67484,1.80873,0.23552,0.38752,0.26892,0.67262,0.55287,0.26892
-18.88377,1.8215,6.26475,-0.26168,-0.88559,0.38373,0.78672,0.0,0.0,nan,0.0,0.02063,0.08334,35.22579,1.64603,0.2412,0.59808,0.73625,0.43739,0.60752,0.73625
-18.03964,3.85485,-6.01628,-0.43165,-0.32846,-0.84011,0.98954,0.0,0.0,nan,0.0,0.00873,0.02187,24.27364,1.6443,0.24068,0.51343,0.53164,0.8418,0.60816,0.53164
-18.92044,3.12204,-4.97828,-0.51457,-0.38167,-0.76782,1.00011,0.0,0.0,nan,0.0,0.00705,0.01864,21.32679,1.6443,0.23796,0.53899,0.63284,0.76729,0.60816,0.63284
-19.94469,2.07528,-3.97177,-0.59276,-0.54808,-0.59013,0.93388,0.0,0.0,nan,0.0,0.02471,0.08541,26.89463,1.72383,0.22934,0.72333,0.48939,0.42973,0.5801,0.48939
-19.40426,2.05431,-0.05086,-0.31162,-0.86932,0.38365,0.97595,0.0,0.0,nan,0.0,0.01581,0.05491,34.98421,2.88152,0.22936,0.42559,0.40534,0.71543,0.34704,0.40534
-19.06314,2.23959,1.57186,-0.20672,-0.92428,0.32089,0.97324,0.0,0.0,nan,0.0,0.01855,0.06881,55.95759,2.38067,0.23439,0.49475,0.53261,0.56446,0.42005,0.53261
-19.09123,2.76392,3.12264,-0.34239,-0.93913,-0.02837,0.91204,0.0,0.0,nan,0.0,0.0198,0.06824,42.37358,1.80873,0.23282,0.33541,0.41632,0.90595,0.55287,0.41632
-19.33986,2.19566,4.53,-0.39433,-0.91629,-0.0702,0.87661,0.0,0.0,nan,0.0,0.02075,0.083,40.37982,2.0477,0.22667,0.43119,0.5858,0.60851,0.48835,0.5858
-19.12964,2.74997,7.37952,-0.39751,-0.59935,0.69481,0.80474,0.0,0.0,nan,0.0,0.01714,0.09892,23.51667,1.84447,0.23981,0.62683,0.74091,0.2999,0.54216,0.74091
-18.29069,3.81179,8.10876,-0.35654,-0.43791,0.8253,0.91717,0.0,0.0,nan,0.0,0.01564,0.04003,17.27115,2.04545,0.23163,0.43589,0.62241,1.0,0.48889,0.62241
-18.66774,5.42336,-6.45964,-0.47222,-0.20985,-0.85614,0.96347,0.0,0.0,nan,0.0,0.00881,0.02831,27.13986,1.80873,0.23158,0.58486,0.57435,0.57124,0.55287,0.57435
-19.09675,4.98015,-5.46884,-0.52325,-0.27286,-0.80731,0.9978,0.0,0.0,nan,0.0,0.01024,0.02863,22.08809,1.86568,0.22725,0.60928,0.42631,0.64043,0.536,0.42631
-19.65886,5.05911,7.44798,-0.74103,-0.03634,0.67049,0.94223,0.0,0.0,nan,0.0,0.01181,0.05879,14.0985,2.38237,0.2347,0.56454,0.4279,0.40638,0.41975,0.4279
-18.65383,5.03553,8.50725,-0.53053,-0.19179,0.82568,0.92784,0.0,0.0,nan,0.0,0.0142,0.04361,16.8821,2.20166,0.235,0.49731,0.48443,0.73242,0.4542,0.48443
-18.89655,7.0287,-6.62234,-0.49321,-0.07062,-0.86704,0.97767,0.0,0.0,nan,0.0,0.00728,0.01898,24.46081,2.36671,0.23673,0.59804,0.46103,0.69402,0.42253,0.46103
-19.72986,7.30403,-5.96139,-0.58481,-0.04833,-0.80973,0.9677,0.0,0.0,nan,0.0,0.00671,0.02517,17.89611,3.39452,0.24393,0.49808,0.35765,0.59544,0.29459,0.35765
-19.96809,7.81878,5.92425,-0.90927,0.11326,0.40051,0.99478,0.0,0.0,nan,0.0,0.00491,0.05781,22.03698,2.1162,0.23043,0.31397,0.54081,0.29529,0.47255,0.54081
-19.5725,7.03033,7.13265,-0.82294,0.1377,0.55118,0.99005,0.0,0.0,nan,0.0,0.0081,0.04753,16.7205,2.01254,0.23487,0.51215,0.48359,0.37267,0.49689,0.48359
-18.39034,6.92141,8.37893,-0.61514,0.12348,0.77869,0.9824,0.0,0.0,nan,0.0,0.0146,0.05013,18.91641,1.7031,0.2295,0.53015,0.37342,0.60738,0.58716,0.37342
-18.82311,9.48696,-6.09788,-0.51195,-0.13099,-0.84897,0.98532,0.0,0.0,nan,0.0,0.00864,0.02181,20.46033,2.36227,0.23644,0.67556,0.52127,0.64337,0.42332,0.52127
-19.02106,8.61136,-5.69352,-0.5404,-0.05061,-0.83989,0.98129,0.0,0.0,nan,0.0,0.0085,0.0207,18.0177,1.65152,0.23887,0.59724,0.36259,0.76409,0.6055,0.36259
-19.96947,9.36929,5.74614,-0.91508,0.06879,0.39737,0.99196,0.0,0.0,nan,0.0,0.00428,0.05058,27.44364,1.69867,0.23702,0.42981,0.68831,0.21108,0.5887,0.68831
-19.09319,9.18449,7.27939,-0.74739,0.08369,0.65909,0.98844,0.0,0.0,nan,0.0,0.00691,0.03206,27.58532,1.64951,0.22678,0.46697,0.62216,0.49474,0.60624,0.62216
-18.35899,8.29226,8.25923,-0.61244,0.15771,0.77463,0.98733,0.0,0.0,nan,0.0,0.00911,0.03049,26.19975,1.73791,0.23032,0.53441,0.64469,0.60172,0.5754,0.64469
-18.95889,10.96096,-6.73175,-0.52346,-0.12643,-0.84262,0.99387,0.0,0.0,nan,0.0,0.01135,0.02945,17.86263,1.88538,0.23493,0.60888,0.53461,0.70413,0.5304,0.53461
-19.92724,10.95085,5.45644,-0.93655,0.0242,0.34971,0.99166,0.0,0.0,nan,0.0,0.0085,0.07558,21.77895,1.6443,0.25278,0.48066,0.79024,0.29318,0.60816,0.79024
-19.32183,10.99765,7.32117,-0.74203,0.00601,0.67034,0.94777,0.0,0.0,nan,0.0,0.00751,0.03444,27.60169,1.66735,0.2248,0.36462,0.47516,0.64132,0.59975,0.47516
-18.28466,10.85196,8.14818,-0.55222,0.03076,0.83313,0.97454,0.0,0.0,nan,0.0,0.0056,0.02056,27.38931,1.6443,0.22384,0.33975,0.34648,0.85964,0.60816,0.34648
-18.90376,13.0254,-6.50865,-0.57592,-0.03354,-0.81682,0.9979,0.0,0.0,nan,0.0,0.00712,0.02473,22.8687,1.90502,0.23184,0.50766,0.64579,0.61657,0.52493,0.64579
-19.81124,13.66461,-5.4909,-0.71293,-0.05493,-0.69908,0.98572,0.0,0.0,nan,0.0,0.00669,0.02085,24.22281,1.86193,0.22876,0.46354,0.78213,0.83546,0.53708,0.78213
-19.93307,12.75469,5.58674,-0.93661,-0.01088,0.3502,0.98713,0.0,0.0,nan,0.0,0.01783,0.09814,14.45447,2.51809,0.22881,0.78837,0.84329,0.37406,0.39713,0.84329
-19.21835,13.04613,7.25042,-0.70918,0.06667,0.70187,0.94324,0.0,0.0,nan,0.0,0.01152,0.0419,23.03331,1.6443,0.23975,0.55922,0.74769,0.53437,0.60816,0.74769
-18.17715,12.47375,8.1056,-0.52651,0.07187,0.84713,0.96609,0.0,0.0,nan,0.0,0.00821,0.02622,23.24328,2.54808,0.23042,0.49957,0.45777,0.68112,0.39245,0.45777
-19.03666,15.00597,-6.99917,-0.56813,-0.17234,-0.80469,0.99669,0.0,0.0,nan,0.0,0.0068,0.02908,22.07462,1.8747,0.24213,0.51393,0.81798,0.63446,0.53342,0.81798
-19.98302,14.01254,-5.98144,-0.67791,-0.08335,-0.7304,0.99468,0.0,0.0,nan,0.0,0.00638,0.01857,24.13136,3.39042,0.23041,0.52102,0.80898,0.88061,0.29495,0.80898
-19.98332,14.0842,5.95923,-0.89,-0.01347,0.45576,0.95824,0.0,0.0,nan,0.0,0.00472,0.09948,35.91062,2.21058,0.24124,0.89235,0.98281,0.22024,0.45237,0.98281
-19.1984,15.01017,7.26012,-0.58138,0.06188,0.81128,0.9223,0.0,0.0,nan,0.0,0.00708,0.02691,19.81739,1.6443,0.23414,0.55727,0.55231,0.52006,0.60816,0.55231
-19.09114,16.90672,-7.40032,-0.48349,-0.03198,-0.87476,0.98974,0.0,0.0,nan,0.0,0.00685,0.01984,17.51377,1.80873,0.24036,0.44095,0.38606,0.87213,0.55287,0.38606
-19.07519,16.95012,7.36966,-0.50899,-0.01546,0.86063,0.93247,0.0,0.0,nan,0.0,0.00581,0.024,25.39296,1.6443,0.24267,0.46156,0.34447,0.56584,0.60816,0.34447
-18.96347,19.03447,-7.21788,-0.47079,0.04893,-0.88089,0.99739,0.0,0.0,nan,0.0,0.00786,0.02447,20.61484,1.9663,0.23202,0.45837,0.34579,0.76905,0.50857,0.34579
-18.8961,18.90047,6.73713,-0.62257,-0.05709,0.78048,0.99508,0.0,0.0,nan,0.0,0.00651,0.02354,30.72527,1.6443,0.23861,0.49572,0.75555,0.60523,0.60816,0.75555
-18.08587,19.71487,8.05932,-0.52216,-0.04128,0.85185,0.97132,0.0,0.0,nan,0.0,0.00714,0.02385,32.6562,1.6443,0.23646,0.40271,0.51972,0.78902,0.60816,0.51972
-19.17199,21.02026,-7.00139,-0.54832,-0.03252,-0.83564,0.9983,0.0,0.0,nan,0.0,0.00515,0.01675,21.51238,1.81229,0.22364,0.39558,0.44119,0.84942,0.55179,0.44119
-19.46796,21.20822,-5.95049,-0.65098,0.00485,-0.75908,0.9674,0.0,0.0,nan,0.0,0.00426,0.01867,20.54694,1.96542,0.22434,0.40037,0.35321,0.62503,0.5088,0.35321
-18.96439,20.97463,7.17817,-0.61112,-0.01965,0.79129,0.99055,0.0,0.0,nan,0.0,0.00561,0.02332,31.26496,1.86787,0.22507,0.37746,0.68013,0.67859,0.53537,0.68013
-18.01534,21.02285,8.04354,-0.5036,-0.03237,0.86333,0.97686,0.0,0.0,nan,0.0,0.00732,0.02342,32.97277,1.80873,0.24059,0.39478,0.61419,0.8391,0.55287,0.61419
-18.30266,23.39375,-8.18504,-0.46295,-0.12152,-0.87801,0.98914,0.0,0.0,nan,0.0,0.00748,0.02508,20.98308,1.81337,0.23945,0.46861,0.38335,0.69744,0.55146,0.38335
-19.10353,22.76205,-7.39847,-0.5659,-0.11355,-0.81662,0.99679,0.0,0.0,nan,0.0,0.00575,0.02268,20.8724,1.70629,0.24029,0.49608,0.62787,0.55986,0.58607,0.62787
-18.95913,23.08094,7.05985,-0.60338,-0.03268,0.79679,0.9977,0.0,0.0,nan,0.0,0.0067,0.02705,29.20237,2.02724,0.2222,0.35379,0.47134,0.74827,0.49328,0.47134
-18.05996,23.21781,8.04129,-0.47427,-0.01577,0.88024,0.9825,0.0,0.0,nan,0.0,0.01178,0.03369,30.11503,1.91504,0.22879,0.40749,0.7274,0.91543,0.52218,0.7274
-18.27202,25.05377,-8.09432,-0.45948,-0.08373,-0.88423,0.99598,0.0,0.0,nan,0.0,0.00847,0.04136,13.00588,1.6443,0.2319,0.63639,0.87163,0.60804,0.60816,0.87163
-19.19012,24.99267,-7.53288,-0.58937,-0.08281,-0.80361,0.99437,0.0,0.0,nan,0.0,0.00896,0.04063,11.5456,2.1734,0.22562,0.55287,0.6071,0.46782,0.46011,0.6071
-18.91095,24.95129,7.26869,-0.55942,-0.03059,0.82832,0.99105,0.0,0.0,nan,0.0,0.00987,0.03047,27.43543,1.89961,0.21897,0.43606,0.616,0.79713,0.52642,0.616
-18.00934,25.3815,8.02528,-0.44605,0.02372,0.89469,0.99015,0.0,0.0,nan,0.0,0.01097,0.02902,25.93269,1.84247,0.22839,0.44165,0.51639,0.92154,0.54275,0.51639
-18.53932,27.06705,-8.28885,-0.48576,-0.08254,-0.87019,0.99075,0.0,0.0,nan,0.0,0.00662,0.04011,8.71532,1.86388,0.22392,0.51986,0.87698,0.65764,0.53651,0.87698
-19.50421,26.93779,-7.57892,-0.64691,-0.05953,-0.76024,0.98461,0.0,0.0,nan,0.0,0.01186,0.15534,10.28509,1.88294,0.23277,0.68401,0.89828,0.25371,0.53109,0.89828
-19.02287,27.00168,7.48534,-0.4878,0.03371,0.8723,0.96458,0.0,0.0,nan,0.0,0.01367,0.05368,25.51126,1.65686,0.23315,0.49995,0.50543,0.54926,0.60355,0.50543
-18.59322,28.98759,-8.31243,-0.5546,0.04286,-0.83102,0.98904,0.0,0.0,nan,0.0,0.02,0.07928,33.8965,1.82384,0.23922,0.85802,0.7079,0.31133,0.54829,0.7079
-19.6534,29.14812,-7.6004,-0.699,0.04221,-0.71387,0.98129,0.0,0.0,nan,0.0,0.01282,0.04957,33.71834,1.88015,0.2197,0.81376,0.83377,0.45984,0.53187,0.83377
-18.9726,29.01973,7.27144,-0.48272,0.07455,0.8726,0.98209,0.0,0.0,nan,0.0,0.00371,0.04888,33.56948,2.1798,0.22679,0.72854,0.94576,0.29582,0.45876,0.94576
-18.40207,30.82464,-8.24891,-0.53263,0.07304,-0.84319,0.99639,0.0,0.0,nan,0.0,0.00608,0.05825,31.6772,1.75823,0.23153,0.78025,0.93299,0.34294,0.56875,0.93299
-19.19814,30.9884,-7.23538,-0.66651,0.05963,-0.7431,0.9989,0.0,0.0,nan,0.0,0.01545,0.04676,32.86194,1.88214,0.22714,0.78069,0.7482,0.44899,0.53131,0.7482
-19.92633,31.31726,1.12275,-0.99769,0.04453,-0.05121,0.80363,0.0,0.0,nan,0.0,0.00663,0.04557,56.96888,2.01887,0.24075,0.65482,0.85562,0.34751,0.49533,0.85562
-18.98076,31.02695,7.03263,-0.47797,-0.00567,0.87836,0.99246,0.0,0.0,nan,0.0,0.0148,0.03883,33.0773,2.39694,0.22438,0.6687,0.68762,0.60452,0.4172,0.68762
-18.29251,32.8862,-8.23112,-0.50146,0.08988,-0.8605,0.99125,0.0,0.0,nan,0.0,0.00271,0.0643,26.81011,1.82106,0.23244,0.76841,0.98662,0.24248,0.54913,0.98662
-19.34135,33.08805,-7.39444,-0.64881,0.09045,-0.75555,0.99035,0.0,0.0,nan,0.0,0.00271,0.0663,24.11209,1.81006,0.2333,0.75482,0.98382,0.23262,0.55247,0.98382
-19.92659,32.82923,1.19381,-0.9991,-0.02486,-0.0345,0.81078,0.0,0.0,nan,0.0,0.00803,0.03483,51.66351,3.57497,0.24678,0.58077,0.49471,0.41254,0.27972,0.49471
-19.04213,32.90019,7.39251,-0.48039,0.00182,0.87705,0.96609,0.0,0.0,nan,0.0,0.00606,0.01835,26.95018,2.06456,0.23487,0.44345,0.59553,0.79931,0.48436,0.59553
-18.02857,33.09046,8.01741,-0.50363,0.01649,0.86376,0.99145,0.0,0.0,nan,0.0,0.01199,0.02487,29.62952,3.53681,0.2434,0.55638,0.55562,0.92486,0.28274,0.55562
-18.16715,34.16619,-8.01913,-0.49387,0.12851,-0.85999,0.99699,0.0,0.0,nan,0.0,0.02845,0.07721,8.65881,1.73161,0.23112,0.4835,0.58905,0.9383,0.5775,0.58905
-19.07387,35.03125,-7.26069,-0.62692,0.11364,-0.77075,0.99135,0.0,0.0,nan,0.0,0.01773,0.06195,8.43017,1.90681,0.21682,0.36264,0.38768,0.97646,0.52444,0.38768
-19.10433,34.95164,7.16646,-0.54159,0.03476,0.83992,0.97867,0.0,0.0,nan,0.0,0.0116,0.02781,26.55553,1.89586,0.22791,0.59302,0.5013,0.75608,0.52746,0.5013
-19.06815,36.94906,-7.01786,-0.62967,0.07858,-0.77288,0.99196,0.0,0.0,nan,0.0,0.01747,0.07706,7.89273,1.87421,0.22007,0.3662,0.35221,0.77595,0.53356,0.35221
-19.12034,36.96552,7.28808,-0.55614,-0.02465,0.83073,0.96619,0.0,0.0,nan,0.0,0.00618,0.02245,28.27498,1.80873,0.24492,0.65264,0.84867,0.65986,0.55287,0.84867
-19.03469,39.0047,-6.81986,-0.63275,0.08447,-0.76974,0.99226,0.0,0.0,nan,0.0,0.02541,0.08987,6.47259,1.83446,0.22683,0.40712,0.3879,0.90905,0.54512,0.3879
-19.92613,39.64833,-5.92564,-0.78798,0.10363,-0.60692,0.98199,0.0,0.0,nan,0.0,0.01312,0.07563,6.7712,1.88925,0.22603,0.30031,0.4734,0.74824,0.52931,0.4734
-18.9126,39.03659,6.93341,-0.58794,0.07007,0.80586,0.99186,0.0,0.0,nan,0.0,0.00719,0.02865,26.82878,1.80873,0.23966,0.58275,0.81831,0.5919,0.55287,0.81831
-18.89666,40.87546,-6.7538,-0.64644,0.07732,-0.75904,0.99276,0.0,0.0,nan,0.0,0.01436,0.07713,6.58742,1.70256,0.23481,0.31996,0.5588,0.75849,0.58735,0.5588
-19.82371,41.21579,-5.73655,-0.80744,0.09612,-0.58207,0.99025,0.0,0.0,nan,0.0,0.01233,0.07584,6.28161,1.88106,0.2347,0.36307,0.53309,0.5905,0.53162,0.53309
-19.96321,41.64478,5.94694,-0.76694,0.06688,0.63822,0.95925,0.0,0.0,nan,0.0,0.00644,0.09656,26.86537,2.2219,0.22866,0.83826,0.96069,0.26225,0.45007,0.96069
-19.06084,40.96545,7.01013,-0.55352,0.04818,0.83144,0.9674,0.0,0.0,nan,0.0,0.00295,0.0229,24.89758,1.6443,0.23535,0.5103,0.91293,0.56926,0.60816,0.91293
-18.76225,43.01673,-6.68639,-0.65921,0.05067,-0.75025,0.99166,0.0,0.0,nan,0.0,0.01095,0.07467,6.71116,1.80873,0.23005,0.2816,0.27743,0.67606,0.55287,0.27743
-19.74522,43.03315,-5.60055,-0.8211,0.05254,-0.56836,0.99095,0.0,0.0,nan,0.0,0.01153,0.05998,5.03775,1.83256,0.23489,0.34646,0.35734,0.7748,0.54569,0.35734
-19.88262,43.23016,5.78137,-0.77159,0.10787,0.62691,0.95623,0.0,0.0,nan,0.0,0.00522,0.11649,31.73996,2.0463,0.23251,0.8986,0.9954,0.24664,0.48869,0.9954
-18.98813,43.04002,6.88015,-0.58705,0.09809,0.80359,0.97072,0.0,0.0,nan,0.0,0.00561,0.02972,30.23092,1.74874,0.23576,0.78431,0.92087,0.56631,0.57184,0.92087
-18.71767,45.0029,-6.6129,-0.63679,0.04842,-0.76951,0.99105,0.0,0.0,nan,0.0,0.01045,0.06566,6.9515,1.78517,0.23176,0.25521,0.36721,0.80269,0.56017,0.36721
-19.77147,45.02779,-5.64729,-0.8094,0.01728,-0.587,0.97958,0.0,0.0,nan,0.0,0.00998,0.04948,5.90481,2.08599,0.22316,0.31807,0.4452,0.84862,0.47939,0.4452
-19.80665,45.06359,5.61335,-0.79083,0.09589,0.60447,0.96901,0.0,0.0,nan,0.0,0.00427,0.07665,34.511,1.88539,0.23692,0.8853,0.97901,0.24917,0.53039,0.97901
-18.92129,44.93473,6.66966,-0.60257,0.10196,0.79153,0.97233,0.0,0.0,nan,0.0,0.00277,0.02725,24.66927,1.73402,0.23579,0.6938,0.97161,0.54531,0.57669,0.97161
-18.66913,46.96884,-6.52241,-0.60154,0.08886,-0.79389,0.99246,0.0,0.0,nan,0.0,0.01593,0.07,7.10152,1.87507,0.22742,0.34034,0.31205,0.85688,0.53331,0.31205
-19.61721,47.05973,-5.6349,-0.77033,0.05704,-0.63509,0.98028,0.0,0.0,nan,0.0,0.00648,0.04494,6.29484,1.8892,0.23659,0.20079,0.32354,0.94554,0.52933,0.32354
-19.69178,47.0727,5.51341,-0.79091,0.09193,0.60499,0.96166,0.0,0.0,nan,0.0,0.01311,0.1066,25.51269,2.08882,0.23067,0.79289,0.87453,0.2781,0.47874,0.87453
-18.72881,46.94815,6.55515,-0.57971,0.09636,0.80911,0.97122,0.0,0.0,nan,0.0,0.00841,0.0247,23.49008,2.09237,0.23207,0.62882,0.71839,0.58786,0.47793,0.71839
-18.48041,48.97277,-6.31964,-0.57968,0.10605,-0.80792,0.9977,0.0,0.0,nan,0.0,0.01534,0.06467,6.19432,2.21036,0.21923,0.40797,0.64038,0.76901,0.45242,0.64038
-19.4965,48.99086,-5.49167,-0.74533,0.08937,-0.66068,0.98592,0.0,0.0,nan,0.0,0.01447,0.05867,6.19857,1.91447,0.22989,0.34867,0.70515,0.93574,0.52234,0.70515
-19.56522,49.043,5.35778,-0.76658,0.07374,0.6379,0.97475,0.0,0.0,nan,0.0,0.00418,0.04999,27.1307,1.88075,0.2362,0.77303,0.92049,0.25585,0.5317,0.92049
-18.50866,48.96252,6.30991,-0.57411,0.07578,0.81526,0.98431,0.0,0.0,nan,0.0,0.00835,0.02465,24.2018,1.88818,0.22768,0.64344,0.70171,0.56982,0.52961,0.70171
-18.33377,50.87133,-6.21307,-0.56115,0.09505,-0.82224,0.99407,0.0,0.0,nan,0.0,0.01817,0.06706,7.11943,1.89134,0.23051,0.44312,0.60884,0.78317,0.52873,0.60884
-19.37157,51.03467,-5.39195,-0.72636,0.08275,-0.68231,0.98431,0.0,0.0,nan,0.0,0.02033,0.07376,7.01802,1.88705,0.23272,0.36921,0.52118,0.95948,0.52993,0.52118
-19.98968,51.89294,3.96708,-0.93727,0.02573,0.34764,0.99478,0.0,0.0,nan,0.0,0.00954,0.04399,4.83156,1.92166,0.22965,0.46499,0.56711,0.65961,0.52038,0.56711
-19.54494,51.03683,5.17865,-0.79148,-0.00402,0.61119,0.96679,0.0,0.0,nan,0.0,0.00841,0.07201,25.68869,1.97102,0.23034,0.70922,0.85016,0.26106,0.50735,0.85016
-18.49227,51.03671,6.32785,-0.53345,0.04536,0.84462,0.96569,0.0,0.0,nan,0.0,0.01027,0.03034,25.08334,1.92313,0.22054,0.70725,0.49947,0.51656,0.51999,0.49947
-18.19452,52.83957,-6.12347,-0.53373,0.09037,-0.84082,0.99276,0.0,0.0,nan,0.0,0.01459,0.04888,6.99995,1.91543,0.2223,0.3917,0.63509,0.97996,0.52208,0.63509
-19.22345,53.04893,-5.36247,-0.69884,0.0719,-0.71166,0.98048,0.0,0.0,nan,0.0,0.01514,0.05538,6.95798,2.23809,0.23281,0.39825,0.61797,0.88377,0.44681,0.61797
-19.99401,52.09644,3.9382,-0.94007,0.02853,0.33978,0.99528,0.0,0.0,nan,0.0,0.00959,0.04279,4.91216,1.87877,0.2335,0.48915,0.4222,0.64479,0.53226,0.4222
-19.64862,52.9732,5.21279,-0.8059,0.03694,0.5909,0.92774,0.0,0.0,nan,0.0,0.00353,0.08841,19.42686,2.40582,0.22733,0.82595,0.98933,0.22771,0.41566,0.98933
-18.54424,52.95534,6.41545,-0.47213,0.08018,0.87788,0.93328,0.0,0.0,nan,0.0,0.01412,0.03753,19.88741,1.99276,0.22347,0.74659,0.67338,0.55441,0.50182,0.67338
-18.0156,54.1236,-6.0368,-0.5098,0.07887,-0.85667,0.9991,0.0,0.0,nan,0.0,0.0175,0.0563,6.63744,1.8564,0.23241,0.44777,0.70972,0.90357,0.53868,0.70972
-19.14629,55.01523,-5.34303,-0.67583,0.05882,-0.73471,0.97122,0.0,0.0,nan,0.0,0.01175,0.04585,6.22207,2.55217,0.2389,0.42453,0.45329,0.79812,0.39182,0.45329
-19.99218,55.8471,3.86819,-0.9476,0.03636,0.31739,0.97706,0.0,0.0,nan,0.0,0.01373,0.06951,5.13861,3.40174,0.23661,0.68916,0.65984,0.39815,0.29397,0.65984
-19.57213,55.00357,5.19684,-0.77342,0.06389,0.63067,0.87459,0.0,0.0,nan,0.0,0.00498,0.09027,25.79692,2.99901,0.23392,0.90611,0.98527,0.26536,0.33344,0.98527
-18.42317,55.02083,6.18237,-0.35354,0.12583,0.92692,0.93157,0.0,0.0,nan,0.0,0.01093,0.03005,17.41912,3.31058,0.24946,0.77343,0.76902,0.55825,0.30206,0.76902
-19.12698,57.01788,-5.19163,-0.67145,0.05318,-0.73914,0.97132,0.0,0.0,nan,0.0,0.01459,0.05142,6.0517,2.44435,0.22999,0.48726,0.4427,0.77465,0.40911,0.4427
-19.99515,57.63321,-3.96487,-0.87486,0.0165,-0.48409,0.96851,0.0,0.0,nan,0.0,0.01213,0.0634,5.59363,1.6696,0.23788,0.63707,0.80746,0.49953,0.59895,0.80746
-19.96662,57.1367,3.67284,-0.95237,-0.03507,0.30291,0.98139,0.0,0.0,nan,0.0,0.0177,0.09893,6.55828,2.08325,0.2327,0.73212,0.45748,0.31901,0.48002,0.45748
-19.41738,57.07964,5.36884,-0.68138,-0.04163,0.73074,0.8903,0.0,0.0,nan,0.0,0.00637,0.0342,24.05032,1.6443,0.24234,0.72153,0.78514,0.31517,0.60816,0.78514
-18.49296,56.48974,6.10251,-0.36644,-0.02579,0.93008,0.92442,0.0,0.0,nan,0.0,0.00894,0.02815,20.90315,1.73833,0.24761,0.70204,0.67658,0.4957,0.57527,0.67658
-19.07378,59.02652,-5.04867,-0.61732,0.22203,-0.75473,0.94485,0.0,0.0,nan,0.0,0.01601,0.05008,6.79807,3.53347,0.23577,0.59415,0.54755,0.69653,0.28301,0.54755
-19.95266,59.90436,-3.98924,-0.75611,0.32412,-0.56855,0.88778,0.0,0.0,nan,0.0,0.01393,0.0418,7.36666,1.74108,0.24556,0.49473,0.57197,0.85614,0.57436,0.57197
-19.92789,58.34928,3.7732,-0.94317,0.09505,0.31843,0.94676,0.0,0.0,nan,0.0,0.00552,0.07151,20.73546,1.9042,0.22925,0.68661,0.90904,0.2511,0.52515,0.90904
-19.55705,58.84398,5.28243,-0.79035,0.11933,0.60093,0.80907,0.0,0.0,nan,0.0,0.01162,0.06825,27.96443,1.70569,0.24115,0.51578,0.64218,0.35363,0.58627,0.64218
-18.51064,59.17273,6.3491,-0.53722,0.09891,0.83762,0.77062,0.0,0.0,nan,0.0,0.01206,0.04095,21.61796,3.37822,0.23723,0.65197,0.72022,0.49358,0.29601,0.72022
-18.79118,60.58306,-4.58168,-0.48888,0.54965,-0.6774,0.91174,0.0,0.0,nan,0.0,0.0269,0.08528,6.53815,2.07411,0.23715,0.54476,0.7298,0.75622,0.48214,0.7298
-19.19642,61.4047,-3.20312,-0.49748,0.73506,-0.46066,0.89322,0.0,0.0,nan,0.0,0.01883,0.08477,10.02684,1.66684,0.24128,0.71108,0.74888,0.37473,0.59994,0.74888
-19.56545,61.99349,-1.57506,-0.46192,0.87065,-0.16912,0.81883,0.0,0.0,nan,0.0,0.01527,0.07534,16.03184,1.93395,0.23167,0.55146,0.77785,0.45374,0.51708,0.77785
-19.02395,61.54393,1.07308,-0.27686,0.88649,0.37078,0.86845,0.0,0.0,nan,0.0,0.01681,0.05173,20.30814,2.52933,0.22878,0.466,0.31547,0.76617,0.39536,0.31547
-19.01297,60.64019,2.9416,-0.47103,0.82844,0.303,0.89946,0.0,0.0,nan,0.0,0.01678,0.04072,29.9461,3.27332,0.25295,0.60816,0.5281,0.72283,0.3055,0.5281
-19.04469,60.62145,5.0402,-0.58614,0.71681,0.37765,0.75874,0.0,0.0,nan,0.0,0.01487,0.03907,21.50332,1.91654,0.23216,0.50957,0.31103,0.81661,0.52177,0.31103
-18.3539,60.35197,6.24734,-0.50926,0.48029,0.71413,0.68858,0.0,0.0,nan,0.0,0.01855,0.08271,28.40435,1.84865,0.2281,0.59913,0.79841,0.47404,0.54093,0.79841
-18.37992,62.10065,-2.23432,-0.19495,0.95487,-0.22409,0.92311,0.0,0.0,nan,0.0,0.01096,0.05681,10.31395,1.86108,0.23589,0.56509,0.57596,0.40752,0.53732,0.57596
-19.03585,62.31355,-0.91333,-0.24958,0.96834,-0.00441,0.83242,0.0,0.0,nan,0.0,0.01412,0.05516,14.54967,1.67375,0.24494,0.55727,0.75971,0.53938,0.59746,0.75971
-19.38618,62.14712,0.21421,-0.30429,0.92654,0.22119,0.77706,0.0,0.0,nan,0.0,0.01477,0.05146,18.89511,2.22857,0.22755,0.47351,0.4837,0.67042,0.44872,0.4837
-16.50577,1.81209,-6.1536,-0.24496,-0.57468,-0.78086,0.94022,0.0,0.0,nan,0.0,0.00623,0.03165,41.14214,1.75206,0.23838,0.51882,0.62787,0.39754,0.57076,0.62787
-17.01157,0.95027,-5.17206,-0.21173,-0.69454,-0.68759,0.8915,0.0,0.0,nan,0.0,0.00879,0.03724,33.27332,2.7023,0.22706,0.58098,0.79523,0.50352,0.37006,0.79523
-17.0372,0.31264,-2.99673,-0.12483,-0.98356,-0.13051,0.94244,0.0,0.0,nan,0.0,0.02353,0.10452,14.91845,2.00836,0.23228,0.54152,0.59188,0.47139,0.49792,0.59188
-16.95546,0.63154,-0.92553,-0.09795,-0.95154,0.29149,0.98964,0.0,0.0,nan,0.0,0.00433,0.05177,25.98105,2.33643,0.22562,0.38408,0.52425,0.23429,0.428,0.52425
-16.91094,1.50112,0.74506,-0.13841,-0.8956,0.42278,0.99075,0.0,0.0,nan,0.0,0.01563,0.10718,29.97487,2.40685,0.23583,0.55115,0.84929,0.41372,0.41548,0.84929
-16.80888,1.82691,3.60679,-0.0419,-0.99885,-0.02346,0.97797,0.0,0.0,nan,0.0,0.01187,0.03468,34.5692,1.6443,0.22873,0.43026,0.31616,0.84128,0.60816,0.31616
-17.11286,1.49971,4.86799,0.07491,-0.99717,-0.00671,0.88607,0.0,0.0,nan,0.0,0.01011,0.05641,29.99109,2.06535,0.23243,0.40501,0.48706,0.47224,0.48418,0.48706
-17.41661,1.93731,6.13541,0.07204,-0.9435,0.32346,0.9063,0.0,0.0,nan,0.0,0.02029,0.06416,25.86023,2.69181,0.23818,0.57719,0.69657,0.59039,0.3715,0.69657
-16.76178,3.18257,-6.53978,-0.31693,-0.41356,-0.85354,0.97394,0.0,0.0,nan,0.0,0.00701,0.03275,38.79442,2.08637,0.23623,0.43153,0.64901,0.52153,0.4793,0.64901
-17.43079,2.74917,-5.49466,-0.33487,-0.45439,-0.82547,0.99437,0.0,0.0,nan,0.0,0.0093,0.02756,27.77215,2.68729,0.23719,0.52191,0.35851,0.69347,0.37212,0.35851
-17.21347,2.31809,1.67013,-0.1565,-0.93871,0.30714,0.94837,0.0,0.0,nan,0.0,0.01801,0.06373,56.81234,2.38927,0.23342,0.58945,0.74399,0.49623,0.41854,0.74399
-17.06631,2.4414,2.87373,-0.11429,-0.99235,0.04663,0.95864,0.0,0.0,nan,0.0,0.01474,0.04187,39.52038,1.70671,0.24392,0.46472,0.41145,0.79589,0.58592,0.41145
-16.21059,2.14687,5.68797,0.21676,-0.95276,0.21278,0.96851,0.0,0.0,nan,0.0,0.01611,0.06192,30.43816,1.88805,0.23625,0.54236,0.73041,0.5113,0.52965,0.73041
-16.99634,2.60469,7.17155,0.04631,-0.82532,0.56276,0.94817,0.0,0.0,nan,0.0,0.02836,0.07242,20.86522,1.8946,0.22399,0.5373,0.75096,0.80123,0.52782,0.75096
-16.70517,3.67765,8.19957,-0.11464,-0.6659,0.73718,0.95965,0.0,0.0,nan,0.0,0.01371,0.04702,20.19463,1.8361,0.23343,0.37255,0.53222,0.85991,0.54463,0.53222
-17.0051,5.02296,-6.75194,-0.40943,-0.29471,-0.86343,0.99286,0.0,0.0,nan,0.0,0.00997,0.0373,35.17881,1.78588,0.23779,0.54319,0.32755,0.52001,0.55995,0.32755
-17.88107,4.54809,-5.87451,-0.42702,-0.30587,-0.85094,0.99971,0.0,0.0,nan,0.0,0.00845,0.02545,25.88162,1.6443,0.23981,0.48989,0.52802,0.72963,0.60816,0.52802
-16.97903,4.95072,8.96035,-0.30949,-0.35759,0.8811,0.96659,0.0,0.0,nan,0.0,0.01502,0.04726,17.78182,2.06307,0.23243,0.41792,0.48284,0.84608,0.48471,0.48284
-16.0036,7.24703,-8.01033,-0.33375,-0.09763,-0.93759,0.97535,0.0,0.0,nan,0.0,0.0071,0.0263,38.72067,2.00938,0.23564,0.51849,0.50461,0.54768,0.49766,0.50461
-17.0964,6.86581,-7.4705,-0.44826,-0.11186,-0.88688,0.97797,0.0,0.0,nan,0.0,0.00869,0.02765,39.03351,2.04034,0.2352,0.60571,0.44224,0.54556,0.49011,0.44224
-17.05181,7.02853,9.35946,-0.4334,0.08526,0.89716,0.97142,0.0,0.0,nan,0.0,0.01086,0.04174,19.88537,3.37429,0.2493,0.44021,0.47786,0.65023,0.29636,0.47786
-16.36828,9.18859,-8.18992,-0.34433,-0.13923,-0.92847,0.95723,0.0,0.0,nan,0.0,0.0145,0.03877,24.24403,1.6443,0.2392,0.66831,0.46082,0.60557,0.60816,0.46082
-17.30599,8.91237,-7.07089,-0.50579,-0.11368,-0.85513,0.98874,0.0,0.0,nan,0.0,0.01763,0.04172,24.54174,1.68281,0.23906,0.7106,0.47511,0.64302,0.59424,0.47511
-17.94156,8.49164,-5.91093,-0.5045,-0.04291,-0.86235,0.91435,0.0,0.0,nan,0.0,0.00835,0.01993,21.04571,1.87628,0.23613,0.56083,0.52667,0.8176,0.53297,0.52667
-17.58923,9.50111,7.88276,-0.51982,0.1221,0.84551,0.98974,0.0,0.0,nan,0.0,0.00919,0.02545,27.42335,1.6443,0.22675,0.44581,0.4047,0.86879,0.60816,0.4047
-16.96873,8.79515,8.61539,-0.45014,0.19798,0.87073,0.9984,0.0,0.0,nan,0.0,0.00889,0.02668,26.40156,1.65959,0.23891,0.47615,0.6317,0.75279,0.60256,0.6317
-16.76624,11.09997,-8.43259,-0.34111,-0.03439,-0.9394,0.9211,0.0,0.0,nan,0.0,0.01305,0.04323,30.98208,2.86084,0.23657,0.70728,0.50208,0.45446,0.34955,0.50208
-17.72067,10.88238,-7.61298,-0.51393,-0.10759,-0.85106,0.97948,0.0,0.0,nan,0.0,0.01634,0.04183,18.19862,1.88694,0.23418,0.63867,0.47758,0.6789,0.52996,0.47758
-17.74496,11.4318,7.79075,-0.52763,0.01358,0.84936,0.99719,0.0,0.0,nan,0.0,0.00772,0.02456,26.17653,1.6443,0.23221,0.39767,0.33506,0.85118,0.60816,0.33506
-16.93947,11.10593,8.66746,-0.39071,0.00757,0.92048,0.99125,0.0,0.0,nan,0.0,0.00887,0.02784,29.26401,2.02836,0.23846,0.3735,0.28894,0.91136,0.49301,0.28894
-16.49685,12.93386,-8.09325,-0.2972,-0.0526,-0.95337,0.99226,0.0,0.0,nan,0.0,0.01256,0.03566,32.18795,1.75607,0.23904,0.60851,0.6264,0.61465,0.56945,0.6264
-17.40466,12.9967,-7.48708,-0.43522,-0.05055,-0.89891,0.99699,0.0,0.0,nan,0.0,0.01125,0.03732,29.31885,2.88047,0.23519,0.56464,0.47379,0.57001,0.34717,0.47379
-17.89238,13.5669,7.97123,-0.49392,0.15187,0.85614,0.98662,0.0,0.0,nan,0.0,0.00953,0.02814,20.5043,2.05468,0.23351,0.67543,0.57384,0.55017,0.48669,0.57384
-17.02587,12.99038,8.63793,-0.43399,0.11176,0.89396,0.98441,0.0,0.0,nan,0.0,0.01013,0.03244,24.54677,2.05378,0.23554,0.52248,0.39558,0.6466,0.48691,0.39558
-16.88132,15.03914,-8.57155,-0.35649,-0.10985,-0.92782,0.96226,0.0,0.0,nan,0.0,0.01276,0.04457,25.00344,1.68649,0.23891,0.47921,0.68419,0.64516,0.59295,0.68419
-17.76988,14.82022,-7.79514,-0.47309,-0.13402,-0.87076,0.99458,0.0,0.0,nan,0.0,0.01868,0.04511,24.53846,1.72591,0.23775,0.56642,0.68263,0.79058,0.5794,0.68263
-17.21145,15.18805,7.63214,-0.47165,0.135,0.87139,0.9829,0.0,0.0,nan,0.0,0.01351,0.0468,29.33756,1.6443,0.2486,0.70298,0.54939,0.43859,0.60816,0.54939
-16.37209,14.74693,8.4355,-0.45819,0.1581,0.87468,0.99407,0.0,0.0,nan,0.0,0.02276,0.07113,27.61913,1.80873,0.2338,0.67983,0.42461,0.50478,0.55287,0.42461
-16.83326,16.97818,-8.53581,-0.3106,0.07698,-0.94742,0.9832,0.0,0.0,nan,0.0,0.00587,0.01848,26.27083,1.6443,0.23625,0.44286,0.45364,0.77131,0.60816,0.45364
-17.65182,17.3099,-7.74387,-0.35419,0.04535,-0.93407,0.999,0.0,0.0,nan,0.0,0.008,0.02124,23.8045,1.6443,0.22973,0.47159,0.50032,0.86597,0.60816,0.50032
-17.14887,16.91742,7.44291,-0.45452,-0.06391,0.88844,0.97827,0.0,0.0,nan,0.0,0.00738,0.02214,26.22867,3.58598,0.24118,0.49065,0.55823,0.73084,0.27886,0.55823
-16.4395,17.48533,8.35805,-0.41763,-0.10625,0.90238,0.99055,0.0,0.0,nan,0.0,0.01115,0.02477,30.90325,1.6689,0.23625,0.5005,0.53078,0.95776,0.5992,0.53078
-16.7824,19.12998,-8.29087,-0.34646,-0.02575,-0.93771,0.99951,0.0,0.0,nan,0.0,0.00667,0.02056,26.78431,1.93974,0.23264,0.47727,0.7184,0.73007,0.51553,0.7184
-17.39957,18.81098,-7.61688,-0.3087,0.01981,-0.95095,0.99518,0.0,0.0,nan,0.0,0.01031,0.02699,25.45403,1.99235,0.23703,0.50946,0.43938,0.80895,0.50192,0.43938
-17.49683,18.73789,7.60927,-0.50091,-0.10115,0.85957,0.99739,0.0,0.0,nan,0.0,0.00923,0.02094,30.02661,1.72922,0.23826,0.47619,0.43053,0.98676,0.5783,0.43053
-16.72508,19.09831,8.47116,-0.42677,-0.0858,0.90028,0.9826,0.00284,0.01418,0.7,1.0,0.01585,0.02969,32.18425,1.86495,0.23715,0.56758,0.36795,0.99948,0.53621,0.36795
-16.86249,21.00637,-8.53144,-0.41394,-0.14264,-0.89906,0.99458,0.0,0.0,nan,0.0,0.01202,0.03127,26.39183,3.24167,0.24085,0.49574,0.56894,0.83394,0.30848,0.56894
-17.73651,21.29481,-7.84045,-0.46619,-0.11888,-0.87666,0.998,0.0,0.0,nan,0.0,0.00996,0.02583,27.50467,2.69004,0.23928,0.45099,0.3429,0.91689,0.37174,0.3429
-17.93921,20.74261,7.82121,-0.50491,-0.02964,0.86266,0.99095,0.0,0.0,nan,0.0,0.00769,0.02332,33.37814,1.6443,0.23454,0.41525,0.6085,0.84199,0.60816,0.6085
-16.98028,21.01159,8.44107,-0.38759,0.01499,0.92171,0.98572,0.0,0.0,nan,0.0,0.01145,0.02596,33.03795,1.6443,0.23866,0.47349,0.60229,0.98787,0.60816,0.60229
-16.94922,23.02046,-8.66191,-0.38652,-0.07903,-0.91889,0.9979,0.0,0.0,nan,0.0,0.00912,0.02857,25.58547,2.82783,0.23669,0.48163,0.68858,0.71469,0.35363,0.68858
-17.62119,22.26019,-7.74267,-0.4728,-0.11309,-0.87388,0.99961,0.0,0.0,nan,0.0,0.01135,0.03059,26.6808,1.69699,0.24046,0.50196,0.58273,0.79474,0.58928,0.58273
-17.63522,22.55968,7.78897,-0.44124,0.00164,0.89739,0.99568,0.0,0.0,nan,0.0,0.00703,0.02394,33.34634,2.05321,0.23077,0.34413,0.44645,0.90443,0.48704,0.44645
-16.82507,23.08189,8.32496,-0.37592,-0.02226,0.92638,0.998,0.0,0.0,nan,0.0,0.01011,0.02792,35.22772,1.6443,0.24269,0.38745,0.53239,0.98741,0.60816,0.53239
-17.04584,24.86337,-8.60097,-0.34455,-0.07748,-0.93556,0.9989,0.0,0.0,nan,0.0,0.01651,0.05252,16.29562,1.9778,0.23534,0.55497,0.63399,0.63589,0.50561,0.63399
-17.92936,24.75413,-7.97617,-0.43458,-0.09554,-0.89555,0.99951,0.0,0.0,nan,0.0,0.00684,0.03296,13.89078,1.89552,0.22243,0.57838,0.86983,0.66606,0.52756,0.86983
-17.94136,24.89318,7.98537,-0.4599,0.00017,0.88797,0.99558,0.0,0.0,nan,0.0,0.01167,0.03057,28.21727,1.88671,0.23752,0.44189,0.37471,0.92466,0.53002,0.37471
-16.9458,24.99949,8.42219,-0.41821,0.01066,0.90829,0.99055,0.0,0.0,nan,0.0,0.0132,0.04718,39.92836,1.6443,0.22814,0.55529,0.61014,0.52903,0.60816,0.61014
-17.00037,27.01253,-8.84393,-0.33571,-0.10536,-0.93605,0.99739,0.0,0.0,nan,0.0,0.01564,0.05868,10.82694,1.6443,0.22454,0.66706,0.77204,0.50921,0.60816,0.77204
-17.29928,27.23993,7.77565,-0.41052,0.02683,0.91146,0.98793,0.0,0.0,nan,0.0,0.01131,0.04715,39.8937,1.96788,0.23333,0.51085,0.6705,0.49293,0.50816,0.6705
-16.65229,26.74543,8.1783,-0.44548,0.02886,0.89483,0.99286,0.0,0.0,nan,0.0,0.0148,0.05653,45.22549,1.74842,0.23933,0.50041,0.49786,0.54644,0.57194,0.49786
-16.98693,28.94981,-9.14963,-0.35652,0.00437,-0.93428,0.99458,0.0,0.0,nan,0.0,0.0056,0.08837,17.77433,1.80873,0.23458,0.72499,0.95228,0.27589,0.55287,0.95228
-17.13884,28.96011,7.70035,-0.49459,0.03146,0.86855,0.99196,0.0,0.0,nan,0.0,0.00971,0.04494,41.06079,3.14957,0.24061,0.62863,0.88732,0.64275,0.3175,0.88732
-16.7087,28.79873,8.76599,-0.50157,-0.01585,0.86497,0.97907,0.0,0.0,nan,0.0,0.01306,0.03363,42.98238,2.00943,0.24337,0.59143,0.792,0.79381,0.49765,0.792
-16.99733,31.02293,-8.77194,-0.3965,0.09054,-0.91356,0.99669,0.0,0.0,nan,0.0,0.00307,0.06655,29.27505,1.65268,0.23721,0.73357,0.98524,0.27133,0.60508,0.98524
-17.26874,31.04979,7.20311,-0.52337,-0.01997,0.85187,0.93469,0.0,0.0,nan,0.0,0.01641,0.04632,36.72376,3.41074,0.23464,0.60099,0.58108,0.62152,0.29319,0.58108
-16.46039,30.97627,8.73627,-0.54361,-0.0079,0.8393,0.99327,0.0,0.0,nan,0.0,0.01952,0.04406,38.30821,3.53724,0.25012,0.60459,0.53106,0.77106,0.28271,0.53106
-17.00579,33.02433,-8.63207,-0.37879,0.09499,-0.92059,0.998,0.0,0.0,nan,0.0,0.01647,0.07418,17.76363,1.80903,0.24131,0.62266,0.68238,0.39661,0.55278,0.68238
-17.46461,32.64405,7.66724,-0.52454,0.01431,0.85126,0.99759,0.0,0.0,nan,0.0,0.01016,0.02513,30.8565,3.14563,0.23144,0.50224,0.51015,0.85707,0.3179,0.51015
-16.98527,33.0108,8.65121,-0.53714,0.03085,0.84293,0.9684,0.0,0.0,nan,0.0,0.01109,0.02775,33.87352,2.86177,0.23649,0.56751,0.48675,0.74579,0.34943,0.48675
-16.94238,34.93574,-8.38652,-0.39386,0.1324,-0.90959,0.99951,0.0,0.0,nan,0.0,0.01624,0.05562,7.88441,1.85723,0.2238,0.42368,0.6327,0.86385,0.53844,0.6327
-17.81393,35.52325,-7.93145,-0.46363,0.12697,-0.87688,0.9984,0.0,0.0,nan,0.0,0.01417,0.06497,7.59728,1.896,0.22454,0.3313,0.44324,0.8317,0.52743,0.44324
-17.23573,35.03273,7.07596,-0.49534,0.00454,0.86869,0.92895,0.0,0.0,nan,0.0,0.00904,0.02994,28.15296,1.685,0.24253,0.62792,0.57015,0.51497,0.59347,0.57015
-16.39533,34.80367,8.42352,-0.48981,0.03299,0.8712,0.99659,0.0,0.0,nan,0.0,0.00903,0.02529,29.94242,1.87725,0.23582,0.6603,0.78834,0.65762,0.53269,0.78834
-16.65447,36.89032,-8.2493,-0.38773,0.10008,-0.91632,1.00011,0.0,0.0,nan,0.0,0.01094,0.08849,6.20452,1.80873,0.22346,0.23307,0.5105,0.70159,0.55287,0.5105
-17.65863,37.0172,-7.83489,-0.45168,0.09691,-0.8869,0.99941,0.0,0.0,nan,0.0,0.01233,0.07732,6.28938,1.85736,0.21785,0.29647,0.35459,0.70872,0.5384,0.35459
-17.82225,36.87175,7.61591,-0.52508,-0.0489,0.84965,0.99941,0.0,0.0,nan,0.0,0.01068,0.02484,26.84151,3.22869,0.24135,0.70922,0.63144,0.65158,0.30972,0.63144
-16.90477,37.01266,8.47586,-0.48311,-0.0396,0.87466,0.98391,0.0,0.0,nan,0.0,0.01534,0.03045,30.32705,1.86705,0.23854,0.69867,0.4857,0.76883,0.5356,0.4857
-16.47842,38.94809,-8.18895,-0.38837,0.05325,-0.91996,0.99991,0.0,0.0,nan,0.0,0.01083,0.06956,5.70367,1.80873,0.21826,0.29641,0.46522,0.70964,0.55287,0.46522
-17.51619,39.17822,-7.75377,-0.45203,0.0567,-0.8902,0.999,0.0,0.0,nan,0.0,0.01649,0.08867,6.11861,1.6443,0.22809,0.33117,0.34847,0.74522,0.60816,0.34847
-17.52777,39.06275,7.45423,-0.47623,0.11407,0.87189,0.99931,0.0,0.0,nan,0.0,0.00959,0.02474,26.86262,1.6443,0.24179,0.54414,0.58264,0.76532,0.60816,0.58264
-16.60029,39.08556,8.3232,-0.43005,0.13916,0.89201,0.99689,0.0,0.0,nan,0.0,0.01474,0.03026,28.52714,1.6443,0.23765,0.60238,0.71705,0.86499,0.60816,0.71705
-16.34206,41.09149,-8.118,-0.38763,0.02944,-0.92134,0.9988,0.0,0.0,nan,0.0,0.0144,0.07814,7.32267,1.71476,0.21071,0.27808,0.50819,0.84357,0.58317,0.50819
-17.39404,41.03767,-7.77448,-0.46502,0.03727,-0.88452,0.9985,0.0,0.0,nan,0.0,0.01434,0.07958,7.63513,1.73479,0.21955,0.28578,0.56742,0.79566,0.57644,0.56742
-17.10453,41.00027,7.62268,-0.40706,0.0369,0.91266,0.99649,0.0,0.0,nan,0.0,0.00835,0.01884,21.74347,1.80873,0.23474,0.49612,0.336,0.97556,0.55287,0.336
-16.12174,41.18974,8.02386,-0.32981,0.09667,0.93908,0.99568,0.0,0.0,nan,0.0,0.01153,0.02383,22.56038,2.05224,0.22194,0.58186,0.57488,0.90533,0.48727,0.57488
-16.37463,42.91142,-8.12149,-0.39557,0.04943,-0.91711,0.99971,0.0,0.0,nan,0.0,0.01443,0.07768,7.79236,1.75088,0.21423,0.25597,0.31424,0.91181,0.57114,0.31424
-17.32767,43.02557,-7.63815,-0.47638,0.04973,-0.87783,0.99971,0.0,0.0,nan,0.0,0.01397,0.07214,7.62411,1.68144,0.22782,0.27931,0.28563,0.87494,0.59473,0.28563
-17.34931,42.92209,7.41879,-0.42729,0.06683,0.90164,0.9991,0.0,0.0,nan,0.0,0.01279,0.02273,23.87352,1.6443,0.24729,0.64941,0.51409,0.93896,0.60816,0.51409
-16.50618,43.02287,8.35164,-0.34012,0.03984,0.93954,0.97283,0.0,0.0,nan,0.0,0.00664,0.01606,23.22865,1.89754,0.24046,0.50205,0.39931,0.89408,0.527,0.39931
-16.20987,44.44223,-8.0874,-0.38068,0.08777,-0.92053,0.99951,0.0,0.0,nan,0.0,0.01635,0.07115,7.36221,1.89658,0.21745,0.32032,0.50068,0.91233,0.52727,0.50068
-17.12718,45.05922,-7.66478,-0.43986,0.08758,-0.89378,0.99941,0.0,0.0,nan,0.0,0.01667,0.07059,7.67061,1.7543,0.22524,0.3193,0.3961,0.93244,0.57003,0.3961
-17.17866,44.86586,7.27113,-0.41254,0.1228,0.90262,0.99941,0.0,0.0,nan,0.0,0.00414,0.01173,21.56643,1.6443,0.23747,0.39794,0.65942,0.9686,0.60816,0.65942
-16.09371,45.05816,8.03168,-0.33854,0.17643,0.92426,0.97857,0.0,0.0,nan,0.0,0.00754,0.02015,22.43863,2.06751,0.23467,0.42413,0.26464,0.96127,0.48367,0.26464
-17.01887,46.96988,-7.37687,-0.42227,0.11263,-0.89944,0.99981,0.0,0.0,nan,0.0,0.01591,0.06498,7.31944,2.00301,0.2176,0.36409,0.47021,0.8565,0.49925,0.47021
-17.06489,46.91086,7.1865,-0.36108,0.0936,0.92783,0.98894,0.0,0.0,nan,0.0,0.00688,0.01875,21.59669,1.91573,0.2327,0.49089,0.4566,0.8172,0.52199,0.4566
-16.19791,46.15046,8.04858,-0.27834,0.15221,0.94835,0.98491,0.0,0.0,nan,0.0,0.00923,0.01899,23.36162,1.76598,0.24619,0.55336,0.49955,0.95337,0.56626,0.49955
-17.05692,49.01627,-7.15095,-0.4194,0.11362,-0.90066,0.9987,0.0,0.0,nan,0.0,0.01594,0.07981,6.23046,1.75582,0.21332,0.31435,0.45309,0.83936,0.56953,0.45309
-17.73279,49.49535,5.79153,-0.53129,0.0859,0.84282,0.97907,0.0,0.0,nan,0.0,0.01088,0.02917,25.594,2.14297,0.22667,0.63063,0.45361,0.63762,0.46664,0.45361
-17.19917,49.0015,7.03523,-0.40784,0.08661,0.90894,0.99699,0.0,0.0,nan,0.0,0.00926,0.02357,24.61966,1.80873,0.22853,0.47924,0.39309,0.88652,0.55287,0.39309
-17.00832,50.97823,-6.94003,-0.41909,0.106,-0.90173,0.99971,0.00507,0.02537,0.6,1.0,0.02469,0.10409,5.96474,1.67204,0.22799,0.45857,0.58512,0.6908,0.59807,0.58512
-16.93259,50.98729,6.81379,-0.37582,0.08305,0.92297,0.999,0.0,0.0,nan,0.0,0.01227,0.02596,26.72066,2.05617,0.23326,0.56237,0.6469,0.90319,0.48634,0.6469
-17.06698,53.00355,-6.63291,-0.42372,0.1027,-0.89995,0.99941,0.0,0.0,nan,0.0,0.01828,0.07005,6.68151,1.80873,0.2226,0.37627,0.57488,0.90104,0.55287,0.57488
-16.57313,53.89666,5.94813,-0.37349,0.16258,0.91328,0.94868,0.0,0.0,nan,0.0,0.01282,0.02568,21.87703,1.87634,0.23724,0.69708,0.60198,0.78175,0.53295,0.60198
-17.01444,52.93411,6.39845,-0.36552,0.12406,0.9225,0.99357,0.0,0.0,nan,0.0,0.01351,0.0286,22.93297,1.69505,0.23855,0.64321,0.64995,0.7983,0.58995,0.64995
-16.98333,54.97152,-6.44542,-0.40729,0.07757,-0.91,0.99629,0.0,0.0,nan,0.0,0.0086,0.04787,6.8419,1.82111,0.21913,0.26644,0.316,0.87133,0.54911,0.316
-17.9231,55.42348,-5.97193,-0.49294,0.06653,-0.86751,0.99639,0.0,0.0,nan,0.0,0.01537,0.05545,7.06075,1.80873,0.22957,0.37963,0.45191,0.93684,0.55287,0.45191
-16.88953,55.35325,5.81042,-0.35329,0.12758,0.92677,0.94223,0.0,0.0,nan,0.0,0.01428,0.03905,18.43446,1.9157,0.2358,0.68069,0.62123,0.59573,0.522,0.62123
-17.01935,54.61569,6.06778,-0.36427,0.17282,0.91512,0.9829,0.0,0.0,nan,0.0,0.01289,0.02975,19.48123,1.86831,0.24092,0.70783,0.71332,0.67483,0.53524,0.71332
-16.87282,57.03875,-6.38435,-0.36804,0.09955,-0.92447,0.9986,0.0,0.0,nan,0.0,0.0127,0.05909,6.49868,1.89424,0.22069,0.30442,0.46632,0.92318,0.52792,0.46632
-17.82883,57.02898,-5.91398,-0.46808,0.07927,-0.88013,0.9987,0.0,0.0,nan,0.0,0.01541,0.05659,6.55555,1.833,0.23459,0.42183,0.56864,0.84244,0.54555,0.56864
-16.98311,56.97844,5.66935,-0.33552,-0.12467,0.93375,0.93247,0.0,0.0,nan,0.0,0.008,0.02361,19.93897,3.36404,0.24204,0.68027,0.81297,0.68661,0.29726,0.81297
-16.14823,57.82502,6.195,-0.36571,-0.18905,0.91133,0.96508,0.0,0.0,nan,0.0,0.00548,0.01781,25.12876,1.89723,0.24521,0.48049,0.38646,0.69123,0.52708,0.38646
-16.67731,58.80031,-6.23003,-0.30702,0.26673,-0.91356,0.98602,0.0,0.0,nan,0.0,0.01498,0.05309,6.98013,1.90563,0.23647,0.46758,0.59862,0.77617,0.52476,0.59862
-17.40245,59.32038,-5.87675,-0.3588,0.32973,-0.87324,0.96679,0.0,0.0,nan,0.0,0.01509,0.05055,6.10344,2.22888,0.22359,0.43623,0.46222,0.90886,0.44866,0.46222
-17.55475,58.1177,5.78429,-0.41603,-0.08772,0.90511,0.98511,0.0,0.0,nan,0.0,0.01032,0.02599,19.56269,3.38382,0.2363,0.63231,0.33728,0.69198,0.29552,0.33728
-17.06658,58.84287,7.01107,-0.36327,-0.04105,0.93078,0.87943,0.0,0.0,nan,0.0,0.00817,0.02089,20.78665,3.3326,0.24524,0.66284,0.37851,0.64685,0.30007,0.37851
-17.01471,60.87956,-5.05774,-0.23239,0.6875,-0.688,0.94817,0.0,0.0,nan,0.0,0.01797,0.05736,6.45023,1.7533,0.23323,0.41248,0.3939,0.99495,0.57035,0.3939
-17.0884,61.82523,-3.50295,-0.13059,0.91408,-0.38393,0.96478,0.0,0.0,nan,0.0,0.02101,0.06296,6.13716,1.6443,0.24331,0.48239,0.29311,0.91723,0.60816,0.29311
-16.84651,61.86744,-0.24951,0.09328,0.97109,0.21975,0.9978,0.0,0.0,nan,0.0,0.00647,0.0415,14.47556,1.72341,0.23276,0.34105,0.32396,0.52049,0.58024,0.32396
-17.04188,61.38793,1.00052,0.06455,0.95083,0.3029,0.999,0.0,0.0,nan,0.0,0.01197,0.05062,16.34075,1.64868,0.23556,0.41725,0.47821,0.63625,0.60655,0.47821
-17.04699,60.85846,2.91673,-0.06185,0.98656,0.15121,0.99699,0.0,0.0,nan,0.0,0.01206,0.04962,15.40716,1.86086,0.23163,0.42187,0.59199,0.65102,0.53739,0.59199
-17.03747,60.94162,5.05127,-0.20701,0.94089,0.26807,0.91616,0.0,0.0,nan,0.0,0.01655,0.05743,15.15085,2.19155,0.23808,0.60161,0.34746,0.54227,0.4563,0.34746
-16.98972,60.59407,6.53746,-0.28064,0.60396,0.74597,0.74002,0.0,0.0,nan,0.0,0.02197,0.09828,21.18858,2.72831,0.23962,0.57609,0.65147,0.42455,0.36653,0.65147
-16.83976,62.09162,-2.49167,-0.02231,0.98911,-0.14549,0.96216,0.0,0.0,nan,0.0,0.01187,0.06677,8.39169,3.06547,0.24185,0.60466,0.77735,0.39898,0.32621,0.77735
-17.04138,62.16761,-1.15497,0.06785,0.99482,0.07564,0.97374,0.0,0.0,nan,0.0,0.00621,0.03535,11.77592,1.90695,0.22724,0.40198,0.58388,0.51082,0.5244,0.58388
-14.14791,1.37515,-6.22416,-0.20413,-0.69554,-0.68888,0.97837,0.0,0.0,nan,0.0,0.00783,0.02593,43.47024,1.64997,0.24525,0.50018,0.73283,0.6313,0.60607,0.73283
-14.92932,1.05983,-4.82359,-0.14297,-0.835,-0.53134,0.98149,0.0,0.0,nan,0.0,0.00835,0.03208,44.48201,1.71254,0.24135,0.45752,0.68796,0.59457,0.58393,0.68796
-14.932,0.23697,-3.03067,-0.04572,-0.99446,-0.0946,0.968,0.0,0.0,nan,0.0,0.01245,0.06849,29.93678,2.22451,0.21666,0.50004,0.54281,0.38764,0.44954,0.54281
-15.02582,0.45747,-0.96407,-0.02841,-0.97188,0.23374,0.99689,0.0,0.0,nan,0.0,0.007,0.06335,18.90201,1.8484,0.21711,0.54025,0.77702,0.24772,0.54101,0.77702
-14.98897,1.27411,0.97991,-0.08836,-0.91893,0.38438,0.9987,0.0,0.0,nan,0.0,0.00786,0.067,21.28569,1.86865,0.24217,0.61269,0.88926,0.37773,0.53515,0.88926
-15.28398,1.94144,2.37624,-0.05274,-0.95878,0.27922,0.98682,0.0,0.0,nan,0.0,0.0044,0.05384,37.93883,1.6443,0.23901,0.57296,0.92149,0.33273,0.60816,0.92149
-15.81706,1.8767,4.33099,0.14658,-0.98457,0.09556,0.9675,0.0,0.0,nan,0.0,0.00848,0.04727,35.40367,1.80873,0.23977,0.45952,0.6976,0.41253,0.55287,0.6976
-14.82944,3.10221,-6.87366,-0.29436,-0.5106,-0.80786,0.99166,0.0,0.0,nan,0.0,0.01022,0.03577,45.2892,1.82493,0.23631,0.44995,0.63635,0.66326,0.54797,0.63635
-14.87871,2.43753,-5.50144,-0.23512,-0.64649,-0.72579,0.983,0.0,0.0,nan,0.0,0.01029,0.03269,42.7066,2.71236,0.24258,0.50833,0.51847,0.64821,0.36868,0.51847
-14.95553,2.30806,3.22507,0.03227,-0.97207,0.23246,0.98501,0.0,0.0,nan,0.0,0.00747,0.04475,37.41653,1.64803,0.23374,0.53455,0.80075,0.39283,0.60679,0.80075
-14.96428,2.50882,5.07377,0.15846,-0.97229,0.17188,0.99186,0.0,0.0,nan,0.0,0.0123,0.0498,29.18603,1.96395,0.22711,0.57137,0.72323,0.46205,0.50918,0.72323
-15.02259,3.09942,6.97629,0.09728,-0.92206,0.37461,0.99135,0.0,0.0,nan,0.0,0.01233,0.03579,21.46505,1.91272,0.22802,0.46852,0.33009,0.8039,0.52282,0.33009
-14.98177,3.52591,8.5439,-0.04219,-0.78176,0.62214,0.93519,0.0,0.0,nan,0.0,0.00718,0.04301,20.91594,1.80873,0.23317,0.30994,0.52327,0.59034,0.55287,0.52327
-14.68416,5.31205,-8.38459,-0.29776,-0.17342,-0.93876,0.94103,0.0,0.0,nan,0.0,0.00971,0.03005,38.66762,1.95052,0.22527,0.52195,0.38184,0.6509,0.51268,0.38184
-15.25307,4.97308,-7.43868,-0.35316,-0.29598,-0.88751,0.98733,0.0,0.0,nan,0.0,0.011,0.03662,42.05428,1.66225,0.2433,0.49497,0.36556,0.63569,0.60159,0.36556
-14.9923,4.89149,9.59471,-0.15355,-0.45519,0.87705,0.96106,0.0,0.0,nan,0.0,0.01069,0.06594,17.16734,1.88202,0.22839,0.29719,0.40195,0.60877,0.53134,0.40195
-14.04573,5.89882,10.00523,-0.15471,-0.28781,0.94511,0.97968,0.0,0.0,nan,0.0,0.01148,0.06994,21.08684,1.80873,0.23303,0.37855,0.69872,0.47487,0.55287,0.69872
-15.02536,6.75719,-8.26017,-0.26832,-0.06319,-0.96125,0.98381,0.0,0.0,nan,0.0,0.00879,0.03238,36.71163,2.01096,0.22963,0.51224,0.39587,0.55874,0.49727,0.39587
-14.93784,7.17646,-7.87169,-0.25093,-0.06523,-0.9658,0.99518,0.0,0.0,nan,0.0,0.00767,0.03383,37.2306,1.88946,0.23391,0.50441,0.34411,0.47332,0.52925,0.34411
-15.30495,6.72217,9.92157,-0.27088,-0.03121,0.96211,0.97626,0.0,0.0,nan,0.0,0.01296,0.06235,23.24632,1.67695,0.22765,0.48325,0.82264,0.60846,0.59632,0.82264
-14.59155,7.19278,10.19374,-0.25813,0.02578,0.96577,0.97686,0.0,0.0,nan,0.0,0.01262,0.05306,23.493,1.71535,0.23423,0.47095,0.78106,0.60832,0.58297,0.78106
-15.14608,9.16074,-8.32503,-0.16291,-0.116,-0.9798,0.97907,0.0,0.0,nan,0.0,0.00519,0.02131,20.66358,2.40001,0.23168,0.44685,0.50611,0.59837,0.41667,0.50611
-14.51352,8.73015,-7.68213,-0.13687,-0.09995,-0.98553,0.97153,0.0,0.0,nan,0.0,0.00696,0.02539,23.7754,1.6443,0.2382,0.41505,0.48017,0.71595,0.60816,0.48017
-15.02144,9.17957,9.28935,-0.32489,0.22075,0.91963,0.99941,0.0,0.0,nan,0.0,0.0126,0.03635,31.35402,2.09796,0.22145,0.45566,0.55323,0.80915,0.47665,0.55323
-14.51058,8.37282,10.19054,-0.30059,0.14966,0.94194,0.98783,0.0,0.0,nan,0.0,0.00832,0.03082,25.7484,1.74383,0.23252,0.488,0.80055,0.71156,0.57345,0.80055
-14.89815,10.98285,-8.47822,-0.09855,-0.00783,-0.9951,0.98984,0.0,0.0,nan,0.0,0.01197,0.03666,29.20632,2.01964,0.23837,0.63146,0.64589,0.55231,0.49514,0.64589
-14.28423,11.72376,-7.98316,-0.05453,0.01012,-0.99846,0.98672,0.0,0.0,nan,0.0,0.01457,0.03567,34.23035,2.23426,0.23458,0.67687,0.52133,0.6386,0.44757,0.52133
-15.04081,11.14515,9.41817,-0.24041,0.07751,0.96757,0.99407,0.0,0.0,nan,0.0,0.0066,0.03719,42.80286,2.07021,0.22148,0.61983,0.87828,0.50832,0.48304,0.87828
-15.08327,13.21991,-8.31358,-0.1089,-0.11049,-0.98789,0.99327,0.0,0.0,nan,0.0,0.01494,0.03182,35.13739,1.8437,0.23251,0.63545,0.66203,0.78105,0.54239,0.66203
-14.82013,12.62787,-7.83823,-0.07978,-0.04544,-0.99578,0.97414,0.0,0.0,nan,0.0,0.01476,0.03265,34.37747,2.5822,0.24144,0.62832,0.53503,0.76141,0.38727,0.53503
-15.08679,12.83133,9.43609,-0.22553,0.00258,0.97423,0.98169,0.0,0.0,nan,0.0,0.01264,0.04489,43.30775,1.90205,0.22694,0.6202,0.78606,0.53705,0.52575,0.78606
-15.0311,15.089,-8.52429,-0.17478,-0.13468,-0.97535,0.99226,0.0,0.0,nan,0.0,0.01303,0.04246,29.51677,2.734,0.24261,0.62159,0.56235,0.52726,0.36576,0.56235
-15.00361,15.0571,9.36668,-0.30625,0.12869,0.94321,0.96589,0.0,0.0,nan,0.0,0.01208,0.04423,31.62942,1.68308,0.24164,0.49794,0.53296,0.58297,0.59415,0.53296
-14.84186,17.01237,-8.7763,-0.26498,0.02146,-0.96402,0.999,0.0,0.0,nan,0.0,0.00793,0.01966,26.36801,1.88072,0.22837,0.47523,0.63646,0.91304,0.53171,0.63646
-15.25059,17.73687,-7.76921,-0.31196,0.05253,-0.94864,0.93448,0.0,0.0,nan,0.0,0.00618,0.01634,25.36703,1.80873,0.23866,0.45362,0.6444,0.89954,0.55287,0.6444
-15.96678,17.10049,7.98024,-0.40985,-0.07288,0.90924,0.9836,0.0,0.0,nan,0.0,0.00986,0.02385,30.69264,2.07285,0.22574,0.56336,0.69615,0.78161,0.48243,0.69615
-15.10385,17.07059,8.95568,-0.33075,-0.01761,0.94356,0.99598,0.0,0.0,nan,0.0,0.01302,0.02747,34.09746,1.87463,0.23566,0.5784,0.66551,0.86761,0.53344,0.66551
-14.83346,19.03108,-8.80019,-0.304,-0.06349,-0.95056,0.9989,0.0,0.0,nan,0.0,0.00589,0.01628,27.42915,1.90722,0.23082,0.56257,0.68837,0.68983,0.52432,0.68837
-15.46473,18.49088,-7.77335,-0.33108,0.00416,-0.94359,0.94012,0.0,0.0,nan,0.0,0.00645,0.01742,25.54757,2.68582,0.23536,0.52048,0.61066,0.76663,0.37233,0.61066
-14.99559,18.98039,9.14051,-0.27349,-0.03876,0.96109,0.99005,0.0,0.0,nan,0.0,0.00812,0.03403,41.32726,1.68439,0.23987,0.62619,0.8537,0.59751,0.59369,0.8537
-15.2027,21.04988,-9.21537,-0.31573,-0.13782,-0.93879,0.98964,0.0,0.0,nan,0.0,0.00806,0.0254,25.41753,3.21871,0.24619,0.56397,0.58461,0.6067,0.31068,0.58461
-14.8672,20.94395,8.63164,-0.24651,0.07498,0.96623,0.99095,0.0,0.0,nan,0.0,0.01368,0.04619,45.83976,1.71379,0.23842,0.51141,0.72805,0.60417,0.5835,0.72805
-15.15078,23.01817,-9.28726,-0.2882,-0.02965,-0.95711,0.99538,0.0,0.0,nan,0.0,0.01083,0.05045,32.89865,1.85483,0.24038,0.46873,0.45789,0.48577,0.53913,0.45789
-15.05226,22.76112,7.94179,-0.22859,-0.05433,0.972,0.9214,0.0,0.0,nan,0.0,0.0114,0.03686,39.78595,1.72513,0.23703,0.4262,0.75944,0.78608,0.57967,0.75944
-14.9064,23.18334,8.65581,-0.21983,-0.08416,0.9719,0.99075,0.0,0.0,nan,0.0,0.01299,0.05257,42.56671,2.39196,0.23464,0.49576,0.4036,0.52189,0.41807,0.4036
-15.02283,24.92456,-9.26584,-0.2609,-0.04316,-0.9644,0.9987,0.0,0.0,nan,0.0,0.0084,0.06609,35.32146,1.90356,0.23579,0.4743,0.36367,0.28302,0.52533,0.36367
-14.82368,25.09994,9.33869,-0.30841,-0.10986,0.94489,0.98189,0.0,0.0,nan,0.0,0.0273,0.05968,41.48836,1.71931,0.23545,0.64732,0.57322,0.74065,0.58163,0.57322
-15.0315,27.02095,-9.36918,-0.25489,-0.11294,-0.96035,0.99941,0.0,0.0,nan,0.0,0.01091,0.11599,19.96912,1.80873,0.23984,0.69174,0.88074,0.25725,0.55287,0.88074
-15.91821,27.68195,7.98019,-0.48344,-0.02206,0.8751,0.95965,0.0,0.0,nan,0.0,0.01571,0.04056,47.40122,1.70356,0.24341,0.59383,0.4005,0.67958,0.587,0.4005
-15.14266,27.0291,9.06984,-0.42871,-0.02219,0.90317,0.99679,0.0,0.0,nan,0.0,0.01478,0.04126,41.44777,1.89253,0.23656,0.55632,0.61116,0.67511,0.52839,0.61116
-15.12301,28.97253,-9.59067,-0.23135,0.0049,-0.97286,0.98984,0.0,0.0,nan,0.0,0.01344,0.05474,13.34561,1.6443,0.2506,0.71291,0.48304,0.39591,0.60816,0.48304
-15.0516,29.0468,9.63886,-0.41579,-0.0735,0.90649,0.97304,0.0,0.0,nan,0.0,0.00835,0.02294,32.14849,3.42846,0.24796,0.46711,0.57088,0.82825,0.29168,0.57088
-15.06195,31.10299,-9.5812,-0.13654,0.12054,-0.98327,0.98723,0.0,0.0,nan,0.0,0.01053,0.03763,24.35919,1.6443,0.24732,0.58871,0.53375,0.51424,0.60816,0.53375
-15.09042,30.9511,9.48262,-0.41959,0.04843,0.90642,0.98068,0.0,0.0,nan,0.0,0.00792,0.01757,23.93502,1.83309,0.23887,0.53955,0.56481,0.90479,0.54553,0.56481
-14.9706,32.9654,-9.39573,-0.17244,0.04183,-0.98413,0.99286,0.0,0.0,nan,0.0,0.01488,0.04786,23.88163,1.81138,0.24025,0.62014,0.55913,0.54345,0.55207,0.55913
-14.93005,32.99263,9.23722,-0.38965,0.06341,0.91878,0.99347,0.0,0.0,nan,0.0,0.01118,0.0261,27.62103,1.67201,0.23931,0.52718,0.36393,0.87137,0.59808,0.36393
-15.04003,34.99048,-9.17379,-0.30253,0.06845,-0.95068,0.99407,0.0,0.0,nan,0.0,0.00683,0.063,17.70175,1.84566,0.23539,0.7582,0.87147,0.26038,0.54181,0.87147
-14.75324,35.07956,8.90995,-0.36477,0.04296,0.93011,0.99709,0.0,0.0,nan,0.0,0.00853,0.02058,25.21944,1.78804,0.22685,0.47022,0.51757,0.95179,0.55927,0.51757
-15.02823,36.98538,-8.90092,-0.34361,0.09757,-0.93403,0.9984,0.0,0.0,nan,0.0,0.0225,0.08114,5.90361,1.6443,0.23496,0.43517,0.5854,0.85307,0.60816,0.5854
-14.99957,36.9616,8.96407,-0.33965,-0.01126,0.94048,0.9983,0.0,0.0,nan,0.0,0.00751,0.02257,24.22148,1.91212,0.22304,0.4198,0.21514,0.85756,0.52298,0.21514
-14.93976,38.98829,-8.72763,-0.3361,0.06129,-0.93983,0.9991,0.0,0.0,nan,0.0,0.01139,0.06472,6.54567,2.04975,0.20681,0.31087,0.71963,0.7391,0.48786,0.71963
-15.01457,39.05825,8.99252,-0.32951,0.15345,0.9316,0.99669,0.0,0.0,nan,0.0,0.0088,0.02189,23.05584,1.80873,0.22945,0.4571,0.67848,0.95549,0.55287,0.67848
-15.05249,41.00932,-8.68619,-0.3272,0.03173,-0.94442,0.99991,0.0,0.0,nan,0.0,0.01579,0.07081,8.0831,1.80873,0.2074,0.33336,0.54523,0.83436,0.55287,0.54523
-15.86433,40.82944,7.98513,-0.34842,0.14039,0.92676,0.98783,0.0,0.0,nan,0.0,0.00868,0.02119,22.4033,1.6443,0.24258,0.53432,0.34686,0.83539,0.60816,0.34686
-14.86005,40.9255,8.52382,-0.27012,0.16973,0.94775,0.99699,0.0,0.0,nan,0.0,0.0088,0.02443,33.74996,2.74251,0.23247,0.71719,0.77564,0.57954,0.36463,0.77564
-14.98536,42.96275,-8.61076,-0.32518,0.05008,-0.94433,0.99921,0.0,0.0,nan,0.0,0.02063,0.09659,7.19583,1.7713,0.21162,0.30292,0.67414,0.90088,0.56456,0.67414
-14.20882,42.55423,7.86581,-0.26382,0.01584,0.96444,0.95824,0.0,0.0,nan,0.0,0.00696,0.01696,22.16444,3.22906,0.2421,0.52695,0.38936,0.84853,0.30969,0.38936
-15.02234,43.06939,8.4426,-0.299,0.02455,0.95394,0.99518,0.0,0.0,nan,0.0,0.0057,0.01491,21.36273,2.21775,0.23925,0.48939,0.42442,0.85389,0.45091,0.42442
-14.95734,45.02918,-8.45837,-0.32435,0.10521,-0.94007,0.9989,0.0,0.0,nan,0.0,0.02043,0.10198,6.43975,1.85669,0.22152,0.26523,0.56514,0.99004,0.53859,0.56514
-15.9423,45.71411,-7.96745,-0.36097,0.10844,-0.92625,0.99951,0.0,0.0,nan,0.0,0.01692,0.08111,7.74219,1.87515,0.20882,0.29958,0.47993,0.87606,0.53329,0.47993
-14.85704,45.41902,7.77943,-0.26574,0.21258,0.94031,0.9837,0.0,0.0,nan,0.0,0.00757,0.03574,29.86188,2.14187,0.22005,0.5925,0.72725,0.38158,0.46688,0.72725
-15.13674,44.82225,8.08077,-0.27399,0.17855,0.94501,0.98854,0.0,0.0,nan,0.0,0.00715,0.02408,25.19339,3.1967,0.24056,0.64991,0.81143,0.61375,0.31282,0.81143
-14.71067,46.91198,-8.26864,-0.3088,0.12902,-0.94233,0.99991,0.0,0.0,nan,0.0,0.01572,0.09166,7.40213,1.93335,0.20927,0.25491,0.5199,0.85473,0.51724,0.5199
-15.65801,47.17004,-7.92525,-0.33918,0.12541,-0.93232,0.99931,0.0,0.0,nan,0.0,0.01667,0.09176,6.96056,1.89542,0.20923,0.26062,0.5157,0.89728,0.52759,0.5157
-14.92058,47.01639,7.58606,-0.25074,0.09083,0.96378,0.98733,0.0,0.0,nan,0.0,0.00489,0.0133,21.96187,1.65845,0.23333,0.4147,0.34266,0.96673,0.60297,0.34266
-15.59691,46.26472,8.14246,-0.2718,0.16703,0.94775,0.99045,0.0,0.0,nan,0.0,0.00728,0.01992,24.21309,1.6443,0.23739,0.51632,0.64097,0.76576,0.60816,0.64097
-14.31953,48.71796,-8.11858,-0.28769,0.11561,-0.95072,0.99981,0.00014,0.00071,0.6,1.0,0.01057,0.09441,10.60592,1.69162,0.2159,0.21615,0.31227,0.61584,0.59115,0.31227
-15.26022,49.13144,-7.80012,-0.32483,0.11403,-0.93887,1.00001,0.0,0.0,nan,0.0,0.01215,0.10704,9.60895,1.95822,0.20492,0.22568,0.43569,0.60743,0.51067,0.43569
-15.16854,49.02762,7.81224,-0.2825,0.03875,0.95848,0.99055,0.0,0.0,nan,0.0,0.0083,0.02336,25.15034,1.80873,0.23891,0.43648,0.44025,0.87866,0.55287,0.44025
-14.35396,48.73587,8.23567,-0.27697,0.00475,0.96087,0.99085,0.0,0.0,nan,0.0,0.00786,0.02115,22.37739,1.68414,0.24111,0.53843,0.71744,0.75207,0.59378,0.71744
-14.14218,50.63187,-8.04807,-0.26926,0.11938,-0.95564,0.99941,0.00504,0.02521,0.7,1.0,0.00771,0.04907,11.98834,1.6975,0.21107,0.27541,0.34269,0.66598,0.5891,0.34269
-15.05193,51.02362,-7.65192,-0.32092,0.11552,-0.94004,1.00011,0.0,0.0,nan,0.0,0.0092,0.07602,10.92986,1.8483,0.2229,0.30607,0.3437,0.46798,0.54104,0.3437
-15.07007,50.96513,7.53186,-0.30617,0.1068,0.94597,0.99749,0.0,0.0,nan,0.0,0.01492,0.0316,26.71056,2.06357,0.22537,0.53462,0.48298,0.94909,0.4846,0.48298
-14.93266,52.98283,-7.44775,-0.28814,0.1394,-0.94739,0.99216,0.0,0.0,nan,0.0,0.00469,0.04646,8.57169,1.72234,0.21083,0.28532,0.59128,0.43611,0.58061,0.59128
-15.06606,52.91423,7.55582,-0.36329,-0.0104,0.93162,0.99115,0.0,0.0,nan,0.0,0.01488,0.03816,25.17772,2.03544,0.23125,0.60811,0.49141,0.69232,0.49129,0.49141
-14.15143,53.69509,8.04956,-0.27966,-0.0006,0.9601,0.9684,0.0,0.0,nan,0.0,0.00926,0.02303,20.65886,2.57907,0.23741,0.53589,0.3281,0.82283,0.38774,0.3281
-15.1526,54.89936,-7.14,-0.26943,0.11012,-0.9567,0.98854,0.0,0.0,nan,0.0,0.00854,0.05021,6.66911,1.75759,0.2231,0.27355,0.40581,0.80822,0.56896,0.40581
-15.4009,55.18629,7.43284,-0.47025,0.15159,0.86942,0.98652,0.0,0.0,nan,0.0,0.01168,0.04162,32.10434,1.86373,0.23415,0.67017,0.46384,0.4449,0.53656,0.46384
-14.40107,54.67726,8.13941,-0.32276,0.12129,0.93868,0.92331,0.0,0.0,nan,0.0,0.01027,0.02872,22.12161,1.80873,0.24,0.54157,0.65995,0.71974,0.55287,0.65995
-15.08099,56.98676,-6.93919,-0.23468,0.12931,-0.96343,0.98793,0.0,0.0,nan,0.0,0.01549,0.07103,5.61052,1.91356,0.22963,0.38258,0.69858,0.77303,0.52258,0.69858
-15.87345,57.51257,5.91447,-0.38733,-0.20556,0.89873,0.89815,0.0,0.0,nan,0.0,0.00631,0.01797,25.09211,1.83308,0.23849,0.5346,0.40125,0.70955,0.54553,0.40125
-15.08595,57.07108,7.04152,-0.44502,-0.07433,0.89243,0.98904,0.0,0.0,nan,0.0,0.0087,0.02073,29.30847,2.00712,0.23709,0.59888,0.43176,0.7487,0.49823,0.43176
-14.99559,59.12794,-6.60477,-0.18643,0.34866,-0.91852,0.97877,0.0,0.0,nan,0.0,0.01689,0.05749,6.36747,1.64951,0.23227,0.52583,0.55593,0.73435,0.60624,0.55593
-15.86731,59.92803,-5.9834,-0.2083,0.50176,-0.83955,0.97173,0.0,0.0,nan,0.0,0.01253,0.04194,6.26729,2.13652,0.23045,0.41578,0.37738,0.94781,0.46805,0.37738
-15.00684,59.01553,7.65141,-0.25267,0.10803,0.9615,0.84963,0.0,0.0,nan,0.0,0.01751,0.04468,32.51064,2.89244,0.24712,0.81807,0.58248,0.50864,0.34573,0.58248
-14.5827,60.17794,-6.12209,-0.13455,0.57896,-0.80418,0.9672,0.0,0.0,nan,0.0,0.01016,0.03914,5.71335,1.86989,0.22809,0.36968,0.42839,0.94796,0.53479,0.42839
-15.02947,61.08232,-5.17199,-0.09903,0.78352,-0.61343,0.96076,0.0,0.0,nan,0.0,0.01125,0.03621,6.74862,2.01687,0.22506,0.41819,0.39025,0.9635,0.49582,0.39025
-15.06633,61.9285,-3.04025,0.01288,0.98742,-0.15759,0.97887,0.0,0.0,nan,0.0,0.0138,0.12022,12.37471,1.89099,0.21845,0.63932,0.79138,0.24038,0.52882,0.79138
-14.78395,61.72128,-0.5889,0.03058,0.98617,0.1629,0.9978,0.0,0.0,nan,0.0,0.00247,0.02186,15.92766,1.70106,0.22887,0.33314,0.50661,0.38244,0.58787,0.50661
-14.88532,61.22533,0.94931,-0.03119,0.9793,0.2,0.99588,0.0,0.0,nan,0.0,0.00396,0.02189,15.93834,2.01719,0.22179,0.33396,0.28154,0.6097,0.49574,0.28154
-14.96507,60.99818,2.92847,-0.07945,0.99005,0.11615,0.99931,0.0,0.0,nan,0.0,0.01085,0.04101,13.26503,1.80873,0.23175,0.39924,0.48323,0.76244,0.55287,0.48323
-14.97676,60.89295,5.04032,-0.03812,0.98287,0.18034,0.98411,0.0,0.0,nan,0.0,0.01127,0.03287,11.04986,3.40183,0.23886,0.64238,0.43796,0.63038,0.29396,0.43796
-15.00467,60.62731,6.77651,-0.10085,0.73037,0.67557,0.85577,0.0,0.0,nan,0.0,0.01433,0.04816,12.14534,1.80873,0.23698,0.52339,0.48649,0.66204,0.55287,0.48649
-15.95194,62.00854,-2.42199,0.03371,0.99692,-0.07087,0.98099,0.0,0.0,nan,0.0,0.00627,0.0551,15.46168,2.24025,0.21951,0.50723,0.56017,0.25324,0.44638,0.56017
-15.74886,62.03627,-1.13471,0.07087,0.98937,0.12695,0.99216,0.0,0.0,nan,0.0,0.00264,0.02687,16.85891,2.12749,0.22983,0.39648,0.4428,0.27669,0.47004,0.4428
-13.12597,1.33797,-6.63137,-0.23453,-0.67558,-0.69899,0.94727,0.0,0.0,nan,0.0,0.00923,0.04573,40.61935,1.84499,0.23991,0.59802,0.82005,0.45653,0.54201,0.82005
-13.05041,0.39256,-5.02225,-0.14887,-0.89405,-0.42251,0.93539,0.0,0.0,nan,0.0,0.00641,0.03671,40.92749,1.90908,0.23517,0.40334,0.77854,0.49938,0.52381,0.77854
-13.1535,0.18434,-2.92888,-0.04563,-0.99888,-0.01269,0.98652,0.0,0.0,nan,0.0,0.01025,0.07617,24.93247,1.86095,0.22572,0.39749,0.67158,0.36573,0.53736,0.67158
-13.04687,0.47732,-1.0395,-0.03828,-0.97649,0.21214,0.9988,0.0,0.0,nan,0.0,0.00679,0.07057,18.12426,2.06904,0.21944,0.50187,0.84312,0.30331,0.48332,0.84312
-12.98747,1.22174,1.00776,-0.03649,-0.92001,0.3902,0.99991,0.0,0.0,nan,0.0,0.00632,0.04878,18.64772,3.17542,0.23993,0.52483,0.90097,0.52844,0.31492,0.90097
-13.03396,1.83007,2.4063,-0.0676,-0.93913,0.33685,0.999,0.0,0.0,nan,0.0,0.01051,0.04123,23.37774,1.83788,0.24021,0.43532,0.52751,0.63537,0.54411,0.52751
-12.09482,1.9634,4.19631,-0.18362,-0.95701,0.22453,0.99749,0.0,0.0,nan,0.0,0.00733,0.02389,19.26319,1.6443,0.23338,0.49143,0.29969,0.68928,0.60816,0.29969
-13.61683,3.99075,-8.01229,-0.21693,-0.4271,-0.8778,0.9678,0.0,0.0,nan,0.0,0.01394,0.04104,38.24813,2.68987,0.22826,0.54995,0.55582,0.65,0.37177,0.55582
-12.96147,2.96125,-7.45395,-0.1869,-0.52234,-0.832,0.99266,0.0,0.0,nan,0.0,0.00777,0.03291,38.32777,3.32964,0.23594,0.51901,0.65872,0.47854,0.30033,0.65872
-13.94852,2.1819,-5.94316,-0.21755,-0.66615,-0.71338,0.99437,0.0,0.0,nan,0.0,0.00858,0.02931,42.34306,2.59007,0.23911,0.51273,0.67518,0.59753,0.38609,0.67518
-12.93603,2.19158,3.25983,-0.09933,-0.95579,0.27675,0.99588,0.0,0.0,nan,0.0,0.00805,0.0306,23.10494,1.87451,0.23628,0.43707,0.52367,0.65388,0.53347,0.52367
-12.88893,2.91386,4.92617,-0.12623,-0.96583,0.22635,0.97887,0.0,0.0,nan,0.0,0.00662,0.0249,17.56767,1.6443,0.24621,0.41397,0.27806,0.71554,0.60816,0.27806
-13.15155,2.78965,6.93307,-0.04214,-0.95474,0.29443,0.99156,0.0,0.0,nan,0.0,0.00573,0.02381,15.25052,1.78055,0.23387,0.37744,0.35109,0.72145,0.56162,0.35109
-13.0502,3.68681,8.55177,-0.01076,-0.82113,0.57064,0.96861,0.0,0.0,nan,0.0,0.00395,0.03896,16.18019,2.34087,0.22211,0.33456,0.29798,0.34055,0.42719,0.29798
-13.05043,5.07148,-8.46534,-0.14162,-0.17765,-0.97385,0.95935,0.0,0.0,nan,0.0,0.01642,0.04132,29.61983,2.59885,0.22586,0.52203,0.42986,0.8125,0.38479,0.42986
-12.63156,4.26993,-7.82366,-0.1114,-0.37885,-0.91873,0.99015,0.0,0.0,nan,0.0,0.01886,0.05369,24.73804,3.3721,0.23865,0.48809,0.36061,0.77779,0.29655,0.36061
-13.00945,4.61135,9.63969,-0.06201,-0.56397,0.82346,0.96851,0.0,0.0,nan,0.0,0.00598,0.10325,17.92232,1.96857,0.22414,0.24704,0.30711,0.26051,0.50798,0.30711
-12.81213,5.64322,10.18209,-0.12493,-0.38336,0.91511,0.97525,0.0,0.0,nan,0.0,0.00905,0.06199,19.8885,1.86382,0.23686,0.35119,0.38495,0.45729,0.53653,0.38495
-12.91837,6.98206,-8.54778,-0.09284,0.03458,-0.99508,0.99508,0.0,0.0,nan,0.0,0.0138,0.0348,24.95497,1.86411,0.23131,0.47692,0.35857,0.89849,0.53645,0.35857
-13.3486,7.58725,-7.99942,-0.09946,0.00605,-0.99502,0.98552,0.0,0.0,nan,0.0,0.01135,0.03505,24.71093,1.897,0.23819,0.45691,0.42733,0.76602,0.52715,0.42733
-13.86187,7.02288,9.92586,-0.22967,-0.05663,0.97162,0.99609,0.0,0.0,nan,0.0,0.00627,0.04549,22.21462,1.69951,0.23133,0.45448,0.87741,0.55844,0.5884,0.87741
-12.99542,7.00392,10.4312,-0.20645,-0.12349,0.97063,0.98511,0.0,0.0,nan,0.0,0.0064,0.04502,21.87054,1.73389,0.22918,0.44395,0.84635,0.50541,0.57674,0.84635
-12.87967,9.09391,-8.50798,-0.15134,-0.13546,-0.97916,0.99115,0.0,0.0,nan,0.0,0.0079,0.02835,24.99399,3.00885,0.23618,0.54348,0.65404,0.55373,0.33235,0.65404
-13.39035,8.34518,-7.79135,-0.08288,-0.06968,-0.99412,0.95834,0.0,0.0,nan,0.0,0.01124,0.0274,22.71782,1.89598,0.2322,0.50893,0.41732,0.87684,0.52743,0.41732
-13.59166,9.20531,9.8941,-0.29466,0.21772,0.93047,0.999,0.0,0.0,nan,0.0,0.01096,0.03305,29.2595,1.82678,0.23691,0.47846,0.5747,0.74054,0.54741,0.5747
-12.87844,8.88371,10.5119,-0.26709,0.17592,0.94748,0.98129,0.0,0.0,nan,0.0,0.0127,0.03901,26.38213,1.6443,0.24448,0.54923,0.47137,0.63765,0.60816,0.47137
-12.98552,11.00551,-8.69632,-0.17906,0.03001,-0.98338,0.99025,0.0,0.0,nan,0.0,0.00775,0.02456,30.58027,2.2232,0.24043,0.61249,0.5663,0.54865,0.4498,0.5663
-13.14905,11.15266,9.50019,-0.261,0.14188,0.95486,0.99025,0.0,0.0,nan,0.0,0.00531,0.03485,42.26936,1.90132,0.22627,0.5518,0.88057,0.49663,0.52595,0.88057
-12.30479,10.40948,10.23042,-0.27253,0.25611,0.92744,0.9978,0.0,0.0,nan,0.0,0.01266,0.0307,33.34499,1.80873,0.23805,0.6334,0.55331,0.69021,0.55287,0.55331
-12.97105,12.85476,-8.39263,-0.14689,-0.08585,-0.98542,0.98461,0.0,0.0,nan,0.0,0.01415,0.03045,34.81776,2.61426,0.23841,0.66421,0.60545,0.73967,0.38252,0.60545
-13.57403,12.65741,-7.99632,-0.0815,-0.0578,-0.995,0.95814,0.0,0.0,nan,0.0,0.01425,0.02973,35.24137,2.6904,0.23515,0.69779,0.49839,0.72562,0.37169,0.49839
-13.12437,12.93594,9.4174,-0.23031,0.00747,0.97309,0.99971,0.0,0.0,nan,0.0,0.01431,0.05158,46.46781,2.04633,0.2228,0.63774,0.78456,0.50999,0.48868,0.78456
-12.17931,13.7148,10.0444,-0.22564,0.01953,0.97402,0.98602,0.0,0.0,nan,0.0,0.0115,0.04117,40.8973,1.99406,0.23027,0.57096,0.60638,0.51312,0.50149,0.60638
-12.99912,14.97125,-8.92993,-0.18015,-0.24567,-0.95247,0.99961,0.0,0.0,nan,0.0,0.00859,0.02062,22.83737,2.26943,0.22574,0.51487,0.71769,0.87966,0.44064,0.71769
-13.13066,15.00755,9.49834,-0.20805,0.08455,0.97446,0.99709,0.0,0.0,nan,0.0,0.01555,0.05017,34.89352,2.19827,0.23232,0.49242,0.30992,0.66534,0.4549,0.30992
-12.2105,14.3844,10.05563,-0.22397,0.03229,0.97406,0.9834,0.0,0.0,nan,0.0,0.01722,0.04704,35.78944,2.11008,0.22484,0.51689,0.28925,0.74774,0.47392,0.28925
-13.01479,16.99167,-9.33122,-0.24224,-0.0437,-0.96923,0.99357,0.0,0.0,nan,0.0,0.00693,0.01942,23.44301,2.72682,0.22917,0.41208,0.50408,0.94007,0.36673,0.50408
-13.08008,16.97902,8.98821,-0.20303,0.01479,0.97906,0.98521,0.0,0.0,nan,0.0,0.01466,0.03113,33.79992,1.66616,0.23545,0.52444,0.62884,0.95123,0.60018,0.62884
-12.95322,19.02904,-9.32816,-0.25144,-0.0638,-0.96577,0.99659,0.0,0.0,nan,0.0,0.00763,0.0191,23.40464,2.35736,0.2273,0.44775,0.50221,0.96852,0.4242,0.50221
-13.14953,19.04349,9.53478,-0.25021,-0.07604,0.9652,0.9986,0.0,0.0,nan,0.0,0.01428,0.04086,43.03136,1.88895,0.23296,0.59062,0.77541,0.67419,0.5294,0.77541
-12.13843,19.15435,10.06407,-0.20771,-0.06156,0.97625,0.97082,0.0,0.0,nan,0.0,0.01346,0.03452,45.22906,1.6443,0.23208,0.58288,0.62414,0.69876,0.60816,0.62414
-12.08153,21.92082,-10.02682,-0.21758,-0.08204,-0.97259,0.99719,0.0,0.0,nan,0.0,0.00937,0.03219,29.30357,2.04067,0.23214,0.56898,0.49387,0.54641,0.49003,0.49387
-12.99987,20.97977,-9.41096,-0.21691,-0.11255,-0.96968,1.00001,0.0,0.0,nan,0.0,0.0114,0.02596,17.91528,3.26526,0.23941,0.61903,0.45259,0.78865,0.30625,0.45259
-13.04964,21.00478,9.52321,-0.27782,0.1102,0.95429,0.98602,0.0,0.0,nan,0.0,0.02821,0.05959,54.41177,1.74985,0.23545,0.54791,0.51082,0.89575,0.57148,0.51082
-12.19495,21.16048,10.06244,-0.2068,0.08228,0.97492,0.97304,0.0,0.0,nan,0.0,0.02078,0.04756,62.17445,1.7946,0.23791,0.57583,0.55862,0.78325,0.55723,0.55862
-12.22787,22.60727,-10.08138,-0.23749,-0.07919,-0.96816,0.9983,0.0,0.0,nan,0.0,0.00948,0.04611,32.84668,2.84633,0.23687,0.48424,0.34761,0.45066,0.35133,0.34761
-13.14417,23.20832,-9.80448,-0.2407,-0.05022,-0.9693,0.99377,0.0,0.0,nan,0.0,0.0074,0.05225,35.12219,2.76002,0.23293,0.4681,0.29722,0.31991,0.36232,0.29722
-12.91696,23.25046,8.90934,-0.26551,-0.10894,0.95793,0.95763,0.0,0.0,nan,0.0,0.0151,0.04602,55.3565,3.18536,0.23495,0.51947,0.66238,0.65464,0.31394,0.66238
-12.50552,25.00677,-10.16306,-0.28537,-0.06415,-0.95627,0.9981,0.0,0.0,nan,0.0,0.01025,0.05906,36.63947,2.7091,0.23725,0.5396,0.43203,0.33923,0.36913,0.43203
-13.2227,24.86718,-9.51113,-0.27697,-0.04307,-0.95991,0.9977,0.0,0.0,nan,0.0,0.01023,0.0619,36.96825,3.20889,0.23667,0.4859,0.40539,0.35859,0.31163,0.40539
-12.78569,24.77991,9.63105,-0.25113,-0.17843,0.95136,0.99669,0.0,0.0,nan,0.0,0.02012,0.06153,54.30543,1.89317,0.23338,0.58838,0.61581,0.57619,0.52821,0.61581
-12.80652,25.42589,10.04337,-0.24768,-0.13101,0.95994,0.98682,0.0,0.0,nan,0.0,0.0296,0.07229,54.48324,1.6443,0.23428,0.72328,0.65427,0.58686,0.60816,0.65427
-12.30639,27.06796,-10.09477,-0.28213,-0.01501,-0.95926,0.99447,0.0,0.0,nan,0.0,0.01159,0.07926,34.25044,1.65618,0.23773,0.52683,0.489,0.29371,0.6038,0.489
-13.19068,26.88298,-9.90081,-0.26198,-0.06617,-0.9628,0.99588,0.0,0.0,nan,0.0,0.01462,0.08989,33.05975,1.88462,0.23723,0.54613,0.57429,0.31587,0.53061,0.57429
-12.94624,27.10552,9.86816,-0.24512,-0.03141,0.96898,0.99679,0.0,0.0,nan,0.0,0.02885,0.066,45.66328,1.72852,0.23594,0.73114,0.69659,0.62402,0.57853,0.69659
-12.90959,26.40174,10.03398,-0.24031,-0.07333,0.96792,0.99417,0.0,0.0,nan,0.0,0.02773,0.06213,45.83318,2.00623,0.22754,0.72835,0.67231,0.63947,0.49845,0.67231
-12.94218,29.04769,-10.19873,-0.19652,0.10652,-0.9747,0.99015,0.0,0.0,nan,0.0,0.00331,0.03791,40.73159,1.89135,0.23499,0.81264,0.93309,0.27218,0.52872,0.93309
-12.81118,29.68033,-9.98941,-0.19929,0.1475,-0.96878,0.99629,0.0,0.0,nan,0.0,0.00274,0.0371,40.90238,1.76733,0.2404,0.79593,0.95587,0.28478,0.56583,0.95587
-13.39457,28.8844,9.77477,-0.22056,-0.03785,0.97464,0.99739,0.0,0.0,nan,0.0,0.00754,0.03602,39.20002,1.87829,0.2367,0.70501,0.82234,0.40625,0.5324,0.82234
-12.65487,29.20467,10.36082,-0.19667,-0.02424,0.98017,0.99478,0.0,0.0,nan,0.0,0.00437,0.03411,38.05517,1.89754,0.23092,0.67689,0.93266,0.47898,0.527,0.93266
-13.46587,30.13211,-10.03804,-0.14334,0.15523,-0.97742,0.99447,0.0,0.0,nan,0.0,0.00515,0.04704,46.78187,2.0334,0.23634,0.81413,0.92108,0.30959,0.49179,0.92108
-13.06623,30.92375,-9.17648,-0.15168,0.12799,-0.98011,0.94717,0.0,0.0,nan,0.0,0.00688,0.04474,47.80611,2.03545,0.2386,0.78051,0.86726,0.32842,0.49129,0.86726
-13.816,30.86012,9.7795,-0.25473,0.01911,0.96682,0.9991,0.0,0.0,nan,0.0,0.01061,0.02077,24.79945,1.87846,0.22251,0.5694,0.42935,0.96999,0.53235,0.42935
-12.82319,30.98358,10.36879,-0.21011,-0.00101,0.97768,0.98552,0.0,0.0,nan,0.0,0.0062,0.0335,37.14782,1.89852,0.23993,0.69471,0.88644,0.4987,0.52673,0.88644
-12.04531,33.9138,-10.07137,-0.33526,-0.07904,-0.9388,0.99518,0.0,0.0,nan,0.0,0.00619,0.03368,21.56864,2.7011,0.233,0.60696,0.85408,0.49648,0.37022,0.85408
-13.00279,32.98956,-9.17723,-0.22691,-0.07732,-0.97084,0.96287,0.0,0.0,nan,0.0,0.00888,0.03,26.30653,1.72083,0.23497,0.51993,0.5848,0.61265,0.58111,0.5848
-13.61574,32.99015,9.59545,-0.29095,0.06972,0.95419,0.99921,0.0,0.0,nan,0.0,0.00894,0.02577,31.47773,1.6443,0.23145,0.58707,0.78998,0.72024,0.60816,0.78998
-12.63208,33.02093,10.38194,-0.17945,0.04526,0.98272,0.97877,0.0,0.0,nan,0.0,0.00613,0.03983,37.18914,1.95186,0.23191,0.66935,0.92341,0.54445,0.51233,0.92341
-12.24638,34.92522,-10.14095,-0.31136,-0.01087,-0.95023,0.99337,0.0,0.0,nan,0.0,0.00629,0.03004,19.30956,1.95972,0.23131,0.53405,0.77878,0.47632,0.51028,0.77878
-13.15432,34.97986,-9.79176,-0.28908,-0.00788,-0.95727,0.99478,0.0,0.0,nan,0.0,0.00555,0.03534,19.94502,1.85905,0.23094,0.60076,0.87864,0.48872,0.53791,0.87864
-13.25342,35.0403,9.56487,-0.30733,0.05652,0.94992,1.00001,0.0,0.0,nan,0.0,0.01238,0.02717,29.7849,1.85426,0.21863,0.50124,0.70968,0.96977,0.5393,0.70968
-12.46145,34.86644,10.09875,-0.2439,0.02256,0.96954,0.99115,0.0,0.0,nan,0.0,0.00945,0.03257,32.32743,1.87233,0.23117,0.52458,0.81636,0.74563,0.5341,0.81636
-12.02566,36.08343,-10.05005,-0.30949,0.06327,-0.94879,0.99609,0.0,0.0,nan,0.0,0.00412,0.05126,20.61918,1.89696,0.22348,0.52409,0.94386,0.44358,0.52716,0.94386
-13.04339,36.96161,-9.65043,-0.31386,0.09277,-0.94493,0.9986,0.0,0.0,nan,0.0,0.00662,0.09336,20.77285,2.17811,0.21842,0.63446,0.96749,0.40275,0.45911,0.96749
-13.06394,37.14632,9.68464,-0.25401,0.06712,0.96487,1.00001,0.0,0.0,nan,0.0,0.01106,0.02805,28.017,1.80873,0.22668,0.48219,0.43735,0.87626,0.55287,0.43735
-12.46817,36.37356,10.02092,-0.26744,0.08865,0.95949,0.98803,0.0,0.0,nan,0.0,0.01,0.0289,27.53793,1.75797,0.22808,0.51026,0.82435,0.95422,0.56884,0.82435
-13.03953,38.98521,-9.42468,-0.31503,0.06759,-0.94667,0.99961,0.0,0.0,nan,0.0,0.0063,0.11199,24.80201,1.97132,0.2146,0.79532,0.99407,0.34931,0.50727,0.99407
-12.95698,38.98145,9.80933,-0.23782,0.13381,0.96205,0.99387,0.0,0.0,nan,0.0,0.0064,0.01722,32.88807,1.9078,0.2273,0.54063,0.50774,0.72866,0.52417,0.50774
-12.98861,40.9726,-9.21107,-0.30227,0.04822,-0.952,0.99951,0.0,0.0,nan,0.0,0.00444,0.11267,20.5818,2.22504,0.21644,0.74917,0.98606,0.23582,0.44943,0.98606
-13.95066,41.92683,7.97484,-0.24895,0.04004,0.96769,0.93287,0.0,0.0,nan,0.0,0.0064,0.01833,24.89622,1.86717,0.2308,0.52957,0.6153,0.71167,0.53557,0.6153
-12.78365,40.98541,9.20925,-0.26865,0.18329,0.94564,0.99317,0.0,0.0,nan,0.0,0.00966,0.02863,31.59051,1.87106,0.23098,0.53945,0.72876,0.66485,0.53446,0.72876
-13.05094,43.01458,-9.20617,-0.27481,0.05766,-0.95977,0.9984,0.0,0.0,nan,0.0,0.0124,0.08174,7.04043,1.70788,0.22573,0.31054,0.71427,0.62721,0.58552,0.71427
-13.72041,42.50582,7.76543,-0.23559,0.00335,0.97185,0.91073,0.0,0.0,nan,0.0,0.00548,0.01539,21.95461,1.6443,0.24151,0.45171,0.51564,0.85994,0.60816,0.51564
-13.03214,42.88808,8.92301,-0.26177,0.00393,0.96512,0.9981,0.0,0.0,nan,0.0,0.00703,0.01899,26.21228,2.24786,0.22602,0.50782,0.42808,0.78452,0.44487,0.42808
-13.07154,45.03933,-9.05577,-0.26051,0.10937,-0.95926,0.99619,0.0,0.0,nan,0.0,0.0131,0.08734,5.38358,1.83328,0.21726,0.28914,0.8128,0.8901,0.54547,0.8128
-13.93848,45.95433,7.96571,-0.31479,0.20743,0.92622,0.98189,0.0,0.0,nan,0.0,0.00928,0.02368,23.71847,1.93563,0.23663,0.57256,0.5156,0.74267,0.51663,0.5156
-13.09554,45.05144,9.14073,-0.29887,0.1568,0.94133,0.9677,0.0,0.0,nan,0.0,0.01669,0.03772,30.0127,2.85089,0.23727,0.71568,0.45853,0.65934,0.35077,0.45853
-13.01318,47.02404,-8.75362,-0.24896,0.13965,-0.95839,0.99729,0.0,0.0,nan,0.0,0.0108,0.06992,7.06318,1.96371,0.21324,0.29097,0.40002,0.68117,0.50924,0.40002
-13.45687,47.07178,7.54078,-0.3193,0.08761,0.94359,0.92573,0.0,0.0,nan,0.0,0.00616,0.01656,20.82867,1.69672,0.24016,0.52497,0.50379,0.77638,0.58937,0.50379
-12.60916,46.92563,8.42057,-0.30444,0.1244,0.94437,0.9979,0.0,0.0,nan,0.0,0.00812,0.02204,25.77315,1.73919,0.24101,0.66322,0.60208,0.59864,0.57498,0.60208
-13.01615,48.96176,-8.4615,-0.23232,0.122,-0.96496,0.9983,0.0,0.0,nan,0.0,0.00873,0.07124,11.53726,1.67947,0.21585,0.25177,0.26941,0.57097,0.59543,0.26941
-13.94525,49.95784,7.94103,-0.2888,0.08353,0.95374,0.99256,0.0,0.0,nan,0.0,0.00958,0.02888,22.65058,1.83377,0.22981,0.54845,0.61527,0.65809,0.54532,0.61527
-13.04923,48.96199,8.63895,-0.29382,0.01985,0.95566,0.9825,0.0,0.0,nan,0.0,0.00808,0.02166,19.84258,1.83228,0.23746,0.60927,0.49562,0.67422,0.54577,0.49562
-12.96665,50.92292,-8.4043,-0.20716,0.13686,-0.96869,0.9991,0.0,0.0,nan,0.0,0.00852,0.04485,12.79744,1.69929,0.20948,0.27293,0.38676,0.80508,0.58848,0.38676
-13.7839,51.69643,-7.91415,-0.2398,0.14288,-0.96025,0.9986,0.0,0.0,nan,0.0,0.00769,0.0456,12.05933,1.6443,0.21611,0.28696,0.43834,0.68518,0.60816,0.43834
-13.32271,51.3068,7.51108,-0.27711,0.08005,0.9575,0.97384,0.0,0.0,nan,0.0,0.00749,0.02639,20.45054,1.72206,0.21991,0.39182,0.4767,0.79495,0.5807,0.4767
-12.60828,50.74936,8.35019,-0.25645,0.13051,0.95771,0.99941,0.0,0.0,nan,0.0,0.00902,0.02809,17.59071,1.86962,0.2293,0.55527,0.45547,0.64389,0.53487,0.45547
-12.6765,52.35798,-8.20921,-0.17854,0.17095,-0.96897,0.9983,0.0,0.0,nan,0.0,0.00628,0.03894,12.43243,1.85843,0.2065,0.26648,0.31403,0.70196,0.53809,0.31403
-13.16835,53.11833,-7.79927,-0.19292,0.17419,-0.96563,0.99156,0.0,0.0,nan,0.0,0.00468,0.0389,10.94132,1.64579,0.20779,0.25994,0.34088,0.54772,0.60761,0.34088
-13.427,52.32402,7.79421,-0.25062,-0.0188,0.9679,0.99447,0.0,0.0,nan,0.0,0.0104,0.02946,20.70929,1.80873,0.23019,0.44379,0.33066,0.87202,0.55287,0.33066
-12.8742,53.15902,8.28597,-0.21281,-0.00996,0.97704,0.99317,0.0,0.0,nan,0.0,0.00912,0.02353,19.21328,1.89227,0.23498,0.4376,0.53842,0.97829,0.52847,0.53842
-12.95911,54.97664,-7.54836,-0.16667,0.14604,-0.97514,0.98733,0.0,0.0,nan,0.0,0.01031,0.06563,5.87792,1.96026,0.22618,0.48249,0.59497,0.43617,0.51014,0.59497
-13.32733,55.37058,7.5559,-0.20064,0.15553,0.96724,0.99347,0.0,0.0,nan,0.0,0.01019,0.02456,26.99918,2.17012,0.21727,0.65446,0.60109,0.68117,0.4608,0.60109
-12.90532,54.67624,8.10563,-0.16811,0.11939,0.97851,0.98562,0.0,0.0,nan,0.0,0.00964,0.02079,19.10676,1.99921,0.2317,0.55371,0.428,0.92492,0.5002,0.428
-13.03432,57.01157,-7.2588,-0.15337,0.15105,-0.97656,0.98894,0.01213,0.06067,0.51,1.0,0.0124,0.06212,4.07521,1.86138,0.22851,0.43604,0.32656,0.68239,0.53723,0.32656
-13.26389,57.008,7.54052,-0.19859,0.02699,0.97971,0.99478,0.0,0.0,nan,0.0,0.00705,0.01782,26.72927,1.6582,0.24165,0.50662,0.39602,0.83997,0.60306,0.39602
-12.37621,56.97972,8.04584,-0.18256,0.02291,0.98293,0.99971,0.0,0.0,nan,0.0,0.0065,0.01398,26.05459,2.05478,0.23205,0.51921,0.53393,0.96335,0.48667,0.53393
-12.94737,59.04484,-6.9172,-0.12689,0.36741,-0.92136,0.98058,0.04051,0.04243,0.51,0.76415,0.01384,0.04978,5.47117,1.97448,0.22857,0.50513,0.61945,0.75127,0.50646,0.61945
-13.21279,59.13491,7.90839,-0.15974,0.23712,0.95826,0.88546,0.0,0.0,nan,0.0,0.01397,0.0491,35.48991,2.02409,0.22663,0.72472,0.78062,0.45978,0.49405,0.78062
-12.37313,58.62259,8.17629,-0.15335,0.13629,0.97873,0.91546,0.0,0.0,nan,0.0,0.00896,0.02834,24.70852,2.05038,0.23262,0.59766,0.47173,0.572,0.48771,0.47173
-12.92291,60.34581,-6.31241,-0.09031,0.63577,-0.76658,0.95955,0.0,0.0,nan,0.0,0.01127,0.04778,5.85448,1.70896,0.23375,0.31651,0.34253,1.0,0.58515,0.34253
-13.06943,61.22569,-5.0318,-0.05324,0.85327,-0.51875,0.97183,0.0,0.0,nan,0.0,0.00971,0.03296,5.9073,1.93248,0.22374,0.42932,0.44745,0.918,0.51747,0.44745
-12.98235,61.86019,-3.07013,-0.00265,0.99262,-0.12125,0.98904,0.0,0.0,nan,0.0,0.00982,0.03571,4.90984,1.88121,0.23661,0.41597,0.4547,0.93062,0.53157,0.4547
-13.04428,61.73243,-0.96095,-0.0054,0.99517,0.09803,0.99629,0.0,0.0,nan,0.0,0.0027,0.02563,16.07254,2.46696,0.21791,0.42212,0.4897,0.28051,0.40536,0.4897
-13.01781,61.60968,1.05729,-0.066,0.989,0.13235,0.99478,0.0,0.0,nan,0.0,0.00409,0.02533,15.13582,2.45796,0.22018,0.43839,0.25485,0.41709,0.40684,0.25485
-13.08154,61.39348,3.01085,-0.08746,0.98741,0.13177,0.99548,0.0,0.0,nan,0.0,0.00593,0.02432,9.56242,1.6443,0.23616,0.47401,0.79541,0.72796,0.60816,0.79541
-13.01987,60.95374,5.02596,-0.05239,0.97844,0.1998,0.99337,0.0,0.0,nan,0.0,0.01181,0.03569,10.10631,1.80873,0.23653,0.57426,0.50881,0.69003,0.55287,0.50881
-12.97987,60.61066,6.89812,-0.06892,0.79267,0.60575,0.90801,0.0,0.0,nan,0.0,0.00516,0.07472,13.47727,2.03112,0.23263,0.59598,0.94679,0.35921,0.49234,0.94679
-10.98276,1.29023,-6.60253,0.03919,-0.6775,-0.73447,0.96609,0.0,0.0,nan,0.0,0.00402,0.01792,18.01733,1.88205,0.22318,0.40205,0.60957,0.62029,0.53134,0.60957
-11.032,0.44137,-5.08162,0.01226,-0.9126,-0.40867,0.96226,0.0,0.0,nan,0.0,0.01199,0.0688,19.89475,1.80873,0.23296,0.60543,0.39274,0.31676,0.55287,0.39274
-11.02161,0.23602,-3.01169,-0.00521,-0.99991,0.01217,0.9986,0.0,0.0,nan,0.0,0.02029,0.11292,10.66241,1.86175,0.22303,0.55823,0.732,0.38222,0.53713,0.732
-11.05941,0.46459,-0.97899,-0.03742,-0.97762,0.207,0.99759,0.0,0.0,nan,0.0,0.00666,0.04018,12.68816,1.92233,0.2207,0.39082,0.43467,0.49114,0.5202,0.43467
-10.95801,1.18129,0.99971,-0.0632,-0.93598,0.34634,0.99669,0.0,0.0,nan,0.0,0.0051,0.02934,25.03635,2.03088,0.23473,0.60059,0.82864,0.41751,0.4924,0.82864
-10.91998,1.71058,3.05138,-0.14622,-0.96665,0.21026,0.9985,0.0,0.0,nan,0.0,0.00851,0.02606,25.50977,1.80873,0.23517,0.51605,0.54942,0.68231,0.55287,0.54942
-10.93111,1.74788,4.53554,-0.18948,-0.9605,0.20379,0.98068,0.0,0.0,nan,0.0,0.01134,0.04426,20.81574,1.83692,0.2364,0.5943,0.43162,0.47263,0.54439,0.43162
-10.51046,3.90385,-8.07636,-0.0388,-0.44604,-0.89417,0.98672,0.0,0.0,nan,0.0,0.00811,0.02218,19.82447,1.99274,0.23481,0.48029,0.41755,0.83761,0.50182,0.41755
-11.12552,2.87652,-7.6618,0.03118,-0.51387,-0.8573,0.999,0.0,0.0,nan,0.0,0.00762,0.01923,20.1162,1.86485,0.23194,0.49503,0.50655,0.88021,0.53623,0.50655
-10.04338,2.02456,1.89463,-0.09666,-0.96484,0.24442,0.95109,0.0,0.0,nan,0.0,0.00471,0.02109,28.13292,1.69582,0.23629,0.5424,0.877,0.74252,0.58969,0.877
-11.5138,2.07806,2.57108,-0.12921,-0.95815,0.25544,0.98602,0.0,0.0,nan,0.0,0.00914,0.02566,23.95626,1.87557,0.23441,0.51066,0.74079,0.75574,0.53317,0.74079
-11.07966,2.19711,5.45851,-0.17699,-0.93919,0.29426,0.99478,0.0,0.0,nan,0.0,0.0094,0.04134,14.02968,3.05086,0.23687,0.54975,0.43292,0.47272,0.32778,0.43292
-10.99987,2.87801,6.95676,-0.06275,-0.9094,0.41116,0.99468,0.0,0.0,nan,0.0,0.00454,0.02506,11.06114,1.6443,0.23942,0.36683,0.78431,0.65498,0.60816,0.78431
-10.9192,3.71,8.49309,-0.00022,-0.80931,0.58738,0.9985,0.0,0.0,nan,0.0,0.03265,0.10393,10.01472,1.81922,0.23786,0.42659,0.45168,0.88353,0.54969,0.45168
-10.93352,4.93952,-8.72403,-0.05522,-0.21914,-0.97413,0.95864,0.0,0.0,nan,0.0,0.00761,0.02476,25.91008,1.91157,0.22518,0.52636,0.71154,0.62908,0.52313,0.71154
-11.6027,4.13487,-7.99174,-0.01695,-0.38039,-0.92467,0.99035,0.0,0.0,nan,0.0,0.01402,0.03389,23.91558,3.22555,0.23563,0.54068,0.53892,0.82921,0.31002,0.53892
-10.99419,4.44402,9.50691,-0.02847,-0.66935,0.7424,0.97847,0.0,0.0,nan,0.0,0.01675,0.13622,14.55688,1.7446,0.22254,0.43963,0.72994,0.31808,0.5732,0.72994
-10.92242,5.43607,10.35695,-0.06779,-0.4808,0.87421,0.97837,0.0011,0.0055,0.7,1.0,0.00545,0.05554,19.32832,1.91545,0.22466,0.46676,0.92173,0.51539,0.52207,0.92173
-10.89729,6.79706,-8.41022,-0.14187,-0.03588,-0.98923,0.99598,0.0,0.0,nan,0.0,0.0095,0.02249,22.64252,1.74466,0.23444,0.50066,0.49347,0.91875,0.57318,0.49347
-11.38662,7.53946,-7.93418,-0.1583,-0.02261,-0.98713,0.94093,0.0,0.0,nan,0.0,0.01271,0.02715,24.05619,1.9036,0.23193,0.53688,0.40861,0.94412,0.52532,0.40861
-10.98061,6.90405,10.60391,-0.11541,-0.24087,0.96367,0.99166,0.0,0.0,nan,0.0,0.01989,0.05327,17.23353,1.6443,0.23346,0.49397,0.55386,0.84337,0.60816,0.55386
-11.07313,8.84948,-8.89893,-0.20801,-0.18052,-0.96132,0.98763,0.0,0.0,nan,0.0,0.0089,0.03871,25.90002,1.6443,0.23598,0.5998,0.76949,0.44058,0.60816,0.76949
-11.7977,8.00207,-7.97604,-0.17058,-0.08508,-0.98166,0.94697,0.0,0.0,nan,0.0,0.01037,0.02423,25.34447,1.88909,0.23545,0.49957,0.73485,0.92409,0.52936,0.73485
-10.95297,9.12023,11.03321,-0.16831,0.16741,0.97141,0.97616,0.0,0.0,nan,0.0,0.00626,0.01837,17.82783,1.76848,0.24333,0.57845,0.46444,0.65533,0.56546,0.46444
-11.10201,11.12148,-9.34607,-0.20662,0.06599,-0.97619,0.97304,0.0,0.0,nan,0.0,0.01527,0.03556,25.85533,2.00874,0.24149,0.62445,0.65598,0.74099,0.49782,0.65598
-11.45062,11.85885,-7.92612,-0.21953,0.0904,-0.97141,0.91747,0.0,0.0,nan,0.0,0.01062,0.02348,28.00949,3.34856,0.23107,0.60364,0.58525,0.80319,0.29864,0.58525
-10.83726,10.75422,9.79169,-0.17306,0.24904,0.95291,0.97545,0.0,0.0,nan,0.0,0.00679,0.02093,26.41443,1.7841,0.23667,0.45813,0.59638,0.76136,0.56051,0.59638
-11.04496,11.01478,10.21444,-0.17333,0.22428,0.95899,0.99548,0.0,0.0,nan,0.0,0.00588,0.01768,26.31424,1.8335,0.23584,0.45421,0.39538,0.78781,0.54541,0.39538
-11.07894,12.98904,-8.72398,-0.22707,-0.0992,-0.96881,0.97918,0.0,0.0,nan,0.0,0.0043,0.02813,32.36006,1.86539,0.23387,0.54131,0.94685,0.81081,0.53608,0.94685
-11.36651,12.04092,-7.93807,-0.21394,0.07947,-0.97361,0.90227,0.0,0.0,nan,0.0,0.01141,0.02475,28.66367,1.91505,0.22726,0.60627,0.67467,0.81305,0.52218,0.67467
-11.04871,12.88212,9.8168,-0.17258,0.02252,0.98474,0.99598,0.0,0.0,nan,0.0,0.01014,0.02731,28.5585,2.22451,0.22369,0.44723,0.42588,0.88812,0.44954,0.42588
-11.00014,13.16831,10.01707,-0.16591,0.01535,0.98602,0.998,0.0,0.0,nan,0.0,0.00804,0.02389,26.91107,2.10341,0.22851,0.43658,0.33871,0.82836,0.47542,0.33871
-10.2993,15.63867,-10.09283,-0.18021,-0.11696,-0.97665,0.97233,0.0,0.0,nan,0.0,0.00621,0.02123,24.46207,2.02612,0.22632,0.45294,0.7177,0.69892,0.49356,0.7177
-11.14638,14.81452,-9.59236,-0.20067,-0.24663,-0.94811,0.98552,0.0,0.0,nan,0.0,0.00699,0.02518,24.55556,1.74865,0.23669,0.45424,0.42882,0.66094,0.57187,0.42882
-11.15841,15.34972,9.57402,-0.2259,0.05723,0.97247,0.9989,0.0,0.0,nan,0.0,0.01229,0.03287,26.48987,3.3372,0.24667,0.58981,0.31419,0.68176,0.29965,0.31419
-10.8815,14.69293,10.23768,-0.17768,0.00014,0.98409,0.99478,0.0,0.0,nan,0.0,0.00892,0.0241,25.54367,3.05923,0.23498,0.56643,0.3635,0.70456,0.32688,0.3635
-10.33167,16.45037,-10.08902,-0.14881,-0.05919,-0.98709,0.98642,0.0,0.0,nan,0.0,0.00861,0.0243,25.34941,1.6443,0.23882,0.52209,0.54791,0.73176,0.60816,0.54791
-10.98016,17.05103,-9.56103,-0.13126,-0.05238,-0.98996,0.998,0.0,0.0,nan,0.0,0.01412,0.03369,23.23101,1.69945,0.24253,0.55812,0.39985,0.81537,0.58843,0.39985
-11.12748,17.10528,9.86401,-0.23024,0.02447,0.97283,0.99377,0.0,0.0,nan,0.0,0.01258,0.02756,28.17427,1.6821,0.24237,0.5673,0.59822,0.86209,0.59449,0.59822
-10.44432,16.76727,10.18853,-0.16351,0.08106,0.98321,0.99166,0.0,0.0,nan,0.0,0.00892,0.02273,27.63924,3.34217,0.24409,0.54586,0.54867,0.77054,0.29921,0.54867
-10.41388,19.32097,-10.15795,-0.17808,-0.12246,-0.97637,0.99367,0.0,0.0,nan,0.0,0.0089,0.02129,24.02751,3.35936,0.23981,0.52595,0.7862,0.97342,0.29768,0.7862
-11.15565,18.94306,-9.5469,-0.1642,-0.05684,-0.98479,0.99689,0.0,0.0,nan,0.0,0.00931,0.02038,22.08601,3.53757,0.2352,0.49813,0.55822,0.99974,0.28268,0.55822
-11.11457,18.77736,9.48712,-0.15539,-0.01115,0.98779,0.99498,0.0,0.0,nan,0.0,0.00721,0.0371,51.82821,2.11146,0.22518,0.65686,0.825,0.40415,0.4736,0.825
-10.99919,19.48259,10.18411,-0.136,-0.00326,0.9907,0.99135,0.0,0.0,nan,0.0,0.006,0.03674,54.11134,1.92063,0.24,0.72275,0.90034,0.45136,0.52066,0.90034
-10.71681,21.1931,-10.20179,-0.21573,-0.10281,-0.97103,0.99759,0.0,0.0,nan,0.0,0.00904,0.02813,26.68741,1.80873,0.24571,0.61744,0.8035,0.67512,0.55287,0.8035
-11.36694,20.69214,-9.50735,-0.21068,-0.12927,-0.96897,0.99558,0.0,0.0,nan,0.0,0.00864,0.02959,24.81041,1.86916,0.24112,0.58479,0.83653,0.74652,0.535,0.83653
-10.8808,21.19859,9.63544,-0.1959,0.02978,0.98017,0.99659,0.0,0.0,nan,0.0,0.00954,0.04403,59.80696,1.87138,0.2381,0.62548,0.87142,0.58528,0.53436,0.87142
-11.103,20.68022,10.34814,-0.16932,0.00529,0.98555,0.96609,0.0,0.0,nan,0.0,0.00669,0.04014,56.20365,2.14597,0.23942,0.64589,0.90854,0.54235,0.46599,0.90854
-10.87845,23.01926,-10.27118,-0.22102,-0.10014,-0.97011,0.99719,0.0,0.0,nan,0.0,0.00931,0.03631,28.67395,1.95904,0.23518,0.56231,0.61677,0.48757,0.51045,0.61677
-11.4371,23.69569,-9.89335,-0.25159,-0.07449,-0.96496,0.99749,0.0,0.0,nan,0.0,0.00941,0.05489,36.53349,3.01597,0.23849,0.52766,0.45783,0.34264,0.33157,0.45783
-11.22046,22.71863,9.5283,-0.21886,-0.0519,0.97437,0.98793,0.0,0.0,nan,0.0,0.0157,0.04192,56.69327,1.71865,0.23671,0.57344,0.44714,0.67632,0.58185,0.44714
-10.62027,23.29817,10.16652,-0.20619,-0.10516,0.97284,0.99427,0.0,0.0,nan,0.0,0.00934,0.04023,50.29652,2.70574,0.24163,0.59531,0.44335,0.40555,0.36958,0.44335
-10.96554,24.90599,-10.59918,-0.25686,-0.09068,-0.96219,0.99558,0.0,0.0,nan,0.0,0.01261,0.069,35.96743,2.97427,0.23353,0.58513,0.38854,0.32966,0.33622,0.38854
-11.86448,24.0234,-9.95145,-0.25965,-0.05718,-0.96401,0.998,0.0,0.0,nan,0.0,0.00963,0.05491,37.21678,2.57916,0.23189,0.51175,0.45498,0.36096,0.38772,0.45498
-11.74747,24.32755,9.74831,-0.24565,-0.17337,0.95373,0.99719,0.0,0.0,nan,0.0,0.01496,0.04913,49.29209,1.77289,0.2405,0.59609,0.65838,0.53156,0.56405,0.65838
-10.92464,24.99523,10.45047,-0.20328,-0.1513,0.96736,0.98421,0.0,0.0,nan,0.0,0.0183,0.05681,46.12927,2.71218,0.24263,0.72378,0.73745,0.46429,0.36871,0.73745
-11.00005,27.06378,-10.55102,-0.26411,0.00861,-0.96445,0.99609,0.0,0.0,nan,0.0,0.00724,0.07657,24.77565,1.75993,0.23704,0.68356,0.92014,0.32818,0.5682,0.92014
-11.73295,27.46666,9.69392,-0.18447,-5e-05,0.98284,0.99447,0.0,0.0,nan,0.0,0.00504,0.05933,40.02875,1.87878,0.24432,0.68937,0.97654,0.47043,0.53226,0.97654
-11.0262,26.99596,10.45988,-0.18655,-0.00239,0.98244,0.99639,0.0,0.0,nan,0.0,0.00792,0.0627,37.63818,1.88605,0.23997,0.75551,0.94143,0.45428,0.53021,0.94143
-11.07223,28.92693,-10.58256,-0.29628,0.06638,-0.95279,0.99548,0.0,0.0,nan,0.0,0.00262,0.02867,31.16995,1.72667,0.23317,0.77498,0.94016,0.3202,0.57915,0.94016
-11.72392,29.37304,-9.51796,-0.29715,0.13476,-0.94527,0.95774,0.0,0.0,nan,0.0,0.00248,0.02366,32.55478,1.84783,0.23225,0.76631,0.9206,0.31935,0.54117,0.9206
-11.41806,29.09655,9.98045,-0.17458,-0.02173,0.9844,0.9983,0.0,0.0,nan,0.0,0.00597,0.04683,39.59906,1.91302,0.23083,0.72337,0.95554,0.54076,0.52273,0.95554
-11.12088,29.04443,10.38058,-0.16872,-0.02011,0.98546,0.99971,0.0,0.0,nan,0.0,0.0048,0.05002,39.0167,1.89601,0.23089,0.70828,0.97611,0.5155,0.52742,0.97611
-10.99234,31.0222,-10.69517,-0.40663,0.05637,-0.91185,0.98713,0.0,0.0,nan,0.0,0.00483,0.02003,23.6126,3.45629,0.23897,0.73197,0.73013,0.35708,0.28933,0.73013
-11.69084,30.87943,-9.63401,-0.35272,0.09955,-0.93042,0.96871,0.0,0.0,nan,0.0,0.00809,0.0212,29.39114,1.70501,0.24337,0.70441,0.73055,0.57867,0.58651,0.73055
-11.07125,30.76891,9.89405,-0.12005,0.01103,0.99271,0.9985,0.0,0.0,nan,0.0,0.00979,0.04865,38.80742,1.6939,0.24988,0.66715,0.90081,0.61294,0.59035,0.90081
-10.9524,31.15047,10.17229,-0.09777,0.04558,0.99416,1.00001,0.0,0.0,nan,0.0,0.0082,0.04858,38.52415,1.6765,0.25333,0.67196,0.93471,0.64609,0.59648,0.93471
-11.02633,33.05906,-10.56692,-0.3963,-0.05782,-0.9163,0.98612,0.0,0.0,nan,0.0,0.00934,0.04951,14.03228,1.74457,0.24421,0.66901,0.81502,0.40662,0.57321,0.81502
-11.81301,32.58441,-9.74123,-0.35806,-0.07166,-0.93094,0.97454,0.0,0.0,nan,0.0,0.00689,0.0311,29.10977,3.46596,0.24592,0.54636,0.50649,0.43307,0.28852,0.50649
-10.44621,32.94271,9.933,-0.03019,0.01246,0.99947,0.99216,0.0,0.0,nan,0.0,0.00798,0.03813,37.59355,1.6443,0.24877,0.5956,0.92626,0.84884,0.60816,0.92626
-11.16153,32.93938,10.34145,-0.09044,0.0136,0.99581,0.99689,0.0,0.0,nan,0.0,0.0088,0.03514,38.57328,1.6443,0.25439,0.61148,0.90083,0.83218,0.60816,0.90083
-11.06073,35.01315,-10.52657,-0.30451,0.02448,-0.95219,0.99196,0.0,0.0,nan,0.0,0.00847,0.03935,17.37114,1.79034,0.22766,0.54469,0.66733,0.44086,0.55855,0.66733
-11.1902,34.35925,9.97505,-0.11211,0.00439,0.99369,0.99931,0.0,0.0,nan,0.0,0.01621,0.03901,40.33865,1.80873,0.24864,0.5976,0.75811,0.74936,0.55287,0.75811
-11.02126,34.94047,10.4855,-0.10132,-0.01062,0.9948,0.98884,0.0,0.0,nan,0.0,0.01213,0.02876,37.80919,1.80873,0.23913,0.55846,0.781,0.88254,0.55287,0.781
-10.89609,36.95002,-10.29333,-0.28566,0.08796,-0.95429,0.9984,0.0,0.0,nan,0.0,0.00606,0.11443,22.97599,1.90454,0.21838,0.68041,0.99618,0.39863,0.52506,0.99618
-11.80046,37.2118,-9.90013,-0.30713,0.09198,-0.94721,0.99921,0.0,0.0,nan,0.0,0.00825,0.11889,25.507,1.97245,0.22042,0.68155,0.9841,0.43772,0.50698,0.9841
-11.5394,37.17159,9.63262,-0.18593,0.08332,0.97902,0.99095,0.0,0.0,nan,0.0,0.00982,0.02395,30.68906,1.90953,0.23235,0.56164,0.52584,0.77746,0.52369,0.52584
-10.77927,36.91156,10.52845,-0.17304,0.07895,0.98175,0.98844,0.0,0.0,nan,0.0,0.00675,0.01988,37.04365,2.88263,0.2355,0.53186,0.76399,0.70442,0.34691,0.76399
-10.80943,39.02608,-10.22424,-0.29681,0.07051,-0.95233,0.9989,0.0,0.0,nan,0.0,0.01049,0.11542,25.40246,1.90476,0.21531,0.76324,0.97039,0.43562,0.525,0.97039
-11.60865,39.08469,-9.68284,-0.31301,0.06778,-0.94733,1.00001,0.0,0.0,nan,0.0,0.00709,0.10661,25.74703,1.91031,0.21794,0.74433,0.9907,0.41904,0.52348,0.9907
-11.1192,39.05985,9.45797,-0.19531,0.13881,0.97087,0.99387,0.0,0.0,nan,0.0,0.00982,0.02108,39.11579,1.8858,0.2375,0.57533,0.41627,0.85064,0.53028,0.41627
-10.68458,39.19571,10.31614,-0.21729,0.13923,0.96613,0.99176,0.0,0.0,nan,0.0,0.00952,0.01962,39.40613,1.89321,0.2293,0.55918,0.45765,0.91154,0.5282,0.45765
-10.50847,40.77861,-10.22058,-0.27353,0.08988,-0.95766,0.99659,0.0,0.0,nan,0.0,0.01395,0.11641,23.15456,2.20543,0.221,0.75365,0.90269,0.33785,0.45343,0.90269
-11.42054,41.05708,-9.68894,-0.28895,0.07693,-0.95425,0.99981,0.0,0.0,nan,0.0,0.01153,0.1101,22.40101,1.86435,0.2213,0.76728,0.91795,0.32137,0.53638,0.91795
-11.13797,41.0975,9.41699,-0.22713,0.14258,0.96337,0.99468,0.0,0.0,nan,0.0,0.0083,0.02171,34.03203,1.76271,0.23289,0.49563,0.68268,0.81661,0.56731,0.68268
-10.60069,40.46244,10.32161,-0.23343,0.13507,0.96295,0.99075,0.0,0.0,nan,0.0,0.00724,0.01776,39.96801,3.22023,0.23542,0.52916,0.50489,0.80855,0.31054,0.50489
-10.09669,42.26072,-10.02691,-0.22923,0.12287,-0.96559,0.998,0.0,0.0,nan,0.0,0.01804,0.06822,14.8872,1.69548,0.23261,0.59931,0.43621,0.50045,0.5898,0.43621
-11.03693,43.05721,-9.73086,-0.23428,0.1038,-0.96661,0.9977,0.0,0.0,nan,0.0,0.01263,0.08229,12.59165,1.80873,0.23609,0.52552,0.49368,0.33846,0.55287,0.49368
-10.90582,42.93279,9.25347,-0.2089,0.03345,0.97736,0.99135,0.0,0.0,nan,0.0,0.00831,0.02621,31.03285,1.86167,0.23777,0.49369,0.60607,0.68352,0.53715,0.60607
-10.94582,45.00097,-9.53086,-0.2025,0.12885,-0.97077,0.99669,0.0,0.0,nan,0.0,0.00683,0.03516,4.5881,1.70693,0.21039,0.32399,0.73929,0.86037,0.58585,0.73929
-10.81069,44.81258,9.08826,-0.14762,0.1236,0.98129,0.99971,0.0,0.0,nan,0.0,0.01132,0.02579,23.08229,1.77037,0.23332,0.50445,0.446,0.94554,0.56485,0.446
-11.04247,47.11943,-9.17427,-0.18864,0.15791,-0.96927,0.99649,0.0,0.0,nan,0.0,0.01053,0.07647,5.85405,1.87132,0.20744,0.3575,0.37571,0.51666,0.53438,0.37571
-10.97076,47.03526,8.96643,-0.17595,0.13958,0.97445,0.99327,0.0,0.0,nan,0.0,0.00572,0.02006,23.07222,1.89615,0.22807,0.45043,0.8117,0.85762,0.52739,0.8117
-11.04182,48.95504,-8.85619,-0.16969,0.15219,-0.97367,0.9977,0.0,0.0,nan,0.0,0.01284,0.07763,8.34782,1.86288,0.21756,0.39653,0.3615,0.51722,0.5368,0.3615
-10.95271,48.94279,8.98383,-0.14447,0.06411,0.98743,0.99206,0.0,0.0,nan,0.0,0.00703,0.02521,17.52971,1.74102,0.23173,0.48354,0.40391,0.64274,0.57438,0.40391
-10.9922,51.02996,-8.47959,-0.14355,0.15998,-0.97663,0.99759,0.00275,0.01376,0.7,1.0,0.00696,0.04241,11.39314,1.76583,0.20876,0.31386,0.60458,0.61445,0.56631,0.60458
-10.98584,51.08653,8.65112,-0.18969,0.09648,0.97709,0.99629,0.0,0.0,nan,0.0,0.01163,0.04367,14.53836,1.6443,0.23295,0.55472,0.54483,0.54613,0.60816,0.54483
-10.92428,52.84702,-8.30322,-0.13688,0.18531,-0.9731,0.99659,0.0,0.0,nan,0.0,0.00813,0.04375,9.9752,1.70784,0.21656,0.38063,0.4721,0.58589,0.58553,0.4721
-11.60269,53.62067,-7.93489,-0.14263,0.17969,-0.97333,0.99246,0.0,0.0,nan,0.0,0.00406,0.03497,9.09025,1.83256,0.21989,0.29404,0.39407,0.48222,0.54569,0.39407
-11.00785,52.91397,8.58802,-0.20671,0.02972,0.97795,0.99528,0.0,0.0,nan,0.0,0.00782,0.02398,15.55603,1.6443,0.23888,0.5175,0.41044,0.71088,0.60816,0.41044
-10.23739,54.23328,-8.05241,-0.14433,0.16494,-0.97569,0.9987,0.0,0.0,nan,0.0,0.0051,0.07097,7.0171,1.852,0.21598,0.35223,0.49739,0.26194,0.53996,0.49739
-11.13818,55.08983,-7.80241,-0.14422,0.14521,-0.97883,0.99065,0.0,0.0,nan,0.0,0.00577,0.05364,5.46829,2.01541,0.21725,0.33441,0.50665,0.43903,0.49618,0.50665
-11.42702,55.43733,7.78429,-0.22725,0.14616,0.96281,0.97907,0.0,0.0,nan,0.0,0.00673,0.01912,25.64819,1.75265,0.23042,0.56349,0.65817,0.67297,0.57057,0.65817
-10.80314,54.86903,8.36296,-0.24197,0.11192,0.96381,0.99971,0.0,0.0,nan,0.0,0.00773,0.02319,23.22917,1.66382,0.23523,0.62354,0.59342,0.58098,0.60103,0.59342
-11.01675,56.98439,-7.59045,-0.12383,0.17338,-0.97704,0.98823,0.0,0.0,nan,0.0,0.00975,0.0604,4.32071,1.89333,0.22287,0.40992,0.43566,0.57638,0.52817,0.43566
-11.10123,57.04587,7.58915,-0.25085,0.03193,0.9675,0.97686,0.0,0.0,nan,0.0,0.00737,0.01794,23.02432,1.6443,0.22703,0.5238,0.48301,0.85294,0.60816,0.48301
-10.64766,57.23583,8.25716,-0.23764,0.07433,0.9685,0.99719,0.0,0.0,nan,0.0,0.00709,0.01883,21.70952,1.6443,0.23256,0.56158,0.56391,0.73227,0.60816,0.56391
-10.98118,59.06871,-7.17683,-0.09247,0.38321,-0.91902,0.97767,0.00407,0.02036,0.51,1.0,0.01168,0.04333,5.98997,1.91203,0.2367,0.43594,0.48058,0.8246,0.523,0.48058
-11.01515,59.63845,7.85354,-0.08355,0.4785,0.87411,0.9059,0.0,0.0,nan,0.0,0.011,0.0787,27.94563,1.95261,0.23736,0.66001,0.76021,0.23459,0.51214,0.76021
-10.96368,58.70358,8.27019,-0.13709,0.22648,0.96432,0.94465,0.0,0.0,nan,0.0,0.00565,0.03397,30.25487,2.19071,0.23549,0.71319,0.86064,0.38453,0.45647,0.86064
-10.98565,60.41877,-6.36781,-0.0751,0.64531,-0.76022,0.97032,0.0035,0.01748,0.51,1.0,0.00869,0.03915,5.9167,1.89339,0.2291,0.30868,0.28878,0.96239,0.52815,0.28878
-10.97337,61.37049,-5.04457,-0.0684,0.87524,-0.47882,0.97404,0.0,0.0,nan,0.0,0.00916,0.03536,5.74081,1.92656,0.22616,0.3832,0.33438,0.91131,0.51906,0.33438
-11.01713,61.88031,-3.02843,-0.02743,0.99723,-0.06907,0.98934,0.0,0.0,nan,0.0,0.00775,0.03144,4.80671,1.76421,0.23836,0.46109,0.37269,0.75673,0.56683,0.37269
-11.05744,61.7097,-1.02005,0.01244,0.99681,0.07881,0.99629,0.0,0.0,nan,0.0,0.02341,0.07605,3.91105,1.90893,0.23212,0.47451,0.40459,0.98045,0.52385,0.40459
-11.0502,61.58557,1.01555,0.01817,0.99568,0.09102,0.99447,0.0,0.0,nan,0.0,0.01427,0.11471,4.54351,1.81691,0.22785,0.50893,0.915,0.74561,0.55039,0.915
-10.94767,61.33582,3.011,0.0036,0.99283,0.11951,0.99739,0.0,0.0,nan,0.0,0.01192,0.07387,5.59508,1.95748,0.22331,0.5887,0.85166,0.55143,0.51086,0.85166
-10.98556,61.12128,5.05641,-0.00782,0.97516,0.22137,0.99518,0.0,0.0,nan,0.0,0.01406,0.05851,8.01692,1.85193,0.23506,0.53158,0.31909,0.56477,0.53998,0.31909
-10.99327,60.55603,6.94364,-0.02008,0.79854,0.60161,0.93539,0.0,0.0,nan,0.0,0.00926,0.11469,12.61978,2.54079,0.23361,0.61949,0.91267,0.31509,0.39358,0.91267
-8.94633,1.34834,-6.41593,-0.02188,-0.7426,-0.66938,0.97334,0.0,0.0,nan,0.0,0.00643,0.01979,18.39838,2.07067,0.23196,0.56836,0.47772,0.6337,0.48294,0.47772
-8.99602,0.33632,-5.09115,0.06727,-0.92696,-0.36907,0.94697,0.0,0.0,nan,0.0,0.00153,0.04231,30.04696,1.6443,0.23945,0.64411,0.97077,0.20421,0.60816,0.97077
-8.92908,0.29056,-2.99684,0.05597,-0.99794,-0.03136,0.99931,0.0,0.0,nan,0.0,0.00625,0.03071,9.3835,2.03122,0.22644,0.39791,0.35575,0.62026,0.49232,0.35575
-8.98562,0.38472,-0.99812,0.01176,-0.98357,0.18015,0.99266,0.0,0.0,nan,0.0,0.01104,0.0514,10.97787,2.13429,0.22567,0.53349,0.41452,0.47592,0.46854,0.41452
-8.99221,1.03942,1.19298,-0.04568,-0.96281,0.26628,0.9983,0.0,0.0,nan,0.0,0.00381,0.02055,26.36427,1.6443,0.23943,0.63741,0.89304,0.57759,0.60816,0.89304
-9.04293,1.26967,2.869,-0.09344,-0.98001,0.17566,0.99578,0.0,0.0,nan,0.0,0.00196,0.01466,23.69918,1.72886,0.2415,0.50409,0.91451,0.60793,0.57842,0.91451
-8.9378,1.71505,4.6159,-0.06657,-0.96226,0.26385,0.98874,0.0,0.0,nan,0.0,0.00416,0.04634,22.00776,1.6443,0.23844,0.64726,0.8788,0.25741,0.60816,0.8788
-8.45807,3.73824,-8.22299,-0.14125,-0.47991,-0.86587,0.99357,0.0,0.0,nan,0.0,0.00781,0.02219,14.77908,2.03995,0.23142,0.59191,0.42118,0.67523,0.49021,0.42118
-9.00743,2.97011,-7.12863,-0.10824,-0.56339,-0.81907,0.99266,0.0,0.0,nan,0.0,0.00727,0.01818,15.49317,1.91509,0.23301,0.52961,0.39808,0.85303,0.52217,0.39808
-9.84471,2.0962,1.8465,-0.0952,-0.9662,0.23959,0.93458,0.0,0.0,nan,0.0,0.00462,0.02046,27.68728,1.7239,0.24213,0.54469,0.87703,0.74828,0.58008,0.87703
-9.77849,2.12867,2.22466,-0.10618,-0.97356,0.20226,0.94666,0.0,0.0,nan,0.0,0.00426,0.01895,27.21542,1.82222,0.23979,0.538,0.88049,0.76922,0.54878,0.88049
-9.03964,2.19385,5.54323,-0.03488,-0.91634,0.39889,0.9987,0.0,0.0,nan,0.0,0.01725,0.1105,10.25353,1.88756,0.23425,0.52479,0.90409,0.70143,0.52978,0.90409
-9.03286,2.81666,7.04736,-0.01918,-0.88185,0.47113,0.9991,0.0,0.0,nan,0.0,0.01951,0.09748,9.97676,1.72308,0.22352,0.26141,0.76054,0.95099,0.58036,0.76054
-8.97426,3.64819,8.4671,-0.01386,-0.81457,0.5799,0.9982,0.00078,0.00388,0.7,1.0,0.01729,0.11219,10.08919,1.94171,0.21994,0.33152,0.87737,0.94034,0.51501,0.87737
-9.09171,4.91038,-8.79266,-0.10066,-0.27753,-0.95543,0.96649,0.0,0.0,nan,0.0,0.00937,0.03604,19.81249,3.18449,0.24137,0.55472,0.40255,0.51598,0.31402,0.40255
-9.65096,4.11925,-7.87662,-0.06821,-0.456,-0.88736,0.99679,0.0,0.0,nan,0.0,0.00693,0.0226,17.74412,1.9953,0.23529,0.49279,0.37251,0.69178,0.50118,0.37251
-8.95993,4.51882,9.38131,-0.0164,-0.71391,0.70005,0.99588,0.0,0.0,nan,0.0,0.03387,0.10881,10.69627,2.02761,0.23162,0.37777,0.5601,0.978,0.49319,0.5601
-9.06474,5.46276,10.39838,-0.04245,-0.51795,0.85436,0.9832,0.0,0.0,nan,0.0,0.00538,0.07506,20.89611,1.85401,0.24003,0.72119,0.97189,0.37588,0.53937,0.97189
-9.03775,7.03897,-8.83167,-0.08962,-0.06358,-0.99394,0.998,0.0,0.0,nan,0.0,0.00798,0.02284,24.57603,1.87578,0.23243,0.53277,0.34541,0.70873,0.53311,0.34541
-9.02364,7.079,10.92525,-0.07067,-0.23529,0.96935,0.98874,0.0,0.0,nan,0.0,0.00657,0.0321,16.90371,1.80873,0.23097,0.5765,0.92305,0.89019,0.55287,0.92305
-9.06296,9.03099,-9.40204,-0.04544,-0.18192,-0.98226,0.97797,0.0,0.0,nan,0.0,0.00836,0.02619,24.0239,1.90848,0.23499,0.52346,0.42229,0.66024,0.52398,0.42229
-9.03656,9.13107,11.2212,-0.11717,0.15449,0.98102,0.98894,0.0,0.0,nan,0.0,0.00431,0.01823,21.50602,1.65054,0.2408,0.51101,0.54348,0.50552,0.60586,0.54348
-8.9524,11.08911,-9.46221,-0.05574,-0.02534,-0.99812,0.98109,0.0,0.0,nan,0.0,0.01092,0.04238,37.51515,1.74458,0.2365,0.46136,0.41657,0.58828,0.5732,0.41657
-8.89865,11.0549,10.33923,-0.11231,0.26921,0.95651,0.99276,0.0,0.0,nan,0.0,0.0067,0.01842,29.69227,1.82801,0.22829,0.45073,0.45368,0.86154,0.54704,0.45368
-8.48066,13.82403,-10.01287,-0.16337,-0.23203,-0.95889,0.98733,0.0,0.0,nan,0.0,0.00922,0.0497,43.33624,2.87345,0.23505,0.57422,0.87624,0.56685,0.34801,0.87624
-8.98733,13.02307,-9.30395,-0.15644,-0.17971,-0.9712,0.98934,0.0,0.0,nan,0.0,0.00677,0.0425,45.12531,1.82948,0.23867,0.58506,0.88437,0.49869,0.5466,0.88437
-9.10082,13.08015,9.71126,-0.04733,0.01194,0.99881,0.9836,0.0,0.0,nan,0.0,0.00542,0.01616,25.26419,1.83,0.2365,0.37835,0.31306,0.95718,0.54645,0.31306
-8.89043,12.77994,10.08887,-0.04988,0.03667,0.99808,0.99528,0.0,0.0,nan,0.0,0.00566,0.01688,26.782,1.69067,0.23174,0.38316,0.33227,0.94102,0.59148,0.33227
-8.58663,15.25267,-10.06586,-0.1692,-0.09046,-0.98142,0.99588,0.0,0.0,nan,0.0,0.0091,0.0254,28.46654,1.82928,0.23467,0.41982,0.48802,0.91302,0.54666,0.48802
-9.27718,14.84187,-9.65699,-0.18508,-0.16249,-0.9692,0.99669,0.0,0.0,nan,0.0,0.00941,0.03204,29.9025,1.71602,0.23625,0.39721,0.51776,0.78891,0.58274,0.51776
-8.99941,14.9887,10.49221,-0.05708,-0.02319,0.9981,0.98199,0.0,0.0,nan,0.0,0.00767,0.02747,26.08415,1.82575,0.24249,0.55831,0.43535,0.53835,0.54772,0.43535
-8.53774,16.3464,-10.11348,-0.13555,-0.0205,-0.99056,0.99498,0.0,0.0,nan,0.0,0.00843,0.0225,25.9455,1.87027,0.23046,0.44997,0.5364,0.89697,0.53468,0.5364
-9.00081,17.08983,-9.52293,-0.12013,-0.01796,-0.9926,0.99458,0.0,0.0,nan,0.0,0.00662,0.02094,25.21167,2.03485,0.2318,0.4088,0.60957,0.83447,0.49144,0.60957
-8.64794,17.99701,9.98636,-0.08449,-0.00666,0.9964,0.99468,0.0,0.0,nan,0.0,0.01325,0.04349,48.33989,1.86,0.24696,0.58546,0.69495,0.54203,0.53763,0.69495
-8.94702,17.01036,10.45338,-0.08609,0.07003,0.99382,0.99156,0.0,0.0,nan,0.0,0.00706,0.03124,37.81378,3.00247,0.24612,0.49033,0.47039,0.48537,0.33306,0.47039
-8.55011,19.30859,-10.18373,-0.16142,-0.17409,-0.97141,0.999,0.0,0.0,nan,0.0,0.00779,0.02329,22.92925,2.57768,0.23173,0.54082,0.79843,0.79607,0.38795,0.79843
-9.20625,18.78036,-9.62709,-0.14448,-0.10914,-0.98347,0.98481,0.0,0.0,nan,0.0,0.00931,0.02166,21.74645,2.76419,0.23868,0.52769,0.68069,0.88967,0.36177,0.68069
-8.88838,18.90001,9.73108,-0.12233,-0.02883,0.99207,0.9836,0.0,0.0,nan,0.0,0.00505,0.03828,54.23025,1.87283,0.24597,0.67405,0.91401,0.42672,0.53395,0.91401
-9.12078,19.25099,10.14158,-0.13172,-0.03796,0.99056,0.99941,0.0,0.0,nan,0.0,0.00439,0.03807,53.1919,1.8519,0.24464,0.68094,0.9348,0.43009,0.53998,0.9348
-9.08496,20.99698,-10.54305,-0.16801,-0.10712,-0.97995,0.99548,0.0,0.0,nan,0.0,0.00818,0.03057,23.66166,1.85127,0.2385,0.63755,0.81778,0.58116,0.54017,0.81778
-9.62172,20.59046,-9.87686,-0.19519,-0.14833,-0.96948,0.99749,0.0,0.0,nan,0.0,0.00675,0.0293,23.95945,1.72227,0.24054,0.608,0.84693,0.59495,0.58063,0.84693
-9.50755,20.81452,9.42115,-0.17492,-0.03717,0.98388,0.97112,0.0,0.0,nan,0.0,0.00674,0.04066,52.48541,1.74603,0.24016,0.67737,0.88123,0.43804,0.57273,0.88123
-8.93856,21.0086,10.48265,-0.14601,-0.02406,0.98899,0.97756,0.0,0.0,nan,0.0,0.00966,0.0479,54.05765,1.74117,0.23725,0.73238,0.88005,0.48909,0.57433,0.88005
-9.10871,23.06066,-10.47029,-0.14448,-0.0814,-0.98615,0.9984,0.0,0.0,nan,0.0,0.00858,0.02978,23.4783,1.89919,0.23821,0.61447,0.69159,0.50873,0.52654,0.69159
-8.71031,23.31152,9.80246,-0.11957,-0.12442,0.985,0.97324,0.0,0.0,nan,0.0,0.01225,0.02764,30.3297,1.69764,0.22799,0.61752,0.47005,0.7652,0.58905,0.47005
-9.25546,22.91513,10.13122,-0.15624,-0.08231,0.98428,0.98833,0.0,0.0,nan,0.0,0.01541,0.05276,42.91831,1.66485,0.23965,0.70212,0.66831,0.43535,0.60065,0.66831
-8.96106,24.91776,-10.88727,-0.12727,-0.11834,-0.98478,0.99508,0.0,0.0,nan,0.0,0.00403,0.02892,16.66344,2.20017,0.23492,0.40988,0.41817,0.38034,0.45451,0.41817
-8.58428,24.34588,9.83089,-0.06196,-0.12255,0.99053,0.97595,0.0,0.0,nan,0.0,0.00748,0.0213,22.01288,1.72669,0.2388,0.52187,0.46721,0.73383,0.57914,0.46721
-9.00614,25.07015,10.52165,-0.07414,-0.12322,0.98961,1.00001,0.0,0.0,nan,0.0,0.00613,0.02337,19.63447,2.20124,0.23376,0.50059,0.46712,0.57743,0.45429,0.46712
-8.99745,26.99946,-10.93915,-0.13749,-0.04005,-0.98969,0.99005,0.0,0.0,nan,0.0,0.01402,0.06794,6.03163,1.69698,0.22929,0.27846,0.29402,0.98653,0.58928,0.29402
-9.01754,26.99014,10.6697,-0.11286,-0.0203,0.9934,0.99417,0.0,0.0,nan,0.0,0.01101,0.04446,15.82854,3.61746,0.24522,0.57743,0.37968,0.48329,0.27644,0.37968
-9.00459,28.98778,-11.05028,-0.18523,-0.01875,-0.98252,0.98219,0.0,0.0,nan,0.0,0.00784,0.22017,6.85961,1.90467,0.23398,0.4977,0.95367,0.26529,0.52503,0.95367
-9.00183,28.99834,10.48818,-0.1416,0.02008,0.98972,0.99971,0.0,0.0,nan,0.0,0.00374,0.04197,24.04518,1.67957,0.23245,0.5956,0.94224,0.42094,0.59539,0.94224
-8.94817,31.0281,-11.01268,-0.20454,0.01129,-0.97879,0.98864,0.0,0.0,nan,0.0,0.00561,0.09818,9.55112,1.70301,0.24915,0.72356,0.93088,0.22657,0.58719,0.93088
-9.03388,31.02347,10.62482,-0.12824,0.08542,0.98806,0.99699,0.0,0.0,nan,0.0,0.00731,0.03599,32.11657,3.53954,0.24764,0.66847,0.81213,0.40301,0.28252,0.81213
-8.9378,32.94434,-10.97249,-0.19127,0.02805,-0.98114,0.99337,0.0,0.0,nan,0.0,0.0025,0.08375,6.02552,3.28177,0.24545,0.79038,0.99422,0.23062,0.30471,0.99422
-9.78736,33.65577,9.73261,0.01671,-0.00794,0.99983,0.98089,0.0,0.0,nan,0.0,0.01204,0.03502,39.00531,1.65177,0.24421,0.58795,0.83235,0.83447,0.60541,0.83235
-8.98461,32.92485,10.51099,-0.05541,0.06953,0.99604,0.99951,0.0,0.0,nan,0.0,0.00806,0.03625,36.70088,1.69454,0.24273,0.62082,0.84657,0.54678,0.59013,0.84657
-9.00492,35.0122,-10.90165,-0.19243,0.04995,-0.98004,0.97988,0.01567,0.07836,0.7,1.0,0.01688,0.0844,4.22274,1.6443,0.22849,0.39636,0.36749,0.74356,0.60816,0.36749
-9.54387,34.44666,9.99109,-0.00456,-0.06149,0.9981,0.98753,0.0,0.0,nan,0.0,0.01347,0.03025,37.70904,3.50461,0.24459,0.58184,0.76926,0.85896,0.28534,0.76926
-9.00888,35.12916,10.55918,-0.05233,-0.12601,0.99065,0.998,0.0,0.0,nan,0.0,0.01084,0.02825,33.16546,1.66822,0.23545,0.45634,0.66672,0.89145,0.59944,0.66672
-9.06184,37.05067,-10.76213,-0.21546,0.06827,-0.97412,0.97605,0.0,0.0,nan,0.0,0.00991,0.11881,8.48552,3.2135,0.24676,0.71468,0.89634,0.27108,0.31119,0.89634
-9.32526,36.54443,9.80374,-0.15113,0.00352,0.98851,0.98572,0.0,0.0,nan,0.0,0.01333,0.03118,36.16655,3.53025,0.23725,0.54261,0.6051,0.83122,0.28327,0.6051
-9.07689,36.92702,10.63491,-0.15276,0.01747,0.98811,0.97998,0.0,0.0,nan,0.0,0.01324,0.03108,36.44051,1.70342,0.23628,0.50193,0.6189,0.89527,0.58706,0.6189
-9.04802,39.0386,-10.6394,-0.2297,0.07551,-0.97033,0.98532,0.0,0.0,nan,0.0,0.01849,0.16298,14.38065,2.20525,0.21986,0.77294,0.8776,0.28262,0.45346,0.8776
-9.15602,38.66646,9.73707,-0.18784,0.08803,0.97825,0.98622,0.0,0.0,nan,0.0,0.00976,0.0192,38.98884,1.71297,0.23511,0.57394,0.47139,0.93119,0.58378,0.47139
-8.7521,39.15165,10.12404,-0.16846,0.10056,0.98057,0.99931,0.0,0.0,nan,0.0,0.01055,0.02237,37.64604,1.85481,0.23843,0.57755,0.45211,0.86026,0.53914,0.45211
-9.10765,41.08075,-10.48396,-0.21515,0.11617,-0.96965,0.9985,0.0,0.0,nan,0.0,0.02064,0.0758,14.9425,1.68601,0.23116,0.64096,0.50893,0.48157,0.59312,0.50893
-9.21243,41.24366,9.39307,-0.2361,0.12641,0.96347,0.98441,0.0,0.0,nan,0.0,0.01111,0.03159,33.4692,1.8333,0.23388,0.50935,0.45939,0.73209,0.54546,0.45939
-8.71379,40.67567,10.27659,-0.15506,0.10299,0.98252,0.99739,0.0,0.0,nan,0.0,0.01037,0.0255,32.97485,1.84127,0.23411,0.55973,0.47076,0.77092,0.5431,0.47076
-8.83374,42.88944,-10.23524,-0.1864,0.14535,-0.97166,0.9985,0.0,0.0,nan,0.0,0.01518,0.05113,11.41578,1.6443,0.22925,0.66319,0.74089,0.52602,0.60816,0.74089
-9.58703,43.71519,-9.94334,-0.19135,0.13453,-0.97226,0.99598,0.0,0.0,nan,0.0,0.0108,0.05231,10.89255,1.80873,0.22146,0.65833,0.74784,0.37136,0.55287,0.74784
-9.18864,43.01153,9.7435,-0.20424,0.11861,0.97171,0.9988,0.0,0.0,nan,0.0,0.00946,0.02454,26.79019,1.93333,0.22727,0.51647,0.61002,0.80182,0.51724,0.61002
-8.2266,42.55689,10.19841,-0.11834,0.13881,0.98322,0.98703,0.0,0.0,nan,0.0,0.01033,0.02503,25.54143,3.61746,0.23396,0.54556,0.63064,0.81596,0.27644,0.63064
-8.29225,44.50541,-10.09002,-0.16621,0.14548,-0.9753,0.9977,0.0,0.0,nan,0.0,0.00852,0.04628,9.27471,1.81369,0.21961,0.63915,0.82777,0.46622,0.55136,0.82777
-9.13913,45.04409,-9.86489,-0.17079,0.13653,-0.9758,0.99709,0.0,0.0,nan,0.0,0.00624,0.05137,7.12469,1.80873,0.22541,0.63702,0.84755,0.35514,0.55287,0.84755
-9.00948,45.01321,9.67405,-0.13207,0.15477,0.97908,0.99729,0.0,0.0,nan,0.0,0.01125,0.0262,26.10378,1.83419,0.22382,0.49833,0.70697,0.92712,0.5452,0.70697
-8.98786,46.95837,-9.57268,-0.16695,0.16283,-0.97243,0.99558,0.0,0.0,nan,0.0,0.02345,0.07654,4.33138,1.87125,0.21581,0.48815,0.49533,0.91755,0.5344,0.49533
-9.06814,47.04086,9.41392,-0.07675,0.18924,0.97893,0.9986,0.0,0.0,nan,0.0,0.00749,0.02448,30.10865,1.87512,0.23142,0.36977,0.73733,0.88214,0.5333,0.73733
-8.97058,49.05346,-9.17671,-0.15811,0.17211,-0.97231,0.99508,0.0,0.0,nan,0.0,0.01849,0.07667,4.69849,1.70289,0.2156,0.37146,0.61579,0.92571,0.58724,0.61579
-8.91404,48.90797,9.17443,-0.04357,0.0351,0.99843,0.99921,0.0,0.0,nan,0.0,0.0055,0.02094,26.54041,2.00363,0.22624,0.37057,0.64752,0.7622,0.49909,0.64752
-9.02998,51.03048,-8.85657,-0.15045,0.1699,-0.97391,0.99991,0.0,0.0,nan,0.0,0.00316,0.05712,7.17878,1.82705,0.2019,0.3913,0.89213,0.33138,0.54733,0.89213
-8.91125,51.00832,9.02991,-0.0863,0.05565,0.99471,0.9988,0.0,0.0,nan,0.0,0.00947,0.02901,22.51147,1.80873,0.23516,0.49853,0.60566,0.71291,0.55287,0.60566
-8.97398,52.95436,-8.48596,-0.14344,0.18211,-0.97276,0.99729,0.0,0.0,nan,0.0,0.00422,0.05055,8.02247,1.84102,0.20321,0.39045,0.82276,0.34782,0.54318,0.82276
-8.9876,52.8667,8.81167,-0.11962,-0.03246,0.99229,0.9988,0.0,0.0,nan,0.0,0.0083,0.02526,20.60141,1.86511,0.22852,0.55665,0.44866,0.64785,0.53616,0.44866
-8.8308,54.83652,-8.1418,-0.12953,0.16877,-0.97711,0.98864,0.0,0.0,nan,0.0,0.00627,0.04356,3.72905,1.90318,0.22407,0.33564,0.54128,0.65888,0.52544,0.54128
-9.58255,55.63021,-7.93344,-0.12559,0.15564,-0.9798,0.99065,0.0,0.0,nan,0.0,0.00819,0.03988,3.50145,1.87769,0.22018,0.41167,0.75615,0.79983,0.53257,0.75615
-9.03671,55.04787,9.10939,-0.24258,0.02175,0.96989,0.98109,0.0,0.0,nan,0.0,0.0086,0.03465,16.17895,1.85131,0.23047,0.63242,0.46378,0.44111,0.54016,0.46378
-8.28839,56.16691,-8.03086,-0.10891,0.18062,-0.97751,0.99105,0.0,0.0,nan,0.0,0.00948,0.04667,3.3498,1.85075,0.22388,0.43391,0.48872,0.74794,0.54032,0.48872
-9.07089,57.06123,-7.79895,-0.09741,0.20162,-0.97461,0.99236,0.0,0.0,nan,0.0,0.01261,0.06862,4.10875,1.83699,0.22703,0.43134,0.45845,0.6336,0.54437,0.45845
-9.98562,56.54739,7.9633,-0.27331,0.08823,0.95787,0.98441,0.0,0.0,nan,0.0,0.00673,0.01978,21.78879,1.87763,0.23107,0.60846,0.56455,0.6107,0.53259,0.56455
-9.09783,56.95935,8.89512,-0.26478,0.13772,0.95442,0.99276,0.0,0.0,nan,0.0,0.00852,0.04429,21.17518,1.80873,0.23441,0.62634,0.53797,0.336,0.55287,0.53797
-9.06034,59.04388,-7.27781,-0.07396,0.4055,-0.9111,0.98381,0.0,0.0,nan,0.0,0.01094,0.04532,5.84618,1.74801,0.23789,0.37258,0.42746,0.86996,0.57208,0.42746
-8.99802,59.76279,7.79961,-0.02488,0.65867,0.75202,0.95411,0.0,0.0,nan,0.0,0.00387,0.07903,12.50358,2.04891,0.23398,0.43389,0.88934,0.23635,0.48806,0.88934
-8.98631,58.76291,8.44973,-0.11699,0.38928,0.91366,0.94606,0.0,0.0,nan,0.0,0.00505,0.09488,27.88693,2.40045,0.23297,0.77543,0.95815,0.22034,0.41659,0.95815
-9.02338,60.51595,-6.48596,-0.06051,0.6534,-0.75459,0.97092,0.0,0.0,nan,0.0,0.01054,0.05076,5.98874,1.88056,0.21759,0.28675,0.42476,0.96561,0.53176,0.42476
-9.0455,61.55,-5.1793,-0.04727,0.88669,-0.45994,0.96468,0.0,0.0,nan,0.0,0.01057,0.0397,6.29828,1.96488,0.22906,0.39896,0.64306,0.87946,0.50894,0.64306
-9.12375,61.89097,-2.7301,-0.01992,0.99978,0.00595,0.99296,0.0,0.0,nan,0.0,0.01214,0.0396,5.83021,1.86609,0.237,0.51929,0.57273,0.7928,0.53588,0.57273
-9.00037,61.68574,-0.98633,0.00641,0.99411,0.1082,0.99588,0.00033,0.00165,0.7,1.0,0.01261,0.06271,4.49895,1.91212,0.22943,0.31592,0.41933,0.91969,0.52298,0.41933
-9.01888,61.5126,0.99092,0.02786,0.99493,0.09661,0.99447,0.01449,0.05263,0.7,0.97647,0.00941,0.05912,4.86391,1.88583,0.21643,0.28858,0.71078,0.77797,0.53027,0.71078
-8.98664,61.32336,3.02814,0.03176,0.99294,0.11424,0.99689,0.00026,0.00131,0.7,1.0,0.00801,0.05662,5.69514,1.92629,0.21143,0.22456,0.57136,0.85124,0.51913,0.57136
-8.98719,61.07361,5.07892,0.03935,0.97364,0.22465,0.9984,0.0058,0.02899,0.7,1.0,0.0144,0.06293,7.12257,2.35761,0.21617,0.36951,0.43447,0.79297,0.42416,0.43447
-9.02468,60.48238,6.81049,0.02216,0.85368,0.52033,0.97183,0.0,0.0,nan,0.0,0.02898,0.10056,7.8868,2.18537,0.22801,0.42821,0.69086,0.84361,0.45759,0.69086
-8.28582,62.00447,-4.0792,-0.02872,0.97737,-0.2096,0.96851,0.0,0.0,nan,0.0,0.00991,0.03593,6.00728,3.10948,0.23926,0.39777,0.39605,0.9244,0.3216,0.39605
-8.58845,62.07222,-3.45387,-0.02612,0.99557,-0.09035,0.97605,0.0,0.0,nan,0.0,0.01095,0.03579,5.98471,1.99401,0.23839,0.47287,0.40152,0.86332,0.5015,0.40152
-7.00757,1.32379,-6.84577,-0.11028,-0.79294,-0.59924,0.95502,0.0,0.0,nan,0.0,0.00665,0.02753,19.81616,3.61746,0.24462,0.52794,0.68032,0.50339,0.27644,0.68032
-7.01392,0.91283,-4.98942,0.00417,-0.95234,-0.30501,0.99065,0.0,0.0,nan,0.0,0.00775,0.05153,28.21168,2.77194,0.23832,0.6702,0.75283,0.24242,0.36076,0.75283
-6.97265,0.40737,-3.10801,0.03895,-0.99538,-0.08778,0.99941,0.0,0.0,nan,0.0,0.0092,0.03326,14.90976,1.69421,0.23684,0.40624,0.48759,0.77195,0.59024,0.48759
-6.9131,0.3883,-0.98002,0.02309,-0.98193,0.18784,0.98894,0.0,0.0,nan,0.0,0.01211,0.05272,13.87339,1.83614,0.24047,0.44228,0.71201,0.59429,0.54462,0.71201
-6.99956,1.19141,1.00741,0.00494,-0.97644,0.21573,0.99609,0.0,0.0,nan,0.0,0.00304,0.02391,25.99794,2.52352,0.23588,0.57954,0.93241,0.56709,0.39627,0.93241
-7.08665,0.98592,2.93835,-0.02359,-0.98927,0.14416,0.9826,0.0,0.0,nan,0.0,0.00562,0.01951,23.42195,2.17341,0.23428,0.52735,0.7181,0.59312,0.46011,0.7181
-7.01854,1.71154,4.67003,-0.00933,-0.94229,0.33466,0.99266,0.0,0.0,nan,0.0,0.00352,0.04824,16.68093,2.75881,0.22276,0.56709,0.93139,0.34303,0.36248,0.93139
-6.96046,3.30648,-8.44013,-0.11943,-0.4722,-0.87336,0.96891,0.0,0.0,nan,0.0,0.01974,0.06972,14.25269,2.88832,0.24451,0.70244,0.76783,0.48742,0.34622,0.76783
-7.25886,2.35875,-7.60111,-0.15423,-0.61508,-0.77323,0.9837,0.0,0.0,nan,0.0,0.01097,0.03838,17.18188,1.8844,0.23694,0.65981,0.39018,0.48345,0.53067,0.39018
-6.94003,2.15136,5.6671,-0.00221,-0.9096,0.41548,0.99971,0.0,0.0,nan,0.0,0.01825,0.10674,10.11571,2.12244,0.22168,0.21935,0.33443,0.93362,0.47116,0.33443
-6.95423,2.81305,7.03112,-0.01898,-0.88299,0.46901,0.99991,0.0,0.0,nan,0.0,0.01529,0.0794,9.94144,2.87348,0.22767,0.24099,0.41138,0.96003,0.34801,0.41138
-6.93116,3.64802,8.4846,-0.02327,-0.81579,0.57788,0.99931,0.0,0.0,nan,0.0,0.03051,0.11377,10.64499,1.86863,0.2264,0.3414,0.65095,0.93316,0.53515,0.65095
-6.97057,4.96532,-8.97355,-0.03684,-0.18242,-0.98253,0.97545,0.0,0.0,nan,0.0,0.00854,0.03587,15.54222,1.84787,0.23767,0.45082,0.32516,0.59633,0.54116,0.32516
-6.9532,4.45241,9.51434,-0.02423,-0.7239,0.68948,0.9982,0.0,0.0,nan,0.0,0.02506,0.07968,9.41634,1.90284,0.22912,0.38645,0.5882,0.9869,0.52553,0.5882
-6.95804,5.38285,10.44969,-0.02782,-0.53799,0.84249,0.97897,0.0,0.0,nan,0.0,0.00411,0.08375,20.95649,2.34124,0.22664,0.79714,0.97602,0.24395,0.42712,0.97602
-7.04468,7.03913,-8.76723,0.01023,-0.03604,-0.9993,0.99649,0.0,0.0,nan,0.0,0.00761,0.02518,20.97019,1.6443,0.24159,0.44624,0.30235,0.74153,0.60816,0.30235
-7.01996,7.03856,11.18187,-0.03098,-0.26676,0.96327,0.98833,0.0,0.0,nan,0.0,0.00366,0.02755,16.14823,1.88261,0.2246,0.72019,0.97146,0.71158,0.53118,0.97146
-6.97472,9.0851,-8.8206,0.02369,-0.12661,-0.99167,0.99367,0.0,0.0,nan,0.0,0.00813,0.02399,24.43476,1.6443,0.23536,0.40357,0.28437,0.90883,0.60816,0.28437
-6.97763,9.04528,11.48597,-0.09383,0.06508,0.99346,0.98803,0.0,0.0,nan,0.0,0.00407,0.01541,18.86201,2.04281,0.2329,0.55262,0.55925,0.52871,0.48952,0.55925
-7.01147,11.1339,-9.32891,-0.0398,-0.1239,-0.9915,0.99387,0.0,0.0,nan,0.0,0.00441,0.03939,46.81761,2.43774,0.24034,0.67615,0.94868,0.47385,0.41022,0.94868
-7.14706,11.06786,10.61355,-0.18232,0.28914,0.93977,0.99739,0.0,0.0,nan,0.0,0.01008,0.02795,26.65918,1.89389,0.22691,0.58216,0.62972,0.66585,0.52801,0.62972
-6.90379,13.49866,-10.15571,-0.17516,-0.29541,-0.93918,0.99276,0.0,0.0,nan,0.0,0.0071,0.05114,47.54248,2.38703,0.22843,0.70252,0.91078,0.42393,0.41893,0.91078
-6.94166,12.31989,-9.37104,-0.10415,-0.2108,-0.97197,0.99065,0.0,0.0,nan,0.0,0.0071,0.05241,51.75207,2.22217,0.23628,0.72542,0.95596,0.56915,0.45001,0.95596
-6.9884,13.17752,9.67095,-0.06022,0.12576,0.99023,0.94354,0.0,0.0,nan,0.0,0.00445,0.02072,35.41217,1.66811,0.2408,0.40266,0.25477,0.56337,0.59948,0.25477
-6.98531,12.55898,10.10893,-0.12511,0.18362,0.975,0.97465,0.0,0.0,nan,0.0,0.00636,0.02212,32.73257,1.73795,0.22434,0.41037,0.54589,0.74416,0.57539,0.54589
-6.98359,14.93523,-10.05601,-0.19997,-0.11329,-0.97323,0.99085,0.0,0.0,nan,0.0,0.01934,0.05955,28.37483,1.6869,0.22955,0.54291,0.56986,0.64044,0.59281,0.56986
-7.21023,15.05844,-9.98734,-0.20183,-0.096,-0.9747,0.99196,0.0,0.0,nan,0.0,0.01365,0.04318,28.33498,1.6443,0.24527,0.45972,0.42303,0.73595,0.60816,0.42303
-6.41846,15.77081,9.74801,-0.01822,-0.02858,0.99943,0.96951,0.0,0.0,nan,0.0,0.00652,0.02487,41.7703,3.21717,0.25059,0.44731,0.51655,0.61416,0.31083,0.51655
-7.01766,14.94593,10.68828,0.01281,-0.01737,0.99977,0.99458,0.0,0.0,nan,0.0,0.00678,0.02313,40.78319,3.09193,0.24395,0.47189,0.56779,0.65201,0.32342,0.56779
-6.95436,16.9543,-10.36167,-0.17113,-0.00838,-0.98521,0.99941,0.0,0.0,nan,0.0,0.00793,0.01984,25.45122,1.87121,0.23178,0.4759,0.49324,0.90565,0.53441,0.49324
-6.77764,17.5757,-9.98652,-0.16292,-0.03826,-0.9859,0.99669,0.0,0.0,nan,0.0,0.00737,0.01814,23.63892,1.87062,0.22845,0.45147,0.39976,0.97647,0.53458,0.39976
-7.03296,16.76619,9.73571,0.00078,0.06518,0.99787,0.97857,0.0,0.0,nan,0.0,0.00756,0.02767,42.31044,3.49309,0.24216,0.46486,0.61317,0.61594,0.28628,0.61317
-6.95377,17.2761,10.24748,-0.02256,0.04439,0.99876,0.99639,0.0,0.0,nan,0.0,0.00667,0.02675,40.65973,3.54907,0.24106,0.43145,0.71157,0.60615,0.28176,0.71157
-6.9342,18.9884,-10.33537,-0.16536,-0.16075,-0.97304,0.998,0.0,0.0,nan,0.0,0.00716,0.01996,21.12614,2.53826,0.23081,0.50045,0.70181,0.78412,0.39397,0.70181
-6.60746,18.0601,-9.93433,-0.16286,-0.07607,-0.98371,0.98995,0.0,0.0,nan,0.0,0.0056,0.01499,21.90007,1.86959,0.2294,0.42389,0.43363,0.9627,0.53488,0.43363
-7.18131,18.86405,9.84055,-0.03986,-0.10256,0.99393,0.98682,0.0,0.0,nan,0.0,0.01573,0.03951,43.89689,3.55548,0.24226,0.59428,0.64538,0.70029,0.28126,0.64538
-7.04483,19.24474,10.09165,-0.04126,-0.09811,0.99432,0.99498,0.0,0.0,nan,0.0,0.01473,0.04285,42.99756,2.90287,0.2423,0.59152,0.4881,0.60828,0.34449,0.4881
-7.03493,20.78402,-10.84367,-0.13107,-0.08747,-0.98751,0.99357,0.0,0.0,nan,0.0,0.00982,0.02795,18.949,2.02969,0.22997,0.62365,0.51745,0.62285,0.49269,0.51745
-6.32911,21.77275,9.79145,0.01179,0.03068,0.99946,0.97847,0.0,0.0,nan,0.0,0.00632,0.017,20.94268,1.73939,0.23809,0.44014,0.4591,0.92567,0.57491,0.4591
-6.8829,20.9356,10.67972,-0.03997,-0.02905,0.99878,0.98028,0.0,0.0,nan,0.0,0.01392,0.03687,27.90251,1.68973,0.22685,0.54216,0.54338,0.74628,0.59181,0.54338
-6.99388,23.04919,-10.43529,-0.08843,-0.03017,-0.99563,0.99246,0.0,0.0,nan,0.0,0.00785,0.02352,14.85521,1.87389,0.24321,0.69973,0.8296,0.72659,0.53365,0.8296
-6.56463,22.6577,9.74512,-0.00783,0.04276,0.99905,0.95673,0.0,0.0,nan,0.0,0.00838,0.02214,25.35158,1.6443,0.24317,0.54989,0.35772,0.74305,0.60816,0.35772
-7.02809,23.08718,10.51696,-0.02022,-0.00425,0.99979,0.99981,0.0,0.0,nan,0.0,0.00789,0.01751,25.69211,3.41578,0.24237,0.59291,0.45747,0.81947,0.29276,0.45747
-7.05094,24.96122,-11.02271,-0.06615,-0.11875,-0.99072,0.98823,0.0,0.0,nan,0.0,0.00422,0.0262,12.24137,2.00177,0.23597,0.74753,0.87972,0.42868,0.49956,0.87972
-7.79306,24.20459,9.87756,-0.02069,-0.12496,0.99195,0.97535,0.0,0.0,nan,0.0,0.00533,0.0134,22.59619,1.6443,0.23166,0.54338,0.49784,0.79675,0.60816,0.49784
-6.98154,24.9172,10.74204,-0.05135,-0.1635,0.98521,0.99991,0.0,0.0,nan,0.0,0.00454,0.01825,19.11622,1.85753,0.23573,0.48051,0.52305,0.57168,0.53835,0.52305
-6.91958,26.96618,-11.09321,-0.05871,-0.05173,-0.99693,0.98562,0.0,0.0,nan,0.0,0.01368,0.08121,6.4001,1.75827,0.22368,0.26776,0.33581,0.82552,0.56874,0.33581
-7.03807,26.9893,10.83841,-0.08525,-0.02694,0.996,0.99609,0.0,0.0,nan,0.0,0.01862,0.07713,11.97279,2.20772,0.22917,0.71839,0.76475,0.41166,0.45296,0.76475
-7.05852,29.12593,-11.23665,-0.07581,-0.04157,-0.99626,0.98169,0.0,0.0,nan,0.0,0.01072,0.07187,5.49504,1.76537,0.22545,0.24146,0.34913,0.8429,0.56645,0.34913
-6.90369,29.17444,10.56413,-0.09078,0.00186,0.99587,0.9977,0.0,0.0,nan,0.0,0.00375,0.01819,13.64804,1.6443,0.23457,0.41175,0.81729,0.73157,0.60816,0.81729
-6.99398,31.08842,-11.28992,-0.098,-0.00908,-0.99515,0.98411,0.0,0.0,nan,0.0,0.00793,0.0323,5.51422,1.80873,0.22793,0.35695,0.75729,0.95984,0.55287,0.75729
-7.07793,31.05587,10.6859,-0.12501,0.06551,0.98999,0.9979,0.0,0.0,nan,0.0,0.0102,0.02635,15.82755,3.58921,0.23099,0.56055,0.48007,0.77775,0.27861,0.48007
-6.96438,32.97364,-11.26425,-0.12116,0.01245,-0.99256,0.98763,0.0,0.0,nan,0.0,0.00476,0.02028,5.29128,1.82254,0.22925,0.37322,0.68027,0.86591,0.54869,0.68027
-7.32819,33.26052,9.71491,-0.19924,0.06319,0.97791,0.89664,0.0,0.0,nan,0.0,0.00644,0.01788,23.80628,1.80873,0.22852,0.46791,0.61323,0.83442,0.55287,0.61323
-6.79057,32.90625,10.42019,-0.20519,0.08685,0.97486,0.98833,0.0,0.0,nan,0.0,0.00982,0.02732,22.70544,1.68544,0.23695,0.57314,0.37677,0.68271,0.59332,0.37677
-6.98943,34.87494,-11.27404,-0.13354,0.03699,-0.99035,0.97605,0.0,0.0,nan,0.0,0.00611,0.02778,5.4129,1.87173,0.21895,0.46087,0.687,0.65306,0.53426,0.687
-7.4299,34.54303,9.75088,-0.18023,-0.09251,0.97927,0.92009,0.0,0.0,nan,0.0,0.0052,0.01729,27.93315,2.17352,0.23539,0.4423,0.67521,0.72871,0.46008,0.67521
-6.83665,35.19917,10.58573,-0.18243,-0.0923,0.97888,0.99749,0.0,0.0,nan,0.0,0.00743,0.02103,23.74273,1.8676,0.22441,0.41245,0.5697,0.92852,0.53545,0.5697
-6.89183,36.88121,-11.13847,-0.13238,0.06843,-0.98883,0.98058,0.0,0.0,nan,0.0,0.00627,0.05071,4.93789,1.6443,0.22705,0.34793,0.4305,0.4993,0.60816,0.4305
-7.02723,36.95743,10.9926,-0.12566,0.04194,0.99119,0.97243,0.0,0.0,nan,0.0,0.011,0.02695,30.18732,1.65663,0.23611,0.48691,0.26442,0.89358,0.60364,0.26442
-6.98457,39.01356,-10.99762,-0.13427,0.06967,-0.98849,0.9825,0.0,0.0,nan,0.0,0.00898,0.05564,4.63535,1.8922,0.22072,0.29585,0.60339,0.78076,0.52849,0.60339
-7.23562,39.23912,9.93935,-0.0057,0.08597,0.99628,0.98632,0.0,0.0,nan,0.0,0.01139,0.0301,31.7509,1.86628,0.23524,0.53218,0.41858,0.7558,0.53583,0.41858
-6.97716,38.94859,10.36587,-0.00645,0.08843,0.99606,0.99971,0.0,0.0,nan,0.0,0.00994,0.02515,31.73167,2.20885,0.22788,0.50121,0.50087,0.83788,0.45272,0.50087
-6.98334,40.9262,-10.82172,-0.14557,0.11543,-0.98259,0.9979,0.00199,0.00993,0.7,1.0,0.00452,0.06193,9.53374,2.25503,0.2224,0.6766,0.90906,0.26603,0.44345,0.90906
-7.01664,40.93578,10.7793,-0.0327,0.09177,0.99524,0.95401,0.0,0.0,nan,0.0,0.00665,0.02264,25.64129,1.94261,0.22637,0.44275,0.37369,0.7146,0.51477,0.37369
-7.02675,43.0875,-10.55899,-0.15637,0.14852,-0.97647,0.9987,0.0,0.0,nan,0.0,0.01048,0.04512,10.55644,1.80873,0.22143,0.69131,0.84116,0.56426,0.55287,0.84116
-6.92324,43.56694,9.82558,-0.00997,0.14668,0.98913,0.9981,0.0,0.0,nan,0.0,0.00695,0.01915,20.88319,3.61746,0.2364,0.49996,0.3525,0.79571,0.27644,0.3525
-7.01592,42.75425,10.3909,-0.02673,0.16389,0.98612,0.98532,0.0,0.0,nan,0.0,0.00914,0.02462,21.27883,1.81874,0.2335,0.55614,0.34624,0.73015,0.54983,0.34624
-6.95307,44.93653,-10.22218,-0.15411,0.15439,-0.97592,0.99357,0.0,0.0,nan,0.0,0.00572,0.04055,8.92341,1.80873,0.22419,0.62358,0.90905,0.5635,0.55287,0.90905
-7.82917,45.78153,-9.94695,-0.15213,0.14916,-0.97704,0.99095,0.0,0.0,nan,0.0,0.01452,0.07459,6.51843,1.72078,0.21145,0.63735,0.7623,0.41537,0.58113,0.7623
-7.0887,45.22334,9.9926,-0.01398,0.18365,0.98289,0.9832,0.0,0.0,nan,0.0,0.00732,0.01581,24.12124,3.54013,0.24582,0.56698,0.62793,0.88399,0.28248,0.62793
-6.90291,44.76604,10.08028,-0.00425,0.15375,0.9881,0.98904,0.0,0.0,nan,0.0,0.0067,0.01832,22.24224,1.73129,0.23404,0.46846,0.39086,0.85037,0.5776,0.39086
-6.55912,46.32132,-10.054,-0.13748,0.16847,-0.97607,0.99417,5e-05,0.00026,0.7,1.0,0.01676,0.06677,6.4471,1.6443,0.22603,0.5708,0.81629,0.73127,0.60816,0.81629
-7.19875,47.07124,-9.84266,-0.13418,0.17376,-0.9756,0.99639,0.0,0.0,nan,0.0,0.0179,0.06585,4.18529,1.89192,0.2046,0.40821,0.50698,0.98386,0.52856,0.50698
-7.05134,47.05295,9.23026,-0.06163,0.18985,0.97988,0.99739,0.0,0.0,nan,0.0,0.00955,0.02344,30.65403,1.71306,0.23874,0.46606,0.66481,0.93111,0.58375,0.66481
-7.07434,49.02414,-9.47886,-0.12328,0.18037,-0.97584,0.99548,0.0,0.0,nan,0.0,0.01484,0.066,4.02282,1.80873,0.21191,0.34859,0.43269,0.96603,0.55287,0.43269
-7.04159,48.91404,8.96987,-0.09504,0.01213,0.9954,0.99327,0.0,0.0,nan,0.0,0.00828,0.02278,29.94711,1.9134,0.23253,0.39599,0.72486,0.97923,0.52263,0.72486
-6.94337,50.98692,-9.13671,-0.11804,0.17408,-0.97763,0.9978,0.0,0.0,nan,0.0,0.01783,0.08106,6.31398,1.67278,0.21615,0.44161,0.45445,0.65603,0.59781,0.45445
-7.03767,51.02443,9.07019,-0.10777,0.0449,0.99316,0.99659,0.0,0.0,nan,0.0,0.0104,0.02611,26.94839,1.8252,0.23853,0.4446,0.51056,0.9623,0.54789,0.51056
-6.98978,53.04259,-8.82214,-0.12217,0.18796,-0.97455,0.9978,0.0,0.0,nan,0.0,0.01023,0.05391,5.96129,1.80759,0.20305,0.44241,0.56663,0.5727,0.55322,0.56663
-6.9512,52.92625,8.78349,-0.08215,-0.04496,0.99561,0.9985,0.0,0.0,nan,0.0,0.01044,0.02626,24.14196,1.86305,0.22765,0.50558,0.62834,0.85133,0.53675,0.62834
-6.9898,54.91298,-8.35058,-0.11747,0.18428,-0.97583,0.99568,0.0,0.0,nan,0.0,0.00999,0.06544,4.48858,1.8988,0.20557,0.47964,0.60865,0.46003,0.52665,0.60865
-7.07354,54.92532,9.34559,-0.08514,-0.06197,0.99444,0.99085,0.0,0.0,nan,0.0,0.0129,0.05339,17.18804,1.71644,0.2345,0.62639,0.72795,0.43057,0.5826,0.72795
-6.90773,56.5022,-8.11299,-0.10717,0.20242,-0.97342,0.98944,0.0,0.0,nan,0.0,0.00795,0.05302,3.87557,1.9356,0.20638,0.43114,0.69929,0.52747,0.51664,0.69929
-7.13619,57.55518,-7.89196,-0.09727,0.25087,-0.96312,0.98944,0.0,0.0,nan,0.0,0.01281,0.07254,4.7708,1.83708,0.21488,0.37453,0.55696,0.66929,0.54434,0.55696
-7.02964,56.98923,9.07928,-0.08431,0.21195,0.97364,0.99619,0.0,0.0,nan,0.0,0.00956,0.07286,9.74316,1.88886,0.23677,0.48228,0.7289,0.32797,0.52942,0.7289
-6.9419,59.03004,-7.46724,-0.0796,0.41348,-0.90703,0.98612,0.0,0.0,nan,0.0,0.00929,0.04444,6.17771,1.92394,0.22852,0.3566,0.3993,0.77587,0.51977,0.3993
-7.00516,59.79029,7.77493,0.00288,0.7253,0.68843,0.96649,0.0,0.0,nan,0.0,0.01462,0.07256,7.02338,2.33839,0.21999,0.33131,0.6447,0.7815,0.42764,0.6447
-6.96307,58.84118,8.47128,-0.02478,0.52378,0.85149,0.97616,0.0,0.0,nan,0.0,0.01408,0.06791,6.36739,1.66835,0.23747,0.36917,0.27183,0.73814,0.5994,0.27183
-6.9333,60.52046,-6.59744,-0.04524,0.6714,-0.73971,0.97545,0.0,0.0,nan,0.0,0.01266,0.06189,6.65251,1.89748,0.23188,0.36614,0.35388,0.72638,0.52701,0.35388
-7.00339,61.63594,-5.04741,-0.01714,0.91122,-0.41156,0.97223,0.0,0.0,nan,0.0,0.00801,0.03933,5.72016,1.93856,0.22975,0.35959,0.38843,0.76436,0.51585,0.38843
-6.90213,61.96723,-2.91986,-0.01208,0.99993,4e-05,0.99105,0.0,0.0,nan,0.0,0.00771,0.03188,5.90436,1.6443,0.23555,0.40241,0.47299,0.80429,0.60816,0.47299
-7.00426,61.66452,-0.97676,-0.00683,0.99188,0.12697,0.9977,0.0,0.0,nan,0.0,0.00909,0.04559,4.92606,1.83447,0.23317,0.32678,0.66284,0.85779,0.54512,0.66284
-7.01019,61.43247,0.973,0.01797,0.99341,0.11319,0.99921,0.02578,0.12892,0.7,1.0,0.00777,0.0517,5.12782,1.90302,0.21904,0.24917,0.58445,0.83894,0.52548,0.58445
-6.99328,61.14573,2.98028,0.0374,0.99145,0.12505,0.9983,0.00038,0.00192,0.7,1.0,0.01,0.06048,6.14892,1.66733,0.22421,0.23644,0.49027,0.92669,0.59976,0.49027
-7.04811,60.94151,5.01329,0.05135,0.97344,0.22311,0.9991,4e-05,0.00019,0.51,1.0,0.01239,0.05168,7.2391,2.42432,0.22643,0.36065,0.39482,0.8484,0.41249,0.39482
-7.03,60.38521,6.7981,0.03481,0.8709,0.49022,0.97938,0.0,0.0,nan,0.0,0.01403,0.05798,7.06334,2.20906,0.22816,0.36904,0.5222,0.84112,0.45268,0.5222
-7.53788,62.00389,-4.0025,-0.01662,0.98179,-0.18922,0.97203,0.0,0.0,nan,0.0,0.00988,0.03798,5.67602,1.72042,0.23714,0.41163,0.33385,0.85462,0.58125,0.33385
-7.46569,62.08053,-3.35422,-0.01356,0.99785,-0.06405,0.97928,0.0,0.0,nan,0.0,0.0103,0.03631,5.95351,1.68577,0.23736,0.47621,0.58743,0.79598,0.5932,0.58743
-4.99551,1.26692,-6.9544,0.02806,-0.77886,-0.62657,0.93358,0.0,0.0,nan,0.0,0.00821,0.0225,21.68023,2.02418,0.22854,0.55659,0.49945,0.716,0.49403,0.49945
-4.98397,0.68151,-5.01234,-0.04299,-0.96728,-0.25003,0.98894,0.0,0.0,nan,0.0,0.00867,0.04285,22.77377,3.37741,0.23823,0.45008,0.60151,0.48897,0.29608,0.60151
-5.02256,0.36484,-3.03428,-0.05315,-0.99455,-0.08973,0.99991,0.0,0.0,nan,0.0,0.01177,0.04287,19.74771,1.76904,0.23779,0.43113,0.49797,0.70151,0.56528,0.49797
-4.97532,0.24339,-0.91397,-0.01119,-0.97481,0.22276,0.97515,0.0,0.0,nan,0.0,0.01434,0.05359,17.92276,1.69837,0.23814,0.45832,0.53006,0.64918,0.5888,0.53006
-4.94783,1.51055,1.00794,-0.01685,-0.98266,0.18465,0.97656,0.0,0.0,nan,0.0,0.00357,0.0247,23.26771,3.34676,0.23322,0.6024,0.93974,0.66286,0.2988,0.93974
-5.05149,1.04688,2.99276,-0.01945,-0.98903,0.14643,0.99548,0.0,0.0,nan,0.0,0.00665,0.02414,21.35995,2.09488,0.2375,0.62524,0.65139,0.48215,0.47735,0.65139
-5.02251,1.77541,4.62802,0.00231,-0.94259,0.33395,0.99518,0.0,0.0,nan,0.0,0.01011,0.16273,15.56784,1.82267,0.22522,0.74289,0.95364,0.27104,0.54864,0.95364
-5.10567,3.21058,-8.44209,0.08117,-0.46094,-0.88371,0.98592,0.0,0.0,nan,0.0,0.00371,0.01849,19.15511,1.82766,0.24078,0.34083,0.52352,0.64973,0.54715,0.52352
-4.46265,2.5572,-7.74849,0.09173,-0.54295,-0.83474,0.99005,0.0,0.0,nan,0.0,0.00541,0.01906,21.04242,3.03818,0.24131,0.42915,0.30676,0.72408,0.32914,0.30676
-5.04624,2.16607,5.65946,-0.01601,-0.91973,0.39222,0.99991,0.0,0.0,nan,0.0,0.01757,0.08512,9.92202,1.6443,0.22639,0.29518,0.34157,0.83999,0.60816,0.34157
-5.00707,2.76306,6.9695,-0.03801,-0.89433,0.4458,0.9988,0.0,0.0,nan,0.0,0.01597,0.07807,9.94529,1.89039,0.22509,0.27561,0.33304,0.89143,0.52899,0.33304
-5.04074,3.59696,8.53476,-0.04442,-0.81423,0.57884,0.9983,0.0,0.0,nan,0.0,0.01609,0.07455,9.99431,1.87911,0.23105,0.2864,0.26524,0.90464,0.53217,0.26524
-5.01981,4.98056,-8.71827,0.03194,-0.19172,-0.98093,0.99437,0.0,0.0,nan,0.0,0.0079,0.02279,17.47827,3.02795,0.2326,0.44298,0.46963,0.87175,0.33026,0.46963
-5.006,4.44741,9.54452,-0.03643,-0.7153,0.69786,0.99528,0.0,0.0,nan,0.0,0.02107,0.06472,8.96549,1.85546,0.23561,0.42501,0.57847,0.93669,0.53895,0.57847
-5.00115,5.42349,10.54151,-0.02693,-0.5175,0.85526,0.97585,0.0,0.0,nan,0.0,0.00459,0.10694,18.10688,1.70742,0.24089,0.79777,0.97138,0.20509,0.58568,0.97138
-5.076,7.10052,-9.03359,-0.04224,-0.06276,-0.99713,0.9989,0.0,0.0,nan,0.0,0.00653,0.01862,23.07859,1.65276,0.23996,0.53715,0.56644,0.70985,0.60505,0.56644
-5.02361,7.02599,11.1685,-0.01345,-0.26912,0.96301,0.99176,0.0,0.0,nan,0.0,0.0033,0.02112,15.90784,1.85957,0.22061,0.69897,0.93631,0.62264,0.53776,0.93631
-4.91197,8.82465,-9.18904,-0.07834,-0.15371,-0.98501,0.99951,0.0,0.0,nan,0.0,0.01142,0.02542,24.01645,1.78918,0.23339,0.57297,0.40643,0.8496,0.55892,0.40643
-5.03049,8.88132,11.47091,-0.04887,-0.05186,0.99746,0.99105,0.0,0.0,nan,0.0,0.00566,0.01835,14.27824,1.7031,0.23479,0.50427,0.60739,0.69709,0.58716,0.60739
-4.98081,11.06552,-9.52877,-0.03491,-0.18469,-0.98218,0.99206,0.0,0.0,nan,0.0,0.00726,0.04531,51.02903,2.56318,0.23415,0.81862,0.91324,0.42613,0.39014,0.91324
-5.074,11.02942,11.41612,-0.17078,0.16342,0.97166,0.97837,0.0,0.0,nan,0.0,0.00911,0.0329,17.62589,1.81362,0.24587,0.60668,0.45983,0.50787,0.55138,0.45983
-4.99829,13.15802,-10.50698,-0.06434,-0.32995,-0.9418,0.94435,0.0,0.0,nan,0.0,0.00466,0.04147,46.14359,2.25009,0.23237,0.81448,0.96104,0.44344,0.44443,0.96104
-5.05554,12.39245,-9.36087,-0.03652,-0.29768,-0.95397,0.97686,0.0,0.0,nan,0.0,0.0044,0.04262,48.83546,2.37137,0.22954,0.81337,0.97739,0.48564,0.4217,0.97739
-5.21221,13.95772,9.94021,-0.14792,0.13827,0.97929,0.94374,0.0,0.0,nan,0.0,0.00355,0.0192,34.77098,1.7173,0.23915,0.38599,0.53934,0.50712,0.58231,0.53934
-5.02931,13.24963,10.89479,-0.16369,0.23209,0.95882,0.99337,0.0,0.0,nan,0.0,0.00331,0.02277,32.60028,2.03173,0.22791,0.39664,0.58097,0.38894,0.49219,0.58097
-5.08785,14.99798,-10.61838,-0.06541,-0.06465,-0.99576,0.97465,0.0,0.0,nan,0.0,0.01548,0.03355,18.87071,2.27545,0.22444,0.55938,0.33869,0.91246,0.43947,0.33869
-5.17444,14.66218,9.61503,-0.15829,0.02216,0.98714,0.90509,0.0,0.0,nan,0.0,0.00357,0.0205,36.90578,2.72343,0.23892,0.3386,0.34772,0.54249,0.36718,0.34772
-4.9163,15.2738,10.17231,-0.16537,-0.01515,0.98612,0.9831,0.0,0.0,nan,0.0,0.00556,0.02419,38.01102,3.3819,0.24803,0.38716,0.46551,0.62445,0.29569,0.46551
-4.9813,17.06301,-10.4594,-0.0603,-0.01155,-0.99811,0.99749,0.0,0.0,nan,0.0,0.00583,0.01735,21.17624,2.00589,0.23133,0.40605,0.37769,0.90483,0.49853,0.37769
-5.90915,17.54821,-9.88586,-0.15161,-0.03421,-0.98785,0.98421,0.0,0.0,nan,0.0,0.00469,0.01276,22.30645,2.60753,0.2233,0.41798,0.52483,0.9575,0.3835,0.52483
-5.23152,17.84686,9.93194,-0.17804,-0.00418,0.98401,0.97626,0.0,0.0,nan,0.0,0.00764,0.03381,35.2476,3.36173,0.2581,0.48827,0.42545,0.48939,0.29747,0.42545
-5.06114,17.0276,10.62976,-0.17001,0.01314,0.98536,0.98713,0.0,0.0,nan,0.0,0.00545,0.02986,37.03297,3.28374,0.25125,0.40365,0.3609,0.47679,0.30453,0.3609
-4.9469,18.93535,-10.62888,-0.08168,-0.14807,-0.9856,0.999,0.0,0.0,nan,0.0,0.006,0.01472,19.3907,2.10258,0.22654,0.49068,0.45364,0.91612,0.47561,0.45364
-5.14947,18.63709,9.7783,-0.1485,-0.03456,0.98831,0.95804,0.0,0.0,nan,0.0,0.01025,0.03716,28.45296,1.71799,0.24529,0.45151,0.37965,0.65362,0.58207,0.37965
-4.95967,19.11819,10.15617,-0.11092,-0.0251,0.99351,0.98884,0.0,0.0,nan,0.0,0.01308,0.037,24.19944,1.721,0.2332,0.54631,0.51129,0.7003,0.58106,0.51129
-5.02591,20.89157,-11.11487,-0.08129,-0.03547,-0.99606,0.99528,0.0,0.0,nan,0.0,0.00694,0.0187,16.80945,1.6443,0.23409,0.63231,0.68361,0.65623,0.60816,0.68361
-5.85231,21.91877,9.90271,0.02886,0.03052,0.99912,0.9835,0.0,0.0,nan,0.0,0.00539,0.01396,21.37256,3.2123,0.23619,0.44595,0.40632,0.94662,0.3113,0.40632
-5.03568,20.93489,10.52965,-0.02073,0.00601,0.99977,0.9983,0.0,0.0,nan,0.0,0.00852,0.0187,25.02076,1.86212,0.23712,0.58055,0.54928,0.84763,0.53702,0.54928
-5.01042,23.05043,-10.56513,-0.04869,-0.01679,-0.99867,0.9835,0.0,0.0,nan,0.0,0.01111,0.02195,15.67452,1.80873,0.24286,0.69289,0.75828,0.84621,0.55287,0.75828
-5.4978,22.57246,9.98956,0.02046,0.02157,0.99956,0.97575,0.0,0.0,nan,0.0,0.00963,0.0193,23.9666,1.69644,0.23707,0.55202,0.56479,0.97944,0.58947,0.56479
-4.88455,22.97179,10.38492,-0.0121,-0.01591,0.9998,0.9985,0.0,0.0,nan,0.0,0.0094,0.01755,24.45055,1.67758,0.24239,0.59267,0.44732,0.97805,0.5961,0.44732
-5.16419,25.00399,-11.10773,-0.04888,-0.10841,-0.9929,0.96438,0.0,0.0,nan,0.0,0.00478,0.04011,14.67119,1.6443,0.25511,0.80846,0.92093,0.36954,0.60816,0.92093
-5.00764,24.94833,10.60311,-0.00537,-0.20883,0.97794,0.99961,0.0,0.0,nan,0.0,0.01378,0.05139,20.77871,1.83521,0.24058,0.6784,0.79398,0.50417,0.5449,0.79398
-5.0175,26.94606,-11.18837,-0.02769,-0.04757,-0.99848,0.96196,0.0,0.0,nan,0.0,0.00816,0.05763,5.94193,1.66761,0.21397,0.22893,0.32668,0.82641,0.59966,0.32668
-5.03604,27.03669,10.9964,-0.02212,-0.03113,0.99927,0.9983,0.0,0.0,nan,0.0,0.00659,0.02493,14.16151,1.80873,0.23613,0.66188,0.65446,0.45558,0.55287,0.65446
-4.8999,29.011,-11.29366,-0.02591,-0.06046,-0.99783,0.96579,0.0,0.0,nan,0.0,0.01103,0.054,4.95158,1.78907,0.22436,0.30512,0.48277,0.94011,0.55895,0.48277
-4.98336,29.07739,10.8217,-0.02174,-0.04515,0.99874,0.99971,0.0,0.0,nan,0.0,0.00996,0.02433,15.36868,3.37784,0.23073,0.68584,0.50616,0.67453,0.29605,0.50616
-4.99239,31.0823,-11.42633,-0.04998,-0.03151,-0.99825,0.97263,0.0,0.0,nan,0.0,0.00699,0.03048,5.62996,1.90041,0.22422,0.34894,0.78306,0.99676,0.5262,0.78306
-4.9615,30.9576,11.25939,-0.0452,-0.02573,0.99865,0.98451,0.0,0.0,nan,0.0,0.00619,0.01577,16.32538,1.88664,0.23356,0.54572,0.3446,0.80776,0.53004,0.3446
-4.98982,33.03946,-11.44461,-0.05805,-0.00386,-0.99831,0.99397,0.0,0.0,nan,0.0,0.00601,0.02105,5.87349,1.68958,0.22288,0.39213,0.61734,0.97525,0.59186,0.61734
-4.9627,32.9255,11.29448,-0.09725,0.0552,0.99373,0.96005,0.0,0.0,nan,0.0,0.00723,0.01907,19.54852,2.0315,0.23233,0.59979,0.56167,0.69693,0.49225,0.56167
-5.01164,34.96585,-11.49958,-0.06091,0.03891,-0.99738,0.9834,0.0,0.0,nan,0.0,0.00902,0.02827,6.01844,1.7362,0.23093,0.48365,0.57387,0.87882,0.57597,0.57387
-5.02393,35.08947,10.89654,-0.10847,-0.0256,0.99377,0.99166,0.0,0.0,nan,0.0,0.00743,0.02066,21.78531,1.66616,0.24409,0.44229,0.47566,0.88762,0.60018,0.47566
-4.95843,37.00024,-11.26331,-0.05335,0.07066,-0.99607,0.97807,0.0,0.0,nan,0.0,0.0119,0.04879,5.69845,1.87356,0.22588,0.42178,0.80338,0.94239,0.53374,0.80338
-5.00438,37.07298,10.87391,-0.0748,0.1246,0.98938,0.98884,0.0,0.0,nan,0.0,0.01657,0.04444,24.30605,2.22584,0.23318,0.54359,0.50325,0.74259,0.44927,0.50325
-5.04696,38.96917,-11.19678,-0.07116,0.06708,-0.99521,0.98582,0.00591,0.02953,0.7,1.0,0.01062,0.04535,5.76873,1.6443,0.21161,0.31993,0.37376,0.9858,0.60816,0.37376
-5.02673,39.36932,9.68534,-0.11077,0.09644,0.98916,0.89946,0.0,0.0,nan,0.0,0.00629,0.01732,26.30164,2.0461,0.23057,0.42458,0.5742,0.92009,0.48873,0.5742
-4.82453,38.69624,10.22642,-0.12934,0.14967,0.98024,0.9823,0.0,0.0,nan,0.0,0.00839,0.02063,26.20703,3.39576,0.23398,0.53031,0.53645,0.82518,0.29448,0.53645
-5.04382,40.96825,-11.1124,-0.08851,0.09202,-0.99182,0.98934,0.0,0.0,nan,0.0,0.0103,0.04301,5.45424,1.66624,0.20433,0.36762,0.48964,0.89,0.60015,0.48964
-5.36621,40.23286,9.99569,-0.04879,0.06459,0.99672,0.97666,0.0,0.0,nan,0.0,0.00664,0.01649,23.60198,1.7241,0.23747,0.45307,0.4683,0.96416,0.58001,0.4683
-5.07219,40.93389,10.60287,-0.06386,0.07543,0.9951,0.98854,0.0,0.0,nan,0.0,0.00722,0.01849,23.57785,1.6443,0.23668,0.55137,0.31354,0.76825,0.60816,0.31354
-5.01249,43.01282,-10.79846,-0.12271,0.13581,-0.98311,0.99518,0.0,0.0,nan,0.0,0.00929,0.0634,8.03681,1.80873,0.22086,0.59023,0.88679,0.55163,0.55287,0.88679
-5.13437,43.08891,9.40228,-0.07404,0.16187,0.98403,0.93609,0.0,0.0,nan,0.0,0.0089,0.02329,20.13944,1.83835,0.24004,0.54349,0.53631,0.77322,0.54397,0.53631
-4.4369,42.54077,10.26695,-0.11197,0.14063,0.98371,0.99397,0.0,0.0,nan,0.0,0.00766,0.0167,24.4966,3.54906,0.24392,0.61548,0.54226,0.8062,0.28176,0.54226
-4.98,45.01388,-10.5021,-0.13376,0.15937,-0.97812,0.99548,0.0,0.0,nan,0.0,0.009,0.05241,8.19135,1.6443,0.22072,0.48205,0.89827,0.84367,0.60816,0.89827
-5.4647,45.03746,9.99139,-0.06496,0.13875,0.98819,0.9991,0.0,0.0,nan,0.0,0.00595,0.01434,23.12301,1.87826,0.23216,0.54846,0.56314,0.8213,0.53241,0.56314
-4.63706,45.0466,10.18925,-0.10192,0.13424,0.98569,0.99407,0.0,0.0,nan,0.0,0.00607,0.01563,25.53794,3.53546,0.2386,0.56567,0.75509,0.75236,0.28285,0.75509
-4.79315,46.75557,-10.18544,-0.1233,0.19336,-0.97335,0.99387,0.0,0.0,nan,0.0,0.01152,0.05043,6.5018,1.70444,0.22732,0.39381,0.5326,0.75853,0.5867,0.5326
-5.22199,47.66157,-9.93594,-0.11603,0.20119,-0.97266,0.99427,0.0,0.0,nan,0.0,0.00809,0.05191,5.68161,1.75127,0.21119,0.3487,0.51254,0.6041,0.57101,0.51254
-4.89953,47.09842,9.15689,-0.1626,0.14455,0.97605,0.9837,0.0,0.0,nan,0.0,0.01001,0.02415,29.11331,1.71007,0.23752,0.62732,0.76265,0.73584,0.58477,0.76265
-4.10477,46.04124,10.0322,-0.09303,0.12367,0.98795,0.98995,0.0,0.0,nan,0.0,0.01024,0.02061,27.1129,1.90031,0.23925,0.60023,0.58895,0.88903,0.52623,0.58895
-4.98311,49.02822,-9.70427,-0.09743,0.19172,-0.9766,0.99377,0.0,0.0,nan,0.0,0.0252,0.09029,4.93674,1.6443,0.21567,0.45971,0.70654,0.85308,0.60816,0.70654
-5.01494,48.92032,9.48951,-0.15985,-0.01417,0.98704,0.9989,0.0,0.0,nan,0.0,0.0082,0.02229,26.46431,1.6443,0.23512,0.43022,0.52788,0.9197,0.60816,0.52788
-5.02032,51.05605,-9.3187,-0.09918,0.17291,-0.97993,0.99588,0.0,0.0,nan,0.0,0.0103,0.06779,5.83628,1.74062,0.19802,0.39776,0.73915,0.51304,0.57451,0.73915
-4.96317,50.99908,9.31374,-0.09325,0.10193,0.99041,0.9979,0.0,0.0,nan,0.0,0.01511,0.03476,24.67732,1.88763,0.22882,0.48098,0.41346,0.97688,0.52976,0.41346
-5.06752,52.91149,-8.96037,-0.10921,0.18003,-0.97758,0.999,0.0,0.0,nan,0.0,0.00816,0.05864,5.87537,1.76057,0.19148,0.39682,0.6775,0.4698,0.568,0.6775
-5.02575,52.99468,8.95391,-0.05113,0.00144,0.99869,0.99478,0.0,0.0,nan,0.0,0.01287,0.03049,24.94071,2.00232,0.22514,0.48963,0.4636,0.93143,0.49942,0.4636
-4.98335,54.95546,-8.60773,-0.11796,0.18672,-0.97531,0.9978,0.0,0.0,nan,0.0,0.00911,0.05968,4.94699,2.01869,0.20562,0.31671,0.54329,0.67665,0.49537,0.54329
-4.98131,54.9813,9.42167,0.05365,0.00323,0.99855,0.98501,0.0,0.0,nan,0.0,0.00696,0.02669,19.67904,1.67994,0.23066,0.47331,0.39598,0.60721,0.59526,0.39598
-4.98115,57.0081,-8.23785,-0.11263,0.23482,-0.96549,0.99619,0.0,0.0,nan,0.0,0.01528,0.0633,4.64426,1.87551,0.21505,0.37633,0.45239,0.91766,0.53319,0.45239
-5.62964,57.82896,-7.93963,-0.0991,0.28402,-0.95368,0.99417,0.0,0.0,nan,0.0,0.01494,0.06668,5.1565,2.14659,0.22197,0.36641,0.57221,0.84882,0.46586,0.57221
-4.99416,56.99794,9.1874,0.11839,0.21424,0.96958,0.99327,0.0,0.0,nan,0.0,0.00588,0.02458,15.22445,2.20414,0.23144,0.63225,0.45872,0.42846,0.45369,0.45872
-4.30712,58.05878,-8.02883,-0.11137,0.31084,-0.94391,0.99558,0.0,0.0,nan,0.0,0.01797,0.06476,4.96678,1.91746,0.22411,0.4079,0.58006,0.9544,0.52152,0.58006
-4.99503,59.13217,-7.63056,-0.08814,0.44193,-0.89271,0.98662,0.0,0.0,nan,0.0,0.00985,0.04388,6.181,2.0279,0.23668,0.31803,0.36118,0.93416,0.49312,0.36118
-5.01614,59.79897,7.74556,0.01167,0.74357,0.66855,0.95009,0.0,0.0,nan,0.0,0.00677,0.10774,8.62069,1.6443,0.24058,0.30297,0.77171,0.27458,0.60816,0.77171
-4.96382,58.92945,8.51946,0.0308,0.51045,0.85935,0.94083,0.0,0.0,nan,0.0,0.00472,0.03411,12.2613,3.45159,0.23253,0.61637,0.71914,0.26126,0.28972,0.71914
-4.9756,60.59368,-6.65028,-0.05631,0.69852,-0.71337,0.97998,0.0,0.0,nan,0.0,0.00568,0.04762,5.56949,1.83972,0.22798,0.24068,0.3883,0.6732,0.54356,0.3883
-4.97329,61.6278,-5.07278,-0.01968,0.91667,-0.39915,0.98109,0.0,0.0,nan,0.0,0.00844,0.03986,5.39909,1.97646,0.22915,0.37216,0.49214,0.77948,0.50596,0.49214
-4.83923,61.99669,-2.99137,-0.00868,0.99979,-0.01855,0.99166,0.0,0.0,nan,0.0,0.00918,0.03598,5.27781,2.28176,0.22979,0.37398,0.43984,0.94112,0.43826,0.43984
-5.02568,61.71706,-1.02427,-0.01419,0.99074,0.135,0.99709,0.0,0.0,nan,0.0,0.00958,0.04623,4.73576,1.90159,0.22575,0.30313,0.33662,0.97279,0.52587,0.33662
-5.00784,61.46569,1.02943,0.00606,0.99065,0.13626,0.99709,0.00156,0.00778,0.7,1.0,0.01225,0.07031,5.16695,1.6443,0.23409,0.25459,0.52841,0.94934,0.60816,0.52841
-5.02312,61.16603,2.98419,0.02831,0.98904,0.14491,0.99679,0.0,0.0,nan,0.0,0.01122,0.07651,5.77442,1.6443,0.22504,0.21463,0.45732,0.9196,0.60816,0.45732
-4.97678,60.85519,5.03361,0.03272,0.97388,0.22471,0.9987,0.00282,0.01408,0.7,1.0,0.01612,0.08483,6.10391,2.2546,0.2262,0.2959,0.41435,0.85269,0.44354,0.41435
-4.98538,60.33712,6.78504,0.00973,0.88826,0.45923,0.9831,0.0,0.0,nan,0.0,0.02305,0.07367,6.31383,2.18136,0.23252,0.44335,0.40951,0.92921,0.45843,0.40951
-5.6313,62.02604,-4.05983,-0.00296,0.98063,-0.19587,0.97475,0.0,0.0,nan,0.0,0.00645,0.03086,5.32272,2.4125,0.23161,0.28879,0.52835,0.99643,0.41451,0.52835
-5.01604,62.00846,-2.92999,-0.00708,0.99992,-0.01086,0.99145,0.0,0.0,nan,0.0,0.00793,0.03591,5.42679,2.05268,0.22911,0.32814,0.47729,0.92147,0.48717,0.47729
-2.99341,1.06393,-6.68819,-0.03379,-0.7619,-0.64682,0.93861,0.0,0.0,nan,0.0,0.00739,0.02291,24.69669,1.6443,0.23756,0.52551,0.51399,0.66311,0.60816,0.51399
-3.0795,0.34944,-4.93979,-0.09214,-0.95913,-0.26753,0.96549,0.0,0.0,nan,0.0,0.00756,0.04467,24.32705,1.86667,0.24479,0.39844,0.5892,0.45944,0.53571,0.5892
-3.00382,0.31393,-3.08186,-0.03858,-0.99921,-0.0097,0.99619,0.0,0.0,nan,0.0,0.00822,0.03647,21.52075,1.77884,0.23945,0.37718,0.63652,0.65298,0.56217,0.63652
-2.95787,0.42218,-0.91879,0.03895,-0.97731,0.20822,0.98874,0.0,0.0,nan,0.0,0.01737,0.06084,21.38258,1.75528,0.23438,0.48825,0.61074,0.6394,0.56971,0.61074
-3.04971,1.09669,1.04338,-0.00689,-0.98705,0.16024,0.9979,0.0,0.0,nan,0.0,0.0081,0.03141,21.27592,2.53154,0.23297,0.45715,0.74776,0.61739,0.39502,0.74776
-2.99753,1.15088,3.02097,-0.01706,-0.98315,0.18201,0.99749,0.0,0.0,nan,0.0,0.00476,0.03262,16.08574,2.04021,0.23042,0.60261,0.82756,0.36233,0.49015,0.82756
-2.95802,1.74641,4.71859,-0.00485,-0.94242,0.3344,0.99931,0.0,0.0,nan,0.0,0.02965,0.10283,7.30256,1.85527,0.23239,0.36839,0.60257,0.99692,0.53901,0.60257
-2.98286,3.83873,-8.32247,-0.04264,-0.45351,-0.89023,0.99709,0.0,0.0,nan,0.0,0.00941,0.02055,21.44159,1.6443,0.23861,0.5048,0.32809,0.99216,0.60816,0.32809
-2.89609,2.7279,-7.47361,-0.0349,-0.54739,-0.83615,0.99568,0.0,0.0,nan,0.0,0.00834,0.01896,21.85592,2.74465,0.23626,0.51812,0.46431,0.92683,0.36434,0.46431
-3.07015,2.09611,5.64973,-0.0267,-0.93551,0.35229,0.9989,0.0,0.0,nan,0.0,0.01641,0.09476,7.98814,2.04286,0.22346,0.28796,0.41971,0.75217,0.48951,0.41971
-2.9873,2.61879,6.97617,-0.04896,-0.90398,0.42477,0.9989,0.0,0.0,nan,0.0,0.01519,0.0747,8.14258,1.88078,0.23085,0.29797,0.44417,0.84988,0.5317,0.44417
-2.96308,3.50169,8.67094,-0.05085,-0.7991,0.59905,0.99568,0.0,0.0,nan,0.0,0.01702,0.08038,8.61554,1.98235,0.23991,0.30355,0.27276,0.85961,0.50445,0.27276
-3.04181,4.88257,-8.92285,-0.06738,-0.28387,-0.95649,0.97988,0.0,0.0,nan,0.0,0.00885,0.01943,19.04595,2.32208,0.2237,0.53098,0.66327,0.94794,0.43065,0.66327
-2.97707,4.41975,9.61256,-0.03796,-0.69503,0.71797,0.99669,0.0,0.0,nan,0.0,0.01891,0.07127,7.72882,1.71498,0.2371,0.34488,0.40501,0.96831,0.5831,0.40501
-2.92422,5.32423,10.47985,-0.02737,-0.53864,0.84209,0.97938,0.0,0.0,nan,0.0,0.03078,0.1537,8.27001,1.75617,0.2399,0.63231,0.88887,0.70792,0.56942,0.88887
-2.99013,6.99312,-8.93125,-0.13318,-0.09656,-0.98638,0.99518,0.0,0.0,nan,0.0,0.00576,0.02246,20.40403,2.68084,0.2261,0.65907,0.79754,0.50372,0.37302,0.79754
-2.97875,6.98758,11.25503,-0.00951,-0.25716,0.96632,0.99206,0.0,0.0,nan,0.0,0.00387,0.01868,14.85626,1.86456,0.22133,0.74134,0.88519,0.55817,0.53632,0.88519
-3.0471,9.02754,-9.24376,-0.07306,-0.07919,-0.99418,0.99619,0.0,0.0,nan,0.0,0.00708,0.01625,21.23999,1.70785,0.24559,0.69235,0.63189,0.68891,0.58553,0.63189
-2.96997,8.84446,11.39032,-0.00779,-0.10259,0.99469,0.99961,0.0,0.0,nan,0.0,0.00247,0.0148,11.14415,1.85553,0.23434,0.6193,0.89358,0.58824,0.53893,0.89358
-2.95373,10.95167,-9.20286,0.0245,-0.08406,-0.99616,0.97857,0.0,0.0,nan,0.0,0.00547,0.0325,38.82601,1.7468,0.23824,0.71591,0.88128,0.42599,0.57247,0.88128
-3.02055,10.96477,11.49447,0.01462,0.09401,0.99546,0.98864,0.0,0.0,nan,0.0,0.01751,0.0634,11.65963,1.6443,0.24313,0.6927,0.53889,0.46704,0.60816,0.53889
-3.46268,13.2216,-10.43046,0.07514,-0.35308,-0.93257,0.97756,0.0,0.0,nan,0.0,0.00603,0.03408,37.71984,2.44746,0.2313,0.76268,0.90737,0.49163,0.40859,0.90737
-2.73439,12.70746,-9.50578,0.0735,-0.30238,-0.95035,0.97756,0.0,0.0,nan,0.0,0.00796,0.03239,42.949,3.19685,0.23681,0.71754,0.87529,0.59861,0.31281,0.87529
-2.95304,13.10297,10.9059,-0.03594,0.26118,0.96462,0.98964,0.0,0.0,nan,0.0,0.00562,0.03167,36.49808,3.00954,0.23846,0.68731,0.81563,0.3445,0.33228,0.81563
-3.0393,15.05007,-10.41141,0.05521,-0.09509,-0.99394,0.99015,0.0,0.0,nan,0.0,0.00843,0.02226,22.53876,1.81897,0.23871,0.50258,0.60935,0.8203,0.54976,0.60935
-2.33559,14.26252,-9.82987,0.06104,-0.28297,-0.95718,0.99216,0.0,0.0,nan,0.0,0.01453,0.03593,34.2545,2.54017,0.22848,0.68162,0.54927,0.62817,0.39367,0.54927
-2.08555,14.17193,9.99331,-0.04724,0.05697,0.99726,0.92623,0.0,0.0,nan,0.0,0.01028,0.03244,33.44145,3.53572,0.23497,0.59529,0.67945,0.56416,0.28283,0.67945
-3.08089,14.85101,10.75017,-0.09953,0.01027,0.99498,0.99337,0.0,0.0,nan,0.0,0.00808,0.03616,32.03284,1.95419,0.23062,0.5126,0.42247,0.46325,0.51172,0.42247
-3.01687,17.0358,-10.36875,-0.01133,-0.05794,-0.99826,0.99679,0.0,0.0,nan,0.0,0.00644,0.02044,20.44658,2.91065,0.2422,0.432,0.43339,0.80075,0.34357,0.43339
-2.21612,17.37356,-9.95163,-0.04981,-0.07756,-0.99574,0.95049,0.0,0.0,nan,0.0,0.00591,0.01813,21.99618,2.86151,0.23581,0.42657,0.39084,0.83367,0.34947,0.39084
-2.95496,16.95833,10.97811,-0.0072,0.08071,0.99671,0.952,0.0,0.0,nan,0.0,0.00846,0.02746,27.01634,1.8283,0.24646,0.70044,0.76737,0.50014,0.54696,0.76737
-3.00384,18.93795,-10.66883,-0.03881,-0.1875,-0.9815,0.99981,0.0,0.0,nan,0.0,0.00606,0.01703,18.3424,2.45977,0.23138,0.50695,0.30431,0.7786,0.40654,0.30431
-3.03884,19.02532,10.65521,0.02374,-0.03803,0.99899,0.99679,0.0,0.0,nan,0.0,0.01373,0.02957,25.36151,1.6443,0.24579,0.7032,0.52089,0.71254,0.60816,0.52089
-2.99527,20.96939,-11.05278,-0.04346,-0.02321,-0.99879,0.9978,0.0,0.0,nan,0.0,0.0056,0.01531,14.75225,3.42624,0.23598,0.57802,0.44155,0.71811,0.29186,0.44155
-2.93547,20.93864,10.88763,-0.06752,0.01782,0.99756,0.98582,0.0,0.0,nan,0.0,0.00682,0.02009,22.33345,2.73024,0.23698,0.55524,0.31261,0.66606,0.36627,0.31261
-2.96949,23.04872,-10.72186,-0.02932,-0.01018,-0.99952,0.95139,0.0,0.0,nan,0.0,0.00323,0.01641,14.65869,1.89186,0.24386,0.51782,0.90664,0.86503,0.52858,0.90664
-3.36026,22.92388,9.68937,-0.11884,0.01748,0.99276,0.92583,0.0,0.0,nan,0.0,0.00824,0.01873,24.48828,2.2368,0.23674,0.58868,0.37008,0.80881,0.44707,0.37008
-2.8316,23.03003,10.13834,-0.11146,0.00867,0.99373,0.98491,0.0,0.0,nan,0.0,0.00762,0.01796,23.53653,2.11806,0.23214,0.62018,0.31579,0.74256,0.47213,0.31579
-3.13584,25.03111,-11.19843,-0.03219,-0.09427,-0.99503,0.95965,0.0,0.0,nan,0.0,0.00447,0.05504,10.3664,1.87828,0.24506,0.80119,0.9558,0.35448,0.5324,0.9558
-2.98579,24.97646,10.62878,-0.03657,-0.14658,0.98852,0.99739,0.0,0.0,nan,0.0,0.01373,0.03288,20.37224,1.95723,0.21152,0.74716,0.72001,0.61393,0.51093,0.72001
-2.99957,27.01433,-11.21793,-0.01144,-0.03183,-0.99943,0.93438,0.0,0.0,nan,0.0,0.00848,0.04733,4.84868,1.65301,0.21727,0.27084,0.52465,0.9346,0.60496,0.52465
-2.96711,27.12363,10.84477,-0.00219,-0.04619,0.99893,0.99981,0.0,0.0,nan,0.0,0.00972,0.03087,16.64048,1.6443,0.22481,0.64705,0.66694,0.54491,0.60816,0.66694
-3.05043,28.89165,-11.35605,0.0037,-0.05348,-0.99856,0.95653,0.0,0.0,nan,0.0,0.01038,0.04952,5.03554,1.75296,0.22127,0.34446,0.40664,0.85023,0.57046,0.40664
-2.96923,29.05187,11.04251,0.01714,-0.01073,0.9998,0.99971,0.0,0.0,nan,0.0,0.00536,0.01574,17.77524,1.70097,0.23244,0.43379,0.46544,0.8743,0.5879,0.46544
-3.05403,31.0383,-11.45651,0.01926,-0.0501,-0.99856,0.96156,0.0,0.0,nan,0.0,0.00832,0.03826,5.60641,1.99382,0.21456,0.31136,0.4695,0.94785,0.50155,0.4695
-2.9914,30.99746,11.1607,0.02441,-0.02197,0.99946,0.9987,0.0,0.0,nan,0.0,0.0042,0.0131,17.94884,1.95704,0.22398,0.38557,0.49892,0.92443,0.51098,0.49892
-3.06323,32.97049,-11.59819,0.0136,-0.00803,-0.99988,0.99156,0.0,0.0,nan,0.0,0.01035,0.03878,5.94096,1.69102,0.23044,0.38516,0.50968,0.92652,0.59136,0.50968
-3.02746,32.99392,10.75169,0.09208,0.07609,0.99284,0.99307,0.0,0.0,nan,0.0,0.00967,0.01855,19.24947,1.98987,0.24053,0.599,0.36693,0.96112,0.50254,0.36693
-3.05034,34.9801,-11.46848,0.01042,0.0397,-0.99916,0.99739,0.0,0.0,nan,0.0,0.00986,0.03665,5.8193,1.85859,0.21609,0.36134,0.39995,1.0,0.53804,0.39995
-2.85445,34.93036,10.52133,0.12197,-0.04393,0.99156,0.98421,0.0,0.0,nan,0.0,0.00835,0.02016,20.83745,1.80873,0.23151,0.48442,0.38162,0.93692,0.55287,0.38162
-3.00259,37.01575,-11.38573,0.00287,0.05943,-0.99823,0.99588,0.0,0.0,nan,0.0,0.01148,0.04621,5.5296,2.05757,0.20991,0.3558,0.36504,0.95075,0.48601,0.36504
-2.98568,36.87835,11.18524,0.04503,0.00189,0.99898,0.97132,0.0,0.0,nan,0.0,0.00652,0.0246,21.36199,3.40827,0.23903,0.43522,0.36183,0.66627,0.2934,0.36183
-3.02515,38.92317,-11.2647,-0.01798,0.04924,-0.99863,0.9829,0.0,0.0,nan,0.0,0.01291,0.04665,5.25969,1.89197,0.21347,0.38198,0.57088,1.0,0.52855,0.57088
-3.00884,39.12617,10.93776,-0.04201,0.12231,0.9916,0.99719,0.0,0.0,nan,0.0,0.00953,0.02661,27.54398,1.6443,0.24877,0.58642,0.3785,0.65493,0.60816,0.3785
-2.92205,40.93724,-11.17632,-0.03138,0.07314,-0.99683,0.97193,0.00103,0.00514,0.7,1.0,0.00973,0.03789,5.81592,1.67341,0.21598,0.4039,0.46845,0.85415,0.59758,0.46845
-2.96908,41.06066,10.67656,-0.0836,0.04198,0.99561,0.99105,0.0,0.0,nan,0.0,0.00789,0.01834,22.05641,1.89319,0.23353,0.54202,0.33563,0.86603,0.52821,0.33563
-3.13084,42.98162,-11.06236,-0.05465,0.11509,-0.99185,0.95904,0.0,0.0,nan,0.0,0.00805,0.04012,5.89059,1.69451,0.22229,0.43314,0.63338,0.62039,0.59014,0.63338
-3.789,43.75093,9.83747,-0.12525,0.15207,0.9804,0.998,0.0,0.0,nan,0.0,0.00825,0.01893,24.3676,1.6443,0.23002,0.57307,0.34826,0.8224,0.60816,0.34826
-2.95115,43.01892,10.69125,-0.09052,0.17381,0.98061,0.98068,0.0,0.0,nan,0.0,0.00715,0.01832,23.6067,1.71351,0.22917,0.51497,0.52915,0.82228,0.5836,0.52915
-3.01434,45.02159,-10.72425,-0.06415,0.15555,-0.98574,0.97364,0.0,0.0,nan,0.0,0.00987,0.03636,7.11605,1.68796,0.22543,0.42669,0.40255,0.81487,0.59243,0.40255
-2.78058,44.38429,9.99923,-0.08447,0.15268,0.98466,0.99719,0.0,0.0,nan,0.0,0.00657,0.01714,24.92247,1.88751,0.22487,0.45834,0.32196,0.90423,0.5298,0.32196
-3.00904,45.12456,10.35622,-0.10236,0.15703,0.98227,0.97877,0.0,0.0,nan,0.0,0.00572,0.0161,22.47765,1.90465,0.23243,0.43375,0.34474,0.89152,0.52503,0.34474
-3.03177,47.06967,-10.47046,-0.06166,0.20743,-0.9763,0.99337,0.0,0.0,nan,0.0,0.01208,0.03938,6.51892,1.73633,0.23041,0.41402,0.58814,0.96816,0.57593,0.58814
-3.10185,46.98787,9.64344,-0.07059,0.12975,0.98903,0.99739,0.0,0.0,nan,0.0,0.00788,0.01664,23.13895,1.6443,0.24437,0.52355,0.51258,0.98252,0.60816,0.51258
-2.5428,46.35023,10.08831,-0.07434,0.15711,0.98478,0.99226,0.0,0.0,nan,0.0,0.01066,0.02119,22.6187,3.2331,0.23164,0.60039,0.53832,0.91256,0.3093,0.53832
-2.72388,48.26948,-10.07221,-0.05646,0.21381,-0.97524,0.98693,0.0,0.0,nan,0.0,0.00787,0.04212,6.42489,2.12559,0.22448,0.43697,0.84238,0.79579,0.47046,0.84238
-3.08429,49.2093,-9.78268,-0.07242,0.19646,-0.97783,0.98703,0.0,0.0,nan,0.0,0.00904,0.04207,5.08204,1.6443,0.21866,0.31434,0.50535,0.95256,0.60816,0.50535
-3.0233,49.00721,9.57728,-0.02861,0.03286,0.99905,0.998,0.0,0.0,nan,0.0,0.00835,0.01811,21.01864,1.80873,0.2377,0.50498,0.31868,1.0,0.55287,0.31868
-3.05585,51.04931,-9.56475,-0.08234,0.15665,-0.98422,0.99115,0.0,0.0,nan,0.0,0.0099,0.05466,5.11069,1.6939,0.22542,0.30796,0.50856,0.81866,0.59035,0.50856
-3.02525,51.02489,9.63164,-0.00156,0.13812,0.99041,0.99156,0.0,0.0,nan,0.0,0.01077,0.0249,22.02643,3.04625,0.23912,0.49194,0.53723,0.95955,0.32827,0.53723
-2.93025,53.0305,-9.19697,-0.10291,0.15975,-0.98178,0.99196,0.0,0.0,nan,0.0,0.00241,0.02969,5.7398,1.6443,0.20838,0.17563,0.36844,0.62285,0.60816,0.36844
-2.94725,52.886,8.94006,0.00681,0.05685,0.99836,0.99397,0.0,0.0,nan,0.0,0.00926,0.02516,24.03142,3.55674,0.24424,0.3991,0.49888,0.99923,0.28116,0.49888
-2.97443,55.01312,-8.87585,-0.12942,0.17818,-0.97545,0.99609,0.0,0.0,nan,0.0,0.00776,0.04742,5.78092,1.65017,0.2227,0.36699,0.51392,0.60038,0.606,0.51392
-2.99896,55.04673,9.12195,0.08963,0.11281,0.98957,0.99659,0.0,0.0,nan,0.0,0.00997,0.02201,24.95215,1.74973,0.23916,0.55683,0.49172,0.87847,0.57152,0.49172
-3.0036,56.94056,-8.49781,-0.13449,0.23336,-0.96305,0.9983,0.0,0.0,nan,0.0,0.01528,0.05487,5.13943,1.75112,0.22587,0.4168,0.52222,0.92782,0.57106,0.52222
-2.91878,56.88228,7.81169,0.08616,0.15995,0.98336,0.90399,0.0,0.0,nan,0.0,0.00603,0.01507,21.32246,2.72666,0.22915,0.54345,0.4175,0.80578,0.36675,0.4175
-3.37292,56.90225,8.41765,0.10093,0.17877,0.9787,0.99025,0.0,0.0,nan,0.0,0.0053,0.01556,19.10095,2.84727,0.23282,0.50019,0.38251,0.75289,0.35121,0.38251
-2.75477,58.47079,-8.11151,-0.12826,0.36001,-0.92409,0.99588,0.0,0.0,nan,0.0,0.01312,0.04613,5.29486,1.9102,0.22624,0.4281,0.70062,0.91549,0.52351,0.70062
-3.07759,59.3681,-7.69065,-0.11313,0.48605,-0.86658,0.98934,0.0,0.0,nan,0.0,0.01414,0.05357,5.09571,1.9003,0.24229,0.37159,0.72474,0.98906,0.52623,0.72474
-3.09461,59.84316,7.78176,-0.01536,0.71214,0.70187,0.92029,0.0,0.0,nan,0.0,0.00216,0.04499,12.57552,3.30594,0.24936,0.29415,0.75841,0.19439,0.30249,0.75841
-3.006,58.91761,8.58342,0.00053,0.40202,0.91563,0.93569,0.0,0.0,nan,0.0,0.00248,0.01798,18.25908,2.02693,0.23474,0.45331,0.40977,0.33724,0.49336,0.40977
-2.98018,60.65816,-6.73014,-0.08562,0.72416,-0.6843,0.98189,0.0,0.0,nan,0.0,0.01303,0.05959,4.45516,1.77008,0.23768,0.33329,0.70502,0.95047,0.56495,0.70502
-3.00049,61.7207,-4.98709,-0.0305,0.93754,-0.34653,0.9831,0.0,0.0,nan,0.0,0.01299,0.0604,4.66308,1.87996,0.22758,0.35778,0.62948,0.85887,0.53193,0.62948
-2.98898,61.98353,-3.01215,-0.00403,0.99985,-0.01655,0.99125,0.0,0.0,nan,0.0,0.01122,0.04443,5.25352,1.80873,0.23133,0.34946,0.38177,0.99804,0.55287,0.38177
-2.96648,61.81098,-1.04003,-0.00935,0.99084,0.13469,0.99629,0.0,0.0,nan,0.0,0.01099,0.05776,5.1584,1.97529,0.22184,0.26408,0.35991,1.0,0.50625,0.35991
-3.01708,61.38179,0.97205,-0.00219,0.98733,0.15865,0.9982,0.0,0.0,nan,0.0,0.01011,0.06281,4.58912,2.08369,0.21851,0.2316,0.4113,0.99802,0.47992,0.4113
-2.98684,61.12093,2.93319,0.0094,0.98814,0.15327,0.99709,0.0,0.0,nan,0.0,0.0111,0.08881,4.69416,1.68061,0.22319,0.19544,0.51442,0.91177,0.59502,0.51442
-2.97443,60.79622,5.02916,0.0065,0.97745,0.21106,0.99749,0.0,0.0,nan,0.0,0.02146,0.08731,4.97647,2.06675,0.22638,0.41849,0.63227,0.82341,0.48385,0.63227
-2.98302,60.34766,6.8087,-0.01158,0.88409,0.46717,0.96589,0.01463,0.07313,0.51,1.0,0.01656,0.11892,6.07824,2.81747,0.2273,0.44773,0.7225,0.41344,0.35493,0.7225
-2.50912,62.00124,-4.02274,-0.01104,0.98657,-0.16296,0.98753,0.0,0.0,nan,0.0,0.01542,0.06215,5.66904,2.18956,0.23263,0.40242,0.45397,0.83395,0.45671,0.45397
-2.442,62.00031,-3.80446,-0.00783,0.99216,-0.12473,0.99115,0.0,0.0,nan,0.0,0.01928,0.06766,5.74382,2.38548,0.23188,0.38501,0.56905,0.99799,0.4192,0.56905
-0.9694,1.10638,-6.85728,-0.04509,-0.69543,-0.71718,0.94153,0.0,0.0,nan,0.0,0.00728,0.03289,22.26662,1.73632,0.24277,0.51278,0.42859,0.47026,0.57593,0.42859
-1.01259,0.16907,-5.03948,-0.06447,-0.96906,-0.23824,0.95572,0.0,0.0,nan,0.0,0.01593,0.09536,11.96229,2.04731,0.22927,0.52383,0.43502,0.37223,0.48845,0.43502
-0.99306,0.21795,-2.94209,-0.0038,-0.99508,0.09901,0.99437,0.0,0.0,nan,0.0,0.01002,0.05878,19.13327,1.7086,0.23566,0.30664,0.32617,0.61429,0.58527,0.32617
-0.99833,0.66685,-0.84196,0.04021,-0.97881,0.20077,0.99931,0.0,0.0,nan,0.0,0.00457,0.03824,28.20815,1.71835,0.2358,0.58803,0.92342,0.48923,0.58195,0.92342
-0.99117,0.95282,0.86685,0.01473,-0.99144,0.12972,0.9988,0.0,0.0,nan,0.0,0.00337,0.03025,25.84868,1.74749,0.2319,0.53462,0.91853,0.48724,0.57225,0.91853
-0.97576,1.20792,3.03227,0.02753,-0.97897,0.20214,0.99699,0.0,0.0,nan,0.0,0.00569,0.04752,14.85079,3.40844,0.25089,0.59094,0.87828,0.39,0.29339,0.87828
-1.04931,1.78795,4.73536,0.02528,-0.95379,0.29941,1.00001,0.0,0.0,nan,0.0,0.01643,0.07919,7.01686,1.7633,0.22158,0.27421,0.49232,0.97208,0.56712,0.49232
-0.95182,3.35348,-8.46786,0.00075,-0.50533,-0.86292,0.98149,0.0,0.0,nan,0.0,0.00739,0.02635,30.4196,2.50391,0.23761,0.71428,0.80997,0.51789,0.39938,0.80997
-1.16498,2.52161,-7.56627,-0.00782,-0.55818,-0.82968,0.99991,0.0,0.0,nan,0.0,0.00551,0.02236,29.33663,1.86971,0.23196,0.6711,0.76529,0.4125,0.53484,0.76529
-0.86615,2.07416,5.7034,0.00966,-0.94841,0.31691,0.99961,0.0,0.0,nan,0.0,0.0194,0.0868,6.71711,2.0892,0.22226,0.30853,0.46303,0.94002,0.47865,0.46303
-0.97348,2.4978,7.01958,-0.01423,-0.91681,0.39907,0.9986,0.00722,0.03609,0.6,1.0,0.02047,0.10251,7.82343,1.6443,0.2379,0.33336,0.36941,0.75224,0.60816,0.36941
-0.95645,3.41329,8.73461,-0.04761,-0.80092,0.59688,0.99548,0.0056,0.02798,0.6,1.0,0.01921,0.09415,8.18817,1.6443,0.24251,0.26586,0.57262,0.95479,0.60816,0.57262
-1.05519,5.02564,-9.22381,-0.0103,-0.30918,-0.95095,0.97032,0.0,0.0,nan,0.0,0.00602,0.02969,24.16627,2.85541,0.23967,0.72465,0.84267,0.43083,0.35021,0.84267
-1.06773,4.36838,9.68002,-0.04744,-0.68265,0.7292,0.99619,0.0,0.0,nan,0.0,0.02117,0.09774,8.13917,1.69356,0.23107,0.32116,0.58615,0.84007,0.59047,0.58615
-1.00674,5.3271,10.51662,-0.03531,-0.53543,0.84384,0.99266,0.0,0.0,nan,0.0,0.01584,0.09727,6.57847,1.70328,0.23273,0.31372,0.45028,0.67688,0.5871,0.45028
-1.04618,6.80081,-9.32652,-0.06262,-0.13012,-0.98952,0.99397,0.0,0.0,nan,0.0,0.00826,0.0265,12.3784,1.6443,0.23616,0.49698,0.49957,0.72871,0.60816,0.49957
-1.00114,6.98556,11.2659,-0.0245,-0.23881,0.97076,0.98813,0.0,0.0,nan,0.0,0.00596,0.02089,12.72773,1.6443,0.23005,0.71825,0.68532,0.45985,0.60816,0.68532
-1.10336,8.99993,-9.69978,-0.04742,0.0143,-0.99877,0.96871,0.0,0.0,nan,0.0,0.01735,0.0481,17.44397,2.23025,0.23401,0.6923,0.40514,0.58089,0.44838,0.40514
-1.00353,8.96062,11.29425,0.01226,-0.04566,0.99888,0.99951,0.0,0.0,nan,0.0,0.00647,0.02661,17.87331,1.80873,0.22636,0.62446,0.63228,0.43289,0.55287,0.63228
-1.04308,10.95757,-9.14287,0.01644,-0.00267,-0.99986,0.98139,0.0,0.0,nan,0.0,0.01138,0.03386,34.64158,1.71151,0.24008,0.60359,0.74945,0.58919,0.58428,0.74945
-0.85222,11.14493,11.44395,0.06086,0.16149,0.985,0.99397,0.0,0.0,nan,0.0,0.01476,0.04843,32.58244,1.80873,0.24167,0.60841,0.634,0.53161,0.55287,0.634
-1.33129,13.73344,-10.16978,0.00454,-0.34772,-0.93759,0.98844,0.0,0.0,nan,0.0,0.01525,0.03643,29.62234,1.82669,0.2335,0.64575,0.50153,0.69207,0.54744,0.50153
-0.93874,12.88272,-9.80205,0.0161,-0.33769,-0.94112,0.98743,0.0,0.0,nan,0.0,0.01195,0.02966,35.81837,1.80873,0.23646,0.62321,0.78017,0.75535,0.55287,0.78017
-1.49715,13.91045,9.93128,0.01378,0.06677,0.99767,0.91234,0.0,0.0,nan,0.0,0.00556,0.02708,36.24942,2.66032,0.2273,0.66476,0.85682,0.49566,0.37589,0.85682
-1.12431,12.79456,10.61785,0.05003,0.21087,0.97623,0.98723,0.0,0.0,nan,0.0,0.01107,0.03798,40.95622,3.02129,0.2351,0.65947,0.80882,0.57083,0.33098,0.80882
-1.01628,14.87293,-10.84115,-0.01144,-0.19631,-0.98047,0.9681,0.0,0.0,nan,0.0,0.01054,0.02227,26.02859,1.6443,0.24237,0.57092,0.41173,0.89244,0.60816,0.41173
-0.08838,14.02968,-9.95724,0.00572,-0.32979,-0.94404,0.9979,0.0,0.0,nan,0.0,0.01687,0.0373,25.6157,3.38555,0.23784,0.68425,0.41919,0.71263,0.29537,0.41919
-1.71228,14.13987,9.86992,-0.01428,0.04731,0.99878,0.90489,0.0,0.0,nan,0.0,0.01055,0.0307,34.76441,2.37518,0.23646,0.64184,0.75677,0.57862,0.42102,0.75677
-1.01186,15.05482,10.46151,0.00398,0.02048,0.99978,0.99145,0.0,0.0,nan,0.0,0.00561,0.02601,33.77957,2.57372,0.23308,0.61598,0.81461,0.46761,0.38854,0.81461
-0.95666,16.99615,-10.55912,-0.05091,-0.06199,-0.99678,0.99961,0.0,0.0,nan,0.0,0.00948,0.02415,25.30732,2.05533,0.23096,0.45368,0.29009,0.93359,0.48654,0.29009
-1.73459,16.92518,-9.96259,-0.0728,-0.04655,-0.99626,0.96528,0.0,0.0,nan,0.0,0.0086,0.02438,23.45997,1.6443,0.24952,0.428,0.44445,0.89402,0.60816,0.44445
-0.97848,17.61432,9.67052,0.03603,0.12634,0.99133,0.91123,0.0,0.0,nan,0.0,0.01079,0.02205,27.44319,1.83924,0.24784,0.70554,0.55359,0.74378,0.5437,0.55359
-0.98543,16.77554,10.44028,0.02597,0.08289,0.99622,0.99498,0.0,0.0,nan,0.0,0.00714,0.02,27.09561,3.1893,0.24001,0.59983,0.55329,0.6391,0.31355,0.55329
-0.90589,18.99827,-10.91257,-0.04023,-0.15338,-0.98735,0.99961,0.0,0.0,nan,0.0,0.01074,0.03219,24.47908,1.9476,0.22904,0.54013,0.61667,0.66855,0.51345,0.61667
-0.87207,18.54381,9.61251,0.02828,0.03511,0.99898,0.86704,0.0,0.0,nan,0.0,0.00693,0.01657,27.57108,1.70705,0.23458,0.63579,0.81121,0.8775,0.58581,0.81121
-1.08598,19.30715,10.14916,0.04217,-0.07812,0.99605,0.96901,0.0,0.0,nan,0.0,0.00848,0.01854,25.98989,1.6986,0.23564,0.54741,0.52084,0.89993,0.58872,0.52084
-0.97058,21.04117,-11.31861,0.01247,-0.01978,-0.99973,0.99216,0.0,0.0,nan,0.0,0.00883,0.02074,20.77193,1.80873,0.24173,0.63271,0.47225,0.73744,0.55287,0.47225
-1.00549,20.86413,10.77839,0.00886,-0.12262,0.99241,0.9826,0.0,0.0,nan,0.0,0.00661,0.03019,19.75023,1.68963,0.23967,0.345,0.3074,0.69882,0.59185,0.3074
-1.01911,22.95548,-10.85813,-0.01001,-0.02227,-0.9997,0.97142,0.0,0.0,nan,0.0,0.00555,0.01958,15.13131,3.45303,0.24475,0.53811,0.83599,0.82286,0.2896,0.83599
-1.09426,23.01545,10.89139,-0.08052,0.00996,0.9967,0.99226,0.0,0.0,nan,0.0,0.0101,0.02865,19.04894,1.80873,0.23592,0.6852,0.26356,0.56827,0.55287,0.26356
-0.97122,24.95624,-11.24666,-0.02409,-0.08491,-0.9961,0.95482,0.0,0.0,nan,0.0,0.00462,0.03174,8.22936,3.55639,0.2342,0.70305,0.89324,0.47497,0.28118,0.89324
-1.02411,25.1759,10.50718,-0.0015,-0.07356,0.99729,0.99397,0.0,0.0,nan,0.0,0.00693,0.01829,17.21307,1.80873,0.23463,0.56566,0.70178,0.74799,0.55287,0.70178
-1.05124,27.0197,-11.2487,0.00452,-0.00913,-0.99995,0.94445,0.0,0.0,nan,0.0,0.00766,0.04837,4.912,1.6443,0.22253,0.23451,0.40681,0.95044,0.60816,0.40681
-1.05585,27.02807,10.96514,0.03143,-0.0499,0.99826,0.999,0.0,0.0,nan,0.0,0.00935,0.02208,18.45504,1.96815,0.2171,0.56382,0.51321,0.8325,0.50809,0.51321
-0.95636,28.90276,-11.24633,0.02593,-0.02742,-0.99929,0.95975,0.0,0.0,nan,0.0,0.01137,0.06482,4.80305,1.6443,0.22567,0.29874,0.41747,0.8314,0.60816,0.41747
-0.98518,29.08956,10.95083,0.04609,-0.00997,0.99889,0.99981,0.0,0.0,nan,0.0,0.00685,0.02079,19.75823,1.88367,0.22983,0.36383,0.56647,0.99718,0.53088,0.56647
-0.91915,31.08484,-11.3561,0.05111,-0.03579,-0.99805,0.96347,0.0,0.0,nan,0.0,0.02039,0.08098,5.75361,1.90446,0.22264,0.51133,0.71246,0.66368,0.52508,0.71246
-1.03196,30.99741,11.01042,2e-05,-0.03308,0.99945,0.99447,0.0,0.0,nan,0.0,0.00587,0.0199,19.99425,1.6443,0.23807,0.35115,0.47526,0.92446,0.60816,0.47526
-0.91252,33.00071,-11.39545,0.05791,-0.01282,-0.99824,0.99095,0.0,0.0,nan,0.0,0.01476,0.05334,5.5616,1.68509,0.22536,0.39411,0.48907,0.95455,0.59344,0.48907
-0.99247,33.11092,10.88922,-0.0807,0.09316,0.99238,0.99709,0.0,0.0,nan,0.0,0.01255,0.03064,21.94557,1.87671,0.23037,0.57415,0.45282,0.77809,0.53285,0.45282
-0.93255,34.9976,-11.38965,0.04439,0.02677,-0.99866,0.99639,0.0,0.0,nan,0.0,0.01428,0.05627,5.36993,1.80873,0.22625,0.34826,0.58373,1.0,0.55287,0.58373
-1.47844,35.74831,9.97959,0.00047,-0.06914,0.99761,0.891,0.0,0.0,nan,0.0,0.00581,0.01696,20.81617,2.91867,0.23956,0.38695,0.4937,0.97011,0.34262,0.4937
-0.99717,35.05587,10.54392,-0.07155,0.00095,0.99744,0.98109,0.0,0.0,nan,0.0,0.01167,0.02632,23.44717,3.60308,0.24595,0.52165,0.48362,0.92239,0.27754,0.48362
-0.98469,37.03118,-11.3102,0.02779,0.03831,-0.99888,0.97706,0.0,0.0,nan,0.0,0.01802,0.05808,5.18128,1.80873,0.21874,0.43294,0.71335,0.99327,0.55287,0.71335
-1.06468,36.94645,10.83867,-0.0022,-0.01388,0.9999,0.99689,0.0,0.0,nan,0.0,0.00811,0.02106,23.59945,2.36652,0.23374,0.50128,0.549,0.83295,0.42256,0.549
-1.01075,39.01094,-11.21082,0.02135,0.0388,-0.99902,0.96388,0.0,0.0,nan,0.0,0.00549,0.03627,4.52032,1.82523,0.20863,0.39703,0.88976,0.99433,0.54788,0.88976
-0.84959,39.86782,9.8943,-0.00424,0.05691,0.99837,0.93871,0.0,0.0,nan,0.0,0.00647,0.0189,22.89785,1.6443,0.2412,0.38728,0.38585,0.96058,0.60816,0.38585
-0.9022,38.86597,10.31222,0.01741,0.07736,0.99685,0.98693,0.0,0.0,nan,0.0,0.01075,0.02975,25.27785,1.85554,0.23218,0.55899,0.43396,0.6976,0.53893,0.43396
-1.01637,40.97319,-11.20799,0.018,0.06231,-0.99789,0.91033,0.0,0.0,nan,0.0,0.0102,0.04462,4.29354,1.87741,0.23735,0.46574,0.68201,0.7191,0.53265,0.68201
-0.91709,40.16574,9.82968,-0.00883,0.04382,0.999,0.92643,0.0,0.0,nan,0.0,0.00727,0.02084,23.21136,1.83805,0.23283,0.40156,0.35966,0.94354,0.54406,0.35966
-1.04994,40.91356,10.69235,-0.00116,0.03771,0.99929,0.99991,0.0,0.0,nan,0.0,0.0079,0.02019,23.15151,1.89455,0.2315,0.43077,0.35463,0.98732,0.52783,0.35463
-1.11289,42.8697,-11.00687,0.01301,0.10996,-0.99385,0.90902,0.0,0.0,nan,0.0,0.00692,0.04553,4.47393,1.87003,0.21589,0.40475,0.47702,0.54379,0.53475,0.47702
-0.60042,43.48613,9.98984,0.00699,0.1897,0.98182,0.99689,0.0,0.0,nan,0.0,0.00899,0.02191,25.78113,1.88679,0.22649,0.45721,0.50949,0.96746,0.53,0.50949
-0.97289,43.02516,10.50404,-0.00077,0.17593,0.9844,0.99458,0.0,0.0,nan,0.0,0.01247,0.02537,25.30871,1.91309,0.22148,0.54777,0.39368,0.96788,0.52271,0.39368
-1.08667,45.11979,-10.66652,0.00822,0.1484,-0.98889,0.93962,0.0,0.0,nan,0.0,0.00901,0.03385,5.77838,1.80873,0.22918,0.49907,0.73274,0.71795,0.55287,0.73274
-1.22596,44.95876,9.67821,0.02186,0.13772,0.99023,0.99397,0.0,0.0,nan,0.0,0.00915,0.02112,25.35447,2.1855,0.22761,0.46795,0.30394,0.99936,0.45756,0.30394
-0.71162,44.88179,10.16055,0.02148,0.13492,0.99062,1.00001,0.0,0.0,nan,0.0,0.00843,0.02058,26.19812,1.6443,0.22833,0.44071,0.29478,1.0,0.60816,0.29478
-0.96679,47.02335,-10.3818,0.00045,0.19848,-0.9801,0.98099,0.0,0.0,nan,0.0,0.00944,0.03547,6.81432,1.6443,0.23148,0.43666,0.75176,0.79287,0.60816,0.75176
-1.30455,47.21029,9.62683,-0.02085,0.13759,0.99027,0.9989,0.0,0.0,nan,0.0,0.00797,0.01734,21.87218,2.74629,0.23723,0.54521,0.43549,0.91983,0.36413,0.43549
-0.57604,46.71833,10.19265,-0.02192,0.13533,0.99056,0.98894,0.0,0.0,nan,0.0,0.01032,0.0258,24.96597,3.45303,0.2443,0.66905,0.73744,0.64603,0.2896,0.73744
-0.84864,48.36842,-10.08069,-0.00617,0.20561,-0.97862,0.97756,0.0,0.0,nan,0.0,0.01235,0.04446,6.24044,1.66656,0.2305,0.51213,0.76178,0.74419,0.60004,0.76178
-1.13623,49.4331,-9.90266,-0.0247,0.17661,-0.98397,0.97837,0.0,0.0,nan,0.0,0.01306,0.05855,5.04728,1.72286,0.23217,0.44579,0.72825,0.69849,0.58043,0.72825
-0.87176,49.23282,9.25197,-0.00249,0.05978,0.99821,0.98974,0.0,0.0,nan,0.0,0.00479,0.01096,19.68335,3.45303,0.23693,0.50435,0.52754,0.95396,0.2896,0.52754
-1.00474,50.96319,-9.6222,-0.03437,0.13805,-0.98983,0.97656,0.0,0.0,nan,0.0,0.00445,0.03317,4.70101,1.75714,0.22732,0.26431,0.36746,0.72335,0.56911,0.36746
-1.05122,51.03758,9.51562,-0.06837,0.08558,0.99398,0.9979,0.0,0.0,nan,0.0,0.00987,0.0242,22.31317,3.3632,0.23946,0.5959,0.69419,0.7457,0.29734,0.69419
-1.04433,53.0072,-9.37928,-0.05681,0.13177,-0.98965,0.99065,0.0,0.0,nan,0.0,0.00264,0.02377,5.27011,1.6443,0.21783,0.24192,0.29715,0.63352,0.60816,0.29715
-1.03061,53.0455,8.91374,-0.09687,0.09672,0.99059,0.99085,0.0,0.0,nan,0.0,0.00683,0.02072,22.75115,1.69508,0.23795,0.44017,0.64096,0.81492,0.58994,0.64096
-1.10794,55.05342,-9.11226,-0.10169,0.14883,-0.98362,0.9979,0.0,0.0,nan,0.0,0.00548,0.03277,5.87811,1.8829,0.2191,0.30747,0.70492,0.72862,0.5311,0.70492
-1.15197,55.02599,9.01539,-0.08106,0.12517,0.98882,0.9984,0.0,0.0,nan,0.0,0.01307,0.0246,26.59736,3.19856,0.23667,0.63899,0.6073,0.89424,0.31264,0.6073
-1.05135,57.00035,-8.79074,-0.13388,0.22847,-0.9643,0.9987,0.0,0.0,nan,0.0,0.01382,0.04652,5.26515,1.85783,0.22256,0.45217,0.74219,0.90653,0.53826,0.74219
-1.05644,56.95097,8.56459,-0.08637,0.14036,0.98633,0.99598,0.0,0.0,nan,0.0,0.00879,0.01932,25.62855,2.87659,0.23235,0.67948,0.65674,0.72202,0.34763,0.65674
-0.9487,58.7359,-8.27619,-0.12963,0.40592,-0.90467,0.99387,0.0,0.0,nan,0.0,0.01257,0.0565,6.10812,1.87102,0.22782,0.39323,0.57036,0.75075,0.53447,0.57036
-1.058,59.74566,-7.8337,-0.10789,0.564,-0.8187,0.98068,0.0,0.0,nan,0.0,0.00523,0.03729,5.8674,1.93042,0.22593,0.2396,0.54771,0.78516,0.51802,0.54771
-0.95981,59.8471,7.81056,-0.00819,0.7314,0.6819,0.91486,0.0,0.0,nan,0.0,0.01424,0.09808,12.95924,1.67138,0.24684,0.72753,0.75571,0.23468,0.59831,0.75571
-1.01481,59.00691,8.62879,-0.03639,0.41173,0.91058,0.90419,0.0,0.0,nan,0.0,0.00565,0.03308,19.89521,1.95196,0.22971,0.615,0.76222,0.31808,0.5123,0.76222
-0.99822,60.74823,-6.91765,-0.08574,0.73933,-0.66786,0.98381,0.0,0.0,nan,0.0,0.00549,0.04024,6.06114,1.84423,0.23173,0.26086,0.58595,0.69579,0.54223,0.58595
-1.01818,61.77847,-5.0529,-0.02839,0.94851,-0.31548,0.98481,0.0,0.0,nan,0.0,0.00885,0.06932,6.46098,1.91472,0.23114,0.34661,0.69826,0.48244,0.52227,0.69826
-1.03154,61.98991,-2.94218,0.00255,0.99998,0.00549,0.99679,0.0,0.0,nan,0.0,0.01372,0.06147,6.86863,2.22283,0.22358,0.35416,0.44513,0.81363,0.44988,0.44513
-0.95809,61.78808,-0.95419,0.0023,0.9919,0.127,0.99759,0.0,0.0,nan,0.0,0.0184,0.09108,5.53888,1.68667,0.22009,0.29109,0.32686,0.94475,0.59289,0.32686
-0.9653,61.45046,1.00062,-0.0117,0.98702,0.16015,0.9985,0.0,0.0,nan,0.0,0.01152,0.06794,5.77227,1.87668,0.22311,0.26661,0.64207,0.85632,0.53286,0.64207
-1.00233,61.08949,2.98258,0.0048,0.98472,0.17407,0.9988,0.0,0.0,nan,0.0,0.00167,0.0323,6.0765,2.10936,0.22931,0.51817,0.9821,0.51515,0.47408,0.9821
-0.92996,60.81708,5.04584,0.00826,0.97818,0.20759,0.9979,0.0,0.0,nan,0.0,0.00262,0.01592,6.04409,2.04222,0.22555,0.31252,0.37742,0.70078,0.48966,0.37742
-1.00955,60.35727,6.84158,0.01652,0.90626,0.4224,0.97636,0.0,0.0,nan,0.0,0.00974,0.03456,6.15819,3.22659,0.23561,0.5011,0.5172,0.74521,0.30992,0.5172
-0.57757,62.01316,-4.03541,-0.0061,0.99055,-0.137,0.98904,0.0,0.0,nan,0.0,0.00947,0.05205,6.64964,1.87041,0.23302,0.32468,0.52411,0.72895,0.53464,0.52411
-0.7228,62.01752,-3.65654,-0.00218,0.99657,-0.08271,0.99437,0.0,0.0,nan,0.0,0.01359,0.05702,6.60148,2.36306,0.22549,0.35725,0.42658,0.86938,0.42318,0.42658
0.96681,1.05431,-6.93,0.03567,-0.64841,-0.76045,0.94223,0.0,0.0,nan,0.0,0.00993,0.03291,19.92158,2.18958,0.2366,0.6037,0.36028,0.5499,0.45671,0.36028
0.96111,0.15442,-5.11676,0.0009,-0.95986,-0.28046,0.95421,0.0,0.0,nan,0.0,0.00915,0.11654,16.67393,1.80873,0.23462,0.70991,0.88808,0.22189,0.55287,0.88808
1.0495,0.1355,-2.94056,0.00432,-0.98606,0.16636,0.99085,0.0,0.0,nan,0.0,0.00498,0.04121,15.5691,2.38113,0.22691,0.50653,0.90845,0.54576,0.41997,0.90845
1.02959,1.02243,-1.0676,0.00055,-0.9818,0.18993,0.99417,0.0,0.0,nan,0.0,0.00381,0.03546,35.08756,2.34553,0.23598,0.71668,0.97597,0.57202,0.42634,0.97597
0.97853,0.75968,0.94379,-0.00831,-0.99316,0.11643,0.9984,0.0,0.0,nan,0.0,0.00734,0.0325,29.86732,2.2398,0.22686,0.65828,0.85878,0.56175,0.44647,0.85878
1.01649,1.4522,2.95146,0.03592,-0.96763,0.24981,0.9977,0.00339,0.01695,0.7,1.0,0.00489,0.12284,12.24443,1.6443,0.24512,0.76729,0.98053,0.23001,0.60816,0.98053
0.93681,1.78433,4.59824,0.04306,-0.96141,0.27174,0.99951,0.0,0.0,nan,0.0,0.01183,0.06111,7.03735,2.19314,0.21814,0.31058,0.44058,0.80034,0.45597,0.44058
1.11767,3.98652,-8.14497,0.06532,-0.46371,-0.88357,0.9991,0.0,0.0,nan,0.0,0.01144,0.024,26.20444,1.6443,0.23621,0.59637,0.54368,0.86002,0.60816,0.54368
0.94221,3.00782,-7.59676,0.05083,-0.53844,-0.84113,0.99951,0.0,0.0,nan,0.0,0.00993,0.02475,24.89804,3.5657,0.24174,0.59786,0.54221,0.72527,0.28045,0.54221
1.02132,2.1646,5.56979,0.03257,-0.95754,0.28647,0.99961,0.0,0.0,nan,0.0,0.01635,0.08573,6.2664,1.84704,0.23168,0.28957,0.58101,0.86902,0.54141,0.58101
1.01301,2.54541,7.04,0.00984,-0.92912,0.36964,0.99961,0.0,0.0,nan,0.0,0.01148,0.07451,7.88863,1.86502,0.23547,0.24733,0.59012,0.78083,0.53619,0.59012
1.03223,3.3978,8.86727,-0.0126,-0.80633,0.59134,0.99357,0.00555,0.02776,0.6,1.0,0.0213,0.08675,10.24166,1.6443,0.23511,0.30463,0.41404,0.9632,0.60816,0.41404
0.87978,4.75444,-9.03467,0.03119,-0.37422,-0.92681,0.98491,0.0,0.0,nan,0.0,0.00437,0.02032,23.43228,1.6864,0.23954,0.65594,0.79427,0.41474,0.59298,0.79427
0.59792,4.10236,-7.79316,0.04315,-0.46814,-0.8826,0.98864,0.0,0.0,nan,0.0,0.01112,0.02551,24.65768,1.64794,0.24628,0.60665,0.71942,0.77678,0.60682,0.71942
0.95993,4.21986,9.81832,-0.01997,-0.67881,0.73404,0.98894,0.0,0.0,nan,0.0,0.02309,0.09232,11.04894,1.72508,0.23345,0.34795,0.51965,0.84885,0.57968,0.51965
1.05039,5.15962,10.53268,-0.01358,-0.52538,0.85076,0.98924,0.0,0.0,nan,0.0,0.01828,0.11097,10.83076,1.75654,0.22895,0.35656,0.74016,0.54729,0.5693,0.74016
0.98289,6.8413,-9.36454,-0.0122,-0.15646,-0.98761,0.98944,0.0,0.0,nan,0.0,0.00706,0.02363,15.44952,1.796,0.23724,0.45343,0.70727,0.74451,0.55679,0.70727
1.03513,7.021,11.23296,-0.00503,-0.20402,0.97895,0.99337,0.0,0.0,nan,0.0,0.01472,0.0513,21.08367,1.6588,0.22713,0.6152,0.69326,0.51071,0.60284,0.69326
1.06784,9.11158,-9.60385,-0.01523,0.04552,-0.99885,0.98793,0.0,0.0,nan,0.0,0.01458,0.06221,17.07174,3.42763,0.23969,0.72524,0.81461,0.45512,0.29175,0.81461
1.00964,9.19437,11.24216,0.00352,0.00921,0.99995,0.999,0.0,0.0,nan,0.0,0.00991,0.03621,25.98622,2.0214,0.23584,0.53345,0.76786,0.58612,0.49471,0.76786
1.03578,10.96405,-8.79913,-0.01123,0.01228,-0.99986,0.94525,0.0,0.0,nan,0.0,0.01105,0.03713,36.55892,1.68222,0.24059,0.5569,0.63417,0.5638,0.59445,0.63417
0.93438,11.09288,11.3167,-0.00407,0.14212,0.98984,0.9982,0.0,0.0,nan,0.0,0.01879,0.04181,34.51184,1.75422,0.23115,0.58314,0.53472,0.81525,0.57006,0.53472
1.02913,13.53805,-10.07468,0.04963,-0.3418,-0.93846,0.99125,0.0,0.0,nan,0.0,0.01559,0.04643,34.25704,1.74669,0.24908,0.61475,0.57572,0.5782,0.57251,0.57572
1.12209,12.7494,-9.91893,0.02101,-0.2937,-0.95567,0.99065,0.0,0.0,nan,0.0,0.01188,0.03965,41.32045,1.80873,0.23691,0.52733,0.52451,0.59572,0.55287,0.52451
1.00384,12.87694,10.81629,-0.03043,0.19759,0.97981,0.99709,0.0,0.0,nan,0.0,0.01691,0.03788,36.85796,2.20124,0.2296,0.61476,0.59536,0.76557,0.45429,0.59536
1.03501,15.01346,-10.49694,0.09527,-0.18885,-0.97737,0.99206,0.0,0.0,nan,0.0,0.00594,0.01894,21.3195,1.75548,0.24078,0.36403,0.36707,0.94151,0.56964,0.36707
1.39868,14.23126,-9.99748,0.09445,-0.27657,-0.95634,0.99729,0.0,0.0,nan,0.0,0.01071,0.04077,26.51226,3.44947,0.24408,0.59063,0.80152,0.57288,0.2899,0.80152
0.98007,15.18519,10.35203,-0.01755,-0.03518,0.99923,0.99629,0.0,0.0,nan,0.0,0.0084,0.03073,24.53516,1.91531,0.23587,0.65647,0.51338,0.45032,0.52211,0.51338
0.93216,17.01383,-10.49422,0.11329,-0.09073,-0.98941,0.99669,0.0,0.0,nan,0.0,0.01231,0.03022,25.49938,3.32706,0.23748,0.48561,0.51349,0.9045,0.30057,0.51349
0.09311,17.96575,9.9556,-0.1095,0.1059,0.98833,0.94475,0.0,0.0,nan,0.0,0.0109,0.03493,33.86615,3.54127,0.2458,0.78242,0.64308,0.42237,0.28238,0.64308
0.93942,17.0864,11.08311,-0.12314,0.03572,0.99175,0.98058,0.0,0.0,nan,0.0,0.01206,0.02609,19.11448,3.57715,0.24205,0.71215,0.34234,0.71732,0.27955,0.34234
1.01956,18.91549,-10.77034,0.1373,-0.11849,-0.98342,0.9989,0.0,0.0,nan,0.0,0.01196,0.0276,26.56946,1.80873,0.22832,0.50062,0.47418,0.93075,0.55287,0.47418
0.2623,18.27988,9.85693,-0.13628,0.09873,0.98574,0.91818,0.0,0.0,nan,0.0,0.01143,0.03413,34.27841,1.90013,0.22994,0.74551,0.71912,0.4756,0.52628,0.71912
1.04132,18.95983,10.56231,-0.14806,0.05179,0.98762,0.99266,0.0,0.0,nan,0.0,0.02352,0.05259,22.79521,1.8891,0.22345,0.74075,0.58971,0.65671,0.52935,0.58971
0.98854,21.00384,-10.90248,0.093,-0.03382,-0.99509,0.9986,0.0,0.0,nan,0.0,0.0109,0.02268,23.58142,1.9291,0.23088,0.59519,0.45186,0.87561,0.51838,0.45186
1.00654,20.87753,10.534,-0.01014,-0.09692,0.99524,0.99699,0.0,0.0,nan,0.0,0.00745,0.04063,18.6607,1.82602,0.21986,0.60566,0.91242,0.69772,0.54764,0.91242
1.04652,22.84626,-10.94852,0.03775,-0.07144,-0.99673,0.98713,0.0,0.0,nan,0.0,0.0071,0.02424,18.88463,1.658,0.23718,0.47483,0.55281,0.68206,0.60314,0.55281
1.05278,22.98791,10.78693,0.03376,0.0046,0.99942,0.99749,0.0,0.0,nan,0.0,0.0068,0.04368,14.51728,3.04766,0.23839,0.80776,0.88046,0.37622,0.32812,0.88046
0.92189,24.90834,-11.24089,0.00574,-0.07792,-0.99694,0.983,0.0,0.0,nan,0.0,0.00379,0.02814,8.01657,1.6443,0.25762,0.54663,0.80143,0.36851,0.60816,0.80143
1.05468,24.95761,10.47785,0.0427,-0.02561,0.99876,0.99518,0.0,0.0,nan,0.0,0.00483,0.01683,16.06233,3.57977,0.24079,0.56325,0.81755,0.73109,0.27935,0.81755
1.09489,27.01035,-11.21572,0.01891,-0.00266,-0.99982,0.98471,0.0,0.0,nan,0.0,0.01138,0.0455,5.09305,1.6443,0.22612,0.3564,0.59884,0.97704,0.60816,0.59884
0.97396,26.99669,10.85581,0.03401,-0.05699,0.9978,0.99609,0.0,0.0,nan,0.0,0.00836,0.02017,16.93301,1.80873,0.24123,0.65511,0.51848,0.70741,0.55287,0.51848
0.96636,29.00579,-11.19558,0.02128,-0.01312,-0.99969,0.98773,0.0,0.0,nan,0.0,0.00636,0.05881,7.53669,1.81463,0.20384,0.35248,0.69826,0.38802,0.55108,0.69826
0.79647,29.00385,10.52679,0.0207,0.01849,0.99961,0.99156,0.0,0.0,nan,0.0,0.00825,0.02198,18.36585,1.86228,0.2391,0.52318,0.53105,0.79589,0.53698,0.53105
1.11614,30.93955,-11.22038,0.03691,-0.01633,-0.99919,0.99417,0.0,0.0,nan,0.0,0.00783,0.06067,7.89207,1.8553,0.20589,0.40792,0.81246,0.49584,0.539,0.81246
0.94314,31.18305,10.90384,0.0277,-0.0976,0.99484,0.9978,0.0,0.0,nan,0.0,0.00848,0.02271,19.93435,1.67868,0.23502,0.48854,0.50635,0.84136,0.59571,0.50635
1.00291,33.04704,-11.31464,0.05758,-0.00706,-0.99832,0.99679,0.0,0.0,nan,0.0,0.02086,0.07386,7.28028,1.65157,0.2117,0.42428,0.66275,0.8484,0.60548,0.66275
1.05439,33.06507,11.4131,-0.00516,0.03251,0.99946,0.97052,0.0,0.0,nan,0.0,0.00711,0.03962,30.36194,1.80873,0.24092,0.4249,0.56286,0.4504,0.55287,0.56286
1.12057,35.00494,-11.33554,0.06143,0.01279,-0.99803,0.99437,0.0,0.0,nan,0.0,0.01232,0.05503,6.70418,1.6443,0.22293,0.31843,0.59929,0.9125,0.60816,0.59929
1.05129,35.06976,11.25476,-0.02529,0.01009,0.99963,0.98572,0.0,0.0,nan,0.0,0.00857,0.04538,38.30168,2.5415,0.23336,0.41495,0.71482,0.47869,0.39347,0.71482
0.9933,37.03894,-11.24013,0.04665,0.02804,-0.99852,0.97767,0.0,0.0,nan,0.0,0.00882,0.05199,7.26463,1.6443,0.23508,0.32768,0.71059,0.6606,0.60816,0.71059
1.03704,36.97697,11.16215,-0.01648,0.0379,0.99915,0.98431,0.0,0.0,nan,0.0,0.01388,0.03994,34.23461,1.6443,0.23495,0.43306,0.46881,0.84915,0.60816,0.46881
1.17396,38.95672,-11.16328,0.04366,0.03931,-0.99827,0.9683,0.0,0.0,nan,0.0,0.00835,0.05221,5.37446,1.97612,0.23078,0.30743,0.45413,0.71379,0.50604,0.45413
1.07056,38.9937,10.87724,-0.03155,0.08548,0.99584,0.99991,0.0,0.0,nan,0.0,0.00978,0.02518,28.19028,2.00574,0.24,0.46185,0.65967,0.90046,0.49857,0.65967
1.02192,41.0111,-11.07791,0.04873,0.0651,-0.99669,0.90177,0.0,0.0,nan,0.0,0.01171,0.06407,4.05617,1.75482,0.23247,0.34406,0.39357,0.79326,0.56986,0.39357
1.02987,40.9245,10.98454,-0.01022,0.06005,0.99814,0.98974,0.0,0.0,nan,0.0,0.01043,0.02528,27.68016,1.89622,0.22994,0.4775,0.51216,0.92679,0.52737,0.51216
0.95824,43.02541,-10.91433,0.04786,0.1073,-0.99307,0.89171,0.0,0.0,nan,0.0,0.00807,0.04668,3.10085,1.90468,0.22839,0.4215,0.53787,0.67501,0.52502,0.53787
0.62037,43.73371,9.82572,0.03574,0.18416,0.98225,0.98552,0.0,0.0,nan,0.0,0.01215,0.02591,30.74532,1.89172,0.22308,0.50904,0.70488,0.98095,0.52862,0.70488
1.02416,42.9916,10.56205,0.04724,0.2052,0.97758,0.99598,0.0,0.0,nan,0.0,0.01543,0.03298,28.75945,1.84543,0.2246,0.52309,0.72991,0.95688,0.54188,0.72991
1.0828,45.07189,-10.7246,0.0437,0.13983,-0.98921,0.92613,0.0,0.0,nan,0.0,0.01194,0.05597,5.56717,1.72906,0.23731,0.56097,0.54179,0.51687,0.57835,0.54179
0.95661,44.87309,9.83199,-0.00398,0.0726,0.99735,0.99125,0.0,0.0,nan,0.0,0.00923,0.02434,28.63739,1.7624,0.23313,0.44904,0.55616,0.90389,0.56741,0.55616
0.69031,45.25245,10.05093,-0.01742,0.07338,0.99715,0.999,0.0,0.0,nan,0.0,0.00943,0.02537,27.67282,1.75841,0.22851,0.43626,0.43701,0.91371,0.5687,0.43701
0.98895,47.06563,-10.38058,0.03783,0.18688,-0.98165,0.9835,0.0,0.0,nan,0.0,0.00487,0.02391,6.97853,1.82751,0.2314,0.40475,0.77831,0.71161,0.54719,0.77831
1.93363,47.87975,-9.98265,0.05925,0.1772,-0.98239,0.97958,0.0,0.0,nan,0.0,0.00693,0.02577,8.2565,1.6443,0.22869,0.42781,0.53676,0.78025,0.60816,0.53676
0.94139,47.41986,9.72522,-0.03815,0.14193,0.98914,0.99588,0.0,0.0,nan,0.0,0.00743,0.01853,24.89675,1.89953,0.23429,0.48546,0.62469,0.89235,0.52645,0.62469
1.03291,46.50657,10.22315,-0.03857,0.12669,0.99119,0.99045,0.0,0.0,nan,0.0,0.01091,0.0249,23.92112,1.91172,0.23034,0.52697,0.34075,0.90049,0.52309,0.34075
1.00605,48.32345,-10.10018,0.03125,0.18973,-0.98134,0.98079,0.0,0.0,nan,0.0,0.0076,0.0259,7.13171,1.80873,0.22646,0.49245,0.72403,0.76258,0.55287,0.72403
1.02752,49.35336,-9.89547,0.02441,0.16405,-0.98615,0.98149,0.0,0.0,nan,0.0,0.00584,0.03338,6.34447,1.6443,0.22337,0.49115,0.70318,0.46879,0.60816,0.70318
0.76411,49.2028,9.31335,-0.04259,0.01065,0.99904,0.98421,0.0,0.0,nan,0.0,0.00626,0.01339,18.02941,3.49335,0.23513,0.56395,0.37874,0.92004,0.28626,0.37874
1.04777,51.15104,-9.62739,0.00355,0.12344,-0.99235,0.97636,0.0,0.0,nan,0.0,0.00495,0.0259,3.62765,1.89162,0.22393,0.3904,0.4338,0.75876,0.52865,0.4338
1.0366,50.99022,9.94861,-0.07148,0.01877,0.99727,0.98682,0.0,0.0,nan,0.0,0.01018,0.03662,18.35311,3.61746,0.23998,0.70495,0.65874,0.43736,0.27644,0.65874
0.37823,50.38859,10.02335,-0.09491,0.01024,0.99543,0.97998,0.0,0.0,nan,0.0,0.00837,0.02092,17.9672,3.35311,0.23507,0.68268,0.53787,0.65132,0.29823,0.53787
1.00912,52.94281,-9.41906,-0.01591,0.09463,-0.99539,0.98682,0.0,0.0,nan,0.0,0.00379,0.02374,4.22064,1.81212,0.22052,0.30298,0.5497,0.77663,0.55184,0.5497
1.00783,52.89695,9.35933,-0.10526,0.12478,0.98659,0.9981,0.0,0.0,nan,0.0,0.00906,0.03292,16.90758,3.54895,0.24773,0.6187,0.63992,0.4975,0.28177,0.63992
1.03474,54.96572,-9.28177,-0.04831,0.10318,-0.99349,0.99276,0.0,0.0,nan,0.0,0.00841,0.04236,4.29603,1.85512,0.22734,0.3332,0.48822,0.87332,0.53905,0.48822
0.98441,55.03155,9.40597,-0.10688,0.11169,0.98798,0.9977,0.0,0.0,nan,0.0,0.01472,0.0368,23.71735,2.06518,0.23152,0.70533,0.53551,0.61511,0.48422,0.53551
0.93323,57.0302,-9.08771,-0.08278,0.20504,-0.97525,0.99125,0.0,0.0,nan,0.0,0.01653,0.0674,4.89006,1.83674,0.22957,0.41141,0.65897,0.83975,0.54444,0.65897
0.94702,56.92109,9.04456,-0.09941,0.19176,0.97639,0.99749,0.0,0.0,nan,0.0,0.01076,0.03885,20.52232,1.71354,0.23656,0.63682,0.46442,0.47734,0.58359,0.46442
1.04993,58.99226,-8.52218,-0.08836,0.44042,-0.89343,0.98642,0.0,0.0,nan,0.0,0.00775,0.04114,8.14714,1.85086,0.22489,0.30752,0.42816,0.76313,0.54029,0.42816
0.5741,59.86803,-7.8381,-0.09815,0.59717,-0.79609,0.98713,0.0,0.0,nan,0.0,0.01225,0.05034,7.89613,1.86111,0.22591,0.32394,0.43426,0.94102,0.53731,0.43426
1.02758,59.7941,7.75762,0.02744,0.77104,0.63619,0.95592,0.0,0.0,nan,0.0,0.01441,0.05382,7.65717,1.6443,0.23973,0.38511,0.66519,0.87688,0.60816,0.66519
0.97862,58.88703,8.58454,-0.00406,0.48798,0.87285,0.94143,0.0,0.0,nan,0.0,0.00374,0.0586,22.39754,2.16157,0.22374,0.8454,0.94837,0.22521,0.46263,0.94837
1.01279,60.83313,-7.01986,-0.08035,0.76494,-0.63907,0.98532,0.00232,0.01161,0.7,1.0,0.01503,0.06591,8.02379,1.95373,0.21805,0.3671,0.53017,0.77582,0.51184,0.53017
0.98833,61.84421,-5.05653,-0.04007,0.96128,-0.27264,0.98582,0.0,0.0,nan,0.0,0.00926,0.05341,7.78267,1.88534,0.22493,0.28555,0.44835,0.76335,0.53041,0.44835
0.95981,61.89148,-3.00431,0.00563,0.99966,0.02538,0.99709,0.0,0.0,nan,0.0,0.02474,0.07734,8.30692,1.8785,0.21809,0.43778,0.56482,0.9067,0.53234,0.56482
0.96723,61.74752,-0.93826,0.02853,0.99144,0.12739,0.9986,0.0,0.0,nan,0.0,0.01068,0.03941,7.78548,1.6443,0.22547,0.43176,0.7266,0.78918,0.60816,0.7266
1.10246,61.45511,1.00002,0.02824,0.98791,0.15245,0.9979,0.0,0.0,nan,0.0,0.00483,0.0233,6.89441,1.84391,0.22132,0.29265,0.44493,0.9132,0.54233,0.44493
1.0198,61.1944,3.09323,0.00636,0.9857,0.16837,0.9987,0.0,0.0,nan,0.0,0.00337,0.0147,6.38126,1.81499,0.22596,0.37002,0.54378,0.81445,0.55097,0.54378
0.94723,60.66985,4.93999,0.00594,0.97642,0.21578,1.00011,0.0,0.0,nan,0.0,0.00431,0.01513,6.96827,1.9066,0.22816,0.40921,0.43595,0.89677,0.52449,0.43595
0.97498,60.35563,6.78495,0.01938,0.90564,0.42361,0.98441,0.0,0.0,nan,0.0,0.00755,0.02549,7.46991,1.69273,0.24308,0.42871,0.45836,0.87572,0.59076,0.45836
1.03019,62.00729,-4.12573,-0.02012,0.9921,-0.1238,0.98974,0.0,0.0,nan,0.0,0.00941,0.04198,8.03758,1.87162,0.22468,0.32961,0.60615,0.84973,0.5343,0.60615
1.05835,62.04845,-3.92074,-0.01618,0.99559,-0.09242,0.99125,0.0,0.0,nan,0.0,0.01,0.04209,7.90998,1.87452,0.22411,0.33792,0.58488,0.88082,0.53347,0.58488
3.07209,1.0639,-6.78596,0.12627,-0.6648,-0.73627,0.94797,0.0,0.0,nan,0.0,0.01102,0.0237,24.05571,2.37427,0.22682,0.61221,0.44528,0.82277,0.42118,0.44528
3.14136,0.17167,-5.19683,0.10053,-0.9254,-0.36541,0.93368,0.0,0.0,nan,0.0,0.00681,0.04559,21.58333,1.80873,0.23665,0.44715,0.56736,0.3648,0.55287,0.56736
2.94748,0.20742,-2.92584,0.03834,-0.98687,0.15688,0.99246,0.0,0.0,nan,0.0,0.00341,0.07163,26.70893,1.82704,0.21974,0.74502,0.98781,0.287,0.54733,0.98781
2.99758,1.11466,-1.15678,-0.0057,-0.98547,0.16975,0.99005,0.0,0.0,nan,0.0,0.0033,0.03173,32.31077,2.36459,0.22402,0.73385,0.97719,0.55092,0.42291,0.97719
2.97861,0.87451,1.01042,-0.01119,-0.99118,0.13201,0.9979,0.0,0.0,nan,0.0,0.00575,0.04206,27.76299,2.51773,0.22528,0.7874,0.93073,0.4413,0.39718,0.93073
3.01659,1.49876,2.96756,0.01546,-0.95732,0.28862,0.99981,0.0,0.0,nan,0.0,0.01097,0.07667,10.51577,1.90111,0.22879,0.35729,0.73536,0.47655,0.52601,0.73536
2.95183,1.88616,4.46275,0.02254,-0.96268,0.26971,1.00001,0.0,0.0,nan,0.0,0.01242,0.06706,6.84858,2.11195,0.22456,0.29818,0.47398,0.8026,0.4735,0.47398
2.78579,3.54059,-8.52958,0.00691,-0.53785,-0.84301,0.97334,0.0,0.0,nan,0.0,0.0137,0.02764,28.87626,2.8811,0.2362,0.66056,0.69665,0.80241,0.34709,0.69665
3.13919,2.77041,-7.46262,0.03605,-0.5891,-0.80726,0.998,0.0,0.0,nan,0.0,0.00816,0.02099,23.90848,2.19101,0.23301,0.51338,0.36104,0.8203,0.45641,0.36104
3.08275,2.16252,5.50962,0.02669,-0.96168,0.27287,0.99971,0.0,0.0,nan,0.0,0.02221,0.09763,7.12235,2.06489,0.22762,0.38914,0.39552,0.74874,0.48429,0.39552
2.95917,2.58443,7.03104,0.03062,-0.92955,0.36743,0.99729,0.0,0.0,nan,0.0,0.01067,0.05701,8.26002,1.6443,0.23219,0.2963,0.63249,0.78422,0.60816,0.63249
3.06461,3.41412,8.80586,0.03206,-0.81296,0.58144,0.99327,0.0,0.0,nan,0.0,0.01648,0.07017,10.94444,1.93759,0.2288,0.30797,0.38549,0.9022,0.5161,0.38549
3.13052,4.8985,-9.10108,-0.01155,-0.40505,-0.91422,0.97616,0.0,0.0,nan,0.0,0.01162,0.02688,19.47994,1.74772,0.24241,0.59488,0.41368,0.80122,0.57217,0.41368
3.77987,4.02468,-7.98485,-0.00792,-0.53594,-0.84422,0.99729,0.0,0.0,nan,0.0,0.01142,0.02541,21.64895,1.73305,0.23487,0.57594,0.43841,0.85259,0.57702,0.43841
3.21565,4.24499,9.72877,0.04251,-0.67798,0.73385,0.99236,0.0,0.0,nan,0.0,0.02168,0.07985,12.8231,1.80873,0.22535,0.36043,0.49594,0.87088,0.55287,0.49594
2.9444,5.22912,10.4247,0.04079,-0.51939,0.85356,0.99639,0.0,0.0,nan,0.0,0.02838,0.11179,15.27807,1.7219,0.22309,0.4611,0.75319,0.62907,0.58076,0.75319
3.0045,6.73326,-9.45952,-0.01247,-0.16687,-0.9859,0.99609,0.0,0.0,nan,0.0,0.00695,0.01978,13.75239,3.22339,0.23596,0.49926,0.48458,0.80609,0.31023,0.48458
2.99803,6.95845,11.26011,0.02835,-0.2078,0.97776,0.98823,0.0,0.0,nan,0.0,0.0214,0.07179,20.18741,1.6443,0.23439,0.55338,0.47919,0.59207,0.60816,0.47919
2.92763,9.11689,-9.6751,-0.01299,0.04485,-0.99891,0.97304,0.0,0.0,nan,0.0,0.01166,0.04553,18.78316,1.75282,0.23395,0.62044,0.55284,0.45654,0.57051,0.55284
2.92495,9.04508,11.23668,0.04981,-0.00497,0.99875,0.99991,0.0,0.0,nan,0.0,0.01239,0.04089,31.09869,1.93299,0.22813,0.61025,0.83081,0.71279,0.51733,0.83081
3.04259,10.95249,-9.75321,0.10779,0.07937,-0.991,0.96388,0.0,0.0,nan,0.0,0.00631,0.02552,43.49915,2.16738,0.2347,0.59733,0.67068,0.43326,0.46139,0.67068
3.04099,11.13394,11.50153,-0.00551,0.09317,0.99563,0.99407,0.0,0.0,nan,0.0,0.02081,0.04534,36.31352,1.70652,0.22956,0.58478,0.65106,0.82808,0.58599,0.65106
2.94323,13.62901,-10.18497,0.12815,-0.28969,-0.9485,0.94254,0.0,0.0,nan,0.0,0.00515,0.03098,46.42555,3.02164,0.23746,0.50722,0.46864,0.34175,0.33095,0.46864
3.21879,12.68487,-9.37076,0.24627,-0.28373,-0.92674,0.97032,0.0,0.0,nan,0.0,0.01103,0.04103,49.94308,1.6443,0.23457,0.57157,0.48242,0.48907,0.60816,0.48242
3.90968,12.23714,-7.87536,0.31177,-0.06449,-0.94797,0.73025,0.0,0.0,nan,0.0,0.01371,0.03254,54.28078,3.37716,0.23313,0.52754,0.6443,0.82791,0.29611,0.6443
2.96437,12.97128,11.02391,-0.06857,0.20103,0.97718,0.99971,0.0,0.0,nan,0.0,0.0126,0.03403,27.1734,3.02496,0.23414,0.62453,0.56963,0.63621,0.33058,0.56963
2.96166,14.95926,-10.47002,0.09483,-0.16765,-0.98127,0.96629,0.0,0.0,nan,0.0,0.00806,0.02478,25.29461,1.6443,0.23826,0.39136,0.71409,0.89658,0.60816,0.71409
3.33719,15.60157,-9.96225,0.09694,-0.09194,-0.99103,0.99598,0.0,0.0,nan,0.0,0.00817,0.02575,21.82819,1.77472,0.23644,0.37852,0.54325,0.91466,0.56347,0.54325
3.35244,15.23254,9.95177,0.03183,0.04041,0.99868,0.93257,0.0,0.0,nan,0.0,0.00442,0.01424,18.11486,3.57803,0.23583,0.35631,0.36366,0.96821,0.27948,0.36366
2.97537,14.86409,10.38494,0.0101,0.04543,0.99892,0.98592,0.0,0.0,nan,0.0,0.00808,0.02049,19.45312,2.99381,0.22791,0.45909,0.43095,0.94738,0.33402,0.43095
2.65948,17.13405,-10.28345,0.19169,-0.04253,-0.98053,0.99629,0.0,0.0,nan,0.0,0.01087,0.02665,22.56458,1.90583,0.22888,0.46212,0.33677,0.96036,0.52471,0.33677
3.3722,16.85674,-9.80757,0.1438,0.00444,-0.9896,0.98693,0.0,0.0,nan,0.0,0.01305,0.02827,21.0611,2.23988,0.24194,0.51026,0.53752,0.99062,0.44645,0.53752
3.03168,16.93257,11.08772,0.09693,-0.00984,0.99524,0.97163,0.0,0.0,nan,0.0,0.00856,0.01741,20.83698,3.37838,0.23521,0.61796,0.48671,0.87162,0.296,0.48671
2.67965,19.09647,-10.40263,0.21771,-0.12224,-0.96833,0.99941,0.0,0.0,nan,0.0,0.01433,0.03098,21.95403,2.55335,0.23758,0.55147,0.6448,0.91514,0.39164,0.6448
3.56695,18.53416,-9.91126,0.19341,-0.11468,-0.97439,0.98481,0.0,0.0,nan,0.0,0.01484,0.03477,23.63182,3.21366,0.24433,0.50183,0.47436,0.92223,0.31117,0.47436
3.04095,18.89621,10.88369,0.1064,0.08678,0.99053,0.98733,0.0,0.0,nan,0.0,0.01352,0.02732,21.26682,1.7139,0.23384,0.6491,0.46025,0.83427,0.58347,0.46025
2.94966,20.99209,-10.6815,0.14432,-0.12505,-0.9816,0.9977,0.0,0.0,nan,0.0,0.01169,0.03017,24.50074,3.2062,0.23361,0.56878,0.77868,0.81139,0.3119,0.77868
3.00352,21.06156,10.39542,0.05807,-0.06699,0.99606,0.99699,0.0,0.0,nan,0.0,0.01105,0.02795,18.08792,1.86155,0.23939,0.56817,0.6631,0.77259,0.53719,0.6631
2.98646,22.79762,-11.00637,0.05526,-0.15903,-0.98573,0.98924,0.0,0.0,nan,0.0,0.00718,0.02703,17.52808,1.98823,0.23451,0.48102,0.76088,0.63739,0.50296,0.76088
3.04147,22.9792,10.75959,0.06913,0.03027,0.99715,0.99629,0.0,0.0,nan,0.0,0.00736,0.03216,19.83974,1.80873,0.23627,0.65712,0.82283,0.5002,0.55287,0.82283
3.1058,24.96029,-11.17645,0.00985,-0.06056,-0.99812,0.98833,0.0,0.0,nan,0.0,0.00704,0.045,6.39253,2.03512,0.23075,0.59885,0.61218,0.34311,0.49137,0.61218
3.00624,25.14688,10.5591,0.06776,-0.05392,0.99624,0.9989,0.0,0.0,nan,0.0,0.00749,0.02149,20.60905,1.6443,0.24542,0.60114,0.4083,0.63638,0.60816,0.4083
3.06673,27.0359,-11.13073,0.01248,0.00109,-0.99992,0.98803,0.0,0.0,nan,0.0,0.00855,0.04636,4.87894,1.68068,0.21591,0.27494,0.55045,0.94614,0.595,0.55045
3.03838,26.84903,10.98473,0.0361,-0.12009,0.99211,0.98954,0.0,0.0,nan,0.0,0.01303,0.03216,20.91546,1.731,0.24861,0.69273,0.52926,0.64099,0.5777,0.52926
2.99421,28.97439,-11.22637,0.02887,-0.0009,-0.99958,0.99518,0.0,0.0,nan,0.0,0.00648,0.05454,7.66743,1.75165,0.20292,0.33821,0.71861,0.44287,0.57089,0.71861
2.95222,29.07686,11.09274,0.00193,0.03161,0.9995,0.99669,0.0,0.0,nan,0.0,0.00574,0.01728,15.46222,1.84324,0.23894,0.54591,0.3676,0.68719,0.54252,0.3676
2.95187,30.91468,-11.22108,0.05299,0.0099,-0.99855,0.99619,0.0,0.0,nan,0.0,0.00366,0.05464,7.47072,1.74505,0.20454,0.33244,0.85466,0.38395,0.57305,0.85466
3.03514,30.96872,10.80052,0.02,-0.08019,0.99658,0.9977,0.0,0.0,nan,0.0,0.00391,0.02015,21.77358,1.6443,0.24574,0.3585,0.29058,0.59121,0.60816,0.29058
2.9851,33.07844,-11.1512,0.08597,0.01153,-0.99623,0.99125,0.0,0.0,nan,0.0,0.01114,0.07869,7.01521,1.86591,0.2171,0.31179,0.5974,0.58338,0.53593,0.5974
2.9613,33.14127,10.89834,0.01849,0.00454,0.99982,0.9986,0.0,0.0,nan,0.0,0.00755,0.05616,36.20823,1.80873,0.24342,0.38699,0.48449,0.36648,0.55287,0.48449
2.96625,35.07137,-11.1187,0.09918,0.00808,-0.99504,0.98924,0.0,0.0,nan,0.0,0.01128,0.07094,9.11246,1.80873,0.22278,0.33739,0.66099,0.57482,0.55287,0.66099
2.97586,34.99794,10.77906,0.03388,0.05581,0.99787,0.99981,0.0,0.0,nan,0.0,0.00911,0.0505,39.79857,1.74884,0.24099,0.40155,0.7623,0.49122,0.57181,0.7623
3.03524,37.00683,-11.167,0.10144,0.02108,-0.99462,0.98783,0.0,0.0,nan,0.0,0.01214,0.05944,9.88912,1.6443,0.23719,0.34649,0.68634,0.7084,0.60816,0.68634
2.9894,37.0272,10.84977,0.06873,0.01617,0.9975,0.99931,0.0,0.0,nan,0.0,0.01039,0.03947,37.01407,1.6443,0.24097,0.47012,0.71762,0.59038,0.60816,0.71762
3.01905,38.95591,-11.12362,0.11271,0.04262,-0.99271,0.97877,0.0,0.0,nan,0.0,0.00416,0.05409,9.60079,1.85643,0.23487,0.3981,0.92263,0.52183,0.53867,0.92263
3.08642,39.09953,10.94592,0.07369,0.06916,0.99488,0.99317,0.0,0.0,nan,0.0,0.00805,0.01926,26.60401,3.24308,0.23947,0.46549,0.33918,0.96563,0.30835,0.33918
3.11879,40.93325,-11.00693,0.09752,0.06229,-0.99328,0.94324,0.0,0.0,nan,0.0,0.00947,0.08265,5.49671,1.74672,0.23996,0.46413,0.87776,0.56935,0.5725,0.87776
3.03499,40.88619,10.8145,0.06725,0.09738,0.99297,0.98461,0.0,0.0,nan,0.0,0.0113,0.03082,25.11502,1.84096,0.23663,0.47864,0.76565,0.87063,0.5432,0.76565
2.9474,42.93077,-10.8151,0.08014,0.10815,-0.9909,0.91355,0.00216,0.0108,0.7,1.0,0.01312,0.05949,4.48182,1.65114,0.23175,0.43917,0.6393,0.72601,0.60564,0.6393
3.14585,43.38634,9.70367,0.03055,0.1785,0.98347,0.97616,0.0,0.0,nan,0.0,0.01598,0.03185,28.59675,1.80873,0.23337,0.55444,0.63722,0.96809,0.55287,0.63722
2.94112,42.81388,10.3026,0.02881,0.16316,0.98618,0.9989,0.0,0.0,nan,0.0,0.01592,0.03179,27.66086,1.89957,0.22464,0.56881,0.55326,0.94407,0.52644,0.55326
2.91774,44.91521,-10.51917,0.08687,0.14035,-0.98628,0.93247,0.0,0.0,nan,0.0,0.00468,0.0515,5.96953,1.81283,0.23768,0.47115,0.86668,0.41064,0.55162,0.86668
2.78812,44.84805,9.94496,0.00752,0.07315,0.99729,0.99518,0.0,0.0,nan,0.0,0.01312,0.03135,29.76063,1.82528,0.22894,0.47086,0.69851,0.94862,0.54786,0.69851
3.13002,45.22751,10.00591,0.0366,0.06993,0.99688,0.99659,0.0,0.0,nan,0.0,0.01019,0.02287,26.26197,1.72987,0.22549,0.48088,0.48348,0.99781,0.57808,0.48348
2.96249,46.96889,-10.36242,0.07774,0.16362,-0.98346,0.99196,0.0,0.0,nan,0.0,0.00513,0.02143,8.24303,1.668,0.22512,0.3752,0.40551,0.79205,0.59952,0.40551
2.90262,47.8459,-9.93227,0.06671,0.16246,-0.98446,0.99166,0.0,0.0,nan,0.0,0.00423,0.01981,7.95666,1.6443,0.22566,0.36809,0.35601,0.72661,0.60816,0.35601
3.41981,47.47193,9.82596,0.05878,0.16974,0.98373,0.99709,0.0,0.0,nan,0.0,0.00898,0.02172,22.63495,1.68128,0.22821,0.4891,0.42785,0.91952,0.59478,0.42785
2.83789,46.76245,10.15794,0.02384,0.16112,0.98665,0.98652,0.0,0.0,nan,0.0,0.01733,0.03495,25.55144,1.8467,0.23565,0.57825,0.43257,0.92461,0.54151,0.43257
2.05789,48.34506,-10.01499,0.05603,0.17224,-0.98346,0.98038,0.0,0.0,nan,0.0,0.00619,0.0256,8.17114,1.6757,0.22672,0.40115,0.48036,0.75011,0.59676,0.48036
3.12674,48.88487,-9.90319,0.05197,0.14771,-0.98766,0.9835,0.0,0.0,nan,0.0,0.00337,0.0205,7.87884,1.6443,0.22666,0.33936,0.49362,0.60815,0.60816,0.49362
2.96133,48.96529,9.3652,0.0566,0.03937,0.99762,0.98602,0.0,0.0,nan,0.0,0.0092,0.02078,21.48102,2.08771,0.23067,0.54878,0.56954,0.88148,0.47899,0.56954
2.44163,48.0407,10.00621,0.03663,0.13221,0.99054,0.99619,0.0,0.0,nan,0.0,0.00947,0.01966,21.96134,2.52567,0.22887,0.57692,0.60295,0.91046,0.39593,0.60295
2.88735,50.94339,-9.62004,0.01877,0.10812,-0.99396,0.98552,0.0,0.0,nan,0.0,0.0056,0.03589,3.81068,2.2958,0.22444,0.43777,0.75188,0.54666,0.43558,0.75188
2.95305,50.9353,9.8864,0.04383,-0.01574,0.99892,0.98864,0.0,0.0,nan,0.0,0.01258,0.03922,18.84804,1.6443,0.24615,0.74669,0.76386,0.49727,0.60816,0.76386
2.95996,53.01811,-9.45501,0.00935,0.07275,-0.99731,0.98743,0.0,0.0,nan,0.0,0.005,0.02389,3.74953,1.89714,0.20621,0.34328,0.72928,0.93446,0.52711,0.72928
3.00791,53.03237,9.37633,0.0327,0.12139,0.99207,1.00011,0.0,0.0,nan,0.0,0.00481,0.01438,16.25609,1.70685,0.24049,0.6047,0.73996,0.62141,0.58587,0.73996
3.06281,54.91208,-9.32896,-0.00095,0.08375,-0.99649,0.98964,0.0,0.0,nan,0.0,0.01312,0.05808,4.14097,1.87556,0.21986,0.34758,0.5363,0.96418,0.53317,0.5363
3.1138,54.88631,9.60318,0.08137,0.11706,0.98979,0.98995,0.0,0.0,nan,0.0,0.00569,0.01557,21.1595,1.67887,0.23758,0.62425,0.4401,0.64105,0.59564,0.4401
2.97086,57.11441,-9.1035,-0.00956,0.19472,-0.98081,0.99417,0.0,0.0,nan,0.0,0.01233,0.10198,4.93376,1.86355,0.22462,0.51124,0.87841,0.56404,0.53661,0.87841
3.10055,56.90934,9.20314,0.09285,0.22114,0.97081,0.98622,0.0,0.0,nan,0.0,0.00691,0.03026,18.12754,1.6443,0.23696,0.57146,0.58679,0.444,0.60816,0.58679
2.98107,59.11117,-8.57077,-0.02965,0.44346,-0.89581,0.98733,0.0,0.0,nan,0.0,0.0095,0.05089,7.28227,1.90524,0.2281,0.41397,0.52658,0.57465,0.52487,0.52658
3.03133,59.77036,7.75977,0.02797,0.75968,0.64969,0.96388,0.0,0.0,nan,0.0,0.01162,0.04673,7.13861,1.86427,0.22584,0.32597,0.40177,0.97642,0.5364,0.40177
2.96782,58.80788,8.53352,0.06723,0.50875,0.85828,0.95311,0.0,0.0,nan,0.0,0.02696,0.12284,14.95827,1.66181,0.23194,0.65562,0.65667,0.37946,0.60175,0.65667
3.22329,60.07065,-8.04043,-0.03366,0.59851,-0.80041,0.97897,0.0,0.0,nan,0.0,0.01483,0.05601,8.31667,1.88648,0.21999,0.45416,0.63008,0.72329,0.53009,0.63008
2.96524,61.03547,-7.09311,-0.0537,0.78594,-0.61596,0.97263,0.0,0.0,nan,0.0,0.01487,0.05588,8.40407,1.85817,0.22121,0.39807,0.5687,0.82764,0.53816,0.5687
2.96568,61.95381,-5.20173,-0.0406,0.96772,-0.24874,0.97867,0.0,0.0,nan,0.0,0.01316,0.06897,9.08674,1.88245,0.2163,0.35364,0.80522,0.79938,0.53122,0.80522
2.98707,61.92166,-3.00721,-0.01067,0.99842,0.05522,0.99679,0.0,0.0,nan,0.0,0.01549,0.04466,9.53668,1.91429,0.22206,0.49297,0.59199,0.85098,0.52239,0.59199
2.9448,61.55399,-1.06256,-0.00067,0.99143,0.13066,0.9985,0.0,0.0,nan,0.0,0.00435,0.02358,8.48337,1.66642,0.21198,0.49013,0.89259,0.85581,0.60009,0.89259
2.97952,61.38387,0.95286,0.00887,0.98808,0.15371,0.9982,0.0,0.0,nan,0.0,0.00505,0.02184,7.30528,1.6646,0.23372,0.41779,0.69239,0.70516,0.60075,0.69239
3.013,61.07392,2.96833,0.01015,0.98914,0.14665,0.99981,0.0,0.0,nan,0.0,0.00621,0.02217,6.12533,2.12394,0.22518,0.37402,0.46967,0.99272,0.47082,0.46967
2.98081,60.83021,5.02915,-0.00796,0.97634,0.21611,0.99991,0.0,0.0,nan,0.0,0.0075,0.02341,6.74672,2.95593,0.23948,0.4657,0.48655,0.89188,0.3383,0.48655
3.0084,60.20309,6.71541,0.00777,0.8892,0.45745,0.99156,0.0,0.0,nan,0.0,0.01527,0.0493,7.18872,1.77644,0.23343,0.40267,0.58823,0.98343,0.56292,0.58823
3.1593,62.09256,-4.69475,-0.03131,0.98616,-0.16281,0.98199,0.0,0.0,nan,0.0,0.01513,0.06797,8.3042,1.88959,0.2167,0.36005,0.77374,0.83043,0.52922,0.77374
2.81551,62.0028,-3.32703,-0.00962,0.99963,0.02541,0.99468,0.0,0.0,nan,0.0,0.01689,0.04888,9.09941,1.75367,0.23332,0.45802,0.64672,0.92048,0.57023,0.64672
5.23627,1.50775,-6.4154,0.00711,-0.71754,-0.69648,0.99156,0.0,0.0,nan,0.0,0.0076,0.02213,24.83092,2.25692,0.23372,0.63517,0.63782,0.58423,0.44308,0.63782
4.9699,0.61926,-5.15788,0.02785,-0.90741,-0.41933,0.97173,0.0,0.0,nan,0.0,0.00795,0.03216,23.83432,1.68701,0.23313,0.60907,0.56276,0.43996,0.59276,0.56276
4.99226,0.30854,-2.97644,0.03818,-0.9949,0.09331,0.98612,0.0,0.0,nan,0.0,0.00314,0.04996,18.99683,2.64643,0.24705,0.64851,0.97798,0.3954,0.37787,0.97798
4.96275,0.8237,-1.09866,0.01007,-0.99058,0.13657,0.99931,0.0,0.0,nan,0.0,0.00208,0.02895,25.92522,2.25344,0.23002,0.60872,0.98145,0.48981,0.44377,0.98145
4.99932,0.86553,1.12166,-0.00045,-0.98679,0.16202,0.9987,0.0,0.0,nan,0.0,0.01061,0.0428,24.55406,3.56869,0.24626,0.70768,0.81482,0.47806,0.28021,0.81482
5.0457,1.347,3.0007,0.02818,-0.95336,0.30051,0.99961,0.0,0.0,nan,0.0,0.0161,0.06303,13.54265,1.92403,0.21858,0.4173,0.583,0.70229,0.51974,0.583
5.10474,1.90359,4.34427,0.03937,-0.95878,0.28141,0.99971,0.0,0.0,nan,0.0,0.01155,0.05719,12.82843,1.85877,0.21747,0.37812,0.45164,0.61725,0.53799,0.45164
5.20751,3.54796,-8.33204,-0.00275,-0.56106,-0.82777,0.98542,0.0,0.0,nan,0.0,0.00879,0.0206,23.86042,1.86152,0.23104,0.62325,0.66252,0.74208,0.5372,0.66252
4.85284,2.6981,-7.20568,0.00456,-0.6244,-0.78109,0.99931,0.0,0.0,nan,0.0,0.00791,0.02134,27.55666,1.84203,0.23934,0.60629,0.74046,0.65573,0.54288,0.74046
5.03717,2.18767,5.33078,0.04157,-0.95985,0.27743,0.99991,0.0,0.0,nan,0.0,0.01209,0.06373,10.45465,1.86788,0.22242,0.36363,0.57949,0.62134,0.53537,0.57949
4.99115,2.59619,7.03082,0.04314,-0.92685,0.37296,0.9977,0.0,0.0,nan,0.0,0.01335,0.06369,8.52967,2.18291,0.22532,0.29626,0.45007,0.8733,0.4581,0.45007
5.04134,3.47934,8.7274,0.04612,-0.81165,0.58231,0.99276,0.0,0.0,nan,0.0,0.03043,0.09475,11.86469,2.14544,0.22215,0.46142,0.78115,0.90338,0.4661,0.78115
4.94359,4.85649,-9.11962,0.01031,-0.39272,-0.9196,0.98038,0.0,0.0,nan,0.0,0.00629,0.01808,20.02981,1.89154,0.22548,0.47453,0.39015,0.80588,0.52867,0.39015
4.98043,4.31536,9.70654,0.04363,-0.67369,0.73773,0.98823,0.0,0.0,nan,0.0,0.0241,0.11506,15.48176,1.72915,0.22232,0.54072,0.79515,0.51127,0.57832,0.79515
5.01374,5.28046,10.43221,0.0539,-0.51524,0.85535,0.98884,0.0,0.0,nan,0.0,0.02838,0.12776,15.55685,1.71556,0.21922,0.49089,0.82613,0.67528,0.5829,0.82613
5.05816,6.85069,-9.54735,-0.00194,-0.15744,-0.98753,0.99598,0.0,0.0,nan,0.0,0.00839,0.0279,18.2987,1.74301,0.22393,0.51055,0.57098,0.65366,0.57372,0.57098
5.00229,6.92756,11.09737,0.07554,-0.226,0.9712,0.98572,0.0,0.0,nan,0.0,0.03743,0.10484,15.8351,1.72142,0.22093,0.5416,0.62775,0.74239,0.58092,0.62775
5.01687,9.05839,-9.72526,0.04091,0.09462,-0.99467,0.96347,0.0,0.0,nan,0.0,0.0124,0.03754,22.92344,1.72453,0.23493,0.58069,0.52381,0.61834,0.57987,0.52381
5.04601,9.19371,11.22287,0.08803,-0.00438,0.99611,0.9979,0.0,0.0,nan,0.0,0.00699,0.0307,25.27716,3.23905,0.23526,0.45639,0.46642,0.53839,0.30873,0.46642
4.89028,10.81237,-8.79413,0.15196,0.27741,-0.94866,0.96629,0.0,0.0,nan,0.0,0.00767,0.03552,36.87353,3.45303,0.23839,0.47146,0.62671,0.48286,0.2896,0.62671
4.86519,11.64111,-7.68372,0.201,0.22684,-0.95296,0.73901,0.0,0.0,nan,0.0,0.00601,0.03925,39.78133,3.40365,0.23841,0.4031,0.7966,0.46916,0.2938,0.7966
4.9073,10.86792,11.16766,0.06764,0.0238,0.99743,0.99991,0.0,0.0,nan,0.0,0.00741,0.02785,27.72152,2.25032,0.23433,0.54114,0.72314,0.5271,0.44438,0.72314
5.04515,13.30791,-8.69275,0.28702,-0.42044,-0.86073,0.88426,0.0,0.0,nan,0.0,0.00894,0.03654,49.02763,2.98973,0.23712,0.47994,0.49298,0.5303,0.33448,0.49298
4.80613,12.3952,-7.86895,0.27819,-0.04564,-0.95944,0.73247,0.0,0.0,nan,0.0,0.01537,0.04984,52.78879,2.56597,0.24086,0.47564,0.6449,0.67296,0.38972,0.6449
4.99657,13.03818,11.12629,-0.0285,0.15702,0.98718,0.99347,0.0,0.0,nan,0.0,0.00846,0.05014,24.10619,1.80873,0.2324,0.59706,0.78895,0.34957,0.55287,0.78895
5.02142,15.04286,-10.44401,0.15921,-0.18749,-0.96928,0.87238,0.0,0.0,nan,0.0,0.01131,0.03281,31.80436,1.69689,0.24089,0.46947,0.41557,0.7801,0.58931,0.41557
5.00107,14.16686,-9.89544,0.25584,-0.43113,-0.86526,0.94958,0.0,0.0,nan,0.0,0.0157,0.03781,38.35953,3.20186,0.23948,0.66058,0.59453,0.66129,0.31232,0.59453
5.55133,15.68938,9.88385,-0.00748,0.12338,0.99233,0.94163,0.0,0.0,nan,0.0,0.00559,0.02122,24.68245,1.9139,0.23285,0.47863,0.724,0.59473,0.52249,0.724
4.99626,15.07666,10.64337,-0.01447,0.13817,0.9903,0.99669,0.0,0.0,nan,0.0,0.00512,0.01937,20.32022,1.9216,0.23046,0.46225,0.61173,0.62847,0.5204,0.61173
5.29541,16.62441,-10.10438,0.07782,0.01537,-0.99685,0.98833,0.0,0.0,nan,0.0,0.01289,0.04307,28.20831,3.03337,0.23611,0.43888,0.46648,0.7302,0.32967,0.46648
4.89355,17.21214,-9.80785,0.06489,0.03053,-0.99743,0.99236,0.0,0.0,nan,0.0,0.0151,0.03559,24.34286,2.83037,0.23129,0.50428,0.55063,0.91021,0.35331,0.55063
4.473,17.833,9.94792,0.11191,0.03521,0.99309,0.97082,0.0,0.0,nan,0.0,0.00962,0.02311,19.64495,1.85118,0.23479,0.59323,0.44412,0.77337,0.5402,0.44412
4.94611,16.99848,10.52142,0.05883,0.05758,0.99661,0.9986,0.0,0.0,nan,0.0,0.00476,0.01537,20.9313,3.04155,0.23108,0.41755,0.40875,0.81252,0.32878,0.40875
4.97344,19.67671,-10.18288,0.035,-0.15524,-0.98726,0.99276,0.0,0.0,nan,0.0,0.01997,0.05308,25.42649,1.6443,0.23644,0.47161,0.68413,0.86063,0.60816,0.68413
5.07989,18.81849,-9.70985,0.02024,-0.1313,-0.99114,0.97434,0.0,0.0,nan,0.0,0.01968,0.05248,25.26774,2.88166,0.23604,0.46888,0.5809,0.86298,0.34702,0.5809
4.80498,18.97938,9.83835,0.06394,0.06619,0.99576,0.95462,0.0,0.0,nan,0.0,0.00706,0.01795,18.89399,2.848,0.23178,0.47226,0.29828,0.92019,0.35112,0.29828
5.67919,19.01457,10.00119,0.00294,0.08789,0.99613,0.98199,0.0,0.0,nan,0.0,0.01158,0.02992,19.31772,1.83424,0.2351,0.56671,0.49996,0.7537,0.54518,0.49996
5.01912,21.01392,-10.35874,0.02716,-0.21888,-0.97537,0.99759,0.0,0.0,nan,0.0,0.01486,0.04505,23.82571,2.55297,0.22634,0.49759,0.60048,0.71864,0.3917,0.60048
4.57985,20.02814,9.99345,0.10287,-0.01667,0.99456,0.97585,0.0,0.0,nan,0.0,0.00828,0.02153,20.10543,1.83649,0.24041,0.5049,0.61585,0.83781,0.54452,0.61585
5.04928,20.98325,10.39031,0.12676,-0.03899,0.99117,0.9987,0.0,0.0,nan,0.0,0.00625,0.01757,21.76649,1.82078,0.23644,0.47477,0.32682,0.81872,0.54922,0.32682
5.04659,22.80105,-11.02053,0.0207,-0.19721,-0.98014,0.99437,0.0,0.0,nan,0.0,0.00584,0.03075,19.60529,2.38386,0.22038,0.46527,0.52741,0.44976,0.41949,0.52741
5.61454,23.61644,9.74909,0.18987,0.02947,0.98137,0.9834,0.0,0.0,nan,0.0,0.0091,0.02221,25.07227,1.6443,0.23099,0.60882,0.59628,0.72648,0.60816,0.59628
5.01899,23.09364,10.68375,0.15283,0.00653,0.98823,0.99357,0.0,0.0,nan,0.0,0.00708,0.01968,23.48333,1.80873,0.22981,0.52878,0.55091,0.7386,0.55287,0.55091
5.05781,25.00189,-11.18299,0.01344,-0.05879,-0.99818,0.99105,0.0,0.0,nan,0.0,0.01651,0.0775,7.55722,1.67184,0.23927,0.63927,0.73811,0.42145,0.59814,0.73811
4.73797,24.53395,9.92154,0.13374,0.01986,0.99082,0.97777,0.0,0.0,nan,0.0,0.00561,0.01388,21.17215,3.38847,0.23864,0.51359,0.43168,0.86186,0.29512,0.43168
5.01444,25.04189,10.27547,0.14087,-0.03436,0.98943,0.9981,0.0,0.0,nan,0.0,0.00522,0.01229,20.42557,3.45303,0.23846,0.49384,0.45529,0.94481,0.2896,0.45529
4.95409,26.96684,-11.14991,0.0152,0.00986,-0.99984,0.99488,0.0,0.0,nan,0.0,0.00938,0.0431,4.35788,1.6443,0.22328,0.31735,0.48307,1.0,0.60816,0.48307
5.91347,26.0783,9.96413,0.13738,-0.10501,0.98494,0.99156,0.0,0.0,nan,0.0,0.00502,0.01421,22.14815,3.38337,0.23367,0.42895,0.46199,0.8973,0.29556,0.46199
5.05319,26.80635,10.85618,0.15401,-0.11012,0.98191,0.99377,0.0,0.0,nan,0.0,0.00635,0.01892,21.40499,1.6443,0.23781,0.54085,0.57049,0.67855,0.60816,0.57049
4.98808,29.03744,-11.12288,0.03564,0.02598,-0.99903,0.99639,0.0,0.0,nan,0.0,0.00951,0.04337,4.88803,1.74049,0.22677,0.3342,0.76628,0.97511,0.57455,0.76628
5.07457,28.93225,10.69081,0.19866,0.04485,0.97904,0.9981,0.0,0.0,nan,0.0,0.01122,0.02852,20.76903,1.70814,0.23868,0.59996,0.47286,0.71918,0.58543,0.47286
4.98453,31.0539,-11.00508,0.07176,0.04977,-0.99618,0.99518,0.0,0.0,nan,0.0,0.00879,0.04652,4.8003,1.91215,0.21943,0.26775,0.44684,1.0,0.52297,0.44684
5.87697,31.22332,9.93669,0.19144,-0.1584,0.96864,0.95371,0.0,0.0,nan,0.0,0.00715,0.01784,22.32193,1.75268,0.22765,0.46105,0.52589,0.94662,0.57055,0.52589
4.93337,31.14731,10.49886,0.1782,-0.13095,0.97524,0.99629,0.0,0.0,nan,0.0,0.00858,0.02339,22.58042,1.85284,0.23323,0.48348,0.28395,0.82609,0.53971,0.28395
5.02475,32.9006,-10.98561,0.11342,0.04287,-0.99262,0.99125,0.0,0.0,nan,0.0,0.01417,0.06573,6.17427,1.83679,0.20785,0.38801,0.80137,0.8805,0.54443,0.80137
5.02398,32.97657,11.27837,0.07187,-0.0729,0.99475,0.97918,0.0,0.0,nan,0.0,0.01041,0.04136,30.01791,2.13347,0.23019,0.40194,0.50548,0.66802,0.46872,0.50548
5.16744,35.0471,-10.84857,0.15013,0.02656,-0.98831,0.98803,0.0,0.0,nan,0.0,0.01095,0.06412,9.39382,1.7052,0.21887,0.39435,0.4471,0.52543,0.58644,0.4471
5.02112,35.04994,10.974,0.0403,0.07282,0.99653,0.99508,0.0,0.0,nan,0.0,0.01023,0.04877,38.29572,1.6443,0.23456,0.4583,0.51199,0.48164,0.60816,0.51199
4.92308,36.99735,-10.91752,0.17022,0.03761,-0.98469,0.98924,0.0,0.0,nan,0.0,0.01365,0.04392,12.4479,1.6443,0.23076,0.45744,0.44085,0.78876,0.60816,0.44085
4.98727,36.93887,10.72718,0.0678,0.05792,0.99602,0.9987,0.0,0.0,nan,0.0,0.00995,0.02589,24.6701,1.6443,0.2358,0.41797,0.39421,0.99461,0.60816,0.39421
5.07897,38.97223,-10.71898,0.18487,0.04315,-0.98182,0.9826,0.0,0.0,nan,0.0,0.00466,0.03441,11.49294,1.86666,0.24068,0.5711,0.90862,0.5649,0.53572,0.90862
5.6636,39.60287,9.75576,0.12235,0.09856,0.98758,0.95844,0.0,0.0,nan,0.0,0.00744,0.01566,25.75702,2.84963,0.23227,0.55955,0.71228,0.91556,0.35092,0.71228
5.01668,38.93567,10.72012,0.11271,0.1054,0.98802,0.9987,0.0,0.0,nan,0.0,0.00846,0.01786,26.50004,2.33968,0.21924,0.56281,0.73472,0.90531,0.42741,0.73472
4.85971,41.0035,-10.72589,0.1662,0.02511,-0.98577,0.94596,0.0,0.0,nan,0.0,0.00207,0.03466,10.56158,2.22646,0.21776,0.62191,0.92797,0.2653,0.44914,0.92797
5.58118,40.64,9.56661,0.13772,0.0322,0.98995,0.94888,0.0,0.0,nan,0.0,0.00645,0.01519,25.17108,1.6443,0.23523,0.45943,0.59352,0.99687,0.60816,0.59352
4.87591,41.05351,10.47117,0.10354,0.06647,0.9924,0.99649,0.0,0.0,nan,0.0,0.00697,0.01595,25.06916,1.90389,0.23549,0.49057,0.57411,0.96245,0.52524,0.57411
4.93698,42.90853,-10.64373,0.10499,0.08433,-0.99089,0.95039,0.01378,0.06889,0.7,1.0,0.00769,0.05756,4.88413,1.6443,0.22982,0.3326,0.85191,0.84039,0.60816,0.85191
5.4963,43.48835,9.6901,0.14069,0.15476,0.97788,0.99296,0.0,0.0,nan,0.0,0.01252,0.02669,27.15403,1.85113,0.23278,0.64096,0.6507,0.78605,0.54021,0.6507
4.86122,42.91254,10.4735,0.08337,0.15302,0.9847,0.9831,0.0,0.0,nan,0.0,0.01151,0.0303,28.78982,1.84113,0.24413,0.64202,0.57708,0.63289,0.54315,0.57708
4.92253,44.99453,-10.36575,0.07106,0.14121,-0.98743,0.96065,0.0,0.0,nan,0.0,0.00608,0.036,6.38831,1.80873,0.2419,0.36754,0.67445,0.60329,0.55287,0.67445
5.307,45.05295,9.57509,0.12168,0.11571,0.9858,0.99407,0.0,0.0,nan,0.0,0.00871,0.01749,22.82547,2.0203,0.23639,0.54146,0.39126,1.0,0.49498,0.39126
4.5214,44.86887,10.04452,0.10279,0.10634,0.989,0.9988,0.0,0.0,nan,0.0,0.00957,0.01895,24.99857,1.6443,0.22953,0.54545,0.32257,1.0,0.60816,0.32257
4.91337,46.61504,-10.11816,0.07534,0.15715,-0.9847,0.98894,0.0,0.0,nan,0.0,0.00515,0.02984,7.62882,1.95086,0.21641,0.40773,0.51485,0.53368,0.51259,0.51485
4.87931,47.5965,-9.93761,0.07395,0.14234,-0.98705,0.99387,0.0,0.0,nan,0.0,0.0057,0.02835,8.09805,1.80873,0.23461,0.41133,0.753,0.61551,0.55287,0.753
5.14033,47.31242,9.57716,0.12514,0.15313,0.98025,0.9988,0.0,0.0,nan,0.0,0.01128,0.02205,25.5347,2.01561,0.2276,0.5533,0.43443,0.99718,0.49613,0.43443
4.80627,46.34221,10.2074,0.13798,0.11116,0.98418,0.98542,0.0,0.0,nan,0.0,0.00991,0.01918,24.76022,1.6443,0.23262,0.55847,0.4901,1.0,0.60816,0.4901
4.96522,48.94958,-9.84135,0.06384,0.11951,-0.99078,0.99317,0.0,0.0,nan,0.0,0.00314,0.02749,6.77545,1.8444,0.23444,0.33783,0.41658,0.4375,0.54218,0.41658
5.07135,48.84286,9.16732,0.10987,0.04865,0.99275,0.9827,0.0,0.0,nan,0.0,0.00901,0.02324,22.37143,1.73765,0.23495,0.44611,0.55258,0.94689,0.57549,0.55258
5.01707,50.94776,-9.57874,0.05931,0.10492,-0.99271,0.99317,0.0,0.0,nan,0.0,0.00746,0.04557,3.92137,1.80873,0.23268,0.3875,0.66929,0.63814,0.55287,0.66929
5.02533,50.92872,9.68177,0.08327,-0.04013,0.99572,0.99437,0.0,0.0,nan,0.0,0.00619,0.023,16.20194,2.17496,0.23103,0.5679,0.68553,0.53243,0.45978,0.68553
5.04312,53.11909,-9.38428,0.04841,0.06247,-0.99687,0.99186,0.0,0.0,nan,0.0,0.00595,0.04346,3.929,2.08932,0.22775,0.28884,0.42372,0.71509,0.47862,0.42372
4.95342,52.95824,9.31347,0.04213,0.11988,0.99189,0.9986,0.0,0.0,nan,0.0,0.00756,0.02055,19.29401,1.86589,0.22804,0.54705,0.54365,0.74179,0.53594,0.54365
5.07338,54.96421,-9.32029,0.03037,0.06803,-0.99722,0.99095,0.0,0.0,nan,0.0,0.01388,0.06651,4.10734,1.84345,0.22955,0.31031,0.37264,1.0,0.54246,0.37264
4.95382,55.11691,9.28591,0.08969,0.17734,0.98005,0.99951,0.0,0.0,nan,0.0,0.00832,0.01703,23.67177,1.87548,0.23357,0.55289,0.46204,0.95822,0.5332,0.46204
5.01633,57.01991,-9.10821,0.01474,0.18636,-0.98237,0.99095,0.0,0.0,nan,0.0,0.00652,0.06815,3.64898,1.66754,0.22671,0.19964,0.43141,0.74155,0.59969,0.43141
4.89809,56.97077,8.49354,0.1458,0.23072,0.96203,0.99498,0.0,0.0,nan,0.0,0.00832,0.02274,20.83039,3.19983,0.23945,0.61205,0.78217,0.73016,0.31252,0.78217
4.98759,59.08858,-8.53204,0.01727,0.42747,-0.90387,0.99055,0.0,0.0,nan,0.0,0.00542,0.04936,5.72559,2.15718,0.2173,0.34136,0.7213,0.43402,0.46357,0.7213
5.02604,59.72062,7.72469,0.06959,0.68405,0.7261,0.9364,0.0,0.0,nan,0.0,0.00966,0.07794,24.61943,1.6443,0.22847,0.65734,0.64652,0.20382,0.60816,0.64652
5.03268,58.76907,8.45284,0.09998,0.40545,0.90863,0.95572,0.0,0.0,nan,0.0,0.0093,0.03809,22.87307,1.78729,0.23601,0.64686,0.61231,0.41067,0.55951,0.61231
4.91603,60.07561,-8.06125,0.00279,0.58941,-0.80783,0.97777,0.0,0.0,nan,0.0,0.0062,0.07658,7.81409,1.9025,0.21461,0.42706,0.92329,0.5344,0.52563,0.92329
5.02303,61.07189,-7.09068,-0.01311,0.77942,-0.62637,0.97636,0.0148,0.074,0.7,1.0,0.02382,0.09117,7.92936,1.88929,0.21819,0.44152,0.74231,0.74105,0.5293,0.74231
4.97353,61.89931,-5.50117,-0.02174,0.9565,-0.29093,0.98048,0.0,0.0,nan,0.0,0.02458,0.086,8.46873,1.9086,0.21857,0.39554,0.67567,0.89314,0.52394,0.67567
5.02728,61.93494,-2.88804,-0.01838,0.99758,0.06709,0.9977,0.0,0.0,nan,0.0,0.01019,0.04706,7.99007,1.75743,0.23103,0.31966,0.35665,0.84683,0.56901,0.35665
4.94906,61.78905,-0.93464,-0.02418,0.99005,0.13864,0.9977,0.0,0.0,nan,0.0,0.00625,0.02773,7.70973,1.69649,0.21783,0.4769,0.80285,0.71659,0.58945,0.80285
4.98445,61.41291,0.95578,-0.02232,0.98581,0.16636,0.999,0.0,0.0,nan,0.0,0.01443,0.04441,6.47439,1.78605,0.22981,0.45443,0.76145,0.97177,0.55989,0.76145
5.00601,61.03285,3.00009,0.00392,0.98889,0.14859,0.99981,0.0,0.0,nan,0.0,0.02338,0.09881,6.25549,1.80873,0.2242,0.39748,0.79961,0.93389,0.55287,0.79961
5.03134,60.83234,5.04262,0.0025,0.97546,0.22016,0.9987,0.0,0.0,nan,0.0,0.01555,0.06015,6.68886,1.86509,0.22297,0.36828,0.58364,0.91183,0.53617,0.58364
5.00472,60.33438,6.74593,0.02852,0.8686,0.49469,0.97082,0.0,0.0,nan,0.0,0.02139,0.12735,8.48438,2.05691,0.23602,0.61763,0.92878,0.78554,0.48617,0.92878
5.11691,62.06573,-4.45698,-0.01924,0.99311,-0.11556,0.99055,0.0,0.0,nan,0.0,0.01701,0.06883,7.83568,1.8801,0.22317,0.32981,0.5515,0.94034,0.53189,0.5515
4.95727,62.02642,-3.81237,-0.01915,0.99952,-0.02429,0.99719,0.0,0.0,nan,0.0,0.01287,0.0576,7.64738,1.90592,0.22337,0.29021,0.36941,0.97116,0.52468,0.36941
6.95805,1.24155,-6.7311,-0.01967,-0.7061,-0.70784,0.9526,0.0,0.0,nan,0.0,0.0059,0.02455,23.77232,2.24858,0.23814,0.59886,0.831,0.58741,0.44472,0.831
7.00857,0.381,-5.08132,-0.0058,-0.92938,-0.36907,0.93499,0.0,0.0,nan,0.0,0.01014,0.06334,24.54798,1.68644,0.23551,0.61532,0.67487,0.28141,0.59297,0.67487
7.02519,0.41925,-3.01203,0.06617,-0.98905,0.13193,0.99035,0.0,0.0,nan,0.0,0.00779,0.05553,22.31369,3.31437,0.23246,0.62247,0.82967,0.32966,0.30172,0.82967
7.07815,0.95614,-1.06224,0.09431,-0.99154,0.08915,0.99558,0.0,0.0,nan,0.0,0.00537,0.03341,29.97603,3.26252,0.24364,0.45757,0.78469,0.42134,0.30651,0.78469
7.01699,0.84661,1.08659,0.05092,-0.98326,0.17496,0.99447,0.0,0.0,nan,0.0,0.01241,0.06472,22.35333,1.6443,0.24172,0.53053,0.75721,0.40309,0.60816,0.75721
7.00937,1.60036,2.95111,0.05725,-0.94835,0.31203,1.00001,0.0,0.0,nan,0.0,0.02213,0.06616,14.2864,1.80873,0.22922,0.45166,0.348,0.84437,0.55287,0.348
6.5918,1.98824,4.20144,0.05627,-0.9562,0.28725,1.00001,0.00074,0.00372,0.7,1.0,0.01177,0.05544,12.47909,2.209,0.21804,0.34541,0.53488,0.71282,0.45269,0.53488
6.50004,3.56076,-8.1739,0.00042,-0.5548,-0.83198,0.98793,0.0,0.0,nan,0.0,0.01259,0.02591,23.37905,1.74014,0.23566,0.67452,0.63785,0.78169,0.57467,0.63785
7.16107,2.85613,-7.50705,0.02342,-0.60403,-0.79662,0.9989,0.0,0.0,nan,0.0,0.00621,0.01696,22.95823,1.74831,0.23399,0.61081,0.81223,0.81324,0.57198,0.81223
6.97082,2.03755,3.83974,0.05681,-0.95378,0.29508,0.99971,0.0,0.0,nan,0.0,0.01257,0.05716,12.86197,2.20297,0.22099,0.34536,0.45306,0.73552,0.45393,0.45306
7.0402,2.20042,5.10046,0.05261,-0.96082,0.27212,0.99981,0.0,0.0,nan,0.0,0.01417,0.06976,11.44755,1.68052,0.21966,0.34795,0.64684,0.68559,0.59505,0.64684
7.00608,2.80905,7.0715,0.05157,-0.92282,0.38177,0.99971,0.0,0.0,nan,0.0,0.02808,0.13312,12.12711,2.20002,0.22302,0.53764,0.56744,0.45707,0.45454,0.56744
6.92828,3.51438,8.68293,0.05468,-0.80877,0.58557,0.99005,0.0,0.0,nan,0.0,0.02373,0.1471,16.35281,2.05395,0.21965,0.6519,0.85295,0.41413,0.48687,0.85295
7.00791,4.80962,-9.0698,0.04606,-0.39221,-0.91872,0.99397,0.0,0.0,nan,0.0,0.00585,0.01519,20.17482,1.6443,0.23295,0.53936,0.48381,0.78521,0.60816,0.48381
6.82868,4.02216,-7.93033,0.02665,-0.52179,-0.85266,0.9981,0.0,0.0,nan,0.0,0.01036,0.02201,23.83361,1.86188,0.23549,0.61987,0.54496,0.82306,0.53709,0.54496
7.05599,4.37678,9.72867,0.07147,-0.66147,0.74656,0.98058,0.0,0.0,nan,0.0,0.0283,0.15182,16.70952,1.89125,0.22377,0.69225,0.87211,0.49487,0.52875,0.87211
6.94397,5.32209,10.34266,0.0804,-0.49665,0.86422,0.98461,0.0,0.0,nan,0.0,0.0117,0.15122,16.1502,2.06156,0.22195,0.67706,0.96795,0.42459,0.48507,0.96795
6.98344,6.9387,-9.39721,0.01674,-0.14735,-0.98894,0.9979,0.0,0.0,nan,0.0,0.00739,0.02717,18.16056,1.99131,0.23036,0.55092,0.48425,0.54839,0.50218,0.48425
6.98406,7.00701,10.92839,0.10661,-0.21842,0.97001,0.98743,0.0,0.0,nan,0.0,0.04074,0.13196,12.32541,1.86532,0.22871,0.5774,0.63367,0.62151,0.5361,0.63367
6.95889,9.078,-9.62715,0.07994,0.15169,-0.98519,0.96408,0.0,0.0,nan,0.0,0.01207,0.04692,28.7585,1.84873,0.22773,0.51419,0.51109,0.5352,0.54091,0.51109
7.03821,9.05313,11.05891,0.12444,0.00645,0.99221,0.9981,0.0,0.0,nan,0.0,0.00357,0.0219,18.67068,2.22821,0.22706,0.4154,0.80432,0.52562,0.44879,0.80432
7.09609,11.05286,-8.97841,-0.04218,0.26614,-0.96301,0.98179,0.0,0.0,nan,0.0,0.0118,0.04346,36.73619,1.6443,0.23962,0.48438,0.73328,0.59124,0.60816,0.73328
7.9614,11.88778,-7.80032,-0.17138,0.04439,-0.98421,0.84289,0.0,0.0,nan,0.0,0.01036,0.0467,36.16827,2.82795,0.24143,0.36905,0.62213,0.63446,0.35361,0.62213
7.08629,10.83054,11.05506,0.16616,0.00609,0.98608,0.99377,0.0,0.0,nan,0.0,0.00703,0.02994,24.90117,3.43904,0.24201,0.49981,0.52123,0.50742,0.29078,0.52123
7.03407,13.05313,-8.31136,-0.12871,-0.26669,-0.95515,0.88697,0.0,0.0,nan,0.0,0.00483,0.04164,71.47616,1.87449,0.24321,0.65174,0.90312,0.35855,0.53348,0.90312
6.9767,13.72535,-7.99692,-0.07258,-0.34799,-0.93468,0.81944,0.0,0.0,nan,0.0,0.00635,0.03014,62.36476,3.54337,0.24323,0.57092,0.84839,0.55563,0.28222,0.84839
7.0233,12.97404,11.07864,0.20016,0.06993,0.97726,0.98381,0.0,0.0,nan,0.0,0.00936,0.03193,19.17822,1.73777,0.24558,0.6459,0.53247,0.50144,0.57545,0.53247
6.57446,14.8873,-10.33296,0.17791,-0.32284,-0.92958,0.8908,0.0,0.0,nan,0.0,0.00524,0.01893,46.91505,2.4271,0.22379,0.42468,0.5609,0.67964,0.41201,0.5609
7.37613,14.59101,-9.25793,0.04823,-0.31151,-0.94902,0.99186,0.0,0.0,nan,0.0,0.00948,0.02664,53.14378,3.61746,0.23894,0.54697,0.64729,0.67529,0.27644,0.64729
6.73432,14.35856,-7.78657,0.06363,-0.40697,-0.91122,0.73599,0.0,0.0,nan,0.0,0.00663,0.01921,48.81735,2.81866,0.22805,0.42958,0.74649,0.83609,0.35478,0.74649
6.60252,15.89755,9.92726,0.10636,0.10585,0.98868,0.97032,0.0,0.0,nan,0.0,0.0062,0.02278,27.43206,2.21643,0.24065,0.54308,0.56707,0.53798,0.45118,0.56707
6.99399,15.13472,10.79066,0.15039,0.12879,0.9802,0.98823,0.0,0.0,nan,0.0,0.00588,0.02372,28.22814,1.94798,0.23181,0.56158,0.53258,0.47241,0.51335,0.53258
6.93042,17.43367,-10.1378,0.08876,-0.11212,-0.98972,0.99598,0.0,0.0,nan,0.0,0.00534,0.03971,30.70462,2.44956,0.23556,0.30341,0.64162,0.47241,0.40824,0.64162
6.9546,16.76568,-9.53507,0.1472,-0.13467,-0.97989,0.9824,0.0,0.0,nan,0.0,0.00544,0.05213,40.15971,2.17599,0.2293,0.3286,0.35939,0.33364,0.45956,0.35939
7.53199,16.17475,9.84511,0.20715,0.03195,0.97779,0.96871,0.0,0.0,nan,0.0,0.00612,0.01591,26.94252,3.39797,0.23754,0.53828,0.42007,0.76771,0.29429,0.42007
6.91837,16.89627,10.85686,0.06648,0.03945,0.99701,0.95914,0.0,0.0,nan,0.0,0.00432,0.01901,27.48366,1.80873,0.23728,0.51047,0.46725,0.47754,0.55287,0.46725
7.12325,19.14053,-10.25243,-0.02328,-0.16401,-0.98618,0.99749,0.0,0.0,nan,0.0,0.01269,0.04138,22.75684,1.73497,0.23898,0.54368,0.34696,0.61372,0.57638,0.34696
6.37023,18.59479,-9.8522,-0.01222,-0.15589,-0.9877,0.99256,0.0,0.0,nan,0.0,0.01159,0.04864,22.78772,1.92744,0.22942,0.43552,0.53296,0.59494,0.51882,0.53296
7.01766,19.01418,10.49588,-0.02199,0.09459,0.99527,0.98411,0.0,0.0,nan,0.0,0.00857,0.04468,18.57023,2.7233,0.23571,0.572,0.41326,0.37134,0.3672,0.41326
7.00602,21.15834,-10.68098,0.00905,-0.17475,-0.98457,0.9985,0.0,0.0,nan,0.0,0.00974,0.03006,23.28267,2.23269,0.22705,0.5754,0.54348,0.61157,0.44789,0.54348
7.1103,21.27771,9.65393,0.06668,0.05633,0.99618,0.96609,0.0,0.0,nan,0.0,0.00543,0.01876,21.65765,1.72118,0.24041,0.48101,0.68286,0.65694,0.581,0.68286
6.84307,20.75933,10.41196,0.04698,0.06129,0.99701,0.99739,0.0,0.0,nan,0.0,0.00371,0.02049,21.38516,1.80873,0.23377,0.48879,0.84011,0.56959,0.55287,0.84011
7.01377,22.8673,-10.93007,0.05713,-0.17658,-0.98263,0.99679,0.0,0.0,nan,0.0,0.00583,0.03036,19.17679,2.06574,0.21514,0.56359,0.78689,0.42654,0.48409,0.78689
7.28807,22.86557,9.74996,0.09613,0.02346,0.99509,0.99025,0.0,0.0,nan,0.0,0.00518,0.01385,22.38319,1.9057,0.228,0.45344,0.5761,0.89829,0.52474,0.5761
6.64136,22.99502,10.1672,0.13829,0.03386,0.98981,0.9985,0.0,0.0,nan,0.0,0.00486,0.01337,22.11825,1.78217,0.23185,0.44936,0.55601,0.88219,0.56111,0.55601
7.01065,24.96037,-11.1729,0.07417,-0.06058,-0.9954,0.99639,0.0,0.0,nan,0.0,0.0087,0.06069,8.84245,1.71165,0.22522,0.39547,0.85669,0.67471,0.58423,0.85669
7.31442,25.19011,9.68422,0.0592,-0.0666,0.99602,0.97485,0.0,0.0,nan,0.0,0.00412,0.01391,22.00742,1.90112,0.23144,0.33907,0.23316,0.95277,0.52601,0.23316
6.56485,24.90937,10.30371,0.11592,-0.04486,0.99225,0.99981,0.0,0.0,nan,0.0,0.00383,0.01247,22.68607,1.6443,0.2296,0.33525,0.39256,0.99731,0.60816,0.39256
6.99651,26.94966,-11.13752,0.10087,0.02337,-0.99463,0.99729,0.0,0.0,nan,0.0,0.00865,0.08385,10.56161,1.80873,0.23123,0.45537,0.82969,0.36179,0.55287,0.82969
6.9601,26.32082,9.76156,0.08633,-0.09899,0.99134,0.98089,0.0,0.0,nan,0.0,0.00442,0.01493,21.49032,3.43406,0.23392,0.35275,0.43496,0.91766,0.2912,0.43496
6.93107,27.19005,10.36421,0.10156,-0.05443,0.99334,0.99709,0.0,0.0,nan,0.0,0.00464,0.01399,21.24416,2.04953,0.22728,0.39251,0.31721,0.92381,0.48792,0.31721
7.02078,29.02672,-11.09926,0.10588,0.04242,-0.99347,0.99649,0.0,0.0,nan,0.0,0.00532,0.12745,8.26116,1.87922,0.21876,0.71122,0.96582,0.23575,0.53213,0.96582
7.22507,29.5123,9.6639,0.02246,0.04211,0.99886,0.94032,0.0,0.0,nan,0.0,0.01127,0.0262,24.41024,1.72532,0.24643,0.55716,0.49098,0.83555,0.5796,0.49098
6.9216,28.75706,10.13448,0.07949,0.02483,0.99653,0.99488,0.0,0.0,nan,0.0,0.00667,0.01877,21.92476,1.66871,0.23743,0.4609,0.406,0.84077,0.59926,0.406
6.98671,30.95233,-10.90171,0.10436,0.08564,-0.99085,0.99649,0.0,0.0,nan,0.0,0.00875,0.0393,4.57168,1.6443,0.22221,0.32042,0.55355,0.99864,0.60816,0.55355
7.08525,30.27577,9.88159,0.0514,-0.03621,0.99802,0.95703,0.0,0.0,nan,0.0,0.00983,0.02213,25.38318,2.38799,0.22605,0.52911,0.52861,0.90616,0.41876,0.52861
6.9653,31.14876,10.16587,0.10241,-0.12487,0.98687,0.98652,0.0,0.0,nan,0.0,0.00838,0.019,24.97487,1.73407,0.22548,0.49129,0.47694,0.96951,0.57668,0.47694
6.95747,32.96239,-10.66435,0.14333,0.08389,-0.98611,0.99458,0.0,0.0,nan,0.0,0.00972,0.05259,5.85741,1.84177,0.20679,0.32213,0.73931,0.7695,0.54296,0.73931
6.93138,32.96706,10.38049,0.15654,-0.11216,0.98128,0.99941,0.0,0.0,nan,0.0,0.00963,0.02171,22.29453,2.05813,0.23099,0.5313,0.46418,0.91014,0.48588,0.46418
6.96663,34.98133,-10.51685,0.17722,0.05402,-0.98269,0.99015,0.0,0.0,nan,0.0,0.0117,0.06058,6.93083,1.90036,0.2009,0.43052,0.77523,0.6286,0.52621,0.77523
6.97512,35.04489,10.73082,0.13759,0.03611,0.98983,0.9988,0.0,0.0,nan,0.0,0.00921,0.02263,24.07303,1.70673,0.23005,0.44365,0.58051,0.9932,0.58591,0.58051
7.00977,37.02832,-10.46185,0.1866,0.05767,-0.98074,0.99317,0.0,0.0,nan,0.0,0.01051,0.04088,9.87694,1.6443,0.23829,0.6306,0.75249,0.49412,0.60816,0.75249
6.95015,36.97985,10.66818,0.11418,0.08593,0.98974,0.99739,0.0,0.0,nan,0.0,0.00738,0.02056,24.49136,1.66139,0.22918,0.38833,0.47498,1.0,0.6019,0.47498
6.84758,39.06042,-10.38037,0.18909,0.03951,-0.98116,0.96619,0.0,0.0,nan,0.0,0.00205,0.02862,11.51546,1.68972,0.23796,0.67456,0.9571,0.37002,0.59181,0.9571
7.28844,38.8471,9.99779,0.08059,0.13646,0.98736,0.99377,0.0,0.0,nan,0.0,0.01019,0.02163,28.19079,2.72972,0.24588,0.51029,0.49843,0.98838,0.36634,0.49843
6.98221,38.91905,10.26698,0.09903,0.1299,0.98657,0.99941,0.0,0.0,nan,0.0,0.00878,0.01834,27.92634,1.82777,0.23905,0.53705,0.63519,0.95462,0.54711,0.63519
6.97656,40.9978,-10.33311,0.17367,-0.01304,-0.98472,0.95582,0.0,0.0,nan,0.0,0.00123,0.03261,10.35084,3.35354,0.24736,0.65649,0.97949,0.25747,0.29819,0.97949
6.77499,40.62576,9.76106,0.13612,0.05926,0.98892,0.98441,0.0,0.0,nan,0.0,0.00829,0.02037,28.53655,1.68571,0.23975,0.44435,0.55409,0.98071,0.59322,0.55409
7.09189,41.09009,10.30846,0.13409,0.05873,0.98923,0.99236,0.0,0.0,nan,0.0,0.00934,0.02231,29.57086,1.6443,0.24124,0.48041,0.42519,0.93075,0.60816,0.42519
7.04477,42.97593,-10.3722,0.14045,0.02536,-0.98976,0.95472,0.0,0.0,nan,0.0,0.00927,0.05681,4.78855,1.65046,0.24114,0.31033,0.48631,0.74513,0.60589,0.48631
7.68386,43.35351,9.71017,0.14755,0.17381,0.97366,0.99679,0.0,0.0,nan,0.0,0.00739,0.01658,27.47143,1.6443,0.2355,0.52607,0.48175,0.9084,0.60816,0.48175
6.88278,42.77928,10.35973,0.17538,0.16414,0.97072,0.98693,0.0,0.0,nan,0.0,0.00871,0.02068,32.05824,3.35412,0.24371,0.64604,0.59718,0.6927,0.29814,0.59718
7.07483,45.06463,-10.27048,0.1233,0.1424,-0.9821,0.97424,0.0,0.0,nan,0.0,0.00728,0.04305,9.79659,2.06293,0.23016,0.40841,0.61472,0.49827,0.48475,0.61472
7.05284,44.92193,9.38174,0.16361,0.07059,0.984,0.99276,0.0,0.0,nan,0.0,0.00593,0.01268,24.27668,2.09411,0.22833,0.53188,0.43988,0.95165,0.47753,0.43988
6.75836,46.31897,-10.05839,0.11468,0.17155,-0.97848,0.98984,0.0,0.0,nan,0.0,0.00988,0.04357,9.41899,1.69103,0.22951,0.49328,0.46673,0.55744,0.59135,0.46673
7.19526,47.17568,-9.80067,0.13306,0.1592,-0.97824,0.99689,0.0,0.0,nan,0.0,0.00654,0.03904,8.73234,1.86881,0.22133,0.42992,0.58649,0.47869,0.5351,0.58649
6.95383,46.88667,9.43697,0.08047,0.10144,0.99158,0.9991,0.0,0.0,nan,0.0,0.00947,0.02129,22.66316,1.8486,0.23051,0.52776,0.5869,0.91715,0.54095,0.5869
7.03597,48.9905,-9.57751,0.13707,0.10951,-0.98449,0.99367,0.0,0.0,nan,0.0,0.00463,0.05045,7.53581,1.92738,0.2268,0.46824,0.79384,0.28881,0.51884,0.79384
6.98255,48.99368,9.03513,0.0547,0.04031,0.99769,0.99065,0.0,0.0,nan,0.0,0.00705,0.02072,20.21054,1.6443,0.22864,0.46776,0.50004,0.79987,0.60816,0.50004
6.95436,50.8946,-9.42927,0.1235,0.08971,-0.98828,0.99196,0.0,0.0,nan,0.0,0.00858,0.04048,3.87617,1.71291,0.23366,0.36238,0.38481,0.88714,0.5838,0.38481
7.01423,50.97122,9.50907,0.10652,-0.06456,0.99221,0.9983,0.00398,0.01989,0.7,1.0,0.00857,0.037,16.70297,1.90303,0.23397,0.65334,0.81658,0.5043,0.52548,0.81658
7.02039,53.0061,-9.23666,0.09256,0.03875,-0.99495,0.99478,0.0,0.0,nan,0.0,0.00739,0.038,4.0986,1.91715,0.22305,0.32671,0.40758,0.88521,0.52161,0.40758
6.99309,53.06827,9.34251,0.06254,0.10524,0.99248,0.9988,0.0,0.0,nan,0.0,0.00502,0.01508,15.43536,1.7151,0.232,0.52997,0.62866,0.70983,0.58306,0.62866
7.05964,54.87287,-9.21817,0.05533,0.03115,-0.99798,0.99115,0.0,0.0,nan,0.0,0.01353,0.05126,4.68179,1.86546,0.2366,0.39809,0.54781,0.94648,0.53606,0.54781
7.00255,55.15217,9.16311,-0.02831,0.19696,0.98,0.99679,0.0,0.0,nan,0.0,0.00719,0.02468,21.82653,1.84459,0.23063,0.50435,0.43867,0.63054,0.54213,0.43867
7.07113,57.02987,-9.07582,0.0359,0.18119,-0.98279,0.99145,0.0,0.0,nan,0.0,0.01019,0.06693,4.03715,1.74292,0.23404,0.38249,0.66773,0.59525,0.57375,0.66773
6.49069,57.73711,7.80825,0.02657,0.32916,0.9439,0.97897,0.0,0.0,nan,0.0,0.008,0.02651,21.9556,1.90869,0.22784,0.55916,0.72344,0.58917,0.52392,0.72344
6.96409,57.00086,8.53243,-0.02722,0.2716,0.96203,0.9983,0.0,0.0,nan,0.0,0.0077,0.02226,21.60494,1.64932,0.23271,0.51941,0.49762,0.72717,0.60631,0.49762
6.98123,59.09301,-8.49144,0.04026,0.42257,-0.90543,0.99135,0.0,0.0,nan,0.0,0.00926,0.04691,3.71139,1.7458,0.2315,0.36259,0.51082,0.83754,0.5728,0.51082
7.05839,59.55881,7.65841,0.06796,0.6527,0.75456,0.95522,0.0,0.0,nan,0.0,0.00417,0.05219,25.28506,2.16957,0.22831,0.73582,0.92819,0.27294,0.46092,0.92819
6.95173,58.62879,8.30599,0.03817,0.44219,0.89611,0.96186,0.0,0.0,nan,0.0,0.00458,0.03308,22.29749,2.02567,0.23466,0.61612,0.86998,0.3975,0.49366,0.86998
6.74492,60.04301,-8.04087,0.03178,0.58194,-0.81261,0.98028,0.0,0.0,nan,0.0,0.0059,0.07573,6.02388,2.33508,0.21684,0.46891,0.85622,0.33537,0.42825,0.85622
6.99069,61.04389,-7.10227,0.02425,0.77126,-0.63606,0.97344,0.0,0.0,nan,0.0,0.01362,0.07435,6.19702,1.97347,0.21978,0.39782,0.63856,0.60892,0.50672,0.63856
6.96127,61.84726,-5.63299,-0.00026,0.94599,-0.32419,0.97817,0.0,0.0,nan,0.0,0.01713,0.0727,7.16437,1.87955,0.22121,0.31656,0.65013,0.95217,0.53204,0.65013
7.06044,61.96493,-2.69913,-0.00648,0.99744,0.0712,0.99739,0.0,0.0,nan,0.0,0.01357,0.08305,5.51967,1.87774,0.23112,0.30006,0.3818,0.74176,0.53256,0.3818
7.00333,61.78204,-0.94598,-0.0211,0.99162,0.12748,0.99719,0.01865,0.09325,0.6,1.0,0.01512,0.08059,8.06949,1.6443,0.22333,0.44442,0.77577,0.574,0.60816,0.77577
7.01669,61.4092,1.01016,-0.02356,0.98129,0.19107,0.99951,0.03742,0.18708,0.6,1.0,0.00551,0.07467,9.35006,1.6443,0.22822,0.42554,0.90988,0.43103,0.60816,0.90988
6.96176,61.02664,2.98094,-0.00462,0.98756,0.15716,0.99991,0.0,0.0,nan,0.0,0.01689,0.06348,6.96466,2.05369,0.22751,0.34255,0.44703,1.0,0.48693,0.44703
7.01508,60.86121,5.04406,0.0199,0.97073,0.23935,0.99639,0.0,0.0,nan,0.0,0.01972,0.05761,7.07583,1.78997,0.23421,0.45535,0.63738,0.9641,0.55867,0.63738
6.97687,60.34084,6.64828,0.05459,0.84398,0.5336,0.95854,0.00034,0.0017,0.51,1.0,0.01621,0.1964,12.33177,1.84163,0.22512,0.6631,0.81771,0.18472,0.543,0.81771
7.03081,62.07745,-4.54449,-0.00609,0.99145,-0.13034,0.98642,0.0,0.0,nan,0.0,0.01961,0.06795,7.58266,1.80873,0.22871,0.40149,0.55671,0.90824,0.55287,0.55671
6.9046,62.02074,-3.64741,-0.00631,0.99995,-0.00766,0.99689,0.0,0.0,nan,0.0,0.01771,0.07604,6.21965,1.71544,0.2336,0.35075,0.66459,0.87746,0.58294,0.66459
8.97761,1.31943,-6.31666,0.14678,-0.72638,-0.67144,0.93841,0.0,0.0,nan,0.0,0.01453,0.04976,22.42326,2.21819,0.22091,0.62306,0.60394,0.51038,0.45082,0.60394
9.00251,0.4367,-5.08485,0.13161,-0.91869,-0.37241,0.91616,0.0,0.0,nan,0.0,0.01046,0.11355,35.8371,1.88115,0.22658,0.75575,0.93401,0.31307,0.53159,0.93401
9.08138,0.4274,-2.88802,0.17198,-0.96931,0.17567,0.97374,0.0,0.0,nan,0.0,0.01186,0.05427,59.89795,1.80873,0.23707,0.60973,0.66112,0.37024,0.55287,0.66112
8.96233,1.29377,-0.89767,0.10869,-0.99331,0.03901,0.98139,0.0,0.0,nan,0.0,0.00477,0.03902,55.73573,2.07109,0.2247,0.62466,0.88363,0.35417,0.48284,0.88363
9.02281,0.97193,1.01815,0.07217,-0.98942,0.12585,0.98995,0.0,0.0,nan,0.0,0.00642,0.05457,26.65312,2.11318,0.24001,0.65551,0.87138,0.3153,0.47322,0.87138
8.92902,1.71966,2.9455,0.06435,-0.95121,0.30175,0.99991,0.0,0.0,nan,0.0,0.01581,0.08495,10.3638,1.73533,0.22512,0.26919,0.40721,0.82501,0.57626,0.40721
8.67356,1.9772,4.10206,0.04688,-0.9611,0.27218,1.00011,0.0,0.0,nan,0.0,0.01556,0.07493,10.40592,1.72147,0.21814,0.34243,0.67743,0.72298,0.5809,0.67743
9.63658,3.40797,-8.00555,0.32414,-0.49035,-0.80901,0.88184,0.0,0.0,nan,0.0,0.00372,0.04114,60.14242,3.61746,0.23674,0.72091,0.93798,0.32492,0.27644,0.93798
8.91755,2.61294,-7.40756,0.17661,-0.55449,-0.81323,0.95492,0.0,0.0,nan,0.0,0.00317,0.04399,37.3869,1.86167,0.23483,0.69051,0.92778,0.2552,0.53715,0.92778
8.68469,2.02396,-1.63374,0.1351,-0.989,0.06028,0.81933,0.0,0.0,nan,0.0,0.00554,0.0408,59.01052,1.94301,0.2294,0.66543,0.88585,0.37314,0.51467,0.88585
9.82935,2.02642,3.94602,0.04902,-0.96624,0.25293,0.99961,0.0,0.0,nan,0.0,0.01993,0.09938,9.85944,2.06522,0.21733,0.26605,0.62937,0.90656,0.48421,0.62937
9.03133,2.26993,5.08619,0.02778,-0.96489,0.26118,0.99981,0.0,0.0,nan,0.0,0.02038,0.09998,9.7452,2.08322,0.22769,0.33183,0.73431,0.74042,0.48003,0.73431
8.95659,2.84025,7.03369,0.03729,-0.9188,0.39295,0.99921,0.0,0.0,nan,0.0,0.02429,0.13674,12.18075,1.76426,0.22693,0.50525,0.83008,0.55026,0.56681,0.83008
8.96922,3.61172,8.58074,0.06993,-0.79092,0.60791,0.98894,0.0,0.0,nan,0.0,0.01074,0.15684,15.30338,2.21872,0.22421,0.6154,0.95789,0.37594,0.45071,0.95789
8.98027,4.78816,-9.01051,0.21367,-0.34673,-0.91331,0.86916,0.0,0.0,nan,0.0,0.00394,0.06392,50.44026,2.02038,0.24396,0.68376,0.94044,0.24024,0.49496,0.94044
8.72501,4.11304,-7.87946,0.24159,-0.46613,-0.85109,0.95763,0.0,0.0,nan,0.0,0.00256,0.03953,56.39203,3.61564,0.2448,0.64656,0.92883,0.24232,0.27658,0.92883
9.05846,4.5836,9.57873,0.10621,-0.61565,0.78083,0.9831,0.0,0.0,nan,0.0,0.00853,0.16046,15.87754,1.71051,0.21851,0.65811,0.98429,0.36334,0.58462,0.98429
8.88985,5.62578,10.23522,0.12706,-0.43133,0.8932,0.98813,0.0,0.0,nan,0.0,0.008,0.15923,15.9463,1.80873,0.22149,0.67464,0.96928,0.28108,0.55287,0.96928
9.01734,6.85477,-9.39056,0.33574,-0.10871,-0.93566,0.90701,0.0,0.0,nan,0.0,0.01087,0.04181,45.87139,3.0586,0.22924,0.68637,0.74553,0.39535,0.32695,0.74553
8.99711,6.95308,10.63169,0.1445,-0.21804,0.96518,0.99478,0.0,0.0,nan,0.0,0.02753,0.09827,7.72923,1.7286,0.23243,0.40359,0.47919,0.87371,0.5785,0.47919
9.19327,9.34402,-9.41016,0.18754,0.08551,-0.97853,0.94374,0.0,0.0,nan,0.0,0.01336,0.05141,59.67227,1.70904,0.24052,0.58085,0.60147,0.46247,0.58512,0.60147
8.97341,9.09128,10.79562,0.16042,0.04264,0.98613,0.99921,0.01392,0.06959,0.7,1.0,0.00574,0.0323,19.02299,2.17152,0.2242,0.5074,0.71204,0.38722,0.46051,0.71204
8.99261,10.9277,-8.37508,0.00549,0.06193,-0.99807,0.94274,0.0,0.0,nan,0.0,0.01435,0.04696,47.55955,1.89846,0.23712,0.47971,0.53665,0.66356,0.52674,0.53665
8.07995,11.65821,-7.84182,-0.13159,0.08213,-0.9879,0.85718,0.0,0.0,nan,0.0,0.00994,0.04181,35.90152,3.18498,0.24265,0.45238,0.76369,0.58055,0.31397,0.76369
9.55585,10.64198,9.98654,0.17838,0.10381,0.97847,0.98733,0.0,0.0,nan,0.0,0.00577,0.02367,25.27925,1.6443,0.24147,0.39273,0.57406,0.6703,0.60816,0.57406
8.99411,11.0168,10.45695,0.20313,0.07573,0.97622,0.9983,0.0,0.0,nan,0.0,0.00578,0.01893,24.86729,1.80873,0.22125,0.43939,0.63797,0.75093,0.55287,0.63797
8.85755,12.9175,-9.28741,-0.10157,-0.17421,-0.97946,0.97545,0.0,0.0,nan,0.0,0.01626,0.04196,55.77545,2.04877,0.22857,0.66395,0.61386,0.60465,0.4881,0.61386
8.01204,12.06526,-7.99463,-0.18074,-0.01439,-0.98343,0.8753,0.0,0.0,nan,0.0,0.01187,0.06297,37.52693,2.87648,0.23686,0.38889,0.78926,0.5838,0.34765,0.78926
9.32098,12.77145,9.6975,0.22639,0.07644,0.97103,0.96196,0.0,0.0,nan,0.0,0.00854,0.02189,24.62884,1.82524,0.22577,0.503,0.56269,0.83888,0.54787,0.56269
8.68344,13.12207,10.42994,0.27105,0.08317,0.95896,0.9987,0.0,0.0,nan,0.0,0.00768,0.01915,20.72867,1.72663,0.23028,0.5372,0.37349,0.81873,0.57916,0.37349
8.93835,15.01148,-9.40831,0.05876,-0.14332,-0.98793,0.97907,0.0,0.0,nan,0.0,0.00635,0.0357,59.76707,1.9626,0.23071,0.4532,0.78236,0.45224,0.50953,0.78236
9.33915,15.02595,9.86214,0.24568,0.10815,0.9633,0.9829,0.0,0.0,nan,0.0,0.0056,0.01783,28.59877,1.7094,0.24002,0.47875,0.32741,0.70199,0.585,0.32741
8.54647,14.96139,10.49668,0.28807,0.12095,0.94994,0.99377,0.0,0.0,nan,0.0,0.0053,0.0161,27.39716,1.70408,0.2333,0.55344,0.59132,0.63808,0.58683,0.59132
8.01624,17.77984,-10.0309,0.094,-0.2026,-0.97474,0.99538,0.0,0.0,nan,0.0,0.00767,0.04072,36.2951,2.91188,0.22408,0.49575,0.72175,0.40085,0.34342,0.72175
9.00731,17.00218,-9.37226,0.15963,-0.16905,-0.97259,0.98582,0.0,0.0,nan,0.0,0.00814,0.03314,39.43067,3.60318,0.2354,0.41656,0.68692,0.61948,0.27753,0.68692
8.98814,16.75721,9.50673,0.24539,-0.12097,0.96185,0.94455,0.0,0.0,nan,0.0,0.00437,0.0145,25.17903,2.7306,0.22885,0.41999,0.58621,0.77565,0.36622,0.58621
8.69226,17.26635,10.46689,0.21348,-0.10928,0.97082,0.98995,0.0,0.0,nan,0.0,0.00464,0.01677,24.19666,2.09267,0.23521,0.47016,0.56687,0.63695,0.47786,0.56687
9.06654,19.1317,-10.28353,0.14161,-0.16349,-0.97633,0.99125,0.0,0.0,nan,0.0,0.00218,0.0231,26.44204,2.09359,0.23131,0.75549,0.92354,0.30256,0.47765,0.92354
8.73976,18.28829,-9.86989,0.11707,-0.23947,-0.96382,0.99961,0.0,0.0,nan,0.0,0.00776,0.03807,29.9089,2.22654,0.23169,0.6987,0.82896,0.41625,0.44913,0.82896
9.04308,18.98732,10.55122,0.10483,0.02038,0.99428,0.96579,0.0,0.0,nan,0.0,0.00829,0.03952,18.1931,1.87144,0.241,0.64819,0.57522,0.35925,0.53435,0.57522
8.98676,21.09079,-10.47394,0.14914,-0.13049,-0.98017,0.99679,0.0,0.0,nan,0.0,0.01087,0.03205,22.34441,2.06154,0.23304,0.6232,0.55902,0.59281,0.48507,0.55902
8.94283,21.30707,9.83697,0.02236,0.08718,0.99594,0.99639,0.0,0.0,nan,0.0,0.00738,0.02354,20.74868,2.06735,0.24136,0.58775,0.44306,0.58472,0.48371,0.44306
9.15887,20.70247,10.11373,0.02863,0.114,0.99307,0.99941,0.0,0.0,nan,0.0,0.00491,0.02048,17.16188,3.61746,0.24729,0.58918,0.82496,0.59736,0.27644,0.82496
8.95807,22.92218,-10.68281,0.14099,-0.15532,-0.97775,0.99921,0.0,0.0,nan,0.0,0.0028,0.0234,15.11077,1.69836,0.23033,0.63072,0.93521,0.52753,0.5888,0.93521
8.06839,23.43982,9.99177,0.03625,-0.01772,0.99919,0.9988,0.0,0.0,nan,0.0,0.00647,0.01769,23.51336,2.35532,0.2329,0.50697,0.37794,0.78307,0.42457,0.37794
9.05076,22.9413,10.33538,0.02828,0.00271,0.9996,0.98984,0.0,0.0,nan,0.0,0.00655,0.0182,19.77706,3.45303,0.24336,0.52797,0.27381,0.75091,0.2896,0.27381
8.98964,25.02722,-10.94562,0.16241,-0.02416,-0.98643,0.99669,0.0,0.0,nan,0.0,0.01363,0.05772,11.13587,2.05269,0.22443,0.40786,0.46863,0.68308,0.48717,0.46863
8.63963,24.75054,9.72743,0.04164,-0.00828,0.9991,0.99337,0.0,0.0,nan,0.0,0.00615,0.0174,19.89324,2.00587,0.22157,0.46094,0.36258,0.84382,0.49854,0.36258
9.18587,25.24009,10.12347,0.07517,-0.0303,0.99671,0.9983,0.0,0.0,nan,0.0,0.00564,0.01586,20.03545,1.95172,0.22925,0.46095,0.4322,0.84805,0.51237,0.4322
9.10325,27.01301,-10.67926,0.19295,0.05737,-0.97953,0.9984,0.0,0.0,nan,0.0,0.00303,0.03297,14.97052,2.0364,0.22808,0.62612,0.9295,0.39108,0.49106,0.9295
9.10154,26.58046,9.89361,0.08113,-0.13147,0.98799,0.9984,0.0,0.0,nan,0.0,0.01127,0.02745,21.17368,2.07881,0.23062,0.54016,0.3041,0.83224,0.48104,0.3041
8.95628,27.06046,10.29716,0.0523,-0.11479,0.99201,0.98632,0.0,0.0,nan,0.0,0.01316,0.03175,21.24788,2.0107,0.24256,0.58243,0.35785,0.77886,0.49734,0.35785
9.11526,28.90767,-10.81107,0.19555,0.02246,-0.98044,0.9982,0.0,0.0,nan,0.0,0.00271,0.02929,14.46274,2.08535,0.22384,0.65337,0.93304,0.38956,0.47954,0.93304
8.13863,29.88103,9.96322,-0.03072,0.02114,0.9993,0.99286,0.0,0.0,nan,0.0,0.00973,0.0285,24.75424,1.80873,0.23221,0.55337,0.49089,0.6671,0.55287,0.49089
9.02022,29.04885,10.57238,0.01495,-0.01,0.99984,0.98773,0.0,0.0,nan,0.0,0.02342,0.05472,27.28502,1.71538,0.24621,0.74706,0.60747,0.61503,0.58296,0.60747
9.0706,30.93563,-10.62694,0.1687,0.07538,-0.98278,0.99588,0.0,0.0,nan,0.0,0.00484,0.06033,6.70635,2.22203,0.22765,0.60465,0.92419,0.38929,0.45004,0.92419
8.64123,30.24509,9.99862,-0.01647,0.00444,0.99985,0.9982,0.0,0.0,nan,0.0,0.01301,0.0277,23.30489,1.82507,0.24227,0.64076,0.48685,0.79612,0.54792,0.48685
9.01922,31.0631,10.2138,0.00122,-0.02979,0.99956,0.9984,0.0,0.0,nan,0.0,0.01238,0.02697,21.0556,1.80873,0.24538,0.5925,0.46608,0.84865,0.55287,0.46608
8.95725,33.02607,-10.32868,0.14982,0.10428,-0.9832,0.9982,0.0,0.0,nan,0.0,0.01503,0.07662,4.52702,1.66046,0.21417,0.32074,0.39073,0.88158,0.60224,0.39073
9.01194,33.03064,10.65815,0.10362,-0.02192,0.99438,0.98823,0.0,0.0,nan,0.0,0.01047,0.02382,23.17394,1.6443,0.23201,0.55299,0.48532,0.86359,0.60816,0.48532
8.99354,34.98501,-10.18105,0.15593,0.06957,-0.98532,0.99739,0.0,0.0,nan,0.0,0.00941,0.05696,5.25386,1.80873,0.2105,0.25231,0.59223,0.90436,0.55287,0.59223
9.85812,35.7791,-9.9746,0.14728,0.06464,-0.98698,0.99286,0.0,0.0,nan,0.0,0.01456,0.07495,4.72882,1.6443,0.20393,0.30819,0.43967,0.89697,0.60816,0.43967
9.80842,35.19043,9.7093,0.17233,0.1212,0.97756,0.97263,0.0,0.0,nan,0.0,0.00985,0.02212,26.85065,1.67151,0.23861,0.58665,0.54221,0.81564,0.59826,0.54221
8.90596,34.95119,10.3855,0.19994,0.08595,0.97603,0.999,0.0,0.0,nan,0.0,0.01238,0.02389,24.95881,2.04192,0.22962,0.59962,0.48512,0.9333,0.48973,0.48512
8.73001,36.87482,-10.11778,0.16919,0.05015,-0.98431,0.99256,0.0,0.0,nan,0.0,0.01542,0.06315,5.29351,1.6443,0.21614,0.36407,0.41263,0.92382,0.60816,0.41263
9.64255,37.18451,-9.95923,0.15971,0.05596,-0.98558,0.99296,0.0,0.0,nan,0.0,0.01208,0.06548,5.0146,2.032,0.20509,0.29424,0.4316,0.87696,0.49213,0.4316
9.732,36.6352,9.65329,0.21254,0.00228,0.97715,0.983,0.0,0.0,nan,0.0,0.0054,0.01427,23.91721,1.6443,0.23752,0.4137,0.3852,0.99151,0.60816,0.3852
8.87333,36.98043,10.46903,0.2171,0.01238,0.97607,0.99759,0.0,0.0,nan,0.0,0.00657,0.01642,26.35695,1.86828,0.22547,0.43082,0.34819,1.0,0.53525,0.34819
8.46747,38.80207,-10.10016,0.16953,0.04178,-0.98464,0.97213,0.0,0.0,nan,0.0,0.00281,0.03455,8.49978,3.52515,0.23976,0.69336,0.93478,0.35422,0.28368,0.93478
9.41241,38.9466,-9.88889,0.17248,0.0389,-0.98425,0.97213,0.0,0.0,nan,0.0,0.01741,0.09402,4.41257,1.85749,0.22567,0.33197,0.69842,0.81059,0.53836,0.69842
9.10936,39.65862,9.93834,0.15877,0.13079,0.97862,0.99679,0.0,0.0,nan,0.0,0.01744,0.03543,28.745,1.69911,0.23377,0.52817,0.54475,0.99717,0.58854,0.54475
8.96406,38.79853,10.20465,0.16107,0.11322,0.98043,0.98733,0.0,0.0,nan,0.0,0.01485,0.03163,28.89336,2.08724,0.23071,0.51119,0.42495,0.9823,0.4791,0.42495
8.41911,41.28264,-10.0607,0.18702,-0.01495,-0.98224,0.9681,0.0,0.0,nan,0.0,0.00516,0.05789,5.56036,3.361,0.24513,0.39438,0.8207,0.39735,0.29753,0.8207
9.38879,41.02567,-9.85893,0.19242,0.00349,-0.98131,0.97223,0.0124,0.06198,0.7,1.0,0.01047,0.06923,6.07663,1.6443,0.20727,0.42377,0.62132,0.47452,0.60816,0.62132
9.04595,41.05236,9.8512,0.16273,0.12512,0.97871,0.99458,0.0,0.0,nan,0.0,0.01086,0.02298,31.7134,2.06638,0.23945,0.50423,0.43935,0.99639,0.48394,0.43935
8.35115,40.68947,10.00765,0.1242,0.09662,0.98754,0.99196,0.0,0.0,nan,0.0,0.01295,0.02679,31.74533,1.80873,0.24278,0.54228,0.33726,0.94742,0.55287,0.33726
8.66773,42.961,-10.16121,0.20205,0.00879,-0.97934,0.9684,0.0,0.0,nan,0.0,0.00685,0.03697,8.29874,1.84681,0.22615,0.38538,0.31208,0.5963,0.54147,0.31208
9.61027,42.95813,-9.93015,0.22256,0.0183,-0.97475,0.9835,0.00691,0.03457,0.7,1.0,0.00829,0.03525,8.71567,1.6443,0.21971,0.40289,0.45424,0.71727,0.60816,0.45424
8.98305,43.19225,9.48956,0.145,0.16297,0.97592,0.99759,0.0,0.0,nan,0.0,0.00909,0.02164,30.10362,1.8745,0.23563,0.44928,0.55704,0.99653,0.53347,0.55704
8.32329,42.15237,10.06635,0.1477,0.14709,0.97803,0.98773,0.0,0.0,nan,0.0,0.01134,0.02571,29.92828,1.86372,0.23586,0.49886,0.47207,0.94314,0.53656,0.47207
8.68501,44.66865,-10.07427,0.19536,0.11554,-0.9739,0.99307,0.0,0.0,nan,0.0,0.00843,0.03905,9.56141,2.05344,0.21993,0.36302,0.488,0.71872,0.48699,0.488
9.28454,45.3347,-9.87774,0.20494,0.13988,-0.96873,0.99166,0.0,0.0,nan,0.0,0.00654,0.03515,9.83504,1.77201,0.2247,0.31647,0.32286,0.70731,0.56433,0.32286
8.83713,45.02362,9.11193,0.14862,0.04869,0.9877,0.99286,0.0,0.0,nan,0.0,0.00952,0.0218,26.76454,1.73949,0.23807,0.47539,0.35351,0.98696,0.57488,0.35351
8.03269,46.00711,-10.00495,0.16254,0.17155,-0.97168,0.99035,0.0,0.0,nan,0.0,0.00723,0.03391,9.63792,1.69185,0.22223,0.38815,0.63393,0.66367,0.59107,0.63393
8.93516,46.95728,-9.43899,0.16945,0.16154,-0.97221,0.99367,0.0,0.0,nan,0.0,0.00924,0.04441,9.53226,1.99468,0.22099,0.44455,0.44492,0.56612,0.50133,0.44492
8.95754,46.94103,9.46711,0.15189,0.06165,0.98647,0.99377,0.0,0.0,nan,0.0,0.0149,0.03235,24.91116,2.04133,0.2278,0.56852,0.57478,0.87537,0.48988,0.57478
9.00168,48.96784,-9.29841,0.14666,0.09785,-0.98434,0.99347,0.0,0.0,nan,0.0,0.00713,0.06856,7.71065,1.85687,0.23234,0.55241,0.69007,0.23712,0.53854,0.69007
8.99563,48.94027,8.92907,0.12773,0.0729,0.98913,0.99981,0.0,0.0,nan,0.0,0.01154,0.02563,21.82435,1.6443,0.23356,0.63969,0.61065,0.76823,0.60816,0.61065
9.01176,51.05182,-9.05035,0.1291,0.06355,-0.98959,0.99478,0.0,0.0,nan,0.0,0.00629,0.05058,5.8564,2.05503,0.21729,0.33613,0.50046,0.49631,0.48661,0.50046
9.04913,50.99305,9.19796,0.16504,-0.03883,0.98552,0.999,0.0,0.0,nan,0.0,0.00595,0.0392,15.91294,1.69287,0.24252,0.70264,0.89711,0.45928,0.59071,0.89711
9.0052,52.96365,-9.01863,0.10707,-0.0021,-0.99425,0.99347,0.0,0.0,nan,0.0,0.00842,0.04382,5.45128,1.68105,0.22773,0.32985,0.43331,0.79648,0.59486,0.43331
9.00452,53.11727,9.10075,0.15062,0.02615,0.98825,0.99971,0.0,0.0,nan,0.0,0.00583,0.01446,12.74531,1.89804,0.22588,0.52007,0.64664,0.89736,0.52686,0.64664
9.06637,54.95121,-9.16153,0.10167,0.02136,-0.99459,0.99206,0.0,0.0,nan,0.0,0.00634,0.03098,4.90548,1.66284,0.23072,0.31177,0.36773,0.92407,0.60138,0.36773
9.00651,55.03698,9.3009,0.05869,0.06871,0.99591,0.99176,0.0,0.0,nan,0.0,0.00424,0.01056,12.67937,2.36457,0.23387,0.57256,0.77612,0.88569,0.42291,0.77612
8.93971,56.94788,-8.98319,0.09448,0.16737,-0.98136,0.99226,0.0,0.0,nan,0.0,0.01103,0.0549,4.44362,1.91361,0.23048,0.34071,0.37766,0.85477,0.52257,0.37766
8.97301,57.15409,8.98307,-0.03226,0.32086,0.94658,0.97918,0.0,0.0,nan,0.0,0.01122,0.03268,14.1957,1.8991,0.23726,0.50817,0.45538,0.77058,0.52656,0.45538
8.99326,59.05381,-8.40287,0.066,0.40912,-0.91009,0.98622,0.00117,0.00584,0.7,1.0,0.00741,0.05116,4.70064,1.6443,0.23891,0.30873,0.50548,0.6691,0.60816,0.50548
9.44168,59.92591,-7.94245,0.06129,0.55525,-0.82942,0.98411,0.0,0.0,nan,0.0,0.00949,0.06563,4.75457,1.80873,0.23305,0.35241,0.84927,0.85464,0.55287,0.84927
9.07533,59.39563,7.40692,0.07221,0.69907,0.71139,0.98582,0.0,0.0,nan,0.0,0.01009,0.07233,15.76424,1.6443,0.23053,0.63095,0.85975,0.38421,0.60816,0.85975
8.89171,58.36086,8.20827,0.02022,0.49954,0.86605,0.98944,0.0,0.0,nan,0.0,0.00526,0.04779,20.58112,1.80873,0.23712,0.64803,0.90498,0.3696,0.55287,0.90498
8.17072,60.00814,-8.0009,0.05213,0.57087,-0.81938,0.97857,0.0,0.0,nan,0.0,0.01154,0.07407,5.23687,2.1574,0.23079,0.43564,0.71324,0.49411,0.46352,0.71324
8.95733,60.94325,-7.0277,0.05176,0.75493,-0.65376,0.97716,0.00088,0.00442,0.7,1.0,0.0101,0.04751,5.84451,2.2172,0.22552,0.38846,0.46687,0.73468,0.45102,0.46687
9.02238,61.89039,-5.67336,0.03366,0.93596,-0.3505,0.96941,0.0,0.0,nan,0.0,0.01082,0.04529,6.07619,1.87463,0.22477,0.32189,0.44696,0.98661,0.53344,0.44696
9.03425,61.94699,-2.87344,-0.0037,0.9991,0.04221,0.99639,0.0,0.0,nan,0.0,0.01207,0.13068,5.85128,1.80873,0.22966,0.57243,0.88218,0.37513,0.55287,0.88218
9.03882,61.83398,-0.9697,-0.02668,0.99309,0.11428,0.99689,0.02427,0.12136,0.6,1.0,0.00935,0.06693,11.28991,1.80873,0.21459,0.65194,0.81367,0.31677,0.55287,0.81367
9.02351,61.49484,0.96406,-0.02128,0.97906,0.20244,0.99991,0.0,0.0,nan,0.0,0.00814,0.0687,11.4197,1.72329,0.21742,0.59748,0.86173,0.36293,0.58028,0.86173
9.03837,61.05789,2.94016,0.00796,0.98139,0.19184,0.99981,0.00018,0.00089,0.6,1.0,0.02838,0.10258,9.63868,1.75552,0.21292,0.50733,0.75995,0.6802,0.56963,0.75995
9.00459,60.76128,5.06237,0.05281,0.95519,0.29124,0.99508,0.0,0.0,nan,0.0,0.02502,0.06177,8.17237,1.83432,0.22442,0.5143,0.59935,0.98042,0.54516,0.59935
8.91172,60.27624,6.44695,0.08775,0.85336,0.51388,0.97907,0.0,0.0,nan,0.0,0.03054,0.0986,9.50451,1.6443,0.22198,0.46073,0.77982,0.89954,0.60816,0.77982
8.98275,62.05327,-4.6364,0.02008,0.9866,-0.16194,0.98552,0.0,0.0,nan,0.0,0.01168,0.04699,5.82122,1.87437,0.23918,0.33983,0.44349,0.98311,0.53351,0.44349
8.63205,62.04893,-3.82178,0.00904,0.99924,-0.03791,0.99568,0.0,0.0,nan,0.0,0.01233,0.04615,5.80689,1.70817,0.23324,0.46585,0.5863,0.77134,0.58542,0.5863
10.64401,1.41662,-6.48444,0.48617,-0.62298,-0.61281,0.83463,0.0,0.0,nan,0.0,0.00509,0.03806,45.98612,2.08448,0.23683,0.69111,0.91261,0.42126,0.47974,0.91261
11.2204,0.91218,-4.92335,0.39688,-0.85717,-0.32823,0.86392,0.0,0.0,nan,0.0,0.01913,0.05605,69.78121,2.01456,0.23945,0.56837,0.55237,0.6176,0.49639,0.55237
11.06301,1.22206,-2.80157,0.2663,-0.96272,0.04747,0.98089,0.0,0.0,nan,0.0,0.01275,0.03424,64.78465,2.06543,0.22968,0.60677,0.65945,0.63266,0.48416,0.65945
10.91763,1.13702,-1.29692,0.18029,-0.98348,-0.01603,0.99236,0.0,0.0,nan,0.0,0.00985,0.04413,68.7102,1.75792,0.2331,0.5356,0.70776,0.42872,0.56885,0.70776
11.00503,1.23752,0.95925,0.16095,-0.97774,0.13458,0.97696,0.0,0.0,nan,0.0,0.01102,0.05082,34.64317,2.08078,0.23221,0.54143,0.69648,0.42382,0.48059,0.69648
10.94838,1.82827,2.72743,0.1719,-0.9508,0.25772,0.99156,0.0,0.0,nan,0.0,0.00227,0.05281,25.31632,2.72675,0.22637,0.53848,0.92209,0.19166,0.36674,0.92209
10.34605,3.5631,-8.13144,0.58239,-0.35379,-0.73189,0.82094,0.0,0.0,nan,0.0,0.01166,0.03744,53.29694,2.18072,0.24356,0.69245,0.80736,0.5714,0.45856,0.80736
11.10062,2.98849,-7.02818,0.52932,-0.37919,-0.75897,0.91103,0.0,0.0,nan,0.0,0.01284,0.03429,58.1063,1.69562,0.23706,0.60155,0.72356,0.64399,0.58976,0.72356
11.53932,2.58613,-5.278,0.47378,-0.55038,-0.68747,0.89624,0.0,0.0,nan,0.0,0.0171,0.04238,65.71678,2.04822,0.23187,0.5589,0.7714,0.79882,0.48823,0.7714
11.3007,2.17762,-3.67377,0.34877,-0.92194,-0.1685,0.91858,0.0,0.0,nan,0.0,0.01555,0.04288,79.95721,2.02538,0.23482,0.55204,0.58808,0.67321,0.49373,0.58808
11.2353,2.02559,3.74499,0.14287,-0.97123,0.19055,0.99125,0.0,0.0,nan,0.0,0.00241,0.06098,23.32354,3.09586,0.25152,0.53034,0.94459,0.21451,0.32301,0.94459
10.94999,2.28035,5.01491,0.04517,-0.96934,0.24155,0.99971,0.0,0.0,nan,0.0,0.03924,0.15723,8.3587,2.04071,0.22155,0.33554,0.62051,0.92182,0.49003,0.62051
10.99943,2.86733,7.0674,0.0374,-0.90899,0.41514,0.99548,0.0,0.0,nan,0.0,0.02555,0.10401,9.49369,1.80873,0.2283,0.32472,0.73459,0.91595,0.55287,0.73459
10.98053,3.70454,8.42511,0.06301,-0.76696,0.6386,0.98753,0.0,0.0,nan,0.0,0.04011,0.13782,9.01405,1.88861,0.22773,0.39711,0.78258,0.99987,0.52949,0.78258
10.62615,5.07912,-8.56957,0.58716,-0.24786,-0.77059,0.89583,0.0,0.0,nan,0.0,0.00581,0.0376,48.14602,2.2299,0.23521,0.668,0.92262,0.53774,0.44845,0.92262
10.68258,5.26663,-6.53132,0.66262,-0.19447,-0.72327,0.77092,0.0,0.0,nan,0.0,0.00944,0.03613,53.60246,2.00848,0.23012,0.53359,0.87193,0.83319,0.49789,0.87193
11.04724,4.8586,-5.79114,0.59062,-0.22283,-0.77558,0.65104,0.0,0.0,nan,0.0,0.0303,0.06052,63.73814,2.69617,0.23289,0.56711,0.71757,0.91034,0.3709,0.71757
11.04576,4.89464,9.47687,0.11319,-0.53038,0.84017,0.98652,0.0,0.0,nan,0.0,0.02632,0.10714,9.45052,1.80873,0.23543,0.2976,0.71514,1.0,0.55287,0.71514
10.35686,5.7927,10.11128,0.14295,-0.38528,0.91166,0.98562,0.0,0.0,nan,0.0,0.03213,0.10752,9.26681,1.72754,0.22379,0.37476,0.72696,0.96938,0.57886,0.72696
10.19082,7.04129,-8.67435,0.51488,-0.2006,-0.83346,0.94234,0.0,0.0,nan,0.0,0.01812,0.04613,55.84522,2.19994,0.2358,0.65649,0.73521,0.61965,0.45456,0.73521
11.0459,7.10377,-6.90727,0.23541,-0.5005,-0.83312,0.7217,0.0,0.0,nan,0.0,0.01506,0.04981,63.31028,1.85541,0.23903,0.59559,0.60391,0.52355,0.53897,0.60391
11.76386,6.137,9.955,0.15886,-0.29584,0.94194,0.99135,0.0,0.0,nan,0.0,0.01946,0.06615,9.59362,1.70975,0.22819,0.38342,0.4855,0.92718,0.58488,0.4855
10.97319,6.98549,10.29352,0.17492,-0.18802,0.96646,0.99478,0.0,0.0,nan,0.0,0.01545,0.06891,10.2011,1.69836,0.22525,0.3878,0.80118,0.82715,0.5888,0.80118
10.91799,9.1386,-8.73583,0.22136,-0.13863,-0.96529,0.97153,0.0,0.0,nan,0.0,0.00744,0.03002,60.23259,1.6443,0.23465,0.55685,0.65662,0.46003,0.60816,0.65662
10.91519,8.36553,-7.6777,0.23709,-0.31694,-0.91833,0.88617,0.0,0.0,nan,0.0,0.01037,0.03701,60.60429,3.34352,0.23475,0.54464,0.55684,0.53129,0.29909,0.55684
11.00363,9.04899,10.3556,0.18272,0.03957,0.98237,0.99971,0.0,0.0,nan,0.0,0.00675,0.04575,21.22318,1.73343,0.24132,0.43161,0.73372,0.37378,0.57689,0.73372
11.05534,11.01983,-8.82129,0.15874,-0.02412,-0.98703,0.98632,0.0,0.0,nan,0.0,0.00753,0.03121,44.22655,2.35862,0.2269,0.47784,0.62094,0.52772,0.42398,0.62094
11.91519,11.12278,-7.93169,0.23822,-0.01438,-0.9711,0.97726,0.0,0.0,nan,0.0,0.00985,0.02225,32.49134,2.37776,0.22077,0.47024,0.56012,0.99934,0.42056,0.56012
11.4238,10.83417,9.85175,0.15888,0.07268,0.98462,0.99437,0.0,0.0,nan,0.0,0.00288,0.02874,25.18354,1.6443,0.24231,0.41557,0.91375,0.5462,0.60816,0.91375
10.85269,11.08985,10.20877,0.14496,0.08412,0.98586,0.99991,0.0,0.0,nan,0.0,0.00674,0.02781,25.89497,1.85225,0.24253,0.42239,0.55368,0.61811,0.53988,0.55368
10.77217,12.94799,-8.85933,0.17122,-0.14836,-0.974,0.98582,0.0,0.0,nan,0.0,0.01908,0.0388,30.14025,2.04349,0.23128,0.55013,0.38,0.95323,0.48936,0.38
10.81319,12.98799,9.97201,0.09555,0.06446,0.99334,0.99699,0.0,0.0,nan,0.0,0.00818,0.03225,28.75341,1.72684,0.23628,0.60342,0.75193,0.45234,0.57909,0.75193
10.89475,13.12407,10.00587,0.08604,0.0679,0.99398,0.99679,0.0,0.0,nan,0.0,0.00845,0.03281,25.83017,2.21341,0.23339,0.60633,0.74076,0.45745,0.45179,0.74076
11.12439,15.06677,-9.11941,0.27889,-0.00029,-0.96032,0.99125,0.0,0.0,nan,0.0,0.00587,0.01922,29.65529,1.84577,0.23818,0.39938,0.70467,0.81573,0.54178,0.70467
10.97942,15.11971,9.72326,0.06115,0.12047,0.99083,0.98723,0.0,0.0,nan,0.0,0.00724,0.02663,27.2385,3.26991,0.23863,0.48765,0.49632,0.59839,0.30582,0.49632
11.56411,14.23297,10.03056,0.04375,0.17362,0.98384,0.99105,0.0,0.0,nan,0.0,0.01269,0.05226,22.08429,1.74078,0.23825,0.67621,0.45849,0.39172,0.57446,0.45849
11.13657,16.9065,-9.06373,0.31135,-0.12189,-0.94245,0.99387,0.0,0.0,nan,0.0,0.01038,0.02371,33.68089,1.80873,0.23759,0.46778,0.4341,0.99135,0.55287,0.4341
10.96934,16.69339,9.38441,0.09518,-0.09577,0.99084,0.9672,0.0,0.0,nan,0.0,0.00689,0.0259,25.16498,1.75898,0.23404,0.44794,0.47166,0.64136,0.56851,0.47166
11.0314,17.68097,10.19916,0.13505,-0.18371,0.97366,0.98521,0.0,0.0,nan,0.0,0.00768,0.02535,22.4475,1.90768,0.22952,0.5449,0.56311,0.60595,0.5242,0.56311
10.06117,19.0824,-10.07123,0.19645,-0.17539,-0.9647,0.99568,0.0,0.0,nan,0.0,0.00553,0.02482,25.73095,2.89881,0.23347,0.64051,0.79794,0.44274,0.34497,0.79794
10.99938,19.15814,-9.32284,0.31505,-0.19755,-0.92829,0.99961,0.0,0.0,nan,0.0,0.01426,0.03533,30.96514,1.6443,0.23563,0.58017,0.36444,0.74058,0.60816,0.36444
11.01327,18.96626,10.22951,0.17335,-0.06059,0.98299,0.96076,0.0,0.0,nan,0.0,0.01087,0.05163,26.06901,1.80873,0.24696,0.78593,0.83976,0.40455,0.55287,0.83976
10.50776,20.86712,-10.178,0.22174,-0.12384,-0.96721,0.99538,0.0,0.0,nan,0.0,0.00677,0.01944,24.55596,1.99871,0.22703,0.67105,0.59956,0.56133,0.50032,0.59956
11.30096,21.16796,-9.84553,0.28476,-0.14402,-0.94772,0.99629,0.0,0.0,nan,0.0,0.00879,0.02946,26.84725,2.21432,0.23411,0.60102,0.64372,0.53349,0.45161,0.64372
11.02225,21.46972,9.55279,0.15901,0.06495,0.98514,0.998,0.0,0.0,nan,0.0,0.00681,0.01865,18.31321,1.68408,0.24168,0.67282,0.51326,0.60223,0.5938,0.51326
10.96208,20.51835,10.16273,0.15343,0.06734,0.98586,0.98974,0.0,0.0,nan,0.0,0.01009,0.02214,19.11804,1.65156,0.23589,0.76691,0.64198,0.65648,0.60549,0.64198
10.97058,22.99596,-10.34774,0.2337,-0.15719,-0.95952,0.99639,0.0,0.0,nan,0.0,0.00722,0.02872,15.94354,2.38705,0.2369,0.55774,0.71982,0.50717,0.41893,0.71982
11.37958,22.16,-9.86326,0.27048,-0.14881,-0.95116,0.99578,0.0,0.0,nan,0.0,0.00971,0.02824,20.20336,2.56431,0.23338,0.60172,0.72741,0.62817,0.38997,0.72741
11.37197,23.39893,9.99291,0.154,0.02165,0.98783,0.9983,0.0,0.0,nan,0.0,0.00517,0.01115,19.19265,3.59339,0.23311,0.57693,0.40769,0.88695,0.27829,0.40769
10.8067,22.90932,10.26855,0.13387,0.03284,0.99045,0.98773,0.0,0.0,nan,0.0,0.00463,0.00954,17.24344,1.6443,0.24208,0.60098,0.7161,0.90188,0.60816,0.7161
10.96299,25.01391,-10.50669,0.22242,-0.02176,-0.97471,0.99719,0.0,0.0,nan,0.0,0.01451,0.07392,8.65219,1.6443,0.23828,0.51257,0.84435,0.6753,0.60816,0.84435
11.12366,24.88003,9.43714,0.15668,0.06132,0.98574,0.98642,0.0,0.0,nan,0.0,0.00909,0.02423,21.94768,1.70771,0.24425,0.55788,0.60557,0.73338,0.58558,0.60557
10.51782,25.39639,10.19651,0.17086,0.00189,0.98529,0.98431,0.0,0.0,nan,0.0,0.00582,0.01779,22.47418,1.91146,0.22849,0.446,0.29189,0.79885,0.52316,0.29189
10.91936,27.0721,-10.45586,0.2029,0.05266,-0.97778,0.99659,0.0,0.0,nan,0.0,0.00234,0.02804,14.97519,1.97278,0.22544,0.66929,0.94083,0.36231,0.5069,0.94083
11.15671,27.01649,9.6005,0.21317,-0.1178,0.96989,0.99508,0.0,0.0,nan,0.0,0.00771,0.01945,23.90269,1.6443,0.22709,0.4511,0.4002,0.95235,0.60816,0.4002
10.40194,27.19964,10.00058,0.21425,-0.12147,0.9692,1.00011,0.0,0.0,nan,0.0,0.00952,0.02487,23.54807,2.06012,0.2336,0.5001,0.46468,0.83017,0.48541,0.46468
11.01817,28.91313,-10.1645,0.18836,0.01284,-0.98202,0.99337,0.0,0.0,nan,0.0,0.00202,0.02541,13.837,1.97255,0.22267,0.71171,0.93004,0.30169,0.50696,0.93004
11.5676,28.73998,9.58944,0.19851,-0.08765,0.97617,0.9978,0.0,0.0,nan,0.0,0.01185,0.02818,22.59905,1.98578,0.23394,0.47507,0.36927,0.96313,0.50358,0.36927
10.8345,29.11164,10.38704,0.18373,-0.05181,0.98161,0.98954,0.0,0.0,nan,0.0,0.01983,0.04253,23.81563,1.6443,0.24599,0.62174,0.69028,0.81312,0.60816,0.69028
11.00016,30.95074,-10.31588,0.18806,0.04738,-0.98101,0.99246,0.0,0.0,nan,0.0,0.00378,0.03068,7.08482,1.80873,0.24217,0.42986,0.78461,0.4138,0.55287,0.78461
11.05108,31.57476,9.7742,0.16171,-0.03928,0.98606,0.99568,0.0,0.0,nan,0.0,0.01097,0.02723,22.08163,1.6443,0.24057,0.45598,0.40638,0.96303,0.60816,0.40638
10.93118,30.76349,10.2854,0.16585,-0.01711,0.986,0.99719,0.0,0.0,nan,0.0,0.01233,0.02799,23.42163,1.6443,0.24021,0.53198,0.51164,0.89856,0.60816,0.51164
10.91388,32.84084,-10.10336,0.16165,0.09378,-0.98238,0.99488,0.0,0.0,nan,0.0,0.01202,0.08118,5.36364,1.80873,0.22123,0.27928,0.4873,0.72784,0.55287,0.4873
11.6542,33.38047,-9.9616,0.16776,0.08029,-0.98255,0.99296,0.0,0.0,nan,0.0,0.01147,0.07679,5.4845,1.8444,0.21711,0.24702,0.26166,0.82507,0.54218,0.26166
11.74653,32.04049,9.97128,0.18763,-0.04315,0.98129,0.99951,0.0,0.0,nan,0.0,0.01123,0.02946,21.78845,1.79657,0.23665,0.42681,0.59298,0.97526,0.55662,0.59298
10.99937,32.95245,10.33425,0.13815,-0.00096,0.99041,0.99145,0.0,0.0,nan,0.0,0.00954,0.02422,21.59535,1.80873,0.23494,0.43308,0.36315,0.99417,0.55287,0.36315
10.25106,34.51567,-10.05801,0.14281,0.07888,-0.9866,0.99649,0.0,0.0,nan,0.0,0.01593,0.08441,4.97734,1.6443,0.20268,0.29925,0.51342,0.88393,0.60816,0.51342
11.08981,35.16632,-9.8879,0.14584,0.07322,-0.98659,0.99387,0.0,0.0,nan,0.0,0.01573,0.08803,5.25273,1.80873,0.21077,0.29676,0.4651,0.83124,0.55287,0.4651
10.8744,35.3241,9.65449,0.13161,0.15768,0.97868,0.98743,0.0,0.0,nan,0.0,0.00983,0.02173,27.67875,3.24318,0.24612,0.60763,0.42607,0.79792,0.30834,0.42607
11.33647,34.38465,10.18427,0.12907,0.14583,0.98085,0.98099,0.0,0.0,nan,0.0,0.02036,0.04824,25.37014,3.39689,0.2419,0.63644,0.48556,0.71543,0.29439,0.48556
10.90483,36.96317,-9.77641,0.15243,0.06545,-0.98615,0.99397,0.0,0.0,nan,0.0,0.01058,0.06255,4.68637,1.6443,0.20956,0.31729,0.57746,0.76052,0.60816,0.57746
11.02166,36.80996,9.51241,0.22128,0.04116,0.97434,0.98984,0.0,0.0,nan,0.0,0.00925,0.02057,29.3941,2.0512,0.23736,0.53451,0.53775,0.8987,0.48752,0.53775
10.91718,37.59049,10.00218,0.23552,0.00695,0.97185,0.99609,0.0,0.0,nan,0.0,0.01155,0.02191,30.186,1.66513,0.23547,0.56224,0.56338,1.0,0.60056,0.56338
10.91178,38.99087,-9.62366,0.16744,0.04936,-0.98465,0.98099,0.0005,0.00248,0.7,1.0,0.00668,0.04284,4.07452,1.6443,0.21279,0.29665,0.48284,0.78333,0.60816,0.48284
11.1119,39.04705,9.72384,0.24258,0.05272,0.9687,0.99447,0.0,0.0,nan,0.0,0.0151,0.02621,33.52565,1.88095,0.23305,0.67948,0.51938,0.89834,0.53165,0.51938
10.35441,38.86351,10.12443,0.20381,0.07373,0.97623,0.98179,0.0,0.0,nan,0.0,0.02052,0.03421,29.16437,2.05273,0.23468,0.6568,0.48777,0.97601,0.48716,0.48777
10.98769,41.04769,-9.54312,0.1967,0.02715,-0.98009,0.98491,0.00931,0.04655,0.7,1.0,0.00806,0.05758,6.05235,2.00145,0.21306,0.40876,0.75926,0.46976,0.49964,0.75926
10.59902,40.86186,9.22011,0.17718,0.09995,0.97909,0.99347,0.0,0.0,nan,0.0,0.00933,0.01897,31.0605,1.93666,0.22252,0.53453,0.5482,0.97869,0.51635,0.5482
10.96645,42.97894,-9.56846,0.2328,0.03334,-0.97195,0.99025,0.0,0.0,nan,0.0,0.01015,0.04751,7.99057,1.83936,0.23755,0.43795,0.35161,0.60987,0.54367,0.35161
10.96472,42.96679,9.47426,0.08368,0.12636,0.98845,0.99216,0.0,0.0,nan,0.0,0.00995,0.02479,29.52356,1.85367,0.23782,0.53787,0.50228,0.79684,0.53947,0.50228
10.93792,45.02083,-9.38049,0.22429,0.09382,-0.97,0.98471,0.0,0.0,nan,0.0,0.00566,0.03375,8.88466,1.8569,0.21823,0.34105,0.37163,0.60205,0.53853,0.37163
11.03496,44.96031,8.82374,0.09894,0.1368,0.98565,0.99145,0.0,0.0,nan,0.0,0.01295,0.0277,27.83441,1.80873,0.22795,0.53871,0.52392,0.9302,0.55287,0.52392
10.87013,47.03231,-9.18478,0.17621,0.11427,-0.9777,0.98813,0.0,0.0,nan,0.0,0.00663,0.05569,6.75105,1.80873,0.22971,0.42875,0.49857,0.36008,0.55287,0.49857
11.01622,47.0858,8.70289,0.19656,0.05922,0.9787,1.00011,0.0,0.0,nan,0.0,0.01606,0.02983,26.5305,1.84298,0.23368,0.61212,0.49161,0.94595,0.5426,0.49161
10.9162,49.00656,-8.98885,0.13859,0.07663,-0.98738,0.98119,0.0,0.0,nan,0.0,0.00856,0.06615,5.08399,1.84063,0.22628,0.38289,0.71637,0.47066,0.54329,0.71637
11.09657,48.80245,8.53947,0.21508,0.08003,0.97331,0.9982,0.0,0.0,nan,0.0,0.00949,0.02111,24.2472,1.71877,0.22655,0.55053,0.74657,0.88401,0.58181,0.74657
11.01427,51.06048,-8.92675,0.12228,0.04735,-0.99137,0.99025,0.0,0.0,nan,0.0,0.00513,0.04228,6.35153,1.6443,0.21614,0.23596,0.31802,0.67553,0.60816,0.31802
11.02432,50.95186,8.743,0.20873,-0.02629,0.97762,0.99991,0.0,0.0,nan,0.0,0.00825,0.02884,20.10709,1.67995,0.23264,0.50054,0.33005,0.62823,0.59526,0.33005
10.99713,52.96072,-8.79848,0.1242,0.00395,-0.99225,0.99598,0.0,0.0,nan,0.0,0.00755,0.04087,6.60856,1.85349,0.20682,0.29219,0.46953,0.82385,0.53952,0.46953
10.99803,53.1111,8.80025,0.19296,-0.00871,0.98117,0.9986,0.0,0.0,nan,0.0,0.00774,0.02319,16.21901,1.80873,0.23168,0.51561,0.55637,0.72732,0.55287,0.55637
11.06456,55.02401,-8.82041,0.14562,0.03159,-0.98884,0.98662,0.0,0.0,nan,0.0,0.01122,0.0407,4.87558,1.87063,0.23329,0.42278,0.34487,0.91955,0.53458,0.34487
11.02045,54.82072,8.98773,0.22611,0.00781,0.97407,0.99045,0.0,0.0,nan,0.0,0.005,0.03472,23.14511,1.92838,0.22548,0.6996,0.81662,0.28434,0.51857,0.81662
10.91483,56.97054,-8.66972,0.13601,0.15283,-0.97885,0.98864,0.0,0.0,nan,0.0,0.0156,0.06887,4.67942,1.74556,0.2378,0.41436,0.70785,0.78048,0.57288,0.70785
10.99168,57.13427,8.77465,0.13507,0.27163,0.95287,0.96196,0.0,0.0,nan,0.0,0.00766,0.08125,14.83889,2.03278,0.23562,0.52553,0.82093,0.26342,0.49194,0.82093
10.9475,58.86018,-8.275,0.08967,0.37009,-0.92466,0.98511,0.0,0.0,nan,0.0,0.00959,0.05208,4.57425,1.89523,0.23007,0.33949,0.56206,0.77979,0.52764,0.56206
11.19899,59.80679,-7.89187,0.07982,0.52905,-0.84483,0.97465,0.0,0.0,nan,0.0,0.00842,0.05045,4.71966,1.83093,0.235,0.24612,0.31075,0.96518,0.54617,0.31075
10.97111,59.2991,7.33461,0.03766,0.71829,0.69472,0.99035,0.0,0.0,nan,0.0,0.01862,0.05467,10.54891,1.6443,0.23638,0.42214,0.7547,0.97458,0.60816,0.7547
11.04537,58.20031,8.16267,0.07638,0.50293,0.86094,0.98028,0.0,0.0,nan,0.0,0.01079,0.09538,14.12454,1.70941,0.2388,0.23109,0.48465,0.55867,0.585,0.48465
10.97808,60.84923,-6.99254,0.05889,0.7274,-0.68368,0.97636,0.0,0.0,nan,0.0,0.01504,0.05648,5.5617,1.86409,0.22518,0.40819,0.57625,0.88689,0.53645,0.57625
11.09654,61.88313,-5.41534,0.03525,0.9413,-0.33574,0.97002,0.0,0.0,nan,0.0,0.00874,0.04069,5.57681,1.85877,0.2229,0.29189,0.52334,1.0,0.53799,0.52334
10.88054,61.97933,-2.86372,0.00364,0.99969,0.02453,0.998,0.0,0.0,nan,0.0,0.03179,0.09897,5.91447,1.82261,0.22871,0.49671,0.62644,0.86543,0.54866,0.62644
10.99844,61.90455,-0.89726,0.00483,0.99318,0.1165,0.9982,0.0,0.0,nan,0.0,0.00841,0.08523,12.5081,1.70947,0.21181,0.64518,0.94107,0.45674,0.58498,0.94107
10.99526,61.5196,0.99805,0.01764,0.97511,0.22102,1.00001,0.01412,0.03369,0.7,0.93158,0.0142,0.0763,13.40463,1.78071,0.207,0.56398,0.89011,0.6872,0.56157,0.89011
11.01932,61.02223,3.01596,0.03795,0.97561,0.2162,1.00011,0.02241,0.11206,0.7,1.0,0.03803,0.12907,8.7132,1.74178,0.22581,0.39656,0.74691,0.91342,0.57413,0.74691
11.00074,60.59797,5.04777,0.05664,0.94606,0.31899,0.99729,0.0,0.0,nan,0.0,0.02613,0.07658,9.25173,1.75627,0.22729,0.4682,0.43895,0.88625,0.56939,0.43895
10.91373,60.15586,6.27909,0.05057,0.86254,0.50345,0.99065,0.0,0.0,nan,0.0,0.02284,0.06757,9.60513,1.67687,0.23301,0.44358,0.57552,0.92058,0.59635,0.57552
10.83399,62.02055,-4.47399,0.02407,0.98683,-0.15994,0.98864,0.0,0.0,nan,0.0,0.00935,0.03298,5.60873,1.9302,0.22697,0.38448,0.60786,1.0,0.51808,0.60786
11.33392,62.00298,-3.4878,0.01382,0.99932,-0.03406,0.9984,0.0,0.0,nan,0.0,0.0135,0.06065,5.79098,1.90545,0.22794,0.56163,0.87739,0.90019,0.52481,0.87739
13.32062,1.58676,-4.41267,0.2817,-0.9247,-0.2561,0.86423,0.0,0.0,nan,0.0,0.02033,0.04067,65.84056,3.02242,0.24209,0.67629,0.51046,0.76163,0.33086,0.51046
12.96886,1.58711,-3.2555,0.28096,-0.9572,-0.06948,0.9369,0.0,0.0,nan,0.0,0.0168,0.04374,61.73833,1.72321,0.24257,0.52017,0.42338,0.76257,0.58031,0.42338
12.98177,1.77673,-0.89607,0.40722,-0.91262,0.03595,0.95834,0.0,0.0,nan,0.0,0.02551,0.06748,48.50109,2.11096,0.24325,0.50586,0.70742,0.77793,0.47372,0.70742
13.03759,1.48602,0.86225,0.47652,-0.86181,0.17385,0.92995,0.0,0.0,nan,0.0,0.00781,0.03285,39.78049,2.37544,0.23333,0.35597,0.54904,0.70105,0.42097,0.54904
12.4448,1.90939,2.44957,0.35156,-0.91272,0.2082,0.97968,0.0,0.0,nan,0.0,0.00739,0.04024,31.41143,2.55339,0.2408,0.44797,0.7694,0.46502,0.39164,0.7694
13.67093,3.45883,-6.28236,0.15939,-0.56514,-0.80945,0.88023,0.0,0.0,nan,0.0,0.0103,0.04667,47.99384,1.87896,0.23639,0.68652,0.8198,0.43103,0.53221,0.8198
12.94426,2.80964,-5.26399,0.12874,-0.72498,-0.67663,0.89714,0.0,0.0,nan,0.0,0.02153,0.07306,80.73826,1.80873,0.23472,0.65231,0.75468,0.47003,0.55287,0.75468
13.2464,2.16725,-2.77116,0.32779,-0.9438,-0.04248,0.96539,0.0,0.0,nan,0.0,0.01714,0.04415,52.76951,2.7479,0.23453,0.50813,0.43704,0.79295,0.36391,0.43704
13.24218,2.01924,-1.81012,0.39128,-0.91988,0.02706,0.97032,0.0,0.0,nan,0.0,0.01927,0.05124,47.55808,1.6443,0.23752,0.44125,0.64826,0.88791,0.60816,0.64826
13.4641,2.79634,1.44488,0.63203,-0.76411,0.12909,0.99458,0.0,0.0,nan,0.0,0.00649,0.02657,35.73546,2.25929,0.21766,0.36584,0.58814,0.70515,0.44262,0.58814
13.28783,2.5326,2.93129,0.46962,-0.87932,0.07911,0.98532,0.0,0.0,nan,0.0,0.00535,0.02986,31.72916,1.71596,0.23584,0.3745,0.65073,0.50822,0.58276,0.65073
13.01368,2.41348,4.97639,0.21837,-0.97107,0.09661,0.98099,0.0,0.0,nan,0.0,0.00528,0.04938,20.06733,1.81768,0.22559,0.39855,0.7856,0.33268,0.55015,0.7856
12.98974,2.97198,7.06416,0.09181,-0.90613,0.41292,0.98693,0.0,0.0,nan,0.0,0.01687,0.07225,10.60824,1.89652,0.23754,0.34645,0.39783,0.80106,0.52728,0.39783
12.9286,3.70624,8.40177,0.07987,-0.74126,0.66645,0.97314,0.0,0.0,nan,0.0,0.01369,0.10319,9.45455,1.69394,0.23749,0.36688,0.87813,0.74249,0.59034,0.87813
13.71923,5.80317,-8.03753,-0.00526,-0.4527,-0.89164,0.8146,0.0,0.0,nan,0.0,0.01439,0.04233,37.29513,1.88948,0.23784,0.62168,0.57454,0.57604,0.52925,0.57454
13.05094,5.02058,-7.01572,0.00969,-0.45332,-0.89129,0.91798,0.0,0.0,nan,0.0,0.0109,0.11526,79.23117,1.90402,0.24212,0.77382,0.90996,0.25667,0.52521,0.90996
12.4684,4.31522,-5.81703,-0.04147,-0.47431,-0.87938,0.83775,0.0,0.0,nan,0.0,0.01295,0.11275,64.37945,3.17466,0.23251,0.72661,0.91876,0.35427,0.31499,0.91876
12.95629,4.92994,9.30805,0.11607,-0.47885,0.87019,0.97686,0.0,0.0,nan,0.0,0.01432,0.06597,9.54096,1.6443,0.22963,0.27664,0.33723,0.94902,0.60816,0.33723
13.43913,7.21933,-8.40543,-0.05831,-0.31937,-0.94584,0.90056,0.0,0.0,nan,0.0,0.0141,0.03527,31.44346,2.87474,0.2301,0.57815,0.62174,0.73543,0.34786,0.62174
12.69773,6.74083,-7.56633,-0.05214,-0.41466,-0.90848,0.95653,0.0,0.0,nan,0.0,0.00931,0.08759,52.69607,2.39385,0.23863,0.60348,0.84999,0.26877,0.41774,0.84999
13.13634,6.88087,9.91836,0.18951,-0.16488,0.96794,0.9982,0.0,0.0,nan,0.0,0.01314,0.05049,10.68463,1.80873,0.23081,0.32147,0.42604,0.96073,0.55287,0.42604
12.37763,7.39336,10.06013,0.18856,-0.12414,0.97418,0.9991,0.0,0.0,nan,0.0,0.01243,0.04604,10.21229,1.6443,0.22585,0.33519,0.57649,0.96358,0.60816,0.57649
12.95432,9.01511,-8.61143,0.07415,-0.08725,-0.99342,0.94385,0.0,0.0,nan,0.0,0.01582,0.04011,40.42047,2.16748,0.23493,0.48184,0.45477,0.85925,0.46137,0.45477
12.04251,8.27555,-7.94281,0.03782,-0.31103,-0.94965,0.94133,0.0,0.0,nan,0.0,0.00696,0.04994,63.48733,3.45303,0.24334,0.60904,0.80573,0.28721,0.2896,0.80573
13.37549,8.81693,9.90576,0.22219,0.04781,0.97383,1.00011,0.0,0.0,nan,0.0,0.00474,0.06543,20.44703,2.67386,0.23687,0.56929,0.92944,0.32825,0.37399,0.92944
12.50591,9.19669,10.05546,0.21029,0.0515,0.97628,0.99991,0.00816,0.04078,0.7,1.0,0.0057,0.0427,23.01732,2.43967,0.23957,0.47557,0.82645,0.40418,0.40989,0.82645
12.95898,10.96184,-8.14336,0.28986,0.06705,-0.95472,0.98984,0.0,0.0,nan,0.0,0.01624,0.03666,28.94187,2.21051,0.23423,0.51527,0.54814,0.91932,0.45238,0.54814
13.7224,11.10988,-7.99425,0.2691,0.10059,-0.95784,0.99276,0.0,0.0,nan,0.0,0.00687,0.01824,25.55929,1.90879,0.23143,0.43059,0.57573,0.94288,0.52389,0.57573
13.15602,10.92685,9.77994,0.22094,0.00621,0.97527,1.00011,0.0,0.0,nan,0.0,0.00415,0.02944,22.70115,1.67681,0.24732,0.40227,0.86451,0.60156,0.59637,0.86451
12.41962,10.74949,10.02391,0.19335,0.03192,0.98061,0.99931,0.0,0.0,nan,0.0,0.00463,0.02746,23.91291,1.80873,0.24406,0.42661,0.84138,0.60462,0.55287,0.84138
12.94475,13.05753,-8.24035,0.31633,-0.08693,-0.94466,0.99468,0.0,0.0,nan,0.0,0.0131,0.02721,27.37347,2.38392,0.23438,0.53012,0.24605,0.97476,0.41948,0.24605
13.01481,12.50385,-7.97317,0.31649,-0.07326,-0.94576,0.98008,0.0,0.0,nan,0.0,0.00917,0.01986,26.06284,1.87474,0.2371,0.49897,0.45737,0.9962,0.53341,0.45737
13.61717,12.80977,9.92814,0.24561,0.02842,0.96895,0.98028,0.0,0.0,nan,0.0,0.01066,0.03026,21.80991,3.0573,0.23968,0.59071,0.65103,0.65088,0.32709,0.65103
12.67865,12.98549,10.10977,0.1577,0.02342,0.98721,0.983,0.0,0.0,nan,0.0,0.01019,0.03561,21.77579,2.80766,0.23326,0.59353,0.6165,0.52634,0.35617,0.6165
12.96668,14.94627,-8.72611,0.30732,0.03959,-0.95078,0.99528,0.0,0.0,nan,0.0,0.01221,0.02743,28.44501,2.84958,0.23552,0.50037,0.40196,0.95259,0.35093,0.40196
13.70058,15.63651,-7.77729,0.23872,0.04592,-0.97,0.9826,0.0,0.0,nan,0.0,0.01269,0.03066,28.74366,1.73007,0.23781,0.51887,0.49017,0.85329,0.57801,0.49017
13.20809,15.19995,9.39357,0.20529,0.14114,0.96847,0.99518,0.0,0.0,nan,0.0,0.00562,0.02027,27.39162,1.68296,0.23791,0.48621,0.51995,0.61254,0.59419,0.51995
12.64611,14.47963,10.10639,0.15483,0.18783,0.96992,0.97978,0.0,0.0,nan,0.0,0.00718,0.03472,28.1397,1.80873,0.24146,0.59951,0.74161,0.36958,0.55287,0.74161
12.46885,17.26515,-8.3247,0.35143,-0.17042,-0.92057,0.97485,0.0,0.0,nan,0.0,0.01407,0.03353,36.22388,3.02395,0.23298,0.44443,0.33649,0.99604,0.33069,0.33649
13.45711,16.92023,-7.61863,0.26632,-0.12298,-0.95601,0.91828,0.0,0.0,nan,0.0,0.01768,0.03756,34.43122,2.07655,0.23237,0.54094,0.35843,0.92062,0.48157,0.35843
13.09206,17.07134,9.31538,0.22014,-0.04408,0.97447,0.99417,0.0,0.0,nan,0.0,0.00585,0.01928,31.80419,2.54603,0.23324,0.57107,0.81539,0.71371,0.39277,0.81539
12.17013,17.83657,10.02553,0.20386,-0.1113,0.97265,0.9833,0.0,0.0,nan,0.0,0.01022,0.03262,30.70203,3.3483,0.23951,0.69964,0.71904,0.47698,0.29866,0.71904
13.00678,19.02648,-8.88647,0.3543,-0.17529,-0.91856,0.99518,0.0,0.0,nan,0.0,0.00823,0.02984,39.81786,1.80873,0.23962,0.36191,0.43925,0.80075,0.55287,0.43925
13.71733,18.27538,-7.99935,0.28392,-0.2032,-0.93707,0.98058,0.0,0.0,nan,0.0,0.01101,0.03518,41.81196,1.64635,0.24498,0.42413,0.38492,0.77296,0.6074,0.38492
13.29439,19.01685,9.35902,0.26295,-0.01258,0.96473,0.999,0.0,0.0,nan,0.0,0.01021,0.02743,28.36913,2.01471,0.23537,0.64873,0.73008,0.61421,0.49635,0.73008
12.25022,18.99439,10.03228,0.26705,-0.03344,0.9631,0.96981,0.0,0.0,nan,0.0,0.01104,0.0327,26.69801,2.97563,0.24533,0.72675,0.65859,0.49947,0.33606,0.65859
13.3063,21.06001,-9.02286,0.39495,-0.1633,-0.90407,0.99166,0.0,0.0,nan,0.0,0.00493,0.0248,35.12354,1.8828,0.23287,0.3595,0.29475,0.58406,0.53112,0.29475
13.83783,20.20553,-7.8055,0.33469,-0.11909,-0.93477,0.91989,0.0,0.0,nan,0.0,0.00644,0.02452,38.57087,1.6443,0.23951,0.37557,0.4209,0.73504,0.60816,0.4209
13.17551,21.22139,9.69707,0.22687,-0.03498,0.9733,0.9981,0.0,0.0,nan,0.0,0.00744,0.02211,29.77471,2.06827,0.23011,0.66459,0.75838,0.55561,0.4835,0.75838
12.21307,20.31649,10.02365,0.26822,0.04995,0.96206,0.99488,0.0,0.0,nan,0.0,0.00589,0.02214,27.54081,1.73666,0.23662,0.69313,0.77784,0.45168,0.57582,0.77784
12.29247,23.56475,-10.07273,0.29281,-0.163,-0.94218,0.99015,0.0,0.0,nan,0.0,0.00558,0.0351,13.95898,2.95924,0.23534,0.59689,0.65762,0.30464,0.33792,0.65762
13.1586,22.78331,-9.74337,0.34626,-0.19877,-0.91684,0.98552,0.0,0.0,nan,0.0,0.00501,0.02672,22.34045,2.76097,0.23535,0.49309,0.45802,0.41453,0.36219,0.45802
13.07724,22.91409,9.71402,0.11864,-0.01913,0.99275,0.9987,0.0,0.0,nan,0.0,0.0066,0.01749,21.61782,2.21251,0.23157,0.52688,0.37556,0.78311,0.45197,0.37556
12.05865,22.84739,10.00377,0.16135,0.02599,0.98655,0.99447,0.0,0.0,nan,0.0,0.00396,0.01029,19.90218,1.93576,0.22981,0.5356,0.44864,0.79128,0.51659,0.44864
12.36568,24.93563,-10.11831,0.28243,-0.05297,-0.95782,0.98924,0.0,0.0,nan,0.0,0.02177,0.09522,7.51306,1.71798,0.2353,0.46005,0.6019,0.62916,0.58208,0.6019
13.34554,25.00429,-9.7934,0.3083,-0.05815,-0.94951,0.99005,0.0,0.0,nan,0.0,0.01244,0.08158,6.21926,1.6443,0.23978,0.46785,0.80971,0.53273,0.60816,0.80971
12.99225,25.01568,9.35055,0.04585,0.04279,0.99803,0.99709,0.0,0.0,nan,0.0,0.01092,0.02606,22.56931,2.54226,0.23649,0.64433,0.3733,0.70779,0.39335,0.3733
12.3632,27.0303,-10.12591,0.21756,0.03764,-0.97532,0.98622,0.0,0.0,nan,0.0,0.0056,0.05012,8.7909,1.6443,0.24784,0.70693,0.92731,0.44817,0.60816,0.92731
13.36652,26.98378,-9.80127,0.26777,0.00478,-0.96347,0.98592,0.0,0.0,nan,0.0,0.00441,0.04484,5.62348,1.90684,0.22788,0.5715,0.87812,0.39581,0.52443,0.87812
13.02762,27.01336,9.3735,0.07527,-0.0406,0.99634,0.99367,0.0,0.0,nan,0.0,0.00636,0.01764,24.96809,2.2217,0.22752,0.44712,0.49556,0.87065,0.45011,0.49556
12.30859,29.09563,-10.11508,0.20255,0.0128,-0.97919,0.98995,0.0,0.0,nan,0.0,0.00297,0.02487,7.56424,1.74166,0.23221,0.37227,0.53103,0.40491,0.57416,0.53103
13.39329,28.99695,-9.79213,0.23711,0.0147,-0.97137,0.98511,0.0,0.0,nan,0.0,0.00478,0.03101,6.03461,1.6443,0.23701,0.39798,0.45317,0.51562,0.60816,0.45317
12.93221,28.94523,9.87854,0.17937,-0.04673,0.98267,0.99689,0.0,0.0,nan,0.0,0.0087,0.01962,23.59783,2.05425,0.22658,0.48205,0.44151,0.99756,0.4868,0.44151
12.0663,29.86934,10.03824,0.20862,-0.02559,0.97766,0.99538,0.0,0.0,nan,0.0,0.01234,0.02536,23.40191,1.93993,0.23032,0.52816,0.32031,1.0,0.51548,0.32031
12.23917,30.76139,-10.09814,0.21281,0.04152,-0.97621,0.99216,0.0,0.0,nan,0.0,0.00435,0.03543,6.50479,1.6443,0.23564,0.40106,0.78786,0.45569,0.60816,0.78786
13.14127,31.04563,-9.76057,0.23287,0.04796,-0.97132,0.98874,0.0,0.0,nan,0.0,0.00663,0.03475,5.75297,1.80873,0.21964,0.31573,0.65784,0.81411,0.55287,0.65784
13.05886,30.99966,9.47982,0.26619,-0.00292,0.96392,0.99619,0.0,0.0,nan,0.0,0.01025,0.0238,23.58912,1.90953,0.23768,0.46749,0.32264,0.99961,0.52369,0.32264
12.12985,30.63584,10.10404,0.21454,-0.01741,0.97656,0.99437,0.0,0.0,nan,0.0,0.01088,0.02572,23.18189,1.88031,0.22561,0.46805,0.43861,0.98194,0.53183,0.43861
12.02817,32.13471,-10.01007,0.1986,0.07379,-0.9773,0.98954,0.0,0.0,nan,0.0,0.00625,0.05794,5.14485,1.73858,0.2323,0.50535,0.92555,0.67586,0.57518,0.92555
12.90895,32.9656,-9.7184,0.20725,0.06274,-0.97627,0.99045,0.0,0.0,nan,0.0,0.00671,0.06508,5.23489,1.80873,0.21737,0.20082,0.24858,0.70906,0.55287,0.24858
13.31343,32.58962,9.80466,0.32322,-0.04626,0.94519,0.9982,0.0,0.0,nan,0.0,0.00989,0.02247,27.99926,1.71566,0.23773,0.53026,0.52577,0.88972,0.58287,0.52577
12.62286,33.29931,10.15812,0.24435,-0.01044,0.96963,0.97686,0.0,0.0,nan,0.0,0.01519,0.0335,30.67029,1.71679,0.2395,0.65714,0.7285,0.73477,0.58248,0.7285
13.05303,35.02597,-9.60484,0.19266,0.06863,-0.97886,0.99176,0.0,0.0,nan,0.0,0.00846,0.11068,6.79652,1.6443,0.21513,0.5301,0.936,0.46104,0.60816,0.936
13.47892,35.30113,9.86221,0.27979,0.18391,0.94228,0.97847,0.0,0.0,nan,0.0,0.01046,0.02564,31.8845,2.01206,0.23486,0.57963,0.76732,0.79194,0.497,0.76732
12.77333,34.65124,10.11544,0.22677,0.15878,0.96092,0.9529,0.0,0.0,nan,0.0,0.01443,0.03974,32.90283,2.6182,0.2297,0.71129,0.67477,0.54152,0.38194,0.67477
13.01838,36.98369,-9.45639,0.18572,0.07277,-0.9799,0.99125,0.03028,0.15141,0.7,1.0,0.0096,0.10731,6.59016,1.94571,0.21391,0.61039,0.9254,0.43549,0.51395,0.9254
12.97732,37.0586,9.06853,0.25369,0.07437,0.96442,0.99437,0.0,0.0,nan,0.0,0.01236,0.0285,33.87167,1.6443,0.23176,0.52419,0.72145,0.87621,0.60816,0.72145
13.04896,39.03324,-9.27565,0.17733,0.05207,-0.98277,0.99427,0.04848,0.21206,0.7,0.99106,0.01448,0.05332,3.94956,1.80873,0.22086,0.5047,0.62497,0.81043,0.55287,0.62497
12.85576,38.94735,9.13691,0.27928,0.07492,0.95728,0.9983,0.0,0.0,nan,0.0,0.01901,0.03179,30.59606,3.20726,0.24248,0.67301,0.47437,0.94648,0.31179,0.47437
13.02315,41.03111,-9.15869,0.18213,0.04989,-0.98201,0.99447,0.0,0.0,nan,0.0,0.01266,0.04727,5.44197,1.7484,0.21863,0.41583,0.60046,0.88087,0.57195,0.60046
12.79101,40.98544,8.9804,0.28814,0.0004,0.95759,0.9978,0.0,0.0,nan,0.0,0.00823,0.0189,28.14483,2.40279,0.22346,0.48075,0.71668,0.97071,0.41618,0.71668
13.07813,42.99982,-9.07402,0.18443,0.0537,-0.98138,0.99256,0.00238,0.01191,0.7,1.0,0.00888,0.05957,6.33127,1.6443,0.21797,0.41962,0.77968,0.51641,0.60816,0.77968
13.05896,42.92316,9.39203,0.23425,0.02906,0.97174,0.96257,0.0,0.0,nan,0.0,0.01047,0.02916,28.58016,1.91887,0.22447,0.4673,0.41907,0.82163,0.52114,0.41907
13.00275,44.99775,-8.95137,0.18691,0.07147,-0.97977,0.98461,0.0,0.0,nan,0.0,0.01195,0.07319,4.75734,1.80873,0.22899,0.44465,0.46642,0.52139,0.55287,0.46642
12.96759,45.13469,8.88553,0.15376,0.18277,0.97106,0.999,0.0,0.0,nan,0.0,0.01277,0.03357,25.65341,1.6443,0.23389,0.44758,0.49084,0.91637,0.60816,0.49084
13.04377,47.03897,-8.80867,0.18588,0.07892,-0.9794,0.98582,0.0,0.0,nan,0.0,0.01302,0.07037,4.02204,1.87173,0.21876,0.38496,0.33861,0.71966,0.53427,0.33861
12.99024,47.11557,8.74509,0.20027,0.11737,0.97268,0.99105,0.0,0.0,nan,0.0,0.01904,0.03365,26.70774,1.87287,0.23535,0.60837,0.62881,1.0,0.53394,0.62881
13.07385,48.8214,-8.68076,0.18233,0.05335,-0.98179,0.98038,0.0,0.0,nan,0.0,0.01032,0.05541,3.71604,1.6443,0.23155,0.39756,0.66194,0.72054,0.60816,0.66194
13.39721,48.73931,7.99841,0.27537,0.13796,0.95139,0.99357,0.0,0.0,nan,0.0,0.01198,0.02589,27.23847,1.88937,0.23268,0.53615,0.52749,0.92667,0.52928,0.52749
12.81594,49.02578,8.25392,0.28974,0.09609,0.95227,0.99619,0.0,0.0,nan,0.0,0.01305,0.0275,26.281,1.6443,0.2317,0.53659,0.37421,0.95174,0.60816,0.37421
12.95646,51.05616,-8.60258,0.17352,0.03771,-0.98411,0.98984,0.0,0.0,nan,0.0,0.00716,0.04544,6.83686,1.81854,0.21058,0.30118,0.53131,0.67612,0.54989,0.53131
13.38877,50.55853,7.73596,0.29347,-0.07917,0.95269,0.98542,0.0,0.0,nan,0.0,0.00812,0.01944,25.37171,1.84005,0.2334,0.45672,0.31736,0.98658,0.54346,0.31736
12.86009,51.17701,8.4419,0.26551,-0.06148,0.96214,0.99286,0.0,0.0,nan,0.0,0.00687,0.01887,24.31448,1.85205,0.22706,0.49226,0.59765,0.80044,0.53994,0.59765
13.05386,52.95033,-8.54406,0.19092,0.02481,-0.98129,0.98954,0.0,0.0,nan,0.0,0.01078,0.05007,6.51218,1.86935,0.21153,0.36033,0.4042,0.78071,0.53495,0.4042
13.95851,53.24755,7.92141,0.22555,0.0563,0.9726,0.9981,0.0,0.0,nan,0.0,0.01043,0.03126,31.19887,1.83628,0.24188,0.60699,0.77945,0.64574,0.54458,0.77945
13.02824,53.05506,8.59151,0.24551,0.02326,0.96912,0.9835,0.0,0.0,nan,0.0,0.00642,0.02716,26.19523,1.78879,0.23177,0.49756,0.79453,0.59639,0.55904,0.79453
12.93918,54.94649,-8.49215,0.18902,0.03171,-0.98146,0.98763,0.0,0.0,nan,0.0,0.01774,0.08258,5.10395,1.76638,0.21267,0.39279,0.62054,0.76104,0.56613,0.62054
13.30525,55.24462,7.59516,0.3011,0.01561,0.95346,0.9833,0.0,0.0,nan,0.0,0.00602,0.01975,31.0073,1.6443,0.22341,0.57921,0.84033,0.78802,0.60816,0.84033
12.83825,54.84189,8.38016,0.28888,0.01573,0.95724,0.99941,0.0,0.0,nan,0.0,0.00435,0.02048,30.08598,1.82208,0.23134,0.63384,0.86806,0.57394,0.54882,0.86806
13.01941,57.00591,-8.37135,0.16309,0.12613,-0.97852,0.98461,0.0,0.0,nan,0.0,0.00432,0.05376,4.09012,1.88172,0.22862,0.42254,0.89784,0.53806,0.53143,0.89784
13.41924,56.41809,7.72407,0.28934,0.04706,0.95607,0.99649,0.0,0.0,nan,0.0,0.01219,0.02709,32.58496,1.80873,0.23236,0.62394,0.6008,0.76524,0.55287,0.6008
12.94,57.07335,8.47519,0.25654,0.13467,0.95711,0.97344,0.0,0.0,nan,0.0,0.00782,0.027,32.75813,1.87901,0.23123,0.68812,0.78355,0.5006,0.5322,0.78355
12.88063,58.55938,-8.19468,0.13399,0.29515,-0.94601,0.98179,0.0,0.0,nan,0.0,0.01,0.05118,4.54878,1.82985,0.2433,0.31307,0.67968,0.89819,0.54649,0.67968
13.18115,59.52736,-7.77425,0.1196,0.46347,-0.87801,0.97897,0.0,0.0,nan,0.0,0.0108,0.05472,4.78756,2.5547,0.23658,0.27976,0.58121,1.0,0.39144,0.58121
13.02828,59.43068,7.26294,0.08041,0.68788,0.72136,0.93821,0.0,0.0,nan,0.0,0.00392,0.06956,26.11673,1.72206,0.22609,0.55602,0.90241,0.21312,0.5807,0.90241
12.95121,58.38264,8.23817,0.15553,0.38687,0.90892,0.90419,0.0,0.0,nan,0.0,0.01031,0.06516,31.96501,1.80873,0.23178,0.46925,0.63894,0.35818,0.55287,0.63894
12.9755,60.85417,-6.86096,0.07946,0.71845,-0.69102,0.97304,0.0,0.0,nan,0.0,0.00911,0.05352,4.97357,1.78313,0.2354,0.2411,0.33437,0.98966,0.56081,0.33437
13.06649,61.83917,-5.15667,0.04426,0.94981,-0.30967,0.97575,0.00724,0.03621,0.51,1.0,0.01434,0.0559,4.91872,1.87934,0.23481,0.36178,0.54804,0.99762,0.5321,0.54804
13.17882,61.93637,-2.84377,0.03371,0.99911,0.0252,0.99759,0.03329,0.16645,0.51,1.0,0.02777,0.0985,5.65171,1.72982,0.22016,0.44292,0.78671,0.97662,0.57809,0.78671
12.99282,61.81438,-0.96992,0.05033,0.99057,0.12745,0.99961,0.00589,0.02946,0.6,1.0,0.00872,0.10968,8.45522,1.88139,0.20423,0.4817,0.92372,0.45975,0.53152,0.92372
12.96203,61.45295,1.01969,0.04848,0.9729,0.22611,0.99991,0.00947,0.04736,0.6,1.0,0.01481,0.0954,9.41879,1.89313,0.21126,0.38341,0.86437,0.77402,0.52823,0.86437
12.97506,60.93626,2.98662,0.04409,0.97233,0.22943,1.00011,0.0984,0.0984,0.6,0.58739,0.02939,0.13098,8.45613,1.86527,0.21221,0.32312,0.57615,0.85861,0.53611,0.57615
12.99082,60.51929,5.05876,0.04889,0.94819,0.31393,0.99941,0.0,0.0,nan,0.0,0.01921,0.07603,7.36285,1.79343,0.22378,0.4206,0.40142,0.764,0.55759,0.40142
12.94453,60.09461,6.14185,0.0532,0.87628,0.47885,0.98904,0.0,0.0,nan,0.0,0.01062,0.08522,12.51272,1.6443,0.22803,0.52734,0.92474,0.62161,0.60816,0.92474
12.39939,62.04185,-4.19479,0.02745,0.99117,-0.12975,0.99135,0.0,0.0,nan,0.0,0.01209,0.04473,5.47041,1.88512,0.23025,0.39405,0.49678,0.93665,0.53047,0.49678
12.52808,62.03517,-3.59878,0.02441,0.99828,-0.05334,0.9988,0.0,0.0,nan,0.0,0.01873,0.06095,5.76498,1.86331,0.2349,0.51245,0.78486,0.90931,0.53668,0.78486
14.26775,1.70994,-4.815,0.33645,-0.88256,-0.32847,0.69633,0.0,0.0,nan,0.0,0.02076,0.06285,65.63296,1.88516,0.23113,0.76191,0.80064,0.53299,0.53046,0.80064
14.24498,1.85738,-3.40002,0.46728,-0.88396,-0.01612,0.83715,0.0,0.0,nan,0.0,0.02169,0.04478,44.64057,1.84632,0.2389,0.57743,0.49046,0.87631,0.54162,0.49046
14.11172,1.86557,-0.56959,0.62548,-0.77194,0.11352,0.91737,0.0,0.0,nan,0.0,0.01615,0.04718,41.4021,1.8374,0.23927,0.44336,0.44005,0.80946,0.54425,0.44005
14.07996,1.88073,0.51524,0.65138,-0.74529,0.14229,0.91274,0.0,0.0,nan,0.0,0.01062,0.0327,40.23814,1.86759,0.22584,0.41088,0.4292,0.82979,0.53545,0.4292
14.72321,3.17628,-6.61432,0.42326,-0.55294,-0.7177,0.68637,0.0,0.0,nan,0.0,0.00796,0.03413,31.91165,2.03614,0.22013,0.47931,0.87839,0.87726,0.49113,0.87839
15.12714,2.85365,-5.02403,0.72148,-0.59613,-0.35227,0.75532,0.0,0.0,nan,0.0,0.00906,0.08281,48.31964,3.45083,0.23855,0.59476,0.94281,0.50019,0.28979,0.94281
14.97516,2.93057,-3.08319,0.75512,-0.65264,0.06208,0.93569,0.0,0.0,nan,0.0,0.00798,0.04614,31.24015,2.26707,0.23336,0.3013,0.58773,0.61086,0.4411,0.58773
14.6012,3.01614,-1.00353,0.75533,-0.63986,0.14158,0.97948,0.0,0.0,nan,0.0,0.00911,0.04198,35.53554,1.92303,0.22701,0.40341,0.47968,0.56807,0.52001,0.47968
14.23359,3.12479,0.79681,0.74831,-0.6541,0.1104,0.99357,0.0,0.0,nan,0.0,0.00878,0.02964,34.96741,1.72321,0.2295,0.43486,0.5038,0.72015,0.58031,0.5038
14.71498,3.47269,3.17562,0.61589,-0.76755,-0.17761,0.98391,0.0,0.0,nan,0.0,0.0043,0.04132,28.63959,1.7307,0.23778,0.49555,0.91008,0.4605,0.5778,0.91008
15.05105,3.05521,4.92739,0.45035,-0.88921,-0.08058,0.96508,0.0,0.0,nan,0.0,0.00654,0.03461,17.10277,1.92041,0.22567,0.4519,0.8229,0.60882,0.52072,0.8229
15.12037,3.1231,7.04509,0.35366,-0.87725,0.32459,0.92754,0.0,0.0,nan,0.0,0.01207,0.04522,17.31022,1.70314,0.24019,0.46986,0.54144,0.63348,0.58715,0.54144
14.76863,3.77694,8.21356,0.26037,-0.75122,0.60653,0.92603,0.0,0.0,nan,0.0,0.00589,0.02844,14.94207,1.75075,0.2341,0.41238,0.51311,0.56909,0.57118,0.51311
14.89283,4.92279,-7.08258,0.51827,-0.42207,-0.74381,0.81189,0.0,0.0,nan,0.0,0.01179,0.02957,33.15523,2.56641,0.2376,0.43772,0.61568,0.96561,0.38965,0.61568
15.40463,4.92659,-5.04973,0.84905,-0.36056,-0.38614,0.96861,0.0,0.0,nan,0.0,0.01594,0.07575,23.11721,1.771,0.23864,0.36834,0.3128,0.62065,0.56465,0.3128
15.81484,4.35537,-2.88578,0.90121,-0.43121,0.04328,0.99176,0.0,0.0,nan,0.0,0.0094,0.049,17.26809,2.64488,0.22432,0.49813,0.53081,0.42951,0.37809,0.53081
15.56233,4.63741,-0.90442,0.84678,-0.51487,0.13366,0.99981,0.0,0.0,nan,0.0,0.00455,0.04971,16.17371,2.39805,0.22677,0.29638,0.54952,0.34709,0.417,0.54952
15.48657,4.7492,0.99609,0.8065,-0.59072,-0.02473,0.98632,0.0,0.0,nan,0.0,0.00803,0.06947,23.61928,1.74248,0.23819,0.38814,0.39231,0.32286,0.57389,0.39231
15.57909,4.51871,2.66339,0.67801,-0.67216,-0.29749,0.99538,0.0,0.0,nan,0.0,0.00874,0.03996,19.50669,2.06175,0.23699,0.3731,0.69006,0.64636,0.48502,0.69006
15.8933,4.14616,7.79355,0.40926,-0.74873,0.52145,0.94566,0.0,0.0,nan,0.0,0.00681,0.02582,19.18149,1.76013,0.2253,0.39764,0.42213,0.73191,0.56814,0.42213
15.03406,4.86774,9.05481,0.26687,-0.48471,0.83297,0.93992,0.0,0.0,nan,0.0,0.00151,0.027,21.70189,2.08749,0.22472,0.62289,0.94663,0.2638,0.47904,0.94663
14.70295,7.38451,-8.451,0.26773,-0.28665,-0.91986,0.82628,0.0,0.0,nan,0.0,0.01291,0.03946,39.44171,3.05695,0.24509,0.51914,0.70861,0.66191,0.32712,0.70861
15.24424,6.80851,-7.26577,0.57069,-0.43694,-0.69527,0.92301,0.0,0.0,nan,0.0,0.0288,0.06789,36.66606,1.6443,0.23011,0.56285,0.71676,0.79485,0.60816,0.71676
15.68023,6.42278,-5.68101,0.85659,-0.37295,-0.3566,0.98652,0.0,0.0,nan,0.0,0.00851,0.0481,26.44475,1.6443,0.23787,0.34691,0.45925,0.54835,0.60816,0.45925
14.99337,7.04763,9.34756,0.25425,-0.11018,0.96084,0.9978,0.0,0.0,nan,0.0,0.03023,0.08868,12.06181,2.41955,0.23304,0.44278,0.74726,0.89752,0.4133,0.74726
15.02221,8.87311,-8.42964,0.28974,0.00022,-0.95711,0.88617,0.0,0.0,nan,0.0,0.02889,0.08062,31.26762,1.89476,0.23208,0.608,0.68781,0.62708,0.52777,0.68781
15.45934,9.45008,-7.95085,0.38118,0.05238,-0.92302,0.91143,0.0,0.0,nan,0.0,0.02144,0.06147,29.52889,2.69011,0.2291,0.65049,0.70664,0.57252,0.37173,0.70664
14.97627,9.02003,9.5167,0.27111,0.06093,0.96062,1.00001,0.0,0.0,nan,0.0,0.01028,0.06392,17.36,1.87924,0.23245,0.49255,0.8117,0.45382,0.53213,0.8117
14.52825,10.21514,-8.09256,0.19544,0.18149,-0.96378,0.9979,0.0,0.0,nan,0.0,0.00792,0.02806,26.9513,1.86983,0.23372,0.40734,0.38971,0.74463,0.53481,0.38971
14.99236,11.02155,-7.23361,0.26434,0.12347,-0.95649,0.97112,0.0,0.0,nan,0.0,0.01243,0.03069,23.01472,3.35185,0.23741,0.53304,0.35409,0.82578,0.29834,0.35409
14.85869,11.0193,9.18585,0.28018,0.00899,0.95991,0.99931,0.0,0.0,nan,0.0,0.0049,0.02492,22.43088,2.06435,0.2337,0.48707,0.83438,0.60256,0.48441,0.83438
15.00947,13.9843,-8.00672,0.24302,-0.04235,-0.9691,0.98884,0.0,0.0,nan,0.0,0.00873,0.02163,26.72854,1.80873,0.23792,0.49315,0.35913,0.87977,0.55287,0.35913
14.87882,12.92486,-7.62811,0.23601,-0.08174,-0.96831,0.99367,0.0,0.0,nan,0.0,0.00951,0.02052,25.60103,2.04144,0.23056,0.53824,0.45429,0.92852,0.48985,0.45429
15.14801,13.03914,9.61597,0.29826,0.04795,0.95328,0.98119,0.0,0.0,nan,0.0,0.00899,0.02464,23.61299,2.92703,0.2415,0.54788,0.61208,0.72253,0.34164,0.61208
15.09158,14.5153,-8.1123,0.23909,0.00808,-0.97096,0.9836,0.0,0.0,nan,0.0,0.0085,0.02512,26.92376,1.6443,0.23409,0.41011,0.44457,0.88655,0.60816,0.44457
14.92337,15.50702,-7.79313,0.22765,0.03183,-0.97322,0.9979,0.0,0.0,nan,0.0,0.00918,0.02718,30.03352,1.85873,0.23268,0.41098,0.53116,0.87694,0.538,0.53116
14.94965,14.93894,8.64046,0.32424,0.16442,0.93158,0.97817,0.0,0.0,nan,0.0,0.00733,0.0212,29.77806,1.80873,0.233,0.45641,0.55114,0.8089,0.55287,0.55114
14.72892,17.68134,-8.18412,0.21217,-0.15939,-0.96415,0.99387,0.0,0.0,nan,0.0,0.01565,0.03706,40.28681,1.90234,0.23117,0.52957,0.54866,0.83695,0.52567,0.54866
14.99913,16.80779,-7.84968,0.20523,-0.09316,-0.97427,0.99669,0.0,0.0,nan,0.0,0.01994,0.04221,34.95575,2.02028,0.22783,0.5859,0.4786,0.85231,0.49498,0.4786
14.96624,16.95883,8.86141,0.24933,-0.07296,0.96567,0.99447,0.0,0.0,nan,0.0,0.0093,0.02289,32.41122,2.43139,0.22973,0.47503,0.35958,0.90828,0.41129,0.35958
14.85259,19.11651,-8.64156,0.28582,-0.12291,-0.95037,0.9827,0.0,0.0,nan,0.0,0.00929,0.02745,41.13888,2.61554,0.23081,0.47741,0.65011,0.74343,0.38233,0.65011
15.34901,18.23088,-7.99517,0.22174,-0.1447,-0.96431,0.99397,0.0,0.0,nan,0.0,0.01613,0.03982,37.57495,1.963,0.22662,0.5247,0.61772,0.81319,0.50942,0.61772
15.04017,18.91472,8.96585,0.17238,-0.04313,0.98409,0.999,0.0,0.0,nan,0.0,0.01143,0.04058,35.30547,1.80873,0.23314,0.70691,0.79303,0.48826,0.55287,0.79303
14.94878,21.43996,-8.07603,0.3293,-0.15555,-0.93133,0.9678,0.0,0.0,nan,0.0,0.00388,0.02688,35.99289,1.8846,0.23678,0.3474,0.4714,0.43856,0.53062,0.4714
14.90323,20.86843,-7.83506,0.31882,-0.09791,-0.94275,0.95643,0.0,0.0,nan,0.0,0.00578,0.02729,36.66012,2.54206,0.23839,0.39866,0.40208,0.56062,0.39338,0.40208
14.99633,20.99966,8.95587,0.19212,-0.02386,0.98108,0.99417,0.0,0.0,nan,0.0,0.00961,0.03257,28.52728,3.57737,0.23935,0.62843,0.76946,0.53587,0.27954,0.76946
15.02702,22.87571,-8.98376,0.32398,-0.28266,-0.90285,0.98803,0.0,0.0,nan,0.0,0.00981,0.05087,23.51355,1.65843,0.24049,0.57357,0.68749,0.36467,0.60298,0.68749
15.03344,22.89966,9.40479,0.23392,-0.1068,0.96637,0.98844,0.0,0.0,nan,0.0,0.00886,0.02666,20.55074,1.84074,0.23418,0.46184,0.42291,0.78908,0.54326,0.42291
15.06178,25.0418,-9.21218,0.32293,-0.076,-0.94337,0.97756,0.0,0.0,nan,0.0,0.00913,0.06494,4.88116,1.667,0.23614,0.54715,0.83348,0.49448,0.59988,0.83348
15.11195,25.02639,9.71658,0.20354,0.01572,0.97894,0.9676,0.0,0.0,nan,0.0,0.00641,0.02365,19.76919,1.74212,0.22828,0.42623,0.46542,0.70031,0.57401,0.46542
15.05561,26.87548,-9.33991,0.29655,-0.03243,-0.95447,0.9684,0.0,0.0,nan,0.0,0.00938,0.0434,3.59236,1.6443,0.22543,0.33691,0.72267,0.99895,0.60816,0.72267
14.98917,27.11139,9.41427,0.20274,-0.00504,0.97922,0.99296,0.0,0.0,nan,0.0,0.00467,0.01673,24.07626,1.6443,0.23539,0.39064,0.43168,0.77455,0.60816,0.43168
14.93287,29.11261,-9.35731,0.27657,0.00563,-0.96098,0.97475,0.0,0.0,nan,0.0,0.00697,0.06559,4.81913,1.83951,0.21633,0.48199,0.88561,0.55116,0.54362,0.88561
14.97482,28.97168,9.41244,0.21944,0.03569,0.97497,0.99085,0.0,0.0,nan,0.0,0.00873,0.0305,25.18092,2.0377,0.22099,0.51355,0.80189,0.72145,0.49075,0.80189
15.08016,30.94431,-9.28516,0.26487,0.02881,-0.96385,0.97666,0.0,0.0,nan,0.0,0.00995,0.06515,4.92566,1.79723,0.21377,0.5332,0.89185,0.73752,0.55641,0.89185
14.94951,31.0014,8.80328,0.27288,0.10166,0.95666,0.99296,0.0,0.0,nan,0.0,0.01214,0.02842,26.71103,1.69103,0.2362,0.58924,0.42479,0.77954,0.59136,0.42479
15.08018,33.05412,-9.22764,0.25784,0.04828,-0.96498,0.99156,0.0,0.0,nan,0.0,0.01867,0.08769,4.44987,1.67797,0.22726,0.46465,0.57759,0.66428,0.59596,0.57759
15.06256,32.83865,9.34034,0.33141,0.00137,0.94348,0.99619,0.0,0.0,nan,0.0,0.00575,0.0169,27.51838,1.90387,0.23096,0.47128,0.78678,0.87828,0.52525,0.78678
15.03903,35.04292,-9.13159,0.2537,0.04916,-0.96603,0.98984,0.0,0.0,nan,0.0,0.01844,0.07866,8.84678,1.70697,0.20917,0.63446,0.53315,0.45294,0.58583,0.53315
14.85967,34.96813,8.93259,0.33717,0.13655,0.93149,0.9979,0.0,0.0,nan,0.0,0.01127,0.02477,29.56328,1.68515,0.23898,0.57762,0.56125,0.84074,0.59342,0.56125
14.97017,36.98524,-8.99457,0.22527,0.04652,-0.97319,0.98924,0.01234,0.06169,0.7,1.0,0.02804,0.08946,9.82627,1.68855,0.20939,0.67656,0.64328,0.55758,0.59222,0.64328
15.92272,36.93785,7.95019,0.31518,0.01296,0.94894,0.97112,0.0,0.0,nan,0.0,0.007,0.02576,25.80075,1.69228,0.24027,0.35156,0.3218,0.83302,0.59092,0.3218
14.94243,36.92762,8.49739,0.25883,0.06403,0.9638,0.99055,0.0,0.0,nan,0.0,0.00953,0.02657,30.75107,1.87289,0.23247,0.43762,0.76652,0.92128,0.53393,0.76652
15.03215,38.96095,-8.92488,0.19955,0.05112,-0.97855,0.99478,0.00357,0.01784,0.7,1.0,0.01754,0.06943,8.19327,1.82586,0.21162,0.59501,0.71891,0.52817,0.54769,0.71891
14.99392,38.99373,8.65375,0.20564,0.06282,0.97661,0.99639,0.0,0.0,nan,0.0,0.01551,0.04235,30.10344,1.77146,0.23127,0.61984,0.52372,0.63003,0.56451,0.52372
15.06177,41.04089,-8.84478,0.20461,0.0499,-0.97757,0.99629,0.0002,0.001,0.7,1.0,0.00512,0.02727,5.82381,1.85755,0.22017,0.33669,0.69099,0.74912,0.53834,0.69099
15.14474,41.33863,7.68785,0.23217,0.0429,0.97173,0.92613,0.0,0.0,nan,0.0,0.00656,0.02559,29.92038,2.14837,0.2184,0.40114,0.61449,0.68179,0.46547,0.61449
14.73112,40.81234,8.35487,0.25296,0.05603,0.96585,0.99095,0.0,0.0,nan,0.0,0.00904,0.03119,30.55219,1.69118,0.23216,0.40533,0.4189,0.76166,0.5913,0.4189
15.03686,42.95391,-8.73458,0.20922,0.05069,-0.97655,0.99105,0.0,0.0,nan,0.0,0.0066,0.03064,4.68464,1.93105,0.22258,0.31306,0.52907,0.98237,0.51785,0.52907
15.53669,42.28973,7.85127,0.27605,-0.00548,0.96113,0.97444,0.0,0.0,nan,0.0,0.01134,0.03102,30.85577,2.01915,0.22362,0.49166,0.54055,0.79212,0.49526,0.54055
15.01097,42.98662,8.54822,0.30322,-0.0195,0.95272,0.9979,0.0,0.0,nan,0.0,0.01482,0.0352,29.30934,1.7126,0.23192,0.4884,0.4627,0.92088,0.58391,0.4627
15.0273,45.01226,-8.61882,0.2056,0.07544,-0.97572,0.98874,0.02546,0.12731,0.6,1.0,0.00421,0.06797,8.24952,1.68075,0.21886,0.45184,0.85895,0.26136,0.59497,0.85895
15.40118,45.37764,7.75639,0.34261,0.13389,0.92989,0.99679,0.0,0.0,nan,0.0,0.00908,0.02926,34.10419,2.35292,0.22295,0.54665,0.80457,0.72848,0.425,0.80457
14.86118,44.93268,8.52223,0.26329,0.123,0.95684,0.99135,0.0,0.0,nan,0.0,0.01333,0.04018,29.67642,1.83557,0.23286,0.42899,0.48372,0.82571,0.54479,0.48372
15.06768,47.01595,-8.38686,0.2134,0.09431,-0.9724,0.98703,0.05735,0.28675,0.6,1.0,0.00416,0.09963,8.17761,1.69136,0.22262,0.47384,0.93573,0.27025,0.59124,0.93573
14.91387,47.5104,7.99709,0.26533,0.20651,0.94178,1.00011,0.0,0.0,nan,0.0,0.01465,0.02914,28.58294,2.30829,0.22802,0.59754,0.41266,0.89997,0.43322,0.41266
14.84198,46.80634,8.1715,0.25561,0.18726,0.94847,0.99609,0.0,0.0,nan,0.0,0.01297,0.02887,28.89121,1.82714,0.22695,0.4976,0.6406,0.96537,0.5473,0.6406
14.9673,48.99234,-8.23582,0.23512,0.06437,-0.96983,0.98995,0.00874,0.04368,0.6,1.0,0.01352,0.04884,4.66428,1.88134,0.21332,0.40746,0.7288,0.97092,0.53153,0.7288
15.95374,49.6229,-7.97951,0.25912,0.06858,-0.96341,0.99518,0.0,0.0,nan,0.0,0.01248,0.04875,4.02961,2.04736,0.21146,0.38315,0.6594,1.0,0.48843,0.6594
14.91963,49.03793,7.27507,0.26919,0.10034,0.95785,0.97354,0.0,0.0,nan,0.0,0.01321,0.02348,28.9615,1.89749,0.22383,0.61448,0.53096,0.97833,0.52701,0.53096
14.00077,48.4081,8.02038,0.28013,0.15957,0.94661,0.99649,0.0,0.0,nan,0.0,0.01755,0.03482,31.26756,1.70299,0.2533,0.6521,0.51059,0.82231,0.5872,0.51059
14.75531,50.91281,-8.27135,0.2396,0.05242,-0.96946,0.99327,0.0,0.0,nan,0.0,0.00585,0.04575,5.32999,1.6443,0.22365,0.32581,0.58649,0.53959,0.60816,0.58649
15.73681,51.22219,-7.90912,0.26274,0.05445,-0.96333,0.99488,0.0,0.0,nan,0.0,0.01099,0.04996,5.08907,1.96526,0.20657,0.34504,0.39239,0.88837,0.50884,0.39239
15.13656,50.67403,7.49378,0.27328,-0.08262,0.95838,0.99568,0.0,0.0,nan,0.0,0.00746,0.01803,27.35396,1.88112,0.23056,0.496,0.57204,0.89507,0.5316,0.57204
14.66748,51.47857,8.23416,0.25398,-0.10286,0.96172,0.99458,0.0,0.0,nan,0.0,0.01025,0.021,25.46396,1.83503,0.23945,0.62068,0.39734,0.84771,0.54495,0.39734
14.49997,52.94689,-8.16605,0.24403,0.02986,-0.96931,0.99367,0.00039,0.00194,0.7,1.0,0.0081,0.04647,5.49591,1.80873,0.21394,0.36204,0.34078,0.65691,0.55287,0.34078
15.54926,52.97513,-7.84871,0.26506,0.03514,-0.96359,0.99478,0.0,0.0,nan,0.0,0.00699,0.05876,4.99547,2.07279,0.22026,0.34833,0.38001,0.47797,0.48244,0.38001
15.008,53.04193,7.6506,0.29037,0.02895,0.95648,0.98682,0.0,0.0,nan,0.0,0.02482,0.05371,27.75152,1.84529,0.22558,0.67798,0.52157,0.73076,0.54192,0.52157
14.38091,52.07112,8.06358,0.24527,-0.08529,0.9657,0.9981,0.0,0.0,nan,0.0,0.01105,0.02255,24.80387,1.6443,0.24083,0.63187,0.42311,0.83793,0.60816,0.42311
14.50428,54.95845,-8.14502,0.24342,0.01927,-0.96973,0.98421,0.0,0.0,nan,0.0,0.02023,0.09393,4.93831,1.74245,0.22347,0.40063,0.5828,0.75534,0.5739,0.5828
15.50009,54.95584,-7.89216,0.27055,0.01102,-0.96264,0.98934,0.0,0.0,nan,0.0,0.02138,0.07655,4.19207,1.70668,0.22379,0.42003,0.49509,0.98227,0.58593,0.49509
15.1706,55.10178,7.83629,0.2612,0.04591,0.96419,0.98763,0.0,0.0,nan,0.0,0.01215,0.03236,30.90439,1.9698,0.22467,0.51931,0.66984,0.76988,0.50767,0.66984
14.189,54.68631,8.11863,0.26949,0.06308,0.96093,0.99941,0.0,0.0,nan,0.0,0.00603,0.02348,35.10367,1.67233,0.23444,0.61598,0.88063,0.7576,0.59797,0.88063
14.48045,56.90813,-8.11129,0.20927,0.09413,-0.97332,0.98723,0.0,0.0,nan,0.0,0.01308,0.05455,4.13423,1.6683,0.23014,0.4089,0.63779,0.87023,0.59941,0.63779
15.48798,57.03406,-7.87273,0.24757,0.08532,-0.9651,0.98773,0.0,0.0,nan,0.0,0.02061,0.06256,4.37307,1.80873,0.23255,0.50722,0.54607,0.94658,0.55287,0.54607
15.01704,56.94718,7.46108,0.2355,0.05218,0.97047,0.9989,0.0,0.0,nan,0.0,0.01846,0.03257,34.901,1.98589,0.23092,0.67314,0.43357,0.8902,0.50355,0.43357
14.11139,57.51671,8.13,0.23635,0.12763,0.96325,0.96237,0.0,0.0,nan,0.0,0.01537,0.03063,37.04399,1.70157,0.23116,0.71171,0.5153,0.74315,0.58769,0.5153
14.20892,58.19399,-8.05364,0.18033,0.22476,-0.95758,0.983,0.0,0.0,nan,0.0,0.01236,0.06105,4.75659,1.84836,0.23168,0.33006,0.47166,0.87133,0.54102,0.47166
15.00011,59.15656,-7.64864,0.18496,0.36099,-0.91404,0.98038,0.02123,0.10613,0.7,1.0,0.01528,0.05902,4.95393,1.80873,0.25106,0.3661,0.53347,0.99286,0.55287,0.53347
14.99937,59.28085,7.30421,0.15419,0.5915,0.79142,0.9063,0.0,0.0,nan,0.0,0.01244,0.05472,33.45692,1.87887,0.23033,0.71173,0.69458,0.33853,0.53223,0.69458
14.07155,58.24296,8.08193,0.19684,0.268,0.9431,0.90721,0.0,0.0,nan,0.0,0.0137,0.04282,33.13784,1.80873,0.23769,0.63083,0.60751,0.53771,0.55287,0.60751
14.98227,60.76003,-6.73589,0.12534,0.67718,-0.72506,0.95874,0.03236,0.16181,0.7,1.0,0.01244,0.07077,5.35444,1.66432,0.23553,0.2445,0.47457,0.98733,0.60085,0.47457
15.01187,61.83091,-5.04518,0.06417,0.94469,-0.32163,0.96388,0.08124,0.40621,0.51,1.0,0.02214,0.08319,5.34984,1.7412,0.24278,0.41859,0.29604,0.87372,0.57432,0.29604
14.98862,61.89062,-2.94226,0.03829,0.99895,0.02529,0.99739,0.46253,0.48582,0.51,0.76499,0.0145,0.07061,6.17081,1.82772,0.23246,0.40746,0.65909,0.66724,0.54713,0.65909
15.00783,61.66015,-0.965,0.03305,0.99113,0.12868,0.99951,0.02103,0.10515,0.6,1.0,0.01444,0.12054,7.03577,1.91266,0.22926,0.49384,0.87469,0.51824,0.52283,0.87469
14.95338,61.30407,1.04254,0.01734,0.97812,0.2073,1.00001,0.00082,0.00408,0.6,1.0,0.00516,0.10722,10.75268,1.83871,0.23968,0.67077,0.96485,0.27223,0.54386,0.96485
15.03785,60.82378,2.98341,0.00883,0.97095,0.23912,1.00001,0.05082,0.07537,0.6,0.85176,0.00747,0.17501,10.68975,1.70133,0.2156,0.83425,0.97717,0.22249,0.58778,0.97717
15.00959,60.35999,5.04332,0.04159,0.93995,0.33878,0.99951,0.0,0.0,nan,0.0,0.02671,0.10148,6.26816,1.8136,0.2463,0.49567,0.64247,0.70046,0.55139,0.64247
14.5787,60.02723,6.05258,0.08324,0.85318,0.51493,0.9675,0.0,0.0,nan,0.0,0.00329,0.10116,19.06665,3.20081,0.22267,0.6403,0.96428,0.17844,0.31242,0.96428
16.1531,3.89167,3.91875,0.59125,-0.74205,-0.31589,0.97666,0.0,0.0,nan,0.0,0.0119,0.03873,16.59067,1.88944,0.23039,0.44,0.63437,0.78245,0.52926,0.63437
16.25744,3.8753,5.0351,0.55623,-0.81911,-0.14024,0.96911,0.0,0.0,nan,0.0,0.01389,0.03926,18.64355,1.6872,0.23313,0.50578,0.5015,0.77464,0.5927,0.5015
16.25404,3.69717,6.52134,0.48536,-0.85181,0.19711,0.95935,0.0,0.0,nan,0.0,0.0115,0.03275,19.40786,1.86771,0.22656,0.46721,0.64011,0.82911,0.53541,0.64011
16.1489,5.58558,-4.38723,0.91895,-0.32099,-0.22912,0.99719,0.0,0.0,nan,0.0,0.01182,0.05723,20.04635,2.02839,0.23438,0.39354,0.40438,0.57701,0.493,0.40438
16.31472,5.29318,-3.08141,0.91756,-0.39373,-0.0554,0.98844,0.0,0.0,nan,0.0,0.01047,0.05011,12.72928,2.4899,0.21642,0.44003,0.61563,0.54953,0.40162,0.61563
16.24933,5.575,-1.13385,0.86438,-0.49481,0.08952,0.99931,0.0,0.0,nan,0.0,0.01077,0.05326,10.49878,2.8631,0.23741,0.31754,0.54379,0.75814,0.34927,0.54379
16.05845,5.8712,1.08139,0.8114,-0.57389,-0.11083,0.97968,0.0,0.0,nan,0.0,0.01325,0.07316,13.5695,1.72531,0.22976,0.35477,0.45874,0.58555,0.5796,0.45874
16.72126,5.21253,3.30146,0.63467,-0.63336,-0.44278,0.9979,0.0,0.0,nan,0.0,0.01186,0.04107,14.15282,1.87041,0.22812,0.40477,0.58974,0.81406,0.53464,0.58974
17.39786,4.41585,4.87631,0.57062,-0.78772,-0.23214,0.94163,0.0,0.0,nan,0.0,0.01285,0.04687,18.19423,1.7006,0.23531,0.38015,0.43281,0.80072,0.58803,0.43281
17.04622,4.74128,7.08061,0.51925,-0.76973,0.37135,0.96428,0.0,0.0,nan,0.0,0.01564,0.03675,22.0399,1.68944,0.24324,0.54085,0.38276,0.85817,0.59191,0.38276
16.94423,5.12712,8.51093,0.44147,-0.53051,0.72365,0.90409,0.0,0.0,nan,0.0,0.01079,0.02942,23.4498,1.95839,0.22611,0.46164,0.32151,0.86247,0.51062,0.32151
16.36435,7.559,-7.04519,0.75412,-0.44058,-0.48703,0.89493,0.0,0.0,nan,0.0,0.01254,0.03753,32.83837,2.03782,0.22935,0.44406,0.59976,0.79866,0.49072,0.59976
16.61547,7.05667,-4.9492,0.92028,-0.3349,-0.2023,0.99417,0.0,0.0,nan,0.0,0.01259,0.06168,21.78449,1.93853,0.23258,0.35498,0.39042,0.62782,0.51586,0.39042
16.95581,6.98721,-2.99914,0.9386,-0.30881,-0.15385,0.99176,0.0,0.0,nan,0.0,0.01059,0.04811,15.35786,1.90012,0.22478,0.48396,0.42709,0.51405,0.52628,0.42709
16.97072,7.04357,-0.97495,0.8822,-0.47042,-0.0204,0.999,0.0,0.0,nan,0.0,0.00461,0.04091,11.29937,2.38738,0.23851,0.29577,0.30378,0.44799,0.41887,0.30378
16.9125,6.98637,1.00802,0.80885,-0.56585,-0.15991,0.9837,0.0,0.0,nan,0.0,0.0078,0.04013,11.71642,1.9337,0.23427,0.33091,0.41493,0.68762,0.51714,0.41493
17.26938,6.74391,2.70474,0.67823,-0.55645,-0.47996,0.97837,0.0,0.0,nan,0.0,0.00855,0.03645,13.45191,1.95592,0.2272,0.39692,0.31917,0.67874,0.51127,0.31917
17.08015,7.04942,8.94781,0.41001,-0.12343,0.90369,0.96428,0.0,0.0,nan,0.0,0.00464,0.05807,36.24765,2.20173,0.2341,0.71943,0.89663,0.22076,0.45419,0.89663
16.32297,8.74736,-8.19005,0.5386,-0.14713,-0.82961,0.7368,0.0,0.0,nan,0.0,0.02427,0.05189,32.68231,2.92129,0.23174,0.50067,0.60688,0.99132,0.34231,0.60688
17.23627,8.98131,-7.15092,0.85591,-0.25329,-0.45084,0.77011,0.0,0.0,nan,0.0,0.01161,0.0416,32.55044,3.39831,0.23801,0.42637,0.55068,0.69495,0.29426,0.55068
16.84465,9.02753,-5.04306,0.96187,-0.26445,-0.06973,0.99468,0.0,0.0,nan,0.0,0.01818,0.06804,21.94518,2.04119,0.23371,0.39473,0.56989,0.73859,0.48991,0.56989
17.15334,9.14822,-2.92234,0.93189,-0.22806,-0.28209,0.98421,0.0,0.0,nan,0.0,0.01963,0.0543,22.55049,2.91391,0.23382,0.45442,0.38805,0.86592,0.34318,0.38805
17.80659,8.36205,-1.14226,0.87564,-0.45047,-0.17414,0.99327,0.0,0.0,nan,0.0,0.0055,0.03474,14.29374,1.80873,0.24219,0.33849,0.43946,0.53346,0.55287,0.43946
17.78084,8.31297,0.91277,0.77783,-0.59019,-0.21601,0.9828,0.0,0.0,nan,0.0,0.0107,0.04563,11.63406,1.6443,0.23844,0.44996,0.46379,0.6109,0.60816,0.46379
17.93191,8.08206,2.08403,0.68594,-0.58978,-0.4262,0.9675,0.0,0.0,nan,0.0,0.00539,0.0321,13.63259,2.15823,0.23334,0.31356,0.70055,0.61396,0.46334,0.70055
17.06493,9.00724,8.77557,0.39431,0.06255,0.91685,0.9986,0.0,0.0,nan,0.0,0.01515,0.04592,13.07414,1.94763,0.20578,0.41622,0.63233,0.91408,0.51344,0.63233
17.1435,10.97303,-7.10478,0.69031,-0.04185,-0.7223,0.83272,0.0,0.0,nan,0.0,0.00938,0.02293,30.84799,1.71791,0.25154,0.46026,0.5671,0.94669,0.5821,0.5671
17.45944,10.99418,-4.94921,0.95371,-0.27477,-0.12223,0.97807,0.0,0.0,nan,0.0,0.01185,0.10371,32.89563,1.71712,0.24443,0.48546,0.781,0.27726,0.58237,0.781
17.67085,10.95158,-3.16189,0.89203,-0.29417,-0.34314,0.96327,0.0,0.0,nan,0.0,0.01482,0.03906,28.6966,1.88003,0.23067,0.50118,0.5523,0.80992,0.53191,0.5523
17.71675,11.73851,7.82142,0.51597,0.01373,0.8565,0.9977,0.0,0.0,nan,0.0,0.00627,0.02216,23.2809,2.22824,0.23019,0.43923,0.57476,0.69922,0.44878,0.57476
16.95705,11.11516,8.63355,0.39377,0.01072,0.91915,0.99548,0.0,0.0,nan,0.0,0.00511,0.0216,21.22931,2.2172,0.23136,0.44334,0.70457,0.58428,0.45102,0.70457
16.96529,13.05376,-7.22511,0.51606,-0.07842,-0.85295,0.91345,0.0,0.0,nan,0.0,0.01417,0.04086,31.87598,1.66476,0.23812,0.49704,0.36257,0.74179,0.60069,0.36257
17.93538,12.17537,-4.21206,0.93597,-0.31581,-0.15567,0.97736,0.0,0.0,nan,0.0,0.0153,0.07956,33.93373,2.34727,0.23323,0.71143,0.72356,0.28622,0.42603,0.72356
17.75202,12.31395,-3.057,0.87134,-0.33506,-0.35847,0.90036,0.0,0.0,nan,0.0,0.00784,0.03257,26.71538,1.80873,0.23486,0.49656,0.76701,0.55125,0.55287,0.76701
17.82498,12.1637,7.87511,0.52777,0.03087,0.84883,0.99729,0.0,0.0,nan,0.0,0.00772,0.02285,24.8721,2.23092,0.22899,0.46146,0.6967,0.79113,0.44825,0.6967
16.96441,12.93671,8.805,0.40804,0.06828,0.91041,0.98139,0.0,0.0,nan,0.0,0.0085,0.0216,24.98105,3.54619,0.23165,0.46739,0.43082,0.90933,0.28199,0.43082
16.06746,14.46316,-8.01385,0.28552,0.00142,-0.95837,0.95623,0.0,0.0,nan,0.0,0.01089,0.03456,29.7244,1.67401,0.23523,0.3969,0.43942,0.84717,0.59737,0.43942
17.11999,15.07511,-7.3352,0.4956,-0.00138,-0.86855,0.95069,0.0,0.0,nan,0.0,0.01084,0.03434,28.01999,1.66285,0.23557,0.36716,0.3574,0.92107,0.60138,0.3574
17.26082,15.2093,7.50895,0.4349,0.11019,0.89371,0.97072,0.0,0.0,nan,0.0,0.01861,0.03468,30.75266,1.75876,0.22733,0.60404,0.33227,0.94618,0.56858,0.33227
16.81754,14.80319,8.37073,0.36254,0.12991,0.92287,0.99548,0.0,0.0,nan,0.0,0.014,0.03374,32.22314,1.66849,0.227,0.62433,0.48613,0.70578,0.59934,0.48613
17.05502,16.97839,-7.24364,0.43131,-0.08443,-0.89824,0.99015,0.0,0.0,nan,0.0,0.01216,0.02945,28.38289,1.83547,0.23686,0.44989,0.52174,0.98223,0.54482,0.52174
17.68963,16.76214,7.77876,0.52739,-0.07448,0.84635,0.99256,0.0,0.0,nan,0.0,0.00825,0.0187,27.62222,1.93105,0.22994,0.47302,0.33808,1.0,0.51785,0.33808
16.80337,17.11098,8.33862,0.39318,-0.12906,0.91036,0.98763,0.0,0.0,nan,0.0,0.01051,0.02483,28.80119,2.01889,0.22577,0.48551,0.32398,0.93208,0.49532,0.32398
16.4372,19.11088,-8.27664,0.31315,-0.04236,-0.94876,0.94254,0.0,0.0,nan,0.0,0.01117,0.02861,29.82967,1.93605,0.2314,0.48805,0.41362,0.85356,0.51652,0.41362
17.14402,19.02456,-7.2746,0.44314,-0.063,-0.89423,0.99639,0.0,0.0,nan,0.0,0.00863,0.02142,26.17619,1.99565,0.23075,0.51652,0.43805,0.83959,0.50109,0.43805
17.93468,19.4915,7.87819,0.55829,0.01121,0.82957,0.99568,0.0,0.0,nan,0.0,0.00554,0.01958,20.58838,1.6443,0.23452,0.48758,0.69157,0.63632,0.60816,0.69157
17.11202,19.02378,8.90134,0.39413,-0.04908,0.91774,0.95592,0.0,0.0,nan,0.0,0.0101,0.02757,23.52527,2.6462,0.23941,0.5013,0.39453,0.79282,0.3779,0.39453
16.28851,20.73675,-8.0463,0.32959,-0.09157,-0.93967,0.99216,0.0,0.0,nan,0.0,0.00486,0.0201,29.25882,1.69963,0.22833,0.38738,0.57481,0.66719,0.58836,0.57481
17.07722,21.00733,-7.25028,0.4455,-0.08984,-0.89076,0.98431,0.0,0.0,nan,0.0,0.00244,0.01297,25.13349,3.27099,0.24055,0.45032,0.8633,0.70814,0.30572,0.8633
17.7619,21.21231,7.53742,0.53943,0.11347,0.83435,0.97132,0.0,0.0,nan,0.0,0.00513,0.01942,21.67286,1.68346,0.24317,0.56848,0.60081,0.50746,0.59401,0.60081
17.02465,21.06827,8.89451,0.44329,0.07598,0.89315,0.96317,0.0,0.0,nan,0.0,0.00884,0.02149,20.30982,1.82211,0.23571,0.53413,0.4198,0.84549,0.54882,0.4198
16.85592,22.9916,-8.37118,0.37954,-0.26216,-0.88726,0.97465,0.0,0.0,nan,0.0,0.00858,0.03906,21.35325,2.09039,0.22874,0.70834,0.77528,0.3691,0.47838,0.77528
17.66895,22.31674,-7.8178,0.48228,-0.23286,-0.8445,0.97787,0.0,0.0,nan,0.0,0.00219,0.02777,24.49208,3.41593,0.24454,0.66536,0.96133,0.39621,0.29275,0.96133
17.5253,22.63273,7.46249,0.56266,-0.08543,0.82226,0.95914,0.0,0.0,nan,0.0,0.00615,0.01476,20.84592,3.22242,0.23699,0.52187,0.51517,0.87518,0.31033,0.51517
16.86975,22.96696,8.70794,0.47196,-0.10571,0.87526,0.99055,0.0,0.0,nan,0.0,0.00467,0.01356,19.85701,1.97732,0.23008,0.40048,0.31306,0.94632,0.50573,0.31306
16.90149,24.97208,-8.59242,0.37097,-0.09197,-0.92408,0.97837,0.0,0.0,nan,0.0,0.01413,0.10372,5.82568,1.91868,0.22669,0.64662,0.61572,0.28311,0.52119,0.61572
16.95261,25.0088,8.59902,0.43831,-0.02885,0.89836,0.99598,0.0,0.0,nan,0.0,0.01298,0.03347,26.99395,1.80873,0.2461,0.57547,0.44268,0.72396,0.55287,0.44268
17.00609,26.92482,-8.68518,0.36944,-0.05108,-0.92785,0.96609,0.0,0.0,nan,0.0,0.00622,0.03429,3.58415,2.23735,0.23244,0.29252,0.40698,0.96579,0.44696,0.40698
17.82144,27.51597,7.70537,0.54695,0.03194,0.83655,0.98833,0.0,0.0,nan,0.0,0.01564,0.03336,39.77728,3.40843,0.26003,0.64357,0.73236,0.76523,0.29339,0.73236
16.91852,26.91868,8.56833,0.42237,0.02768,0.906,0.9986,0.0,0.0,nan,0.0,0.00715,0.02522,30.45545,1.6443,0.23266,0.45306,0.57567,0.6665,0.60816,0.57567
17.0736,29.00595,-8.70803,0.35778,-0.00586,-0.93379,0.97002,0.0,0.0,nan,0.0,0.00643,0.05851,4.77,2.02891,0.22243,0.44397,0.89949,0.67339,0.49288,0.89949
17.66243,29.71164,7.84104,0.51909,0.05857,0.85271,0.99981,0.0,0.0,nan,0.0,0.0181,0.04185,31.28504,3.39978,0.24604,0.65563,0.53877,0.70164,0.29414,0.53877
17.11464,28.88941,8.96903,0.43395,-0.00695,0.90091,0.98179,0.0,0.0,nan,0.0,0.01505,0.03687,35.47978,1.90242,0.23503,0.58819,0.51309,0.733,0.52565,0.51309
16.91851,31.03607,-8.76868,0.33977,0.01638,-0.94036,0.97575,0.0,0.0,nan,0.0,0.01456,0.07757,4.84113,1.86598,0.21176,0.52683,0.81153,0.6269,0.53591,0.81153
17.59801,31.53651,7.67629,0.53876,0.10907,0.83537,0.98582,0.0,0.0,nan,0.0,0.00952,0.04765,29.7641,2.70426,0.22825,0.64145,0.91974,0.72733,0.36979,0.91974
17.20256,31.09341,8.91089,0.40452,0.1169,0.90703,0.97465,0.0,0.0,nan,0.0,0.00814,0.02063,29.78678,1.90318,0.23385,0.59583,0.77735,0.77458,0.52544,0.77735
16.96088,33.06878,-8.67642,0.32792,0.04308,-0.94372,0.98159,0.0012,0.006,0.6,1.0,0.0123,0.05337,4.45259,1.70232,0.22871,0.44494,0.44489,0.75041,0.58743,0.44489
17.42312,32.46539,7.71384,0.51739,0.05639,0.85389,0.98984,0.0,0.0,nan,0.0,0.00705,0.02165,27.90547,1.92229,0.23037,0.46299,0.66819,0.75415,0.52021,0.66819
16.84491,33.10808,8.50023,0.40159,0.01583,0.91568,0.98713,0.0,0.0,nan,0.0,0.00694,0.02041,25.41096,1.76576,0.2379,0.46256,0.63358,0.7927,0.56633,0.63358
16.98913,34.96137,-8.50218,0.31225,0.02719,-0.94961,0.98854,0.0,0.0,nan,0.0,0.00889,0.05906,7.82688,1.7992,0.22878,0.64063,0.678,0.29517,0.5558,0.678
16.88916,35.02425,8.29682,0.44111,0.1037,0.89144,0.97314,0.0,0.0,nan,0.0,0.01181,0.03563,31.85238,1.66965,0.23722,0.67598,0.66332,0.52125,0.59893,0.66332
16.85933,36.93305,-8.54265,0.27499,0.01344,-0.96135,0.99286,0.0,0.0,nan,0.0,0.01578,0.05803,9.30833,1.70673,0.21656,0.65224,0.74511,0.50651,0.58592,0.74511
17.19186,36.95169,7.69218,0.55764,-0.05388,0.82833,0.9828,0.0,0.0,nan,0.0,0.00892,0.01971,31.12267,1.90426,0.23249,0.58586,0.73374,0.82264,0.52514,0.73374
16.77498,37.22029,8.01477,0.43759,-0.03825,0.89836,0.97434,0.0,0.0,nan,0.0,0.01145,0.03439,31.80815,1.67132,0.23056,0.58821,0.77028,0.64313,0.59833,0.77028
16.83125,38.97433,-8.52633,0.26619,0.0483,-0.96271,0.99468,0.0,0.0,nan,0.0,0.00589,0.05515,8.99211,1.72422,0.21919,0.57112,0.92742,0.52892,0.57997,0.92742
17.04779,38.94341,8.63396,0.32047,-0.00081,0.94726,0.93086,0.0,0.0,nan,0.0,0.01289,0.039,31.70931,1.68694,0.2323,0.64484,0.68447,0.54493,0.59279,0.68447
16.90831,41.00222,-8.46492,0.29362,0.07081,-0.9533,0.99276,0.0,0.0,nan,0.0,0.00483,0.03452,6.10691,1.6443,0.22985,0.41526,0.87912,0.76199,0.60816,0.87912
17.89277,41.65724,-7.96025,0.40301,0.07924,-0.91176,0.98934,0.0,0.0,nan,0.0,0.00504,0.03029,5.91927,1.6443,0.23114,0.47279,0.63455,0.47059,0.60816,0.63455
17.05665,41.51252,7.6783,0.31263,0.10381,0.94419,0.99377,0.0,0.0,nan,0.0,0.01237,0.03606,35.13218,2.08594,0.22914,0.49333,0.474,0.73505,0.4794,0.474
17.01158,40.69852,8.39833,0.26442,0.11901,0.95704,0.97314,0.0,0.0,nan,0.0,0.01426,0.03853,31.1485,1.69261,0.2339,0.57699,0.63601,0.68258,0.5908,0.63601
16.72238,42.92179,-8.30902,0.30264,0.05378,-0.95159,0.99176,0.0,0.0,nan,0.0,0.00638,0.03025,5.35639,1.80873,0.23473,0.36235,0.4128,0.79868,0.55287,0.4128
17.6502,43.22842,-7.91315,0.40127,0.05991,-0.914,0.98783,0.0,0.0,nan,0.0,0.00751,0.03617,4.34629,2.06364,0.23738,0.44872,0.47667,0.67586,0.48458,0.47667
17.58455,42.91032,7.75996,0.41605,0.1093,0.90275,0.96106,0.0,0.0,nan,0.0,0.01781,0.03694,39.46536,1.6997,0.2416,0.60706,0.63597,0.83451,0.58834,0.63597
16.72532,43.01626,8.16511,0.31769,0.06105,0.94623,0.97636,0.0,0.0,nan,0.0,0.01454,0.03078,38.37411,1.86575,0.23214,0.60668,0.77865,0.90167,0.53598,0.77865
16.66711,45.14714,-8.27864,0.29817,0.06641,-0.9522,0.98924,0.00139,0.00694,0.6,1.0,0.00673,0.0551,8.11871,1.68055,0.22166,0.49855,0.77481,0.33188,0.59504,0.77481
17.70952,44.95255,-7.8383,0.41324,0.05532,-0.90894,0.98793,0.0,0.0,nan,0.0,0.00579,0.05769,7.37105,1.70916,0.22798,0.48152,0.68182,0.26484,0.58508,0.68182
17.9896,45.80382,5.99385,0.63184,0.12279,0.76531,0.97827,0.0,0.0,nan,0.0,0.00949,0.02026,27.29012,1.81625,0.24222,0.59387,0.45207,0.84662,0.55059,0.45207
17.51275,45.15089,7.17589,0.50457,0.12894,0.85369,0.99588,0.0,0.0,nan,0.0,0.00928,0.01861,29.00897,1.82948,0.22397,0.5822,0.43701,0.91516,0.5466,0.43701
16.52189,44.70095,8.1004,0.39938,0.10411,0.91086,0.97636,0.0,0.0,nan,0.0,0.01477,0.03006,37.43942,1.86678,0.22923,0.615,0.6177,0.84191,0.53568,0.6177
16.47481,46.71312,-8.1601,0.26935,0.09122,-0.95871,0.99075,0.02793,0.13967,0.6,1.0,0.00683,0.05994,8.00667,1.75673,0.22767,0.47369,0.7261,0.30062,0.56924,0.7261
17.31838,47.22914,-7.8535,0.33772,0.07652,-0.93813,0.99105,0.05442,0.05442,0.6,0.54286,0.00805,0.05853,7.83943,1.73456,0.23328,0.5241,0.67349,0.32957,0.57651,0.67349
17.14095,47.08147,7.65247,0.44494,0.10659,0.88919,0.9528,0.0,0.0,nan,0.0,0.00741,0.01978,30.04471,1.88847,0.22674,0.46111,0.40095,0.86684,0.52953,0.40095
16.18317,46.94177,8.08192,0.33761,0.14478,0.93009,0.9682,0.0,0.0,nan,0.0,0.01002,0.02413,31.96937,1.84542,0.23583,0.49582,0.6581,0.89019,0.54188,0.6581
16.10774,48.30922,-8.02084,0.25139,0.08472,-0.96417,0.99488,0.01237,0.05135,0.6,0.98723,0.00942,0.08277,7.58707,1.81855,0.22083,0.52573,0.75503,0.2781,0.54989,0.75503
17.02881,49.00514,-7.69887,0.29509,0.07581,-0.95246,0.9978,0.00062,0.00312,0.6,1.0,0.0135,0.07187,5.41117,1.86948,0.22078,0.51651,0.58092,0.49787,0.53491,0.58092
16.98325,48.92907,6.99959,0.39527,0.13511,0.90857,0.99095,0.0,0.0,nan,0.0,0.01717,0.03815,35.73548,1.64753,0.23179,0.59459,0.42718,0.79938,0.60697,0.42718
17.04835,51.03703,-7.57335,0.29486,0.05841,-0.95375,0.99699,0.0,0.0,nan,0.0,0.02311,0.0713,4.63922,2.06585,0.22422,0.50901,0.54779,0.91138,0.48406,0.54779
17.09591,50.85329,7.11506,0.43654,-0.04901,0.89835,0.97293,0.0,0.0,nan,0.0,0.00973,0.0267,28.28789,1.6443,0.22809,0.4655,0.34141,0.83813,0.60816,0.34141
17.04727,53.04179,-7.46287,0.307,0.04457,-0.95067,0.99598,0.0,0.0,nan,0.0,0.01741,0.07114,4.69168,2.00837,0.2271,0.55859,0.75567,0.6363,0.49792,0.75567
17.57102,53.51827,5.69476,0.6052,0.05212,0.79437,0.97646,0.0,0.0,nan,0.0,0.01027,0.02341,26.68684,2.0091,0.23822,0.63124,0.48081,0.74714,0.49774,0.48081
17.1208,52.90036,7.24148,0.51477,0.04142,0.85633,0.97827,0.0,0.0,nan,0.0,0.00668,0.01727,23.92089,1.85927,0.2373,0.51028,0.57478,0.82086,0.53785,0.57478
17.02406,54.97647,-7.39358,0.34188,0.02456,-0.93942,0.99598,0.0,0.0,nan,0.0,0.01693,0.05744,4.15329,1.99938,0.22938,0.44509,0.28444,0.98087,0.50016,0.28444
17.59859,54.23905,5.64375,0.60265,0.02901,0.79748,0.97072,0.0,0.0,nan,0.0,0.00633,0.01739,25.20611,1.6443,0.2412,0.47444,0.42361,0.82736,0.60816,0.42361
16.9932,55.00198,6.98943,0.50555,-0.01441,0.86268,0.99387,0.0,0.0,nan,0.0,0.00875,0.01793,27.98012,1.80873,0.22872,0.52567,0.44828,0.99497,0.55287,0.44828
17.01953,57.04379,-7.39801,0.34978,0.06206,-0.93478,0.99417,0.0,0.0,nan,0.0,0.01318,0.04829,4.88411,1.6443,0.23679,0.57993,0.71792,0.66357,0.60816,0.71792
17.78265,57.29417,5.72777,0.56985,0.02816,0.82127,0.99709,0.0,0.0,nan,0.0,0.01546,0.03677,24.14094,3.37221,0.23757,0.66594,0.70623,0.68363,0.29654,0.70623
17.15864,57.01364,7.10345,0.43456,0.01471,0.90052,0.98109,0.0,0.0,nan,0.0,0.02057,0.03592,32.1826,1.78649,0.2369,0.67679,0.58673,0.89856,0.55976,0.58673
16.95849,59.08962,-7.19518,0.28862,0.30115,-0.90885,0.97505,0.03116,0.15578,0.7,1.0,0.01143,0.04714,5.24007,1.6853,0.24708,0.42803,0.6778,0.78279,0.59337,0.6778
17.27829,59.95073,5.86019,0.24945,0.7279,0.6387,0.89382,0.0,0.0,nan,0.0,0.0162,0.14047,31.47389,2.77688,0.21955,0.51112,0.77612,0.2619,0.36012,0.77612
17.00427,59.12252,6.97871,0.32246,0.42737,0.84461,0.85376,0.0,0.0,nan,0.0,0.00797,0.07204,54.36853,1.86957,0.23508,0.49458,0.87851,0.39378,0.53488,0.87851
16.93383,60.59627,-6.4916,0.21141,0.61951,-0.75599,0.94928,0.01173,0.05867,0.7,1.0,0.02032,0.07305,5.16352,2.2201,0.23179,0.43744,0.40085,0.88204,0.45043,0.40085
17.01533,61.63774,-5.11968,0.11886,0.89473,-0.4305,0.94807,0.22613,0.22613,0.51,0.705,0.01685,0.06131,5.56435,1.92122,0.23696,0.45035,0.43893,0.82971,0.5205,0.43893
16.99686,61.83338,-2.96785,0.03477,0.9993,0.01349,0.9981,0.05129,0.25646,0.6,1.0,0.01167,0.04245,9.00127,1.91424,0.23055,0.60459,0.39643,0.55547,0.5224,0.39643
17.04099,61.72651,-0.91204,0.06214,0.98705,0.14786,0.9989,0.01222,0.0611,0.6,1.0,0.00694,0.02415,10.47571,1.94517,0.22443,0.48511,0.67765,0.70492,0.51409,0.67765
17.1121,61.52222,1.04753,0.0808,0.97847,0.18989,0.998,0.0,0.0,nan,0.0,0.00734,0.02738,15.22801,1.68844,0.22719,0.7296,0.79612,0.4878,0.59226,0.79612
17.09396,60.95307,2.93534,0.04741,0.97431,0.22018,1.00001,0.0,0.0,nan,0.0,0.00504,0.0353,15.84969,2.71159,0.23346,0.7817,0.94015,0.52491,0.36879,0.94015
16.98157,60.40216,4.95113,0.10701,0.9009,0.42062,0.97656,0.0,0.0,nan,0.0,0.01381,0.05786,13.81651,2.03275,0.23578,0.72294,0.47493,0.37781,0.49194,0.47493
18.13309,5.88051,3.88019,0.5868,-0.61168,-0.53057,0.98582,0.0,0.0,nan,0.0,0.02263,0.0617,16.34494,1.85594,0.23492,0.53122,0.34999,0.77484,0.53881,0.34999
18.81867,5.42606,5.11092,0.65595,-0.72028,-0.22567,0.88798,0.0,0.0,nan,0.0,0.01188,0.07638,27.81716,1.66839,0.2378,0.41607,0.57397,0.40062,0.59938,0.57397
18.85382,5.49651,6.88449,0.67395,-0.6484,0.35408,0.86423,0.0,0.0,nan,0.0,0.01238,0.03636,32.4669,3.35918,0.2438,0.45343,0.44553,0.79717,0.29769,0.44553
18.45339,5.76802,8.10312,0.59793,-0.45055,0.66294,0.84108,0.0,0.0,nan,0.0,0.01187,0.03109,26.9464,2.03328,0.22362,0.41023,0.57631,1.0,0.49182,0.57631
18.80117,7.20066,3.40178,0.59663,-0.55421,-0.58042,0.99931,0.0,0.0,nan,0.0,0.01124,0.04241,17.95223,1.93021,0.22742,0.40542,0.40893,0.72641,0.51808,0.40893
19.58037,6.52919,4.49682,0.74155,-0.56683,-0.35889,0.89583,0.0,0.0,nan,0.0,0.00322,0.04901,33.11812,2.78665,0.24144,0.27183,0.33423,0.25594,0.35885,0.33423
19.37709,7.09552,7.15715,0.77328,-0.2799,0.56894,0.91244,0.0,0.0,nan,0.0,0.01164,0.03788,31.47018,1.90113,0.23782,0.391,0.44989,0.83601,0.526,0.44989
18.43847,6.8828,8.2466,0.58943,-0.19664,0.78352,0.92371,0.0,0.0,nan,0.0,0.00886,0.03857,32.9245,1.72346,0.23485,0.4929,0.59041,0.49459,0.58023,0.59041
18.15989,9.65529,-2.14536,0.85355,-0.32571,-0.40665,0.9831,0.0,0.0,nan,0.0,0.01374,0.04681,25.37723,1.87265,0.24036,0.5361,0.60426,0.59074,0.534,0.60426
18.48547,9.32372,-0.92934,0.83151,-0.48086,-0.27813,0.97958,0.0,0.0,nan,0.0,0.01035,0.05131,16.24116,2.23496,0.22462,0.39906,0.6431,0.56754,0.44744,0.6431
18.56354,9.36903,1.13513,0.74168,-0.59288,-0.3137,0.98099,0.0,0.0,nan,0.0,0.00949,0.04243,13.99442,1.71287,0.23618,0.37442,0.51166,0.68298,0.58381,0.51166
19.23327,8.64581,2.71778,0.64926,-0.5452,-0.5303,0.9983,0.0,0.0,nan,0.0,0.00629,0.04987,22.24487,1.87983,0.23321,0.34345,0.49853,0.40039,0.53196,0.49853
19.96455,8.08048,4.04692,0.81009,-0.47415,-0.34487,0.94717,0.0,0.0,nan,0.0,0.00791,0.05831,43.69931,1.85568,0.23794,0.38306,0.34692,0.3703,0.53889,0.34692
19.33745,8.87462,7.41188,0.69481,-0.02147,0.71887,0.9832,0.0,0.0,nan,0.0,0.02282,0.0895,29.19619,1.73301,0.23043,0.52376,0.35221,0.5202,0.57703,0.35221
18.20866,9.01561,8.11856,0.53037,0.03266,0.84714,0.9983,0.0,0.0,nan,0.0,0.00772,0.0579,21.58529,1.89429,0.22597,0.63717,0.84571,0.32953,0.5279,0.84571
18.03675,11.96822,-6.36752,0.89326,-0.16907,-0.41653,0.84671,0.0,0.0,nan,0.0,0.00989,0.04628,30.07802,1.69666,0.24464,0.43451,0.70562,0.52472,0.58939,0.70562
18.05864,11.91098,-5.52061,0.94931,-0.24659,-0.19494,0.92573,0.0,0.0,nan,0.0,0.01007,0.08305,37.49949,1.87314,0.23311,0.60602,0.85546,0.31798,0.53386,0.85546
18.40055,11.26348,-2.20323,0.78815,-0.34406,-0.51033,0.99327,0.0,0.0,nan,0.0,0.00721,0.02365,24.28756,1.6443,0.23686,0.48089,0.39577,0.68561,0.60816,0.39577
19.28198,10.83505,-1.326,0.77227,-0.42536,-0.47187,0.97767,0.0,0.0,nan,0.0,0.00634,0.03755,25.4585,2.85666,0.24188,0.46158,0.5405,0.39476,0.35006,0.5405
19.54942,10.62774,0.78181,0.76826,-0.54318,-0.33871,0.99458,0.0,0.0,nan,0.0,0.01832,0.05723,19.44485,1.78948,0.2364,0.59882,0.62574,0.58958,0.55882,0.62574
19.94932,11.82304,5.77158,0.82118,0.05208,0.56829,0.99629,0.0,0.0,nan,0.0,0.0034,0.01935,29.7081,2.38634,0.22588,0.50701,0.82527,0.48784,0.41905,0.82527
19.21836,11.18519,7.43821,0.65667,0.06008,0.75179,0.98582,0.0,0.0,nan,0.0,0.00767,0.03058,31.2193,2.08451,0.22864,0.55499,0.71746,0.48095,0.47973,0.71746
18.29093,10.72578,8.17314,0.51592,0.05526,0.85485,0.98934,0.0,0.0,nan,0.0,0.00316,0.02062,20.67504,2.22781,0.23066,0.38575,0.44079,0.43641,0.44887,0.44079
18.19004,12.92632,-6.454,0.86463,-0.14827,-0.48003,0.86403,0.0,0.0,nan,0.0,0.01742,0.04881,29.00648,1.6443,0.23404,0.5223,0.35804,0.73051,0.60816,0.35804
18.42413,12.97458,-5.01264,0.94107,-0.28521,-0.18178,0.97163,0.0,0.0,nan,0.0,0.00947,0.07904,34.01192,1.93394,0.23127,0.68711,0.8654,0.29285,0.51708,0.8654
18.55985,13.12531,-2.74286,0.772,-0.38257,-0.50759,0.952,0.0,0.0,nan,0.0,0.00869,0.03559,25.32932,1.99163,0.23103,0.50039,0.48711,0.52617,0.5021,0.48711
19.76565,12.98635,-1.83716,0.71692,-0.40301,-0.56886,0.98864,0.0,0.0,nan,0.0,0.00905,0.04489,28.67698,2.25758,0.23483,0.38757,0.44291,0.55674,0.44295,0.44291
19.66562,12.35978,5.65196,0.80965,0.03888,0.58562,0.98381,0.0,0.0,nan,0.0,0.00448,0.02061,28.94295,2.03457,0.23622,0.52858,0.63437,0.44001,0.4915,0.63437
19.23965,13.00052,7.0505,0.67903,0.03711,0.73317,0.99266,0.0,0.0,nan,0.0,0.0047,0.01905,26.77834,2.55917,0.22995,0.42289,0.57273,0.62749,0.39075,0.57273
18.39482,13.209,8.33395,0.54214,0.06687,0.83763,0.95109,0.0,0.0,nan,0.0,0.007,0.01882,24.87137,1.98964,0.22995,0.40207,0.34399,0.99986,0.5026,0.34399
18.37311,15.03492,-6.45759,0.73119,-0.12672,-0.6703,0.93901,0.0,0.0,nan,0.0,0.00517,0.02002,26.7425,1.85376,0.23229,0.31751,0.55475,0.87381,0.53944,0.55475
18.78551,15.12833,-4.94534,0.81992,-0.35038,-0.45273,0.9836,0.0,0.0,nan,0.0,0.00979,0.04196,26.91146,1.8939,0.23285,0.50689,0.52838,0.49456,0.52801,0.52838
19.27825,14.6746,-3.10608,0.73651,-0.49119,-0.46506,0.96438,0.0,0.0,nan,0.0,0.01006,0.03573,18.19943,2.30964,0.23596,0.45902,0.28788,0.68119,0.43297,0.28788
19.01606,14.99612,7.17608,0.62853,0.09242,0.77227,0.9828,0.0,0.0,nan,0.0,0.01089,0.02635,24.65867,1.72747,0.22748,0.51284,0.32344,0.87108,0.57888,0.32344
18.26611,14.27548,8.22491,0.51766,0.07594,0.85221,0.96649,0.0,0.0,nan,0.0,0.00843,0.02189,27.01943,1.88447,0.23535,0.43924,0.51412,0.94129,0.53065,0.51412
18.48698,16.85305,-6.21193,0.59011,-0.18932,-0.78481,0.98501,0.0,0.0,nan,0.0,0.00801,0.03586,29.08558,1.87835,0.23936,0.50565,0.86535,0.74811,0.53238,0.86535
19.47724,17.05413,-5.89868,0.66919,-0.26065,-0.69588,0.96377,0.0,0.0,nan,0.0,0.00267,0.02668,34.81612,2.03923,0.22778,0.62506,0.92879,0.39582,0.49038,0.92879
19.74297,17.78067,5.87106,0.86913,-0.0122,0.49444,0.99357,0.0,0.0,nan,0.0,0.0073,0.02179,25.46574,1.91638,0.22061,0.55248,0.41501,0.65401,0.52182,0.41501
19.00781,17.08238,6.97527,0.66853,-0.06834,0.74054,0.98411,0.0,0.0,nan,0.0,0.00873,0.02297,24.03339,1.67978,0.23778,0.47022,0.45757,0.87588,0.59532,0.45757
18.00999,17.94622,8.05864,0.54837,-0.14658,0.82329,0.99206,0.0,0.0,nan,0.0,0.00548,0.01635,24.11751,1.81434,0.23713,0.42018,0.3388,0.86478,0.55116,0.3388
18.90988,18.88892,-6.6075,0.55324,-0.03501,-0.83229,0.98119,0.0,0.0,nan,0.0,0.00716,0.02143,30.45196,1.91066,0.23138,0.5914,0.48036,0.60241,0.52338,0.48036
19.6816,18.0027,-5.99396,0.66332,-0.19765,-0.72176,0.96136,0.0,0.0,nan,0.0,0.00706,0.03368,34.06787,2.09583,0.23107,0.66396,0.82757,0.44462,0.47714,0.82757
19.9955,18.65338,3.97474,0.94224,-0.00475,0.33492,0.95693,0.0,0.0,nan,0.0,0.0088,0.02104,24.58294,1.97828,0.23334,0.53195,0.35151,0.85016,0.50549,0.35151
19.92405,18.34497,4.70045,0.93256,-0.01462,0.36071,0.98481,0.0,0.0,nan,0.0,0.00677,0.01596,24.84444,1.68769,0.22547,0.54167,0.54575,0.84559,0.59252,0.54575
19.15255,18.71941,7.43648,0.69827,-0.06868,0.71253,0.96599,0.0,0.0,nan,0.0,0.00434,0.0178,20.94756,3.35368,0.24064,0.40185,0.34173,0.66475,0.29818,0.34173
18.0123,18.31491,8.1451,0.54732,-0.12558,0.82745,0.98763,0.0,0.0,nan,0.0,0.0052,0.01786,22.67555,1.65787,0.23662,0.40531,0.39946,0.78112,0.60318,0.39946
18.74252,20.78083,-6.55656,0.58049,-0.02988,-0.81372,0.98833,0.0,0.0,nan,0.0,0.00777,0.01961,29.31565,3.50639,0.23864,0.59171,0.44285,0.7154,0.28519,0.44285
19.27706,21.37642,-5.39666,0.73683,-0.0019,-0.67608,0.96065,0.0,0.0,nan,0.0,0.00753,0.02043,33.81144,3.45303,0.2388,0.51219,0.65281,0.76192,0.2896,0.65281
19.0892,21.04782,7.23034,0.65243,0.10102,0.75109,0.98028,0.0,0.0,nan,0.0,0.00576,0.02344,20.93564,2.38704,0.23892,0.60358,0.60694,0.446,0.41893,0.60694
18.04767,23.9239,-8.02035,0.47412,-0.20198,-0.85698,0.97434,0.0,0.0,nan,0.0,0.00611,0.03051,8.06059,2.1524,0.22995,0.47524,0.47492,0.52596,0.4646,0.47492
19.24621,22.7753,-7.1464,0.65872,-0.23745,-0.71394,0.95139,0.0,0.0,nan,0.0,0.01207,0.03874,36.08566,1.69407,0.24771,0.71826,0.72645,0.45782,0.59029,0.72645
19.74032,22.61758,-5.53432,0.79754,-0.15161,-0.58391,0.97404,0.0,0.0,nan,0.0,0.01254,0.03211,37.35564,3.23303,0.23755,0.62666,0.58958,0.65669,0.30931,0.58958
19.68957,23.26804,5.29994,0.88343,-0.07031,0.46325,0.97273,0.0,0.0,nan,0.0,0.00541,0.01485,26.62154,2.05867,0.23286,0.54256,0.39767,0.72166,0.48575,0.39767
18.91615,23.16799,6.82063,0.6759,-0.15267,0.721,0.97897,0.0,0.0,nan,0.0,0.00475,0.01231,22.48064,3.36687,0.23992,0.50746,0.52545,0.82745,0.29701,0.52545
18.34632,23.6719,8.18353,0.54459,-0.17807,0.81958,0.97988,0.0,0.0,nan,0.0,0.00764,0.01777,21.60734,1.95368,0.23022,0.52286,0.36525,0.89865,0.51185,0.36525
18.11364,25.19613,-8.06031,0.48218,-0.08865,-0.87158,0.98411,0.0,0.0,nan,0.0,0.0173,0.07906,4.56951,1.8756,0.23241,0.47197,0.40004,0.66661,0.53316,0.40004
19.2689,24.97533,-7.35982,0.68737,-0.12334,-0.71576,0.96679,0.0,0.0,nan,0.0,0.01683,0.09176,17.09903,2.70269,0.23092,0.7253,0.76582,0.29759,0.37,0.76582
19.25438,25.05346,7.58943,0.67287,-0.08978,0.73429,0.94042,0.0,0.0,nan,0.0,0.01098,0.04131,33.42998,2.06486,0.23105,0.62219,0.38646,0.45291,0.48429,0.38646
18.34933,24.91585,8.10964,0.51332,-0.10758,0.85143,0.97978,0.0,0.0,nan,0.0,0.01498,0.04464,30.51027,1.6443,0.23799,0.68808,0.60569,0.5197,0.60816,0.60569
18.32553,27.27255,-8.17558,0.49248,-0.05507,-0.86858,0.97545,0.0,0.0,nan,0.0,0.00523,0.06762,6.37279,3.23687,0.24546,0.64194,0.89584,0.2968,0.30894,0.89584
19.37576,27.02581,-7.45207,0.68539,-0.04424,-0.72683,0.96871,0.0,0.0,nan,0.0,0.00512,0.0339,8.42061,3.03739,0.24548,0.48005,0.63368,0.38954,0.32923,0.63368
19.68499,27.57238,5.38608,0.9139,0.03642,0.4043,0.97314,0.0,0.0,nan,0.0,0.01085,0.02459,34.80793,1.80873,0.23716,0.50106,0.66336,0.9309,0.55287,0.66336
19.24017,27.10153,7.46947,0.69349,0.08682,0.71522,0.9673,0.0,0.0,nan,0.0,0.01042,0.03117,39.03521,1.906,0.22856,0.69657,0.8215,0.65405,0.52466,0.8215
18.38153,26.50259,8.31399,0.50517,0.07578,0.85969,0.97605,0.0,0.0,nan,0.0,0.01394,0.04075,30.81624,1.68643,0.23513,0.54755,0.49667,0.66517,0.59297,0.49667
18.35312,28.93216,-8.16112,0.49944,-0.01226,-0.86626,0.96559,0.0,0.0,nan,0.0,0.00132,0.04886,7.84532,3.14377,0.24417,0.63141,0.98894,0.22871,0.31809,0.98894
19.41817,29.00565,-7.5946,0.67779,-0.03859,-0.73424,0.95653,0.0,0.0,nan,0.0,0.00149,0.01589,8.83161,2.61402,0.22692,0.32886,0.65852,0.35025,0.38255,0.65852
19.90485,28.42619,5.77735,0.87486,0.00901,0.48429,0.99065,0.0,0.0,nan,0.0,0.00925,0.022,30.61945,1.87286,0.23089,0.4492,0.45943,0.99676,0.53394,0.45943
19.08921,28.94226,7.44178,0.70426,0.01784,0.70972,0.97595,0.0,0.0,nan,0.0,0.01844,0.03354,40.26354,1.70452,0.24016,0.61953,0.62683,0.93139,0.58668,0.62683
18.26326,28.87178,8.20975,0.5622,-0.00449,0.82699,0.9829,0.0,0.0,nan,0.0,0.01752,0.03784,33.97945,1.85114,0.23253,0.58195,0.3169,0.84222,0.54021,0.3169
18.31399,30.95673,-8.18615,0.44825,0.00683,-0.89388,0.97928,0.0,0.0,nan,0.0,0.01046,0.09191,4.31638,2.05009,0.22124,0.62483,0.8434,0.38025,0.48778,0.8434
19.41428,30.87178,-7.63175,0.61718,-0.03792,-0.78591,0.96861,0.0,0.0,nan,0.0,0.00513,0.04496,7.92214,1.80873,0.23336,0.52222,0.77406,0.2966,0.55287,0.77406
19.64432,31.13546,5.43464,0.84002,0.06344,0.53883,0.98038,0.0,0.0,nan,0.0,0.01105,0.02589,27.62625,2.07445,0.23379,0.5439,0.43677,0.84184,0.48205,0.43677
19.18831,31.08111,7.2211,0.71722,0.11192,0.6878,0.97837,0.0,0.0,nan,0.0,0.01131,0.02477,33.99082,1.9307,0.23521,0.49055,0.7311,0.98562,0.51795,0.7311
18.19682,30.60344,8.19576,0.56064,0.10521,0.82135,0.96418,0.0,0.0,nan,0.0,0.02033,0.03696,29.08387,3.54593,0.24377,0.61446,0.61686,0.95707,0.28201,0.61686
18.31528,33.03259,-8.14056,0.42314,0.02362,-0.90576,0.98532,0.0,0.0,nan,0.0,0.01454,0.04773,4.0845,1.75914,0.2401,0.55132,0.42984,0.82293,0.56846,0.42984
19.3918,32.95637,-7.63136,0.57486,0.0106,-0.81818,0.97847,0.0,0.0,nan,0.0,0.01023,0.09284,5.08772,2.90699,0.23616,0.55322,0.82816,0.37012,0.344,0.82816
19.49537,32.64109,5.264,0.80182,-0.00973,0.59749,0.96579,0.0,0.0,nan,0.0,0.00551,0.01564,26.19637,2.02662,0.23523,0.45819,0.37791,0.82766,0.49343,0.37791
19.00709,32.97046,6.96134,0.70374,0.0441,0.70908,0.98783,0.0,0.0,nan,0.0,0.00335,0.0189,32.83238,1.72046,0.2336,0.46584,0.80752,0.49473,0.58124,0.80752
18.20721,33.64841,8.13825,0.58735,0.03982,0.80835,0.95703,0.0,0.0,nan,0.0,0.00851,0.02369,25.93028,1.70507,0.23718,0.4899,0.48113,0.78954,0.58649,0.48113
18.33254,34.93011,-8.10693,0.41704,0.01563,-0.90875,0.99065,0.0,0.0,nan,0.0,0.00697,0.04216,6.09698,1.9139,0.22443,0.51835,0.65172,0.4235,0.52249,0.65172
19.38638,35.0252,-7.66912,0.56398,0.01891,-0.82557,0.97918,0.0,0.0,nan,0.0,0.01173,0.055,4.93896,1.70878,0.24021,0.43989,0.36451,0.68131,0.58521,0.36451
19.2105,35.52377,5.7939,0.70952,0.1584,0.68665,0.98481,0.0,0.0,nan,0.0,0.00878,0.02604,25.0842,1.81118,0.24536,0.5767,0.54418,0.63096,0.55213,0.54418
18.5645,34.88401,6.90476,0.68077,0.14384,0.71823,0.98743,0.0,0.0,nan,0.0,0.00714,0.02252,25.12984,2.75195,0.23627,0.5367,0.54367,0.63829,0.36338,0.54367
18.12425,34.8125,8.06338,0.61466,0.10319,0.78201,0.9368,0.0,0.0,nan,0.0,0.00936,0.02329,24.4037,3.18731,0.24651,0.61899,0.48098,0.70277,0.31374,0.48098
18.42573,37.12261,-8.16532,0.42197,0.01206,-0.90653,0.9823,0.0,0.0,nan,0.0,0.00207,0.03713,8.05906,1.89447,0.22514,0.62192,0.93126,0.26673,0.52785,0.93126
19.41838,37.00005,-7.55587,0.60531,0.02854,-0.79548,0.97636,0.0,0.0,nan,0.0,0.00889,0.06753,4.30272,1.67634,0.23718,0.32696,0.86044,0.9117,0.59654,0.86044
19.16836,36.81614,5.39025,0.73866,0.02778,0.6735,0.94656,0.0,0.0,nan,0.0,0.00544,0.01348,26.77442,1.6443,0.23345,0.49291,0.50468,0.87911,0.60816,0.50468
18.53928,37.38272,6.71275,0.73642,-0.10652,0.66808,0.98884,0.0,0.0,nan,0.0,0.00651,0.01462,29.2372,1.77758,0.23711,0.50907,0.49857,0.93444,0.56256,0.49857
18.03148,37.78739,8.00039,0.60865,-0.1193,0.78442,0.92945,0.0,0.0,nan,0.0,0.00846,0.01859,28.81645,1.88277,0.23295,0.58815,0.73722,0.82712,0.53113,0.73722
18.33679,38.86296,-8.13679,0.42831,0.05455,-0.90198,0.9834,0.0,0.0,nan,0.0,0.00455,0.04248,7.4565,1.94482,0.23815,0.54329,0.87122,0.40812,0.51419,0.87122
19.44824,39.07873,-7.49939,0.64192,0.07282,-0.76331,0.9671,0.00318,0.01588,0.7,1.0,0.01116,0.07171,4.48373,1.88551,0.23483,0.27373,0.40548,0.82237,0.53036,0.40548
19.56943,38.89377,5.41815,0.80849,-0.13111,0.57371,0.99256,0.0,0.0,nan,0.0,0.01097,0.0277,26.62803,1.80931,0.24079,0.61854,0.43281,0.68824,0.5527,0.43281
18.92992,39.10265,6.82856,0.74565,-0.13166,0.6532,0.98743,0.0,0.0,nan,0.0,0.01362,0.02804,27.21602,1.77597,0.23634,0.61212,0.54118,0.85189,0.56307,0.54118
18.16516,39.05756,8.13304,0.54851,-0.05461,0.83436,0.88788,0.0,0.0,nan,0.0,0.01769,0.04476,28.95997,1.90808,0.23052,0.70826,0.57718,0.59646,0.52409,0.57718
18.13822,40.3768,-8.05913,0.4203,0.08263,-0.90362,0.98652,0.0,0.0,nan,0.0,0.00508,0.02868,6.07744,2.0701,0.23332,0.47805,0.73928,0.49203,0.48307,0.73928
19.22273,41.0555,-7.43644,0.61289,0.09372,-0.78459,0.97243,0.0,0.0,nan,0.0,0.0046,0.04068,4.98849,2.17743,0.2342,0.26733,0.5847,0.59256,0.45926,0.5847
19.75392,41.51234,5.59676,0.83828,0.02684,0.54459,0.99518,0.0,0.0,nan,0.0,0.00565,0.04115,28.10258,1.92502,0.23044,0.30764,0.3296,0.47822,0.51948,0.3296
18.82248,40.99547,6.82716,0.68812,0.07144,0.72207,0.98632,0.0,0.0,nan,0.0,0.0088,0.03104,27.14258,2.13631,0.2247,0.45522,0.79078,0.76935,0.4681,0.79078
18.15081,40.4006,8.10063,0.49309,0.08928,0.86539,0.90992,0.0,0.0,nan,0.0,0.01408,0.04369,31.67479,1.84701,0.23602,0.62184,0.82078,0.71217,0.54142,0.82078
19.18769,43.05337,-7.21509,0.64829,0.07605,-0.75759,0.97656,0.0,0.0,nan,0.0,0.0119,0.04997,4.29685,3.38512,0.24374,0.46649,0.69695,0.74792,0.29541,0.69695
19.6566,42.75011,5.63232,0.79721,0.08715,0.59738,0.99095,0.0,0.0,nan,0.0,0.00964,0.03654,17.89333,1.91423,0.22702,0.42867,0.48842,0.68442,0.5224,0.48842
19.02976,43.05193,6.98721,0.65316,0.14204,0.74378,0.95864,0.0,0.0,nan,0.0,0.00668,0.0231,21.77449,1.88281,0.22842,0.37773,0.47629,0.83649,0.53112,0.47629
19.15731,44.98675,-7.03327,0.66426,0.03671,-0.7466,0.97666,0.0,0.0,nan,0.0,0.01083,0.07363,4.4247,3.34536,0.24215,0.30438,0.54957,0.7016,0.29892,0.54957
19.93836,45.96073,3.79114,0.93246,0.09999,0.34715,0.98864,0.0,0.0,nan,0.0,0.00511,0.02614,20.14554,1.81869,0.23299,0.42753,0.69628,0.50231,0.54985,0.69628
19.46744,45.49738,5.63433,0.74358,0.10657,0.6601,0.98995,0.0,0.0,nan,0.0,0.0058,0.01876,22.51393,1.6443,0.23295,0.47733,0.47421,0.7056,0.60816,0.47421
18.76674,44.70864,6.3215,0.66909,0.138,0.73026,0.99488,0.0,0.0,nan,0.0,0.00799,0.01968,25.40287,1.89318,0.22649,0.57895,0.59681,0.757,0.52821,0.59681
19.20298,46.96635,-6.94401,0.62829,0.01067,-0.7779,0.97767,0.0,0.0,nan,0.0,0.01537,0.08742,5.30327,1.89972,0.23511,0.32001,0.45406,0.75637,0.52639,0.45406
19.96817,47.85845,1.39433,0.99159,0.12225,0.04247,0.98793,0.0,0.0,nan,0.0,0.00868,0.02184,27.55629,1.87809,0.24092,0.5502,0.64041,0.77499,0.53245,0.64041
19.8749,46.18472,3.62842,0.94117,0.10386,0.32158,0.98803,0.0,0.0,nan,0.0,0.00549,0.02433,24.86958,2.21772,0.23464,0.51156,0.70618,0.47628,0.45091,0.70618
19.74715,46.75378,5.40261,0.77849,0.07154,0.62357,0.97052,0.0,0.0,nan,0.0,0.00572,0.01664,24.42043,1.91297,0.22905,0.44198,0.34711,0.84154,0.52275,0.34711
18.63666,47.01769,6.52852,0.63325,0.08188,0.7696,0.98592,0.0,0.0,nan,0.0,0.008,0.01637,27.1417,1.93167,0.22565,0.56207,0.46617,0.93423,0.51769,0.46617
19.10578,49.03969,-7.01129,0.57742,0.04264,-0.81533,0.97052,0.0,0.0,nan,0.0,0.01554,0.04734,5.85235,2.04439,0.22366,0.50371,0.68727,0.8741,0.48914,0.68727
19.95144,49.07638,-0.27008,0.9969,0.05052,0.06033,0.97142,0.0,0.0,nan,0.0,0.00837,0.02902,26.32286,2.08762,0.23118,0.44167,0.71649,0.70261,0.47901,0.71649
19.96735,49.13275,0.03595,0.9965,0.05805,0.06011,0.97847,0.0,0.0,nan,0.0,0.00986,0.0313,27.7127,1.89176,0.22961,0.47363,0.71439,0.71307,0.52861,0.71439
19.76135,49.14998,3.0421,0.97359,0.08896,0.21025,0.98813,0.0,0.0,nan,0.0,0.01756,0.0321,38.89019,1.87781,0.23043,0.62674,0.39651,0.91763,0.53254,0.39651
19.06557,48.92149,5.21202,0.76448,0.096,0.63746,0.99105,0.0,0.0,nan,0.0,0.01475,0.03399,36.41008,1.80873,0.23202,0.6526,0.60499,0.70162,0.55287,0.60499
18.36207,48.90308,6.30375,0.57988,0.09998,0.80854,0.99156,0.0,0.0,nan,0.0,0.0197,0.03679,31.22713,1.80873,0.23273,0.67596,0.66335,0.84305,0.55287,0.66335
19.15942,50.96992,-6.87887,0.59253,0.06242,-0.80312,0.95874,0.0,0.0,nan,0.0,0.00905,0.03587,5.93727,1.91633,0.24163,0.36096,0.61745,0.9339,0.52183,0.61745
19.74227,51.10351,1.58773,0.99561,-0.02742,0.08946,0.98089,0.0,0.0,nan,0.0,0.00421,0.01857,23.64825,1.92216,0.2234,0.36316,0.5588,0.67667,0.52025,0.5588
19.75892,50.68329,2.9922,0.98175,0.01183,0.18979,0.98723,0.0,0.0,nan,0.0,0.00898,0.02375,31.6641,1.89305,0.22778,0.50274,0.64652,0.79927,0.52825,0.64652
19.27005,50.94418,5.20403,0.7826,0.00514,0.6225,0.98149,0.0,0.0,nan,0.0,0.01192,0.04298,39.16103,2.21863,0.23038,0.71985,0.78354,0.45376,0.45073,0.78354
18.45666,51.08858,6.24815,0.62,0.01744,0.78441,0.9837,0.0,0.0,nan,0.0,0.00964,0.02369,25.49586,1.85444,0.24317,0.57872,0.75161,0.7624,0.53924,0.75161
19.07524,52.97423,-6.75149,0.60831,0.07036,-0.79057,0.96136,0.0,0.0,nan,0.0,0.01071,0.04359,6.45561,1.90901,0.23682,0.45261,0.65246,0.71091,0.52383,0.65246
19.93209,53.29826,-5.93215,0.81524,0.06061,-0.57594,0.94777,0.0,0.0,nan,0.0,0.00899,0.03986,6.57042,2.24228,0.23913,0.31091,0.62461,0.94655,0.44598,0.62461
19.27753,53.1886,5.47321,0.71901,0.04103,0.69378,0.97233,0.0,0.0,nan,0.0,0.00829,0.02059,26.55248,1.67122,0.24005,0.70865,0.52569,0.61078,0.59837,0.52569
18.43651,52.33846,6.12426,0.63699,0.05551,0.76887,0.9982,0.0,0.0,nan,0.0,0.00905,0.019,28.477,1.6443,0.23886,0.66387,0.67199,0.76746,0.60816,0.67199
18.98236,55.012,-6.56245,0.62183,0.05521,-0.7812,0.97183,0.0,0.0,nan,0.0,0.01107,0.05584,5.80781,3.61746,0.25165,0.48825,0.77785,0.59954,0.27644,0.77785
19.82887,55.11969,-5.81643,0.80177,0.03912,-0.59636,0.96317,0.0,0.0,nan,0.0,0.01244,0.04744,6.34408,2.06433,0.23327,0.35597,0.74671,0.96885,0.48442,0.74671
19.99547,54.7484,3.90434,0.92361,0.01525,0.38304,0.97565,0.0,0.0,nan,0.0,0.00545,0.0268,13.75966,1.85911,0.25239,0.54313,0.44312,0.4285,0.53789,0.44312
19.50261,54.85863,5.24773,0.75837,0.00046,0.65183,0.95844,0.0,0.0,nan,0.0,0.00606,0.02,24.01621,1.88363,0.23416,0.69568,0.52205,0.47165,0.53089,0.52205
18.3187,55.14376,6.22599,0.61795,-0.02586,0.78579,0.99015,0.0,0.0,nan,0.0,0.00573,0.01312,25.13286,1.80873,0.23806,0.52556,0.44529,0.89712,0.55287,0.44529
18.79492,57.03817,-6.57588,0.58127,0.04023,-0.81272,0.98632,0.0,0.0,nan,0.0,0.01617,0.0623,5.42396,1.72438,0.23546,0.48008,0.51666,0.74009,0.57992,0.51666
19.71256,57.05482,-5.75032,0.77421,0.01477,-0.63276,0.97656,0.0,0.0,nan,0.0,0.02237,0.06512,6.44375,2.00596,0.2278,0.5001,0.68117,0.90014,0.49852,0.68117
19.98891,56.48058,3.90727,0.92345,-0.04423,0.38115,0.98109,0.0,0.0,nan,0.0,0.00631,0.04078,15.33543,1.6443,0.24256,0.49092,0.45062,0.35657,0.60816,0.45062
19.14798,57.06069,5.19777,0.78827,-0.05394,0.61297,0.99699,0.0,0.0,nan,0.0,0.00973,0.02711,17.43541,2.0161,0.23878,0.69901,0.57683,0.5722,0.49601,0.57683
18.28632,57.86584,6.00702,0.59736,0.11142,0.79419,0.97605,0.0,0.0,nan,0.0,0.00851,0.02701,22.64251,1.72578,0.2367,0.51978,0.46165,0.65964,0.57945,0.46165
18.79972,59.01581,-6.53342,0.5211,0.21398,-0.82624,0.9529,0.0,0.0,nan,0.0,0.01311,0.04675,6.05767,3.40018,0.23493,0.4971,0.63159,0.75038,0.2941,0.63159
19.79351,59.04874,-5.73817,0.70534,0.16318,-0.68983,0.94596,0.0,0.0,nan,0.0,0.01321,0.05017,6.5539,3.37697,0.23615,0.57185,0.80303,0.72363,0.29612,0.80303
19.45042,59.07078,5.51072,0.6956,0.25694,0.67091,0.82517,0.0,0.0,nan,0.0,0.01228,0.05992,39.12943,2.19978,0.23072,0.82334,0.86368,0.41108,0.45459,0.86368
18.54516,58.81002,6.46216,0.55413,0.24191,0.79651,0.84963,0.0,0.0,nan,0.0,0.00721,0.03327,25.74848,1.95166,0.23291,0.51457,0.77556,0.49436,0.51239,0.77556
18.46386,60.34035,-6.19651,0.4053,0.48856,-0.77269,0.91959,0.0,0.0,nan,0.0,0.02103,0.07949,7.02516,1.80873,0.24835,0.62591,0.64251,0.54298,0.55287,0.64251
19.11299,61.22803,-5.12865,0.42882,0.69923,-0.57201,0.86704,0.00207,0.01037,0.7,1.0,0.0126,0.05524,7.85466,2.62729,0.23604,0.56479,0.42584,0.50687,0.38062,0.42584
19.10592,61.94107,-2.91553,0.25701,0.96485,-0.05487,0.89764,0.0,0.0,nan,0.0,0.01069,0.04241,12.16175,1.86585,0.23808,0.67217,0.66963,0.43657,0.53595,0.66963
18.94173,61.38183,-1.05785,0.23645,0.95368,0.18596,0.96951,0.0,0.0,nan,0.0,0.01282,0.05365,13.51655,1.8765,0.23644,0.67852,0.61174,0.40425,0.53291,0.61174
18.98618,61.00856,1.01604,0.29287,0.93451,0.2023,0.94405,0.0,0.0,nan,0.0,0.01462,0.08956,21.21409,1.84699,0.23285,0.65937,0.72637,0.2709,0.54142,0.72637
18.99788,60.59633,3.01256,0.37907,0.88286,0.27723,0.91898,0.0,0.0,nan,0.0,0.005,0.04525,26.88914,1.82087,0.24379,0.75151,0.86122,0.24544,0.54919,0.86122
18.94492,60.46133,4.85166,0.40499,0.76515,0.50052,0.80464,0.0,0.0,nan,0.0,0.0086,0.03596,15.72075,3.2673,0.2348,0.67806,0.81877,0.50966,0.30606,0.81877
20.00461,5.98263,5.91454,0.82312,-0.56498,0.05721,0.76297,0.0,0.0,nan,0.0,0.00931,0.0465,38.78628,1.86174,0.23324,0.40286,0.76681,0.55225,0.53713,0.76681
20.00872,5.96955,6.13914,0.82311,-0.55142,0.13572,0.75129,0.0,0.0,nan,0.0,0.0097,0.04597,36.89562,1.84365,0.2295,0.38001,0.70967,0.58568,0.5424,0.70967
20.31236,7.19328,5.24583,0.89792,-0.43566,-0.06283,0.85517,0.0,0.0,nan,0.0,0.01418,0.05309,42.83286,1.66604,0.23249,0.5094,0.65851,0.54882,0.60023,0.65851
20.22555,7.18133,6.16511,0.90641,-0.34772,0.23982,0.83826,0.0,0.0,nan,0.0,0.01798,0.04977,34.71957,3.53361,0.23718,0.4469,0.5883,0.85483,0.283,0.5883
20.02476,9.99526,1.97789,0.73072,-0.5169,-0.44594,0.99458,0.0,0.0,nan,0.0,0.00711,0.04498,22.84163,1.80873,0.24377,0.38857,0.3847,0.4423,0.55287,0.3847
20.64934,9.22537,3.25741,0.8166,-0.43705,-0.37702,0.93026,0.0,0.0,nan,0.0,0.0103,0.06,34.50891,1.85293,0.2307,0.38917,0.34081,0.46669,0.53968,0.34081
20.90047,8.9183,5.07067,0.96114,-0.25763,0.09916,0.8762,0.0,0.0,nan,0.0,0.02406,0.05941,47.65432,1.64829,0.24279,0.47678,0.6299,0.88489,0.60669,0.6299
20.36108,8.97932,6.46362,0.86511,-0.10461,0.49055,0.92361,0.0,0.0,nan,0.0,0.01419,0.06327,33.22517,1.73945,0.22534,0.3613,0.59778,0.65814,0.5749,0.59778
20.18863,11.73059,-0.86075,0.78749,-0.43721,-0.4344,0.95592,0.0,0.0,nan,0.0,0.0087,0.03719,26.75286,2.11408,0.23358,0.38979,0.56381,0.64507,0.47302,0.56381
20.31889,11.42142,1.41382,0.85728,-0.39701,-0.3278,0.99296,0.0,0.0,nan,0.0,0.01865,0.07806,32.91359,1.76684,0.23734,0.57374,0.4888,0.44176,0.56598,0.4888
21.21798,10.97265,2.82461,0.92881,-0.27864,-0.24426,0.9055,0.0,0.0,nan,0.0,0.01938,0.08547,40.87749,1.76145,0.23525,0.69234,0.84523,0.49406,0.56771,0.84523
21.0274,10.98445,5.24113,0.93526,0.01631,0.35357,0.9362,0.0,0.0,nan,0.0,0.01141,0.03279,35.43024,1.6443,0.23343,0.51322,0.46968,0.71648,0.60816,0.46968
20.45667,10.90705,6.502,0.80319,0.08256,0.58997,0.95441,0.0,0.0,nan,0.0,0.00785,0.02648,32.2153,2.32874,0.22765,0.47281,0.74945,0.66581,0.42942,0.74945
20.69965,13.06228,-0.95728,0.82471,-0.38441,-0.41484,0.95361,0.0,0.0,nan,0.0,0.00828,0.03727,36.32323,1.74696,0.23771,0.48153,0.68044,0.48667,0.57242,0.68044
21.01254,13.046,0.913,0.94773,-0.26884,-0.17184,0.98964,0.0,0.0,nan,0.0,0.01133,0.03677,32.9002,1.94223,0.23725,0.4532,0.55763,0.72144,0.51487,0.55763
21.36954,13.03131,3.00018,0.99977,-0.01631,-0.01359,0.95612,0.0,0.0,nan,0.0,0.00736,0.02188,28.00219,1.6443,0.23419,0.3873,0.33093,0.93055,0.60816,0.33093
20.71245,13.08875,4.80736,0.91795,0.05041,0.39347,0.99377,0.0,0.0,nan,0.0,0.0056,0.0185,27.99899,2.89231,0.23058,0.54445,0.59842,0.59527,0.34574,0.59842
20.32742,13.54385,6.30398,0.80288,0.04415,0.5945,0.97454,0.0,0.0,nan,0.0,0.00493,0.01298,26.88863,3.54493,0.23261,0.55585,0.4542,0.73419,0.28209,0.4542
20.01661,15.94021,-4.09957,0.80163,-0.414,-0.43126,0.97626,0.0,0.0,nan,0.0,0.01596,0.06982,33.62946,1.67138,0.23794,0.51741,0.52363,0.46813,0.59831,0.52363
20.47334,15.3779,-2.56748,0.81232,-0.35356,-0.46383,0.97817,0.00151,0.00753,0.7,1.0,0.01705,0.06845,34.48912,1.80873,0.2313,0.5646,0.60319,0.46692,0.55287,0.60319
21.56251,14.80961,-1.29434,0.93234,-0.24821,-0.26292,0.88969,0.0,0.0,nan,0.0,0.01503,0.03989,41.32268,2.1282,0.22427,0.49599,0.56909,0.79659,0.46988,0.56909
21.25504,14.96635,0.92602,0.99806,-0.06216,-0.0019,0.99437,0.0,0.0,nan,0.0,0.01074,0.02909,32.45333,1.69592,0.23266,0.43104,0.30444,0.90974,0.58965,0.30444
21.09515,14.94824,3.02095,0.99229,0.05241,0.11228,0.99649,0.0,0.0,nan,0.0,0.01081,0.02708,25.64592,1.6443,0.23993,0.44601,0.5186,0.96462,0.60816,0.5186
20.66376,14.94644,5.01,0.91924,0.05141,0.39033,0.98542,0.0,0.0,nan,0.0,0.01348,0.02578,20.88075,1.8597,0.22955,0.66305,0.36435,0.86421,0.53772,0.36435
20.33197,14.92436,6.25717,0.80585,0.03418,0.59113,0.95149,0.0,0.0,nan,0.0,0.00824,0.01788,22.6841,1.6443,0.23877,0.65754,0.50736,0.76317,0.60816,0.50736
20.41709,17.16472,-4.75984,0.82504,-0.29983,-0.47897,0.95945,0.0,0.0,nan,0.0,0.00762,0.02698,36.43174,1.8462,0.23676,0.56095,0.44988,0.53108,0.54165,0.44988
21.25159,16.87584,-3.03645,0.9358,-0.1776,-0.30452,0.94656,0.0,0.0,nan,0.0,0.00831,0.03147,30.5734,1.81826,0.23716,0.46638,0.59739,0.60327,0.54998,0.59739
21.45524,16.89732,-0.87377,0.98999,-0.05101,-0.13162,0.98511,0.0,0.0,nan,0.0,0.00747,0.02355,30.63391,1.85579,0.22935,0.42306,0.62738,0.79883,0.53885,0.62738
21.49709,16.95178,0.88834,0.99378,-0.0616,0.0928,0.99649,0.0,0.0,nan,0.0,0.00717,0.02462,26.41116,1.69655,0.23633,0.40378,0.54806,0.77618,0.58943,0.54806
21.05688,16.99768,3.06626,0.97139,0.02638,0.23603,0.99598,0.0,0.0,nan,0.0,0.00907,0.02259,24.30841,1.70274,0.22937,0.45922,0.42892,0.94566,0.58729,0.42892
20.81777,17.06245,4.98993,0.9246,0.08549,0.37121,0.97958,0.0,0.0,nan,0.0,0.00659,0.01329,25.01343,3.51674,0.22951,0.55405,0.43143,0.96564,0.28435,0.43143
20.22696,16.50645,6.16085,0.83629,0.06255,0.54471,0.95109,0.0,0.0,nan,0.0,0.00848,0.01757,25.32072,1.91582,0.21928,0.62309,0.57529,0.8351,0.52197,0.57529
20.23712,19.11835,-6.22313,0.68894,-0.01528,-0.72466,0.88194,0.0,0.0,nan,0.0,0.00819,0.0258,35.12076,2.015,0.23818,0.67933,0.68562,0.49412,0.49628,0.68562
20.53245,18.97897,-5.09344,0.8485,-0.04861,-0.52696,0.94425,0.0,0.0,nan,0.0,0.01315,0.03138,37.20819,2.08214,0.23196,0.57743,0.51171,0.7648,0.48028,0.51171
21.14949,18.92708,-2.97724,0.97053,-0.06994,-0.23061,0.99719,0.0,0.0,nan,0.0,0.00794,0.02453,28.78136,1.80873,0.23221,0.41796,0.30524,0.828,0.55287,0.30524
21.28858,19.02414,-1.01712,0.99552,-0.0549,-0.07699,0.9985,0.0,0.0,nan,0.0,0.00768,0.02333,26.45416,1.97961,0.22566,0.41824,0.24233,0.84641,0.50515,0.24233
21.7821,18.92668,1.0096,0.99643,0.00202,0.08437,0.97716,0.0,0.0,nan,0.0,0.01009,0.02334,23.14688,2.00435,0.23922,0.47137,0.5135,0.99657,0.49892,0.5135
20.90438,19.01,3.02806,0.95648,0.01247,0.29153,0.999,0.00274,0.01368,0.7,1.0,0.01128,0.02558,23.69965,1.98956,0.22813,0.49515,0.52563,0.96576,0.50262,0.52563
20.21431,19.13598,5.0792,0.93615,-0.05557,0.34718,0.9986,0.0,0.0,nan,0.0,0.0079,0.01873,23.94671,2.57815,0.23369,0.61398,0.39897,0.74384,0.38787,0.39897
20.26297,19.20195,6.41628,0.86661,-0.07295,0.49362,0.92764,0.0,0.0,nan,0.0,0.00885,0.02402,24.49497,2.42752,0.23485,0.62433,0.53037,0.63836,0.41194,0.53037
20.12675,20.20181,-6.08803,0.72395,0.02017,-0.68956,0.93036,0.0,0.0,nan,0.0,0.00876,0.0231,38.16448,1.99074,0.2385,0.61587,0.64445,0.64782,0.50233,0.64445
20.58477,20.8328,-4.77095,0.85804,0.04983,-0.51115,0.98974,0.0,0.0,nan,0.0,0.00843,0.02477,38.29024,1.91401,0.2327,0.53925,0.55027,0.66432,0.52246,0.55027
21.25591,21.03773,-3.07046,0.96172,-0.00998,-0.27386,0.99005,0.0,0.0,nan,0.0,0.00664,0.02334,25.01524,1.6443,0.23152,0.34612,0.3476,0.88749,0.60816,0.3476
21.6208,21.02729,-0.99109,0.99904,0.04329,-0.00641,0.99367,0.0,0.0,nan,0.0,0.01239,0.03148,24.75803,2.0679,0.21477,0.46194,0.47644,0.92091,0.48358,0.47644
21.07335,20.89252,1.03421,0.98946,0.05842,0.13249,0.99991,0.0,0.0,nan,0.0,0.01258,0.02944,21.75013,1.69833,0.23484,0.47565,0.4392,0.98104,0.58882,0.4392
21.12589,20.94942,3.06634,0.97784,0.00988,0.20914,0.99397,0.0,0.0,nan,0.0,0.01138,0.02679,21.05992,1.77377,0.22965,0.50096,0.41987,0.92862,0.56377,0.41987
20.69166,20.9909,4.96562,0.94543,0.0047,0.3258,0.97384,0.0,0.0,nan,0.0,0.01299,0.04018,20.33515,1.86147,0.25138,0.66463,0.38086,0.53426,0.53721,0.38086
20.24767,21.02743,6.44434,0.81445,0.07308,0.57562,0.89694,0.0,0.0,nan,0.0,0.01574,0.04879,20.7693,1.93669,0.234,0.76644,0.4655,0.46152,0.51634,0.4655
20.14383,23.30414,-6.26885,0.8026,-0.21103,-0.55794,0.95623,0.0,0.0,nan,0.0,0.0184,0.058,37.63244,1.6443,0.2523,0.69475,0.63596,0.48098,0.60816,0.63596
20.41302,23.05415,-4.89696,0.87658,-0.12839,-0.46382,0.98521,0.0,0.0,nan,0.0,0.00781,0.03729,39.23909,1.88356,0.23353,0.60853,0.86581,0.57494,0.53091,0.86581
21.28752,22.96817,-3.03066,0.96282,0.00411,-0.27011,0.98964,0.0,0.0,nan,0.0,0.01343,0.05549,29.558,2.52051,0.22715,0.4703,0.79705,0.647,0.39675,0.79705
21.4433,23.053,-1.02588,0.99923,0.01582,0.03577,0.99921,0.0,0.0,nan,0.0,0.01585,0.04456,23.42479,1.73137,0.24316,0.43043,0.3752,0.89705,0.57758,0.3752
21.37696,23.00977,1.04532,0.9943,0.0274,0.10299,0.99931,0.0,0.0,nan,0.0,0.00707,0.0211,22.5269,1.73525,0.22897,0.36551,0.35735,0.99859,0.57629,0.35735
21.06042,23.21127,3.08582,0.98381,-0.00047,0.17922,0.99548,0.0,0.0,nan,0.0,0.00553,0.01426,22.54141,2.08502,0.23352,0.42587,0.31774,0.99136,0.47961,0.31774
20.48973,22.9149,4.93544,0.93152,-0.01904,0.36319,0.98672,0.0,0.0,nan,0.0,0.0065,0.0184,23.29598,3.40924,0.23564,0.58373,0.6964,0.65707,0.29332,0.6964
20.08331,22.57928,6.11631,0.82792,-0.04372,0.55914,0.96528,0.0,0.0,nan,0.0,0.00653,0.01793,22.42093,2.06538,0.22987,0.54039,0.49096,0.73397,0.48417,0.49096
20.23503,25.03954,-6.30802,0.85876,-0.12016,-0.49809,0.97253,0.0,0.0,nan,0.0,0.00954,0.07743,28.73338,2.34155,0.22259,0.67667,0.91215,0.40456,0.42707,0.91215
20.55809,24.99479,-4.92952,0.94173,-0.06928,-0.32917,0.99739,0.0,0.0,nan,0.0,0.01183,0.06404,31.01345,2.34336,0.22567,0.71095,0.88316,0.48175,0.42674,0.88316
21.35128,25.06422,-3.04688,0.98692,0.05028,-0.15319,0.99166,0.0,0.0,nan,0.0,0.01776,0.04034,25.57967,2.02692,0.21969,0.60329,0.60676,0.78664,0.49336,0.60676
21.28377,25.02536,-0.89635,0.99165,0.12689,0.02291,0.99951,0.0,0.0,nan,0.0,0.01815,0.04247,26.77243,1.6443,0.22932,0.5414,0.47741,0.84848,0.60816,0.47741
21.16208,24.98615,1.10324,0.9869,0.105,0.12253,0.9986,0.0,0.0,nan,0.0,0.01349,0.02973,27.63814,1.66041,0.23147,0.49055,0.52802,0.99204,0.60226,0.52802
21.03249,24.961,3.09706,0.98695,0.04737,0.15388,0.99709,0.0,0.0,nan,0.0,0.00633,0.01598,26.44077,1.74169,0.22883,0.43239,0.31334,0.98611,0.57415,0.31334
20.93853,25.01372,5.04272,0.97014,0.00472,0.24249,0.96458,0.0,0.0,nan,0.0,0.00683,0.0174,25.8121,3.54466,0.23929,0.45788,0.33846,0.92391,0.28211,0.33846
20.39523,25.00514,6.64734,0.8668,-0.06649,0.4942,0.90469,0.0,0.0,nan,0.0,0.00895,0.02636,27.39989,1.65467,0.24096,0.57313,0.64418,0.63551,0.60435,0.64418
20.38477,27.06308,-6.48906,0.88071,-0.02702,-0.47289,0.95441,0.0,0.0,nan,0.0,0.00791,0.03713,14.70851,1.85592,0.23978,0.46813,0.46729,0.51667,0.53882,0.46729
20.96971,27.01308,-5.01357,0.97392,0.01787,-0.22619,0.98129,0.0,0.0,nan,0.0,0.01154,0.03632,19.69538,1.98979,0.22248,0.60096,0.40444,0.58234,0.50257,0.40444
20.82751,26.93786,-2.97713,0.99334,0.10347,-0.05063,0.99578,0.0,0.0,nan,0.0,0.01508,0.03696,24.67313,2.03278,0.22169,0.58742,0.34694,0.75074,0.49194,0.34694
20.92196,27.04727,-0.98341,0.99649,0.07969,0.02554,0.98934,0.0,0.0,nan,0.0,0.01348,0.02992,34.05818,1.75139,0.23059,0.52176,0.46523,0.91448,0.57097,0.46523
20.80682,26.95705,0.92859,0.99918,0.03129,0.02574,0.98612,0.0,0.0,nan,0.0,0.01555,0.03196,35.44859,1.67536,0.23505,0.52795,0.41612,0.97358,0.59689,0.41612
20.62289,27.00492,3.03176,0.9883,-0.00439,0.15247,0.99085,0.0,0.0,nan,0.0,0.01443,0.02795,29.47027,1.65886,0.23344,0.5513,0.46614,1.0,0.60282,0.46614
20.6398,27.01218,4.79928,0.96816,0.03416,0.24801,0.99709,0.0,0.0,nan,0.0,0.01407,0.02881,29.81733,1.68629,0.23535,0.52624,0.40282,0.99049,0.59302,0.40282
20.10156,26.59598,6.60316,0.84441,0.11068,0.52415,0.96307,0.0,0.0,nan,0.0,0.01062,0.02665,29.81203,1.6443,0.23786,0.45386,0.48414,0.93652,0.60816,0.48414
20.16661,29.04436,-6.52576,0.85879,-0.07522,-0.50677,0.97666,0.0,0.0,nan,0.0,0.00334,0.01459,10.68901,2.04891,0.23005,0.4264,0.4826,0.63769,0.48806,0.4826
20.49012,29.20074,-5.01629,0.97327,-0.09887,-0.2073,0.99558,0.0,0.0,nan,0.0,0.01277,0.03183,14.56392,1.64967,0.23415,0.6037,0.4149,0.75576,0.60618,0.4149
20.87415,29.01475,-2.96166,0.9857,-0.15467,-0.06686,0.99025,0.0,0.0,nan,0.0,0.01062,0.02498,20.31228,1.70155,0.23516,0.53168,0.42159,0.8782,0.5877,0.42159
21.21745,28.87954,-0.91044,0.98374,-0.17557,-0.03773,0.99639,0.0,0.0,nan,0.0,0.00777,0.02525,29.41442,1.70468,0.22588,0.40683,0.38134,0.80813,0.58662,0.38134
21.06648,29.25445,0.91495,0.96751,-0.24873,-0.04533,0.99689,0.0,0.0,nan,0.0,0.01186,0.03493,26.00091,2.21049,0.24017,0.54233,0.6559,0.67442,0.45239,0.6559
21.59281,28.94082,3.08943,0.96538,-0.20454,0.1619,0.94676,0.0,0.0,nan,0.0,0.00924,0.02498,23.81462,2.003,0.23208,0.49365,0.39706,0.8123,0.49925,0.39706
20.68321,28.9355,4.95989,0.92054,-0.04287,0.38828,0.98139,0.0,0.0,nan,0.0,0.01125,0.02746,24.79313,2.02932,0.23606,0.49362,0.64451,0.89705,0.49278,0.64451
20.22853,29.28975,6.34772,0.85683,0.01833,0.51527,0.95844,0.0,0.0,nan,0.0,0.01042,0.02424,30.12937,1.66091,0.23682,0.48176,0.45991,0.951,0.60208,0.45991
20.59531,31.00859,-6.63317,0.84117,-0.09533,-0.5323,0.94485,0.0,0.0,nan,0.0,0.00446,0.02874,9.12918,3.04668,0.24164,0.51977,0.79319,0.42188,0.32823,0.79319
21.38708,30.96127,-5.04712,0.96043,-0.15568,-0.23093,0.9677,0.0,0.0,nan,0.0,0.01032,0.04118,12.74769,2.04308,0.23591,0.6443,0.63608,0.44987,0.48946,0.63608
21.397,30.94099,-2.964,0.98055,-0.15962,-0.11423,0.99981,0.0,0.0,nan,0.0,0.00388,0.01726,14.37066,1.6443,0.23305,0.42217,0.55492,0.60615,0.60816,0.55492
21.73564,30.98896,-1.02373,0.98657,-0.15051,-0.06348,0.99196,0.0,0.0,nan,0.0,0.0079,0.04034,19.44831,1.69017,0.23939,0.52062,0.3364,0.41476,0.59166,0.3364
21.73456,31.00131,0.9943,0.99514,-0.09343,0.03119,0.99206,0.0,0.0,nan,0.0,0.01001,0.04182,19.70032,1.80873,0.23611,0.61037,0.61134,0.43197,0.55287,0.61134
21.58547,30.98474,3.02675,0.95957,-0.01806,0.28089,0.96388,0.0,0.0,nan,0.0,0.00751,0.02709,18.10947,2.80405,0.2428,0.51496,0.53738,0.59759,0.35663,0.53738
20.61948,30.92122,4.66759,0.88957,0.02369,0.45618,0.9983,0.0,0.0,nan,0.0,0.0084,0.02033,22.71891,1.89608,0.23243,0.58038,0.40556,0.77416,0.5274,0.40556
20.07623,30.51923,6.36971,0.82814,0.0777,0.5551,0.95653,0.0,0.0,nan,0.0,0.0148,0.03199,30.35755,1.6443,0.23541,0.5514,0.56802,0.89433,0.60816,0.56802
20.66169,33.01911,-6.66236,0.81401,0.02018,-0.5805,0.95955,0.0,0.0,nan,0.0,0.00432,0.0381,7.98913,1.99354,0.23575,0.31369,0.61144,0.45199,0.50162,0.61144
21.23155,32.96838,-5.00049,0.96126,0.00794,-0.27552,0.99357,0.0,0.0,nan,0.0,0.01417,0.04643,8.30783,1.68208,0.24126,0.39457,0.45499,0.95945,0.5945,0.45499
21.59713,33.06175,-2.99412,0.99561,-0.00553,-0.09346,0.9985,0.0,0.0,nan,0.0,0.01034,0.03769,10.00104,1.86608,0.23515,0.33321,0.63739,0.98755,0.53588,0.63739
21.65016,32.98965,-1.01266,0.99964,0.01822,-0.01959,1.00001,0.0,0.0,nan,0.0,0.01737,0.0869,9.17218,2.28762,0.23017,0.37593,0.8201,0.83476,0.43714,0.8201
21.68192,32.98584,0.97856,0.99821,0.01892,0.0568,0.9978,0.0,0.0,nan,0.0,0.00989,0.04403,11.77668,1.80873,0.23201,0.3914,0.78671,0.76066,0.55287,0.78671
21.31644,32.90511,3.06502,0.95793,-0.05022,0.28256,0.98954,0.0,0.0,nan,0.0,0.00675,0.02023,14.01633,1.82839,0.23613,0.59893,0.64752,0.63616,0.54693,0.64752
20.81895,33.10844,4.94393,0.85283,-0.08337,0.51549,0.97414,0.0,0.0,nan,0.0,0.00572,0.01642,19.298,1.7923,0.24169,0.58845,0.32635,0.65296,0.55794,0.32635
20.234,33.55656,6.20103,0.77184,0.00286,0.6358,0.95069,0.0,0.0,nan,0.0,0.00528,0.01719,26.09534,1.93229,0.23402,0.44999,0.31837,0.73478,0.51752,0.31837
20.52709,34.99926,-6.63481,0.81052,0.04052,-0.58431,0.9672,0.0,0.0,nan,0.0,0.00561,0.05342,7.31584,2.53396,0.22678,0.3265,0.64859,0.40992,0.39464,0.64859
21.28027,34.97861,-4.98816,0.9578,0.03915,-0.28476,0.99166,0.0,0.0,nan,0.0,0.00656,0.03597,7.75652,1.94051,0.23396,0.26012,0.48839,0.88161,0.51533,0.48839
21.57935,34.93241,-3.00019,0.99547,0.03003,-0.09016,0.99951,0.0,0.0,nan,0.0,0.00796,0.0461,7.12778,2.19329,0.22833,0.22419,0.26711,0.9868,0.45594,0.26711
21.62608,34.97966,-0.98705,0.99933,0.03485,-0.01104,1.00011,0.0,0.0,nan,0.0,0.01687,0.0778,7.51086,2.16599,0.21956,0.2828,0.29201,0.97106,0.46168,0.29201
21.63589,34.96005,0.99536,0.9988,0.04078,0.02697,0.99961,0.0,0.0,nan,0.0,0.02474,0.07782,11.69665,1.85628,0.22875,0.64628,0.73413,0.57606,0.53871,0.73413
21.57727,35.0047,3.00703,0.97972,0.04825,0.19447,0.9825,0.0,0.0,nan,0.0,0.01212,0.06165,18.20619,1.80873,0.24847,0.78872,0.83531,0.3805,0.55287,0.83531
20.9783,35.02632,5.22479,0.76442,0.12097,0.63326,0.87731,0.0,0.0,nan,0.0,0.0231,0.08264,22.17982,1.80881,0.23799,0.7438,0.60303,0.40976,0.55285,0.60303
20.1218,34.20906,6.11706,0.74477,0.07252,0.66337,0.9529,0.0,0.0,nan,0.0,0.0063,0.02296,27.84852,2.21992,0.2405,0.54246,0.62799,0.54172,0.45047,0.62799
20.41576,36.93258,-6.53989,0.81995,0.05822,-0.56947,0.97978,0.0,0.0,nan,0.0,0.01885,0.08885,5.28295,1.97635,0.24094,0.33094,0.63888,0.88373,0.50598,0.63888
21.14969,37.01216,-5.01786,0.94641,0.05794,-0.31773,0.99256,0.01053,0.05263,0.7,1.0,0.01643,0.06747,5.84945,1.91641,0.23464,0.331,0.64062,0.98738,0.52181,0.64062
21.51082,37.00166,-3.04021,0.99443,0.04111,-0.09704,0.999,0.0,0.0,nan,0.0,0.01654,0.07944,6.16711,2.06895,0.22029,0.28272,0.34788,0.97499,0.48334,0.34788
21.50102,36.96691,-1.05323,0.9991,0.04177,0.00799,1.00001,0.0,0.0,nan,0.0,0.00659,0.05834,9.814,1.80873,0.2325,0.32719,0.41106,0.41532,0.55287,0.41106
21.49056,37.08152,1.05017,0.99423,0.09207,0.05497,0.9981,0.0,0.0,nan,0.0,0.00669,0.02231,14.69483,1.72148,0.23144,0.55259,0.68488,0.61626,0.58089,0.68488
21.17332,37.02586,2.9906,0.95734,0.11287,0.26602,0.99045,0.0,0.0,nan,0.0,0.00792,0.01962,18.53265,1.80873,0.23375,0.59109,0.64924,0.75677,0.55287,0.64924
20.56888,36.83381,4.60942,0.79238,0.08145,0.60456,0.9826,0.0,0.0,nan,0.0,0.00483,0.01727,22.74963,1.91611,0.23126,0.53362,0.5611,0.57032,0.52189,0.5611
20.33529,39.00985,-6.41224,0.83145,0.07062,-0.55109,0.98099,0.01807,0.09034,0.7,1.0,0.01008,0.06505,5.03289,1.86478,0.23444,0.26299,0.2936,0.82375,0.53626,0.2936
21.01185,38.9626,-5.02507,0.94056,0.06367,-0.33361,0.99629,0.04416,0.22079,0.7,1.0,0.01927,0.0872,5.79495,1.84043,0.23438,0.31426,0.39669,0.94583,0.54335,0.39669
21.41029,38.95719,-3.00568,0.99315,0.05506,-0.10305,0.9991,0.01837,0.09187,0.6,1.0,0.01287,0.0628,7.33505,1.70314,0.23356,0.36709,0.59883,0.71064,0.58715,0.59883
21.48656,38.98853,-1.00664,0.99304,0.09531,0.06914,0.9989,0.0,0.0,nan,0.0,0.00572,0.02362,11.85789,1.6443,0.23635,0.48719,0.39027,0.58063,0.60816,0.39027
21.08617,39.05217,0.92251,0.98415,0.15397,0.08794,1.00001,0.0,0.0,nan,0.0,0.00762,0.02082,17.43292,1.70679,0.23366,0.49477,0.45914,0.82477,0.58589,0.45914
21.30304,38.97603,2.98288,0.97866,0.10795,0.17483,0.97676,0.0,0.0,nan,0.0,0.01045,0.02126,22.92392,2.18103,0.22939,0.58733,0.48567,0.90946,0.4585,0.48567
20.52101,39.11908,4.71709,0.89739,-0.00563,0.4412,0.97444,0.0,0.0,nan,0.0,0.00991,0.02914,30.87885,1.82641,0.22802,0.51631,0.35742,0.70131,0.54752,0.35742
20.05983,39.9636,6.01227,0.83477,0.00048,0.55059,0.97636,0.0,0.0,nan,0.0,0.01434,0.0398,25.44527,1.84056,0.2316,0.48865,0.68273,0.79522,0.54331,0.68273
20.22295,40.86847,-6.27613,0.83151,0.09289,-0.54769,0.9826,0.01061,0.05304,0.7,1.0,0.00642,0.0487,5.79639,1.81052,0.24197,0.30861,0.49414,0.57483,0.55233,0.49414
20.89976,40.98653,-4.99713,0.934,0.08147,-0.34787,0.99286,0.01668,0.08339,0.7,1.0,0.01391,0.08167,5.76812,1.69924,0.23693,0.30748,0.31433,0.74581,0.5885,0.31433
21.28025,41.03917,-3.00321,0.99203,0.07207,-0.10335,0.99447,0.0,0.0,nan,0.0,0.00429,0.03371,8.07971,1.80873,0.22816,0.3007,0.39432,0.52793,0.55287,0.39432
21.29625,40.94473,-0.95289,0.98792,0.08338,0.13064,0.99961,0.0,0.0,nan,0.0,0.00522,0.02154,12.27709,2.22202,0.23281,0.53722,0.54047,0.52474,0.45004,0.54047
20.66906,41.04346,1.00093,0.99341,0.0663,0.09352,0.98703,0.0,0.0,nan,0.0,0.00667,0.01761,21.13601,1.73049,0.23033,0.47213,0.50216,0.87791,0.57787,0.50216
20.4956,40.93826,2.81429,0.99386,0.06591,0.08883,0.99357,0.0,0.0,nan,0.0,0.01024,0.02095,23.06737,2.0558,0.23512,0.53111,0.33803,1.0,0.48643,0.33803
20.46067,40.88489,4.86736,0.91106,0.01507,0.412,0.98693,0.0,0.0,nan,0.0,0.00339,0.02323,27.45561,1.86161,0.22574,0.37487,0.36766,0.41735,0.53717,0.36766
20.1025,40.23923,6.07378,0.83306,0.01226,0.55304,0.97736,0.0,0.0,nan,0.0,0.01285,0.03659,25.57298,1.70581,0.22652,0.48219,0.6591,0.78537,0.58623,0.6591
20.11426,42.8079,-6.15757,0.8296,0.07977,-0.55264,0.97928,0.0,0.0,nan,0.0,0.00871,0.05915,5.53633,2.68187,0.22911,0.29719,0.42623,0.67427,0.37287,0.42623
20.64884,43.00834,-4.99589,0.92573,0.06869,-0.37191,0.99447,0.0,0.0,nan,0.0,0.01318,0.08427,5.82569,2.00615,0.22945,0.27316,0.33062,0.76916,0.49847,0.33062
21.11942,43.05261,-3.00533,0.99092,0.07113,-0.11407,0.99749,0.0,0.0,nan,0.0,0.01085,0.06559,5.96613,1.88295,0.23743,0.27047,0.68782,0.81647,0.53108,0.68782
21.19206,42.95421,-1.00871,0.99535,0.0445,0.08538,0.99709,0.0,0.0,nan,0.0,0.00537,0.03218,12.06398,1.82226,0.23521,0.54027,0.36322,0.35982,0.54877,0.36322
20.79142,43.01625,1.09345,0.99798,-0.03256,0.05449,1.00001,0.0,0.0,nan,0.0,0.00486,0.02035,14.79428,2.03885,0.2324,0.45767,0.30004,0.59267,0.49047,0.30004
21.07055,42.96827,3.00514,0.99292,-0.02015,0.11703,0.97646,0.0,0.0,nan,0.0,0.00935,0.02926,20.41589,1.6443,0.2351,0.538,0.34909,0.65249,0.60816,0.34909
20.56575,43.02519,4.79691,0.91383,0.04318,0.4038,0.9681,0.0,0.0,nan,0.0,0.00706,0.03488,21.3932,1.90393,0.22364,0.44628,0.67234,0.49607,0.52523,0.67234
20.05139,44.94031,-6.03188,0.83188,0.01446,-0.55477,0.9825,0.0,0.0,nan,0.0,0.01465,0.07323,5.4584,2.04264,0.23236,0.27744,0.34504,0.98511,0.48956,0.34504
20.60166,45.02578,-4.9113,0.93404,0.00988,-0.35704,0.98813,0.0,0.0,nan,0.0,0.01145,0.06796,5.71418,1.83426,0.23375,0.23303,0.45406,0.97631,0.54518,0.45406
21.02123,45.03958,-2.98876,0.99549,0.04699,-0.08242,0.99508,0.0,0.0,nan,0.0,0.01251,0.05685,6.16753,1.96812,0.23397,0.38677,0.42557,0.7532,0.5081,0.42557
20.91045,44.9665,-0.9702,0.99659,0.06934,0.04467,0.9991,0.0,0.0,nan,0.0,0.00516,0.04161,8.09129,1.93189,0.23072,0.35607,0.66915,0.43424,0.51763,0.66915
20.86524,44.9889,1.06425,0.99654,0.06742,0.04859,0.99719,0.0,0.0,nan,0.0,0.00428,0.02638,16.7097,3.57335,0.23451,0.43137,0.58548,0.42113,0.27985,0.58548
20.84432,45.0756,3.01034,0.97882,0.10047,0.17836,0.98713,0.0,0.0,nan,0.0,0.0084,0.03464,16.48615,3.46354,0.23682,0.60849,0.32021,0.44699,0.28872,0.32021
20.35853,44.93224,4.73793,0.87705,0.11871,0.4655,0.96488,0.0,0.0,nan,0.0,0.00339,0.01618,17.57096,1.6443,0.24353,0.41367,0.48754,0.56375,0.60816,0.48754
20.08814,47.1904,-6.06728,0.81882,-0.01002,-0.57397,0.9681,0.0,0.0,nan,0.0,0.01465,0.05934,5.88997,2.03774,0.23339,0.33146,0.51211,0.99781,0.49074,0.51211
20.61578,47.00627,-5.04869,0.93554,0.00672,-0.35315,0.97444,0.0,0.0,nan,0.0,0.01345,0.06239,6.53678,1.86603,0.23369,0.2947,0.46051,0.95503,0.5359,0.46051
20.98124,47.06678,-2.99547,0.99632,0.08302,-0.02125,0.99659,0.0,0.0,nan,0.0,0.00727,0.04981,10.41385,1.95393,0.22924,0.35825,0.29522,0.48598,0.51179,0.29522
20.78008,47.02609,-0.97307,0.98737,0.14039,0.07349,0.99961,0.0,0.0,nan,0.0,0.00775,0.04137,17.51147,2.23652,0.23294,0.47805,0.61977,0.43663,0.44712,0.61977
20.53525,46.98166,1.06584,0.99053,0.13224,0.03682,0.9989,0.0,0.0,nan,0.0,0.00688,0.02228,23.64168,3.55675,0.23741,0.5978,0.70687,0.56062,0.28116,0.70687
20.82599,47.04184,2.977,0.98145,0.09643,0.16567,0.9825,0.0,0.0,nan,0.0,0.00762,0.02161,27.98451,2.65723,0.23294,0.68431,0.73189,0.5523,0.37633,0.73189
20.31215,47.11073,4.52765,0.89592,0.09357,0.43425,0.96247,0.0,0.0,nan,0.0,0.00231,0.0207,31.71295,1.9258,0.23485,0.66453,0.94397,0.47097,0.51926,0.94397
20.10722,48.93148,-6.13322,0.80898,0.03813,-0.58661,0.94807,0.0,0.0,nan,0.0,0.01509,0.06444,6.24796,1.87993,0.24045,0.31207,0.42231,0.99083,0.53194,0.42231
20.66028,49.05206,-5.04419,0.9533,0.04917,-0.29801,0.95683,0.0,0.0,nan,0.0,0.00446,0.07021,11.37697,1.86155,0.23977,0.24238,0.34683,0.30821,0.53719,0.34683
20.71027,49.04888,-2.92234,0.99793,0.05013,0.04032,0.99961,0.0,0.0,nan,0.0,0.00713,0.04617,18.30342,1.6443,0.236,0.34497,0.27194,0.49648,0.60816,0.27194
20.33895,49.02575,-0.99827,0.99646,0.03815,0.07489,0.99749,0.0,0.0,nan,0.0,0.00841,0.03379,21.3512,1.97055,0.23431,0.36063,0.29662,0.75456,0.50747,0.29662
20.46034,48.93201,0.9341,0.99351,0.10112,0.05215,0.99981,0.0,0.0,nan,0.0,0.01052,0.02636,29.07347,1.80873,0.23177,0.56334,0.53429,0.75743,0.55287,0.53429
20.19792,48.77862,2.76278,0.98578,0.09056,0.14152,0.99005,0.0,0.0,nan,0.0,0.01456,0.03145,34.03911,1.94955,0.22806,0.553,0.6561,0.88624,0.51294,0.6561
20.28784,48.97099,4.44111,0.90778,0.08713,0.41029,0.9524,0.0,0.0,nan,0.0,0.00732,0.03677,41.92311,1.81938,0.23587,0.76508,0.88983,0.49315,0.54964,0.88983
20.05379,50.68333,-6.04424,0.81925,0.06432,-0.56982,0.94475,0.0,0.0,nan,0.0,0.00968,0.05946,7.23043,1.75487,0.23748,0.28674,0.76983,0.7741,0.56984,0.76983
20.42104,50.97868,-5.00807,0.9485,0.05239,-0.31241,0.97132,0.0,0.0,nan,0.0,0.00457,0.05568,10.32361,1.6443,0.24117,0.27516,0.67535,0.35567,0.60816,0.67535
20.67226,50.93396,-2.98091,0.99983,0.00889,-0.0162,0.9979,0.0,0.0,nan,0.0,0.0056,0.05778,16.42744,1.88812,0.23955,0.28182,0.3656,0.38599,0.52963,0.3656
20.62209,50.92596,-1.00672,0.99694,-0.02862,0.07273,0.99961,0.0,0.0,nan,0.0,0.0061,0.03243,20.25665,1.86027,0.23705,0.34292,0.34976,0.60259,0.53756,0.34976
20.2896,50.94683,0.89571,0.99615,-0.03045,0.08218,0.99981,0.0,0.0,nan,0.0,0.00563,0.02208,21.79839,2.10487,0.22105,0.38159,0.3838,0.73004,0.47509,0.3838
20.18089,51.10819,3.15145,0.98273,0.00138,0.18503,0.99619,0.0,0.0,nan,0.0,0.00859,0.02515,29.66049,1.67683,0.22343,0.49632,0.64803,0.73416,0.59636,0.64803
20.03694,51.12748,4.28632,0.92675,-0.01134,0.3755,0.95763,0.0,0.0,nan,0.0,0.01076,0.04132,39.42548,1.84133,0.23897,0.72383,0.84696,0.5483,0.54308,0.84696
20.32236,52.99089,-4.92758,0.94028,0.04718,-0.33711,0.97404,0.0,0.0,nan,0.0,0.01541,0.04559,6.68839,1.65925,0.24206,0.4505,0.47367,0.97496,0.60268,0.47367
20.6142,52.90342,-3.00226,0.99827,0.0269,-0.05235,0.9982,0.0,0.0,nan,0.0,0.00997,0.0648,8.40722,1.94259,0.22183,0.51842,0.84496,0.52744,0.51478,0.84496
20.52719,52.96798,-1.03417,0.99846,0.02228,0.05072,0.9991,0.0,0.0,nan,0.0,0.00783,0.04325,9.34368,1.92241,0.23149,0.42886,0.4054,0.51243,0.52018,0.4054
20.43423,52.95352,1.03488,0.99573,-0.00027,0.09231,0.99971,0.0,0.0,nan,0.0,0.00553,0.03056,13.96181,2.39939,0.22765,0.57573,0.4449,0.35949,0.41677,0.4449
20.31019,53.00094,2.95,0.98307,0.00485,0.18317,0.99166,0.0,0.0,nan,0.0,0.01459,0.05448,23.17037,1.69197,0.2376,0.62066,0.49638,0.4688,0.59103,0.49638
20.06216,52.94572,4.21768,0.91135,0.03693,0.40996,0.94435,0.0,0.0,nan,0.0,0.00903,0.03195,23.79483,1.69321,0.23916,0.64684,0.65663,0.4737,0.59059,0.65663
20.36991,54.99231,-4.82351,0.93393,0.01138,-0.35728,0.96508,0.0,0.0,nan,0.0,0.01456,0.05006,6.51091,2.07975,0.23106,0.38014,0.48289,1.0,0.48083,0.48289
20.5995,55.0053,-3.02252,0.99711,-0.04276,-0.06277,0.9991,0.0,0.0,nan,0.0,0.02192,0.06852,6.73744,2.01153,0.22704,0.51384,0.57532,0.80739,0.49713,0.57532
20.47814,55.00399,-1.05166,0.99802,-0.04132,0.04745,1.00001,0.00387,0.01933,0.43,1.0,0.01951,0.09154,5.59664,2.43561,0.22176,0.28924,0.68009,1.0,0.41057,0.68009
20.4002,55.00313,1.04536,0.99524,-0.01803,0.09575,0.99991,0.0,0.0,nan,0.0,0.02572,0.12064,6.9007,1.97395,0.22262,0.35623,0.42291,0.7719,0.5066,0.42291
20.09729,55.00595,2.93938,0.97496,0.00414,0.22234,0.99729,0.0,0.0,nan,0.0,0.00519,0.04562,13.2536,1.80873,0.2356,0.44373,0.44381,0.29486,0.55287,0.44381
20.0021,54.1307,4.04064,0.91176,0.03816,0.40895,0.9683,0.0,0.0,nan,0.0,0.00446,0.03001,15.10202,1.90724,0.23697,0.42558,0.64493,0.39577,0.52432,0.64493
20.4295,56.97425,-4.70795,0.9165,-0.02845,-0.39901,0.97183,0.00468,0.02338,0.51,1.0,0.01887,0.06088,6.97279,2.03883,0.23092,0.39887,0.47619,1.0,0.49048,0.47619
20.78077,57.01272,-2.99387,0.98889,-0.09831,-0.11152,0.99659,0.0015,0.00749,0.51,1.0,0.01527,0.05406,7.5218,1.88766,0.22986,0.36532,0.65607,0.97864,0.52976,0.65607
20.74842,56.9977,-0.99885,0.98829,-0.143,0.05323,0.99931,0.0,0.0,nan,0.0,0.0216,0.08571,6.84777,1.92291,0.21526,0.342,0.62888,0.95218,0.52005,0.62888
20.53259,57.00185,0.98352,0.98284,-0.13198,0.12889,0.99971,0.0,0.0,nan,0.0,0.02638,0.08595,6.59584,1.93301,0.21699,0.41432,0.43039,0.96527,0.51733,0.43039
20.18144,57.03347,2.95846,0.96488,-0.09267,0.24582,0.99729,0.0,0.0,nan,0.0,0.00994,0.0635,9.13205,1.98336,0.23207,0.46658,0.6144,0.40913,0.5042,0.6144
20.01718,57.70728,4.07967,0.90135,-0.05246,0.4299,0.98058,0.0,0.0,nan,0.0,0.00748,0.04167,15.30906,1.70755,0.23659,0.6482,0.43927,0.3133,0.58563,0.43927
20.45733,58.96212,-4.73696,0.86711,0.08217,-0.49129,0.95623,0.0,0.0,nan,0.0,0.01714,0.04707,6.88602,3.25725,0.24191,0.60675,0.76928,0.82562,0.30701,0.76928
21.04855,58.95635,-3.01396,0.9813,0.00094,-0.19251,0.97585,0.0,0.0,nan,0.0,0.01997,0.08125,9.4248,1.80873,0.2372,0.55719,0.54475,0.53469,0.55287,0.54475
21.17013,59.0136,-0.98864,0.9988,0.00928,0.04799,0.9376,0.0,0.0,nan,0.0,0.00547,0.12858,14.95818,1.85189,0.24153,0.6594,0.96157,0.22634,0.53999,0.96157
20.95286,58.97443,0.97787,0.9826,0.05362,0.17784,0.90831,0.0,0.0,nan,0.0,0.00438,0.13128,20.56006,1.69882,0.24672,0.75466,0.9878,0.20273,0.58864,0.9878
20.47267,58.99704,2.99269,0.9367,0.15471,0.3141,0.88315,0.0,0.0,nan,0.0,0.00557,0.14791,42.04176,1.839,0.24403,0.73323,0.98868,0.22766,0.54377,0.98868
20.14503,59.04262,4.30263,0.84752,0.20172,0.49093,0.83514,0.0,0.0,nan,0.0,0.00949,0.07558,44.00958,3.37353,0.25211,0.79152,0.87302,0.27357,0.29643,0.87302
20.36801,60.64416,-4.47329,0.74391,0.4618,-0.48305,0.83796,0.0,0.0,nan,0.0,0.01195,0.13346,16.93519,1.67776,0.23487,0.81091,0.88233,0.21408,0.59603,0.88233
20.9104,61.18288,-3.03127,0.79068,0.58131,-0.19212,0.76528,0.0,0.0,nan,0.0,0.00516,0.03608,19.30607,2.55408,0.23486,0.62744,0.86092,0.38995,0.39153,0.86092
20.97915,60.94973,-1.06117,0.78414,0.6129,0.09733,0.80112,0.0,0.0,nan,0.0,0.02234,0.04622,19.44253,2.02122,0.23985,0.56978,0.70115,0.93564,0.49475,0.70115
20.80264,60.80029,0.97964,0.71876,0.66145,0.21417,0.76438,0.0,0.0,nan,0.0,0.00936,0.03187,19.16177,1.75236,0.2411,0.57381,0.88595,1.0,0.57066,0.88595
20.56483,60.58277,2.90427,0.69458,0.64541,0.31781,0.74334,0.0,0.0,nan,0.0,0.01017,0.02905,19.9753,1.71895,0.25088,0.62301,0.8584,0.94676,0.58175,0.8584
20.09059,60.23503,4.20484,0.67329,0.59217,0.44274,0.74908,0.0,0.0,nan,0.0,0.00434,0.01862,18.90533,3.53549,0.24648,0.55577,0.86832,0.74669,0.28285,0.86832
