cx,cy,cz,nx,ny,nz,valid_frac,score,periodic_cover,periodic_period_mm,periodic_straightness,band_score,band_ratio,band_amp_um,peak_freq,spectral_spread,local_coherence,global_coherence,coverage,ridge_period_mm,straightness
-22.42608,7.49606,5.39312,-0.91626,-0.29752,-0.26824,0.88131,0.0,0.0,nan,0.0,0.00503,0.02,15.22535,3.60383,0.24867,0.58863,0.56322,0.48359,0.27748,0.56322
-22.43167,6.88428,6.97758,-0.94012,-0.34085,0.00116,0.87872,0.0,0.0,nan,0.0,0.0064,0.02834,11.09106,3.42277,0.23475,0.51173,0.49075,0.52094,0.29216,0.49075
-22.31072,7.20471,8.79403,-0.87332,-0.26415,0.40931,0.80796,0.0,0.0,nan,0.0,0.00671,0.05561,18.4674,1.76322,0.24728,0.43914,0.66521,0.30468,0.56714,0.66521
-22.52516,9.41808,3.32607,-0.73065,-0.52866,-0.43205,0.8536,0.0,0.0,nan,0.0,0.00791,0.03208,20.81273,1.82278,0.25364,0.62265,0.59148,0.4343,0.54861,0.59148
-22.77861,8.81923,4.86318,-0.92162,-0.30567,-0.23912,0.83158,0.0,0.0,nan,0.0,0.00942,0.02405,18.64192,3.14142,0.24366,0.6159,0.65471,0.70387,0.31833,0.65471
-22.45781,9.25221,6.95565,-0.99571,-0.03133,0.08702,0.87054,0.0,0.0,nan,0.0,0.01346,0.06816,15.40561,2.02509,0.23296,0.78665,0.79679,0.33364,0.49381,0.79679
-22.19944,8.80109,9.05894,-0.85141,-0.03018,0.52364,0.84025,0.0,0.0,nan,0.0,0.00322,0.05871,31.31507,1.63811,0.24255,0.62881,0.96614,0.30099,0.61046,0.96614
-22.62642,11.36891,1.27102,-0.67395,-0.57383,-0.4653,0.88181,0.0,0.0,nan,0.0,0.01095,0.02413,13.55833,3.4445,0.23331,0.5376,0.70338,0.96823,0.29032,0.70338
-23.15318,10.75961,2.74309,-0.87314,-0.42337,-0.24163,0.81124,0.0,0.0,nan,0.0,0.00728,0.03008,15.91716,1.74007,0.23976,0.50742,0.88415,0.94108,0.57469,0.88415
-22.78057,11.03133,5.02659,-0.99304,-0.08998,0.07605,0.86237,0.0,0.0,nan,0.0,0.00228,0.07367,19.26581,1.65852,0.25302,0.79776,0.98942,0.18339,0.60295,0.98942
-22.32915,10.90027,6.92828,-0.98223,0.03418,0.18452,0.89227,0.0,0.0,nan,0.0,0.00538,0.06018,7.61732,2.05833,0.22789,0.33969,0.67793,0.33205,0.48583,0.67793
-22.08116,10.80415,8.50339,-0.94168,0.04105,0.334,0.91509,0.0,0.0,nan,0.0,0.00257,0.03819,22.53607,2.28224,0.2292,0.5802,0.92442,0.28551,0.43817,0.92442
-22.64928,13.29134,-0.57574,-0.7228,-0.44973,-0.52469,0.93502,0.0,0.0,nan,0.0,0.00953,0.01937,13.4354,2.00861,0.23913,0.59174,0.68238,0.95501,0.49786,0.68238
-23.40117,12.89183,0.83351,-0.8754,-0.35206,-0.33126,0.83835,0.0,0.0,nan,0.0,0.01151,0.03087,17.02756,1.63811,0.24104,0.57192,0.60273,0.72865,0.61046,0.60273
-23.14158,12.91732,2.93731,-0.99122,-0.1213,0.05272,0.8839,0.0,0.0,nan,0.0,0.01067,0.04923,14.69361,3.21027,0.24565,0.7848,0.67086,0.31379,0.3115,0.67086
-22.71143,12.85503,5.09141,-0.97718,-0.01312,0.21201,0.8552,0.0,0.0,nan,0.0,0.00296,0.05597,8.62477,2.24121,0.21682,0.20586,0.42772,0.31602,0.44619,0.42772
-22.29146,12.92925,6.90241,-0.9764,0.00649,0.21587,0.91948,0.0,0.0,nan,0.0,0.01147,0.09507,5.28714,1.85321,0.22786,0.40112,0.67062,0.41439,0.5396,0.67062
-22.04708,13.03059,8.27149,-0.94501,0.0655,0.32041,0.94429,0.0,0.0,nan,0.0,0.01492,0.11571,9.47949,1.80687,0.2284,0.84571,0.87273,0.30404,0.55344,0.87273
-22.5226,15.58248,-2.39389,-0.7335,-0.3756,-0.56648,0.94898,0.0,0.0,nan,0.0,0.00522,0.01863,9.56402,3.60383,0.23922,0.48474,0.65322,0.69904,0.27748,0.65322
-22.97028,14.67399,-1.42191,-0.78447,-0.35849,-0.50606,0.91868,0.0,0.0,nan,0.0,0.00571,0.01674,11.79817,3.39191,0.24415,0.52003,0.44494,0.76736,0.29482,0.44494
-23.38755,14.88211,1.00207,-0.99131,-0.0946,-0.09139,0.9116,0.0,0.0,nan,0.0,0.00248,0.05362,26.381,3.3659,0.24618,0.80439,0.99325,0.27945,0.2971,0.99325
-23.18132,15.16708,3.03379,-0.98964,-0.0549,0.13269,0.88958,0.0,0.0,nan,0.0,0.00603,0.09853,6.09117,1.75618,0.22604,0.27819,0.69616,0.2923,0.56942,0.69616
-22.81779,14.83099,5.02388,-0.97291,-0.0292,0.22932,0.84324,0.0,0.0,nan,0.0,0.01406,0.07994,3.86858,1.96432,0.23775,0.34076,0.40293,0.7833,0.50908,0.40293
-22.23505,14.95388,7.12328,-0.95118,0.03858,0.3062,0.87573,0.0,0.0,nan,0.0,0.00693,0.05627,20.06247,3.37957,0.24131,0.49421,0.74592,0.27406,0.2959,0.74592
-22.05031,14.78718,8.1802,-0.9146,0.07698,0.39697,0.92815,0.0,0.0,nan,0.0,0.00691,0.04244,24.07296,2.53302,0.23224,0.59525,0.82554,0.39066,0.39479,0.82554
-22.14296,17.54262,-4.21208,-0.74448,-0.20626,-0.63499,0.95077,0.0,0.0,nan,0.0,0.00731,0.02671,9.85182,3.35645,0.23601,0.35847,0.42395,0.91862,0.29793,0.42395
-22.76834,16.94368,-3.08702,-0.81413,-0.23818,-0.52959,0.93911,0.0,0.0,nan,0.0,0.00618,0.02112,9.41483,1.86281,0.23836,0.4166,0.51106,0.85155,0.53682,0.51106
-23.32455,16.96976,-1.02137,-0.96085,-0.09635,-0.2598,0.90204,0.0,0.0,nan,0.0,0.00316,0.03018,16.21385,1.91364,0.23799,0.71913,0.90797,0.3311,0.52256,0.90797
-23.42654,16.75253,0.92541,-0.99973,-0.02316,-0.00231,0.90174,0.0,0.0,nan,0.0,0.00628,0.06237,7.42426,2.01116,0.2243,0.47838,0.58508,0.26712,0.49723,0.58508
-23.37977,17.08712,3.00048,-0.9927,-0.05535,0.10714,0.86646,0.0,0.0,nan,0.0,0.00875,0.05196,8.86259,1.85808,0.22243,0.39024,0.6031,0.52894,0.53819,0.6031
-23.02849,17.02033,4.67897,-0.96729,-0.03895,0.25066,0.83168,0.0,0.0,nan,0.0,0.01247,0.072,8.91203,1.79965,0.22769,0.43374,0.62429,0.48895,0.55566,0.62429
-22.18057,16.95303,7.0959,-0.92564,0.04147,0.37613,0.85599,0.0,0.0,nan,0.0,0.00315,0.04385,17.49643,2.1046,0.23013,0.52918,0.89582,0.28332,0.47515,0.89582
-22.02005,16.11885,8.03847,-0.8865,0.06869,0.45761,0.8826,0.0,0.0,nan,0.0,0.00629,0.03232,19.70631,1.90795,0.23483,0.55976,0.54207,0.38326,0.52412,0.54207
-22.14104,19.04234,-4.21023,-0.77959,-0.05274,-0.62407,0.97589,0.0,0.0,nan,0.0,0.00708,0.02604,11.55209,2.11131,0.23469,0.42838,0.36961,0.74491,0.47364,0.36961
-22.73172,18.98928,-3.04937,-0.88315,-0.02175,-0.46859,0.97738,0.00409,0.02047,0.51,1.0,0.01017,0.04407,12.19509,2.42542,0.22242,0.50111,0.42795,0.53578,0.4123,0.42795
-23.28196,18.97268,-1.13099,-0.98057,-0.00394,-0.19613,0.92386,0.03345,0.16723,0.51,1.0,0.01073,0.18372,7.2978,2.05185,0.21287,0.16203,0.62407,0.45946,0.48737,0.62407
-23.48033,19.02337,1.08284,-0.99995,-0.00219,-0.00986,0.91958,0.0,0.0,nan,0.0,0.00463,0.04777,7.31054,2.15976,0.21722,0.40524,0.70651,0.30462,0.46302,0.70651
-23.50591,18.86856,3.02193,-0.9923,0.01834,0.12252,0.8848,0.0,0.0,nan,0.0,0.00642,0.05372,7.56699,1.8845,0.22313,0.36694,0.45394,0.4116,0.53065,0.45394
-23.04884,18.99601,4.78085,-0.96211,0.02288,0.27169,0.86058,0.0,0.0,nan,0.0,0.0063,0.05229,7.93372,1.79635,0.22553,0.40963,0.65877,0.36854,0.55668,0.65877
-22.27723,18.97447,6.70123,-0.90884,0.06601,0.41189,0.85191,0.0,0.0,nan,0.0,0.00611,0.178,7.67134,2.04628,0.2327,0.67844,0.96311,0.20059,0.48869,0.96311
-22.14322,21.04717,-4.23592,-0.81786,-0.06597,-0.57163,0.98665,0.00579,0.02897,0.51,1.0,0.00608,0.02394,10.33887,2.03662,0.2352,0.47471,0.69644,0.6386,0.49101,0.69644
-22.77858,20.97849,-2.96964,-0.90521,-0.01991,-0.4245,0.98216,0.00544,0.02718,0.51,1.0,0.00281,0.04912,10.79505,1.73387,0.23086,0.4874,0.94994,0.38659,0.57675,0.94994
-23.32157,21.01456,-1.09176,-0.98489,-0.01195,-0.17276,0.95735,0.10517,0.10517,0.51,0.55462,0.00527,0.10876,6.45785,2.02651,0.21458,0.16829,0.51553,0.37677,0.49346,0.51553
-23.46892,21.09478,1.02529,-0.99934,0.02074,0.02968,0.94379,0.16633,0.83166,0.6,1.0,0.02803,0.09284,4.09024,1.79364,0.23148,0.49132,0.69204,0.91494,0.55753,0.69204
-23.21746,21.11069,3.0739,-0.98394,0.07124,0.16369,0.96462,0.09717,0.48587,0.6,1.0,0.01253,0.06722,5.33484,1.83597,0.23147,0.33828,0.80518,0.91993,0.54467,0.80518
-22.87958,21.13077,4.96743,-0.96221,0.06145,0.26528,0.93014,0.07379,0.36897,0.6,1.0,0.0098,0.04985,4.76821,1.90288,0.23441,0.37517,0.33544,0.7442,0.52552,0.33544
-22.2821,20.86834,6.58394,-0.89742,0.04796,0.43856,0.91788,0.0,0.0,nan,0.0,0.00535,0.08554,15.94751,3.35279,0.25926,0.63479,0.88882,0.19961,0.29826,0.88882
-22.20383,23.05207,-4.33643,-0.83961,-0.03267,-0.54221,0.98476,0.0,0.0,nan,0.0,0.00813,0.0424,12.47471,2.50644,0.23223,0.57292,0.74611,0.38851,0.39897,0.74611
-22.75468,23.00885,-3.06324,-0.93027,-0.00747,-0.36679,0.98944,0.0,0.0,nan,0.0,0.01457,0.07805,4.85156,1.63811,0.23867,0.36059,0.76547,0.76899,0.61046,0.76547
-23.35215,23.02102,-0.946,-0.98822,0.00822,-0.15281,0.98206,0.0,0.0,nan,0.0,0.00753,0.06105,4.19583,1.76418,0.23746,0.21073,0.56642,0.86466,0.56683,0.56642
-23.43847,22.96054,0.98859,-0.99841,0.02372,0.05118,0.97549,0.11443,0.57217,0.6,1.0,0.0162,0.0652,4.18126,1.76872,0.23143,0.43412,0.79177,0.97677,0.56538,0.79177
-23.10733,22.86891,3.07228,-0.98318,0.03075,0.18004,0.98266,0.11249,0.56247,0.6,1.0,0.01318,0.0722,5.04156,1.71149,0.21399,0.39232,0.85833,0.9947,0.58429,0.85833
-22.68205,22.98488,4.99236,-0.96331,0.02689,0.26704,0.97509,0.05133,0.25665,0.6,1.0,0.02021,0.06496,5.90104,1.90004,0.22569,0.42877,0.63153,0.9715,0.52631,0.63153
-22.2253,23.12123,6.5785,-0.91386,0.01838,0.40561,0.9717,0.0,0.0,nan,0.0,0.01275,0.05893,7.49628,1.95216,0.2212,0.39761,0.55567,0.68944,0.51225,0.55567
-22.20692,25.00883,-4.41759,-0.84478,-0.03055,-0.53424,0.97878,0.0,0.0,nan,0.0,0.00425,0.036,16.55575,1.81327,0.2248,0.45362,0.82764,0.38763,0.55149,0.82764
-22.76037,25.0015,-3.02941,-0.93521,0.01072,-0.35392,0.98615,0.0,0.0,nan,0.0,0.00352,0.05888,9.36544,3.05521,0.25472,0.52425,0.90086,0.26784,0.32731,0.90086
-23.33646,24.93723,-0.96887,-0.98788,0.02686,-0.15289,0.96991,0.0,0.0,nan,0.0,0.00789,0.05632,3.61275,1.69633,0.23536,0.23016,0.38266,0.94558,0.58951,0.38266
-23.38074,24.91757,0.96348,-0.99929,0.01776,0.03324,0.96901,0.0201,0.10052,0.6,1.0,0.01008,0.06092,3.78656,2.0077,0.22998,0.32434,0.3686,0.77945,0.49808,0.3686
-23.13439,24.98199,3.12593,-0.98337,-0.00639,0.18147,0.92326,0.09001,0.45007,0.6,1.0,0.01689,0.10955,4.81293,1.82658,0.20759,0.34337,0.79626,0.74599,0.54747,0.79626
-22.69767,25.04021,5.03426,-0.95898,-0.00792,0.28336,0.95605,0.03529,0.17644,0.6,1.0,0.00868,0.08547,8.20823,1.80192,0.20813,0.46784,0.86664,0.43052,0.55496,0.86664
-22.15669,25.06763,6.5923,-0.89204,-0.00249,0.45196,0.98107,0.0106,0.05299,0.6,1.0,0.00681,0.03907,12.83584,1.87227,0.22783,0.56654,0.86492,0.56276,0.53411,0.86492
-22.19958,27.04203,-4.41683,-0.88883,-0.07222,-0.4525,0.95854,0.0,0.0,nan,0.0,0.00328,0.03507,13.69519,2.00314,0.23381,0.38529,0.45257,0.27798,0.49922,0.45257
-22.71959,27.00779,-3.03833,-0.94811,-0.0123,-0.3177,0.95555,0.0,0.0,nan,0.0,0.00667,0.20064,6.28362,2.26738,0.22709,0.59873,0.95377,0.21053,0.44104,0.95377
-23.23701,26.97262,-0.98135,-0.98869,0.01388,-0.14935,0.96373,0.0,0.0,nan,0.0,0.01435,0.08171,4.62056,1.69973,0.24065,0.3316,0.60034,0.75881,0.58833,0.60034
-23.35675,27.08164,0.98402,-0.99997,-0.00761,0.00146,0.92875,0.00362,0.01811,0.6,1.0,0.01151,0.10048,4.57243,2.02045,0.22451,0.28292,0.36298,0.5819,0.49494,0.36298
-23.21386,26.83173,2.94271,-0.98782,-0.02119,0.15417,0.87543,0.0,0.0,nan,0.0,0.02371,0.11681,5.10871,1.76076,0.21584,0.42593,0.505,0.66301,0.56794,0.505
-22.65959,26.92426,5.23814,-0.95119,-0.01531,0.30823,0.89905,0.02612,0.13061,0.6,1.0,0.00783,0.07022,9.11812,2.02907,0.22504,0.41842,0.88082,0.55877,0.49284,0.88082
-22.20967,27.06167,6.59365,-0.87097,-0.02669,0.49062,0.92735,0.0,0.0,nan,0.0,0.0106,0.05183,16.19789,1.63811,0.24907,0.63376,0.83127,0.49024,0.61046,0.83127
-22.24175,29.16362,-4.62312,-0.89264,-0.03539,-0.44938,0.95894,0.0,0.0,nan,0.0,0.00316,0.07994,14.58289,1.6885,0.25901,0.79525,0.97839,0.21032,0.59224,0.97839
-22.80461,29.08342,-3.0509,-0.96226,-0.03153,-0.27031,0.95864,0.0,0.0,nan,0.0,0.00271,0.04511,5.18482,2.19977,0.23259,0.47459,0.89928,0.33603,0.45459,0.89928
-23.24132,29.02712,-0.87288,-0.99271,0.00263,-0.12048,0.96024,0.0,0.0,nan,0.0,0.00692,0.04113,9.29329,2.05052,0.229,0.37677,0.60141,0.54229,0.48768,0.60141
-23.41677,29.03714,0.8703,-0.99954,0.00658,-0.02951,0.93283,0.0,0.0,nan,0.0,0.00628,0.03394,10.02001,1.69185,0.2362,0.37643,0.55247,0.59009,0.59107,0.55247
-23.24393,29.01834,3.06649,-0.99013,-0.02843,0.13724,0.82769,0.0,0.0,nan,0.0,0.00899,0.07486,8.34583,1.69636,0.23686,0.51173,0.87091,0.47427,0.5895,0.87091
-22.74128,28.94518,5.14529,-0.95144,-0.02039,0.30717,0.84832,0.0,0.0,nan,0.0,0.00863,0.06639,6.97984,1.86626,0.23344,0.32758,0.7851,0.57519,0.53583,0.7851
-22.20059,28.81242,6.57394,-0.87567,-0.01531,0.48267,0.91101,0.0,0.0,nan,0.0,0.0077,0.06152,13.34287,3.32775,0.25308,0.58388,0.88343,0.43039,0.3005,0.88343
-22.30498,30.98251,-4.74421,-0.88991,-0.06398,-0.45162,0.9709,0.0,0.0,nan,0.0,0.00183,0.05466,14.52674,2.03151,0.24051,0.77027,0.98691,0.20485,0.49224,0.98691
-22.92817,31.01667,-2.89878,-0.97074,-0.04647,-0.23561,0.96413,0.0,0.0,nan,0.0,0.00325,0.04433,6.91723,2.01497,0.22963,0.35689,0.84169,0.37514,0.49629,0.84169
-23.23585,30.98721,-0.99407,-0.9937,-0.0277,-0.10863,0.98296,0.0,0.0,nan,0.0,0.00518,0.02815,9.37685,2.05142,0.23196,0.3002,0.62238,0.74405,0.48747,0.62238
-23.16841,30.96841,0.97904,-0.99922,-0.02417,-0.03129,0.95844,0.0,0.0,nan,0.0,0.00794,0.02906,9.97032,1.63811,0.22841,0.37265,0.37572,0.87993,0.61046,0.37572
-23.35318,31.15126,2.83688,-0.99533,-0.0289,0.09207,0.89556,0.0,0.0,nan,0.0,0.0065,0.02738,9.68942,2.01733,0.22085,0.30222,0.56585,0.94789,0.49571,0.56585
-22.86517,31.26861,5.02043,-0.9536,-0.04432,0.2978,0.90303,0.06064,0.3032,0.51,1.0,0.02221,0.09461,8.68567,2.08212,0.20926,0.39547,0.42541,0.73019,0.48028,0.42541
-22.30725,30.99413,6.65859,-0.85808,-0.00669,0.51348,0.92765,0.0019,0.00952,0.51,1.0,0.00451,0.03946,12.28102,2.03704,0.23883,0.46739,0.82256,0.37023,0.49091,0.82256
-22.34862,32.9952,-4.92014,-0.89695,-0.04591,-0.43973,0.98346,0.0,0.0,nan,0.0,0.01123,0.07407,10.17994,2.51811,0.22877,0.64676,0.50147,0.28058,0.39712,0.50147
-22.98717,32.97527,-2.96974,-0.96961,-0.0386,-0.24161,0.98625,0.00093,0.00463,0.51,1.0,0.004,0.07512,6.21931,1.91896,0.22063,0.28555,0.8939,0.45645,0.52112,0.8939
-23.33737,33.02267,-0.97981,-0.99186,-0.06339,-0.11039,0.97788,0.0,0.0,nan,0.0,0.01037,0.05054,9.06293,1.74926,0.22354,0.33728,0.36501,0.74264,0.57167,0.36501
-23.57161,32.8822,1.00904,-0.998,-0.0572,-0.02696,0.96502,0.0,0.0,nan,0.0,0.00709,0.02889,9.7853,1.63811,0.21703,0.36628,0.37946,0.8074,0.61046,0.37946
-23.39669,32.8807,2.94403,-0.99071,-0.04321,0.12896,0.93801,0.0,0.0,nan,0.0,0.00554,0.02484,7.94266,2.51415,0.21881,0.38547,0.62526,0.72402,0.39775,0.62526
-22.94736,32.9189,5.07203,-0.95237,-0.02341,0.30405,0.93333,0.00208,0.01039,0.51,1.0,0.01662,0.06913,8.06173,1.87372,0.20475,0.43252,0.54981,0.69358,0.5337,0.54981
-22.31037,33.08903,6.6258,-0.86825,-0.02454,0.49553,0.97001,0.01128,0.05639,0.51,1.0,0.01128,0.0518,11.51392,2.05887,0.23123,0.60462,0.7219,0.42288,0.4857,0.7219
-22.42522,35.01998,-4.9304,-0.88685,-0.00545,-0.46203,0.97439,0.0,0.0,nan,0.0,0.00108,0.0315,16.29736,3.33908,0.24289,0.59068,0.98687,0.26932,0.29948,0.98687
-23.04548,35.08684,-2.99126,-0.96864,-0.0152,-0.24802,0.97917,0.01579,0.07895,0.51,1.0,0.00784,0.09147,5.16347,2.16966,0.21651,0.29499,0.39638,0.40327,0.4609,0.39638
-23.45104,34.95591,-0.97262,-0.99034,-0.02151,-0.13699,0.96482,0.0,0.0,nan,0.0,0.01158,0.07315,7.74473,1.73425,0.20277,0.32659,0.63006,0.60977,0.57662,0.63006
-23.6058,35.07868,0.9535,-0.99979,-0.01707,-0.01132,0.97329,0.0,0.0,nan,0.0,0.00902,0.06135,7.66321,1.63811,0.20729,0.37847,0.49261,0.48993,0.61046,0.49261
-23.49592,35.06295,2.84303,-0.98829,-0.00881,0.15234,0.96233,0.0,0.0,nan,0.0,0.02232,0.11414,5.71739,1.8872,0.21626,0.52112,0.74779,0.50656,0.52989,0.74779
-22.93325,35.00171,5.05384,-0.94886,0.00795,0.31559,0.97708,0.0,0.0,nan,0.0,0.02062,0.0762,7.10342,1.85482,0.21614,0.50583,0.51396,0.6856,0.53914,0.51396
-22.32689,34.94949,6.61283,-0.86658,0.03803,0.4976,0.98884,0.00096,0.0048,0.6,1.0,0.00123,0.03197,15.58548,2.02453,0.23792,0.65676,0.95696,0.19549,0.49394,0.95696
-22.40371,37.05193,-4.9327,-0.89166,0.00923,-0.4526,0.9729,0.0,0.0,nan,0.0,0.00779,0.05041,15.19166,1.8785,0.24049,0.49753,0.72649,0.35156,0.53234,0.72649
-23.01379,37.00884,-2.97674,-0.96632,0.02126,-0.25646,0.97738,0.01474,0.07368,0.51,1.0,0.01728,0.11961,5.072,1.85233,0.22049,0.27079,0.48042,0.74409,0.53986,0.48042
-23.43548,37.0252,-1.05986,-0.99009,0.01865,-0.13917,0.97599,0.0,0.0,nan,0.0,0.01443,0.09135,6.35454,2.05359,0.21792,0.21809,0.4239,0.95234,0.48695,0.4239
-23.6088,37.09769,1.01644,-0.9997,0.02414,0.00432,0.98535,0.0,0.0,nan,0.0,0.01873,0.10558,5.89759,2.01394,0.20714,0.2864,0.77391,0.89835,0.49654,0.77391
-23.40792,37.00983,3.00985,-0.98582,0.02174,0.16636,0.98495,0.00513,0.02564,0.6,1.0,0.01679,0.12204,6.86422,1.71684,0.19756,0.47551,0.86864,0.60216,0.58247,0.86864
-22.91862,37.00632,4.94253,-0.9519,0.02114,0.30567,0.99103,0.12037,0.12037,0.51,0.69857,0.02865,0.14108,6.75036,1.80192,0.19979,0.46778,0.66852,0.56272,0.55496,0.66852
-22.31639,36.94832,6.54778,-0.87055,0.00511,0.49205,0.99123,0.0,0.0,nan,0.0,0.00211,0.04257,15.78341,1.79253,0.23531,0.67858,0.93793,0.2069,0.55787,0.93793
-22.36434,38.98206,-4.83407,-0.88918,0.0782,-0.45083,0.98286,0.0,0.0,nan,0.0,0.00899,0.06068,14.5647,1.67214,0.23125,0.56047,0.84856,0.43917,0.59804,0.84856
-22.9114,38.96385,-3.1223,-0.96202,0.04678,-0.26893,0.97479,0.0,0.0,nan,0.0,0.02415,0.16423,5.78763,2.15665,0.23483,0.28056,0.69721,0.70538,0.46368,0.69721
-23.3616,38.98844,-0.94431,-0.99035,0.04647,-0.13059,0.98705,0.0,0.0,nan,0.0,0.01645,0.12131,8.32709,1.80192,0.21504,0.24064,0.29374,0.69888,0.55496,0.29374
-23.49561,39.02897,0.95132,-0.9992,0.03997,0.00271,0.98924,0.02273,0.11364,0.7,1.0,0.02339,0.11095,7.89652,1.63811,0.21379,0.30207,0.57963,0.87459,0.61046,0.57963
-23.35667,38.9659,2.99299,-0.98781,0.03597,0.15143,0.97828,0.04235,0.21174,0.7,1.0,0.03167,0.12859,7.5089,1.8087,0.20044,0.41017,0.68664,0.76044,0.55288,0.68664
-22.89936,38.95567,4.88438,-0.95611,0.03083,0.2914,0.97319,0.00727,0.03636,0.7,1.0,0.02852,0.1422,6.95053,1.85892,0.2051,0.48125,0.65179,0.53663,0.53795,0.65179
-22.28221,38.91312,6.57808,-0.88781,0.01771,0.45987,0.97808,0.0,0.0,nan,0.0,0.01683,0.12211,5.56974,1.98702,0.23982,0.65824,0.53133,0.28454,0.50327,0.53133
-22.29832,41.0687,-4.66957,-0.89323,0.05877,-0.44575,0.98426,0.0,0.0,nan,0.0,0.00414,0.0299,13.5671,2.85955,0.23219,0.54495,0.83012,0.39204,0.34971,0.83012
-22.82352,41.08575,-2.98478,-0.96237,0.05755,-0.26556,0.98695,0.0,0.0,nan,0.0,0.02241,0.11268,8.69378,2.32234,0.22503,0.37421,0.47001,0.65366,0.4306,0.47001
-23.33681,41.02315,-0.97886,-0.98876,0.06375,-0.13522,0.98575,0.0,0.0,nan,0.0,0.02535,0.11167,9.54587,1.69811,0.21665,0.29698,0.34783,0.92452,0.58889,0.34783
-23.38782,40.97557,1.00097,-0.99835,0.05739,-0.00282,0.99143,0.01379,0.06894,0.7,1.0,0.02214,0.10982,8.60579,1.70988,0.21363,0.30152,0.3626,0.82383,0.58484,0.3626
-23.27267,41.0274,2.9078,-0.99024,0.04586,0.13161,0.96901,0.03856,0.07888,0.7,0.90972,0.02338,0.10197,6.79854,1.66958,0.21143,0.33051,0.62061,0.8978,0.59895,0.62061
-22.76705,41.10668,5.12724,-0.95358,0.03755,0.29877,0.95675,0.0,0.0,nan,0.0,0.01393,0.10286,4.17773,1.94569,0.21635,0.28425,0.40823,0.70434,0.51396,0.40823
-22.25124,40.99929,6.5046,-0.87855,0.03309,0.4765,0.96283,0.0,0.0,nan,0.0,0.00164,0.04749,17.2915,1.86314,0.24242,0.75475,0.99346,0.23055,0.53673,0.99346
-22.23015,42.9152,-4.47512,-0.89227,0.08436,-0.44355,0.99153,0.0,0.0,nan,0.0,0.00372,0.02581,14.89057,1.86888,0.23006,0.53284,0.77462,0.33297,0.53508,0.77462
-22.74696,43.02415,-2.94646,-0.96244,0.0662,-0.26332,0.98864,0.0,0.0,nan,0.0,0.02192,0.10658,8.15335,2.3876,0.21808,0.32946,0.67633,0.77739,0.41883,0.67633
-23.07026,42.97344,-1.00525,-0.98745,0.07027,-0.14142,0.98834,0.0,0.0,nan,0.0,0.0213,0.10552,9.18394,1.74052,0.2125,0.29216,0.51807,0.84127,0.57454,0.51807
-23.2821,42.95152,0.98871,-0.99781,0.06396,-0.01676,0.99014,0.0,0.0,nan,0.0,0.02496,0.10419,7.01216,1.70765,0.21202,0.31155,0.39207,0.98808,0.5856,0.39207
-23.16414,42.99699,2.98242,-0.9905,0.05019,0.12799,0.9412,0.0,0.0,nan,0.0,0.01752,0.10038,6.02923,1.73752,0.21867,0.26544,0.51138,0.87567,0.57553,0.51138
-22.73125,43.01826,4.92747,-0.95749,0.03678,0.2861,0.93991,0.0,0.0,nan,0.0,0.01443,0.09233,4.98721,1.73944,0.22623,0.34291,0.68566,0.63847,0.5749,0.68566
-22.23557,43.11095,6.45205,-0.8909,0.00792,0.45413,0.95157,0.0,0.0,nan,0.0,0.0049,0.12839,10.31662,1.71488,0.24271,0.78502,0.98157,0.22435,0.58313,0.98157
-22.13584,44.90263,-4.33318,-0.89603,0.04459,-0.44176,0.99263,0.0,0.0,nan,0.0,0.00144,0.02178,13.67943,2.10039,0.22902,0.55632,0.88036,0.23339,0.4761,0.88036
-22.59068,44.95835,-2.92877,-0.95865,0.05765,-0.27868,0.98535,0.0,0.0,nan,0.0,0.01284,0.10453,7.45518,1.77045,0.22673,0.3514,0.87409,0.73549,0.56483,0.87409
-22.94769,45.03798,-1.08653,-0.98711,0.05797,-0.14919,0.98077,0.0,0.0,nan,0.0,0.01502,0.08789,7.0705,1.66926,0.22225,0.30998,0.65128,0.70735,0.59907,0.65128
-23.20148,45.0538,1.04956,-0.99832,0.04579,-0.03546,0.94708,0.0,0.0,nan,0.0,0.02604,0.10669,5.97246,1.73528,0.22408,0.3538,0.46704,0.92099,0.57628,0.46704
-23.11576,44.91686,2.8834,-0.99357,0.03498,0.10765,0.91509,0.0,0.0,nan,0.0,0.0177,0.08918,5.91307,1.76037,0.21525,0.34029,0.73153,0.7806,0.56806,0.73153
-22.6805,45.05789,4.9941,-0.95696,0.00433,0.2902,0.89895,0.0,0.0,nan,0.0,0.01329,0.09907,4.90088,1.7042,0.22477,0.40425,0.81633,0.59331,0.58679,0.81633
-22.12878,45.04126,6.41904,-0.8894,0.04347,0.45506,0.92516,0.0,0.0,nan,0.0,0.00249,0.07464,17.35366,3.56438,0.24737,0.65865,0.96651,0.18388,0.28055,0.96651
-22.07972,46.94038,-4.20511,-0.92252,0.02698,-0.385,0.98904,0.0,0.0,nan,0.0,0.01903,0.10993,5.61166,2.58198,0.23334,0.65534,0.87957,0.61198,0.3873,0.87957
-22.53601,47.01948,-2.99823,-0.96,0.04238,-0.27678,0.98316,0.0,0.0,nan,0.0,0.01788,0.11645,5.5549,1.73241,0.22389,0.31688,0.68319,0.65881,0.57723,0.68319
-22.89519,46.96152,-0.96797,-0.98815,0.03684,-0.149,0.97349,0.0,0.0,nan,0.0,0.00922,0.06799,6.79701,1.69026,0.21782,0.27387,0.57015,0.64059,0.59162,0.57015
-23.10346,47.11037,0.97942,-0.99825,0.02814,-0.05208,0.9414,0.0,0.0,nan,0.0,0.00963,0.05207,8.03819,1.71665,0.2234,0.41981,0.80478,0.66713,0.58253,0.80478
-23.08391,47.15431,3.0577,-0.99644,0.01648,0.08273,0.8828,0.0,0.0,nan,0.0,0.00742,0.07995,8.27048,1.80192,0.23551,0.72469,0.94797,0.43398,0.55496,0.94797
-22.7191,46.97765,4.94761,-0.9608,-0.00293,0.27724,0.80965,0.0,0.0,nan,0.0,0.01781,0.1187,3.67383,1.66046,0.23716,0.3283,0.77519,0.76763,0.60224,0.77519
-22.20199,46.82119,6.38926,-0.86431,-0.00079,0.50296,0.87662,0.0,0.0,nan,0.0,0.00215,0.03581,32.90356,2.38629,0.2412,0.93304,0.99691,0.32495,0.41906,0.99691
-22.05029,48.82005,-4.07989,-0.91372,0.06065,-0.4018,0.97549,0.0,0.0,nan,0.0,0.0014,0.04459,15.52955,2.46172,0.20664,0.79065,0.98938,0.19217,0.40622,0.98938
-22.41815,49.01635,-2.94718,-0.95832,0.03112,-0.28401,0.9713,0.0,0.0,nan,0.0,0.01394,0.13422,5.04392,1.71576,0.22864,0.25584,0.38707,0.56707,0.58283,0.38707
-22.84687,48.93192,-0.97564,-0.98889,0.01916,-0.14739,0.96971,0.0,0.0,nan,0.0,0.00496,0.05941,6.79759,2.21758,0.22814,0.32039,0.85478,0.50707,0.45094,0.85478
-23.01648,48.94779,1.06801,-0.9986,0.0186,-0.04962,0.96403,0.0,0.0,nan,0.0,0.00378,0.04449,8.30839,1.69925,0.23308,0.52116,0.97661,0.73515,0.5885,0.97661
-23.07125,49.02267,2.93457,-0.99885,-0.00147,0.04783,0.87064,0.0,0.0,nan,0.0,0.00514,0.03938,9.3319,1.63811,0.23723,0.6536,0.9723,0.8401,0.61046,0.9723
-22.78336,48.82537,4.78243,-0.97653,-0.00766,0.21524,0.79699,0.0,0.0,nan,0.0,0.0079,0.11719,6.97022,1.6679,0.23296,0.72636,0.9855,0.48463,0.59956,0.9855
-22.18536,49.01771,6.69676,-0.85536,-0.0384,0.51661,0.80058,0.0,0.0,nan,0.0,0.00725,0.06251,31.51428,1.86536,0.23553,0.74794,0.95588,0.48341,0.53609,0.95588
-22.01385,50.63678,-4.05026,-0.89587,0.03135,-0.44321,0.96751,0.0,0.0,nan,0.0,0.00224,0.05641,16.95791,1.82424,0.23044,0.7945,0.99697,0.26616,0.54817,0.99697
-22.33566,50.98573,-3.037,-0.9513,0.02582,-0.30717,0.96373,0.0,0.0,nan,0.0,0.01281,0.09963,3.17326,1.68781,0.23687,0.42518,0.75807,0.50614,0.59249,0.75807
-22.80784,50.99254,-1.06533,-0.98577,0.01971,-0.16693,0.95874,0.00758,0.03791,0.7,1.0,0.00875,0.14373,4.32984,1.87929,0.21066,0.22112,0.39678,0.40265,0.53211,0.39678
-23.03918,50.95593,1.08928,-0.99873,0.01185,-0.04903,0.9723,0.0,0.0,nan,0.0,0.01085,0.04481,7.5795,1.80192,0.23438,0.60205,0.79768,0.6,0.55496,0.79768
-22.98586,50.92599,2.93572,-0.99866,0.00925,0.0509,0.89626,0.0,0.0,nan,0.0,0.00772,0.04348,8.19167,1.63811,0.24183,0.59231,0.89111,0.67968,0.61046,0.89111
-22.75716,51.18886,4.9824,-0.96909,-0.02573,0.24535,0.82769,0.0,0.0,nan,0.0,0.00914,0.14831,7.51322,3.03791,0.23331,0.75069,0.97295,0.36288,0.32917,0.97295
-22.23513,51.17135,6.8955,-0.79595,0.05416,0.60293,0.8241,0.0,0.0,nan,0.0,0.00226,0.02747,23.7821,2.05295,0.22989,0.83977,0.99198,0.46977,0.4871,0.99198
-22.00472,52.04834,-4.00051,-0.88323,0.04275,-0.46698,0.94888,0.0,0.0,nan,0.0,0.00332,0.05202,15.88195,1.67526,0.24992,0.75696,0.96925,0.3181,0.59692,0.96925
-22.29449,52.97175,-3.03865,-0.94698,0.06917,-0.31375,0.95585,0.0,0.0,nan,0.0,0.01553,0.22259,11.30496,2.03041,0.228,0.88142,0.96659,0.30363,0.49251,0.96659
-22.78132,53.01153,-0.98077,-0.98109,0.0954,-0.1684,0.90851,0.0,0.0,nan,0.0,0.00787,0.21726,12.23339,1.7428,0.2312,0.82491,0.99943,0.25309,0.57379,0.99943
-22.97597,53.01602,0.94469,-0.9916,0.12224,-0.04219,0.9116,0.0,0.0,nan,0.0,0.00212,0.0897,27.24311,1.63811,0.26203,0.85257,0.99792,0.14387,0.61046,0.99792
-23.03637,53.0412,3.15029,-0.99464,0.09297,0.04531,0.94688,0.0,0.0,nan,0.0,0.00208,0.05479,22.93683,1.71988,0.23958,0.66327,0.97789,0.22972,0.58143,0.97789
-22.76878,53.03029,4.967,-0.97453,0.03723,0.22116,0.91579,0.0,0.0,nan,0.0,0.00962,0.12334,11.4586,1.80192,0.23964,0.51004,0.67756,0.17964,0.55496,0.67756
-22.32342,53.00926,6.60084,-0.8483,-0.02051,0.52913,0.914,0.0,0.0,nan,0.0,0.0048,0.03919,25.11013,1.82971,0.24357,0.79487,0.91724,0.3576,0.54654,0.91724
-22.23609,54.90231,-2.78562,-0.8717,0.44707,-0.20066,0.88828,0.0,0.0,nan,0.0,0.00485,0.03088,23.51998,2.22186,0.23241,0.72493,0.94247,0.61165,0.45007,0.94247
-22.64601,55.12696,-1.00097,-0.81239,0.57518,-0.09581,0.84244,0.0,0.0,nan,0.0,0.00515,0.02426,19.48384,2.20292,0.23121,0.56347,0.90709,0.83476,0.45394,0.90709
-22.7075,55.34388,1.14951,-0.81525,0.55242,-0.17379,0.884,0.0,0.0,nan,0.0,0.01025,0.0198,19.61963,3.17825,0.24057,0.62644,0.58474,0.91035,0.31464,0.58474
-22.66465,54.96051,3.0207,-0.95346,0.26527,-0.1433,0.9123,0.0,0.0,nan,0.0,0.00199,0.02477,29.08416,1.77127,0.24421,0.67157,0.92574,0.292,0.56457,0.92574
-22.68753,54.94672,4.96477,-0.98303,0.10367,0.15136,0.93423,0.0,0.0,nan,0.0,0.00353,0.03349,17.59468,1.80652,0.23276,0.39184,0.57365,0.2995,0.55355,0.57365
-22.24448,55.01614,6.46363,-0.88972,0.03975,0.45478,0.96901,0.0,0.0,nan,0.0,0.00543,0.03443,10.94016,2.02383,0.23852,0.43735,0.57801,0.42625,0.49411,0.57801
-22.53559,56.98928,3.32726,-0.91935,0.1798,-0.34995,0.93134,0.0,0.0,nan,0.0,0.00366,0.04457,28.22661,1.87248,0.2333,0.73181,0.89105,0.21904,0.53405,0.89105
-22.57186,56.88737,4.9658,-0.99616,0.05464,0.06846,0.93383,0.0,0.0,nan,0.0,0.0094,0.03416,16.44386,2.38341,0.23103,0.58058,0.44983,0.53177,0.41957,0.44983
-22.17367,57.02466,6.52477,-0.90281,-0.00692,0.42998,0.96901,0.0,0.0,nan,0.0,0.00439,0.02601,9.04781,1.67949,0.24354,0.4567,0.77459,0.49027,0.59542,0.77459
-22.38551,58.93286,3.53265,-0.92174,0.07873,-0.37973,0.92914,0.0,0.0,nan,0.0,0.00627,0.02119,9.96677,1.75683,0.23831,0.46587,0.79376,0.88725,0.56921,0.79376
-22.48417,59.08567,5.03029,-0.99726,0.05945,0.04409,0.941,0.0,0.0,nan,0.0,0.01235,0.03844,12.53458,2.70386,0.23141,0.64382,0.67057,0.57847,0.36984,0.67057
-22.13264,58.98505,6.35806,-0.93331,0.06415,0.35329,0.96891,0.0,0.0,nan,0.0,0.00514,0.05107,13.84283,1.83958,0.23299,0.63791,0.8872,0.32161,0.5436,0.8872
-22.31739,60.9324,3.68793,-0.93702,0.07596,-0.34091,0.9414,0.0,0.0,nan,0.0,0.00883,0.02303,10.18044,1.63811,0.23945,0.46828,0.74227,0.9799,0.61046,0.74227
-22.32813,60.90951,4.95233,-0.99572,0.07745,0.05036,0.93971,0.0,0.0,nan,0.0,0.004,0.03804,21.57834,2.07327,0.23419,0.68302,0.94712,0.45532,0.48233,0.94712
-22.0697,60.84962,6.26592,-0.93339,0.07558,0.35082,0.97001,0.0,0.0,nan,0.0,0.00569,0.05002,17.66427,2.07453,0.22322,0.76136,0.93977,0.42324,0.48204,0.93977
-22.14771,62.79149,3.84717,-0.93762,0.07155,-0.34022,0.95197,0.0,0.0,nan,0.0,0.01045,0.024,10.55996,1.72485,0.24732,0.53688,0.74878,0.96503,0.57976,0.74878
-22.28201,63.0856,4.93019,-0.9992,0.02396,-0.03203,0.93821,0.0,0.0,nan,0.0,0.01549,0.04838,13.26638,1.68714,0.23905,0.75948,0.85808,0.7416,0.59272,0.85808
-22.02755,62.50697,6.0924,-0.95816,-0.00368,0.28622,0.96263,0.0,0.0,nan,0.0,0.00507,0.03835,20.57966,2.51358,0.22991,0.76829,0.93769,0.47235,0.39784,0.93769
-22.04241,64.21133,3.94995,-0.93205,0.06156,-0.35706,0.95645,0.0,0.0,nan,0.0,0.00879,0.02115,9.83693,1.77474,0.24157,0.51493,0.66002,0.97101,0.56346,0.66002
-22.31638,64.9856,4.95585,-0.99616,0.02098,-0.08495,0.92765,0.0,0.0,nan,0.0,0.00638,0.02946,12.53261,2.74702,0.24224,0.58889,0.90247,0.83266,0.36403,0.90247
-22.04699,65.43936,6.20324,-0.96271,-0.01904,0.26987,0.95017,0.0,0.0,nan,0.0,0.00616,0.03473,15.49524,2.05491,0.23585,0.63177,0.87057,0.51605,0.48664,0.87057
-22.41258,66.94601,5.05223,-0.99398,0.00494,-0.10944,0.90343,0.0,0.0,nan,0.0,0.00317,0.03865,14.8031,3.30766,0.24265,0.63395,0.94931,0.40572,0.30233,0.94931
-22.25017,67.05529,6.49312,-0.94926,-0.06931,0.30677,0.9139,0.0,0.0,nan,0.0,0.01124,0.03505,15.95348,1.7003,0.23666,0.63078,0.79571,0.67007,0.58813,0.79571
-22.37112,68.97317,5.25376,-0.9819,0.07764,-0.17274,0.90832,0.0,0.0,nan,0.0,0.01993,0.08309,13.86647,2.54111,0.22972,0.68284,0.55143,0.40187,0.39353,0.55143
-22.23093,68.99816,6.70066,-0.96177,-0.00805,0.27375,0.90861,0.0,0.0,nan,0.0,0.00873,0.03038,21.86389,2.15432,0.22779,0.52617,0.60317,0.59631,0.46418,0.60317
-22.16847,70.65322,5.71497,-0.98757,0.0976,-0.12317,0.92944,0.0,0.0,nan,0.0,0.00289,0.03795,26.76315,1.65848,0.23662,0.34516,0.40929,0.23717,0.60296,0.40929
-22.34032,71.18473,6.70921,-0.98575,0.02248,0.1667,0.86317,0.0,0.0,nan,0.0,0.00569,0.03282,34.52441,1.80192,0.22432,0.51399,0.82264,0.46453,0.55496,0.82264
-22.46032,72.94003,7.15728,-0.97766,-0.02983,0.20805,0.79709,0.0,0.0,nan,0.0,0.00289,0.03337,39.82285,2.27457,0.2263,0.61259,0.97865,0.55247,0.43964,0.97865
-22.05304,73.79668,8.03203,-0.84999,-0.07526,0.52139,0.80527,0.0,0.0,nan,0.0,0.01518,0.03479,45.09934,2.87549,0.22933,0.71935,0.86383,0.99655,0.34777,0.86383
-22.31315,74.86626,7.45239,-0.98083,-0.00272,0.19485,0.77128,0.0,0.0,nan,0.0,0.01155,0.04186,44.61251,1.88445,0.23149,0.64982,0.8196,0.57084,0.53066,0.8196
-22.1882,75.13745,8.14881,-0.86879,-0.03644,0.49384,0.75912,0.0,0.0,nan,0.0,0.0098,0.04762,58.91502,1.72995,0.24386,0.81763,0.95025,0.72444,0.57805,0.95025
-22.29713,77.08258,7.57684,-0.98886,-0.018,0.14776,0.71846,0.0,0.0,nan,0.0,0.00559,0.09639,76.8839,2.48842,0.22744,0.71824,0.99461,0.38134,0.40186,0.99461
-22.27164,77.09244,8.25063,-0.8172,-0.0138,0.57619,0.67172,0.0,0.0,nan,0.0,0.00928,0.06324,77.61696,2.38684,0.23938,0.88725,0.9997,0.84463,0.41896,0.9997
-22.4295,79.06319,7.41435,-0.98952,-0.12286,-0.07583,0.735,0.0,0.0,nan,0.0,0.0165,0.14325,100.75241,3.15951,0.24634,0.5933,0.87496,0.33002,0.3165,0.87496
-22.41267,79.04682,8.36244,-0.85131,-0.15165,0.50227,0.69095,0.0,0.0,nan,0.0,0.00723,0.05739,78.28123,1.71867,0.25092,0.87494,0.99377,0.67174,0.58185,0.99377
-22.52507,81.01476,7.29908,-0.98106,-0.13837,-0.13558,0.78194,0.0,0.0,nan,0.0,0.01185,0.1092,70.96843,2.91782,0.23157,0.53227,0.69914,0.20954,0.34272,0.69914
-22.40099,80.9988,8.5211,-0.87931,-0.09073,0.46753,0.72892,0.0,0.0,nan,0.0,0.01372,0.04178,52.239,3.32727,0.2324,0.75472,0.71885,0.45158,0.30055,0.71885
-22.02257,83.78151,5.98771,-0.87891,0.33502,-0.33953,0.60823,0.0,0.0,nan,0.0,0.00848,0.12204,24.54883,3.02959,0.2417,0.50325,0.91324,0.31248,0.33008,0.91324
-22.77107,83.05302,6.90604,-0.96832,0.19942,-0.15027,0.60594,0.0,0.0,nan,0.0,0.02051,0.06441,16.58875,1.88971,0.23117,0.60797,0.68397,0.58695,0.52918,0.68397
-22.39267,82.86389,8.45652,-0.77189,0.35061,0.53034,0.63066,0.0,0.0,nan,0.0,0.01597,0.14045,26.44209,1.85349,0.22155,0.666,0.88994,0.33263,0.53952,0.88994
-22.0765,84.32931,5.9075,-0.79008,0.56913,-0.22774,0.56947,0.0,0.0,nan,0.0,0.0,,,,,,,,,
-22.4065,84.40224,6.86185,-0.66063,0.74027,0.12478,0.51027,0.0,0.0,nan,0.0,0.0,,,,,,,,,
-20.32449,3.66612,1.44488,-0.72393,-0.55484,-0.40996,0.80317,0.0,0.0,nan,0.0,0.01495,0.03038,15.11952,2.35816,0.23264,0.55731,0.74277,1.0,0.42406,0.74277
-20.51412,3.48037,3.08002,-0.75916,-0.64309,-0.10049,0.88041,0.0,0.0,nan,0.0,0.00644,0.05177,20.3961,1.70216,0.23031,0.69984,0.90368,0.38394,0.58749,0.90368
-20.28944,3.83205,4.6982,-0.76534,-0.64045,0.0639,0.98047,0.0,0.0,nan,0.0,0.01057,0.06953,20.38293,2.02909,0.23552,0.75329,0.92006,0.4862,0.49283,0.92006
-20.20983,3.7709,6.56419,-0.68593,-0.71063,0.15655,0.98715,0.0,0.0,nan,0.0,0.00528,0.0513,18.19714,1.70409,0.23049,0.68991,0.94135,0.42729,0.58682,0.94135
-20.51793,4.95943,1.16409,-0.85941,-0.1209,-0.49679,0.85171,0.0,0.0,nan,0.0,0.01767,0.05622,17.69712,1.78975,0.23873,0.66234,0.7052,0.52806,0.55874,0.7052
-21.23271,4.90699,2.96429,-0.95903,-0.20091,-0.19975,0.86915,0.0,0.0,nan,0.0,0.02501,0.05743,16.69271,1.63811,0.2543,0.51619,0.53554,0.94487,0.61046,0.53554
-21.17493,4.71144,5.12312,-0.87259,-0.4884,-0.0066,0.95346,0.0,0.0,nan,0.0,0.01239,0.04356,18.47887,1.89958,0.24023,0.60662,0.82884,0.69496,0.52643,0.82884
-21.03283,4.9618,6.97691,-0.77204,-0.62352,0.12315,0.98466,0.0,0.0,nan,0.0,0.00948,0.04592,18.30685,2.07724,0.22942,0.63795,0.82843,0.47912,0.48141,0.82843
-20.82679,5.16604,8.85676,-0.68451,-0.61172,0.39654,0.96263,0.0,0.0,nan,0.0,0.01086,0.04918,14.68082,1.80192,0.23741,0.36146,0.51061,0.69417,0.55496,0.51061
-20.1808,5.78555,10.27612,-0.60036,-0.42232,0.67913,0.94878,0.0,0.0,nan,0.0,0.00476,0.0316,18.22704,2.37131,0.23595,0.3341,0.41322,0.50049,0.42171,0.41322
-20.13934,6.22728,1.74254,-0.87149,0.20132,-0.44718,0.99582,0.0,0.0,nan,0.0,0.01748,0.06007,14.21432,1.80192,0.23959,0.69637,0.53474,0.47677,0.55496,0.53474
-20.60606,6.94429,3.06374,-0.85338,0.03065,-0.52038,0.95884,0.0,0.0,nan,0.0,0.01025,0.04831,20.35752,2.16619,0.23223,0.74793,0.52475,0.31158,0.46164,0.52475
-21.4868,7.00286,4.74067,-0.89031,-0.25884,-0.37465,0.95027,0.0,0.0,nan,0.0,0.00626,0.02281,14.90462,3.22661,0.25567,0.53508,0.50486,0.58191,0.30992,0.50486
-21.94269,6.19113,6.75993,-0.89266,-0.45057,-0.01214,0.91978,0.0,0.0,nan,0.0,0.00622,0.03225,13.63413,3.23831,0.23936,0.46141,0.40571,0.47887,0.3088,0.40571
-21.54643,6.65932,9.38317,-0.73343,-0.34914,0.58325,0.87762,0.0,0.0,nan,0.0,0.00466,0.04166,18.59738,2.527,0.22563,0.35782,0.7163,0.3466,0.39573,0.7163
-20.67822,7.11651,10.36183,-0.61102,-0.19839,0.76635,0.96492,0.0,0.0,nan,0.0,0.00608,0.02263,23.25508,1.87996,0.2356,0.43257,0.4091,0.67424,0.53193,0.4091
-20.37926,9.86254,1.74376,-0.51291,-0.61267,-0.6013,0.9423,0.0,0.0,nan,0.0,0.00791,0.03102,19.22925,1.99813,0.23562,0.63312,0.7295,0.44471,0.50047,0.7295
-20.97852,9.04565,3.02598,-0.60788,-0.4759,-0.63561,0.93881,0.0,0.0,nan,0.0,0.01341,0.03028,18.24482,3.17555,0.23815,0.61772,0.52126,0.79534,0.31491,0.52126
-21.50682,8.15483,4.1606,-0.78952,-0.32254,-0.52214,0.94519,0.0,0.0,nan,0.0,0.00682,0.01546,15.92546,3.38135,0.2398,0.51301,0.66827,0.96753,0.29574,0.66827
-21.70081,8.9416,9.9388,-0.66074,-0.05736,0.74842,0.88609,0.0,0.0,nan,0.0,0.01067,0.0412,28.87795,2.40123,0.2397,0.6809,0.8244,0.5336,0.41645,0.8244
-20.76749,9.1685,10.25177,-0.60298,-0.02496,0.79737,0.97698,0.0,0.0,nan,0.0,0.00584,0.01766,30.09116,2.39368,0.23203,0.51438,0.53023,0.6855,0.41777,0.53023
-20.02826,11.99043,-2.06339,-0.5235,-0.63333,-0.56995,0.99183,0.0,0.0,nan,0.0,0.00875,0.03298,9.98526,1.87744,0.23008,0.45548,0.4944,0.69887,0.53264,0.4944
-20.67739,11.4624,-0.69038,-0.47644,-0.6892,-0.5459,0.99502,0.0,0.0,nan,0.0,0.01274,0.03838,11.93032,2.01789,0.21781,0.42963,0.56344,0.90248,0.49557,0.56344
-21.10247,10.7247,0.92414,-0.4246,-0.71839,-0.55103,0.98525,0.0,0.0,nan,0.0,0.03156,0.13645,18.70671,1.89325,0.23275,0.74112,0.52299,0.3455,0.52819,0.52299
-21.7333,10.1284,2.14104,-0.52432,-0.66665,-0.52977,0.94379,0.0,0.0,nan,0.0,0.00966,0.03583,17.35827,3.02559,0.23425,0.68315,0.62786,0.44002,0.33051,0.62786
-21.84562,11.1209,9.49783,-0.81215,0.00788,0.5834,0.89337,0.0,0.0,nan,0.0,0.01357,0.06413,27.31445,1.80192,0.23981,0.66307,0.71721,0.34262,0.55496,0.71721
-20.94694,10.94081,10.72661,-0.54518,-0.07077,0.83533,0.91699,0.0,0.0,nan,0.0,0.00954,0.03105,28.52954,2.02752,0.24496,0.60681,0.56765,0.54162,0.49321,0.56765
-20.50736,13.30078,-2.49947,-0.58532,-0.51759,-0.6241,0.99861,0.0,0.0,nan,0.0,0.00745,0.03559,9.0287,1.88601,0.23461,0.45676,0.39063,0.55971,0.53022,0.39063
-21.19843,12.84318,-1.201,-0.56199,-0.56065,-0.60814,0.99931,0.0,0.0,nan,0.0,0.01739,0.05183,12.48926,1.80192,0.2448,0.59635,0.58758,0.65274,0.55496,0.58758
-21.7623,13.00821,9.37269,-0.83115,0.11105,0.54485,0.92137,0.0,0.0,nan,0.0,0.0132,0.04761,14.86708,2.37617,0.23557,0.76609,0.63815,0.41052,0.42084,0.63815
-20.76486,13.00481,10.76179,-0.58364,0.10598,0.80507,0.93622,0.0,0.0,nan,0.0,0.00938,0.03071,21.33272,1.98735,0.22919,0.69621,0.63031,0.47966,0.50318,0.63031
-20.33898,15.62535,-4.38076,-0.59162,-0.46952,-0.65539,0.99951,0.0,0.0,nan,0.0,0.01189,0.03921,8.26578,1.64362,0.24528,0.38827,0.52887,0.97018,0.60841,0.52887
-21.10929,14.92221,-3.12145,-0.60016,-0.49342,-0.62956,0.99931,0.0,0.0,nan,0.0,0.01433,0.04627,8.91995,1.80192,0.24545,0.58617,0.67503,0.64696,0.55496,0.67503
-21.84225,14.2525,-1.83286,-0.63432,-0.46687,-0.61617,0.97788,0.0,0.0,nan,0.0,0.00599,0.02331,10.50128,3.3505,0.24348,0.52821,0.56907,0.5786,0.29846,0.56907
-21.4228,15.17281,9.38048,-0.74251,0.16217,0.64991,0.94609,0.0,0.0,nan,0.0,0.00891,0.02874,17.06408,1.96407,0.23224,0.6029,0.57614,0.57426,0.50915,0.57614
-20.46706,14.58884,10.3158,-0.58971,0.20978,0.77989,0.98007,0.0,0.0,nan,0.0,0.0095,0.02432,14.37932,1.99413,0.23404,0.55994,0.4178,0.79461,0.50147,0.4178
-20.9586,17.00868,-4.88208,-0.63237,-0.30904,-0.71036,0.99193,0.0,0.0,nan,0.0,0.01233,0.03583,10.00085,1.72867,0.2467,0.42678,0.43426,0.96769,0.57848,0.43426
-21.69071,16.29577,-3.69408,-0.67343,-0.39311,-0.62607,0.98894,0.0,0.0,nan,0.0,0.00599,0.01961,8.72269,2.66253,0.23374,0.3818,0.44094,0.98358,0.37558,0.44094
-21.94754,17.42233,7.86094,-0.87624,0.073,0.47631,0.87712,0.0,0.0,nan,0.0,0.00162,0.03517,16.15609,3.2199,0.23865,0.48503,0.94985,0.29626,0.31057,0.94985
-21.32723,17.00914,9.21921,-0.70681,0.0966,0.70078,0.94629,0.0,0.0,nan,0.0,0.00572,0.02897,18.04942,1.90839,0.23891,0.43508,0.3114,0.50411,0.524,0.3114
-20.15187,17.09109,10.11189,-0.53575,0.10207,0.83818,0.98276,0.0,0.0,nan,0.0,0.01211,0.03375,17.71158,1.69093,0.2378,0.56109,0.7919,0.82192,0.59139,0.7919
-20.05197,19.77116,-6.04293,-0.62848,-0.15595,-0.76203,0.99921,0.0,0.0,nan,0.0,0.00933,0.02218,11.96492,1.82413,0.23296,0.55028,0.67063,0.89185,0.54821,0.67063
-20.99695,19.00334,-5.22239,-0.66307,-0.1043,-0.74126,0.99781,0.0,0.0,nan,0.0,0.00706,0.02008,10.73775,1.72128,0.24162,0.4536,0.56446,0.92005,0.58096,0.56446
-21.88182,18.96128,7.68361,-0.83212,0.15005,0.53391,0.87852,0.0,0.0,nan,0.0,0.00299,0.04234,17.77201,1.99762,0.24467,0.5511,0.87737,0.24036,0.5006,0.87737
-21.03617,19.04191,9.06514,-0.67372,0.18296,0.71598,0.96074,0.0,0.0,nan,0.0,0.00979,0.03841,20.19321,1.697,0.23895,0.56396,0.76535,0.52226,0.58927,0.76535
-20.09818,18.38422,10.09872,-0.55413,0.14765,0.81923,0.9716,0.0,0.0,nan,0.0,0.00844,0.0244,18.56475,3.42244,0.24087,0.51885,0.47597,0.73818,0.29219,0.47597
-20.35927,21.33378,-6.34408,-0.65423,-0.10032,-0.74962,0.99402,0.0,0.0,nan,0.0,0.01073,0.02559,14.55771,1.83276,0.24032,0.66441,0.39314,0.71809,0.54562,0.39314
-21.10246,20.87052,-5.16621,-0.7193,-0.10398,-0.68687,0.99532,0.0,0.0,nan,0.0,0.00853,0.02307,10.90078,1.86111,0.238,0.58543,0.66396,0.74712,0.53731,0.66396
-21.75104,21.13411,7.61363,-0.80773,0.05264,0.5872,0.95536,0.0,0.0,nan,0.0,0.00233,0.03452,20.86102,1.79292,0.23249,0.66534,0.96584,0.35947,0.55775,0.96584
-20.73344,20.91998,8.6109,-0.63121,0.11101,0.76763,0.9707,0.0,0.0,nan,0.0,0.00919,0.03132,20.16075,1.71096,0.23283,0.59481,0.72437,0.54233,0.58447,0.72437
-20.39411,22.8805,-6.39426,-0.63396,-0.0323,-0.77269,0.98874,0.0,0.0,nan,0.0,0.02281,0.0473,16.63598,1.64676,0.24227,0.68579,0.52175,0.78791,0.60725,0.52175
-21.42635,23.02694,-5.51665,-0.73321,-0.03648,-0.67902,0.98296,0.0,0.0,nan,0.0,0.01066,0.03692,14.89754,1.70054,0.23206,0.55804,0.61847,0.58705,0.58805,0.61847
-21.70624,23.16417,7.5355,-0.83178,0.01116,0.55499,0.96771,0.0,0.0,nan,0.0,0.01929,0.08179,13.2209,1.80192,0.25168,0.70493,0.82359,0.50392,0.55496,0.82359
-20.74681,22.93394,8.70606,-0.64603,0.00263,0.76331,0.97748,0.0,0.0,nan,0.0,0.0089,0.04384,18.75965,1.85139,0.23575,0.58005,0.60374,0.38727,0.54014,0.60374
-20.38706,24.96308,-6.11259,-0.66961,-0.13563,-0.73022,0.99064,0.0,0.0,nan,0.0,0.01484,0.0293,17.34801,2.36961,0.23448,0.56466,0.36302,1.0,0.42201,0.36302
-21.2089,25.01419,-5.36798,-0.74378,-0.08564,-0.66292,0.98894,0.0,0.0,nan,0.0,0.00929,0.02968,17.11016,1.86267,0.23665,0.48067,0.51487,0.72717,0.53686,0.51487
-21.66323,25.03634,7.58559,-0.80484,0.02179,0.5931,0.98515,0.0,0.0,nan,0.0,0.00934,0.02944,11.97116,1.91889,0.23238,0.49177,0.67961,0.75249,0.52114,0.67961
-20.65417,25.12625,8.60924,-0.65651,0.06489,0.75152,0.99123,0.0,0.0,nan,0.0,0.00661,0.02185,11.82355,1.88795,0.22546,0.47412,0.37972,0.74647,0.52967,0.37972
-20.7223,26.91125,-6.90536,-0.72681,-0.15406,-0.66934,0.98057,0.0,0.0,nan,0.0,0.0073,0.02154,17.36116,1.63811,0.24648,0.53234,0.39166,0.71038,0.61046,0.39166
-21.73776,26.87286,-5.45587,-0.81887,-0.11335,-0.56268,0.98236,0.0,0.0,nan,0.0,0.00776,0.03537,16.12962,1.83899,0.23069,0.48879,0.72006,0.50458,0.54378,0.72006
-21.76472,26.96142,7.52533,-0.78928,-0.01991,0.61371,0.9711,0.0,0.0,nan,0.0,0.01278,0.03815,16.08542,1.66988,0.23326,0.57138,0.79633,0.77415,0.59885,0.79633
-20.66033,26.93917,8.49185,-0.63744,-0.01565,0.77034,0.99054,0.0,0.0,nan,0.0,0.00993,0.02388,14.9926,1.83545,0.22951,0.50442,0.66769,0.93425,0.54483,0.66769
-20.75369,28.9791,-6.7055,-0.71846,0.01089,-0.69548,0.99263,0.0,0.0,nan,0.0,0.01265,0.04074,17.42468,1.6636,0.24176,0.64447,0.44759,0.53714,0.60111,0.44759
-21.80579,28.96077,-5.59398,-0.81918,-0.0132,-0.57338,0.96971,0.0,0.0,nan,0.0,0.0055,0.04598,18.16043,1.79751,0.23661,0.73652,0.90326,0.35393,0.55632,0.90326
-21.69986,28.94706,7.52246,-0.7818,-0.0089,0.62347,0.96702,0.0,0.0,nan,0.0,0.00957,0.03661,13.92411,1.74427,0.23427,0.50026,0.72942,0.59762,0.5733,0.72942
-20.70808,28.93164,8.64054,-0.63585,-0.00452,0.7718,0.98426,0.0,0.0,nan,0.0,0.00799,0.02177,14.72509,2.43071,0.23819,0.49546,0.44114,0.84108,0.4114,0.44114
-20.07777,31.85816,-8.0834,-0.69566,-0.11563,-0.709,0.98416,0.0,0.0,nan,0.0,0.00916,0.02911,19.3426,1.70636,0.23868,0.55794,0.59166,0.62219,0.58604,0.59166
-20.89347,30.99675,-6.41674,-0.7323,-0.10754,-0.67244,0.98974,0.0,0.0,nan,0.0,0.00884,0.0278,16.70085,1.74492,0.2369,0.58597,0.73908,0.60744,0.57309,0.73908
-21.82146,30.97453,-5.73703,-0.81125,-0.08988,-0.57775,0.97499,0.0,0.0,nan,0.0,0.00487,0.03182,17.07418,1.63811,0.23524,0.7483,0.88605,0.40462,0.61046,0.88605
-21.69632,31.06055,7.60662,-0.7488,0.01367,0.66266,0.96482,0.00219,0.01094,0.51,1.0,0.00507,0.03638,13.21595,1.73977,0.23287,0.34317,0.53715,0.46741,0.57479,0.53715
-20.53735,30.82511,8.30854,-0.6379,0.038,0.76918,0.99681,0.0,0.0,nan,0.0,0.0064,0.02321,15.7165,1.84102,0.23377,0.42666,0.39684,0.72885,0.54318,0.39684
-20.08818,32.25278,-8.09239,-0.70266,-0.07556,-0.7075,0.98067,0.0,0.0,nan,0.0,0.00848,0.02464,19.09778,1.80192,0.2375,0.51989,0.41453,0.73132,0.55496,0.41453
-20.9557,33.03437,-7.09334,-0.72483,-0.00635,-0.68889,0.98665,0.0,0.0,nan,0.0,0.00526,0.0193,15.70219,1.70996,0.23575,0.42287,0.44287,0.72665,0.58481,0.44287
-21.92332,32.74247,-5.81577,-0.82203,-0.05016,-0.56723,0.98057,0.0,0.0,nan,0.0,0.00823,0.02905,14.02625,2.1823,0.23924,0.68989,0.5012,0.46891,0.45823,0.5012
-21.76482,33.00866,7.65529,-0.7535,-0.03392,0.65658,0.97549,0.0,0.0,nan,0.0,0.01299,0.0553,18.69667,1.8795,0.23694,0.71289,0.67827,0.36468,0.53206,0.67827
-20.66976,33.0089,8.4585,-0.62634,-0.04581,0.7782,0.99293,0.0,0.0,nan,0.0,0.00862,0.02248,18.7605,1.87105,0.23513,0.58671,0.61289,0.72368,0.53446,0.61289
-20.80306,34.99382,-6.81511,-0.69746,-0.01273,-0.71651,0.99602,0.0,0.0,nan,0.0,0.00745,0.02118,15.00627,1.9192,0.22784,0.45134,0.41475,0.88267,0.52105,0.41475
-21.9624,35.00864,-5.91433,-0.81125,-0.00736,-0.58465,0.97987,0.0,0.0,nan,0.0,0.00196,0.02073,14.92399,2.03091,0.2276,0.46086,0.90858,0.47211,0.49239,0.90858
-21.63105,35.22888,7.74216,-0.77113,0.02571,0.63616,0.98894,0.0,0.0,nan,0.0,0.00603,0.02995,16.20783,2.01032,0.23287,0.54967,0.79715,0.48458,0.49743,0.79715
-20.69936,35.08557,8.73025,-0.64541,0.00526,0.76382,0.98874,0.0,0.0,nan,0.0,0.00605,0.01973,20.16956,1.63811,0.22287,0.45613,0.75181,0.74296,0.61046,0.75181
-20.00281,36.88216,-8.00311,-0.6789,-0.00364,-0.73422,0.99781,0.0,0.0,nan,0.0,0.00978,0.02853,17.21713,2.0383,0.23304,0.44891,0.3339,0.85267,0.4906,0.3339
-21.02434,36.93349,-7.17604,-0.71031,0.01176,-0.70379,0.98904,0.0,0.0,nan,0.0,0.00587,0.02039,16.97578,2.01554,0.23062,0.36947,0.3342,0.87062,0.49615,0.3342
-21.931,37.10284,-5.88037,-0.82233,0.01551,-0.5688,0.98585,0.0,0.0,nan,0.0,0.00415,0.0218,15.61471,1.89968,0.22944,0.36378,0.74409,0.59094,0.52641,0.74409
-21.65333,36.78969,7.6724,-0.76434,0.01426,0.64465,0.98605,0.0,0.0,nan,0.0,0.00445,0.02397,15.8889,1.96205,0.22498,0.53031,0.7954,0.46079,0.50967,0.7954
-20.66326,36.96256,8.50215,-0.65192,0.00551,0.75827,0.99373,0.0,0.0,nan,0.0,0.00599,0.02267,18.62135,1.89291,0.22887,0.40877,0.46605,0.71598,0.52829,0.46605
-20.88048,38.93562,-6.82182,-0.71131,0.09715,-0.69613,0.99861,0.0,0.0,nan,0.0,0.01624,0.04848,17.04306,1.74435,0.23307,0.49837,0.79034,0.86257,0.57328,0.79034
-21.86361,39.18564,-5.78207,-0.81787,0.09256,-0.56791,0.98675,0.0,0.0,nan,0.0,0.00627,0.02785,14.07924,1.69829,0.22814,0.39435,0.70902,0.65212,0.58883,0.70902
-21.72245,38.96182,7.5776,-0.78288,0.00914,0.62211,0.97937,0.0,0.0,nan,0.0,0.00528,0.03288,13.40676,2.07811,0.23136,0.42093,0.57903,0.43872,0.48121,0.57903
-20.74171,38.94668,8.73285,-0.66351,-0.00667,0.74814,0.98027,0.0,0.0,nan,0.0,0.01105,0.04082,17.28512,1.8149,0.22745,0.48759,0.62087,0.61934,0.55099,0.62087
-20.5542,40.96411,-6.72923,-0.71699,0.05986,-0.69451,0.99901,0.0,0.0,nan,0.0,0.00736,0.02295,16.99661,1.63811,0.22653,0.37981,0.37426,0.94361,0.61046,0.37426
-21.57128,40.9857,-5.74513,-0.81185,0.06687,-0.58003,0.99512,0.0,0.0,nan,0.0,0.00923,0.0316,15.29155,1.66382,0.23783,0.47683,0.40977,0.69279,0.60103,0.40977
-21.67291,40.95976,7.58375,-0.77573,0.03977,0.62981,0.96821,0.0,0.0,nan,0.0,0.00329,0.03534,18.0649,1.86235,0.23316,0.63621,0.94846,0.44555,0.53696,0.94846
-20.56033,40.79747,8.35931,-0.67138,0.04847,0.73953,0.99592,0.0,0.0,nan,0.0,0.007,0.02432,16.94508,1.89136,0.22701,0.48761,0.70191,0.66009,0.52872,0.70191
-20.74798,42.95565,-6.7619,-0.71979,0.10101,-0.6868,0.99572,0.0,0.0,nan,0.0,0.00679,0.02115,19.61779,1.66785,0.23782,0.46192,0.68551,0.76591,0.59958,0.68551
-21.6596,43.23573,-5.60279,-0.80701,0.09176,-0.58337,0.99064,0.0,0.0,nan,0.0,0.00377,0.01825,15.99907,1.96959,0.23071,0.41529,0.42496,0.55941,0.50772,0.42496
-21.70074,43.10339,7.43987,-0.80274,-0.02349,0.59586,0.96313,0.0,0.0,nan,0.0,0.00293,0.04446,15.51476,1.8831,0.2264,0.68485,0.96359,0.34343,0.53104,0.96359
-20.62657,43.00723,8.5003,-0.6839,-0.05864,0.72721,0.99562,0.0,0.0,nan,0.0,0.00999,0.03796,16.7874,1.8678,0.23024,0.52558,0.6582,0.5604,0.53539,0.6582
-20.37463,45.20928,-6.45493,-0.73092,-0.01829,-0.68222,0.99163,0.0,0.0,nan,0.0,0.00896,0.02992,17.22202,1.64919,0.24634,0.46714,0.51195,0.71539,0.60636,0.51195
-21.33342,44.82929,-5.53861,-0.80346,0.02618,-0.59478,0.99442,0.0,0.0,nan,0.0,0.00547,0.02364,15.08497,1.87658,0.23378,0.49252,0.38535,0.53249,0.53289,0.38535
-21.71382,44.97478,7.31696,-0.82483,0.05482,0.56272,0.9429,0.0,0.0,nan,0.0,0.00173,0.03298,22.04192,1.87291,0.2375,0.7191,0.96234,0.24802,0.53393,0.96234
-20.70428,44.97825,8.75679,-0.6901,0.07081,0.72024,0.98077,0.0,0.0,nan,0.0,0.00817,0.03321,23.34512,1.82451,0.23875,0.65347,0.52633,0.4088,0.54809,0.52633
-20.67187,46.98279,-6.80206,-0.73373,0.01828,-0.6792,0.97917,0.0,0.0,nan,0.0,0.0109,0.03552,17.47349,1.75433,0.23551,0.57915,0.72573,0.5907,0.57002,0.72573
-21.61239,47.00209,-5.22983,-0.85365,0.01177,-0.52071,0.98705,0.0,0.0,nan,0.0,0.01473,0.07154,13.97443,2.04705,0.2244,0.68148,0.77975,0.38173,0.48851,0.77975
-21.10447,46.97999,7.76858,-0.7385,6e-05,0.67425,0.95296,0.0,0.0,nan,0.0,0.00435,0.017,21.24641,1.71515,0.23197,0.64747,0.82218,0.56216,0.58304,0.82218
-20.18302,46.61672,8.39545,-0.66908,0.02484,0.74278,0.98416,0.0,0.0,nan,0.0,0.00929,0.02191,25.92039,1.72898,0.23648,0.65343,0.60513,0.69855,0.57838,0.60513
-20.57356,48.87848,-6.60953,-0.71643,0.08718,-0.69219,0.98844,0.0,0.0,nan,0.0,0.00965,0.02872,17.59473,1.74535,0.23149,0.58079,0.57782,0.64448,0.57295,0.57782
-21.45216,49.17471,-5.34326,-0.82177,0.07064,-0.56542,0.98844,0.0,0.0,nan,0.0,0.00648,0.03046,18.11051,2.041,0.22984,0.75638,0.84565,0.4501,0.48996,0.84565
-21.74378,48.95764,7.6269,-0.73802,-0.03748,0.67374,0.83496,0.0,0.0,nan,0.0,0.01208,0.03203,22.91011,3.37577,0.23199,0.59415,0.60802,0.69036,0.29623,0.60802
-20.71871,48.94093,8.6248,-0.69316,-0.00843,0.72073,0.96702,0.0,0.0,nan,0.0,0.01318,0.0294,22.19102,1.87351,0.24131,0.64306,0.43463,0.76013,0.53376,0.43463
-20.41017,51.1396,-6.49742,-0.72112,0.11401,-0.68337,0.99831,0.0,0.0,nan,0.0,0.00573,0.01626,16.37227,1.68742,0.23838,0.43345,0.62948,0.91237,0.59262,0.62948
-21.34901,50.97612,-5.3628,-0.78047,0.09228,-0.61835,0.97389,0.0,0.0,nan,0.0,0.00122,0.01318,15.96937,1.68975,0.23887,0.5874,0.96561,0.57214,0.5918,0.96561
-21.26521,51.19284,7.47219,-0.69653,0.08124,0.71291,0.92047,0.0,0.0,nan,0.0,0.00766,0.02358,19.03877,2.02562,0.23729,0.64762,0.83901,0.77496,0.49368,0.83901
-20.51991,50.80349,8.42243,-0.66228,0.11688,0.74008,0.98376,0.0,0.0,nan,0.0,0.01477,0.03192,19.85507,1.70747,0.24545,0.59041,0.59905,0.86257,0.58566,0.59905
-20.0212,53.83704,-6.06266,-0.71984,0.087,-0.68867,0.99522,0.0,0.0,nan,0.0,0.01074,0.03203,22.09929,1.63811,0.24865,0.62368,0.58012,0.58619,0.61046,0.58012
-21.22104,53.01435,-5.30194,-0.74498,0.07388,-0.66299,0.98127,0.0,0.0,nan,0.0,0.01237,0.03201,16.13823,1.94375,0.23234,0.71181,0.64213,0.61033,0.51447,0.64213
-21.96684,53.41208,-3.9158,-0.8875,0.10189,-0.4494,0.942,0.0,0.0,nan,0.0,0.02622,0.09355,24.48394,1.80192,0.24663,0.85046,0.62031,0.35645,0.55496,0.62031
-21.18486,52.87153,7.7577,-0.69498,-0.0389,0.71798,0.9729,0.0,0.0,nan,0.0,0.00736,0.01901,19.17789,1.80192,0.23999,0.56026,0.67123,0.76279,0.55496,0.67123
-20.36652,53.34697,8.39384,-0.65977,-0.07477,0.74774,0.99731,0.0,0.0,nan,0.0,0.0087,0.02024,19.31033,1.69202,0.23347,0.50793,0.47801,0.93426,0.59101,0.47801
-20.03871,54.95101,-6.06089,-0.74408,0.24727,-0.62065,0.94449,0.0,0.0,nan,0.0,0.0079,0.04948,34.64758,3.44231,0.24783,0.74136,0.81847,0.29174,0.2905,0.81847
-21.11159,55.02515,-5.22205,-0.76964,0.31615,-0.55471,0.88111,0.0,0.0,nan,0.0,0.01639,0.06451,31.77999,2.19333,0.21735,0.75494,0.78318,0.40022,0.45593,0.78318
-21.61962,55.71781,-3.03731,-0.70936,0.68862,-0.15037,0.89446,0.0,0.0,nan,0.0,0.00815,0.02624,19.66837,2.16637,0.23551,0.58163,0.83165,0.79643,0.4616,0.83165
-21.38494,55.76871,-1.00597,-0.58833,0.80641,-0.05972,0.9426,0.0,0.0,nan,0.0,0.01482,0.04251,18.47198,1.72007,0.24299,0.74046,0.64508,0.52183,0.58137,0.64508
-21.44378,55.68603,1.0276,-0.72421,0.64517,-0.24347,0.92546,0.0,0.0,nan,0.0,0.01177,0.02305,18.31514,1.7147,0.2384,0.57943,0.54926,0.97747,0.58319,0.54926
-21.70626,55.6239,2.3812,-0.8438,0.41707,-0.33773,0.89606,0.0,0.0,nan,0.0,0.00407,0.02189,23.64258,1.89659,0.24007,0.65123,0.86218,0.48329,0.52726,0.86218
-21.46079,55.05379,7.49194,-0.7772,-0.00685,0.62921,0.98137,0.0,0.0,nan,0.0,0.00422,0.02029,14.0759,1.92328,0.23682,0.38268,0.41264,0.62101,0.51995,0.41264
-20.60159,54.8961,8.65563,-0.68611,-0.03921,0.72644,0.99412,0.0,0.0,nan,0.0,0.0066,0.0231,17.5541,1.86538,0.23098,0.43874,0.80256,0.8727,0.53608,0.80256
-20.01286,56.05113,-6.04447,-0.70928,0.50876,-0.48794,0.86706,0.0,0.0,nan,0.0,0.024,0.06433,35.46799,1.80475,0.23854,0.72082,0.79781,0.64549,0.55409,0.79781
-20.61171,56.16911,-4.83619,-0.65503,0.66657,-0.35584,0.87363,0.0,0.0,nan,0.0,0.02146,0.04054,28.71025,1.70455,0.23308,0.67422,0.49656,0.83977,0.58667,0.49656
-20.5847,56.25282,-3.11312,-0.50729,0.85845,-0.07566,0.94619,0.0,0.0,nan,0.0,0.02051,0.03808,19.60148,1.80876,0.24359,0.65011,0.40798,0.91313,0.55286,0.40798
-20.3491,56.25388,-1.05408,-0.53772,0.83141,-0.14004,0.943,0.0,0.0,nan,0.0,0.00958,0.03465,19.36063,1.86119,0.24476,0.76524,0.75889,0.41027,0.53729,0.75889
-20.47906,56.8131,1.27863,-0.7636,0.41861,-0.49162,0.8845,0.0,0.0,nan,0.0,0.00524,0.03312,23.7372,1.9072,0.23352,0.67151,0.88998,0.46294,0.52433,0.88998
-21.57175,57.0509,2.44207,-0.81954,0.25797,-0.51167,0.95546,0.0,0.0,nan,0.0,0.00331,0.0353,31.27536,1.63811,0.24865,0.78447,0.91035,0.26091,0.61046,0.91035
-21.47982,56.96307,7.50477,-0.7953,-0.03372,0.60527,0.96722,0.0,0.0,nan,0.0,0.00762,0.03096,14.58125,1.74565,0.24016,0.57549,0.73975,0.48643,0.57285,0.73975
-20.45976,57.07793,8.56434,-0.68103,-0.05748,0.73,0.99422,0.0,0.0,nan,0.0,0.00905,0.02809,17.06225,1.9939,0.23519,0.5173,0.53215,0.69559,0.50153,0.53215
-20.47773,58.98501,1.27398,-0.78945,0.02684,-0.61323,0.99811,0.00721,0.03606,0.6,1.0,0.02532,0.10201,9.10691,1.73803,0.23774,0.66041,0.89287,0.84447,0.57536,0.89287
-21.53865,59.0216,2.59926,-0.82498,0.06426,-0.5615,0.99014,0.0,0.0,nan,0.0,0.00942,0.03673,10.42402,1.67857,0.24233,0.66386,0.57819,0.46023,0.59574,0.57819
-21.7402,58.95804,7.48552,-0.84422,0.06104,0.5325,0.96293,0.0,0.0,nan,0.0,0.00851,0.04216,12.43207,3.17624,0.23536,0.55979,0.73943,0.41871,0.31484,0.73943
-20.82144,58.9964,8.90057,-0.70478,0.05497,0.7073,0.96054,0.0,0.0,nan,0.0,0.01006,0.02722,20.01453,1.84716,0.2378,0.70519,0.51988,0.57661,0.54137,0.51988
-20.42579,60.92339,1.25083,-0.82503,0.03968,-0.56369,0.99861,0.0,0.0,nan,0.0,0.00769,0.03086,8.94716,1.7179,0.22816,0.36884,0.55751,0.82706,0.58211,0.55751
-21.44159,61.03999,2.72077,-0.84194,0.07196,-0.53475,0.99353,0.0,0.0,nan,0.0,0.00981,0.02736,9.55055,2.05506,0.23485,0.60431,0.69557,0.71769,0.4866,0.69557
-21.16404,60.87429,7.12687,-0.83582,0.08174,0.54288,0.98535,0.0,0.0,nan,0.0,0.00764,0.02271,14.62196,3.18856,0.23783,0.64597,0.56667,0.59246,0.31362,0.56667
-20.46592,60.76595,8.17055,-0.73549,0.0726,0.67364,0.98645,0.0,0.0,nan,0.0,0.00982,0.02656,17.91674,1.78168,0.23713,0.6195,0.48007,0.66352,0.56127,0.48007
-20.35773,62.95734,1.33862,-0.83922,0.07304,-0.53886,0.99931,0.0,0.0,nan,0.0,0.00596,0.03155,8.69119,2.09569,0.21723,0.28713,0.80957,1.0,0.47717,0.80957
-21.34725,63.0052,2.90877,-0.85559,0.07542,-0.51212,0.99622,0.0,0.0,nan,0.0,0.00734,0.02705,9.69186,2.22174,0.23181,0.6299,0.86386,0.81787,0.4501,0.86386
-21.99865,63.71495,5.97748,-0.97718,-0.01394,0.21195,0.96612,0.0,0.0,nan,0.0,0.0146,0.0544,17.47986,2.03887,0.2471,0.73996,0.53104,0.40426,0.49047,0.53104
-21.66796,62.93827,7.10999,-0.87964,-0.04364,0.47363,0.97947,0.0,0.0,nan,0.0,0.00838,0.03281,14.90686,1.75649,0.24548,0.62333,0.59032,0.46484,0.56932,0.59032
-20.63347,62.99763,8.74594,-0.74009,-0.08652,0.66691,0.9728,0.0,0.0,nan,0.0,0.008,0.03031,16.96429,3.38758,0.24763,0.58517,0.47662,0.50416,0.2952,0.47662
-20.30201,64.95622,1.53459,-0.83649,0.08499,-0.54136,0.99851,0.0,0.0,nan,0.0,0.00995,0.05518,7.39868,2.02253,0.21648,0.22909,0.36047,1.0,0.49443,0.36047
-21.2454,64.97828,2.9951,-0.84779,0.08116,-0.52409,0.99652,0.0,0.0,nan,0.0,0.00812,0.04029,10.12565,1.80192,0.24267,0.67259,0.73295,0.35909,0.55496,0.73295
-21.99167,65.39267,4.11354,-0.93919,0.05094,-0.33961,0.96024,0.0,0.0,nan,0.0,0.01198,0.02659,9.29568,1.92127,0.23889,0.58548,0.77031,1.0,0.52049,0.77031
-21.60727,65.1265,7.27433,-0.86443,0.02056,0.50233,0.98735,0.0,0.0,nan,0.0,0.00816,0.02855,11.42698,3.40085,0.23747,0.5785,0.53129,0.58024,0.29404,0.53129
-20.64035,65.00658,8.76692,-0.74513,0.08869,0.661,0.98625,0.0,0.0,nan,0.0,0.00877,0.03506,13.1073,1.86069,0.23875,0.45349,0.28741,0.63603,0.53744,0.28741
-20.16825,66.87522,1.73032,-0.83667,0.07803,-0.54212,0.99911,0.0,0.0,nan,0.0,0.01361,0.06048,7.19691,1.97069,0.20729,0.29034,0.73417,0.99054,0.50744,0.73417
-21.00498,67.01897,3.0599,-0.83249,0.07659,-0.54872,0.99881,0.0,0.0,nan,0.0,0.01306,0.06001,8.51737,2.05497,0.22758,0.66486,0.78631,0.45738,0.48663,0.78631
-21.89165,67.07088,4.14305,-0.92092,0.05459,-0.38592,0.971,0.0,0.0,nan,0.0,0.01198,0.02963,8.53901,3.49827,0.23493,0.57791,0.71575,0.86378,0.28586,0.71575
-21.3093,66.8683,7.35202,-0.81985,-0.0727,0.56795,0.98386,0.0,0.0,nan,0.0,0.01598,0.04248,14.90792,1.76414,0.2409,0.6029,0.59159,0.70762,0.56685,0.59159
-20.27698,67.0434,8.34606,-0.67324,-0.04753,0.73789,0.99373,0.0,0.0,nan,0.0,0.01517,0.03428,18.81525,2.03674,0.23746,0.57048,0.33454,0.85811,0.49098,0.33454
-20.20941,68.97567,1.69989,-0.85092,0.04595,-0.52328,0.99881,0.00795,0.03973,0.7,1.0,0.01906,0.06531,7.86497,1.93974,0.22332,0.36599,0.51189,1.0,0.51553,0.51189
-20.9073,68.99158,3.06972,-0.84447,0.09888,-0.5264,0.99861,0.0,0.0,nan,0.0,0.01933,0.06093,8.90437,2.0276,0.21977,0.3885,0.63625,1.0,0.49319,0.63625
-21.76472,69.2018,4.45177,-0.90893,0.11586,-0.40054,0.98605,0.0,0.0,nan,0.0,0.00822,0.02607,10.31163,3.40567,0.24245,0.56837,0.58802,0.66194,0.29363,0.58802
-21.79142,68.9508,7.68636,-0.83614,-0.05359,0.54589,0.93403,0.0,0.0,nan,0.0,0.02757,0.06153,23.85551,2.06528,0.23034,0.74659,0.72272,0.65043,0.4842,0.72272
-20.86047,69.00132,8.86554,-0.67507,-0.05962,0.73534,0.97638,0.0,0.0,nan,0.0,0.01064,0.02223,20.70541,1.6645,0.23548,0.61504,0.41154,0.85358,0.60078,0.41154
-20.04571,70.87094,1.84668,-0.88071,0.0533,-0.47065,0.99921,0.0,0.0,nan,0.0,0.0214,0.07542,8.96492,1.88423,0.22117,0.34702,0.67451,1.0,0.53072,0.67451
-20.63024,70.98646,3.05107,-0.88448,0.10294,-0.45509,0.99851,0.0,0.0,nan,0.0,0.00653,0.05621,10.41698,1.89119,0.20847,0.32759,0.91737,0.90977,0.52877,0.91737
-21.51742,71.09808,4.85059,-0.93231,0.13419,-0.33585,0.98505,0.0,0.0,nan,0.0,0.00676,0.06072,19.00135,1.63811,0.2449,0.44772,0.57531,0.2748,0.61046,0.57531
-21.36862,71.03274,7.53247,-0.85964,0.01476,0.51069,0.9428,0.0,0.0,nan,0.0,0.01647,0.03622,32.13811,2.03881,0.23767,0.66766,0.78638,0.81858,0.49048,0.78638
-20.67045,70.95964,8.58232,-0.65507,0.04746,0.75408,0.99392,0.0,0.0,nan,0.0,0.01327,0.03562,23.98681,1.84545,0.23502,0.50289,0.35364,0.80264,0.54187,0.35364
-20.05374,72.36302,1.88716,-0.90082,0.08349,-0.42609,0.99821,0.0,0.0,nan,0.0,0.01133,0.04255,8.76792,1.72572,0.21706,0.32711,0.66167,1.0,0.57947,0.66167
-20.39089,72.93564,3.08632,-0.90641,0.12865,-0.40233,0.99821,0.0,0.0,nan,0.0,0.01291,0.05618,9.93878,1.98776,0.21001,0.38382,0.82862,0.96078,0.50308,0.82862
-21.30119,72.99144,5.00204,-0.92316,0.14363,-0.35657,0.99761,0.0,0.0,nan,0.0,0.00717,0.17027,26.72474,3.01083,0.22111,0.52324,0.93029,0.20458,0.33213,0.93029
-21.43067,72.95231,7.70576,-0.84745,-0.0716,0.52602,0.90513,0.0,0.0,nan,0.0,0.014,0.02956,39.28845,1.92187,0.22685,0.69475,0.83597,0.98791,0.52033,0.83597
-20.6389,73.23409,8.47026,-0.68705,-0.1199,0.71665,0.94718,0.0,0.0,nan,0.0,0.02475,0.07481,29.55766,2.0612,0.22337,0.63601,0.86783,0.89152,0.48515,0.86783
-20.25382,74.84882,3.39196,-0.91028,0.17449,-0.37542,0.99871,0.0,0.0,nan,0.0,0.01101,0.04431,8.5838,2.00706,0.2135,0.31656,0.51731,0.96752,0.49824,0.51731
-20.91859,75.00085,5.01286,-0.87993,0.1682,-0.44434,0.99881,0.0,0.0,nan,0.0,0.01514,0.0576,7.67435,1.84833,0.22782,0.33128,0.49205,1.0,0.54103,0.49205
-21.70417,75.06522,6.49113,-0.98235,0.07504,-0.17133,0.91449,0.0,0.0,nan,0.0,0.011,0.05676,42.9472,3.3387,0.24674,0.66545,0.59586,0.30479,0.29952,0.59586
-21.12346,74.9705,8.8199,-0.71487,-0.04229,0.69798,0.88489,0.0,0.0,nan,0.0,0.01631,0.07554,42.63974,1.63811,0.24658,0.65549,0.9077,0.69599,0.61046,0.9077
-20.12943,76.31413,3.64884,-0.89273,0.23382,-0.38518,0.99582,0.0,0.0,nan,0.0,0.00822,0.09887,16.73213,1.69882,0.2334,0.48252,0.82854,0.25772,0.58864,0.82854
-20.52716,76.94807,5.13098,-0.83385,0.1668,-0.52618,0.99402,0.0,0.0,nan,0.0,0.0043,0.07204,20.60127,1.80192,0.24102,0.41799,0.82235,0.20378,0.55496,0.82235
-21.57451,77.01527,6.49433,-0.96162,0.05314,-0.26918,0.89167,0.0,0.0,nan,0.0,0.00534,0.13791,70.74069,3.54817,0.24946,0.73704,0.9956,0.25223,0.28184,0.9956
-21.02681,77.02757,8.56385,-0.69271,0.05917,0.71879,0.85998,0.0,0.0,nan,0.0,0.00885,0.08579,41.68712,2.90007,0.22893,0.69881,0.98148,0.59693,0.34482,0.98148
-20.53439,79.00996,5.37327,-0.80348,0.00374,-0.59532,0.99691,0.0,0.0,nan,0.0,0.01941,0.20071,70.1228,1.90993,0.23079,0.76515,0.90388,0.25612,0.52358,0.90388
-21.5123,78.98623,6.45743,-0.91945,-0.09868,-0.38063,0.90313,0.0,0.0,nan,0.0,0.01248,0.14414,99.70377,3.17453,0.24182,0.62556,0.8865,0.25067,0.31501,0.8865
-20.62489,79.0595,8.36345,-0.74933,-0.20963,0.62814,0.87204,0.0,0.0,nan,0.0,0.00781,0.08316,60.43133,3.24627,0.24412,0.82044,0.98571,0.48113,0.30805,0.98571
-20.11643,79.9865,10.00476,-0.49376,-0.20136,0.84596,0.96243,0.0,0.0,nan,0.0,0.00787,0.02567,16.8116,2.22416,0.2267,0.63911,0.46768,0.53657,0.44961,0.46768
-20.70855,81.06001,5.25324,-0.75531,-0.14378,-0.6394,0.99921,0.0,0.0,nan,0.0,0.02879,0.13071,12.27477,1.63811,0.22773,0.61456,0.88991,0.7546,0.61046,0.88991
-21.65481,80.90839,6.42325,-0.86723,-0.19761,-0.45701,0.93492,0.0,0.0,nan,0.0,0.01518,0.14722,84.5389,1.80192,0.2585,0.57504,0.50493,0.18356,0.55496,0.50493
-21.28518,80.83158,9.54157,-0.58638,-0.12159,0.80086,0.86755,0.0,0.0,nan,0.0,0.00684,0.02377,18.47877,2.00678,0.24112,0.5813,0.57019,0.54831,0.49831,0.57019
-20.19682,80.93805,10.11536,-0.45985,-0.02588,0.88762,0.90772,0.0,0.0,nan,0.0,0.00883,0.02569,16.54275,3.56766,0.23994,0.63471,0.46929,0.60682,0.2803,0.46929
-20.27735,83.70399,3.64991,-0.85579,0.04157,-0.51566,0.79231,0.0,0.0,nan,0.0,0.01104,0.12656,22.01955,1.66583,0.23899,0.33213,0.86258,0.44773,0.6003,0.86258
-20.98071,83.01627,5.0012,-0.82992,0.07091,-0.55335,0.86516,0.0,0.0,nan,0.0,0.01119,0.10805,16.40838,2.35954,0.23544,0.42542,0.92,0.59886,0.42381,0.92
-21.10357,83.9996,7.67971,-0.32054,0.85869,0.39988,0.7939,0.0,0.0,nan,0.0,0.0147,0.0559,12.78553,3.60383,0.24061,0.40787,0.36056,0.74581,0.27748,0.36056
-21.00028,83.1061,8.99649,-0.37845,0.60691,0.69888,0.84712,0.0,0.0,nan,0.0,0.0196,0.06038,11.05678,1.74719,0.24086,0.49827,0.76337,0.80369,0.57235,0.76337
-20.57424,84.71311,3.31483,-0.87699,0.14082,-0.45941,0.56687,0.0,0.0,nan,0.0,0.0,,,,,,,,,
-21.08223,84.94964,5.09159,-0.3593,0.93282,-0.02744,0.58352,0.0,0.0,nan,0.0,0.0,,,,,,,,,
-21.07478,84.35155,6.83384,-0.30135,0.93006,0.2102,0.74547,0.0,0.0,nan,0.0,0.00931,0.24043,62.21543,3.01396,0.22619,0.58072,0.98851,0.2908,0.33179,0.98851
-18.10117,1.97304,3.90747,-0.35281,-0.92519,-0.13979,0.96622,0.0,0.0,nan,0.0,0.00225,0.0209,18.09123,2.04126,0.231,0.49941,0.91026,0.4909,0.48989,0.91026
-18.17379,1.85569,4.97516,-0.44449,-0.89461,-0.04572,0.95536,0.0,0.0,nan,0.0,0.00599,0.03152,20.50192,1.98929,0.23508,0.55895,0.81936,0.47938,0.50269,0.81936
-18.05412,1.93752,6.15519,-0.49544,-0.86346,0.09476,0.96791,0.0,0.0,nan,0.0,0.00548,0.03088,23.61606,1.88455,0.23992,0.44983,0.60868,0.42789,0.53063,0.60868
-18.41597,3.78304,-0.11829,-0.34425,-0.62551,-0.70017,0.89875,0.0,0.0,nan,0.0,0.018,0.06764,15.6074,1.8982,0.2345,0.65774,0.77475,0.4956,0.52682,0.77475
-19.01908,3.26463,0.96574,-0.44032,-0.73383,-0.51732,0.88848,0.0,0.0,nan,0.0,0.00917,0.08377,15.51724,1.90224,0.22726,0.70626,0.89728,0.33077,0.5257,0.89728
-19.05748,2.59094,3.02799,-0.45698,-0.88063,-0.12515,0.9723,0.0,0.0,nan,0.0,0.00939,0.05578,19.39298,1.8161,0.2355,0.56752,0.82815,0.43646,0.55063,0.82815
-19.1644,2.78169,5.01521,-0.58597,-0.80781,0.06391,0.99143,0.0,0.0,nan,0.0,0.00857,0.03816,25.19361,1.9396,0.23022,0.61745,0.55904,0.39249,0.51557,0.55904
-19.00808,3.00093,7.03695,-0.62311,-0.75304,0.21136,0.99432,0.0,0.0,nan,0.0,0.01406,0.08525,17.64194,1.80192,0.22915,0.56768,0.52524,0.32349,0.55496,0.52524
-18.72191,3.53694,8.80319,-0.57076,-0.72059,0.39368,0.99861,0.0,0.0,nan,0.0,0.01057,0.03529,10.37985,1.72701,0.24036,0.42519,0.4504,0.84035,0.57903,0.4504
-18.16356,3.92763,10.0841,-0.52373,-0.65507,0.5446,0.98575,0.0,0.0,nan,0.0,0.00543,0.02312,13.43901,1.72312,0.23689,0.37385,0.67548,0.72166,0.58034,0.67548
-18.82838,5.02887,-0.61164,-0.54935,-0.27024,-0.79069,0.88021,0.0,0.0,nan,0.0,0.01488,0.03312,15.44724,1.63811,0.24354,0.52327,0.41308,0.96973,0.61046,0.41308
-19.87461,4.96266,0.15268,-0.73174,-0.16855,-0.66042,0.83766,0.0,0.0,nan,0.0,0.01829,0.04113,17.29702,1.82714,0.23769,0.56631,0.68796,0.87583,0.5473,0.68796
-19.95111,4.00094,7.77392,-0.64108,-0.72293,0.25764,0.99711,0.0,0.0,nan,0.0,0.00273,0.04536,15.40588,1.83108,0.23502,0.5019,0.96192,0.42027,0.54613,0.96192
-19.51884,4.54589,9.35997,-0.58013,-0.65755,0.48071,0.98944,0.0,0.0,nan,0.0,0.01149,0.04049,12.78321,1.78081,0.24214,0.41765,0.2738,0.78599,0.56154,0.2738
-18.87027,5.10428,10.77397,-0.52533,-0.47664,0.70487,0.96413,0.0,0.0,nan,0.0,0.00751,0.03524,16.59648,1.73099,0.23724,0.4589,0.40419,0.52005,0.5777,0.40419
-18.61065,6.92325,-0.71276,-0.72759,0.09872,-0.67887,0.95057,0.0,0.0,nan,0.0,0.01549,0.0417,18.62896,2.039,0.21982,0.54393,0.60523,0.75653,0.49044,0.60523
-19.43364,7.12391,0.89126,-0.81947,0.23261,-0.52379,0.99083,0.0,0.0,nan,0.0,0.01625,0.09366,16.93253,1.89818,0.23139,0.70424,0.81714,0.35078,0.52682,0.81714
-19.88422,7.51999,2.21068,-0.8281,0.08632,-0.55389,0.93752,0.0,0.0,nan,0.0,0.00683,0.03776,23.22506,1.84974,0.23834,0.68699,0.73198,0.28592,0.54062,0.73198
-19.25742,6.90431,11.43116,-0.52778,-0.16783,0.83263,0.96004,0.0,0.0,nan,0.0,0.00631,0.01684,24.14655,2.13648,0.23112,0.49702,0.61293,0.81651,0.46806,0.61293
-18.57168,7.77887,12.12239,-0.44696,-0.06994,0.89182,0.94958,0.0,0.0,nan,0.0,0.00958,0.02056,29.67524,1.87852,0.23753,0.63278,0.71143,0.78595,0.53233,0.71143
-18.19902,8.75032,-0.17501,-0.82811,-0.07834,-0.55506,0.93124,0.0,0.0,nan,0.0,0.01532,0.04528,21.93987,2.52412,0.23312,0.59325,0.73077,0.62224,0.39618,0.73077
-18.79904,9.12451,1.07907,-0.78013,-0.23642,-0.57922,0.86875,0.0,0.0,nan,0.0,0.01206,0.03566,22.39629,1.713,0.23798,0.47885,0.8088,0.94761,0.58377,0.8088
-19.70771,8.85406,2.31254,-0.71381,-0.28861,-0.63811,0.86048,0.0,0.0,nan,0.0,0.01235,0.02734,19.98945,1.82781,0.23235,0.49936,0.62282,0.9956,0.5471,0.62282
-19.67134,8.94314,9.92715,-0.55675,-0.01806,0.83048,0.95266,0.0,0.0,nan,0.0,0.00949,0.02297,29.26827,1.90745,0.23098,0.51911,0.64607,0.84972,0.52426,0.64607
-19.01537,9.02068,10.90175,-0.48586,-0.00684,0.87401,0.99681,0.0,0.0,nan,0.0,0.0083,0.02664,29.97868,2.23391,0.22843,0.58776,0.86522,0.89581,0.44765,0.86522
-18.63484,8.73746,12.40073,-0.44767,-0.01553,0.89406,0.89227,0.0,0.0,nan,0.0,0.00757,0.01948,31.22701,2.72986,0.23792,0.56496,0.79609,0.85878,0.36632,0.79609
-18.72655,11.60609,-2.56617,-0.51829,-0.64359,-0.56317,0.99741,0.0,0.0,nan,0.0,0.0141,0.04225,10.5727,1.83561,0.23496,0.61092,0.73808,0.6495,0.54478,0.73808
-19.03951,10.88258,-1.00193,-0.55352,-0.65445,-0.51508,0.98107,0.0,0.0,nan,0.0,0.01215,0.0478,16.21623,1.64677,0.23533,0.55209,0.61317,0.51732,0.60725,0.61317
-19.38844,10.27464,0.52351,-0.58091,-0.60146,-0.54844,0.93652,0.0,0.0,nan,0.0,0.00811,0.03291,18.47733,3.4819,0.2374,0.51617,0.7388,0.52909,0.2872,0.7388
-19.04085,11.03874,11.29653,-0.39043,-0.00943,0.92058,0.98585,0.0,0.0,nan,0.0,0.00871,0.02395,30.97882,3.21766,0.23914,0.47165,0.48852,0.82093,0.31078,0.48852
-18.01695,10.4229,12.02674,-0.30978,0.1218,0.94298,0.96343,0.0,0.0,nan,0.0,0.01127,0.02825,31.43248,3.53472,0.2405,0.46854,0.3576,0.90585,0.28291,0.3576
-18.46974,13.48783,-4.40664,-0.52249,-0.53616,-0.66298,0.99941,0.0,0.0,nan,0.0,0.01223,0.05361,7.54307,1.82919,0.23905,0.29245,0.45638,0.98647,0.54669,0.45638
-19.20571,12.80018,-3.2928,-0.53693,-0.56447,-0.62696,0.99921,0.0,0.0,nan,0.0,0.00899,0.04164,8.3297,1.80192,0.23823,0.32771,0.42808,0.81708,0.55496,0.42808
-19.0444,12.90564,11.59165,-0.34205,0.04861,0.93842,0.98167,0.0,0.0,nan,0.0,0.00701,0.02329,23.76913,1.66298,0.23471,0.51308,0.53697,0.63561,0.60133,0.53697
-18.0213,13.32862,12.02688,-0.28032,0.03907,0.95911,0.96562,0.0,0.0,nan,0.0,0.00447,0.01828,23.22856,2.18872,0.22971,0.4085,0.42787,0.65023,0.45689,0.42787
-18.33691,15.64188,-6.27158,-0.52752,-0.41651,-0.74044,0.99622,0.0,0.0,nan,0.0,0.01258,0.04325,8.95005,1.73074,0.24817,0.40075,0.78475,0.99894,0.57779,0.78475
-19.03721,14.95441,-5.03052,-0.55098,-0.49475,-0.67204,0.99951,0.0,0.0,nan,0.0,0.01711,0.05226,8.09889,1.75841,0.23311,0.40917,0.49541,0.99764,0.56869,0.49541
-19.83114,14.26464,-3.84214,-0.58035,-0.5017,-0.64148,0.99951,0.0,0.0,nan,0.0,0.01199,0.05491,7.39451,1.95363,0.23506,0.28515,0.40255,0.97281,0.51187,0.40255
-19.09365,15.0542,11.03314,-0.42368,0.24578,0.87183,0.99093,0.0,0.0,nan,0.0,0.00832,0.03321,18.15429,1.63811,0.2531,0.58476,0.6308,0.47563,0.61046,0.6308
-18.82188,17.03205,-6.47094,-0.53391,-0.26195,-0.80394,0.99343,0.0,0.0,nan,0.0,0.01776,0.07312,12.04355,1.6577,0.23753,0.54099,0.46647,0.52369,0.60324,0.46647
-19.7229,16.65559,-5.82445,-0.56843,-0.32954,-0.75385,0.99054,0.0,0.0,nan,0.0,0.01863,0.05783,9.508,1.71234,0.23469,0.44555,0.42179,0.87528,0.58399,0.42179
-19.31137,17.26412,9.98792,-0.48519,0.0843,0.87033,0.99751,0.0,0.0,nan,0.0,0.0103,0.02386,18.98156,2.01126,0.23009,0.53896,0.58997,0.88499,0.4972,0.58997
-18.86198,16.97382,10.17002,-0.44784,0.07682,0.89081,0.98914,0.0,0.0,nan,0.0,0.00973,0.02158,18.29177,1.70989,0.23724,0.54147,0.62741,0.92319,0.58483,0.62741
-18.95405,19.08236,-6.72502,-0.5514,-0.19076,-0.81214,0.99861,0.0,0.0,nan,0.0,0.00851,0.03203,15.52538,1.71857,0.23968,0.47451,0.64044,0.6323,0.58188,0.64044
-19.96372,18.63024,-5.97673,-0.59918,-0.14264,-0.7878,0.99891,0.0,0.0,nan,0.0,0.00815,0.02536,11.3114,1.85302,0.2375,0.51681,0.78329,0.81857,0.53966,0.78329
-19.49105,19.75191,9.72009,-0.53161,0.21354,0.81963,0.99562,0.0,0.0,nan,0.0,0.01258,0.03597,21.12531,1.73815,0.2326,0.58998,0.36774,0.64906,0.57533,0.36774
-18.89954,19.02444,10.62278,-0.4927,0.15984,0.85539,0.98745,0.0,0.0,nan,0.0,0.01016,0.02577,19.7137,3.60383,0.24657,0.69005,0.6388,0.62952,0.27748,0.6388
-18.1015,21.44061,-8.10409,-0.48753,-0.04914,-0.87172,0.97898,0.0,0.0,nan,0.0,0.00679,0.01788,20.23022,1.81217,0.23629,0.5502,0.48332,0.75864,0.55182,0.48332
-19.11276,20.88576,-7.2604,-0.57061,-0.11468,-0.81317,0.98266,0.00089,0.00444,0.7,1.0,0.00945,0.029,18.23538,2.02454,0.24016,0.55079,0.32885,0.65609,0.49394,0.32885
-19.93034,20.43151,-5.93169,-0.64131,-0.14556,-0.75335,0.99891,0.00476,0.02379,0.7,1.0,0.01058,0.02591,12.81565,1.88348,0.23322,0.59932,0.58683,0.78783,0.53093,0.58683
-19.26648,21.02934,9.49431,-0.52085,0.13331,0.84317,0.98934,0.0,0.0,nan,0.0,0.01415,0.02575,21.46991,1.83531,0.22948,0.67246,0.33797,0.89344,0.54487,0.33797
-18.27217,20.51917,10.21015,-0.49375,0.21468,0.84269,0.98366,0.0,0.0,nan,0.0,0.01427,0.03555,24.6095,2.10982,0.22645,0.67988,0.56297,0.63827,0.47397,0.56297
-18.9967,22.97829,-7.12337,-0.53579,-0.01487,-0.84422,0.99871,0.0,0.0,nan,0.0,0.00947,0.02088,17.35508,2.01627,0.22062,0.5819,0.35533,0.86903,0.49597,0.35533
-19.25358,22.66076,9.72303,-0.52021,-0.03808,0.85319,0.99801,0.0,0.0,nan,0.0,0.01297,0.03802,16.8672,1.63811,0.22861,0.63003,0.6484,0.60582,0.61046,0.6484
-18.50011,23.21583,10.31585,-0.48828,-0.02198,0.87241,0.99283,0.0,0.0,nan,0.0,0.00925,0.02784,17.08395,1.8301,0.24021,0.70615,0.79107,0.60498,0.54642,0.79107
-18.35554,25.55789,-8.20499,-0.53922,-0.33177,-0.77406,0.99632,0.0,0.0,nan,0.0,0.01015,0.02608,15.38703,3.48662,0.24753,0.45804,0.52194,0.96028,0.28681,0.52194
-19.21844,24.94385,-7.31844,-0.57733,-0.23665,-0.78147,0.99093,0.0,0.0,nan,0.0,0.01489,0.03032,18.46504,1.87588,0.2355,0.54737,0.4155,0.99442,0.53308,0.4155
-19.27085,25.33488,9.60868,-0.54913,0.10411,0.82923,0.99671,0.0,0.0,nan,0.0,0.00652,0.01982,11.55918,1.86278,0.23767,0.49,0.55308,0.78718,0.53683,0.55308
-18.41849,24.69473,10.18628,-0.50284,0.05223,0.8628,0.99123,0.0,0.0,nan,0.0,0.00604,0.02085,16.53925,1.87928,0.23339,0.49775,0.5104,0.65246,0.53212,0.5104
-18.92131,27.03895,-8.67653,-0.5831,-0.1316,-0.80167,0.95735,0.0,0.0,nan,0.0,0.01198,0.03443,20.55453,1.90697,0.23434,0.69966,0.71911,0.54576,0.52439,0.71911
-19.7948,26.56342,-7.74519,-0.65999,-0.21194,-0.72076,0.97349,0.0,0.0,nan,0.0,0.01179,0.03178,14.25834,3.37508,0.24332,0.49037,0.45177,0.86273,0.29629,0.45177
-19.15858,27.05202,9.59906,-0.52516,-0.0096,0.85095,0.99821,0.0,0.0,nan,0.0,0.00759,0.01721,15.41843,1.73528,0.23315,0.51114,0.48428,0.97447,0.57628,0.48428
-18.09024,26.41091,10.09056,-0.4817,0.06941,0.87358,0.99542,0.0,0.0,nan,0.0,0.00606,0.02358,20.56603,2.03775,0.22827,0.52108,0.47168,0.5412,0.49074,0.47168
-18.74401,28.91397,-8.57816,-0.58043,0.00402,-0.8143,0.99562,0.0,0.0,nan,0.0,0.0109,0.02665,22.59766,1.80192,0.24327,0.56426,0.38783,0.78941,0.55496,0.38783
-19.50157,29.13013,-7.49578,-0.62689,0.02371,-0.77875,0.98924,0.0,0.0,nan,0.0,0.0105,0.02793,21.21267,1.81027,0.24313,0.54798,0.38219,0.75057,0.5524,0.38219
-19.21053,28.74608,9.56764,-0.53351,-0.03146,0.84521,0.99711,0.0,0.0,nan,0.0,0.00642,0.01755,15.49377,1.75956,0.22633,0.45794,0.52525,0.90223,0.56833,0.52525
-18.4791,29.40007,10.22633,-0.51895,-0.02448,0.85446,0.99034,0.0,0.0,nan,0.0,0.00756,0.02119,17.6022,1.64972,0.24303,0.4672,0.37338,0.85016,0.60616,0.37338
-18.08728,31.8261,-10.04371,-0.57878,-0.14711,-0.8021,0.9416,0.0,0.0,nan,0.0,0.01081,0.03089,22.71325,1.90533,0.23538,0.64746,0.69139,0.58803,0.52484,0.69139
-18.83333,31.09247,-8.86954,-0.63297,-0.18953,-0.75062,0.98216,0.0,0.0,nan,0.0,0.0107,0.03232,21.64959,3.44002,0.24266,0.60535,0.69204,0.59726,0.2907,0.69204
-19.5556,30.61609,-7.70487,-0.65515,-0.13427,-0.74347,0.98535,0.0,0.0,nan,0.0,0.0086,0.0234,17.55713,1.71424,0.24376,0.48637,0.48472,0.84156,0.58335,0.48472
-19.04235,31.19858,9.30447,-0.53845,0.05137,0.84109,0.99612,0.0,0.0,nan,0.0,0.00992,0.02585,18.8006,1.67596,0.24916,0.48882,0.40872,0.86885,0.59667,0.40872
-18.31715,30.53069,10.10927,-0.52565,0.05623,0.84884,0.99592,0.0,0.0,nan,0.0,0.0099,0.02667,18.72759,1.85343,0.24113,0.52107,0.70283,0.78831,0.53954,0.70283
-18.1192,32.5388,-10.09535,-0.58519,-0.03106,-0.8103,0.9411,0.0,0.0,nan,0.0,0.01131,0.02741,21.88865,1.84025,0.22881,0.60183,0.66664,0.74812,0.5434,0.66664
-19.07813,33.11913,-9.053,-0.65806,0.03961,-0.75192,0.97788,0.0,0.0,nan,0.0,0.0191,0.03936,19.317,1.63811,0.23737,0.60795,0.66626,0.88073,0.61046,0.66626
-19.78924,33.50249,-7.76547,-0.69919,0.03867,-0.71389,0.99841,0.0,0.0,nan,0.0,0.00992,0.02444,16.55819,1.69892,0.2302,0.50965,0.70947,0.89279,0.58861,0.70947
-19.04099,32.93293,9.32971,-0.5351,-0.08133,0.84087,0.99642,0.0,0.0,nan,0.0,0.01021,0.02249,19.50093,1.97048,0.22633,0.5052,0.51101,0.99103,0.50749,0.51101
-18.46468,33.74071,10.24149,-0.51458,-0.10639,0.85082,0.99442,0.0,0.0,nan,0.0,0.0053,0.01506,19.20257,1.80192,0.23457,0.38845,0.52151,1.0,0.55496,0.52151
-18.76527,35.05408,-8.60189,-0.65252,-0.01424,-0.75763,0.98964,0.0,0.0,nan,0.0,0.00851,0.02199,18.65087,1.67332,0.23325,0.46156,0.65418,0.92886,0.59761,0.65418
-19.8273,34.78481,-7.83311,-0.66608,0.01872,-0.74564,0.99592,0.0,0.0,nan,0.0,0.00918,0.02311,17.04429,1.80192,0.23743,0.44426,0.30711,0.99881,0.55496,0.30711
-19.4453,35.05559,9.51362,-0.58331,-0.00911,0.8122,0.99572,0.01742,0.0871,0.7,1.0,0.00681,0.02442,20.84736,1.9128,0.23004,0.37735,0.28791,0.80959,0.52279,0.28791
-18.45016,34.93067,10.34655,-0.52727,-0.03612,0.84893,0.99054,0.04099,0.20493,0.7,1.0,0.00909,0.02857,20.72341,2.37584,0.24246,0.40446,0.32214,0.86252,0.4209,0.32214
-18.00677,37.24284,-10.00207,-0.63282,0.04466,-0.77301,0.97738,0.0,0.0,nan,0.0,0.00729,0.02041,17.58542,1.63811,0.2384,0.50045,0.50837,0.79482,0.61046,0.50837
-18.96088,37.01804,-8.92454,-0.65699,0.01771,-0.75369,0.99303,0.0,0.0,nan,0.0,0.00704,0.02385,18.76307,1.87806,0.23765,0.44161,0.76,0.76371,0.53246,0.76
-19.99967,36.95489,-7.9981,-0.67947,0.00076,-0.7337,0.99741,0.0,0.0,nan,0.0,0.00922,0.02897,17.44955,2.0147,0.23367,0.44125,0.38856,0.80395,0.49635,0.38856
-19.06102,37.00912,9.38671,-0.56704,0.00602,0.82367,0.98874,0.05504,0.06005,0.7,0.77607,0.00506,0.01925,20.11336,1.88719,0.22254,0.32191,0.42581,0.89786,0.52989,0.42581
-18.18562,36.50437,10.09729,-0.51444,0.0755,0.85419,0.98804,0.02178,0.10891,0.7,1.0,0.01121,0.0306,20.7205,2.02007,0.2292,0.44449,0.51723,0.90355,0.49503,0.51723
-18.59183,38.91215,-8.61773,-0.6411,0.08796,-0.7624,0.99731,0.0,0.0,nan,0.0,0.00722,0.01955,17.8737,1.90583,0.23055,0.43212,0.48223,0.95086,0.52471,0.48223
-19.59645,39.061,-7.77156,-0.66393,0.09075,-0.74226,0.99871,0.0,0.0,nan,0.0,0.00986,0.02752,17.52973,1.99992,0.23978,0.42369,0.42256,0.94175,0.50002,0.42256
-19.51427,38.76052,9.56415,-0.57403,-0.03478,0.8181,0.99243,0.0,0.0,nan,0.0,0.00574,0.01972,19.04853,1.80192,0.23789,0.3828,0.52601,0.84003,0.55496,0.52601
-18.65459,39.14414,10.46984,-0.52109,-0.06854,0.85075,0.971,0.0,0.0,nan,0.0,0.00678,0.01837,18.23397,1.84614,0.24114,0.47584,0.66899,0.86035,0.54167,0.66899
-18.70046,41.06203,-8.82982,-0.67083,0.0245,-0.74121,0.99522,0.0,0.0,nan,0.0,0.01692,0.04203,18.46253,1.87984,0.23836,0.59868,0.72145,0.74534,0.53196,0.72145
-19.63268,40.9468,-7.68704,-0.69446,0.04427,-0.71817,0.99781,0.0,0.0,nan,0.0,0.00923,0.02519,19.09317,1.63811,0.22451,0.48744,0.71393,0.83044,0.61046,0.71393
-19.30328,41.20074,9.45204,-0.60791,0.05766,0.79191,0.99662,0.0,0.0,nan,0.0,0.01565,0.03282,17.61012,1.7525,0.23597,0.55581,0.41284,0.95529,0.57061,0.41284
-18.48772,40.81441,10.37927,-0.56496,0.03619,0.82433,0.98804,0.0,0.0,nan,0.0,0.0096,0.02616,18.61471,1.93604,0.23267,0.45891,0.46535,0.88595,0.51652,0.46535
-18.53304,42.79475,-8.52695,-0.68247,0.12198,-0.72066,0.99861,0.0,0.0,nan,0.0,0.01007,0.02414,19.17226,1.83415,0.2317,0.48311,0.74003,0.95397,0.54521,0.74003
-19.49508,43.11401,-7.49292,-0.69779,0.11247,-0.70742,0.99881,0.0,0.0,nan,0.0,0.00997,0.02446,19.75127,1.64904,0.22973,0.48769,0.49417,0.92071,0.60641,0.49417
-19.24701,42.92704,9.50633,-0.57763,-0.0583,0.81422,0.99283,0.0,0.0,nan,0.0,0.01353,0.03378,21.61636,1.87889,0.24787,0.52076,0.4944,0.84056,0.53223,0.4944
-18.28501,43.29961,10.23616,-0.53325,-0.03685,0.84515,0.99761,0.0,0.0,nan,0.0,0.00703,0.01746,20.64444,1.84511,0.22913,0.52596,0.65612,0.83941,0.54197,0.65612
-18.55269,45.04473,-8.46698,-0.67481,0.00506,-0.73797,0.99632,0.0,0.0,nan,0.0,0.01364,0.04379,19.57299,1.63811,0.24199,0.56008,0.62674,0.61298,0.61046,0.62674
-19.54453,44.90107,-7.39071,-0.69623,-0.01188,-0.71772,0.99592,0.0,0.0,nan,0.0,0.01298,0.03374,20.18362,1.63811,0.23619,0.5102,0.58992,0.82889,0.61046,0.58992
-19.29258,45.22718,9.99141,-0.59894,0.03974,0.79981,0.98127,0.0,0.0,nan,0.0,0.00886,0.02704,22.01675,1.89346,0.2327,0.62125,0.49459,0.57555,0.52813,0.49459
-18.69242,44.78998,10.43986,-0.5371,-0.02366,0.84319,0.98715,0.0,0.0,nan,0.0,0.0041,0.0135,20.78196,1.98917,0.23057,0.49209,0.67111,0.67645,0.50272,0.67111
-18.67421,46.99272,-8.56342,-0.62641,0.09139,-0.77412,0.98974,0.0,0.0,nan,0.0,0.00819,0.02887,20.22804,1.70188,0.23836,0.42916,0.38477,0.72583,0.58759,0.38477
-19.60187,47.19301,-7.67292,-0.64641,0.06325,-0.76036,0.99522,0.0,0.0,nan,0.0,0.00955,0.03053,20.17652,1.68374,0.23333,0.44674,0.47678,0.76945,0.59392,0.47678
-19.15765,46.95287,9.2056,-0.61801,0.01812,0.78597,0.98864,0.0,0.0,nan,0.0,0.0079,0.0162,25.5924,2.05321,0.23101,0.58708,0.44595,0.8958,0.48704,0.44595
-18.52391,47.19381,10.45957,-0.56934,-0.00531,0.82208,0.99193,0.0,0.0,nan,0.0,0.00716,0.01487,23.43653,1.69441,0.22892,0.53671,0.54409,0.97321,0.59017,0.54409
-18.2862,49.46689,-8.08003,-0.62203,0.01246,-0.78289,0.99233,0.0,0.0,nan,0.0,0.01455,0.03079,24.02635,1.63811,0.24038,0.56109,0.35998,0.91252,0.61046,0.35998
-19.22946,48.91273,-7.44955,-0.65032,0.07478,-0.75597,0.99851,0.0,0.0,nan,0.0,0.0103,0.02248,20.23043,1.63811,0.23586,0.51867,0.36069,0.97053,0.61046,0.36069
-19.64388,48.77658,9.76034,-0.64369,-0.0401,0.76423,0.98246,0.0,0.0,nan,0.0,0.01308,0.0248,24.75877,1.73173,0.2413,0.64671,0.42394,0.88175,0.57746,0.42394
-18.62267,49.08559,10.35258,-0.59906,-0.03566,0.79991,0.99233,0.0,0.0,nan,0.0,0.01072,0.02257,22.33467,1.68356,0.23085,0.58722,0.44683,0.88145,0.59398,0.44683
-18.42162,51.0292,-8.34155,-0.672,0.03595,-0.73968,0.98854,0.0,0.0,nan,0.0,0.00935,0.02999,20.11012,1.66398,0.23541,0.49275,0.53643,0.69574,0.60097,0.53643
-19.56055,51.11279,-7.41348,-0.72005,0.08586,-0.68859,0.99233,0.0,0.0,nan,0.0,0.00632,0.01767,17.69179,1.9487,0.23607,0.43664,0.38399,0.91128,0.51316,0.38399
-19.89177,51.92314,-5.8601,-0.72502,0.09887,-0.6816,0.98924,0.0,0.0,nan,0.0,0.00575,0.01296,16.01015,1.80192,0.23507,0.53072,0.68696,0.94051,0.55496,0.68696
-19.29182,50.92939,9.1954,-0.65065,0.13097,0.748,0.99064,0.0,0.0,nan,0.0,0.02177,0.05249,25.833,1.6894,0.24387,0.65492,0.44055,0.68246,0.59193,0.44055
-18.42566,50.8059,10.41342,-0.60164,0.10662,0.79162,0.99273,0.0,0.0,nan,0.0,0.00885,0.03128,25.25756,1.85974,0.25269,0.59385,0.53543,0.51444,0.53771,0.53543
-18.27138,52.88675,-8.22588,-0.66343,0.0944,-0.74226,0.98894,0.0,0.0,nan,0.0,0.00925,0.02886,16.06197,1.71226,0.23545,0.44195,0.3494,0.8159,0.58402,0.3494
-19.13307,53.08025,-6.98682,-0.71563,0.08724,-0.69301,0.99821,0.0,0.0,nan,0.0,0.01031,0.02163,16.44687,1.9159,0.23413,0.57948,0.48573,0.92289,0.52195,0.48573
-19.85282,52.65687,-5.76685,-0.71841,0.08151,-0.69083,0.98466,0.0,0.0,nan,0.0,0.00644,0.01375,15.55767,1.75128,0.24083,0.55377,0.75224,0.96165,0.57101,0.75224
-19.19637,53.01023,9.12523,-0.64204,-0.09017,0.76135,0.98785,0.0,0.0,nan,0.0,0.00927,0.02138,23.65131,1.70646,0.2329,0.47266,0.43272,0.99494,0.58601,0.43272
-18.35681,53.45446,10.27623,-0.58734,-0.10412,0.80261,0.99392,0.0,0.0,nan,0.0,0.01129,0.02659,22.17942,1.69784,0.23804,0.48751,0.57446,0.94961,0.58898,0.57446
-18.36319,55.35595,-8.35312,-0.66551,0.1536,-0.73041,0.90323,0.0,0.0,nan,0.0,0.00846,0.05047,19.53385,1.88997,0.23636,0.61399,0.67033,0.30086,0.52911,0.67033
-19.21691,54.92582,-7.10045,-0.75441,0.14533,-0.64011,0.95496,0.0,0.0,nan,0.0,0.01129,0.06002,23.82146,2.20236,0.23753,0.72255,0.80608,0.34402,0.45406,0.80608
-19.47035,55.11598,9.48663,-0.6506,-0.01871,0.75919,0.99691,0.0,0.0,nan,0.0,0.0081,0.02616,18.49136,1.78319,0.24225,0.50441,0.81826,0.86978,0.56079,0.81826
-18.48506,54.82123,10.36265,-0.60208,-0.03571,0.79764,0.99343,0.0,0.0,nan,0.0,0.00937,0.02673,18.6681,2.20402,0.23618,0.51246,0.77471,0.82215,0.45372,0.77471
-18.27966,56.49662,-8.286,-0.62792,0.43515,-0.64527,0.77118,0.0,0.0,nan,0.0,0.01993,0.07039,22.01012,2.85441,0.2347,0.63388,0.81648,0.61885,0.35033,0.81648
-18.90539,56.81092,-6.92769,-0.61983,0.6755,-0.39939,0.81543,0.0,0.0,nan,0.0,0.03103,0.06207,26.72091,1.85727,0.22384,0.6531,0.68896,0.82261,0.53842,0.68896
-18.98045,56.76664,-5.03485,-0.40478,0.90384,-0.13864,0.93632,0.0,0.0,nan,0.0,0.00821,0.05848,24.59738,2.25203,0.23642,0.49877,0.59877,0.30432,0.44404,0.59877
-19.10355,56.90754,-3.03214,-0.42322,0.89772,-0.12239,0.96173,0.0,0.0,nan,0.0,0.00832,0.03441,20.24741,1.96137,0.23443,0.7281,0.68085,0.36467,0.50985,0.68085
-18.83516,56.77982,-1.00295,-0.65715,0.65497,-0.37304,0.83048,0.0,0.0,nan,0.0,0.00511,0.01433,17.70214,2.05268,0.22467,0.60239,0.85555,0.99556,0.48717,0.85555
-19.71328,57.15545,0.38452,-0.7636,0.40478,-0.50306,0.88788,0.0,0.0,nan,0.0,0.00464,0.03806,27.29787,1.77565,0.2414,0.75446,0.92631,0.39824,0.56317,0.92631
-19.1109,57.06018,9.44343,-0.61795,-0.04665,0.78483,0.99014,0.0,0.0,nan,0.0,0.01024,0.02479,17.25611,1.93699,0.23905,0.52756,0.42719,0.87332,0.51627,0.42719
-18.08086,56.92915,10.05723,-0.57722,-0.01064,0.81652,0.98605,0.0,0.0,nan,0.0,0.01085,0.02663,18.72262,1.92059,0.23126,0.58992,0.52054,0.76432,0.52067,0.52054
-18.76877,59.05003,-0.68709,-0.77005,0.04803,-0.63617,0.96492,0.0,0.0,nan,0.0,0.00755,0.17076,18.45167,1.83504,0.22531,0.76877,0.97741,0.23424,0.54495,0.97741
-19.86443,58.9967,0.2036,-0.7881,0.04497,-0.6139,0.99183,0.0,0.0,nan,0.0,0.00491,0.10139,18.60103,1.72811,0.23678,0.82532,0.97723,0.23792,0.57867,0.97723
-19.50344,58.96875,9.77506,-0.62135,-0.00486,0.78352,0.99402,0.0,0.0,nan,0.0,0.00607,0.01491,17.09793,3.50663,0.23801,0.60101,0.47485,0.75734,0.28517,0.47485
-18.71616,59.01221,10.65261,-0.57921,-0.03111,0.81459,0.9706,0.0,0.0,nan,0.0,0.00831,0.01877,17.39458,1.63811,0.23649,0.60646,0.50038,0.8143,0.61046,0.50038
-18.88802,61.01947,-1.01047,-0.76368,-0.00932,-0.64553,0.99881,0.0,0.0,nan,0.0,0.00455,0.01682,11.68935,1.98063,0.21949,0.37402,0.4797,0.8467,0.50489,0.4797
-19.94281,60.87674,0.2672,-0.80656,0.01232,-0.59102,0.99662,0.0,0.0,nan,0.0,0.00527,0.02412,11.23794,1.88296,0.22583,0.34558,0.3459,0.74453,0.53108,0.3459
-19.19624,60.9963,9.24843,-0.65731,0.05746,0.75143,0.98077,0.0,0.0,nan,0.0,0.00922,0.02291,19.2971,2.02492,0.23717,0.52509,0.52659,0.84599,0.49385,0.52659
-18.38876,60.98104,10.39758,-0.55839,0.07535,0.82615,0.98984,0.0,0.0,nan,0.0,0.00818,0.02205,22.0253,1.7207,0.24292,0.59696,0.42646,0.67815,0.58116,0.42646
-18.7812,62.90532,-0.84363,-0.77645,0.05104,-0.62811,0.99881,0.0,0.0,nan,0.0,0.0047,0.0248,10.80686,1.91287,0.2269,0.36246,0.41007,0.61986,0.52278,0.41007
-19.71667,63.08825,0.38395,-0.8251,0.06978,-0.56066,0.99881,0.00091,0.00455,0.7,1.0,0.00372,0.02615,9.41864,2.07175,0.22448,0.22991,0.24829,0.74993,0.48268,0.24829
-19.43707,62.58123,9.69881,-0.62914,-0.11637,0.76853,0.99313,0.0,0.0,nan,0.0,0.00868,0.02387,16.98248,1.83028,0.23982,0.49462,0.40855,0.8217,0.54637,0.40855
-18.73975,63.28749,10.35697,-0.55517,-0.09332,0.82648,0.98396,0.0,0.0,nan,0.0,0.00977,0.03014,17.39888,1.9421,0.23442,0.5286,0.42518,0.68379,0.51491,0.42518
-18.68486,64.98691,-0.8578,-0.79836,0.05331,-0.59982,0.99811,0.0,0.0,nan,0.0,0.00881,0.08212,7.78984,1.90863,0.23274,0.52414,0.93105,0.61174,0.52394,0.93105
-19.72489,65.04122,0.47647,-0.83008,0.0817,-0.55162,0.99871,0.0,0.0,nan,0.0,0.01232,0.0535,7.30216,1.73515,0.22338,0.29832,0.57964,0.98304,0.57632,0.57964
-19.5715,65.33185,9.50738,-0.63811,0.13402,0.75819,0.99482,0.0,0.0,nan,0.0,0.00668,0.02461,17.36766,1.80192,0.24311,0.43341,0.52923,0.69828,0.55496,0.52923
-18.71038,64.97503,10.57666,-0.54137,0.11264,0.83321,0.96911,0.0,0.0,nan,0.0,0.00638,0.01947,17.59763,1.82104,0.22622,0.41851,0.41314,0.87193,0.54914,0.41314
-18.53122,66.93126,-0.84905,-0.83542,0.02308,-0.54913,0.99831,0.0,0.0,nan,0.0,0.01475,0.05659,7.13719,1.91986,0.2237,0.33952,0.39928,0.98316,0.52087,0.39928
-19.52442,67.0387,0.76082,-0.83932,0.07275,-0.53875,0.99851,0.0,0.0,nan,0.0,0.02355,0.07586,7.27532,1.92647,0.22413,0.40286,0.47344,0.98224,0.51908,0.47344
-19.10295,67.06236,9.37658,-0.58091,0.00047,0.81397,0.98725,0.0,0.0,nan,0.0,0.00807,0.02349,20.45112,1.80192,0.23621,0.50237,0.81388,0.94357,0.55496,0.81388
-18.34462,66.48895,10.2108,-0.51837,0.12072,0.84659,0.99044,0.0,0.0,nan,0.0,0.0084,0.02279,21.33938,2.1407,0.23644,0.43434,0.67008,0.92832,0.46714,0.67008
-18.15095,69.46902,-2.2808,-0.86758,-0.10825,-0.48538,0.99552,0.0,0.0,nan,0.0,0.01176,0.03041,9.58367,2.24032,0.23361,0.56838,0.65284,0.82249,0.44636,0.65284
-18.50098,69.0535,-0.95582,-0.88002,-0.04306,-0.47298,0.99801,0.00049,0.00245,0.7,1.0,0.01162,0.03573,9.33801,1.87538,0.24085,0.51771,0.71988,0.76257,0.53323,0.71988
-19.46408,68.98448,0.82176,-0.85959,0.01871,-0.51064,0.99841,0.0,0.0,nan,0.0,0.01254,0.04955,8.28418,1.80192,0.22607,0.34567,0.54145,0.90922,0.55496,0.54145
-19.3747,68.78973,9.67661,-0.57617,-0.08774,0.81261,0.99562,0.0,0.0,nan,0.0,0.00843,0.01864,20.58713,1.80945,0.22685,0.52162,0.70261,0.95088,0.55265,0.70261
-18.57794,69.11932,10.4899,-0.52707,-0.10824,0.8429,0.97947,0.00695,0.03477,0.6,1.0,0.00895,0.01876,20.621,1.80192,0.23246,0.58932,0.73978,0.88826,0.55496,0.73978
-18.14587,71.04313,-2.38189,-0.88812,-0.07,-0.45424,0.99592,0.0,0.0,nan,0.0,0.00891,0.0255,11.95024,1.80192,0.2313,0.48962,0.78134,0.92619,0.55496,0.78134
-18.47091,71.01343,-0.94608,-0.91242,-0.04483,-0.40679,0.99911,0.0,0.0,nan,0.0,0.01457,0.03117,11.27158,1.63811,0.24189,0.6163,0.55784,0.89289,0.61046,0.55784
-19.58659,71.02826,0.82596,-0.88259,0.02033,-0.4697,0.99861,0.0,0.0,nan,0.0,0.02546,0.06807,9.35503,1.96465,0.21961,0.5331,0.79156,0.98238,0.509,0.79156
-19.31705,71.09834,9.43396,-0.62043,0.06347,0.78169,0.98924,0.0,0.0,nan,0.0,0.01613,0.03648,24.90985,1.63811,0.25132,0.58511,0.77547,0.8887,0.61046,0.77547
-18.45014,70.90676,10.41807,-0.58024,0.062,0.81208,0.98685,0.0,0.0,nan,0.0,0.01844,0.03958,22.72804,1.64144,0.24524,0.66349,0.73963,0.76402,0.60922,0.73963
-18.28762,73.01094,-2.4932,-0.8986,0.00656,-0.43871,0.99143,0.01165,0.05825,0.7,1.0,0.01335,0.03579,12.05597,1.88475,0.22912,0.43497,0.66895,1.0,0.53058,0.66895
-18.57201,72.97441,-1.01434,-0.9213,0.01308,-0.38863,0.99861,0.0,0.0,nan,0.0,0.00978,0.02835,12.53969,1.80192,0.23017,0.40695,0.60516,0.98329,0.55496,0.60516
-19.53149,72.98961,0.95594,-0.91127,0.06651,-0.40641,0.99821,0.0,0.0,nan,0.0,0.00633,0.03372,12.0208,1.71838,0.22757,0.41579,0.85588,0.79647,0.58194,0.85588
-19.92757,73.66899,2.17557,-0.91358,0.12181,-0.38798,0.99871,0.0,0.0,nan,0.0,0.01026,0.04174,10.65181,2.03793,0.21367,0.31334,0.48385,0.93149,0.49069,0.48385
-18.94446,72.87797,9.11059,-0.5927,-0.11591,0.79704,0.95536,0.0,0.0,nan,0.0,0.01097,0.02644,23.24555,1.72814,0.23643,0.476,0.46016,0.94673,0.57866,0.46016
-18.58378,73.42345,10.36491,-0.51308,-0.10753,0.85158,0.97947,0.0,0.0,nan,0.0,0.01336,0.02557,23.11274,3.03561,0.23878,0.59624,0.25429,0.95168,0.32942,0.25429
-18.15969,74.80874,-2.2749,-0.90756,0.07002,-0.41405,0.99701,0.0,0.0,nan,0.0,0.01158,0.04103,12.75551,1.88795,0.21223,0.32791,0.45721,0.99591,0.52967,0.45721
-18.45126,75.02536,-1.01124,-0.92704,0.10624,-0.35959,0.99931,0.01721,0.08603,0.7,1.0,0.00985,0.0416,14.44899,1.92123,0.22508,0.27609,0.42551,0.97661,0.5205,0.42551
-19.3763,75.03535,0.94401,-0.92487,0.11795,-0.36154,0.99881,0.0,0.0,nan,0.0,0.00743,0.04037,14.74067,1.7069,0.22023,0.27527,0.46681,0.75927,0.58586,0.46681
-19.70077,75.0744,2.52241,-0.92264,0.15854,-0.35157,0.99871,0.0,0.0,nan,0.0,0.00514,0.04122,11.48092,1.63811,0.22684,0.25791,0.30683,0.56778,0.61046,0.30683
-19.87531,75.06396,9.58406,-0.57733,0.00061,0.81651,0.98735,0.0,0.0,nan,0.0,0.01547,0.02863,26.48914,1.86963,0.23541,0.62525,0.47395,0.92953,0.53486,0.47395
-18.9958,75.06417,10.89208,-0.48482,0.0359,0.87388,0.89227,0.0,0.0,nan,0.0,0.01058,0.02116,24.78229,1.88383,0.23676,0.60149,0.34851,0.89841,0.53083,0.34851
-18.05052,76.66773,-2.08552,-0.925,0.10293,-0.36577,0.99652,0.01422,0.07109,0.7,1.0,0.00903,0.03483,13.21414,1.89243,0.22269,0.29861,0.60963,1.0,0.52842,0.60963
-18.28656,76.82304,-0.80106,-0.93445,0.12501,-0.33342,0.99811,0.0,0.0,nan,0.0,0.01097,0.03705,15.72004,2.19304,0.21782,0.35147,0.36186,0.94907,0.45599,0.36186
-18.96597,77.04151,0.96246,-0.93194,0.19973,-0.30266,0.99562,0.0,0.0,nan,0.0,0.00783,0.03971,16.80747,1.64698,0.23386,0.26084,0.4634,0.84577,0.60717,0.4634
-19.65634,77.12399,2.94599,-0.9059,0.26476,-0.33052,0.99901,0.0,0.0,nan,0.0,0.00521,0.05658,33.8497,2.95921,0.24893,0.43049,0.3476,0.2266,0.33793,0.3476
-19.82769,77.56407,4.25798,-0.8525,0.21789,-0.47515,0.98486,0.0,0.0,nan,0.0,0.00987,0.07474,38.70645,1.72105,0.2357,0.61275,0.76506,0.23801,0.58104,0.76506
-19.22428,76.99996,9.34006,-0.525,0.11578,0.84319,0.96851,0.0,0.0,nan,0.0,0.01274,0.02775,24.57142,3.31844,0.23954,0.60867,0.63104,0.81543,0.30135,0.63104
-18.58226,76.46725,10.17127,-0.46161,0.16057,0.87243,0.99552,0.0,0.0,nan,0.0,0.01055,0.02494,21.64394,1.8748,0.23994,0.58069,0.3818,0.79593,0.53339,0.3818
-18.19791,79.07977,-0.45143,-0.96013,0.11918,-0.25289,0.99891,0.0,0.0,nan,0.0,0.0146,0.04567,14.16315,2.33302,0.22617,0.49168,0.50371,0.74218,0.42863,0.50371
-18.56518,78.94034,0.99912,-0.95962,0.16784,-0.22575,0.99741,0.0,0.0,nan,0.0,0.00738,0.04829,22.50623,1.66133,0.24156,0.42237,0.46825,0.39405,0.60193,0.46825
-18.6304,78.77242,3.15742,-0.92586,0.16843,-0.33824,0.942,0.0,0.0,nan,0.0,0.00793,0.04661,37.21573,1.80192,0.23291,0.57,0.77411,0.34075,0.55496,0.77411
-19.41194,78.82941,4.28564,-0.84827,0.09252,-0.52141,0.95904,0.0,0.0,nan,0.0,0.00591,0.05251,37.98845,1.68443,0.23829,0.61865,0.89002,0.34693,0.59367,0.89002
-19.26509,78.96612,9.28461,-0.51218,-0.21384,0.83183,0.96761,0.0,0.0,nan,0.0,0.00758,0.02452,24.59129,3.3182,0.2344,0.57338,0.66734,0.58268,0.30137,0.66734
-18.53138,79.14107,10.39652,-0.46102,-0.19059,0.86668,0.98804,0.0,0.0,nan,0.0,0.00949,0.0259,21.2603,1.80192,0.24128,0.58566,0.68494,0.68474,0.55496,0.68494
-18.06651,81.14582,-0.44401,-0.9794,0.02601,-0.20024,0.99592,0.0,0.0,nan,0.0,0.01212,0.03274,13.79628,1.66333,0.23414,0.4819,0.37179,0.8799,0.6012,0.37179
-18.17366,80.93073,1.09855,-0.96494,0.02834,-0.26093,0.99442,0.0,0.0,nan,0.0,0.01107,0.03916,15.30345,1.8615,0.24065,0.40324,0.39549,0.79286,0.5372,0.39549
-19.01186,81.01627,3.02967,-0.87635,-0.11427,-0.46792,0.98994,0.0,0.0,nan,0.0,0.00466,0.05197,27.39393,1.70286,0.23788,0.56688,0.84069,0.23901,0.58725,0.84069
-19.79241,80.97032,4.26402,-0.7899,-0.16149,-0.59159,0.99592,0.0,0.0,nan,0.0,0.00521,0.0416,20.24655,1.87807,0.2393,0.47967,0.68289,0.28707,0.53246,0.68289
-19.00487,81.10446,10.67444,-0.35132,0.14768,0.92453,0.86347,0.0,0.0,nan,0.0,0.01051,0.05432,29.99557,1.85125,0.23379,0.81853,0.83411,0.34484,0.54017,0.83411
-18.17294,83.67519,-2.19464,-0.81447,0.20972,-0.54098,0.77497,0.0,0.0,nan,0.0,0.00899,0.02969,27.72249,1.71185,0.24499,0.49461,0.64549,0.65633,0.58416,0.64549
-18.14427,83.66363,-0.97932,-0.89763,0.10624,-0.42775,0.83965,0.0,0.0,nan,0.0,0.00751,0.03373,30.06485,3.44002,0.23864,0.57679,0.62106,0.41153,0.2907,0.62106
-18.19194,83.17211,1.18648,-0.96228,-0.0084,-0.27195,0.92197,0.0,0.0,nan,0.0,0.01319,0.07986,22.36558,1.6901,0.25441,0.6287,0.87494,0.47678,0.59168,0.87494
-19.36028,82.96711,2.86246,-0.86356,-0.03085,-0.50331,0.94439,0.0,0.0,nan,0.0,0.01981,0.07695,16.53388,1.72964,0.2303,0.40694,0.46286,0.70921,0.57815,0.46286
-19.95701,82.51863,4.09452,-0.83014,-0.00922,-0.55748,0.96921,0.0,0.0,nan,0.0,0.01358,0.09844,14.60032,2.32588,0.23083,0.40342,0.90725,0.78289,0.42995,0.90725
-18.91144,83.82028,7.57777,0.05697,0.91041,0.40976,0.99831,0.02063,0.10317,0.7,1.0,0.02169,0.09443,9.08442,1.69359,0.22776,0.29408,0.48647,0.95316,0.59046,0.48647
-19.03265,83.09639,9.08717,-0.04865,0.79008,0.61107,0.96801,0.0,0.0,nan,0.0,0.02482,0.07212,10.01904,1.86891,0.22584,0.43016,0.5944,0.95987,0.53507,0.5944
-18.69691,82.20628,10.19023,-0.2034,0.52657,0.82544,0.90483,0.0,0.0,nan,0.0,0.02595,0.15808,11.30557,3.0766,0.23429,0.63399,0.94535,0.81286,0.32503,0.94535
-18.14421,84.07525,-2.05665,-0.74802,0.31163,-0.58596,0.74308,0.0,0.0,nan,0.0,0.01198,0.0318,30.49957,1.98414,0.24032,0.63231,0.53763,0.63468,0.504,0.53763
-18.90237,84.79039,-0.96443,-0.81616,0.30632,-0.48994,0.59209,0.0,0.0,nan,0.0,0.0,,,,,,,,,
-19.2197,84.8503,1.06857,-0.91837,0.19302,-0.34545,0.60674,0.0,0.0,nan,0.0,0.01447,0.11605,27.74367,2.68328,0.23079,0.37437,0.73327,0.35694,0.37268,0.73327
-19.15271,85.21867,2.90257,-0.248,0.96752,0.04897,0.74248,0.0,0.0,nan,0.0,0.0073,0.25303,51.44297,3.31046,0.22585,0.47986,0.99377,0.28387,0.30207,0.99377
-18.99756,84.636,5.01703,-0.14641,0.98257,0.11453,0.93283,0.0,0.0,nan,0.0,0.00884,0.33007,60.20953,3.04279,0.22767,0.69407,0.99913,0.19662,0.32865,0.99913
-19.07744,84.17934,6.58582,-0.05397,0.97282,0.22519,0.99652,0.0,0.0,nan,0.0,0.00531,0.26802,28.85535,1.63811,0.23304,0.40494,0.9683,0.17352,0.61046,0.9683
-16.68584,1.81038,3.43133,-0.15135,-0.95235,-0.26481,0.99283,0.0,0.0,nan,0.0,0.00651,0.022,19.19407,1.63811,0.23996,0.5087,0.56686,0.64219,0.61046,0.56686
-16.98,1.57853,5.14717,-0.27099,-0.95745,-0.0993,0.97668,0.0,0.0,nan,0.0,0.00722,0.02123,21.32675,1.80192,0.23173,0.44178,0.55487,0.84233,0.55496,0.55487
-17.03167,1.31244,7.01476,-0.32516,-0.92883,0.1776,0.90642,0.0,0.0,nan,0.0,0.0095,0.04536,29.87165,1.67676,0.23806,0.48067,0.48853,0.46494,0.59639,0.48853
-16.5305,1.77516,8.40812,-0.25193,-0.89702,0.36315,0.95605,0.0,0.0,nan,0.0,0.01338,0.04382,22.70561,1.7922,0.23321,0.58722,0.80205,0.67859,0.55797,0.80205
-16.90395,3.64958,-0.2369,-0.14754,-0.73132,-0.66589,0.98117,0.0,0.0,nan,0.0,0.00843,0.02756,13.9843,1.90271,0.23644,0.44746,0.63068,0.78145,0.52557,0.63068
-17.01106,2.77444,0.8787,-0.11464,-0.85064,-0.5131,0.98236,0.0,0.0,nan,0.0,0.00914,0.03356,13.41036,1.87485,0.23344,0.39891,0.71157,0.78496,0.53338,0.71157
-17.19485,2.21755,2.74115,-0.1605,-0.94984,-0.26841,0.99452,0.0,0.0,nan,0.0,0.00661,0.02816,19.06762,1.8108,0.23927,0.4499,0.63569,0.57669,0.55224,0.63569
-17.31326,2.21947,4.59997,-0.31589,-0.93858,-0.13887,0.99831,0.0,0.0,nan,0.0,0.00943,0.02809,19.64803,1.80192,0.23838,0.51933,0.48925,0.71241,0.55496,0.48925
-17.71666,2.27665,7.47137,-0.47858,-0.83812,0.26174,0.98595,0.0,0.0,nan,0.0,0.01013,0.05964,25.37624,1.70262,0.23961,0.55186,0.49603,0.33195,0.58733,0.49603
-17.23638,2.65707,9.14056,-0.42095,-0.79966,0.42819,0.98645,0.0,0.0,nan,0.0,0.00461,0.0414,22.99538,1.84853,0.23481,0.67843,0.86989,0.28934,0.54097,0.86989
-16.83249,3.20792,10.79694,-0.34439,-0.69505,0.63111,0.9411,0.0,0.0,nan,0.0,0.01112,0.02958,16.93677,3.40454,0.25363,0.53961,0.64686,0.77904,0.29373,0.64686
-16.17038,5.86411,-2.03144,-0.31064,-0.41515,-0.85507,0.9725,0.0,0.0,nan,0.0,0.01334,0.0386,14.71908,1.80192,0.24109,0.49227,0.48425,0.79713,0.55496,0.48425
-16.9956,5.00297,-1.15016,-0.29581,-0.48144,-0.82506,0.96672,0.0,0.0,nan,0.0,0.01587,0.04172,14.92153,1.63811,0.24388,0.5468,0.63123,0.78876,0.61046,0.63123
-17.28623,4.70244,11.5231,-0.35833,-0.4129,0.83732,0.95097,0.0,0.0,nan,0.0,0.00603,0.03543,21.28542,1.75357,0.23929,0.67867,0.774,0.29719,0.57026,0.774
-16.6047,5.48779,12.09913,-0.25421,-0.25968,0.93163,0.9707,0.0,0.0,nan,0.0,0.01109,0.02707,20.60946,2.22002,0.23836,0.59325,0.49247,0.7578,0.45045,0.49247
-16.44293,7.1517,-2.2901,-0.45756,-0.20674,-0.86481,0.972,0.0,0.0,nan,0.0,0.01569,0.03928,16.86105,2.86642,0.23967,0.50981,0.53243,0.8766,0.34887,0.53243
-17.41574,6.97188,-1.59083,-0.5913,-0.10266,-0.79989,0.96353,0.0,0.0,nan,0.0,0.01479,0.03663,17.91914,1.98946,0.23007,0.49508,0.54703,0.90659,0.50265,0.54703
-17.02171,7.02123,11.71086,-0.24349,-0.17946,0.95316,0.98645,0.0,0.0,nan,0.0,0.01928,0.04602,20.11041,3.37853,0.24778,0.53251,0.32899,0.86505,0.29599,0.32899
-17.10499,7.39133,12.00751,-0.24427,-0.13373,0.96044,0.98376,0.0,0.0,nan,0.0,0.02224,0.06504,22.67059,1.72413,0.22501,0.68364,0.8197,0.70072,0.58,0.8197
-16.76643,9.00229,-2.66211,-0.61186,-0.26946,-0.74366,0.97738,0.0,0.0,nan,0.0,0.01532,0.03953,17.57524,1.94146,0.23581,0.5358,0.28247,0.80571,0.51508,0.28247
-17.62877,8.9933,-1.13075,-0.7768,-0.15706,-0.60985,0.95506,0.0,0.0,nan,0.0,0.01557,0.04363,18.13672,2.38501,0.22336,0.51453,0.57722,0.77017,0.41929,0.57722
-17.74496,9.99445,11.99497,-0.30828,0.12472,0.94308,0.96771,0.0,0.0,nan,0.0,0.01362,0.02854,30.9518,2.19844,0.23441,0.55679,0.46142,0.91246,0.45487,0.46142
-16.98857,8.99292,12.367,-0.2018,0.03042,0.97896,0.96423,4e-05,0.00019,0.6,1.0,0.02088,0.04861,28.56625,1.66028,0.25196,0.59732,0.723,0.76943,0.60231,0.723
-16.46972,11.55378,-4.38405,-0.50088,-0.57484,-0.64706,0.99761,0.0,0.0,nan,0.0,0.01065,0.04743,8.97186,2.01259,0.24111,0.47618,0.72086,0.57653,0.49687,0.72086
-17.06041,10.96672,-3.0689,-0.55825,-0.55311,-0.61841,0.98834,0.0,0.0,nan,0.0,0.00489,0.01556,9.84749,3.60383,0.2524,0.41919,0.42647,0.90259,0.27748,0.42647
-17.66116,10.4348,-1.46551,-0.66359,-0.49576,-0.56023,0.9425,0.0,0.0,nan,0.0,0.00992,0.03247,15.92774,1.79656,0.2374,0.46401,0.31684,0.74113,0.55662,0.31684
-17.06907,11.28121,11.75353,-0.21223,0.07809,0.97409,0.98964,0.0,0.0,nan,0.0,0.0143,0.03679,28.12321,1.83447,0.23475,0.42082,0.53201,0.98897,0.54512,0.53201
-17.09892,10.51836,12.01309,-0.21972,0.14646,0.96451,0.98286,0.0,0.0,nan,0.0,0.016,0.04646,30.98288,1.6594,0.24242,0.44176,0.35333,0.82962,0.60263,0.35333
-16.22705,13.72668,-6.14723,-0.45611,-0.54204,-0.70581,0.99941,0.0,0.0,nan,0.0,0.01325,0.05326,9.01893,1.79525,0.23412,0.3712,0.45611,0.8191,0.55702,0.45611
-17.05246,12.98285,-5.06133,-0.49456,-0.5451,-0.67696,0.99931,0.0,0.0,nan,0.0,0.01302,0.05727,7.2431,1.91844,0.22825,0.29493,0.53815,0.98371,0.52126,0.53815
-17.78212,12.18388,-3.85729,-0.50647,-0.58933,-0.62943,0.99941,0.0,0.0,nan,0.0,0.01452,0.05856,7.85212,1.657,0.24382,0.34888,0.63044,0.89175,0.6035,0.63044
-17.06485,12.57644,11.47887,-0.20759,-0.02725,0.97784,0.99064,0.0,0.0,nan,0.0,0.00732,0.02078,26.11196,1.80192,0.23666,0.44296,0.419,0.85625,0.55496,0.419
-16.93644,13.42867,12.31295,-0.22826,-0.01449,0.97349,0.97509,0.0,0.0,nan,0.0,0.00564,0.01991,22.39578,2.03793,0.23135,0.39811,0.37595,0.77492,0.49069,0.37595
-16.919,15.03676,-6.88049,-0.48503,-0.45103,-0.74921,0.99771,0.0,0.0,nan,0.0,0.01237,0.04012,8.63787,1.87314,0.23196,0.39371,0.404,0.96445,0.53386,0.404
-17.58788,14.36801,-5.72832,-0.50389,-0.5221,-0.68812,0.99941,0.0,0.0,nan,0.0,0.01489,0.05464,8.60098,1.88804,0.24201,0.36361,0.47487,0.92354,0.52965,0.47487
-17.11082,15.19967,11.56183,-0.33841,0.18767,0.9221,0.99133,0.0,0.0,nan,0.0,0.0064,0.03158,22.28574,3.38938,0.23172,0.57029,0.76505,0.40685,0.29504,0.76505
-16.66792,14.443,12.2678,-0.29176,0.07533,0.95352,0.9707,0.0,0.0,nan,0.0,0.00502,0.02175,21.18277,1.87035,0.24093,0.40495,0.38849,0.62333,0.53466,0.38849
-16.09077,17.27434,-8.03955,-0.42149,-0.15799,-0.89296,0.99931,0.0,0.0,nan,0.0,0.00853,0.03602,14.22551,1.71989,0.2336,0.49507,0.54548,0.54539,0.58143,0.54548
-17.05839,16.96252,-7.4637,-0.45257,-0.20284,-0.86835,0.99731,0.0,0.0,nan,0.0,0.00624,0.03868,14.37878,1.63811,0.23895,0.46747,0.41298,0.39315,0.61046,0.41298
-16.90986,16.95422,11.11353,-0.36322,0.0708,0.92901,0.98495,0.0,0.0,nan,0.0,0.00838,0.01896,18.43539,1.72313,0.23927,0.48985,0.71089,1.0,0.58034,0.71089
-16.68818,19.81741,-8.0057,-0.43835,-0.22683,-0.86971,0.99652,0.0,0.0,nan,0.0,0.01517,0.03545,19.80522,1.80192,0.24191,0.62392,0.77007,0.80665,0.55496,0.77007
-17.12505,18.77769,-7.53657,-0.43356,-0.21824,-0.8743,0.99801,0.0,0.0,nan,0.0,0.00972,0.02806,16.26718,1.96595,0.23069,0.50499,0.42155,0.76991,0.50866,0.42155
-17.11454,19.04101,11.58401,-0.36885,0.09156,0.92497,0.97349,0.0,0.0,nan,0.0,0.0091,0.02095,18.6276,1.63811,0.24461,0.62391,0.71039,0.77071,0.61046,0.71039
-16.0205,18.92937,12.01949,-0.29753,0.08576,0.95085,0.98376,0.0,0.0,nan,0.0,0.00946,0.02009,18.53268,1.68285,0.24508,0.64989,0.65287,0.80276,0.59423,0.65287
-17.05617,20.98096,-8.78933,-0.45065,-0.08227,-0.8889,0.96851,0.0,0.0,nan,0.0,0.0072,0.02025,19.45816,2.59424,0.23042,0.55684,0.46255,0.70408,0.38547,0.46255
-17.85248,20.26017,-7.85052,-0.47765,-0.17947,-0.86003,0.99064,0.0,0.0,nan,0.0,0.00675,0.01909,18.639,1.86689,0.23728,0.43504,0.45174,0.89992,0.53565,0.45174
-17.85512,21.89569,9.89082,-0.46315,0.01565,0.88614,0.96632,0.0,0.0,nan,0.0,0.01215,0.02473,20.80387,1.80192,0.23012,0.64273,0.35711,0.83765,0.55496,0.35711
-16.99128,21.05385,10.81095,-0.40063,0.17703,0.89897,0.98715,0.0,0.0,nan,0.0,0.01289,0.02574,22.77206,1.97142,0.23023,0.70944,0.56532,0.76766,0.50725,0.56532
-16.43229,23.07502,-8.21455,-0.46077,-0.04029,-0.88661,0.972,0.0,0.0,nan,0.0,0.00956,0.01953,19.24,1.72527,0.24101,0.56483,0.57469,0.95701,0.57962,0.57469
-17.23245,23.04136,-7.48035,-0.46776,0.0071,-0.88382,0.95496,0.0,0.0,nan,0.0,0.01013,0.02129,17.97941,1.75963,0.22933,0.54691,0.37553,0.96708,0.5683,0.37553
-17.77654,22.14883,9.84202,-0.45707,-0.01708,0.88927,0.9705,0.0,0.0,nan,0.0,0.01072,0.02434,19.20722,1.80192,0.23021,0.63165,0.39731,0.77003,0.55496,0.39731
-17.05828,22.83434,10.95961,-0.38222,-0.03835,0.92328,0.99333,0.0,0.0,nan,0.0,0.00998,0.02442,19.18009,1.80192,0.23826,0.55601,0.74358,0.81185,0.55496,0.74358
-16.0545,25.89381,-10.06897,-0.48535,-0.26434,-0.8334,0.97648,0.0,0.0,nan,0.0,0.00633,0.0211,11.77167,3.44002,0.23992,0.43607,0.59662,0.80473,0.2907,0.59662
-16.854,25.37169,-8.77262,-0.49768,-0.36362,-0.78746,0.99313,0.0,0.0,nan,0.0,0.0072,0.02892,14.72455,1.8681,0.24106,0.43469,0.69029,0.65069,0.5353,0.69029
-17.78777,24.3022,-7.88531,-0.50041,-0.21201,-0.83943,0.97539,0.0,0.0,nan,0.0,0.00794,0.0203,19.98339,1.96823,0.23248,0.47188,0.39904,0.9119,0.50807,0.39904
-17.90855,25.69192,9.94106,-0.47967,0.12924,0.86788,0.99801,0.0,0.0,nan,0.0,0.00663,0.02307,17.10079,1.87751,0.22895,0.5273,0.62484,0.60895,0.53262,0.62484
-17.07175,25.14211,10.94528,-0.40961,0.09758,0.90703,0.99303,0.0,0.0,nan,0.0,0.01391,0.03556,18.17686,1.8794,0.23694,0.5412,0.4287,0.80231,0.53209,0.4287
-16.38859,27.08695,-10.21845,-0.47368,-0.07581,-0.87743,0.9705,0.0,0.0,nan,0.0,0.0094,0.02634,17.48761,1.63811,0.2446,0.66194,0.56878,0.60073,0.61046,0.56878
-17.34106,26.96151,-9.66469,-0.49412,-0.12175,-0.86083,0.97399,0.0,0.0,nan,0.0,0.00743,0.0239,18.3527,1.85802,0.2406,0.55206,0.47179,0.6248,0.53821,0.47179
-17.94263,27.58743,9.92055,-0.46627,-0.05841,0.88271,0.99303,0.0,0.0,nan,0.0,0.00783,0.02422,21.05849,1.67776,0.2369,0.52373,0.57663,0.67558,0.59603,0.57663
-17.05861,26.98332,10.77561,-0.4094,0.01745,0.91219,0.99303,0.0,0.0,nan,0.0,0.00888,0.0223,21.75983,1.67018,0.23098,0.47024,0.57079,0.92475,0.59874,0.57079
-16.16885,28.24442,-10.09952,-0.45874,0.0086,-0.88853,0.99731,0.0,0.0,nan,0.0,0.01312,0.03389,19.5347,1.63811,0.2365,0.65418,0.37763,0.65222,0.61046,0.37763
-16.93893,29.07131,-9.18745,-0.50192,-0.02483,-0.86456,0.97449,0.0,0.0,nan,0.0,0.01088,0.02218,22.49873,1.88762,0.23686,0.59916,0.49212,0.89143,0.52977,0.49212
-17.78412,28.39318,9.81754,-0.47871,-0.08178,0.87415,0.99243,0.0,0.0,nan,0.0,0.00807,0.02738,18.82696,1.68456,0.2303,0.50274,0.39584,0.64877,0.59363,0.39584
-17.04824,28.85877,11.00126,-0.41035,-0.09778,0.90667,0.98177,0.0,0.0,nan,0.0,0.01149,0.03155,20.01672,1.63811,0.23317,0.49265,0.53641,0.81282,0.61046,0.53641
-16.74178,31.34952,-10.24784,-0.51537,-0.22541,-0.82679,0.98067,0.0,0.0,nan,0.0,0.01594,0.04544,19.43778,1.87217,0.23805,0.67021,0.74973,0.57716,0.53414,0.74973
-17.23817,30.71491,-9.37152,-0.52754,-0.26198,-0.80813,0.97798,0.0,0.0,nan,0.0,0.00957,0.02764,23.18329,1.63811,0.24352,0.6296,0.52489,0.59709,0.61046,0.52489
-17.04509,31.05119,10.7792,-0.47281,0.05778,0.87927,0.99582,0.0,0.0,nan,0.0,0.00902,0.02607,20.13727,1.69372,0.23148,0.52305,0.6958,0.72743,0.59042,0.6958
-16.93784,32.93783,-10.52468,-0.49874,0.02631,-0.86635,0.97758,0.0,0.0,nan,0.0,0.00852,0.02267,21.54715,1.80192,0.23457,0.52748,0.54864,0.77818,0.55496,0.54864
-17.47841,33.82124,-9.75453,-0.5699,0.06682,-0.81899,0.99691,0.0,0.0,nan,0.0,0.01299,0.02975,20.13336,1.66309,0.24612,0.55956,0.47335,0.85803,0.60129,0.47335
-17.80978,32.88639,9.84427,-0.49817,-0.09429,0.86194,0.98286,0.0,0.0,nan,0.0,0.00811,0.01907,19.97769,1.68068,0.23486,0.46778,0.44375,1.0,0.595,0.44375
-16.91449,32.99723,10.60596,-0.44928,-0.08989,0.88886,0.99373,0.0,0.0,nan,0.0,0.00769,0.01795,19.31028,1.63811,0.24243,0.47635,0.46388,0.99272,0.61046,0.46388
-16.51025,35.11308,-10.40174,-0.5171,-0.08872,-0.85131,0.98984,0.00911,0.04557,0.7,1.0,0.01068,0.02728,20.38237,1.63811,0.24519,0.50516,0.61086,0.85093,0.61046,0.61086
-17.48382,34.87325,-9.7541,-0.59588,-0.02036,-0.80282,0.99273,0.00103,0.00513,0.7,1.0,0.01154,0.03108,19.898,1.71215,0.24418,0.54021,0.78879,0.86332,0.58406,0.78879
-17.09076,35.00093,11.35775,-0.44166,-0.02964,0.89669,0.96771,0.02232,0.11162,0.7,1.0,0.00765,0.02183,19.02878,1.80192,0.2418,0.47538,0.36831,0.81522,0.55496,0.36831
-17.05298,36.98711,-10.77284,-0.56036,0.02378,-0.82791,0.96751,0.00463,0.02315,0.7,1.0,0.00863,0.02369,19.57913,1.65593,0.24173,0.55768,0.57101,0.71982,0.60389,0.57101
-17.94823,36.54916,-9.94463,-0.6318,-0.03474,-0.77435,0.98824,0.0,0.0,nan,0.0,0.01045,0.03728,20.24619,1.66003,0.23438,0.57101,0.77209,0.58065,0.6024,0.77209
-17.88224,37.78099,9.93641,-0.46378,-0.04503,0.8848,0.98366,0.03391,0.16953,0.7,1.0,0.00935,0.0216,18.42055,1.9025,0.22859,0.4892,0.67238,0.98098,0.52563,0.67238
-17.11731,37.05265,10.9126,-0.41214,0.06941,0.90847,0.99781,0.00865,0.04327,0.7,1.0,0.01339,0.0297,20.91036,1.6663,0.23531,0.52791,0.44703,0.93572,0.60013,0.44703
-16.32553,38.83741,-10.3159,-0.50477,0.10388,-0.85698,0.99273,0.0,0.0,nan,0.0,0.01296,0.03035,20.28122,1.70491,0.24505,0.51371,0.40877,0.91328,0.58654,0.40877
-17.26551,38.98225,-9.53247,-0.59267,0.09152,-0.80023,0.99064,0.0,0.0,nan,0.0,0.01278,0.02928,20.42093,1.86887,0.23878,0.56754,0.57657,0.8444,0.53508,0.57657
-17.81617,38.26359,9.84063,-0.46105,-0.0857,0.88323,0.98137,0.00554,0.0277,0.7,1.0,0.0125,0.02763,18.62606,1.90028,0.23968,0.58252,0.66879,0.86023,0.52624,0.66879
-16.94748,38.89868,11.00247,-0.37507,-0.12145,0.91901,0.99721,0.0,0.0,nan,0.0,0.00598,0.01748,16.57831,1.6421,0.24135,0.49675,0.41326,0.77144,0.60898,0.41326
-16.69968,41.06987,-10.53972,-0.52587,-0.02246,-0.85027,0.98994,0.0,0.0,nan,0.0,0.01638,0.04867,26.27837,1.71894,0.2408,0.62335,0.46881,0.581,0.58175,0.46881
-17.66217,40.88545,-9.67056,-0.63668,-0.0158,-0.77097,0.99851,0.0,0.0,nan,0.0,0.01862,0.05551,18.51061,1.89479,0.22368,0.64329,0.64973,0.57783,0.52776,0.64973
-16.99372,41.01837,11.10124,-0.46926,0.0096,0.88301,0.99213,0.0,0.0,nan,0.0,0.011,0.03579,18.73055,1.87006,0.23376,0.50773,0.38524,0.66976,0.53474,0.38524
-16.71877,42.87561,-10.58392,-0.56408,0.10177,-0.81942,0.98535,0.0,0.0,nan,0.0,0.00825,0.02492,21.60876,1.90472,0.23342,0.42829,0.6141,0.84461,0.52501,0.6141
-17.36782,43.18104,-9.46155,-0.63737,0.12508,-0.76034,0.99921,0.0,0.0,nan,0.0,0.00859,0.02251,19.06591,1.76837,0.23154,0.43973,0.41261,0.95926,0.56549,0.41261
-17.03706,42.987,10.66683,-0.47799,-0.02691,0.87795,0.99263,0.0,0.0,nan,0.0,0.01591,0.03086,22.08521,1.7877,0.23812,0.64136,0.6044,0.87661,0.55938,0.6044
-16.46278,45.13163,-10.19132,-0.57708,0.03193,-0.81607,0.99771,0.0,0.0,nan,0.0,0.00929,0.02896,18.28393,1.93346,0.23049,0.48543,0.35415,0.73351,0.51721,0.35415
-17.44039,44.96748,-9.33133,-0.64338,0.02867,-0.76501,0.99771,0.0,0.0,nan,0.0,0.01619,0.04364,17.90915,1.69381,0.23132,0.58146,0.58271,0.70928,0.59039,0.58271
-17.89817,45.86789,9.84606,-0.5485,0.05757,0.83417,0.98535,0.0,0.0,nan,0.0,0.00678,0.019,23.01816,1.70776,0.22663,0.51994,0.42969,0.74552,0.58556,0.42969
-17.09247,44.91729,11.42758,-0.4748,-0.03497,0.8794,0.98525,0.0,0.0,nan,0.0,0.00556,0.01363,20.2603,1.68365,0.23445,0.49838,0.4457,0.89948,0.59395,0.4457
-16.07406,45.33897,12.04276,-0.41043,-0.04119,0.91096,0.97349,0.0,0.0,nan,0.0,0.00554,0.01382,21.35662,1.86403,0.2436,0.45288,0.40412,0.96736,0.53647,0.40412
-16.44655,46.7502,-10.41916,-0.54709,0.15742,-0.82214,0.97668,0.0,0.0,nan,0.0,0.00519,0.02198,19.38832,2.00014,0.22247,0.31973,0.35655,0.81449,0.49997,0.35655
-17.36577,47.25696,-9.35484,-0.59982,0.15574,-0.78483,0.99612,0.0,0.0,nan,0.0,0.01018,0.03388,20.62237,1.676,0.24242,0.48506,0.44892,0.67964,0.59666,0.44892
-17.88286,46.11053,9.85441,-0.55366,0.06548,0.83017,0.97977,0.0,0.0,nan,0.0,0.00669,0.01649,22.63999,1.71902,0.2388,0.51681,0.41981,0.85461,0.58173,0.41981
-17.04941,46.9524,11.18353,-0.51155,0.01643,0.8591,0.99223,0.0,0.0,nan,0.0,0.01141,0.03024,22.97315,1.90623,0.23516,0.64965,0.59339,0.6317,0.5246,0.59339
-16.05443,49.93738,-10.09709,-0.55474,-0.02755,-0.83157,0.99213,0.0,0.0,nan,0.0,0.00619,0.01696,24.73477,2.41005,0.24049,0.56282,0.64004,0.70118,0.41493,0.64004
-17.10409,48.92788,-9.2272,-0.57552,0.02403,-0.81743,0.99223,0.0,0.0,nan,0.0,0.0144,0.027,23.34696,1.84423,0.24413,0.58776,0.50108,0.98488,0.54223,0.50108
-17.98434,48.29652,-7.98164,-0.58937,0.10155,-0.80145,0.97638,0.0,0.0,nan,0.0,0.01201,0.02744,23.03505,1.63811,0.23362,0.49328,0.36566,0.9642,0.61046,0.36566
-17.89668,48.21989,9.96601,-0.56889,-0.10818,0.81527,0.98216,0.0,0.0,nan,0.0,0.01121,0.02497,22.84083,1.65809,0.23569,0.56204,0.44244,0.86887,0.6031,0.44244
-17.0783,48.91378,11.11984,-0.48733,-0.05914,0.87121,0.99592,0.0,0.0,nan,0.0,0.01096,0.02266,20.8191,1.63811,0.23644,0.60576,0.39685,0.87533,0.61046,0.39685
-16.17091,49.64909,12.0636,-0.4257,-0.03703,0.90411,0.95944,0.0,0.0,nan,0.0,0.01,0.02329,19.80182,2.05491,0.24243,0.55721,0.40755,0.84816,0.48664,0.40755
-16.36902,50.88826,-10.33315,-0.55052,0.01706,-0.83465,0.96153,0.0,0.0,nan,0.0,0.00622,0.01839,22.24641,1.88323,0.23359,0.51882,0.66587,0.71044,0.531,0.66587
-17.24759,51.10552,-9.48022,-0.5876,0.03598,-0.80835,0.97798,0.0,0.0,nan,0.0,0.00808,0.02346,21.78064,2.02375,0.23421,0.47441,0.34075,0.7928,0.49413,0.34075
-17.06738,51.1431,11.18415,-0.52268,0.10063,0.84657,0.99243,0.0,0.0,nan,0.0,0.00742,0.02649,20.8564,1.8879,0.23275,0.4863,0.71053,0.63095,0.52969,0.71053
-16.15899,50.34358,12.08751,-0.43414,0.04925,0.8995,0.96054,0.0,0.0,nan,0.0,0.00961,0.02471,18.54954,2.25983,0.23665,0.55574,0.58453,0.77498,0.44251,0.58453
-17.01116,52.98022,-9.04674,-0.54206,0.12722,-0.83065,0.99392,0.0,0.0,nan,0.0,0.01078,0.02599,16.32912,2.05624,0.23903,0.46804,0.61701,0.99511,0.48632,0.61701
-17.94807,53.12455,9.97965,-0.58283,-0.09213,0.80735,0.97658,0.0,0.0,nan,0.0,0.00834,0.02032,22.62177,1.84763,0.23764,0.46697,0.66946,0.95633,0.54123,0.66946
-16.99064,53.03361,10.78431,-0.51361,-0.05868,0.85602,0.98755,0.0,0.0,nan,0.0,0.01001,0.02082,21.07973,1.85225,0.23082,0.52631,0.72126,1.0,0.53988,0.72126
-17.1019,54.85487,-9.05887,-0.5017,0.06765,-0.86239,0.97599,0.0,0.0,nan,0.0,0.01027,0.03522,16.58211,3.39573,0.24562,0.44644,0.63041,0.73169,0.29449,0.63041
-17.97136,54.23513,-7.94061,-0.65951,0.01212,-0.7516,0.99841,0.0,0.0,nan,0.0,0.01482,0.03609,14.63312,1.6992,0.23912,0.60042,0.64047,0.7773,0.58851,0.64047
-17.17716,54.97617,11.56662,-0.49826,-0.04999,0.86558,0.96134,0.0,0.0,nan,0.0,0.01133,0.03236,19.45246,2.13484,0.23239,0.53661,0.49287,0.71949,0.46842,0.49287
-16.22059,54.8808,12.09802,-0.37109,-0.0615,0.92656,0.94659,0.0,0.0,nan,0.0,0.01095,0.02563,21.29899,1.80192,0.23303,0.60281,0.70264,0.77546,0.55496,0.70264
-16.93139,56.9034,-8.8043,-0.45899,0.57263,-0.67928,0.80397,0.0,0.0,nan,0.0,0.01845,0.06172,27.1763,3.36834,0.2416,0.64765,0.80818,0.60875,0.29688,0.80818
-17.02984,57.48766,-7.00531,-0.38773,0.89584,-0.2171,0.95017,0.0,0.0,nan,0.0,0.01338,0.05301,37.06011,2.48338,0.23725,0.72036,0.77799,0.4055,0.40268,0.77799
-16.98103,57.22976,-4.86507,-0.44737,0.88155,-0.15077,0.89576,0.0,0.0,nan,0.0,0.00374,0.02968,32.07463,1.85504,0.23332,0.70382,0.9045,0.37619,0.53907,0.9045
-17.02305,57.15134,-3.04779,-0.63717,0.68761,-0.34815,0.77128,0.0,0.0,nan,0.0,0.00302,0.01964,24.12143,2.56091,0.23037,0.61992,0.93231,0.64569,0.39049,0.93231
-17.8737,57.50505,-1.80346,-0.71579,0.50247,-0.48495,0.83437,0.0,0.0,nan,0.0,0.00297,0.03462,30.68692,2.86352,0.24335,0.78275,0.97257,0.40506,0.34922,0.97257
-17.95877,57.45293,9.95807,-0.56791,-0.04486,0.82187,0.97559,0.0,0.0,nan,0.0,0.00961,0.02588,19.29937,1.88388,0.23537,0.62115,0.46692,0.65941,0.53082,0.46692
-17.18604,57.07649,11.10815,-0.49323,0.01384,0.86979,0.99422,0.0,0.0,nan,0.0,0.01055,0.02696,17.38564,1.72203,0.2496,0.55072,0.68416,0.79243,0.58071,0.68416
-16.13655,58.95153,-4.21415,-0.81416,0.26123,-0.51857,0.91689,0.0,0.0,nan,0.0,0.00417,0.09478,35.19403,1.63811,0.25393,0.7624,0.97942,0.22966,0.61046,0.97942
-16.99978,59.00766,-2.95405,-0.81104,0.17868,-0.55703,0.93512,0.0,0.0,nan,0.0,0.00512,0.15907,41.35766,1.80192,0.23195,0.80224,0.99532,0.19584,0.55496,0.99532
-17.88334,58.86949,-1.81991,-0.78605,0.14346,-0.60128,0.93592,0.0,0.0,nan,0.0,0.0065,0.16218,35.41839,1.75692,0.21844,0.84798,0.98532,0.20217,0.56918,0.98532
-16.99472,58.91538,11.54119,-0.4248,-0.00616,0.90527,0.9703,0.0,0.0,nan,0.0,0.00654,0.01851,19.62179,1.85544,0.23576,0.51474,0.32675,0.75654,0.53895,0.32675
-16.15128,59.79047,12.05337,-0.32017,0.05002,0.94604,0.96303,0.0,0.0,nan,0.0,0.00815,0.02213,22.31476,1.98816,0.2367,0.47242,0.41865,0.84957,0.50298,0.41865
-16.12676,61.08035,-4.22882,-0.815,-0.00957,-0.57938,0.99881,0.0,0.0,nan,0.0,0.02076,0.07542,6.93851,2.02482,0.21373,0.35626,0.63209,0.99527,0.49387,0.63209
-17.09259,61.03838,-2.9719,-0.78684,-0.0127,-0.61702,0.99901,0.0,0.0,nan,0.0,0.00538,0.03967,9.22067,1.95279,0.21263,0.3941,0.46739,0.41877,0.51209,0.46739
-17.93439,61.30462,-1.92767,-0.75924,-0.01343,-0.65067,0.99911,0.0,0.0,nan,0.0,0.00612,0.02992,11.10097,1.86563,0.22207,0.37441,0.48354,0.64463,0.53601,0.48354
-17.03499,60.98941,11.05867,-0.44167,0.10374,0.89116,0.99243,0.0,0.0,nan,0.0,0.00993,0.02485,21.63337,1.88292,0.23015,0.58021,0.49347,0.75248,0.53109,0.49347
-16.07663,60.09141,12.018,-0.32111,0.07615,0.94398,0.96502,0.0,0.0,nan,0.0,0.00794,0.02202,21.56415,2.06728,0.22981,0.44796,0.38008,0.87957,0.48373,0.38008
-16.13965,62.99124,-4.2832,-0.82493,0.01475,-0.56505,0.99901,0.0,0.0,nan,0.0,0.01422,0.06535,6.61007,1.77029,0.21774,0.30711,0.77403,1.0,0.56488,0.77403
-17.05452,63.03963,-2.96866,-0.79035,0.03035,-0.61191,0.99871,0.0,0.0,nan,0.0,0.00777,0.05371,8.30897,1.63811,0.22612,0.42236,0.89685,0.80171,0.61046,0.89685
-17.88326,63.00158,-1.86777,-0.76373,0.04387,-0.64404,0.99841,0.0,0.0,nan,0.0,0.00299,0.02588,10.04553,1.93167,0.21671,0.3084,0.73585,0.44902,0.51769,0.73585
-17.07286,62.97028,11.01753,-0.35889,-0.06999,0.93075,0.99024,0.0,0.0,nan,0.0,0.00819,0.02296,20.09814,1.64504,0.25219,0.53318,0.64164,0.73537,0.60789,0.64164
-16.07766,64.8728,-4.17663,-0.82589,0.0358,-0.56269,0.99891,0.0,0.0,nan,0.0,0.01677,0.07162,6.62119,1.71111,0.22486,0.3052,0.63298,0.99908,0.58442,0.63298
-16.9284,65.01391,-2.96174,-0.79103,0.02097,-0.61141,0.99871,0.0,0.0,nan,0.0,0.01597,0.07229,6.44415,1.73549,0.2293,0.28944,0.52669,1.0,0.57621,0.52669
-17.89355,65.0322,-1.84318,-0.78391,0.02074,-0.62052,0.99921,0.0,0.0,nan,0.0,0.01487,0.06775,7.14895,1.71591,0.23017,0.2812,0.40211,0.99895,0.58278,0.40211
-17.03591,65.07784,11.28946,-0.36825,0.10526,0.92375,0.97937,0.0,0.0,nan,0.0,0.01001,0.02516,16.09934,1.81709,0.23968,0.53375,0.42606,0.83808,0.55033,0.42606
-16.0722,67.14584,-4.09622,-0.80713,-0.06969,-0.58625,0.99741,0.0,0.0,nan,0.0,0.01231,0.04226,8.17276,1.69243,0.22974,0.36263,0.47454,1.0,0.59087,0.47454
-16.97653,67.03685,-3.0415,-0.78988,-0.07263,-0.60894,0.99891,0.0,0.0,nan,0.0,0.01323,0.04308,7.52867,1.89398,0.2272,0.38937,0.48698,0.99816,0.52799,0.48698
-17.87993,66.88052,-1.85361,-0.81016,-0.02571,-0.58565,0.99861,0.0,0.0,nan,0.0,0.01104,0.04253,7.09149,1.87604,0.23181,0.33281,0.5285,1.0,0.53304,0.5285
-17.6845,67.60688,9.81372,-0.47543,-0.05549,0.878,0.95007,0.0,0.0,nan,0.0,0.00847,0.02254,20.42536,1.71154,0.23261,0.43359,0.62014,0.95128,0.58427,0.62014
-16.91705,66.98956,10.66448,-0.38753,0.08298,0.91811,0.97798,0.0,0.0,nan,0.0,0.01104,0.03067,22.59861,1.81444,0.21809,0.44887,0.74384,0.87252,0.55113,0.74384
-16.38507,69.14359,-4.46585,-0.77924,-0.15798,-0.60649,0.99911,0.0,0.0,nan,0.0,0.01059,0.02685,9.26677,2.32531,0.22622,0.47969,0.74873,1.0,0.43005,0.74873
-17.25065,68.96568,-3.10088,-0.80862,-0.15124,-0.56856,0.99791,0.0,0.0,nan,0.0,0.01088,0.0283,10.00112,1.93451,0.22417,0.47169,0.55645,0.97775,0.51693,0.55645
-17.93496,68.28844,-1.9063,-0.84137,-0.08002,-0.5345,0.99881,0.0,0.0,nan,0.0,0.00926,0.03343,8.9805,1.84739,0.2338,0.41585,0.61705,0.81436,0.5413,0.61705
-17.90507,68.069,9.9587,-0.48261,-0.0983,0.8703,0.97907,0.0,0.0,nan,0.0,0.00939,0.02283,19.38338,2.84035,0.23451,0.49775,0.45993,0.91177,0.35207,0.45993
-17.10448,68.86549,11.16458,-0.39919,-0.17048,0.90088,0.98356,0.00061,0.00304,0.6,1.0,0.00684,0.03359,22.112,1.69454,0.2262,0.60526,0.90153,0.71174,0.59013,0.90153
-16.60108,71.02651,-4.66705,-0.79027,-0.11309,-0.60224,0.99771,0.0,0.0,nan,0.0,0.00772,0.02833,10.54371,1.69932,0.23234,0.44555,0.8318,0.98525,0.58847,0.8318
-17.48643,70.95177,-3.38186,-0.828,-0.08821,-0.55375,0.99532,0.0,0.0,nan,0.0,0.00592,0.02914,11.13129,1.93641,0.22675,0.46758,0.88938,0.92525,0.51642,0.88938
-17.11245,71.05412,11.29162,-0.43154,0.09151,0.89744,0.9707,0.0,0.0,nan,0.0,0.01601,0.03525,16.83098,1.69721,0.25834,0.78121,0.63762,0.65033,0.5892,0.63762
-16.4274,73.06092,-4.72508,-0.83769,-0.06415,-0.54237,0.99761,0.0,0.0,nan,0.0,0.01233,0.04584,10.75608,1.86692,0.2221,0.31956,0.52856,0.99855,0.53564,0.52856
-17.4812,72.99113,-3.40004,-0.84878,-0.00699,-0.5287,0.99751,0.00873,0.04367,0.7,1.0,0.01364,0.04174,12.45552,2.62257,0.2291,0.37927,0.6221,1.0,0.38131,0.6221
-17.99941,72.76658,9.99074,-0.50947,-0.07392,0.85731,0.97648,0.00164,0.00818,0.6,1.0,0.00805,0.01767,22.00532,1.84831,0.23929,0.51136,0.60671,0.97249,0.54104,0.60671
-16.98981,73.12269,10.67918,-0.36825,-0.02711,0.92933,0.99103,0.0,0.0,nan,0.0,0.00825,0.0179,21.02764,1.83397,0.23813,0.62894,0.67532,0.80229,0.54526,0.67532
-16.06187,75.11059,-6.11662,-0.87139,-0.03344,-0.48944,0.99064,0.0,0.0,nan,0.0,0.01193,0.03058,12.30213,1.87373,0.23021,0.51788,0.5965,0.87621,0.53369,0.5965
-16.44062,74.96608,-4.89707,-0.89119,-0.04069,-0.4518,0.99711,0.0,0.0,nan,0.0,0.01801,0.06531,11.92734,1.70296,0.21858,0.36001,0.78202,0.99657,0.58721,0.78202
-17.59144,75.04984,-3.24254,-0.88033,0.05135,-0.47157,0.99801,0.01636,0.08181,0.7,1.0,0.01591,0.04805,12.21986,2.36082,0.22217,0.38552,0.61954,0.99934,0.42358,0.61954
-17.0492,75.04307,11.063,-0.29741,0.03482,0.95412,0.98685,0.0,0.0,nan,0.0,0.01261,0.03266,17.64512,3.43668,0.24248,0.70234,0.7012,0.6119,0.29098,0.7012
-16.09779,77.10768,-6.28977,-0.80368,0.10224,-0.58621,0.95516,0.0,0.0,nan,0.0,0.00983,0.02608,12.62194,1.90504,0.22556,0.49497,0.65026,0.88183,0.52492,0.65026
-16.57613,76.99425,-4.98519,-0.89933,0.03074,-0.43618,0.99173,0.0,0.0,nan,0.0,0.01663,0.04531,13.45155,1.87237,0.23326,0.48654,0.68055,0.86649,0.53408,0.68055
-17.53989,77.02682,-3.08432,-0.91339,0.06722,-0.40151,0.99821,0.01356,0.06779,0.7,1.0,0.01535,0.0442,12.88046,1.89355,0.20703,0.40126,0.6059,1.0,0.52811,0.6059
-17.94288,77.55301,-1.46007,-0.93761,0.10518,-0.33139,0.99871,0.00112,0.0056,0.7,1.0,0.01382,0.04334,14.11183,2.02244,0.21647,0.37901,0.41021,0.96042,0.49445,0.41021
-17.90096,76.79441,9.92378,-0.44364,0.13311,0.88627,0.96881,0.0,0.0,nan,0.0,0.01274,0.02938,22.67931,1.78571,0.24376,0.56001,0.3117,0.84279,0.56,0.3117
-16.97498,76.96474,10.46194,-0.37865,0.07419,0.92256,0.9718,0.0,0.0,nan,0.0,0.00875,0.02319,22.42967,1.86336,0.23307,0.46991,0.32601,0.87441,0.53666,0.32601
-16.06698,78.7149,-6.2126,-0.73248,0.16845,-0.65962,0.91459,0.0,0.0,nan,0.0,0.00897,0.03267,15.46429,2.15798,0.22432,0.49409,0.63793,0.62726,0.4634,0.63793
-16.44,79.04175,-4.89234,-0.85671,0.08304,-0.50907,0.9724,0.0,0.0,nan,0.0,0.0122,0.02898,14.78113,3.22661,0.23742,0.51677,0.43388,0.92521,0.30992,0.43388
-17.33491,79.02077,-3.00148,-0.93094,0.05109,-0.36157,0.99861,0.0,0.0,nan,0.0,0.01563,0.04486,12.62193,1.95095,0.21356,0.43757,0.47196,0.92266,0.51257,0.47196
-17.97318,78.93733,-1.39514,-0.95122,0.09331,-0.29405,0.99841,0.0,0.0,nan,0.0,0.0113,0.03485,12.30145,1.63811,0.22414,0.40135,0.31025,0.93948,0.61046,0.31025
-16.90578,78.96854,10.76591,-0.37231,-0.1358,0.91812,0.99562,0.0,0.0,nan,0.0,0.0118,0.03092,17.55168,1.76621,0.24061,0.52681,0.52187,0.80697,0.56618,0.52187
-16.57771,81.02048,-4.88712,-0.76154,0.17706,-0.62347,0.91828,0.0,0.0,nan,0.0,0.00518,0.01935,15.43067,2.50425,0.23739,0.43449,0.44821,0.6959,0.39932,0.44821
-17.18793,80.99815,-2.97398,-0.92674,0.06408,-0.37021,0.98864,0.0,0.0,nan,0.0,0.00514,0.02022,19.12984,3.44002,0.23927,0.55485,0.45131,0.50586,0.2907,0.45131
-17.90008,81.0761,-1.15349,-0.97857,0.00715,-0.2058,0.99751,0.0,0.0,nan,0.0,0.01286,0.06476,14.79012,1.86195,0.23054,0.66839,0.89046,0.61275,0.53707,0.89046
-17.97018,81.56212,0.20891,-0.97427,-0.01469,-0.22491,0.99283,0.0,0.0,nan,0.0,0.01569,0.04436,14.52757,1.86842,0.23313,0.49266,0.34352,0.8166,0.53521,0.34352
-16.95918,81.14754,11.24213,-0.20546,0.32139,0.92439,0.90293,0.0,0.0,nan,0.0,0.00705,0.06428,21.3722,1.72337,0.23047,0.67061,0.84251,0.25416,0.58026,0.84251
-16.60167,82.47137,-4.50739,-0.63016,0.40536,-0.66226,0.87274,0.0,0.0,nan,0.0,0.00565,0.01718,19.21122,1.68715,0.24386,0.44589,0.78989,0.9331,0.59271,0.78989
-17.18821,83.19785,-3.09989,-0.72056,0.39727,-0.56831,0.90493,0.0,0.0,nan,0.0,0.00639,0.01707,23.3301,2.51076,0.23614,0.45417,0.64574,0.89543,0.39829,0.64574
-17.71226,82.67867,-1.01414,-0.94255,0.01347,-0.33379,0.95406,0.0,0.0,nan,0.0,0.00281,0.02823,26.93254,2.49329,0.22083,0.61391,0.87296,0.28687,0.40108,0.87296
-17.86258,82.52129,0.30616,-0.95896,-0.13924,-0.24698,0.96393,0.0,0.0,nan,0.0,0.02378,0.12996,20.39211,1.74473,0.22836,0.73066,0.87455,0.45715,0.57316,0.87455
-16.99967,83.71695,7.42042,-0.00155,0.927,0.37505,0.99951,0.0,0.0,nan,0.0,0.01145,0.06307,7.63209,1.66382,0.22422,0.25306,0.49353,0.90529,0.60103,0.49353
-17.0269,83.08456,9.05785,-0.0189,0.8575,0.51413,0.99442,0.0,0.0,nan,0.0,0.01294,0.06758,9.33013,1.79102,0.23301,0.24716,0.58919,0.94102,0.55834,0.58919
-16.9541,82.17522,10.3048,-0.09724,0.65915,0.7457,0.95506,0.0,0.0,nan,0.0,0.01356,0.10811,12.98423,1.99445,0.22809,0.65306,0.91755,0.47795,0.50139,0.91755
-16.69103,84.26,-2.2153,-0.50814,0.62806,-0.58935,0.90194,0.0,0.0,nan,0.0,0.00461,0.04972,36.13603,2.29587,0.23117,0.74812,0.94197,0.33924,0.43556,0.94197
-17.13103,85.23222,-1.21302,-0.36222,0.79153,-0.49222,0.80417,0.0,0.0,nan,0.0,0.00975,0.2445,27.51275,2.50139,0.2321,0.75798,0.98222,0.21978,0.39978,0.98222
-17.03293,85.47868,1.04703,-0.20862,0.97792,-0.01216,0.95117,0.0,0.0,nan,0.0,0.00946,0.12987,20.77767,3.38513,0.24234,0.49117,0.89424,0.30193,0.29541,0.89424
-17.00483,85.05183,2.97512,-0.15198,0.97847,0.13962,0.99113,0.00777,0.03883,0.7,1.0,0.0142,0.11974,9.7408,2.99536,0.23962,0.26904,0.8344,0.72778,0.33385,0.8344
-17.00206,84.54245,5.01328,-0.00193,0.96348,0.26777,0.99911,0.0,0.0,nan,0.0,0.02044,0.08383,8.09081,1.81903,0.22418,0.33461,0.6664,0.90892,0.54974,0.6664
-17.02508,84.11532,6.47464,-0.00133,0.94651,0.32266,0.99871,0.00574,0.0287,0.7,1.0,0.01774,0.07047,7.28515,1.79804,0.21922,0.32081,0.65397,1.0,0.55616,0.65397
-14.96485,1.87285,3.25639,-0.1384,-0.94135,-0.30773,0.99861,0.0,0.0,nan,0.0,0.01034,0.03083,18.25733,1.64485,0.23077,0.55438,0.65507,0.67158,0.60796,0.65507
-15.0383,1.37063,4.83678,-0.11502,-0.97978,-0.16374,0.98884,0.0,0.0,nan,0.0,0.01045,0.02431,20.35688,1.81256,0.23853,0.60941,0.69915,0.77485,0.55171,0.69915
-15.06724,1.63467,7.07277,-0.0427,-0.97915,0.19861,0.99512,0.0,0.0,nan,0.0,0.02449,0.06026,22.37605,1.69336,0.23549,0.58752,0.43725,0.75347,0.59054,0.43725
-15.35308,1.76794,8.54025,-0.06796,-0.92792,0.36654,0.98057,0.0,0.0,nan,0.0,0.01727,0.03363,20.96996,3.20719,0.24294,0.58287,0.50222,0.96516,0.3118,0.50222
-14.95973,3.65005,-0.40626,-0.08948,-0.77137,-0.63007,0.99592,0.0,0.0,nan,0.0,0.01131,0.04049,13.14161,1.7516,0.22798,0.39854,0.69635,0.8075,0.57091,0.69635
-14.99514,2.86869,0.94728,-0.07642,-0.86538,-0.49525,0.99582,0.0,0.0,nan,0.0,0.01982,0.05863,17.96987,1.69329,0.22996,0.53168,0.65172,0.70657,0.59057,0.65172
-15.19737,2.09731,2.67056,-0.12086,-0.93769,-0.32578,0.99891,0.0,0.0,nan,0.0,0.00992,0.03074,19.02483,1.83068,0.23784,0.56244,0.77502,0.68937,0.54624,0.77502
-15.51964,2.04492,4.05631,-0.12212,-0.95636,-0.26545,0.99382,0.0,0.0,nan,0.0,0.0115,0.0305,19.62426,1.85449,0.22635,0.64107,0.72625,0.64808,0.53923,0.72625
-14.20133,2.13774,7.79377,0.02854,-0.94712,0.31961,0.99592,0.0,0.0,nan,0.0,0.0173,0.04209,16.7776,1.86554,0.23983,0.64749,0.49276,0.71048,0.53604,0.49276
-14.78864,2.38286,9.15467,-0.03242,-0.91242,0.40798,0.99821,0.0,0.0,nan,0.0,0.01486,0.03368,20.4369,1.74233,0.24188,0.56478,0.489,0.8575,0.57394,0.489
-14.96625,3.113,10.89104,-0.09682,-0.75616,0.64719,0.9705,0.0,0.0,nan,0.0,0.01261,0.03187,20.21233,1.90329,0.23454,0.51148,0.53304,0.85016,0.52541,0.53304
-14.85647,5.56739,-2.30075,-0.21522,-0.52125,-0.82582,0.98446,0.0,0.0,nan,0.0,0.01704,0.06183,13.61738,1.69231,0.23952,0.39481,0.45772,0.80064,0.59091,0.45772
-15.08333,4.66798,-1.3449,-0.15098,-0.64908,-0.74559,0.99681,0.0,0.0,nan,0.0,0.00966,0.04082,12.80185,1.8027,0.23054,0.33595,0.35786,0.81437,0.55472,0.35786
-15.16101,4.32041,11.90374,-0.15493,-0.4393,0.88488,0.95775,0.0,0.0,nan,0.0,0.02409,0.06575,19.9463,1.88562,0.22866,0.64691,0.69782,0.62308,0.53033,0.69782
-14.88181,5.2596,12.3601,-0.16266,-0.26228,0.95118,0.97329,0.0,0.0,nan,0.0,0.01036,0.03739,21.54198,1.67455,0.2326,0.69741,0.86762,0.6959,0.59717,0.86762
-15.04474,7.01745,-2.80742,-0.29616,-0.32634,-0.89766,0.99422,0.0,0.0,nan,0.0,0.01618,0.06524,18.81464,1.8779,0.23587,0.52709,0.71963,0.52043,0.53251,0.71963
-15.67494,6.91204,11.84301,-0.17474,-0.14314,0.97415,0.99203,0.0,0.0,nan,0.0,0.01584,0.02797,20.27345,1.83144,0.24242,0.70489,0.62115,0.88301,0.54602,0.62115
-14.91495,6.84557,12.1933,-0.16599,-0.12211,0.97854,0.99921,0.0,0.0,nan,0.0,0.01944,0.03182,21.09156,1.63811,0.22558,0.74161,0.7202,0.90184,0.61046,0.7202
-14.33422,9.80357,-4.19903,-0.25651,-0.52737,-0.80999,0.98814,0.0,0.0,nan,0.0,0.00778,0.04541,33.93501,1.89722,0.2324,0.67725,0.85847,0.41051,0.52709,0.85847
-14.98124,8.9757,-3.34832,-0.37493,-0.392,-0.8401,0.98814,0.0,0.0,nan,0.0,0.01447,0.0554,26.12194,1.97306,0.22663,0.57658,0.6097,0.48781,0.50683,0.6097
-15.01147,9.04843,12.81829,-0.15723,0.02857,0.98715,0.98456,0.0,0.0,nan,0.0,0.01487,0.03639,22.56403,1.63811,0.23503,0.61507,0.44313,0.72317,0.61046,0.44313
-14.13857,11.89115,-6.06169,-0.19354,-0.58926,-0.78442,0.98077,0.0,0.0,nan,0.0,0.00964,0.04,24.62583,1.71413,0.23337,0.706,0.74136,0.36914,0.58339,0.74136
-14.98221,10.93734,-5.03717,-0.34575,-0.59814,-0.72298,0.9715,0.0,0.0,nan,0.0,0.00323,0.05899,35.31029,2.06679,0.23164,0.82873,0.96797,0.23052,0.48384,0.96797
-15.5852,10.24996,-3.6403,-0.46708,-0.50464,-0.72606,0.98446,0.0,0.0,nan,0.0,0.01577,0.06796,18.44877,2.04573,0.23507,0.67298,0.70487,0.3822,0.48882,0.70487
-15.28513,11.26014,11.75659,-0.18527,0.07322,0.97996,0.96283,0.0,0.0,nan,0.0,0.01182,0.02579,26.93346,1.85088,0.22275,0.49238,0.64132,0.99986,0.54028,0.64132
-14.79939,10.55722,12.21722,-0.19699,0.12979,0.97178,0.99283,0.0,0.0,nan,0.0,0.01843,0.04064,24.68874,1.88085,0.23564,0.54915,0.54003,0.89267,0.53167,0.54003
-14.87049,13.17988,-6.58593,-0.31341,-0.55228,-0.7725,0.99671,0.0,0.0,nan,0.0,0.01123,0.06238,15.18088,2.01448,0.23305,0.55597,0.82032,0.47291,0.49641,0.82032
-15.5092,12.38504,-5.68702,-0.41884,-0.54638,-0.72529,0.99273,0.0,0.0,nan,0.0,0.00892,0.11459,13.04363,2.02192,0.2318,0.71415,0.95315,0.35931,0.49458,0.95315
-15.42678,12.36972,11.85996,-0.2003,-0.0681,0.97737,0.98107,0.0,0.0,nan,0.0,0.00967,0.0216,27.37042,1.80192,0.23334,0.5092,0.66375,0.94293,0.55496,0.66375
-14.90503,13.1017,12.47819,-0.2422,-0.12294,0.96241,0.99711,0.0,0.0,nan,0.0,0.01148,0.0312,25.0757,1.80192,0.23605,0.54099,0.67802,0.73435,0.55496,0.67802
-14.64781,15.3113,-8.26616,-0.28551,-0.39427,-0.87352,0.97828,0.0,0.0,nan,0.0,0.0084,0.03246,12.56902,2.86136,0.23987,0.43449,0.51006,0.69035,0.34948,0.51006
-15.32599,14.56719,-7.58874,-0.34292,-0.48627,-0.80371,0.98665,0.0,0.0,nan,0.0,0.00671,0.0331,13.03965,1.85551,0.23303,0.39816,0.44387,0.58716,0.53894,0.44387
-15.80349,15.79854,11.94172,-0.31554,0.18668,0.93037,0.99333,0.0,0.0,nan,0.0,0.01081,0.03434,21.86288,1.63811,0.24456,0.54866,0.72447,0.62649,0.61046,0.72447
-15.03533,15.02869,12.67944,-0.28323,0.12422,0.95097,0.96741,0.0,0.0,nan,0.0,0.01755,0.04771,19.09577,1.90516,0.23645,0.58614,0.54647,0.69315,0.52489,0.54647
-15.04319,17.07064,-8.49879,-0.37001,-0.17626,-0.91215,0.99442,0.0,0.0,nan,0.0,0.01744,0.05606,14.71237,1.72724,0.24322,0.57146,0.67706,0.61839,0.57896,0.67706
-15.97461,16.36942,-7.99918,-0.4185,-0.22756,-0.87925,0.98844,0.0,0.0,nan,0.0,0.00938,0.04013,13.8882,1.80192,0.23298,0.49267,0.41713,0.54256,0.55496,0.41713
-15.26574,17.20737,11.53444,-0.28643,0.05276,0.95665,0.98107,0.0,0.0,nan,0.0,0.00924,0.02162,17.87821,1.6623,0.23642,0.47902,0.52615,0.99179,0.60157,0.52615
-14.49341,16.73128,12.31604,-0.2453,0.14211,0.95898,0.99701,0.0,0.0,nan,0.0,0.01402,0.02782,19.11661,1.75336,0.2432,0.61681,0.74296,0.90248,0.57033,0.74296
-14.9931,19.12956,-8.80041,-0.40014,-0.27588,-0.87394,0.99791,0.0,0.0,nan,0.0,0.01352,0.03028,16.52864,1.67961,0.24292,0.59823,0.71789,0.83638,0.59538,0.71789
-15.61206,18.36817,-7.88856,-0.41409,-0.19809,-0.88842,0.98715,0.0,0.0,nan,0.0,0.00791,0.02445,15.82811,1.80192,0.23941,0.47201,0.26281,0.77239,0.55496,0.26281
-15.99109,18.46713,11.99858,-0.29634,0.05083,0.95373,0.97828,0.0,0.0,nan,0.0,0.01026,0.02135,18.78587,1.63811,0.24,0.61035,0.544,0.8714,0.61046,0.544
-14.95924,19.01491,12.35227,-0.23773,0.07511,0.96842,0.98017,0.0,0.0,nan,0.0,0.01011,0.0207,18.22473,1.75635,0.24164,0.64307,0.58852,0.84262,0.56936,0.58852
-14.18807,21.03739,-10.11647,-0.35868,-0.08888,-0.92922,0.95755,0.0,0.0,nan,0.0,0.00576,0.0135,19.00976,3.60383,0.23571,0.62535,0.64077,0.75339,0.27748,0.64077
-15.14779,20.98297,-9.56068,-0.40831,-0.09713,-0.90766,0.9727,0.0,0.0,nan,0.0,0.00708,0.01919,19.11321,1.93647,0.24473,0.57363,0.4593,0.7102,0.5164,0.4593
-14.88338,21.02111,11.23893,-0.27049,0.20965,0.93962,0.9727,0.0,0.0,nan,0.0,0.01127,0.02759,20.44298,2.22569,0.23448,0.58309,0.53177,0.76931,0.4493,0.53177
-14.79387,20.0837,12.05838,-0.25447,0.16634,0.95267,0.98675,0.0,0.0,nan,0.0,0.01244,0.0306,20.02763,1.82412,0.24607,0.66543,0.53539,0.67174,0.54821,0.53539
-14.04019,23.85931,-10.0105,-0.39451,-0.27997,-0.8752,0.98236,0.0,0.0,nan,0.0,0.00632,0.02963,25.55141,1.69702,0.23578,0.69263,0.84443,0.47591,0.58927,0.84443
-14.95022,23.09037,-9.08623,-0.44597,-0.10643,-0.8887,0.97429,0.0,0.0,nan,0.0,0.0056,0.01682,19.33956,1.85265,0.23006,0.54973,0.84396,0.95546,0.53977,0.84396
-14.92873,22.93704,11.42059,-0.24086,-0.04467,0.96953,0.99024,0.0,0.0,nan,0.0,0.0113,0.0251,20.85037,1.96257,0.23853,0.5146,0.58079,0.95879,0.50954,0.58079
-14.75458,25.22375,-10.38891,-0.42118,-0.33555,-0.84263,0.98376,0.0,0.0,nan,0.0,0.01729,0.04559,11.8353,1.87138,0.23637,0.56039,0.66898,0.79096,0.53436,0.66898
-15.41859,24.64682,-9.56564,-0.46844,-0.34525,-0.81325,0.98486,0.0,0.0,nan,0.0,0.00275,0.04022,21.71205,1.71382,0.23793,0.68785,0.92169,0.24135,0.58349,0.92169
-14.99978,24.98771,11.67561,-0.26706,0.04424,0.96266,0.99303,0.0,0.0,nan,0.0,0.01415,0.03985,20.73561,2.02793,0.24284,0.52725,0.49122,0.73823,0.49311,0.49122
-15.03289,26.98745,-10.85833,-0.39138,-0.04033,-0.91934,0.96722,0.0,0.0,nan,0.0,0.01042,0.04273,16.26756,2.19895,0.236,0.67722,0.8452,0.58159,0.45476,0.8452
-14.95905,26.96343,11.09923,-0.27032,0.05142,0.9614,0.98027,0.0,0.0,nan,0.0,0.01123,0.03267,22.27269,1.64268,0.23513,0.42025,0.34956,0.89147,0.60876,0.34956
-14.87757,29.10204,-10.52245,-0.41787,-0.13685,-0.89814,0.99123,0.0,0.0,nan,0.0,0.0126,0.02765,19.72745,1.86805,0.23856,0.5373,0.67187,0.93426,0.53532,0.67187
-15.70971,29.15766,-9.73239,-0.47071,-0.08557,-0.87813,0.95187,0.0,0.0,nan,0.0,0.01138,0.02481,20.98948,1.7161,0.24157,0.56598,0.42507,0.88733,0.58272,0.42507
-14.99846,28.783,11.62826,-0.24233,-0.14651,0.95907,0.98804,0.0,0.0,nan,0.0,0.00973,0.02606,20.96391,1.63811,0.24305,0.44214,0.55661,0.92495,0.61046,0.55661
-14.44081,29.70155,12.10396,-0.23827,-0.14419,0.96044,0.9724,0.00803,0.04015,0.7,1.0,0.0112,0.02956,21.52263,1.87684,0.24334,0.49428,0.63157,0.83753,0.53281,0.63157
-14.12008,31.65271,-12.04153,-0.35536,-0.06997,-0.93211,0.95765,0.0,0.0,nan,0.0,0.00693,0.0312,17.3111,1.64037,0.2436,0.49544,0.69963,0.49986,0.60962,0.69963
-15.16984,30.89835,-11.37352,-0.43028,-0.23652,-0.87116,0.96572,0.0,0.0,nan,0.0,0.01267,0.0465,19.71437,1.71235,0.24413,0.67199,0.8037,0.5393,0.58399,0.8037
-15.14553,31.26689,11.63121,-0.3214,0.05019,0.94561,0.99113,0.03074,0.15372,0.7,1.0,0.00796,0.02843,21.01025,2.60874,0.2379,0.43435,0.52393,0.70607,0.38333,0.52393
-14.53177,30.55292,12.16851,-0.2745,-0.02998,0.96112,0.96831,0.03202,0.1601,0.7,1.0,0.00709,0.02543,22.80985,2.00408,0.2348,0.40316,0.72134,0.7522,0.49898,0.72134
-14.07807,32.03428,-12.02093,-0.34318,-0.0051,-0.93926,0.95735,0.0,0.0,nan,0.0,0.00584,0.0264,16.86023,1.69067,0.24917,0.41984,0.55047,0.58892,0.59148,0.55047
-14.95587,33.05318,-11.30491,-0.38352,0.04106,-0.92262,0.99502,0.00395,0.01973,0.6,1.0,0.00993,0.02874,20.01504,1.66718,0.23353,0.49177,0.50339,0.7726,0.59981,0.50339
-14.97503,32.90311,11.32524,-0.3017,-0.04407,0.95238,0.98545,0.03112,0.15558,0.7,1.0,0.00997,0.02505,24.52558,2.0497,0.23041,0.46426,0.74238,0.92745,0.48788,0.74238
-14.60882,33.96194,12.03711,-0.27673,-0.13594,0.95128,0.99273,0.02105,0.10526,0.7,1.0,0.00604,0.01729,22.38707,1.80192,0.24123,0.43073,0.58586,0.88379,0.55496,0.58586
-14.12795,35.84724,-12.05879,-0.34607,-0.08718,-0.93415,0.97449,0.00532,0.01212,0.7,0.92537,0.00738,0.03201,22.29858,1.70299,0.25197,0.42521,0.64877,0.59093,0.5872,0.64877
-15.03479,35.06553,-11.18194,-0.41657,-0.11941,-0.90123,0.99014,0.00682,0.03411,0.7,1.0,0.01263,0.02778,19.23512,1.99959,0.24012,0.5509,0.62752,0.91116,0.5001,0.62752
-15.38556,35.01361,11.9588,-0.33742,-0.07804,0.93812,0.97748,0.0,0.0,nan,0.0,0.0073,0.02397,20.12327,1.63811,0.23961,0.42307,0.38818,0.79141,0.61046,0.38818
-14.53167,34.93388,12.30471,-0.30873,-0.14062,0.9407,0.97011,0.0,0.0,nan,0.0,0.00797,0.02242,20.03504,1.83189,0.24174,0.48431,0.55478,0.80695,0.54588,0.55478
-14.21898,36.79906,-12.13773,-0.32538,0.06017,-0.94367,0.97638,0.00409,0.02043,0.7,1.0,0.00551,0.02112,20.3953,3.53882,0.2464,0.43777,0.47163,0.65486,0.28258,0.47163
-15.15458,37.06896,-11.70524,-0.3814,0.07478,-0.92138,0.97001,0.01929,0.09645,0.7,1.0,0.00759,0.02452,22.05903,1.63811,0.24572,0.49698,0.43175,0.67932,0.61046,0.43175
-15.2465,37.0525,11.4002,-0.41358,0.11773,0.90282,0.98785,0.0,0.0,nan,0.0,0.01737,0.04038,22.67281,1.95216,0.23712,0.57448,0.54787,0.81471,0.51225,0.54787
-14.22011,36.75072,12.18782,-0.39098,0.09615,0.91536,0.98157,0.0,0.0,nan,0.0,0.01494,0.0544,26.34165,2.39423,0.23029,0.63342,0.47866,0.46659,0.41767,0.47866
-14.88435,39.18591,-10.9488,-0.37777,0.04788,-0.92466,0.98775,0.0,0.0,nan,0.0,0.01141,0.0304,25.33394,1.73305,0.23959,0.42654,0.41401,0.94909,0.57702,0.41401
-15.12621,38.97334,11.21818,-0.35381,-0.14523,0.92397,0.96682,0.0,0.0,nan,0.0,0.00928,0.02597,17.58991,1.87667,0.24243,0.63764,0.54265,0.62433,0.53286,0.54265
-14.53708,39.72107,12.11467,-0.32104,-0.14248,0.93629,0.99203,0.0,0.0,nan,0.0,0.00591,0.01783,20.15749,1.80192,0.24691,0.51496,0.38709,0.70794,0.55496,0.38709
-14.98148,40.96901,-11.22765,-0.40341,-0.05278,-0.91349,0.99821,0.0,0.0,nan,0.0,0.01457,0.0363,24.08867,1.72855,0.2452,0.53174,0.42487,0.81763,0.57852,0.42487
-15.66972,41.37156,11.99343,-0.39231,0.01947,0.91963,0.96771,0.0,0.0,nan,0.0,0.00746,0.03886,19.31196,1.92122,0.22881,0.50663,0.83969,0.58636,0.5205,0.83969
-14.87216,40.98162,12.46024,-0.32379,-0.06841,0.94365,0.95506,0.0,0.0,nan,0.0,0.00795,0.02297,18.20879,1.63811,0.24039,0.50846,0.52127,0.75561,0.61046,0.52127
-14.00058,42.3216,-12.00251,-0.3276,0.05023,-0.94348,0.98336,0.0,0.0,nan,0.0,0.01037,0.02576,22.16511,1.63811,0.22774,0.53433,0.56545,0.82187,0.61046,0.56545
-14.89913,43.02944,-11.14815,-0.40801,0.08271,-0.90923,0.99851,0.0,0.0,nan,0.0,0.01002,0.02827,25.77564,1.80192,0.23698,0.4903,0.4798,0.77877,0.55496,0.4798
-15.09372,43.02161,11.8059,-0.36859,0.0164,0.92945,0.99502,0.0,0.0,nan,0.0,0.00853,0.02134,21.23206,1.71831,0.24103,0.45371,0.75385,0.97529,0.58197,0.75385
-14.27086,42.9057,12.1961,-0.29016,0.04585,0.95588,0.99273,0.0,0.0,nan,0.0,0.01024,0.02447,23.08696,1.84946,0.23759,0.47926,0.50272,0.94911,0.5407,0.50272
-15.00401,45.00192,-10.95731,-0.46165,0.0251,-0.88671,0.99572,0.0,0.0,nan,0.0,0.00746,0.02303,19.64346,2.0055,0.23518,0.45244,0.33855,0.78886,0.49863,0.33855
-15.18751,44.14753,11.8942,-0.35293,-0.04942,0.93434,0.99761,0.0,0.0,nan,0.0,0.00522,0.01442,21.83891,1.80192,0.23192,0.39904,0.41101,0.99098,0.55496,0.41101
-14.95938,45.15197,12.26165,-0.33389,-0.05695,0.94089,0.98884,0.0,0.0,nan,0.0,0.00584,0.01616,21.7418,1.82124,0.23637,0.39508,0.28175,0.99918,0.54908,0.28175
-14.95422,47.11023,-11.13217,-0.46091,0.16257,-0.87243,0.98914,0.0,0.0,nan,0.0,0.00622,0.03815,21.90229,2.06277,0.23192,0.6651,0.91012,0.54841,0.48479,0.91012
-15.97679,47.9984,-9.98842,-0.54921,0.13583,-0.82457,0.99223,0.0,0.0,nan,0.0,0.01151,0.02513,22.50249,2.06107,0.2328,0.52523,0.47077,0.94933,0.48519,0.47077
-15.18311,46.97176,11.83148,-0.35984,0.03505,0.93235,0.99233,0.0,0.0,nan,0.0,0.01016,0.02441,20.40564,1.8441,0.24009,0.47711,0.40498,0.95815,0.54227,0.40498
-14.50315,47.11364,12.0004,-0.30901,0.02996,0.95059,0.99133,0.0,0.0,nan,0.0,0.00999,0.02469,20.28507,1.69291,0.2433,0.45254,0.41232,0.98218,0.5907,0.41232
-14.621,48.98547,-10.3049,-0.48658,-0.01802,-0.87345,0.96622,0.0,0.0,nan,0.0,0.0109,0.02383,20.46705,2.21935,0.23722,0.54693,0.59128,0.91756,0.45058,0.59128
-15.71334,49.1684,-9.86251,-0.55465,-0.01705,-0.83191,0.98087,0.0,0.0,nan,0.0,0.01764,0.04257,23.63634,2.19535,0.23521,0.71251,0.82644,0.83522,0.45551,0.82644
-15.0926,48.51223,11.91028,-0.33776,-0.09265,0.93666,0.99642,0.00077,0.00386,0.7,1.0,0.01191,0.02856,19.28851,1.89467,0.23149,0.54661,0.50173,0.84226,0.5278,0.50173
-14.89436,49.23032,12.24504,-0.30175,-0.08004,0.95002,0.99024,0.0,0.0,nan,0.0,0.00975,0.0295,20.54175,1.63811,0.2425,0.48821,0.43762,0.74296,0.61046,0.43762
-15.13373,51.05019,-11.19049,-0.49042,0.07942,-0.86786,0.92685,0.0,0.0,nan,0.0,0.00673,0.01798,19.93003,1.88441,0.24076,0.59379,0.62059,0.69326,0.53067,0.62059
-15.85803,51.9616,-9.86504,-0.50447,0.16374,-0.84776,0.99632,0.0,0.0,nan,0.0,0.00656,0.01618,19.36981,1.67015,0.24141,0.5247,0.61306,0.85279,0.59875,0.61306
-15.44008,51.6399,11.75181,-0.3876,0.12952,0.91268,0.98725,0.0,0.0,nan,0.0,0.01024,0.02708,21.81205,3.59627,0.2367,0.6069,0.63127,0.67984,0.27807,0.63127
-14.86635,50.95461,12.53081,-0.32241,0.09875,0.94144,0.96532,0.0,0.0,nan,0.0,0.00569,0.02376,18.45697,2.04732,0.23142,0.40349,0.54596,0.65821,0.48844,0.54596
-14.52081,52.77363,-10.25288,-0.39738,0.26052,-0.8799,0.98904,0.0,0.0,nan,0.0,0.01543,0.04659,19.15854,1.71786,0.24589,0.70739,0.81209,0.64517,0.58212,0.81209
-15.42031,52.94775,-9.56068,-0.44831,0.22223,-0.86581,0.97708,0.0,0.0,nan,0.0,0.01617,0.03099,17.7413,1.72601,0.24265,0.59844,0.67707,0.97005,0.57937,0.67707
-15.22527,53.1828,11.67403,-0.34002,-0.05187,0.93899,0.98117,0.0,0.0,nan,0.0,0.0138,0.02956,24.69199,1.86417,0.22812,0.58684,0.78951,0.98412,0.53643,0.78951
-14.53448,52.69655,12.17842,-0.30217,0.05528,0.95165,0.99492,0.0,0.0,nan,0.0,0.01163,0.02993,23.39723,1.89299,0.23567,0.54803,0.8221,1.0,0.52826,0.8221
-14.51209,55.04577,-10.24357,-0.42602,0.05558,-0.903,0.98675,0.0,0.0,nan,0.0,0.01549,0.04186,18.43094,1.75072,0.24724,0.60038,0.75957,0.70467,0.57119,0.75957
-15.46219,54.84059,-9.67522,-0.43162,0.05444,-0.90041,0.99363,0.0,0.0,nan,0.0,0.00657,0.03993,19.48029,1.71573,0.25137,0.65789,0.88126,0.47538,0.58284,0.88126
-15.92493,55.59458,11.99139,-0.34845,0.02804,0.93691,0.97738,0.0,0.0,nan,0.0,0.01047,0.02476,20.33798,1.89665,0.22816,0.53365,0.61142,0.87065,0.52725,0.61142
-14.91391,54.92783,12.55251,-0.24646,-0.04,0.96833,0.97429,0.0,0.0,nan,0.0,0.00956,0.02187,22.52446,2.04949,0.22625,0.5034,0.62312,0.94584,0.48793,0.62312
-14.46904,56.55517,-10.31837,-0.44158,0.33251,-0.83334,0.91808,0.0,0.0,nan,0.0,0.00527,0.04631,24.96304,1.80096,0.24025,0.60865,0.8663,0.32187,0.55526,0.8663
-14.96171,57.24419,-8.97819,-0.48568,0.63977,-0.59566,0.95575,0.0,0.0,nan,0.0,0.01754,0.039,31.44244,1.71594,0.2418,0.6626,0.7412,0.72182,0.58277,0.7412
-15.13937,57.67681,-6.99403,-0.55905,0.77595,-0.29217,0.89347,0.0,0.0,nan,0.0,0.01402,0.03072,33.3904,1.7659,0.23759,0.57477,0.7158,0.84119,0.56628,0.7158
-15.68717,57.58829,-5.42397,-0.62992,0.72626,-0.27523,0.82231,0.0,0.0,nan,0.0,0.0133,0.02662,27.36991,1.87802,0.23623,0.63369,0.68365,0.84599,0.53248,0.68365
-15.12504,57.19131,11.69426,-0.27657,0.07854,0.95778,0.98904,0.0,0.0,nan,0.0,0.01364,0.03207,21.80229,1.70648,0.23794,0.4778,0.54047,0.97163,0.586,0.54047
-14.62243,56.48547,12.31457,-0.23778,0.0881,0.96731,0.98595,0.0,0.0,nan,0.0,0.02044,0.04171,22.26341,1.86857,0.22893,0.55939,0.57426,0.95472,0.53517,0.57426
-14.36584,58.00074,-8.59939,-0.61394,0.61739,-0.49185,0.96193,0.0,0.0,nan,0.0,0.01558,0.0313,32.4388,1.73741,0.23673,0.59882,0.67445,0.8826,0.57557,0.67445
-14.56591,58.86818,-6.80737,-0.80372,0.39847,-0.44187,0.92127,0.0,0.0,nan,0.0,0.0028,0.03295,36.48716,3.01641,0.23859,0.67964,0.96849,0.43892,0.33152,0.96849
-15.46622,58.98701,-5.19458,-0.82143,0.29425,-0.48855,0.90273,0.0,0.0,nan,0.0,0.00828,0.10351,38.18144,1.63811,0.24829,0.81816,0.9354,0.2529,0.61046,0.9354
-15.02764,58.55623,11.73035,-0.24915,-0.01156,0.9684,0.99442,0.0,0.0,nan,0.0,0.01136,0.02547,22.95986,1.91514,0.23099,0.52365,0.60269,0.92595,0.52216,0.60269
-14.88395,59.43523,12.27941,-0.2563,-0.00117,0.9666,0.98236,0.0,0.0,nan,0.0,0.0126,0.0311,22.15462,1.63811,0.23706,0.50849,0.50616,0.86862,0.61046,0.50616
-14.42722,61.01719,-6.7538,-0.85706,0.0036,-0.51521,0.99791,0.0,0.0,nan,0.0,0.01392,0.11326,11.68821,1.73026,0.22642,0.43076,0.83116,0.45124,0.57795,0.83116
-15.37931,60.99503,-5.22109,-0.83477,0.00392,-0.55059,0.99791,0.0,0.0,nan,0.0,0.02284,0.08635,10.10974,1.8472,0.21914,0.52126,0.81833,0.77787,0.54136,0.81833
-15.27786,61.25658,11.64218,-0.29708,0.12148,0.94709,0.99522,0.0,0.0,nan,0.0,0.00931,0.0245,20.46924,1.64982,0.23373,0.49401,0.42575,0.84399,0.60613,0.42575
-14.62801,60.5185,12.0982,-0.2851,0.08782,0.95447,0.98884,0.0,0.0,nan,0.0,0.0108,0.02879,20.40108,1.92442,0.24355,0.56776,0.4398,0.72548,0.51964,0.4398
-14.48496,63.0022,-6.82433,-0.86549,-0.01642,-0.50065,0.99871,0.0,0.0,nan,0.0,0.01766,0.07154,8.50686,1.81643,0.2179,0.31142,0.32842,0.97896,0.55053,0.32842
-15.55176,63.00883,-5.24932,-0.83883,0.00334,-0.54438,0.99901,0.0,0.0,nan,0.0,0.0188,0.07131,6.96482,1.95338,0.2047,0.33934,0.71611,1.0,0.51193,0.71611
-15.00721,63.07479,11.38641,-0.25314,-0.0287,0.967,0.99233,0.0,0.0,nan,0.0,0.00879,0.02162,16.78613,1.69504,0.24169,0.49789,0.4308,0.91403,0.58996,0.4308
-14.15327,63.93233,12.02734,-0.21355,-0.03015,0.97647,0.99432,0.0,0.0,nan,0.0,0.00958,0.02572,16.11249,1.63811,0.24345,0.53478,0.42888,0.7827,0.61046,0.42888
-14.5158,65.00697,-6.78537,-0.87084,0.01592,-0.49132,0.99871,0.0,0.0,nan,0.0,0.0085,0.05536,8.56333,1.74135,0.23785,0.40772,0.8614,0.72202,0.57427,0.8614
-15.46148,65.02859,-5.11568,-0.84818,0.03362,-0.52863,0.99851,0.0,0.0,nan,0.0,0.0133,0.06205,6.79129,1.7828,0.22419,0.27745,0.74208,1.0,0.56092,0.74208
-15.0857,65.07029,11.70433,-0.22775,0.05968,0.97189,0.99452,0.0,0.0,nan,0.0,0.00654,0.02149,15.55003,1.81013,0.23151,0.54502,0.6467,0.62983,0.55245,0.6467
-14.19602,64.60226,12.18388,-0.21083,-0.00496,0.97751,0.98376,0.0,0.0,nan,0.0,0.00545,0.01879,13.88438,2.01874,0.23509,0.50121,0.54405,0.66167,0.49536,0.54405
-14.48502,66.9818,-6.82498,-0.8812,-0.03284,-0.4716,0.99821,0.0,0.0,nan,0.0,0.02498,0.06225,8.37513,2.04053,0.22796,0.49701,0.7076,1.0,0.49007,0.7076
-15.40432,66.96043,-5.04971,-0.84399,-0.0378,-0.53502,0.99751,0.0,0.0,nan,0.0,0.01272,0.04813,8.25854,1.69299,0.22948,0.3331,0.50405,0.98578,0.59067,0.50405
-15.02196,66.99968,11.54022,-0.24899,0.10173,0.96315,0.98565,0.0,0.0,nan,0.0,0.0072,0.02089,20.67879,1.99964,0.2331,0.54698,0.61474,0.69097,0.50009,0.61474
-14.09757,69.71941,-8.09917,-0.79933,-0.11349,-0.59008,0.98057,0.0,0.0,nan,0.0,0.01044,0.02625,11.11263,2.63838,0.24154,0.48209,0.537,0.9734,0.37902,0.537
-14.51297,69.07787,-6.9302,-0.87047,-0.12418,-0.47629,0.99741,0.0,0.0,nan,0.0,0.01462,0.05362,10.7364,1.80398,0.2426,0.63562,0.72701,0.50883,0.55433,0.72701
-15.42523,68.99214,-5.23539,-0.82308,-0.13868,-0.55073,0.99761,0.0,0.0,nan,0.0,0.00618,0.02229,9.06776,2.06269,0.21988,0.49805,0.84619,0.98156,0.4848,0.84619
-15.00343,68.83503,11.64392,-0.18246,-0.16986,0.96843,0.99462,0.0,0.0,nan,0.0,0.00447,0.02463,20.71403,1.76875,0.23021,0.61552,0.83185,0.43775,0.56537,0.83185
-14.11676,69.87296,12.02293,-0.14405,-0.15926,0.97667,0.98854,0.0,0.0,nan,0.0,0.00651,0.03583,15.80593,1.88125,0.24236,0.70205,0.71286,0.29169,0.53156,0.71286
-14.34118,71.08466,-8.53089,-0.73751,-0.10286,-0.66746,0.93094,0.0,0.0,nan,0.0,0.0064,0.01966,9.3862,2.04315,0.23719,0.47071,0.59472,0.83887,0.48944,0.59472
-14.89331,70.97472,-6.98799,-0.85898,-0.16209,-0.48567,0.99831,0.0,0.0,nan,0.0,0.01263,0.04551,11.6424,1.90964,0.23843,0.7408,0.63061,0.4388,0.52366,0.63061
-15.5541,70.96118,-5.45108,-0.8257,-0.13935,-0.54663,0.99821,0.0,0.0,nan,0.0,0.00854,0.02529,10.16516,1.86327,0.22312,0.43368,0.75632,0.95078,0.53669,0.75632
-15.34196,71.08582,11.93313,-0.22857,0.09107,0.96926,0.9703,0.0,0.0,nan,0.0,0.01094,0.03694,14.41701,1.85016,0.23942,0.75362,0.74481,0.44751,0.54049,0.74481
-14.43819,70.95772,12.10169,-0.17979,0.06185,0.98176,0.96672,0.0,0.0,nan,0.0,0.00748,0.0539,12.80045,2.0423,0.22445,0.73146,0.85225,0.32598,0.48964,0.85225
-14.58398,73.02731,-8.47146,-0.65711,-0.00047,-0.7538,0.91748,0.0,0.0,nan,0.0,0.00685,0.02085,8.6896,2.70377,0.2265,0.41932,0.69064,0.9633,0.36985,0.69064
-15.3436,72.99702,-6.95931,-0.85277,-0.11766,-0.50886,0.98625,0.0,0.0,nan,0.0,0.01168,0.03082,10.39056,2.34377,0.2349,0.60703,0.65755,0.74462,0.42666,0.65755
-15.81753,72.63146,-5.72557,-0.86521,-0.12326,-0.48603,0.99622,0.0,0.0,nan,0.0,0.0235,0.05679,10.21687,2.21853,0.22525,0.5274,0.70479,0.93827,0.45075,0.70479
-14.9568,72.73687,11.14359,-0.21426,0.10035,0.97161,0.98575,0.0,0.0,nan,0.0,0.00582,0.01319,13.7929,1.71153,0.2467,0.53836,0.72031,0.93881,0.58427,0.72031
-14.12243,72.05248,12.02212,-0.17079,0.13508,0.976,0.99652,0.0,0.0,nan,0.0,0.00487,0.01259,12.63675,1.71611,0.24361,0.55278,0.53407,0.81058,0.58271,0.53407
-14.46235,74.77618,-8.20537,-0.5237,0.1368,-0.84085,0.9437,0.0,0.0,nan,0.0,0.00748,0.02352,9.75663,2.72682,0.2415,0.52158,0.7169,0.73504,0.36673,0.7169
-15.55704,75.0362,-7.27692,-0.78339,0.02839,-0.62088,0.93602,0.0,0.0,nan,0.0,0.009,0.02787,11.11739,1.6418,0.24952,0.4886,0.69568,0.77981,0.60909,0.69568
-15.06902,74.95917,11.69399,-0.24427,-0.04375,0.96872,0.99283,0.0,0.0,nan,0.0,0.00991,0.03121,15.38552,1.77282,0.2402,0.71728,0.37943,0.50027,0.56407,0.37943
-14.02213,76.05472,-8.00192,-0.40804,0.23629,-0.88185,0.95266,0.0,0.0,nan,0.0,0.00581,0.03544,9.47519,2.79909,0.22955,0.68076,0.64084,0.29169,0.35726,0.64084
-15.10209,76.93636,-7.3288,-0.57386,0.21345,-0.79065,0.93562,0.0,0.0,nan,0.0,0.00529,0.02665,13.28492,2.09536,0.22466,0.49717,0.79824,0.54341,0.47724,0.79824
-15.05516,77.10582,11.56185,-0.35162,-0.00531,0.93613,0.99691,0.0,0.0,nan,0.0,0.00941,0.0362,15.54593,1.81754,0.24553,0.51286,0.57021,0.57202,0.5502,0.57021
-15.05216,79.03364,-6.59236,-0.5089,0.28593,-0.81195,0.93542,0.0,0.0,nan,0.0,0.00484,0.02597,13.62449,1.91916,0.23402,0.45113,0.71551,0.47362,0.52106,0.71551
-15.97219,79.9752,-5.99591,-0.64093,0.20025,-0.74102,0.89964,0.0,0.0,nan,0.0,0.00589,0.02709,14.46117,1.83325,0.23036,0.37902,0.33418,0.65282,0.54548,0.33418
-15.07563,78.97254,11.82171,-0.27146,0.00978,0.9624,0.97987,0.0,0.0,nan,0.0,0.01006,0.0419,15.77807,1.68571,0.24268,0.49752,0.39336,0.54361,0.59322,0.39336
-14.76657,80.37646,-6.15051,-0.37312,0.34735,-0.86031,0.93831,0.0,0.0,nan,0.0,0.00512,0.03103,13.878,2.97582,0.23916,0.5883,0.73997,0.321,0.33604,0.73997
-15.08969,81.25517,-5.69037,-0.38012,0.36615,-0.84938,0.9408,0.0,0.0,nan,0.0,0.00514,0.02923,17.30301,2.18946,0.23446,0.53954,0.6584,0.36356,0.45673,0.6584
-15.07987,81.16443,11.37247,-0.10408,0.44587,0.88903,0.95067,0.0,0.0,nan,0.0,0.00727,0.05614,12.7473,1.87492,0.23674,0.38389,0.76335,0.40782,0.53336,0.76335
-15.00326,83.14602,-4.71342,-0.31881,0.59971,-0.73396,0.95396,0.0,0.0,nan,0.0,0.01735,0.08562,24.93842,1.73463,0.23439,0.70402,0.86351,0.48815,0.57649,0.86351
-15.70559,83.68312,-3.51766,-0.42314,0.65937,-0.62143,0.95615,0.0,0.0,nan,0.0,0.00487,0.07441,27.35618,1.69019,0.25555,0.73607,0.95384,0.27463,0.59165,0.95384
-15.12812,83.77682,7.59165,-0.08081,0.91578,0.39347,0.99871,0.0,0.0,nan,0.0,0.01313,0.05827,7.46614,2.16409,0.21763,0.3268,0.62436,0.87433,0.46209,0.62436
-15.00283,83.1218,9.08219,-0.06664,0.86171,0.50301,0.99911,0.0,0.0,nan,0.0,0.01041,0.06292,7.83776,1.68701,0.23404,0.30673,0.44441,0.67683,0.59277,0.44441
-14.96107,82.28973,10.39382,-0.06371,0.72604,0.68469,0.98256,0.0,0.0,nan,0.0,0.00962,0.09123,8.07849,1.83512,0.23606,0.38233,0.89792,0.65351,0.54492,0.89792
-14.44274,84.06931,-4.08923,-0.25295,0.72408,-0.64166,0.9719,0.0,0.0,nan,0.0,0.0091,0.03536,17.07248,2.34921,0.23059,0.48568,0.59202,0.59232,0.42568,0.59202
-14.85975,84.55457,-2.92208,-0.26168,0.80265,-0.53598,0.99213,0.0,0.0,nan,0.0,0.00963,0.03418,17.15508,1.75944,0.22294,0.36949,0.53548,0.85104,0.56836,0.53548
-15.02972,85.51678,-1.17822,-0.1458,0.94463,-0.29397,0.97459,0.0,0.0,nan,0.0,0.00767,0.04109,15.1137,1.85113,0.22926,0.33119,0.44353,0.63797,0.54021,0.44353
-14.98502,85.55981,0.92545,-0.06788,0.99626,0.05355,0.99382,0.0,0.0,nan,0.0,0.01219,0.08284,8.24162,1.8995,0.22252,0.36319,0.59859,0.50354,0.52645,0.59859
-15.04912,85.12205,3.08428,-0.0815,0.97314,0.21529,0.99731,0.01329,0.06643,0.7,1.0,0.01888,0.07555,6.97427,1.80192,0.23158,0.37536,0.63519,0.85668,0.55496,0.63519
-14.9774,84.67176,4.96655,-0.10258,0.96145,0.25513,0.99751,0.0,0.0,nan,0.0,0.02554,0.08104,8.18103,1.6785,0.2225,0.42048,0.5263,0.93284,0.59577,0.5263
-14.95541,84.26514,6.65196,-0.1024,0.93619,0.33625,0.99751,0.0,0.0,nan,0.0,0.01637,0.06235,7.6373,1.71502,0.21444,0.36428,0.65848,0.90929,0.58308,0.65848
-12.44895,1.90295,1.8145,-0.14704,-0.90129,-0.40751,0.99333,0.0,0.0,nan,0.0,0.00365,0.0333,20.60958,1.64533,0.22555,0.48462,0.83843,0.34582,0.60778,0.83843
-12.91956,1.46745,3.08266,-0.14023,-0.94605,-0.2921,0.99781,0.0,0.0,nan,0.0,0.00443,0.0292,20.99649,1.80192,0.23605,0.34477,0.59722,0.48243,0.55496,0.59722
-13.02971,1.11604,4.90354,-0.07884,-0.9934,-0.08332,0.97898,0.0,0.0,nan,0.0,0.01683,0.03937,19.97796,2.67898,0.23253,0.60345,0.57486,0.77956,0.37328,0.57486
-12.99313,1.2855,7.03759,0.01036,-0.95808,0.2863,0.98525,0.0,0.0,nan,0.0,0.01518,0.03852,16.7583,1.74237,0.23233,0.581,0.46705,0.75918,0.57393,0.46705
-12.5738,1.85785,8.25489,0.06685,-0.92591,0.37179,0.99801,0.0,0.0,nan,0.0,0.02021,0.03973,15.9083,2.03856,0.22435,0.65249,0.69507,0.87765,0.49054,0.69507
-12.98988,3.6407,-0.4281,-0.08125,-0.76726,-0.63617,0.99951,0.0,0.0,nan,0.0,0.01661,0.06182,10.39849,1.81378,0.22912,0.32795,0.41375,0.97701,0.55133,0.41375
-13.04712,2.56283,0.82221,-0.13085,-0.84401,-0.52013,0.99562,0.0,0.0,nan,0.0,0.0231,0.0929,14.529,2.13045,0.22623,0.55521,0.83982,0.71508,0.46939,0.83982
-13.71003,2.0899,2.28794,-0.13909,-0.91871,-0.36964,0.99901,0.0,0.0,nan,0.0,0.00422,0.02935,21.14371,1.67465,0.23141,0.50862,0.85408,0.46412,0.59714,0.85408
-13.69531,2.10307,7.80075,0.0468,-0.94296,0.32961,0.99791,0.0,0.0,nan,0.0,0.01223,0.03041,17.29041,1.83737,0.24024,0.58726,0.52577,0.76425,0.54426,0.52577
-13.10819,2.30825,9.1024,0.0714,-0.91729,0.39177,0.99831,0.0,0.0,nan,0.0,0.0079,0.02286,17.03754,1.86392,0.22092,0.46218,0.43641,0.83513,0.5365,0.43641
-13.00614,3.14061,11.00441,0.02582,-0.79418,0.60714,0.97808,0.0,0.0,nan,0.0,0.00671,0.02864,15.47692,2.03963,0.23049,0.35349,0.44689,0.74895,0.49028,0.44689
-12.93017,5.43385,-2.54533,-0.13532,-0.60138,-0.78742,0.98595,0.0,0.0,nan,0.0,0.00826,0.02927,11.94727,1.92397,0.23069,0.46189,0.53323,0.71331,0.51976,0.53323
-13.02811,4.46778,-1.48939,-0.08147,-0.72193,-0.68715,0.99951,0.0,0.0,nan,0.0,0.01223,0.04695,10.3291,2.21524,0.23189,0.33203,0.38837,0.93656,0.45142,0.38837
-13.48094,4.06785,11.87634,-0.05977,-0.55034,0.8328,0.96183,0.0,0.0,nan,0.0,0.02468,0.09251,15.64109,2.8523,0.24263,0.58582,0.81048,0.6368,0.35059,0.81048
-12.99998,4.9578,12.53561,-0.09006,-0.3588,0.92906,0.96303,0.0,0.0,nan,0.0,0.01008,0.08551,23.60129,1.70824,0.2397,0.77313,0.93551,0.40685,0.5854,0.93551
-13.00904,6.97803,-3.44144,-0.19087,-0.36411,-0.91159,0.98665,0.0,0.0,nan,0.0,0.00596,0.03465,19.24486,1.97735,0.2347,0.49026,0.82289,0.50494,0.50573,0.82289
-12.93649,6.82173,12.52259,-0.12404,-0.12359,0.98455,0.99821,0.0,0.0,nan,0.0,0.01205,0.03368,18.3852,1.80192,0.23214,0.66406,0.85306,0.89152,0.55496,0.85306
-13.03599,9.54658,-4.31602,-0.09741,-0.49649,-0.86256,0.99253,0.0,0.0,nan,0.0,0.01013,0.02654,27.96853,1.93296,0.23146,0.4857,0.6057,0.84211,0.51734,0.6057
-13.08202,8.5495,-3.65841,-0.16297,-0.37284,-0.91347,0.99253,0.0,0.0,nan,0.0,0.01297,0.03659,29.75267,1.82922,0.24035,0.52431,0.56869,0.72133,0.54668,0.56869
-13.00894,9.00731,12.86837,-0.1371,0.01042,0.9905,0.99671,0.0,0.0,nan,0.0,0.01237,0.03722,21.4515,2.15414,0.23278,0.59418,0.6545,0.61171,0.46422,0.6545
-13.41023,11.68732,-6.21533,-0.0974,-0.61414,-0.78316,0.98545,0.0,0.0,nan,0.0,0.00497,0.02422,20.36083,1.90483,0.23145,0.58804,0.73989,0.38361,0.52498,0.73989
-12.80123,10.8079,-5.21933,-0.03877,-0.6173,-0.78577,0.99931,0.0,0.0,nan,0.0,0.00895,0.02779,22.86945,2.02819,0.22764,0.48028,0.46364,0.72908,0.49305,0.46364
-12.96046,10.9707,12.79327,-0.17281,0.08086,0.98163,0.99622,0.0,0.0,nan,0.0,0.01296,0.03349,27.47075,1.63811,0.23481,0.50323,0.50489,0.82507,0.61046,0.50489
-12.9793,12.98763,-6.82315,-0.1264,-0.59168,-0.7962,0.99681,0.0,0.0,nan,0.0,0.0055,0.03559,16.49353,1.8314,0.23109,0.38801,0.52144,0.44648,0.54603,0.52144
-12.41295,12.08582,-5.9492,-0.05675,-0.64991,-0.75789,0.99422,0.0,0.0,nan,0.0,0.00616,0.0258,18.62203,1.72645,0.23328,0.48631,0.60918,0.54374,0.57922,0.60918
-12.90335,13.06037,12.6397,-0.14808,-0.12284,0.98132,0.99592,0.0,0.0,nan,0.0,0.0162,0.04598,26.85677,1.6972,0.2396,0.59104,0.5232,0.64062,0.58921,0.5232
-13.00048,15.32001,-8.34263,-0.17999,-0.43636,-0.88159,0.99891,0.0,0.0,nan,0.0,0.01184,0.03819,14.64435,1.63811,0.23255,0.49237,0.6773,0.71553,0.61046,0.6773
-12.96018,14.3545,-7.74258,-0.16097,-0.5385,-0.82711,0.99951,0.0,0.0,nan,0.0,0.00792,0.02982,13.48483,1.792,0.23295,0.40779,0.32422,0.74806,0.55804,0.32422
-13.01846,15.12756,13.26884,-0.15606,0.08853,0.98377,0.96074,0.0,0.0,nan,0.0,0.00445,0.01553,15.58329,2.67098,0.23606,0.38503,0.44854,0.83939,0.37439,0.44854
-13.00015,17.01053,-9.06024,-0.26539,-0.26904,-0.92584,0.99542,0.0,0.0,nan,0.0,0.01381,0.03676,17.28469,1.68933,0.24168,0.59494,0.76312,0.73528,0.59195,0.76312
-13.04696,17.75777,11.9968,-0.1999,0.05297,0.97838,0.9725,0.0,0.0,nan,0.0,0.00616,0.01671,18.85672,1.90524,0.23514,0.41111,0.38063,0.99169,0.52487,0.38063
-12.97136,16.9715,12.20902,-0.19678,0.14672,0.96941,0.98575,0.0,0.0,nan,0.0,0.00916,0.02243,18.40437,1.99748,0.23976,0.46386,0.39036,0.97647,0.50063,0.39036
-12.74622,19.80576,-10.23135,-0.29594,-0.21043,-0.93174,0.97469,0.0,0.0,nan,0.0,0.00929,0.02428,17.07371,2.0507,0.23812,0.68613,0.64252,0.62293,0.48764,0.64252
-13.1145,18.91661,-9.40001,-0.32958,-0.30478,-0.89358,0.99821,0.0,0.0,nan,0.0,0.01365,0.03497,15.91723,1.88999,0.24168,0.69162,0.82453,0.83401,0.5291,0.82453
-13.87267,19.9927,11.99668,-0.24174,0.15158,0.95843,0.99662,0.0,0.0,nan,0.0,0.01392,0.02777,17.67083,1.87879,0.23616,0.62417,0.36604,0.89437,0.53226,0.36604
-13.04373,18.94978,12.63049,-0.19523,0.04944,0.97951,0.99253,0.0,0.0,nan,0.0,0.01072,0.02474,18.89426,1.83905,0.24091,0.50216,0.32092,0.95425,0.54376,0.32092
-13.03756,21.01979,-10.45761,-0.29216,-0.07659,-0.9533,0.97788,0.0,0.0,nan,0.0,0.00675,0.01411,18.08343,1.89979,0.23986,0.6728,0.7081,0.78964,0.52637,0.7081
-13.35122,21.86173,-9.94014,-0.31733,-0.06812,-0.94587,0.99642,0.0,0.0,nan,0.0,0.00747,0.01514,19.6268,1.80192,0.23637,0.59352,0.62252,0.91597,0.55496,0.62252
-13.46562,21.41879,11.75044,-0.24124,0.17342,0.95485,0.98366,0.0,0.0,nan,0.0,0.00963,0.02786,25.78067,2.1033,0.23406,0.58631,0.69734,0.63516,0.47544,0.69734
-12.81934,20.92259,12.40043,-0.22356,0.19119,0.95575,0.99133,0.0,0.0,nan,0.0,0.01428,0.03773,21.95849,1.80192,0.24974,0.60566,0.64668,0.68207,0.55496,0.64668
-12.74285,23.38594,-10.26055,-0.30429,-0.24678,-0.92006,0.98356,0.0,0.0,nan,0.0,0.00803,0.02648,22.9129,1.69888,0.23089,0.66676,0.82262,0.64448,0.58862,0.82262
-13.21169,22.54634,-9.66214,-0.32495,-0.07388,-0.94284,0.97579,0.0,0.0,nan,0.0,0.01512,0.02948,19.66573,2.24534,0.23722,0.67137,0.79116,0.96938,0.44537,0.79116
-13.06249,22.89435,11.52563,-0.20483,-0.03199,0.97827,0.97987,0.0,0.0,nan,0.0,0.00943,0.02336,19.95407,1.71875,0.23525,0.44431,0.60235,1.0,0.58182,0.60235
-12.62004,23.53714,12.02954,-0.18584,-0.06303,0.98056,0.99402,0.0,0.0,nan,0.0,0.00663,0.01773,18.79131,1.68663,0.24098,0.41937,0.6221,0.98624,0.5929,0.6221
-13.02044,24.94436,-10.87971,-0.32555,-0.33414,-0.88451,0.99363,0.0,0.0,nan,0.0,0.01666,0.05573,15.04728,1.85182,0.21697,0.62572,0.73581,0.54135,0.54001,0.73581
-13.76742,25.26246,11.91568,-0.25923,0.03851,0.96505,0.99512,0.0,0.0,nan,0.0,0.01229,0.03937,19.94568,1.82484,0.23901,0.60686,0.76651,0.59765,0.54799,0.76651
-12.82448,25.00539,12.31227,-0.20846,-0.02059,0.97781,0.98635,0.0,0.0,nan,0.0,0.00879,0.02779,18.55616,1.64625,0.23648,0.52637,0.7884,0.75912,0.60744,0.7884
-13.02344,27.09313,-11.44426,-0.31032,-0.01241,-0.95055,0.99273,0.0,0.0,nan,0.0,0.00868,0.04135,16.52935,2.95629,0.23224,0.7289,0.85029,0.47528,0.33826,0.85029
-13.10267,27.07866,11.71006,-0.23649,0.07418,0.9688,0.98366,0.0,0.0,nan,0.0,0.0042,0.03427,24.60282,1.66694,0.23283,0.56966,0.8761,0.38957,0.5999,0.8761
-12.49099,26.43864,12.03253,-0.22767,0.13791,0.96392,0.99552,0.0,0.0,nan,0.0,0.02395,0.07019,17.90549,1.84405,0.23144,0.5586,0.72077,0.67899,0.54228,0.72077
-12.29186,29.82687,-12.11152,-0.3169,-0.27592,-0.90744,0.98904,0.0,0.0,nan,0.0,0.01779,0.04132,20.12668,1.69047,0.23922,0.70548,0.63347,0.67097,0.59155,0.63347
-12.95855,29.02719,-10.97309,-0.33175,-0.19735,-0.92249,0.95735,0.0,0.0,nan,0.0,0.00821,0.0257,20.68121,2.08143,0.2362,0.61186,0.86443,0.90324,0.48044,0.86443
-13.00351,28.76436,11.50122,-0.19612,-0.15143,0.96882,0.98486,0.0,0.0,nan,0.0,0.00942,0.02156,20.14908,1.87668,0.23154,0.50273,0.6071,0.95543,0.53285,0.6071
-12.88205,29.61667,12.31361,-0.19074,-0.15677,0.96904,0.99373,0.0,0.0,nan,0.0,0.01011,0.02188,20.47854,1.78134,0.23933,0.50893,0.48242,0.99682,0.56138,0.48242
-12.87759,31.15497,-12.36814,-0.32085,-0.11775,-0.93978,0.96712,0.0,0.0,nan,0.0,0.01194,0.04341,18.91572,1.84826,0.24337,0.60731,0.59324,0.50062,0.54105,0.59324
-13.57721,30.45428,-11.75863,-0.35822,-0.25286,-0.89874,0.97868,0.0,0.0,nan,0.0,0.01295,0.03595,16.66621,3.22737,0.2441,0.65045,0.5963,0.62008,0.30985,0.5963
-13.79515,31.48653,11.87816,-0.24783,0.04956,0.96753,0.99034,0.08373,0.09047,0.7,0.77331,0.01252,0.04491,24.31963,1.88653,0.24357,0.56198,0.66768,0.53685,0.53007,0.66768
-12.9303,30.99094,12.49629,-0.23078,-0.01723,0.97285,0.9723,0.02767,0.13836,0.7,1.0,0.01207,0.03408,23.46034,1.74992,0.22068,0.46885,0.60841,0.81989,0.57146,0.60841
-12.61617,32.53365,-12.11143,-0.29737,0.06284,-0.95269,0.99632,0.0,0.0,nan,0.0,0.00848,0.02952,19.44962,1.80192,0.24278,0.49463,0.63147,0.64042,0.55496,0.63147
-13.22227,33.17751,-11.5931,-0.29799,0.04742,-0.95339,0.98615,0.0,0.0,nan,0.0,0.0071,0.02254,19.8876,1.80192,0.24106,0.40186,0.56182,0.86265,0.55496,0.56182
-13.21881,33.26562,11.7678,-0.21394,-0.07244,0.97416,0.97768,0.03459,0.17294,0.7,1.0,0.01055,0.02415,23.56649,1.70293,0.23447,0.47893,0.4116,0.98948,0.58722,0.4116
-12.61646,32.48424,12.20112,-0.22529,0.05039,0.97299,0.98446,0.02429,0.12147,0.7,1.0,0.00685,0.0275,28.28044,1.80749,0.23989,0.56991,0.82267,0.60938,0.55325,0.82267
-12.7436,35.29399,-12.29334,-0.31599,-0.11263,-0.94205,0.98476,0.0,0.0,nan,0.0,0.01275,0.04399,22.51185,3.17595,0.25564,0.49473,0.44623,0.63812,0.31487,0.44623
-13.41344,34.65377,-11.66413,-0.33011,-0.11751,-0.9366,0.98396,0.00372,0.01861,0.7,1.0,0.01358,0.03977,20.89254,1.63811,0.23918,0.49278,0.80288,0.91385,0.61046,0.80288
-13.10972,34.19701,11.75258,-0.21523,-0.19388,0.95712,0.97798,0.00677,0.03384,0.7,1.0,0.00662,0.01732,19.90784,1.63811,0.23181,0.49176,0.49648,0.85531,0.61046,0.49648
-12.98569,34.91921,12.78953,-0.2201,-0.20564,0.95356,0.96572,0.0,0.0,nan,0.0,0.00601,0.02088,17.4058,1.73974,0.24152,0.49228,0.55157,0.65173,0.5748,0.55157
-12.96516,36.90654,-12.53635,-0.28391,0.08632,-0.95496,0.97907,0.0,0.0,nan,0.0,0.00583,0.01713,18.95041,3.41611,0.24381,0.51939,0.39678,0.72496,0.29273,0.39678
-13.13432,37.62743,-11.58134,-0.29322,0.12394,-0.94798,0.99024,0.0,0.0,nan,0.0,0.00622,0.0189,19.99651,1.6667,0.24249,0.4663,0.48713,0.77574,0.59999,0.48713
-12.98249,37.05046,12.74697,-0.3221,0.10627,0.94072,0.97369,0.0,0.0,nan,0.0,0.01404,0.03943,20.16403,3.55861,0.24281,0.64527,0.51917,0.60631,0.28101,0.51917
-12.37864,39.47349,-12.21654,-0.29262,-0.01344,-0.95613,0.99582,0.0,0.0,nan,0.0,0.01286,0.02821,24.59789,1.87465,0.24764,0.55817,0.46778,0.88308,0.53343,0.46778
-13.0659,38.8795,-11.53502,-0.30723,0.07068,-0.94901,0.97937,0.0,0.0,nan,0.0,0.01231,0.02505,24.74555,1.72856,0.23598,0.54871,0.70694,0.96768,0.57852,0.70694
-13.33563,39.08686,11.9791,-0.29434,-0.08777,0.95166,0.98585,0.0,0.0,nan,0.0,0.00977,0.02721,23.23291,2.20816,0.23197,0.64177,0.50438,0.60731,0.45287,0.50438
-12.97394,38.94382,12.33993,-0.27798,-0.03679,0.95988,0.99671,0.0,0.0,nan,0.0,0.01244,0.02783,23.12786,1.65232,0.2429,0.63264,0.56013,0.76783,0.60521,0.56013
-12.73026,41.11705,-12.31597,-0.27403,-0.02229,-0.96146,0.99083,0.0,0.0,nan,0.0,0.01209,0.02713,25.77728,1.63811,0.24369,0.50157,0.65855,0.95738,0.61046,0.65855
-13.64173,40.89714,-11.86099,-0.32241,-0.06463,-0.94439,0.99402,0.0,0.0,nan,0.0,0.01799,0.03378,25.94846,1.80994,0.23121,0.58085,0.42893,0.98743,0.5525,0.42893
-12.98719,41.0084,12.91257,-0.19685,-0.05465,0.97891,0.98117,0.0,0.0,nan,0.0,0.00788,0.02201,20.63192,1.73425,0.23247,0.56098,0.5496,0.7002,0.57662,0.5496
-12.76133,42.26645,-12.01357,-0.26536,0.0364,-0.96346,0.99821,0.0,0.0,nan,0.0,0.01485,0.03216,24.65679,1.63811,0.23497,0.5208,0.28864,0.95855,0.61046,0.28864
-12.95571,43.23915,-11.68316,-0.30207,0.03415,-0.95267,0.99751,0.0,0.0,nan,0.0,0.01179,0.02816,20.55139,2.0568,0.22635,0.52038,0.53209,0.88277,0.48619,0.53209
-13.10742,42.93905,12.62722,-0.22223,0.04346,0.97403,0.99771,0.0,0.0,nan,0.0,0.01081,0.02547,21.82035,1.87809,0.23232,0.47029,0.43537,0.98513,0.53246,0.43537
-12.52032,45.13925,-12.30982,-0.30479,0.01085,-0.95236,0.99382,0.0,0.0,nan,0.0,0.00557,0.02109,18.5017,2.06102,0.23342,0.4099,0.55315,0.71447,0.4852,0.55315
-13.31211,44.99894,-11.68949,-0.34417,0.0126,-0.93882,0.99811,0.0,0.0,nan,0.0,0.00868,0.02568,19.96072,2.39137,0.22524,0.45593,0.42086,0.81563,0.41817,0.42086
-12.98586,44.99324,12.56063,-0.22444,-0.07152,0.97186,0.99721,0.0,0.0,nan,0.0,0.00768,0.01937,22.046,1.74929,0.22353,0.4326,0.45588,1.0,0.57166,0.45588
-12.60005,46.47931,-12.22423,-0.30839,0.12996,-0.94234,0.98535,0.0,0.0,nan,0.0,0.00861,0.02535,18.27608,1.63811,0.23533,0.43667,0.47545,0.86328,0.61046,0.47545
-13.15655,47.30795,-11.7481,-0.33305,0.15872,-0.92945,0.99552,0.0,0.0,nan,0.0,0.00923,0.02428,20.03374,2.00744,0.22828,0.50636,0.52834,0.82609,0.49815,0.52834
-13.06915,46.99453,12.73079,-0.21942,0.04531,0.97458,0.99093,0.0,0.0,nan,0.0,0.01147,0.02692,20.88625,1.70606,0.23841,0.46708,0.33416,1.0,0.58615,0.33416
-12.12375,49.96476,-12.0203,-0.29994,-0.01243,-0.95388,0.98505,0.0,0.0,nan,0.0,0.00533,0.01894,17.41883,1.63811,0.23673,0.48273,0.63221,0.65012,0.61046,0.63221
-13.0397,49.00199,-11.63219,-0.34619,-0.01223,-0.93808,0.99801,0.0,0.0,nan,0.0,0.00987,0.0222,19.15563,3.60383,0.23431,0.58947,0.77973,0.92024,0.27748,0.77973
-13.46844,48.38267,11.9904,-0.2053,-0.05266,0.97728,0.9726,0.0,0.0,nan,0.0,0.01263,0.03421,19.70974,1.75451,0.24143,0.54659,0.81534,0.94074,0.56996,0.81534
-12.98222,49.03064,12.41166,-0.17573,-0.07195,0.98181,0.99592,0.02914,0.14569,0.7,1.0,0.01043,0.02464,20.48979,1.6705,0.24747,0.4937,0.48362,0.94126,0.59862,0.48362
-12.26395,50.51381,-12.12466,-0.28608,0.05125,-0.95683,0.97319,0.0,0.0,nan,0.0,0.0047,0.01911,17.02553,1.84565,0.2378,0.42283,0.62689,0.64944,0.54181,0.62689
-13.16511,51.11775,-11.83285,-0.32765,0.15034,-0.93276,0.95017,0.0,0.0,nan,0.0,0.00716,0.02185,19.02289,1.93234,0.23667,0.48618,0.47137,0.74476,0.51751,0.47137
-13.78457,51.75479,11.84598,-0.28758,0.12299,0.94983,0.97898,0.0,0.0,nan,0.0,0.01269,0.03164,21.69083,1.82988,0.24321,0.51548,0.47177,0.84987,0.54648,0.47177
-13.019,51.1424,13.05426,-0.21007,0.04773,0.97652,0.9728,0.0,0.0,nan,0.0,0.00493,0.01939,22.37502,2.03097,0.22293,0.35189,0.38627,0.78697,0.49238,0.38627
-13.04347,52.96445,-10.77717,-0.34561,0.22251,-0.91162,0.98515,0.0,0.0,nan,0.0,0.01748,0.04066,19.9958,1.80742,0.24096,0.57224,0.66208,0.82632,0.55328,0.66208
-13.70228,53.33939,11.72045,-0.25384,-0.0082,0.96721,0.94828,0.0,0.0,nan,0.0,0.00825,0.02195,23.41013,1.93447,0.22307,0.40975,0.48675,0.9951,0.51694,0.48675
-12.9521,53.00932,12.4223,-0.24718,0.07108,0.96636,0.99522,0.0,0.0,nan,0.0,0.00804,0.02414,23.22211,2.07575,0.2234,0.36183,0.33426,1.0,0.48175,0.33426
-13.02318,54.89561,-10.98101,-0.37704,0.02706,-0.9258,0.99632,0.0,0.0,nan,0.0,0.00773,0.02705,17.60593,1.82451,0.23627,0.49133,0.42385,0.64802,0.54809,0.42385
-13.94531,54.06915,-9.99043,-0.40213,0.04949,-0.91424,0.96343,0.0,0.0,nan,0.0,0.01371,0.02964,19.96714,2.02158,0.22547,0.57758,0.57233,0.88101,0.49466,0.57233
-13.13194,54.97593,12.51135,-0.24023,-0.0425,0.96978,0.99841,0.0,0.0,nan,0.0,0.00683,0.02428,21.62003,2.01121,0.22812,0.33642,0.23359,0.91292,0.49721,0.23359
-12.936,56.93743,-10.61594,-0.44762,0.28217,-0.84854,0.97469,0.0,0.0,nan,0.0,0.006,0.03732,23.41054,2.19842,0.2426,0.54137,0.87319,0.53204,0.45487,0.87319
-13.60536,57.95414,-9.35239,-0.61961,0.47372,-0.62584,0.96911,0.0,0.0,nan,0.0,0.01095,0.03336,28.03418,1.70252,0.24748,0.593,0.81071,0.73632,0.58736,0.81071
-13.92615,57.9446,-7.90699,-0.68013,0.58542,-0.44126,0.87194,0.0,0.0,nan,0.0,0.00801,0.02888,33.94175,1.84752,0.23288,0.59659,0.86301,0.77149,0.54127,0.86301
-13.80658,57.6389,11.93815,-0.2406,0.04817,0.96943,0.98466,0.0,0.0,nan,0.0,0.00868,0.02526,22.58024,1.80192,0.23242,0.37422,0.61851,1.0,0.55496,0.61851
-12.96534,57.00379,12.52142,-0.25779,0.07955,0.96292,0.99711,0.0,0.0,nan,0.0,0.01299,0.03473,23.14251,2.00447,0.22811,0.45939,0.45146,0.88463,0.49889,0.45146
-12.458,59.02576,-10.41724,-0.55915,0.17067,-0.81131,0.96393,0.0,0.0,nan,0.0,0.01256,0.03455,26.288,2.10112,0.23225,0.50545,0.7456,0.77396,0.47594,0.7456
-13.20168,58.95508,-8.99556,-0.74517,0.29245,-0.59933,0.95565,0.0,0.0,nan,0.0,0.00542,0.04497,32.23352,1.76803,0.23569,0.65722,0.88879,0.35038,0.5656,0.88879
-13.83846,59.19826,-7.76878,-0.82476,0.29897,-0.47999,0.93971,0.0,0.0,nan,0.0,0.00371,0.04459,33.96309,1.76012,0.24998,0.68757,0.94659,0.34519,0.56814,0.94659
-13.18808,58.56296,11.83863,-0.25504,-0.02658,0.96657,0.9725,0.0,0.0,nan,0.0,0.00802,0.02443,21.34184,2.04197,0.23659,0.46016,0.7977,0.92017,0.48972,0.7977
-12.9085,59.14722,12.38477,-0.24358,-0.03674,0.96919,0.99761,0.0,0.0,nan,0.0,0.01056,0.02836,20.94116,2.05334,0.23225,0.46872,0.3807,0.87011,0.48701,0.3807
-12.53467,61.01554,-10.49896,-0.5714,0.07426,-0.8173,0.9139,0.0,0.0,nan,0.0,0.00501,0.01732,18.37528,1.74671,0.23431,0.3523,0.34618,0.91046,0.57251,0.34618
-13.24048,60.9631,-9.00268,-0.80701,0.02152,-0.59014,0.98236,0.0,0.0,nan,0.0,0.00896,0.03426,19.33554,3.60383,0.2488,0.52785,0.55529,0.54687,0.27748,0.55529
-13.8599,60.97145,-7.76757,-0.88178,-0.00905,-0.47158,0.99861,0.0,0.0,nan,0.0,0.03026,0.11068,12.41413,1.70432,0.22892,0.56566,0.48326,0.56126,0.58674,0.48326
-13.78346,61.87326,11.85612,-0.28117,0.13446,0.95019,0.98665,0.0,0.0,nan,0.0,0.01612,0.0364,20.79723,1.91912,0.23678,0.65032,0.62459,0.74619,0.52107,0.62459
-13.01748,60.99339,12.72892,-0.24062,0.09551,0.96591,0.97818,0.0,0.0,nan,0.0,0.01202,0.03542,22.15123,2.33388,0.23235,0.66698,0.77659,0.60616,0.42847,0.77659
-12.54624,62.26612,-10.18417,-0.56168,0.1102,-0.81998,0.93831,0.0,0.0,nan,0.0,0.0085,0.02437,17.8708,1.72466,0.24315,0.41427,0.46114,0.93652,0.57983,0.46114
-13.2031,63.1227,-9.35094,-0.71851,0.06687,-0.69229,0.95984,0.0,0.0,nan,0.0,0.00782,0.02815,16.84162,1.72092,0.24738,0.3922,0.36921,0.79221,0.58109,0.36921
-13.92863,63.02439,-7.87643,-0.8519,0.00385,-0.5237,0.99502,0.0,0.0,nan,0.0,0.00637,0.04357,12.28966,1.63811,0.23429,0.43404,0.77632,0.42759,0.61046,0.77632
-13.4351,63.03903,11.72546,-0.22464,0.02796,0.97404,0.98595,0.0,0.0,nan,0.0,0.00924,0.02323,17.37087,1.77463,0.23743,0.52665,0.64338,0.84246,0.5635,0.64338
-12.67407,63.01307,12.23155,-0.19117,0.07493,0.97869,0.99622,0.0,0.0,nan,0.0,0.01218,0.0259,18.66653,1.86067,0.2399,0.58736,0.63255,0.88623,0.53744,0.63255
-12.99228,64.94366,-9.11252,-0.6815,0.00973,-0.73175,0.98366,0.02643,0.13217,0.6,1.0,0.01102,0.02932,14.06316,1.63902,0.24007,0.43634,0.32945,0.98417,0.61012,0.32945
-13.83319,65.01409,-7.75699,-0.84547,-0.00317,-0.53401,0.99781,0.0,0.0,nan,0.0,0.00527,0.02678,11.35555,1.63811,0.24158,0.40023,0.55268,0.57856,0.61046,0.55268
-13.83598,65.88963,11.94899,-0.22869,0.13656,0.96387,0.99133,0.0,0.0,nan,0.0,0.00616,0.07794,21.3434,1.80192,0.23819,0.7599,0.95092,0.31871,0.55496,0.95092
-13.03714,64.9419,12.4076,-0.208,-0.00705,0.9781,0.98017,0.0,0.0,nan,0.0,0.00582,0.0217,15.51396,1.69073,0.23965,0.54866,0.66527,0.5523,0.59146,0.66527
-13.40474,66.98523,-9.28961,-0.67769,-0.00122,-0.73535,0.93762,0.0,0.0,nan,0.0,0.00715,0.01745,12.28361,2.79895,0.23652,0.47725,0.41133,0.99844,0.35728,0.41133
-13.94844,66.98315,-7.84484,-0.84151,-0.02849,-0.5395,0.99622,0.0,0.0,nan,0.0,0.00995,0.03153,11.85556,2.1005,0.23025,0.61396,0.70402,0.60087,0.47608,0.70402
-13.22885,67.27574,11.56657,-0.23661,0.10927,0.96544,0.97479,0.0,0.0,nan,0.0,0.00497,0.01686,20.2928,1.84003,0.24203,0.58142,0.5712,0.55675,0.54347,0.5712
-12.53987,66.57124,12.23186,-0.24751,0.15142,0.95698,0.99731,0.0,0.0,nan,0.0,0.00431,0.02639,18.30723,1.68473,0.24661,0.62133,0.80774,0.35806,0.59357,0.80774
-13.20374,68.88554,-9.23297,-0.60139,-0.02037,-0.79869,0.95815,0.0,0.0,nan,0.0,0.00729,0.01931,12.15075,1.88323,0.231,0.47709,0.52456,0.92167,0.531,0.52456
-13.92204,68.44396,-7.85389,-0.82719,-0.0861,-0.55528,0.99143,0.0,0.0,nan,0.0,0.01277,0.02646,11.81925,2.68068,0.23016,0.59705,0.62878,0.94517,0.37304,0.62878
-13.10664,68.58196,11.52019,-0.17772,-0.09538,0.97945,0.97489,0.0,0.0,nan,0.0,0.00266,0.01571,17.4481,1.75477,0.23337,0.49701,0.56315,0.37969,0.56987,0.56315
-12.86568,69.53682,12.17242,-0.15621,-0.16059,0.97458,0.99363,0.0,0.0,nan,0.0,0.00507,0.02086,12.89752,1.84271,0.24375,0.63199,0.39191,0.44447,0.54268,0.39191
-13.0208,70.92263,-9.34404,-0.481,0.00064,-0.87672,0.9434,0.0,0.0,nan,0.0,0.00861,0.03437,11.19563,1.70334,0.23943,0.48185,0.62618,0.61265,0.58708,0.62618
-13.02672,71.0174,12.27744,-0.13959,0.05083,0.9889,0.96562,0.0,0.0,nan,0.0,0.01046,0.05975,12.21978,2.32878,0.22967,0.79766,0.8041,0.30899,0.42941,0.8041
-12.99051,72.87819,-9.06249,-0.38289,0.12075,-0.91587,0.95575,0.0,0.0,nan,0.0,0.0049,0.03098,9.89428,2.68717,0.24868,0.70386,0.78598,0.30561,0.37214,0.78598
-13.04559,72.99152,11.46062,-0.1561,0.08023,0.98448,0.97798,0.0,0.0,nan,0.0,0.00402,0.01279,12.85362,3.34654,0.24651,0.54569,0.79128,0.76703,0.29882,0.79128
-12.77746,72.29096,12.11587,-0.14794,0.12633,0.9809,0.99731,0.0,0.0,nan,0.0,0.00372,0.00973,12.30837,1.88997,0.23702,0.56639,0.64739,0.78561,0.52911,0.64739
-12.92782,75.00733,-8.62652,-0.30073,0.23215,-0.92502,0.95675,0.03439,0.17197,0.6,1.0,0.01717,0.19729,7.6153,1.75138,0.23732,0.86831,0.90709,0.2544,0.57098,0.90709
-13.45794,74.76696,11.96323,-0.17355,-0.0991,0.97983,0.99612,0.0,0.0,nan,0.0,0.005,0.01753,12.24879,3.29525,0.23431,0.67001,0.62027,0.49485,0.30347,0.62027
-12.64697,75.18977,12.09574,-0.15318,-0.12347,0.98045,0.99771,0.0,0.0,nan,0.0,0.00549,0.02907,10.27262,3.51552,0.23763,0.76918,0.74034,0.29358,0.28445,0.74034
-12.58178,76.61372,-8.2676,-0.257,0.30781,-0.91608,0.96552,0.0379,0.1895,0.6,1.0,0.02605,0.11402,5.47153,1.75132,0.20983,0.4733,0.75533,0.67065,0.571,0.75533
-13.30352,77.40617,-7.74776,-0.27791,0.3277,-0.90298,0.94649,0.0,0.0,nan,0.0,0.00915,0.25593,5.10853,2.22807,0.2301,0.87123,0.98043,0.21753,0.44882,0.98043
-13.9866,76.8107,11.9926,-0.25379,-0.01005,0.96721,0.99562,0.0,0.0,nan,0.0,0.0027,0.0397,12.11729,1.79458,0.23568,0.32475,0.43838,0.24402,0.55723,0.43838
-12.96617,77.00502,12.18738,-0.17523,0.00676,0.9845,0.99681,0.0,0.0,nan,0.0,0.00312,0.06488,10.91928,2.0829,0.22607,0.2893,0.49871,0.19671,0.4801,0.49871
-13.10476,78.92265,-7.19291,-0.22998,0.39171,-0.89088,0.95187,0.0,0.0,nan,0.0,0.01085,0.07756,2.99003,1.80192,0.22832,0.30159,0.39319,0.77393,0.55496,0.39319
-13.29551,79.49386,11.94888,-0.10863,0.19291,0.97519,0.99123,0.0,0.0,nan,0.0,0.00947,0.11594,12.22116,1.81572,0.23391,0.42702,0.72278,0.22249,0.55075,0.72278
-12.79746,78.62111,12.09277,-0.12351,0.11439,0.98573,0.99532,0.0,0.0,nan,0.0,0.00483,0.08866,11.29362,1.63811,0.23691,0.43235,0.82192,0.19266,0.61046,0.82192
-12.98896,80.79535,-6.32454,-0.17289,0.4499,-0.87619,0.94997,0.00101,0.00503,0.6,1.0,0.02568,0.12796,2.54819,1.91093,0.22374,0.36309,0.70715,0.98667,0.52331,0.70715
-13.09371,81.71236,-5.82182,-0.14669,0.48173,-0.86396,0.96672,0.0,0.0,nan,0.0,0.01355,0.09482,3.06516,1.67546,0.22792,0.41014,0.41305,0.57571,0.59685,0.41305
-13.00684,81.11338,11.46481,-0.05353,0.48008,0.87559,0.98356,0.0,0.0,nan,0.0,0.01548,0.07291,5.42742,1.68019,0.23856,0.33152,0.4613,0.87656,0.59517,0.4613
-13.0251,83.06912,-5.05564,-0.11807,0.58271,-0.80406,0.98924,0.0,0.0,nan,0.0,0.01936,0.18144,8.22786,1.76988,0.22957,0.73299,0.90798,0.36588,0.56501,0.90798
-13.43835,83.93212,7.87862,-0.12516,0.89568,0.42671,0.99771,0.0,0.0,nan,0.0,0.01966,0.07556,7.56877,1.9323,0.21367,0.44033,0.74261,0.74695,0.51752,0.74261
-12.98785,83.36303,9.04166,-0.10961,0.84757,0.51925,0.99861,0.00686,0.03431,0.6,1.0,0.02614,0.0943,6.85245,1.63811,0.23189,0.40223,0.63315,0.89019,0.61046,0.63315
-12.94262,82.42223,10.46014,-0.07029,0.71857,0.69189,0.98665,0.0,0.0,nan,0.0,0.01716,0.06704,6.05524,2.19053,0.22985,0.34274,0.43023,0.99359,0.45651,0.43023
-12.89338,84.29984,-4.21897,-0.10433,0.74489,-0.65898,0.97469,0.0,0.0,nan,0.0,0.00563,0.0548,12.34776,2.18583,0.21884,0.59216,0.86725,0.3228,0.45749,0.86725
-13.02893,85.01014,-3.09234,-0.11034,0.86822,-0.48375,0.98117,0.0,0.0,nan,0.0,0.00613,0.0421,14.17524,2.20981,0.23322,0.55025,0.81451,0.38065,0.45253,0.81451
-13.01172,85.62897,-0.99381,-0.07478,0.9791,-0.18911,0.99492,0.0,0.0,nan,0.0,0.00772,0.03951,10.32822,2.04625,0.23741,0.37541,0.59447,0.62158,0.4887,0.59447
-12.9457,85.71925,0.98892,-0.08449,0.99518,0.04983,0.99562,0.0,0.0,nan,0.0,0.01424,0.07899,6.22134,1.63811,0.22407,0.27146,0.41308,0.87751,0.61046,0.41308
-13.01116,85.41168,2.99382,-0.12582,0.97537,0.18115,0.99572,0.0,0.0,nan,0.0,0.01985,0.08045,5.67143,1.82457,0.22335,0.34458,0.36032,0.96848,0.54808,0.36032
-12.98962,84.97169,5.02217,-0.14655,0.95889,0.24303,0.99731,0.0,0.0,nan,0.0,0.01835,0.06162,8.42308,2.15601,0.21005,0.42688,0.60457,0.86338,0.46382,0.60457
-12.96981,84.42643,6.87972,-0.14412,0.92086,0.36229,0.99701,0.0,0.0,nan,0.0,0.01189,0.07483,8.18354,1.77846,0.21402,0.36655,0.8374,0.74886,0.56228,0.8374
-12.06844,84.02921,8.04239,-0.13342,0.88287,0.45027,0.99771,0.02447,0.12237,0.6,1.0,0.01986,0.08042,8.19722,1.7675,0.21262,0.43215,0.76968,0.75873,0.56577,0.76968
-10.88657,1.77549,1.54791,-0.12762,-0.89211,-0.43343,0.98954,0.0,0.0,nan,0.0,0.00758,0.04511,24.173,1.80192,0.2357,0.59918,0.84416,0.43466,0.55496,0.84416
-11.00592,1.47237,3.03791,-0.10569,-0.96812,-0.22708,0.99781,0.0,0.0,nan,0.0,0.00916,0.02706,21.26602,1.63811,0.2261,0.44124,0.64942,0.83941,0.61046,0.64942
-11.04134,1.01188,4.95476,-0.03018,-0.99954,0.00021,0.98655,0.0,0.0,nan,0.0,0.0098,0.02454,21.26269,1.7057,0.23285,0.469,0.58366,0.93179,0.58627,0.58366
-11.0207,1.523,6.9411,0.02907,-0.94108,0.33693,0.99303,0.0,0.0,nan,0.0,0.01383,0.03321,17.97619,2.3768,0.23696,0.49614,0.63435,0.9325,0.42073,0.63435
-11.73053,1.82477,8.2094,0.07882,-0.91428,0.39734,0.99771,0.0,0.0,nan,0.0,0.01112,0.02816,16.98927,1.87488,0.23738,0.56868,0.79413,0.90404,0.53337,0.79413
-10.94639,3.56243,-0.51611,-0.11389,-0.74427,-0.6581,0.99941,0.0,0.0,nan,0.0,0.01692,0.04561,9.50221,1.89086,0.23317,0.46255,0.7379,0.9707,0.52886,0.7379
-11.05973,2.39471,0.50679,-0.12013,-0.81374,-0.56868,0.98575,0.01428,0.07139,0.6,1.0,0.00856,0.13679,16.09313,1.7764,0.21751,0.71332,0.93303,0.23796,0.56294,0.93303
-10.5869,2.0026,7.98393,0.05788,-0.90305,0.42561,0.99701,0.0,0.0,nan,0.0,0.01312,0.03126,17.44118,1.69904,0.23899,0.49178,0.56121,0.95165,0.58857,0.56121
-10.9432,2.67934,8.93933,0.08762,-0.91472,0.39448,0.99781,0.0,0.0,nan,0.0,0.01101,0.0263,14.66609,1.63811,0.23161,0.47809,0.46136,0.99487,0.61046,0.46136
-11.03737,3.28383,11.00343,0.06567,-0.83104,0.55232,0.98466,0.0,0.0,nan,0.0,0.00541,0.0308,11.96447,2.03149,0.23676,0.35764,0.5616,0.57298,0.49225,0.5616
-10.98445,5.42606,-2.83003,-0.16649,-0.62632,-0.76158,0.98745,0.0,0.0,nan,0.0,0.00655,0.02415,14.61271,1.83108,0.2352,0.51425,0.7852,0.67592,0.54613,0.7852
-11.02601,4.49033,-1.54574,-0.11928,-0.74519,-0.6561,0.99911,0.0,0.0,nan,0.0,0.01074,0.04515,10.37045,1.86162,0.22629,0.38091,0.54068,0.74464,0.53717,0.54068
-10.94813,4.02784,11.97708,0.011,-0.66536,0.74644,0.96153,0.0,0.0,nan,0.0,0.00915,0.0705,14.14101,1.63811,0.23365,0.52237,0.86001,0.43764,0.61046,0.86001
-10.99086,4.94278,12.59391,-0.03708,-0.40606,0.91309,0.95815,0.0,0.0,nan,0.0,0.00556,0.09438,15.84992,1.6995,0.23343,0.69649,0.97286,0.33195,0.58841,0.97286
-10.037,7.53391,-4.01079,-0.27872,-0.31467,-0.90736,0.99901,0.0,0.0,nan,0.0,0.01196,0.03483,16.03484,1.71833,0.23538,0.53292,0.74587,0.72465,0.58196,0.74587
-11.06697,6.9625,-3.73141,-0.22324,-0.38455,-0.8957,0.98635,0.0,0.0,nan,0.0,0.00736,0.02305,16.02372,1.76866,0.22918,0.44184,0.6739,0.81248,0.5654,0.6739
-10.98826,6.98059,12.7607,-0.06936,-0.13734,0.98809,0.99871,0.0,0.0,nan,0.0,0.00339,0.02339,15.1371,1.80192,0.23024,0.57962,0.93423,0.69006,0.55496,0.93423
-10.83177,9.20053,-4.30653,-0.19056,-0.33684,-0.92208,0.98944,0.0,0.0,nan,0.0,0.01645,0.06227,23.83165,1.70002,0.23083,0.63056,0.72424,0.45401,0.58823,0.72424
-11.48144,8.47401,-3.75666,-0.18298,-0.28489,-0.94094,0.98914,0.0,0.0,nan,0.0,0.01166,0.0523,22.43949,1.82868,0.22203,0.47554,0.40627,0.51059,0.54684,0.40627
-11.00161,8.98283,13.27395,-0.08597,-0.00523,0.99628,0.99532,0.0,0.0,nan,0.0,0.00662,0.02448,17.53912,2.02029,0.22837,0.48315,0.69796,0.62388,0.49498,0.69796
-10.64756,11.83406,-6.28294,-0.19623,-0.69503,-0.69169,0.99522,0.0,0.0,nan,0.0,0.01497,0.04817,17.1094,1.69327,0.23837,0.59093,0.56217,0.5875,0.59057,0.56217
-11.02335,11.03977,-5.02807,-0.1089,-0.62007,-0.77695,0.96413,0.0,0.0,nan,0.0,0.0106,0.03621,24.81385,2.02994,0.22882,0.56477,0.62185,0.56002,0.49263,0.62185
-10.98672,10.86563,12.77624,-0.08896,0.0961,0.99139,0.99662,0.0,0.0,nan,0.0,0.00824,0.03059,23.33838,1.63811,0.23024,0.49121,0.40924,0.59575,0.61046,0.40924
-10.35034,13.86829,-8.08539,-0.24529,-0.55231,-0.79673,0.99951,0.0,0.0,nan,0.0,0.00791,0.03324,9.31324,2.21838,0.24435,0.55349,0.8481,0.76159,0.45078,0.8481
-11.06803,12.87079,-7.25034,-0.20301,-0.62359,-0.75493,0.99602,0.0,0.0,nan,0.0,0.01873,0.06319,12.27903,1.75422,0.23408,0.57271,0.70232,0.60201,0.57005,0.70232
-11.90829,12.01901,-5.99214,-0.06624,-0.67016,-0.73925,0.99343,0.0,0.0,nan,0.0,0.00813,0.03035,18.95057,1.70156,0.23923,0.53533,0.60462,0.55292,0.5877,0.60462
-10.91136,13.01156,12.67336,-0.01954,-0.08739,0.99598,0.98964,0.0,0.0,nan,0.0,0.0094,0.02571,25.1186,1.85723,0.23035,0.47313,0.56005,0.83404,0.53844,0.56005
-10.9771,15.0213,-8.72978,-0.21806,-0.47031,-0.85514,0.99951,0.0,0.0,nan,0.0,0.00909,0.03873,13.43777,1.79823,0.23391,0.54624,0.82512,0.64981,0.5561,0.82512
-11.68281,14.16765,-7.91454,-0.17947,-0.55396,-0.81297,0.99951,0.0,0.0,nan,0.0,0.00921,0.03612,13.12104,1.80192,0.23641,0.43514,0.5566,0.67569,0.55496,0.5566
-11.04564,15.10733,13.35115,-0.10416,-0.03589,0.99391,0.97628,0.0,0.0,nan,0.0,0.00444,0.01915,18.1141,1.72434,0.2342,0.45701,0.59296,0.56345,0.57993,0.59296
-10.31989,17.62228,-10.14211,-0.26433,-0.32613,-0.90762,0.99542,0.0,0.0,nan,0.0,0.01706,0.03728,14.71026,1.80192,0.23402,0.69408,0.53116,0.74875,0.55496,0.53116
-11.06976,16.99777,-9.53699,-0.2537,-0.33516,-0.90736,0.99542,0.0,0.0,nan,0.0,0.01405,0.03029,15.31714,1.72027,0.2297,0.67792,0.64581,0.7739,0.58131,0.64581
-11.10788,17.06573,13.01099,-0.20395,0.13546,0.96956,0.99911,0.0,0.0,nan,0.0,0.00523,0.01468,15.36697,2.03489,0.22522,0.48466,0.38029,0.83018,0.49143,0.38029
-10.88482,19.15284,-10.41084,-0.27185,-0.26734,-0.92446,0.98615,0.0,0.0,nan,0.0,0.01103,0.02847,13.64817,1.80192,0.24013,0.67642,0.42615,0.65661,0.55496,0.42615
-11.59996,18.42587,-9.82649,-0.2776,-0.31571,-0.90734,0.99612,0.0,0.0,nan,0.0,0.01267,0.02711,15.42683,1.80192,0.23802,0.61363,0.73939,0.86068,0.55496,0.73939
-10.99084,18.89452,12.88895,-0.17026,0.06361,0.98334,0.99452,0.0,0.0,nan,0.0,0.0075,0.01688,16.95276,2.00088,0.23498,0.51426,0.38072,0.96642,0.49978,0.38072
-11.0572,21.02633,-10.75559,-0.22837,-0.04876,-0.97235,0.99054,0.0,0.0,nan,0.0,0.00629,0.01796,16.87331,1.8989,0.24114,0.53982,0.40454,0.72627,0.52662,0.40454
-11.70047,21.71905,11.92589,-0.19464,0.16039,0.96767,0.97618,0.0,0.0,nan,0.0,0.01185,0.02867,22.98694,1.63811,0.23699,0.53486,0.75293,0.848,0.61046,0.75293
-11.00751,20.84076,12.48264,-0.15313,0.16086,0.97503,0.99811,0.0,0.0,nan,0.0,0.01536,0.03105,17.04131,1.73415,0.23936,0.56156,0.7306,0.98447,0.57665,0.7306
-10.96039,23.00269,-10.53656,-0.24113,-0.2293,-0.94302,0.9721,0.0,0.0,nan,0.0,0.0134,0.0291,18.68876,1.72028,0.23389,0.56821,0.73137,0.89716,0.5813,0.73137
-10.99304,23.16219,11.83386,-0.16713,-0.03023,0.98547,0.9726,0.0,0.0,nan,0.0,0.00684,0.01957,21.21348,1.88312,0.22769,0.3995,0.44482,0.9567,0.53103,0.44482
-11.11665,22.91058,12.02829,-0.16741,0.00658,0.98586,0.98954,0.0,0.0,nan,0.0,0.00812,0.0222,21.26172,2.02079,0.23507,0.40391,0.51974,0.99109,0.49486,0.51974
-10.62691,25.49496,-12.15601,-0.23315,-0.19473,-0.95274,0.96841,0.0,0.0,nan,0.0,0.00606,0.02355,14.57721,1.73733,0.2411,0.62262,0.39813,0.47011,0.5756,0.39813
-11.12032,24.53186,-11.54539,-0.25251,-0.36959,-0.89422,0.98296,0.0,0.0,nan,0.0,0.01193,0.04091,13.95557,1.87948,0.23523,0.65371,0.38025,0.50985,0.53206,0.38025
-10.9557,24.94356,12.67799,-0.16583,-0.04573,0.98509,0.99343,0.0,0.0,nan,0.0,0.00539,0.02442,16.17246,2.06017,0.23235,0.50667,0.82169,0.63512,0.4854,0.82169
-10.74732,26.58212,-12.21415,-0.23481,-0.04299,-0.97109,0.96991,0.0,0.0,nan,0.0,0.00893,0.05489,19.1121,1.6991,0.24424,0.77706,0.90256,0.45197,0.58855,0.90256
-11.09308,27.45513,-11.75975,-0.25432,-0.02961,-0.96667,0.98665,0.0,0.0,nan,0.0,0.00852,0.02835,23.39788,3.40765,0.25013,0.72658,0.84151,0.63495,0.29346,0.84151
-10.77628,27.26886,11.9972,-0.19011,0.09521,0.97714,0.97579,0.0,0.0,nan,0.0,0.0062,0.03109,20.0614,2.05251,0.23402,0.45191,0.83244,0.65966,0.48721,0.83244
-10.97768,26.99784,12.24218,-0.19278,0.11414,0.97458,0.99093,0.0,0.0,nan,0.0,0.00797,0.03735,18.95645,2.02574,0.24638,0.51436,0.82736,0.60927,0.49365,0.82736
-10.92575,29.52835,-12.46776,-0.25942,-0.2826,-0.92349,0.99323,0.0,0.0,nan,0.0,0.01511,0.03216,21.37223,1.64363,0.24127,0.62517,0.70925,0.82194,0.60841,0.70925
-11.06463,28.70213,-11.62481,-0.2763,-0.20871,-0.93814,0.9706,0.0,0.0,nan,0.0,0.0152,0.03403,22.27998,1.70984,0.24081,0.64038,0.81692,0.9673,0.58485,0.81692
-11.17488,28.79397,11.98654,-0.18681,-0.1441,0.97177,0.98206,0.0,0.0,nan,0.0,0.00673,0.02203,19.56996,1.69924,0.24508,0.41154,0.79294,0.94844,0.5885,0.79294
-10.94843,29.26729,12.2707,-0.17939,-0.1845,0.96632,0.99273,0.0,0.0,nan,0.0,0.00711,0.02106,19.06547,1.70819,0.2486,0.41463,0.51766,0.90017,0.58542,0.51766
-10.95983,31.05935,-12.89792,-0.25492,-0.11839,-0.95969,0.9719,0.0,0.0,nan,0.0,0.01619,0.0426,19.49395,2.15362,0.22685,0.70372,0.59018,0.59544,0.46433,0.59018
-11.00069,30.97959,12.81732,-0.20945,-0.05274,0.9764,0.97937,0.0,0.0,nan,0.0,0.01343,0.03112,18.92187,1.89309,0.24195,0.58548,0.34997,0.81515,0.52824,0.34997
-10.93986,33.01797,-12.34191,-0.27425,0.03763,-0.96092,0.98316,0.0,0.0,nan,0.0,0.01669,0.03945,18.78034,3.44002,0.24159,0.57054,0.57965,0.8205,0.2907,0.57965
-11.94436,33.53569,-11.95423,-0.30208,-0.00645,-0.95326,0.97668,0.0,0.0,nan,0.0,0.01205,0.03088,21.00214,1.80485,0.23449,0.43177,0.72348,0.98987,0.55406,0.72348
-11.54555,33.83802,11.99552,-0.20449,-0.14787,0.96764,0.95107,0.0,0.0,nan,0.0,0.00819,0.01905,20.82209,1.79447,0.22584,0.47812,0.36338,0.98491,0.55727,0.36338
-10.95179,32.93184,12.41539,-0.22945,0.03408,0.97272,0.97868,0.0,0.0,nan,0.0,0.0085,0.02534,24.7143,2.08785,0.23125,0.54183,0.44773,0.66919,0.47896,0.44773
-10.99387,34.96634,-12.74278,-0.2787,-0.08678,-0.95645,0.99532,0.0,0.0,nan,0.0,0.00794,0.02531,19.97347,1.9048,0.24177,0.49088,0.37708,0.70308,0.52499,0.37708
-11.40814,34.06648,11.99842,-0.1996,-0.18361,0.96252,0.94928,0.0,0.0,nan,0.0,0.00787,0.01952,20.87551,1.91798,0.22733,0.51517,0.3941,0.85826,0.52138,0.3941
-11.05325,34.7797,12.96445,-0.1779,-0.20876,0.96165,0.98585,0.0,0.0,nan,0.0,0.013,0.03114,21.09866,2.00283,0.2285,0.61774,0.49714,0.73994,0.49929,0.49714
-10.94784,37.13531,-12.86911,-0.24962,0.11739,-0.9612,0.99133,0.0,0.0,nan,0.0,0.00721,0.01884,17.75087,1.81994,0.23064,0.51468,0.39751,0.82685,0.54947,0.39751
-11.91568,37.91286,-11.9006,-0.24334,0.13179,-0.96095,0.98555,0.0,0.0,nan,0.0,0.00971,0.02215,22.37099,1.63811,0.23807,0.60343,0.43218,0.79119,0.61046,0.43218
-11.04433,37.15014,13.19265,-0.16219,0.10001,0.98168,0.98197,0.0,0.0,nan,0.0,0.01616,0.03907,21.72668,1.94103,0.23248,0.66177,0.54053,0.68247,0.51519,0.54053
-10.98107,39.01196,-12.5282,-0.26981,-0.00536,-0.9629,0.99223,0.0,0.0,nan,0.0,0.00871,0.02157,21.82905,1.63811,0.24129,0.58587,0.53434,0.75242,0.61046,0.53434
-11.43429,39.64947,-11.99146,-0.27328,-0.04115,-0.96105,0.98725,0.0,0.0,nan,0.0,0.0077,0.02392,23.62394,1.69459,0.24542,0.52421,0.50216,0.66591,0.59011,0.50216
-11.03224,39.07432,12.6687,-0.18407,0.0139,0.98282,0.99373,0.0,0.0,nan,0.0,0.01083,0.0205,24.45087,1.86958,0.22861,0.59733,0.50551,0.95691,0.53488,0.50551
-11.03638,40.90679,-12.79923,-0.23146,0.03311,-0.97228,0.99323,0.0,0.0,nan,0.0,0.00535,0.01583,19.85218,1.80192,0.23626,0.51,0.68909,0.73009,0.55496,0.68909
-11.3661,40.07662,-11.957,-0.26731,-0.0351,-0.96297,0.98924,0.00068,0.00338,0.6,1.0,0.01086,0.03082,24.04062,1.72132,0.24003,0.55744,0.4601,0.68442,0.58095,0.4601
-10.99875,40.93707,13.02798,-0.1903,-0.06128,0.97981,0.99532,0.0,0.0,nan,0.0,0.01011,0.02619,20.53313,1.70013,0.23668,0.53764,0.65856,0.78801,0.58819,0.65856
-10.8952,42.96337,-12.11882,-0.22453,0.00983,-0.97442,0.99203,0.0,0.0,nan,0.0,0.00893,0.0284,19.10649,2.37303,0.2363,0.5006,0.35322,0.69408,0.4214,0.35322
-11.57681,43.50341,-11.98301,-0.22574,-0.0105,-0.97413,0.99103,0.0,0.0,nan,0.0,0.01093,0.03091,19.57324,2.39012,0.23167,0.53196,0.30803,0.7325,0.41839,0.30803
-11.07153,43.07535,12.91811,-0.18846,0.03938,0.98129,0.99731,0.0,0.0,nan,0.0,0.01031,0.02356,20.36869,1.69729,0.23318,0.52586,0.56318,0.91424,0.58918,0.56318
-11.03116,44.92707,-12.60626,-0.24818,-0.02722,-0.96833,0.99552,0.0,0.0,nan,0.0,0.0121,0.04402,16.45288,1.80192,0.23985,0.55959,0.62287,0.55076,0.55496,0.62287
-11.95182,44.02657,-11.99069,-0.25794,-0.02495,-0.96584,0.99891,0.0,0.0,nan,0.0,0.01036,0.02968,19.90952,3.06921,0.24938,0.52259,0.38589,0.73524,0.32582,0.38589
-11.01779,44.94364,12.91201,-0.17094,-0.0819,0.98187,0.99771,0.0,0.0,nan,0.0,0.00795,0.02151,21.55363,1.98502,0.22775,0.41729,0.49356,0.96814,0.50377,0.49356
-10.91934,46.9193,-12.47151,-0.24016,0.15735,-0.95789,0.99721,0.0,0.0,nan,0.0,0.00878,0.02385,16.87004,3.36269,0.24235,0.51409,0.55571,0.80127,0.29738,0.55571
-11.56551,47.60316,-11.78426,-0.26286,0.13166,-0.95581,0.98286,0.0,0.0,nan,0.0,0.01049,0.02594,18.17028,2.18189,0.23915,0.50376,0.4496,0.89161,0.45832,0.4496
-10.92232,47.07465,13.10424,-0.21591,0.05427,0.9749,0.99412,0.00201,0.01004,0.7,1.0,0.01546,0.05802,20.8873,1.86811,0.23999,0.65746,0.82953,0.59569,0.5353,0.82953
-10.5543,49.30882,-12.24308,-0.2962,-0.02724,-0.95474,0.99632,0.0,0.0,nan,0.0,0.00667,0.01957,17.013,1.63811,0.24345,0.50125,0.53194,0.76032,0.61046,0.53194
-11.21279,48.70229,-11.54217,-0.29265,-0.01863,-0.95604,0.95745,0.0,0.0,nan,0.0,0.0139,0.03288,17.99752,1.63811,0.24454,0.61878,0.61975,0.75895,0.61046,0.61975
-11.01596,48.97776,12.52397,-0.18657,-0.04315,0.98149,0.9725,0.01169,0.05843,0.7,1.0,0.01108,0.02198,21.72724,1.86915,0.24094,0.56813,0.66773,0.96902,0.535,0.66773
-11.01623,50.98497,-12.62899,-0.28933,0.11548,-0.95024,0.9719,0.0,0.0,nan,0.0,0.00533,0.02046,17.69197,1.80192,0.24031,0.41533,0.51757,0.69746,0.55496,0.51757
-11.38783,51.8848,-11.9511,-0.30058,0.2092,-0.93053,0.99143,0.0,0.0,nan,0.0,0.00567,0.0283,19.37527,3.37584,0.23875,0.51342,0.87632,0.72199,0.29622,0.87632
-10.98319,51.13556,13.45112,-0.21364,-0.06114,0.975,0.98804,0.0,0.0,nan,0.0,0.00638,0.01517,20.55636,1.80192,0.23449,0.48933,0.45707,0.94307,0.55496,0.45707
-10.6002,52.09536,-12.00187,-0.3139,0.19874,-0.92842,0.99582,0.0,0.0,nan,0.0,0.01675,0.04251,20.04895,1.88381,0.23893,0.55821,0.68728,0.77622,0.53084,0.68728
-11.10232,53.06607,-11.38299,-0.34798,0.15469,-0.92465,0.98226,0.0,0.0,nan,0.0,0.01586,0.03679,20.77292,1.68638,0.23785,0.50122,0.71642,0.94313,0.59299,0.71642
-11.1258,52.96163,13.19815,-0.25577,0.07464,0.96385,0.98854,0.0,0.0,nan,0.0,0.01137,0.03128,23.23384,1.80192,0.22596,0.4896,0.40727,0.80656,0.55496,0.40727
-10.21501,55.02837,-12.0623,-0.3271,0.10351,-0.93931,0.99024,0.0,0.0,nan,0.0,0.01275,0.04392,18.51713,2.07636,0.2309,0.45287,0.70325,0.71022,0.48161,0.70325
-11.16832,54.84888,-11.70095,-0.34313,0.04784,-0.93807,0.99223,0.0,0.0,nan,0.0,0.01439,0.04696,20.38404,1.76323,0.24737,0.55266,0.48348,0.60904,0.56714,0.48348
-11.0235,54.93671,13.05404,-0.2245,-0.03631,0.9738,0.99143,0.0,0.0,nan,0.0,0.01127,0.03411,22.31633,1.65484,0.23699,0.45474,0.3736,0.79185,0.60429,0.3736
-10.99614,56.98845,-11.30827,-0.27061,0.22062,-0.93707,0.99811,0.0,0.0,nan,0.0,0.01099,0.03162,17.78173,1.86909,0.24068,0.41958,0.48775,0.92128,0.53502,0.48775
-10.98031,57.05513,13.34383,-0.21268,0.11615,0.97019,0.97399,0.0,0.0,nan,0.0,0.01135,0.03318,21.82388,1.63811,0.24608,0.54962,0.58101,0.67913,0.61046,0.58101
-11.03015,59.04401,-10.85384,-0.36975,0.0791,-0.92576,0.98615,0.0,0.0,nan,0.0,0.01369,0.03647,17.96025,1.79199,0.23225,0.42835,0.50427,0.97381,0.55804,0.50427
-11.98502,58.89979,11.995,-0.17911,-0.03336,0.98326,0.96801,0.0,0.0,nan,0.0,0.00792,0.02103,22.4179,1.91045,0.23063,0.44628,0.33037,0.91899,0.52344,0.33037
-10.94138,58.94007,12.72188,-0.12104,0.01928,0.99246,0.99642,0.0,0.0,nan,0.0,0.00966,0.02066,21.05138,1.66803,0.24162,0.5323,0.7121,0.96152,0.59951,0.7121
-11.04456,60.98589,-11.00972,-0.34294,0.13479,-0.92964,0.97658,0.0,0.0,nan,0.0,0.01038,0.02336,18.87598,1.65449,0.23819,0.51369,0.48984,0.95628,0.60442,0.48984
-11.00196,61.1055,13.09823,-0.09726,0.103,0.98992,0.9717,0.0,0.0,nan,0.0,0.00939,0.02719,20.12809,3.39679,0.24464,0.70372,0.77715,0.59049,0.2944,0.77715
-10.94918,62.85971,-10.19015,-0.3135,0.17316,-0.93366,0.99701,0.02883,0.14414,0.6,1.0,0.0174,0.03819,17.4987,1.7598,0.23866,0.57697,0.55827,0.88001,0.56825,0.55827
-11.85239,63.0191,-9.97117,-0.454,0.14037,-0.87988,0.98396,0.02308,0.11539,0.6,1.0,0.00975,0.02434,17.87258,1.88166,0.23583,0.44525,0.6534,1.0,0.53144,0.6534
-11.56833,62.81488,11.9854,-0.13829,0.13822,0.9807,0.96971,0.0,0.0,nan,0.0,0.01242,0.02978,21.63953,1.69435,0.23401,0.52969,0.69843,0.85983,0.5902,0.69843
-11.00714,63.02021,12.31154,-0.10171,0.12194,0.98731,0.98765,0.0,0.0,nan,0.0,0.01528,0.03248,22.38175,2.06641,0.23081,0.56519,0.62911,0.90681,0.48393,0.62911
-10.84838,65.01411,-10.26833,-0.28084,0.02391,-0.95946,0.99522,0.02131,0.10655,0.6,1.0,0.02335,0.04926,14.51068,1.81594,0.23969,0.60005,0.55666,0.89874,0.55068,0.55666
-11.77787,64.9524,-9.84297,-0.40689,0.02812,-0.91304,0.97828,0.02969,0.14845,0.6,1.0,0.01661,0.03875,16.8628,1.87692,0.24316,0.5537,0.54644,0.86583,0.53279,0.54644
-10.98769,64.93919,12.62269,-0.09947,-0.08268,0.9916,0.98974,0.0,0.0,nan,0.0,0.00586,0.02949,15.51612,1.63811,0.24181,0.53922,0.78631,0.47113,0.61046,0.78631
-10.89063,66.83261,-10.28324,-0.27109,0.04902,-0.9613,0.99741,0.0,0.0,nan,0.0,0.00808,0.02579,13.84517,1.83868,0.23593,0.52023,0.7994,0.81835,0.54387,0.7994
-11.33199,67.65402,-9.86764,-0.32632,0.053,-0.94377,0.99632,0.0,0.0,nan,0.0,0.00838,0.02416,12.64354,2.10468,0.2291,0.50541,0.62291,0.79496,0.47513,0.62291
-11.84972,67.90792,11.92269,-0.22727,0.07144,0.97121,0.98785,0.0,0.0,nan,0.0,0.00494,0.01894,13.46193,1.8694,0.23964,0.6765,0.60524,0.44283,0.53493,0.60524
-10.98371,67.063,12.63794,-0.18518,0.1417,0.97243,0.98605,0.0,0.0,nan,0.0,0.00284,0.01411,8.66092,3.60383,0.24804,0.68032,0.53919,0.3641,0.27748,0.53919
-10.4718,69.08527,-10.16897,-0.25942,0.04623,-0.96466,0.99422,0.0,0.0,nan,0.0,0.00622,0.01885,10.29739,1.71442,0.2369,0.4671,0.69282,0.84428,0.58329,0.69282
-11.43814,68.72043,-9.8387,-0.32234,0.05133,-0.94523,0.99173,0.0,0.0,nan,0.0,0.00919,0.02673,12.95753,3.33341,0.25239,0.5958,0.55155,0.66585,0.29999,0.55155
-11.09208,68.57072,11.68752,-0.18148,0.00272,0.98339,0.95924,0.0,0.0,nan,0.0,0.00331,0.01059,9.91587,1.66408,0.24725,0.58621,0.57309,0.64131,0.60093,0.57309
-10.91589,69.17416,12.21613,-0.13609,-0.05171,0.98935,0.98794,0.0,0.0,nan,0.0,0.00399,0.01105,9.8304,1.66755,0.24683,0.64693,0.68538,0.6724,0.59968,0.68538
-10.39669,70.63026,-10.12678,-0.25378,0.0632,-0.9652,0.98456,0.0,0.0,nan,0.0,0.02275,0.08182,8.86573,1.84434,0.22083,0.53967,0.61581,0.63144,0.5422,0.61581
-11.30463,71.04123,-9.81411,-0.2723,0.08617,-0.95834,0.98087,0.0,0.0,nan,0.0,0.03972,0.16823,8.33901,1.63811,0.23508,0.60023,0.45846,0.48767,0.61046,0.45846
-10.99829,70.98375,12.49168,-0.09828,0.01841,0.99499,0.99034,0.0,0.0,nan,0.0,0.00482,0.082,13.88817,1.63811,0.24912,0.88916,0.96691,0.24731,0.61046,0.96691
-10.93407,72.93279,-9.60944,-0.24409,0.17518,-0.9538,0.96482,0.04549,0.22747,0.6,1.0,0.03169,0.15571,6.19767,1.98763,0.22749,0.49629,0.6947,0.54246,0.50311,0.6947
-11.13508,73.4418,11.62109,-0.14535,0.01547,0.98926,0.96722,0.0,0.0,nan,0.0,0.0028,0.01485,13.57749,1.89811,0.23359,0.54201,0.8632,0.62616,0.52684,0.8632
-10.82497,72.6926,12.17497,-0.13469,0.08013,0.98764,0.99552,0.0,0.0,nan,0.0,0.00248,0.01234,12.75498,2.37595,0.23707,0.55908,0.85128,0.6151,0.42088,0.85128
-11.08464,74.94505,-9.15671,-0.22994,0.24861,-0.94091,0.95286,0.11605,0.58025,0.6,1.0,0.01578,0.12068,5.3966,1.97901,0.20898,0.48513,0.85729,0.56251,0.5053,0.85729
-11.00999,74.92171,12.34281,-0.14452,-0.1114,0.98321,0.99831,0.0,0.0,nan,0.0,0.00438,0.02044,12.33519,2.17752,0.23046,0.68496,0.5705,0.36377,0.45924,0.5705
-10.8292,77.06558,-8.54804,-0.21247,0.33925,-0.91639,0.94778,0.04311,0.21553,0.6,1.0,0.02645,0.12529,4.6264,1.86082,0.21002,0.44954,0.71405,0.6725,0.5374,0.71405
-11.87766,77.91632,-7.94195,-0.22595,0.37088,-0.90078,0.9413,0.0,0.0,nan,0.0,0.02005,0.10153,4.03147,1.88321,0.22469,0.35289,0.66755,0.83705,0.53101,0.66755
-11.05167,77.01183,12.44738,-0.12882,0.03257,0.99113,0.99751,0.0,0.0,nan,0.0,0.01615,0.10553,3.47081,1.90444,0.22611,0.39033,0.83206,0.83821,0.52509,0.83206
-10.49641,78.24688,-8.14678,-0.19981,0.39454,-0.89689,0.9434,0.0,0.0,nan,0.0,0.00515,0.09281,3.34839,1.79679,0.2237,0.26621,0.9139,0.6995,0.55655,0.9139
-10.8882,79.16145,-7.6076,-0.19681,0.43195,-0.88016,0.93602,0.0,0.0,nan,0.0,0.01523,0.09364,3.28283,1.73748,0.2209,0.29925,0.61368,0.8747,0.57555,0.61368
-11.77071,79.93296,11.977,-0.0707,0.2938,0.95325,0.99462,0.0,0.0,nan,0.0,0.00919,0.07001,4.17184,1.63811,0.22851,0.31242,0.50035,0.62142,0.61046,0.50035
-10.96462,79.00757,12.21397,-0.08881,0.19931,0.9759,0.99701,0.0,0.0,nan,0.0,0.01268,0.06035,3.1213,2.23378,0.23348,0.37392,0.76412,0.96545,0.44767,0.76412
-11.04281,81.0016,-6.57075,-0.15918,0.50076,-0.85083,0.95197,0.0,0.0,nan,0.0,0.00945,0.07608,3.34334,2.38574,0.22754,0.28094,0.67049,0.70683,0.41916,0.67049
-11.58376,81.89797,-5.93556,-0.13218,0.52523,-0.84063,0.9716,0.0,0.0,nan,0.0,0.01248,0.10461,3.48126,1.63811,0.22937,0.29825,0.51653,0.62972,0.61046,0.51653
-11.00984,81.1275,11.54321,-0.0703,0.46943,0.88017,0.99283,0.0,0.0,nan,0.0,0.01491,0.08267,5.44913,2.20294,0.22643,0.33394,0.64911,0.73846,0.45394,0.64911
-10.4117,80.07568,12.0222,-0.07718,0.32085,0.94398,0.99542,0.0,0.0,nan,0.0,0.01284,0.06372,4.44319,1.80192,0.23492,0.35296,0.67251,0.82801,0.55496,0.67251
-10.34821,82.06515,-6.04214,-0.13589,0.55288,-0.8221,0.98366,0.0,0.0,nan,0.0,0.01042,0.08306,3.67402,1.85687,0.23089,0.2989,0.52983,0.64795,0.53854,0.52983
-10.96514,83.03692,-5.2623,-0.09745,0.60947,-0.7868,0.98954,0.0,0.0,nan,0.0,0.01101,0.05909,5.16649,1.83029,0.23065,0.39187,0.61654,0.65921,0.54636,0.61654
-11.09562,83.51135,9.25764,-0.11951,0.82398,0.55387,0.99831,0.01142,0.05711,0.6,1.0,0.02358,0.09383,6.81017,1.80192,0.22826,0.38542,0.54548,0.84362,0.55496,0.54548
-11.039,82.56335,10.54387,-0.08853,0.69432,0.7142,0.99004,0.00352,0.01758,0.6,1.0,0.01955,0.08478,6.34787,1.70497,0.23354,0.3272,0.62479,0.92669,0.58652,0.62479
-10.98862,84.28051,-4.31281,-0.05275,0.75192,-0.65714,0.98635,0.0,0.0,nan,0.0,0.01167,0.08537,6.37822,1.66908,0.2391,0.3454,0.86818,0.83585,0.59913,0.86818
-11.01211,85.08545,-3.05152,-0.02182,0.88626,-0.46268,0.98745,0.0,0.0,nan,0.0,0.0148,0.11267,7.81094,1.69107,0.23252,0.28521,0.80565,0.70368,0.59134,0.80565
-11.05147,85.67519,-1.00801,-0.0286,0.98024,-0.19573,0.99662,0.0,0.0,nan,0.0,0.01785,0.10548,7.60917,1.67694,0.23077,0.24492,0.53603,0.87246,0.59632,0.53603
-10.95603,85.87445,0.96799,-0.05904,0.99825,0.00267,0.99731,0.00247,0.01233,0.6,1.0,0.01302,0.08623,7.06988,1.80192,0.22628,0.23576,0.61055,0.82156,0.55496,0.61055
-10.95894,85.70441,2.98964,-0.09655,0.98458,0.14589,0.99572,0.0,0.0,nan,0.0,0.01123,0.05749,6.48639,1.83651,0.21849,0.28536,0.55331,0.89572,0.54451,0.55331
-11.00073,85.34866,5.04793,-0.12317,0.96544,0.2297,0.99622,0.0,0.0,nan,0.0,0.01703,0.06047,9.01211,1.92472,0.22091,0.40875,0.50829,0.84197,0.51955,0.50829
-11.01117,84.68228,6.96184,-0.13777,0.92056,0.36549,0.99542,0.00706,0.03532,0.6,1.0,0.02283,0.07019,10.56049,1.71698,0.215,0.45828,0.48464,0.84427,0.58242,0.48464
-10.76466,84.14574,8.27236,-0.1314,0.8739,0.46801,0.99881,0.0,0.0,nan,0.0,0.01975,0.07825,8.17752,1.70348,0.23599,0.43902,0.57351,0.71536,0.58703,0.57351
-10.16353,86.01888,0.57131,-0.04165,0.99816,-0.04404,0.99313,0.00227,0.00256,0.6,0.78571,0.01518,0.09857,7.66961,1.68109,0.23029,0.21162,0.73963,0.91772,0.59485,0.73963
-9.04389,1.52686,1.39685,-0.08146,-0.87995,-0.46803,0.98047,0.0,0.0,nan,0.0,0.00769,0.04702,23.84244,1.6723,0.23926,0.6697,0.86414,0.41717,0.59798,0.86414
-9.00882,0.8483,2.94623,-0.11773,-0.97206,-0.20305,0.97389,0.0,0.0,nan,0.0,0.0099,0.02678,20.37277,1.63811,0.23544,0.47602,0.72604,0.85262,0.61046,0.72604
-8.97111,1.18264,4.99599,-0.09203,-0.9921,0.08529,0.99472,0.0,0.0,nan,0.0,0.01776,0.03833,18.73394,2.41751,0.2355,0.58253,0.63898,0.88057,0.41365,0.63898
-8.98993,1.27075,7.03749,-0.03019,-0.91717,0.39735,0.98386,0.0,0.0,nan,0.0,0.0125,0.02723,19.07838,1.71947,0.23434,0.56399,0.5754,0.89945,0.58158,0.5754
-9.0231,3.32105,-0.86876,-0.0695,-0.76758,-0.63717,0.99921,0.0,0.0,nan,0.0,0.00784,0.02939,10.26841,2.48968,0.22331,0.32852,0.42522,0.96951,0.40166,0.42522
-8.93659,2.25848,0.38653,-0.04831,-0.80153,-0.596,0.99562,0.01216,0.0608,0.6,1.0,0.00696,0.05505,12.78322,1.76301,0.23127,0.47337,0.86774,0.49531,0.56721,0.86774
-8.95352,2.16527,7.93476,-0.0134,-0.88701,0.46155,0.99751,0.0,0.0,nan,0.0,0.01894,0.04397,17.45269,1.87078,0.2241,0.54222,0.4842,0.88542,0.53454,0.4842
-9.00056,2.69954,8.95823,0.01448,-0.90357,0.42821,0.99841,0.0,0.0,nan,0.0,0.009,0.02484,15.64326,1.63811,0.23725,0.40878,0.5257,1.0,0.61046,0.5257
-8.98688,3.36366,11.02436,0.02206,-0.85945,0.51075,0.98147,0.0,0.0,nan,0.0,0.00665,0.03185,12.19432,2.20713,0.23253,0.40031,0.45098,0.60666,0.45308,0.45098
-8.1177,5.84374,-4.11252,-0.21194,-0.61478,-0.75969,0.97708,0.00661,0.03307,0.51,1.0,0.01646,0.06161,22.71729,1.81315,0.22044,0.37987,0.72814,0.76502,0.55153,0.72814
-8.95813,5.103,-3.00074,-0.16771,-0.71114,-0.68275,0.99153,0.00195,0.00973,0.6,1.0,0.01409,0.05351,20.13157,1.87556,0.22347,0.42138,0.61252,0.68702,0.53317,0.61252
-9.1663,4.22735,-1.80855,-0.11441,-0.76978,-0.62797,0.99881,0.00063,0.00315,0.6,1.0,0.00663,0.0467,12.44506,1.63811,0.22744,0.30707,0.34183,0.53642,0.61046,0.34183
-8.83788,4.07795,11.95935,0.00854,-0.70519,0.70897,0.96642,0.0,0.0,nan,0.0,0.00541,0.05428,11.30832,1.80192,0.23082,0.57366,0.84027,0.28756,0.55496,0.84027
-8.98054,4.93612,12.66527,-0.012,-0.44668,0.89461,0.95276,0.0,0.0,nan,0.0,0.00473,0.09465,12.9885,1.83955,0.2241,0.82746,0.97226,0.24135,0.54361,0.97226
-8.89136,7.06175,-4.41935,-0.28397,-0.39463,-0.87386,0.99024,0.00611,0.03056,0.51,1.0,0.00856,0.04348,16.99932,1.7422,0.22468,0.39429,0.51561,0.55824,0.57399,0.51561
-9.64103,6.36747,-3.98907,-0.25686,-0.49129,-0.83226,0.97788,0.00761,0.03803,0.6,1.0,0.00972,0.0363,17.87681,1.7188,0.21724,0.45227,0.69017,0.65848,0.5818,0.69017
-9.00506,7.07213,13.01049,-0.03493,-0.14636,0.98861,0.99801,0.0,0.0,nan,0.0,0.00673,0.0243,12.21677,1.75354,0.23452,0.66938,0.83507,0.66123,0.57027,0.83507
-9.04158,9.00758,-4.88379,-0.364,-0.31784,-0.87549,0.99721,0.00028,0.0014,0.6,1.0,0.01549,0.05052,15.92386,2.36035,0.22247,0.60537,0.56982,0.56996,0.42367,0.56982
-8.99506,8.98664,13.3763,-0.0655,-0.03678,0.99717,0.99681,0.0,0.0,nan,0.0,0.00409,0.01177,13.15769,2.22719,0.22921,0.58605,0.64926,0.68227,0.449,0.64926
-8.89031,11.41989,-6.73843,-0.31889,-0.65424,-0.68576,0.99931,0.0,0.0,nan,0.0,0.00782,0.02587,13.17888,2.02534,0.23775,0.57954,0.79731,0.70805,0.49374,0.79731
-9.0687,10.79225,-5.37209,-0.35691,-0.57555,-0.73577,0.96283,0.0,0.0,nan,0.0,0.0142,0.03145,14.93723,1.80056,0.23629,0.53139,0.48865,0.9633,0.55538,0.48865
-9.0163,10.99829,12.97099,-0.09997,0.13585,0.98567,0.99652,0.0,0.0,nan,0.0,0.00827,0.02474,16.21981,1.91435,0.22724,0.39893,0.63806,0.94197,0.52237,0.63806
-8.86634,13.47112,-8.34091,-0.26089,-0.5493,-0.79386,0.99951,0.0,0.0,nan,0.0,0.01283,0.05124,11.28993,1.90459,0.23414,0.53273,0.73668,0.5534,0.52505,0.73668
-9.15444,12.48605,-7.63748,-0.27304,-0.60867,-0.74496,0.99293,0.0,0.0,nan,0.0,0.00716,0.03164,9.81469,1.9178,0.23448,0.46882,0.49906,0.58089,0.52143,0.49906
-9.01858,13.0379,12.71583,-0.06557,-0.09317,0.99349,0.98456,0.0,0.0,nan,0.0,0.00642,0.01587,20.05774,2.02741,0.22204,0.46051,0.70221,0.96535,0.49324,0.70221
-9.02935,15.0195,-9.14416,-0.24249,-0.44127,-0.86399,0.99831,0.0,0.0,nan,0.0,0.00715,0.02264,12.49187,1.89448,0.22824,0.57241,0.81955,0.82318,0.52785,0.81955
-9.019,14.83116,13.46865,-0.07722,-0.15944,0.98418,0.99123,0.0,0.0,nan,0.0,0.00502,0.01854,17.23935,1.88838,0.23622,0.496,0.47708,0.60876,0.52955,0.47708
-8.97158,17.41433,-10.41152,-0.2132,-0.35503,-0.91022,0.98276,0.0,0.0,nan,0.0,0.01162,0.02406,11.31271,1.70408,0.23466,0.65382,0.67295,0.8695,0.58683,0.67295
-9.07896,16.62574,-9.7966,-0.22097,-0.37802,-0.89904,0.99472,0.0,0.0,nan,0.0,0.00765,0.02059,13.02904,1.74587,0.2242,0.52288,0.63817,0.81947,0.57278,0.63817
-8.98828,17.02805,13.49295,-0.1544,0.12113,0.98055,0.99024,0.0,0.0,nan,0.0,0.00507,0.01719,10.28193,3.44002,0.24433,0.64897,0.5238,0.54309,0.2907,0.5238
-9.08882,19.04015,-10.96558,-0.20408,-0.2396,-0.94918,0.97011,0.0,0.0,nan,0.0,0.01188,0.03531,12.27782,1.80192,0.24039,0.64746,0.51653,0.6041,0.55496,0.51653
-8.99046,18.9582,12.93122,-0.11642,0.12642,0.98512,0.99781,0.0,0.0,nan,0.0,0.00204,0.00841,12.8686,2.21065,0.23125,0.40013,0.32267,0.70221,0.45235,0.32267
-8.96369,21.05368,-11.01457,-0.18283,-0.04791,-0.98198,0.99034,0.0,0.0,nan,0.0,0.00772,0.02508,16.87137,1.89265,0.23995,0.48953,0.54466,0.7034,0.52836,0.54466
-8.97397,20.97386,12.78439,-0.14855,0.1255,0.98091,0.99871,0.0,0.0,nan,0.0,0.01276,0.03082,17.64511,1.63811,0.24092,0.61,0.65145,0.75578,0.61046,0.65145
-9.0444,22.94871,-11.22541,-0.23079,-0.28165,-0.93135,0.99113,0.0,0.0,nan,0.0,0.01135,0.02684,17.18346,1.76593,0.23689,0.54046,0.4951,0.87336,0.56627,0.4951
-9.96815,23.41096,11.98204,-0.14535,-0.05642,0.98777,0.97947,0.0,0.0,nan,0.0,0.00815,0.02546,21.55528,2.03178,0.23488,0.46307,0.50994,0.75579,0.49218,0.50994
-9.08921,23.13306,12.5573,-0.14833,-0.00112,0.98894,0.99632,0.0,0.0,nan,0.0,0.00686,0.01934,21.44816,1.80192,0.23336,0.41343,0.57392,0.93751,0.55496,0.57392
-8.95858,25.08257,-12.4006,-0.18808,-0.21928,-0.95736,0.96562,0.0,0.0,nan,0.0,0.00885,0.02117,13.76854,2.17035,0.2251,0.6415,0.44356,0.74661,0.46076,0.44356
-9.17782,24.1528,-11.7314,-0.23166,-0.36218,-0.90286,0.99502,0.0,0.0,nan,0.0,0.01141,0.0372,16.19418,1.80192,0.24253,0.6728,0.69079,0.51215,0.55496,0.69079
-8.98525,24.90604,12.95263,-0.13404,-0.0653,0.98882,0.99412,0.0,0.0,nan,0.0,0.00682,0.02349,20.56674,2.04053,0.23699,0.49518,0.62233,0.64329,0.49007,0.62233
-8.77215,26.919,-12.28686,-0.16127,-0.04704,-0.98579,0.99741,0.0,0.0,nan,0.0,0.0161,0.0408,19.0857,1.80192,0.23936,0.68258,0.64923,0.63856,0.55496,0.64923
-9.47399,27.44126,-11.71281,-0.21295,-0.03729,-0.97635,0.96353,0.0,0.0,nan,0.0,0.01371,0.03888,22.81076,1.80192,0.24237,0.66346,0.66951,0.57806,0.55496,0.66951
-9.01751,27.03515,12.64308,-0.16103,0.09427,0.98244,0.99572,0.0,0.0,nan,0.0,0.01272,0.03935,19.14184,2.20103,0.23277,0.54168,0.69203,0.65918,0.45433,0.69203
-8.9969,29.08479,-12.42657,-0.20565,-0.24897,-0.94643,0.99014,0.0,0.0,nan,0.0,0.0169,0.03452,23.12403,1.63811,0.23064,0.5678,0.31839,0.93696,0.61046,0.31839
-9.62088,28.12491,-11.93256,-0.23474,-0.13425,-0.96274,0.97499,0.0,0.0,nan,0.0,0.01651,0.03409,22.60969,1.80192,0.23855,0.6426,0.65359,0.82024,0.55496,0.65359
-9.99615,28.80855,11.9875,-0.16032,-0.13642,0.97759,0.96074,0.0,0.0,nan,0.0,0.00733,0.01979,20.4503,1.63811,0.24164,0.41739,0.46172,0.97424,0.61046,0.46172
-8.93804,29.04196,12.51582,-0.12216,-0.1477,0.98146,0.99173,0.0,0.0,nan,0.0,0.01126,0.02485,20.75933,1.84633,0.24293,0.53619,0.46645,0.92634,0.54162,0.46645
-8.9356,30.95083,-13.1524,-0.13741,-0.07685,-0.98753,0.98127,0.0,0.0,nan,0.0,0.00975,0.02687,19.75259,1.80192,0.24037,0.60077,0.44723,0.66514,0.55496,0.44723
-8.90437,30.95339,13.40011,-0.12567,-0.11578,0.98529,0.96432,0.0,0.0,nan,0.0,0.00734,0.01917,18.44528,1.87444,0.24222,0.50373,0.34212,0.84299,0.53349,0.34212
-8.98593,32.95292,-13.20282,-0.13514,-0.02487,-0.99051,0.99562,0.0,0.0,nan,0.0,0.00891,0.02479,22.7993,1.63811,0.24552,0.64108,0.79453,0.71138,0.61046,0.79453
-9.00685,32.98387,12.78682,-0.19804,0.03093,0.97971,0.98974,0.0,0.0,nan,0.0,0.01166,0.02791,20.37303,1.91602,0.23729,0.50282,0.40274,0.91229,0.52192,0.40274
-9.07866,34.96538,-13.23177,-0.18548,-0.07963,-0.97942,0.99273,0.0,0.0,nan,0.0,0.00644,0.02941,23.2117,1.7144,0.23838,0.61077,0.80138,0.46587,0.58329,0.80138
-8.97129,35.06038,12.96592,-0.14615,-0.1373,0.97969,0.99532,0.0,0.0,nan,0.0,0.01309,0.02802,19.31522,1.78319,0.23639,0.63267,0.58319,0.81495,0.56079,0.58319
-9.05696,37.06087,-13.17858,-0.17306,0.09547,-0.98027,0.99512,0.0,0.0,nan,0.0,0.00713,0.01885,18.83749,3.30694,0.24143,0.50588,0.43285,0.82732,0.30239,0.43285
-9.0108,37.24178,13.40497,-0.16608,0.01258,0.98603,0.99422,0.0,0.0,nan,0.0,0.00666,0.02194,18.33646,1.85955,0.22808,0.50972,0.37035,0.66058,0.53777,0.37035
-9.04753,39.05342,-13.08806,-0.21494,0.00277,-0.97662,0.99841,0.0,0.0,nan,0.0,0.01067,0.03554,20.01329,1.69256,0.24198,0.59337,0.42419,0.5563,0.59082,0.42419
-9.06583,38.98728,13.26056,-0.2139,0.03176,0.97634,0.99642,0.0,0.0,nan,0.0,0.00561,0.01679,19.5536,3.37187,0.2428,0.5532,0.35157,0.66574,0.29657,0.35157
-9.04572,41.11072,-13.20286,-0.20082,0.04729,-0.97848,0.98964,0.0,0.0,nan,0.0,0.00696,0.02135,18.54443,1.71269,0.24033,0.53823,0.41613,0.67101,0.58388,0.41613
-9.02293,40.89977,13.4067,-0.183,-0.03455,0.98251,0.99731,0.0,0.0,nan,0.0,0.0053,0.01789,16.75218,1.80192,0.23679,0.46387,0.56353,0.71493,0.55496,0.56353
-8.97839,42.97138,-12.7216,-0.21141,-0.0162,-0.97726,0.99582,0.0,0.0,nan,0.0,0.0106,0.03411,17.74598,1.70254,0.24399,0.58008,0.67597,0.59617,0.58736,0.67597
-8.94951,42.85531,13.15236,-0.1791,0.03377,0.98325,0.99831,0.0,0.0,nan,0.0,0.00987,0.02498,17.38164,2.25468,0.23717,0.54046,0.39384,0.81494,0.44352,0.39384
-9.07108,44.93571,-13.1521,-0.19352,0.01008,-0.98104,0.99153,0.0,0.0,nan,0.0,0.00939,0.03425,13.78133,2.19737,0.23222,0.58931,0.56586,0.53254,0.45509,0.56586
-9.00188,45.09042,13.09611,-0.17266,-0.09238,0.98064,0.99552,0.0,0.0,nan,0.0,0.00809,0.02191,20.1221,2.84574,0.23471,0.42578,0.36077,0.95312,0.3514,0.36077
-8.91073,46.89066,-12.25616,-0.19617,0.10475,-0.97496,0.96622,0.0,0.0,nan,0.0,0.01014,0.02215,15.19522,2.38001,0.23711,0.57775,0.40881,0.89653,0.42017,0.40881
-9.09402,47.11266,13.71588,-0.20362,0.02009,0.97884,0.97937,0.0,0.0,nan,0.0,0.01711,0.03611,18.77517,1.64728,0.22711,0.54047,0.63917,0.97007,0.60706,0.63917
-8.05501,46.79938,14.01116,-0.15467,-0.04589,0.9869,0.97419,0.0,0.0,nan,0.0,0.01087,0.0274,17.91031,2.03451,0.23489,0.47353,0.34474,0.93129,0.49152,0.34474
-9.00607,49.00739,-12.73914,-0.28882,-0.045,-0.95632,0.99642,0.0,0.0,nan,0.0,0.00871,0.03006,17.07524,1.72155,0.24164,0.56638,0.43639,0.57128,0.58087,0.43639
-9.05195,49.07952,13.37757,-0.21825,-0.00594,0.97587,0.99622,0.0,0.0,nan,0.0,0.01061,0.02556,21.44784,1.8661,0.23797,0.4611,0.71185,0.98456,0.53588,0.71185
-9.00573,51.15359,-12.88217,-0.24028,0.15113,-0.95887,0.99093,0.0,0.0,nan,0.0,0.01122,0.03056,17.05142,1.80192,0.24049,0.51657,0.53003,0.79418,0.55496,0.53003
-9.84283,51.82486,-11.88027,-0.29084,0.18292,-0.93912,0.98834,0.0,0.0,nan,0.0,0.01765,0.03751,19.19583,1.67563,0.2359,0.62378,0.7203,0.833,0.59679,0.7203
-9.00778,50.93201,13.76046,-0.15998,-0.04979,0.98586,0.98366,0.0,0.0,nan,0.0,0.00713,0.01855,19.65827,1.70629,0.24298,0.52043,0.41024,0.81386,0.58607,0.41024
-8.89355,53.0549,-12.42408,-0.28576,0.07122,-0.95565,0.99602,0.0,0.0,nan,0.0,0.01443,0.0317,19.72702,2.55141,0.23439,0.53674,0.55999,0.93428,0.39194,0.55999
-9.77564,52.61074,-11.88334,-0.30977,0.15986,-0.93727,0.99014,0.0,0.0,nan,0.0,0.01173,0.03769,19.21152,1.79559,0.24413,0.53457,0.83832,0.89607,0.55692,0.83832
-8.88123,53.08022,13.65202,-0.10137,0.09286,0.99051,0.99592,0.0,0.0,nan,0.0,0.00963,0.02849,24.88813,1.63811,0.24599,0.64929,0.71154,0.56219,0.61046,0.71154
-8.99077,54.98381,-12.5328,-0.30547,0.14432,-0.9412,0.98486,0.0,0.0,nan,0.0,0.01149,0.04035,17.95341,1.79379,0.23853,0.46474,0.65722,0.68098,0.55748,0.65722
-9.98874,54.49315,-11.97889,-0.34416,0.07041,-0.93627,0.99652,0.0,0.0,nan,0.0,0.01461,0.04065,19.62984,1.63811,0.23425,0.5138,0.51337,0.7708,0.61046,0.51337
-8.90408,54.93203,13.32893,-0.07661,-0.03976,0.99627,0.99562,0.0,0.0,nan,0.0,0.01021,0.02371,23.7627,1.87478,0.24553,0.60594,0.36491,0.77034,0.5334,0.36491
-8.67735,56.16663,-12.15543,-0.28934,0.23636,-0.92759,0.99831,0.0,0.0,nan,0.0,0.00462,0.02047,14.97059,1.80984,0.22719,0.30094,0.45114,0.84947,0.55253,0.45114
-9.02093,57.05358,-11.4107,-0.27081,0.20465,-0.94063,0.98834,0.0,0.0,nan,0.0,0.00919,0.03007,16.30617,1.87097,0.2413,0.39319,0.50653,0.87205,0.53448,0.50653
-9.01629,57.06219,13.38763,-0.07175,0.16527,0.98364,0.98466,0.0,0.0,nan,0.0,0.00963,0.04123,23.17401,1.87141,0.23724,0.6082,0.3774,0.41695,0.53436,0.3774
-8.9886,59.01556,-11.54242,-0.30638,0.05697,-0.9502,0.99901,0.0,0.0,nan,0.0,0.01112,0.04297,17.71789,1.82908,0.23361,0.50412,0.51289,0.57124,0.54672,0.51289
-9.01803,58.99482,12.59431,-0.02139,0.0584,0.99806,0.9731,0.0,0.0,nan,0.0,0.00909,0.02041,20.36314,1.80192,0.23708,0.48947,0.58842,0.99959,0.55496,0.58842
-9.01015,61.07828,-11.54989,-0.28149,0.19847,-0.93882,0.99452,0.0,0.0,nan,0.0,0.00682,0.02083,15.37508,2.05666,0.2295,0.40215,0.42175,0.92028,0.48623,0.42175
-8.9814,61.0053,13.28373,-0.04732,0.04614,0.99781,0.9712,0.0,0.0,nan,0.0,0.00786,0.01732,19.868,1.63811,0.2382,0.51628,0.41243,0.96776,0.61046,0.41243
-8.99162,62.88177,-10.81451,-0.23428,0.19081,-0.95326,0.99711,0.0,0.0,nan,0.0,0.00759,0.02263,15.54855,1.73102,0.23204,0.41104,0.69653,0.92148,0.57769,0.69653
-9.67208,63.83376,11.97702,-0.07219,-0.00636,0.99737,0.94539,0.0,0.0,nan,0.0,0.01126,0.02851,20.56853,1.98169,0.22262,0.49481,0.48176,0.87589,0.50462,0.48176
-9.00139,62.94453,12.42392,-0.10399,0.14758,0.98357,0.98047,0.0,0.0,nan,0.0,0.01664,0.03756,24.17332,1.88943,0.23104,0.5494,0.65687,0.87288,0.52926,0.65687
-8.95831,64.96284,-10.33387,-0.23815,0.04132,-0.97035,0.99572,0.00475,0.02375,0.6,1.0,0.0114,0.03705,12.98117,1.71134,0.22621,0.42821,0.55617,0.82904,0.58434,0.55617
-9.44874,64.10661,11.91983,-0.0658,-0.04498,0.99682,0.9436,0.0,0.0,nan,0.0,0.00856,0.02611,20.01206,1.87164,0.23124,0.45351,0.44046,0.7947,0.53429,0.44046
-9.01856,64.84801,12.71541,-0.04649,-0.08113,0.99562,0.99761,0.0,0.0,nan,0.0,0.0086,0.03168,17.8224,1.74934,0.23556,0.48437,0.61943,0.62304,0.57165,0.61943
-9.02052,67.12871,-10.60931,-0.22849,0.04776,-0.97237,0.99562,0.0,0.0,nan,0.0,0.00348,0.01229,10.63417,1.86488,0.23302,0.40886,0.48066,0.82229,0.53623,0.48066
-9.04659,67.02776,12.81757,-0.07203,0.10989,0.99133,0.98406,0.0,0.0,nan,0.0,0.00522,0.02757,7.97718,3.42635,0.22593,0.80108,0.74368,0.29579,0.29186,0.74368
-9.08634,68.91479,-10.52518,-0.23701,0.04237,-0.97058,0.99741,0.0,0.0,nan,0.0,0.00663,0.01772,10.03764,1.6967,0.23783,0.52588,0.53708,0.85305,0.58938,0.53708
-9.292,68.76804,11.88644,-0.09217,0.03892,0.99498,0.96353,0.0,0.0,nan,0.0,0.0023,0.00876,7.3295,3.40589,0.24661,0.63073,0.44068,0.53086,0.29361,0.44068
-8.97869,69.15502,12.19763,-0.07935,-0.00265,0.99684,0.98515,0.0,0.0,nan,0.0,0.00267,0.01127,7.44698,2.71332,0.23349,0.66105,0.55236,0.45542,0.36855,0.55236
-9.01221,71.04538,-10.42644,-0.21605,0.11764,-0.96927,0.98794,0.0,0.0,nan,0.0,0.01106,0.10181,8.339,1.80192,0.22467,0.50219,0.93517,0.65813,0.55496,0.93517
-8.98141,70.96157,12.66691,-0.07682,-0.01472,0.99694,0.99542,0.0,0.0,nan,0.0,0.00589,0.04999,10.97527,3.40501,0.24303,0.82923,0.85794,0.25653,0.29369,0.85794
-8.74723,72.70772,-10.23145,-0.19705,0.18528,-0.96273,0.96582,0.0,0.0,nan,0.0,0.0216,0.09994,6.98545,1.9799,0.23037,0.3939,0.64953,0.70577,0.50508,0.64953
-9.44182,73.44153,-9.93277,-0.20549,0.20651,-0.95662,0.96712,0.01791,0.08957,0.6,1.0,0.01768,0.08995,6.04795,1.87309,0.2208,0.35858,0.68807,0.72924,0.53388,0.68807
-9.62312,73.39776,11.91101,-0.12656,0.00647,0.99194,0.98216,0.0,0.0,nan,0.0,0.00339,0.01619,13.0763,2.87482,0.24039,0.57845,0.85887,0.64119,0.34785,0.85887
-8.97032,73.01473,12.29858,-0.11023,0.03341,0.99334,0.99233,0.0,0.0,nan,0.0,0.00428,0.01586,12.79559,2.60925,0.23243,0.56604,0.79138,0.63582,0.38325,0.79138
-9.07913,75.1238,-9.53518,-0.18776,0.26403,-0.94606,0.96632,0.02032,0.10162,0.6,1.0,0.01469,0.09878,7.2645,2.16423,0.20819,0.36388,0.45934,0.52118,0.46206,0.45934
-9.01305,74.90411,12.63699,-0.11284,-0.108,0.98773,0.99751,0.0,0.0,nan,0.0,0.00299,0.01598,12.10332,1.66759,0.23678,0.56467,0.69062,0.38637,0.59967,0.69062
-9.10038,76.96678,-8.92274,-0.186,0.34027,-0.92175,0.95336,0.0,0.0,nan,0.0,0.00528,0.11545,7.10242,2.03462,0.21353,0.41518,0.88814,0.25294,0.49149,0.88814
-8.9771,77.01816,12.68481,-0.10863,0.05789,0.9924,0.99841,0.0,0.0,nan,0.0,0.02095,0.09307,3.12879,1.98764,0.22961,0.41632,0.74991,0.88608,0.50311,0.74991
-8.82386,78.60124,-8.30419,-0.17384,0.41482,-0.89314,0.96552,0.0,0.0,nan,0.0,0.00873,0.08591,4.05752,1.80837,0.22525,0.21215,0.66986,0.71497,0.55298,0.66986
-9.23309,79.62279,-7.72197,-0.17336,0.46073,-0.87045,0.96084,0.0,0.0,nan,0.0,0.00617,0.05803,2.97418,1.69801,0.2418,0.20514,0.43118,0.86622,0.58892,0.43118
-8.9838,79.01035,12.36105,-0.09142,0.22398,0.9703,0.99791,0.0,0.0,nan,0.0,0.006,0.07213,4.06019,1.67477,0.22676,0.40998,0.86036,0.46854,0.5971,0.86036
-9.01607,81.02747,-6.97958,-0.15529,0.51966,-0.84014,0.97539,0.0,0.0,nan,0.0,0.00507,0.04977,3.45863,1.63811,0.22358,0.25368,0.50463,0.63344,0.61046,0.50463
-9.04499,81.28207,11.61567,-0.09839,0.46884,0.87779,0.99532,0.0,0.0,nan,0.0,0.01621,0.07484,5.8485,2.12786,0.22005,0.33645,0.51239,0.86407,0.46996,0.51239
-8.80808,80.22337,12.112,-0.09504,0.33258,0.93827,0.99662,0.0,0.0,nan,0.0,0.01316,0.0692,4.95122,2.19016,0.21796,0.36204,0.59104,0.73777,0.45659,0.59104
-8.72135,82.26384,-6.21192,-0.14157,0.57396,-0.80655,0.99064,0.0,0.0,nan,0.0,0.00828,0.0705,5.92851,2.111,0.22336,0.47996,0.75807,0.33581,0.47371,0.75807
-9.04382,83.27726,-5.38092,-0.12315,0.65266,-0.74758,0.99452,0.0,0.0,nan,0.0,0.00519,0.05045,9.51855,2.37631,0.2254,0.43675,0.62995,0.28503,0.42082,0.62995
-9.08487,83.67548,9.47921,-0.1099,0.80913,0.57727,0.99662,0.00689,0.03443,0.6,1.0,0.01024,0.06382,8.12725,1.83022,0.22856,0.33089,0.54769,0.60417,0.54638,0.54769
-8.9702,82.76135,10.65303,-0.10757,0.68075,0.72457,0.99193,0.0,0.0,nan,0.0,0.02022,0.08906,5.94666,2.01909,0.22802,0.31646,0.73406,0.95886,0.49527,0.73406
-8.91903,84.33595,-4.38114,-0.0823,0.78873,-0.60921,0.99432,0.0,0.0,nan,0.0,0.0052,0.06015,10.08603,1.84136,0.23215,0.35821,0.65203,0.28946,0.54308,0.65203
-9.02694,85.09987,-3.03441,-0.04825,0.90244,-0.4281,0.99572,0.0,0.0,nan,0.0,0.00561,0.0769,8.30972,1.85752,0.23225,0.2536,0.84859,0.52155,0.53835,0.84859
-9.04773,85.7543,-0.96007,-0.02369,0.97932,-0.20094,0.99482,0.0,0.0,nan,0.0,0.01873,0.11005,7.79894,1.63811,0.23751,0.22091,0.6706,0.96825,0.61046,0.6706
-9.03265,85.96257,0.99502,-0.03479,0.99919,-0.02045,0.99472,0.00183,0.00913,0.7,1.0,0.01859,0.1053,8.29276,1.63811,0.22099,0.21925,0.64495,0.99916,0.61046,0.64495
-9.0128,85.81277,3.05645,-0.06261,0.99068,0.121,0.99911,0.03691,0.06582,0.6,0.88724,0.0266,0.10752,7.68387,1.84821,0.21618,0.37171,0.62756,0.83871,0.54106,0.62756
-8.99427,85.48779,5.03967,-0.0923,0.97489,0.20267,0.99841,0.0003,0.00152,0.7,1.0,0.01353,0.08634,12.47464,1.74414,0.22047,0.43124,0.85018,0.62047,0.57335,0.85018
-8.97028,85.02842,7.05151,-0.10101,0.92814,0.35825,0.99622,0.00211,0.01054,0.7,1.0,0.02074,0.07959,13.81545,1.69515,0.22682,0.41838,0.67263,0.71289,0.58992,0.67263
-8.87166,84.29756,8.49772,-0.10158,0.87177,0.47926,0.99781,0.01202,0.06011,0.6,1.0,0.01479,0.08575,11.23938,1.6936,0.22318,0.39965,0.50961,0.50843,0.59046,0.50961
-8.53502,86.0004,1.35627,-0.0366,0.99933,0.00311,0.99552,0.0,0.0,nan,0.0,0.01464,0.10581,7.69114,1.72263,0.22147,0.18274,0.55379,0.95426,0.58051,0.55379
-7.01492,1.58384,1.47526,0.03865,-0.86792,-0.4952,0.98575,0.0,0.0,nan,0.0,0.00625,0.0287,18.11377,1.70919,0.22914,0.46886,0.7651,0.5418,0.58507,0.7651
-6.97242,0.60951,2.88948,0.02524,-0.97948,-0.19994,0.92964,0.0,0.0,nan,0.0,0.00606,0.01822,16.89284,2.07034,0.23942,0.38596,0.37934,0.96424,0.48301,0.37934
-6.92164,0.89321,4.96553,0.01936,-0.99667,0.0792,0.99632,0.0,0.0,nan,0.0,0.00652,0.01913,15.83008,1.79247,0.23955,0.43527,0.62955,0.88221,0.55789,0.62955
-7.04003,1.37403,7.01409,-0.02588,-0.92334,0.3831,0.98725,0.0,0.0,nan,0.0,0.0085,0.02367,16.14697,2.11715,0.23547,0.45287,0.26053,0.89078,0.47233,0.26053
-6.2803,1.92555,8.09784,-0.02679,-0.8876,0.45984,0.99622,0.00748,0.03741,0.7,1.0,0.01646,0.0415,16.04504,1.72855,0.2449,0.50596,0.56093,0.88162,0.57852,0.56093
-6.97271,3.40425,-0.77688,-0.03436,-0.81266,-0.58172,0.99851,0.0,0.0,nan,0.0,0.01075,0.03566,11.78009,2.05394,0.21795,0.3526,0.40274,1.0,0.48687,0.40274
-7.0329,2.32052,0.47956,0.02867,-0.81127,-0.58397,0.99941,0.0,0.0,nan,0.0,0.01177,0.03442,12.80407,2.54888,0.2333,0.42259,0.75173,0.94036,0.39233,0.75173
-7.51999,2.1654,7.81562,-0.05989,-0.87862,0.47376,0.99662,0.0,0.0,nan,0.0,0.01203,0.03612,15.2965,1.69146,0.24135,0.45059,0.52642,0.83597,0.59121,0.52642
-6.97631,2.76628,8.93789,-0.05346,-0.88871,0.45533,0.99552,0.0,0.0,nan,0.0,0.00863,0.02666,14.11392,2.05728,0.23071,0.36952,0.40342,1.0,0.48608,0.40342
-6.98535,3.39733,10.97483,0.00593,-0.84064,0.54156,0.98964,0.0,0.0,nan,0.0,0.0075,0.0356,12.31174,1.74574,0.23093,0.38776,0.45282,0.6317,0.57282,0.45282
-6.86108,5.74725,-4.17347,-0.17362,-0.6604,-0.73057,0.98874,0.00831,0.04153,0.6,1.0,0.02073,0.09438,22.60108,1.87261,0.22079,0.39909,0.8325,0.81381,0.53401,0.8325
-7.00492,4.83001,-3.03144,-0.12722,-0.78379,-0.60785,0.99931,0.00441,0.02203,0.51,1.0,0.01565,0.07118,21.42708,1.86136,0.22223,0.33303,0.52898,0.72198,0.53724,0.52898
-7.1083,4.13935,-1.82795,-0.08278,-0.81358,-0.57554,0.99911,0.00234,0.01172,0.6,1.0,0.01222,0.07288,16.76292,1.91116,0.21905,0.32665,0.32394,0.57445,0.52324,0.32394
-6.9315,4.1138,11.86244,0.02469,-0.71778,0.69583,0.97888,0.0,0.0,nan,0.0,0.00398,0.04427,9.96251,1.63811,0.23161,0.4432,0.81135,0.30309,0.61046,0.81135
-7.01728,5.04284,12.65018,0.01379,-0.46276,0.88638,0.96044,0.0,0.0,nan,0.0,0.00477,0.10362,11.72985,1.85746,0.22027,0.81733,0.98103,0.25308,0.53837,0.98103
-6.9902,7.0224,-4.97236,-0.23191,-0.45168,-0.86151,0.98974,0.00527,0.02635,0.51,1.0,0.02222,0.11415,20.61975,1.80192,0.2276,0.45885,0.66781,0.46534,0.55496,0.66781
-7.01899,7.07133,13.16051,-0.01392,-0.15776,0.98738,0.99552,0.0,0.0,nan,0.0,0.00352,0.01576,13.01187,1.68682,0.232,0.70245,0.89271,0.67529,0.59283,0.89271
-6.52075,9.69539,-6.39506,-0.33049,-0.47718,-0.8143,0.99701,0.0,0.0,nan,0.0,0.00488,0.01456,13.08529,1.89278,0.2387,0.40026,0.46897,0.96415,0.52832,0.46897
-7.1582,8.93616,-5.64299,-0.35941,-0.41963,-0.83351,0.99851,0.0,0.0,nan,0.0,0.01492,0.03633,14.1102,1.63811,0.24206,0.58049,0.47353,0.80758,0.61046,0.47353
-6.9961,8.87522,13.38966,-0.04123,-0.08727,0.99533,0.99731,0.0,0.0,nan,0.0,0.01043,0.02639,13.94715,1.9154,0.23203,0.66989,0.701,0.67431,0.52209,0.701
-7.02956,10.9453,-7.23591,-0.29303,-0.56357,-0.77235,0.99233,0.0,0.0,nan,0.0,0.00851,0.02235,12.61484,2.03521,0.23715,0.48626,0.39273,0.90704,0.49135,0.39273
-7.69324,10.2326,-5.7811,-0.39203,-0.49788,-0.77358,0.98486,0.0,0.0,nan,0.0,0.00738,0.01891,14.00499,1.89338,0.23354,0.47719,0.51074,0.93486,0.52815,0.51074
-6.99517,11.05212,13.44131,-0.09831,0.10425,0.98968,0.98904,0.0,0.0,nan,0.0,0.0109,0.03868,15.82138,1.69588,0.23961,0.47152,0.70792,0.67318,0.58966,0.70792
-6.02495,13.99046,-10.02424,-0.22942,-0.45378,-0.86108,0.95386,0.0,0.0,nan,0.0,0.01422,0.0442,13.54154,1.80192,0.23135,0.55234,0.60593,0.66833,0.55496,0.60593
-6.90466,13.13005,-8.72155,-0.22844,-0.59183,-0.77301,0.99721,0.0,0.0,nan,0.0,0.01144,0.05464,11.68296,2.36604,0.22291,0.54227,0.61811,0.45209,0.42265,0.61811
-7.27379,12.18668,-7.87951,-0.22776,-0.58828,-0.77592,0.99642,0.0,0.0,nan,0.0,0.00826,0.02579,10.05022,1.83831,0.23862,0.52028,0.58756,0.73853,0.54398,0.58756
-6.97297,13.03696,12.99385,-0.10883,-0.04705,0.99295,0.98874,0.0,0.0,nan,0.0,0.0111,0.0236,20.27057,1.83636,0.23316,0.52033,0.66318,0.99307,0.54455,0.66318
-6.61505,15.20471,-10.16384,-0.23398,-0.33805,-0.91158,0.98904,0.0,0.0,nan,0.0,0.00468,0.01406,12.06609,1.89857,0.23016,0.54167,0.63141,0.71581,0.52671,0.63141
-7.39953,14.61884,-9.68684,-0.26999,-0.40968,-0.87136,0.99303,0.0,0.0,nan,0.0,0.0106,0.02815,11.92859,2.38692,0.23749,0.64369,0.62045,0.68291,0.41895,0.62045
-6.98698,14.84335,13.68425,-0.08056,-0.19038,0.9784,0.99422,0.0,0.0,nan,0.0,0.00502,0.01853,15.40934,1.69246,0.24015,0.54848,0.42546,0.55792,0.59085,0.42546
-6.94745,16.9776,-10.43422,-0.16913,-0.31038,-0.93544,0.96273,0.0,0.0,nan,0.0,0.00725,0.02023,10.38506,3.37077,0.24559,0.65,0.72528,0.65765,0.29667,0.72528
-7.64875,16.59978,-9.95451,-0.20024,-0.34842,-0.9157,0.96413,0.0,0.0,nan,0.0,0.00461,0.01549,13.1246,2.23439,0.23085,0.54711,0.77732,0.68666,0.44755,0.77732
-7.04249,17.03526,13.64934,-0.09536,0.1291,0.98704,0.99203,0.0,0.0,nan,0.0,0.00447,0.02058,8.4787,3.42642,0.25035,0.75175,0.67413,0.35692,0.29185,0.67413
-7.19923,19.05404,-11.27234,-0.08403,-0.17891,-0.98027,0.94698,0.0,0.0,nan,0.0,0.00626,0.06827,15.32612,1.88162,0.23861,0.7847,0.9529,0.37647,0.53146,0.9529
-7.06745,19.16211,12.98773,-0.10722,0.10122,0.98907,0.99542,0.0,0.0,nan,0.0,0.00247,0.00888,10.39286,3.35117,0.24178,0.47013,0.53851,0.70452,0.2984,0.53851
-6.8999,21.16911,-11.28829,-0.05132,-0.10098,-0.99356,0.98127,0.0,0.0,nan,0.0,0.00682,0.01856,19.29371,1.79561,0.23788,0.4968,0.42861,0.81592,0.55691,0.42861
-7.00417,21.04771,13.24343,-0.13552,0.073,0.98808,0.99741,0.0,0.0,nan,0.0,0.00661,0.01951,12.98444,1.73736,0.24749,0.56539,0.44643,0.69148,0.57558,0.44643
-6.90663,23.72722,-12.13953,-0.08815,-0.35509,-0.93067,0.98765,0.0,0.0,nan,0.0,0.01724,0.0366,16.13059,3.60383,0.24054,0.5978,0.45946,0.88568,0.27748,0.45946
-6.99764,22.77131,-11.73671,-0.09388,-0.31858,-0.94324,0.99512,0.0,0.0,nan,0.0,0.01135,0.02907,24.7462,1.80192,0.24056,0.64064,0.72501,0.65839,0.55496,0.72501
-7.00244,22.97967,12.81813,-0.14511,0.0689,0.98701,0.99223,0.0,0.0,nan,0.0,0.007,0.02493,20.71838,1.63811,0.23176,0.45993,0.76111,0.69377,0.61046,0.76111
-6.95477,24.88054,-12.544,-0.05094,-0.18572,-0.98128,0.98256,0.0,0.0,nan,0.0,0.01849,0.03707,17.66753,2.0105,0.23993,0.64157,0.47117,0.86543,0.49739,0.47117
-7.8507,24.10452,-11.93935,-0.14373,-0.34048,-0.9292,0.99502,0.0,0.0,nan,0.0,0.0155,0.03813,16.64984,1.80192,0.25392,0.62654,0.39284,0.72683,0.55496,0.39284
-7.05882,24.92841,12.88493,-0.09585,-0.07011,0.99292,0.99821,0.0,0.0,nan,0.0,0.00758,0.02124,21.59819,1.80192,0.22927,0.48877,0.68568,0.79721,0.55496,0.68568
-7.00472,27.12575,-12.42805,-0.06579,-0.11504,-0.99118,0.99333,0.0,0.0,nan,0.0,0.01066,0.02416,18.53201,1.82663,0.23875,0.53447,0.54223,0.91471,0.54745,0.54223
-6.1839,27.26596,-11.98692,-0.02981,-0.14141,-0.9895,0.95067,0.0,0.0,nan,0.0,0.00981,0.02354,18.26564,1.72595,0.23527,0.47947,0.45008,0.96398,0.57939,0.45008
-7.05861,27.00825,12.96598,-0.14749,0.06851,0.98669,0.99452,0.0,0.0,nan,0.0,0.01828,0.03654,20.85883,1.88697,0.22699,0.56956,0.47943,0.96258,0.52995,0.47943
-6.96179,28.9447,-13.11389,-0.12162,-0.2467,-0.96143,0.98814,0.0,0.0,nan,0.0,0.01445,0.03037,19.60097,1.70138,0.24106,0.59448,0.24315,0.88185,0.58776,0.24315
-7.13306,28.99077,12.52592,-0.13561,-0.08259,0.98731,0.96562,0.0,0.0,nan,0.0,0.01262,0.02988,20.7373,1.68905,0.23153,0.4986,0.31371,0.92905,0.59205,0.31371
-7.11633,31.07921,-13.42405,-0.08462,-0.00148,-0.99641,0.98197,0.0,0.0,nan,0.0,0.01053,0.03225,21.39269,1.70116,0.23902,0.45444,0.41379,0.78559,0.58783,0.41379
-7.0687,30.94001,13.34828,-0.11412,-0.15355,0.98153,0.99781,0.0,0.0,nan,0.0,0.00598,0.01923,17.41553,1.80192,0.23397,0.42434,0.36179,0.81648,0.55496,0.36179
-7.02015,33.00721,-12.99744,-0.09361,-0.08074,-0.99233,0.99183,0.0,0.0,nan,0.0,0.01358,0.03109,22.38624,1.71961,0.24255,0.6487,0.52654,0.73382,0.58153,0.52654
-7.06274,32.90747,13.2989,-0.17287,0.02038,0.98473,0.99642,0.0,0.0,nan,0.0,0.0153,0.03714,17.92289,1.72976,0.23109,0.48935,0.24539,0.93577,0.57812,0.24539
-7.01652,34.92921,-13.70055,-0.1072,-0.08934,-0.99022,0.98216,0.0,0.0,nan,0.0,0.00966,0.03448,21.27433,1.72247,0.24065,0.61295,0.71588,0.5002,0.58056,0.71588
-7.03739,35.01006,13.29104,-0.09801,-0.10261,0.98988,0.99492,0.0,0.0,nan,0.0,0.00986,0.02284,17.71334,1.63811,0.2408,0.56261,0.37754,0.85423,0.61046,0.37754
-7.0339,36.93625,-13.23709,-0.0723,0.10637,-0.99169,0.99801,0.0,0.0,nan,0.0,0.00653,0.02428,18.52207,1.84788,0.23676,0.40558,0.48202,0.7347,0.54116,0.48202
-7.03522,37.01433,13.69369,-0.12541,-0.09247,0.98779,0.99462,0.0,0.0,nan,0.0,0.00859,0.02996,13.75891,1.83738,0.23696,0.55623,0.36361,0.59051,0.54425,0.36361
-6.94276,38.97633,-13.09593,-0.08297,0.00512,-0.99654,0.99811,0.0,0.0,nan,0.0,0.00912,0.02761,19.43337,1.90976,0.22884,0.41895,0.46665,0.86987,0.52363,0.46665
-7.04157,39.05281,13.78758,-0.1897,0.03359,0.98127,0.99761,0.0,0.0,nan,0.0,0.00388,0.01508,11.80599,3.44002,0.24609,0.58372,0.53578,0.51524,0.2907,0.53578
-6.87821,41.10384,-13.34699,-0.07955,0.05254,-0.99545,0.99881,0.0,0.0,nan,0.0,0.0049,0.01615,17.59126,1.90609,0.22844,0.37657,0.37533,0.89758,0.52463,0.37533
-6.9899,40.94577,13.55521,-0.13644,0.00183,0.99065,0.99761,0.0,0.0,nan,0.0,0.0025,0.00838,10.62946,3.39067,0.24553,0.46168,0.33177,0.76781,0.29493,0.33177
-6.99756,42.97491,-13.27917,-0.10276,-0.05153,-0.99337,0.99861,0.0,0.0,nan,0.0,0.0101,0.02923,17.72221,1.81144,0.23872,0.54268,0.70323,0.70884,0.55205,0.70323
-6.99951,42.90918,13.5215,-0.15886,0.01644,0.98716,0.99841,0.0,0.0,nan,0.0,0.0108,0.03037,17.74621,1.68647,0.2394,0.6718,0.76527,0.61905,0.59295,0.76527
-6.07784,43.76477,14.02794,-0.12828,0.03038,0.99127,0.98685,0.0,0.0,nan,0.0,0.00814,0.02172,19.47899,3.60383,0.24876,0.55396,0.45559,0.74646,0.27748,0.45559
-6.88973,45.09866,-13.56373,-0.11753,0.05828,-0.99136,0.98954,0.0,0.0,nan,0.0,0.00567,0.01882,15.95035,1.80192,0.23711,0.44417,0.33764,0.76301,0.55496,0.33764
-7.01345,45.03708,13.46218,-0.13219,-0.07762,0.98818,0.99831,0.0,0.0,nan,0.0,0.01018,0.02412,20.11509,1.7072,0.24318,0.50491,0.66697,0.91946,0.58575,0.66697
-6.93637,46.93953,-13.07644,-0.16148,-0.00871,-0.98684,0.99462,0.0,0.0,nan,0.0,0.00824,0.01965,18.19136,3.39237,0.2355,0.47277,0.55459,0.98506,0.29478,0.55459
-7.09237,46.72941,13.99583,-0.108,-0.05226,0.99278,0.99392,0.0,0.0,nan,0.0,0.00708,0.02189,18.92655,1.68326,0.23351,0.46669,0.58286,0.76591,0.59409,0.58286
-6.79935,47.016,14.07932,-0.0941,-0.03356,0.995,0.98944,0.0,0.0,nan,0.0,0.0095,0.02607,17.88858,2.68081,0.2375,0.52407,0.60463,0.77305,0.37302,0.60463
-6.93946,48.91861,-13.49713,-0.19916,-0.05915,-0.97818,0.98625,0.0,0.0,nan,0.0,0.00711,0.03507,20.0331,1.88856,0.24085,0.47792,0.80177,0.5588,0.5295,0.80177
-7.01476,48.9784,13.55965,-0.10749,0.04679,0.9931,0.99771,0.0,0.0,nan,0.0,0.00808,0.0342,22.28187,2.02917,0.24459,0.51434,0.6569,0.50046,0.49281,0.6569
-6.10351,48.06536,14.02402,-0.07261,0.04127,0.99651,0.99153,0.0,0.0,nan,0.0,0.00447,0.04025,20.49328,1.65,0.26425,0.68209,0.92042,0.39348,0.60606,0.92042
-6.99478,51.08174,-13.22234,-0.16626,0.15183,-0.97432,0.99671,0.0,0.0,nan,0.0,0.01095,0.03275,20.72319,1.63811,0.23933,0.48878,0.39903,0.75043,0.61046,0.39903
-7.24793,50.89267,13.91936,-0.10598,-0.04269,0.99345,0.99173,0.0,0.0,nan,0.0,0.00812,0.0231,20.05025,1.71419,0.24788,0.47688,0.39817,0.81053,0.58337,0.39817
-6.50903,51.27601,14.23927,-0.07348,-0.01615,0.99717,0.95296,0.0,0.0,nan,0.0,0.00689,0.0202,22.20759,1.90601,0.23864,0.51033,0.56567,0.7288,0.52466,0.56567
-6.98745,53.01263,-12.75797,-0.20338,0.01137,-0.97903,0.98964,0.0,0.0,nan,0.0,0.01133,0.02964,17.66549,2.03506,0.2346,0.47514,0.46607,0.8955,0.49139,0.46607
-7.0257,53.07887,13.33252,-0.09395,0.13228,0.98675,0.98177,0.0,0.0,nan,0.0,0.01068,0.04627,27.85904,1.6817,0.24246,0.65766,0.51337,0.37604,0.59464,0.51337
-6.30817,52.51694,14.16718,-0.08381,0.11738,0.98954,0.95805,0.0,0.0,nan,0.0,0.00389,0.03962,27.62807,2.06685,0.22904,0.66932,0.92062,0.34622,0.48383,0.92062
-7.00188,55.05996,-13.17087,-0.2033,0.13751,-0.96941,0.9726,0.0,0.0,nan,0.0,0.01033,0.02919,17.30051,1.91272,0.23403,0.58569,0.5015,0.67385,0.52282,0.5015
-6.94612,55.041,13.27699,-0.06042,-0.02866,0.99776,0.99014,0.0,0.0,nan,0.0,0.00735,0.01899,24.15582,2.85158,0.24653,0.59032,0.44897,0.70967,0.35068,0.44897
-6.70496,55.85552,14.02319,-0.07802,-0.02786,0.99656,0.95555,0.0,0.0,nan,0.0,0.00776,0.02108,22.77718,2.55556,0.23619,0.67641,0.56142,0.59224,0.3913,0.56142
-6.9002,56.92216,-12.3865,-0.23348,0.20102,-0.95136,0.99662,0.0,0.0,nan,0.0,0.00587,0.01758,15.962,1.80192,0.23423,0.40209,0.51855,0.93433,0.55496,0.51855
-7.77835,57.08354,-11.85477,-0.28132,0.19716,-0.93914,0.99422,0.0,0.0,nan,0.0,0.00706,0.02297,15.9645,1.68473,0.23296,0.42236,0.40189,0.81902,0.59357,0.40189
-6.9618,57.3122,13.56499,-0.09811,0.19,0.97687,0.97489,0.0,0.0,nan,0.0,0.01133,0.04835,19.97035,2.72689,0.2285,0.69194,0.45844,0.37255,0.36672,0.45844
-6.87907,56.29169,14.03528,-0.08178,0.01639,0.99652,0.94987,0.0,0.0,nan,0.0,0.00995,0.02131,21.40257,1.82976,0.23509,0.59345,0.39618,0.86017,0.54652,0.39618
-6.89287,59.03107,-12.40263,-0.27572,0.05419,-0.95971,0.99602,0.0,0.0,nan,0.0,0.00892,0.02673,15.24426,2.37899,0.23438,0.47352,0.38642,0.79749,0.42035,0.38642
-7.90369,58.78083,-11.97038,-0.31358,0.06204,-0.94753,0.99931,0.0,0.0,nan,0.0,0.01164,0.03331,15.50456,1.98827,0.23715,0.53598,0.57931,0.73578,0.50295,0.57931
-7.03791,59.02312,12.71436,-0.09213,0.09875,0.99084,0.97001,0.0,0.0,nan,0.0,0.00993,0.0233,17.9695,1.86359,0.22959,0.47541,0.75053,0.99728,0.5366,0.75053
-6.78866,60.76394,-12.30117,-0.26746,0.19704,-0.94321,0.99293,0.0,0.0,nan,0.0,0.00487,0.01656,14.29026,2.01315,0.23665,0.39979,0.62171,0.83874,0.49673,0.62171
-7.35673,61.48814,-11.63627,-0.27695,0.21929,-0.93553,0.99821,0.0,0.0,nan,0.0,0.00559,0.02003,15.08341,1.63811,0.23596,0.36803,0.51572,0.85855,0.61046,0.51572
-6.97437,60.91629,13.26599,-0.05994,-0.01264,0.99812,0.98266,0.0,0.0,nan,0.0,0.01019,0.02333,21.62426,1.87532,0.23675,0.55429,0.27424,0.86071,0.53324,0.27424
-6.98751,62.88035,-11.23255,-0.30191,0.18171,-0.93586,0.99602,0.0,0.0,nan,0.0,0.01155,0.03669,13.98254,1.74351,0.24286,0.51614,0.60009,0.69714,0.57356,0.60009
-6.99326,63.00642,12.8278,-0.0743,0.15663,0.98486,0.99313,0.0,0.0,nan,0.0,0.01903,0.03504,25.59493,1.63811,0.23611,0.6494,0.60598,0.9016,0.61046,0.60598
-6.97787,64.99183,-11.22909,-0.30372,0.07722,-0.94963,0.99871,0.0,0.0,nan,0.0,0.01212,0.03625,11.99398,1.71478,0.23287,0.58584,0.59903,0.66604,0.58317,0.59903
-6.9704,64.82633,12.65539,-0.04027,-0.041,0.99835,0.99442,0.0,0.0,nan,0.0,0.00702,0.02356,20.24395,2.03948,0.22201,0.48499,0.39732,0.6747,0.49032,0.39732
-6.97143,67.00949,-11.0085,-0.2439,0.0773,-0.96671,0.99572,0.0,0.0,nan,0.0,0.00418,0.02266,12.04806,1.83094,0.2312,0.51186,0.82413,0.55014,0.54617,0.82413
-7.04333,67.0173,12.82172,-0.03493,0.05915,0.99764,0.99303,0.0,0.0,nan,0.0,0.00596,0.0387,9.99075,2.32113,0.23267,0.80091,0.81213,0.28821,0.43083,0.81213
-7.01298,68.99841,-11.00001,-0.20212,0.05735,-0.97768,0.99472,0.0,0.0,nan,0.0,0.00706,0.02604,9.06498,2.08533,0.23951,0.59138,0.69711,0.55952,0.47954,0.69711
-6.96133,68.8953,12.17964,-0.078,0.02333,0.99668,0.98087,0.0,0.0,nan,0.0,0.00198,0.0097,6.13259,3.39057,0.23936,0.64465,0.57625,0.41955,0.29494,0.57625
-7.13514,71.0243,-10.77481,-0.16888,0.14099,-0.9755,0.99313,0.0,0.0,nan,0.0,0.02405,0.09663,6.88183,1.63811,0.22095,0.42248,0.63028,0.76038,0.61046,0.63028
-7.01129,71.01502,12.772,-0.06261,-0.02111,0.99782,0.99741,0.0,0.0,nan,0.0,0.00596,0.02551,8.19977,3.40675,0.23375,0.74778,0.65106,0.38896,0.29354,0.65106
-7.02466,72.98257,-10.40195,-0.14747,0.20349,-0.96791,0.98246,0.0,0.0,nan,0.0,0.02656,0.10478,7.21676,2.01051,0.22384,0.34566,0.40266,0.93651,0.49739,0.40266
-7.005,73.14301,12.52259,-0.07529,0.00125,0.99716,0.99721,0.0,0.0,nan,0.0,0.00393,0.01832,12.69897,3.40999,0.24854,0.54381,0.49129,0.45705,0.29326,0.49129
-6.76316,74.45612,-10.17946,-0.13713,0.25018,-0.95844,0.97898,0.0,0.0,nan,0.0,0.01622,0.08489,9.06372,1.67138,0.21495,0.34796,0.63943,0.67022,0.59831,0.63943
-7.02062,75.34053,-9.87826,-0.14191,0.27548,-0.95077,0.97459,0.0,0.0,nan,0.0,0.01505,0.0818,9.24929,1.69566,0.21232,0.34736,0.782,0.71762,0.58974,0.782
-7.0071,74.89899,12.83402,-0.09218,-0.10179,0.99053,0.99761,0.0,0.0,nan,0.0,0.00241,0.01208,8.53488,2.66112,0.23271,0.52484,0.42693,0.46852,0.37578,0.42693
-6.97517,77.01156,-9.3289,-0.13973,0.33934,-0.93023,0.97888,0.0,0.0,nan,0.0,0.00834,0.07738,8.50318,1.91121,0.20896,0.36132,0.82807,0.49108,0.52323,0.82807
-6.99103,76.98878,12.87954,-0.10697,0.04924,0.99304,0.99701,0.0,0.0,nan,0.0,0.01508,0.114,3.80612,1.87289,0.23382,0.63891,0.86977,0.51212,0.53394,0.86977
-6.98006,79.00578,-8.51073,-0.13559,0.43709,-0.88914,0.98097,0.0,0.0,nan,0.0,0.01216,0.08672,5.87306,1.83771,0.21816,0.32371,0.46268,0.58055,0.54416,0.46268
-7.42323,79.87818,-7.95765,-0.14049,0.47768,-0.86723,0.98197,0.0,0.0,nan,0.0,0.00605,0.05024,4.0242,2.00994,0.22528,0.3214,0.55518,0.56117,0.49753,0.55518
-7.01915,79.03471,12.56547,-0.11534,0.21848,0.969,0.99562,0.0,0.0,nan,0.0,0.01538,0.08266,4.62872,2.04871,0.2253,0.42471,0.44998,0.6275,0.48811,0.44998
-6.1603,80.02458,-8.01062,-0.13623,0.48012,-0.86656,0.98824,0.0,0.0,nan,0.0,0.01389,0.05459,5.15927,1.8892,0.23751,0.42866,0.34524,0.82365,0.52932,0.34524
-6.97467,81.0031,-7.29872,-0.13591,0.52215,-0.84195,0.98665,0.0,0.0,nan,0.0,0.01167,0.06323,4.78017,1.90567,0.23343,0.39962,0.43884,0.65521,0.52475,0.43884
-7.13083,81.50131,11.78681,-0.12111,0.47295,0.87273,0.99054,0.0,0.0,nan,0.0,0.01736,0.07895,5.59622,2.14729,0.21894,0.32443,0.63546,0.91985,0.4657,0.63546
-6.90367,80.51231,12.19688,-0.12122,0.34604,0.93035,0.99552,0.0,0.0,nan,0.0,0.01808,0.08048,5.31531,2.05342,0.21773,0.34879,0.62772,0.88649,0.48699,0.62772
-6.91108,82.4828,-6.38244,-0.13262,0.58703,-0.79863,0.99671,0.0,0.0,nan,0.0,0.00832,0.06156,8.62659,1.82683,0.23299,0.43186,0.70201,0.38559,0.5474,0.70201
-7.0438,83.53629,-5.63344,-0.12174,0.68062,-0.72246,0.99512,0.0,0.0,nan,0.0,0.00834,0.05785,11.07037,2.02063,0.22757,0.41599,0.6805,0.40929,0.4949,0.6805
-7.055,83.80075,9.73001,-0.08922,0.81934,0.56633,0.99711,0.0,0.0,nan,0.0,0.00493,0.0511,9.57333,1.66139,0.23282,0.37405,0.73625,0.3119,0.60191,0.73625
-6.99827,82.85411,10.85421,-0.11618,0.67716,0.7266,0.98874,0.0,0.0,nan,0.0,0.0193,0.10414,5.44143,2.16151,0.22687,0.37488,0.75891,0.69573,0.46264,0.75891
-6.99612,84.49125,-4.63344,-0.0962,0.8084,-0.58072,0.98884,0.00234,0.0117,0.6,1.0,0.00821,0.06313,10.78649,1.75147,0.23468,0.35548,0.72453,0.4334,0.57095,0.72453
-7.01511,85.22698,-2.95541,-0.05935,0.92201,-0.3826,0.99572,0.00177,0.00886,0.6,1.0,0.00452,0.08055,10.53575,1.81514,0.22957,0.33222,0.86641,0.31996,0.55092,0.86641
-7.021,85.78394,-1.0297,-0.03827,0.97845,-0.20289,0.99622,0.0,0.0,nan,0.0,0.01903,0.11919,6.55007,1.70103,0.23678,0.21218,0.54063,0.98243,0.58788,0.54063
-7.47522,85.99783,0.73252,-0.0321,0.99792,-0.05584,0.99632,0.0,0.0,nan,0.0,0.01537,0.10642,7.02872,1.72173,0.22398,0.20262,0.46653,0.91536,0.58081,0.46653
-7.09889,85.91122,3.0951,-0.05187,0.99379,0.09848,0.99771,0.00365,0.01823,0.7,1.0,0.01691,0.11161,8.24202,1.87729,0.21177,0.32737,0.77638,0.62816,0.53268,0.77638
-7.03731,85.68409,5.02012,-0.0589,0.97887,0.19583,0.99691,0.0,0.0,nan,0.0,0.02081,0.1095,12.10532,1.84861,0.21586,0.38569,0.63105,0.57404,0.54095,0.63105
-7.01908,85.1884,7.07865,-0.05106,0.93478,0.35154,0.99492,0.0,0.0,nan,0.0,0.01655,0.06448,14.81911,1.86717,0.21492,0.3778,0.55025,0.77082,0.53557,0.55025
-6.97386,84.36937,8.70521,-0.06722,0.87605,0.47751,0.99771,0.00537,0.02683,0.7,1.0,0.01039,0.06796,11.83819,1.63811,0.22651,0.39456,0.52144,0.45314,0.61046,0.52144
-6.92519,86.00172,1.18791,-0.03773,0.99905,-0.02195,0.99711,0.0016,0.00799,0.6,1.0,0.01545,0.10484,6.64463,1.71837,0.21724,0.22528,0.44541,0.85131,0.58195,0.44541
-6.50228,86.06393,2.259,-0.04398,0.99777,0.05018,0.99771,0.0018,0.00593,0.6,0.96774,0.01782,0.10394,6.30175,1.76209,0.21447,0.242,0.70734,0.9333,0.56751,0.70734
-5.00476,1.73837,1.69742,-0.01131,-0.89019,-0.45546,0.99323,0.0,0.0,nan,0.0,0.01148,0.02789,17.66235,3.60383,0.23866,0.52149,0.62731,0.87854,0.27748,0.62731
-5.03494,0.91492,2.88103,0.00538,-0.97855,-0.20596,0.97668,0.0,0.0,nan,0.0,0.0136,0.03198,17.62279,2.02167,0.23141,0.49473,0.52895,0.95695,0.49464,0.52895
-5.01286,1.30843,5.1031,0.0096,-0.99556,0.09368,0.99701,0.0,0.0,nan,0.0,0.00983,0.02397,14.76772,3.35395,0.24055,0.46548,0.46816,1.0,0.29816,0.46816
-4.99331,1.16085,7.13881,0.00097,-0.93899,0.34394,0.972,0.0,0.0,nan,0.0,0.0122,0.0285,15.70942,2.05678,0.22824,0.50203,0.60201,0.96138,0.4862,0.60201
-5.09766,1.83592,8.24022,0.00815,-0.88268,0.4699,0.99183,0.0,0.0,nan,0.0,0.01696,0.03845,14.42547,1.91433,0.23182,0.5021,0.50814,1.0,0.52238,0.50814
-4.77595,3.96971,-2.09576,-0.1356,-0.84983,-0.50932,0.99921,0.0,0.0,nan,0.0,0.01998,0.06414,17.21139,1.98308,0.21878,0.40149,0.46125,0.86597,0.50427,0.46125
-5.04573,3.25966,-1.02035,-0.07345,-0.85543,-0.51269,0.99941,0.0,0.0,nan,0.0,0.02746,0.07164,14.613,2.06326,0.21734,0.45548,0.39061,0.95691,0.48467,0.39061
-4.98249,2.41111,0.70188,-0.0196,-0.83649,-0.54764,0.99881,0.0,0.0,nan,0.0,0.01884,0.04815,15.45104,1.76915,0.23552,0.50027,0.62046,0.88338,0.56524,0.62046
-4.09324,2.01504,7.88519,0.00453,-0.88481,0.46592,0.99323,0.0,0.0,nan,0.0,0.01187,0.04179,14.14427,1.86159,0.23845,0.52198,0.51256,0.62119,0.53718,0.51256
-4.89506,2.44322,9.20316,0.0277,-0.87794,0.47796,0.99941,0.0,0.0,nan,0.0,0.01037,0.02818,14.81364,1.75326,0.24032,0.42464,0.73272,0.98345,0.57037,0.73272
-4.99394,3.37061,10.7884,0.04171,-0.83776,0.54444,0.99462,0.0,0.0,nan,0.0,0.00503,0.02873,13.59712,1.7247,0.23197,0.30965,0.58186,0.64917,0.57981,0.58186
-4.93233,5.55408,-4.40135,-0.12423,-0.67694,-0.72548,0.99313,0.0,0.0,nan,0.0,0.02121,0.08291,19.22749,2.00027,0.22985,0.4842,0.81727,0.74338,0.49993,0.81727
-5.03203,4.65154,-2.98647,-0.14951,-0.81198,-0.56421,0.99931,0.0,0.0,nan,0.0,0.01805,0.0656,18.88444,1.86211,0.22069,0.36783,0.55412,0.82749,0.53703,0.55412
-5.94398,4.01443,-1.86332,-0.09088,-0.83338,-0.54517,0.99911,0.0,0.0,nan,0.0,0.0212,0.06871,16.64067,1.97257,0.22223,0.38459,0.49241,0.89854,0.50695,0.49241
-4.99169,4.16588,11.83575,0.04688,-0.70762,0.70504,0.98486,0.0,0.0,nan,0.0,0.00378,0.06217,12.44654,1.65516,0.23579,0.41216,0.86023,0.26486,0.60417,0.86023
-5.03831,5.08281,12.59464,0.03466,-0.49158,0.87014,0.96761,0.0,0.0,nan,0.0,0.02779,0.18311,8.04978,2.18543,0.23095,0.77715,0.77442,0.26451,0.45758,0.77442
-5.04243,6.97686,-5.36027,-0.12204,-0.506,-0.85386,0.99791,0.0,0.0,nan,0.0,0.0289,0.07564,16.0261,1.70135,0.22163,0.56936,0.56527,0.7548,0.58777,0.56527
-5.00704,7.05582,13.24342,0.02719,-0.17412,0.98435,0.99582,0.0,0.0,nan,0.0,0.00857,0.02123,14.8281,1.71154,0.23927,0.64939,0.72539,0.70525,0.58427,0.72539
-5.02656,9.13315,-6.80097,-0.18393,-0.49332,-0.85018,0.98864,0.0,0.0,nan,0.0,0.00876,0.02282,15.59545,1.77896,0.23853,0.4531,0.56645,0.95642,0.56213,0.56645
-5.2405,8.29541,-5.91732,-0.18224,-0.50243,-0.84519,0.99751,0.0,0.0,nan,0.0,0.0192,0.03903,14.36897,2.02534,0.24067,0.59359,0.69926,0.94416,0.49374,0.69926
-4.99052,8.90239,13.31139,-0.00235,-0.11576,0.99327,0.99901,0.0,0.0,nan,0.0,0.00931,0.02204,12.84332,3.37446,0.25219,0.71106,0.61583,0.68639,0.29634,0.61583
-4.39873,11.97445,-8.03255,-0.1077,-0.56465,-0.81827,0.99093,0.0,0.0,nan,0.0,0.00806,0.04907,14.67125,1.97185,0.23144,0.58355,0.86421,0.50412,0.50714,0.86421
-5.02367,11.10133,-7.39067,-0.14519,-0.48908,-0.86007,0.99422,0.0,0.0,nan,0.0,0.01282,0.03319,14.37843,1.66038,0.23885,0.55267,0.40278,0.79627,0.60227,0.40278
-4.97127,11.1061,13.66286,-0.03903,0.04466,0.99824,0.98735,0.0,0.0,nan,0.0,0.00553,0.02112,14.94517,2.17806,0.23213,0.45014,0.4649,0.6592,0.45912,0.4649
-4.64111,13.85959,-10.08284,-0.15184,-0.48359,-0.86202,0.96432,0.0,0.0,nan,0.0,0.01277,0.04469,15.06864,1.69579,0.23186,0.52031,0.49799,0.62219,0.5897,0.49799
-5.00987,12.93424,-9.04201,-0.13886,-0.66598,-0.73293,0.99801,0.0,0.0,nan,0.0,0.01771,0.06195,14.26965,1.72341,0.23647,0.56919,0.66878,0.57259,0.58024,0.66878
-5.65191,12.0783,-7.952,-0.13611,-0.57034,-0.81005,0.99183,0.0,0.0,nan,0.0,0.00945,0.03195,11.6331,2.37365,0.23654,0.45386,0.43354,0.76337,0.42129,0.43354
-5.01814,13.04196,13.1568,-0.06689,-0.04214,0.99687,0.99183,0.0,0.0,nan,0.0,0.00821,0.01897,18.17969,1.75482,0.23324,0.48223,0.3483,0.99602,0.56986,0.3483
-5.01784,14.92264,-10.61783,-0.1586,-0.30247,-0.93987,0.9702,0.0,0.0,nan,0.0,0.00427,0.01489,10.69822,2.87179,0.23119,0.52031,0.4182,0.65415,0.34822,0.4182
-4.9521,14.85583,13.75375,-0.0545,-0.16312,0.9851,0.99542,0.0,0.0,nan,0.0,0.00575,0.02246,14.42084,2.05237,0.23353,0.47699,0.66785,0.61067,0.48724,0.66785
-5.00782,16.78295,-10.66833,-0.1236,-0.23271,-0.96466,0.95037,0.0,0.0,nan,0.0,0.00293,0.01364,9.56634,3.40865,0.2449,0.59386,0.86256,0.68271,0.29337,0.86256
-5.00978,17.02986,13.82597,-0.07153,0.08976,0.99339,0.99392,0.0,0.0,nan,0.0,0.00716,0.03403,9.02796,3.02247,0.23419,0.7575,0.69462,0.33951,0.33086,0.69462
-4.99083,19.09617,-11.45644,-0.08424,-0.09503,-0.9919,0.93084,0.0,0.0,nan,0.0,0.01195,0.03892,14.21608,2.3701,0.22156,0.74115,0.76027,0.4888,0.42192,0.76027
-4.96854,18.99035,13.23765,-0.08863,0.09377,0.99164,0.99492,0.0,0.0,nan,0.0,0.00432,0.01092,8.78213,3.44002,0.25323,0.62425,0.59209,0.77842,0.2907,0.59209
-4.96604,21.10627,-11.11442,-0.04454,-0.09882,-0.99411,0.94798,0.0,0.0,nan,0.0,0.00555,0.01859,20.39509,1.70931,0.24105,0.40565,0.69335,0.80757,0.58503,0.69335
-4.96438,21.03607,13.59454,-0.11039,0.02771,0.9935,0.99632,0.0,0.0,nan,0.0,0.00626,0.01654,11.75911,3.37883,0.25367,0.67133,0.75942,0.67999,0.29596,0.75942
-4.7898,23.6368,-12.1235,-0.07023,-0.33923,-0.93808,0.99083,0.0,0.0,nan,0.0,0.01172,0.04666,23.17598,1.84205,0.25078,0.62247,0.76555,0.46139,0.54287,0.76555
-4.99562,22.79184,-11.44806,-0.0526,-0.34217,-0.93816,0.96841,0.0,0.0,nan,0.0,0.00564,0.03423,30.27585,1.73407,0.23756,0.69763,0.90562,0.5015,0.57668,0.90562
-5.00543,22.95635,13.19186,-0.12839,0.13092,0.98304,0.99313,0.0,0.0,nan,0.0,0.00902,0.03576,19.34347,2.04522,0.24366,0.52492,0.67934,0.53042,0.48894,0.67934
-5.02643,25.0233,-12.53291,-0.05655,-0.13229,-0.9896,0.98745,0.0,0.0,nan,0.0,0.01253,0.0292,19.96877,1.63811,0.24025,0.59632,0.44996,0.79138,0.61046,0.44996
-4.98459,25.00943,13.02623,-0.08753,-0.06699,0.99391,0.99731,0.0,0.0,nan,0.0,0.00698,0.01914,18.55683,2.03115,0.23501,0.40383,0.48805,1.0,0.49233,0.48805
-4.99235,27.08243,-12.23514,-0.03417,-0.14339,-0.98908,0.96751,0.0,0.0,nan,0.0,0.00868,0.02162,20.04,1.63811,0.23049,0.44966,0.58971,0.98212,0.61046,0.58971
-5.11659,26.51685,-11.94941,-0.02977,-0.07632,-0.99664,0.94958,0.0,0.0,nan,0.0,0.0065,0.01896,18.50227,1.83634,0.23764,0.4017,0.32749,0.94617,0.54456,0.32749
-4.95056,27.02273,13.50605,-0.10798,0.00809,0.99412,0.98834,0.0,0.0,nan,0.0,0.00709,0.01596,18.44533,2.85676,0.23743,0.53467,0.38962,0.92117,0.35005,0.38962
-5.00633,29.02183,-13.07598,-0.0477,-0.27021,-0.96162,0.99213,0.0,0.0,nan,0.0,0.01307,0.0346,17.84191,1.72393,0.23946,0.6025,0.59072,0.69757,0.58007,0.59072
-5.03232,29.03215,13.21475,-0.10882,-0.02709,0.99369,0.99472,0.0,0.0,nan,0.0,0.00551,0.01328,16.98597,1.80192,0.23881,0.46667,0.36016,0.99339,0.55496,0.36016
-5.09079,30.98017,-13.29813,-0.07463,-0.04094,-0.99637,0.99402,0.0,0.0,nan,0.0,0.01215,0.02881,18.27039,1.8964,0.23517,0.59396,0.49944,0.78743,0.52732,0.49944
-4.94901,30.85612,13.60522,-0.07148,-0.17396,0.98215,0.99263,0.0,0.0,nan,0.0,0.00944,0.02416,16.83343,2.05318,0.23738,0.52006,0.26156,0.84015,0.48705,0.26156
-4.92424,33.01147,-13.27843,-0.14217,-0.15323,-0.97791,0.99004,0.0,0.0,nan,0.0,0.01215,0.03161,20.36629,2.40658,0.23783,0.57477,0.39106,0.73437,0.41553,0.39106
-4.96185,33.00818,13.77638,-0.07895,0.03771,0.99617,0.98575,0.0,0.0,nan,0.0,0.01318,0.0307,19.20041,1.63811,0.25068,0.57159,0.53981,0.82919,0.61046,0.53981
-4.60281,35.13856,-14.14927,-0.12632,0.05771,-0.99031,0.97429,0.0,0.0,nan,0.0,0.00725,0.02288,17.33639,1.75317,0.24366,0.50406,0.76853,0.74556,0.5704,0.76853
-5.21612,34.78305,-13.99922,-0.14695,-0.02367,-0.98886,0.96911,0.0,0.0,nan,0.0,0.00621,0.02483,17.88011,1.82991,0.23723,0.45864,0.72028,0.60586,0.54647,0.72028
-4.97579,35.07636,13.38608,-0.01493,-0.04694,0.99879,0.99422,0.0,0.0,nan,0.0,0.00856,0.02085,20.51984,1.63811,0.24283,0.53697,0.51026,0.83922,0.61046,0.51026
-5.1195,36.87531,-13.16215,-0.07632,0.12409,-0.98933,0.97878,0.0,0.0,nan,0.0,0.00621,0.01985,18.38055,1.63811,0.24652,0.37166,0.40118,0.93349,0.61046,0.40118
-4.94896,36.64359,13.88105,-0.01502,-0.18357,0.98289,0.99632,0.0,0.0,nan,0.0,0.00414,0.01983,15.98642,1.72309,0.23524,0.47708,0.48025,0.49254,0.58035,0.48025
-4.59499,37.66388,14.05728,-0.05384,-0.17547,0.98301,0.99173,0.0,0.0,nan,0.0,0.00399,0.0329,11.91251,1.75284,0.25121,0.45059,0.47519,0.31418,0.5705,0.47519
-4.968,38.98661,-13.53179,-0.12731,-0.018,-0.9917,0.99871,0.0,0.0,nan,0.0,0.0141,0.03804,21.21305,1.87284,0.23843,0.54651,0.75623,0.75713,0.53395,0.75623
-5.54223,39.14343,13.95617,-0.13078,0.04926,0.99019,0.99711,0.0,0.0,nan,0.0,0.00663,0.0211,8.62222,2.5537,0.22618,0.69361,0.6264,0.55832,0.39159,0.6264
-4.66665,38.88654,14.11467,-0.1191,0.01999,0.99268,0.98755,0.0,0.0,nan,0.0,0.00858,0.05097,8.96493,2.90101,0.22776,0.75804,0.78463,0.30538,0.34471,0.78463
-5.00449,41.01715,-13.30422,-0.11526,0.05732,-0.99168,0.99642,0.0,0.0,nan,0.0,0.00734,0.02307,18.73854,1.82694,0.23122,0.36216,0.36684,0.97205,0.54736,0.36684
-5.07535,41.27207,13.54093,-0.10562,-0.01117,0.99434,0.99632,0.0,0.0,nan,0.0,0.00491,0.01448,10.30978,3.58296,0.24511,0.57986,0.47498,0.69838,0.2791,0.47498
-4.29607,40.3608,14.05172,-0.11982,0.04381,0.99183,0.99821,0.0,0.0,nan,0.0,0.00297,0.00829,7.87884,3.42788,0.2461,0.53824,0.56221,0.83368,0.29173,0.56221
-4.02013,43.98725,-14.01046,-0.15054,-0.04496,-0.98758,0.98525,0.0,0.0,nan,0.0,0.01236,0.03271,18.12246,1.87559,0.24008,0.62258,0.75349,0.68174,0.53316,0.75349
-4.94496,43.01511,-13.31578,-0.12583,-0.0726,-0.98939,0.99343,0.0,0.0,nan,0.0,0.01121,0.03547,19.55418,1.63811,0.24259,0.5166,0.41999,0.67426,0.61046,0.41999
-5.59727,42.85664,13.9995,-0.11627,0.00484,0.99321,0.99592,0.0,0.0,nan,0.0,0.00484,0.01506,15.13732,3.38537,0.25141,0.58797,0.44912,0.61853,0.29539,0.44912
-4.82927,43.00759,14.20308,-0.08916,0.00343,0.99601,0.99373,0.0,0.0,nan,0.0,0.00398,0.01365,15.05602,3.21618,0.23991,0.51714,0.45068,0.63865,0.31093,0.45068
-4.08161,44.39365,-14.01427,-0.15096,-0.01851,-0.98837,0.98785,0.0,0.0,nan,0.0,0.00795,0.02217,17.79673,1.63811,0.24435,0.49097,0.32328,0.81287,0.61046,0.32328
-5.01876,45.11357,-13.63765,-0.13601,0.02783,-0.99032,0.99153,0.0,0.0,nan,0.0,0.00624,0.02105,18.15383,2.22041,0.23528,0.42046,0.39313,0.78244,0.45037,0.39313
-5.04212,44.98509,13.70425,-0.09039,-0.00053,0.99591,0.99671,0.0,0.0,nan,0.0,0.01078,0.02553,18.88881,1.69478,0.23855,0.50245,0.62585,0.92947,0.59005,0.62585
-5.04942,46.93542,-13.24915,-0.17017,-0.07133,-0.98283,0.99173,0.0,0.0,nan,0.0,0.00836,0.02661,18.62935,1.78257,0.24209,0.46164,0.6409,0.75335,0.56099,0.6409
-4.97515,46.30399,13.75581,-0.05286,-0.06713,0.99634,0.99482,0.0,0.0,nan,0.0,0.00849,0.02526,20.00178,1.75212,0.23694,0.40693,0.46097,0.90813,0.57074,0.46097
-4.9979,47.31656,14.21592,-0.07193,-0.01895,0.99723,0.98655,0.0,0.0,nan,0.0,0.007,0.02192,17.91139,1.63811,0.23513,0.37423,0.53199,0.94883,0.61046,0.53199
-4.42989,49.12704,-14.12035,-0.1609,0.03562,-0.98633,0.96712,0.0,0.0,nan,0.0,0.00745,0.0251,18.44019,2.16857,0.23506,0.47999,0.46327,0.68549,0.46113,0.46327
-5.34315,48.77698,-13.89035,-0.17663,-0.06093,-0.98239,0.98685,0.0,0.0,nan,0.0,0.00967,0.04212,20.30793,1.83567,0.23616,0.55159,0.68009,0.45731,0.54476,0.68009
-5.11785,49.21429,13.70071,-0.05978,0.04656,0.99713,0.99373,0.0,0.0,nan,0.0,0.0054,0.0275,23.94957,1.84044,0.23645,0.57177,0.84678,0.53898,0.54335,0.84678
-4.73329,48.36836,14.09855,-0.08401,0.05352,0.99503,0.99622,0.0,0.0,nan,0.0,0.00495,0.04038,21.30636,2.8352,0.24705,0.67032,0.86699,0.31983,0.35271,0.86699
-4.09168,50.00859,-14.01559,-0.11302,0.13833,-0.98392,0.98316,0.0,0.0,nan,0.0,0.0078,0.01984,17.85582,1.94902,0.23122,0.48125,0.63067,0.90871,0.51308,0.63067
-4.9143,50.92099,-13.09322,-0.14051,0.15783,-0.97742,0.99034,0.0,0.0,nan,0.0,0.01397,0.02834,18.41236,2.1823,0.23966,0.60388,0.62494,0.90505,0.45823,0.62494
-4.96937,50.79442,13.42417,-0.0241,-0.0184,0.99954,0.98147,0.0,0.0,nan,0.0,0.00635,0.01617,22.59662,1.84582,0.24488,0.47056,0.63551,0.90874,0.54177,0.63551
-5.0349,51.3764,14.32119,-0.02189,-0.00629,0.99974,0.9725,0.0,0.0,nan,0.0,0.00581,0.01483,23.37804,2.55412,0.23379,0.5038,0.78984,0.96662,0.39152,0.78984
-4.97362,53.02243,-13.27756,-0.15841,0.02015,-0.98717,0.99612,0.0,0.0,nan,0.0,0.01022,0.02952,21.5544,1.63811,0.24787,0.48218,0.44023,0.78414,0.61046,0.44023
-4.92964,53.2659,13.55269,-0.05947,0.11831,0.99119,0.98914,0.0,0.0,nan,0.0,0.00742,0.02339,24.54181,3.50697,0.24001,0.55013,0.58729,0.62387,0.28515,0.58729
-5.08665,52.63588,14.35275,-0.04396,0.1016,0.99385,0.9429,0.0,0.0,nan,0.0,0.00809,0.03214,28.60664,1.85029,0.23228,0.65332,0.80565,0.50141,0.54045,0.80565
-4.99899,55.08362,-13.32768,-0.09175,0.18381,-0.97867,0.98894,0.0,0.0,nan,0.0,0.0073,0.01925,16.79554,1.63811,0.24178,0.46642,0.63967,0.90955,0.61046,0.63967
-5.05945,54.98523,13.38914,-0.05295,-0.01926,0.99841,0.98605,0.0,0.0,nan,0.0,0.00651,0.01544,20.6158,1.87504,0.2434,0.46421,0.5603,0.99626,0.53332,0.5603
-4.9699,57.06022,-12.41971,-0.09685,0.11254,-0.98892,0.98705,0.00196,0.0098,0.7,1.0,0.00897,0.02529,17.2476,1.85433,0.2243,0.40815,0.35981,0.96958,0.53928,0.35981
-4.95519,57.01461,13.80039,-0.06462,0.09982,0.99291,0.98017,0.0,0.0,nan,0.0,0.00825,0.02239,21.12141,1.80192,0.2386,0.45032,0.36023,0.89614,0.55496,0.36023
-5.14047,56.26467,14.02734,-0.03959,-0.01582,0.99909,0.95835,0.0,0.0,nan,0.0,0.01056,0.02609,20.4469,2.05203,0.24219,0.4875,0.47113,0.91193,0.48732,0.47113
-5.02866,58.97949,-12.5423,-0.17015,0.03787,-0.98469,0.99881,0.01186,0.05932,0.7,1.0,0.00801,0.02706,14.70131,1.99792,0.22741,0.39429,0.39676,0.85314,0.50052,0.39676
-4.98731,58.97148,13.13402,-0.13443,0.13631,0.9815,0.98924,0.0,0.0,nan,0.0,0.01631,0.03632,24.05253,1.64206,0.24467,0.57326,0.7174,0.84867,0.60899,0.7174
-4.9853,61.05077,-12.59442,-0.15922,0.21508,-0.96353,0.98974,0.0,0.0,nan,0.0,0.00748,0.02762,15.29154,1.63811,0.23881,0.51664,0.54455,0.59268,0.61046,0.54455
-5.7979,61.91232,-11.94788,-0.22056,0.21544,-0.95128,0.99801,0.0,0.0,nan,0.0,0.00789,0.02362,16.92327,1.70191,0.23684,0.56973,0.48326,0.65552,0.58758,0.48326
-4.9977,60.85303,13.39062,-0.07115,0.0126,0.99739,0.99333,0.0,0.0,nan,0.0,0.01036,0.02151,24.49458,1.86179,0.2394,0.58583,0.52841,0.88904,0.53712,0.52841
-4.78785,62.95239,-12.24109,-0.14245,0.14243,-0.9795,0.99213,0.0,0.0,nan,0.0,0.0077,0.02209,15.61747,1.71029,0.24459,0.55877,0.53433,0.70362,0.5847,0.53433
-5.36539,63.12649,-11.9668,-0.20316,0.13067,-0.97039,0.99452,0.0,0.0,nan,0.0,0.00753,0.02391,16.42072,1.63811,0.23898,0.60733,0.53651,0.58188,0.61046,0.53651
-5.0309,62.83802,12.65802,-0.06872,0.14686,0.98677,0.99323,0.0,0.0,nan,0.0,0.01727,0.04022,22.59585,2.39334,0.23096,0.61911,0.37574,0.7551,0.41783,0.37574
-4.50547,64.75523,-12.1345,-0.14787,0.09287,-0.98464,0.99093,0.0,0.0,nan,0.0,0.00479,0.02588,17.32866,1.63811,0.2509,0.42624,0.55285,0.4842,0.61046,0.55285
-5.33345,65.09852,-11.9067,-0.21378,0.11813,-0.96971,0.99402,0.0,0.0,nan,0.0,0.0063,0.03404,15.71064,2.03497,0.22745,0.4849,0.68586,0.43022,0.49141,0.68586
-4.98872,64.95692,12.64862,-0.04338,0.01359,0.99897,0.99482,0.0,0.0,nan,0.0,0.00623,0.02381,20.99194,2.04569,0.22782,0.41312,0.35883,0.69415,0.48883,0.35883
-4.99822,66.90076,-11.44069,-0.19103,0.13169,-0.97271,0.99811,0.0,0.0,nan,0.0,0.00725,0.03542,15.11013,1.67555,0.23608,0.44837,0.62535,0.51665,0.59682,0.62535
-4.97186,67.01055,12.88101,-0.00732,0.02672,0.99962,0.99791,0.0,0.0,nan,0.0,0.00815,0.03995,16.44213,2.20505,0.22833,0.61503,0.85451,0.55877,0.4535,0.85451
-4.91856,68.95573,-11.40876,-0.19294,0.08175,-0.9778,0.99522,0.0,0.0,nan,0.0,0.00591,0.03635,12.92324,1.63811,0.2335,0.57909,0.78054,0.35958,0.61046,0.78054
-4.97598,68.96529,12.60268,-0.03397,-0.00316,0.99942,0.99901,0.0,0.0,nan,0.0,0.00487,0.01822,13.14427,1.84406,0.24057,0.57472,0.72331,0.53549,0.54228,0.72331
-4.9568,70.96331,-11.07117,-0.16312,0.16725,-0.97233,0.99343,0.0,0.0,nan,0.0,0.01691,0.05031,6.64624,1.91375,0.22749,0.53077,0.54625,0.82384,0.52253,0.54625
-4.94009,71.00563,12.88531,-0.03004,-0.02405,0.99926,0.99582,0.0,0.0,nan,0.0,0.00482,0.02132,16.04922,1.69162,0.23342,0.46468,0.48739,0.54712,0.59115,0.48739
-5.00631,72.96339,-10.68117,-0.14019,0.21548,-0.96639,0.99103,0.0,0.0,nan,0.0,0.01784,0.04933,7.38071,1.95626,0.2338,0.47745,0.72501,0.96266,0.51118,0.72501
-4.96903,73.05588,12.90782,-0.04046,-0.00703,0.99916,0.99811,0.0,0.0,nan,0.0,0.0058,0.02538,18.03886,1.83289,0.22702,0.40537,0.42376,0.62587,0.54559,0.42376
-4.86941,74.87804,-10.22383,-0.13453,0.25977,-0.95625,0.99452,0.0,0.0,nan,0.0,0.0135,0.05585,9.56722,2.36348,0.23086,0.53156,0.87263,0.90464,0.4231,0.87263
-5.38303,75.77013,-9.87501,-0.13843,0.28931,-0.94717,0.98635,0.0,0.0,nan,0.0,0.01086,0.06945,10.44458,1.71489,0.23071,0.50622,0.92545,0.8395,0.58313,0.92545
-4.96257,74.87598,13.00538,-0.03255,-0.09933,0.99452,0.99781,0.0,0.0,nan,0.0,0.00397,0.01592,17.30102,2.04836,0.22103,0.48293,0.62896,0.57557,0.4882,0.62896
-4.95666,76.94294,-9.56865,-0.1367,0.33388,-0.93265,0.99343,0.0,0.0,nan,0.0,0.00893,0.06233,9.96842,1.73014,0.23136,0.54336,0.92766,0.73337,0.57799,0.92766
-5.00071,77.02153,13.11696,-0.01479,0.04397,0.99892,0.99024,0.0,0.0,nan,0.0,0.0037,0.0175,15.42874,1.89721,0.23455,0.58307,0.80416,0.49572,0.52709,0.80416
-4.96294,79.05008,-8.69864,-0.13443,0.43272,-0.89145,0.99333,0.0,0.0,nan,0.0,0.0148,0.04101,5.85623,1.68705,0.23744,0.50712,0.6619,0.95494,0.59275,0.6619
-4.97454,78.96337,12.87517,-0.05051,0.17432,0.98339,0.99392,0.0,0.0,nan,0.0,0.00214,0.01717,10.37606,1.65558,0.2385,0.55484,0.82514,0.35301,0.60402,0.82514
-4.79884,80.22511,-8.14254,-0.13127,0.48522,-0.86448,0.99373,0.0,0.0,nan,0.0,0.01024,0.03056,5.8186,2.84965,0.23417,0.47052,0.5864,0.95666,0.35092,0.5864
-5.01492,81.16884,-7.49188,-0.13497,0.52005,-0.84341,0.99701,0.0,0.0,nan,0.0,0.01052,0.03745,5.72975,2.97488,0.23206,0.4064,0.32727,0.93247,0.33615,0.32727
-5.30284,81.80172,11.90117,-0.1205,0.49622,0.85979,0.98545,0.0,0.0,nan,0.0,0.02162,0.09878,5.16148,2.10043,0.23566,0.46082,0.64032,0.65891,0.47609,0.64032
-4.9507,80.85349,12.36638,-0.09355,0.33286,0.93832,0.98894,0.0,0.0,nan,0.0,0.00263,0.02323,8.72573,1.78744,0.23409,0.601,0.8045,0.27999,0.55946,0.8045
-4.9575,82.69797,-6.52244,-0.13134,0.60335,-0.78659,0.99741,0.0,0.0,nan,0.0,0.01378,0.05439,6.92189,2.19227,0.22713,0.4233,0.51035,0.7712,0.45615,0.51035
-5.0915,83.63653,-5.71291,-0.11092,0.69934,-0.70613,0.99731,0.0,0.0,nan,0.0,0.00886,0.06275,9.67369,1.99068,0.22604,0.40642,0.71077,0.41944,0.50234,0.71077
-5.11615,83.90311,9.80562,-0.08995,0.83935,0.5361,0.99074,0.0,0.0,nan,0.0,0.00287,0.04476,7.74393,2.49673,0.22528,0.41411,0.79538,0.22807,0.40052,0.79538
-5.00892,83.05,11.03961,-0.11048,0.69846,0.70707,0.98087,0.0,0.0,nan,0.0,0.01919,0.09751,4.15232,1.75248,0.24473,0.33579,0.52673,0.86829,0.57062,0.52673
-4.95985,84.52747,-4.76744,-0.08488,0.82282,-0.56193,0.99402,0.0,0.0,nan,0.0,0.00952,0.0824,10.05297,1.91014,0.22761,0.39435,0.75834,0.36081,0.52352,0.75834
-4.95394,85.34053,-2.9973,-0.05296,0.93571,-0.34878,0.99751,0.00067,0.00333,0.6,1.0,0.01683,0.10273,7.30853,1.88268,0.23234,0.31983,0.70525,0.65244,0.53116,0.70525
-5.03059,85.83794,-1.15744,-0.03206,0.97922,-0.20024,0.99652,0.00475,0.02373,0.7,1.0,0.01483,0.09812,6.60083,2.34674,0.22659,0.25932,0.77063,0.81319,0.42612,0.77063
-5.42013,85.95877,3.52405,-0.04515,0.9927,0.11182,0.99691,0.0,0.0,nan,0.0,0.01459,0.10025,8.05421,1.85352,0.20464,0.3841,0.54502,0.4729,0.53951,0.54502
-5.00798,85.77953,5.08984,-0.03555,0.97824,0.20442,0.99701,0.00392,0.01959,0.7,1.0,0.01481,0.10714,8.32574,1.91084,0.21606,0.32102,0.4261,0.53421,0.52333,0.4261
-5.02139,85.205,7.00502,-0.03923,0.93912,0.34134,0.99711,0.00249,0.01243,0.7,1.0,0.00907,0.06534,11.21378,1.987,0.21244,0.34269,0.43345,0.47706,0.50327,0.43345
-5.00003,84.37965,8.87479,-0.07052,0.888,0.4544,0.99213,0.0,0.0,nan,0.0,0.00314,0.0467,8.5258,2.52818,0.22882,0.4039,0.81336,0.25782,0.39554,0.81336
-4.75772,86.03339,-0.218,-0.02203,0.99164,-0.12717,0.99821,0.01427,0.07136,0.7,1.0,0.01424,0.09754,6.68931,2.33773,0.22296,0.23006,0.70337,0.82406,0.42777,0.70337
-5.01136,86.11806,0.97594,-0.024,0.99875,-0.04379,0.99751,0.0,0.0,nan,0.0,0.0159,0.09715,5.6666,1.9347,0.21246,0.22146,0.45758,1.0,0.51688,0.45758
-4.84599,86.03157,2.76976,-0.03138,0.99722,0.0676,0.99811,0.00603,0.03016,0.6,1.0,0.02535,0.1119,6.37574,1.67689,0.2194,0.33586,0.62605,0.88621,0.59634,0.62605
-4.1835,86.00021,4.05798,-0.02561,0.99001,0.13867,0.99592,0.0,0.0,nan,0.0,0.01909,0.11285,7.29835,2.17495,0.20778,0.35012,0.4346,0.61567,0.45978,0.4346
-2.90597,1.45982,1.44455,-0.12652,-0.86056,-0.49338,0.98177,0.0,0.0,nan,0.0,0.00293,0.06401,38.87042,1.88096,0.23953,0.84215,0.96733,0.18761,0.53164,0.96733
-2.91353,0.78403,3.0006,-0.13408,-0.97793,-0.16023,0.96702,0.0,0.0,nan,0.0,0.0074,0.01894,20.99069,1.70897,0.23225,0.47216,0.41013,0.90696,0.58515,0.41013
-2.98794,1.03713,4.96465,-0.06068,-0.99404,0.09056,0.99771,0.0,0.0,nan,0.0,0.00663,0.01783,15.87648,1.99913,0.23462,0.52157,0.50429,0.80316,0.50022,0.50429
-2.96923,1.42666,6.93771,-0.03808,-0.93239,0.35945,0.98974,0.0,0.0,nan,0.0,0.01686,0.04927,14.61005,2.54495,0.2383,0.60273,0.35955,0.6457,0.39293,0.35955
-2.21049,1.92867,8.1606,-0.00194,-0.85228,0.52309,0.99662,0.0,0.0,nan,0.0,0.00698,0.02371,17.20131,1.65654,0.23578,0.52382,0.6754,0.62759,0.60367,0.6754
-2.80539,3.58395,-2.57095,-0.14032,-0.86343,-0.48456,0.99143,0.0,0.0,nan,0.0,0.018,0.04964,15.9742,2.332,0.22723,0.44335,0.67314,0.92034,0.42882,0.67314
-3.02323,3.21216,-1.01779,-0.1052,-0.89143,-0.44078,0.99921,0.0,0.0,nan,0.0,0.01681,0.04452,16.59105,1.87861,0.23139,0.45197,0.66429,0.93627,0.53231,0.66429
-3.09846,2.37918,0.56361,-0.08525,-0.82838,-0.55364,0.99731,0.0,0.0,nan,0.0,0.02907,0.0668,14.83493,2.2244,0.23047,0.55559,0.74284,0.88882,0.44956,0.74284
-3.26031,2.13958,7.81475,-0.00824,-0.87314,0.48739,0.99592,0.0,0.0,nan,0.0,0.0214,0.05418,13.50934,1.89205,0.23482,0.62058,0.43372,0.73063,0.52853,0.43372
-3.01985,2.84232,8.94664,0.01589,-0.86563,0.50043,0.99373,0.0,0.0,nan,0.0,0.00543,0.02268,15.49799,1.85584,0.24618,0.42759,0.80124,0.75682,0.53884,0.80124
-2.99648,3.48944,10.83926,0.02948,-0.82619,0.56263,0.99233,0.0,0.0,nan,0.0,0.008,0.03307,13.56555,1.86671,0.24153,0.43071,0.67594,0.64483,0.5357,0.67594
-3.01461,5.34456,-4.56082,-0.0776,-0.64113,-0.7635,0.98914,0.0,0.0,nan,0.0,0.01285,0.06361,12.77202,1.74952,0.21805,0.44402,0.60244,0.52609,0.57158,0.60244
-3.11449,4.38296,-3.36342,-0.132,-0.79127,-0.59705,0.99392,0.0,0.0,nan,0.0,0.01449,0.05648,15.22478,1.91373,0.22192,0.43861,0.41095,0.66164,0.52254,0.41095
-2.95337,4.17483,11.7596,0.04664,-0.69253,0.71988,0.9711,0.0,0.0,nan,0.0,0.00807,0.06417,20.43444,2.59794,0.23923,0.69179,0.89102,0.36375,0.38492,0.89102
-2.98233,5.1455,12.53267,0.08499,-0.46932,0.87893,0.96602,0.0,0.0,nan,0.0,0.00229,0.02746,14.60649,1.80192,0.22338,0.49345,0.84968,0.28205,0.55496,0.84968
-3.03791,6.95839,-5.54017,-0.02434,-0.50941,-0.86018,0.99811,0.0,0.0,nan,0.0,0.01926,0.05545,14.64596,1.73098,0.23413,0.68907,0.54494,0.57286,0.57771,0.54494
-2.85245,6.96839,13.14072,0.12232,-0.16876,0.97804,0.99552,0.0,0.0,nan,0.0,0.00551,0.01961,19.46064,1.63811,0.24041,0.4353,0.71206,0.71221,0.61046,0.71206
-2.99239,9.07538,-6.9631,-0.08811,-0.53073,-0.84295,0.99293,0.0,0.0,nan,0.0,0.01118,0.02097,19.64978,1.84896,0.24592,0.59027,0.6652,0.99509,0.54084,0.6652
-2.84957,8.17714,-5.94195,-0.03708,-0.57138,-0.81985,0.99602,0.0,0.0,nan,0.0,0.01091,0.03251,18.48957,1.84975,0.24479,0.69341,0.85129,0.79335,0.54061,0.85129
-2.96344,8.96265,13.16865,0.09506,-0.16734,0.98131,0.99701,0.0,0.0,nan,0.0,0.00519,0.01669,19.86406,1.68714,0.24315,0.53115,0.63537,0.64391,0.59272,0.63537
-2.47649,11.84616,-8.16101,-0.16193,-0.55523,-0.81578,0.97509,0.0,0.0,nan,0.0,0.01542,0.05484,17.05716,1.89512,0.22827,0.53457,0.7043,0.58763,0.52767,0.7043
-3.0017,11.00988,-7.58016,-0.1395,-0.46106,-0.87634,0.99402,0.0,0.0,nan,0.0,0.00677,0.02124,17.7348,1.63811,0.24839,0.56066,0.73657,0.63294,0.61046,0.73657
-3.02003,11.12914,13.45339,0.0108,-0.02745,0.99956,0.99353,0.0,0.0,nan,0.0,0.00566,0.02069,16.26543,1.92743,0.22751,0.46814,0.3328,0.65582,0.51882,0.3328
-2.86823,13.64712,-10.28281,-0.12364,-0.49117,-0.86225,0.95854,0.0,0.0,nan,0.0,0.01332,0.03349,16.80743,1.66275,0.23533,0.49864,0.43143,0.89284,0.60141,0.43143
-3.04828,12.72372,-9.026,-0.14482,-0.67756,-0.72106,0.99183,0.0,0.0,nan,0.0,0.01712,0.05845,16.73651,1.75716,0.23045,0.57366,0.56676,0.57158,0.5691,0.56676
-3.37929,12.00948,-7.9995,-0.12664,-0.5661,-0.81455,0.96851,0.0,0.0,nan,0.0,0.01107,0.0503,16.97407,1.74245,0.22776,0.51101,0.78276,0.53778,0.57391,0.78276
-3.01708,12.92886,13.57709,0.03236,-0.00518,0.99946,0.99074,0.0,0.0,nan,0.0,0.00728,0.01697,20.07531,1.88578,0.22843,0.52091,0.49262,0.9055,0.53028,0.49262
-3.02086,14.97773,-10.67449,-0.10157,-0.27986,-0.95465,0.98635,0.0,0.0,nan,0.0,0.00318,0.01578,14.6831,3.44002,0.23945,0.51585,0.65903,0.44392,0.2907,0.65903
-2.98503,14.87082,13.64024,0.03841,-0.15942,0.98646,0.99791,0.0,0.0,nan,0.0,0.00639,0.02297,17.90416,1.89503,0.23297,0.59786,0.50706,0.5177,0.52769,0.50706
-3.03606,16.76213,-10.97709,-0.09339,-0.22902,-0.96893,0.96153,0.0,0.0,nan,0.0,0.00446,0.01156,9.2687,3.38957,0.23555,0.56718,0.68115,0.82816,0.29502,0.68115
-3.02433,17.01937,13.96349,-0.03763,0.01861,0.99912,0.98625,0.0,0.0,nan,0.0,0.01604,0.07029,9.23004,1.66316,0.24368,0.73883,0.73418,0.37573,0.60126,0.73418
-2.94245,19.16366,-11.61147,-0.05091,-0.05703,-0.99707,0.9436,0.0,0.0,nan,0.0,0.01146,0.04288,12.86371,1.63811,0.24847,0.6282,0.55648,0.49157,0.61046,0.55648
-3.0471,19.14052,13.56445,-0.07518,0.07897,0.99404,0.99801,0.0,0.0,nan,0.0,0.0047,0.01192,9.60484,3.44002,0.24061,0.6257,0.57299,0.76138,0.2907,0.57299
-2.9853,21.13519,-11.43396,-0.05387,-0.1349,-0.98939,0.96193,0.0,0.0,nan,0.0,0.00753,0.02566,23.46906,1.80381,0.23705,0.50577,0.81094,0.78172,0.55438,0.81094
-3.03672,20.94238,13.7814,-0.0749,0.02507,0.99688,0.99701,0.0,0.0,nan,0.0,0.00643,0.01515,14.01404,1.80192,0.2437,0.64378,0.44734,0.75316,0.55496,0.44734
-3.00504,23.56195,-12.41036,-0.0787,-0.33405,-0.93927,0.97778,0.0,0.0,nan,0.0,0.02188,0.05769,20.21459,1.84134,0.24134,0.71182,0.69779,0.58555,0.54308,0.69779
-2.97519,22.70856,-11.59509,-0.06723,-0.36903,-0.92698,0.9704,0.0,0.0,nan,0.0,0.01691,0.03313,24.22643,1.71041,0.2396,0.6162,0.61935,0.89652,0.58465,0.61935
-2.98573,23.06668,13.52102,-0.08875,0.143,0.98574,0.99711,0.0,0.0,nan,0.0,0.01385,0.03682,16.92958,2.1172,0.22886,0.56581,0.71729,0.74318,0.47232,0.71729
-3.01299,25.00357,-12.95597,-0.06127,-0.11242,-0.99177,0.96881,0.0,0.0,nan,0.0,0.01118,0.02618,22.55709,1.71827,0.23919,0.63994,0.74893,0.72678,0.58198,0.74893
-2.92179,25.03139,13.01865,-0.07,-0.05689,0.99592,0.98515,0.0,0.0,nan,0.0,0.01336,0.02488,20.50571,1.8641,0.2378,0.60382,0.60233,0.97577,0.53645,0.60233
-2.99472,27.05596,-12.40475,-0.05448,-0.14339,-0.98817,0.98177,0.0,0.0,nan,0.0,0.01042,0.02417,19.25675,2.00606,0.22694,0.47581,0.70759,1.0,0.49849,0.70759
-3.0106,27.03989,13.79216,-0.11866,-0.06313,0.99093,0.98535,0.0,0.0,nan,0.0,0.00519,0.0123,16.52246,1.63811,0.2448,0.62741,0.2793,0.75418,0.61046,0.2793
-3.01,28.95308,-13.34755,-0.02683,-0.22084,-0.97494,0.98814,0.0,0.0,nan,0.0,0.0059,0.03426,17.65964,3.37134,0.23993,0.5896,0.86978,0.52697,0.29662,0.86978
-2.97473,28.94997,13.3922,-0.1585,0.02589,0.98702,0.99791,0.0,0.0,nan,0.0,0.00828,0.01911,19.77243,2.88231,0.23859,0.58464,0.40842,0.81572,0.34694,0.40842
-2.91335,31.07392,-13.42204,-0.00112,-0.05937,-0.99824,0.99841,0.0,0.0,nan,0.0,0.01105,0.02867,22.3646,1.75702,0.23683,0.55006,0.54605,0.76345,0.56915,0.54605
-2.96947,31.05023,13.20708,-0.10954,-0.16164,0.98075,0.98715,0.0,0.0,nan,0.0,0.01115,0.02982,21.66853,1.63811,0.23645,0.56249,0.69414,0.72566,0.61046,0.69414
-2.21307,31.87187,14.07352,-0.10518,-0.10032,0.98938,0.97628,0.0,0.0,nan,0.0,0.01084,0.02203,21.64281,1.66651,0.23064,0.67943,0.49291,0.79117,0.60006,0.49291
-2.6312,33.75949,-14.1138,-0.0718,-0.18701,-0.97973,0.9731,0.0,0.0,nan,0.0,0.01284,0.04269,24.0419,1.71178,0.23894,0.59197,0.55242,0.55016,0.58419,0.55242
-2.81879,32.82336,-13.73328,-0.06376,-0.24235,-0.96809,0.99811,0.0,0.0,nan,0.0,0.0094,0.02541,21.86432,1.64835,0.23688,0.55501,0.55647,0.7276,0.60667,0.55647
-3.27793,33.06592,13.65695,-0.09234,0.041,0.99488,0.99313,0.0,0.0,nan,0.0,0.01218,0.03093,21.04052,1.80192,0.237,0.57555,0.42858,0.74944,0.55496,0.42858
-2.39822,32.88188,14.21973,-0.11319,0.01495,0.99346,0.96831,0.0,0.0,nan,0.0,0.01372,0.02992,22.01314,2.13982,0.22189,0.64279,0.30759,0.77851,0.46733,0.30759
-2.98329,35.00339,-14.35415,-0.10305,0.01889,-0.9945,0.95974,0.0,0.0,nan,0.0,0.00844,0.02718,19.5914,1.74142,0.24446,0.53236,0.48974,0.6426,0.57424,0.48974
-3.29521,35.91497,-13.96797,-0.13535,0.10001,-0.98574,0.99422,0.0,0.0,nan,0.0,0.00643,0.01651,15.20767,1.63811,0.2459,0.4839,0.46713,0.91061,0.61046,0.46713
-2.99594,34.95515,13.4043,-0.08048,0.02251,0.9965,0.97937,0.0,0.0,nan,0.0,0.01049,0.02132,22.60064,1.88625,0.23071,0.5387,0.41346,0.99435,0.53015,0.41346
-2.00777,34.01639,14.01578,-0.13865,0.09965,0.98532,0.99233,0.0,0.0,nan,0.0,0.01595,0.04002,22.27596,1.83226,0.24483,0.58307,0.33116,0.74506,0.54577,0.33116
-2.13593,37.40472,-14.00391,-0.13261,-0.01901,-0.99099,0.99373,0.0,0.0,nan,0.0,0.01141,0.03233,25.67575,1.68511,0.24296,0.67541,0.7447,0.56318,0.59343,0.7447
-3.00506,36.95295,-13.40096,-0.15494,0.06942,-0.98548,0.97828,0.0,0.0,nan,0.0,0.01661,0.03939,17.7984,1.92282,0.22893,0.69216,0.57379,0.67766,0.52007,0.57379
-3.1342,36.42267,13.55845,-0.05455,-0.20045,0.97818,0.99074,0.0,0.0,nan,0.0,0.00533,0.02157,20.90949,3.02425,0.24456,0.47481,0.48178,0.5697,0.33066,0.48178
-2.9058,37.41101,14.15473,-0.0831,-0.24823,0.96513,0.99223,0.0,0.0,nan,0.0,0.00407,0.02399,14.42518,1.81018,0.24204,0.47674,0.46779,0.4053,0.55243,0.46779
-2.41781,39.1986,-14.12646,-0.18758,-0.01005,-0.9822,0.99083,0.0,0.0,nan,0.0,0.01317,0.04394,19.2921,1.95066,0.22835,0.53449,0.80077,0.73897,0.51265,0.80077
-3.37048,38.97062,-13.79698,-0.20313,-0.0328,-0.9786,0.99891,0.00056,0.0028,0.7,1.0,0.01666,0.08664,17.02399,1.66921,0.2365,0.68731,0.87996,0.53536,0.59909,0.87996
-2.98039,38.98696,14.28872,-0.14291,-0.00546,0.98972,0.98486,0.0,0.0,nan,0.0,0.01017,0.06867,8.78881,1.63811,0.25161,0.78991,0.83186,0.31191,0.61046,0.83186
-2.22284,40.0331,-14.01674,-0.19261,0.07701,-0.97825,0.99542,0.0,0.0,nan,0.0,0.01461,0.04487,16.12771,1.89531,0.23204,0.4223,0.51764,0.86683,0.52762,0.51764
-3.03974,40.98235,-13.62586,-0.18927,0.07926,-0.97872,0.99662,0.0,0.0,nan,0.0,0.0089,0.02442,18.19671,1.68635,0.23453,0.40619,0.5455,0.99539,0.593,0.5455
-3.1147,41.39476,13.59357,-0.10701,0.02456,0.99395,0.98505,0.0,0.0,nan,0.0,0.00293,0.01574,10.6625,3.40783,0.23598,0.74059,0.854,0.44738,0.29344,0.854
-2.85947,40.59837,14.19441,-0.13434,0.06305,0.98893,0.99751,0.0,0.0,nan,0.0,0.00246,0.00753,7.88366,3.49951,0.24787,0.59819,0.68228,0.68563,0.28575,0.68228
-2.92091,43.74265,-14.03794,-0.1599,-0.05054,-0.98584,0.99562,0.0,0.0,nan,0.0,0.00893,0.02567,19.1568,1.69309,0.23825,0.54174,0.74706,0.7095,0.59063,0.74706
-2.98212,42.87284,-13.38699,-0.17703,-0.05893,-0.98244,0.99064,0.0,0.0,nan,0.0,0.00696,0.02101,18.07105,2.71892,0.23845,0.41745,0.57012,0.88091,0.36779,0.57012
-2.87647,42.11577,13.99605,-0.09802,0.02777,0.9948,0.99891,0.0,0.0,nan,0.0,0.00207,0.00664,10.00978,2.53473,0.23739,0.48437,0.44019,0.77429,0.39452,0.44019
-2.98879,43.00114,14.35353,-0.08896,0.00923,0.99599,0.99592,0.0,0.0,nan,0.0,0.00359,0.01094,13.02918,1.80192,0.24074,0.56253,0.3143,0.67212,0.55496,0.3143
-2.9814,44.54237,-14.09055,-0.16277,-0.03361,-0.98609,0.99572,0.0,0.0,nan,0.0,0.00628,0.01761,17.2443,1.86674,0.23192,0.47006,0.63784,0.84735,0.53569,0.63784
-2.95657,45.27378,-13.5099,-0.17745,-0.0286,-0.98371,0.99761,0.0,0.0,nan,0.0,0.00413,0.01483,16.66671,1.90203,0.23141,0.37985,0.36418,0.8222,0.52575,0.36418
-3.15842,45.00172,13.74875,-0.08107,0.04979,0.99546,0.98695,0.0,0.0,nan,0.0,0.01183,0.02635,18.42833,1.69584,0.23854,0.5495,0.4652,0.90524,0.58968,0.4652
-2.43492,45.11988,14.02968,-0.09505,0.04987,0.99422,0.99871,0.0,0.0,nan,0.0,0.01368,0.02943,17.07106,1.78925,0.24182,0.5909,0.65639,0.87901,0.55889,0.65639
-2.56195,47.50875,-14.1017,-0.16993,-0.08794,-0.98152,0.99323,0.0,0.0,nan,0.0,0.00778,0.03423,21.06972,2.22601,0.2212,0.58188,0.55913,0.42755,0.44924,0.55913
-3.1561,46.7822,-13.6801,-0.19797,-0.07975,-0.97696,0.99522,0.0,0.0,nan,0.0,0.00839,0.02968,19.04146,2.19065,0.23265,0.51883,0.67784,0.60204,0.45648,0.67784
-3.04853,46.56132,13.77483,-0.05518,-0.08574,0.99479,0.99662,0.0,0.0,nan,0.0,0.00932,0.02445,17.65904,1.63811,0.24227,0.44819,0.41366,0.94632,0.61046,0.41366
-2.95752,47.35511,14.27436,-0.05271,-0.07317,0.99593,0.98894,0.0,0.0,nan,0.0,0.00601,0.01856,16.93224,1.84987,0.24036,0.43769,0.67605,0.82738,0.54058,0.67605
-2.97266,49.00031,-14.17915,-0.13855,0.09958,-0.98534,0.98027,0.0,0.0,nan,0.0,0.00901,0.03656,17.49169,2.06726,0.23297,0.53381,0.55242,0.51439,0.48373,0.55242
-2.76486,49.89334,-13.99589,-0.09409,0.18458,-0.9783,0.99333,0.0,0.0,nan,0.0,0.00675,0.0214,17.62064,1.97522,0.23322,0.46556,0.43982,0.75437,0.50627,0.43982
-3.21611,49.59719,13.90049,-0.10296,0.06957,0.99225,0.99452,0.0,0.0,nan,0.0,0.007,0.02899,21.93738,1.95258,0.2374,0.49516,0.68221,0.53193,0.51214,0.68221
-2.94196,48.71904,14.21809,-0.09293,0.05469,0.99417,0.98914,0.0,0.0,nan,0.0,0.00976,0.04116,18.99615,3.35717,0.24183,0.6816,0.79087,0.44233,0.29787,0.79087
-3.40976,50.07751,-14.05041,-0.09809,0.16855,-0.9808,0.98785,0.0,0.0,nan,0.0,0.00662,0.01769,18.45329,1.87587,0.22647,0.48467,0.59703,0.85608,0.53308,0.59703
-3.0327,50.88779,-13.43716,-0.07614,0.16482,-0.98338,0.99203,0.0,0.0,nan,0.0,0.00859,0.02119,19.50054,1.89398,0.23438,0.47032,0.56356,0.94972,0.52799,0.56356
-3.06903,50.71576,13.41455,-0.08792,0.01411,0.99603,0.95735,0.0,0.0,nan,0.0,0.00515,0.01839,19.65863,1.7031,0.24914,0.45705,0.56963,0.67497,0.58717,0.56963
-2.8393,51.52449,14.08598,-0.08629,0.00219,0.99627,0.99363,0.0,0.0,nan,0.0,0.00435,0.01482,18.16521,2.51762,0.23529,0.44991,0.41044,0.72488,0.3972,0.41044
-2.96472,53.04356,-13.74387,-0.10284,0.03232,-0.99417,0.98645,0.0,0.0,nan,0.0,0.0103,0.02522,20.56881,1.87902,0.24883,0.57601,0.7357,0.77781,0.53219,0.7357
-3.40307,53.20764,13.68287,-0.09494,0.08795,0.99159,0.99253,0.0,0.0,nan,0.0,0.00829,0.03047,22.58498,2.12768,0.23105,0.54769,0.47398,0.54104,0.47,0.47398
-2.5649,52.71134,14.20547,-0.12403,0.04122,0.99142,0.99562,0.0,0.0,nan,0.0,0.00571,0.0199,18.21465,1.64906,0.23752,0.48676,0.31146,0.65465,0.60641,0.31146
-3.05327,55.15632,-13.33081,-0.05774,0.24175,-0.96862,0.99662,0.0,0.0,nan,0.0,0.00951,0.02266,19.56454,1.86238,0.24118,0.4644,0.68107,0.99578,0.53695,0.68107
-2.97742,55.04002,13.50496,-0.12276,0.00166,0.99244,0.98944,0.0,0.0,nan,0.0,0.01358,0.02969,19.3065,3.39227,0.24948,0.59995,0.40905,0.8416,0.29479,0.40905
-2.07418,55.11733,14.03987,-0.14653,0.03596,0.98855,0.99592,0.0,0.0,nan,0.0,0.00855,0.02114,17.77126,2.86655,0.24242,0.62915,0.65148,0.71513,0.34885,0.65148
-2.91558,56.997,-12.85656,-0.07853,0.0619,-0.99499,0.98884,0.01262,0.06309,0.7,1.0,0.00877,0.02107,20.34895,1.85979,0.23827,0.53437,0.72483,0.85587,0.53769,0.72483
-3.33478,56.90768,13.92148,-0.08561,0.01738,0.99618,0.99044,0.0,0.0,nan,0.0,0.00853,0.01926,21.64145,1.69672,0.24297,0.54756,0.66406,0.88375,0.58937,0.66406
-2.49052,57.09313,14.06516,-0.09178,0.02761,0.9954,0.98954,0.0,0.0,nan,0.0,0.01005,0.01996,22.06395,1.63811,0.23083,0.65525,0.73349,0.83806,0.61046,0.73349
-2.99464,59.00537,-13.09097,-0.11834,-0.00807,-0.99294,0.99093,0.0,0.0,nan,0.0,0.00531,0.02315,14.80525,1.7129,0.24003,0.43276,0.44283,0.6017,0.5838,0.44283
-3.03334,58.8766,13.4713,-0.12353,0.17769,0.9763,0.99881,0.0,0.0,nan,0.0,0.0166,0.03429,26.74515,1.80192,0.23762,0.64695,0.70825,0.80447,0.55496,0.70825
-2.12708,58.03944,14.01249,-0.09114,0.11002,0.98974,0.98834,0.0,0.0,nan,0.0,0.00882,0.02409,20.99408,1.69513,0.2388,0.7185,0.84559,0.80435,0.58992,0.84559
-2.98936,61.11124,-12.74369,-0.08238,0.27414,-0.95815,0.99472,0.0,0.0,nan,0.0,0.00811,0.02641,15.21322,1.71932,0.24181,0.53408,0.40398,0.65073,0.58163,0.40398
-2.09224,61.97654,-11.94208,-0.05614,0.23845,-0.96953,0.96751,0.0,0.0,nan,0.0,0.00711,0.01992,18.36998,1.80761,0.23866,0.46326,0.27972,0.85422,0.55322,0.27972
-3.02328,60.94682,13.16691,-0.0803,0.06204,0.99484,0.99711,0.0,0.0,nan,0.0,0.01574,0.02681,26.5958,1.80192,0.23147,0.64957,0.63901,0.97167,0.55496,0.63901
-2.90547,63.31528,-12.00144,-0.04761,0.08591,-0.99517,0.99293,0.0,0.0,nan,0.0,0.00684,0.01792,15.90914,1.74569,0.24213,0.51138,0.33241,0.84061,0.57284,0.33241
-3.04591,62.84161,-11.61184,-0.04798,0.11929,-0.9917,0.95835,0.0,0.0,nan,0.0,0.0072,0.01682,16.73417,1.6746,0.23897,0.50259,0.38537,0.95326,0.59716,0.38537
-3.02763,62.94401,13.04486,-0.08651,0.11724,0.98933,0.99911,0.0,0.0,nan,0.0,0.01054,0.03668,21.84834,1.63811,0.24346,0.58776,0.46105,0.53372,0.61046,0.46105
-3.03578,65.03299,-12.25005,-0.06041,0.06159,-0.99627,0.99492,0.0,0.0,nan,0.0,0.00652,0.03179,18.15189,1.7519,0.24206,0.43951,0.6221,0.51801,0.57081,0.6221
-3.50078,65.98078,-11.99578,-0.11514,0.12293,-0.98571,0.99632,0.0,0.0,nan,0.0,0.00815,0.03542,16.73354,1.76973,0.23955,0.41666,0.62231,0.61799,0.56506,0.62231
-2.98415,64.92889,12.65546,-0.07855,0.06842,0.99456,0.99622,0.0,0.0,nan,0.0,0.00746,0.02218,20.4663,1.92809,0.22445,0.39949,0.60574,0.92441,0.51865,0.60574
-2.27367,67.32109,-12.04379,-0.08211,0.07809,-0.99356,0.99811,0.0,0.0,nan,0.0,0.00408,0.02757,16.05212,1.90069,0.23021,0.31663,0.32492,0.52573,0.52612,0.32492
-3.01086,66.85163,-11.85055,-0.1061,0.11591,-0.98758,0.99771,0.0,0.0,nan,0.0,0.00508,0.0295,16.26727,2.20721,0.23312,0.3347,0.63003,0.57776,0.45306,0.63003
-2.99614,67.0498,12.66709,-0.03858,0.0427,0.99834,0.99821,0.0,0.0,nan,0.0,0.01301,0.0338,21.31216,1.99118,0.23037,0.51497,0.61253,0.8175,0.50221,0.61253
-3.018,69.0131,-11.81847,-0.1454,0.07883,-0.98623,0.99562,0.0,0.0,nan,0.0,0.00553,0.05745,12.86059,1.85564,0.24344,0.40131,0.41773,0.27704,0.5389,0.41773
-2.94858,69.17459,12.32191,-0.0178,-0.00577,0.99982,0.98266,0.0,0.0,nan,0.0,0.00397,0.01286,19.47384,1.63811,0.2335,0.41492,0.30039,0.81972,0.61046,0.30039
-3.03838,71.0134,-11.52543,-0.13116,0.1893,-0.97312,0.99671,0.0,0.0,nan,0.0,0.00441,0.02802,6.40644,1.87412,0.23636,0.49931,0.8635,0.64902,0.53358,0.8635
-2.94358,71.06516,13.02766,-0.02172,-0.03735,0.99907,0.99801,0.0,0.0,nan,0.0,0.00544,0.01943,21.71288,1.70615,0.23925,0.37032,0.63105,0.82535,0.58612,0.63105
-3.04044,73.01237,-11.04439,-0.11637,0.22842,-0.96658,0.99711,0.0,0.0,nan,0.0,0.00768,0.03138,6.24031,1.84345,0.23159,0.50603,0.74982,0.63868,0.54246,0.74982
-2.99455,73.0237,12.81806,-0.04754,0.00113,0.99887,0.99871,0.0,0.0,nan,0.0,0.0126,0.02905,20.80339,2.00178,0.23091,0.48857,0.64483,0.97291,0.49956,0.64483
-3.07106,75.04028,-10.53707,-0.10811,0.2642,-0.95839,0.99871,0.0,0.0,nan,0.0,0.00357,0.03631,7.66945,1.81251,0.23599,0.55373,0.94248,0.58317,0.55172,0.94248
-3.83598,75.97913,-9.99213,-0.12328,0.29528,-0.94742,0.99632,0.0,0.0,nan,0.0,0.00485,0.0448,8.22974,2.05995,0.23047,0.51914,0.94457,0.68683,0.48545,0.94457
-3.03304,74.92908,13.03785,-0.04167,-0.09583,0.99453,0.99881,0.0,0.0,nan,0.0,0.00715,0.01855,20.57041,1.63811,0.22154,0.47089,0.53536,0.89761,0.61046,0.53536
-2.86725,76.43333,-10.17691,-0.09679,0.31201,-0.94513,0.99741,0.0,0.0,nan,0.0,0.00318,0.03535,7.28518,2.03113,0.23221,0.58489,0.93866,0.49482,0.49234,0.93866
-3.17165,77.31216,-9.78827,-0.10356,0.35197,-0.93026,0.99662,0.0,0.0,nan,0.0,0.00327,0.03408,7.33207,3.06689,0.23552,0.5821,0.93074,0.49729,0.32606,0.93074
-3.05368,76.97591,13.02862,-0.01758,0.05746,0.99819,0.99522,0.0,0.0,nan,0.0,0.00831,0.01718,18.24772,1.85646,0.24205,0.57877,0.6582,0.92734,0.53866,0.6582
-3.04969,79.04578,-9.08234,-0.09033,0.43011,-0.89825,0.99392,0.0,0.0,nan,0.0,0.00279,0.03064,5.38193,1.77692,0.23909,0.45779,0.93883,0.6899,0.56277,0.93883
-2.95675,79.04113,12.44351,-0.0165,0.13197,0.99112,0.99402,0.0,0.0,nan,0.0,0.00517,0.01628,13.92526,1.86438,0.24209,0.49747,0.5276,0.73085,0.53637,0.5276
-3.06255,80.45927,-8.27495,-0.09289,0.48706,-0.86841,0.99652,0.0,0.0,nan,0.0,0.00663,0.03026,4.86811,1.73245,0.2362,0.449,0.66766,0.68814,0.57722,0.66766
-3.09588,81.45964,-7.69854,-0.09494,0.52553,-0.84546,0.99751,0.0,0.0,nan,0.0,0.00665,0.03493,4.80085,1.74586,0.23038,0.39757,0.65034,0.67848,0.57278,0.65034
-3.99482,81.95183,11.98863,-0.11021,0.49809,0.86009,0.98037,0.00062,0.0031,0.51,1.0,0.00472,0.06246,4.66383,2.0574,0.23228,0.4541,0.87569,0.39771,0.48605,0.87569
-3.00486,81.04565,12.54535,-0.07545,0.2863,0.95516,0.98067,0.0,0.0,nan,0.0,0.00224,0.03182,13.23692,1.63811,0.23688,0.571,0.91301,0.29707,0.61046,0.91301
-3.0266,82.90234,-6.73991,-0.08466,0.62111,-0.77913,0.99662,0.0,0.0,nan,0.0,0.00721,0.03628,5.12072,1.93469,0.23466,0.41965,0.37715,0.65823,0.51688,0.37715
-3.06125,83.85323,-5.8841,-0.07523,0.72869,-0.6807,0.99492,0.0,0.0,nan,0.0,0.00935,0.05016,5.11853,1.7088,0.23844,0.32338,0.4113,0.80135,0.58521,0.4113
-3.57255,83.93779,9.94126,-0.08285,0.84357,0.53059,0.98944,0.0,0.0,nan,0.0,0.00872,0.06678,3.90041,1.70515,0.23143,0.52486,0.45425,0.37619,0.58646,0.45425
-3.04108,83.22899,11.13298,-0.09449,0.72639,0.68076,0.98276,0.0,0.0,nan,0.0,0.00943,0.04876,3.55236,1.63811,0.24147,0.3057,0.6203,0.98901,0.61046,0.6203
-2.53616,82.13339,12.0795,-0.09484,0.50606,0.85727,0.97539,0.0,0.0,nan,0.0,0.00903,0.15258,6.1784,2.86151,0.23344,0.60906,0.85178,0.19067,0.34947,0.85178
-3.00093,84.62524,-4.97518,-0.05995,0.83407,-0.54839,0.99024,0.0,0.0,nan,0.0,0.01131,0.07044,5.60325,1.73348,0.2457,0.24008,0.50301,0.90725,0.57687,0.50301
-3.06342,85.4316,-2.97261,-0.02607,0.95002,-0.31109,0.99811,0.0,0.0,nan,0.0,0.0164,0.07953,7.07739,2.24873,0.21895,0.28703,0.37623,0.92139,0.44469,0.37623
-3.01893,85.83829,-1.19245,0.00218,0.98304,-0.18337,0.99831,0.01009,0.05043,0.7,1.0,0.01569,0.10207,6.5996,2.18866,0.2251,0.25151,0.5787,0.79661,0.4569,0.5787
-2.8655,85.99996,3.9345,-0.00564,0.99215,0.12496,0.99761,0.00012,0.00058,0.6,1.0,0.02072,0.10637,5.88407,1.63811,0.22248,0.27064,0.71813,0.96433,0.61046,0.71813
-3.02327,85.84877,5.07885,-0.01254,0.98059,0.19568,0.99622,0.02642,0.1321,0.7,1.0,0.02193,0.12125,6.20484,1.64616,0.21744,0.29957,0.67347,0.79831,0.60747,0.67347
-2.99081,85.27824,6.98678,-0.03324,0.95046,0.30908,0.99273,0.00419,0.02097,0.7,1.0,0.01858,0.12286,4.678,1.71761,0.22071,0.3339,0.6836,0.64643,0.58221,0.6836
-2.96212,84.53613,8.93961,-0.06757,0.90074,0.42907,0.99223,0.0,0.0,nan,0.0,0.03558,0.13852,3.34844,1.85955,0.23444,0.51512,0.71137,0.79647,0.53777,0.71137
-2.17071,84.01241,10.05334,-0.07323,0.84728,0.52608,0.98994,0.0,0.0,nan,0.0,0.01151,0.05469,3.55462,1.63811,0.24836,0.33746,0.40087,0.97488,0.61046,0.40087
-3.25112,86.02572,-0.1745,0.00406,0.99243,-0.12272,0.99562,0.00906,0.04529,0.7,1.0,0.01544,0.11868,5.95656,2.33816,0.22322,0.19308,0.65636,0.89977,0.42769,0.65636
-2.95076,86.09824,0.94135,0.00714,0.9987,-0.05038,0.99691,0.00776,0.03882,0.7,1.0,0.01547,0.15018,5.58084,2.34478,0.22636,0.13996,0.4178,0.99973,0.42648,0.4178
-3.03272,86.07008,2.99409,-0.00265,0.99764,0.06867,0.99721,0.03287,0.16435,0.7,1.0,0.01737,0.10731,5.71739,1.66601,0.22639,0.22757,0.74147,0.96028,0.60024,0.74147
-3.09527,86.00359,4.0969,-0.00969,0.99055,0.13679,0.99711,0.0,0.0,nan,0.0,0.0202,0.11575,6.07755,1.71768,0.21997,0.27409,0.777,0.92619,0.58218,0.777
-0.94609,1.10836,1.29979,-0.13726,-0.85234,-0.50466,0.96064,0.0,0.0,nan,0.0,0.00854,0.04953,47.38175,2.24993,0.23293,0.84338,0.83079,0.28735,0.44446,0.83079
-1.02726,0.54871,3.14813,-0.12595,-0.98799,-0.08953,0.96622,0.0,0.0,nan,0.0,0.00655,0.01355,20.37495,1.69381,0.24406,0.5523,0.41609,0.96071,0.59039,0.41609
-0.97597,0.79759,4.85909,-0.07422,-0.98813,0.1345,0.99572,0.0,0.0,nan,0.0,0.01137,0.02785,18.02611,1.80192,0.23159,0.59839,0.6281,0.75777,0.55496,0.6281
-0.92815,1.09643,7.18785,0.00143,-0.90626,0.42272,0.96582,0.0,0.0,nan,0.0,0.01028,0.03451,17.48119,1.63811,0.24392,0.56149,0.4037,0.59087,0.61046,0.4037
-1.05672,1.76882,8.25419,0.01234,-0.84341,0.53713,0.99323,0.0,0.0,nan,0.0,0.00898,0.02908,17.88274,1.68959,0.2438,0.53043,0.71786,0.64711,0.59186,0.71786
-0.95245,3.48376,-2.74559,-0.10766,-0.8504,-0.515,0.98555,0.0,0.0,nan,0.0,0.00878,0.05261,14.72781,1.63811,0.22682,0.49388,0.86774,0.61585,0.61046,0.86774
-0.97968,2.98713,-0.95797,-0.11646,-0.90161,-0.41659,0.99263,0.0,0.0,nan,0.0,0.01964,0.04739,16.01648,2.31926,0.22238,0.52473,0.78485,1.0,0.43117,0.78485
-1.06145,2.37466,0.46566,-0.11958,-0.80202,-0.58521,0.98226,0.0,0.0,nan,0.0,0.02797,0.0638,16.6544,1.91862,0.2241,0.58867,0.68821,0.83429,0.52121,0.68821
-0.1107,2.07513,7.65222,0.05151,-0.84604,0.53063,0.99472,0.0,0.0,nan,0.0,0.01099,0.03123,17.76596,1.70084,0.23648,0.47609,0.47154,0.82213,0.58795,0.47154
-0.93002,2.649,9.13929,0.03775,-0.85667,0.51449,0.99911,0.0,0.0,nan,0.0,0.00824,0.02722,18.47251,1.70135,0.23644,0.43296,0.5592,0.77513,0.58777,0.5592
-1.0569,3.39057,10.77887,0.03569,-0.82632,0.56208,0.98635,0.0,0.0,nan,0.0,0.00505,0.03039,14.30346,1.77504,0.24104,0.32129,0.71652,0.58989,0.56337,0.71652
-0.96041,5.33114,-4.42832,-0.02616,-0.60284,-0.79743,0.99811,0.0,0.0,nan,0.0,0.01081,0.04146,7.84562,1.87443,0.23404,0.40132,0.51005,0.81498,0.5335,0.51005
-1.04535,4.27218,-3.71304,-0.06914,-0.73075,-0.67914,0.98794,0.0,0.0,nan,0.0,0.00673,0.04812,13.9373,1.64113,0.23595,0.5558,0.80147,0.34431,0.60934,0.80147
-0.89722,4.26728,11.73757,0.04681,-0.64243,0.76492,0.95735,0.0,0.0,nan,0.0,0.00556,0.06557,24.95059,1.63811,0.23422,0.72074,0.95236,0.36051,0.61046,0.95236
-1.00083,5.20661,12.41714,0.08258,-0.38339,0.91989,0.96393,0.0,0.0,nan,0.0,0.0054,0.03346,16.92102,1.63811,0.2318,0.45298,0.71333,0.39871,0.61046,0.71333
-0.98185,6.8676,-5.57497,-0.01466,-0.51585,-0.85655,0.99761,0.0,0.0,nan,0.0,0.00677,0.02513,15.82561,3.40462,0.23755,0.76149,0.71998,0.39874,0.29372,0.71998
-0.9921,7.00883,12.57036,0.13896,-0.13978,0.98038,0.99831,0.0,0.0,nan,0.0,0.0095,0.02785,19.61456,1.72968,0.2349,0.44229,0.46006,0.84963,0.57814,0.46006
-1.01057,8.80468,-7.28124,-0.10892,-0.61558,-0.78051,0.98137,0.0,0.0,nan,0.0,0.00709,0.01282,19.67757,1.94377,0.23573,0.65678,0.62942,0.92828,0.51446,0.62942
-0.92839,8.39158,-5.8629,-0.05457,-0.62585,-0.77803,0.9713,0.0,0.0,nan,0.0,0.00983,0.01922,19.29489,2.87984,0.2441,0.74689,0.75077,0.75783,0.34724,0.75077
-0.98986,9.03633,12.86822,0.14529,-0.24357,0.95894,0.99562,0.0,0.0,nan,0.0,0.01107,0.02755,22.83124,1.83758,0.23981,0.50248,0.46884,0.86929,0.54419,0.46884
-0.85477,11.36861,-8.48586,-0.21445,-0.52495,-0.82368,0.99273,0.0,0.0,nan,0.0,0.01239,0.06605,15.69022,1.87138,0.24116,0.68604,0.84743,0.44791,0.53436,0.84743
-1.19968,10.57052,-7.68941,-0.18871,-0.50683,-0.84114,0.99123,0.0,0.0,nan,0.0,0.006,0.01507,16.27667,1.88605,0.23786,0.55686,0.60271,0.80239,0.53021,0.60271
-1.00283,10.99825,13.5779,0.08545,-0.04186,0.99546,0.97499,0.0,0.0,nan,0.0,0.00577,0.01862,22.23709,1.94086,0.23767,0.58392,0.53658,0.57831,0.51524,0.53658
-0.98266,13.27184,-10.60317,-0.1502,-0.47102,-0.86924,0.93483,0.0,0.0,nan,0.0,0.0141,0.02998,15.84984,2.85424,0.23023,0.57819,0.53709,0.91607,0.35036,0.53709
-1.08699,12.57994,-9.33428,-0.20458,-0.6512,-0.73081,0.99721,0.0,0.0,nan,0.0,0.01596,0.05569,16.98807,1.75185,0.22574,0.64484,0.69371,0.49671,0.57082,0.69371
-0.98145,12.86436,12.94689,0.07547,0.03721,0.99645,0.97748,0.0,0.0,nan,0.0,0.00608,0.01369,19.23988,1.70423,0.24206,0.54128,0.4622,0.90617,0.58677,0.4622
-0.99103,15.092,-10.74011,-0.10493,-0.2413,-0.96476,0.98745,0.0,0.0,nan,0.0,0.00337,0.01783,16.1269,3.60383,0.24689,0.60094,0.81284,0.44296,0.27748,0.81284
-0.99601,14.9756,13.43291,0.10704,-0.21423,0.9709,0.99313,0.0,0.0,nan,0.0,0.01524,0.03514,21.1836,1.90563,0.23347,0.70337,0.68884,0.67474,0.52476,0.68884
-1.05322,16.65325,-11.17019,-0.09531,-0.23873,-0.9664,0.96423,0.0,0.0,nan,0.0,0.00323,0.01044,9.27639,3.58688,0.24423,0.40711,0.48936,0.92376,0.27879,0.48936
-0.95035,17.04239,13.98176,0.05227,-0.03739,0.99793,0.98834,0.0,0.0,nan,0.0,0.00592,0.02771,11.89298,1.81333,0.23002,0.58548,0.71275,0.42654,0.55147,0.71275
-0.92121,19.14383,-11.72334,-0.06255,-0.00383,-0.99803,0.95456,0.0,0.0,nan,0.0,0.00499,0.02506,10.31856,3.30578,0.23183,0.60369,0.8075,0.48262,0.3025,0.8075
-0.89466,19.09147,13.89924,0.03028,0.06325,0.99754,0.99711,0.0,0.0,nan,0.0,0.00456,0.01442,15.84115,1.83172,0.23942,0.4871,0.50381,0.73061,0.54594,0.50381
-0.92085,20.70604,-11.1277,-0.04425,-0.04879,-0.99783,0.9418,0.0,0.0,nan,0.0,0.00842,0.02433,19.53356,2.12064,0.22096,0.51593,0.67291,0.73955,0.47156,0.67291
-0.97065,20.87634,13.74407,-0.01657,-0.03672,0.99919,0.99791,0.0,0.0,nan,0.0,0.00514,0.01809,17.62003,1.63811,0.24062,0.48718,0.4075,0.6499,0.61046,0.4075
-0.99253,23.30203,-12.39808,-0.04257,-0.35133,-0.93528,0.97997,0.0,0.0,nan,0.0,0.01637,0.04386,18.03874,3.39062,0.24515,0.63015,0.60087,0.65777,0.29493,0.60087
-0.97309,22.3555,-11.72576,-0.06238,-0.32738,-0.94283,0.9731,0.0,0.0,nan,0.0,0.01328,0.02874,22.65323,1.63811,0.23727,0.5868,0.54463,0.85666,0.61046,0.54463
-1.00717,23.00089,13.45462,-0.1303,0.07992,0.98825,0.99851,0.0,0.0,nan,0.0,0.01338,0.03201,16.82031,1.99235,0.23507,0.60665,0.34082,0.77097,0.50192,0.34082
-1.02529,25.00684,-12.82307,0.01193,-0.06785,-0.99762,0.9724,0.0,0.0,nan,0.0,0.01262,0.03694,21.70783,1.67867,0.23824,0.49664,0.62601,0.75129,0.59571,0.62601
-0.96901,25.11528,13.21185,-0.1422,-0.05432,0.98835,0.97828,0.0,0.0,nan,0.0,0.01336,0.03218,19.68944,2.06643,0.22772,0.5654,0.34189,0.80897,0.48393,0.34189
-0.96804,27.00985,-12.5072,0.00878,-0.17433,-0.98465,0.98486,0.0,0.0,nan,0.0,0.01078,0.03606,22.21366,1.6877,0.23315,0.51867,0.84521,0.90397,0.59252,0.84521
-1.15517,26.68807,13.71325,-0.13253,-0.11539,0.98444,0.99652,0.0,0.0,nan,0.0,0.0092,0.01963,16.48283,3.44002,0.24121,0.65275,0.62486,0.80538,0.2907,0.62486
-0.62721,27.54864,14.14248,-0.10602,-0.06377,0.99232,0.97888,0.0,0.0,nan,0.0,0.00985,0.02337,16.66239,2.10181,0.23436,0.64122,0.63946,0.73658,0.47578,0.63946
-1.00393,28.74218,-13.51744,-0.01023,-0.21037,-0.97757,0.98007,0.0,0.0,nan,0.0,0.00987,0.03523,19.78712,1.78508,0.23509,0.53018,0.69697,0.58192,0.5602,0.69697
-1.10847,29.17852,13.6211,-0.15452,0.04375,0.98702,0.99353,0.0,0.0,nan,0.0,0.01231,0.02939,20.91072,1.64252,0.23706,0.62369,0.55813,0.73615,0.60882,0.55813
-0.5815,28.35303,14.16554,-0.10549,0.0013,0.99442,0.97748,0.0,0.0,nan,0.0,0.00797,0.02189,17.11199,3.19473,0.24112,0.52939,0.55497,0.76825,0.31302,0.55497
-1.00858,30.98664,-13.11776,-0.03138,-0.07631,-0.99659,0.98286,0.0,0.0,nan,0.0,0.01332,0.02932,24.61901,1.70571,0.24199,0.51497,0.51979,0.95409,0.58627,0.51979
-0.95826,30.92542,13.77107,-0.0834,-0.11082,0.99034,0.99671,0.0,0.0,nan,0.0,0.01663,0.03064,23.51772,1.86878,0.23394,0.63092,0.73393,0.93316,0.53511,0.73393
-1.17554,31.77639,14.10101,-0.08932,-0.10794,0.99014,0.98645,0.0,0.0,nan,0.0,0.01393,0.02775,22.66577,1.6892,0.2318,0.64565,0.5869,0.84602,0.592,0.5869
-0.89845,33.46984,-14.26213,-0.03251,-0.21595,-0.97586,0.96861,0.0,0.0,nan,0.0,0.00954,0.02998,21.18338,1.63811,0.23886,0.56292,0.52763,0.61898,0.61046,0.52763
-1.0355,32.61579,-13.42841,-0.04536,-0.24915,-0.9674,0.98565,0.0,0.0,nan,0.0,0.00945,0.02437,23.44488,1.6962,0.23878,0.52705,0.51599,0.79866,0.58955,0.51599
-0.74938,33.86259,13.88068,-0.11801,0.05815,0.99131,0.99841,0.0,0.0,nan,0.0,0.01584,0.03792,17.84315,1.98598,0.22931,0.68417,0.67753,0.67921,0.50353,0.67753
-0.98074,32.99314,14.35922,-0.09907,-0.00331,0.99507,0.9726,0.0,0.0,nan,0.0,0.01095,0.02404,20.01907,1.70108,0.23601,0.63245,0.39684,0.79259,0.58786,0.39684
-1.05888,34.92571,-14.35317,-0.00659,-0.00923,-0.99994,0.97449,0.0,0.0,nan,0.0,0.0067,0.02298,21.26142,1.69061,0.24282,0.49799,0.39723,0.64069,0.5915,0.39723
-0.30731,35.66062,-13.79406,0.04067,0.04813,-0.99801,0.99492,0.0,0.0,nan,0.0,0.01215,0.03258,21.87948,1.88476,0.22946,0.60902,0.50179,0.66812,0.53057,0.50179
-1.02557,34.96578,13.71108,-0.14951,0.05716,0.98711,0.98804,0.0,0.0,nan,0.0,0.01304,0.02786,21.52567,1.86245,0.23434,0.54934,0.41975,0.93093,0.53693,0.41975
-1.79876,34.03238,14.04548,-0.14149,0.0949,0.98538,0.99163,0.0,0.0,nan,0.0,0.01912,0.0483,22.51253,1.80192,0.24244,0.60626,0.39296,0.71095,0.55496,0.39296
-1.02847,37.26555,-14.28045,-0.03965,-0.06531,-0.99708,0.98974,0.0,0.0,nan,0.0,0.01082,0.02938,23.46389,1.80192,0.2353,0.6378,0.77676,0.68508,0.55496,0.77676
-0.88932,36.47276,-13.98692,-0.00435,0.00937,-0.99995,0.99422,0.0,0.0,nan,0.0,0.00924,0.02534,22.07181,1.89989,0.23566,0.58662,0.77781,0.74458,0.52635,0.77781
-0.94782,36.54141,13.6759,-0.09516,-0.1791,0.97922,0.98426,0.0,0.0,nan,0.0,0.01172,0.02957,21.1056,1.68143,0.25352,0.56981,0.40878,0.7613,0.59473,0.40878
-1.01191,37.35046,14.29506,-0.06869,-0.24707,0.96656,0.99582,0.0,0.0,nan,0.0,0.007,0.02664,16.87294,1.63811,0.24279,0.55359,0.71688,0.53123,0.61046,0.71688
-1.00324,39.01967,-14.46941,-0.09058,-0.03288,-0.99535,0.97728,0.0,0.0,nan,0.0,0.00318,0.02978,22.23794,1.72481,0.23607,0.63365,0.93579,0.45266,0.57977,0.93579
-0.20403,38.17693,-13.80317,-0.00903,-0.10033,-0.99491,0.99422,0.0,0.0,nan,0.0,0.00984,0.03424,20.41379,2.0295,0.23343,0.5801,0.65879,0.54405,0.49273,0.65879
-0.99129,39.00088,14.62486,-0.06735,-0.07908,0.99459,0.97668,0.0,0.0,nan,0.0,0.01529,0.05731,14.93325,1.78486,0.22922,0.7919,0.42668,0.38193,0.56027,0.42668
-0.67016,40.89508,-14.23654,-0.1073,0.04496,-0.99321,0.99632,0.0,0.0,nan,0.0,0.00548,0.03228,23.66607,1.65951,0.23485,0.6009,0.83628,0.42303,0.60259,0.83628
-1.57919,41.21953,-13.88008,-0.17778,0.0599,-0.98225,0.99392,0.0,0.0,nan,0.0,0.01492,0.04192,22.64862,1.63811,0.2523,0.60334,0.70106,0.64202,0.61046,0.70106
-1.36089,41.77493,13.78892,-0.0782,0.04695,0.99583,0.98645,0.0,0.0,nan,0.0,0.00473,0.01542,16.34851,3.36383,0.24488,0.68017,0.54995,0.50574,0.29728,0.54995
-0.93791,40.96411,14.52758,-0.07246,0.09498,0.99284,0.99602,0.0,0.0,nan,0.0,0.0041,0.01439,17.11235,3.00098,0.2395,0.67095,0.73581,0.47403,0.33322,0.73581
-0.76389,43.13202,-14.30078,-0.14345,-0.01162,-0.98959,0.99153,0.0,0.0,nan,0.0,0.01214,0.03231,24.28837,1.6845,0.2434,0.51957,0.49809,0.78295,0.59365,0.49809
-1.53272,42.83347,-13.83396,-0.18499,-0.02066,-0.98252,0.99731,0.0,0.0,nan,0.0,0.01613,0.0424,20.39648,1.92152,0.2278,0.53419,0.38116,0.7819,0.52042,0.38116
-0.88356,42.25939,13.8202,-0.05826,0.03198,0.99779,0.99183,0.0,0.0,nan,0.0,0.00561,0.01561,18.03163,2.02625,0.2361,0.61272,0.43362,0.65199,0.49352,0.43362
-1.00015,43.11254,14.4749,-0.07117,0.02488,0.99715,0.99532,0.0,0.0,nan,0.0,0.00361,0.0093,16.14708,3.37324,0.23288,0.50569,0.45818,0.86142,0.29645,0.45818
-0.89905,44.9199,-14.22119,-0.10975,-0.00049,-0.99396,0.99652,0.0,0.0,nan,0.0,0.00604,0.01684,22.78343,1.88421,0.22606,0.45396,0.56377,0.86008,0.53073,0.56377
-1.32479,45.44989,-13.79814,-0.10945,-0.02961,-0.99355,0.99363,0.0,0.0,nan,0.0,0.00639,0.0172,23.06297,1.87941,0.22665,0.44623,0.61876,0.90449,0.53208,0.61876
-1.48977,45.56666,13.86694,-0.08543,0.03995,0.99554,0.98874,0.0,0.0,nan,0.0,0.01341,0.02645,18.456,2.03825,0.23153,0.59309,0.74037,0.94757,0.49062,0.74037
-0.91536,44.83337,14.21281,-0.06389,0.04092,0.99712,0.99841,0.0,0.0,nan,0.0,0.01543,0.03435,18.91002,1.80192,0.23563,0.61596,0.54943,0.8066,0.55496,0.54943
-0.99702,46.97801,-14.46644,-0.12231,-0.12003,-0.98521,0.99691,0.0,0.0,nan,0.0,0.00972,0.02739,21.30836,2.03947,0.23051,0.55542,0.61735,0.69867,0.49032,0.61735
-0.45878,46.99461,-13.93389,-0.09965,-0.13005,-0.98649,0.99552,0.0,0.0,nan,0.0,0.01067,0.02784,20.75605,1.897,0.23404,0.56485,0.54143,0.74383,0.52715,0.54143
-0.87402,46.7264,13.84024,-0.02455,-0.03992,0.9989,0.99064,0.0,0.0,nan,0.0,0.0147,0.02975,17.98287,1.87246,0.24104,0.62579,0.66969,0.87752,0.53406,0.66969
-1.09934,47.52492,14.32933,-0.0154,-0.04119,0.99903,0.99552,0.0,0.0,nan,0.0,0.00629,0.01582,16.68043,1.66727,0.2319,0.53893,0.61808,0.82697,0.59978,0.61808
-1.03416,49.07983,-14.55255,-0.10058,0.14166,-0.98479,0.98346,0.0,0.0,nan,0.0,0.00835,0.02462,22.66567,1.72842,0.23549,0.55452,0.58106,0.66586,0.57856,0.58106
-1.93758,49.98152,-13.94236,-0.10036,0.20405,-0.9738,0.99671,0.0,0.0,nan,0.0,0.00997,0.0232,17.90357,2.04828,0.23208,0.50293,0.61867,0.95038,0.48821,0.61867
-0.30936,49.763,13.79189,0.02536,0.04664,0.99859,0.99422,0.0,0.0,nan,0.0,0.00411,0.0114,13.96053,1.87018,0.23219,0.49854,0.52906,0.82599,0.53471,0.52906
-1.01887,49.04391,14.48655,-0.00088,0.03502,0.99939,0.98117,0.0,0.0,nan,0.0,0.00659,0.01627,13.98041,3.48993,0.23679,0.59036,0.59553,0.78406,0.28654,0.59553
-0.60892,50.14313,-14.00207,-0.10982,0.17285,-0.97881,0.99213,0.0,0.0,nan,0.0,0.012,0.03548,21.15329,2.03234,0.23329,0.62324,0.49293,0.59397,0.49204,0.49293
-1.0511,50.91773,-13.51754,-0.14381,0.1404,-0.9796,0.97449,0.0,0.0,nan,0.0,0.01042,0.02426,20.2489,3.53537,0.23966,0.55033,0.33659,0.85745,0.28286,0.33659
-0.94601,51.14077,13.97361,-0.02024,-0.02926,0.99937,0.99243,0.0,0.0,nan,0.0,0.00685,0.01839,13.69645,1.87583,0.24102,0.58392,0.40098,0.7315,0.5331,0.40098
-0.97862,51.01202,14.12549,-0.0206,-0.01432,0.99969,0.99502,0.0,0.0,nan,0.0,0.00794,0.01939,13.97099,3.35303,0.23922,0.59629,0.48228,0.78489,0.29824,0.48228
-0.31569,53.32573,-14.06898,-0.13111,0.09427,-0.98688,0.98735,0.0,0.0,nan,0.0,0.00782,0.02293,15.43076,1.69699,0.24626,0.4563,0.41194,0.84399,0.58928,0.41194
-1.16943,52.97968,-13.59669,-0.12523,0.03062,-0.99165,0.99831,0.0,0.0,nan,0.0,0.02429,0.06546,18.16983,1.73499,0.23586,0.67781,0.74131,0.60781,0.57637,0.74131
-1.04489,52.99729,14.42863,-0.10018,-0.00463,0.99496,0.97718,0.0,0.0,nan,0.0,0.00721,0.02214,11.96893,1.88658,0.22998,0.66859,0.67568,0.5684,0.53006,0.67568
-0.40318,54.07547,-14.03329,-0.10689,0.18455,-0.97699,0.98147,0.0,0.0,nan,0.0,0.0072,0.02209,16.31201,2.04933,0.23477,0.39783,0.48929,0.92031,0.48796,0.48929
-1.01202,55.06892,-13.58003,-0.10225,0.24524,-0.96405,0.99353,0.0,0.0,nan,0.0,0.00852,0.02622,20.19941,1.91499,0.23627,0.47433,0.64445,0.75268,0.5222,0.64445
-1.21102,55.66365,13.80538,-0.09882,0.03901,0.99434,0.99572,0.0,0.0,nan,0.0,0.00651,0.01889,14.79638,1.71025,0.25144,0.67923,0.82018,0.74224,0.58471,0.82018
-0.88045,54.80796,14.25397,-0.10374,0.10466,0.98908,0.99034,0.0,0.0,nan,0.0,0.00472,0.01302,13.67902,3.51437,0.24454,0.69646,0.70982,0.59621,0.28455,0.70982
-0.95423,56.90763,-12.66257,-0.10981,0.02263,-0.9937,0.95635,0.0,0.0,nan,0.0,0.00889,0.0209,20.0056,1.93976,0.22645,0.47524,0.3817,0.98489,0.51553,0.3817
-0.92501,56.30337,13.78495,-0.06016,0.0379,0.99747,0.99462,0.0,0.0,nan,0.0,0.00802,0.01777,14.4865,1.72222,0.23856,0.70081,0.68919,0.73278,0.58064,0.68919
-1.0362,57.25588,14.13393,-0.05744,0.0464,0.99727,0.99173,0.0,0.0,nan,0.0,0.01024,0.02138,19.06349,1.67617,0.23715,0.74223,0.67375,0.71301,0.5966,0.67375
-0.98235,58.95953,-13.51909,-0.07177,0.03595,-0.99677,0.9729,0.0,0.0,nan,0.0,0.00818,0.02871,20.61432,1.89862,0.23399,0.62755,0.39041,0.49796,0.5267,0.39041
-1.10695,59.26709,13.6308,-0.11473,0.17045,0.97867,0.99821,0.0,0.0,nan,0.0,0.02028,0.04,25.68136,2.16348,0.2389,0.699,0.73653,0.78179,0.46222,0.73653
-0.73528,58.3937,14.05295,-0.06976,0.09247,0.99327,0.99253,0.0,0.0,nan,0.0,0.01468,0.0394,19.66651,1.70166,0.23457,0.71313,0.80245,0.69184,0.58766,0.80245
-1.00038,60.90255,-12.72409,-0.04573,0.28479,-0.9575,0.99791,0.0,0.0,nan,0.0,0.01151,0.02754,18.10726,1.85884,0.23511,0.60167,0.42298,0.77162,0.53797,0.42298
-1.90171,61.95074,-11.98057,-0.05812,0.23903,-0.96927,0.97011,0.0,0.0,nan,0.0,0.00675,0.01933,18.1357,1.63811,0.23816,0.46095,0.356,0.84047,0.61046,0.356
-0.93033,60.86232,13.29825,-0.08904,0.09923,0.99107,0.99711,0.0,0.0,nan,0.0,0.0185,0.03557,27.43849,1.66641,0.23881,0.633,0.65258,0.88176,0.60009,0.65258
-0.89425,63.00159,-12.18933,-0.10665,0.10632,-0.9886,0.99303,0.0,0.0,nan,0.0,0.00716,0.02123,17.76317,1.82879,0.23179,0.44466,0.59842,0.84401,0.54681,0.59842
-1.72236,62.75344,-11.84108,-0.07977,0.13098,-0.98817,0.971,0.0,0.0,nan,0.0,0.00882,0.02217,17.5197,1.8723,0.23104,0.50059,0.34681,0.88554,0.5341,0.34681
-1.04346,63.03808,13.366,-0.10003,0.11042,0.98884,0.99831,0.0,0.0,nan,0.0,0.02186,0.05772,23.95693,1.82786,0.23815,0.64469,0.65388,0.63632,0.54709,0.65388
-0.93626,64.96813,-12.26754,-0.04584,0.08771,-0.99509,0.99582,0.0,0.0,nan,0.0,0.00632,0.02088,16.97097,2.06939,0.22464,0.41,0.43518,0.82522,0.48323,0.43518
-0.50206,65.88255,-11.99216,-0.02326,0.0869,-0.99595,0.99741,0.0,0.0,nan,0.0,0.00563,0.02207,16.76163,2.06021,0.22298,0.37017,0.59298,0.7717,0.48539,0.59298
-1.12666,65.0302,12.8386,-0.11752,0.07811,0.98999,0.99781,0.0,0.0,nan,0.0,0.01005,0.02517,19.19258,1.90667,0.22125,0.49974,0.6943,0.88217,0.52447,0.6943
-0.93154,67.50872,-12.03154,-0.04293,0.04519,-0.99806,0.99871,0.0,0.0,nan,0.0,0.00307,0.02393,15.26841,3.55872,0.23965,0.28307,0.52898,0.51309,0.281,0.52898
-1.06442,66.60683,-11.68774,-0.03634,0.0762,-0.99643,0.99293,0.0,0.0,nan,0.0,0.00534,0.02569,16.30477,2.53189,0.22681,0.34099,0.47885,0.68446,0.39496,0.47885
-1.01997,67.03178,12.98801,-0.1063,0.06756,0.99204,0.99671,0.0,0.0,nan,0.0,0.01071,0.02767,22.5127,1.63811,0.23323,0.42151,0.39858,1.0,0.61046,0.39858
-0.52868,68.41269,-12.04066,-0.03739,0.04019,-0.99849,0.99911,0.0,0.0,nan,0.0,0.00461,0.03652,12.2791,2.47274,0.22772,0.44585,0.72354,0.32935,0.40441,0.72354
-1.08776,69.17178,-11.90066,-0.0575,0.08276,-0.99491,0.99791,0.0,0.0,nan,0.0,0.00467,0.04544,9.03445,1.92743,0.23457,0.43897,0.52355,0.28571,0.51883,0.52355
-1.06007,68.99667,12.62026,-0.08032,0.01669,0.99663,0.99642,0.0,0.0,nan,0.0,0.00762,0.01926,23.12285,1.80192,0.23493,0.43747,0.35676,0.98311,0.55496,0.35676
-0.98609,71.01737,-11.55817,-0.05001,0.19963,-0.97859,0.99811,0.0,0.0,nan,0.0,0.00601,0.03437,3.8269,1.93386,0.24257,0.52203,0.63276,0.50966,0.5171,0.63276
-1.06677,70.91174,13.12996,-0.0646,-0.04388,0.99695,0.99612,0.0,0.0,nan,0.0,0.00657,0.02076,20.46158,2.08116,0.22687,0.36664,0.37714,0.94788,0.4805,0.37714
-1.07392,73.03957,-11.12857,-0.04658,0.24325,-0.96885,0.99572,0.0,0.0,nan,0.0,0.00692,0.03417,3.60707,1.91035,0.23078,0.50751,0.76402,0.64975,0.52346,0.76402
-1.00927,72.93121,12.94208,-0.05493,-0.01142,0.99842,0.99532,0.0,0.0,nan,0.0,0.01259,0.02904,19.99477,1.83572,0.23799,0.50921,0.65111,0.93647,0.54475,0.65111
-1.00378,75.0154,-10.58313,-0.03251,0.27389,-0.96121,0.99751,0.0,0.0,nan,0.0,0.01051,0.06033,3.8198,2.07625,0.22788,0.52829,0.86103,0.77959,0.48164,0.86103
-0.96771,74.89191,13.2214,-0.04257,-0.07384,0.99636,0.99183,0.0,0.0,nan,0.0,0.00497,0.01419,16.89224,2.00473,0.23909,0.39141,0.51071,1.0,0.49882,0.51071
-0.97733,76.45611,-10.19164,-0.0245,0.32164,-0.94655,0.99721,0.0,0.0,nan,0.0,0.00547,0.10278,4.20626,1.87419,0.23395,0.68726,0.94247,0.29772,0.53356,0.94247
-1.00809,77.46651,-9.76724,-0.02419,0.36689,-0.92995,0.99891,0.0,0.0,nan,0.0,0.00441,0.06454,3.88972,2.79571,0.22987,0.59676,0.96378,0.54831,0.35769,0.96378
-1.00301,77.01285,13.12655,-0.02673,0.07783,0.99661,0.99402,0.0,0.0,nan,0.0,0.01068,0.02669,17.67165,1.84879,0.23933,0.49313,0.31001,0.90328,0.5409,0.31001
-1.02754,79.04338,-9.12125,-0.0285,0.43143,-0.9017,0.99871,0.0,0.0,nan,0.0,0.00902,0.04542,3.10529,2.04379,0.24104,0.45973,0.83982,0.99671,0.48929,0.83982
-0.91961,78.89507,12.49549,-0.02322,0.09269,0.99542,0.99592,0.0,0.0,nan,0.0,0.00729,0.01777,15.59385,1.82281,0.24095,0.51129,0.4162,0.9057,0.5486,0.4162
-0.95757,80.56805,-8.2942,-0.03695,0.48456,-0.87398,0.99761,0.0,0.0,nan,0.0,0.00767,0.04423,2.90694,1.99448,0.23112,0.29275,0.38731,1.0,0.50138,0.38731
-1.06913,81.56908,-7.7336,-0.04347,0.52853,-0.8478,0.99901,0.0,0.0,nan,0.0,0.01056,0.05055,2.88659,1.87966,0.22967,0.35368,0.40098,1.0,0.53201,0.40098
-1.01528,81.04848,12.73405,-0.06887,0.25656,0.96407,0.97907,0.0,0.0,nan,0.0,0.00708,0.03553,13.54084,1.75042,0.23798,0.64899,0.58553,0.35213,0.57129,0.58553
-0.99616,82.98043,-6.82879,-0.03982,0.63469,-0.77174,0.99602,0.0,0.0,nan,0.0,0.01693,0.07716,3.63397,1.87401,0.24212,0.35402,0.40127,0.96082,0.53361,0.40127
-1.04803,83.91179,-5.88994,-0.02676,0.75018,-0.66069,0.99373,0.0,0.0,nan,0.0,0.00875,0.07881,5.06586,1.70345,0.24838,0.24397,0.56943,0.63475,0.58704,0.56943
-1.0333,83.37975,11.21815,-0.07509,0.73899,0.66952,0.98336,0.0,0.0,nan,0.0,0.01123,0.05313,3.83968,1.72478,0.24192,0.32147,0.51464,1.0,0.57979,0.51464
-0.93961,82.26404,12.16839,-0.07589,0.51294,0.85506,0.97339,0.0,0.0,nan,0.0,0.00602,0.22018,7.88636,1.90903,0.21417,0.8212,0.99533,0.19402,0.52383,0.99533
-0.99195,84.65783,-4.9674,-0.0123,0.85374,-0.52055,0.99183,0.0,0.0,nan,0.0,0.01117,0.08192,6.01351,1.7377,0.23588,0.25322,0.48846,0.71786,0.57547,0.48846
-0.91043,85.4867,-3.025,0.01094,0.95689,-0.29025,0.99652,0.0,0.0,nan,0.0,0.02033,0.09664,6.74918,1.88446,0.23232,0.27792,0.54493,0.98145,0.53066,0.54493
-1.01224,85.88229,-1.03492,0.02932,0.98842,-0.14888,0.99602,0.01311,0.06557,0.7,1.0,0.0155,0.10676,7.35138,1.71818,0.22563,0.32107,0.86796,0.924,0.58201,0.86796
-0.28359,85.98135,0.3674,0.04258,0.99597,-0.07899,0.99622,0.0,0.0,nan,0.0,0.00352,0.0538,8.86691,2.24054,0.2202,0.3308,0.923,0.54373,0.44632,0.923
-0.72689,85.98888,3.72585,0.0257,0.99563,0.08979,0.99701,0.01282,0.06412,0.7,1.0,0.02022,0.10336,7.75774,1.8491,0.22324,0.30124,0.74017,0.81666,0.5408,0.74017
-0.91512,85.84001,4.96891,0.00992,0.98509,0.17176,0.99681,0.0253,0.12652,0.7,1.0,0.01473,0.08653,6.09486,1.85155,0.22039,0.24262,0.60393,0.93197,0.54009,0.60393
-1.00125,85.34871,6.98618,-0.0279,0.96009,0.27828,0.99741,0.0,0.0,nan,0.0,0.01012,0.09124,4.87786,1.74507,0.21959,0.28043,0.82308,0.72793,0.57304,0.82308
-1.04087,84.62649,9.03977,-0.05836,0.9088,0.41313,0.99133,0.0,0.0,nan,0.0,0.01481,0.07611,4.1134,1.89756,0.22637,0.312,0.6904,0.92682,0.52699,0.6904
-0.85574,84.09412,10.14837,-0.07001,0.84959,0.52278,0.98635,0.0,0.0,nan,0.0,0.01295,0.0547,3.74475,1.84667,0.23648,0.36897,0.35366,0.984,0.54152,0.35366
-1.76952,86.00173,-0.02879,0.03071,0.99371,-0.10772,0.99731,0.01714,0.0857,0.7,1.0,0.01254,0.12862,6.75599,1.855,0.22684,0.34106,0.9046,0.73298,0.53908,0.9046
-1.02634,86.03642,1.082,0.04158,0.99814,-0.04456,0.99472,0.00253,0.01266,0.7,1.0,0.00189,0.05383,8.3326,1.90254,0.21998,0.36441,0.96082,0.3662,0.52561,0.96082
-1.06806,86.07105,2.82416,0.03233,0.99852,0.04367,0.99482,0.0005,0.00249,0.7,1.0,0.0076,0.06636,8.20722,1.63811,0.22276,0.31076,0.85212,0.68105,0.61046,0.85212
-1.86515,86.00417,4.04037,0.00879,0.992,0.12592,0.99701,0.00046,0.0023,0.7,1.0,0.01731,0.10902,6.13446,1.63811,0.22063,0.21165,0.62802,0.99489,0.61046,0.62802
1.00378,1.17406,1.20798,-0.07997,-0.85561,-0.5114,0.97808,0.0,0.0,nan,0.0,0.01075,0.05983,24.0618,2.2117,0.23521,0.66771,0.78788,0.33158,0.45214,0.78788
0.94222,0.37406,2.97298,-0.05653,-0.99645,-0.06233,0.95585,0.0,0.0,nan,0.0,0.00621,0.0177,22.78012,1.85969,0.23234,0.46697,0.3862,0.81673,0.53772,0.3862
0.93268,0.56664,5.03393,-0.0134,-0.98143,0.19136,0.98446,0.0,0.0,nan,0.0,0.01038,0.02241,21.02891,1.80192,0.24064,0.62898,0.6562,0.80642,0.55496,0.6562
1.06709,1.22119,7.03812,0.01917,-0.89086,0.45387,0.98605,0.0,0.0,nan,0.0,0.00598,0.02612,17.69361,2.00578,0.2277,0.51024,0.8287,0.66805,0.49856,0.8287
1.03445,3.3482,-2.82263,-0.07387,-0.82355,-0.56242,0.98665,0.0,0.0,nan,0.0,0.00797,0.061,12.30307,1.95169,0.22362,0.45616,0.92502,0.75691,0.51238,0.92502
1.04305,2.6519,-0.93845,-0.121,-0.89137,-0.43683,0.99921,0.0,0.0,nan,0.0,0.01864,0.0483,14.33125,1.71973,0.22351,0.51165,0.70182,0.85953,0.58149,0.70182
0.76302,2.21527,0.22367,-0.11943,-0.82329,-0.55492,0.98486,0.0,0.0,nan,0.0,0.03377,0.08955,14.60199,2.35652,0.23066,0.59198,0.73834,0.7242,0.42435,0.73834
0.64004,2.00518,7.70277,0.0468,-0.83467,0.54876,0.99691,0.0,0.0,nan,0.0,0.01103,0.03233,18.17458,2.0423,0.23662,0.45032,0.47171,0.84076,0.48964,0.47171
1.03816,2.78102,9.03811,0.03667,-0.84891,0.52726,0.99921,0.0,0.0,nan,0.0,0.00945,0.02799,19.60106,1.79762,0.22732,0.40122,0.43493,0.92707,0.55629,0.43493
0.98224,3.4753,10.68195,0.05589,-0.82907,0.55635,0.99173,0.0,0.0,nan,0.0,0.01204,0.03887,16.96934,1.81166,0.23311,0.48054,0.63336,0.72061,0.55198,0.63336
1.01488,5.37798,-4.45519,-0.05174,-0.57635,-0.81556,0.99881,0.0,0.0,nan,0.0,0.00886,0.03213,7.61244,1.72234,0.23918,0.45058,0.81418,0.97226,0.58061,0.81418
0.95579,4.25049,-3.75739,-0.06022,-0.69498,-0.7165,0.99462,0.0,0.0,nan,0.0,0.00566,0.04142,10.96793,1.63811,0.238,0.43859,0.88227,0.6392,0.61046,0.88227
1.0022,4.33067,11.60304,0.05507,-0.66814,0.74199,0.96014,0.0,0.0,nan,0.0,0.00396,0.05165,20.25238,2.07932,0.22987,0.57859,0.94933,0.40173,0.48093,0.94933
0.95614,5.25764,12.27843,0.04301,-0.38202,0.92315,0.95605,0.00557,0.02786,0.7,1.0,0.01021,0.05318,16.2237,2.01429,0.2409,0.45037,0.48789,0.47864,0.49645,0.48789
1.99779,7.99763,-6.17878,-0.08569,-0.65254,-0.75289,0.99552,0.0,0.0,nan,0.0,0.01001,0.01987,17.12079,3.36756,0.24368,0.68277,0.65542,0.82372,0.29695,0.65542
1.01111,6.94331,-5.4913,-0.08425,-0.55736,-0.82599,0.98685,0.0,0.0,nan,0.0,0.00694,0.02387,15.12138,3.10067,0.23993,0.70549,0.56091,0.46676,0.32251,0.56091
0.96464,7.01626,12.39763,0.04429,-0.0847,0.99542,0.99432,0.0,0.0,nan,0.0,0.01953,0.05442,19.8415,1.63811,0.23726,0.46205,0.73808,0.85499,0.61046,0.73808
1.40093,9.82568,-8.10929,-0.10819,-0.58483,-0.80391,0.98814,0.0,0.0,nan,0.0,0.0054,0.02045,13.66435,3.16975,0.24322,0.61975,0.55024,0.48842,0.31548,0.55024
1.0343,8.65773,-7.36149,-0.11412,-0.66825,-0.73513,0.98745,0.0,0.0,nan,0.0,0.00578,0.01532,17.01747,2.16163,0.23497,0.61446,0.67534,0.68546,0.46261,0.67534
0.8867,8.33154,-5.83871,-0.10499,-0.65486,-0.74843,0.96423,0.0,0.0,nan,0.0,0.00811,0.01526,16.75282,3.34922,0.24014,0.70609,0.63541,0.84262,0.29858,0.63541
0.98657,9.0882,12.34799,0.10252,-0.24401,0.96434,0.98107,0.0,0.0,nan,0.0,0.00861,0.02195,21.55983,1.85201,0.23471,0.44658,0.60818,0.95942,0.53995,0.60818
0.99784,11.03375,-8.70306,-0.15364,-0.54683,-0.82302,0.99921,0.0,0.0,nan,0.0,0.0163,0.05308,12.36503,1.65658,0.24515,0.66068,0.71083,0.53995,0.60365,0.71083
0.22775,10.11008,-7.93219,-0.16275,-0.5631,-0.8102,0.99343,0.0,0.0,nan,0.0,0.00507,0.01622,16.23014,1.86805,0.24286,0.61127,0.66179,0.57419,0.53532,0.66179
0.98911,10.86311,13.51532,0.09196,-0.12185,0.98828,0.96452,0.0,0.0,nan,0.0,0.00849,0.02496,22.92965,1.66183,0.23167,0.59319,0.61303,0.62356,0.60175,0.61303
1.02295,13.0119,-10.70298,-0.09082,-0.44539,-0.89072,0.94539,0.0,0.0,nan,0.0,0.01293,0.03214,14.47588,1.85784,0.2313,0.64039,0.79576,0.83791,0.53826,0.79576
0.822,12.25407,-9.65115,-0.14692,-0.61178,-0.77726,0.99283,0.0,0.0,nan,0.0,0.01057,0.02866,11.80034,1.72559,0.23693,0.55641,0.75619,0.79072,0.57951,0.75619
1.02908,12.90875,12.85552,0.03265,0.04783,0.99832,0.98127,0.0,0.0,nan,0.0,0.00924,0.0224,19.15633,1.85161,0.2424,0.6604,0.41953,0.69019,0.54007,0.41953
1.03165,15.0822,-10.76049,-0.04979,-0.20932,-0.97658,0.99592,0.0,0.0,nan,0.0,0.00728,0.0244,13.26249,1.72223,0.24768,0.66137,0.51322,0.51942,0.58064,0.51322
0.98817,15.12964,13.24616,0.03014,-0.22264,0.97444,0.99343,0.0,0.0,nan,0.0,0.01383,0.04172,17.64449,2.20983,0.23238,0.69012,0.72274,0.53483,0.45252,0.72274
0.89131,16.89546,-11.45891,-0.06839,-0.26284,-0.96241,0.97738,0.0,0.0,nan,0.0,0.00536,0.02046,9.71397,2.19803,0.23706,0.56656,0.48432,0.55804,0.45495,0.48432
0.95488,17.11667,13.91351,0.06602,-0.03173,0.99731,0.99323,0.0,0.0,nan,0.0,0.00567,0.02144,15.28991,2.53324,0.22972,0.60505,0.76543,0.51958,0.39475,0.76543
0.96833,19.02298,-11.85163,-0.03205,0.02423,-0.99919,0.96682,0.0,0.0,nan,0.0,0.00469,0.01962,11.67136,2.03062,0.23477,0.57364,0.41735,0.48859,0.49246,0.41735
1.0216,18.98888,13.46015,0.05587,0.07411,0.99568,0.99482,0.0,0.0,nan,0.0,0.00982,0.02414,18.1812,1.88925,0.24085,0.47944,0.45031,0.94131,0.52931,0.45031
1.01666,21.06271,-11.49624,-0.0182,-0.12708,-0.99173,0.97569,0.0,0.0,nan,0.0,0.00901,0.02201,19.83869,2.0207,0.22918,0.52244,0.74149,0.86249,0.49488,0.74149
0.97045,20.9259,13.57122,0.04939,-0.118,0.99178,0.99731,0.0,0.0,nan,0.0,0.0056,0.02282,20.16397,1.80192,0.23717,0.3547,0.60463,0.76005,0.55496,0.60463
1.26009,21.88601,14.05222,0.02624,-0.1362,0.99033,0.98456,0.0,0.0,nan,0.0,0.00809,0.03527,19.31851,1.88292,0.24171,0.43259,0.51234,0.58469,0.53109,0.51234
0.96363,23.0435,-12.55305,-0.01722,-0.32702,-0.94486,0.97907,0.0,0.0,nan,0.0,0.0084,0.03222,19.04143,2.04683,0.24249,0.48709,0.7138,0.59158,0.48856,0.7138
0.93148,22.2654,-11.65824,-0.028,-0.32453,-0.94546,0.9723,0.0,0.0,nan,0.0,0.00833,0.02433,21.02175,1.65019,0.23763,0.58466,0.80055,0.76523,0.60599,0.80055
0.22952,23.16771,13.982,-0.11243,0.02334,0.99339,0.98107,0.0,0.0,nan,0.0,0.01135,0.03452,16.6375,2.02966,0.2304,0.57504,0.45509,0.64054,0.49269,0.45509
1.20976,22.98837,14.15546,-0.03399,-0.04984,0.99818,0.97439,0.0,0.0,nan,0.0,0.00618,0.03347,18.8898,1.63811,0.23825,0.36158,0.30063,0.56486,0.61046,0.30063
1.01498,25.04543,-12.54371,0.02805,-0.01939,-0.99942,0.98565,0.0,0.0,nan,0.0,0.01307,0.05459,18.12998,3.34494,0.23702,0.57628,0.82905,0.61745,0.29896,0.82905
0.94397,25.06823,13.91677,-0.06327,0.01576,0.99787,0.99203,0.0,0.0,nan,0.0,0.009,0.0226,17.88917,1.87923,0.24412,0.58758,0.44414,0.75352,0.53213,0.44414
1.3756,24.53674,14.00917,-0.04428,0.07074,0.99651,0.99373,0.0,0.0,nan,0.0,0.00953,0.02564,17.27954,2.22632,0.23772,0.60881,0.45724,0.6814,0.44917,0.45724
0.9975,27.07132,-12.49896,0.05097,-0.21476,-0.97533,0.97937,0.0,0.0,nan,0.0,0.01281,0.03132,21.66396,1.92447,0.23152,0.49273,0.60073,0.90673,0.51962,0.60073
1.07523,26.58352,13.65709,0.00403,-0.08543,0.99634,0.99283,0.0,0.0,nan,0.0,0.0074,0.01835,18.8107,1.68172,0.23905,0.52296,0.59056,0.85353,0.59463,0.59056
0.98618,27.47889,14.22232,0.00238,-0.05778,0.99833,0.97957,0.0,0.0,nan,0.0,0.00704,0.02047,17.86291,1.63811,0.23023,0.4829,0.5117,0.79196,0.61046,0.5117
0.94906,28.90038,-13.59314,0.0144,-0.24494,-0.96943,0.97459,0.0,0.0,nan,0.0,0.0071,0.02373,18.24359,1.83535,0.24392,0.47945,0.3508,0.69302,0.54485,0.3508
1.17847,29.31898,13.83613,-0.00167,0.05795,0.99832,0.99592,0.0,0.0,nan,0.0,0.00721,0.02309,19.60391,1.88327,0.24044,0.46601,0.46426,0.73895,0.53099,0.46426
0.94844,28.46001,14.21806,0.00115,0.00684,0.99998,0.98725,0.0,0.0,nan,0.0,0.00719,0.01885,17.14751,1.984,0.23367,0.5323,0.53165,0.80019,0.50403,0.53165
1.01631,30.97712,-13.41665,-0.04544,-0.12558,-0.99104,0.99303,0.0,0.0,nan,0.0,0.00719,0.02531,18.10992,3.38612,0.24687,0.44272,0.56308,0.71312,0.29532,0.56308
1.00993,31.11894,13.89387,0.0267,-0.06792,0.99733,0.99821,0.0,0.0,nan,0.0,0.00829,0.02318,22.16782,1.63811,0.23436,0.45193,0.72041,0.86303,0.61046,0.72041
0.07375,31.99859,14.02319,0.00304,-0.1164,0.9932,0.99373,0.0,0.0,nan,0.0,0.00977,0.02653,23.07047,1.90141,0.23272,0.53167,0.72617,0.75232,0.52592,0.72617
0.945,33.37109,-14.37774,-0.01201,-0.09946,-0.99497,0.95745,0.0,0.0,nan,0.0,0.00828,0.02597,18.43614,2.51655,0.2402,0.53697,0.49796,0.65826,0.39737,0.49796
0.91658,32.49641,-13.55759,-0.06788,-0.19639,-0.97817,0.99781,0.0,0.0,nan,0.0,0.00654,0.02833,19.87414,1.85062,0.24382,0.42636,0.44291,0.59623,0.54036,0.44291
0.9659,32.34766,13.97762,0.02804,-0.13011,0.9911,0.99701,0.0,0.0,nan,0.0,0.01039,0.02682,22.24878,1.90973,0.23049,0.49982,0.57159,0.84493,0.52364,0.57159
0.98167,33.07868,14.24459,7e-05,-0.08957,0.99598,0.98934,0.0,0.0,nan,0.0,0.01391,0.03214,19.36372,1.72282,0.23926,0.52844,0.25429,0.90401,0.58045,0.25429
0.95957,34.49188,-14.27676,0.05597,0.01102,-0.99837,0.98226,0.0,0.0,nan,0.0,0.00727,0.01957,19.33692,3.36735,0.24347,0.51739,0.56132,0.79196,0.29697,0.56132
1.08496,35.46099,-13.77775,0.08641,0.05584,-0.99469,0.99851,0.0,0.0,nan,0.0,0.01222,0.03414,20.94149,1.92173,0.23066,0.56187,0.70554,0.69762,0.52036,0.70554
0.4043,35.38205,13.84685,-0.0886,0.03061,0.9956,0.98336,0.0,0.0,nan,0.0,0.01663,0.02989,21.93468,1.72271,0.23606,0.68109,0.37094,0.89167,0.58048,0.37094
1.22599,34.86036,14.30222,-0.04507,0.06054,0.99715,0.98446,0.0,0.0,nan,0.0,0.02254,0.043,22.14806,1.67023,0.24219,0.71459,0.45058,0.79981,0.59872,0.45058
1.55187,37.93313,-14.02758,0.06168,-0.10762,-0.99228,0.99941,0.0,0.0,nan,0.0,0.00903,0.02853,19.57685,2.68136,0.234,0.62866,0.49207,0.55499,0.37295,0.49207
0.98057,36.9875,-13.90145,0.06632,-0.10275,-0.99249,0.99751,0.0,0.0,nan,0.0,0.01293,0.02904,20.63902,1.99559,0.22953,0.55836,0.65422,0.87475,0.5011,0.65422
0.89853,36.70148,13.75295,0.01926,-0.12474,0.992,0.98326,0.0,0.0,nan,0.0,0.00947,0.01883,20.26056,1.87078,0.22929,0.60606,0.38144,0.91195,0.53454,0.38144
1.08367,37.32498,14.15752,0.04609,-0.18088,0.98242,0.99133,0.0,0.0,nan,0.0,0.00947,0.02277,19.94686,1.88674,0.23832,0.60331,0.53248,0.75817,0.53002,0.53248
1.02613,38.96438,-14.4978,0.07483,-0.04242,-0.99629,0.98864,0.0,0.0,nan,0.0,0.00281,0.01887,19.96011,2.05571,0.22325,0.54295,0.899,0.576,0.48645,0.899
0.35656,38.11697,-13.90373,0.03487,-0.10456,-0.99391,0.99771,0.0,0.0,nan,0.0,0.00883,0.02923,19.46119,1.9369,0.23605,0.56683,0.63441,0.58789,0.51629,0.63441
1.05803,38.96612,14.70062,0.04581,-0.12081,0.99162,0.98177,0.0,0.0,nan,0.0,0.00668,0.02515,16.23835,2.38374,0.24062,0.61221,0.44232,0.48732,0.41951,0.44232
0.77988,41.04764,-14.37138,0.01538,-0.03008,-0.99943,0.98964,0.0,0.0,nan,0.0,0.01005,0.02712,20.74313,1.72427,0.24327,0.57243,0.62547,0.71013,0.57995,0.62547
1.38383,41.06684,-13.96958,0.06912,-0.05234,-0.99623,0.99622,0.0,0.0,nan,0.0,0.01301,0.0292,19.8839,1.72044,0.24306,0.60159,0.59925,0.81515,0.58125,0.59925
0.93666,41.00811,14.31774,0.00121,0.12791,0.99179,0.99711,0.0,0.0,nan,0.0,0.00917,0.02113,18.73334,1.95064,0.23884,0.5945,0.66035,0.80744,0.51265,0.66035
1.06099,42.91595,-14.64989,-0.00732,0.00608,-0.99995,0.97419,0.0,0.0,nan,0.0,0.00705,0.03423,24.32573,1.73978,0.2343,0.53633,0.48029,0.41548,0.57479,0.48029
1.35272,42.00621,-13.98835,0.03342,-0.05685,-0.99782,0.99283,0.0,0.0,nan,0.0,0.0098,0.02822,21.12468,1.9771,0.23617,0.56372,0.51716,0.67453,0.50579,0.51716
0.93528,42.6101,13.90368,0.01911,0.01415,0.99972,0.98725,0.0,0.0,nan,0.0,0.00826,0.02067,22.21475,1.63811,0.23068,0.49274,0.46784,0.88397,0.61046,0.46784
0.95285,43.08885,14.2007,0.02278,2e-05,0.99974,0.99881,0.0,0.0,nan,0.0,0.00641,0.01911,22.28304,1.91204,0.22882,0.42872,0.4628,0.85288,0.523,0.4628
0.97602,44.72268,-14.00168,-0.01225,0.04241,-0.99903,0.99283,0.0,0.0,nan,0.0,0.01045,0.02725,21.00841,1.64245,0.24547,0.44604,0.52372,0.94132,0.60885,0.52372
1.02953,45.16812,-13.86715,-0.00989,0.01996,-0.99975,0.98266,0.0,0.0,nan,0.0,0.0069,0.01889,21.79601,1.92442,0.23173,0.41504,0.4362,0.96139,0.51964,0.4362
1.81676,45.49983,13.88597,0.04075,0.08923,0.99518,0.99671,0.0,0.0,nan,0.0,0.01018,0.02643,19.57131,1.83715,0.23639,0.53518,0.5176,0.79314,0.54432,0.5176
0.96628,45.00535,14.46065,0.01521,0.08262,0.99647,0.98755,0.0,0.0,nan,0.0,0.01993,0.04818,20.90057,1.85058,0.2443,0.64825,0.77551,0.76142,0.54037,0.77551
0.99517,47.00505,-14.49355,0.00374,-0.10222,-0.99475,0.98964,0.0,0.0,nan,0.0,0.01633,0.04129,24.28014,1.80192,0.24742,0.65615,0.68217,0.65234,0.55496,0.68217
0.10687,47.23871,-13.93676,-0.05202,-0.09986,-0.99364,0.99432,0.0,0.0,nan,0.0,0.01926,0.05016,21.78943,1.86121,0.24086,0.67328,0.47203,0.62254,0.53729,0.47203
1.12513,47.13449,13.81009,0.06012,0.00319,0.99819,0.99283,0.0,0.0,nan,0.0,0.01104,0.02231,19.45204,1.80192,0.23711,0.57331,0.52178,0.95219,0.55496,0.52178
1.00422,46.87261,14.00001,0.0549,0.00769,0.99846,0.99662,0.0,0.0,nan,0.0,0.0127,0.02442,19.28285,3.37153,0.24257,0.61595,0.59059,0.93168,0.2966,0.59059
0.97673,49.07099,-14.70108,0.05042,0.12528,-0.99084,0.96652,0.0,0.0,nan,0.0,0.009,0.01746,24.14789,2.21294,0.22786,0.64682,0.53926,0.86318,0.45189,0.53926
1.71444,49.66286,-13.82228,0.11503,0.11672,-0.98648,0.98346,0.0,0.0,nan,0.0,0.01025,0.0197,25.64206,1.8491,0.23286,0.61014,0.75529,0.93552,0.5408,0.75529
0.81977,49.72778,13.73239,0.05331,0.02183,0.99834,0.99382,0.0,0.0,nan,0.0,0.00552,0.01512,14.76073,1.83918,0.23908,0.54047,0.50224,0.76681,0.54372,0.50224
1.0334,48.9024,14.42129,0.06912,0.00357,0.9976,0.99472,0.0,0.0,nan,0.0,0.00318,0.00962,15.29638,3.55268,0.23498,0.47087,0.56009,0.79376,0.28148,0.56009
1.01334,51.09912,-14.39998,-0.01019,0.03625,-0.99929,0.97818,0.0,0.0,nan,0.0,0.0099,0.02315,26.27676,2.36569,0.23387,0.69513,0.67094,0.66198,0.42271,0.67094
0.70847,50.3749,-13.97294,-0.00567,0.10712,-0.99423,0.99363,0.0,0.0,nan,0.0,0.0106,0.02551,24.58526,3.37572,0.23656,0.7066,0.80803,0.78118,0.29623,0.80803
1.06716,50.87384,13.82203,0.04111,0.01395,0.99906,0.99303,0.0,0.0,nan,0.0,0.00582,0.02303,14.2846,3.37902,0.24048,0.62333,0.90445,0.91329,0.29594,0.90445
0.36851,51.19906,14.07702,0.03985,-0.02889,0.99879,0.99502,0.0,0.0,nan,0.0,0.0061,0.01552,13.60677,3.35608,0.24089,0.51739,0.72285,0.87119,0.29797,0.72285
0.97755,52.99363,-14.30548,-0.0649,0.09489,-0.99337,0.96851,0.0,0.0,nan,0.0,0.01453,0.04429,16.81655,1.6941,0.23873,0.5884,0.52781,0.6238,0.59028,0.52781
0.8974,53.87497,-13.98633,-0.04431,0.22086,-0.9743,0.99363,0.0,0.0,nan,0.0,0.00989,0.0255,15.47324,2.03457,0.21886,0.45849,0.33753,0.95477,0.4915,0.33753
1.67288,52.10794,13.91079,0.06479,-0.10533,0.99232,0.98864,0.0,0.0,nan,0.0,0.00747,0.02719,16.26608,1.72862,0.2357,0.50066,0.71677,0.61625,0.5785,0.71677
0.98628,52.92994,14.40166,0.05316,-0.09135,0.9944,0.98824,0.0,0.0,nan,0.0,0.00474,0.02497,11.50236,1.86966,0.23371,0.50115,0.55102,0.44485,0.53486,0.55102
0.39125,54.00849,-14.0304,-0.07642,0.20946,-0.97483,0.98655,0.0,0.0,nan,0.0,0.0083,0.02439,16.30236,1.83013,0.23959,0.46072,0.36776,0.82931,0.54641,0.36776
1.0403,55.10615,-13.47945,-0.00952,0.23181,-0.97272,0.98904,0.0,0.0,nan,0.0,0.00825,0.02036,18.99503,2.04241,0.24083,0.47722,0.45085,0.93874,0.48962,0.45085
0.86445,55.90184,13.88365,0.00992,0.09231,0.99568,0.99452,0.0,0.0,nan,0.0,0.00349,0.01228,12.04564,1.69454,0.25104,0.58488,0.81174,0.70636,0.59013,0.81174
1.03426,55.00406,14.28121,0.00925,0.12228,0.99245,0.99432,0.0,0.0,nan,0.0,0.00544,0.0156,11.94373,1.86299,0.24394,0.67723,0.60403,0.6009,0.53677,0.60403
0.96115,57.07002,-13.04793,-0.10485,-0.00357,-0.99448,0.98984,0.0,0.0,nan,0.0,0.00746,0.02041,19.82175,1.89583,0.23384,0.52292,0.48098,0.76952,0.52747,0.48098
1.09667,56.5236,13.61782,0.02369,0.04192,0.99884,0.98655,0.0,0.0,nan,0.0,0.0055,0.01356,11.35232,3.46399,0.25222,0.645,0.71466,0.73973,0.28868,0.71466
0.98015,57.38128,14.10915,0.02792,0.04538,0.99858,0.99442,0.0,0.0,nan,0.0,0.006,0.01544,14.56333,1.81082,0.23387,0.63328,0.4005,0.69816,0.55224,0.4005
0.888,59.14157,-13.48145,-0.06207,0.11453,-0.99148,0.98386,0.0,0.0,nan,0.0,0.01049,0.03069,20.1377,3.42151,0.24219,0.62987,0.64474,0.59636,0.29227,0.64474
1.07161,59.63789,13.78721,0.02621,0.16164,0.9865,0.99741,0.0,0.0,nan,0.0,0.01346,0.03906,24.29735,1.63811,0.23656,0.57011,0.77675,0.71557,0.61046,0.77675
0.99626,58.67159,14.13355,0.03357,0.08365,0.99593,0.98894,0.0,0.0,nan,0.0,0.01029,0.02846,18.5355,1.86239,0.24024,0.57869,0.59918,0.69185,0.53695,0.59918
1.02659,60.87444,-12.50064,-0.01883,0.26249,-0.96475,0.98824,0.0,0.0,nan,0.0,0.00603,0.0167,18.1097,1.82069,0.23809,0.44458,0.43998,0.90215,0.54924,0.43998
1.10348,61.03361,13.53725,0.02261,0.08503,0.99612,0.99711,0.0,0.0,nan,0.0,0.01251,0.02816,25.73557,1.74304,0.22581,0.50146,0.73716,0.9552,0.57371,0.73716
0.98871,63.04693,-12.42531,-0.05668,0.10772,-0.99256,0.99921,0.0,0.0,nan,0.0,0.00763,0.02461,16.66119,1.86691,0.23301,0.46204,0.38465,0.75125,0.53564,0.38465
0.99729,63.12269,13.63958,-0.04897,0.06521,0.99667,0.99223,0.0,0.0,nan,0.0,0.01169,0.03276,23.6575,1.80192,0.2368,0.5336,0.74169,0.72517,0.55496,0.74169
0.98146,64.86575,-12.41186,-0.02982,0.14233,-0.98937,0.99662,0.0,0.0,nan,0.0,0.00574,0.02241,14.93746,1.91624,0.22803,0.40183,0.42108,0.72244,0.52186,0.42108
1.07103,65.77905,-11.86041,-0.02365,0.10819,-0.99385,0.99512,0.0,0.0,nan,0.0,0.00526,0.01922,13.86602,2.05623,0.23267,0.42759,0.56507,0.73253,0.48633,0.56507
1.01522,65.06928,13.14168,-0.10416,0.07824,0.99148,0.99901,0.0,0.0,nan,0.0,0.02058,0.04875,21.55651,1.66327,0.23545,0.50636,0.42684,0.91115,0.60123,0.42684
1.10653,67.25779,-12.08123,-0.00983,0.04443,-0.99896,0.99871,0.0,0.0,nan,0.0,0.00354,0.0196,12.20003,2.02071,0.22527,0.41495,0.54428,0.50644,0.49487,0.54428
0.72206,66.40778,-11.86127,-0.02232,0.07981,-0.99656,0.99681,0.0,0.0,nan,0.0,0.0044,0.02325,13.41919,1.91792,0.22884,0.50085,0.86277,0.67994,0.5214,0.86277
0.99984,67.08007,13.3889,-0.10019,0.0773,0.99196,0.99193,0.0,0.0,nan,0.0,0.01587,0.04119,21.90125,1.82343,0.22558,0.42038,0.55289,1.0,0.54842,0.55289
1.06385,68.49216,-12.04084,-0.00248,0.04789,-0.99885,0.99781,0.0,0.0,nan,0.0,0.00254,0.05405,8.71609,2.3961,0.21601,0.56903,0.95161,0.28596,0.41735,0.95161
0.95565,69.41508,-11.9188,0.00754,0.12266,-0.99242,0.99681,0.0,0.0,nan,0.0,0.00473,0.04696,5.67379,2.7441,0.23284,0.34363,0.74728,0.39599,0.36442,0.74728
0.96923,69.0002,12.90907,-0.07864,0.06552,0.99475,0.99851,0.0,0.0,nan,0.0,0.01146,0.0298,22.12929,1.80435,0.22986,0.42144,0.39626,0.99461,0.55422,0.39626
0.9723,70.93275,-11.65796,0.01528,0.19652,-0.98038,0.99562,0.0,0.0,nan,0.0,0.00833,0.03447,3.36691,1.91756,0.23144,0.40767,0.48453,0.94426,0.5215,0.48453
0.9559,70.89255,13.16084,-0.07064,-0.06342,0.99548,0.99472,0.0,0.0,nan,0.0,0.00415,0.01878,17.40405,1.87695,0.2272,0.30179,0.3096,0.81676,0.53278,0.3096
1.01631,73.04213,-11.1775,0.00992,0.24292,-0.97,0.99462,0.0,0.0,nan,0.0,0.01024,0.06577,2.80664,1.90318,0.21388,0.26677,0.37184,1.0,0.52544,0.37184
0.89753,73.01501,12.90587,-0.08325,0.00621,0.99651,0.99741,0.0,0.0,nan,0.0,0.00819,0.02409,15.67966,2.09746,0.22923,0.49487,0.47092,0.77497,0.47677,0.47092
0.99635,74.97359,-10.63908,0.01077,0.27873,-0.96031,0.99592,0.0,0.0,nan,0.0,0.00926,0.04725,2.96194,1.89888,0.22852,0.33852,0.69631,0.96936,0.52663,0.69631
0.99566,74.95804,13.04581,-0.03832,-0.02522,0.99895,0.99771,0.0,0.0,nan,0.0,0.00535,0.01591,15.8778,1.72855,0.23001,0.41367,0.44021,0.9152,0.57852,0.44021
0.94659,76.52525,-10.19506,0.0074,0.32405,-0.94601,0.99422,0.0,0.0,nan,0.0,0.00565,0.03693,3.04341,1.8866,0.22007,0.25478,0.46557,0.99559,0.53005,0.46557
0.99916,77.48809,-9.80132,0.00437,0.36244,-0.932,0.99671,0.0,0.0,nan,0.0,0.00409,0.02869,2.96624,1.80192,0.22415,0.23969,0.42731,0.99611,0.55496,0.42731
1.05546,77.05907,12.84418,-0.0045,0.08375,0.99648,0.99572,0.0,0.0,nan,0.0,0.0091,0.0211,19.11036,1.80795,0.23675,0.52227,0.62219,0.91234,0.55311,0.62219
0.99052,79.02946,-9.19649,-0.00699,0.41997,-0.90751,0.99642,0.0,0.0,nan,0.0,0.0044,0.03059,2.61461,1.74295,0.23192,0.25404,0.62693,1.0,0.57374,0.62693
1.02341,79.01019,12.73704,-0.01924,0.05888,0.99808,0.99691,0.0,0.0,nan,0.0,0.0059,0.01643,16.86592,1.80744,0.23457,0.41066,0.34426,0.97878,0.55327,0.34426
1.04229,80.64822,-8.33108,-0.01857,0.4749,-0.87985,0.99711,0.0,0.0,nan,0.0,0.00832,0.0511,2.7938,1.92056,0.23265,0.27921,0.45946,1.0,0.52068,0.45946
0.96589,81.67388,-7.78383,-0.0271,0.52627,-0.84988,0.99681,0.0,0.0,nan,0.0,0.00924,0.05851,2.92825,2.06292,0.23037,0.2658,0.43887,1.0,0.48475,0.43887
1.01564,81.01616,12.84498,-0.04774,0.20977,0.97658,0.97878,0.0,0.0,nan,0.0,0.00485,0.02804,15.31713,1.68635,0.23823,0.45218,0.73012,0.43285,0.593,0.73012
1.05623,83.02119,-6.85744,-0.03129,0.6473,-0.7616,0.99462,0.0,0.0,nan,0.0,0.00518,0.07021,5.05022,2.09564,0.23296,0.29781,0.71575,0.34562,0.47718,0.71575
0.81755,83.97179,-5.97061,-0.01903,0.76817,-0.63996,0.99074,0.0,0.0,nan,0.0,0.009,0.08084,6.02825,1.99421,0.23855,0.28399,0.69611,0.52215,0.50145,0.69611
0.94899,83.4603,11.32583,-0.07416,0.73753,0.67122,0.98416,0.0,0.0,nan,0.0,0.00772,0.05862,4.33049,2.39048,0.24429,0.19755,0.45247,0.97478,0.41833,0.45247
1.05818,82.37558,12.20216,-0.0561,0.51206,0.85711,0.97429,0.0,0.0,nan,0.0,0.00403,0.14009,10.54546,1.72077,0.22704,0.70382,0.9882,0.20464,0.58113,0.9882
1.02993,84.58029,-5.06818,0.00574,0.85955,-0.51101,0.99333,0.0,0.0,nan,0.0,0.01566,0.08794,6.66961,1.75591,0.23526,0.2802,0.47739,0.82599,0.5695,0.47739
0.99756,85.37496,-3.00537,0.02963,0.95932,-0.28077,0.99761,0.0,0.0,nan,0.0,0.02058,0.10836,7.70159,2.00981,0.23794,0.24221,0.67728,0.98801,0.49756,0.67728
0.99403,85.78426,-0.99342,0.03315,0.99077,-0.13144,0.99612,0.0,0.0,nan,0.0,0.00684,0.05073,8.81397,1.91735,0.22542,0.27995,0.84246,0.83875,0.52155,0.84246
1.13027,85.71537,0.98741,0.04538,0.99802,-0.04358,0.99642,0.0,0.0,nan,0.0,0.00535,0.05626,9.27294,1.81538,0.22337,0.33041,0.90597,0.6989,0.55085,0.90597
1.22136,85.98052,3.10322,0.04522,0.99819,0.0397,0.99482,0.0,0.0,nan,0.0,0.00288,0.04812,8.96322,1.8691,0.21966,0.36039,0.93749,0.5072,0.53502,0.93749
0.99663,85.78091,4.9469,0.02448,0.98971,0.14097,0.99652,0.0,0.0,nan,0.0,0.00994,0.08657,6.17512,1.7609,0.21857,0.184,0.58299,0.8263,0.56789,0.58299
0.98869,85.41647,7.01008,-0.01589,0.97047,0.24071,0.99472,0.0,0.0,nan,0.0,0.01027,0.08691,4.81827,1.83261,0.22775,0.24935,0.79143,0.77347,0.54567,0.79143
1.00895,84.75533,9.06766,-0.056,0.91792,0.39279,0.99323,0.0,0.0,nan,0.0,0.01883,0.10494,4.45199,1.80788,0.233,0.2695,0.68973,0.96486,0.55313,0.68973
1.08863,84.18085,10.24938,-0.0698,0.85266,0.51778,0.99213,0.0,0.0,nan,0.0,0.01142,0.0551,4.07012,1.72005,0.23918,0.32073,0.3831,0.9637,0.58138,0.3831
0.14391,86.00037,1.34459,0.04598,0.99842,-0.03234,0.99612,0.0,0.0,nan,0.0,0.00355,0.05244,9.0792,1.87611,0.2255,0.33878,0.93509,0.59811,0.53302,0.93509
0.40597,86.03963,2.72286,0.04497,0.99856,0.02911,0.99552,0.0,0.0,nan,0.0,0.00302,0.0495,9.2064,1.88443,0.21828,0.35738,0.94111,0.53463,0.53066,0.94111
2.93771,1.93797,-0.06405,-0.03275,-0.85187,-0.52273,0.99901,0.0,0.0,nan,0.0,0.0156,0.0586,11.02563,1.74164,0.22157,0.39403,0.42752,0.79819,0.57417,0.42752
2.99278,1.13239,1.0254,-0.01837,-0.8697,-0.49324,0.97648,0.0,0.0,nan,0.0,0.00383,0.07186,25.98129,1.73661,0.24405,0.80275,0.97912,0.26822,0.57583,0.97912
2.95816,0.31912,3.23996,0.01322,-0.99875,0.04823,0.95854,0.0,0.0,nan,0.0,0.01055,0.02478,21.98071,2.14364,0.2318,0.5025,0.33639,0.92406,0.4665,0.33639
3.018,0.96328,4.95113,0.03606,-0.97644,0.21274,0.99811,0.0,0.0,nan,0.0,0.01154,0.02699,18.51692,2.0736,0.23239,0.58511,0.45364,0.80958,0.48225,0.45364
2.94547,1.15027,7.10243,-0.02085,-0.91628,0.4,0.9713,0.0,0.0,nan,0.0,0.01204,0.03407,16.14059,2.10186,0.22249,0.49738,0.68887,0.79853,0.47577,0.68887
3.33904,1.82636,8.22699,-0.02794,-0.82277,0.56769,0.97898,0.0,0.0,nan,0.0,0.0098,0.03479,22.14431,2.05364,0.23627,0.59664,0.57411,0.51493,0.48694,0.57411
3.01705,3.33967,-2.94153,-0.03158,-0.80658,-0.59028,0.99323,0.0,0.0,nan,0.0,0.01781,0.05914,13.07073,2.20058,0.23375,0.37043,0.58613,0.93762,0.45443,0.58613
3.00821,2.38115,-1.02823,-0.03127,-0.89019,-0.45451,0.99861,0.0,0.0,nan,0.0,0.01174,0.03809,11.71163,1.9224,0.22361,0.36578,0.42007,0.98685,0.52018,0.42007
2.05427,2.02445,7.99077,-0.03295,-0.83349,0.55155,0.99562,0.0,0.0,nan,0.0,0.01633,0.0514,20.67957,2.04621,0.23498,0.53948,0.34995,0.64603,0.48871,0.34995
2.92467,2.77439,9.08662,0.004,-0.82575,0.56403,0.99821,0.0,0.0,nan,0.0,0.00979,0.0225,21.52196,1.63811,0.23804,0.58122,0.58017,0.81813,0.61046,0.58017
2.96731,3.55679,10.64573,0.03928,-0.81169,0.58277,0.98575,0.0,0.0,nan,0.0,0.01135,0.03485,17.60438,1.74728,0.23947,0.57685,0.46283,0.62864,0.57232,0.46283
3.02718,5.19799,-4.58348,-0.0308,-0.5911,-0.80601,0.99921,0.0,0.0,nan,0.0,0.0078,0.03546,11.64827,1.63811,0.22943,0.28328,0.55419,0.90946,0.61046,0.55419
2.89579,4.18488,-3.85686,-0.03113,-0.68246,-0.73026,0.99691,0.0,0.0,nan,0.0,0.01137,0.04288,11.69801,1.64506,0.22538,0.32818,0.4984,0.94596,0.60788,0.4984
3.00939,4.40019,11.51127,0.02657,-0.67981,0.73291,0.97369,0.0,0.0,nan,0.0,0.00501,0.048,18.21662,1.86371,0.23505,0.66048,0.90135,0.34034,0.53657,0.90135
2.9577,5.33332,12.32696,0.00464,-0.39752,0.91758,0.95336,0.0,0.0,nan,0.0,0.00753,0.05987,15.91339,1.6615,0.23956,0.59855,0.8418,0.33494,0.60187,0.8418
3.07399,7.65762,-6.25356,-0.04738,-0.63808,-0.76851,0.99751,0.0,0.0,nan,0.0,0.0123,0.02505,18.69952,1.8823,0.23881,0.64515,0.65833,0.84249,0.53127,0.65833
2.9385,6.73654,-5.62363,-0.05499,-0.57751,-0.81453,0.99801,0.0,0.0,nan,0.0,0.00817,0.02699,17.16904,1.68878,0.23677,0.52497,0.57258,0.64346,0.59214,0.57258
2.94646,7.02265,12.45961,-0.01518,-0.05072,0.9986,0.98615,0.0,0.0,nan,0.0,0.01147,0.0373,18.10396,1.91122,0.22712,0.45738,0.52621,0.74673,0.52323,0.52621
3.02281,9.72388,-8.17352,-0.02731,-0.60086,-0.79889,0.99422,0.0,0.0,nan,0.0,0.00793,0.03382,13.13463,2.18771,0.23102,0.69157,0.5509,0.39074,0.4571,0.5509
2.97883,8.55046,-7.45173,-0.02981,-0.66739,-0.74411,0.99034,0.0,0.0,nan,0.0,0.00911,0.02338,17.20646,2.19947,0.23589,0.6843,0.53427,0.63571,0.45465,0.53427
2.9608,9.09469,12.37973,0.07183,-0.17198,0.98248,0.98525,0.0,0.0,nan,0.0,0.01442,0.03264,24.75457,1.71557,0.23775,0.48496,0.71143,0.98477,0.5829,0.71143
3.00619,11.06581,-8.93216,-0.06508,-0.59028,-0.80457,0.99861,0.0,0.0,nan,0.0,0.01032,0.05728,9.89796,1.92266,0.22659,0.5988,0.89264,0.6657,0.52011,0.89264
2.98398,10.79942,13.22413,0.1138,-0.17621,0.97775,0.9724,0.0,0.0,nan,0.0,0.00994,0.02384,21.36697,2.04293,0.22963,0.56281,0.47787,0.81051,0.48949,0.47787
2.98836,12.91024,-10.69773,-0.00938,-0.39121,-0.92026,0.95725,0.0,0.0,nan,0.0,0.0118,0.03244,14.31401,2.65467,0.22756,0.62558,0.68269,0.66248,0.3767,0.68269
2.8693,12.12757,-9.81796,-0.05382,-0.56402,-0.82401,0.99014,0.0,0.0,nan,0.0,0.01748,0.0387,11.0186,1.72404,0.23654,0.57641,0.57234,0.92614,0.58003,0.57234
3.05216,13.13962,13.07736,0.07824,0.02365,0.99665,0.99751,0.0,0.0,nan,0.0,0.0106,0.02168,15.2446,1.89486,0.23653,0.59516,0.4082,0.92899,0.52774,0.4082
2.97345,15.05813,-10.6461,0.04785,-0.18589,-0.98141,0.99542,0.0,0.0,nan,0.0,0.01269,0.03214,16.77355,2.53369,0.23389,0.61916,0.53521,0.71373,0.39468,0.53521
3.00545,14.99034,13.05482,0.12198,-0.18592,0.97496,0.99602,0.0,0.0,nan,0.0,0.00767,0.02094,17.85104,1.86079,0.2288,0.55742,0.5353,0.73097,0.53741,0.5353
2.98408,16.95691,-11.60197,0.0465,-0.25751,-0.96515,0.98864,0.0,0.0,nan,0.0,0.0072,0.03234,15.4218,2.33959,0.2315,0.50459,0.52123,0.49856,0.42742,0.52123
2.96912,16.98268,13.68821,0.08344,-0.08372,0.99299,0.99283,0.0,0.0,nan,0.0,0.0126,0.03094,16.84977,2.17579,0.2402,0.68062,0.35249,0.66918,0.4596,0.35249
3.03961,19.06635,-11.80134,0.0833,0.05968,-0.99474,0.99263,0.0,0.0,nan,0.0,0.00955,0.03681,15.86187,1.63811,0.24178,0.50511,0.45122,0.57844,0.61046,0.45122
2.99773,19.02557,13.48928,0.02194,0.09676,0.99507,0.99861,0.0,0.0,nan,0.0,0.01378,0.05584,21.82815,1.87123,0.21255,0.53156,0.75382,0.51302,0.53441,0.75382
2.98313,21.0448,-11.32735,0.03722,-0.14266,-0.98907,0.96672,0.0,0.0,nan,0.0,0.00972,0.02628,23.72883,2.02655,0.22852,0.42787,0.56099,0.93725,0.49345,0.56099
2.98857,21.14565,13.0419,0.08653,-0.14777,0.98523,0.9718,0.0,0.0,nan,0.0,0.00662,0.02167,20.25042,1.69253,0.23179,0.39226,0.66546,0.85561,0.59083,0.66546
3.02307,23.10221,-12.51021,0.03721,-0.28627,-0.95743,0.97888,0.0,0.0,nan,0.0,0.0058,0.02324,18.6752,1.77677,0.23072,0.41708,0.46999,0.66291,0.56282,0.46999
2.92261,22.20639,-11.76101,0.01815,-0.31951,-0.94741,0.98396,0.0,0.0,nan,0.0,0.01011,0.02609,20.86016,2.04587,0.23248,0.49529,0.54594,0.85703,0.48879,0.54594
3.31871,22.58895,13.97236,0.0947,-0.1208,0.98815,0.99522,0.0,0.0,nan,0.0,0.00941,0.02786,22.33703,1.63811,0.24571,0.5591,0.71225,0.65786,0.61046,0.71225
2.87991,23.21286,14.11229,0.08551,-0.07108,0.9938,0.98436,0.0,0.0,nan,0.0,0.00669,0.02827,22.64689,1.6453,0.23718,0.55012,0.7679,0.49645,0.60779,0.7679
3.03174,25.07736,-12.5818,0.0822,0.00961,-0.99657,0.99064,0.0,0.0,nan,0.0,0.00863,0.03284,17.66796,3.43585,0.24327,0.54392,0.76062,0.55675,0.29105,0.76062
2.97568,24.91448,13.50533,0.06809,0.10474,0.99217,0.99133,0.0,0.0,nan,0.0,0.00967,0.02514,17.18692,1.63811,0.24081,0.55008,0.37156,0.78056,0.61046,0.37156
2.21233,24.06546,14.04904,0.02614,0.0673,0.99739,0.98206,0.0,0.0,nan,0.0,0.01258,0.0383,18.64749,3.39849,0.25052,0.57782,0.71174,0.62927,0.29425,0.71174
2.91262,27.32368,-12.31613,0.06792,-0.2333,-0.97003,0.97678,0.0,0.0,nan,0.0,0.01121,0.02563,18.72351,1.88247,0.23733,0.57642,0.67734,0.83968,0.53122,0.67734
3.35582,26.85727,-11.82867,0.0506,-0.17693,-0.98292,0.92107,0.0,0.0,nan,0.0,0.00859,0.02313,18.22132,3.35673,0.23403,0.4582,0.61625,0.89939,0.29791,0.61625
2.96035,27.03533,13.47537,0.10111,-0.09497,0.99033,0.99333,0.0,0.0,nan,0.0,0.00838,0.01994,19.81759,1.63811,0.23359,0.46823,0.66787,0.98861,0.61046,0.66787
2.45822,27.80886,14.04021,0.07086,-0.06289,0.9955,0.99333,0.0,0.0,nan,0.0,0.00466,0.01428,17.79171,1.63811,0.23406,0.44406,0.42593,0.81716,0.61046,0.42593
3.03789,28.92066,-13.40057,0.13579,-0.25035,-0.95859,0.98177,0.0,0.0,nan,0.0,0.00585,0.01918,18.67976,1.94006,0.23501,0.528,0.52465,0.63938,0.51545,0.52465
2.39928,29.1637,13.8828,0.01622,0.0185,0.9997,0.99622,0.0,0.0,nan,0.0,0.00821,0.0238,18.39311,1.69281,0.24701,0.54981,0.5509,0.69549,0.59073,0.5509
3.17206,28.91228,14.07888,0.04943,-0.0264,0.99843,0.99103,0.0,0.0,nan,0.0,0.0085,0.02383,18.55577,1.73583,0.23853,0.57374,0.43726,0.68844,0.57609,0.43726
3.07237,30.85025,-13.66694,0.11912,-0.18125,-0.9762,0.99542,0.0,0.0,nan,0.0,0.00607,0.01924,20.85398,1.90262,0.23571,0.58276,0.65319,0.59318,0.52559,0.65319
2.9967,30.97861,13.7363,0.02917,0.00892,0.99953,0.99861,0.0,0.0,nan,0.0,0.00716,0.01674,19.49724,2.31115,0.23082,0.53163,0.37855,0.88662,0.43269,0.37855
3.7807,30.08761,14.05718,0.03507,0.05063,0.9981,0.98645,0.0,0.0,nan,0.0,0.00812,0.01953,18.82002,1.89156,0.23697,0.59071,0.35896,0.77855,0.52866,0.35896
3.02127,33.43506,-14.20199,0.09317,-0.02218,-0.9954,0.98097,0.0,0.0,nan,0.0,0.00527,0.0208,18.77907,1.85451,0.23593,0.53586,0.35674,0.5234,0.53923,0.35674
2.96857,32.46813,-13.85429,0.08299,-0.18927,-0.97841,0.97987,0.0,0.0,nan,0.0,0.00982,0.03585,23.14607,1.80192,0.23515,0.61636,0.52386,0.48287,0.55496,0.52386
3.2058,32.42405,13.72073,0.07225,-0.11901,0.99026,0.99412,0.0,0.0,nan,0.0,0.00983,0.02408,20.45531,2.03424,0.24258,0.46226,0.32762,0.96944,0.49158,0.32762
2.8953,33.29447,14.26321,0.08363,-0.12066,0.98916,0.98635,0.0,0.0,nan,0.0,0.01185,0.02677,20.48631,2.00132,0.22342,0.54384,0.43349,0.89364,0.49967,0.43349
3.02765,34.27772,-14.14655,0.08376,0.03744,-0.99578,0.98366,0.0,0.0,nan,0.0,0.00508,0.01644,16.17063,1.8714,0.2396,0.44339,0.4054,0.78352,0.53436,0.4054
2.84327,35.19514,-13.4994,0.0606,0.0564,-0.99657,0.98645,0.0,0.0,nan,0.0,0.00744,0.01878,15.4861,1.65398,0.23767,0.51389,0.54107,0.87016,0.6046,0.54107
3.36092,35.48943,13.88166,0.07183,0.08483,0.9938,0.99592,0.0,0.0,nan,0.0,0.01057,0.02798,20.49104,1.71599,0.23925,0.6076,0.50781,0.68233,0.58275,0.50781
2.88693,34.83191,14.3159,0.06446,0.06265,0.99595,0.97599,0.0,0.0,nan,0.0,0.01954,0.04598,18.01387,3.35675,0.24052,0.6721,0.52877,0.70251,0.29791,0.52877
2.8035,37.18259,-14.06034,0.04198,-0.10171,-0.99393,0.99612,0.0,0.0,nan,0.0,0.00598,0.02521,17.87201,1.88575,0.2334,0.44139,0.41428,0.59723,0.53029,0.41428
3.08872,36.90501,-13.87097,0.04306,-0.08909,-0.99509,0.99582,0.0,0.0,nan,0.0,0.00628,0.02558,17.91101,1.63811,0.23837,0.47522,0.44471,0.57405,0.61046,0.44471
2.8795,36.99295,13.37161,0.1034,-0.08003,0.99141,0.93074,0.0,0.0,nan,0.0,0.00529,0.01427,18.26646,1.80192,0.23798,0.4562,0.45267,0.90162,0.55496,0.45267
2.31101,37.53094,14.01603,0.1067,-0.16145,0.9811,0.99542,0.0,0.0,nan,0.0,0.0094,0.02414,19.38071,1.87778,0.2352,0.58777,0.75298,0.73802,0.53254,0.75298
2.82596,38.79509,-14.24546,0.09733,0.0023,-0.99525,0.99203,0.0,0.0,nan,0.0,0.00515,0.01687,15.33383,1.68001,0.23408,0.36866,0.37728,0.93628,0.59524,0.37728
3.18787,39.55413,-13.87881,0.10751,0.01716,-0.99406,0.99891,0.0,0.0,nan,0.0,0.01017,0.02584,16.78195,1.67311,0.23549,0.46645,0.41453,0.94413,0.59769,0.41453
3.86122,38.04057,13.8968,0.13083,-0.17746,0.97539,0.99343,0.0,0.0,nan,0.0,0.00463,0.01593,17.37458,1.84987,0.24269,0.44445,0.64772,0.72961,0.54058,0.64772
3.01689,38.93859,14.61237,0.1096,-0.17138,0.97909,0.98595,0.0,0.0,nan,0.0,0.00602,0.02451,16.3644,3.24548,0.25016,0.61163,0.35247,0.45058,0.30812,0.35247
2.46074,41.12676,-14.12203,0.11493,-0.09212,-0.98909,0.99881,0.0,0.0,nan,0.0,0.01065,0.02731,18.3177,1.89785,0.23615,0.61939,0.59057,0.6984,0.52691,0.59057
3.14214,41.02118,-13.78501,0.10549,-0.10411,-0.98896,0.99642,0.0,0.0,nan,0.0,0.01095,0.02749,18.69622,2.19915,0.23457,0.62463,0.56453,0.7058,0.45472,0.56453
2.41971,41.90462,13.90885,0.05042,0.09075,0.9946,0.99074,0.0,0.0,nan,0.0,0.01003,0.02843,22.37279,1.80192,0.23391,0.46228,0.4828,0.83123,0.55496,0.4828
2.9445,40.98633,14.51086,0.05963,0.12255,0.99067,0.99402,0.0,0.0,nan,0.0,0.01052,0.03825,19.7943,1.63811,0.23593,0.51586,0.46017,0.58684,0.61046,0.46017
3.0174,42.93546,-14.60563,0.08599,-0.02262,-0.99604,0.9722,0.0,0.0,nan,0.0,0.00492,0.01878,19.11195,2.01937,0.23751,0.48707,0.38474,0.59445,0.4952,0.38474
3.11143,42.03521,-13.9213,0.09412,-0.08929,-0.99155,0.99841,0.0,0.0,nan,0.0,0.00602,0.02033,18.62028,1.98817,0.23142,0.559,0.40954,0.58708,0.50298,0.40954
3.08937,42.86107,13.8501,0.09341,0.03694,0.99494,0.99502,0.0,0.0,nan,0.0,0.00539,0.02334,22.30285,1.63811,0.23972,0.33647,0.41031,0.74759,0.61046,0.41031
2.88262,43.26892,14.03121,0.09158,0.01792,0.99564,0.99881,0.0,0.0,nan,0.0,0.00482,0.0223,22.65827,1.94143,0.22955,0.29962,0.43924,0.7853,0.51508,0.43924
3.22486,45.3547,-14.00447,0.07571,-0.04318,-0.99619,0.99532,0.0,0.0,nan,0.0,0.01005,0.02202,19.59578,3.0541,0.2405,0.59842,0.76789,0.89143,0.32743,0.76789
3.04272,44.94685,-13.65784,0.07655,0.01221,-0.99699,0.9728,0.0,0.0,nan,0.0,0.01161,0.02752,20.34966,1.68881,0.23868,0.6436,0.80105,0.86069,0.59213,0.80105
2.61332,45.61585,13.91943,0.04872,0.08171,0.99546,0.99931,0.0065,0.03252,0.7,1.0,0.01084,0.02958,18.97576,2.03216,0.23184,0.55601,0.43212,0.72868,0.49209,0.43212
3.09564,44.8697,14.33971,0.07754,0.04587,0.99593,0.99064,0.0,0.0,nan,0.0,0.00731,0.03228,20.93413,1.99239,0.2349,0.42405,0.391,0.58527,0.50191,0.391
2.98355,46.98395,-14.49381,0.08481,-0.03505,-0.99578,0.96751,0.0,0.0,nan,0.0,0.01284,0.04074,26.48853,3.60383,0.24461,0.58648,0.69553,0.57815,0.27748,0.69553
2.95971,46.97443,13.62378,0.07882,0.03342,0.99633,0.98645,0.0,0.0,nan,0.0,0.01162,0.02338,18.25499,1.71012,0.23847,0.62799,0.47055,0.87835,0.58475,0.47055
3.57954,46.02786,14.00946,0.07825,0.08429,0.99336,0.99502,0.0,0.0,nan,0.0,0.00995,0.02773,19.75661,1.84572,0.23844,0.55763,0.34176,0.70847,0.5418,0.34176
2.83861,48.59817,-14.39309,0.16396,0.16966,-0.97177,0.99034,0.0,0.0,nan,0.0,0.01037,0.02413,22.76998,1.81294,0.23699,0.55122,0.4209,0.84834,0.55159,0.4209
3.09295,49.36151,-13.51339,0.19612,0.15806,-0.96776,0.96432,0.0,0.0,nan,0.0,0.01255,0.02492,24.72525,3.37252,0.23203,0.54429,0.55412,1.0,0.29651,0.55412
3.37741,48.17479,13.85615,0.08425,-0.01461,0.99634,0.99861,0.0,0.0,nan,0.0,0.00541,0.01277,18.67462,1.83558,0.23156,0.51048,0.36376,0.91846,0.54479,0.36376
2.95405,49.03063,14.3089,0.05669,-0.00585,0.99837,0.98834,0.0,0.0,nan,0.0,0.00534,0.01322,17.27002,1.85634,0.24285,0.49171,0.45435,0.91606,0.53869,0.45435
2.69299,51.54486,-14.22203,0.12874,-0.05675,-0.99005,0.98436,0.0,0.0,nan,0.0,0.00486,0.02933,24.79712,2.23024,0.23091,0.59488,0.8987,0.57448,0.44838,0.8987
3.09122,50.81986,-13.48694,0.16788,-0.06018,-0.98397,0.96702,0.0,0.0,nan,0.0,0.01182,0.03668,29.47598,1.83026,0.23937,0.65843,0.65672,0.52281,0.54637,0.65672
3.0065,51.00963,13.98576,0.07529,0.03319,0.99661,0.99442,0.0,0.0,nan,0.0,0.01257,0.02906,18.30094,2.20606,0.23717,0.63253,0.79446,0.88404,0.4533,0.79446
3.22868,50.19396,14.0315,0.06418,0.0319,0.99743,0.99472,0.0,0.0,nan,0.0,0.00918,0.02532,18.60575,1.91084,0.23422,0.53461,0.39227,0.75126,0.52333,0.39227
2.96379,52.84267,-14.30926,0.09419,0.06259,-0.99358,0.96921,0.0,0.0,nan,0.0,0.01112,0.02995,19.57382,1.89264,0.22903,0.44231,0.45654,0.92479,0.52836,0.45654
3.18347,53.69514,-13.746,0.06912,0.17659,-0.98185,0.99671,0.0,0.0,nan,0.0,0.01012,0.02886,20.11607,1.91393,0.2268,0.42994,0.48288,0.89717,0.52249,0.48288
3.17944,52.36687,13.78281,0.13712,-0.09162,0.98631,0.99333,0.0,0.0,nan,0.0,0.00947,0.02853,17.57407,1.74341,0.23489,0.53868,0.43672,0.68628,0.57359,0.43672
2.94179,53.1851,14.24406,0.12445,-0.09796,0.98738,0.99382,0.0,0.0,nan,0.0,0.00764,0.0303,13.4739,1.90604,0.22286,0.62416,0.55236,0.46406,0.52465,0.55236
3.00852,54.9466,-13.60359,-0.0059,0.20932,-0.97783,0.99761,0.0,0.0,nan,0.0,0.01131,0.02585,20.45325,1.87609,0.22837,0.56142,0.65547,0.85513,0.53302,0.65547
2.60115,55.9602,13.97783,0.03043,0.09866,0.99466,0.99532,0.0,0.0,nan,0.0,0.00284,0.01077,11.56945,3.38652,0.24274,0.59732,0.83318,0.70461,0.29529,0.83318
3.00796,55.02663,14.2062,0.05272,0.07902,0.99548,0.98834,0.0,0.0,nan,0.0,0.00547,0.02018,10.81241,2.54477,0.23905,0.72757,0.57413,0.44127,0.39296,0.57413
2.98463,57.08189,-13.24307,-0.02626,-0.02823,-0.99926,0.99771,0.0,0.0,nan,0.0,0.0091,0.02145,17.91775,1.8104,0.24041,0.63566,0.323,0.74141,0.55236,0.323
2.99682,56.9262,13.55698,0.04134,0.07538,0.9963,0.98775,0.0,0.0,nan,0.0,0.00245,0.00763,12.00811,3.36197,0.24358,0.53922,0.67199,0.69423,0.29744,0.67199
2.72988,57.66861,14.05238,0.04642,0.05586,0.99736,0.99572,0.0,0.0,nan,0.0,0.00324,0.01193,14.70123,1.63811,0.24384,0.49158,0.43725,0.62757,0.61046,0.43725
3.0508,59.12983,-13.66438,0.03412,0.17832,-0.98338,0.95675,0.0,0.0,nan,0.0,0.00989,0.03188,17.50589,1.97574,0.24644,0.49966,0.46256,0.69188,0.50614,0.46256
2.91524,59.24564,13.5536,0.02284,0.10127,0.9946,0.99771,0.0,0.0,nan,0.0,0.01271,0.03917,18.54794,1.73032,0.24696,0.63341,0.71141,0.56753,0.57793,0.71141
2.8633,58.38303,14.06699,0.03938,0.06771,0.99693,0.99542,0.0,0.0,nan,0.0,0.00441,0.01407,16.1087,3.48481,0.24606,0.54109,0.5775,0.65089,0.28696,0.5775
2.87641,60.96443,-12.72007,0.04328,0.23109,-0.97197,0.99582,0.0,0.0,nan,0.0,0.00837,0.02451,16.90138,1.83706,0.24276,0.39965,0.41907,0.95539,0.54435,0.41907
3.01356,61.07609,13.07198,-0.01407,0.06213,0.99797,0.96941,0.0,0.0,nan,0.0,0.00827,0.02233,23.47911,1.91752,0.22633,0.44027,0.4324,0.91269,0.52151,0.4324
3.01364,62.97586,-12.35545,0.04263,0.12427,-0.99133,0.99911,0.0,0.0,nan,0.0,0.00738,0.02446,14.15505,1.73913,0.23668,0.42557,0.69511,0.80917,0.575,0.69511
3.0121,62.99638,13.62521,-0.04578,-0.01124,0.99889,0.99701,0.0,0.0,nan,0.0,0.01218,0.02871,23.38508,1.84387,0.23691,0.4634,0.60098,0.9942,0.54234,0.60098
2.96228,64.682,-12.2927,0.03087,0.14386,-0.98912,0.99921,0.0,0.0,nan,0.0,0.00351,0.0105,11.06091,1.63811,0.2407,0.39974,0.39608,0.98778,0.61046,0.39608
3.09403,65.6525,-11.84412,0.03505,0.13609,-0.99008,0.99552,0.0,0.0,nan,0.0,0.00653,0.02467,10.1875,2.72664,0.23766,0.6319,0.77765,0.54944,0.36675,0.77765
3.02979,65.11411,13.5614,-0.05345,0.07244,0.99594,0.99911,0.0,0.0,nan,0.0,0.01367,0.03436,23.07363,1.98289,0.2297,0.47402,0.41391,0.9122,0.50432,0.41391
2.92384,66.94994,-12.07771,0.03407,0.07132,-0.99687,0.99701,0.0,0.0,nan,0.0,0.00321,0.01464,9.28778,2.98929,0.23518,0.44397,0.459,0.59984,0.33453,0.459
3.5959,67.50679,-11.99939,0.06573,0.06477,-0.99573,0.99881,0.0,0.0,nan,0.0,0.00531,0.02823,7.40975,3.19928,0.23518,0.60169,0.60629,0.39735,0.31257,0.60629
2.99312,66.9503,13.55559,-0.06562,0.06439,0.99576,0.99652,0.0,0.0,nan,0.0,0.00795,0.02288,23.57513,1.91789,0.22195,0.3837,0.4876,0.98207,0.52141,0.4876
2.42708,68.49061,-12.02071,0.04444,0.07128,-0.99647,0.99721,0.0,0.0,nan,0.0,0.00594,0.04998,6.64499,1.80192,0.24256,0.46022,0.65116,0.3361,0.55496,0.65116
3.0823,69.11889,-11.84677,0.08262,0.13599,-0.98726,0.99741,0.0,0.0,nan,0.0,0.00878,0.04747,4.16602,2.12524,0.22307,0.29157,0.42231,0.93897,0.47054,0.42231
2.9677,69.01275,13.11798,-0.12751,0.05072,0.99054,0.99681,0.0,0.0,nan,0.0,0.0099,0.0268,22.23435,1.84071,0.2348,0.40305,0.6451,0.99921,0.54327,0.6451
2.9859,71.00459,-11.51738,0.09177,0.19968,-0.97556,0.99422,0.0,0.0,nan,0.0,0.00634,0.04225,3.12882,1.88871,0.22998,0.27707,0.43896,0.88741,0.52946,0.43896
2.9875,70.83945,13.20795,-0.12359,-0.07219,0.9897,0.99921,0.0,0.0,nan,0.0,0.00466,0.01828,14.92772,1.9816,0.22772,0.39858,0.39315,0.7251,0.50464,0.39315
2.98938,73.02682,-11.06787,0.0839,0.23375,-0.96867,0.99482,0.0,0.0,nan,0.0,0.00998,0.073,2.71076,1.93865,0.21258,0.23765,0.60844,1.0,0.51582,0.60844
2.98455,73.01835,13.35273,-0.13918,0.00645,0.99025,0.99382,0.0,0.0,nan,0.0,0.00771,0.0225,12.4321,1.80192,0.23679,0.66772,0.34651,0.59598,0.55496,0.34651
3.02735,75.01125,-10.54011,0.07134,0.27232,-0.95956,0.99452,0.0,0.0,nan,0.0,0.00899,0.05821,2.78307,1.88403,0.21619,0.26537,0.63378,1.0,0.53078,0.63378
3.01567,74.98927,13.19817,-0.10392,0.02415,0.99429,0.99731,0.0,0.0,nan,0.0,0.00432,0.01459,12.67428,1.73474,0.24571,0.46248,0.68726,0.74154,0.57646,0.68726
2.89366,76.48524,-10.12388,0.05782,0.3151,-0.94729,0.99691,0.0,0.0,nan,0.0,0.00523,0.04194,2.63158,2.09091,0.22229,0.21933,0.39511,1.0,0.47826,0.39511
3.06308,77.38557,-9.79539,0.05686,0.34516,-0.93682,0.99552,0.0,0.0,nan,0.0,0.00728,0.04497,2.59883,1.90884,0.23168,0.28631,0.36767,1.0,0.52388,0.36767
2.97999,77.10004,13.21304,-0.11386,0.077,0.99051,0.99751,0.0,0.0,nan,0.0,0.0113,0.02957,16.22782,1.80192,0.2388,0.54909,0.56895,0.78188,0.55496,0.56895
2.99171,79.04341,-9.10067,0.04524,0.41105,-0.91049,0.99373,0.0,0.0,nan,0.0,0.00582,0.04303,2.44441,1.93391,0.22276,0.24614,0.32833,1.0,0.51709,0.32833
2.98647,79.00919,12.8742,-0.13108,0.0472,0.99025,0.99642,0.0,0.0,nan,0.0,0.00691,0.02039,16.03154,1.85903,0.23687,0.49832,0.36372,0.7643,0.53791,0.36372
3.00743,80.63796,-8.34698,0.03773,0.46212,-0.88601,0.99632,0.0,0.0,nan,0.0,0.00954,0.04711,2.83492,1.88873,0.22939,0.34523,0.46933,1.0,0.52946,0.46933
3.02754,81.66228,-7.81919,0.03094,0.5137,-0.85741,0.99681,0.0,0.0,nan,0.0,0.00976,0.0551,3.52845,1.90937,0.22615,0.28211,0.22027,0.98356,0.52373,0.22027
2.96228,80.94955,12.97463,-0.09738,0.21044,0.97275,0.98386,0.0,0.0,nan,0.0,0.00219,0.01779,12.25982,1.63811,0.23597,0.4743,0.81618,0.38328,0.61046,0.81618
2.9794,83.10124,-6.8739,0.02228,0.65306,-0.75698,0.98844,0.0,0.0,nan,0.0,0.0062,0.05113,6.19804,1.87511,0.2303,0.29619,0.43027,0.54173,0.5333,0.43027
3.08684,83.99542,-5.99758,0.02937,0.78036,-0.62464,0.98675,0.0,0.0,nan,0.0,0.01265,0.07114,6.87838,2.00577,0.23094,0.29309,0.38154,0.78317,0.49856,0.38154
2.95895,83.58649,11.46165,-0.07777,0.7439,0.66375,0.98167,0.0,0.0,nan,0.0,0.01051,0.05612,4.71463,1.80192,0.24538,0.30955,0.58996,0.86174,0.55496,0.58996
3.02398,82.55746,12.33889,-0.0879,0.51859,0.85049,0.96273,7e-05,0.00036,0.6,1.0,0.00679,0.22466,10.30087,2.04116,0.22865,0.85983,0.98794,0.176,0.48992,0.98794
2.71734,84.01713,-6.00716,0.01675,0.77926,-0.62647,0.98486,0.0,0.0,nan,0.0,0.01367,0.07835,7.01505,1.77795,0.23391,0.29594,0.36923,0.75746,0.56245,0.36923
2.99292,84.52862,-5.06536,0.03748,0.87084,-0.49014,0.98964,0.0,0.0,nan,0.0,0.01508,0.0834,7.53756,2.0496,0.23153,0.25482,0.40228,0.8977,0.4879,0.40228
3.01788,85.32058,-2.98957,0.04731,0.95993,-0.27622,0.99632,0.0,0.0,nan,0.0,0.02229,0.1237,6.97835,2.16242,0.22737,0.24402,0.61655,0.9502,0.46244,0.61655
2.98186,85.73541,-1.05923,0.04614,0.98988,-0.13423,0.99731,0.0,0.0,nan,0.0,0.01034,0.07871,7.56942,2.06375,0.22691,0.17632,0.55643,0.94211,0.48456,0.55643
2.95728,85.8667,0.97599,0.04931,0.99814,-0.0358,0.99731,0.0,0.0,nan,0.0,0.00468,0.05119,8.22803,1.83532,0.22734,0.29786,0.83323,0.51961,0.54486,0.83323
2.96703,85.8486,3.03138,0.05146,0.99819,0.03096,0.99592,0.0,0.0,nan,0.0,0.00646,0.08075,6.45902,1.85974,0.2292,0.30299,0.88688,0.6152,0.53771,0.88688
3.04427,85.69821,5.00082,0.03967,0.99291,0.11201,0.99642,0.00176,0.0088,0.7,1.0,0.01234,0.11029,4.80346,1.84277,0.22409,0.18436,0.54697,0.85972,0.54266,0.54697
3.04468,85.39433,7.04438,0.01482,0.9781,0.20762,0.99323,0.00763,0.03816,0.7,1.0,0.0045,0.04148,6.60321,2.08957,0.22124,0.38916,0.74829,0.36356,0.47857,0.74829
3.04309,84.86803,9.03629,-0.02483,0.93704,0.34834,0.99183,0.0,0.0,nan,0.0,0.00243,0.03647,8.31036,2.04009,0.22034,0.38166,0.75646,0.22149,0.49017,0.75646
3.08242,84.20274,10.45644,-0.0579,0.85986,0.50724,0.98994,0.0,0.0,nan,0.0,0.02258,0.10853,5.47855,2.04056,0.22487,0.47674,0.79588,0.69816,0.49006,0.79588
4.74798,1.99308,-0.02817,0.04274,-0.85486,-0.5171,0.99851,0.0,0.0,nan,0.0,0.01799,0.06941,10.83433,1.86269,0.22651,0.39889,0.49243,0.76983,0.53686,0.49243
4.99439,1.20222,1.07114,0.04058,-0.85912,-0.51017,0.98456,0.0,0.0,nan,0.0,0.00526,0.05872,15.04756,2.71327,0.215,0.76273,0.91327,0.27857,0.36856,0.91327
4.99976,0.23269,3.08735,-0.02924,-0.9995,0.01188,0.94708,0.0,0.0,nan,0.0,0.01078,0.02822,20.28375,2.17074,0.23595,0.60371,0.791,0.79966,0.46067,0.791
5.05742,1.23269,5.02307,-0.0771,-0.9758,0.20464,0.98276,0.0,0.0,nan,0.0,0.01581,0.03752,18.05187,2.05994,0.23181,0.59118,0.4173,0.79153,0.48545,0.4173
4.96901,1.02674,7.13623,-0.01898,-0.92145,0.38803,0.95197,0.0,0.0,nan,0.0,0.00598,0.03234,16.59462,2.06821,0.23084,0.42358,0.69893,0.48889,0.48351,0.69893
4.87147,1.79834,8.1576,0.02084,-0.81316,0.58167,0.98436,0.0,0.0,nan,0.0,0.00542,0.02018,18.37012,3.17159,0.23851,0.53832,0.59882,0.55311,0.3153,0.59882
5.02059,3.33052,-2.9548,0.01973,-0.81636,-0.57721,0.98984,0.0,0.0,nan,0.0,0.021,0.06548,14.83417,1.80192,0.22842,0.36495,0.39172,0.99734,0.55496,0.39172
4.97222,2.49735,-0.97619,0.04232,-0.89389,-0.44629,0.99871,0.00182,0.0091,0.7,1.0,0.01839,0.05758,13.31559,1.63811,0.22596,0.41808,0.57033,0.87876,0.61046,0.57033
5.45624,2.02342,0.0735,0.04676,-0.85273,-0.52025,0.99801,0.0,0.0,nan,0.0,0.01947,0.07543,11.14056,1.63811,0.23161,0.38461,0.47612,0.79166,0.61046,0.47612
4.79197,2.99181,8.96407,0.05339,-0.77768,0.62639,0.99691,0.0,0.0,nan,0.0,0.00782,0.01676,19.17879,1.77076,0.23923,0.57296,0.4711,0.8997,0.56473,0.4711
4.85026,3.61991,10.51418,0.11744,-0.79754,0.59173,0.99422,0.0,0.0,nan,0.0,0.00568,0.01903,17.61644,1.73373,0.24332,0.5332,0.48847,0.62368,0.57679,0.48847
5.0263,5.15942,-4.53786,0.01924,-0.59632,-0.80251,0.99881,0.00752,0.03761,0.7,1.0,0.01386,0.05409,12.68892,1.63811,0.23967,0.32627,0.44596,0.90941,0.61046,0.44596
4.98345,4.20608,-3.90081,0.01607,-0.67777,-0.7351,0.99731,0.01444,0.0722,0.7,1.0,0.01337,0.05838,14.33467,1.63811,0.2349,0.2976,0.33324,0.87671,0.61046,0.33324
5.10077,4.48356,11.38502,0.10776,-0.72565,0.67957,0.97569,0.0,0.0,nan,0.0,0.00678,0.02678,14.14975,1.71186,0.24177,0.49473,0.45293,0.58393,0.58416,0.45293
4.98298,5.40277,12.36648,0.0525,-0.449,0.89199,0.92107,0.0,0.0,nan,0.0,0.01992,0.07554,21.33636,1.75002,0.23912,0.83416,0.5854,0.34574,0.57142,0.5854
4.95607,7.54944,-6.1569,0.04353,-0.61615,-0.78642,0.99941,0.00479,0.02395,0.7,1.0,0.0119,0.03806,17.32099,1.70824,0.23312,0.59353,0.79282,0.68077,0.5854,0.79282
4.99409,6.56338,-5.545,0.03151,-0.56936,-0.82149,0.99941,0.0,0.0,nan,0.0,0.01247,0.05339,17.29986,1.70151,0.24513,0.57628,0.76516,0.47517,0.58771,0.76516
5.01946,7.998,11.99814,0.01492,0.0586,0.99817,0.97997,0.0,0.0,nan,0.0,0.01028,0.03071,19.40543,1.75368,0.24644,0.48566,0.53519,0.76011,0.57023,0.53519
4.98093,7.11697,12.79359,-0.00552,-0.00894,0.99994,0.95725,0.0,0.0,nan,0.0,0.00858,0.03173,18.66912,1.84979,0.24212,0.47269,0.40731,0.6334,0.5406,0.40731
4.92544,9.80432,-8.1363,0.02463,-0.64357,-0.76499,0.99901,0.0,0.0,nan,0.0,0.00465,0.05616,14.65807,1.92567,0.22681,0.66115,0.92178,0.31576,0.5193,0.92178
5.02554,8.63793,-7.29323,0.06527,-0.64977,-0.75733,0.99861,0.0,0.0,nan,0.0,0.00878,0.03486,15.96947,1.80269,0.22647,0.65237,0.82147,0.5635,0.55473,0.82147
5.46677,8.57045,11.97747,0.02693,0.04321,0.9987,0.96393,0.0,0.0,nan,0.0,0.01151,0.02857,20.51076,1.73404,0.23845,0.47445,0.54561,0.93232,0.57669,0.54561
4.80627,9.08276,12.27478,0.06462,-0.07198,0.99531,0.98276,0.0,0.0,nan,0.0,0.01093,0.03466,23.01383,1.85381,0.23728,0.45597,0.82232,0.9783,0.53943,0.82232
5.00532,11.01255,-9.12841,-0.01938,-0.61453,-0.78866,0.99921,0.0,0.0,nan,0.0,0.01281,0.0495,10.01884,1.8478,0.22965,0.35908,0.41074,0.86437,0.54118,0.41074
4.99761,10.91782,12.75622,0.11101,-0.17704,0.97792,0.99871,0.0,0.0,nan,0.0,0.0069,0.02256,18.37498,1.7034,0.23867,0.49457,0.57448,0.68586,0.58706,0.57448
5.01478,12.91986,-10.61804,0.0621,-0.30245,-0.95114,0.96393,0.0,0.0,nan,0.0,0.00547,0.02841,18.08651,1.66417,0.23743,0.52882,0.47726,0.4047,0.6009,0.47726
5.04228,12.07967,-9.97203,0.01539,-0.48559,-0.87405,0.97758,0.0,0.0,nan,0.0,0.00912,0.04827,15.00941,2.18177,0.233,0.63105,0.6486,0.33949,0.45834,0.6486
4.99717,12.96551,12.68158,0.06877,0.00371,0.99763,0.99671,0.0,0.0,nan,0.0,0.0054,0.02062,15.21975,1.89324,0.23172,0.51377,0.77203,0.62084,0.5282,0.77203
5.03538,15.01131,-10.28414,0.13772,-0.16441,-0.97673,0.98007,0.0,0.0,nan,0.0,0.00797,0.02215,20.79352,1.65604,0.23485,0.45641,0.41628,0.86391,0.60385,0.41628
4.99157,15.11393,12.81814,0.07887,-0.16371,0.98335,0.99323,0.0,0.0,nan,0.0,0.00603,0.01469,17.6406,1.80192,0.23411,0.50642,0.39926,0.90297,0.55496,0.39926
5.02925,16.96399,-11.22538,0.13457,-0.24683,-0.95967,0.99452,0.0,0.0,nan,0.0,0.00846,0.03166,18.9417,1.82676,0.2463,0.46832,0.56298,0.63108,0.54742,0.56298
5.01598,16.87675,13.50018,0.08685,-0.15752,0.98369,0.99452,0.0,0.0,nan,0.0,0.01093,0.02261,17.5453,1.89051,0.23026,0.5793,0.31388,0.92957,0.52896,0.31388
4.96592,19.06144,-11.40108,0.09098,-0.00882,-0.99581,0.99582,0.0,0.0,nan,0.0,0.01339,0.03993,19.36797,3.01259,0.24416,0.557,0.70838,0.66398,0.33194,0.70838
4.93662,19.0011,13.48382,0.04022,0.09443,0.99472,0.99303,0.0,0.0,nan,0.0,0.02416,0.0777,19.11608,3.36293,0.24036,0.63385,0.69253,0.542,0.29736,0.69253
5.74396,21.95232,-12.04756,0.06785,-0.28838,-0.95511,0.98705,0.0,0.0,nan,0.0,0.01854,0.0432,24.53135,1.77963,0.23692,0.64248,0.54013,0.72228,0.56192,0.54013
4.97097,21.01491,-11.287,0.02963,-0.18023,-0.98318,0.97798,0.0,0.0,nan,0.0,0.02275,0.04619,23.84768,1.74559,0.23029,0.55068,0.50988,0.96936,0.57287,0.50988
4.97859,21.11996,13.04079,0.09935,-0.07361,0.99233,0.98246,0.0,0.0,nan,0.0,0.00972,0.02743,25.39656,1.90837,0.22481,0.46176,0.69207,0.82792,0.52401,0.69207
4.98284,22.99966,-12.17842,0.03659,-0.24284,-0.96938,0.99333,0.0,0.0,nan,0.0,0.01104,0.03446,18.20911,1.9099,0.23287,0.53949,0.4248,0.65894,0.52359,0.4248
4.43199,22.11942,-11.86178,-0.00045,-0.30307,-0.95297,0.99402,0.0,0.0,nan,0.0,0.01112,0.03242,22.20038,1.86232,0.23913,0.51043,0.45867,0.73273,0.53696,0.45867
5.09985,22.89528,13.88506,0.1065,-0.13331,0.98534,0.97977,0.0,0.0,nan,0.0,0.00739,0.02207,22.12359,1.69897,0.23724,0.46409,0.47675,0.78704,0.58859,0.47675
4.50584,23.35992,14.02999,0.08552,-0.07599,0.99343,0.97878,0.0,0.0,nan,0.0,0.00905,0.03716,23.13007,1.73983,0.23906,0.59482,0.53282,0.44462,0.57477,0.53282
4.95961,24.94613,-12.25117,0.09111,0.01888,-0.99566,0.99662,0.0,0.0,nan,0.0,0.00865,0.028,16.83697,1.67971,0.24299,0.53161,0.60266,0.65044,0.59534,0.60266
5.74108,25.17056,-11.99719,0.14679,0.01239,-0.98909,0.99014,0.0,0.0,nan,0.0,0.00829,0.01978,17.7466,1.76721,0.23485,0.55387,0.47411,0.8424,0.56586,0.47411
4.97079,24.99096,13.61523,0.06294,0.12333,0.99037,0.99652,0.0,0.0,nan,0.0,0.01662,0.04735,17.20665,1.84751,0.24029,0.57702,0.47254,0.67889,0.54127,0.47254
5.06256,27.14015,-12.35122,0.11087,-0.14676,-0.98294,0.99562,0.0,0.0,nan,0.0,0.0075,0.01729,19.29891,2.21243,0.23321,0.55904,0.45463,0.85616,0.45199,0.45463
4.49339,26.73511,-11.81596,0.0932,-0.13859,-0.98595,0.95157,0.0,0.0,nan,0.0,0.01256,0.02466,19.48965,1.89335,0.23581,0.64501,0.71508,0.87019,0.52816,0.71508
5.00419,27.0302,13.11483,0.12229,-0.0847,0.98887,0.97728,0.0,0.0,nan,0.0,0.01198,0.02782,19.19335,1.6748,0.22459,0.47554,0.33516,1.0,0.59709,0.33516
4.94397,29.08828,-12.8928,0.19862,-0.16711,-0.96573,0.99432,0.0,0.0,nan,0.0,0.00402,0.01859,21.19476,1.80192,0.24006,0.32019,0.36128,0.73924,0.55496,0.36128
5.40576,28.68538,13.88586,0.14757,-0.09362,0.98461,0.99034,0.0,0.0,nan,0.0,0.00476,0.01337,16.735,3.54918,0.24836,0.43115,0.3769,0.92327,0.28176,0.3769
4.67812,29.12661,14.14317,0.11068,-0.05858,0.99213,0.9727,0.0,0.0,nan,0.0,0.00456,0.01474,17.62894,1.63811,0.24117,0.45897,0.38483,0.75061,0.61046,0.38483
4.89508,30.99242,-12.91603,0.2391,-0.23294,-0.94264,0.99004,0.0,0.0,nan,0.0,0.01157,0.02586,22.90245,1.82439,0.23605,0.50305,0.31643,0.96719,0.54813,0.31643
5.10621,30.96212,13.70931,0.08412,0.0566,0.99485,0.99801,0.0,0.0,nan,0.0,0.00935,0.02062,18.98728,3.35852,0.24135,0.57965,0.66434,0.86446,0.29775,0.66434
4.53833,30.14035,14.07949,0.05519,0.04196,0.99759,0.97499,0.0,0.0,nan,0.0,0.00797,0.01971,16.80568,3.03701,0.23824,0.59335,0.54357,0.76275,0.32927,0.54357
4.47908,33.49286,-14.12169,0.18501,-0.031,-0.98225,0.95964,0.0,0.0,nan,0.0,0.00807,0.02243,19.80257,3.37144,0.23951,0.5757,0.44837,0.68838,0.29661,0.44837
5.152,32.61457,-13.79189,0.24176,-0.17133,-0.95509,0.96751,0.0,0.0,nan,0.0,0.00912,0.02363,20.74176,1.67844,0.2356,0.53276,0.47069,0.79431,0.59579,0.47069
4.97652,32.90538,13.5892,0.12079,-0.11227,0.98631,0.99642,0.0,0.0,nan,0.0,0.00786,0.01894,21.34971,1.88414,0.23168,0.48568,0.50931,0.93511,0.53075,0.50931
4.96708,33.72763,14.0656,0.11689,-0.08866,0.98918,0.98944,0.0,0.0,nan,0.0,0.0084,0.01886,21.33149,2.2277,0.22949,0.56156,0.5946,0.86747,0.44889,0.5946
4.34858,34.15971,-14.06736,0.16532,0.00904,-0.9862,0.98167,0.0,0.0,nan,0.0,0.00747,0.0218,18.19807,1.67392,0.2445,0.51493,0.33144,0.73823,0.5974,0.33144
4.99443,34.94797,-13.34888,0.18484,-0.00349,-0.98276,0.99064,0.0,0.0,nan,0.0,0.01203,0.03256,18.50849,1.88246,0.23915,0.62968,0.76416,0.68102,0.53122,0.76416
4.29483,35.51776,13.89148,0.07841,0.07517,0.99408,0.99632,0.0,0.0,nan,0.0,0.01397,0.03147,21.28424,3.50819,0.23619,0.66529,0.51823,0.72972,0.28505,0.51823
5.07492,34.90182,14.14551,0.09543,0.00386,0.99543,0.97987,0.0,0.0,nan,0.0,0.01382,0.03027,20.07753,2.21922,0.23352,0.68401,0.60603,0.73399,0.45061,0.60603
4.83237,37.66194,-14.053,0.10306,-0.05423,-0.9932,0.98824,0.0,0.0,nan,0.0,0.01195,0.03153,16.06806,3.54518,0.24523,0.53834,0.64572,0.79184,0.28207,0.64572
5.03536,36.69509,-13.87303,0.11425,-0.09018,-0.98935,0.99502,0.0,0.0,nan,0.0,0.00792,0.02551,17.2284,1.80192,0.22931,0.49108,0.46668,0.70534,0.55496,0.46668
4.94907,37.16023,13.71888,0.09114,-0.04009,0.99503,0.99173,0.0,0.0,nan,0.0,0.00822,0.01919,19.64475,2.07759,0.23609,0.54585,0.32659,0.8644,0.48133,0.32659
5.52136,36.16258,14.06026,0.06533,0.07119,0.99532,0.99382,0.0,0.0,nan,0.0,0.01411,0.0325,20.02312,1.81088,0.23687,0.65736,0.57729,0.72659,0.55222,0.57729
4.5428,38.48756,-14.12377,0.10707,0.01688,-0.99411,0.98675,0.0,0.0,nan,0.0,0.00778,0.02299,15.29752,2.38741,0.23862,0.43264,0.28374,0.88421,0.41886,0.28374
5.12105,38.97548,-13.54251,0.10721,0.03131,-0.99374,0.99552,0.0,0.0,nan,0.0,0.00928,0.02524,14.88644,1.8548,0.22888,0.43747,0.31009,0.95296,0.53914,0.31009
5.29346,38.2547,13.71519,0.11681,-0.16589,0.9792,0.99392,0.0,0.0,nan,0.0,0.00577,0.01653,16.216,1.77077,0.24548,0.4921,0.54162,0.79698,0.56473,0.54162
4.92893,39.09741,14.32755,0.14264,-0.17894,0.97346,0.98864,0.0,0.0,nan,0.0,0.00619,0.02129,16.0739,1.70466,0.24342,0.63852,0.69328,0.5117,0.58663,0.69328
5.1362,41.94404,-14.02306,0.1021,-0.09256,-0.99046,0.99492,0.0,0.0,nan,0.0,0.00879,0.03339,16.65675,2.17936,0.23446,0.59705,0.82803,0.65865,0.45885,0.82803
4.99993,40.97656,-13.76075,0.08382,-0.11749,-0.98953,0.99881,0.0,0.0,nan,0.0,0.01108,0.03045,16.90375,1.86949,0.23711,0.52371,0.61066,0.77676,0.53491,0.61066
5.43538,41.74413,13.86775,0.12224,0.14066,0.98248,0.99821,0.0,0.0,nan,0.0,0.00425,0.0338,18.82344,1.97472,0.23274,0.33935,0.38334,0.40961,0.5064,0.38334
4.94095,40.96043,14.31975,0.12037,0.10479,0.98718,0.98276,0.0,0.0,nan,0.0,0.00763,0.03849,15.5535,3.33021,0.23728,0.44968,0.77173,0.53432,0.30028,0.77173
4.96908,42.94888,-14.28078,0.1081,-0.00237,-0.99414,0.98605,0.0,0.0,nan,0.0,0.00351,0.01686,17.30148,3.28076,0.2349,0.39625,0.6658,0.58629,0.30481,0.6658
5.59519,43.81863,-13.92557,0.15381,0.02775,-0.98771,0.99532,0.0,0.0,nan,0.0,0.00482,0.01605,19.2896,2.75402,0.23466,0.38268,0.27927,0.86588,0.36311,0.27927
5.1054,42.94419,13.34017,0.13856,0.04984,0.9891,0.96223,0.0,0.0,nan,0.0,0.0041,0.02231,20.10586,1.69939,0.23517,0.27925,0.40864,0.72328,0.58845,0.40864
4.34478,42.8186,14.07036,0.12266,0.05453,0.99095,0.99861,0.0,0.0,nan,0.0,0.00537,0.02376,20.61226,2.06778,0.23941,0.35741,0.79127,0.79932,0.48361,0.79127
4.78179,45.64125,-14.05745,0.11188,-0.04978,-0.99247,0.99363,0.0,0.0,nan,0.0,0.0103,0.03628,20.06021,3.37258,0.24001,0.59735,0.83997,0.73405,0.29651,0.83997
5.08492,44.6379,-13.40265,0.12614,0.00558,-0.992,0.96811,0.0,0.0,nan,0.0,0.01064,0.0243,18.6332,2.24236,0.23796,0.54441,0.64227,0.89086,0.44596,0.64227
5.78833,44.78991,13.9924,0.12879,-0.03593,0.99102,0.99662,0.0,0.0,nan,0.0,0.00512,0.02393,17.78206,1.86867,0.23534,0.36632,0.36854,0.6497,0.53514,0.36854
4.83145,45.03962,14.20005,0.10475,0.00619,0.99448,0.99133,0.00673,0.03366,0.7,1.0,0.00372,0.02078,18.51205,2.22294,0.22849,0.31204,0.31776,0.63524,0.44985,0.31776
4.9178,47.06195,-14.25054,0.16252,0.05917,-0.98493,0.97828,0.0,0.0,nan,0.0,0.00827,0.02606,26.58854,1.94243,0.23134,0.62072,0.59427,0.54954,0.51482,0.59427
5.26427,46.60938,-13.90414,0.1474,0.02621,-0.98873,0.99532,0.0,0.0,nan,0.0,0.00917,0.03676,27.48882,1.8403,0.25601,0.68244,0.77226,0.42235,0.54339,0.77226
5.0953,47.22068,13.83254,0.08558,0.04915,0.99512,0.99642,0.00478,0.02389,0.7,1.0,0.01064,0.02156,15.10622,2.18239,0.23867,0.59564,0.56991,0.93801,0.45821,0.56991
4.65916,46.6123,14.00981,0.06173,0.07656,0.99515,0.99532,0.0,0.0,nan,0.0,0.01163,0.0253,16.61404,1.86202,0.24234,0.60895,0.49307,0.8456,0.53705,0.49307
4.54343,48.1925,-14.20915,0.17555,0.20068,-0.9638,0.98137,0.0,0.0,nan,0.0,0.00813,0.0203,23.19796,1.69489,0.23965,0.51726,0.73229,0.84087,0.59001,0.73229
4.96977,49.01793,-13.22357,0.13259,0.17,-0.97648,0.96094,0.0,0.0,nan,0.0,0.00991,0.02069,24.42276,2.17272,0.23265,0.53468,0.6041,0.96934,0.46025,0.6041
5.11656,48.54502,13.6343,0.12339,-0.01718,0.99221,0.99711,0.0,0.0,nan,0.0,0.0053,0.01456,16.51927,1.66582,0.23808,0.48942,0.30343,0.83316,0.60031,0.30343
4.8743,49.39027,14.16001,0.11703,-0.0041,0.99312,0.98545,0.0,0.0,nan,0.0,0.00486,0.01506,16.89826,1.80192,0.23734,0.4729,0.55486,0.76353,0.55496,0.55486
4.14583,51.9559,-14.0081,0.09994,-0.08908,-0.991,0.99123,0.0,0.0,nan,0.0,0.01077,0.02862,18.88807,1.64335,0.23894,0.47314,0.5089,0.87946,0.60851,0.5089
4.98648,51.06461,-13.56738,0.07645,-0.11622,-0.99028,0.98725,0.0,0.0,nan,0.0,0.0198,0.07356,21.55437,1.76169,0.23835,0.62272,0.80001,0.56235,0.56764,0.80001
4.96888,50.99759,13.6301,0.11945,0.05883,0.99109,0.99701,0.0,0.0,nan,0.0,0.0083,0.02201,20.19445,1.69722,0.24254,0.49302,0.46582,0.84001,0.5892,0.46582
5.82744,50.01149,14.01158,0.12031,0.03426,0.99215,0.98246,0.0,0.0,nan,0.0,0.0085,0.0247,19.2616,1.70756,0.24634,0.57984,0.38504,0.6549,0.58563,0.38504
4.57214,52.90076,-14.12707,0.09919,0.03005,-0.99461,0.98017,0.0,0.0,nan,0.0,0.0078,0.02038,18.35347,2.35578,0.23185,0.42462,0.46836,1.0,0.42449,0.46836
5.41407,53.09195,-13.99951,0.09605,0.02527,-0.99506,0.99004,0.0,0.0,nan,0.0,0.00449,0.01516,15.94033,2.75079,0.23057,0.37962,0.40356,0.87724,0.36353,0.40356
4.91362,52.9431,13.41906,0.15011,-0.12092,0.98125,0.98027,0.0,0.0,nan,0.0,0.00679,0.02507,20.10276,1.77727,0.23622,0.52433,0.79621,0.66617,0.56266,0.79621
4.42478,53.60859,14.08649,0.14045,-0.11663,0.98319,0.99233,0.0,0.0,nan,0.0,0.00689,0.02796,14.99439,1.93377,0.23629,0.6006,0.63472,0.46513,0.51712,0.63472
4.96314,54.9435,-13.67525,-0.0106,0.11425,-0.9934,0.99701,0.0,0.0,nan,0.0,0.01315,0.03005,17.23875,1.81745,0.23526,0.62076,0.63487,0.78637,0.55022,0.63487
5.63727,55.76571,13.99142,0.04594,0.06778,0.99664,0.98894,0.0,0.0,nan,0.0,0.0044,0.01606,12.64732,3.44002,0.2479,0.65796,0.70899,0.48255,0.2907,0.70899
4.97679,54.85637,14.15161,0.07199,0.00149,0.9974,0.98525,0.0,0.0,nan,0.0,0.00686,0.04325,11.93019,3.41235,0.22988,0.71386,0.81053,0.32159,0.29305,0.81053
4.92184,57.00593,-13.594,-0.02573,0.06897,-0.99729,0.98705,0.0,0.0,nan,0.0,0.01189,0.03648,18.74399,1.63811,0.24077,0.63087,0.62375,0.57187,0.61046,0.62375
5.00433,56.84523,13.50958,0.04402,0.07412,0.99628,0.99532,0.0,0.0,nan,0.0,0.00462,0.01425,12.8574,1.70522,0.2497,0.63481,0.79172,0.6809,0.58643,0.79172
4.15006,56.02515,14.0022,0.04385,0.08865,0.9951,0.99691,0.0,0.0,nan,0.0,0.00246,0.01382,12.3418,3.03577,0.23941,0.60739,0.88942,0.61582,0.32941,0.88942
5.04116,59.20824,-13.1858,0.13384,0.27185,-0.95299,0.98874,0.0,0.0,nan,0.0,0.007,0.02145,18.52044,1.80192,0.23478,0.44653,0.40643,0.80949,0.55496,0.40643
5.00419,58.98044,13.84238,0.02646,0.03775,0.99894,0.99582,0.0,0.0,nan,0.0,0.00824,0.0206,19.01783,1.63811,0.25213,0.63865,0.46827,0.69268,0.61046,0.46827
4.0387,58.23619,14.00343,0.02667,0.04521,0.99862,0.99452,0.0,0.0,nan,0.0,0.00539,0.01363,14.44375,3.36848,0.2593,0.58253,0.39425,0.77268,0.29687,0.39425
4.97377,60.99671,-12.49391,0.11108,0.1777,-0.9778,0.99392,0.0,0.0,nan,0.0,0.00936,0.02695,20.55146,1.63811,0.24008,0.40537,0.48316,0.94035,0.61046,0.48316
4.94838,61.02184,13.65419,-0.02115,0.03272,0.99924,0.99861,0.0,0.0,nan,0.0,0.01299,0.02675,22.2656,3.3741,0.24247,0.62229,0.55903,0.85032,0.29638,0.55903
4.96101,62.95466,-12.54136,0.06928,0.11797,-0.9906,0.99911,0.0,0.0,nan,0.0,0.00597,0.01921,14.31944,1.7102,0.2409,0.39053,0.2538,0.90708,0.58473,0.2538
5.00045,62.87652,13.77169,-0.02156,-0.0173,0.99962,0.99153,0.0,0.0,nan,0.0,0.01352,0.02902,22.57278,1.6445,0.24232,0.5072,0.33485,1.0,0.60809,0.33485
4.92359,64.58456,-12.28374,0.07696,0.1447,-0.98648,0.99801,0.0,0.0,nan,0.0,0.00385,0.01111,11.22491,1.63811,0.2435,0.44353,0.44402,0.92103,0.61046,0.44402
5.08611,65.34039,-11.78183,0.09621,0.15411,-0.98336,0.99691,0.0,0.0,nan,0.0,0.00498,0.01685,10.3755,2.3678,0.23782,0.5165,0.75614,0.69675,0.42233,0.75614
5.0609,65.03303,13.59914,0.01386,0.08928,0.99591,0.99701,0.0,0.0,nan,0.0,0.0117,0.02347,24.02015,1.70463,0.23407,0.54565,0.36201,0.98998,0.58664,0.36201
4.60864,66.37216,-12.0267,0.08742,0.11702,-0.98928,0.99801,0.0,0.0,nan,0.0,0.00183,0.00958,8.3003,3.55243,0.23551,0.27658,0.30855,0.85793,0.2815,0.30855
5.11743,67.1978,-11.873,0.11358,0.08957,-0.98948,0.99811,0.00571,0.02856,0.6,1.0,0.00483,0.02527,7.71192,3.4057,0.24558,0.61638,0.78696,0.443,0.29363,0.78696
5.02336,66.83993,13.38928,0.01424,-0.01444,0.99979,0.99622,0.0,0.0,nan,0.0,0.00564,0.01588,22.23239,1.72556,0.2323,0.41486,0.47914,0.93258,0.57952,0.47914
5.03934,68.95928,-11.63982,0.14476,0.1542,-0.97738,0.99831,0.0,0.0,nan,0.0,0.00995,0.06981,4.96068,1.91655,0.2208,0.26237,0.28718,0.76193,0.52177,0.28718
5.04016,69.02378,13.63971,-0.09919,0.00159,0.99507,0.98386,0.0,0.0,nan,0.0,0.0112,0.02774,21.99185,1.80192,0.2381,0.44728,0.48127,0.98474,0.55496,0.48127
4.94683,70.98895,-11.26456,0.13807,0.19468,-0.9711,0.99602,0.0,0.0,nan,0.0,0.0101,0.04908,2.99697,1.86682,0.22463,0.34308,0.64023,1.0,0.53567,0.64023
5.02885,70.96199,13.41268,-0.08614,-0.05786,0.9946,0.99731,0.0,0.0,nan,0.0,0.00764,0.02201,18.90663,1.74655,0.23267,0.48735,0.35827,0.78782,0.57256,0.35827
5.01338,72.99449,-10.81884,0.13378,0.22372,-0.96543,0.99671,0.0,0.0,nan,0.0,0.00876,0.05437,2.81789,2.111,0.21318,0.27559,0.44732,1.0,0.47371,0.44732
4.99658,73.01501,13.69948,-0.08527,0.01636,0.99622,0.99093,0.0,0.0,nan,0.0,0.00972,0.03058,16.24108,3.41994,0.24606,0.70212,0.58107,0.50862,0.2924,0.58107
4.93652,74.93498,-10.35782,0.1242,0.2576,-0.95824,0.99681,0.0,0.0,nan,0.0,0.00851,0.05883,3.00171,1.88086,0.21277,0.24199,0.49388,0.99586,0.53167,0.49388
5.71331,75.85909,-9.97761,0.13166,0.27541,-0.95227,0.99363,0.0,0.0,nan,0.0,0.0055,0.04535,3.22033,2.19203,0.21668,0.19719,0.49482,0.99751,0.4562,0.49482
4.98439,75.15624,13.2106,-0.08133,0.03276,0.99615,0.99642,0.0,0.0,nan,0.0,0.00386,0.01305,12.82152,1.80192,0.23693,0.48397,0.68722,0.70567,0.55496,0.68722
4.50267,76.18618,-10.06701,0.10499,0.29354,-0.95016,0.99552,0.0,0.0,nan,0.0,0.00573,0.04253,3.0099,1.90434,0.21881,0.22429,0.47644,1.0,0.52512,0.47644
5.08287,77.0713,-9.71584,0.11076,0.32056,-0.94073,0.99492,0.0,0.0,nan,0.0,0.00683,0.04685,2.91644,1.90261,0.22082,0.24583,0.32871,1.0,0.52559,0.32871
5.01739,77.05046,13.51497,-0.11413,-0.00961,0.99342,0.99681,0.0,0.0,nan,0.0,0.00539,0.01791,9.93271,1.88346,0.23876,0.7097,0.81783,0.65065,0.53094,0.81783
4.97073,79.04105,-8.94432,0.09166,0.40268,-0.91074,0.99452,0.0,0.0,nan,0.0,0.00941,0.05769,2.84834,1.85505,0.23687,0.27777,0.35257,1.0,0.53907,0.35257
4.97317,78.98968,13.47119,-0.15254,0.0834,0.98477,0.99442,0.0,0.0,nan,0.0,0.00786,0.02421,9.04989,1.64423,0.24372,0.62261,0.63453,0.63665,0.60819,0.63453
4.9205,80.48895,-8.24668,0.08857,0.45456,-0.8863,0.99552,0.0,0.0,nan,0.0,0.00868,0.05387,2.88065,2.02141,0.21561,0.27312,0.69754,1.0,0.4947,0.69754
5.06354,81.46099,-7.70962,0.09553,0.50319,-0.85888,0.99751,0.0,0.0,nan,0.0,0.00752,0.05135,3.59695,2.0276,0.21884,0.23305,0.45071,0.97727,0.49319,0.45071
4.99171,81.07336,13.16094,-0.07592,0.28189,0.95644,0.98366,0.00068,0.00342,0.51,1.0,0.00171,0.03704,8.69027,1.66,0.23686,0.63265,0.94434,0.23686,0.60241,0.94434
4.94208,83.00529,-6.84342,0.09342,0.63652,-0.76558,0.98705,0.0,0.0,nan,0.0,0.00762,0.04783,5.63447,2.05197,0.22811,0.35333,0.44484,0.6113,0.48734,0.44484
5.27427,83.91127,-5.85407,0.0988,0.78045,-0.61736,0.98645,0.0,0.0,nan,0.0,0.01301,0.0649,6.38557,2.01558,0.23284,0.27951,0.49155,0.94161,0.49614,0.49155
4.99492,83.66722,11.622,-0.03053,0.74773,0.6633,0.97668,0.0,0.0,nan,0.0,0.00769,0.05336,4.64281,2.07596,0.23178,0.22461,0.53418,0.91806,0.48171,0.53418
5.03366,82.68024,12.43264,-0.04125,0.56861,0.82157,0.97718,0.0,0.0,nan,0.0,0.01225,0.07793,4.07554,1.66901,0.23775,0.29949,0.36832,0.78237,0.59916,0.36832
4.10422,84.00512,-6.00432,0.05922,0.78113,-0.62155,0.97957,0.0,0.0,nan,0.0,0.011,0.06715,6.40675,2.02629,0.22943,0.25497,0.35415,0.84302,0.49351,0.35415
4.9495,84.4299,-4.99317,0.08338,0.87508,-0.47675,0.99064,0.0,0.0,nan,0.0,0.01475,0.07292,6.91807,2.33939,0.22104,0.26207,0.59755,0.99535,0.42746,0.59755
4.96705,85.18457,-2.99361,0.0812,0.95845,-0.27346,0.99402,0.0,0.0,nan,0.0,0.02283,0.12054,6.40531,1.63811,0.2322,0.26925,0.58006,0.92322,0.61046,0.58006
5.0174,85.55213,-1.02589,0.08294,0.98648,-0.14134,0.99622,0.0,0.0,nan,0.0,0.02173,0.11392,6.56021,2.04384,0.21781,0.26729,0.69279,0.93127,0.48928,0.69279
5.0592,85.76965,1.00873,0.07677,0.99651,-0.03272,0.99841,0.0,0.0,nan,0.0,0.01528,0.13814,6.12613,2.02922,0.21962,0.2701,0.8767,0.91395,0.4928,0.8767
5.06096,85.69223,3.00475,0.0693,0.99725,0.02628,0.99602,0.0,0.0,nan,0.0,0.01194,0.1153,5.27947,1.83658,0.22654,0.1574,0.58271,0.9071,0.54449,0.58271
5.0736,85.60215,4.98118,0.04637,0.99497,0.08881,0.99572,0.00208,0.01039,0.7,1.0,0.03094,0.14293,5.25844,1.94243,0.22188,0.44034,0.82948,0.90992,0.51482,0.82948
5.05798,85.34409,7.06005,0.02441,0.9834,0.17978,0.99363,0.0,0.0,nan,0.0,0.00248,0.02957,8.47941,2.06404,0.20696,0.43451,0.80274,0.28723,0.48449,0.80274
4.98813,84.95399,8.99268,-0.0008,0.95137,0.30806,0.99711,0.0,0.0,nan,0.0,0.00345,0.03288,9.06809,1.93585,0.21286,0.44175,0.74681,0.29027,0.51657,0.74681
4.92561,84.2709,10.57041,-0.02084,0.87259,0.48801,0.99173,0.0,0.0,nan,0.0,0.00195,0.05217,9.69206,2.04098,0.22306,0.44427,0.91163,0.21053,0.48996,0.91163
6.97065,1.31357,1.10053,0.06248,-0.84934,-0.52413,0.99622,0.0,0.0,nan,0.0,0.02167,0.07197,12.03103,1.89861,0.23451,0.5538,0.76143,0.65831,0.5267,0.76143
7.03479,0.03616,3.00261,0.05781,-0.99353,-0.0978,0.90094,0.0,0.0,nan,0.0,0.01444,0.04291,20.8555,1.79117,0.2396,0.49595,0.64739,0.74378,0.55829,0.64739
7.00539,0.62608,5.00484,0.04447,-0.97366,0.22362,0.99442,0.0,0.0,nan,0.0,0.01188,0.03099,19.64101,1.69592,0.25037,0.68265,0.47502,0.61905,0.58965,0.47502
7.02756,1.16898,7.11733,0.03832,-0.89867,0.43694,0.95884,0.0,0.0,nan,0.0,0.01304,0.0377,14.33279,3.35129,0.25187,0.61948,0.49721,0.63619,0.29839,0.49721
6.95051,1.8542,8.17755,0.00462,-0.79389,0.60804,0.98924,0.0,0.0,nan,0.0,0.00494,0.0208,16.6941,2.50432,0.22796,0.59237,0.47491,0.44909,0.39931,0.47491
6.99815,3.52539,-2.90306,0.05324,-0.80298,-0.59362,0.99492,0.00331,0.01656,0.7,1.0,0.01087,0.03485,15.02876,1.63811,0.23697,0.43117,0.38274,0.81948,0.61046,0.38274
7.05052,2.59466,-0.99342,0.02017,-0.90094,-0.43347,0.99921,0.0,0.0,nan,0.0,0.02289,0.06395,14.00063,1.71576,0.23768,0.4161,0.72826,0.98305,0.58283,0.72826
7.06024,2.08977,0.108,0.03657,-0.8637,-0.50267,0.99881,0.0,0.0,nan,0.0,0.01584,0.05977,11.50985,1.9012,0.22982,0.36641,0.44896,0.84907,0.52598,0.44896
7.00837,2.94519,8.79356,-0.01611,-0.74523,0.66661,0.99223,0.0,0.0,nan,0.0,0.00545,0.01736,19.40176,2.4028,0.2354,0.63278,0.54852,0.54712,0.41618,0.54852
7.11165,3.73271,10.20736,-0.02009,-0.77595,0.63048,0.99881,0.0,0.0,nan,0.0,0.00623,0.01571,18.63812,2.20882,0.23554,0.53696,0.39072,0.81725,0.45273,0.39072
6.95421,5.22956,-4.4424,0.0619,-0.58254,-0.81044,0.99931,0.0,0.0,nan,0.0,0.0089,0.03171,11.35168,1.80343,0.23173,0.37413,0.34641,0.88241,0.5545,0.34641
7.00814,4.17412,-3.92021,0.06112,-0.67451,-0.73573,0.98436,0.0,0.0,nan,0.0,0.00644,0.03003,12.87086,2.18993,0.22899,0.34668,0.43968,0.71486,0.45664,0.43968
6.71428,5.00297,11.19806,0.04606,-0.69457,0.71795,0.98794,0.0,0.0,nan,0.0,0.01282,0.03458,15.26425,1.63811,0.23352,0.66255,0.50754,0.63287,0.61046,0.50754
6.93706,5.57702,12.34233,0.02317,-0.50315,0.86389,0.93373,0.0,0.0,nan,0.0,0.01811,0.05075,25.14682,1.75736,0.2387,0.8121,0.62923,0.47445,0.56904,0.62923
6.72664,7.68889,-6.19453,0.10197,-0.59718,-0.7956,0.99921,0.0,0.0,nan,0.0,0.01447,0.03953,15.03124,1.75578,0.23264,0.61976,0.74283,0.66951,0.56955,0.74283
7.05849,6.74069,-5.54779,0.08118,-0.54601,-0.83383,0.99891,0.0,0.0,nan,0.0,0.01504,0.04363,12.43099,1.68076,0.23483,0.55201,0.7278,0.72486,0.59497,0.7278
6.94701,7.04271,12.83366,-0.05028,-0.07226,0.99612,0.92835,0.0,0.0,nan,0.0,0.01678,0.0652,22.32001,1.7431,0.21958,0.76699,0.8827,0.63527,0.57369,0.8827
6.8724,9.89605,-8.08206,0.05238,-0.7011,-0.71113,0.99921,0.0,0.0,nan,0.0,0.02186,0.06503,12.55019,1.88334,0.2473,0.63796,0.55151,0.61104,0.53097,0.55151
7.03568,8.89076,-7.10686,0.10389,-0.67224,-0.733,0.99941,0.0,0.0,nan,0.0,0.01401,0.03792,12.74906,1.97332,0.22598,0.66291,0.68654,0.64464,0.50676,0.68654
6.87308,9.30673,11.76664,-0.01294,0.00415,0.99991,0.92027,0.0,0.0,nan,0.0,0.01439,0.03164,20.49685,1.7687,0.23998,0.54742,0.55044,0.91194,0.56539,0.55044
7.08871,8.8204,12.20369,-0.03769,0.07329,0.9966,0.98745,0.0,0.0,nan,0.0,0.01601,0.03287,19.85483,1.76056,0.23992,0.61881,0.55302,0.86639,0.568,0.55302
7.01612,10.868,-9.1412,0.01103,-0.62546,-0.78018,0.99343,0.0,0.0,nan,0.0,0.01694,0.05368,11.15695,1.90091,0.23749,0.43565,0.48916,0.85421,0.52606,0.48916
6.97742,10.88902,12.61724,0.06249,-0.17889,0.98188,0.99652,0.0,0.0,nan,0.0,0.01281,0.03301,20.85802,1.70404,0.23538,0.69582,0.655,0.61134,0.58684,0.655
6.99702,13.1053,-10.38646,0.11324,-0.19727,-0.97379,0.97389,0.0,0.0,nan,0.0,0.00683,0.02677,16.64046,1.80192,0.23573,0.49287,0.35013,0.58005,0.55496,0.35013
6.92516,12.12347,-9.99631,0.05686,-0.3977,-0.91575,0.96891,0.0,0.0,nan,0.0,0.0085,0.03483,17.19741,1.63811,0.23576,0.54918,0.57128,0.49619,0.61046,0.57128
6.94919,13.10446,12.94642,0.00663,-0.05039,0.99871,0.99123,0.0,0.0,nan,0.0,0.00779,0.01967,11.15014,2.01548,0.23677,0.58453,0.67493,0.79913,0.49616,0.67493
6.9153,15.15099,-10.19329,0.15063,-0.15105,-0.97698,0.99432,0.0,0.0,nan,0.0,0.01223,0.02764,20.19958,1.64791,0.23936,0.51333,0.6009,0.94699,0.60683,0.6009
7.23084,14.71819,-9.9935,0.14661,-0.11808,-0.98212,0.98874,0.0,0.0,nan,0.0,0.00845,0.02067,19.78542,1.70091,0.23688,0.48963,0.50345,0.91939,0.58792,0.50345
7.02138,15.01397,12.96757,0.0052,-0.0874,0.99616,0.99721,0.0,0.0,nan,0.0,0.00992,0.02009,18.58126,1.80192,0.24898,0.59384,0.45049,0.92133,0.55496,0.45049
6.99656,16.82638,-10.95946,0.15796,-0.26334,-0.95168,0.99662,0.0,0.0,nan,0.0,0.01463,0.03697,18.21358,1.82791,0.2406,0.53134,0.57079,0.82639,0.54707,0.57079
6.99844,16.88417,13.32574,0.06265,-0.16409,0.98445,0.99562,0.0,0.0,nan,0.0,0.00964,0.01976,18.66656,1.89256,0.22275,0.61645,0.4644,0.87642,0.52839,0.4644
7.03339,19.11577,-11.28842,0.19002,-0.04898,-0.98056,0.99123,0.0,0.0,nan,0.0,0.01182,0.03433,21.1172,1.7308,0.23586,0.46494,0.5106,0.81036,0.57777,0.5106
6.94247,19.03919,13.38838,0.06295,0.08731,0.99419,0.98814,0.0,0.0,nan,0.0,0.01812,0.03974,15.19187,1.91074,0.22698,0.61716,0.71908,0.83618,0.52336,0.71908
6.38725,21.90012,-12.045,0.11594,-0.27262,-0.95511,0.97987,0.0,0.0,nan,0.0,0.01838,0.03861,24.84661,1.70665,0.23534,0.65392,0.58248,0.78666,0.58594,0.58248
7.07491,21.02737,-11.3079,0.14978,-0.22281,-0.96329,0.99303,0.0,0.0,nan,0.0,0.01857,0.03632,24.41247,1.72805,0.24049,0.60167,0.44971,0.91932,0.57869,0.44971
6.94539,21.01835,12.98045,0.11101,0.00815,0.99379,0.98336,0.0,0.0,nan,0.0,0.00751,0.02303,24.71485,2.04488,0.2269,0.43779,0.55958,0.80489,0.48903,0.55958
6.80285,23.06172,-12.23611,0.19194,-0.16497,-0.96744,0.97489,0.0,0.0,nan,0.0,0.01513,0.03542,23.19322,1.76232,0.23392,0.60531,0.53001,0.76631,0.56743,0.53001
7.80091,22.72901,-11.96542,0.22512,-0.1747,-0.95854,0.98814,0.0,0.0,nan,0.0,0.00763,0.02197,19.12554,2.07926,0.23212,0.61597,0.56681,0.62272,0.48094,0.56681
6.98298,22.69797,13.55066,0.14708,-0.17114,0.97421,0.98924,0.0,0.0,nan,0.0,0.0089,0.02948,20.12777,1.70833,0.24145,0.3992,0.38552,0.83154,0.58537,0.38552
6.65341,24.8787,-12.01891,0.19889,0.00416,-0.98001,0.99901,0.0,0.0,nan,0.0,0.00851,0.02281,17.75349,1.75075,0.23749,0.48968,0.26491,0.84736,0.57118,0.26491
7.60615,24.94043,-11.83405,0.21297,-0.01555,-0.97693,0.99721,0.0,0.0,nan,0.0,0.00783,0.02179,17.43675,2.07945,0.23091,0.4606,0.30196,0.86962,0.4809,0.30196
6.97914,25.04851,13.45811,0.08712,0.10268,0.99089,0.98177,0.0,0.0,nan,0.0,0.01806,0.04755,19.73943,1.63811,0.23257,0.66441,0.63445,0.62941,0.61046,0.63445
6.57518,27.33741,-12.20847,0.16882,-0.08619,-0.98187,0.99612,0.0,0.0,nan,0.0,0.00631,0.01745,17.88717,2.35507,0.2357,0.5069,0.38234,0.79335,0.42462,0.38234
7.23111,26.81674,-11.57068,0.18306,-0.08845,-0.97911,0.98934,0.0,0.0,nan,0.0,0.00489,0.01585,16.85663,2.69335,0.23016,0.45323,0.38273,0.76091,0.37128,0.38273
6.9839,27.00356,13.17876,0.13582,-0.00311,0.99073,0.99253,0.0,0.0,nan,0.0,0.01001,0.02047,20.36355,1.63811,0.23769,0.53713,0.39166,1.0,0.61046,0.39166
6.8241,28.91816,-12.49662,0.23495,-0.10359,-0.96647,0.99442,0.0,0.0,nan,0.0,0.0049,0.01266,17.37037,1.80192,0.23604,0.47181,0.33994,0.91519,0.55496,0.33994
7.40042,29.47008,-11.69813,0.22654,-0.11103,-0.96765,0.9728,0.0,0.0,nan,0.0,0.00592,0.01478,16.80845,3.38344,0.24237,0.50776,0.54723,0.88254,0.29556,0.54723
6.99994,28.77858,13.63998,0.16376,-0.11222,0.9801,0.99632,0.0,0.0,nan,0.0,0.00532,0.01565,18.28211,1.80192,0.23642,0.43018,0.35915,0.87614,0.55496,0.35915
6.9361,30.99686,-12.5119,0.22153,-0.21389,-0.95141,0.99313,0.0,0.0,nan,0.0,0.01311,0.03128,23.76779,2.00974,0.2362,0.50442,0.47286,0.90091,0.49758,0.47286
7.64587,30.08042,-11.94328,0.21078,-0.14816,-0.96624,0.98824,0.0,0.0,nan,0.0,0.00869,0.02048,19.40051,2.03119,0.23667,0.54107,0.32627,0.86476,0.49232,0.32627
7.0056,31.0046,13.31624,0.11707,0.03712,0.99243,0.99562,0.02467,0.12337,0.7,1.0,0.01139,0.02486,20.40244,1.81997,0.23118,0.63454,0.47474,0.79245,0.54946,0.47474
7.03604,33.01207,-13.20842,0.32173,-0.07656,-0.94373,0.98605,0.0,0.0,nan,0.0,0.00841,0.02672,21.94925,1.91867,0.22765,0.39288,0.37056,0.87443,0.52119,0.37056
6.91549,33.15813,13.06858,0.1811,-0.08026,0.98018,0.98914,0.01661,0.08307,0.7,1.0,0.00654,0.01638,23.88571,1.63811,0.23469,0.47238,0.58928,0.91648,0.61046,0.58928
6.00786,33.95511,14.0061,0.13917,-0.08528,0.98659,0.98775,0.0,0.0,nan,0.0,0.00769,0.01701,21.31067,1.64097,0.24136,0.56233,0.48913,0.88017,0.6094,0.48913
6.92751,34.97489,-12.80002,0.30337,-0.11507,-0.9459,0.98884,0.0,0.0,nan,0.0,0.01161,0.02986,19.02935,2.05463,0.23025,0.51626,0.57449,0.83214,0.48671,0.57449
7.18555,35.0397,13.6977,0.19605,-0.05696,0.97894,0.99412,0.00331,0.01655,0.7,1.0,0.00721,0.02151,21.00632,2.00901,0.2367,0.54943,0.50359,0.66812,0.49776,0.50359
6.23119,35.00097,14.07191,0.12949,-0.03051,0.99111,0.98366,0.0,0.0,nan,0.0,0.01013,0.02603,18.87577,1.83362,0.23857,0.60756,0.42078,0.70837,0.54537,0.42078
7.00084,36.80876,-13.67166,0.22322,-0.12752,-0.96639,0.98286,0.0,0.0,nan,0.0,0.01109,0.04074,16.96459,2.24973,0.23834,0.56044,0.47218,0.54284,0.4445,0.47218
6.94831,37.04921,13.47363,0.13653,0.04895,0.98943,0.99233,0.01509,0.07546,0.7,1.0,0.00985,0.02369,18.63452,2.21649,0.23751,0.52735,0.53263,0.87296,0.45116,0.53263
6.07556,36.08752,14.03388,0.08224,0.07008,0.99415,0.98565,0.00118,0.00589,0.7,1.0,0.0133,0.03516,17.96475,3.38715,0.24295,0.715,0.59011,0.58799,0.29523,0.59011
6.91951,38.87029,-13.33189,0.23336,0.01067,-0.97233,0.99811,0.0,0.0,nan,0.0,0.00695,0.02387,18.30829,1.7271,0.23669,0.38839,0.40737,0.83156,0.57901,0.40737
7.08574,38.7953,13.52417,0.18635,-0.13669,0.97293,0.99811,0.0,0.0,nan,0.0,0.00757,0.0227,17.38163,3.36393,0.24056,0.49046,0.52735,0.75855,0.29727,0.52735
6.58424,39.62582,14.11299,0.18427,-0.1232,0.97512,0.98725,0.0,0.0,nan,0.0,0.00612,0.02343,14.65973,2.85495,0.2405,0.51535,0.47669,0.57636,0.35027,0.47669
6.24768,41.91641,-14.03263,0.15759,-0.07774,-0.98444,0.97579,0.0,0.0,nan,0.0,0.01666,0.04699,18.39575,1.63811,0.23484,0.54333,0.5349,0.7234,0.61046,0.5349
6.99008,40.96749,-13.73179,0.20509,-0.09444,-0.97418,0.99173,0.0,0.0,nan,0.0,0.01445,0.03592,19.93749,1.63811,0.25735,0.5831,0.38775,0.75905,0.61046,0.38775
7.273,41.75294,13.85481,0.12685,0.13105,0.98323,0.98974,0.0,0.0,nan,0.0,0.01183,0.03678,13.55642,3.44002,0.2346,0.62707,0.74066,0.58854,0.2907,0.74066
6.89618,40.85432,14.1808,0.15794,0.01769,0.98729,0.971,0.0,0.0,nan,0.0,0.00748,0.02533,12.94379,1.63811,0.24333,0.49867,0.56823,0.68364,0.61046,0.56823
6.39085,42.5843,-14.12622,0.1898,0.01065,-0.98176,0.9705,0.0,0.0,nan,0.0,0.00741,0.03023,19.0399,1.89235,0.23926,0.43215,0.49964,0.62684,0.52844,0.49964
7.25206,43.27185,-13.65804,0.25174,0.0316,-0.96728,0.99642,0.0,0.0,nan,0.0,0.0061,0.02202,19.22082,1.884,0.22989,0.34183,0.47276,0.89409,0.53078,0.47276
7.02565,43.06282,13.67931,0.14709,0.06731,0.98683,0.99612,0.0,0.0,nan,0.0,0.01161,0.02918,18.5791,1.73993,0.24489,0.49181,0.73936,0.89641,0.57473,0.73936
7.0203,44.96496,-13.64057,0.1953,-0.06474,-0.9786,0.99941,0.0,0.0,nan,0.0,0.00772,0.02371,20.39034,1.91554,0.23171,0.43439,0.38499,0.82304,0.52205,0.38499
7.06672,44.84133,13.85205,0.14861,-0.06667,0.98665,0.98794,0.0,0.0,nan,0.0,0.01019,0.03059,16.87183,1.69946,0.23705,0.47028,0.4268,0.79206,0.58842,0.4268
6.39718,47.19654,-14.11891,0.19018,0.10241,-0.97639,0.97728,0.0,0.0,nan,0.0,0.01026,0.03012,27.35262,1.63811,0.24135,0.63568,0.68239,0.57491,0.61046,0.68239
7.15808,46.98809,-13.95238,0.20186,0.09682,-0.97462,0.97618,0.0,0.0,nan,0.0,0.01102,0.03028,24.54111,2.5412,0.22893,0.56633,0.70723,0.69502,0.39351,0.70723
7.05244,47.08903,13.67258,0.14186,0.09977,0.98485,0.99811,0.0,0.0,nan,0.0,0.01,0.02942,17.62124,1.92437,0.23557,0.53621,0.4874,0.70575,0.51965,0.4874
7.04017,49.0169,-13.13307,0.15014,0.0481,-0.98749,0.98326,0.00304,0.0152,0.7,1.0,0.00486,0.02409,25.18462,1.63811,0.23531,0.56429,0.86813,0.62085,0.61046,0.86813
7.06551,48.98377,13.37358,0.16264,-0.03032,0.98622,0.99642,0.0,0.0,nan,0.0,0.0089,0.0235,17.7937,1.74384,0.23434,0.60728,0.57999,0.69401,0.57345,0.57999
6.21683,49.73817,14.0449,0.13197,-0.00188,0.99125,0.9704,0.0,0.0,nan,0.0,0.00768,0.02199,20.18369,1.66846,0.24779,0.59268,0.65724,0.64752,0.59935,0.65724
6.97257,50.99421,-13.66399,0.09087,-0.08472,-0.99225,0.99472,0.0,0.0,nan,0.0,0.01828,0.05847,16.1575,1.71071,0.2366,0.6651,0.65822,0.52828,0.58455,0.65822
7.01534,51.11561,13.69499,0.09322,0.04785,0.9945,0.98595,0.0,0.0,nan,0.0,0.0123,0.02623,19.43924,1.77328,0.24267,0.64344,0.46541,0.80364,0.56393,0.46541
6.25027,50.07251,14.0087,0.12147,0.02734,0.99222,0.97728,0.0,0.0,nan,0.0,0.00922,0.02676,20.36598,1.94604,0.23622,0.62838,0.56436,0.60192,0.51386,0.56436
7.03186,53.06713,-13.47592,0.14479,-0.00155,-0.98946,0.99771,0.0,0.0,nan,0.0,0.00295,0.01134,12.907,1.63811,0.23998,0.38661,0.44446,0.77864,0.61046,0.44446
7.00058,53.06454,13.30873,0.12207,-0.10166,0.9873,0.98765,0.0,0.0,nan,0.0,0.0105,0.02553,21.47853,1.85663,0.23555,0.6219,0.5891,0.7227,0.53861,0.5891
6.99015,54.94664,-13.7545,0.0944,-0.00206,-0.99553,0.99283,0.0,0.0,nan,0.0,0.00578,0.01734,11.09729,3.15519,0.23756,0.58522,0.49402,0.67243,0.31694,0.49402
7.21672,54.9278,13.98155,0.10869,-0.07592,0.99117,0.97509,0.0,0.0,nan,0.0,0.00916,0.05825,16.86515,1.78911,0.24846,0.72334,0.8525,0.36174,0.55894,0.8525
6.36051,54.98397,14.03538,0.07582,-0.0312,0.99663,0.97609,0.0,0.0,nan,0.0,0.01631,0.07032,14.60306,1.63811,0.24141,0.79414,0.78792,0.37779,0.61046,0.78792
6.96917,57.0092,-13.55967,0.09489,0.19508,-0.97619,0.97947,0.0,0.0,nan,0.0,0.00967,0.03985,14.47008,1.74591,0.23329,0.51904,0.62954,0.53227,0.57277,0.62954
6.98705,57.15825,13.54667,0.05724,0.08179,0.995,0.99801,0.0,0.0,nan,0.0,0.0031,0.01769,14.52164,1.70212,0.24696,0.69131,0.93673,0.71748,0.5875,0.93673
6.96116,59.02501,-12.79112,0.17297,0.30171,-0.93758,0.99532,0.0,0.0,nan,0.0,0.00455,0.01451,16.57948,1.77007,0.23817,0.41291,0.3251,0.85178,0.56495,0.3251
7.0216,59.0386,13.77131,0.098,0.03213,0.99467,0.99721,0.0,0.0,nan,0.0,0.00732,0.01772,18.79433,1.6711,0.24029,0.62911,0.49729,0.72609,0.59841,0.49729
6.96182,61.03153,-12.33371,0.09523,0.09114,-0.99127,0.98605,0.0,0.0,nan,0.0,0.00699,0.03078,22.48493,1.63811,0.23772,0.47135,0.54888,0.52469,0.61046,0.54888
6.93603,60.95462,13.25567,0.09075,0.04444,0.99488,0.99671,0.0,0.0,nan,0.0,0.01077,0.02796,20.01809,2.05214,0.23262,0.57814,0.49736,0.73286,0.4873,0.49736
7.01046,63.0128,-12.33472,0.10391,0.15749,-0.98204,0.99642,0.0,0.0,nan,0.0,0.00803,0.01863,13.11749,3.60383,0.24693,0.49802,0.27039,0.99802,0.27748,0.27039
7.85108,63.95184,-11.93955,0.15745,0.20545,-0.96592,0.99921,0.0,0.0,nan,0.0,0.00479,0.01379,11.81772,1.70529,0.24133,0.46192,0.37116,0.87999,0.58641,0.37116
7.03652,62.91427,13.59864,0.08076,-0.04445,0.99574,0.99373,0.0,0.0,nan,0.0,0.01042,0.02496,21.9126,1.83903,0.23479,0.48513,0.44152,0.93935,0.54377,0.44152
6.46772,64.24499,-12.18846,0.1132,0.18033,-0.97707,0.99911,0.0,0.0,nan,0.0,0.00269,0.01001,11.25973,1.63811,0.24194,0.37865,0.34227,0.8373,0.61046,0.34227
7.05894,65.02478,-11.68429,0.1455,0.18779,-0.97137,0.99801,0.0,0.0,nan,0.0,0.00358,0.01381,9.72457,3.53786,0.24836,0.45885,0.47633,0.68163,0.28266,0.47633
6.86745,64.97735,13.29833,0.01117,0.08895,0.99597,0.99562,0.0,0.0,nan,0.0,0.0077,0.02069,25.50565,1.80192,0.23889,0.58357,0.58243,0.68762,0.55496,0.58243
6.99127,66.99597,-11.58351,0.16168,0.11428,-0.9802,0.99911,0.0,0.0,nan,0.0,0.00588,0.03081,6.97402,3.38413,0.23418,0.65274,0.83243,0.51124,0.2955,0.83243
6.97382,67.02841,13.19628,0.01117,-0.04444,0.99895,0.98824,0.0,0.0,nan,0.0,0.00433,0.01087,21.13926,2.0065,0.22776,0.45794,0.30569,0.95249,0.49838,0.30569
7.00223,68.95657,-11.25772,0.18074,0.15516,-0.97121,0.99811,0.0,0.0,nan,0.0,0.00746,0.05644,5.39706,1.76296,0.21551,0.24005,0.39431,0.75483,0.56723,0.39431
7.00481,69.11377,13.58236,0.02096,-0.02677,0.99942,0.99532,0.0,0.0,nan,0.0,0.0123,0.02759,22.44587,1.8393,0.24708,0.55205,0.70414,0.87942,0.54369,0.70414
6.96569,71.01108,-10.95014,0.17059,0.18459,-0.9679,0.99671,0.0,0.0,nan,0.0,0.00799,0.04398,3.3962,1.91077,0.22052,0.28875,0.55821,1.0,0.52335,0.55821
6.89784,71.16844,13.29729,0.01471,-0.05808,0.9982,0.98994,0.0,0.0,nan,0.0,0.00883,0.02441,20.50781,1.74012,0.23898,0.46984,0.40676,0.84514,0.57467,0.40676
6.98787,72.98351,-10.51466,0.16497,0.22012,-0.96142,0.99612,0.00071,0.00357,0.6,1.0,0.00898,0.05247,3.1443,2.24024,0.21915,0.28013,0.51529,1.0,0.44638,0.51529
7.01662,72.97317,13.87148,-0.02168,-0.00843,0.99973,0.98964,0.0,0.0,nan,0.0,0.00796,0.03321,17.29975,3.37609,0.23602,0.67735,0.80138,0.47243,0.2962,0.80138
6.82497,74.58747,-10.16062,0.15888,0.24161,-0.95728,0.99412,0.0,0.0,nan,0.0,0.00644,0.04638,3.289,1.8583,0.21516,0.22379,0.73222,0.99829,0.53813,0.73222
7.21636,75.45764,-9.8625,0.16055,0.25687,-0.95302,0.99791,0.0,0.0,nan,0.0,0.00748,0.04486,3.26342,1.8994,0.22453,0.269,0.50034,1.0,0.52648,0.50034
7.02299,74.83784,13.3123,-0.04669,0.05731,0.99726,0.99731,0.0,0.0,nan,0.0,0.00344,0.0156,13.15696,3.39775,0.24484,0.64219,0.89538,0.73998,0.29431,0.89538
6.95264,77.00148,-9.48627,0.14432,0.30594,-0.94105,0.99382,0.0,0.0,nan,0.0,0.00756,0.04958,3.14663,1.84681,0.23068,0.24949,0.3553,0.99927,0.54147,0.3553
7.0095,76.99184,13.70379,-0.04228,-0.03869,0.99836,0.99791,0.0,0.0,nan,0.0,0.00506,0.02005,11.38337,3.44002,0.24912,0.74358,0.65676,0.39908,0.2907,0.65676
7.0257,79.03875,-8.69262,0.1108,0.38526,-0.91613,0.98914,0.0,0.0,nan,0.0,0.00869,0.03753,2.99679,1.96024,0.2397,0.38909,0.64343,0.99208,0.51014,0.64343
6.9937,79.00799,13.55173,-0.04779,0.11702,0.99198,0.99592,0.0,0.0,nan,0.0,0.00742,0.04943,5.0702,2.19308,0.23329,0.43476,0.39127,0.48161,0.45598,0.39127
6.85623,80.32326,-8.15296,0.10044,0.45344,-0.88561,0.98864,0.0,0.0,nan,0.0,0.0093,0.03806,3.12038,1.68242,0.23556,0.40093,0.46402,1.0,0.59438,0.46402
7.03922,81.32037,-7.59094,0.10784,0.51378,-0.85112,0.99711,0.0,0.0,nan,0.0,0.00692,0.03797,3.36287,2.05934,0.23499,0.29075,0.34609,1.0,0.48559,0.34609
6.9999,81.12858,13.18538,-0.00541,0.331,0.94362,0.99233,0.0,0.0,nan,0.0,0.01216,0.05252,3.40073,1.86746,0.23929,0.4057,0.39022,0.90597,0.53549,0.39022
6.96872,82.78393,-6.60935,0.13438,0.64159,-0.75518,0.99233,0.0,0.0,nan,0.0,0.00668,0.05216,5.30312,2.04462,0.23158,0.29711,0.40549,0.59408,0.48909,0.40549
7.16257,83.77789,-5.69728,0.13544,0.78238,-0.6079,0.98456,0.0,0.0,nan,0.0,0.01791,0.0927,6.45561,2.06151,0.23008,0.26172,0.37771,0.96709,0.48508,0.37771
7.03164,83.62309,11.56372,0.01711,0.75636,0.65394,0.98436,0.0,0.0,nan,0.0,0.01097,0.07519,4.22113,1.89147,0.2348,0.21565,0.39085,0.99705,0.52869,0.39085
6.96253,82.63338,12.4086,0.01014,0.57915,0.81516,0.98157,0.0,0.0,nan,0.0,0.01351,0.08006,4.16875,2.0101,0.22891,0.24976,0.47338,0.99986,0.49749,0.47338
6.99987,84.34547,-4.73253,0.11852,0.87101,-0.47676,0.98874,0.0,0.0,nan,0.0,0.01432,0.08714,7.09674,3.03363,0.23758,0.2123,0.39278,0.99221,0.32964,0.39278
7.01574,84.9256,-3.09637,0.10368,0.95115,-0.2908,0.99502,0.0,0.0,nan,0.0,0.01931,0.10893,7.22476,2.35318,0.23455,0.2499,0.72416,0.90573,0.42496,0.72416
6.96204,85.41121,-0.93596,0.09972,0.98453,-0.14409,0.99751,0.0,0.0,nan,0.0,0.00817,0.1205,6.95237,1.90602,0.22415,0.3984,0.96843,0.72761,0.52465,0.96843
7.07504,85.58755,0.98661,0.09194,0.99506,-0.03751,0.99602,0.02822,0.07102,0.6,0.93834,0.00921,0.11885,7.18651,1.84604,0.23033,0.34909,0.95913,0.85784,0.5417,0.95913
6.9466,85.55625,2.99822,0.0758,0.99708,0.00898,0.99711,0.0,0.0,nan,0.0,0.01904,0.10521,6.58667,1.79991,0.22544,0.26871,0.7817,0.97732,0.55558,0.7817
7.02819,85.51453,4.94066,0.05434,0.99679,0.05879,0.99502,0.0,0.0,nan,0.0,0.01276,0.08868,5.79318,1.90637,0.217,0.1952,0.50398,0.99185,0.52456,0.50398
7.05049,85.2729,6.97848,0.02566,0.98656,0.1614,0.99622,0.0,0.0,nan,0.0,0.0054,0.0441,8.63173,1.89697,0.21661,0.34295,0.75634,0.44851,0.52716,0.75634
7.00008,84.91556,9.03377,0.01869,0.95399,0.29927,0.99771,0.0,0.0,nan,0.0,0.00175,0.03654,8.5734,2.09836,0.21394,0.46164,0.89153,0.23335,0.47656,0.89153
7.05462,84.26762,10.59497,0.01533,0.87028,0.49232,0.98645,0.0,0.0,nan,0.0,0.02822,0.14169,4.72985,2.07247,0.23204,0.55354,0.89979,0.9833,0.48252,0.89979
8.93218,1.36937,1.02308,0.12761,-0.85115,-0.50917,0.99671,0.0,0.0,nan,0.0,0.02461,0.06282,13.60244,1.89131,0.22698,0.49027,0.61305,0.91655,0.52873,0.61305
9.0982,0.4128,2.86876,0.11802,-0.98027,-0.15857,0.93871,0.0,0.0,nan,0.0,0.00152,0.02106,24.58459,1.85752,0.23711,0.68304,0.96388,0.36291,0.53835,0.96388
8.79904,1.10034,4.85611,0.12285,-0.96836,0.21722,0.99662,0.0,0.0,nan,0.0,0.01113,0.02229,19.69376,1.63811,0.24856,0.58316,0.6117,0.94315,0.61046,0.6117
8.94343,1.43389,6.99489,0.09601,-0.93703,0.33578,0.98436,0.0,0.0,nan,0.0,0.01171,0.03896,16.76464,1.8038,0.23844,0.53874,0.55858,0.62441,0.55438,0.55858
9.04067,1.90227,8.16521,0.00569,-0.86484,0.50201,0.98645,0.0,0.0,nan,0.0,0.01053,0.03368,16.22183,1.86803,0.23471,0.61044,0.69901,0.57526,0.53532,0.69901
8.98605,3.30058,-2.76529,0.14593,-0.81428,-0.56182,0.98107,0.0,0.0,nan,0.0,0.00687,0.01778,14.78817,1.86668,0.23062,0.45171,0.66331,0.97059,0.53571,0.66331
8.98543,2.5232,-0.9623,0.13653,-0.87487,-0.46471,0.99801,0.0,0.0,nan,0.0,0.00766,0.02643,15.98222,1.72781,0.2331,0.3904,0.57748,0.83548,0.57877,0.57748
9.36585,2.04712,0.14369,0.14647,-0.86921,-0.47225,0.99861,0.0,0.0,nan,0.0,0.01192,0.03904,16.36171,1.71862,0.24036,0.4393,0.73604,0.77972,0.58186,0.73604
8.98993,2.7927,9.04356,-0.06848,-0.79462,0.60323,0.99761,0.0,0.0,nan,0.0,0.0088,0.02874,14.70466,2.08038,0.24144,0.50528,0.76859,0.73203,0.48068,0.76859
9.14727,3.7623,10.24462,-0.08007,-0.73707,0.67105,0.99871,0.0,0.0,nan,0.0,0.00921,0.02768,19.68939,1.83585,0.23455,0.54118,0.46669,0.67732,0.54471,0.46669
8.95681,5.2743,-4.46462,0.11422,-0.59164,-0.79807,0.99711,0.0,0.0,nan,0.0,0.00903,0.02519,10.60108,1.63811,0.23917,0.51078,0.51299,0.83436,0.61046,0.51299
9.21966,4.29725,-3.48266,0.13986,-0.70318,-0.69712,0.99691,0.0,0.0,nan,0.0,0.00344,0.01425,11.94447,1.74338,0.22791,0.39931,0.64889,0.70594,0.5736,0.64889
8.92947,4.61822,11.22607,-0.0537,-0.70575,0.70642,0.99681,0.0,0.0,nan,0.0,0.00832,0.02488,20.19572,2.22381,0.22672,0.62068,0.50919,0.59183,0.44968,0.50919
8.9906,5.5881,12.34791,-0.04466,-0.52262,0.8514,0.95974,0.0,0.0,nan,0.0,0.01331,0.03928,19.73259,2.39205,0.23237,0.69673,0.45921,0.53566,0.41805,0.45921
8.25362,7.90595,-6.04449,0.10738,-0.583,-0.80535,0.99921,0.0,0.0,nan,0.0,0.01601,0.03826,11.43772,1.84576,0.23294,0.49158,0.58707,1.0,0.54178,0.58707
8.9714,6.9579,-5.35925,0.08547,-0.52202,-0.84864,0.99931,0.0,0.0,nan,0.0,0.02146,0.04684,10.40898,1.68821,0.24332,0.55455,0.50812,0.98515,0.59234,0.50812
8.96272,7.01532,12.87526,-0.0215,-0.10294,0.99446,0.92207,0.0,0.0,nan,0.0,0.01985,0.0558,18.96984,1.88838,0.23913,0.61333,0.67659,0.64118,0.52955,0.67659
8.94189,9.96304,-8.06324,0.07435,-0.74259,-0.66561,0.99941,0.0,0.0,nan,0.0,0.01982,0.05235,12.47134,1.83778,0.23241,0.53756,0.68676,0.81739,0.54413,0.68676
8.97391,9.18334,-6.89782,0.08059,-0.70582,-0.70379,0.99373,0.0,0.0,nan,0.0,0.01573,0.03577,10.63972,2.03377,0.23181,0.53329,0.61516,0.97937,0.4917,0.61516
9.39033,8.07671,-5.94546,0.07013,-0.59058,-0.80393,0.99811,0.0,0.0,nan,0.0,0.01496,0.03464,11.06854,1.95479,0.22414,0.51005,0.48789,1.0,0.51156,0.48789
9.60997,9.83144,11.94547,0.09385,0.0937,0.99117,0.96791,0.0,0.0,nan,0.0,0.00707,0.01842,21.05759,1.81129,0.23415,0.44418,0.47433,0.94582,0.55209,0.47433
8.975,8.98172,12.43109,0.01583,0.14586,0.98918,0.99173,0.0,0.0,nan,0.0,0.01195,0.02528,23.01993,1.67766,0.24391,0.57048,0.42039,0.90085,0.59607,0.42039
9.01317,10.87265,-9.1283,0.08133,-0.61781,-0.78211,0.98047,0.0,0.0,nan,0.0,0.01987,0.05191,12.89174,1.91809,0.24006,0.45843,0.40359,0.96448,0.52135,0.40359
9.64691,10.69366,11.85034,0.15197,-0.0496,0.98714,0.96442,0.0,0.0,nan,0.0,0.00739,0.02178,20.73102,1.67165,0.24009,0.44674,0.39481,0.83247,0.59821,0.39481
8.85908,11.08223,12.32675,0.12577,-0.13394,0.98298,0.99203,0.0,0.0,nan,0.0,0.0062,0.01943,20.32715,1.83807,0.24055,0.53174,0.56374,0.65901,0.54405,0.56374
8.66147,13.14471,-10.19098,0.16279,-0.136,-0.97724,0.97768,0.0,0.0,nan,0.0,0.00988,0.03038,17.8989,1.63811,0.23851,0.53837,0.51547,0.67146,0.61046,0.51547
9.44751,12.77498,-9.95084,0.18975,-0.16557,-0.96777,0.9717,0.0,0.0,nan,0.0,0.01594,0.04256,17.25674,1.96155,0.23663,0.54685,0.42708,0.76415,0.5098,0.42708
9.0492,12.95896,12.84082,0.11286,-0.1604,0.98058,0.99273,0.0,0.0,nan,0.0,0.00843,0.03166,14.28872,1.63811,0.23767,0.55869,0.68948,0.54333,0.61046,0.68948
8.91202,15.52345,-10.00431,0.17305,-0.20783,-0.96274,0.99183,0.0,0.0,nan,0.0,0.01351,0.03043,21.62728,1.80192,0.23386,0.51037,0.50266,0.94999,0.55496,0.50266
9.05502,14.80616,-9.83946,0.18455,-0.12682,-0.97461,0.99572,0.0,0.0,nan,0.0,0.01058,0.02653,20.81901,1.63811,0.24581,0.51288,0.44573,0.85216,0.61046,0.44573
8.99893,14.96805,13.07865,0.06191,-0.03841,0.99734,0.99701,0.0,0.0,nan,0.0,0.00624,0.01984,16.89958,1.63811,0.22951,0.59745,0.843,0.83857,0.61046,0.843
8.98809,16.97192,-10.48981,0.1937,-0.20211,-0.96002,0.99821,0.0,0.0,nan,0.0,0.01093,0.04116,21.06588,1.84493,0.23705,0.54563,0.7907,0.61284,0.54203,0.7907
9.04962,16.90883,12.94894,0.1306,-0.10769,0.98557,0.99891,0.0,0.0,nan,0.0,0.01141,0.02663,19.54533,1.63811,0.23669,0.55292,0.64108,0.85408,0.61046,0.64108
9.0175,19.04991,-10.61674,0.23065,-0.03656,-0.97235,0.99582,0.0,0.0,nan,0.0,0.00827,0.03194,20.35006,1.92985,0.2275,0.47901,0.83602,0.81963,0.51817,0.83602
9.03434,18.9862,13.43021,0.148,0.05427,0.9875,0.98266,0.0,0.0,nan,0.0,0.02057,0.04985,20.02499,1.73856,0.23679,0.71265,0.4753,0.6368,0.57519,0.4753
8.98643,21.06,-10.86362,0.20253,-0.23273,-0.95122,0.99701,0.0,0.0,nan,0.0,0.01142,0.03077,21.92918,1.98424,0.23251,0.54796,0.46303,0.7389,0.50397,0.46303
8.94905,20.73938,12.65993,0.11049,0.09864,0.98897,0.97858,0.0,0.0,nan,0.0,0.01112,0.03012,26.3429,1.87024,0.24101,0.51525,0.53275,0.77093,0.53469,0.53275
8.92418,23.03328,-11.61922,0.22342,-0.1392,-0.96473,0.99592,0.0,0.0,nan,0.0,0.00595,0.01649,18.13169,1.90358,0.2335,0.58157,0.72411,0.68919,0.52532,0.72411
9.05582,22.94878,13.01379,0.14533,-0.18458,0.97201,0.99502,0.0,0.0,nan,0.0,0.01295,0.03014,26.20629,1.85546,0.23369,0.63273,0.46925,0.73074,0.53895,0.46925
8.96536,24.91245,-11.44044,0.21963,-0.03691,-0.97489,0.99652,0.0,0.0,nan,0.0,0.00623,0.01931,15.04749,2.08599,0.23943,0.46813,0.48434,0.78033,0.47939,0.48434
8.93875,25.04508,13.49371,0.11676,0.02339,0.99288,0.98067,0.0,0.0,nan,0.0,0.01216,0.0319,21.38493,1.69326,0.23046,0.71854,0.46217,0.57983,0.59058,0.46217
8.45528,27.62215,-12.09332,0.19814,-0.04278,-0.97924,0.99552,0.0,0.0,nan,0.0,0.00583,0.01586,14.74204,3.3781,0.23185,0.61823,0.62381,0.67555,0.29602,0.62381
9.0675,26.80173,-11.78006,0.21251,-0.08344,-0.97359,0.99761,0.0,0.0,nan,0.0,0.00623,0.02157,15.26831,3.03354,0.24045,0.54562,0.43001,0.5981,0.32965,0.43001
9.02526,26.92453,12.74091,0.07304,0.10482,0.99181,0.97589,0.0,0.0,nan,0.0,0.00974,0.02451,21.97931,1.83595,0.23047,0.57493,0.4303,0.75396,0.54468,0.4303
8.40809,28.38399,-12.09888,0.19163,-0.0692,-0.97902,0.99881,0.0,0.0,nan,0.0,0.00295,0.01097,16.96973,1.78709,0.23311,0.43101,0.32436,0.69656,0.55957,0.32436
9.04811,29.00284,-11.50246,0.17318,-0.09832,-0.97997,0.99522,0.0,0.0,nan,0.0,0.00386,0.01539,16.20447,1.63811,0.24132,0.39579,0.33664,0.71151,0.61046,0.33664
9.03602,28.8845,13.0975,0.15901,-0.10727,0.98143,0.99841,0.0,0.0,nan,0.0,0.00809,0.01803,19.37927,1.86547,0.23609,0.50682,0.53805,0.9764,0.53606,0.53805
9.03906,31.16117,-12.24199,0.19385,-0.14514,-0.97023,0.99253,0.0,0.0,nan,0.0,0.00751,0.02999,21.64613,1.70041,0.243,0.52762,0.70267,0.51829,0.58809,0.70267
8.92255,30.28566,-11.95792,0.1686,-0.16506,-0.97177,0.99831,0.0,0.0,nan,0.0,0.00773,0.02577,18.85629,2.34324,0.23637,0.46361,0.584,0.71543,0.42676,0.584
9.01159,31.02458,13.32079,0.1469,0.01163,0.98908,0.99213,0.07379,0.36897,0.7,1.0,0.01334,0.03776,18.21323,2.18495,0.2284,0.59094,0.63723,0.66339,0.45768,0.63723
8.85086,32.83119,-12.51208,0.29025,-0.01214,-0.95687,0.99313,0.0,0.0,nan,0.0,0.01028,0.02579,20.58741,1.74565,0.23355,0.45206,0.33313,0.96693,0.57285,0.33313
9.2499,33.58887,-11.74273,0.29417,-0.01822,-0.95558,0.97329,0.0,0.0,nan,0.0,0.00778,0.02113,19.90508,1.85932,0.23047,0.43729,0.33932,0.92643,0.53783,0.33932
8.95864,33.04807,12.95271,0.17929,0.01143,0.98373,0.99422,0.04667,0.23335,0.7,1.0,0.00738,0.01984,21.91153,1.63811,0.2451,0.46609,0.62386,0.87089,0.61046,0.62386
8.90145,35.15623,-12.34322,0.27825,-0.1968,-0.94013,0.98635,0.0,0.0,nan,0.0,0.0091,0.03661,23.30415,1.87088,0.22927,0.53507,0.6437,0.50434,0.53451,0.6437
9.6405,34.27949,-11.83466,0.30146,-0.10476,-0.94771,0.98047,0.0,0.0,nan,0.0,0.01179,0.03329,22.90048,1.999,0.24095,0.55273,0.53536,0.69676,0.50025,0.53536
9.06825,34.73032,13.36908,0.20135,-0.08905,0.97546,0.99662,0.0,0.0,nan,0.0,0.00473,0.01439,20.66712,1.87336,0.23902,0.48114,0.46051,0.7496,0.5338,0.46051
8.97495,36.96559,-13.07175,0.3038,-0.10539,-0.94689,0.98844,0.0,0.0,nan,0.0,0.00428,0.02998,18.50699,2.13126,0.23057,0.45538,0.84753,0.50532,0.46921,0.84753
8.94139,37.01603,13.26425,0.14916,0.0271,0.98844,0.99303,0.01001,0.05004,0.7,1.0,0.01267,0.0375,20.77793,3.4118,0.2527,0.64671,0.50639,0.573,0.2931,0.50639
8.97486,39.03003,-12.63301,0.33343,-0.00144,-0.94277,0.99532,0.0,0.0,nan,0.0,0.01292,0.03103,20.87327,1.69083,0.24639,0.49248,0.66428,0.9263,0.59142,0.66428
8.93306,39.31406,13.0915,0.16759,-0.12744,0.97759,0.99492,0.00115,0.00577,0.7,1.0,0.00519,0.02325,15.61309,3.3471,0.24428,0.51856,0.85593,0.73444,0.29877,0.85593
8.96795,40.91649,-12.97915,0.32942,-0.06464,-0.94197,0.99741,0.0,0.0,nan,0.0,0.01504,0.03399,21.55036,1.63811,0.2427,0.55442,0.55816,0.8722,0.61046,0.55816
9.01761,41.12541,13.85296,0.16851,-0.00808,0.98567,0.97638,0.0,0.0,nan,0.0,0.00838,0.03273,13.8408,2.71606,0.23565,0.5842,0.69129,0.50169,0.36818,0.69129
8.08741,40.99471,14.01922,0.16016,-0.00531,0.98708,0.97011,0.00036,0.00182,0.7,1.0,0.00705,0.0306,13.07359,2.12274,0.22254,0.58751,0.78287,0.50524,0.47109,0.78287
8.91657,42.94464,-12.85557,0.35202,-0.01271,-0.93591,0.99532,0.0,0.0,nan,0.0,0.00478,0.01641,20.3537,1.672,0.23029,0.32097,0.60398,0.99591,0.59808,0.60398
8.98897,43.04456,13.21142,0.14453,0.10687,0.98371,0.99173,0.0,0.0,nan,0.0,0.01013,0.02764,17.25143,1.80192,0.24195,0.53368,0.32808,0.76669,0.55496,0.32808
8.94169,44.96215,-13.15163,0.29239,-0.09891,-0.95117,0.99502,0.0,0.0,nan,0.0,0.0124,0.03466,19.06627,1.91006,0.2341,0.5007,0.48888,0.78911,0.52354,0.48888
8.98604,44.99088,13.29412,0.18255,-0.04066,0.98236,0.99652,0.0,0.0,nan,0.0,0.01628,0.03818,18.94229,1.71586,0.24453,0.51771,0.40304,0.9104,0.5828,0.40304
9.02731,47.12896,-13.25567,0.2646,0.09831,-0.95934,0.99093,0.0,0.0,nan,0.0,0.01137,0.02826,18.21263,2.08298,0.23668,0.50527,0.63492,0.88334,0.48008,0.63492
9.10886,47.14827,13.57438,0.1788,0.10371,0.9784,0.98545,0.0,0.0,nan,0.0,0.01097,0.02622,20.39742,1.76854,0.23472,0.54012,0.68011,0.85064,0.56544,0.68011
9.00684,49.0177,-12.73126,0.21996,-0.04273,-0.97457,0.98386,0.0,0.0,nan,0.0,0.00844,0.02286,20.42603,1.76803,0.23412,0.4118,0.74833,0.98406,0.5656,0.74833
9.01546,49.0073,12.87039,0.18561,-0.04501,0.98159,0.98027,0.0,0.0,nan,0.0,0.00736,0.01882,19.4604,1.63811,0.24294,0.46389,0.52217,0.92984,0.61046,0.52217
9.03132,50.9576,-13.55275,0.23724,-0.0324,-0.97091,0.97359,0.0,0.0,nan,0.0,0.01234,0.03847,17.67393,1.71294,0.24044,0.64252,0.77254,0.599,0.58379,0.77254
8.92379,50.90395,13.4128,0.1394,-0.02381,0.98995,0.98775,0.0,0.0,nan,0.0,0.01222,0.04294,20.20802,2.0474,0.25012,0.64663,0.48328,0.48386,0.48842,0.48328
9.0859,53.23795,-12.81015,0.34468,0.05854,-0.93689,0.99402,0.0,0.0,nan,0.0,0.00884,0.0195,19.65124,3.36493,0.23163,0.58597,0.5782,0.85234,0.29718,0.5782
8.98438,53.06357,12.82532,0.10251,-0.04339,0.99379,0.95884,0.0,0.0,nan,0.0,0.00735,0.0205,19.73213,1.80192,0.23041,0.51259,0.44085,0.77056,0.55496,0.44085
9.29435,55.02216,-13.32438,0.3275,-0.07882,-0.94156,0.98834,0.0,0.0,nan,0.0,0.00912,0.02458,19.84848,1.86845,0.23517,0.63868,0.57251,0.63914,0.5352,0.57251
9.11086,54.81875,13.7359,0.15684,-0.13491,0.97837,0.98884,0.0,0.0,nan,0.0,0.00816,0.02848,14.27221,1.86172,0.23329,0.59851,0.54372,0.5462,0.53714,0.54372
9.05486,57.02974,-13.30094,0.30526,0.22089,-0.92629,0.97489,0.0,0.0,nan,0.0,0.00608,0.02331,18.36015,1.71926,0.23832,0.48954,0.40335,0.5913,0.58165,0.40335
8.92734,57.2821,13.62326,0.14055,0.09989,0.98502,0.99671,0.0,0.0,nan,0.0,0.00855,0.01845,19.05512,1.64649,0.24501,0.71882,0.6132,0.71218,0.60735,0.6132
8.5694,58.65003,-12.43848,0.24053,0.31699,-0.91742,0.98695,0.0,0.0,nan,0.0,0.00568,0.01767,16.85147,2.86561,0.24282,0.39892,0.37149,0.90051,0.34897,0.37149
9.37612,59.15763,-11.79536,0.24683,0.22601,-0.94234,0.96532,0.0,0.0,nan,0.0,0.00735,0.02164,18.96471,1.83347,0.23527,0.42982,0.4636,0.87305,0.54541,0.4636
9.00448,58.88259,13.49335,0.1238,0.02839,0.9919,0.99741,0.0,0.0,nan,0.0,0.00504,0.01559,18.48167,1.91636,0.23316,0.62103,0.45977,0.57734,0.52182,0.45977
8.84719,61.12185,-12.27804,0.19869,0.04225,-0.97915,0.99582,0.0,0.0,nan,0.0,0.0098,0.03175,15.66233,1.69919,0.23739,0.5422,0.63415,0.64216,0.58851,0.63415
9.59435,60.44299,-11.99754,0.22649,0.06577,-0.97179,0.99741,0.0,0.0,nan,0.0,0.00883,0.02771,18.95317,1.88293,0.23928,0.52335,0.44056,0.67321,0.53109,0.44056
8.9701,60.98537,13.31068,0.06595,0.02132,0.9976,0.99831,0.0,0.0,nan,0.0,0.01339,0.04289,18.81082,1.75772,0.23579,0.70916,0.56085,0.48691,0.56892,0.56085
8.72393,62.76147,-12.34059,0.20257,0.16056,-0.96602,0.98316,0.0,0.0,nan,0.0,0.00923,0.02003,14.63231,1.80192,0.24608,0.548,0.49449,0.95607,0.55496,0.49449
9.29108,63.42932,-11.75503,0.22607,0.18886,-0.95563,0.99851,0.0,0.0,nan,0.0,0.00659,0.01954,13.08754,1.68317,0.23755,0.43456,0.40637,0.89424,0.59412,0.40637
8.98297,63.22921,13.18813,0.0958,-0.04911,0.99419,0.99901,0.0,0.0,nan,0.0,0.00748,0.01804,20.27234,1.63811,0.23012,0.54316,0.57187,0.83921,0.61046,0.57187
8.99368,64.94859,-11.56775,0.19832,0.1919,-0.96117,0.99901,0.0,0.0,nan,0.0,0.00267,0.01392,10.65063,1.66809,0.23565,0.37434,0.58138,0.60896,0.59949,0.58138
9.0578,65.0799,13.70195,0.04121,0.03376,0.99858,0.98685,0.0,0.0,nan,0.0,0.01467,0.04195,23.99874,1.84879,0.24509,0.73206,0.78367,0.57992,0.5409,0.78367
8.9965,66.98827,-11.18483,0.18894,0.13864,-0.97215,0.99871,0.0,0.0,nan,0.0,0.00794,0.03445,6.20627,1.87512,0.23024,0.42351,0.79396,0.83708,0.5333,0.79396
8.94639,67.11398,13.32274,0.0049,-0.04382,0.99903,0.99502,0.0,0.0,nan,0.0,0.00777,0.01742,20.07937,1.63811,0.23396,0.50533,0.39154,0.97027,0.61046,0.39154
8.9796,68.95975,-10.92246,0.18739,0.14403,-0.97167,0.99781,0.0,0.0,nan,0.0,0.00886,0.06356,5.22667,1.67823,0.22966,0.22449,0.49696,0.85906,0.59587,0.49696
8.94626,68.89863,13.49888,0.03743,0.00317,0.99929,0.99472,0.0,0.0,nan,0.0,0.00926,0.02105,20.50898,2.18196,0.22918,0.5156,0.3943,0.93614,0.4583,0.3943
9.02324,71.01899,-10.55958,0.1848,0.18193,-0.96579,0.99761,0.0,0.0,nan,0.0,0.00787,0.04504,3.66672,1.84236,0.221,0.26999,0.47867,1.0,0.54278,0.47867
8.99444,70.9695,13.15456,0.05043,-0.03941,0.99795,0.99233,0.0,0.0,nan,0.0,0.01198,0.02232,21.10453,1.76423,0.24282,0.59514,0.70996,0.98742,0.56682,0.70996
8.8245,72.79159,-10.22527,0.18322,0.21534,-0.9592,0.99532,0.0,0.0,nan,0.0,0.00852,0.05234,3.52758,1.88768,0.22324,0.25504,0.52253,1.0,0.52975,0.52253
9.41673,73.58155,-9.89472,0.19001,0.22411,-0.95586,0.99522,0.01215,0.06076,0.6,1.0,0.00931,0.04791,3.37686,1.68264,0.22977,0.30937,0.47548,1.0,0.5943,0.47548
9.02302,72.87118,13.96016,0.03772,-0.06052,0.99745,0.97409,0.0,0.0,nan,0.0,0.01374,0.03813,21.14219,1.63811,0.24497,0.66141,0.52421,0.59623,0.61046,0.52421
8.13605,74.15596,-10.04117,0.17438,0.23292,-0.95674,0.99412,0.00162,0.0081,0.6,1.0,0.00806,0.04447,3.29801,2.23788,0.22641,0.29107,0.50359,1.0,0.44685,0.50359
8.98391,75.01701,-9.65388,0.17673,0.23719,-0.95525,0.99592,0.0,0.0,nan,0.0,0.00984,0.05092,3.24851,1.72104,0.22764,0.31213,0.6169,1.0,0.58104,0.6169
9.03466,75.03459,13.42884,0.03354,0.05982,0.99765,0.99791,0.0,0.0,nan,0.0,0.00594,0.01925,20.43707,1.89308,0.23802,0.54117,0.64241,0.62637,0.52824,0.64241
9.05789,77.02346,-9.10179,0.15333,0.28213,-0.94704,0.99064,0.0,0.0,nan,0.0,0.00869,0.04674,2.70536,1.64678,0.2323,0.32352,0.4109,1.0,0.60724,0.4109
9.01426,76.94963,13.70601,0.02275,-0.05099,0.99844,0.99711,0.0,0.0,nan,0.0,0.00387,0.01821,15.80463,1.80192,0.24115,0.60346,0.54244,0.39689,0.55496,0.54244
8.90226,78.98486,-8.49268,0.12098,0.36181,-0.92437,0.98884,0.0,0.0,nan,0.0,0.00525,0.02825,2.84322,1.64429,0.23936,0.362,0.78291,0.97796,0.60817,0.78291
8.98366,78.98637,13.59529,0.00135,0.13507,0.99084,0.99761,0.0,0.0,nan,0.0,0.0099,0.08575,4.6445,2.18122,0.23489,0.44459,0.73829,0.37148,0.45846,0.73829
8.81208,80.18554,-8.09927,0.10956,0.44576,-0.88842,0.99074,0.0,0.0,nan,0.0,0.00713,0.03153,2.90026,2.05996,0.24212,0.38204,0.3374,1.0,0.48545,0.3374
8.99202,81.11117,-7.44923,0.1126,0.52991,-0.84054,0.99382,0.0,0.0,nan,0.0,0.00767,0.03841,3.55587,2.04553,0.22515,0.32088,0.59203,0.97238,0.48887,0.59203
8.99215,81.07536,13.14417,0.00849,0.3403,0.94028,0.99622,0.0,0.0,nan,0.0,0.01475,0.05512,3.11561,1.82712,0.23382,0.43929,0.55747,1.0,0.54731,0.55747
8.94974,82.57303,-6.43305,0.13391,0.65613,-0.74267,0.99363,0.0,0.0,nan,0.0,0.00629,0.0774,6.81279,2.06672,0.23434,0.20716,0.56858,0.50754,0.48386,0.56858
9.07912,83.5328,-5.39755,0.14306,0.78406,-0.60398,0.99203,0.0,0.0,nan,0.0,0.01506,0.10616,8.50016,2.04974,0.23478,0.22278,0.35664,0.78649,0.48787,0.35664
8.98787,83.60771,11.55204,0.00878,0.7609,0.64881,0.98256,0.0,0.0,nan,0.0,0.01526,0.08726,3.7922,1.80019,0.23831,0.26721,0.70715,1.0,0.5555,0.70715
8.99693,82.66314,12.38577,0.00899,0.59135,0.80637,0.98147,0.0,0.0,nan,0.0,0.01273,0.07508,3.5735,2.49327,0.23348,0.26441,0.49388,1.0,0.40108,0.49388
8.7869,84.24193,-4.36172,0.1306,0.87496,-0.46625,0.99333,0.0,0.0,nan,0.0,0.01706,0.10745,8.47579,1.7339,0.23704,0.22743,0.56933,0.8629,0.57674,0.56933
9.02727,84.72844,-3.07003,0.09922,0.94295,-0.3178,0.99562,0.0,0.0,nan,0.0,0.01277,0.08506,7.35305,1.73649,0.24107,0.25109,0.45456,0.76067,0.57587,0.45456
8.99956,85.21884,-0.97808,0.09093,0.98458,-0.14946,0.99592,0.00322,0.0161,0.6,1.0,0.02151,0.10787,7.12859,1.85979,0.22585,0.36233,0.68988,0.70458,0.5377,0.68988
9.01891,85.34225,0.96348,0.0887,0.99457,-0.05448,0.99572,0.0,0.0,nan,0.0,0.01474,0.11061,7.02217,1.84289,0.22613,0.37882,0.88692,0.80415,0.54263,0.88692
9.07683,85.38924,3.00486,0.06904,0.99752,-0.01331,0.99582,0.01227,0.06134,0.6,1.0,0.01796,0.10727,5.68728,1.84645,0.22924,0.22913,0.3548,0.98754,0.54158,0.3548
9.02422,85.40968,5.02244,0.04833,0.99782,0.04498,0.99522,0.0,0.0,nan,0.0,0.01664,0.09058,5.69069,1.93418,0.21312,0.25163,0.67629,0.98688,0.51701,0.67629
9.01403,85.20642,7.08173,0.0315,0.9875,0.15445,0.99253,0.0,0.0,nan,0.0,0.00925,0.08512,6.52012,1.9425,0.21222,0.39894,0.90263,0.69578,0.5148,0.90263
8.9492,84.81387,9.03416,0.02535,0.9539,0.29904,0.99522,0.0,0.0,nan,0.0,0.00817,0.08759,5.74828,1.63811,0.22388,0.43684,0.87676,0.48408,0.61046,0.87676
8.99146,84.22715,10.5355,0.01864,0.87859,0.47721,0.98685,0.0,0.0,nan,0.0,0.01346,0.06042,3.92864,1.83587,0.23991,0.35462,0.64319,0.94779,0.5447,0.64319
10.87737,1.66572,1.52215,0.11741,-0.85926,-0.49789,0.99074,0.0,0.0,nan,0.0,0.02277,0.05278,15.99274,2.41618,0.23814,0.53777,0.74859,0.90259,0.41388,0.74859
11.00563,0.60293,2.81374,0.05116,-0.97222,-0.2284,0.93483,0.0,0.0,nan,0.0,0.00301,0.03659,37.47096,1.85546,0.22805,0.80366,0.97129,0.3696,0.53895,0.97129
10.99636,1.181,4.83685,0.01879,-0.9787,0.20445,0.99432,0.01951,0.09753,0.7,1.0,0.01289,0.02441,26.0822,1.71748,0.24988,0.64428,0.66418,0.88264,0.58225,0.66418
11.01713,1.452,6.94559,0.01089,-0.96219,0.27218,0.99642,0.00309,0.01547,0.7,1.0,0.01348,0.0491,19.65836,1.8241,0.24006,0.58205,0.82509,0.68412,0.54822,0.82509
11.00055,1.89316,8.18648,-0.00231,-0.89455,0.44696,0.98695,0.0,0.0,nan,0.0,0.01747,0.05285,18.70814,1.87185,0.23122,0.58181,0.75812,0.64558,0.53423,0.75812
11.11755,3.80127,-2.26353,0.11581,-0.82668,-0.55063,0.99831,0.0,0.0,nan,0.0,0.00809,0.02655,15.28089,1.88176,0.23525,0.48828,0.4915,0.70547,0.53142,0.4915
10.8818,3.17686,-0.98655,0.11945,-0.87734,-0.46476,0.99881,0.0,0.0,nan,0.0,0.00904,0.02472,16.53103,1.71719,0.23133,0.43157,0.59849,0.94991,0.58235,0.59849
11.13652,2.3437,0.49323,0.11655,-0.86717,-0.48419,0.99701,0.0,0.0,nan,0.0,0.01403,0.04088,16.00407,1.67815,0.23569,0.40715,0.61934,0.94833,0.5959,0.61934
11.03148,2.62487,9.33091,0.00148,-0.79791,0.60277,0.99004,0.0,0.0,nan,0.0,0.01359,0.05087,16.83465,1.63811,0.24839,0.46923,0.58959,0.6371,0.61046,0.58959
10.92128,3.48727,10.65002,0.02909,-0.71903,0.69437,0.98944,0.0,0.0,nan,0.0,0.01162,0.03122,21.56274,1.63811,0.22929,0.4938,0.5337,0.82374,0.61046,0.5337
10.91382,5.59067,-4.29006,0.10038,-0.62334,-0.77548,0.99761,0.00295,0.01473,0.7,1.0,0.01548,0.0475,10.41635,1.85778,0.2304,0.45212,0.56206,0.8591,0.53828,0.56206
11.01896,4.52814,-3.35002,0.12408,-0.71908,-0.68376,0.99701,0.0,0.0,nan,0.0,0.00736,0.02612,13.03612,1.97201,0.22335,0.44923,0.48494,0.72391,0.5071,0.48494
11.06282,4.76878,11.4532,0.07881,-0.65698,0.74978,0.99482,0.0,0.0,nan,0.0,0.01021,0.02705,19.83947,1.90227,0.22064,0.53601,0.43082,0.77509,0.52569,0.43082
10.98803,5.61981,12.35471,0.08593,-0.47248,0.87714,0.94868,0.0,0.0,nan,0.0,0.01613,0.05166,17.73238,1.73983,0.24318,0.63736,0.72088,0.54525,0.57477,0.72088
11.031,6.98969,-5.2797,0.05891,-0.56034,-0.82617,0.99911,0.0,0.0,nan,0.0,0.01405,0.04472,9.65676,1.80794,0.23035,0.38894,0.33293,0.97503,0.55312,0.33293
11.01462,7.03081,12.92992,0.07297,-0.1043,0.99187,0.91848,0.0,0.0,nan,0.0,0.00735,0.02795,16.139,1.86895,0.23887,0.49705,0.49316,0.5943,0.53506,0.49316
10.37449,9.95406,-8.11303,0.0799,-0.72491,-0.6842,0.99701,0.0,0.0,nan,0.0,0.01686,0.04694,12.62189,1.63811,0.23578,0.52536,0.47341,0.79217,0.61046,0.47341
10.97346,9.17127,-6.74003,0.02639,-0.68917,-0.72412,0.99721,0.0,0.0,nan,0.0,0.01722,0.04868,11.91271,1.77957,0.23106,0.42449,0.53223,0.97325,0.56193,0.53223
10.9684,8.00099,-5.9921,0.02553,-0.60594,-0.7951,0.99941,0.0,0.0,nan,0.0,0.011,0.03358,10.90917,1.91526,0.22489,0.38762,0.43842,1.0,0.52212,0.43842
11.49704,8.93372,11.98127,0.08092,0.26191,0.96169,0.99233,0.0,0.0,nan,0.0,0.00686,0.0247,17.68876,3.55677,0.26104,0.5329,0.43454,0.58043,0.28115,0.43454
10.87096,8.89636,12.23209,0.08618,0.23369,0.96848,0.99771,0.0,0.0,nan,0.0,0.00958,0.03132,18.95397,2.39203,0.23711,0.53866,0.38867,0.62801,0.41805,0.38867
10.9945,10.95595,-8.87465,0.16313,-0.55822,-0.8135,0.96751,0.0,0.0,nan,0.0,0.01685,0.04587,12.6435,1.63811,0.23896,0.45851,0.51476,0.92781,0.61046,0.51476
11.55861,10.14398,-7.85339,0.08731,-0.67821,-0.72966,0.99861,0.0,0.0,nan,0.0,0.01338,0.04328,13.7631,1.63811,0.23994,0.45124,0.42625,0.78485,0.61046,0.42625
11.11263,11.03326,11.59014,0.19943,-0.04317,0.97896,0.95237,0.0,0.0,nan,0.0,0.00499,0.01558,20.10303,1.73562,0.22991,0.4085,0.53312,0.86251,0.57616,0.53312
10.59478,11.45088,12.00264,0.21471,-0.12818,0.96823,0.98675,0.0,0.0,nan,0.0,0.00757,0.02448,19.61101,1.75992,0.24363,0.50338,0.74627,0.67676,0.56821,0.74627
11.10621,12.97681,-9.62062,0.2491,-0.10758,-0.96248,0.97977,0.0,0.0,nan,0.0,0.01532,0.04587,20.39222,1.70505,0.24757,0.63045,0.75279,0.5869,0.58649,0.75279
11.65811,12.02804,11.8933,0.21793,-0.1796,0.9593,0.98635,0.0,0.0,nan,0.0,0.00507,0.01573,16.11589,1.86771,0.23682,0.51529,0.59107,0.70307,0.53541,0.59107
11.00819,12.8573,12.62195,0.20426,-0.22787,0.95202,0.99193,0.0,0.0,nan,0.0,0.00545,0.02748,14.67094,1.84261,0.23957,0.64997,0.77897,0.38184,0.54271,0.77897
10.10843,15.9433,-10.06972,0.18623,-0.23857,-0.9531,0.99811,0.0,0.0,nan,0.0,0.01007,0.02829,19.28811,2.00847,0.24564,0.53408,0.4279,0.73568,0.49789,0.4279
10.96322,15.00453,-9.28944,0.23582,-0.18202,-0.9546,0.98675,0.0,0.0,nan,0.0,0.01179,0.03029,19.91871,1.86612,0.22802,0.50472,0.49886,0.84863,0.53587,0.49886
10.96975,15.0856,12.75239,0.14125,0.0031,0.98997,0.99542,0.0,0.0,nan,0.0,0.01167,0.03695,18.69616,1.87815,0.2302,0.61906,0.68107,0.56498,0.53244,0.68107
10.92317,16.99072,-10.38114,0.22894,-0.14312,-0.96286,0.98057,0.0,0.0,nan,0.0,0.00543,0.02319,15.84089,2.99388,0.23466,0.51531,0.62091,0.5117,0.33401,0.62091
11.4449,16.07413,-9.96768,0.23531,-0.23028,-0.94424,0.99333,0.0,0.0,nan,0.0,0.0097,0.03164,18.85737,1.70522,0.24134,0.59249,0.52864,0.57212,0.58643,0.52864
11.93625,17.11035,11.9783,0.20257,-0.04179,0.97838,0.96781,0.0,0.0,nan,0.0,0.00716,0.02585,21.61653,1.6756,0.24008,0.56186,0.82045,0.69576,0.5968,0.82045
10.99998,17.02252,12.55907,0.19269,-0.0531,0.97982,0.99622,0.0,0.0,nan,0.0,0.00813,0.02454,21.754,1.80192,0.2371,0.58561,0.80712,0.75548,0.55496,0.80712
10.72363,18.82983,-10.24455,0.27065,-0.02758,-0.96228,0.99871,0.0,0.0,nan,0.0,0.00874,0.03041,19.23252,2.23173,0.23561,0.55861,0.83464,0.77893,0.44808,0.83464
11.28138,19.43204,-9.69614,0.30657,-0.07649,-0.94877,0.9702,0.0,0.0,nan,0.0,0.00972,0.02363,19.09612,1.87454,0.22986,0.51829,0.64736,0.8766,0.53346,0.64736
10.96405,19.06285,12.9119,0.15259,-0.01345,0.9882,0.99273,0.0,0.0,nan,0.0,0.01496,0.04102,21.56659,1.63811,0.25055,0.63177,0.46627,0.63083,0.61046,0.46627
10.97524,20.99629,-10.71049,0.22843,-0.26412,-0.93705,0.99243,0.0,0.0,nan,0.0,0.01168,0.03624,19.53569,1.99395,0.23509,0.59102,0.64506,0.60114,0.50152,0.64506
11.91018,20.03141,-9.96,0.32334,-0.18464,-0.9281,0.98944,0.0,0.0,nan,0.0,0.01312,0.03132,19.06194,1.70132,0.2391,0.56702,0.80259,0.98125,0.58778,0.80259
10.94362,21.02072,12.57489,0.07401,0.08262,0.99383,0.99293,0.0,0.0,nan,0.0,0.01369,0.03019,29.23308,1.65903,0.23435,0.6272,0.44045,0.77257,0.60276,0.44045
11.02707,23.07831,-11.14751,0.25207,-0.0596,-0.96587,0.98535,0.0,0.0,nan,0.0,0.01002,0.03125,13.30855,2.13866,0.23666,0.44851,0.30676,0.8223,0.46758,0.30676
11.02106,22.99129,12.54065,0.14887,-0.15584,0.9765,0.99402,0.0,0.0,nan,0.0,0.01186,0.02579,27.41655,1.80192,0.23422,0.59155,0.42532,0.83406,0.55496,0.42532
10.94426,24.98506,-10.89579,0.29183,-0.04026,-0.95562,0.99751,0.0,0.0,nan,0.0,0.00727,0.01965,13.57664,2.19149,0.23718,0.43097,0.58498,0.98538,0.45631,0.58498
11.01071,24.93928,13.27564,0.14002,-0.05586,0.98857,0.97768,0.0,0.0,nan,0.0,0.00868,0.02582,20.96129,2.23155,0.23009,0.61315,0.61546,0.60097,0.44812,0.61546
11.13575,26.91596,-11.30073,0.3288,-0.09275,-0.93984,0.99422,0.0,0.0,nan,0.0,0.00634,0.02529,16.4962,1.76518,0.2387,0.37942,0.39239,0.74098,0.56652,0.39239
11.03067,26.99421,12.9865,0.0983,0.1424,0.98492,0.99582,0.0,0.0,nan,0.0,0.0134,0.04623,22.92856,1.85054,0.2341,0.61759,0.58257,0.51016,0.54038,0.58257
10.99408,28.98388,-11.23447,0.27624,-0.14382,-0.95027,0.99861,0.0,0.0,nan,0.0,0.0065,0.02463,15.20726,2.72878,0.24241,0.38622,0.68083,0.77259,0.36646,0.68083
11.0072,29.05487,12.45863,0.19476,-0.05209,0.97947,0.99213,0.0,0.0,nan,0.0,0.00922,0.02338,22.3234,1.63811,0.24046,0.47655,0.46937,0.90145,0.61046,0.46937
10.44157,31.33817,-12.15422,0.25001,-0.0619,-0.96626,0.97648,0.0,0.0,nan,0.0,0.01536,0.05338,18.46782,1.85961,0.24506,0.66111,0.80382,0.58291,0.53775,0.80382
11.26325,30.80559,-11.80998,0.28519,-0.09445,-0.9538,0.98187,0.0,0.0,nan,0.0,0.01637,0.06341,18.06673,1.84841,0.2486,0.6247,0.64064,0.45888,0.54101,0.64064
11.01416,31.03687,13.11711,0.21887,-0.02569,0.97542,0.99014,0.03223,0.16117,0.7,1.0,0.00756,0.02529,19.56485,1.80192,0.23899,0.43949,0.40223,0.74969,0.55496,0.40223
10.41517,32.47061,-12.16706,0.29603,0.03868,-0.9544,0.98286,0.0,0.0,nan,0.0,0.01069,0.02986,19.26523,1.74005,0.23528,0.51818,0.3916,0.76241,0.5747,0.3916
11.12621,33.19948,-11.44996,0.35237,0.01238,-0.93578,0.98665,0.0,0.0,nan,0.0,0.0086,0.02253,20.96031,1.63811,0.23904,0.50317,0.61294,0.83042,0.61046,0.61294
11.17566,32.994,12.91768,0.20386,0.08436,0.97536,0.99851,0.00627,0.03135,0.7,1.0,0.00711,0.01958,21.73906,1.92546,0.23136,0.49453,0.60692,0.80127,0.51936,0.60692
10.9277,35.60572,-12.18631,0.30442,-0.20167,-0.93094,0.98565,0.0,0.0,nan,0.0,0.01,0.03936,22.21458,1.80011,0.24953,0.61154,0.79029,0.52016,0.55552,0.79029
11.05409,34.64272,-11.77141,0.3173,-0.19267,-0.92855,0.99054,0.0,0.0,nan,0.0,0.01298,0.03091,24.19591,1.74299,0.23219,0.66643,0.53087,0.68221,0.57373,0.53087
11.00942,34.95234,12.73587,0.25024,-0.09046,0.96395,0.99741,0.0,0.0,nan,0.0,0.00612,0.01768,20.74716,2.17257,0.23254,0.45776,0.51959,0.82964,0.46028,0.51959
10.92508,36.96216,-12.42969,0.32198,-0.03406,-0.94613,0.98356,0.0,0.0,nan,0.0,0.00641,0.02368,18.98831,1.80192,0.23846,0.41742,0.57631,0.71729,0.55496,0.57631
11.68331,37.75284,-11.873,0.30903,0.00203,-0.95105,0.99831,0.0,0.0,nan,0.0,0.01434,0.03137,19.17804,1.8767,0.22974,0.56013,0.58559,0.9012,0.53285,0.58559
11.17333,37.11334,13.09311,0.2138,-0.00895,0.97684,0.98824,0.0,0.0,nan,0.0,0.01183,0.03399,22.05423,1.80192,0.24563,0.67135,0.58456,0.56536,0.55496,0.58456
10.42194,39.19348,-12.11368,0.30584,-0.04735,-0.95091,0.99103,0.0,0.0,nan,0.0,0.01345,0.03271,21.16902,1.66622,0.23912,0.49081,0.58398,0.91683,0.60016,0.58398
11.20401,38.874,-11.93124,0.29818,-0.03943,-0.95369,0.99542,0.0,0.0,nan,0.0,0.01072,0.02553,19.75671,1.84216,0.23031,0.48857,0.62969,0.94685,0.54284,0.62969
11.0165,39.13597,12.88975,0.2335,-0.08317,0.96879,0.99771,0.0,0.0,nan,0.0,0.00634,0.01615,20.34101,1.72043,0.23701,0.50566,0.55017,0.85349,0.58125,0.55017
11.01484,40.94815,-12.64325,0.30308,-0.03761,-0.95222,0.98864,0.0,0.0,nan,0.0,0.00964,0.02483,19.34843,1.90149,0.23353,0.43574,0.34043,0.98336,0.5259,0.34043
11.77951,40.14684,-11.89806,0.29795,-0.05495,-0.953,0.99781,0.0,0.0,nan,0.0,0.00938,0.02426,19.89987,2.34622,0.23044,0.5185,0.44439,0.8208,0.42622,0.44439
11.07892,40.959,13.4462,0.25874,-0.0527,0.96451,0.96841,0.0,0.0,nan,0.0,0.00769,0.021,16.64493,3.60383,0.24189,0.55472,0.46895,0.7394,0.27748,0.46895
10.54407,42.7158,-12.18943,0.30112,-0.01548,-0.95346,0.99392,0.00166,0.00829,0.7,1.0,0.00672,0.01949,21.9509,2.0528,0.2311,0.38238,0.34027,0.98451,0.48714,0.34027
11.38138,43.04556,-11.74556,0.32077,-0.04684,-0.946,0.97379,0.01112,0.05561,0.7,1.0,0.01602,0.03129,24.2601,1.87456,0.23914,0.55569,0.56971,0.99743,0.53346,0.56971
11.12863,43.00511,13.24676,0.19394,0.11699,0.97401,0.99422,0.0,0.0,nan,0.0,0.01043,0.03015,17.58126,1.97755,0.23848,0.50364,0.3301,0.76518,0.50568,0.3301
10.96114,44.94522,-12.60673,0.26388,-0.13227,-0.95544,0.99193,0.0,0.0,nan,0.0,0.01595,0.05239,22.3702,1.75888,0.24253,0.63745,0.73272,0.52023,0.56854,0.73272
11.89783,44.0061,-11.99426,0.31034,-0.13947,-0.94034,0.99044,0.00106,0.00531,0.7,1.0,0.01187,0.02659,24.20595,2.20583,0.23919,0.51571,0.44815,0.93766,0.45334,0.44815
11.04871,44.94997,12.82801,0.21848,-0.01845,0.97567,0.99522,0.0,0.0,nan,0.0,0.00898,0.02549,22.55184,1.73956,0.24197,0.40478,0.31359,0.94692,0.57486,0.31359
10.96542,47.05054,-12.61473,0.2769,0.06524,-0.95868,0.99373,0.0,0.0,nan,0.0,0.01945,0.04549,19.50603,1.90527,0.22368,0.54996,0.7021,0.85731,0.52486,0.7021
10.97316,46.99017,12.95899,0.1533,0.04981,0.98692,0.99363,0.0,0.0,nan,0.0,0.00727,0.02378,21.9715,1.84006,0.24432,0.44017,0.51138,0.75748,0.54346,0.51138
11.00006,48.99119,-12.55871,0.23238,-0.04534,-0.97157,0.99343,0.0,0.0,nan,0.0,0.01588,0.04164,19.50348,1.71595,0.23871,0.49944,0.5527,0.84203,0.58277,0.5527
10.98265,49.06284,12.88111,0.13529,0.0006,0.99081,0.99701,0.0,0.0,nan,0.0,0.0082,0.01929,23.58065,2.03909,0.24012,0.57068,0.49707,0.80785,0.49042,0.49707
11.00554,51.01566,-12.80836,0.32154,0.09456,-0.94216,0.98436,0.0,0.0,nan,0.0,0.00897,0.03753,19.36938,1.80192,0.23475,0.36714,0.45322,0.71815,0.55496,0.45322
11.91276,51.92132,-11.92793,0.42044,0.19082,-0.88703,0.99582,0.0,0.0,nan,0.0,0.00815,0.02718,20.35655,1.89929,0.22644,0.40725,0.37911,0.80832,0.52651,0.37911
11.18427,50.76532,13.19704,0.16505,-0.10098,0.9811,0.98794,0.0,0.0,nan,0.0,0.00703,0.01968,20.90636,1.70701,0.23692,0.6228,0.5037,0.62828,0.58582,0.5037
10.63926,52.89071,-12.25635,0.38771,0.09353,-0.91703,0.99482,0.0,0.0,nan,0.0,0.00736,0.02204,20.31585,2.04934,0.23548,0.40341,0.4857,0.9092,0.48796,0.4857
11.58382,53.11452,-11.59908,0.43969,0.06186,-0.89601,0.96712,0.0,0.0,nan,0.0,0.00954,0.02693,22.32359,1.88822,0.22988,0.43756,0.31933,0.88265,0.5296,0.31933
10.94879,53.14902,13.08163,0.11357,-0.03995,0.99273,0.99612,0.0,0.0,nan,0.0,0.00864,0.02161,18.6889,2.05116,0.24096,0.66607,0.66426,0.66447,0.48753,0.66426
10.84192,55.18284,-12.23421,0.36926,-0.08432,-0.92549,0.99881,0.0,0.0,nan,0.0,0.01385,0.04077,19.82711,1.63811,0.23907,0.60615,0.38491,0.61683,0.61046,0.38491
11.59485,54.37172,-11.89998,0.39774,-0.10054,-0.91197,0.98874,0.0,0.0,nan,0.0,0.01074,0.02751,22.07784,3.34928,0.23921,0.55445,0.46601,0.76829,0.29857,0.46601
11.03417,54.77258,13.35048,0.18358,-0.04469,0.98199,0.99532,0.0,0.0,nan,0.0,0.00626,0.01356,19.60792,1.6631,0.24134,0.68137,0.55758,0.74637,0.60129,0.55758
11.00495,57.0263,-12.67635,0.34726,0.17896,-0.92053,0.9727,0.0,0.0,nan,0.0,0.00821,0.02368,22.22787,2.79977,0.249,0.47288,0.35206,0.79888,0.35717,0.35206
11.84222,57.7958,-11.77967,0.38205,0.20898,-0.9002,0.99323,0.0,0.0,nan,0.0,0.00891,0.0256,19.64646,1.87091,0.23698,0.42056,0.40453,0.91179,0.5345,0.40453
10.93817,56.77814,12.99249,0.24521,0.06833,0.96706,0.99671,0.0,0.0,nan,0.0,0.0102,0.02305,19.26848,1.82625,0.24511,0.65982,0.37098,0.74067,0.54757,0.37098
10.54022,58.10542,-12.28657,0.31177,0.24398,-0.9183,0.99582,0.0,0.0,nan,0.0,0.00959,0.02759,19.16911,1.74552,0.23771,0.40327,0.37839,0.95214,0.57289,0.37839
11.02872,58.9404,-11.7735,0.29863,0.19113,-0.93503,0.99582,0.0,0.0,nan,0.0,0.01002,0.03024,20.41155,2.88235,0.24123,0.49333,0.80969,0.91169,0.34694,0.80969
10.99337,58.95586,12.89117,0.22261,-0.03789,0.97417,0.99801,0.0,0.0,nan,0.0,0.00609,0.01928,20.15213,1.8302,0.23646,0.46594,0.59728,0.74585,0.54639,0.59728
10.97145,61.02032,-11.72957,0.2685,0.06677,-0.96096,0.99622,0.0,0.0,nan,0.0,0.0129,0.06583,15.10761,2.09768,0.23105,0.69019,0.87549,0.5372,0.47672,0.87549
11.04812,60.97694,13.2361,0.15489,-0.0179,0.98777,0.99572,0.0,0.0,nan,0.0,0.00387,0.03739,19.52121,1.63811,0.24906,0.69272,0.92676,0.37954,0.61046,0.92676
11.01499,63.04958,-11.32354,0.28399,0.16121,-0.94518,0.99901,0.0,0.0,nan,0.0,0.00671,0.02104,14.03317,1.86231,0.23204,0.40797,0.40151,0.89273,0.53697,0.40151
11.11658,63.11103,13.11122,0.17922,-0.02024,0.9836,0.99821,0.0,0.0,nan,0.0,0.00745,0.02233,21.6551,1.83648,0.22746,0.46593,0.54482,0.78224,0.54452,0.54482
11.02183,65.00638,-11.16796,0.24901,0.13999,-0.95833,0.99771,0.0,0.0,nan,0.0,0.00226,0.01774,11.48026,2.18487,0.23275,0.31821,0.49332,0.46926,0.45769,0.49332
10.96441,64.96817,13.21107,0.16851,-0.02389,0.98541,0.99771,0.0,0.0,nan,0.0,0.00999,0.02571,22.19616,1.66988,0.23818,0.47762,0.45449,0.88728,0.59885,0.45449
11.00738,66.95883,-10.7404,0.22587,0.14337,-0.96355,0.99881,0.0,0.0,nan,0.0,0.02415,0.07752,5.77513,1.99272,0.23548,0.46589,0.77908,0.9925,0.50183,0.77908
11.06985,67.05598,13.23436,0.14124,-0.02344,0.9897,0.99711,0.0,0.0,nan,0.0,0.00831,0.02438,22.60905,1.84731,0.23562,0.41658,0.46806,0.89089,0.54133,0.46806
11.00413,69.01411,-10.51465,0.22153,0.14272,-0.96465,0.99861,0.0,0.0,nan,0.0,0.01163,0.06193,4.83389,1.63811,0.23561,0.30051,0.51777,0.88338,0.61046,0.51777
11.11074,68.84196,13.58942,0.13892,-0.0223,0.99005,0.98974,0.0,0.0,nan,0.0,0.0062,0.01939,22.99873,1.85652,0.23078,0.37725,0.3397,0.9215,0.53864,0.3397
10.82153,70.82273,-10.23063,0.22241,0.18115,-0.95798,0.99821,0.0,0.0,nan,0.0,0.01235,0.06209,3.71681,1.63811,0.23184,0.30598,0.41499,1.0,0.61046,0.41499
11.59395,71.42776,-9.91406,0.24702,0.18852,-0.9505,0.99632,0.0,0.0,nan,0.0,0.00803,0.05535,3.56365,1.93216,0.21949,0.22657,0.37389,1.0,0.51756,0.37389
10.86711,70.7309,12.89696,0.09249,-0.03945,0.99493,0.98924,0.0,0.0,nan,0.0,0.01291,0.02666,23.28578,1.85765,0.24069,0.54698,0.38169,0.96093,0.53831,0.38169
10.31924,72.27339,-10.05159,0.20903,0.20679,-0.95579,0.99552,0.0,0.0,nan,0.0,0.00757,0.04174,3.59888,2.04226,0.22124,0.28232,0.59653,0.99972,0.48965,0.59653
11.0708,73.07919,-9.75103,0.22009,0.20986,-0.95264,0.99552,0.00246,0.01231,0.6,1.0,0.00933,0.05228,3.22274,2.02819,0.22116,0.28916,0.44101,1.0,0.49305,0.44101
11.01551,72.98122,13.79034,0.08926,-0.06112,0.99413,0.97788,0.0,0.0,nan,0.0,0.01473,0.04204,26.44409,1.73725,0.23731,0.68833,0.69865,0.54737,0.57562,0.69865
10.99514,74.96118,-9.29004,0.20589,0.22179,-0.95311,0.99662,0.0001,0.00048,0.6,1.0,0.00923,0.04652,3.02304,1.69813,0.23285,0.32956,0.35932,1.0,0.58888,0.35932
10.93221,75.16347,13.31586,0.07277,0.05297,0.99594,0.99751,0.0,0.0,nan,0.0,0.0098,0.02708,25.04224,1.89581,0.2298,0.54159,0.68033,0.72192,0.52748,0.68033
11.03951,76.95948,-8.83218,0.20004,0.25968,-0.94475,0.98974,0.0,0.0,nan,0.0,0.01272,0.06558,2.79518,1.70021,0.23645,0.33278,0.56661,1.0,0.58816,0.56661
11.00694,76.8636,13.73198,0.08416,-0.04167,0.99558,0.98705,0.0,0.0,nan,0.0,0.00817,0.0316,24.97668,1.75626,0.22618,0.53612,0.76453,0.54633,0.56939,0.76453
10.91802,78.88183,-8.26757,0.1875,0.33587,-0.92306,0.98904,0.0,0.0,nan,0.0,0.00441,0.02296,3.00887,1.89319,0.23826,0.31982,0.40953,1.0,0.52821,0.40953
11.42671,79.77915,-7.8969,0.20522,0.38803,-0.89851,0.98814,0.0,0.0,nan,0.0,0.00572,0.02595,3.48247,2.02162,0.23763,0.40405,0.45897,0.85856,0.49465,0.45897
11.0976,79.03855,13.57969,0.11165,0.15098,0.98221,0.99612,0.0,0.0,nan,0.0,0.00549,0.03321,15.18943,2.03826,0.23545,0.54762,0.79825,0.40395,0.49061,0.79825
10.04098,80.01749,-8.01642,0.13136,0.4277,-0.89432,0.98974,0.0,0.0,nan,0.0,0.00942,0.03598,3.19204,2.7434,0.2346,0.53272,0.41771,0.79933,0.36451,0.41771
10.9984,81.05559,-7.21978,0.15318,0.52714,-0.83586,0.98824,0.0,0.0,nan,0.0,0.00538,0.03294,5.15742,2.06121,0.23169,0.3992,0.66628,0.56794,0.48515,0.66628
10.97455,81.04698,13.11545,0.08679,0.2897,0.95317,0.99402,0.0,0.0,nan,0.0,0.00561,0.04111,15.37334,2.48282,0.23649,0.56138,0.68359,0.27487,0.40277,0.68359
10.97262,82.30965,-6.27747,0.12867,0.65924,-0.74084,0.99592,0.0,0.0,nan,0.0,0.00696,0.04551,7.43234,2.42901,0.239,0.27997,0.74325,0.69368,0.41169,0.74325
11.0178,83.3623,-5.21473,0.12301,0.78528,-0.6068,0.99323,0.0,0.0,nan,0.0,0.01354,0.08919,7.94087,2.05217,0.23412,0.2187,0.63403,0.86898,0.48729,0.63403
11.08818,83.62961,11.55529,-0.00674,0.76072,0.64904,0.97638,0.0,0.0,nan,0.0,0.01123,0.05609,4.33701,2.02257,0.22851,0.29515,0.52815,0.9908,0.49442,0.52815
10.9856,82.65452,12.40517,0.01627,0.56626,0.82407,0.97658,0.0,0.0,nan,0.0,0.01037,0.17075,4.69879,2.79072,0.23423,0.55366,0.90842,0.31707,0.35833,0.90842
10.60913,84.06374,-4.19263,0.11417,0.86365,-0.49099,0.99462,0.0,0.0,nan,0.0,0.01068,0.07685,9.04775,1.72252,0.23653,0.19813,0.63709,0.85644,0.58054,0.63709
11.01996,84.57152,-3.04674,0.08458,0.931,-0.3551,0.99293,0.0,0.0,nan,0.0,0.00513,0.05331,9.89627,2.50882,0.22668,0.19671,0.57923,0.58757,0.39859,0.57923
11.01004,84.99004,-1.01853,0.06205,0.98636,-0.15249,0.99622,0.0,0.0,nan,0.0,0.00403,0.04734,7.9014,2.0581,0.21598,0.22872,0.61481,0.46643,0.48589,0.61481
11.01633,85.20497,0.96722,0.07175,0.99528,-0.0654,0.99532,0.0,0.0,nan,0.0,0.01767,0.11328,4.85522,1.90344,0.22163,0.22363,0.37367,0.98473,0.52536,0.37367
10.97546,85.28943,2.96374,0.06062,0.99769,-0.03079,0.99333,0.0,0.0,nan,0.0,0.01679,0.13512,4.7028,1.95611,0.21957,0.1798,0.56529,0.9848,0.51122,0.56529
11.06201,85.29557,4.91053,0.04931,0.99859,0.01988,0.99502,0.0382,0.0382,0.6,0.71875,0.01842,0.1316,4.5093,1.96226,0.23036,0.20212,0.5709,0.99985,0.50962,0.5709
10.95703,85.18034,7.00756,0.02907,0.9912,0.12916,0.99163,0.00365,0.01823,0.51,1.0,0.00608,0.0974,5.73879,1.89915,0.21749,0.47051,0.90198,0.34821,0.52655,0.90198
11.0273,84.7663,8.99649,0.01155,0.95763,0.28777,0.99652,0.0,0.0,nan,0.0,0.00708,0.07359,5.34083,1.8937,0.22455,0.44848,0.81422,0.37105,0.52807,0.81422
11.02885,84.19707,10.4942,-0.00476,0.88275,0.46982,0.99034,0.0,0.0,nan,0.0,0.00713,0.04099,4.26661,1.8934,0.23717,0.35148,0.4408,0.72683,0.52815,0.4408
12.932,1.66794,1.54547,0.06922,-0.8582,-0.50862,0.99532,0.0,0.0,nan,0.0,0.01926,0.05393,15.98412,1.91009,0.23773,0.46567,0.66867,0.86316,0.52353,0.66867
13.01527,0.78477,2.92368,0.09669,-0.95648,-0.2753,0.93791,0.0,0.0,nan,0.0,0.00238,0.03711,26.39194,2.05007,0.22187,0.66231,0.96571,0.33575,0.48779,0.96571
12.99383,1.05626,4.98353,0.03461,-0.97928,0.19955,0.99233,0.02115,0.10577,0.7,1.0,0.01401,0.03054,23.37571,1.63811,0.24267,0.58196,0.67522,0.85565,0.61046,0.67522
13.01662,1.55978,6.94023,0.00923,-0.95595,0.29338,0.99741,0.01226,0.06131,0.7,1.0,0.00462,0.0355,20.28238,1.65886,0.24703,0.53237,0.94565,0.71783,0.60282,0.94565
12.93333,1.92086,8.21739,0.0134,-0.89383,0.44821,0.98705,0.0,0.0,nan,0.0,0.01082,0.04314,21.922,1.91658,0.22815,0.59865,0.83901,0.63908,0.52176,0.83901
12.99285,3.77466,-2.3031,0.05375,-0.80416,-0.59198,0.98944,0.0,0.0,nan,0.0,0.03008,0.08235,14.44798,1.89835,0.22285,0.47295,0.60991,0.87927,0.52677,0.60991
12.98661,3.01649,-1.07102,0.01196,-0.88341,-0.46845,0.99841,0.0,0.0,nan,0.0,0.02234,0.06777,15.67719,1.66359,0.227,0.47775,0.3748,0.77792,0.60111,0.3748
13.0148,2.35701,0.58505,0.02119,-0.88497,-0.46516,0.99881,0.0,0.0,nan,0.0,0.01784,0.05463,15.12401,2.15029,0.22527,0.40802,0.7353,0.90626,0.46505,0.7353
13.01527,2.75067,9.24877,0.02306,-0.77102,0.63639,0.98326,0.0,0.0,nan,0.0,0.02372,0.07346,19.55609,1.7134,0.23717,0.47449,0.73015,0.75024,0.58363,0.73015
12.94545,3.71173,10.31126,0.08271,-0.65929,0.74733,0.99731,0.0,0.0,nan,0.0,0.01202,0.03606,22.08636,1.97779,0.22679,0.39926,0.36458,0.9102,0.50561,0.36458
12.99307,5.744,-4.11295,0.16374,-0.61679,-0.76991,0.99881,0.0,0.0,nan,0.0,0.00876,0.04215,13.12505,1.88706,0.22497,0.35461,0.5024,0.67539,0.52993,0.5024
13.0115,4.70954,-3.35608,0.12892,-0.67394,-0.72745,0.99313,0.0,0.0,nan,0.0,0.01575,0.06583,14.17861,1.81878,0.22342,0.44358,0.52601,0.6153,0.54982,0.52601
13.03609,4.98736,11.14067,0.14046,-0.62724,0.76606,0.99552,0.0,0.0,nan,0.0,0.01127,0.03194,21.78753,1.66871,0.2351,0.47076,0.45122,0.81803,0.59926,0.45122
12.7617,5.82006,12.21212,0.14744,-0.46237,0.87434,0.9437,0.0,0.0,nan,0.0,0.01349,0.05239,17.12207,1.89045,0.2355,0.65309,0.85293,0.65665,0.52898,0.85293
12.13848,7.99709,-6.00763,0.04373,-0.6217,-0.78203,0.99941,0.0,0.0,nan,0.0,0.01101,0.04905,13.90815,1.88874,0.23282,0.35919,0.31766,0.71506,0.52945,0.31766
13.02111,7.07302,-4.99317,0.16035,-0.60402,-0.78067,0.99841,0.0,0.0,nan,0.0,0.00689,0.04146,14.66288,2.04254,0.22303,0.26058,0.31454,0.72476,0.48959,0.31454
13.03105,6.90727,12.68138,0.1224,-0.20156,0.9718,0.92107,0.0,0.0,nan,0.0,0.0043,0.02753,19.20532,2.70958,0.22938,0.68568,0.91923,0.54917,0.36906,0.91923
12.95304,9.04628,-6.81854,0.11121,-0.65054,-0.75129,0.99502,0.0,0.0,nan,0.0,0.00885,0.0497,15.85781,1.81626,0.23018,0.28463,0.62256,0.70476,0.55058,0.62256
13.53957,8.05982,-5.99657,0.17993,-0.63214,-0.75367,0.98934,0.0,0.0,nan,0.0,0.0164,0.06368,15.77806,1.79954,0.23096,0.33702,0.38075,0.86082,0.5557,0.38075
13.01349,9.60934,11.99582,0.03805,0.26243,0.9642,0.99462,0.0,0.0,nan,0.0,0.00901,0.07356,19.88216,1.84663,0.2446,0.70112,0.87572,0.32156,0.54153,0.87572
13.03573,8.69688,12.06895,0.05261,0.20939,0.97641,0.99193,0.0,0.0,nan,0.0,0.0063,0.02736,12.09346,1.73041,0.24199,0.64225,0.57902,0.41757,0.5779,0.57902
12.9228,11.06283,-8.64202,0.26383,-0.41961,-0.86852,0.93971,0.0,0.0,nan,0.0,0.01278,0.04247,15.57585,1.80192,0.24308,0.45143,0.46513,0.7522,0.55496,0.46513
13.17538,10.27756,-7.80124,0.20357,-0.5774,-0.79068,0.98356,0.0,0.0,nan,0.0,0.01119,0.05431,15.89636,1.71115,0.23876,0.33769,0.36791,0.68691,0.5844,0.36791
12.91906,10.99467,11.35303,0.10433,0.07169,0.99196,0.94389,0.0,0.0,nan,0.0,0.00348,0.01325,18.83346,1.86751,0.2351,0.48288,0.78681,0.682,0.53547,0.78681
13.06021,13.08957,-8.91739,0.36811,-0.0873,-0.92568,0.99163,0.0,0.0,nan,0.0,0.00964,0.02781,20.64467,1.70606,0.24069,0.54768,0.50373,0.69411,0.58615,0.50373
13.8466,13.81824,-7.94416,0.45307,-0.06947,-0.88876,0.97449,0.0,0.0,nan,0.0,0.00823,0.02758,20.09005,1.87696,0.23153,0.53198,0.80328,0.7436,0.53278,0.80328
13.20417,12.39259,11.52166,0.18991,-0.17697,0.96572,0.96702,0.0,0.0,nan,0.0,0.0072,0.02163,18.10036,1.78387,0.23478,0.58853,0.60777,0.62819,0.56058,0.60777
12.86872,13.18137,12.2394,0.20838,-0.25453,0.94435,0.99173,0.0,0.0,nan,0.0,0.00545,0.02596,16.99602,1.82775,0.24286,0.76097,0.60101,0.30838,0.54712,0.60101
13.16828,14.98232,-9.19018,0.34421,-0.21047,-0.915,0.99373,0.0,0.0,nan,0.0,0.00959,0.02309,19.13666,1.91548,0.23204,0.57804,0.58392,0.79391,0.52206,0.58392
13.90619,14.10123,-7.96924,0.45121,-0.09959,-0.88684,0.9718,0.0,0.0,nan,0.0,0.00811,0.0247,19.21025,1.7631,0.22968,0.44776,0.62626,0.80932,0.56718,0.62626
12.96974,15.00252,12.45856,0.18954,-0.00908,0.98183,0.97927,0.0,0.0,nan,0.0,0.00449,0.05796,15.19816,2.18505,0.23252,0.71657,0.95141,0.34415,0.45766,0.95141
12.21817,17.37111,-10.0915,0.30865,-0.05904,-0.94934,0.97549,0.0,0.0,nan,0.0,0.0079,0.03885,17.61377,1.72491,0.24691,0.74781,0.84318,0.43121,0.57974,0.84318
13.17787,16.90914,-9.72355,0.36387,-0.0914,-0.92695,0.96124,0.0,0.0,nan,0.0,0.00467,0.01965,13.73371,2.3107,0.22929,0.49231,0.43604,0.5529,0.43277,0.43604
13.1093,17.49289,11.69342,0.24366,-0.06946,0.96737,0.95306,0.0,0.0,nan,0.0,0.00351,0.02012,22.88712,1.72452,0.24135,0.60069,0.90086,0.61145,0.57987,0.90086
12.81622,16.83966,12.16422,0.21428,-0.01466,0.97666,0.98785,0.0,0.0,nan,0.0,0.00558,0.0201,19.67547,1.70916,0.24665,0.59226,0.82438,0.67721,0.58508,0.82438
12.08747,18.1352,-10.07958,0.32596,-0.01758,-0.94522,0.97987,0.0,0.0,nan,0.0,0.00773,0.02771,17.2634,3.16055,0.23885,0.64223,0.76318,0.50595,0.3164,0.76318
12.9864,18.95642,-9.13976,0.39459,-0.01305,-0.91876,0.97808,0.0,0.0,nan,0.0,0.01109,0.03039,18.78977,1.87366,0.239,0.55992,0.60663,0.72105,0.53371,0.60663
13.93443,18.02504,11.93265,0.28526,-0.12245,0.9506,0.98944,0.0,0.0,nan,0.0,0.00486,0.02417,26.49002,1.88547,0.23354,0.74283,0.90626,0.58293,0.53037,0.90626
13.05094,18.85873,12.64129,0.20952,-0.09549,0.97313,0.98306,0.0,0.0,nan,0.0,0.00899,0.02783,23.88418,1.80192,0.24449,0.68011,0.4912,0.51465,0.55496,0.4912
12.67986,21.288,-10.25878,0.37702,-0.2427,-0.89384,0.98705,0.0,0.0,nan,0.0,0.01638,0.04655,18.443,1.87046,0.23062,0.61143,0.73416,0.63799,0.53463,0.73416
13.19179,20.65326,-9.51053,0.40824,-0.22278,-0.88527,0.99193,0.0,0.0,nan,0.0,0.01717,0.0413,19.20683,1.80192,0.24048,0.57781,0.5305,0.79422,0.55496,0.5305
13.52857,21.65499,11.91373,0.27657,0.12021,0.95345,0.99044,0.0,0.0,nan,0.0,0.01025,0.02641,21.49776,1.9056,0.23413,0.52614,0.52591,0.80626,0.52477,0.52591
12.98693,21.05864,12.54176,0.1872,0.1031,0.9769,0.99492,0.0,0.0,nan,0.0,0.00855,0.02572,21.04197,1.91175,0.23033,0.56476,0.6079,0.64463,0.52308,0.6079
12.92467,22.98334,-10.51825,0.44045,-0.04121,-0.89683,0.9725,0.0,0.0,nan,0.0,0.01237,0.03694,15.47229,1.88584,0.22905,0.50388,0.42561,0.75041,0.53027,0.42561
13.63443,23.27732,-9.71892,0.55565,-0.00344,-0.83141,0.99313,0.0,0.0,nan,0.0,0.01028,0.03559,19.49054,1.90979,0.21951,0.47209,0.54869,0.67466,0.52362,0.54869
13.52717,23.25506,11.85242,0.32851,-0.06102,0.94253,0.97708,0.0,0.0,nan,0.0,0.00973,0.02804,24.27161,1.92392,0.22805,0.3958,0.38169,0.94902,0.51977,0.38169
12.70869,23.00216,12.35273,0.23252,-0.0708,0.97001,0.98934,0.0,0.0,nan,0.0,0.01218,0.03038,26.44493,2.02304,0.23774,0.48676,0.43983,0.88574,0.49431,0.43983
12.82646,25.12626,-10.22296,0.43635,-0.0524,-0.89825,0.99153,0.0,0.0,nan,0.0,0.012,0.03908,23.3084,1.92492,0.23109,0.58844,0.79125,0.65299,0.5195,0.79125
13.69415,24.61166,-9.8944,0.53498,-0.0409,-0.84387,0.99024,0.0,0.0,nan,0.0,0.01198,0.0341,23.25958,2.03959,0.22418,0.58276,0.63212,0.65483,0.4903,0.63212
13.08031,24.86972,12.83173,0.26782,-0.09687,0.95859,0.98087,0.0,0.0,nan,0.0,0.006,0.03221,21.76033,1.88491,0.23589,0.29953,0.33707,0.67892,0.53053,0.33707
12.94105,27.01995,-10.36168,0.3839,-0.12414,-0.91499,0.99681,0.0,0.0,nan,0.0,0.01384,0.03953,22.39132,1.9002,0.2333,0.51081,0.69298,0.74664,0.52626,0.69298
13.9179,27.9867,-9.95053,0.43779,-0.16099,-0.88455,0.99582,0.0,0.0,nan,0.0,0.0112,0.03802,23.23213,2.5033,0.23049,0.41609,0.43824,0.76888,0.39947,0.43824
13.53219,27.63785,11.73709,0.25063,0.1924,0.94877,0.98117,0.0,0.0,nan,0.0,0.01383,0.03097,23.41392,1.63811,0.23566,0.59419,0.59063,0.81561,0.61046,0.59063
13.0859,27.01161,12.69255,0.23398,0.16615,0.95794,0.98944,0.0,0.0,nan,0.0,0.01075,0.03073,21.03739,1.69391,0.24352,0.61292,0.64768,0.62498,0.59035,0.64768
12.98186,28.90789,-10.66766,0.34409,-0.16956,-0.9235,0.99841,0.0,0.0,nan,0.0,0.00886,0.04252,19.93551,1.88132,0.2203,0.35601,0.71318,0.6443,0.53154,0.71318
13.91208,28.05408,-9.95998,0.43566,-0.16111,-0.88558,0.99612,0.0,0.0,nan,0.0,0.01104,0.03771,22.75263,2.52997,0.22897,0.42139,0.48031,0.75551,0.39526,0.48031
13.484,29.10846,11.71972,0.28042,0.04013,0.95904,0.96841,0.0,0.0,nan,0.0,0.00986,0.02443,27.68792,1.72231,0.23117,0.4549,0.62565,0.95139,0.58061,0.62565
12.80575,29.01279,12.39467,0.27856,0.02934,0.95997,0.99781,0.0,0.0,nan,0.0,0.01014,0.0252,25.81014,2.03431,0.23288,0.45799,0.48132,0.94668,0.49157,0.48132
13.08398,31.02017,-11.08298,0.44787,0.03045,-0.89358,0.97469,0.0,0.0,nan,0.0,0.01647,0.07178,16.01805,1.842,0.22453,0.53745,0.58723,0.48013,0.54289,0.58723
13.63857,30.41222,11.63669,0.28248,-0.07452,0.95637,0.97977,0.0,0.0,nan,0.0,0.0078,0.02344,25.56982,1.86607,0.22464,0.43963,0.54872,0.81654,0.53588,0.54872
13.00827,30.99669,12.64316,0.28579,-0.05684,0.95661,0.99273,0.0,0.0,nan,0.0,0.00482,0.01894,23.11079,1.88715,0.22338,0.3594,0.59875,0.76865,0.5299,0.59875
12.88363,32.93532,-10.63084,0.48902,0.01825,-0.87208,0.97688,0.0,0.0,nan,0.0,0.01102,0.02536,23.41644,2.00932,0.23478,0.58336,0.55691,0.80849,0.49768,0.55691
13.81184,33.32525,-9.7409,0.46988,-0.0793,-0.87916,0.93094,0.0,0.0,nan,0.0,0.00937,0.02133,24.62221,1.87749,0.23034,0.4748,0.48194,1.0,0.53263,0.48194
13.46201,33.44839,11.94029,0.21522,0.08882,0.97252,0.98834,0.0,0.0,nan,0.0,0.01381,0.03323,20.17032,1.88016,0.23883,0.60753,0.6554,0.75203,0.53187,0.6554
12.8548,32.87845,12.28561,0.23588,0.09532,0.9671,0.99582,0.0,0.0,nan,0.0,0.01249,0.03502,19.86462,1.72867,0.24323,0.53047,0.43008,0.7401,0.57848,0.43008
12.1661,35.8467,-12.04289,0.34888,-0.18298,-0.91913,0.96931,0.0,0.0,nan,0.0,0.00653,0.0313,19.33572,1.94577,0.23622,0.5602,0.81356,0.51604,0.51394,0.81356
12.90706,34.944,-11.01349,0.39965,-0.23421,-0.88624,0.99522,0.0,0.0,nan,0.0,0.00696,0.02382,22.49348,1.80192,0.23724,0.50718,0.40965,0.62708,0.55496,0.40965
13.76129,34.26332,-9.81089,0.43125,-0.25795,-0.86457,0.93831,0.0,0.0,nan,0.0,0.0131,0.02787,23.03595,1.70886,0.24744,0.61096,0.53564,0.83589,0.58519,0.53564
13.40308,34.82473,11.99549,0.24378,-0.02278,0.96956,0.99542,0.0,0.0,nan,0.0,0.01232,0.02633,22.00209,1.74562,0.23049,0.55782,0.67936,0.91535,0.57286,0.67936
12.62202,35.09547,12.04122,0.2731,-0.0569,0.9603,0.99083,0.0,0.0,nan,0.0,0.00694,0.01654,22.95198,1.70255,0.23629,0.5032,0.58692,0.906,0.58736,0.58692
12.21327,36.5587,-12.13281,0.34398,-0.1001,-0.93363,0.96871,0.0,0.0,nan,0.0,0.0047,0.01818,18.16863,2.20213,0.23682,0.33077,0.29999,0.867,0.45411,0.29999
12.98811,37.02848,-11.31073,0.33219,-0.10199,-0.93768,0.99771,0.0,0.0,nan,0.0,0.00412,0.01433,15.78487,1.87585,0.23058,0.36673,0.44763,0.88279,0.53309,0.44763
13.9081,36.04077,11.88639,0.26048,-0.08792,0.96147,0.99821,0.0,0.0,nan,0.0,0.0066,0.01687,20.77689,1.88168,0.22156,0.53965,0.71916,0.79474,0.53144,0.71916
13.01577,37.02762,12.57422,0.27891,-0.07455,0.95742,0.99213,0.0,0.0,nan,0.0,0.00854,0.01949,21.49301,1.92937,0.23588,0.65811,0.42767,0.72789,0.5183,0.42767
12.94123,38.97907,-11.41623,0.2967,-0.04209,-0.95404,0.99462,0.0,0.0,nan,0.0,0.00751,0.021,17.11136,1.89009,0.23519,0.44147,0.42178,0.90473,0.52908,0.42178
13.31892,39.78202,11.87046,0.2482,-0.03177,0.96819,0.97539,0.0,0.0,nan,0.0,0.00726,0.01922,20.03282,2.19252,0.22823,0.57321,0.65954,0.72506,0.4561,0.65954
12.96684,38.95454,12.49897,0.23674,-0.00404,0.97156,0.99951,0.0,0.0,nan,0.0,0.00893,0.01998,20.10418,1.93515,0.24175,0.57402,0.42353,0.85617,0.51675,0.42353
12.33645,41.24577,-12.25154,0.3369,0.01537,-0.94141,0.98127,0.0,0.0,nan,0.0,0.00787,0.02382,20.27865,1.8531,0.22545,0.42952,0.78381,0.94748,0.53964,0.78381
13.21801,41.01928,-11.52915,0.35454,0.03817,-0.93426,0.99881,0.0,0.0,nan,0.0,0.00595,0.02063,18.97693,1.99713,0.22342,0.33697,0.31913,0.94606,0.50072,0.31913
13.20361,40.27377,11.92755,0.2717,-0.04014,0.96154,0.98226,0.0,0.0,nan,0.0,0.00839,0.01642,20.6567,1.86417,0.23432,0.62993,0.58175,0.8892,0.53643,0.58175
12.95772,41.03919,12.5698,0.2964,-0.04189,0.95414,0.99921,0.0,0.0,nan,0.0,0.00503,0.01285,19.18028,2.00274,0.22727,0.53232,0.67487,0.81248,0.49931,0.67487
12.02021,42.17279,-12.00751,0.34466,-0.01214,-0.93865,0.99741,0.0,0.0,nan,0.0,0.00833,0.02171,23.16795,1.72728,0.2377,0.43143,0.65706,0.96588,0.57895,0.65706
13.02914,43.04511,-11.60686,0.35242,-0.08991,-0.93151,0.99891,0.0,0.0,nan,0.0,0.01262,0.02632,25.34215,1.63811,0.23777,0.52176,0.62997,0.99159,0.61046,0.62997
12.92247,43.06898,12.39825,0.27573,0.06967,0.95871,0.99701,0.0,0.0,nan,0.0,0.0146,0.03718,20.36439,1.76369,0.23822,0.60922,0.71521,0.70805,0.56699,0.71521
12.81883,44.96523,-12.33681,0.35857,-0.1013,-0.92799,0.96632,0.00611,0.03054,0.7,1.0,0.016,0.03771,23.58903,1.6948,0.24088,0.56908,0.47011,0.80849,0.59004,0.47011
13.69347,44.43017,-11.88699,0.38775,-0.10933,-0.91526,0.97688,0.0,0.0,nan,0.0,0.01744,0.03682,23.79209,1.63811,0.24575,0.61479,0.54926,0.83513,0.61046,0.54926
13.53145,45.38289,11.74495,0.28656,-0.06536,0.95583,0.9723,0.0,0.0,nan,0.0,0.00968,0.02573,21.6652,1.87103,0.2408,0.52256,0.79944,0.93433,0.53446,0.79944
12.79858,44.95264,12.38971,0.27775,-0.02878,0.96022,0.99522,0.0,0.0,nan,0.0,0.01016,0.02443,22.22175,1.83882,0.2372,0.45326,0.53264,0.99987,0.54383,0.53264
12.52032,46.94899,-12.26986,0.37348,0.05166,-0.9262,0.99243,0.0,0.0,nan,0.0,0.00944,0.03498,23.25177,1.86395,0.2378,0.41165,0.38478,0.71228,0.53649,0.38478
13.50411,47.15946,-11.45999,0.45864,0.03296,-0.88801,0.99861,0.0,0.0,nan,0.0,0.01139,0.0342,22.10561,1.80192,0.23929,0.43277,0.53215,0.83899,0.55496,0.53215
13.56484,46.14313,11.75925,0.27394,-0.08249,0.9582,0.97728,0.0,0.0,nan,0.0,0.00459,0.01563,19.81465,1.76332,0.241,0.35518,0.37107,0.90935,0.56711,0.37107
13.09087,46.92439,13.01734,0.23214,-0.09253,0.96827,0.98027,0.0,0.0,nan,0.0,0.00412,0.01588,18.98693,1.74172,0.23743,0.39354,0.65474,0.72796,0.57415,0.65474
12.70425,49.10879,-12.32917,0.36199,-0.03874,-0.93138,0.97947,0.0,0.0,nan,0.0,0.00868,0.03069,22.79478,1.8117,0.24012,0.44097,0.3642,0.69741,0.55197,0.3642
13.51064,48.42324,-11.60955,0.44258,-0.04853,-0.89542,0.99482,0.0,0.0,nan,0.0,0.01189,0.03173,21.81788,1.72925,0.24171,0.47675,0.40171,0.85805,0.57828,0.40171
13.01839,48.98271,12.78427,0.17788,0.06923,0.98161,0.98306,0.0,0.0,nan,0.0,0.00942,0.02642,23.90926,1.73385,0.24482,0.65916,0.4425,0.58591,0.57675,0.4425
12.65052,50.71578,-12.29608,0.39769,0.15816,-0.90379,0.95854,0.0,0.0,nan,0.0,0.01238,0.05642,19.28055,1.85214,0.23113,0.37908,0.32222,0.63896,0.53992,0.32222
13.32033,51.38221,-11.52245,0.46444,0.23716,-0.85326,0.99233,0.0,0.0,nan,0.0,0.00854,0.02857,18.8922,2.03937,0.24658,0.44824,0.49343,0.73751,0.49035,0.49343
13.67501,50.85657,11.89361,0.33975,-0.05447,0.93894,0.97399,0.0,0.0,nan,0.0,0.00823,0.01842,24.42507,1.86954,0.2348,0.59165,0.50073,0.81744,0.53489,0.50073
12.98058,50.97351,12.44954,0.28999,-0.08831,0.95295,0.99432,0.0,0.0,nan,0.0,0.00719,0.01744,24.66001,1.63811,0.2341,0.59893,0.54537,0.74424,0.61046,0.54537
13.07176,52.93754,-11.1243,0.45721,0.04895,-0.88801,0.97668,0.0,0.0,nan,0.0,0.00745,0.02405,21.73488,1.63811,0.21967,0.37145,0.44933,0.91123,0.61046,0.44933
12.96115,52.99104,13.04212,0.22754,-0.04987,0.97249,0.97937,0.0,0.0,nan,0.0,0.00965,0.02359,19.6206,1.78117,0.25597,0.77684,0.7828,0.64834,0.56143,0.7828
12.45991,55.58795,-12.13442,0.40648,-0.02556,-0.9133,0.96941,0.0,0.0,nan,0.0,0.00974,0.02827,19.40743,1.63811,0.24132,0.52524,0.65621,0.72347,0.61046,0.65621
13.30584,54.75174,-11.61557,0.44305,-0.10029,-0.89087,0.98017,0.0,0.0,nan,0.0,0.0068,0.02534,18.72465,3.10493,0.23989,0.48185,0.70586,0.61617,0.32207,0.70586
13.02542,54.98006,12.62507,0.25239,0.05624,0.96599,0.99911,0.0,0.0,nan,0.0,0.00364,0.00943,15.11643,1.72501,0.23819,0.5853,0.62892,0.74706,0.57971,0.62892
12.38557,56.50458,-12.19123,0.40778,0.09719,-0.90789,0.96771,0.0,0.0,nan,0.0,0.01204,0.03189,21.03652,1.87449,0.24011,0.52753,0.35329,0.78362,0.53348,0.35329
13.14311,57.10514,-11.18391,0.48854,0.17632,-0.85454,0.99632,0.0,0.0,nan,0.0,0.01072,0.02713,18.76431,1.73305,0.23601,0.47265,0.42099,0.92521,0.57702,0.42099
12.89117,57.06366,12.27963,0.26482,0.054,0.96278,0.99711,0.0,0.0,nan,0.0,0.01409,0.03003,19.99051,1.90412,0.23409,0.72048,0.67796,0.7163,0.52518,0.67796
12.98675,58.98047,-10.95609,0.43197,0.05801,-0.90002,0.99024,0.0,0.0,nan,0.0,0.00953,0.03556,17.98524,1.88298,0.23043,0.42092,0.53652,0.70738,0.53107,0.53652
13.83653,59.38173,11.95735,0.28138,-0.0662,0.95731,0.99422,0.0,0.0,nan,0.0,0.0059,0.01379,19.74549,1.81091,0.23268,0.48936,0.5689,0.96309,0.55221,0.5689
12.98968,58.92134,12.34376,0.27169,-0.04305,0.96142,0.99253,0.0,0.0,nan,0.0,0.00801,0.01937,20.4297,1.84388,0.23046,0.51086,0.4948,0.88914,0.54233,0.4948
13.02568,61.00064,-11.22747,0.37047,0.09244,-0.92423,0.99512,0.0,0.0,nan,0.0,0.00742,0.02296,12.67648,1.85417,0.23456,0.51948,0.7063,0.72061,0.53932,0.7063
13.00252,60.87623,12.61874,0.27863,-0.06336,0.95831,0.99831,0.0,0.0,nan,0.0,0.00694,0.02276,18.57168,1.86217,0.23114,0.55487,0.80587,0.74068,0.53701,0.80587
12.87863,62.76331,-10.47226,0.35282,0.13592,-0.92577,0.99831,0.0,0.0,nan,0.0,0.00745,0.02191,11.84895,1.7168,0.24158,0.54169,0.68017,0.73395,0.58248,0.68017
13.94156,62.64584,-9.97083,0.39766,0.10789,-0.91117,0.99791,0.0,0.0,nan,0.0,0.00552,0.01831,10.54942,1.8852,0.23815,0.6789,0.85612,0.80003,0.53045,0.85612
13.01922,63.11614,12.75743,0.24614,-0.01412,0.96913,0.99851,0.0,0.0,nan,0.0,0.0075,0.01939,20.46077,2.53235,0.2271,0.48332,0.67447,0.87803,0.39489,0.67447
12.96902,65.02654,-10.5547,0.30139,0.08804,-0.94943,0.99801,0.0,0.0,nan,0.0,0.00254,0.02897,10.22449,1.64508,0.24153,0.55775,0.9044,0.3717,0.60787,0.9044
13.87502,64.13317,11.94746,0.26235,-0.08052,0.96161,0.98495,0.0,0.0,nan,0.0,0.00608,0.01795,18.16763,1.70041,0.23731,0.42007,0.60768,0.89557,0.58809,0.60768
12.97649,64.8322,12.92566,0.22528,-0.06193,0.97232,0.99482,0.0,0.0,nan,0.0,0.00712,0.02021,20.51517,2.36399,0.23299,0.42467,0.48435,0.91079,0.42301,0.48435
12.92236,66.94157,-10.29303,0.29052,0.13848,-0.94679,0.99711,0.0,0.0,nan,0.0,0.00618,0.03697,5.1793,1.85509,0.2301,0.28393,0.58853,0.81596,0.53906,0.58853
13.83644,67.52704,-9.95424,0.3313,0.13794,-0.93339,0.99582,0.0,0.0,nan,0.0,0.00593,0.03553,4.42617,1.76898,0.22685,0.25907,0.58775,0.93573,0.5653,0.58775
12.97904,67.06802,12.8652,0.19076,-0.01824,0.98147,0.99801,0.0,0.0,nan,0.0,0.01551,0.03478,24.13459,1.92858,0.23216,0.57705,0.75554,0.85167,0.51852,0.75554
12.57124,68.7362,-10.19083,0.27937,0.14551,-0.94909,0.99642,0.0,0.0,nan,0.0,0.01458,0.06762,4.55143,1.63811,0.24055,0.31038,0.68965,1.0,0.61046,0.68965
13.38856,69.18793,-9.78128,0.31649,0.15645,-0.93561,0.99572,0.0,0.0,nan,0.0,0.00935,0.04856,3.56479,1.70443,0.23089,0.30046,0.57398,1.0,0.58671,0.57398
13.00677,68.87935,13.10202,0.21219,-0.0523,0.97583,0.99373,0.0,0.0,nan,0.0,0.00608,0.02129,23.91957,1.64433,0.23384,0.31372,0.41356,0.98702,0.60815,0.41356
12.08235,70.15658,-10.01436,0.26715,0.16935,-0.94866,0.99402,0.0,0.0,nan,0.0,0.01162,0.0651,3.672,1.78171,0.22886,0.27578,0.57432,1.0,0.56126,0.57432
13.02538,70.98376,-9.59066,0.30076,0.17474,-0.93756,0.99602,0.0,0.0,nan,0.0,0.01148,0.06754,3.20286,1.63811,0.23513,0.27754,0.73791,0.9949,0.61046,0.73791
13.06815,70.98704,12.94553,0.19286,-0.07016,0.97872,0.99721,0.0,0.0,nan,0.0,0.01155,0.02656,25.33273,1.88164,0.23533,0.48545,0.48506,0.9668,0.53145,0.48506
12.98809,73.00233,-9.23487,0.29353,0.19565,-0.93571,0.99552,0.0,0.0,nan,0.0,0.00478,0.04168,3.03846,1.63811,0.22614,0.19034,0.36244,1.0,0.61046,0.36244
13.05968,72.83828,13.39929,0.18704,-0.1018,0.97706,0.98495,0.0,0.0,nan,0.0,0.01184,0.02915,23.53826,1.96937,0.235,0.46676,0.54467,0.94364,0.50778,0.54467
12.9943,74.98862,-8.77811,0.29701,0.21631,-0.93005,0.99412,0.01089,0.05443,0.7,1.0,0.00965,0.06206,2.90488,1.74142,0.2331,0.26248,0.54235,1.0,0.57424,0.54235
13.08045,75.07243,13.3988,0.13833,0.02713,0.99001,0.99432,0.0,0.0,nan,0.0,0.01176,0.03237,27.81793,1.88768,0.22887,0.52175,0.61116,0.74666,0.52975,0.61116
12.80388,76.86216,-8.39299,0.29302,0.25976,-0.92014,0.99173,0.0,0.0,nan,0.0,0.00762,0.04573,3.00279,1.85311,0.2394,0.27752,0.34589,1.0,0.53963,0.34589
13.66192,77.61446,-7.84538,0.33628,0.28321,-0.89817,0.99522,0.0,0.0,nan,0.0,0.00963,0.04122,3.19744,1.87941,0.23503,0.37958,0.43887,1.0,0.53208,0.43887
13.12405,76.80614,13.39213,0.16248,-0.00197,0.98671,0.99313,0.0,0.0,nan,0.0,0.00778,0.02309,28.28159,2.05158,0.21646,0.49666,0.67835,0.72666,0.48743,0.67835
12.30655,78.36768,-8.09744,0.27329,0.30507,-0.91228,0.99113,0.0,0.0,nan,0.0,0.01099,0.0407,3.18399,1.87502,0.23997,0.45713,0.47296,0.96182,0.53333,0.47296
13.07996,79.09332,-7.50822,0.30259,0.32485,-0.89605,0.99562,0.0,0.0,nan,0.0,0.00683,0.03478,3.66091,1.63811,0.24128,0.58356,0.64689,0.52032,0.61046,0.64689
12.95536,78.95702,12.98873,0.16647,0.10944,0.97995,0.99512,0.0,0.0,nan,0.0,0.01768,0.04321,21.08185,1.63811,0.23666,0.57902,0.56437,0.77374,0.61046,0.56437
12.89769,81.06801,-6.81657,0.21844,0.48621,-0.8461,0.99313,0.0,0.0,nan,0.0,0.0079,0.03109,5.05437,1.94556,0.23208,0.41547,0.39452,0.854,0.51399,0.39452
13.98378,81.97572,-5.98811,0.17442,0.56229,-0.80834,0.98934,0.0,0.0,nan,0.0,0.01221,0.04965,6.25751,1.98595,0.23518,0.35854,0.3578,0.90498,0.50354,0.3578
13.04175,80.87943,12.91056,0.09846,0.20911,0.97292,0.99821,0.0,0.0,nan,0.0,0.01113,0.03584,19.48611,1.67966,0.23426,0.5132,0.62242,0.66707,0.59536,0.62242
12.66377,82.22767,-6.26506,0.15584,0.62196,-0.76739,0.98416,0.0,0.0,nan,0.0,0.00804,0.03494,6.48585,1.93235,0.23567,0.32647,0.71277,0.92262,0.5175,0.71277
13.01409,83.15722,-5.0996,0.11063,0.76453,-0.63503,0.99662,0.00386,0.01932,0.51,1.0,0.01925,0.07172,7.14712,1.74722,0.23401,0.3617,0.64371,0.94985,0.57234,0.64371
13.26148,83.9399,-3.86776,0.08637,0.8666,-0.49147,0.99602,0.0,0.0,nan,0.0,0.0066,0.06214,9.25565,2.00148,0.2256,0.24952,0.65413,0.51735,0.49963,0.65413
12.98538,83.60748,11.61591,-0.00252,0.74241,0.66994,0.96961,0.0,0.0,nan,0.0,0.01145,0.07939,6.16939,2.1829,0.23779,0.32477,0.36583,0.58798,0.45811,0.36583
12.95545,82.65324,12.3838,0.0251,0.50194,0.86454,0.96393,0.0,0.0,nan,0.0,0.0024,0.06332,18.47029,2.06116,0.22958,0.64306,0.96992,0.22049,0.48516,0.96992
12.96967,84.43086,-2.80269,0.0793,0.92992,-0.3591,0.99582,0.0,0.0,nan,0.0,0.00523,0.04888,10.19276,2.1998,0.22248,0.23269,0.5849,0.55016,0.45459,0.5849
13.04225,84.89422,-1.09548,0.05992,0.98344,-0.17106,0.99462,0.0,0.0,nan,0.0,0.0089,0.05075,11.72638,1.88416,0.21971,0.34453,0.73402,0.59607,0.53074,0.73402
12.98055,85.04787,0.96987,0.04671,0.99698,-0.06212,0.99552,0.0,0.0,nan,0.0,0.00861,0.15264,6.5864,1.87709,0.22807,0.45048,0.89744,0.30908,0.53274,0.89744
12.85826,85.15168,2.97498,0.05639,0.99778,-0.0354,0.99323,0.0,0.0,nan,0.0,0.01163,0.13613,3.87463,1.87525,0.22321,0.12952,0.56882,0.99986,0.53326,0.56882
12.82687,85.20943,4.9506,0.05518,0.99844,0.00902,0.99542,0.0,0.0,nan,0.0,0.01483,0.1258,4.35937,1.83281,0.22605,0.17193,0.43018,1.0,0.54561,0.43018
13.01712,85.11773,6.98213,0.03398,0.99362,0.10753,0.99283,0.02511,0.02511,0.7,0.65041,0.01311,0.07559,4.71804,1.94721,0.21096,0.25858,0.49245,0.95467,0.51356,0.49245
13.00891,84.77523,8.9901,0.00976,0.96297,0.26943,0.99333,0.0,0.0,nan,0.0,0.00501,0.05382,5.34602,2.33755,0.21916,0.22159,0.42029,0.57691,0.4278,0.42029
13.01064,84.24063,10.5779,-0.00603,0.88442,0.46666,0.98565,0.0,0.0,nan,0.0,0.00925,0.05098,4.82693,1.9187,0.23503,0.32726,0.46888,0.78411,0.52119,0.46888
14.95508,1.8477,1.7835,0.10084,-0.8963,-0.43182,0.99841,0.0,0.0,nan,0.0,0.02632,0.07319,13.4871,2.22499,0.22772,0.552,0.54031,0.74809,0.44944,0.54031
15.00671,1.21492,3.03344,0.12708,-0.9526,-0.27641,0.97927,0.0,0.0,nan,0.0,0.00691,0.03637,16.01527,2.11943,0.23267,0.48996,0.86644,0.69487,0.47183,0.86644
14.92293,1.08255,5.02809,0.03069,-0.99122,0.12863,0.99123,0.00308,0.0154,0.7,1.0,0.01137,0.02771,19.45144,2.06585,0.23697,0.54298,0.67372,0.83307,0.48406,0.67372
14.94224,1.63178,6.97448,-0.05174,-0.95291,0.29882,0.99731,0.0,0.0,nan,0.0,0.00503,0.03158,16.60839,1.89605,0.21943,0.44586,0.85915,0.61468,0.52741,0.85915
15.01288,1.88426,8.26744,-0.06884,-0.90362,0.42278,0.98366,0.0,0.0,nan,0.0,0.00891,0.04232,19.10811,1.67984,0.23537,0.59122,0.84355,0.56115,0.59529,0.84355
14.63716,3.7899,-2.20131,0.2151,-0.73118,-0.64739,0.9718,0.0,0.0,nan,0.0,0.03321,0.0897,15.15938,1.71809,0.21666,0.51093,0.49556,0.82021,0.58204,0.49556
15.0203,2.98465,-1.11044,0.1646,-0.82765,-0.53656,0.96821,0.0,0.0,nan,0.0,0.02542,0.06489,14.55301,2.21292,0.22924,0.49774,0.72601,0.89509,0.45189,0.72601
15.02025,2.38587,0.77021,0.09244,-0.89144,-0.44361,0.99911,0.0,0.0,nan,0.0,0.01829,0.05167,13.97902,1.85773,0.22543,0.44833,0.5009,0.90222,0.53829,0.5009
14.87537,2.66782,9.29506,-0.08705,-0.78124,0.61813,0.97858,0.0,0.0,nan,0.0,0.01529,0.06117,16.12779,1.63811,0.23696,0.48794,0.62404,0.57574,0.61046,0.62404
15.15439,3.62534,10.20573,-0.08765,-0.58643,0.80524,0.98625,0.0,0.0,nan,0.0,0.01746,0.05203,21.1771,1.8099,0.23752,0.61715,0.63747,0.59509,0.55252,0.63747
14.18335,5.73398,-4.12263,0.29053,-0.5786,-0.76212,0.98515,0.0,0.0,nan,0.0,0.01246,0.03828,14.51646,1.70208,0.22835,0.41023,0.52088,0.9029,0.58752,0.52088
15.02757,5.00002,-2.95079,0.34441,-0.57082,-0.74535,0.99163,0.0,0.0,nan,0.0,0.0127,0.04401,14.37348,1.74752,0.23116,0.45059,0.53942,0.72975,0.57224,0.53942
15.87803,4.04772,-1.93733,0.37568,-0.63174,-0.67807,0.9714,0.0,0.0,nan,0.0,0.03425,0.08834,13.7461,1.71948,0.24496,0.58704,0.58954,0.75667,0.58157,0.58954
14.92325,5.12781,10.98257,0.05308,-0.52617,0.84872,0.99263,0.0,0.0,nan,0.0,0.00916,0.02437,19.67649,3.49267,0.24148,0.53907,0.54491,0.76791,0.28631,0.54491
14.00738,5.9739,12.017,0.136,-0.45568,0.87969,0.96183,0.0,0.0,nan,0.0,0.00846,0.03578,16.94802,1.85284,0.2265,0.55246,0.83435,0.65545,0.53971,0.83435
14.96765,7.23533,-4.77239,0.41386,-0.5739,-0.70666,0.99343,0.0,0.0,nan,0.0,0.01306,0.04013,15.43416,1.78087,0.22981,0.37006,0.44776,0.99311,0.56152,0.44776
15.49744,6.63145,-3.649,0.44107,-0.51206,-0.73705,0.99931,0.0,0.0,nan,0.0,0.00898,0.03095,16.08234,1.7476,0.22109,0.39458,0.3974,0.82722,0.57221,0.3974
15.44599,6.17626,11.74591,0.14667,-0.38038,0.91313,0.98296,0.0,0.0,nan,0.0,0.00724,0.0217,18.03733,1.75139,0.23812,0.55259,0.61687,0.67048,0.57097,0.61687
14.92057,6.9722,12.36532,0.16283,-0.25974,0.95185,0.94579,0.0,0.0,nan,0.0,0.00892,0.02885,17.43989,1.63811,0.24495,0.62987,0.65322,0.54702,0.61046,0.65322
14.85121,9.34088,-6.58755,0.35837,-0.59293,-0.72111,0.98974,0.0,0.0,nan,0.0,0.01632,0.05917,16.62996,1.84245,0.23463,0.3258,0.48193,0.94867,0.54276,0.48193
15.3256,8.56214,-5.43367,0.44591,-0.60747,-0.65737,0.99881,0.0,0.0,nan,0.0,0.01751,0.05382,16.78948,1.88907,0.23224,0.36481,0.46067,0.99816,0.52936,0.46067
14.77301,9.93591,11.99563,0.08362,0.29572,0.95161,0.99074,0.0,0.0,nan,0.0,0.00914,0.05495,22.72494,1.67145,0.23668,0.66594,0.60865,0.27162,0.59828,0.60865
14.95863,8.92148,12.12165,0.10847,0.16909,0.97961,0.98296,0.0,0.0,nan,0.0,0.01095,0.0748,11.06446,1.85855,0.23257,0.59007,0.64046,0.2929,0.53806,0.64046
14.48074,11.43579,-8.26104,0.40484,-0.24969,-0.87963,0.94609,0.0,0.0,nan,0.0,0.00747,0.04107,13.39215,1.9001,0.23345,0.3916,0.42661,0.53398,0.52629,0.42661
15.17172,10.7349,-7.41617,0.44497,-0.39555,-0.80346,0.96223,0.0,0.0,nan,0.0,0.00848,0.04532,15.76559,1.88192,0.22751,0.32469,0.33561,0.64942,0.53137,0.33561
15.04468,11.19117,11.61343,0.1865,0.17479,0.96678,0.98854,0.0,0.0,nan,0.0,0.00666,0.02106,26.70433,1.92507,0.23364,0.57652,0.46709,0.58956,0.51946,0.46709
14.41957,12.66688,-8.25532,0.4604,-0.08365,-0.88376,0.98326,0.0,0.0,nan,0.0,0.00438,0.02025,18.12208,1.8632,0.2303,0.4715,0.6755,0.50924,0.53671,0.6755
15.16337,13.18723,-7.51952,0.51276,-0.05602,-0.85671,0.99432,0.0,0.0,nan,0.0,0.0092,0.032,19.17834,1.70875,0.24572,0.4689,0.43223,0.67728,0.58522,0.43223
15.09004,12.82691,11.40049,0.27935,-0.16184,0.94645,0.98097,0.0,0.0,nan,0.0,0.00411,0.01986,24.39423,1.88555,0.2276,0.4371,0.64641,0.51232,0.53035,0.64641
14.29031,13.71591,12.08985,0.23358,-0.24342,0.94137,0.97718,0.0,0.0,nan,0.0,0.00472,0.03043,19.86845,1.63811,0.25029,0.72202,0.76869,0.25166,0.61046,0.76869
14.60289,15.34381,-8.2803,0.45941,-0.23479,-0.85663,0.99572,0.0,0.0,nan,0.0,0.01017,0.02939,17.91414,1.90275,0.23527,0.55009,0.52102,0.69922,0.52555,0.52102
15.36172,14.71975,-7.62324,0.49291,-0.20364,-0.84591,0.98695,0.0,0.0,nan,0.0,0.01029,0.02846,17.62156,2.01412,0.23491,0.48785,0.65944,0.82545,0.49649,0.65944
15.54421,14.85772,11.89952,0.33129,-0.09978,0.93824,0.96163,0.0,0.0,nan,0.0,0.01897,0.1109,12.81887,1.63811,0.23762,0.69968,0.55003,0.28256,0.61046,0.55003
14.5019,14.94202,12.17135,0.23129,-0.05361,0.97141,0.96622,0.0,0.0,nan,0.0,0.01161,0.07114,10.27782,1.80192,0.22928,0.74219,0.82437,0.34456,0.55496,0.82437
15.08317,16.96143,-8.85211,0.48227,-0.05612,-0.87422,0.97489,0.0,0.0,nan,0.0,0.00756,0.03136,16.64581,2.08425,0.22749,0.61572,0.78555,0.49484,0.47979,0.78555
15.98703,16.18488,-7.97719,0.50842,-0.17381,-0.84338,0.99123,0.0,0.0,nan,0.0,0.00808,0.03026,15.65661,2.05597,0.23036,0.48081,0.41088,0.62633,0.48639,0.41088
15.08857,17.44162,11.72487,0.34941,-0.00934,0.93693,0.98695,0.0,0.0,nan,0.0,0.00708,0.02044,23.72637,1.67197,0.24244,0.56404,0.695,0.66632,0.5981,0.695
14.42596,16.57068,12.10041,0.26314,0.051,0.96341,0.98994,0.0,0.0,nan,0.0,0.00433,0.01575,19.20006,1.97861,0.2369,0.53664,0.68292,0.56488,0.50541,0.68292
14.83854,18.99335,-8.3924,0.46475,-0.01505,-0.88532,0.99612,0.0,0.0,nan,0.0,0.01518,0.03459,17.66475,1.93506,0.23574,0.56731,0.52317,0.86082,0.51678,0.52317
15.6379,18.75279,-7.70243,0.49494,-0.006,-0.86891,0.98755,0.0,0.0,nan,0.0,0.00761,0.02792,16.91298,1.71924,0.23933,0.5597,0.87468,0.90605,0.58165,0.87468
15.35377,18.53757,11.60572,0.40482,-0.10371,0.90849,0.98645,0.0,0.0,nan,0.0,0.00691,0.02997,28.36158,1.73153,0.23029,0.72066,0.89481,0.638,0.57752,0.89481
14.7343,19.21318,12.37043,0.33183,-0.07539,0.94032,0.9712,0.0,0.0,nan,0.0,0.00663,0.01954,21.76257,1.72034,0.23041,0.69277,0.76001,0.55247,0.58128,0.76001
15.02204,20.93636,-8.95133,0.50611,-0.13434,-0.85194,0.98206,0.0,0.0,nan,0.0,0.01143,0.03272,20.09505,2.73158,0.23284,0.60233,0.68937,0.63755,0.36609,0.68937
15.81112,20.40103,-7.85038,0.50156,-0.08822,-0.86061,0.99133,0.0,0.0,nan,0.0,0.0106,0.02757,18.99935,1.63811,0.23643,0.52981,0.57368,0.80162,0.61046,0.57368
15.11292,21.31382,11.58293,0.34314,0.13329,0.92978,0.99771,0.0,0.0,nan,0.0,0.01547,0.03793,17.71045,1.86606,0.23196,0.62691,0.43369,0.72377,0.53589,0.43369
14.73972,20.63903,12.31686,0.33268,0.07615,0.93996,0.96731,0.0,0.0,nan,0.0,0.00928,0.02529,16.9215,1.84891,0.23642,0.57721,0.41709,0.71106,0.54086,0.41709
14.804,22.91754,-8.88863,0.6298,0.04626,-0.77538,0.99442,0.0,0.0,nan,0.0,0.01112,0.02928,20.43171,1.89799,0.2313,0.45815,0.44809,0.91021,0.52687,0.44809
15.62932,23.45079,-7.66117,0.64949,0.07409,-0.75675,0.96153,0.0,0.0,nan,0.0,0.0167,0.04095,24.117,1.72175,0.23995,0.57192,0.65851,0.77221,0.5808,0.65851
14.97611,23.01344,11.45203,0.36894,0.01714,0.9293,0.98386,0.00261,0.01305,0.7,1.0,0.01131,0.02893,21.91022,1.87886,0.22991,0.46124,0.46929,0.92464,0.53224,0.46929
14.1073,22.58043,12.07631,0.34151,0.05083,0.9385,0.99562,0.0,0.0,nan,0.0,0.00907,0.02407,22.29359,2.0302,0.22649,0.43213,0.49957,0.95062,0.49256,0.49957
14.1312,25.79376,-10.0702,0.49839,-0.12949,-0.85723,0.97848,0.0,0.0,nan,0.0,0.01593,0.0373,26.11799,2.14912,0.22245,0.58932,0.67202,0.78026,0.46531,0.67202
14.63601,25.07254,-8.85498,0.61941,-0.14316,-0.7719,0.99183,0.0,0.0,nan,0.0,0.01583,0.0379,23.38546,1.76165,0.22503,0.50572,0.28428,0.8964,0.56765,0.28428
15.60707,24.59531,-7.63479,0.63616,-0.12905,-0.76069,0.9426,0.0,0.0,nan,0.0,0.01467,0.03208,23.91941,1.81166,0.23392,0.5427,0.63221,0.91318,0.55198,0.63221
15.38377,24.88507,11.40755,0.42609,-0.13389,0.89472,0.99652,0.0,0.0,nan,0.0,0.0106,0.03956,18.18701,1.88295,0.22671,0.51983,0.574,0.57226,0.53108,0.574
14.6494,25.14253,12.32103,0.37526,-0.103,0.92118,0.98476,0.0,0.0,nan,0.0,0.00705,0.02837,19.013,1.83402,0.2367,0.37767,0.39882,0.7269,0.54525,0.39882
14.15589,26.71559,-10.0228,0.46851,-0.16054,-0.86875,0.98505,0.0,0.0,nan,0.0,0.01563,0.0373,26.87122,2.03161,0.22731,0.56849,0.72087,0.79198,0.49222,0.72087
15.23644,27.04959,-9.44706,0.56453,-0.19039,-0.80316,0.99253,0.0,0.0,nan,0.0,0.01013,0.027,26.19513,2.01545,0.23043,0.42972,0.52503,0.9398,0.49617,0.52503
15.20543,27.47362,11.74706,0.29015,0.1012,0.95162,0.98934,0.0,0.0,nan,0.0,0.01386,0.03301,22.52634,1.80192,0.24431,0.60191,0.57629,0.75958,0.55496,0.57629
14.8297,26.68606,12.37564,0.32841,0.05075,0.94317,0.9728,0.0,0.0,nan,0.0,0.0104,0.02665,20.48137,1.89208,0.2332,0.55951,0.51674,0.76553,0.52852,0.51674
14.50171,29.23079,-10.25815,0.46109,-0.12213,-0.87891,0.98057,0.0,0.0,nan,0.0,0.01082,0.04776,22.48899,1.80192,0.23038,0.49284,0.80298,0.60259,0.55496,0.80298
15.58279,28.57292,-9.55816,0.54154,-0.17906,-0.82138,0.98635,0.0,0.0,nan,0.0,0.01113,0.0313,22.58642,2.66906,0.23412,0.44707,0.74318,0.86586,0.37466,0.74318
15.99411,28.37761,-7.98725,0.60683,-0.22438,-0.7625,0.96552,0.0,0.0,nan,0.0,0.01136,0.02541,20.29412,1.87457,0.24097,0.51712,0.60909,0.94964,0.53345,0.60909
14.95758,28.98411,11.60098,0.24307,0.07317,0.96725,0.99123,0.0,0.0,nan,0.0,0.01138,0.03376,29.27366,1.71464,0.23477,0.44611,0.57361,0.80739,0.58321,0.57361
14.54521,30.9696,-10.3695,0.48689,0.11362,-0.86604,0.98864,0.0,0.0,nan,0.0,0.00763,0.02636,16.67989,1.72147,0.24005,0.51332,0.47072,0.63144,0.5809,0.47072
15.34231,31.40047,-9.47761,0.51647,0.12605,-0.84698,0.99542,0.0,0.0,nan,0.0,0.00803,0.02261,18.43136,3.37293,0.24679,0.42894,0.30506,0.91758,0.29648,0.30506
15.20886,30.76712,11.52842,0.27636,-0.07551,0.95808,0.99841,0.0,0.0,nan,0.0,0.0081,0.02629,24.79234,1.86569,0.23855,0.4503,0.29831,0.73941,0.536,0.29831
14.50069,31.49809,12.16222,0.2606,-0.05207,0.96404,0.99671,0.0,0.0,nan,0.0,0.0064,0.02631,23.24345,1.90528,0.23498,0.39213,0.4239,0.67409,0.52486,0.4239
14.16245,32.21902,-10.2162,0.49056,0.09281,-0.86645,0.99273,0.0,0.0,nan,0.0,0.00815,0.03189,26.32326,2.83107,0.23609,0.64388,0.8288,0.57096,0.35322,0.8288
14.94468,32.98107,-9.22689,0.47514,-0.04103,-0.87895,0.94848,0.0,0.0,nan,0.0,0.00991,0.02156,24.33418,1.98127,0.22599,0.49764,0.74893,0.99972,0.50473,0.74893
15.2002,33.30129,11.89305,0.23667,0.06051,0.9697,0.98984,0.0,0.0,nan,0.0,0.01418,0.04538,18.26712,1.6794,0.23006,0.61304,0.62316,0.56554,0.59545,0.62316
14.50821,32.68366,12.24,0.23058,0.00696,0.97303,0.98834,0.0,0.0,nan,0.0,0.00488,0.02458,19.79044,1.7977,0.22454,0.33045,0.34851,0.66174,0.55627,0.34851
14.96648,35.21392,-10.64431,0.42322,-0.28722,-0.8593,0.9726,0.0,0.0,nan,0.0,0.01328,0.03121,17.5647,2.26898,0.23123,0.62902,0.52048,0.75367,0.44073,0.52048
15.20666,34.48832,-9.62001,0.45374,-0.26734,-0.85009,0.98984,0.0,0.0,nan,0.0,0.00903,0.01999,19.43065,3.43372,0.24009,0.53026,0.55938,0.93906,0.29123,0.55938
15.00758,34.93225,11.85348,0.2939,0.023,0.95556,0.99402,0.0,0.0,nan,0.0,0.01274,0.02635,26.9106,1.83777,0.23166,0.66251,0.61248,0.78394,0.54414,0.61248
15.00249,37.09518,-10.59642,0.48156,-0.12025,-0.86812,0.99024,0.0,0.0,nan,0.0,0.01044,0.04076,20.46909,1.77014,0.2398,0.48657,0.52928,0.57774,0.56493,0.52928
15.93031,36.46056,-9.94267,0.58555,-0.14087,-0.7983,0.99422,0.0,0.0,nan,0.0,0.00944,0.02689,20.59557,2.17799,0.2387,0.46044,0.51871,0.83624,0.45914,0.51871
15.31068,36.62468,11.52756,0.37468,-0.10703,0.92096,0.99612,0.0,0.0,nan,0.0,0.00727,0.01949,28.50096,1.77476,0.23238,0.63487,0.51396,0.62871,0.56346,0.51396
14.75375,37.27459,12.23395,0.29257,-0.09247,0.95176,0.98117,0.0,0.0,nan,0.0,0.00422,0.01479,21.16125,1.72179,0.24058,0.56146,0.80479,0.67454,0.58079,0.80479
14.9603,38.95008,-11.10281,0.41977,-0.05387,-0.90603,0.98047,0.0,0.0,nan,0.0,0.00798,0.03293,19.69177,3.37412,0.24782,0.3905,0.59961,0.68367,0.29637,0.59961
15.30295,39.00534,11.86628,0.28519,-0.02888,0.95803,0.99103,0.0,0.0,nan,0.0,0.00535,0.02901,20.72162,2.03037,0.23565,0.62877,0.90002,0.61863,0.49252,0.90002
14.72434,38.9173,12.11222,0.24565,-0.01266,0.96928,0.98824,0.0,0.0,nan,0.0,0.01093,0.03075,20.62392,1.63811,0.24247,0.64683,0.53384,0.60291,0.61046,0.53384
15.06257,41.11029,-10.80515,0.42686,0.02634,-0.90394,0.99313,0.0,0.0,nan,0.0,0.00939,0.02871,18.23154,1.82873,0.23306,0.44944,0.36946,0.80713,0.54683,0.36946
15.31216,40.88087,11.64103,0.27778,-0.01378,0.96054,0.99781,0.0,0.0,nan,0.0,0.00785,0.01967,20.52197,3.22518,0.24165,0.62575,0.49308,0.69958,0.31006,0.49308
14.60892,41.21648,12.04839,0.26003,-0.03759,0.96487,0.99871,0.0,0.0,nan,0.0,0.00723,0.01673,19.65067,1.825,0.23208,0.65693,0.63817,0.72479,0.54794,0.63817
14.90651,42.93293,-10.69093,0.38913,-0.06573,-0.91884,0.99333,0.0,0.0,nan,0.0,0.01479,0.03572,21.83993,3.39443,0.24456,0.52887,0.38911,0.85472,0.2946,0.38911
15.61977,43.04072,11.84561,0.27306,0.01049,0.96194,0.99552,0.0,0.0,nan,0.0,0.00778,0.02441,17.59115,1.69143,0.23711,0.57777,0.72707,0.61458,0.59122,0.72707
14.73237,42.95747,12.0051,0.2565,0.03378,0.96595,0.99771,0.0,0.0,nan,0.0,0.00855,0.02602,18.61349,1.70931,0.24421,0.56162,0.6182,0.64779,0.58503,0.6182
14.9724,45.01578,-11.10422,0.4768,0.02158,-0.87875,0.99183,0.0,0.0,nan,0.0,0.01187,0.03185,21.99594,2.05265,0.23457,0.51377,0.55425,0.79148,0.48718,0.55425
15.03578,45.13115,11.60127,0.26675,0.02114,0.96353,0.98306,0.0,0.0,nan,0.0,0.00686,0.02307,23.19785,1.84604,0.24741,0.43189,0.49919,0.74839,0.5417,0.49919
14.51829,44.32266,12.09405,0.23541,0.05674,0.97024,0.99901,0.0,0.0,nan,0.0,0.00437,0.02206,21.81438,1.74486,0.23676,0.40618,0.63582,0.53181,0.57311,0.63582
14.98141,46.96132,-10.70675,0.51727,0.02758,-0.85538,0.99662,0.0,0.0,nan,0.0,0.00907,0.02706,22.75769,1.80192,0.23727,0.38841,0.52127,0.93842,0.55496,0.52127
15.98928,46.02864,-9.96521,0.55845,0.06538,-0.82695,0.99711,0.0,0.0,nan,0.0,0.01058,0.03059,18.81315,1.63811,0.23869,0.402,0.52829,0.95218,0.61046,0.52829
15.29906,46.54172,11.63439,0.33355,-0.07207,0.93997,0.99622,0.0,0.0,nan,0.0,0.00769,0.02214,22.32277,1.86507,0.23362,0.4766,0.43198,0.79356,0.53617,0.43198
14.72174,47.12646,12.44919,0.31428,-0.09561,0.9445,0.98994,0.0,0.0,nan,0.0,0.00715,0.01884,19.77315,1.85905,0.2361,0.46827,0.29488,0.89205,0.53791,0.29488
14.94208,48.98096,-10.98429,0.51111,-0.02333,-0.8592,0.99502,0.0,0.0,nan,0.0,0.0091,0.02788,20.58831,1.66235,0.23873,0.47369,0.32153,0.75571,0.60156,0.32153
15.49689,49.20103,11.755,0.36016,0.11636,0.9256,0.99223,0.0,0.0,nan,0.0,0.01454,0.041,22.08947,2.02613,0.23502,0.56457,0.58894,0.68506,0.49355,0.58894
14.65922,48.89521,12.34363,0.3148,0.09191,0.9447,0.972,0.0,0.0,nan,0.0,0.01585,0.04059,21.5846,2.21161,0.2317,0.63243,0.65945,0.67474,0.45216,0.65945
14.91836,50.88584,-10.69705,0.49934,0.1934,-0.84454,0.99283,0.0,0.0,nan,0.0,0.01343,0.03684,20.66477,1.93778,0.23318,0.49914,0.38846,0.80085,0.51606,0.38846
15.89591,51.45362,-9.96863,0.51741,0.13378,-0.84522,0.99482,0.0,0.0,nan,0.0,0.01671,0.03681,18.30037,1.80192,0.23617,0.52486,0.66845,0.95969,0.55496,0.66845
14.85176,50.94635,11.32994,0.40542,-0.00769,0.9141,0.95087,0.0,0.0,nan,0.0,0.00706,0.02304,22.30688,1.74242,0.24572,0.39733,0.60657,0.84012,0.57391,0.60657
14.27794,51.33441,12.03817,0.37417,-0.09043,0.92294,0.99353,0.0,0.0,nan,0.0,0.00877,0.02383,22.80852,1.83134,0.23893,0.56753,0.64548,0.70532,0.54605,0.64548
14.83257,53.0461,-10.28769,0.44041,-0.02763,-0.89737,0.98555,0.0,0.0,nan,0.0,0.01279,0.02744,21.99861,1.80192,0.23277,0.51556,0.54765,0.98639,0.55496,0.54765
15.72425,52.81672,-9.96436,0.42999,-0.01974,-0.90262,0.99024,0.0,0.0,nan,0.0,0.01828,0.03881,20.61155,1.68302,0.24829,0.56584,0.36809,0.91316,0.59417,0.36809
15.82216,52.23148,11.81141,0.47731,-0.11355,0.87137,0.99303,0.0,0.0,nan,0.0,0.00721,0.03518,22.7122,2.04544,0.22709,0.59094,0.87137,0.61677,0.48889,0.87137
14.93083,52.96209,12.41385,0.39409,-0.0904,0.91462,0.98246,0.0,0.0,nan,0.0,0.00637,0.03384,22.18396,1.78075,0.24617,0.72967,0.87386,0.46616,0.56156,0.87386
15.11701,54.97278,-10.81857,0.45844,-0.00493,-0.88871,0.9719,0.0,0.0,nan,0.0,0.00924,0.0266,20.37418,1.63811,0.24022,0.53481,0.80273,0.85829,0.61046,0.80273
15.87415,54.00373,-9.99722,0.43819,-0.06892,-0.89624,0.99422,0.0,0.0,nan,0.0,0.01564,0.03474,18.42762,1.70533,0.24689,0.54167,0.40878,0.92129,0.5864,0.40878
15.19535,55.26982,11.56302,0.36985,0.03441,0.92845,0.99492,0.0,0.0,nan,0.0,0.00696,0.01858,18.77552,2.41065,0.23824,0.56492,0.51166,0.73398,0.41483,0.51166
14.78092,54.68049,12.1109,0.33107,0.03994,0.94276,0.99562,0.0,0.0,nan,0.0,0.009,0.02432,17.04004,2.20134,0.24274,0.66102,0.42577,0.62564,0.45427,0.42577
14.62842,56.71573,-10.39627,0.51456,0.16286,-0.84184,0.99482,0.0,0.0,nan,0.0,0.00954,0.0252,18.70509,2.0075,0.24218,0.45398,0.62143,0.92267,0.49813,0.62143
15.31355,57.11082,-9.46425,0.52157,0.18063,-0.83387,0.97589,0.0,0.0,nan,0.0,0.01309,0.03002,18.14575,2.41904,0.23927,0.48421,0.58845,1.0,0.41339,0.58845
15.60661,57.08409,11.75415,0.32994,0.03197,0.94346,0.98765,0.0,0.0,nan,0.0,0.00824,0.02581,17.76914,1.66355,0.23755,0.51043,0.54487,0.69601,0.60112,0.54487
14.68752,56.90993,12.17678,0.27087,0.06178,0.96063,0.99652,0.0,0.0,nan,0.0,0.0119,0.02731,17.26257,1.84039,0.24194,0.58762,0.37252,0.82731,0.54336,0.37252
14.59938,59.06067,-10.30912,0.48063,-0.02464,-0.87658,0.99622,0.0,0.0,nan,0.0,0.00812,0.03126,16.33766,1.88606,0.23941,0.53374,0.47093,0.54657,0.53021,0.47093
15.4799,58.84159,-9.62102,0.48745,-0.03067,-0.87261,0.99402,0.0,0.0,nan,0.0,0.00676,0.02816,16.10913,1.82352,0.24017,0.548,0.54171,0.49266,0.54839,0.54171
15.16961,59.07876,11.4408,0.25662,-0.02424,0.96621,0.98505,0.0,0.0,nan,0.0,0.00928,0.02257,18.36049,3.3678,0.24418,0.52086,0.60754,0.8752,0.29693,0.60754
14.4298,58.91816,12.11104,0.26072,-0.02234,0.96515,0.99851,0.0,0.0,nan,0.0,0.0059,0.01443,19.30833,1.84509,0.23259,0.50981,0.51732,0.88449,0.54198,0.51732
14.71383,60.98997,-10.35271,0.43999,0.05596,-0.89626,0.99402,0.0,0.0,nan,0.0,0.00583,0.0158,10.45048,2.04361,0.23539,0.55988,0.47366,0.78579,0.48933,0.47366
15.68623,61.34367,-9.78512,0.47062,0.05352,-0.88071,0.99422,0.0,0.0,nan,0.0,0.00606,0.01492,9.8632,1.63811,0.24641,0.55945,0.51846,0.87282,0.61046,0.51846
15.55351,60.21966,11.77831,0.30223,-0.05039,0.9519,0.99642,0.0,0.0,nan,0.0,0.0077,0.02649,21.82461,1.88238,0.23129,0.50419,0.68035,0.62955,0.53124,0.68035
14.92181,61.05887,12.28478,0.29514,-0.05942,0.95361,0.99343,0.0,0.0,nan,0.0,0.00877,0.02592,18.95299,1.84006,0.24211,0.44642,0.5934,0.83819,0.54346,0.5934
14.35625,63.0984,-10.14681,0.3952,0.0925,-0.91393,0.99891,0.0,0.0,nan,0.0,0.00276,0.01238,9.20794,1.8461,0.23852,0.56688,0.87252,0.7877,0.54168,0.87252
15.24603,62.76166,-9.79304,0.43462,0.07337,-0.89762,0.99811,0.0,0.0,nan,0.0,0.00376,0.01556,8.9371,1.7044,0.24444,0.59981,0.86326,0.773,0.58672,0.86326
15.38574,63.48363,11.92096,0.34708,-0.04106,0.93694,0.99373,0.0,0.0,nan,0.0,0.01145,0.02454,26.48544,1.8281,0.23898,0.68923,0.72863,0.72826,0.54702,0.72863
14.73711,62.82728,12.23808,0.29703,-0.00645,0.95485,0.99532,0.0,0.0,nan,0.0,0.01488,0.0399,23.503,1.8117,0.24139,0.69286,0.61718,0.58394,0.55197,0.61718
14.2933,64.87859,-10.10847,0.34932,0.06218,-0.93494,0.99671,0.0,0.0,nan,0.0,0.0053,0.03323,7.62301,3.3323,0.23071,0.64897,0.84547,0.44648,0.30009,0.84547
15.2597,65.09581,-9.6618,0.39658,0.06867,-0.91543,0.99761,0.0,0.0,nan,0.0,0.00837,0.05509,8.17518,2.15153,0.22413,0.50873,0.58815,0.37187,0.46479,0.58815
15.1783,64.40553,11.59672,0.33745,-0.11157,0.93471,0.98127,0.0,0.0,nan,0.0,0.00885,0.0209,22.50385,1.91242,0.23359,0.5628,0.50658,0.81943,0.5229,0.50658
14.91353,65.14074,12.65172,0.27614,-0.12064,0.95352,0.99103,0.0,0.0,nan,0.0,0.00594,0.01358,21.88048,2.56018,0.22513,0.52329,0.58809,0.91235,0.3906,0.58809
14.10891,66.23718,-10.02859,0.34291,0.12692,-0.93075,0.99721,0.0,0.0,nan,0.0,0.01256,0.06257,5.19287,1.98839,0.22283,0.33694,0.43197,0.82551,0.50292,0.43197
15.0277,67.01797,-9.46956,0.38727,0.13554,-0.91195,0.99791,0.0,0.0,nan,0.0,0.00356,0.04673,6.75462,1.91742,0.22747,0.33522,0.83551,0.40513,0.52153,0.83551
14.9686,66.87076,12.32293,0.23054,-0.03862,0.9723,0.99711,0.0,0.0,nan,0.0,0.01288,0.02963,26.06048,1.80822,0.24559,0.63194,0.51194,0.74052,0.55303,0.51194
15.03652,68.99017,-9.19061,0.39721,0.148,-0.90571,0.99731,0.0,0.0,nan,0.0,0.01101,0.04379,3.29471,1.86753,0.23747,0.41426,0.49125,0.97522,0.53547,0.49125
15.66502,69.23537,11.82048,0.26637,-0.02663,0.9635,0.99203,0.0,0.0,nan,0.0,0.01352,0.02742,26.89549,1.84368,0.23025,0.53589,0.49618,0.98832,0.54239,0.49618
14.94427,69.03951,12.46933,0.222,-0.03854,0.97428,0.99941,0.0,0.0,nan,0.0,0.01194,0.02548,26.822,1.7217,0.22879,0.53061,0.45588,0.94916,0.58082,0.45588
15.02074,71.01016,-8.88541,0.38995,0.16629,-0.9057,0.99482,0.0,0.0,nan,0.0,0.00559,0.03335,2.96692,2.19931,0.22775,0.28072,0.55358,0.99971,0.45469,0.55358
14.96832,70.90621,12.71777,0.27564,-0.06087,0.95933,0.99781,0.0,0.0,nan,0.0,0.01042,0.02218,27.07315,2.02885,0.23252,0.52595,0.55447,0.95879,0.49289,0.55447
14.94722,72.95813,-8.5005,0.39363,0.20188,-0.89683,0.99323,0.0,0.0,nan,0.0,0.01131,0.06157,2.99888,1.7262,0.23328,0.30624,0.49576,1.0,0.57931,0.49576
15.84216,73.6162,-7.89228,0.44738,0.20705,-0.87005,0.99323,0.0,0.0,nan,0.0,0.01651,0.06793,3.21954,1.92829,0.2249,0.39395,0.50721,1.0,0.51859,0.50721
15.66158,72.685,11.88523,0.30599,-0.14571,0.94082,0.96971,0.0,0.0,nan,0.0,0.00704,0.01803,22.27443,1.63811,0.23593,0.47606,0.61469,0.89339,0.61046,0.61469
15.01696,72.9752,12.82092,0.25625,-0.12816,0.95808,0.99402,0.0,0.0,nan,0.0,0.00597,0.01945,23.13586,1.70336,0.24068,0.4183,0.40622,0.79725,0.58708,0.40622
14.53464,74.86338,-8.2428,0.38165,0.21475,-0.89901,0.99253,0.0,0.0,nan,0.0,0.00916,0.05525,3.12042,1.84624,0.23108,0.27198,0.65831,1.0,0.54164,0.65831
15.44438,75.20811,-7.70211,0.42594,0.20987,-0.88007,0.99083,0.00483,0.02414,0.6,1.0,0.01052,0.05042,3.00822,1.81247,0.23495,0.3479,0.58709,0.99868,0.55173,0.58709
14.9725,75.04132,13.01158,0.20538,-0.01241,0.9786,0.98954,0.0,0.0,nan,0.0,0.00569,0.01835,27.07243,1.70834,0.23319,0.48193,0.59629,0.69084,0.58536,0.59629
14.17967,76.29722,-8.05368,0.36163,0.23968,-0.90099,0.99263,0.0,0.0,nan,0.0,0.00971,0.04862,3.26458,1.87177,0.23414,0.32205,0.49708,1.0,0.53425,0.49708
15.09196,77.00797,-7.43283,0.38614,0.24863,-0.8883,0.99113,0.0,0.0,nan,0.0,0.00911,0.04339,3.47635,1.83342,0.23178,0.33076,0.42352,1.0,0.54543,0.42352
15.93342,76.66073,11.95618,0.20621,0.01387,0.97841,0.95815,0.0,0.0,nan,0.0,0.0037,0.01693,23.82836,1.87232,0.24436,0.57926,0.87217,0.67088,0.5341,0.87217
15.0928,76.74567,12.9114,0.19507,0.01802,0.98062,0.99632,0.0,0.0,nan,0.0,0.00583,0.01927,26.77904,1.66797,0.23465,0.48574,0.69068,0.66963,0.59953,0.69068
14.98939,78.99644,-6.83347,0.32901,0.27488,-0.90343,0.99343,0.0,0.0,nan,0.0,0.00844,0.0285,3.57252,1.71778,0.24091,0.47245,0.37961,0.97812,0.58215,0.37961
15.00909,78.96938,12.71772,0.14117,0.03559,0.98935,0.99333,0.0,0.0,nan,0.0,0.01397,0.03313,25.6807,1.71524,0.24055,0.6197,0.67752,0.73321,0.58301,0.67752
14.91914,80.87034,-6.36079,0.23972,0.38123,-0.89286,0.99432,0.0,0.0,nan,0.0,0.00546,0.02601,4.69193,1.89813,0.23232,0.46583,0.53241,0.64227,0.52683,0.53241
15.25131,81.7371,-5.87067,0.17496,0.4769,-0.86137,0.98595,0.00024,0.00119,0.51,1.0,0.01192,0.05465,5.55847,3.00422,0.23769,0.43487,0.81765,0.87054,0.33287,0.81765
15.04762,81.00144,12.84729,0.07507,0.15714,0.98472,0.98685,0.0,0.0,nan,0.0,0.0104,0.03202,19.26562,2.07207,0.23373,0.48955,0.51283,0.73244,0.48261,0.51283
14.96911,83.0059,-5.01609,0.09149,0.71064,-0.69759,0.98127,0.00054,0.0027,0.51,1.0,0.0127,0.06989,5.97088,2.35774,0.23943,0.24268,0.47115,1.0,0.42413,0.47115
15.16619,83.89453,-3.75912,0.04798,0.86281,-0.50325,0.99153,0.00179,0.00897,0.51,1.0,0.01298,0.09437,8.09394,1.89431,0.23313,0.27814,0.74182,0.61672,0.5279,0.74182
15.00816,83.65962,11.57786,0.01964,0.71522,0.69862,0.95266,0.0,0.0,nan,0.0,0.0109,0.2588,8.46671,1.9963,0.23609,0.69642,0.95781,0.22312,0.50093,0.95781
14.96778,82.64201,12.37101,0.03925,0.43971,0.89728,0.95197,0.0,0.0,nan,0.0,0.003,0.05411,21.529,1.89586,0.23558,0.63959,0.97832,0.35134,0.52747,0.97832
14.98409,84.31622,-2.77235,0.05195,0.92787,-0.36928,0.99592,0.0,0.0,nan,0.0,0.00821,0.07809,10.97969,2.08822,0.22164,0.38124,0.83637,0.4504,0.47888,0.83637
15.01495,84.80858,-1.06688,0.04636,0.98275,-0.17904,0.99532,0.0,0.0,nan,0.0,0.00767,0.07018,11.57393,1.82426,0.22817,0.37677,0.86575,0.54014,0.54817,0.86575
15.03386,84.93859,0.94775,0.02301,0.99703,-0.07347,0.99622,0.0,0.0,nan,0.0,0.00468,0.08762,9.78643,1.97058,0.22245,0.43103,0.91845,0.3237,0.50747,0.91845
15.01174,85.07691,3.01071,0.0224,0.99929,-0.03028,0.99662,0.00157,0.00784,0.6,1.0,0.00768,0.07707,5.17625,1.74365,0.21778,0.14746,0.34697,0.93639,0.57351,0.34697
15.02808,85.09389,4.96615,0.02898,0.99953,0.01018,0.99741,0.0,0.0,nan,0.0,0.01992,0.14327,5.09096,1.83086,0.21156,0.21144,0.39913,0.91611,0.54619,0.39913
14.9704,85.01406,7.03175,0.02827,0.99453,0.10057,0.99392,0.00745,0.03723,0.51,1.0,0.00809,0.06794,5.37157,1.87156,0.20773,0.23204,0.51729,0.70412,0.53431,0.51729
14.97131,84.72,8.97174,0.01392,0.96939,0.24511,0.99592,0.0,0.0,nan,0.0,0.0065,0.05422,5.91011,1.84135,0.22294,0.28456,0.55101,0.56341,0.54308,0.55101
14.97773,84.26309,10.56972,0.00438,0.88492,0.46572,0.98296,0.0,0.0,nan,0.0,0.01305,0.06521,5.44489,2.15244,0.23755,0.3781,0.69325,0.72348,0.46459,0.69325
16.594,1.85199,1.78017,0.25221,-0.87788,-0.40708,0.98256,0.0,0.0,nan,0.0,0.02093,0.04799,14.18969,1.85787,0.23821,0.51055,0.5211,0.97475,0.53825,0.5211
16.96512,1.61073,3.0695,0.32162,-0.895,-0.30908,0.97758,0.0,0.0,nan,0.0,0.01415,0.03314,13.77693,1.96843,0.2363,0.58281,0.51583,0.8391,0.50802,0.51583
17.043,0.91368,4.98401,0.18318,-0.98152,-0.05538,0.93273,0.0,0.0,nan,0.0,0.01556,0.0329,14.5355,1.74057,0.23575,0.59274,0.66822,0.90775,0.57453,0.66822
16.96816,1.3952,6.9762,0.00772,-0.97682,0.21392,0.98366,0.0,0.0,nan,0.0,0.017,0.06691,12.49901,1.81345,0.23902,0.66152,0.78895,0.50899,0.55144,0.78895
17.08927,1.86656,8.34077,-0.05675,-0.91132,0.40776,0.99353,0.0,0.0,nan,0.0,0.01023,0.04769,7.70287,1.89004,0.23756,0.59404,0.63184,0.45481,0.52909,0.63184
16.8088,3.37283,-0.65647,0.41628,-0.67914,-0.60454,0.95894,0.0,0.0,nan,0.0,0.03079,0.08156,14.84227,1.84282,0.23762,0.4436,0.67213,0.96558,0.54265,0.67213
17.16335,2.51449,0.78868,0.37851,-0.7954,-0.47336,0.95715,0.0,0.0,nan,0.0,0.01965,0.05279,15.1673,1.75037,0.23258,0.42851,0.52015,0.98314,0.57131,0.52015
17.83681,2.02538,2.10083,0.48347,-0.79776,-0.36034,0.95067,0.0,0.0,nan,0.0,0.01484,0.03745,14.52863,2.04189,0.23486,0.45299,0.50016,0.99484,0.48974,0.50016
16.95977,2.39932,9.37822,-0.07654,-0.81041,0.58084,0.98226,0.0,0.0,nan,0.0,0.02056,0.10174,6.70367,1.87383,0.23225,0.56687,0.48144,0.46294,0.53367,0.48144
17.02937,3.31828,10.53408,-0.07485,-0.53985,0.83842,0.93762,0.0,0.0,nan,0.0,0.00367,0.06496,14.69112,1.63811,0.22829,0.70517,0.94428,0.24087,0.61046,0.94428
16.45206,5.36793,-2.35686,0.47701,-0.50437,-0.71978,0.99701,0.0,0.0,nan,0.0,0.01275,0.03796,15.27728,1.72072,0.22532,0.4406,0.31574,0.86228,0.58115,0.31574
17.26846,4.81671,-1.37818,0.56062,-0.51885,-0.64537,0.99333,0.0,0.0,nan,0.0,0.01426,0.05876,14.81261,1.98433,0.22793,0.45466,0.55623,0.60593,0.50395,0.55623
16.99031,5.11646,11.30516,0.12395,-0.28357,0.95091,0.9708,0.0,0.0,nan,0.0,0.00408,0.02611,22.85835,1.74975,0.24336,0.61029,0.86713,0.44532,0.57151,0.86713
16.0449,7.9274,-4.0773,0.49191,-0.54144,-0.68181,0.99741,0.0,0.0,nan,0.0,0.01002,0.03389,17.23736,2.6829,0.23131,0.41506,0.6496,0.79531,0.37273,0.6496
16.91453,7.02792,-3.12663,0.5002,-0.48188,-0.71944,0.99831,0.0,0.0,nan,0.0,0.00797,0.04021,17.34832,2.01336,0.22691,0.30866,0.60082,0.71622,0.49668,0.60082
17.7175,6.12318,-1.81273,0.57513,-0.49172,-0.65379,0.99552,0.0,0.0,nan,0.0,0.00776,0.05082,24.70764,1.80192,0.23051,0.35677,0.69849,0.46256,0.55496,0.69849
17.21209,6.70222,11.47152,0.30866,-0.17904,0.93417,0.98844,0.0,0.0,nan,0.0,0.00313,0.0185,24.55476,3.51283,0.2431,0.5896,0.8453,0.44693,0.28467,0.8453
16.37804,7.34945,12.14228,0.26908,-0.18152,0.94586,0.95715,0.0,0.0,nan,0.0,0.00657,0.0334,19.32257,1.70599,0.24552,0.59233,0.68832,0.3667,0.58617,0.68832
16.28422,9.84099,-6.17112,0.51435,-0.53416,-0.67091,0.98904,0.0,0.0,nan,0.0,0.01076,0.04015,15.29431,1.90838,0.22934,0.30317,0.31953,0.99973,0.52401,0.31953
16.85895,9.20714,-4.83436,0.53734,-0.56708,-0.62425,0.99861,0.0,0.0,nan,0.0,0.01124,0.04398,16.5678,2.17279,0.22622,0.40455,0.80892,0.87263,0.46024,0.80892
17.29781,8.56594,-3.50707,0.52318,-0.51164,-0.68155,0.99761,0.0,0.0,nan,0.0,0.01141,0.03505,20.41619,2.5011,0.23984,0.42995,0.60047,0.83147,0.39982,0.60047
17.25345,9.15801,11.77868,0.35015,0.17362,0.92046,0.96074,0.0,0.0,nan,0.0,0.00623,0.03543,15.63722,1.86979,0.23329,0.51695,0.46842,0.3839,0.53482,0.46842
16.38414,8.69811,12.11992,0.26378,0.08746,0.96061,0.94908,0.0,0.0,nan,0.0,0.00576,0.05127,12.45092,1.83917,0.23043,0.483,0.79718,0.31812,0.54372,0.79718
16.74091,11.11458,-6.67854,0.58539,-0.28529,-0.7589,0.96193,0.0,0.0,nan,0.0,0.00899,0.02689,13.66772,2.33414,0.22494,0.40614,0.43602,0.94406,0.42842,0.43602
17.43143,10.76733,-5.52873,0.61363,-0.38364,-0.69013,0.98645,0.0,0.0,nan,0.0,0.00946,0.03949,18.1379,2.08258,0.23073,0.29874,0.35523,0.89039,0.48017,0.35523
17.79352,11.82572,9.88053,0.4788,0.18639,0.85791,0.94838,0.0,0.0,nan,0.0,0.00803,0.01998,24.40281,2.03676,0.23721,0.43558,0.33054,0.99789,0.49098,0.33054
16.94064,10.7812,10.75089,0.36072,0.33596,0.87007,0.97828,0.0,0.0,nan,0.0,0.01169,0.03905,21.34809,2.08498,0.23218,0.58003,0.49144,0.56463,0.47962,0.49144
16.82917,12.9943,-6.7122,0.59305,-0.09443,-0.79961,0.99642,0.0,0.0,nan,0.0,0.00708,0.02281,16.52814,1.86379,0.23465,0.41202,0.40112,0.84384,0.53654,0.40112
17.61575,13.07317,-5.69613,0.65857,-0.08969,-0.74716,0.99522,0.0,0.0,nan,0.0,0.00639,0.02704,19.2979,2.06329,0.23107,0.29932,0.3579,0.87082,0.48466,0.3579
17.79412,12.78998,9.84516,0.50409,-0.02657,0.86324,0.95625,0.0,0.0,nan,0.0,0.01022,0.03028,25.43007,1.80192,0.24169,0.41807,0.49697,0.87095,0.55496,0.49697
16.84898,13.15849,10.55218,0.45959,-0.1245,0.87936,0.97828,0.0,0.0,nan,0.0,0.00905,0.03338,25.83355,3.04384,0.25165,0.47488,0.68111,0.615,0.32853,0.68111
16.98514,15.04527,-6.83731,0.57221,-0.21414,-0.79166,0.99701,0.0,0.0,nan,0.0,0.0114,0.03406,18.13553,2.02176,0.23614,0.47704,0.42106,0.77886,0.49462,0.42106
17.85399,14.17166,-5.95705,0.6529,-0.16671,-0.73887,0.99751,0.0,0.0,nan,0.0,0.00793,0.02842,20.31557,1.67032,0.23311,0.33386,0.69303,0.91776,0.59869,0.69303
17.03456,14.99059,11.38661,0.49953,-0.08593,0.86202,0.96134,0.0,0.0,nan,0.0,0.00963,0.03358,19.93963,1.79734,0.22963,0.73158,0.68993,0.43115,0.55638,0.68993
16.19299,16.96387,-8.17289,0.518,-0.07922,-0.8517,0.97389,0.0,0.0,nan,0.0,0.00796,0.02704,15.00223,2.03567,0.24146,0.53322,0.5796,0.62568,0.49124,0.5796
17.19477,17.11113,-7.44658,0.58967,-0.06926,-0.80467,0.97848,0.0,0.0,nan,0.0,0.00734,0.02077,15.52246,3.39951,0.24283,0.50129,0.75271,0.80313,0.29416,0.75271
16.88552,16.85163,10.78755,0.50495,0.14283,0.85125,0.98495,0.0,0.0,nan,0.0,0.00959,0.02404,24.02394,2.00158,0.23092,0.56496,0.47587,0.76534,0.49961,0.47587
17.0835,18.93592,-7.29533,0.5686,-0.04259,-0.82151,0.99801,0.0,0.0,nan,0.0,0.00995,0.02579,15.38757,1.90037,0.22629,0.50365,0.77971,0.95644,0.52621,0.77971
17.76443,18.67378,9.89865,0.55478,-0.08872,0.82726,0.97848,0.0,0.0,nan,0.0,0.01272,0.03414,28.33714,1.91965,0.23779,0.4884,0.35074,0.81671,0.52093,0.35074
16.94907,19.00834,10.7898,0.51942,-0.10937,0.84749,0.99502,0.0,0.0,nan,0.0,0.01551,0.0373,29.45572,1.82244,0.23036,0.68113,0.6515,0.65206,0.54871,0.6515
16.38052,21.44578,-8.30033,0.5724,0.03338,-0.8193,0.96253,0.0,0.0,nan,0.0,0.01588,0.03267,19.09682,1.85288,0.22195,0.56257,0.74469,0.95456,0.5397,0.74469
17.08795,20.99579,-7.42919,0.59662,0.03234,-0.80187,0.99183,0.0,0.0,nan,0.0,0.01309,0.02983,17.86222,2.02101,0.22385,0.49965,0.72148,0.97692,0.4948,0.72148
17.0605,21.01225,11.30787,0.42755,-0.00158,0.90399,0.97967,0.01853,0.09267,0.7,1.0,0.02093,0.04257,19.54983,2.00545,0.22896,0.63596,0.60447,0.85234,0.49864,0.60447
16.27348,22.26402,-8.20188,0.61362,0.12222,-0.78009,0.98256,0.0,0.0,nan,0.0,0.01511,0.0386,19.62221,3.35258,0.23894,0.65271,0.82054,0.85356,0.29828,0.82054
17.07829,22.91584,-6.86233,0.6437,0.12306,-0.75532,0.98486,0.0,0.0,nan,0.0,0.00901,0.03386,25.10347,1.90693,0.2373,0.62293,0.75985,0.47614,0.5244,0.75985
17.82009,23.38054,-5.75262,0.65244,0.04067,-0.75674,0.95137,0.0,0.0,nan,0.0,0.00861,0.02975,24.95222,1.89468,0.23783,0.67161,0.85091,0.68736,0.52779,0.85091
17.98081,23.90929,9.90802,0.53548,0.0721,0.84147,0.98057,0.00743,0.03714,0.7,1.0,0.01148,0.03182,20.17267,1.69381,0.23763,0.42061,0.74399,0.94266,0.59038,0.74399
16.98192,22.96791,10.75412,0.40561,0.11057,0.90734,0.99044,0.0127,0.06351,0.7,1.0,0.01498,0.0327,17.49056,1.63811,0.23635,0.51818,0.57845,0.98528,0.61046,0.57845
16.27219,25.818,-8.15694,0.62179,-0.21035,-0.75441,0.99821,0.0,0.0,nan,0.0,0.01548,0.03452,23.26567,1.94838,0.24077,0.56327,0.47958,0.86461,0.51325,0.47958
17.02712,24.8861,-7.13836,0.61576,-0.16176,-0.77115,0.99263,0.0,0.0,nan,0.0,0.01394,0.02847,22.81934,2.02442,0.23005,0.59514,0.5455,0.89524,0.49397,0.5455
17.88543,24.25269,-5.90407,0.63671,-0.10909,-0.76335,0.96702,0.0,0.0,nan,0.0,0.01275,0.02381,23.32967,2.09343,0.22989,0.65369,0.77128,0.95476,0.47768,0.77128
17.93875,25.22284,9.98773,0.56973,-0.12077,0.81291,0.98745,0.0,0.0,nan,0.0,0.00988,0.02865,18.47514,2.00889,0.2459,0.53295,0.75895,0.7385,0.49779,0.75895
16.91,25.31209,10.68566,0.50427,-0.14122,0.85192,0.99303,0.0,0.0,nan,0.0,0.00837,0.02845,15.68997,1.72063,0.23413,0.48884,0.56901,0.6785,0.58118,0.56901
16.31815,26.87373,-8.27358,0.61061,-0.23115,-0.75745,0.99941,0.0,0.0,nan,0.0,0.00723,0.02007,24.16022,1.86131,0.22944,0.43083,0.39243,0.90541,0.53725,0.39243
17.45858,27.01347,-7.44638,0.61701,-0.21727,-0.75637,0.99821,0.0,0.0,nan,0.0,0.00929,0.02159,21.39595,1.66124,0.23166,0.5048,0.42864,0.9325,0.60196,0.42864
17.03296,26.99854,11.39166,0.44375,-0.09021,0.8916,0.97758,0.0,0.0,nan,0.0,0.00684,0.0209,17.85257,1.84206,0.23806,0.49483,0.3703,0.73535,0.54287,0.3703
16.86643,29.14769,-8.7265,0.61025,-0.14024,-0.7797,0.98725,0.0,0.0,nan,0.0,0.00864,0.02213,20.99217,1.70051,0.2454,0.5042,0.51899,0.848,0.58806,0.51899
17.29724,28.53811,-7.61565,0.6502,-0.19148,-0.73524,0.99711,0.0,0.0,nan,0.0,0.00703,0.01724,21.48384,1.63811,0.24293,0.45478,0.64321,0.97944,0.61046,0.64321
17.26854,28.91851,11.48811,0.38838,0.08653,0.91743,0.96831,0.01386,0.06932,0.7,1.0,0.01215,0.02839,24.26049,1.63811,0.23636,0.52147,0.38508,0.88815,0.61046,0.38508
16.93731,31.05076,-8.91666,0.56493,0.04989,-0.82363,0.97678,0.0,0.0,nan,0.0,0.00935,0.02172,20.70257,1.69792,0.24293,0.55957,0.65215,0.84367,0.58895,0.65215
17.54816,31.15118,-7.64003,0.62636,0.01226,-0.77944,0.98964,0.0,0.0,nan,0.0,0.01121,0.0253,18.76651,1.74923,0.23868,0.56302,0.58598,0.87053,0.57168,0.58598
17.03725,30.90355,10.94008,0.43853,-0.03476,0.89805,0.99612,0.00988,0.04941,0.7,1.0,0.0084,0.02586,23.7996,1.67452,0.22949,0.46464,0.35402,0.75775,0.59719,0.35402
16.79306,33.00217,-8.4591,0.49887,-0.10551,-0.86023,0.98615,0.0,0.0,nan,0.0,0.01013,0.02606,22.13355,2.06658,0.23406,0.53292,0.45413,0.79557,0.48389,0.45413
17.57658,32.99237,-7.77134,0.58442,-0.10633,-0.80446,0.98655,0.0,0.0,nan,0.0,0.00941,0.02488,19.15424,1.65587,0.24284,0.52006,0.7632,0.8386,0.60391,0.7632
17.08684,33.0074,11.37071,0.44114,0.01755,0.89727,0.97549,0.0,0.0,nan,0.0,0.01217,0.04998,22.86667,1.69744,0.2427,0.59979,0.58747,0.44145,0.58912,0.58747
16.00713,35.76752,-10.03476,0.55464,-0.18519,-0.81122,0.97698,0.0,0.0,nan,0.0,0.00892,0.02302,19.87072,2.98795,0.24121,0.44134,0.73065,0.96622,0.33468,0.73065
17.07326,34.95808,-9.13675,0.59929,-0.13137,-0.78968,0.97728,0.0,0.0,nan,0.0,0.00653,0.01744,18.12688,1.85537,0.23171,0.41813,0.60439,0.99392,0.53897,0.60439
17.65093,35.54147,9.78738,0.46815,0.12951,0.87411,0.95167,0.0,0.0,nan,0.0,0.01104,0.02709,20.92951,1.87548,0.23212,0.60508,0.50926,0.73755,0.5332,0.50926
17.02279,34.99618,10.88878,0.43763,0.14656,0.88713,0.99243,0.0,0.0,nan,0.0,0.00716,0.02189,21.13886,1.73864,0.23737,0.56583,0.63007,0.63281,0.57516,0.63007
16.14552,37.53965,-10.14659,0.60915,-0.11675,-0.78441,0.99323,0.0,0.0,nan,0.0,0.0118,0.03491,18.27041,2.8644,0.23943,0.42457,0.49856,0.88364,0.34911,0.49856
16.95591,36.9637,-8.98084,0.68027,-0.09803,-0.72638,0.99831,0.0,0.0,nan,0.0,0.01147,0.03028,18.7054,1.68027,0.24472,0.46382,0.76011,0.93396,0.59514,0.76011
17.99,36.57458,-7.96364,0.69614,-0.04219,-0.71666,0.99691,0.0,0.0,nan,0.0,0.01438,0.03467,17.55174,2.02503,0.24061,0.46456,0.52998,0.9946,0.49382,0.52998
17.85025,36.74843,9.90522,0.50312,-0.057,0.86233,0.97589,0.0,0.0,nan,0.0,0.01241,0.0298,22.68069,2.05313,0.23305,0.55098,0.59678,0.8223,0.48706,0.59678
16.82172,37.21638,10.7203,0.50298,-0.12786,0.85479,0.99482,0.0,0.0,nan,0.0,0.00769,0.02332,26.57109,1.99183,0.23689,0.53287,0.37077,0.6657,0.50205,0.37077
16.36371,39.09063,-10.30122,0.61848,-0.07656,-0.78207,0.97339,0.0,0.0,nan,0.0,0.00931,0.02567,19.51215,1.73672,0.24707,0.53014,0.66037,0.75454,0.5758,0.66037
17.12319,38.82512,-9.28898,0.70667,-0.07837,-0.70319,0.99861,0.0,0.0,nan,0.0,0.00925,0.02255,19.32855,1.84535,0.23728,0.53391,0.73939,0.84769,0.5419,0.73939
17.06439,38.99236,11.42926,0.46767,-0.09558,0.87872,0.98157,0.0,0.0,nan,0.0,0.0184,0.04407,22.07073,1.68889,0.23738,0.59233,0.68781,0.76887,0.59211,0.68781
16.37559,41.25799,-10.12035,0.57572,-0.02234,-0.81734,0.98755,0.0,0.0,nan,0.0,0.01121,0.03138,20.18854,1.87949,0.24016,0.5204,0.40969,0.75424,0.53206,0.40969
17.17638,41.0299,-8.94653,0.68891,-0.05694,-0.72261,0.99482,0.0,0.0,nan,0.0,0.00555,0.0144,19.35214,1.63811,0.25086,0.43669,0.64925,0.97396,0.61046,0.64925
17.77983,40.62062,-7.79265,0.69753,-0.06633,-0.71348,0.96542,0.0,0.0,nan,0.0,0.00445,0.01551,17.80403,1.63811,0.24343,0.37851,0.57857,0.84208,0.61046,0.57857
17.08621,41.02739,11.38633,0.45069,0.00461,0.89267,0.99213,0.0,0.0,nan,0.0,0.00766,0.02708,22.4952,2.09432,0.22379,0.45169,0.80342,0.82309,0.47748,0.80342
16.63839,43.03262,-10.38116,0.55394,-0.02262,-0.83225,0.95904,0.0,0.0,nan,0.0,0.01288,0.03471,21.97957,1.9157,0.23581,0.51182,0.3943,0.79081,0.522,0.3943
17.46309,43.00219,-9.22041,0.6724,-0.04029,-0.73909,0.99412,0.0,0.0,nan,0.0,0.01125,0.03007,19.18669,1.70015,0.24171,0.59857,0.8034,0.83219,0.58818,0.8034
17.07065,42.91687,11.47236,0.4324,-0.0563,0.89992,0.98705,0.0,0.0,nan,0.0,0.00652,0.03421,21.66443,1.89778,0.23673,0.40327,0.3871,0.51595,0.52693,0.3871
16.48876,44.78192,-10.36794,0.57502,0.06049,-0.8159,0.98047,0.0,0.0,nan,0.0,0.01009,0.02946,20.5925,1.74462,0.2365,0.43434,0.40488,0.86545,0.57319,0.40488
17.11224,45.06943,-9.18887,0.63534,0.05854,-0.77001,0.99811,0.0,0.0,nan,0.0,0.00843,0.02242,19.99811,1.63811,0.23181,0.44336,0.57696,0.93304,0.61046,0.57696
17.20003,45.11145,11.53211,0.39048,0.08598,0.91659,0.97559,0.0,0.0,nan,0.0,0.00801,0.02702,22.91665,1.87104,0.23503,0.49628,0.49608,0.64918,0.53446,0.49608
16.16116,47.25923,-10.03371,0.53275,-0.01614,-0.84612,0.99432,0.0,0.0,nan,0.0,0.0179,0.03837,20.14906,1.63811,0.24137,0.51285,0.29482,1.0,0.61046,0.29482
17.09376,47.02176,-9.48213,0.58225,-0.01336,-0.8129,0.99671,0.0,0.0,nan,0.0,0.01244,0.02847,16.7344,1.63811,0.23529,0.50247,0.59532,0.97364,0.61046,0.59532
17.02764,46.98942,11.06183,0.45082,-0.03407,0.89196,0.99482,0.0,0.0,nan,0.0,0.00915,0.02624,23.91754,1.78598,0.23767,0.46933,0.34686,0.80555,0.55992,0.34686
16.41154,48.98164,-10.27831,0.58013,0.02026,-0.81427,0.98376,0.0,0.0,nan,0.0,0.00902,0.02384,17.93448,1.80192,0.24258,0.42524,0.42192,0.98928,0.55496,0.42192
17.47408,49.08847,-9.38665,0.63009,0.08442,-0.77192,0.99353,0.0,0.0,nan,0.0,0.00723,0.02004,16.03425,1.75161,0.24054,0.41665,0.44056,0.97418,0.5709,0.44056
17.99959,49.73383,-7.9994,0.66685,0.11179,-0.73676,0.99014,0.0,0.0,nan,0.0,0.00509,0.01476,14.9599,3.26034,0.24084,0.40249,0.45227,0.97234,0.30672,0.45227
16.96793,49.01763,11.50396,0.42716,0.09209,0.89947,0.97838,0.0,0.0,nan,0.0,0.01678,0.04071,23.34794,2.24828,0.22432,0.55706,0.41668,0.80323,0.44479,0.41668
16.20719,50.22627,-10.09401,0.59232,0.10875,-0.79833,0.99243,0.0,0.0,nan,0.0,0.01143,0.02654,18.28249,1.80192,0.2318,0.4828,0.42183,0.9898,0.55496,0.42183
17.20169,50.9834,-9.2219,0.62592,0.05757,-0.77776,0.99691,0.0,0.0,nan,0.0,0.01062,0.0246,16.58136,1.89157,0.23447,0.48396,0.6817,0.99987,0.52866,0.6817
17.95329,50.11089,-7.98136,0.66634,0.09734,-0.73927,0.98466,0.0,0.0,nan,0.0,0.00676,0.01776,15.04799,3.36134,0.24396,0.43154,0.48341,1.0,0.2975,0.48341
17.85288,51.81428,9.90054,0.4861,0.04786,0.87259,0.9729,0.0,0.0,nan,0.0,0.00886,0.02429,25.053,2.02924,0.24149,0.46073,0.47479,0.8547,0.49279,0.47479
17.10488,50.95853,10.81364,0.43599,0.09244,0.89519,0.99054,0.0,0.0,nan,0.0,0.00869,0.0243,25.48572,2.00343,0.23276,0.44517,0.37663,0.86666,0.49914,0.37663
16.04959,53.28374,-10.00165,0.42365,-0.07032,-0.90309,0.99392,0.0,0.0,nan,0.0,0.01844,0.04061,19.73324,1.68019,0.24468,0.54877,0.36221,0.91153,0.59517,0.36221
17.0449,52.89523,-9.30741,0.53275,-0.07304,-0.84311,0.99452,0.0,0.0,nan,0.0,0.0195,0.04172,16.12774,1.74631,0.23702,0.5269,0.67885,0.99683,0.57264,0.67885
17.89602,52.44089,9.94539,0.5159,0.02611,0.85625,0.98466,0.0,0.0,nan,0.0,0.00688,0.01991,23.70095,2.61476,0.22713,0.44398,0.36615,0.84344,0.38244,0.36615
16.8945,53.02208,10.91924,0.54115,-0.07107,0.83792,0.99572,0.0,0.0,nan,0.0,0.00939,0.03032,24.5621,1.92742,0.23069,0.48284,0.46849,0.69385,0.51883,0.46849
16.06156,53.59332,12.0185,0.48241,-0.08592,0.87172,0.9705,0.0,0.0,nan,0.0,0.0064,0.02694,20.89888,3.35647,0.23445,0.68532,0.87392,0.62977,0.29793,0.87392
16.30574,54.98721,-10.17945,0.50237,0.06204,-0.86242,0.95575,0.0,0.0,nan,0.0,0.01692,0.03548,20.6452,1.63811,0.23793,0.52328,0.66558,1.0,0.61046,0.66558
17.29762,55.1305,-9.29874,0.5844,0.12157,-0.80231,0.98286,0.0,0.0,nan,0.0,0.00996,0.0239,17.88917,2.68058,0.2339,0.46324,0.34474,1.0,0.37305,0.34474
17.8921,55.67263,-7.90797,0.65348,0.16009,-0.73982,0.99014,0.0,0.0,nan,0.0,0.01108,0.0278,17.65466,2.02507,0.23083,0.45478,0.61915,0.97579,0.49381,0.61915
17.87314,55.23573,9.80483,0.6287,-0.0357,0.77683,0.9706,0.0,0.0,nan,0.0,0.01375,0.03198,20.90719,1.87245,0.23441,0.54112,0.65611,0.87075,0.53406,0.65611
17.08718,55.02081,11.05162,0.59384,-0.04194,0.80349,0.99622,0.0,0.0,nan,0.0,0.01252,0.02762,23.73617,1.77467,0.2425,0.5733,0.5488,0.85726,0.56348,0.5488
16.05877,54.22829,12.01928,0.4782,-0.04885,0.87689,0.96602,0.0,0.0,nan,0.0,0.01114,0.02669,20.20994,2.01353,0.23508,0.61241,0.48762,0.74931,0.49664,0.48762
16.06005,56.07112,-10.01741,0.52176,0.18634,-0.83249,0.98097,0.0,0.0,nan,0.0,0.01694,0.03533,19.33876,1.82533,0.23505,0.52913,0.35918,1.0,0.54785,0.35918
16.92352,56.81475,-8.70765,0.56724,0.15169,-0.80946,0.99283,0.0,0.0,nan,0.0,0.01338,0.03027,18.44593,1.8583,0.23276,0.49886,0.75567,1.0,0.53813,0.75567
17.95562,56.33173,-7.94081,0.63231,0.14534,-0.76096,0.99233,0.0,0.0,nan,0.0,0.01317,0.03012,17.16584,2.54128,0.22942,0.50844,0.69642,0.96022,0.3935,0.69642
17.87726,56.24516,9.83141,0.63518,-0.08889,0.76723,0.9718,0.0,0.0,nan,0.0,0.01329,0.03208,21.62911,1.90393,0.23349,0.49352,0.39124,0.91693,0.52523,0.39124
17.25983,56.82177,11.37432,0.55278,-0.07871,0.82961,0.97609,0.0,0.0,nan,0.0,0.01053,0.02955,23.42628,1.82976,0.2341,0.47642,0.53236,0.81149,0.54652,0.53236
16.93036,58.93267,-8.926,0.52537,-0.02872,-0.85039,0.99701,0.0,0.0,nan,0.0,0.00701,0.02683,13.46076,1.86478,0.24086,0.58873,0.83098,0.68832,0.53626,0.83098
17.09571,59.04213,11.55752,0.44607,-0.02685,0.8946,0.97359,0.0,0.0,nan,0.0,0.00946,0.02285,22.6962,1.77092,0.23328,0.5252,0.47952,0.85802,0.56468,0.47952
17.02493,61.06139,-8.90487,0.54124,0.0288,-0.84038,0.99492,0.0,0.0,nan,0.0,0.00682,0.01735,9.11618,2.90825,0.23376,0.52176,0.67784,0.9179,0.34385,0.67784
17.2287,60.90625,11.62155,0.47067,-0.04485,0.88117,0.97319,0.0,0.0,nan,0.0,0.00688,0.02232,26.43318,1.90356,0.23385,0.61946,0.8213,0.69343,0.52533,0.8213
16.08312,61.1326,12.03233,0.34658,-0.03846,0.93723,0.98685,0.0,0.0,nan,0.0,0.00576,0.02293,26.99771,2.23773,0.24076,0.67159,0.83421,0.55006,0.44688,0.83421
17.04346,62.97371,-8.82166,0.53532,0.02202,-0.84436,0.99771,0.0,0.0,nan,0.0,0.00646,0.02161,10.04055,1.80704,0.23012,0.49193,0.48759,0.72843,0.55339,0.48759
17.11847,62.94854,11.27549,0.47666,0.02297,0.87879,0.99562,0.0,0.0,nan,0.0,0.0117,0.0343,26.69664,1.84649,0.23366,0.66103,0.64315,0.55491,0.54157,0.64315
16.01021,62.11208,12.00277,0.3454,0.01182,0.93838,0.98844,0.0,0.0,nan,0.0,0.01474,0.03946,27.0568,3.01017,0.23062,0.73526,0.59785,0.54572,0.33221,0.59785
17.07391,65.03235,-8.7953,0.52632,0.0598,-0.84818,0.99652,0.0,0.0,nan,0.0,0.00892,0.07687,10.19012,1.98899,0.22353,0.34445,0.81077,0.5004,0.50277,0.81077
16.864,64.94657,11.033,0.47575,-0.17028,0.86294,0.98894,0.0,0.0,nan,0.0,0.0107,0.02437,25.33972,1.86989,0.24072,0.52248,0.5186,0.90649,0.53479,0.5186
16.52024,65.57943,12.22954,0.37744,-0.1588,0.91232,0.9721,0.0,0.0,nan,0.0,0.00656,0.01429,22.41232,2.3488,0.23551,0.49998,0.45188,1.0,0.42575,0.45188
16.93961,66.93902,-8.58924,0.49873,0.13072,-0.85685,0.99731,0.0,0.0,nan,0.0,0.00609,0.07402,7.43667,1.77039,0.22398,0.27692,0.64706,0.37703,0.56485,0.64706
17.89343,67.47163,-7.93206,0.56679,0.13423,-0.81286,0.99652,0.0,0.0,nan,0.0,0.00647,0.07795,7.30226,1.63811,0.23236,0.36922,0.72177,0.2863,0.61046,0.72177
17.73006,66.95045,11.91554,0.47249,-0.11613,0.87365,0.95476,0.0,0.0,nan,0.0,0.01092,0.03431,24.33948,1.63811,0.23977,0.50514,0.82342,0.89113,0.61046,0.82342
16.74267,67.03976,12.28064,0.35327,-0.06249,0.93343,0.97439,0.0,0.0,nan,0.0,0.01392,0.03293,26.58855,2.31747,0.23737,0.50396,0.29292,0.90203,0.4315,0.29292
16.66443,68.90123,-8.40893,0.48361,0.14513,-0.86317,0.99662,0.0,0.0,nan,0.0,0.01046,0.06535,3.5866,1.71422,0.23484,0.27337,0.3466,0.91235,0.58336,0.3466
17.61692,69.12794,-7.77642,0.5497,0.14069,-0.82343,0.99632,0.0,0.0,nan,0.0,0.00975,0.05205,3.35393,1.88158,0.22961,0.29903,0.52617,1.0,0.53147,0.52617
17.11828,69.07443,11.79454,0.39617,0.00166,0.91818,0.99223,0.0,0.0,nan,0.0,0.01253,0.02931,24.83699,1.89838,0.22574,0.50006,0.51033,0.92374,0.52676,0.51033
16.55774,68.49831,12.00666,0.32027,-0.00638,0.9473,0.99791,0.0,0.0,nan,0.0,0.01271,0.02871,26.12008,1.74245,0.23426,0.50139,0.49808,0.9509,0.57391,0.49808
16.45881,70.95635,-8.27329,0.47344,0.16318,-0.86558,0.99273,0.0,0.0,nan,0.0,0.00373,0.02614,3.02439,1.73937,0.22569,0.28292,0.80088,1.0,0.57492,0.80088
17.4235,71.12347,-7.56429,0.5421,0.16436,-0.82409,0.99632,0.0,0.0,nan,0.0,0.00549,0.03692,3.12587,1.79753,0.22637,0.24376,0.47679,1.0,0.55632,0.47679
17.52106,71.07531,11.61551,0.44646,-0.03728,0.89403,0.99323,0.0,0.0,nan,0.0,0.00722,0.02172,23.19579,1.82475,0.24068,0.51554,0.3915,0.70026,0.54802,0.3915
16.73706,70.85838,12.33611,0.34188,-0.02567,0.93939,0.98785,0.0,0.0,nan,0.0,0.0069,0.02306,25.69424,2.6669,0.2354,0.51684,0.56524,0.62455,0.37497,0.56524
16.13834,72.22809,-8.09944,0.45883,0.19071,-0.86781,0.99273,0.0,0.0,nan,0.0,0.00518,0.03231,3.03178,1.71067,0.22821,0.26628,0.72274,1.0,0.58457,0.72274
17.10104,72.98087,-7.38307,0.515,0.19339,-0.83509,0.99462,0.0,0.0,nan,0.0,0.00879,0.04707,3.1338,1.69885,0.23246,0.30584,0.54012,1.0,0.58863,0.54012
17.3508,72.71554,11.5494,0.44301,-0.14487,0.88473,0.98675,0.0011,0.00552,0.7,1.0,0.0144,0.03435,18.48346,1.75821,0.22132,0.5747,0.54361,0.80849,0.56876,0.54361
16.74718,73.25317,12.37452,0.33793,-0.17637,0.9245,0.99512,0.0,0.0,nan,0.0,0.00851,0.02292,17.77325,1.73622,0.24008,0.53283,0.4545,0.77527,0.57597,0.4545
17.01387,74.98031,-6.92915,0.48989,0.18225,-0.85252,0.99133,0.0,0.0,nan,0.0,0.00829,0.05117,3.09634,1.94161,0.22485,0.26664,0.52488,1.0,0.51504,0.52488
17.05861,74.95483,12.82592,0.29676,-0.06135,0.95298,0.95665,0.0,0.0,nan,0.0,0.00518,0.02075,21.38624,3.44002,0.24992,0.70607,0.78337,0.43311,0.2907,0.78337
16.9207,77.00981,-6.57212,0.43607,0.18376,-0.88095,0.99363,0.0,0.0,nan,0.0,0.01043,0.03943,3.58806,1.89761,0.23158,0.41212,0.54244,1.0,0.52698,0.54244
17.90804,77.75345,-5.96294,0.43968,0.12403,-0.88955,0.99293,0.0,0.0,nan,0.0,0.0082,0.02974,3.35906,1.93547,0.23634,0.43982,0.60643,1.0,0.51667,0.60643
17.02256,76.75955,11.70727,0.3182,0.01551,0.9479,0.96712,0.0,0.0,nan,0.0,0.00176,0.01851,26.87101,1.68842,0.24918,0.67172,0.98175,0.58976,0.59227,0.98175
16.94972,77.18284,12.34932,0.28158,-0.01004,0.95949,0.99293,0.0,0.0,nan,0.0,0.00195,0.0134,22.8108,1.84285,0.24677,0.62721,0.94119,0.6497,0.54264,0.94119
16.57967,78.80927,-6.2782,0.34084,0.19655,-0.91935,0.99422,0.0,0.0,nan,0.0,0.00754,0.02766,3.49384,1.9598,0.23519,0.49159,0.78992,1.0,0.51026,0.78992
17.49712,79.15594,-5.85835,0.35217,0.14567,-0.92453,0.99452,0.0,0.0,nan,0.0,0.00788,0.02772,3.41941,1.90779,0.23546,0.49747,0.53145,0.90556,0.52417,0.53145
16.95559,79.00715,12.69468,0.20938,-0.041,0.97697,0.98695,0.0,0.0,nan,0.0,0.00887,0.02834,19.58076,3.44002,0.24051,0.7071,0.75809,0.5009,0.2907,0.75809
16.24069,80.48228,-6.07658,0.24327,0.28613,-0.92679,0.99612,0.0,0.0,nan,0.0,0.00341,0.01973,4.20489,2.00826,0.22549,0.41726,0.67101,0.61161,0.49794,0.67101
17.07686,81.13736,-5.75255,0.21518,0.30649,-0.92723,0.99263,0.0,0.0,nan,0.0,0.00809,0.04393,4.77675,1.73106,0.24515,0.51144,0.65865,0.51094,0.57768,0.65865
16.96192,81.12276,12.34691,0.13613,0.16393,0.97703,0.99751,0.0,0.0,nan,0.0,0.00918,0.03419,12.78618,1.75306,0.23166,0.53115,0.46611,0.58464,0.57043,0.46611
16.98679,82.97343,-4.85605,0.09707,0.65427,-0.75001,0.96831,0.0,0.0,nan,0.0,0.01156,0.05762,5.92272,1.91395,0.22734,0.26841,0.27699,1.0,0.52248,0.27699
17.03317,83.89738,-3.74855,0.04571,0.84325,-0.53557,0.97609,0.0,0.0,nan,0.0,0.00892,0.04663,6.29967,1.735,0.22853,0.25203,0.29288,1.0,0.57637,0.29288
17.0557,83.61919,11.56942,0.08562,0.66868,0.73861,0.93323,0.0,0.0,nan,0.0,0.00626,0.16844,10.80263,1.69854,0.23156,0.76764,0.97244,0.19897,0.58874,0.97244
16.90083,82.62373,12.25884,0.10417,0.42772,0.89789,0.95316,0.0,0.0,nan,0.0,0.00351,0.0413,16.0274,2.08435,0.23595,0.67325,0.91485,0.30064,0.47977,0.91485
17.00006,84.30503,-2.80201,0.0243,0.92101,-0.38877,0.99133,0.0,0.0,nan,0.0,0.01821,0.0795,6.59043,1.81807,0.23362,0.42686,0.66096,0.69939,0.55003,0.66096
16.96682,84.75684,-1.03576,-0.00272,0.97938,-0.20203,0.99632,0.0,0.0,nan,0.0,0.00406,0.08488,9.86968,1.89495,0.22408,0.42328,0.92737,0.3145,0.52772,0.92737
16.98089,84.93717,0.97809,-0.02823,0.99626,-0.08162,0.99681,0.0,0.0,nan,0.0,0.00689,0.08851,7.8976,1.87916,0.20966,0.29934,0.73419,0.32588,0.53215,0.73419
16.93203,85.0643,2.94767,-0.0335,0.99909,-0.02628,0.99552,0.0,0.0,nan,0.0,0.01428,0.07571,5.40014,1.89939,0.20821,0.26949,0.59959,0.95887,0.52648,0.59959
17.02292,85.0747,4.95971,-0.0209,0.99949,0.02412,0.99572,0.0016,0.00801,0.51,1.0,0.01629,0.08028,5.58,1.9107,0.20377,0.32203,0.6514,0.85615,0.52337,0.6514
16.96099,85.01412,7.04459,0.00189,0.99486,0.10126,0.99632,0.01194,0.0597,0.51,1.0,0.00629,0.04548,6.29589,1.92958,0.20725,0.35379,0.80411,0.62287,0.51825,0.80411
16.99771,84.6861,9.05539,0.02061,0.96688,0.25439,0.99632,0.0,0.0,nan,0.0,0.00846,0.05352,6.04834,1.87789,0.23664,0.40016,0.28854,0.52566,0.53251,0.28854
16.97907,84.29894,10.5599,0.04379,0.87375,0.48441,0.96791,0.0,0.0,nan,0.0,0.01391,0.07392,4.96085,2.53264,0.23625,0.42023,0.38201,0.62838,0.39485,0.38201
18.10382,1.94511,3.3225,0.54115,-0.78239,-0.30825,0.97419,0.0,0.0,nan,0.0,0.01337,0.03821,14.03151,2.07275,0.22761,0.49734,0.32151,0.80382,0.48245,0.32151
18.68665,1.51339,5.15539,0.47088,-0.84608,-0.24983,0.91868,0.0,0.0,nan,0.0,0.00956,0.02736,14.32196,1.87519,0.22548,0.46464,0.52277,0.85691,0.53328,0.52277
19.01115,1.43882,6.92467,0.28192,-0.95922,-0.02042,0.90891,0.0,0.0,nan,0.0,0.01452,0.03849,15.56083,3.20535,0.23813,0.6459,0.53305,0.65924,0.31198,0.53305
19.11358,1.78402,8.51192,0.17994,-0.91546,0.35994,0.9118,0.0,0.0,nan,0.0,0.01721,0.11983,14.05013,1.83689,0.2423,0.70252,0.82734,0.31037,0.5444,0.82734
18.04312,3.91097,-0.04214,0.62365,-0.52875,-0.57575,0.97957,0.0,0.0,nan,0.0,0.02214,0.05615,14.55323,2.03446,0.23781,0.49392,0.66317,0.90788,0.49153,0.66317
18.56365,3.30563,1.2376,0.67388,-0.59533,-0.43757,0.96363,0.0,0.0,nan,0.0,0.01156,0.04304,14.86299,1.92796,0.22294,0.31955,0.4821,0.95325,0.51868,0.4821
19.00509,2.92869,2.95543,0.71801,-0.62595,-0.30439,0.98695,0.0,0.0,nan,0.0,0.0116,0.03588,13.03921,1.86883,0.2301,0.41631,0.34216,0.89595,0.53509,0.34216
19.3765,2.78934,4.78448,0.66518,-0.64038,-0.384,0.99263,0.0,0.0,nan,0.0,0.01225,0.04043,14.65349,1.82893,0.23516,0.5931,0.40283,0.58086,0.54677,0.40283
19.93982,2.0596,6.00755,0.56473,-0.74451,-0.35608,0.92556,0.0,0.0,nan,0.0,0.01974,0.04711,15.5927,1.6972,0.23548,0.6269,0.47739,0.7542,0.58921,0.47739
18.98504,2.34925,9.51341,0.14662,-0.76369,0.62872,0.93622,0.0,0.0,nan,0.0,0.00787,0.03303,7.77538,2.7004,0.23359,0.59556,0.74478,0.50312,0.37032,0.74478
18.97931,3.31931,10.48736,0.2034,-0.483,0.85167,0.89386,0.0,0.0,nan,0.0,0.01848,0.114,12.06295,2.03285,0.23278,0.81003,0.79788,0.27554,0.49192,0.79788
18.34481,5.21864,-0.44213,0.68121,-0.47399,-0.55793,0.99801,0.0,0.0,nan,0.0,0.00541,0.05606,22.99147,1.82147,0.22638,0.35187,0.41881,0.29784,0.54901,0.41881
19.27921,4.92752,0.9188,0.76616,-0.43662,-0.47155,0.99662,0.0,0.0,nan,0.0,0.01901,0.06201,17.10965,1.64161,0.23688,0.41819,0.56828,0.81883,0.60916,0.56828
19.80371,4.2612,2.81058,0.77582,-0.52688,-0.34714,0.99911,0.0,0.0,nan,0.0,0.01413,0.04539,15.0318,1.8486,0.23943,0.36158,0.41621,0.97569,0.54095,0.41621
19.92766,4.09946,4.13807,0.73624,-0.55917,-0.38115,0.99452,0.0,0.0,nan,0.0,0.01055,0.04091,15.15228,1.77977,0.24165,0.62976,0.85538,0.69922,0.56187,0.85538
19.03099,5.02591,11.04671,0.31641,-0.07739,0.94546,0.93293,0.0,0.0,nan,0.0,0.00235,0.02434,24.43871,1.94007,0.23589,0.67998,0.91291,0.32027,0.51544,0.91291
18.60753,7.31469,-2.47826,0.58287,-0.47623,-0.65838,0.97937,0.0,0.0,nan,0.0,0.01815,0.06289,30.84669,1.87578,0.23924,0.42333,0.65712,0.72588,0.53311,0.65712
19.10452,6.90706,-1.07478,0.68461,-0.5027,-0.52782,0.99821,0.0,0.0,nan,0.0,0.01505,0.0615,29.31255,1.87379,0.23529,0.38498,0.58133,0.67908,0.53368,0.58133
19.55548,6.58067,0.51479,0.73125,-0.49092,-0.47357,0.99303,0.0,0.0,nan,0.0,0.00805,0.05967,26.28526,1.86729,0.23533,0.31435,0.5897,0.4619,0.53554,0.5897
19.44652,7.12331,9.67967,0.59038,0.04084,0.80609,0.98167,0.0,0.0,nan,0.0,0.00214,0.01889,23.12618,1.92798,0.23125,0.47204,0.86247,0.40654,0.51868,0.86247
18.75982,7.11526,10.55883,0.47161,-0.02461,0.88146,0.99691,0.0,0.0,nan,0.0,0.00257,0.01893,24.45467,1.87435,0.23607,0.58394,0.90163,0.48876,0.53352,0.90163
18.22413,9.79866,-4.27819,0.56947,-0.50476,-0.64878,0.99004,0.0,0.0,nan,0.0,0.01239,0.04303,20.68101,2.2189,0.23539,0.39256,0.71795,0.80412,0.45067,0.71795
18.7851,9.02564,-2.71035,0.57854,-0.4881,-0.65349,0.99861,0.0,0.0,nan,0.0,0.01017,0.03917,24.98437,2.48549,0.22593,0.32141,0.56943,0.87244,0.40234,0.56943
19.91042,8.34608,-1.68134,0.67534,-0.48282,-0.55749,0.98904,0.0,0.0,nan,0.0,0.01442,0.05187,32.17716,1.80192,0.2377,0.37169,0.5734,0.79422,0.55496,0.5734
19.06228,9.01003,10.9216,0.55641,0.10619,0.82409,0.94738,0.0,0.0,nan,0.0,0.00812,0.05204,19.3749,2.05247,0.21578,0.69404,0.84677,0.35914,0.48722,0.84677
18.90867,11.00422,-4.77715,0.67487,-0.29466,-0.67656,0.95625,0.0,0.0,nan,0.0,0.0068,0.03643,21.5124,1.70114,0.24135,0.41937,0.71723,0.48642,0.58784,0.71723
19.49628,10.45242,-3.58887,0.69033,-0.33889,-0.63921,0.97409,0.0,0.0,nan,0.0,0.00591,0.03558,24.90352,1.63811,0.23529,0.45967,0.85559,0.58966,0.61046,0.85559
19.2534,11.24593,9.27115,0.54854,0.27745,0.78875,0.98994,0.0,0.0,nan,0.0,0.00983,0.0264,19.42387,1.63811,0.24511,0.53896,0.54865,0.76179,0.61046,0.54865
18.80815,10.64746,10.50443,0.48098,0.37026,0.79471,0.98276,0.0,0.0,nan,0.0,0.00574,0.02423,17.89056,1.69957,0.24688,0.44092,0.30991,0.59705,0.58838,0.30991
18.60633,12.95659,-4.78956,0.71189,-0.08641,-0.69696,0.99911,0.0,0.0,nan,0.0,0.01105,0.0325,19.09889,2.04813,0.22569,0.39195,0.65138,0.95794,0.48825,0.65138
19.54678,13.00317,-3.53421,0.80616,-0.06771,-0.58781,0.99861,0.0,0.0,nan,0.0,0.01284,0.03603,20.01607,1.70885,0.23437,0.43075,0.62073,0.90992,0.58519,0.62073
19.06575,13.10654,9.35675,0.56459,-0.02282,0.82505,0.98316,0.0,0.0,nan,0.0,0.00859,0.02371,24.96932,1.63811,0.23223,0.58607,0.78839,0.7615,0.61046,0.78839
18.10834,13.82633,10.18358,0.54206,-0.13918,0.82873,0.99502,0.0,0.0,nan,0.0,0.01707,0.03669,22.08997,1.68173,0.23705,0.65789,0.69194,0.77116,0.59463,0.69194
18.16838,15.56647,-6.21828,0.66171,-0.1798,-0.72788,0.99213,0.0,0.0,nan,0.0,0.01203,0.03392,18.58867,1.64666,0.24522,0.51536,0.68828,0.76241,0.60729,0.68828
19.01481,15.02398,-4.97706,0.72034,-0.18901,-0.66738,0.99811,0.0,0.0,nan,0.0,0.0129,0.03856,20.26976,1.71277,0.23519,0.39692,0.60808,0.92604,0.58385,0.60808
19.90269,14.31779,-3.89798,0.79601,-0.1538,-0.58542,0.99582,0.0,0.0,nan,0.0,0.01058,0.03261,21.11015,1.71181,0.23101,0.36583,0.4831,0.97138,0.58418,0.4831
19.35543,14.88035,9.57079,0.6103,-0.05516,0.79025,0.99123,0.0,0.0,nan,0.0,0.00696,0.02039,17.89513,1.63811,0.23498,0.51479,0.43874,0.73705,0.61046,0.43874
18.50295,15.05102,10.5262,0.58588,-0.05412,0.80859,0.96423,0.0,0.0,nan,0.0,0.01046,0.02853,20.96251,2.25199,0.22912,0.64675,0.38207,0.62111,0.44405,0.38207
18.39582,16.87827,-6.41699,0.68125,-0.09037,-0.72645,0.98824,0.0,0.0,nan,0.0,0.00577,0.01896,16.86121,1.66893,0.23051,0.38487,0.38846,0.88401,0.59919,0.38846
19.28004,17.04288,-5.26731,0.74216,-0.09199,-0.66388,0.99771,0.0,0.0,nan,0.0,0.00633,0.02118,17.53057,1.83184,0.23371,0.35957,0.47486,0.9264,0.5459,0.47486
19.04144,17.07689,9.35423,0.54255,0.09623,0.8345,0.99821,0.0,0.0,nan,0.0,0.01368,0.03615,21.46147,2.00983,0.22551,0.55129,0.41463,0.75013,0.49755,0.41463
18.21668,16.77961,10.11817,0.55247,0.12694,0.82381,0.99711,0.0,0.0,nan,0.0,0.01311,0.03262,23.19327,1.80192,0.24194,0.57611,0.37898,0.75771,0.55496,0.37898
18.33985,19.10284,-6.33366,0.63989,-0.06696,-0.76554,0.99831,0.0,0.0,nan,0.0,0.01044,0.02542,14.62043,1.90847,0.23764,0.5385,0.78928,0.99197,0.52398,0.78928
19.22997,18.94149,-5.259,0.73115,-0.09369,-0.67576,0.99821,0.0,0.0,nan,0.0,0.01249,0.03415,15.48559,1.73051,0.24606,0.42355,0.52718,0.97513,0.57787,0.52718
19.05232,19.04792,9.36594,0.57843,-0.0947,0.81022,0.99841,0.0,0.0,nan,0.0,0.00794,0.02496,20.316,1.80192,0.23521,0.43904,0.30429,0.79595,0.55496,0.30429
18.30718,19.71406,10.17931,0.5609,-0.15721,0.81282,0.99701,0.0,0.0,nan,0.0,0.00957,0.03323,22.98398,1.82719,0.23055,0.46668,0.53512,0.67053,0.54729,0.53512
18.48378,20.98156,-6.47802,0.6616,0.09433,-0.7439,0.97997,0.0,0.0,nan,0.0,0.01086,0.02496,16.23543,1.63811,0.23988,0.48858,0.51829,1.0,0.61046,0.51829
19.52076,21.11926,-5.61622,0.71269,0.12368,-0.69048,0.98356,0.0,0.0,nan,0.0,0.01419,0.02989,14.29746,2.2199,0.23596,0.54109,0.74246,1.0,0.45047,0.74246
19.59064,20.8559,9.54295,0.64806,-0.08846,0.75644,0.98944,0.0,0.0,nan,0.0,0.01064,0.0312,17.17601,1.86963,0.22307,0.48455,0.44567,0.78581,0.53486,0.44567
18.6483,21.00268,10.48074,0.55893,-0.07081,0.82619,0.96353,0.02469,0.12345,0.6,1.0,0.01393,0.03433,18.86404,1.67578,0.23575,0.54474,0.56442,0.82394,0.59674,0.56442
18.11581,22.17278,-6.39642,0.65647,0.17245,-0.73437,0.99711,0.0,0.0,nan,0.0,0.00661,0.04423,22.3712,1.64387,0.24803,0.64209,0.88897,0.45657,0.60832,0.88897
19.04291,22.89943,-5.07932,0.71797,0.11303,-0.68684,0.98236,0.0,0.0,nan,0.0,0.01318,0.04272,25.87563,2.22522,0.22807,0.68754,0.50489,0.48343,0.44939,0.50489
19.31635,23.24265,9.53098,0.62228,0.15475,0.76734,0.99502,0.00106,0.00528,0.7,1.0,0.01783,0.04262,19.422,1.82485,0.22144,0.50469,0.50876,0.91424,0.54799,0.50876
18.5265,22.76458,10.37471,0.51852,0.15728,0.84048,0.98177,0.02427,0.12137,0.7,1.0,0.01625,0.03928,17.16302,1.80192,0.23949,0.4635,0.57771,0.99665,0.55496,0.57771
18.39175,25.39758,-6.49199,0.62293,-0.21137,-0.75318,0.99532,0.0,0.0,nan,0.0,0.01657,0.03508,20.02634,1.72331,0.23919,0.67031,0.6714,0.77496,0.58028,0.6714
19.07647,25.00452,-5.26968,0.67609,-0.22299,-0.70226,0.99213,0.0,0.0,nan,0.0,0.01338,0.02939,24.14654,1.63811,0.24028,0.61268,0.44935,0.80441,0.61046,0.44935
19.06359,25.01267,9.12947,0.65526,-0.04322,0.75416,0.98675,0.0,0.0,nan,0.0,0.01231,0.03444,21.12439,1.73113,0.22625,0.44373,0.72416,0.88216,0.57766,0.72416
18.15146,25.10602,10.01689,0.57754,-0.10048,0.81016,0.99422,0.0,0.0,nan,0.0,0.00852,0.02591,18.26475,2.17098,0.23536,0.50909,0.77125,0.76878,0.46062,0.77125
18.38267,26.99132,-6.27169,0.6359,-0.19811,-0.74591,0.99721,0.0,0.0,nan,0.0,0.01088,0.02482,21.17969,1.80192,0.24582,0.57818,0.44205,0.82947,0.55496,0.44205
19.53911,26.92757,-5.76554,0.67802,-0.16622,-0.716,0.99273,0.0,0.0,nan,0.0,0.00979,0.02285,19.04298,1.68793,0.23865,0.55637,0.45269,0.85073,0.59244,0.45269
19.6256,26.73487,9.52573,0.67575,-0.14794,0.72213,0.99442,0.00226,0.01128,0.7,1.0,0.00529,0.03454,18.99129,1.70006,0.23762,0.55806,0.92364,0.6828,0.58821,0.92364
18.63602,27.03924,10.50015,0.60107,-0.12932,0.78866,0.98276,0.0104,0.05201,0.7,1.0,0.00694,0.02206,18.18533,1.68209,0.23869,0.45971,0.57139,0.75957,0.5945,0.57139
18.0449,29.34074,-8.01408,0.65294,-0.16283,-0.7397,0.98266,0.0,0.0,nan,0.0,0.00754,0.01796,21.46883,3.05768,0.23996,0.53628,0.76858,0.91038,0.32705,0.76858
19.07905,28.9382,-7.05652,0.69706,-0.14384,-0.70244,0.96881,0.0,0.0,nan,0.0,0.0083,0.01825,20.10898,1.80192,0.24337,0.52153,0.68295,0.95816,0.55496,0.68295
19.42779,28.64734,-5.62196,0.75416,-0.07808,-0.65204,0.99432,0.0,0.0,nan,0.0,0.00901,0.01823,17.60138,3.38615,0.24861,0.62136,0.44439,0.88598,0.29532,0.44439
19.37179,29.07193,9.5951,0.64746,0.07568,0.75834,0.99552,0.05281,0.26407,0.7,1.0,0.01271,0.03453,19.30473,1.7556,0.23348,0.52031,0.36308,0.7808,0.56961,0.36308
18.39502,28.94835,10.33202,0.56331,0.07461,0.82287,0.99891,0.05358,0.26789,0.7,1.0,0.01513,0.0457,20.33556,1.68095,0.23557,0.5959,0.49957,0.61023,0.5949,0.49957
18.8926,31.02109,-6.87496,0.73243,-0.03423,-0.67998,0.99512,0.0,0.0,nan,0.0,0.01128,0.02174,19.67586,1.84067,0.23885,0.58208,0.54965,0.9823,0.54328,0.54965
19.66222,31.0388,-5.57892,0.81072,-0.08295,-0.57952,0.99532,0.0,0.0,nan,0.0,0.00689,0.02522,19.44395,1.82168,0.24237,0.58133,0.79329,0.60119,0.54894,0.79329
19.21084,31.00725,9.30953,0.6504,-0.02787,0.75908,0.99402,0.14087,0.23103,0.7,0.87195,0.00919,0.02468,22.42842,1.89384,0.21769,0.45733,0.49023,0.88654,0.52803,0.49023
18.29506,31.05809,10.18668,0.58019,-0.02311,0.81415,0.99592,0.11067,0.14836,0.7,0.82938,0.00745,0.02452,21.90136,2.0872,0.23051,0.42019,0.69849,0.78865,0.47911,0.69849
18.15552,33.90594,-8.07523,0.62644,-0.08652,-0.77465,0.98874,0.0,0.0,nan,0.0,0.00787,0.02242,17.51301,2.00198,0.22631,0.46312,0.55003,0.84452,0.49951,0.55003
18.98078,33.01086,-6.97107,0.68211,-0.10153,-0.72417,0.99801,0.0,0.0,nan,0.0,0.00706,0.01951,19.4226,2.48716,0.23209,0.51163,0.7392,0.78021,0.40206,0.7392
19.57142,32.40085,-5.50871,0.77475,-0.13244,-0.61825,0.98515,0.0,0.0,nan,0.0,0.018,0.03873,18.6614,1.72267,0.23959,0.5703,0.59424,0.90215,0.5805,0.59424
19.54739,32.66302,9.50468,0.63543,-0.08232,0.76776,0.99233,0.0,0.0,nan,0.0,0.01347,0.04643,19.21336,1.63811,0.23813,0.48609,0.75297,0.6653,0.61046,0.75297
18.63738,33.00591,10.52905,0.55551,-0.00577,0.83149,0.98077,0.0,0.0,nan,0.0,0.0071,0.03284,20.03945,1.63811,0.24316,0.42971,0.69103,0.55374,0.61046,0.69103
18.26386,34.90532,-8.23854,0.65629,-0.03254,-0.75381,0.98974,0.0,0.0,nan,0.0,0.00498,0.01557,16.72015,1.65082,0.23922,0.36707,0.5728,0.97472,0.60576,0.5728
19.03398,35.09761,-7.04678,0.68918,-0.01038,-0.72451,0.99502,0.0,0.0,nan,0.0,0.01131,0.02413,15.21866,1.9023,0.23877,0.54581,0.49315,0.97159,0.52568,0.49315
19.83888,35.46111,-5.88076,0.7369,0.00863,-0.67594,0.99243,0.0,0.0,nan,0.0,0.01512,0.04114,14.44545,1.80192,0.23923,0.65251,0.62295,0.64115,0.55496,0.62295
19.18244,35.36879,9.6696,0.50104,0.11962,0.85712,0.99233,0.0,0.0,nan,0.0,0.01487,0.04223,19.04066,1.80192,0.24326,0.65643,0.54648,0.5927,0.55496,0.54648
18.51715,34.5599,10.21464,0.50081,0.12193,0.85693,0.99034,0.0,0.0,nan,0.0,0.0086,0.02921,19.76978,1.9971,0.22764,0.542,0.52591,0.59846,0.50073,0.52591
18.09172,37.61832,-8.14629,0.70927,-0.07442,-0.701,0.99851,0.0,0.0,nan,0.0,0.01064,0.03318,19.29141,2.03346,0.23536,0.45446,0.55428,0.7789,0.49177,0.55428
18.91362,36.99688,-6.98358,0.70846,-0.05031,-0.70396,0.99273,0.0,0.0,nan,0.0,0.00953,0.03079,16.09741,2.09948,0.23818,0.4127,0.73004,0.8433,0.47631,0.73004
19.96821,36.11364,-5.97302,0.7257,0.01045,-0.68793,0.99662,0.0,0.0,nan,0.0,0.00823,0.02629,12.30516,1.80192,0.24326,0.50113,0.40623,0.72668,0.55496,0.40623
19.04897,36.98323,9.59982,0.5459,-0.02088,0.83759,0.99333,0.0,0.0,nan,0.0,0.01323,0.05069,28.02989,3.35695,0.24407,0.66682,0.74824,0.41934,0.29789,0.74824
18.16159,37.87319,10.17561,0.53949,-0.14339,0.82969,0.99771,0.0,0.0,nan,0.0,0.01524,0.05453,24.37474,1.67154,0.24366,0.55204,0.55327,0.54786,0.59825,0.55327
18.42372,39.06699,-8.442,0.70406,-0.07903,-0.70573,0.99761,0.0,0.0,nan,0.0,0.00613,0.01695,19.37121,3.51566,0.24686,0.40454,0.51578,0.98604,0.28444,0.51578
19.31737,39.00915,-7.19639,0.6929,-0.09329,-0.71497,0.99642,0.0,0.0,nan,0.0,0.00715,0.02033,15.6391,2.70415,0.23621,0.45121,0.36017,0.87862,0.3698,0.36017
19.51659,38.87448,9.56202,0.64496,-0.08692,0.75925,0.99452,0.0,0.0,nan,0.0,0.00755,0.02915,25.53341,1.84815,0.23122,0.53358,0.65671,0.52361,0.54108,0.65671
18.52133,39.05832,10.47691,0.57969,-0.10219,0.80841,0.98735,0.0,0.0,nan,0.0,0.0149,0.04065,21.58449,1.68814,0.231,0.4392,0.69445,0.91173,0.59237,0.69445
18.14691,41.50139,-8.33232,0.69865,-0.07296,-0.71173,0.99871,0.0,0.0,nan,0.0,0.00575,0.01727,18.58029,1.69749,0.23973,0.4312,0.36403,0.85573,0.5891,0.36403
19.04926,40.88402,-7.35542,0.6723,-0.07655,-0.73631,0.99881,0.0,0.0,nan,0.0,0.00707,0.02361,15.68401,1.71869,0.23834,0.5355,0.78911,0.72073,0.58184,0.78911
19.43563,41.12547,9.6072,0.64074,0.017,0.76757,0.99691,0.0,0.0,nan,0.0,0.01224,0.02875,20.95791,2.08596,0.23457,0.49244,0.56757,0.94715,0.47939,0.56757
18.50852,40.97313,10.47288,0.58963,0.01455,0.80755,0.99652,0.0,0.0,nan,0.0,0.01634,0.03741,22.07299,1.88685,0.23916,0.49282,0.42505,0.96677,0.52998,0.42505
18.35564,43.05584,-8.35,0.70708,-0.0487,-0.70545,0.99901,0.0,0.0,nan,0.0,0.0087,0.02613,19.64768,2.34968,0.23124,0.52219,0.78758,0.79811,0.42559,0.78758
19.51542,43.1176,-7.39823,0.70837,-0.0052,-0.70582,0.98974,0.0,0.0,nan,0.0,0.00907,0.03266,17.78441,2.07034,0.22671,0.44191,0.44269,0.69887,0.48301,0.44269
19.32926,42.91423,9.26541,0.69946,-0.01916,0.71442,0.99841,0.0,0.0,nan,0.0,0.00949,0.02646,24.07694,1.9885,0.2425,0.58601,0.80781,0.81347,0.50289,0.80781
18.6782,43.1046,10.53595,0.63226,-0.05973,0.77245,0.98495,0.0,0.0,nan,0.0,0.00696,0.02246,20.92093,1.74073,0.23221,0.40935,0.45974,0.82885,0.57447,0.45974
18.34616,45.04875,-8.25854,0.68443,-0.01143,-0.72899,0.99741,0.0,0.0,nan,0.0,0.00658,0.0177,19.07824,1.7847,0.22918,0.43438,0.52327,0.94559,0.56032,0.52327
19.3854,44.95269,-7.32244,0.71518,-0.04516,-0.69748,0.99861,0.0,0.0,nan,0.0,0.00893,0.02218,17.89554,1.89801,0.22375,0.51966,0.43206,0.86139,0.52687,0.43206
19.5197,45.31321,9.4432,0.69515,0.04735,0.7173,0.99781,0.0,0.0,nan,0.0,0.01054,0.04286,22.85363,1.6719,0.23421,0.67578,0.85851,0.60661,0.59812,0.85851
18.82615,44.90842,10.62926,0.63249,0.06624,0.77173,0.95785,0.0,0.0,nan,0.0,0.01533,0.04065,24.43269,1.72304,0.24758,0.61652,0.74987,0.66156,0.58037,0.74987
18.69769,47.05514,-8.51406,0.62866,-0.0181,-0.77747,0.98735,0.0,0.0,nan,0.0,0.0107,0.0294,18.18869,1.85558,0.23871,0.57103,0.47573,0.70726,0.53892,0.47573
19.48943,46.91552,-7.45479,0.69876,-0.03101,-0.71468,0.99612,0.0,0.0,nan,0.0,0.00905,0.02855,18.39503,1.80192,0.24671,0.59358,0.41956,0.59232,0.55496,0.41956
19.25022,47.02488,9.324,0.66745,0.01104,0.74457,0.99512,0.0,0.0,nan,0.0,0.00845,0.02675,21.37952,1.86909,0.23056,0.37655,0.58696,0.91693,0.53502,0.58696
18.30709,47.29185,10.25239,0.61506,-0.01483,0.78834,0.99333,0.0,0.0,nan,0.0,0.01028,0.03001,24.17952,1.99424,0.23825,0.40423,0.32115,0.91796,0.50144,0.32115
18.62609,48.79141,-8.40271,0.66023,0.11591,-0.74207,0.99392,0.0,0.0,nan,0.0,0.00433,0.01186,14.90191,1.72521,0.24017,0.43021,0.48269,0.96296,0.57964,0.48269
19.32442,49.26839,-7.30917,0.68313,0.12198,-0.72004,0.99841,0.0,0.0,nan,0.0,0.00738,0.01908,15.15088,1.71507,0.23981,0.45615,0.40111,0.96027,0.58307,0.40111
19.54891,48.89558,9.51562,0.68292,-0.00588,0.73047,0.99323,0.0,0.0,nan,0.0,0.00906,0.02918,21.42617,2.19376,0.2274,0.36536,0.38513,0.92884,0.45584,0.38513
18.7718,49.10402,10.67407,0.60693,0.01016,0.79469,0.95715,0.0,0.0,nan,0.0,0.01104,0.03109,22.69878,1.69849,0.22974,0.50394,0.46001,0.76642,0.58876,0.46001
18.11968,51.23657,-8.1309,0.65227,-0.01419,-0.75786,0.99353,0.0,0.0,nan,0.0,0.00879,0.02277,16.07737,1.85002,0.23838,0.49476,0.51264,0.8771,0.54053,0.51264
19.19609,51.02044,-7.36284,0.65647,-0.01994,-0.75409,0.99253,0.0,0.0,nan,0.0,0.00812,0.02339,15.57464,1.90245,0.23875,0.52362,0.54268,0.74772,0.52564,0.54268
19.16135,51.10316,9.76325,0.58986,0.07194,0.80429,0.98854,0.0,0.0,nan,0.0,0.00966,0.03294,23.48492,1.98488,0.23598,0.44438,0.49668,0.71598,0.50381,0.49668
18.18741,50.5863,10.21384,0.49108,0.12866,0.86156,0.99442,0.0,0.0,nan,0.0,0.01537,0.03949,24.41985,1.63811,0.23974,0.52507,0.45346,0.80164,0.61046,0.45346
18.40129,53.11571,-8.30756,0.64766,-0.04723,-0.76047,0.99602,0.0,0.0,nan,0.0,0.0095,0.02538,17.39632,2.08227,0.23734,0.52794,0.69935,0.79087,0.48025,0.69935
19.48752,52.87203,-7.52397,0.68625,-0.02576,-0.72691,0.99044,0.0,0.0,nan,0.0,0.00888,0.02439,14.48818,1.90659,0.23338,0.47572,0.69015,0.87114,0.5245,0.69015
19.0984,52.97787,9.65665,0.56464,0.05031,0.82381,0.99701,0.0,0.0,nan,0.0,0.00429,0.01946,21.41529,1.89034,0.23399,0.38745,0.47047,0.62236,0.529,0.47047
18.37994,53.46062,10.19327,0.57134,0.02696,0.82027,0.99652,0.0,0.0,nan,0.0,0.0076,0.02343,24.30757,1.80192,0.23729,0.47588,0.44678,0.73797,0.55496,0.44678
18.44072,54.72141,-8.49186,0.66906,0.10078,-0.73634,0.98436,0.0,0.0,nan,0.0,0.01218,0.0295,17.43874,1.81644,0.24628,0.48706,0.63928,0.94488,0.55053,0.63928
19.39417,55.18515,-7.25575,0.71313,0.10981,-0.69237,0.99771,0.0,0.0,nan,0.0,0.00788,0.02127,15.39342,1.68844,0.23056,0.45857,0.44282,0.91302,0.59226,0.44282
19.04702,54.96342,9.30751,0.58857,0.01755,0.80825,0.99253,0.0,0.0,nan,0.0,0.01069,0.02771,21.18609,1.84406,0.23612,0.54465,0.36178,0.77497,0.54228,0.36178
18.04813,54.09144,10.20971,0.60034,0.00553,0.79973,0.99721,0.0,0.0,nan,0.0,0.0117,0.02663,23.48857,2.58216,0.2341,0.53723,0.61342,0.88735,0.38727,0.61342
18.13335,57.61549,-8.10328,0.60232,0.01227,-0.79816,0.99691,0.0,0.0,nan,0.0,0.0101,0.02663,17.54193,1.97109,0.23264,0.46478,0.72126,0.90898,0.50733,0.72126
18.96623,57.03776,-7.15559,0.68524,0.03672,-0.72739,0.99701,0.0,0.0,nan,0.0,0.00909,0.02591,15.70086,2.01953,0.22919,0.4556,0.45635,0.86821,0.49517,0.45635
19.10137,56.89137,9.31536,0.61047,-0.10039,0.78565,0.99512,0.0,0.0,nan,0.0,0.01527,0.03719,22.15989,1.95977,0.22534,0.51285,0.74318,0.87294,0.51026,0.74318
18.29153,57.50067,10.44978,0.63012,-0.10815,0.76893,0.99741,0.0,0.0,nan,0.0,0.0126,0.03457,20.58329,1.80192,0.23442,0.45749,0.32627,0.87381,0.55496,0.32627
18.32145,59.02382,-8.27839,0.58853,-0.03892,-0.80754,0.98974,0.0,0.0,nan,0.0,0.00792,0.0265,11.61638,2.40005,0.231,0.46455,0.45938,0.75386,0.41666,0.45938
19.34373,59.03603,-7.33702,0.7084,-0.02855,-0.70523,0.98645,0.0,0.0,nan,0.0,0.0042,0.01859,13.67967,1.8928,0.22721,0.3031,0.42874,0.85413,0.52832,0.42874
19.98732,59.40261,-5.86959,0.79687,-0.01724,-0.6039,0.99871,0.0,0.0,nan,0.0,0.005,0.01819,12.33035,1.63811,0.22714,0.34956,0.47473,0.9149,0.61046,0.47473
19.26099,59.03669,9.44095,0.65741,-0.01485,0.75339,0.99941,0.0,0.0,nan,0.0,0.01732,0.04016,20.05431,1.79599,0.23486,0.53509,0.36651,0.8865,0.5568,0.36651
18.21853,58.87329,10.34241,0.62503,-0.02674,0.78015,0.99103,0.0,0.0,nan,0.0,0.00928,0.0261,20.29917,1.85866,0.23226,0.40996,0.34141,0.95257,0.53802,0.34141
18.16545,60.70847,-8.12047,0.60382,0.03262,-0.79645,0.99701,0.0,0.0,nan,0.0,0.00691,0.02245,10.23326,2.56512,0.23674,0.41316,0.6837,0.89,0.38985,0.6837
19.12139,61.03865,-7.24956,0.69342,0.0443,-0.71917,0.99791,0.0,0.0,nan,0.0,0.00729,0.03261,12.4738,1.85435,0.23591,0.37187,0.54007,0.69766,0.53927,0.54007
19.21574,61.04133,9.28074,0.61901,-0.10278,0.77863,0.98675,0.0,0.0,nan,0.0,0.02381,0.04911,23.11669,1.99288,0.23947,0.58696,0.5599,0.8977,0.50179,0.5599
18.41343,61.1432,10.45151,0.6154,-0.05646,0.78619,0.99622,0.0,0.0,nan,0.0,0.01158,0.03054,25.57455,1.86916,0.23845,0.50721,0.55513,0.8062,0.535,0.55513
18.11395,63.13308,-8.04193,0.61131,0.00589,-0.79137,0.99811,0.0,0.0,nan,0.0,0.01227,0.03827,11.15854,1.86902,0.22636,0.48532,0.51809,0.7791,0.53504,0.51809
19.15999,63.02273,-7.17382,0.67745,0.01729,-0.73536,0.98834,0.0,0.0,nan,0.0,0.01554,0.05977,11.13104,1.9331,0.21339,0.37478,0.5448,0.81846,0.5173,0.5448
19.49925,63.00079,9.64836,0.56007,-0.06169,0.82615,0.99632,0.0,0.0,nan,0.0,0.01266,0.03639,24.05216,2.14963,0.22204,0.4916,0.64316,0.76639,0.4652,0.64316
18.60782,62.90812,10.40821,0.54811,-0.00835,0.83636,0.99841,0.0,0.0,nan,0.0,0.01318,0.036,27.45906,1.80192,0.23645,0.63033,0.54683,0.62326,0.55496,0.54683
18.14988,64.83457,-8.1033,0.61117,0.0308,-0.7909,0.99632,0.0,0.0,nan,0.0,0.00648,0.07024,10.895,2.01159,0.21958,0.33166,0.8938,0.61,0.49712,0.8938
19.09563,64.98369,-7.15418,0.69153,0.02976,-0.72173,0.99662,0.0,0.0,nan,0.0,0.01233,0.05765,10.45437,1.87267,0.21602,0.38942,0.54637,0.65416,0.534,0.54637
19.32057,65.06698,9.70872,0.57802,-0.09317,0.81069,0.99163,0.0,0.0,nan,0.0,0.01287,0.03981,22.17923,1.74558,0.24009,0.56853,0.83295,0.84395,0.57287,0.83295
18.36013,65.15369,10.44129,0.53678,-0.15836,0.82872,0.99861,0.0,0.0,nan,0.0,0.00837,0.02235,22.83555,2.19326,0.2363,0.41523,0.43574,0.98093,0.45594,0.43574
18.07942,66.16849,-8.05252,0.59152,0.08767,-0.80151,0.99562,0.0,0.0,nan,0.0,0.00778,0.06717,9.66703,1.71819,0.22031,0.34423,0.79831,0.48019,0.58201,0.79831
19.07069,66.97482,-7.09336,0.67619,0.0954,-0.73052,0.99243,0.0,0.0,nan,0.0,0.01105,0.06378,7.11339,2.05564,0.22499,0.39762,0.62047,0.55811,0.48647,0.62047
19.98779,66.84259,9.99955,0.66199,-0.06264,0.74689,0.98406,0.0,0.0,nan,0.0,0.0112,0.02863,22.6376,1.71893,0.23215,0.45257,0.61319,0.9406,0.58176,0.61319
18.93565,67.01826,10.83669,0.6075,-0.1116,0.78644,0.98505,0.0,0.0,nan,0.0,0.0127,0.03575,24.10752,1.80192,0.24162,0.42057,0.43343,0.91464,0.55496,0.43343
18.99968,68.9783,-6.83023,0.65554,0.12982,-0.74392,0.99323,0.0,0.0,nan,0.0,0.01175,0.06442,4.64636,1.87843,0.2299,0.41902,0.84087,0.87813,0.53236,0.84087
19.93483,69.4379,-5.85975,0.73718,0.11596,-0.66567,0.98595,0.0,0.0,nan,0.0,0.00425,0.06147,5.21853,1.83665,0.22755,0.42487,0.94804,0.61391,0.54447,0.94804
19.83517,69.33964,9.72016,0.72864,0.01517,0.68473,0.99881,0.0,0.0,nan,0.0,0.00828,0.022,19.54229,1.72741,0.23266,0.41568,0.41262,0.99855,0.5789,0.41262
18.79693,68.99384,10.90293,0.62587,0.0265,0.77947,0.99034,0.0,0.0,nan,0.0,0.00852,0.02315,21.73366,2.519,0.2334,0.41591,0.55241,0.96609,0.39698,0.55241
18.79463,70.88037,-6.63396,0.63828,0.15123,-0.75481,0.99422,0.0,0.0,nan,0.0,0.00441,0.06615,4.95995,1.82405,0.22632,0.42393,0.91427,0.46474,0.54823,0.91427
19.7076,71.13997,-5.70163,0.71425,0.1362,-0.68651,0.98984,0.0,0.0,nan,0.0,0.00491,0.07907,5.20348,1.75446,0.22914,0.4916,0.96776,0.57658,0.56998,0.96776
19.61402,70.54028,9.50463,0.72968,-0.0435,0.6824,0.99203,0.00028,0.00141,0.7,1.0,0.00677,0.01725,18.71931,1.63811,0.24266,0.44287,0.38296,0.98037,0.61046,0.38296
18.91743,71.02124,10.91095,0.63784,-0.03839,0.76921,0.99044,0.0,0.0,nan,0.0,0.00908,0.02563,20.58725,1.70971,0.23807,0.44726,0.6282,0.8694,0.58489,0.6282
18.47574,72.94926,-6.42479,0.60901,0.16119,-0.77661,0.99343,0.0,0.0,nan,0.0,0.01438,0.10515,4.46589,1.71765,0.22931,0.45524,0.77274,0.46925,0.58219,0.77274
19.48795,72.99269,-5.54099,0.6831,0.12942,-0.71877,0.99283,0.0,0.0,nan,0.0,0.00731,0.10447,5.46825,1.68275,0.21991,0.5642,0.96831,0.56179,0.59427,0.96831
19.70801,73.32193,9.70847,0.70149,-0.15249,0.69617,0.98834,0.0006,0.00302,0.7,1.0,0.00585,0.01672,16.9917,2.68908,0.23131,0.4905,0.62008,0.79787,0.37187,0.62008
18.98788,73.03164,10.85962,0.63461,-0.16272,0.75551,0.99612,0.0,0.0,nan,0.0,0.01212,0.02603,20.86021,3.44002,0.24062,0.61043,0.65087,0.83588,0.2907,0.65087
18.28235,74.79175,-6.19287,0.56561,0.14264,-0.81224,0.99512,0.0,0.0,nan,0.0,0.02079,0.09971,3.23284,1.86598,0.22176,0.44938,0.82732,0.99775,0.53591,0.82732
19.24561,75.10484,-5.44631,0.6296,0.0931,-0.77132,0.98844,0.00348,0.01741,0.7,1.0,0.01268,0.07253,5.0017,1.63811,0.23614,0.51915,0.76223,0.49077,0.61046,0.76223
19.75909,74.24446,9.67732,0.73305,-0.17058,0.65844,0.98256,0.00301,0.01505,0.7,1.0,0.00638,0.01953,14.61682,3.34995,0.24022,0.51819,0.58992,0.71712,0.29851,0.58992
19.46303,74.75814,11.43333,0.6539,-0.14461,0.74263,0.95456,0.0,0.0,nan,0.0,0.01012,0.03499,22.93,1.64282,0.25088,0.68056,0.60886,0.46213,0.60871,0.60886
18.41445,75.09761,12.2553,0.48688,-0.08391,0.86943,0.94908,0.0,0.0,nan,0.0,0.00703,0.02274,21.25597,3.60383,0.24895,0.66572,0.62155,0.50823,0.27748,0.62155
18.08708,76.48495,-6.04405,0.50214,0.12801,-0.85526,0.99313,0.0,0.0,nan,0.0,0.01092,0.04607,3.30391,1.98527,0.23544,0.38207,0.44495,0.99601,0.50371,0.44495
19.00035,77.00957,-5.42529,0.55992,0.06658,-0.82587,0.98775,0.0,0.0,nan,0.0,0.00241,0.03364,6.03305,1.81363,0.24146,0.536,0.8816,0.30782,0.55138,0.8816
19.86895,77.70992,9.8823,0.78502,-0.06706,0.61583,0.9721,0.0,0.0,nan,0.0,0.00231,0.01871,23.74978,1.87315,0.23913,0.61567,0.95197,0.6145,0.53386,0.95197
19.18509,77.0003,11.13889,0.61527,-0.0487,0.78681,0.98844,0.0,0.0,nan,0.0,0.00306,0.02119,22.59645,1.71671,0.2543,0.75408,0.96432,0.664,0.58251,0.96432
18.09374,77.41783,12.01078,0.4178,-0.04598,0.90738,0.99233,0.0,0.0,nan,0.0,0.0025,0.016,22.43496,3.213,0.25168,0.61705,0.90582,0.55013,0.31124,0.90582
19.06993,78.99806,-5.36609,0.49005,0.04273,-0.87064,0.98476,0.0,0.0,nan,0.0,0.00683,0.03635,5.99762,3.60383,0.24351,0.6169,0.72629,0.40601,0.27748,0.72629
19.5506,78.86909,11.71832,0.60678,-0.15128,0.78034,0.96592,0.0,0.0,nan,0.0,0.00227,0.02003,20.82605,3.60383,0.24801,0.64204,0.88727,0.34522,0.27748,0.88727
18.58236,79.04002,12.30754,0.41036,-0.12143,0.9038,0.96373,0.0,0.0,nan,0.0,0.00605,0.03111,17.82578,3.60383,0.24509,0.78605,0.76924,0.29298,0.27748,0.76924
18.96724,80.99486,-5.2662,0.36423,0.16956,-0.91574,0.97489,0.0,0.0,nan,0.0,0.01004,0.0462,5.24158,3.55002,0.2343,0.61589,0.46096,0.48751,0.28169,0.46096
19.70269,81.04489,11.72943,0.56074,0.09186,0.82288,0.96024,0.0,0.0,nan,0.0,0.00849,0.0456,5.67213,1.76394,0.2409,0.45715,0.6752,0.55084,0.56691,0.6752
18.70634,81.04091,12.29131,0.34021,0.10988,0.93391,0.96074,0.0,0.0,nan,0.0,0.00502,0.03843,7.46833,1.8836,0.23345,0.4794,0.67434,0.34552,0.5309,0.67434
18.97877,82.93939,-4.64182,0.23543,0.56935,-0.78766,0.92944,0.0,0.0,nan,0.0,0.0083,0.05575,8.08284,3.49103,0.24646,0.4989,0.89667,0.70179,0.28645,0.89667
19.14647,83.81315,-3.56265,0.16231,0.78616,-0.59633,0.95675,0.0,0.0,nan,0.0,0.00592,0.07139,9.69393,1.69491,0.24057,0.58082,0.90119,0.33361,0.59,0.90119
19.16228,83.32008,11.41462,0.37612,0.55214,0.74409,0.88968,0.0,0.0,nan,0.0,0.01893,0.1164,8.14255,2.7001,0.22619,0.41085,0.61811,0.49298,0.37036,0.61811
18.47665,82.35545,12.16752,0.28439,0.34466,0.89461,0.92346,0.0,0.0,nan,0.0,0.00956,0.04671,10.24776,2.25663,0.23289,0.57325,0.66496,0.42651,0.44314,0.66496
18.97998,84.30644,-2.5793,0.05942,0.89885,-0.43421,0.99133,0.0,0.0,nan,0.0,0.00564,0.04693,8.20907,3.55761,0.23809,0.34492,0.48226,0.43306,0.28109,0.48226
19.02313,84.85564,-1.03142,-0.03972,0.96291,-0.26687,0.99482,0.0,0.0,nan,0.0,0.01292,0.1058,6.96911,1.75426,0.22784,0.30624,0.53374,0.51311,0.57004,0.53374
18.97275,85.13435,0.99276,-0.09354,0.99056,-0.10024,0.99781,0.0,0.0,nan,0.0,0.01485,0.06796,4.68426,1.64236,0.23748,0.31487,0.47404,0.99016,0.60888,0.47404
19.02281,85.24274,2.96473,-0.09841,0.99498,-0.01793,0.99642,0.05952,0.18882,0.6,0.964,0.01178,0.05214,4.94577,1.82466,0.22864,0.3172,0.73982,1.0,0.54805,0.73982
19.01611,85.16479,4.99986,-0.07579,0.9948,0.068,0.99711,0.0,0.0,nan,0.0,0.0154,0.05295,6.66127,1.84212,0.23805,0.52315,0.49288,0.72288,0.54285,0.49288
18.96849,85.00433,7.03626,0.04091,0.98134,0.18789,0.99353,0.0029,0.01448,0.51,1.0,0.00255,0.08052,34.90983,2.1852,0.23421,0.83313,0.99667,0.19062,0.45762,0.99667
19.08547,84.67997,9.05983,0.19609,0.92052,0.33791,0.96791,0.0,0.0,nan,0.0,0.00324,0.06775,21.45675,2.18303,0.23064,0.76885,0.98329,0.26839,0.45808,0.98329
18.84758,84.2182,10.38861,0.25714,0.81163,0.52453,0.92825,0.0,0.0,nan,0.0,0.00372,0.06824,24.16256,2.03004,0.22681,0.57031,0.91623,0.22131,0.4926,0.91623
20.60105,1.63024,7.18903,0.5541,-0.82662,-0.0983,0.77935,0.0,0.0,nan,0.0,0.00661,0.02025,15.34303,3.34428,0.24241,0.48283,0.51155,0.76454,0.29902,0.51155
20.52882,1.79166,8.50286,0.48054,-0.82376,0.30085,0.76082,0.0,0.0,nan,0.0,0.0049,0.03237,16.95294,2.06299,0.23759,0.60295,0.83262,0.38163,0.48473,0.83262
20.46471,3.50288,5.56161,0.71707,-0.53255,-0.44966,0.99064,0.0,0.0,nan,0.0,0.01471,0.04172,18.01044,1.72566,0.24031,0.65344,0.31597,0.59944,0.57949,0.31597
21.32824,2.91498,6.84077,0.80381,-0.55085,-0.22463,0.86417,0.0,0.0,nan,0.0,0.01054,0.02683,16.9373,2.39565,0.23519,0.49883,0.49394,0.88067,0.41742,0.49394
21.04193,2.9582,9.06698,0.70978,-0.51243,0.48335,0.81394,0.0,0.0,nan,0.0,0.00276,0.04217,15.69533,2.87546,0.23822,0.57131,0.89654,0.2434,0.34777,0.89654
20.27452,3.58886,10.18778,0.48869,-0.36357,0.7931,0.86147,0.0,0.0,nan,0.0,0.01549,0.05531,8.09005,2.93009,0.23606,0.55703,0.57591,0.62706,0.34129,0.57591
20.08512,5.62511,1.78648,0.7628,-0.47327,-0.44062,0.99711,0.0,0.0,nan,0.0,0.02438,0.06688,16.61699,1.88091,0.24006,0.57079,0.50987,0.71552,0.53166,0.50987
20.54408,5.3097,3.1817,0.78117,-0.49725,-0.37751,0.99691,0.0,0.0,nan,0.0,0.0108,0.02685,16.37607,1.63811,0.23482,0.45267,0.36673,0.99681,0.61046,0.36673
21.29029,4.77909,4.90679,0.82401,-0.43186,-0.36675,0.9704,0.0,0.0,nan,0.0,0.00962,0.02278,15.75155,2.19637,0.23834,0.51018,0.65794,0.93265,0.4553,0.65794
21.88591,5.01512,6.99912,0.99049,-0.12752,-0.05158,0.93542,0.0,0.0,nan,0.0,0.00187,0.03236,28.10575,1.81626,0.23438,0.76745,0.96478,0.25798,0.55058,0.96478
21.50594,4.99189,9.11531,0.86063,0.0264,0.50855,0.90752,0.0,0.0,nan,0.0,0.01147,0.06763,12.57372,1.6775,0.24385,0.54219,0.80572,0.44114,0.59613,0.80572
20.45545,5.01869,10.3842,0.56346,0.01431,0.82602,0.89177,0.0,0.0,nan,0.0,0.00513,0.0511,19.84259,1.94134,0.23424,0.65196,0.8673,0.27124,0.51511,0.8673
20.27885,7.72451,-0.57392,0.72629,-0.50641,-0.46482,0.99074,0.0,0.0,nan,0.0,0.00876,0.04607,29.02841,1.88527,0.23934,0.31285,0.47792,0.64947,0.53043,0.47792
20.61028,7.27492,1.20334,0.78708,-0.45661,-0.41474,0.99652,0.0,0.0,nan,0.0,0.00538,0.03724,23.08102,1.73055,0.23551,0.35811,0.55066,0.43801,0.57785,0.55066
21.62725,6.69273,2.87113,0.88418,-0.34671,-0.31308,0.95416,0.0,0.0,nan,0.0,0.00447,0.02509,15.74767,1.86483,0.23347,0.39982,0.83766,0.69822,0.53624,0.83766
21.7915,7.0597,4.87685,0.98189,-0.14452,-0.12249,0.98127,0.0,0.0,nan,0.0,0.00272,0.04768,20.2895,1.8522,0.23279,0.69126,0.97107,0.30988,0.5399,0.97107
21.72262,6.95543,6.99513,0.98146,0.0643,0.18057,0.99024,0.0,0.0,nan,0.0,0.00239,0.04324,15.49646,2.04214,0.23364,0.64864,0.9134,0.20164,0.48968,0.9134
20.9349,7.20665,9.15343,0.79155,0.09714,0.60333,0.97828,0.0,0.0,nan,0.0,0.00326,0.01281,16.2725,1.85963,0.23591,0.6104,0.81633,0.59494,0.53774,0.81633
20.3185,6.3991,10.19481,0.60386,0.09387,0.79154,0.96482,0.0,0.0,nan,0.0,0.00338,0.01971,21.63239,2.03962,0.24013,0.48673,0.62638,0.3847,0.49029,0.62638
20.25618,9.79181,-2.25039,0.74711,-0.34844,-0.56605,0.97937,0.0,0.0,nan,0.0,0.01232,0.04744,22.12893,1.68217,0.23877,0.39787,0.47063,0.71143,0.59447,0.47063
20.64032,9.01082,-0.95042,0.78185,-0.40736,-0.47198,0.98834,0.0,0.0,nan,0.0,0.00815,0.0461,30.00833,1.6605,0.2425,0.30103,0.48162,0.62623,0.60223,0.48162
21.55803,8.91337,0.91767,0.90426,-0.3051,-0.29872,0.97449,0.0,0.0,nan,0.0,0.00671,0.04294,22.29451,1.71686,0.23086,0.38836,0.55582,0.43829,0.58246,0.55582
21.87142,9.06609,2.98885,0.98397,-0.14158,-0.10842,0.99044,0.0,0.0,nan,0.0,0.00285,0.0625,13.95179,2.69457,0.23281,0.72788,0.98018,0.27164,0.37112,0.98018
21.96611,8.93925,4.95891,0.99831,-0.04828,0.03244,0.99492,0.0,0.0,nan,0.0,0.03203,0.09181,6.16987,2.33088,0.23363,0.49241,0.73929,0.93814,0.42902,0.73929
21.71573,8.93769,7.09531,0.95843,0.04808,0.28125,0.98226,0.0,0.0,nan,0.0,0.00287,0.03582,15.6885,1.80192,0.24098,0.53584,0.89568,0.31528,0.55496,0.89568
20.92842,8.94622,9.13289,0.80072,0.14065,0.58229,0.96532,0.0,0.0,nan,0.0,0.00566,0.02109,15.36453,3.38089,0.23533,0.63564,0.71974,0.47698,0.29578,0.71974
20.18275,8.83356,10.20199,0.68167,0.12452,0.72098,0.95147,0.0,0.0,nan,0.0,0.0052,0.01792,17.42498,1.87007,0.2442,0.67616,0.68016,0.47879,0.53474,0.68016
20.57994,11.04307,-2.86297,0.816,-0.18926,-0.54619,0.95386,0.0,0.0,nan,0.0,0.01065,0.03052,24.33105,2.09309,0.22826,0.48277,0.61289,0.78215,0.47776,0.61289
21.35459,11.04452,-1.09078,0.91544,-0.11415,-0.38594,0.9717,0.0,0.0,nan,0.0,0.01705,0.05887,25.4608,1.75743,0.23931,0.61333,0.54803,0.50937,0.56901,0.54803
21.91415,11.04523,0.95606,0.9829,-0.03388,-0.18099,0.98954,0.0,0.0,nan,0.0,0.00709,0.03502,13.98439,2.04159,0.23257,0.65472,0.81243,0.4418,0.48981,0.81243
21.99988,10.45883,2.45794,0.99781,-0.01605,-0.06413,0.98844,0.0,0.0,nan,0.0,0.00299,0.02719,10.0377,1.88771,0.23591,0.34674,0.54938,0.3806,0.52974,0.54938
21.96118,11.27523,5.12734,0.99616,0.02147,0.08493,0.99582,0.0,0.0,nan,0.0,0.00532,0.02225,11.10199,2.1783,0.22877,0.43628,0.46395,0.64659,0.45907,0.46395
21.60453,11.01132,7.14418,0.91587,0.0638,0.39637,0.97011,0.0,0.0,nan,0.0,0.00254,0.02512,13.28981,3.44002,0.24108,0.3316,0.38444,0.35021,0.2907,0.38444
20.46202,10.64341,8.53389,0.74817,0.19074,0.6355,0.98964,0.0,0.0,nan,0.0,0.00538,0.02025,15.09391,3.4814,0.24601,0.50096,0.59776,0.60094,0.28724,0.59776
20.40017,12.98952,-2.72402,0.86205,-0.05813,-0.50348,0.99771,0.0,0.0,nan,0.0,0.01472,0.04137,20.20288,1.75386,0.2281,0.44907,0.63192,0.87072,0.57017,0.63192
21.15131,12.96077,-1.03199,0.94002,-0.04178,-0.33854,0.99472,0.0,0.0,nan,0.0,0.01083,0.03896,21.96434,1.91383,0.23183,0.47196,0.81959,0.82704,0.52251,0.81959
21.67792,13.02936,1.02949,0.98594,-0.04104,-0.16199,0.99382,0.0,0.0,nan,0.0,0.01357,0.03968,17.1817,1.92084,0.2237,0.556,0.70191,0.68674,0.52061,0.70191
21.89012,13.01402,3.00189,0.9995,-0.02692,-0.01657,0.99871,0.0,0.0,nan,0.0,0.00951,0.02374,15.28301,2.18283,0.22793,0.49052,0.53864,0.92398,0.45812,0.53864
21.73895,12.9495,4.95311,0.99706,-0.00666,0.07636,0.99642,0.0,0.0,nan,0.0,0.01238,0.03025,13.47805,2.10425,0.2294,0.51312,0.51356,0.91579,0.47523,0.51356
21.65298,13.04832,7.05642,0.90933,-0.00659,0.41601,0.95157,0.0,0.0,nan,0.0,0.00987,0.02984,13.95499,1.87759,0.23211,0.56311,0.67145,0.67141,0.5326,0.67145
20.5903,13.00134,8.56838,0.67821,0.01742,0.73466,0.97638,0.0,0.0,nan,0.0,0.0079,0.02837,19.23687,1.99705,0.23457,0.61066,0.54953,0.50367,0.50074,0.54953
20.05192,15.76715,-4.11205,0.79918,-0.14264,-0.58392,0.99711,0.0,0.0,nan,0.0,0.01006,0.02821,18.54803,1.73604,0.23164,0.39507,0.32913,1.0,0.57602,0.32913
20.73269,14.97126,-2.97315,0.85976,-0.15226,-0.48748,0.99303,0.0,0.0,nan,0.0,0.01631,0.04591,19.34729,1.73284,0.23016,0.41423,0.69159,0.94623,0.57709,0.69159
21.54803,14.88358,-1.06446,0.9372,-0.12075,-0.32722,0.99761,0.0,0.0,nan,0.0,0.01013,0.03143,19.19458,2.20252,0.22336,0.35839,0.5726,0.99275,0.45403,0.5726
21.74598,14.61581,0.89796,0.97538,-0.13406,-0.17512,0.99642,0.0,0.0,nan,0.0,0.01227,0.03306,17.52255,2.0131,0.22939,0.57264,0.61658,0.72213,0.49675,0.61658
21.87304,14.33323,2.91952,0.99063,-0.13533,-0.01824,0.99512,0.0,0.0,nan,0.0,0.00799,0.02526,14.6112,2.3682,0.22483,0.43246,0.59563,0.83113,0.42226,0.59563
21.97529,14.50352,4.88214,0.98961,-0.10669,0.09641,0.99711,0.0,0.0,nan,0.0,0.01016,0.03609,13.80059,1.80192,0.23382,0.44129,0.49814,0.73066,0.55496,0.49814
21.4109,14.94543,7.05267,0.89389,-0.05511,0.44489,0.98914,0.0,0.0,nan,0.0,0.00904,0.02962,12.86838,1.63811,0.23037,0.551,0.73178,0.63974,0.61046,0.73178
20.55175,15.04125,8.56756,0.69549,-0.03861,0.7175,0.98525,0.0,0.0,nan,0.0,0.00646,0.01992,14.2504,1.63811,0.23696,0.58513,0.40745,0.63236,0.61046,0.40745
20.23572,17.01746,-4.27888,0.81083,-0.08062,-0.57971,0.99382,0.0,0.0,nan,0.0,0.00694,0.02654,18.54855,1.82265,0.23519,0.29747,0.28439,0.97406,0.54865,0.28439
20.7953,17.00801,-2.91569,0.89303,-0.06208,-0.44569,0.99711,0.0,0.0,nan,0.0,0.01015,0.04036,19.42291,1.66166,0.23074,0.27992,0.28791,0.99078,0.60181,0.28791
21.38506,17.0727,-0.93524,0.93911,-0.04587,-0.34055,0.99931,0.0,0.0,nan,0.0,0.01375,0.03778,15.68609,2.15528,0.22814,0.43208,0.40372,0.94928,0.46398,0.40372
21.95226,17.08109,0.1468,0.95909,-0.06308,-0.276,0.99871,0.0,0.0,nan,0.0,0.0113,0.03424,14.36983,1.68255,0.21761,0.47319,0.51674,0.79421,0.59434,0.51674
21.66235,17.01922,7.19641,0.88153,0.00835,0.47205,0.9718,0.0,0.0,nan,0.0,0.01156,0.05631,8.84884,1.71516,0.23894,0.6241,0.51188,0.4031,0.58304,0.51188
20.66892,16.98494,8.61494,0.67067,0.03541,0.74091,0.97618,0.0,0.0,nan,0.0,0.00619,0.03221,13.74382,2.03308,0.22454,0.56005,0.53389,0.39324,0.49186,0.53389
20.30788,19.13357,-4.36872,0.81948,-0.1003,-0.56426,0.99572,0.0,0.0,nan,0.0,0.01809,0.04582,17.31346,2.02362,0.23591,0.44732,0.71845,0.98455,0.49416,0.71845
20.83106,18.97037,-2.90944,0.9109,-0.072,-0.4063,0.99681,0.0,0.0,nan,0.0,0.01565,0.04175,17.67574,1.775,0.23177,0.44678,0.74145,0.9337,0.56338,0.74145
21.64371,18.89867,-1.18588,0.94902,-0.00416,-0.3152,0.99253,0.0,0.0,nan,0.0,0.0128,0.04134,16.93977,2.02764,0.23101,0.4287,0.6202,0.8075,0.49319,0.6202
21.97204,18.57603,0.02286,0.95611,0.01234,-0.29273,0.99452,0.0,0.0,nan,0.0,0.01254,0.04151,13.30857,1.63811,0.23356,0.52423,0.69864,0.66269,0.61046,0.69864
21.79296,19.82184,3.90152,0.96743,0.17399,0.18389,0.99333,0.0,0.0,nan,0.0,0.00537,0.01707,16.00791,2.86791,0.23398,0.49999,0.57103,0.70818,0.34869,0.57103
21.52228,19.53798,5.02045,0.96712,0.17306,0.18634,0.99323,0.0,0.0,nan,0.0,0.00515,0.01854,14.18364,1.88035,0.2446,0.46009,0.4048,0.68939,0.53182,0.4048
21.57922,19.15639,7.15451,0.90297,0.09395,0.4193,0.95705,0.0,0.0,nan,0.0,0.00426,0.0159,13.21544,1.95558,0.23178,0.42464,0.50718,0.72588,0.51136,0.50718
20.55619,18.93702,8.53678,0.68975,-0.00018,0.72405,0.97489,0.0,0.0,nan,0.0,0.00932,0.03751,18.30858,1.63811,0.24086,0.46213,0.34858,0.59664,0.61046,0.34858
20.51405,20.99918,-4.65067,0.81537,0.09066,-0.5718,0.94678,0.0,0.0,nan,0.0,0.01308,0.03068,17.05498,3.37763,0.24272,0.49791,0.62849,0.95669,0.29607,0.62849
21.22816,21.1128,-3.07219,0.93278,0.1187,-0.34035,0.97529,0.0,0.0,nan,0.0,0.01107,0.03122,17.66041,1.71626,0.24808,0.45522,0.26202,0.86754,0.58266,0.26202
21.51108,21.078,-0.98104,0.96188,0.13635,-0.23705,0.99881,0.0,0.0,nan,0.0,0.00802,0.02949,17.59461,2.31501,0.23544,0.4631,0.37894,0.65448,0.43196,0.37894
21.57309,21.34449,0.78118,0.97811,0.1234,-0.16754,0.98765,0.0,0.0,nan,0.0,0.01303,0.0328,23.83806,1.71336,0.23956,0.58049,0.69069,0.74183,0.58365,0.69069
21.7015,21.09407,3.40355,0.98863,0.07351,0.13114,0.98695,0.0,0.0,nan,0.0,0.01118,0.02676,19.78132,2.02611,0.23582,0.48026,0.54784,0.95823,0.49356,0.54784
21.2973,20.98292,4.88365,0.98876,0.0433,0.14308,0.96831,0.0,0.0,nan,0.0,0.0103,0.02622,19.19379,2.02053,0.23251,0.46202,0.61747,0.93943,0.49492,0.61747
21.40379,20.87862,7.12333,0.9409,-0.01264,0.33844,0.97389,0.0,0.0,nan,0.0,0.00876,0.02238,17.04371,1.63939,0.24093,0.47778,0.42626,0.91577,0.60998,0.42626
20.54635,21.04178,8.62908,0.77279,-0.02821,0.63403,0.98037,0.0,0.0,nan,0.0,0.01174,0.03402,17.2851,2.08467,0.2289,0.46012,0.41848,0.83692,0.47969,0.41848
20.11776,23.17207,-4.16815,0.81581,0.04903,-0.57624,0.98286,0.0,0.0,nan,0.0,0.01314,0.03334,22.35657,1.63811,0.24417,0.59158,0.54288,0.72591,0.61046,0.54288
20.52356,22.98692,-3.04009,0.90992,0.02547,-0.414,0.98087,0.0,0.0,nan,0.0,0.01291,0.0314,21.15731,2.82469,0.23216,0.54718,0.43138,0.82243,0.35402,0.43138
21.29708,23.01048,-1.0217,0.95607,-0.0708,-0.28446,0.98834,0.0,0.0,nan,0.0,0.01618,0.03778,19.81872,2.08261,0.22841,0.55128,0.58823,0.85541,0.48017,0.58823
21.52375,22.95669,0.90925,0.97381,-0.12042,-0.19286,0.97459,0.0,0.0,nan,0.0,0.01318,0.03839,21.21781,1.7265,0.24167,0.4741,0.41024,0.79233,0.57921,0.41024
21.83219,22.81493,3.12969,0.98985,-0.13035,0.05668,0.99074,0.0,0.0,nan,0.0,0.01146,0.0317,21.14738,1.63811,0.23011,0.42951,0.45954,0.92135,0.61046,0.45954
21.69287,22.89408,5.03281,0.9786,-0.14164,0.14928,0.99592,0.0,0.0,nan,0.0,0.01005,0.03004,18.71717,1.8313,0.23581,0.3937,0.43097,0.94074,0.54606,0.43097
21.4358,23.03314,7.19749,0.90407,0.01185,0.42723,0.96891,0.0,0.0,nan,0.0,0.01492,0.0381,18.19334,1.70096,0.2263,0.43927,0.42943,0.98946,0.5879,0.42943
20.55304,22.90295,8.60525,0.74146,0.10587,0.66259,0.97469,0.0,0.0,nan,0.0,0.01456,0.03462,17.23619,1.82298,0.23348,0.47254,0.31872,0.99281,0.54855,0.31872
20.34117,25.06079,-4.4202,0.76361,-0.26584,-0.5884,0.98884,0.0,0.0,nan,0.0,0.01425,0.03363,21.60841,1.69272,0.2402,0.62354,0.55748,0.74214,0.59076,0.55748
20.88589,24.97745,-3.03642,0.87748,-0.24593,-0.41176,0.99801,0.0014,0.00701,0.7,1.0,0.01074,0.02514,19.33275,2.20682,0.23288,0.62805,0.72449,0.75059,0.45314,0.72449
21.84441,24.8253,-1.23784,0.93607,-0.19211,-0.29474,0.98705,0.0,0.0,nan,0.0,0.01325,0.03031,19.48002,2.06487,0.22745,0.57638,0.40648,0.83632,0.48429,0.40648
21.96227,25.44502,0.34082,0.98193,-0.06512,-0.17766,0.99572,0.0,0.0,nan,0.0,0.01152,0.02788,21.69992,2.10126,0.22806,0.55019,0.73108,0.81999,0.4759,0.73108
21.82454,24.8955,5.52351,0.95724,-0.07136,0.28035,0.99303,0.0,0.0,nan,0.0,0.01544,0.04178,19.5294,1.63811,0.23039,0.40737,0.38904,1.0,0.61046,0.38904
21.35736,25.00304,7.18368,0.84195,-0.01981,0.53919,0.98625,0.0,0.0,nan,0.0,0.01604,0.04246,22.50479,1.63811,0.22704,0.41247,0.5297,0.99746,0.61046,0.5297
20.28257,25.01505,8.24903,0.72201,-0.01508,0.69172,0.99552,0.0,0.0,nan,0.0,0.01774,0.04174,23.19322,1.63811,0.22961,0.46269,0.63664,0.99789,0.61046,0.63664
20.77083,26.94188,-4.82284,0.76842,-0.11251,-0.62998,0.95376,0.00478,0.0239,0.7,1.0,0.00947,0.02843,17.9979,3.21907,0.24023,0.54932,0.46838,0.67367,0.31065,0.46838
21.75008,26.91988,-2.96727,0.9286,-0.11001,-0.35439,0.95864,0.0,0.0,nan,0.0,0.00839,0.02071,14.29956,2.07705,0.22618,0.53966,0.38852,0.8561,0.48145,0.38852
21.79423,26.86064,-1.0903,0.98749,-0.07364,-0.13942,0.99253,0.00032,0.00159,0.7,1.0,0.01465,0.04389,20.17002,2.39012,0.22851,0.65895,0.62178,0.55663,0.41839,0.62178
21.77167,26.91398,0.87959,0.99546,0.02477,-0.09188,0.99363,0.0,0.0,nan,0.0,0.0094,0.02838,24.07063,2.4428,0.22996,0.51581,0.55761,0.69539,0.40937,0.55761
21.98195,26.96693,3.52778,0.99943,-0.02836,-0.0182,0.99333,0.0,0.0,nan,0.0,0.00875,0.03556,22.57831,1.69027,0.23937,0.42087,0.30431,0.63634,0.59162,0.30431
21.99638,26.35831,5.30868,0.96349,-0.06526,0.25968,0.99373,0.0,0.0,nan,0.0,0.01217,0.03918,18.80606,1.74392,0.23324,0.35492,0.52322,0.96784,0.57342,0.52322
21.33351,26.85725,7.01632,0.85552,-0.11419,0.50501,0.99552,0.0,0.0,nan,0.0,0.01139,0.03712,18.58382,1.80192,0.23683,0.40982,0.7674,0.87809,0.55496,0.7674
20.53751,27.11595,8.64613,0.7381,-0.12881,0.66228,0.99133,0.01193,0.05964,0.7,1.0,0.00909,0.02919,18.13183,1.70263,0.23243,0.49157,0.79134,0.81086,0.58733,0.79134
20.00498,29.22456,-6.02172,0.7846,-0.04239,-0.61855,0.96572,0.0,0.0,nan,0.0,0.00854,0.01833,18.1178,1.66676,0.24551,0.63302,0.53647,0.81688,0.59997,0.53647
20.47874,29.07597,-4.86634,0.83016,0.02315,-0.55704,0.99303,0.0,0.0,nan,0.0,0.00605,0.01569,18.07736,2.22368,0.23836,0.69249,0.76791,0.65629,0.4497,0.76791
21.2283,29.07155,-3.03493,0.92112,0.07446,-0.38209,0.99492,0.0,0.0,nan,0.0,0.00639,0.02795,17.79353,1.75636,0.23042,0.41548,0.44316,0.6126,0.56936,0.44316
21.94763,29.77661,-1.37552,0.97165,-0.02246,-0.23534,0.99402,0.0,0.0,nan,0.0,0.00871,0.02943,21.6031,1.90523,0.23032,0.40807,0.36789,0.79293,0.52487,0.36789
21.92098,28.85393,1.42193,0.99088,-0.06418,-0.11844,0.99323,0.0,0.0,nan,0.0,0.01192,0.03156,24.0257,1.81601,0.22907,0.50395,0.43324,0.81214,0.55066,0.43324
21.87906,28.93184,2.14007,0.99178,-0.05377,-0.11609,0.98914,0.0,0.0,nan,0.0,0.01051,0.02641,24.43415,2.03639,0.23519,0.49578,0.43125,0.86833,0.49106,0.43125
21.59412,29.08669,7.40087,0.86117,0.02944,0.50747,0.97758,0.00025,0.00127,0.7,1.0,0.00982,0.02937,17.18167,1.65789,0.22907,0.4788,0.6237,0.78,0.60318,0.6237
20.65472,28.92494,8.65224,0.7472,0.0176,0.66436,0.98665,0.04127,0.20634,0.7,1.0,0.00892,0.02636,16.73735,1.63811,0.2296,0.47289,0.68475,0.80134,0.61046,0.68475
20.53603,31.03441,-4.70991,0.85739,-0.09611,-0.50561,0.99681,0.0,0.0,nan,0.0,0.00826,0.02946,18.69239,1.88747,0.24167,0.51981,0.61956,0.59705,0.52981,0.61956
21.28824,31.0535,-2.99156,0.91953,-0.07554,-0.3857,0.99363,0.0,0.0,nan,0.0,0.00918,0.03189,21.898,1.6584,0.2389,0.44087,0.39305,0.7126,0.60299,0.39305
21.78459,30.55285,-1.15097,0.97142,-0.04795,-0.23248,0.99771,0.0,0.0,nan,0.0,0.01264,0.03357,22.77037,1.75753,0.234,0.4781,0.3764,0.8568,0.56898,0.3764
21.9978,30.16696,0.79933,0.99149,-0.07152,-0.10877,0.99632,0.0,0.0,nan,0.0,0.01133,0.02959,27.31844,1.63811,0.23426,0.45245,0.33948,0.90846,0.61046,0.33948
21.99052,30.36049,2.47738,0.99994,-0.00784,-0.008,0.99582,0.0,0.0,nan,0.0,0.01194,0.02601,27.06232,1.80434,0.23749,0.5261,0.64921,0.93688,0.55422,0.64921
21.64437,31.28151,5.26183,0.96629,0.05369,0.25178,0.98366,0.0,0.0,nan,0.0,0.01166,0.02836,21.20069,3.53587,0.24211,0.4982,0.55603,0.90319,0.28282,0.55603
21.46247,30.85501,7.07215,0.89479,0.04531,0.44418,0.98495,0.0,0.0,nan,0.0,0.00941,0.02281,22.27858,2.07048,0.2295,0.56192,0.46097,0.80019,0.48298,0.46097
20.52954,30.95867,8.58081,0.74186,0.00014,0.67056,0.99213,0.12164,0.12376,0.7,0.75536,0.00913,0.02234,21.34071,1.98218,0.21726,0.45555,0.57793,0.9809,0.50449,0.57793
20.16875,33.44185,-6.22547,0.75041,-0.09943,-0.65346,0.98645,0.0,0.0,nan,0.0,0.01006,0.02279,19.11156,1.89604,0.23084,0.55039,0.60472,0.88583,0.52742,0.60472
20.81916,32.90648,-4.91905,0.84318,-0.14246,-0.51842,0.99173,0.0,0.0,nan,0.0,0.01026,0.03144,18.20161,1.72353,0.22458,0.48356,0.70889,0.74917,0.5802,0.70889
21.68025,33.06247,-3.10848,0.9382,-0.10751,-0.32896,0.99412,0.0,0.0,nan,0.0,0.00985,0.03494,20.15408,1.73485,0.23454,0.38876,0.45626,0.79693,0.57642,0.45626
21.91264,33.47648,-1.42858,0.96914,-0.08264,-0.23225,0.99871,0.0,0.0,nan,0.0,0.01033,0.02449,19.73691,1.767,0.22587,0.52868,0.3014,0.87827,0.56593,0.3014
21.94212,32.99126,0.1772,0.98293,-0.09593,-0.15702,0.99632,0.0,0.0,nan,0.0,0.01018,0.02747,22.13167,1.80192,0.22996,0.44536,0.32522,0.90785,0.55496,0.32522
21.89369,33.3471,3.82717,0.97866,-0.14751,0.14308,0.97728,0.0,0.0,nan,0.0,0.01088,0.02829,22.90927,2.22116,0.23829,0.52971,0.37753,0.78965,0.45022,0.37753
21.88558,32.8325,4.6777,0.97596,-0.10738,0.18964,0.98695,0.0,0.0,nan,0.0,0.00769,0.02076,22.96368,1.91063,0.2311,0.45182,0.33706,0.89116,0.52339,0.33706
21.48275,32.92323,7.11475,0.89943,-0.12658,0.41834,0.98685,0.0,0.0,nan,0.0,0.00986,0.03134,21.37259,1.83769,0.24054,0.4912,0.49829,0.70021,0.54416,0.49829
20.6305,33.02452,8.70556,0.74349,-0.10469,0.6605,0.98914,0.0,0.0,nan,0.0,0.01325,0.03474,17.05875,2.0339,0.23453,0.55912,0.67438,0.7624,0.49167,0.67438
20.18654,34.4896,-6.22958,0.74232,-0.03703,-0.66902,0.99044,0.0,0.0,nan,0.0,0.00763,0.02489,18.9368,2.15815,0.23247,0.55392,0.66255,0.61188,0.46336,0.66255
20.9515,34.9603,-5.04506,0.83572,-0.03851,-0.54781,0.98725,0.0,0.0,nan,0.0,0.00746,0.03098,17.09434,1.80192,0.24235,0.50699,0.69805,0.53045,0.55496,0.69805
21.73528,34.81922,-3.06217,0.94823,-0.08917,-0.3048,0.99671,0.0,0.0,nan,0.0,0.00939,0.03317,14.25611,2.48755,0.23982,0.56144,0.46589,0.57524,0.402,0.46589
21.94852,34.15322,-1.47407,0.96993,-0.07964,-0.22997,0.99801,0.0,0.0,nan,0.0,0.01245,0.02961,18.33711,1.68165,0.24258,0.58934,0.50163,0.79147,0.59465,0.50163
21.5989,35.06171,7.46161,0.85884,0.02388,0.51168,0.98725,0.0,0.0,nan,0.0,0.01332,0.06212,15.31964,2.159,0.23691,0.4723,0.55669,0.51324,0.46318,0.55669
20.73547,34.99834,8.84888,0.69924,0.04188,0.71366,0.96881,0.0,0.0,nan,0.0,0.01596,0.04695,16.28994,2.41812,0.22815,0.58145,0.39352,0.65658,0.41354,0.39352
20.10609,37.43186,-6.09379,0.73312,-0.06803,-0.67669,0.99701,0.0,0.0,nan,0.0,0.00884,0.041,15.59965,2.46035,0.22775,0.66814,0.83064,0.49068,0.40645,0.83064
21.02104,37.02874,-5.16208,0.7994,-0.03186,-0.59995,0.99064,0.0,0.0,nan,0.0,0.00751,0.03734,11.93315,1.74395,0.23169,0.73419,0.85233,0.47566,0.57341,0.85233
21.83982,37.11019,-3.61596,0.91528,-0.04206,-0.40062,0.99034,0.0,0.0,nan,0.0,0.00576,0.03358,12.28657,1.63811,0.23025,0.71218,0.84339,0.39943,0.61046,0.84339
21.75419,37.59366,5.59252,0.9217,0.11549,0.37031,0.99123,0.0,0.0,nan,0.0,0.01078,0.03379,15.81838,1.74079,0.23575,0.5055,0.34465,0.71074,0.57445,0.34465
21.43432,37.0994,7.24855,0.8499,0.11757,0.51366,0.99612,0.0,0.0,nan,0.0,0.0068,0.02714,17.74353,1.71973,0.23737,0.38309,0.63539,0.72726,0.58149,0.63539
20.48469,36.97262,8.6544,0.70287,0.07418,0.70744,0.98117,0.0,0.0,nan,0.0,0.01406,0.03349,23.01452,1.63811,0.23182,0.52369,0.44353,0.87148,0.61046,0.44353
20.16238,39.12756,-6.13203,0.74072,-0.11894,-0.6612,0.99522,0.0,0.0,nan,0.0,0.00735,0.02156,15.22863,1.89605,0.23472,0.55669,0.68099,0.69253,0.52741,0.68099
20.87111,39.07324,-4.95056,0.82028,-0.12314,-0.55856,0.99143,0.0,0.0,nan,0.0,0.00318,0.02244,14.29354,1.69497,0.23322,0.66724,0.94727,0.65636,0.58998,0.94727
21.62223,38.75656,-3.45108,0.90807,-0.08778,-0.40952,0.99253,0.0,0.0,nan,0.0,0.00227,0.02795,13.18392,1.84782,0.23285,0.72196,0.97433,0.46023,0.54118,0.97433
21.976,39.80706,3.18772,0.98352,-0.08755,0.1582,0.96363,0.0,0.0,nan,0.0,0.0099,0.02529,18.56154,1.70416,0.23253,0.49678,0.69345,0.87282,0.5868,0.69345
21.70787,39.27695,5.53883,0.94726,-0.07164,0.31236,0.98486,0.0,0.0,nan,0.0,0.00811,0.02232,19.34683,1.84289,0.24016,0.41354,0.71317,0.96908,0.54263,0.71317
21.17663,38.86012,6.9554,0.88668,-0.06445,0.45787,0.99382,0.0,0.0,nan,0.0,0.01165,0.0274,19.24647,2.22896,0.24058,0.47225,0.59391,0.99378,0.44864,0.59391
20.38967,39.08167,8.52667,0.75957,-0.07733,0.64581,0.99472,0.0,0.0,nan,0.0,0.01049,0.03066,23.28398,1.7021,0.22485,0.45075,0.34266,0.82439,0.58751,0.34266
20.5221,41.03632,-6.53455,0.72933,-0.06632,-0.68094,0.98107,0.0,0.0,nan,0.0,0.00922,0.02944,15.74846,1.69584,0.24211,0.58069,0.59642,0.60795,0.58968,0.59642
21.52374,40.9103,-5.10596,0.85482,-0.05169,-0.51634,0.98605,0.0,0.0,nan,0.0,0.0069,0.04117,17.68176,2.09846,0.23945,0.64537,0.88026,0.49554,0.47654,0.88026
21.98155,40.15538,-3.95238,0.90412,-0.0789,-0.41994,0.99303,0.0,0.0,nan,0.0,0.00948,0.02743,14.62752,1.63811,0.23045,0.76285,0.78384,0.57722,0.61046,0.78384
21.99455,40.04486,3.12531,0.98432,-0.10474,0.1419,0.96751,0.0,0.0,nan,0.0,0.00972,0.025,18.24347,1.80192,0.2238,0.51218,0.54604,0.84211,0.55496,0.54604
21.83273,40.10038,5.72395,0.93919,-0.12336,0.32046,0.99522,0.0,0.0,nan,0.0,0.01127,0.03016,20.53251,1.63811,0.23382,0.44001,0.64743,0.93187,0.61046,0.64743
21.90841,41.00976,7.38814,0.87101,-0.04501,0.4892,0.9426,0.0,0.0,nan,0.0,0.01947,0.04011,21.05822,1.95663,0.22842,0.62289,0.66784,0.85321,0.51108,0.66784
20.87739,41.00099,8.73425,0.7409,0.00869,0.67156,0.95924,0.0,0.0,nan,0.0,0.01881,0.04737,24.22102,1.89784,0.23831,0.65904,0.66634,0.65212,0.52692,0.66634
20.44918,42.80976,-6.47847,0.77702,0.04212,-0.62807,0.99173,0.0,0.0,nan,0.0,0.00863,0.03158,16.55288,1.89105,0.23255,0.46194,0.44826,0.66279,0.52881,0.44826
21.19806,43.03408,-4.99227,0.85936,0.07779,-0.50542,0.99851,0.0,0.0,nan,0.0,0.01266,0.0429,18.57469,1.97247,0.23334,0.5093,0.38113,0.64159,0.50698,0.38113
21.85888,43.29712,-3.57647,0.92621,0.00871,-0.37691,0.99382,0.0,0.0,nan,0.0,0.01263,0.03649,23.06059,1.84405,0.2385,0.45925,0.43004,0.81927,0.54229,0.43004
21.90571,43.5589,5.88955,0.88561,0.02039,0.46398,0.99632,0.00765,0.03827,0.7,1.0,0.01936,0.03897,25.21984,1.71884,0.22784,0.5926,0.61956,0.90466,0.58179,0.61956
21.4907,43.13717,7.15575,0.83266,0.04371,0.55205,0.99592,0.0,0.0,nan,0.0,0.0169,0.03266,26.0217,1.91882,0.23819,0.60015,0.69495,0.9286,0.52115,0.69495
20.47555,42.93658,8.43827,0.75073,0.03162,0.65985,0.99871,0.0,0.0,nan,0.0,0.00695,0.02315,25.05478,2.36866,0.23333,0.59265,0.85879,0.83918,0.42218,0.85879
20.18441,45.20781,-6.34348,0.77992,-0.0838,-0.62024,0.99462,0.0,0.0,nan,0.0,0.0124,0.03484,19.39584,1.84623,0.23278,0.45901,0.48864,0.8555,0.54164,0.48864
21.23806,45.01376,-5.0805,0.83397,-0.09556,-0.54348,0.99392,0.0,0.0,nan,0.0,0.01075,0.03343,20.29871,1.9427,0.22777,0.41874,0.59768,0.84375,0.51475,0.59768
21.99016,44.35584,-3.55336,0.90781,-0.09448,-0.40859,0.99293,0.0,0.0,nan,0.0,0.01239,0.03464,23.20429,1.85822,0.23996,0.47542,0.4665,0.81709,0.53815,0.4665
21.80004,44.25715,5.80958,0.88513,-0.0143,0.46513,0.99492,0.0,0.0,nan,0.0,0.01555,0.03834,23.2836,1.7214,0.2285,0.51249,0.73101,0.85928,0.58092,0.73101
21.64586,44.90821,7.3355,0.83228,-0.0468,0.55237,0.99173,0.0,0.0,nan,0.0,0.00744,0.03324,25.2714,1.80183,0.23232,0.54932,0.84483,0.6315,0.55499,0.84483
20.49347,44.95891,8.56777,0.75232,-0.00133,0.6588,0.99462,0.0,0.0,nan,0.0,0.00621,0.02482,23.99118,2.0815,0.23799,0.5348,0.80061,0.60455,0.48042,0.80061
20.50595,47.08971,-6.59851,0.78382,-0.01933,-0.62068,0.99173,0.0,0.0,nan,0.0,0.01028,0.02679,17.20015,1.88209,0.2317,0.57407,0.52571,0.74636,0.53132,0.52571
21.60092,46.93924,-5.16655,0.85939,0.00832,-0.51125,0.98635,0.0,0.0,nan,0.0,0.01047,0.02891,15.26942,1.87604,0.23802,0.45787,0.41126,0.89472,0.53304,0.41126
21.94872,47.97415,-3.79796,0.89268,0.0989,-0.43971,0.99901,0.0,0.0,nan,0.0,0.01195,0.06328,14.67617,2.52637,0.22685,0.69919,0.86261,0.47963,0.39583,0.86261
21.44852,47.00414,7.35769,0.7884,0.01863,0.61488,0.99123,0.0,0.0,nan,0.0,0.01496,0.03988,21.06538,1.80192,0.22621,0.44844,0.4538,0.91572,0.55496,0.4538
20.64478,47.00887,8.57536,0.709,0.02951,0.70459,0.99602,0.0,0.0,nan,0.0,0.00891,0.02716,19.03026,1.85446,0.22544,0.36309,0.4121,0.99868,0.53924,0.4121
20.37516,48.67471,-6.50421,0.77336,0.09342,-0.62705,0.99462,0.0,0.0,nan,0.0,0.0048,0.01605,15.44745,1.69466,0.24617,0.35274,0.45049,0.95756,0.59009,0.45049
21.07481,48.96666,-4.99723,0.86843,0.0568,-0.49254,0.99034,0.0,0.0,nan,0.0,0.0072,0.02217,18.46235,1.84019,0.24326,0.38328,0.42006,0.93938,0.54342,0.42006
21.72647,48.81459,-3.53785,0.90519,0.06303,-0.42031,0.98665,0.0,0.0,nan,0.0,0.00671,0.04174,17.19907,1.89356,0.23479,0.6158,0.87656,0.48951,0.52811,0.87656
21.8741,49.12996,5.85113,0.87661,0.00085,0.48121,0.99721,0.0,0.0,nan,0.0,0.01112,0.03248,19.12622,2.35878,0.22598,0.49739,0.49173,0.76054,0.42395,0.49173
21.29456,48.96282,7.12148,0.79678,0.03198,0.60342,0.99901,0.0,0.0,nan,0.0,0.00917,0.02927,20.64376,1.74005,0.22029,0.39715,0.45624,0.86514,0.5747,0.45624
20.32481,48.99801,8.38238,0.74237,0.00254,0.66999,0.99911,0.0,0.0,nan,0.0,0.01076,0.0338,21.48201,1.63811,0.23628,0.38535,0.40559,0.90327,0.61046,0.40559
20.4322,51.01562,-6.29228,0.73516,-0.05798,-0.67541,0.99243,0.0,0.0,nan,0.0,0.0085,0.03108,16.03632,2.39202,0.23733,0.51943,0.5516,0.59194,0.41806,0.5516
21.41495,50.8772,-5.11316,0.83489,-0.11163,-0.53898,0.99213,0.0,0.0,nan,0.0,0.01009,0.02751,16.43434,1.86384,0.23397,0.50676,0.53311,0.8118,0.53653,0.53311
21.66652,50.67722,-3.43252,0.89717,-0.13775,-0.41966,0.98187,0.0,0.0,nan,0.0,0.01699,0.03973,18.35185,2.07272,0.23225,0.55917,0.6992,0.84823,0.48246,0.6992
21.44287,51.01794,7.36256,0.81731,-0.00012,0.5762,0.99851,0.0,0.0,nan,0.0,0.00883,0.046,17.78756,1.71106,0.22315,0.37269,0.62613,0.57267,0.58443,0.62613
20.36871,50.95691,8.53016,0.72138,-0.00232,0.69253,0.99632,0.0,0.0,nan,0.0,0.01215,0.03977,16.29929,1.76858,0.23648,0.48982,0.48352,0.70057,0.56543,0.48352
20.42151,53.12227,-6.4996,0.71168,0.03113,-0.70181,0.99751,0.0,0.0,nan,0.0,0.01245,0.02646,12.93988,2.22813,0.23567,0.56956,0.42294,0.95368,0.44881,0.42294
21.46101,53.17558,-5.48624,0.79705,0.01839,-0.60363,0.98117,0.0,0.0,nan,0.0,0.0126,0.03257,14.40193,1.9018,0.2265,0.49757,0.31445,0.88545,0.52582,0.31445
21.89112,52.66634,5.51748,0.92054,0.0681,0.38466,0.98954,0.0,0.0,nan,0.0,0.00961,0.04032,17.41928,1.85195,0.22812,0.3061,0.42272,0.86806,0.53997,0.42272
21.44295,52.99612,7.17794,0.83521,-0.01894,0.5496,0.99731,0.0,0.0,nan,0.0,0.01173,0.04084,17.6835,1.68242,0.22305,0.44678,0.27941,0.71572,0.59438,0.27941
20.42819,53.01377,8.57133,0.6881,0.02352,0.72523,0.99223,0.0,0.0,nan,0.0,0.0083,0.02713,15.31818,1.90023,0.23067,0.45301,0.48542,0.76372,0.52625,0.48542
20.00229,54.87434,-6.1592,0.71524,0.11448,-0.68944,0.99502,0.0,0.0,nan,0.0,0.01012,0.02431,13.816,2.01245,0.23487,0.48996,0.40786,0.97316,0.49691,0.40786
21.25327,54.96442,-5.35139,0.7882,0.13363,-0.60073,0.98027,0.0,0.0,nan,0.0,0.0128,0.0337,16.40283,3.41184,0.25214,0.48436,0.62875,0.87945,0.2931,0.62875
21.88101,55.72657,-2.57211,0.95175,0.01637,-0.30645,0.97638,0.00097,0.00487,0.6,1.0,0.00797,0.02198,19.48117,1.75714,0.23425,0.42105,0.57831,0.95,0.56911,0.57831
21.60532,54.83822,7.37007,0.80087,-0.06794,0.59497,0.98127,0.0,0.0,nan,0.0,0.01289,0.03999,17.60414,1.85205,0.22603,0.46025,0.65094,0.77972,0.53994,0.65094
20.49259,55.04735,8.36799,0.64898,-0.01977,0.76055,0.99552,0.0,0.0,nan,0.0,0.0099,0.03212,18.0101,1.80192,0.22477,0.53331,0.8534,0.9592,0.55496,0.8534
20.19176,57.11771,-6.24729,0.75481,0.04499,-0.6544,0.99811,0.0,0.0,nan,0.0,0.01199,0.02616,13.10916,3.34763,0.2363,0.54953,0.7152,0.96104,0.29872,0.7152
21.085,56.9977,-5.04167,0.80102,0.07608,-0.59378,0.99402,0.0,0.0,nan,0.0,0.00865,0.03375,18.21678,2.52819,0.21719,0.55132,0.56708,0.51574,0.39554,0.56708
21.98471,56.43339,-2.99791,0.92675,0.00368,-0.37566,0.99482,0.0,0.0,nan,0.0,0.0077,0.02086,19.42481,1.83258,0.23886,0.48419,0.38272,0.8407,0.54568,0.38272
21.99587,56.07348,-1.98758,0.95361,-0.04432,-0.29775,0.96951,0.0,0.0,nan,0.0,0.00748,0.02234,18.54503,1.71009,0.23961,0.44963,0.32893,0.82463,0.58477,0.32893
21.5389,56.96209,7.47974,0.77688,-0.02595,0.62912,0.99353,0.0,0.0,nan,0.0,0.01526,0.03797,18.39359,1.86503,0.2312,0.70342,0.82207,0.82354,0.53618,0.82207
20.58447,57.08082,8.47273,0.64641,-0.04192,0.76184,0.99512,0.0,0.0,nan,0.0,0.02156,0.04244,18.92414,1.74307,0.22878,0.67962,0.76316,0.86284,0.5737,0.76316
20.16562,58.83699,-6.34293,0.78489,-0.01529,-0.61944,0.99542,0.0,0.0,nan,0.0,0.00669,0.02135,13.3219,1.87759,0.22749,0.36755,0.47516,0.98125,0.5326,0.47516
20.73275,59.00782,-4.93396,0.81648,0.00503,-0.57735,0.99642,0.0,0.0,nan,0.0,0.01117,0.02946,13.63669,1.89208,0.23929,0.51844,0.40474,0.83863,0.52852,0.40474
21.7214,58.96077,-3.67648,0.83042,0.01106,-0.55703,0.99333,0.0,0.0,nan,0.0,0.01459,0.05906,15.06481,1.80192,0.23172,0.64739,0.74471,0.43225,0.55496,0.74471
21.97946,58.18595,5.95036,0.89327,0.01424,0.4493,0.99373,0.0,0.0,nan,0.0,0.00562,0.0255,18.84709,1.80609,0.23004,0.75766,0.93048,0.76142,0.55368,0.93048
21.80025,58.87758,7.44517,0.80311,-0.01584,0.59562,0.98466,0.0,0.0,nan,0.0,0.01421,0.02222,20.554,1.84413,0.22241,0.78225,0.74221,0.89708,0.54226,0.74221
20.68524,58.98384,8.55996,0.67556,-0.00823,0.73726,0.99323,0.0,0.0,nan,0.0,0.01624,0.03049,19.55361,2.04562,0.22879,0.67597,0.76642,0.91668,0.48885,0.76642
20.24783,60.97442,-6.32764,0.77443,0.00826,-0.63261,0.97499,0.0,0.0,nan,0.0,0.00408,0.02429,11.63605,1.85263,0.22856,0.25564,0.45452,0.77035,0.53977,0.45452
21.03886,60.94593,-5.03441,0.81828,-0.02049,-0.57445,0.97379,0.0,0.0,nan,0.0,0.00585,0.03223,11.51008,1.69291,0.24027,0.4044,0.43444,0.52646,0.5907,0.43444
21.89509,61.17963,-3.77237,0.86,0.01948,-0.50992,0.95097,0.0,0.0,nan,0.0,0.01057,0.04576,7.75409,2.13708,0.23911,0.54847,0.48401,0.53001,0.46793,0.48401
21.66623,60.8139,7.46421,0.80461,-0.07044,0.58961,0.98994,0.0,0.0,nan,0.0,0.014,0.02782,20.41679,1.86028,0.22594,0.78069,0.80358,0.85406,0.53755,0.80358
20.7126,61.15731,8.51852,0.68485,-0.11486,0.71958,0.99711,0.0,0.0,nan,0.0,0.01725,0.0327,21.74147,1.91014,0.23939,0.59402,0.70084,0.96957,0.52352,0.70084
20.10798,62.90147,-6.12545,0.74977,0.02933,-0.66105,0.95137,0.0,0.0,nan,0.0,0.01487,0.07406,9.83791,1.80192,0.21976,0.32127,0.3405,0.75222,0.55496,0.3405
20.85384,63.02984,-5.26249,0.81111,0.04144,-0.58342,0.93901,0.0,0.0,nan,0.0,0.01019,0.06682,7.50559,1.94308,0.21833,0.29613,0.4044,0.65239,0.51465,0.4044
21.85596,62.8457,-3.57829,0.89165,0.07072,-0.44717,0.88878,0.0,0.0,nan,0.0,0.01592,0.06506,4.69958,2.0758,0.23351,0.39296,0.52659,0.88776,0.48174,0.52659
21.76882,63.29351,7.45889,0.88825,0.04047,0.45757,0.98705,0.0,0.0,nan,0.0,0.01672,0.03277,23.09066,1.88113,0.22968,0.61459,0.46704,0.90224,0.5316,0.46704
21.13325,62.97775,9.12418,0.70608,-0.05977,0.7056,0.91948,0.0,0.0,nan,0.0,0.01192,0.04204,24.61494,1.837,0.23798,0.47955,0.44981,0.63956,0.54437,0.44981
20.13127,65.12862,-6.17223,0.75874,0.03419,-0.65049,0.95386,0.0,0.0,nan,0.0,0.01194,0.0571,8.60438,1.99989,0.21821,0.39287,0.44921,0.6557,0.50003,0.44921
20.76599,64.99,-5.2466,0.8111,0.02955,-0.58416,0.89257,0.0,0.0,nan,0.0,0.01153,0.04878,6.17803,1.78193,0.22978,0.41382,0.79521,0.88411,0.56119,0.79521
21.78316,64.89496,-3.45032,0.90158,0.0645,-0.42777,0.75753,0.0,0.0,nan,0.0,0.01037,0.06702,3.89825,1.97626,0.23079,0.25993,0.75733,0.92238,0.50601,0.75733
21.85676,65.51838,5.79274,0.93829,-0.01084,0.34568,0.99113,0.0,0.0,nan,0.0,0.00802,0.02146,14.93428,1.9152,0.23175,0.64515,0.60215,0.65668,0.52214,0.60215
21.35667,65.00143,7.01795,0.91501,0.02391,0.40272,0.99034,0.0,0.0,nan,0.0,0.01129,0.02708,18.92439,1.70451,0.22982,0.59394,0.7134,0.77616,0.58668,0.7134
20.79857,65.00594,8.88819,0.75545,-0.01175,0.6551,0.98246,0.0,0.0,nan,0.0,0.01355,0.03946,35.25669,2.37675,0.24674,0.7291,0.81182,0.62059,0.42074,0.81182
20.06967,66.62356,-6.09417,0.75671,0.06454,-0.65056,0.97728,0.0,0.0,nan,0.0,0.00699,0.03639,6.17495,1.88849,0.22588,0.39909,0.8036,0.76936,0.52952,0.8036
20.64207,67.09584,-5.18851,0.80798,0.0709,-0.58493,0.90991,0.0,0.0,nan,0.0,0.00402,0.03966,5.3426,1.9023,0.23449,0.48169,0.94397,0.76207,0.52568,0.94397
21.67008,66.83057,-3.52212,0.89585,0.05171,-0.44134,0.77826,0.0,0.0,nan,0.0,0.01593,0.15713,4.048,2.01307,0.22368,0.59672,0.84442,0.36372,0.49675,0.84442
21.63776,66.75778,7.36595,0.91621,-0.00775,0.40063,0.99721,0.0,0.0,nan,0.0,0.00574,0.01641,18.18242,1.63811,0.23468,0.48514,0.53825,0.8005,0.61046,0.53825
20.81935,66.97469,9.03432,0.77712,-0.02712,0.62876,0.98037,0.0,0.0,nan,0.0,0.01059,0.04037,32.46539,1.65459,0.24664,0.67064,0.75885,0.4274,0.60438,0.75885
20.00292,66.54302,10.01591,0.65115,-0.08509,0.75417,0.97838,0.0,0.0,nan,0.0,0.01324,0.03214,22.65715,2.84207,0.23836,0.50143,0.43041,0.89418,0.35186,0.43041
20.56719,68.99662,-5.03477,0.80119,0.09652,-0.59058,0.95047,0.0,0.0,nan,0.0,0.0062,0.05424,5.17423,1.80192,0.22539,0.4263,0.89698,0.70137,0.55496,0.89698
21.67555,69.15978,-3.1839,0.90082,0.05626,-0.43054,0.88041,0.0,0.0,nan,0.0,0.01178,0.07759,3.20068,1.86143,0.25344,0.45202,0.85501,0.82228,0.53722,0.85501
21.82564,69.49663,5.67746,0.94266,0.12589,0.30909,0.99632,0.0,0.0,nan,0.0,0.00987,0.02367,14.61719,1.65051,0.23551,0.48609,0.54686,0.97525,0.60588,0.54686
21.5556,69.08254,7.07881,0.91616,0.10857,0.38584,0.99313,0.0,0.0,nan,0.0,0.00932,0.02155,16.10893,2.0034,0.23626,0.48631,0.28839,1.0,0.49915,0.28839
20.8162,68.93159,8.89162,0.80134,0.06958,0.59415,0.98994,0.0,0.0,nan,0.0,0.0064,0.01639,19.1088,1.8956,0.2329,0.43156,0.50599,1.0,0.52754,0.50599
20.49491,70.97449,-4.78807,0.79009,0.11133,-0.6028,0.98665,0.0,0.0,nan,0.0,0.00641,0.08,5.07458,1.72508,0.22399,0.46951,0.94063,0.61027,0.57968,0.94063
21.54197,70.95484,-3.20717,0.88011,0.07072,-0.46948,0.94609,0.0,0.0,nan,0.0,0.01006,0.09992,3.64786,1.80198,0.22999,0.56794,0.81003,0.33959,0.55495,0.81003
21.63125,71.09399,5.49422,0.95776,-0.03978,0.28481,0.97389,0.01669,0.08347,0.6,1.0,0.01076,0.02334,17.38749,1.89836,0.23331,0.52915,0.75483,0.98676,0.52677,0.75483
21.45854,71.0195,7.02875,0.94277,-0.08274,0.32301,0.99004,0.0,0.0,nan,0.0,0.00895,0.02107,17.79943,1.88774,0.24814,0.48352,0.44277,0.97711,0.52973,0.44277
20.7643,71.11845,8.85256,0.81399,-0.07989,0.57535,0.98137,0.0,0.0,nan,0.0,0.01058,0.0265,17.91717,1.69939,0.23482,0.5158,0.63709,0.86066,0.58845,0.63709
20.10818,71.54263,10.15926,0.70771,-0.06198,0.70378,0.98515,0.0021,0.01049,0.7,1.0,0.00729,0.01834,18.63537,1.9027,0.23537,0.48905,0.65713,0.89991,0.52557,0.65713
20.4085,73.00027,-4.53409,0.76995,0.09482,-0.63103,0.98216,0.0,0.0,nan,0.0,0.00573,0.10264,5.3659,1.74291,0.21914,0.52981,0.98538,0.58579,0.57375,0.98538
21.45619,73.01583,-3.04688,0.87306,0.06754,-0.48291,0.96183,0.0,0.0,nan,0.0,0.00476,0.08585,4.47879,1.66896,0.2322,0.57166,0.96189,0.43544,0.59918,0.96189
21.95994,73.37421,-1.94587,0.93254,0.04878,-0.35776,0.95396,0.0,0.0,nan,0.0,0.00737,0.06964,2.84049,2.00389,0.23505,0.24012,0.61395,0.75145,0.49903,0.61395
21.76071,72.25545,5.58624,0.96669,-0.11273,0.22977,0.98675,0.00508,0.0254,0.6,1.0,0.00733,0.01772,14.39062,1.80192,0.23585,0.58513,0.69239,0.80471,0.55496,0.69239
21.99298,72.37883,6.98652,0.95241,-0.12409,0.27841,0.98177,0.0,0.0,nan,0.0,0.00746,0.02128,14.88618,3.33021,0.24422,0.53152,0.5724,0.74855,0.30028,0.5724
21.08113,73.05762,8.96723,0.80265,-0.11467,0.58532,0.98745,0.0,0.0,nan,0.0,0.00411,0.01665,15.36796,1.87252,0.24396,0.39144,0.44053,0.71289,0.53404,0.44053
20.40299,74.9646,-4.41352,0.75213,0.05223,-0.65694,0.98127,0.0,0.0,nan,0.0,0.00577,0.0601,5.76333,1.83845,0.24676,0.41817,0.89993,0.59425,0.54394,0.89993
21.375,74.99937,-3.01258,0.87856,0.04202,-0.47578,0.97758,0.0,0.0,nan,0.0,0.00337,0.06187,5.21057,1.68348,0.23775,0.45644,0.96458,0.52702,0.59401,0.96458
21.92598,75.07754,-1.72264,0.94423,0.05105,-0.3253,0.9713,0.0,0.0,nan,0.0,0.00381,0.05896,4.50902,2.0097,0.22108,0.21281,0.58905,0.43872,0.49759,0.58905
21.91619,75.11882,7.62907,0.93712,0.00579,0.34897,0.97718,0.0,0.0,nan,0.0,0.00576,0.03075,10.28427,3.21764,0.23954,0.55932,0.47649,0.39994,0.31079,0.47649
21.22731,74.78151,9.08001,0.82865,-0.09536,0.55159,0.99014,0.0,0.0,nan,0.0,0.00782,0.01988,11.36807,3.52716,0.23937,0.63867,0.74092,0.7243,0.28351,0.74092
20.44254,75.28368,10.56595,0.7566,-0.10048,0.64612,0.96652,0.0,0.0,nan,0.0,0.00745,0.02684,19.24115,3.47744,0.23487,0.72505,0.74019,0.42238,0.28757,0.74019
20.45305,77.03181,-4.41213,0.73069,0.01116,-0.68262,0.97399,0.0,0.0,nan,0.0,0.00619,0.04887,6.28115,1.84613,0.24903,0.44514,0.89917,0.71806,0.54167,0.89917
21.23461,76.92345,-3.12837,0.87302,0.01142,-0.48756,0.97708,0.0,0.0,nan,0.0,0.00366,0.05171,6.41578,1.89691,0.25224,0.54473,0.97084,0.5805,0.52717,0.97084
21.8816,77.08807,-1.56317,0.95367,0.04443,-0.29754,0.97758,0.0,0.0,nan,0.0,0.00807,0.06739,4.82272,1.718,0.23055,0.2994,0.39717,0.56608,0.58207,0.39717
21.93613,77.34142,5.37931,0.99309,0.07241,0.09236,0.98685,0.0,0.0,nan,0.0,0.00879,0.06354,7.48278,1.99751,0.23357,0.40605,0.56039,0.43194,0.50062,0.56039
21.87752,77.09555,7.0933,0.97347,0.07408,0.2165,0.98974,0.0,0.0,nan,0.0,0.00698,0.03407,13.44519,1.63811,0.23897,0.64918,0.62475,0.36229,0.61046,0.62475
21.28491,77.15427,9.23563,0.8808,-0.01748,0.47316,0.97668,0.0,0.0,nan,0.0,0.0093,0.02423,20.62405,1.89843,0.24193,0.79406,0.63809,0.53007,0.52675,0.63809
20.45035,76.89589,10.47785,0.77307,-0.05956,0.63152,0.97927,0.0,0.0,nan,0.0,0.0039,0.01835,22.24922,3.42936,0.24304,0.69474,0.88938,0.60155,0.2916,0.88938
20.46421,78.9773,-4.40477,0.70618,-0.02262,-0.70767,0.9708,0.0,0.0,nan,0.0,0.00835,0.03543,6.40042,1.70619,0.25009,0.45994,0.76549,0.70729,0.5861,0.76549
21.22344,78.98819,-3.15297,0.87923,-0.0488,-0.47389,0.97758,0.0,0.0,nan,0.0,0.01381,0.0425,7.05702,1.63811,0.24852,0.59565,0.56212,0.70009,0.61046,0.56212
21.85303,79.02846,-1.26526,0.9706,-0.02351,-0.23953,0.98157,0.0,0.0,nan,0.0,0.01358,0.07371,3.88815,2.08197,0.22727,0.50059,0.78993,0.63907,0.48031,0.78993
21.98367,79.1095,3.88386,0.99631,-0.04138,0.07521,0.99273,0.0,0.0,nan,0.0,0.01438,0.08224,5.05024,2.03234,0.21549,0.3722,0.45241,0.65604,0.49204,0.45241
21.89037,79.09847,5.04267,0.99509,-0.03456,0.09274,0.98864,0.0,0.0,nan,0.0,0.00616,0.04904,6.60129,1.84227,0.22472,0.31681,0.59252,0.51622,0.54281,0.59252
21.7,78.883,6.99846,0.98284,-0.01332,0.18398,0.98575,0.0,0.0,nan,0.0,0.00152,0.0258,14.58676,1.63811,0.23776,0.53503,0.91658,0.2685,0.61046,0.91658
21.30393,78.75996,8.97418,0.91913,-0.08703,0.38421,0.98785,0.0,0.0,nan,0.0,0.00134,0.01803,22.43523,1.63811,0.22122,0.81508,0.98148,0.38281,0.61046,0.98148
20.599,78.9687,10.80908,0.778,-0.14642,0.61096,0.96183,0.0,0.0,nan,0.0,0.00109,0.01887,22.0197,1.83146,0.23136,0.71847,0.9873,0.36488,0.54601,0.9873
20.61676,81.0149,-4.49814,0.64959,0.06059,-0.75787,0.92725,0.0,0.0,nan,0.0,0.01079,0.06397,8.89404,1.81015,0.24481,0.64832,0.86727,0.51014,0.55244,0.86727
21.502,81.05919,-3.03868,0.86877,-0.03603,-0.49391,0.96413,0.0,0.0,nan,0.0,0.01361,0.05485,7.84331,3.06099,0.23763,0.71346,0.55846,0.43648,0.32669,0.55846
21.90384,80.74006,-1.59193,0.95466,-0.12627,-0.26961,0.98874,0.0,0.0,nan,0.0,0.0163,0.06528,6.00152,1.88649,0.2341,0.67555,0.63886,0.49272,0.53009,0.63886
21.95323,80.32797,5.62437,0.98887,-0.10319,0.10721,0.98635,0.0,0.0,nan,0.0,0.00758,0.05812,6.31068,1.67411,0.2364,0.32482,0.34154,0.52867,0.59733,0.34154
21.84888,80.8651,7.0219,0.9813,-0.1009,0.16392,0.99163,0.0,0.0,nan,0.0,0.01206,0.07206,7.93212,2.03407,0.2364,0.61352,0.68599,0.34159,0.49163,0.68599
21.47007,80.97041,9.11748,0.936,-0.02615,0.35102,0.98296,0.0,0.0,nan,0.0,0.00532,0.10159,12.14405,1.74659,0.24841,0.67656,0.94927,0.24859,0.57254,0.94927
20.60691,81.0218,10.79417,0.76648,0.04706,0.64054,0.96981,0.0,0.0,nan,0.0,0.00683,0.05631,6.01395,1.89834,0.23707,0.59855,0.83788,0.37581,0.52678,0.83788
20.52351,82.67442,-4.36329,0.51242,0.37094,-0.77448,0.8535,0.0,0.0,nan,0.0,0.00755,0.03305,11.9793,3.44949,0.23907,0.40983,0.55284,0.65076,0.2899,0.55284
21.28384,83.31158,-3.30815,0.60732,0.43457,-0.66507,0.83945,0.0,0.0,nan,0.0,0.01209,0.03139,13.09572,2.54372,0.24242,0.49926,0.60662,0.88918,0.39312,0.60662
21.90307,82.52128,7.69627,0.94083,0.07853,0.32967,0.96094,0.0,0.0,nan,0.0,0.00252,0.04518,34.49126,3.51201,0.25568,0.41651,0.91865,0.30769,0.28474,0.91865
21.51321,83.22188,9.1356,0.78585,0.36427,0.49975,0.87971,0.0,0.0,nan,0.0,0.00329,0.03463,30.77874,1.97854,0.22987,0.44846,0.86289,0.35357,0.50542,0.86289
20.51282,82.9586,10.59753,0.64971,0.41647,0.63595,0.89865,0.0,0.0,nan,0.0,0.00223,0.0426,26.10977,1.66508,0.24225,0.26686,0.79299,0.24493,0.60057,0.79299
20.83442,84.25269,-2.37062,0.36644,0.74309,-0.55995,0.86018,0.0,0.0,nan,0.0,0.01146,0.0898,12.0684,3.46061,0.23719,0.69088,0.82325,0.28115,0.28897,0.82325
20.99934,85.03725,-1.11259,0.25226,0.88253,-0.39686,0.84752,0.0,0.0,nan,0.0,0.01208,0.07901,10.1145,1.92828,0.23513,0.60771,0.8073,0.36912,0.5186,0.8073
20.97804,85.42074,0.98847,0.18677,0.9741,-0.12748,0.90802,0.0,0.0,nan,0.0,0.00979,0.14773,9.15609,1.72682,0.23741,0.62029,0.91343,0.27299,0.5791,0.91343
20.98487,85.56723,2.99891,0.15727,0.98748,-0.01193,0.90672,0.0,0.0,nan,0.0,0.00654,0.17588,9.93836,2.19382,0.2382,0.82608,0.98542,0.21915,0.45582,0.98542
21.04593,85.45625,4.99967,0.22293,0.9632,0.15017,0.86446,0.0,0.0,nan,0.0,0.01073,0.10094,8.45309,1.9936,0.23589,0.6153,0.88831,0.38318,0.50161,0.88831
21.07574,84.89005,7.09873,0.37233,0.85678,0.35679,0.81563,0.0,0.0,nan,0.0,0.00934,0.0655,27.95757,1.65566,0.24046,0.63663,0.85456,0.36049,0.60399,0.85456
20.39199,84.41512,8.77276,0.41995,0.80333,0.42227,0.88918,0.0,0.0,nan,0.0,0.00809,0.03803,27.53736,2.00477,0.23853,0.56134,0.71531,0.40657,0.49881,0.71531
20.10043,84.06577,10.08686,0.46682,0.69963,0.54092,0.87872,0.0,0.0,nan,0.0,0.00403,0.03373,22.94948,2.56742,0.23435,0.35809,0.68698,0.36302,0.3895,0.68698
22.03868,4.53222,6.9559,0.97705,-0.18975,-0.09683,0.89895,0.0,0.0,nan,0.0,0.00211,0.02561,23.10629,1.73369,0.2394,0.67214,0.92153,0.29487,0.57681,0.92153
22.01101,9.43388,4.99069,0.99858,-0.02042,0.04921,0.99193,0.0,0.0,nan,0.0,0.01532,0.05044,8.22793,1.66159,0.23867,0.53919,0.70664,0.70003,0.60183,0.70664
22.01775,11.37391,1.84508,0.99622,0.00678,-0.08657,0.99083,0.0,0.0,nan,0.0,0.00252,0.02268,13.36132,2.07821,0.2266,0.51281,0.90813,0.50395,0.48118,0.90813
22.12508,11.08112,3.06778,0.99954,0.02422,-0.01821,0.99771,0.0,0.0,nan,0.0,0.00356,0.02402,12.00449,1.79673,0.23194,0.35624,0.41931,0.48513,0.55657,0.41931
22.06164,10.79475,4.63281,0.99879,0.01966,0.04516,0.99382,0.0,0.0,nan,0.0,0.00509,0.02526,10.86308,1.88345,0.24298,0.43596,0.60334,0.54791,0.53094,0.60334
22.00125,12.16934,3.11889,0.99977,0.01843,-0.01074,0.99831,0.0,0.0,nan,0.0,0.00607,0.02053,14.05847,2.21764,0.22722,0.42959,0.54125,0.78634,0.45093,0.54125
22.01581,13.6011,5.6057,0.98741,-0.03643,0.15396,0.98824,0.0,0.0,nan,0.0,0.00822,0.02423,14.13431,2.05928,0.23771,0.4782,0.47587,0.81006,0.48561,0.47587
22.0485,15.84261,-0.07457,0.95927,-0.09717,-0.26525,0.99492,0.0,0.0,nan,0.0,0.00723,0.0232,14.96333,2.21184,0.23019,0.41359,0.5852,0.85408,0.45211,0.5852
22.2134,15.49374,1.0759,0.97782,-0.1319,-0.1627,0.99592,0.0,0.0,nan,0.0,0.01032,0.03079,14.18039,2.16448,0.22607,0.5049,0.48842,0.75729,0.462,0.48842
22.27697,15.22971,2.97305,0.98684,-0.16123,-0.0126,0.99801,0.0,0.0,nan,0.0,0.01199,0.03774,12.01248,1.63811,0.23321,0.49353,0.41147,0.75091,0.61046,0.41147
22.09369,15.17099,5.0008,0.98596,-0.11298,0.12299,0.99542,0.0,0.0,nan,0.0,0.0061,0.03162,11.5574,2.16878,0.22713,0.33141,0.38116,0.68256,0.46109,0.38116
22.02437,15.93485,6.06182,0.96107,-0.05668,0.27042,0.99233,0.0,0.0,nan,0.0,0.00636,0.02829,10.33289,1.70645,0.22283,0.48928,0.74075,0.54881,0.58601,0.74075
22.03119,16.3188,-0.15218,0.95684,-0.08427,-0.27813,0.99542,0.0,0.0,nan,0.0,0.01035,0.02993,15.48869,2.22129,0.22583,0.45503,0.6678,0.85788,0.45019,0.6678
22.36701,17.02205,1.02387,0.97517,-0.08514,-0.20445,0.99592,0.0,0.0,nan,0.0,0.00846,0.03373,12.53971,1.69364,0.22308,0.4633,0.57254,0.62762,0.59044,0.57254
22.46082,16.96928,2.99947,0.99741,-0.07076,0.01269,0.99083,0.0,0.0,nan,0.0,0.01791,0.07118,9.34072,1.87694,0.23199,0.53,0.61576,0.5765,0.53278,0.61576
22.25998,16.9502,4.943,0.9854,-0.00312,0.17025,0.99113,0.0,0.0,nan,0.0,0.00604,0.06404,10.38175,1.80192,0.2359,0.73317,0.93245,0.36869,0.55496,0.93245
22.00858,16.89714,6.10945,0.95665,-0.00041,0.29124,0.98794,0.0,0.0,nan,0.0,0.01,0.06104,9.55801,1.79869,0.23502,0.73038,0.86421,0.42732,0.55596,0.86421
22.09048,19.29795,-0.25496,0.95727,0.06391,-0.28203,0.99183,0.0,0.0,nan,0.0,0.0146,0.06389,15.40646,1.74251,0.23409,0.50072,0.74351,0.51553,0.57388,0.74351
22.38697,19.03693,0.95117,0.97952,0.07337,-0.18749,0.98047,0.0,0.0,nan,0.0,0.0206,0.06154,13.35461,1.71193,0.23699,0.64476,0.50444,0.59693,0.58413,0.50444
22.52819,19.10692,3.03448,0.9819,0.14317,0.12398,0.98535,0.0,0.0,nan,0.0,0.00535,0.02685,14.96948,2.00088,0.23617,0.52083,0.4264,0.43383,0.49978,0.4264
22.22531,18.72455,4.92354,0.96787,0.17018,0.18508,0.99482,0.0,0.0,nan,0.0,0.00382,0.01682,10.90941,1.70238,0.23804,0.54037,0.41589,0.49767,0.58741,0.41589
22.02046,18.57211,6.03063,0.95539,0.15339,0.25237,0.98137,0.0,0.0,nan,0.0,0.00435,0.01688,11.97039,3.34966,0.24295,0.59826,0.49053,0.50322,0.29854,0.49053
22.06734,20.12639,-0.16716,0.95864,0.13625,-0.24989,0.99452,0.0,0.0,nan,0.0,0.00496,0.02903,15.94202,1.6813,0.2305,0.3957,0.45133,0.48566,0.59478,0.45133
22.21688,20.61794,1.22818,0.97901,0.1642,-0.12078,0.98545,0.0,0.0,nan,0.0,0.01254,0.03929,21.19782,2.09653,0.23224,0.62917,0.69462,0.55502,0.47698,0.69462
22.32886,20.88283,2.60045,0.98969,0.1215,0.07578,0.97698,0.0,0.0,nan,0.0,0.01331,0.03625,21.75256,1.63811,0.2401,0.51451,0.58861,0.77943,0.61046,0.58861
22.19749,23.57789,1.29464,0.97689,-0.14719,-0.15499,0.98934,0.0,0.0,nan,0.0,0.01232,0.03414,22.23102,1.9589,0.23017,0.48741,0.63609,0.80679,0.51049,0.63609
22.11856,23.48954,2.76175,0.98896,-0.14691,0.01925,0.99313,0.0,0.0,nan,0.0,0.00986,0.03067,20.10845,1.67309,0.22954,0.39934,0.517,0.88546,0.5977,0.517
22.15656,23.68564,4.61529,0.98178,-0.13777,0.13084,0.99392,0.0,0.0,nan,0.0,0.01319,0.0411,18.151,1.70466,0.23289,0.37233,0.4211,0.95688,0.58663,0.4211
22.04107,25.11827,-0.49763,0.96516,-0.12693,-0.2288,0.98486,0.00032,0.00161,0.7,1.0,0.01116,0.03136,20.23454,2.5279,0.22921,0.57039,0.69754,0.68522,0.39559,0.69754
22.49197,24.92298,0.96638,0.98656,-0.06714,-0.14893,0.97519,0.0,0.0,nan,0.0,0.01188,0.0367,22.49232,1.71796,0.24323,0.55719,0.71077,0.6326,0.58209,0.71077
22.40156,24.98265,3.07185,0.99751,-0.06449,0.02861,0.99283,0.0,0.0,nan,0.0,0.01444,0.04015,22.78077,1.73859,0.2415,0.56441,0.594,0.69308,0.57518,0.594
22.1405,25.04611,4.78032,0.98125,-0.08303,0.17393,0.99233,0.0,0.0,nan,0.0,0.01153,0.03678,18.19154,1.66405,0.22892,0.36542,0.36891,0.95205,0.60095,0.36891
22.02781,27.93148,-2.20079,0.9699,0.03858,-0.24043,0.97858,0.0,0.0,nan,0.0,0.01027,0.03628,17.33362,1.68235,0.24328,0.54194,0.41212,0.58229,0.59441,0.41212
22.04463,27.62076,-0.68974,0.99636,0.00921,-0.08472,0.99492,0.0,0.0,nan,0.0,0.00889,0.0336,22.08021,1.63811,0.24332,0.58945,0.60093,0.48949,0.61046,0.60093
22.08928,27.41568,1.51419,0.99496,0.01908,-0.0984,0.99602,0.0,0.0,nan,0.0,0.01032,0.02774,25.22936,1.82273,0.22752,0.50531,0.49638,0.79451,0.54863,0.49638
22.132,27.04967,2.98478,0.99804,-0.00839,-0.06208,0.99781,0.0,0.0,nan,0.0,0.00794,0.03046,23.3562,1.80192,0.23755,0.44965,0.39344,0.62976,0.55496,0.39344
22.32822,27.00236,4.95672,0.97977,-0.08236,0.1824,0.98775,0.0,0.0,nan,0.0,0.01141,0.04497,17.91647,1.74733,0.22389,0.34736,0.40023,0.81191,0.5723,0.40023
22.04572,27.54408,6.02056,0.93883,-0.08853,0.33281,0.99054,0.0,0.0,nan,0.0,0.01044,0.03548,17.0108,1.88514,0.23076,0.43777,0.64672,0.7512,0.53046,0.64672
22.08738,28.40612,-2.27325,0.96486,0.06169,-0.2554,0.97369,0.017,0.08502,0.7,1.0,0.00661,0.03205,18.62227,1.80192,0.24123,0.49533,0.63727,0.4608,0.55496,0.63727
22.0928,28.81895,-0.96357,0.98991,-0.00398,-0.14161,0.98785,0.00346,0.01729,0.7,1.0,0.00733,0.03217,22.84974,1.83528,0.2399,0.42298,0.38471,0.58578,0.54487,0.38471
22.11165,28.97661,0.93134,0.99194,-0.06341,-0.10974,0.99851,0.0,0.0,nan,0.0,0.01465,0.03801,25.16552,1.63811,0.23327,0.51509,0.4375,0.80784,0.61046,0.4375
22.55386,29.08221,2.85303,0.99688,-0.0286,-0.07359,0.98705,0.0,0.0,nan,0.0,0.01167,0.02969,25.27999,1.63918,0.23659,0.52471,0.40928,0.80805,0.61006,0.40928
22.42783,29.02769,5.06405,0.98251,0.04241,0.18134,0.97609,0.0,0.0,nan,0.0,0.01562,0.04702,23.14271,1.75082,0.24297,0.65057,0.62995,0.55453,0.57116,0.62995
22.18133,28.97714,6.29984,0.92757,0.05047,0.37023,0.97439,0.0,0.0,nan,0.0,0.0077,0.02709,17.75464,1.80192,0.2426,0.52771,0.64193,0.59892,0.55496,0.64193
22.05613,31.79924,-2.12324,0.9564,-0.0797,-0.28097,0.99103,0.0,0.0,nan,0.0,0.0109,0.03168,22.8456,1.73663,0.23277,0.48995,0.42254,0.76331,0.57583,0.42254
22.33192,31.48177,-0.88422,0.97742,-0.06549,-0.2009,0.99014,0.0,0.0,nan,0.0,0.01067,0.02974,25.5051,1.75796,0.23416,0.42425,0.40336,0.91189,0.56884,0.40336
22.54812,31.10656,1.00749,0.99154,-0.0894,-0.09409,0.99253,0.0,0.0,nan,0.0,0.00799,0.02642,26.34478,1.63811,0.23281,0.33906,0.49411,0.95943,0.61046,0.49411
22.6724,31.14438,3.00608,0.99756,-0.00488,0.06967,0.98555,0.0,0.0,nan,0.0,0.01555,0.03118,29.38339,1.71239,0.23513,0.59257,0.63889,0.89878,0.58398,0.63889
22.20012,30.36938,4.78271,0.98001,0.10297,0.17021,0.99283,0.0,0.0,nan,0.0,0.00643,0.03307,27.75764,1.84065,0.24075,0.69227,0.87624,0.50497,0.54329,0.87624
22.09897,30.1717,6.11683,0.93585,0.1051,0.33635,0.99323,0.0,0.0,nan,0.0,0.00528,0.01856,19.02152,2.03392,0.23395,0.49038,0.46964,0.6412,0.49166,0.46964
22.07815,32.51849,-2.1967,0.9581,-0.09486,-0.27028,0.99193,0.0,0.0,nan,0.0,0.01116,0.02958,22.2636,1.69353,0.23735,0.43952,0.34324,0.93544,0.59048,0.34324
22.14146,32.81005,-0.76385,0.97255,-0.08914,-0.21492,0.99891,0.0,0.0,nan,0.0,0.00865,0.02475,23.33952,1.80793,0.22782,0.4174,0.43491,0.90963,0.55312,0.43491
22.23132,32.93964,0.92107,0.9916,-0.09891,-0.08331,0.99582,0.0,0.0,nan,0.0,0.00892,0.02956,24.17024,1.63811,0.23784,0.38066,0.39881,0.85877,0.61046,0.39881
22.58381,33.02046,3.02239,0.98882,-0.10664,0.10424,0.99363,0.0,0.0,nan,0.0,0.00954,0.02767,26.99918,1.88387,0.23282,0.41022,0.40911,0.90279,0.53082,0.40911
22.11297,33.25493,5.26039,0.96798,-0.14578,0.20435,0.99811,0.0,0.0,nan,0.0,0.00795,0.02485,19.67834,2.55541,0.22997,0.46862,0.59495,0.75181,0.39133,0.59495
22.10308,33.50414,6.25229,0.95101,-0.14287,0.27417,0.99153,0.0,0.0,nan,0.0,0.00644,0.02947,16.89277,1.7784,0.22931,0.38903,0.53427,0.6279,0.5623,0.53427
22.12285,35.52605,-2.38709,0.95759,-0.10505,-0.26831,0.99542,0.0,0.0,nan,0.0,0.00681,0.02915,12.3539,2.3494,0.22593,0.57686,0.49991,0.47094,0.42564,0.49991
22.33607,34.94481,-0.98487,0.96788,-0.11414,-0.22399,0.99662,0.0,0.0,nan,0.0,0.00732,0.02816,15.96788,2.39472,0.23422,0.54065,0.40984,0.54072,0.41759,0.40984
22.85824,34.94518,0.97385,0.99028,-0.09995,-0.09673,0.98665,0.0,0.0,nan,0.0,0.00998,0.04673,16.64311,1.83917,0.24239,0.53326,0.55703,0.44858,0.54372,0.55703
22.81291,34.96528,3.02562,0.99182,-0.09973,0.07963,0.99363,0.0,0.0,nan,0.0,0.0066,0.02861,18.68111,1.63811,0.23369,0.5513,0.4313,0.46333,0.61046,0.4313
22.63007,34.98778,4.92301,0.97714,-0.07226,0.19995,0.97997,0.0,0.0,nan,0.0,0.00618,0.02837,16.8448,1.93942,0.22299,0.57345,0.66236,0.42518,0.51562,0.66236
22.22729,35.06658,6.42627,0.9322,-0.01663,0.36157,0.97638,0.0,0.0,nan,0.0,0.00581,0.04206,16.04536,1.88202,0.23459,0.37082,0.73892,0.4193,0.53134,0.73892
22.19158,36.99543,-2.6054,0.947,-0.06283,-0.31504,0.99662,0.0,0.0,nan,0.0,0.00673,0.02761,10.6858,1.91697,0.2235,0.649,0.72713,0.44584,0.52166,0.72713
22.57808,36.99249,-0.9736,0.97473,-0.07105,-0.21178,0.99721,0.0,0.0,nan,0.0,0.00936,0.04474,8.64792,2.03608,0.22761,0.54481,0.55622,0.47278,0.49114,0.55622
22.8196,37.01229,1.00168,0.99982,-0.00507,-0.01806,0.99153,0.0,0.0,nan,0.0,0.00435,0.04538,7.73278,2.14972,0.22399,0.28147,0.54104,0.42911,0.46518,0.54104
22.7344,37.03908,3.03118,0.9903,0.08278,0.11162,0.99452,0.0,0.0,nan,0.0,0.00382,0.02551,13.17305,2.00197,0.22579,0.36025,0.73359,0.47902,0.49951,0.73359
22.57843,37.11016,4.98419,0.95738,0.12956,0.25814,0.98565,0.0,0.0,nan,0.0,0.00733,0.03085,14.74866,1.70194,0.24067,0.48856,0.77421,0.59898,0.58757,0.77421
22.2226,36.52979,6.35612,0.90121,0.13004,0.41341,0.98316,0.0,0.0,nan,0.0,0.00674,0.02706,13.59489,1.80192,0.22964,0.50162,0.45821,0.56926,0.55496,0.45821
22.23934,39.16847,-2.62923,0.93789,-0.0928,-0.3343,0.99313,0.0,0.0,nan,0.0,0.00609,0.03565,11.99269,1.85504,0.23763,0.68664,0.89334,0.53625,0.53907,0.89334
22.77534,38.89653,-1.04923,0.98106,-0.05706,-0.18508,0.98994,0.0,0.0,nan,0.0,0.00846,0.0702,9.84712,1.90345,0.23175,0.65037,0.91122,0.4604,0.52536,0.91122
22.9348,38.98764,1.04246,0.99872,-0.00265,0.05051,0.98775,0.0,0.0,nan,0.0,0.00653,0.02879,15.59685,1.89429,0.24298,0.59347,0.64932,0.43145,0.5279,0.64932
22.25864,38.9832,2.93414,0.98691,-0.0174,0.16036,0.98386,0.0,0.0,nan,0.0,0.00598,0.0229,19.11112,1.99997,0.23666,0.51488,0.82095,0.72438,0.50001,0.82095
22.33883,38.9069,4.76819,0.9685,-0.01161,0.24872,0.99502,0.0,0.0,nan,0.0,0.00517,0.0217,19.70028,1.87793,0.23887,0.43619,0.8723,0.98916,0.5325,0.8723
22.05961,41.22222,-4.10415,0.9128,-0.01429,-0.40816,0.98725,0.0,0.0,nan,0.0,0.01022,0.0446,17.94943,3.34051,0.22624,0.65481,0.80337,0.46901,0.29936,0.80337
22.47882,41.0603,-3.00879,0.94943,-0.00197,-0.31399,0.98655,0.0,0.0,nan,0.0,0.01484,0.0541,14.22229,1.80192,0.2338,0.59666,0.67309,0.52437,0.55496,0.67309
22.89303,41.13697,-0.96647,0.99312,0.04503,-0.10806,0.99642,0.0,0.0,nan,0.0,0.00493,0.02036,13.66107,1.63811,0.24061,0.44108,0.39209,0.62995,0.61046,0.39209
22.84158,41.15683,0.99189,0.99919,-0.03175,-0.0249,0.99632,0.0,0.0,nan,0.0,0.00715,0.01797,15.60449,1.72988,0.2392,0.63558,0.57455,0.70592,0.57807,0.57455
22.8256,40.8953,2.98443,0.98817,-0.13605,0.07072,0.99243,0.00492,0.0246,0.7,1.0,0.00881,0.02414,17.0334,1.88446,0.23672,0.52939,0.67442,0.77062,0.53066,0.67442
22.63653,40.97102,5.06192,0.95168,-0.13919,0.27374,0.98286,0.0,0.0,nan,0.0,0.00833,0.02364,19.27777,1.73237,0.23381,0.44401,0.76337,0.91477,0.57725,0.76337
22.15582,41.12404,6.472,0.91433,-0.06093,0.40036,0.98226,0.00154,0.0077,0.7,1.0,0.01127,0.02486,19.45551,1.63811,0.24882,0.50115,0.45688,0.99759,0.61046,0.45688
22.01886,42.06566,-4.03873,0.92025,0.05344,-0.38768,0.99323,0.0,0.0,nan,0.0,0.01577,0.0613,19.77907,1.80802,0.23964,0.54622,0.59319,0.51876,0.55309,0.59319
22.1916,42.84211,-2.71856,0.95766,0.01565,-0.28749,0.99103,0.0,0.0,nan,0.0,0.01324,0.0417,21.96437,1.80449,0.23819,0.47313,0.55302,0.73217,0.55417,0.55302
22.54306,42.97096,-1.05735,0.98644,-0.05199,-0.15565,0.99293,0.0,0.0,nan,0.0,0.00743,0.02319,19.73763,1.67158,0.23287,0.38816,0.4079,0.90903,0.59824,0.4079
22.73953,43.03736,1.0092,0.98152,-0.11261,-0.15474,0.99004,0.0,0.0,nan,0.0,0.01017,0.0282,15.41069,2.0477,0.24171,0.54624,0.31004,0.74551,0.48835,0.31004
23.34395,42.94688,2.97081,0.99385,-0.10466,0.03619,0.96482,0.0,0.0,nan,0.0,0.03273,0.08549,15.3615,1.74283,0.2342,0.72693,0.67863,0.59525,0.57378,0.67863
22.61606,42.99591,4.99617,0.92898,-0.01307,0.36989,0.99791,0.01217,0.06087,0.7,1.0,0.02122,0.04445,20.78943,1.66672,0.23522,0.58011,0.57508,0.90209,0.59998,0.57508
22.09037,42.38887,6.21743,0.89493,0.00207,0.4462,0.99343,0.0,0.0,nan,0.0,0.01455,0.033,25.4388,1.99197,0.22797,0.57509,0.56626,0.8268,0.50202,0.56626
22.04858,45.91407,-4.01237,0.8834,-0.07034,-0.4633,0.99392,0.0,0.0,nan,0.0,0.00839,0.03077,19.69342,1.88319,0.23172,0.44611,0.60457,0.67342,0.53102,0.60457
22.63885,45.0647,-2.93784,0.9205,-0.13309,-0.36737,0.98824,0.0,0.0,nan,0.0,0.00889,0.03153,21.16368,1.80192,0.24146,0.4445,0.33677,0.69395,0.55496,0.33677
22.89982,44.96813,-1.03315,0.97009,-0.15787,-0.18439,0.99113,0.0,0.0,nan,0.0,0.00817,0.03807,21.55757,1.63811,0.24501,0.38316,0.51884,0.61232,0.61046,0.51884
23.27036,44.94887,0.98404,0.99408,-0.07771,-0.07597,0.99402,0.0,0.0,nan,0.0,0.0073,0.03326,19.78754,1.65648,0.2447,0.57492,0.52022,0.42056,0.60369,0.52022
23.41579,45.02613,2.98495,0.99141,0.02039,0.12923,0.97549,0.0,0.0,nan,0.0,0.00845,0.03196,18.6562,1.82653,0.23301,0.4083,0.61705,0.71695,0.54749,0.61705
22.61456,45.05856,4.95478,0.93192,-0.02089,0.36206,0.99572,0.0,0.0,nan,0.0,0.01392,0.03524,19.07868,1.72651,0.23258,0.51445,0.4941,0.84792,0.5792,0.4941
22.25375,45.25359,6.39783,0.88063,-0.06388,0.46947,0.99422,0.0,0.0,nan,0.0,0.01381,0.03873,20.26008,1.70641,0.22727,0.48399,0.58653,0.8091,0.58602,0.58653
22.09287,47.19904,-4.18439,0.88147,0.05039,-0.46955,0.99741,0.0,0.0,nan,0.0,0.01044,0.02832,14.51611,1.96072,0.23858,0.50012,0.45063,0.83891,0.51002,0.45063
22.67982,47.15981,-3.05533,0.92191,0.04927,-0.38425,0.98545,0.0,0.0,nan,0.0,0.00252,0.02557,23.50573,2.82588,0.23716,0.59961,0.88432,0.31338,0.35387,0.88432
23.07494,47.08961,-0.94049,0.9874,0.04364,-0.15212,0.99572,0.0,0.0,nan,0.0,0.00482,0.02144,23.8903,2.07049,0.23701,0.33179,0.55131,0.73396,0.48298,0.55131
23.06566,46.73594,0.99272,0.99853,0.05416,0.00043,0.99871,0.0,0.0,nan,0.0,0.0085,0.02452,21.60666,2.00853,0.23207,0.42911,0.46244,0.88231,0.49788,0.46244
22.87403,47.01128,2.97387,0.99307,0.03209,0.11306,0.99781,0.0,0.0,nan,0.0,0.01044,0.02674,18.94548,1.86104,0.23927,0.51893,0.73622,0.83153,0.53734,0.73622
22.74766,46.97052,4.94824,0.95822,0.00124,0.28603,0.99382,0.0,0.0,nan,0.0,0.01114,0.02826,18.99583,1.76648,0.23814,0.51523,0.64884,0.84602,0.5661,0.64884
22.21707,46.9889,6.41668,0.88474,-0.00653,0.46603,0.99123,0.0,0.0,nan,0.0,0.01451,0.0348,20.24781,1.69955,0.22936,0.51611,0.42572,0.88786,0.58839,0.42572
22.40977,49.11287,-2.60389,0.93192,0.02279,-0.36195,0.99562,0.0,0.0,nan,0.0,0.00325,0.02663,27.21312,2.04881,0.23341,0.71937,0.91145,0.37682,0.48809,0.91145
23.10069,48.96763,-0.98551,0.97882,-0.00811,-0.20454,0.98984,0.00018,0.00089,0.7,1.0,0.00401,0.02022,24.13808,2.09748,0.22925,0.54121,0.86844,0.63957,0.47676,0.86844
23.12405,49.02307,0.98078,0.9968,-0.07519,-0.02725,0.99313,0.0,0.0,nan,0.0,0.00841,0.02212,24.32552,1.99815,0.22972,0.45317,0.56001,0.9079,0.50046,0.56001
23.02659,48.98979,2.98786,0.99326,-0.08927,0.07388,0.99662,0.0,0.0,nan,0.0,0.01625,0.04381,17.10919,2.45291,0.23083,0.47231,0.26107,0.87737,0.40768,0.26107
22.80504,49.08458,5.15475,0.93638,-0.03891,0.34883,0.99303,0.0,0.0,nan,0.0,0.00689,0.0262,17.82904,1.99797,0.23177,0.49442,0.75918,0.60959,0.50051,0.75918
22.29478,48.42392,6.38008,0.87015,0.0178,0.49247,0.98934,0.0,0.0,nan,0.0,0.01088,0.03117,19.3118,1.70665,0.22515,0.4648,0.5153,0.82867,0.58594,0.5153
22.1587,51.64575,-4.42978,0.87944,-0.11233,-0.46257,0.98256,0.0,0.0,nan,0.0,0.00966,0.02435,15.19584,1.82456,0.24001,0.48893,0.36103,0.91858,0.54808,0.36103
22.45473,51.14185,-2.75213,0.91776,-0.12021,-0.37851,0.99791,0.0,0.0,nan,0.0,0.00454,0.02775,22.70283,1.89606,0.24743,0.63655,0.9019,0.5445,0.52741,0.9019
23.21383,50.78674,-1.0689,0.96881,-0.08726,-0.23192,0.99004,0.0,0.0,nan,0.0,0.00717,0.02774,21.10256,2.07212,0.23592,0.62868,0.68489,0.44996,0.4826,0.68489
23.53008,50.96222,0.99207,0.9987,-0.04724,-0.01906,0.98665,0.0,0.0,nan,0.0,0.01227,0.03452,17.92596,3.41271,0.23581,0.57245,0.39795,0.69005,0.29302,0.39795
23.52033,50.97934,3.01949,0.99182,0.03512,0.12272,0.98187,0.0,0.0,nan,0.0,0.01803,0.04031,17.53669,1.85082,0.24261,0.53859,0.46333,0.92497,0.5403,0.46333
22.83049,50.99763,5.07048,0.92367,0.05415,0.37934,0.98486,0.0,0.0,nan,0.0,0.01514,0.04553,16.64295,1.80192,0.24134,0.5013,0.52057,0.74325,0.55496,0.52057
22.1517,51.08616,6.2823,0.85322,0.03388,0.52045,0.99642,0.0,0.0,nan,0.0,0.00902,0.03288,19.01385,1.70621,0.23092,0.39986,0.67315,0.75854,0.58609,0.67315
22.25534,52.9622,-4.52366,0.8845,-0.00892,-0.46646,0.95645,0.0,0.0,nan,0.0,0.00835,0.02975,16.51473,2.02162,0.23225,0.40452,0.58405,0.77764,0.49465,0.58405
22.59853,53.01741,-2.96763,0.94931,0.05203,-0.31,0.99034,0.0,0.0,nan,0.0,0.01011,0.03107,16.17224,1.89301,0.23637,0.49255,0.51968,0.74228,0.52826,0.51968
23.35264,53.19424,-1.09995,0.96958,0.12076,-0.21289,0.97449,0.0,0.0,nan,0.0,0.01744,0.04031,16.05225,1.91576,0.24118,0.54488,0.49118,0.89283,0.52199,0.49118
23.40918,53.02127,1.00731,0.99293,0.10979,0.04511,0.99233,0.0,0.0,nan,0.0,0.01383,0.03747,19.8836,1.66756,0.25367,0.52401,0.67511,0.77517,0.59968,0.67511
22.65087,52.85345,3.03379,0.97194,0.13785,0.1906,0.99064,0.0,0.0,nan,0.0,0.01285,0.03224,19.57306,1.86119,0.23845,0.47051,0.54824,0.93408,0.53729,0.54824
22.34976,52.95064,5.01076,0.94797,0.07747,0.3088,0.99462,0.0,0.0,nan,0.0,0.01208,0.03466,19.74762,1.77965,0.23142,0.42243,0.71508,0.9085,0.56191,0.71508
22.14475,52.8623,6.19364,0.89999,0.02141,0.43539,0.99083,0.0,0.0,nan,0.0,0.00997,0.03595,16.85217,1.85635,0.22516,0.33787,0.4758,0.91819,0.53869,0.4758
22.15085,54.826,-4.29074,0.89578,0.12526,-0.42648,0.97429,0.0,0.0,nan,0.0,0.00527,0.03122,22.12654,1.91049,0.23113,0.38762,0.37571,0.47523,0.52343,0.37571
22.11355,54.88175,-3.04681,0.94741,0.09704,-0.30496,0.98884,0.01069,0.05344,0.7,1.0,0.00871,0.02866,22.35119,1.85346,0.23601,0.46692,0.55647,0.70921,0.53953,0.55647
22.63743,55.03738,-0.99243,0.96882,0.03834,-0.24479,0.98515,0.0054,0.02699,0.7,1.0,0.0123,0.03368,22.01854,1.83282,0.23792,0.43396,0.46493,0.91826,0.54561,0.46493
23.23461,55.09763,0.99913,0.99733,-0.06696,-0.02904,0.98486,0.00421,0.02107,0.7,1.0,0.01157,0.02885,19.95103,1.86406,0.24097,0.51243,0.66007,0.86093,0.53646,0.66007
22.97251,54.91093,3.03965,0.98242,-0.09754,0.15916,0.99353,0.0,0.0,nan,0.0,0.00883,0.03007,19.98112,1.84854,0.24111,0.51145,0.81615,0.80105,0.54097,0.81615
22.55062,54.97478,4.96217,0.96188,-0.10509,0.25249,0.99532,0.0,0.0,nan,0.0,0.00936,0.03817,17.06228,1.70335,0.23489,0.38188,0.67196,0.71768,0.58708,0.67196
22.26818,55.21634,6.51006,0.88966,-0.08667,0.44832,0.97748,0.0,0.0,nan,0.0,0.0178,0.05252,16.81788,2.0547,0.22787,0.49646,0.59966,0.76408,0.48669,0.59966
22.03567,56.23125,-4.05782,0.89088,0.07036,-0.44877,0.98346,0.0,0.0,nan,0.0,0.00493,0.02492,21.40616,1.9397,0.22385,0.47864,0.53225,0.4523,0.51554,0.53225
22.5336,56.95071,-3.00869,0.92039,-0.02513,-0.3902,0.98834,0.0,0.0,nan,0.0,0.009,0.02456,18.09796,1.70426,0.24522,0.51763,0.41241,0.78612,0.58676,0.41241
23.1513,56.75102,-1.10639,0.95372,-0.1132,-0.27859,0.99392,0.0,0.0,nan,0.0,0.00533,0.02484,15.26307,2.23168,0.23253,0.40467,0.29913,0.59908,0.44809,0.29913
23.54051,56.85076,0.9633,0.99361,-0.08584,-0.07334,0.97559,0.0,0.0,nan,0.0,0.00886,0.03003,15.82616,1.72723,0.24219,0.64123,0.75166,0.52123,0.57896,0.75166
23.40402,56.82971,2.97777,0.98523,-0.08003,0.15137,0.98625,0.0,0.0,nan,0.0,0.00935,0.04865,19.16607,2.66593,0.2288,0.71029,0.88143,0.5157,0.3751,0.88143
22.86896,57.02443,5.11532,0.94703,-0.0393,0.31872,0.99193,0.0,0.0,nan,0.0,0.00347,0.04204,18.90744,1.71057,0.23293,0.76885,0.98912,0.5057,0.5846,0.98912
22.30764,56.96314,6.47486,0.88218,-0.03183,0.46984,0.98944,0.0,0.0,nan,0.0,0.01073,0.03845,19.45856,1.90586,0.21997,0.78483,0.88744,0.69958,0.5247,0.88744
22.52188,58.9868,-2.82295,0.88892,0.00478,-0.45803,0.98187,0.0,0.0,nan,0.0,0.00508,0.04293,12.49189,2.69277,0.24329,0.55105,0.79582,0.29203,0.37137,0.79582
23.17194,59.06131,-0.97578,0.97074,0.0366,-0.23732,0.9726,0.0,0.0,nan,0.0,0.0066,0.09452,9.75478,1.69175,0.23791,0.68538,0.95323,0.35122,0.5911,0.95323
23.38907,59.10685,0.95044,0.99624,0.07968,-0.03409,0.97967,0.0,0.0,nan,0.0,0.01447,0.06108,7.61168,1.74614,0.23327,0.46892,0.58045,0.63793,0.57269,0.58045
23.11811,59.054,3.0324,0.98819,0.03659,0.14883,0.98386,0.0,0.0,nan,0.0,0.00238,0.03557,13.60404,1.67401,0.22494,0.73057,0.96153,0.32567,0.59737,0.96153
22.60839,58.89856,4.98828,0.94483,0.00498,0.32754,0.99542,0.0,0.0,nan,0.0,0.00743,0.0241,18.58632,1.63811,0.2225,0.81685,0.83589,0.57625,0.61046,0.83589
22.32401,59.25828,6.50244,0.88101,-0.02545,0.47242,0.98944,0.0,0.0,nan,0.0,0.01104,0.02285,20.25891,1.9155,0.21471,0.80504,0.81505,0.8322,0.52206,0.81505
22.43012,60.80621,-2.91096,0.89977,0.05524,-0.43285,0.9706,0.0,0.0,nan,0.0,0.0092,0.03658,7.55575,2.01297,0.22641,0.46761,0.39294,0.67998,0.49678,0.39294
22.95508,61.0377,-0.95973,0.97293,0.09274,-0.21168,0.97668,0.0,0.0,nan,0.0,0.01566,0.07512,5.56372,1.77558,0.22813,0.30584,0.4279,0.92673,0.5632,0.4279
23.20881,60.99572,1.01337,0.99525,0.08785,-0.04185,0.97937,0.0,0.0,nan,0.0,0.01809,0.07687,6.10261,1.72454,0.22483,0.39325,0.44535,0.79475,0.57987,0.44535
23.13414,60.93965,3.00362,0.99249,0.0641,0.10417,0.97937,0.0,0.0,nan,0.0,0.00697,0.0515,12.86943,1.63811,0.2374,0.7449,0.92275,0.46907,0.61046,0.92275
22.905,61.042,5.07069,0.96133,0.01455,0.27501,0.99014,0.0,0.0,nan,0.0,0.00725,0.03648,17.54525,1.71968,0.23279,0.77696,0.94191,0.7388,0.5815,0.94191
22.18851,61.13565,6.52657,0.89096,-0.02551,0.45336,0.99253,0.0,0.0,nan,0.0,0.00986,0.02836,19.38549,2.00145,0.22537,0.70813,0.85815,0.82801,0.49964,0.85815
22.26654,63.12256,-2.70066,0.9303,0.08807,-0.35608,0.83815,0.0,0.0,nan,0.0,0.0124,0.06877,5.01782,1.63811,0.22741,0.27428,0.41479,0.91928,0.61046,0.41479
22.75315,62.97404,-0.96343,0.97378,0.09272,-0.20775,0.90782,0.0,0.0,nan,0.0,0.00914,0.05278,4.86342,1.70614,0.22273,0.26383,0.41838,0.92638,0.58612,0.41838
22.96245,63.13725,1.08452,0.99672,0.06049,-0.05382,0.96492,0.0,0.0,nan,0.0,0.00278,0.05069,8.12052,1.83448,0.21829,0.66386,0.95625,0.30284,0.54511,0.95625
22.99347,63.12336,3.01273,0.99488,0.05432,0.08526,0.98246,0.0,0.0,nan,0.0,0.00386,0.04369,12.68909,1.63811,0.21489,0.84387,0.9787,0.45237,0.61046,0.9787
22.52332,63.01779,4.96469,0.95993,0.08589,0.26674,0.99671,0.0,0.0,nan,0.0,0.00921,0.03676,16.28917,1.86544,0.22145,0.70992,0.90687,0.79577,0.53607,0.90687
22.22997,62.84274,6.58873,0.91872,0.07066,0.38853,0.99253,0.0,0.0,nan,0.0,0.00966,0.02589,19.40534,1.90309,0.22823,0.66226,0.84293,0.88425,0.52546,0.84293
22.2122,64.36869,-2.46539,0.94026,0.08306,-0.33018,0.78573,0.0,0.0,nan,0.0,0.00976,0.06295,4.3527,1.85396,0.23134,0.26641,0.74036,0.84907,0.53939,0.74036
22.62228,64.86129,-0.88646,0.97752,0.0628,-0.20126,0.82809,0.0,0.0,nan,0.0,0.00891,0.05524,4.21294,1.81782,0.2348,0.2754,0.44773,0.86397,0.55011,0.44773
22.90507,65.02236,0.98705,0.99581,0.03393,-0.08489,0.94031,0.0,0.0,nan,0.0,0.00327,0.06227,6.12994,1.6929,0.23028,0.63417,0.93708,0.2735,0.5907,0.93708
23.01936,64.94733,3.00647,0.99536,0.0257,0.0927,0.97917,0.0,0.0,nan,0.0,0.00316,0.03878,11.23873,1.88161,0.22366,0.74346,0.97676,0.47122,0.53146,0.97676
22.56956,65.12984,5.06264,0.94595,0.01666,0.32389,0.98874,0.0,0.0,nan,0.0,0.01158,0.02705,14.44176,1.85979,0.23061,0.73415,0.58846,0.66394,0.5377,0.58846
22.14702,64.66531,6.32654,0.93387,0.04646,0.35458,0.99442,0.0,0.0,nan,0.0,0.00775,0.01825,18.35969,1.91387,0.22664,0.61582,0.5222,0.76415,0.5225,0.5222
22.10968,67.50846,-2.28359,0.94354,0.03512,-0.32938,0.7652,0.0,0.0,nan,0.0,0.00868,0.08825,2.79495,1.80192,0.24849,0.1687,0.47382,1.0,0.55496,0.47382
22.48245,67.0621,-1.01541,0.97478,0.03932,-0.21966,0.77806,0.0,0.0,nan,0.0,0.01084,0.06907,3.07706,1.63811,0.23753,0.32113,0.8097,0.9973,0.61046,0.8097
22.8304,66.99365,1.088,0.99397,0.03566,-0.10364,0.94948,0.0,0.0,nan,0.0,0.01086,0.04992,3.59037,1.63811,0.23958,0.34567,0.48293,0.9802,0.61046,0.48293
22.93277,67.10712,3.04965,0.99487,0.0237,0.09837,0.98416,0.0,0.0,nan,0.0,0.0136,0.07325,7.23868,1.80192,0.23258,0.56158,0.49212,0.42197,0.55496,0.49212
22.50054,67.08266,5.05357,0.95504,0.01058,0.29628,0.98994,0.0,0.0,nan,0.0,0.00701,0.02262,10.75021,1.7172,0.24146,0.51032,0.47415,0.72069,0.58234,0.47415
22.29635,67.272,6.6127,0.93879,0.00238,0.34449,0.98565,0.0,0.0,nan,0.0,0.00662,0.01939,15.50615,1.77031,0.24662,0.52596,0.53567,0.73282,0.56487,0.53567
22.07191,68.71809,-2.2041,0.94134,0.04124,-0.33493,0.825,0.0,0.0,nan,0.0,0.01384,0.09176,2.84455,1.63811,0.23934,0.25796,0.71885,0.99579,0.61046,0.71885
22.43284,68.95139,-0.94648,0.97246,0.04551,-0.22859,0.84872,0.0,0.0,nan,0.0,0.0106,0.05883,2.70891,1.82883,0.24167,0.31894,0.48409,0.98234,0.5468,0.48409
22.75053,69.03918,1.07417,0.99393,0.03975,-0.10262,0.94828,0.0,0.0,nan,0.0,0.0077,0.06665,5.10306,1.63811,0.23041,0.35757,0.67083,0.44983,0.61046,0.67083
22.90022,69.07471,3.06679,0.99072,0.05438,0.12459,0.98137,0.05228,0.2614,0.6,1.0,0.02211,0.08346,10.34929,1.82617,0.23281,0.6728,0.58076,0.46975,0.54759,0.58076
22.45841,68.92392,4.92796,0.94981,0.12181,0.28815,0.99273,0.00506,0.0253,0.6,1.0,0.0118,0.03103,13.03733,1.69389,0.24857,0.54151,0.43126,0.81004,0.59036,0.43126
22.12761,68.27863,6.46417,0.94273,0.06935,0.32627,0.98735,0.0,0.0,nan,0.0,0.01048,0.02662,13.75507,1.71569,0.24516,0.48216,0.46569,0.93532,0.58286,0.46569
22.04072,70.68163,-2.08762,0.93643,0.05567,-0.3464,0.90971,0.0,0.0,nan,0.0,0.0142,0.09839,2.68158,1.84313,0.2399,0.26211,0.46414,0.96157,0.54256,0.46414
22.34138,71.02709,-1.02698,0.96817,0.0509,-0.24508,0.92177,0.0,0.0,nan,0.0,0.01302,0.08393,2.76014,1.86133,0.23213,0.44006,0.67497,0.60815,0.53725,0.67497
22.6616,71.1237,1.13108,0.99487,0.05601,-0.08424,0.94718,0.01942,0.09712,0.6,1.0,0.00445,0.08746,5.24627,1.73641,0.23567,0.26773,0.63091,0.26232,0.5759,0.63091
22.82234,70.89442,3.05832,0.9876,0.06974,0.14064,0.96582,0.00838,0.0419,0.6,1.0,0.0079,0.04143,11.22833,1.95012,0.23391,0.66922,0.85392,0.50292,0.51279,0.85392
22.32197,70.90852,4.57205,0.95937,0.01685,0.28166,0.99313,0.0,0.0,nan,0.0,0.01169,0.02809,16.68897,1.81716,0.23675,0.57823,0.73405,0.80574,0.55031,0.73405
22.25212,73.08452,-0.97045,0.96889,0.04031,-0.24418,0.9418,0.0,0.0,nan,0.0,0.00647,0.06143,3.50534,2.0682,0.22478,0.25565,0.77818,0.71112,0.48351,0.77818
22.52606,72.97965,1.06328,0.99447,0.06851,-0.07955,0.95256,0.0,0.0,nan,0.0,0.01219,0.07225,4.30078,1.9046,0.22847,0.36107,0.36552,0.68466,0.52504,0.36552
22.61255,72.93119,2.9101,0.99547,0.0608,0.07311,0.97499,0.00352,0.01758,0.6,1.0,0.00374,0.03451,8.5736,1.66347,0.23899,0.40011,0.59653,0.3345,0.60115,0.59653
22.46587,72.91401,4.95105,0.98137,-0.0553,0.18397,0.98386,0.0,0.0,nan,0.0,0.00601,0.0179,13.15212,2.01004,0.23562,0.68023,0.67247,0.56817,0.4975,0.67247
22.24238,73.07178,6.90934,0.95951,-0.11068,0.259,0.9713,0.0,0.0,nan,0.0,0.00953,0.0301,14.72826,3.57958,0.23868,0.62428,0.58259,0.57592,0.27936,0.58259
22.20422,75.06529,-0.72975,0.97718,0.05194,-0.20598,0.96662,0.0,0.0,nan,0.0,0.00787,0.06324,5.51827,1.90177,0.21639,0.28898,0.50569,0.58634,0.52583,0.50569
22.43645,75.08347,1.00502,0.99556,0.07658,-0.05477,0.96462,0.0,0.0,nan,0.0,0.01023,0.0618,5.16066,2.10247,0.21879,0.32333,0.35998,0.71072,0.47563,0.35998
22.35885,75.01278,2.94994,0.99405,0.10265,0.03632,0.99014,0.0,0.0,nan,0.0,0.01196,0.07807,4.10757,1.69297,0.22723,0.48332,0.5332,0.47132,0.59068,0.5332
22.25834,75.0167,4.99964,0.9935,0.0732,0.08721,0.98555,0.0,0.0,nan,0.0,0.00388,0.07297,7.69843,1.63811,0.24399,0.7768,0.94501,0.22955,0.61046,0.94501
22.11943,74.96988,6.59187,0.97724,0.03105,0.20984,0.98635,0.0,0.0,nan,0.0,0.00595,0.03835,11.19232,1.65049,0.24558,0.57083,0.7515,0.32166,0.60588,0.7515
22.14307,76.78604,-0.55246,0.98239,0.05995,-0.17694,0.98276,0.0,0.0,nan,0.0,0.00804,0.06104,4.87365,1.89012,0.22527,0.27108,0.6215,0.68555,0.52907,0.6215
22.2944,76.80424,0.99761,0.99711,0.06386,-0.04115,0.98495,0.0,0.0,nan,0.0,0.01132,0.07226,5.25207,1.84727,0.22162,0.295,0.47018,0.73302,0.54134,0.47018
22.15942,76.95323,3.02349,0.99566,0.07113,0.05999,0.98675,0.0,0.0,nan,0.0,0.01258,0.08696,3.98447,1.8898,0.22635,0.31944,0.49637,0.68045,0.52916,0.49637
22.06684,76.60113,4.7718,0.99308,0.09301,0.07171,0.99283,0.0,0.0,nan,0.0,0.01241,0.08051,4.73949,1.82826,0.23011,0.49965,0.37191,0.43852,0.54697,0.37191
22.04643,76.35647,6.36087,0.98531,0.08736,0.14671,0.98954,0.0,0.0,nan,0.0,0.01449,0.07935,9.17586,1.63811,0.23615,0.60117,0.68646,0.37006,0.61046,0.68646
22.04156,79.04839,-0.31428,0.98891,-0.0188,-0.1473,0.98276,0.0,0.0,nan,0.0,0.01135,0.09728,4.17089,2.04562,0.21794,0.3996,0.63702,0.43209,0.48885,0.63702
22.17804,79.02872,1.07811,0.99918,-0.02332,-0.03318,0.98206,0.0,0.0,nan,0.0,0.01419,0.08569,5.28238,2.15567,0.21064,0.40666,0.76613,0.59208,0.46389,0.76613
22.07836,79.07244,2.96329,0.9974,-0.0358,0.06262,0.98974,0.0,0.0,nan,0.0,0.01441,0.07303,5.08788,1.67236,0.22044,0.39149,0.52405,0.70229,0.59796,0.52405
22.0033,79.78208,4.01895,0.9934,-0.08475,0.07728,0.99233,0.0,0.0,nan,0.0,0.01301,0.07777,5.3708,2.08149,0.21107,0.31186,0.42121,0.73594,0.48043,0.42121
22.13234,81.32481,-0.76489,0.96711,-0.16146,-0.19656,0.98984,0.0,0.0,nan,0.0,0.01571,0.07182,5.62204,2.00676,0.22966,0.60914,0.53572,0.48697,0.49832,0.53572
22.35332,81.03754,1.02733,0.98686,-0.15392,-0.04925,0.99502,0.0,0.0,nan,0.0,0.01948,0.09945,5.0546,2.16545,0.20848,0.34727,0.5741,0.78734,0.4618,0.5741
22.25025,80.95935,3.06505,0.9859,-0.15686,0.05824,0.99083,0.0,0.0,nan,0.0,0.01298,0.06777,5.8444,2.04477,0.21408,0.30273,0.73243,0.84901,0.48905,0.73243
22.20686,81.12035,4.83541,0.98348,-0.15272,0.09719,0.98954,0.0,0.0,nan,0.0,0.0075,0.05634,4.99279,2.02295,0.21076,0.22434,0.40568,0.83155,0.49433,0.40568
22.05793,81.6224,6.31193,0.97717,-0.14753,0.1529,0.98824,0.0,0.0,nan,0.0,0.01823,0.09125,5.68744,1.88047,0.23636,0.45726,0.79731,0.69573,0.53178,0.79731
22.17049,83.18211,-2.29172,0.81896,0.23767,-0.52231,0.83038,0.0,0.0,nan,0.0,0.00809,0.03551,13.91842,2.36261,0.2375,0.55922,0.68028,0.46604,0.42326,0.68028
22.48538,83.05602,-0.98993,0.92821,0.10046,-0.35823,0.86765,0.0,0.0,nan,0.0,0.00952,0.0716,12.89993,1.86947,0.23231,0.65263,0.79264,0.27242,0.53491,0.79264
22.75182,83.00247,1.01394,0.99639,-0.03584,-0.07697,0.92855,0.0,0.0,nan,0.0,0.01035,0.07154,6.98833,2.70058,0.23465,0.7256,0.76547,0.26979,0.37029,0.76547
22.72189,83.0103,3.00238,0.99644,-0.06754,0.05054,0.94987,0.0,0.0,nan,0.0,0.00503,0.07935,7.24631,1.91013,0.23564,0.65888,0.94057,0.31431,0.52353,0.94057
22.52057,82.98754,4.86515,0.98708,-0.03907,0.15541,0.942,0.0,0.0,nan,0.0,0.01863,0.21453,10.58653,1.86727,0.23119,0.65273,0.83849,0.22069,0.53554,0.83849
22.23917,83.24335,6.86133,0.93239,0.13462,0.33545,0.89317,0.0,0.0,nan,0.0,0.00236,0.03691,27.72321,3.39706,0.24417,0.401,0.89148,0.31213,0.29437,0.89148
22.08384,83.67741,8.14654,0.81594,0.36805,0.44585,0.82809,0.0,0.0,nan,0.0,0.0038,0.03179,32.82829,1.63811,0.24067,0.48837,0.8675,0.416,0.61046,0.8675
22.09274,84.12222,-2.14671,0.66933,0.49436,-0.55462,0.76032,0.0,0.0,nan,0.0,0.01399,0.04314,12.84265,2.21757,0.23316,0.49196,0.50184,0.76206,0.45094,0.50184
22.58492,84.65318,-0.8736,0.7317,0.56014,-0.38841,0.71756,0.0,0.0,nan,0.0,0.012,0.03725,11.42088,2.35413,0.23959,0.44823,0.60359,0.84456,0.42479,0.60359
22.99824,84.96162,0.96342,0.824,0.55034,-0.13469,0.71118,0.0,0.0,nan,0.0,0.01706,0.03902,11.41978,1.91506,0.24092,0.59244,0.74658,0.86724,0.52218,0.74658
23.04871,85.02086,3.007,0.85529,0.51762,0.02352,0.71407,0.0,0.0,nan,0.0,0.01665,0.03922,13.43502,3.52839,0.24,0.65982,0.67632,0.73917,0.28342,0.67632
22.94366,85.0219,4.98052,0.8415,0.50881,0.18162,0.69095,0.0,0.0,nan,0.0,0.01343,0.02909,15.70433,3.02661,0.24125,0.5628,0.71191,0.92466,0.3304,0.71191
22.37304,84.59415,6.91572,0.73948,0.53589,0.40741,0.74975,0.0,0.0,nan,0.0,0.00713,0.02558,24.53383,2.39662,0.23899,0.50229,0.60981,0.60037,0.41725,0.60981
22.01749,84.03191,8.03665,0.75193,0.47645,0.45564,0.80317,0.0,0.0,nan,0.0,0.00505,0.02466,28.88735,1.73287,0.2448,0.411,0.69946,0.53298,0.57708,0.69946
