cx,cy,cz,nx,ny,nz,valid_frac,score,periodic_cover,periodic_period_mm,periodic_straightness,band_score,band_ratio,band_amp_um,peak_freq,spectral_spread,local_coherence,global_coherence,coverage,ridge_period_mm,straightness
-20.14734,1.70775,-0.7369,-0.86087,-0.50358,-0.07287,0.66086,0.0,0.0,nan,0.0,0.02116,0.06249,16.17854,1.81552,0.2355,0.51777,0.70009,0.73475,0.55081,0.70009
-20.07013,1.83956,0.17157,-0.88397,-0.45183,0.12019,0.69104,0.0,0.0,nan,0.0,0.0169,0.06959,20.07873,1.78038,0.24608,0.60066,0.81054,0.55127,0.56168,0.81054
-20.15969,2.64554,-0.94608,-0.9805,-0.16097,-0.11277,0.70043,0.0,0.0,nan,0.0,0.01449,0.06907,19.30298,1.89115,0.23645,0.40643,0.4794,0.5698,0.52878,0.4794
-20.08288,2.57986,0.44167,-0.97375,-0.1554,0.16633,0.75248,0.0,0.0,nan,0.0,0.02007,0.06325,21.47826,2.07418,0.2326,0.60601,0.51753,0.57247,0.48212,0.51753
-20.02785,45.79928,3.54719,-0.97677,-0.00325,0.21429,0.90503,0.0,0.0,nan,0.0,0.02277,0.18433,23.5487,1.84602,0.23686,0.68008,0.67545,0.19709,0.54171,0.67545
-20.0645,47.04578,3.13126,-0.99079,-0.02595,0.13289,0.93051,0.0,0.0,nan,0.0,0.00762,0.23312,16.40603,3.5148,0.23062,0.67545,0.9644,0.17292,0.28451,0.9644
-20.00106,46.98198,4.01921,-0.9159,0.00695,0.40134,0.88065,0.0,0.0,nan,0.0,0.00405,0.10927,53.2303,1.91571,0.2348,0.71835,0.99572,0.25038,0.522,0.99572
-20.00462,48.63803,1.93351,-0.9846,0.03964,-0.17024,0.97796,0.0,0.0,nan,0.0,0.00615,0.02089,10.23824,1.72506,0.23897,0.47473,0.4431,0.74174,0.57969,0.4431
-20.02045,48.48812,2.77917,-0.99936,0.03571,0.00161,0.95688,0.0,0.0,nan,0.0,0.00922,0.03256,9.53042,3.02135,0.2348,0.527,0.53526,0.65003,0.33098,0.53526
-20.02461,54.6206,-0.36996,-0.98825,-0.10691,-0.10928,0.98955,0.0,0.0,nan,0.0,0.00561,0.01778,12.45672,1.69719,0.24097,0.53411,0.38535,0.68536,0.58921,0.38535
-20.07945,55.28241,0.7575,-0.99784,-0.05614,0.03425,0.98615,0.0,0.0,nan,0.0,0.00488,0.01872,11.53039,1.81552,0.23786,0.48521,0.56292,0.63041,0.55081,0.56292
-20.05103,57.21417,-0.66665,-0.98293,0.04702,-0.17788,0.98605,0.0,0.0,nan,0.0,0.00473,0.01319,13.90289,3.5564,0.23466,0.52309,0.47037,0.78438,0.28118,0.47037
-20.16319,56.94847,0.73531,-0.99938,0.0038,0.03498,0.97626,0.0,0.0,nan,0.0,0.01186,0.0256,14.21003,1.65818,0.23548,0.63434,0.35406,0.83357,0.60307,0.35406
-20.12927,58.66229,-0.49471,-0.97399,0.13414,-0.18263,0.96627,0.0,0.0,nan,0.0,0.00558,0.0153,16.5328,1.88644,0.2335,0.49424,0.60461,0.82654,0.5301,0.60461
-20.10047,58.69618,0.55352,-0.99285,0.1178,-0.0194,0.96267,0.0,0.0,nan,0.0,0.00796,0.02178,16.51046,2.09043,0.23482,0.52805,0.73978,0.77568,0.47837,0.73978
-18.83743,1.70693,-2.48862,-0.48196,-0.72887,-0.48627,0.76257,0.0,0.0,nan,0.0,0.00554,0.06911,29.73548,1.71336,0.2358,0.62485,0.91945,0.29924,0.58365,0.91945
-19.06122,1.18073,-1.05144,-0.46796,-0.86256,-0.19238,0.75707,0.0,0.0,nan,0.0,0.01357,0.06961,13.34518,1.92404,0.22993,0.52445,0.43356,0.42753,0.51974,0.43356
-19.01771,1.29955,0.95706,-0.55397,-0.79077,0.26038,0.76546,0.0,0.0,nan,0.0,0.01725,0.05229,13.18299,2.57986,0.23522,0.59069,0.50904,0.6433,0.38762,0.50904
-18.56057,1.68417,2.57631,-0.41018,-0.70078,0.58365,0.73689,0.0,0.0,nan,0.0,0.01028,0.07873,32.66869,1.91067,0.23114,0.74314,0.89123,0.34024,0.52338,0.89123
-18.37282,3.09879,-4.41379,-0.70922,-0.29518,-0.64022,0.85278,0.0,0.0,nan,0.0,0.00851,0.02047,24.34048,2.68291,0.23495,0.61862,0.66199,0.7278,0.37273,0.66199
-19.33572,2.98038,-3.24137,-0.79305,-0.19368,-0.57755,0.79244,0.0,0.0,nan,0.0,0.0087,0.02579,19.01909,3.5373,0.23725,0.54122,0.61801,0.68907,0.2827,0.61801
-19.9221,3.57779,-1.1155,-0.98957,0.08351,-0.11736,0.85268,0.0,0.0,nan,0.0,0.01845,0.06194,27.77645,1.86442,0.24221,0.66419,0.47096,0.48086,0.53636,0.47096
-19.79209,3.24858,1.29133,-0.98054,-0.03924,0.19235,0.86857,0.0,0.0,nan,0.0,0.01532,0.04476,22.84856,2.11143,0.24219,0.59899,0.63025,0.62131,0.47361,0.63025
-19.21457,2.90061,3.28712,-0.64246,-0.42188,0.63974,0.68344,0.0,0.0,nan,0.0,0.01737,0.07064,45.05926,1.8969,0.23676,0.57173,0.7678,0.47632,0.52718,0.7678
-18.27707,5.61712,-4.32507,-0.84936,-0.08579,-0.5208,0.99624,0.0,0.0,nan,0.0,0.0091,0.02328,19.82767,2.19829,0.22209,0.54306,0.43688,0.79195,0.4549,0.43688
-18.76378,4.96159,-2.82952,-0.92363,0.06922,-0.37699,0.98246,0.0,0.0,nan,0.0,0.00964,0.02563,22.45991,2.54106,0.23541,0.52892,0.48275,0.77463,0.39354,0.48275
-19.28078,5.04276,-0.96479,-0.97255,0.23263,-0.00491,0.98465,0.0,0.0,nan,0.0,0.00453,0.02816,28.84586,2.6848,0.24189,0.73001,0.88872,0.42347,0.37247,0.88872
-18.66176,5.04649,1.05664,-0.9798,0.19897,-0.0201,0.9375,0.0,0.0,nan,0.0,0.00847,0.01757,19.12651,3.56036,0.23926,0.53829,0.58296,0.98955,0.28087,0.58296
-19.61354,4.90163,2.87374,-0.97321,-0.04271,0.22592,0.8332,0.0,0.0,nan,0.0,0.00695,0.05967,58.30878,1.8948,0.23723,0.58,0.77578,0.22654,0.52776,0.77578
-18.73825,5.13023,4.42897,-0.49711,-0.32237,0.80558,0.77176,0.0,0.0,nan,0.0,0.04276,0.09554,41.9299,2.68,0.22874,0.71231,0.74583,0.65826,0.37313,0.74583
-18.40641,7.03164,-4.56997,-0.87437,-0.09977,-0.4749,0.98515,0.0,0.0,nan,0.0,0.01258,0.05683,17.01202,1.87884,0.22776,0.56147,0.57037,0.44071,0.53224,0.57037
-19.1387,7.03424,-3.00819,-0.97454,-0.0051,-0.22414,0.95278,0.0,0.0,nan,0.0,0.01153,0.0476,23.44426,1.81552,0.23821,0.55764,0.61526,0.4713,0.55081,0.61526
-18.94219,7.00377,-0.90644,-0.9928,0.09888,0.06759,0.99444,0.0,0.0,nan,0.0,0.01466,0.0363,18.96247,1.84552,0.23525,0.66519,0.62878,0.67131,0.54185,0.62878
-18.51164,7.0467,1.175,-0.9838,0.03472,-0.1759,0.95438,0.0,0.0,nan,0.0,0.00787,0.02183,20.41872,2.56422,0.2248,0.47512,0.4422,0.83303,0.38998,0.4422
-19.71501,6.96242,2.88275,-0.99741,-0.068,0.02329,0.86377,0.0,0.0,nan,0.0,0.00585,0.15827,73.12679,2.07538,0.23015,0.70393,0.97367,0.18962,0.48184,0.97367
-18.9812,6.96132,4.86667,-0.5551,-0.23434,0.79809,0.77456,0.0,0.0,nan,0.0,0.00719,0.0656,44.38127,1.75731,0.23622,0.83247,0.9757,0.49568,0.56905,0.9757
-18.37206,8.9779,-4.58675,-0.88025,0.0994,-0.46398,0.98236,0.0,0.0,nan,0.0,0.01631,0.05324,12.05457,1.81552,0.22001,0.543,0.56687,0.6576,0.55081,0.56687
-18.91418,9.0295,-3.00827,-0.98006,0.09391,-0.1751,0.98016,0.0,0.0,nan,0.0,0.01443,0.04761,9.63432,1.71437,0.23381,0.50647,0.31846,0.72268,0.5833,0.31846
-18.895,9.00116,-0.90658,-0.99683,0.05861,0.05383,0.99724,0.0,0.0,nan,0.0,0.0067,0.02375,18.55944,2.06359,0.23173,0.59508,0.45137,0.52498,0.48459,0.45137
-18.80629,9.02938,0.96088,-0.98055,0.02945,-0.19404,0.99095,0.0,0.0,nan,0.0,0.00716,0.02179,21.236,1.91542,0.22922,0.5222,0.63383,0.68847,0.52208,0.63383
-19.50262,9.04913,2.84122,-0.99403,0.03755,-0.10241,0.94789,0.0,0.0,nan,0.0,0.01251,0.04276,11.31872,1.7067,0.24162,0.66999,0.64902,0.51378,0.58593,0.64902
-18.92386,8.93742,5.16083,-0.59858,-0.05641,0.79907,0.8345,0.0,0.0,nan,0.0,0.0208,0.08365,38.41951,1.94308,0.23043,0.78589,0.73151,0.33289,0.51465,0.73151
-18.17425,10.93307,-4.29639,-0.86359,0.14723,-0.48222,0.98595,0.0,0.0,nan,0.0,0.02182,0.05956,9.89077,1.89873,0.23386,0.67915,0.7064,0.64865,0.52667,0.7064
-18.54031,10.96736,-3.03805,-0.96539,0.09426,-0.24319,0.98815,0.0,0.0,nan,0.0,0.01451,0.07231,11.84435,1.8702,0.234,0.55296,0.38764,0.42408,0.5347,0.38764
-18.9018,11.07911,-0.80899,-0.99992,0.0025,-0.01274,0.99674,0.0,0.0,nan,0.0,0.00725,0.02377,21.01557,2.19442,0.22635,0.50707,0.46525,0.659,0.4557,0.46525
-18.70217,11.03528,0.97854,-0.98391,0.01715,-0.17784,0.99165,0.0,0.0,nan,0.0,0.0088,0.02908,22.39871,1.88737,0.23598,0.53117,0.46623,0.62074,0.52984,0.46623
-19.41998,10.97374,2.96036,-0.99737,0.03842,-0.06147,0.95658,0.0,0.0,nan,0.0,0.00946,0.03623,10.91275,2.07507,0.22838,0.63722,0.52805,0.48491,0.48191,0.52805
-18.8406,10.97637,5.12706,-0.68048,-0.00483,0.73275,0.86946,0.0,0.0,nan,0.0,0.00257,0.06536,31.23832,3.40382,0.22775,0.50641,0.95673,0.24422,0.29379,0.95673
-18.07333,12.30311,-4.14568,-0.82618,0.17694,-0.5349,0.98066,0.0,0.0,nan,0.0,0.00706,0.02986,18.27868,2.07318,0.23471,0.62494,0.55818,0.41952,0.48235,0.55818
-18.6519,13.03085,-3.05568,-0.92388,0.04574,-0.37994,0.94939,0.0,0.0,nan,0.0,0.00218,0.03658,29.35708,2.10194,0.23248,0.73463,0.96127,0.26709,0.47575,0.96127
-18.60616,13.07984,-0.95734,-0.99606,-0.0636,-0.06182,0.99035,0.0,0.0,nan,0.0,0.01372,0.05528,22.8165,3.18958,0.23267,0.59692,0.79395,0.52635,0.31352,0.79395
-18.84606,13.05578,0.97716,-0.9924,-0.02633,-0.12018,0.99394,0.0,0.0,nan,0.0,0.01031,0.02864,22.57369,1.65047,0.2392,0.53177,0.30966,0.73733,0.60589,0.30966
-19.10106,12.90845,2.93569,-0.99905,0.04213,-0.01132,0.98365,0.0,0.0,nan,0.0,0.00974,0.03221,12.1424,1.89148,0.2345,0.59843,0.42516,0.58883,0.52869,0.42516
-18.70651,12.97617,5.10244,-0.77053,-0.00075,0.6374,0.90593,0.0,0.0,nan,0.0,0.01598,0.1074,24.55243,1.65047,0.2371,0.66073,0.7951,0.28457,0.60589,0.7951
-18.80694,15.03287,-3.09026,-0.90601,-0.14243,-0.39857,0.94519,0.0,0.0,nan,0.0,0.01034,0.02991,25.58802,2.13065,0.23091,0.74478,0.67688,0.50068,0.46934,0.67688
-19.12679,15.09071,-0.86552,-0.99635,-0.0851,0.00673,0.98266,0.0,0.0,nan,0.0,0.00829,0.0197,14.49218,3.5631,0.23649,0.55438,0.41218,0.86372,0.28065,0.41218
-18.94196,15.07676,0.983,-0.99988,-0.01033,-0.01149,0.99694,0.0,0.0,nan,0.0,0.00708,0.01581,16.3149,1.82832,0.24417,0.51435,0.46488,0.97704,0.54695,0.46488
-19.10591,15.16666,3.02988,-0.99892,0.03519,0.03026,0.98056,0.0,0.0,nan,0.0,0.01008,0.02082,13.06386,3.39585,0.23387,0.62151,0.47773,0.89872,0.29448,0.47773
-18.73255,15.0562,5.04093,-0.81558,0.04379,0.57698,0.92201,0.0,0.0,nan,0.0,0.00405,0.03369,26.98897,1.91902,0.22835,0.62436,0.8314,0.27974,0.5211,0.8314
-18.33469,17.12141,-4.56454,-0.79931,-0.09525,-0.59332,0.95059,0.0,0.0,nan,0.0,0.00235,0.02048,14.7549,2.38652,0.23063,0.38325,0.35422,0.33941,0.41902,0.35422
-18.96223,16.95186,-3.0928,-0.93574,-0.13087,-0.32752,0.95468,0.0,0.0,nan,0.0,0.01108,0.05516,19.05617,2.01166,0.24005,0.62256,0.5552,0.35656,0.4971,0.5552
-19.15513,16.98235,-0.86185,-0.99379,-0.09554,0.05706,0.99424,0.0,0.0,nan,0.0,0.00694,0.02435,13.12741,2.73405,0.24274,0.51703,0.32926,0.63469,0.36576,0.32926
-18.85509,17.00517,1.04699,-0.99215,-0.12444,0.01247,0.99095,0.0,0.0,nan,0.0,0.00904,0.02195,14.4987,3.63103,0.24025,0.48913,0.37022,0.95803,0.2754,0.37022
-18.90838,17.04638,2.9905,-0.99144,-0.11376,0.06412,0.98845,0.0,0.0,nan,0.0,0.01035,0.02266,12.37379,1.71397,0.24588,0.6283,0.41247,0.84461,0.58344,0.41247
-18.75702,16.98446,5.02639,-0.82978,-0.0808,0.55221,0.91522,0.0,0.0,nan,0.0,0.00421,0.04775,27.55941,1.91004,0.23475,0.68165,0.92667,0.31932,0.52355,0.92667
-18.01619,17.89327,6.00459,-0.58706,-0.09834,0.80355,0.94409,0.0,0.0,nan,0.0,0.01328,0.04112,26.8213,1.78435,0.23109,0.65838,0.75329,0.53258,0.56043,0.75329
-18.52781,18.97347,-4.60694,-0.7762,-0.03147,-0.6297,0.95718,0.0,0.0,nan,0.0,0.00799,0.0246,18.0438,2.38175,0.23939,0.56757,0.4411,0.63588,0.41986,0.4411
-19.21047,19.01088,-2.93099,-0.96207,0.01224,-0.27252,0.94359,0.0,0.0,nan,0.0,0.00549,0.05019,27.49906,3.43931,0.24336,0.81729,0.90931,0.29266,0.29076,0.90931
-19.50143,19.04384,-0.88369,-0.99939,0.03343,-0.00995,0.98525,0.0,0.0,nan,0.0,0.00442,0.01334,11.18214,1.65047,0.23612,0.42387,0.36883,0.92149,0.60589,0.36883
-19.3875,18.97844,1.03574,-0.99634,-0.06598,-0.05426,0.99295,0.0,0.0,nan,0.0,0.00766,0.01969,12.2719,3.46599,0.24424,0.59529,0.52662,0.7603,0.28852,0.52662
-19.58263,18.92608,3.00478,-0.99099,-0.10752,0.07989,0.96447,0.0,0.0,nan,0.0,0.0084,0.02974,9.75115,1.83914,0.2352,0.60549,0.27904,0.5622,0.54373,0.27904
-18.72636,19.00787,5.0943,-0.7999,-0.04474,0.59846,0.95458,0.0,0.0,nan,0.0,0.00647,0.06809,21.69304,3.42192,0.26573,0.84158,0.91287,0.25749,0.29223,0.91287
-18.03916,18.9758,6.00105,-0.60755,-0.03784,0.79338,0.95538,0.0,0.0,nan,0.0,0.00585,0.03369,19.22074,1.82857,0.23449,0.71579,0.86544,0.42483,0.54687,0.86544
-18.46121,21.03155,-4.55484,-0.83538,-0.06465,-0.54585,0.95578,0.0,0.0,nan,0.0,0.01173,0.0292,29.9815,2.23454,0.23545,0.56988,0.5776,0.75192,0.44752,0.5776
-19.06117,21.04142,-2.95728,-0.98087,-0.01123,-0.19434,0.95858,0.0,0.0,nan,0.0,0.01684,0.04513,23.76562,1.65047,0.22785,0.66455,0.7261,0.60878,0.60589,0.7261
-18.79253,20.91442,-1.06227,-0.99491,0.09649,-0.02916,0.98935,0.0,0.0,nan,0.0,0.00671,0.0191,13.17997,3.56599,0.24326,0.4187,0.29316,0.96686,0.28043,0.29316
-19.09017,20.96363,0.97163,-0.98707,0.05909,-0.149,0.99474,0.0,0.0,nan,0.0,0.01009,0.02372,11.3565,1.68456,0.23916,0.55877,0.47764,0.89569,0.59363,0.47764
-19.5694,20.99832,2.90564,-0.99707,0.02195,0.07334,0.97087,0.0,0.0,nan,0.0,0.01489,0.04427,8.61344,1.95207,0.23739,0.55222,0.37368,0.75078,0.51228,0.37368
-18.70925,21.02981,5.10029,-0.78368,0.01901,0.62088,0.96188,0.0,0.0,nan,0.0,0.00187,0.04363,19.32128,2.82475,0.22633,0.82756,0.97616,0.20719,0.35401,0.97616
-18.66016,22.99817,-4.60281,-0.83989,-0.07006,-0.53822,0.95988,0.0,0.0,nan,0.0,0.01191,0.02518,26.99407,1.67265,0.23514,0.54097,0.71873,0.93899,0.59785,0.71873
-19.00438,22.94896,-3.05078,-0.98716,-0.01987,-0.15849,0.96737,0.0,0.0,nan,0.0,0.01188,0.03692,25.15573,1.71239,0.23896,0.59593,0.78574,0.6583,0.58398,0.78574
-18.83335,23.03563,-1.0585,-0.99958,-0.025,-0.01476,0.99554,0.0,0.0,nan,0.0,0.00931,0.02326,16.61038,1.65047,0.24787,0.61209,0.513,0.73284,0.60589,0.513
-19.3296,22.98688,0.9139,-0.98715,0.00364,-0.15974,0.99604,0.0,0.0,nan,0.0,0.00591,0.0275,11.59824,1.85157,0.22997,0.56177,0.84706,0.65078,0.54008,0.84706
-19.5211,22.99804,3.01826,-0.9936,0.02001,0.11113,0.97666,0.0,0.0,nan,0.0,0.00558,0.02366,9.16733,1.67491,0.22292,0.43695,0.8428,0.93604,0.59705,0.8428
-18.67637,22.99851,5.09822,-0.82234,-0.02711,0.56834,0.96277,0.0,0.0,nan,0.0,0.00461,0.07475,13.92137,1.65047,0.22871,0.7461,0.96992,0.31913,0.60589,0.96992
-18.02699,23.7006,6.00373,-0.7014,-0.04827,0.71114,0.97077,0.0,0.0,nan,0.0,0.00526,0.03029,12.25692,2.83855,0.23172,0.53156,0.61981,0.38009,0.35229,0.61981
-18.01227,25.95466,-6.01429,-0.72908,-0.21032,-0.65131,0.98296,0.0,0.0,nan,0.0,0.00454,0.03368,10.5172,1.94096,0.22951,0.39973,0.59902,0.40136,0.51521,0.59902
-18.67664,25.05487,-4.87856,-0.85504,-0.16713,-0.49088,0.96218,0.0,0.0,nan,0.0,0.00997,0.03741,19.73166,1.71176,0.24714,0.49266,0.61129,0.59571,0.58419,0.61129
-19.29449,25.13287,-2.77797,-0.99559,-0.07914,-0.05043,0.97726,0.0,0.0,nan,0.0,0.00919,0.0328,19.78955,2.23866,0.20263,0.617,0.82264,0.65139,0.4467,0.82264
-18.59437,24.94091,-0.97628,-0.99892,-0.04161,0.02081,0.97696,0.0,0.0,nan,0.0,0.0054,0.01632,14.80482,1.72315,0.23469,0.39027,0.40625,0.96189,0.58033,0.40625
-19.28687,25.02467,0.91332,-0.99362,0.01163,-0.11218,0.99724,0.0,0.0,nan,0.0,0.00723,0.02541,12.31626,3.32596,0.23338,0.57997,0.79378,0.66297,0.30066,0.79378
-19.37783,24.97496,3.03004,-0.99562,0.04344,0.08282,0.98335,0.0,0.0,nan,0.0,0.01728,0.03755,9.39873,1.68391,0.23054,0.55801,0.57411,1.0,0.59386,0.57411
-18.79305,25.00183,5.00183,-0.86337,0.00982,0.50448,0.96677,0.0,0.0,nan,0.0,0.01253,0.08718,10.91316,1.87621,0.23105,0.72697,0.92158,0.51902,0.53299,0.92158
-18.02661,25.10434,6.02248,-0.70145,0.03008,0.71208,0.97756,0.0,0.0,nan,0.0,0.00492,0.02236,13.16744,1.65047,0.23873,0.62364,0.5456,0.40649,0.60589,0.5456
-18.17771,27.03904,-6.16985,-0.7466,-0.09344,-0.65867,0.97486,0.00068,0.00339,0.7,1.0,0.00427,0.03866,9.3243,3.03702,0.23031,0.42225,0.5923,0.31799,0.32927,0.5923
-18.8146,26.91994,-5.13558,-0.89085,-0.09282,-0.44471,0.96168,0.0,0.0,nan,0.0,0.00796,0.05804,13.89792,1.88991,0.23135,0.51652,0.77004,0.32445,0.52913,0.77004
-19.38381,26.94164,-2.88733,-0.99928,-0.0252,-0.02836,0.98645,0.0,0.0,nan,0.0,0.00799,0.02652,13.09863,1.99663,0.227,0.51306,0.53537,0.67707,0.50084,0.53537
-19.2718,26.95683,-0.97855,-0.99801,-0.05738,0.02618,0.99604,0.0,0.0,nan,0.0,0.00497,0.01557,14.87516,2.03132,0.22757,0.39267,0.40036,0.92119,0.49229,0.40036
-18.62193,26.89105,1.09181,-0.99737,-0.03578,-0.06311,0.98515,0.0,0.0,nan,0.0,0.00694,0.01732,12.21562,2.42992,0.23354,0.51666,0.43755,0.90326,0.41154,0.43755
-19.40877,27.02277,2.94859,-0.99807,-0.0161,0.06002,0.98805,0.0,0.0,nan,0.0,0.00961,0.0312,11.57124,2.73334,0.23038,0.64979,0.4827,0.55601,0.36585,0.4827
-18.73663,27.04295,5.01375,-0.85096,-0.02331,0.52471,0.95618,0.0,0.0,nan,0.0,0.00714,0.13724,16.19802,1.84529,0.22141,0.86453,0.97197,0.23334,0.54192,0.97197
-18.05483,27.21505,6.08855,-0.68918,-0.05652,0.72238,0.97546,0.0,0.0,nan,0.0,0.00701,0.02114,13.89227,3.4655,0.23964,0.63602,0.44222,0.59661,0.28856,0.44222
-18.16713,29.02437,-6.15164,-0.70331,0.06345,-0.70805,0.97057,0.0,0.0,nan,0.0,0.00305,0.02615,10.4985,1.67674,0.23636,0.41659,0.70637,0.33295,0.5964,0.70637
-18.85223,29.03596,-5.16308,-0.89184,0.02598,-0.45161,0.95658,0.00041,0.00204,0.7,1.0,0.00722,0.12699,9.0533,2.50199,0.22693,0.71294,0.95549,0.28415,0.39968,0.95549
-19.23787,28.96374,-2.81274,-0.99953,0.01501,-0.02663,0.99454,0.0,0.0,nan,0.0,0.00812,0.02004,11.62358,3.43306,0.23363,0.57632,0.47677,0.82387,0.29129,0.47677
-19.08812,29.01604,-1.0234,-0.99813,0.03744,0.04827,0.99674,0.0,0.0,nan,0.0,0.00608,0.01591,12.55052,1.93213,0.22208,0.53026,0.54361,0.83521,0.51756,0.54361
-19.36969,29.04801,0.96557,-0.99819,0.02465,-0.05492,0.99694,0.0,0.0,nan,0.0,0.00678,0.01973,13.25341,3.3679,0.24067,0.63571,0.5769,0.62193,0.29692,0.5769
-19.57729,29.03462,2.923,-0.999,-0.0153,0.04204,0.96198,0.0,0.0,nan,0.0,0.00841,0.02139,12.23797,1.76739,0.23385,0.50336,0.46128,0.90894,0.56581,0.46128
-18.7142,28.97896,5.04112,-0.86313,-0.01429,0.50478,0.97606,0.0,0.0,nan,0.0,0.01573,0.05923,11.80846,1.90515,0.22641,0.51297,0.60122,0.60551,0.52489,0.60122
-18.03537,28.57384,6.06173,-0.71936,-0.04011,0.69348,0.98026,0.0,0.0,nan,0.0,0.00823,0.02509,12.93945,1.7031,0.23462,0.55642,0.61275,0.68087,0.58717,0.61275
-18.12815,30.969,-6.102,-0.64476,0.07895,-0.7603,0.95738,0.0,0.0,nan,0.0,0.00573,0.03545,15.59274,1.81552,0.2398,0.59821,0.70653,0.30466,0.55081,0.70653
-18.84661,31.01976,-5.10949,-0.8666,0.03571,-0.49773,0.9385,0.0,0.0,nan,0.0,0.0122,0.10868,10.60499,1.93649,0.22764,0.50125,0.79576,0.31176,0.5164,0.79576
-19.24773,31.03168,-2.88633,-0.99846,-0.04458,-0.03306,0.99165,0.0,0.0,nan,0.0,0.00882,0.02399,12.81327,1.81552,0.24093,0.52274,0.43731,0.81335,0.55081,0.43731
-19.18847,31.00247,-0.96316,-0.99843,-0.03213,0.04583,0.99744,0.0,0.0,nan,0.0,0.00397,0.01199,13.66497,1.886,0.22684,0.40269,0.5385,0.94384,0.53022,0.5385
-18.78161,31.01275,1.00567,-0.99638,-0.02194,-0.08211,0.98835,0.0,0.0,nan,0.0,0.00694,0.01687,12.1691,3.56668,0.23794,0.47902,0.64884,1.0,0.28037,0.64884
-19.27268,30.93328,2.98705,-0.99753,-0.05774,0.04002,0.98785,0.0,0.0,nan,0.0,0.0137,0.02997,12.81753,1.77157,0.23727,0.55804,0.41446,0.94743,0.56447,0.41446
-18.86407,30.94918,5.21415,-0.81542,-0.0119,0.57874,0.94539,0.0,0.0,nan,0.0,0.00812,0.03347,15.68828,2.60441,0.23482,0.52208,0.44762,0.52367,0.38396,0.44762
-18.10014,31.6433,6.04966,-0.67055,-0.02982,0.74127,0.98385,0.0,0.0,nan,0.0,0.00421,0.0151,14.24103,1.73912,0.23384,0.47283,0.46244,0.67186,0.575,0.46244
-18.06581,32.15859,-6.03364,-0.63443,0.04509,-0.77167,0.96427,0.0,0.0,nan,0.0,0.0027,0.0301,16.93511,1.84683,0.22543,0.65859,0.9158,0.32474,0.54147,0.9158
-18.75629,32.98953,-5.07759,-0.84198,0.02783,-0.53878,0.95548,0.0,0.0,nan,0.0,0.00455,0.0987,8.05066,3.59319,0.23658,0.58375,0.95361,0.28263,0.2783,0.95361
-19.47409,32.90368,-3.01022,-0.99677,-0.01315,-0.07922,0.98146,0.0,0.0,nan,0.0,0.00425,0.02183,12.45047,1.86426,0.23638,0.34967,0.34492,0.64602,0.53641,0.34492
-19.15858,33.00651,-1.01041,-0.9992,-0.03104,0.0252,0.99564,0.0,0.0,nan,0.0,0.00621,0.01566,15.19209,1.87202,0.23116,0.4995,0.468,0.89922,0.53418,0.468
-19.22309,32.99117,1.0444,-0.98949,-0.09077,-0.11257,0.99664,0.0,0.0,nan,0.0,0.00718,0.02624,15.35591,1.87114,0.22837,0.53993,0.5068,0.57291,0.53443,0.5068
-19.64479,32.96755,3.0201,-0.99652,-0.06379,0.05367,0.97356,0.0,0.0,nan,0.0,0.00936,0.03174,10.4404,1.94959,0.22733,0.55088,0.76703,0.67488,0.51293,0.76703
-18.97809,32.98219,5.07571,-0.83149,-0.07687,0.55019,0.95678,0.0,0.0,nan,0.0,0.00418,0.02439,13.44218,2.7944,0.23785,0.50549,0.5356,0.38911,0.35786,0.5356
-18.15855,33.24331,6.14428,-0.64503,-0.10607,0.75676,0.97097,0.0,0.0,nan,0.0,0.00621,0.02768,21.99073,1.7261,0.23555,0.57605,0.62526,0.42511,0.57934,0.62526
-18.68132,34.98742,-4.92583,-0.845,0.07025,-0.53013,0.97097,0.0,0.0,nan,0.0,0.01916,0.11333,8.78077,1.81552,0.23745,0.64996,0.64014,0.31944,0.55081,0.64014
-19.40368,35.03881,-2.96486,-0.99593,0.04917,-0.07551,0.97816,0.0,0.0,nan,0.0,0.00609,0.02369,11.03717,3.30426,0.23017,0.60233,0.42409,0.50412,0.30264,0.42409
-19.09374,35.09595,-1.00314,-0.99988,0.01282,-0.00892,0.99534,0.0,0.0,nan,0.0,0.0074,0.0164,14.85728,1.77259,0.24436,0.60653,0.38866,0.84396,0.56415,0.38866
-19.48259,35.02248,0.90146,-0.98817,-0.004,-0.1533,0.99464,0.0,0.0,nan,0.0,0.00478,0.02098,15.16371,1.94913,0.23585,0.54855,0.42039,0.46972,0.51305,0.42039
-19.57805,35.04892,2.97006,-0.99648,-0.00126,0.08383,0.98525,0.0,0.0,nan,0.0,0.01059,0.03987,7.18145,2.44499,0.23143,0.45074,0.54332,0.7535,0.409,0.54332
-19.00246,34.9624,5.00149,-0.86065,0.00214,0.50919,0.97227,0.0,0.0,nan,0.0,0.00825,0.07829,22.67848,2.75102,0.22236,0.70724,0.83014,0.21795,0.3635,0.83014
-18.29179,34.99321,6.3858,-0.67035,-0.03584,0.74118,0.94959,0.0,0.0,nan,0.0,0.00432,0.03041,32.58537,1.89029,0.23571,0.79448,0.89339,0.35051,0.52902,0.89339
-18.57565,37.00073,-4.86696,-0.85879,0.05387,-0.50949,0.96577,0.0,0.0,nan,0.0,0.00906,0.06304,8.00216,2.97876,0.24099,0.51589,0.75787,0.35714,0.33571,0.75787
-19.12115,36.98261,-2.91324,-0.9929,0.05961,-0.10298,0.99065,0.0,0.0,nan,0.0,0.00272,0.01082,10.12809,3.19742,0.23384,0.43244,0.41878,0.69647,0.31275,0.41878
-19.23014,36.86359,-1.02602,-0.99783,0.05679,-0.03331,0.99654,0.0,0.0,nan,0.0,0.00467,0.01043,11.69882,3.51428,0.24417,0.52399,0.63944,1.0,0.28455,0.63944
-19.37825,37.02317,0.95908,-0.98589,0.0306,-0.16458,0.99584,0.0,0.0,nan,0.0,0.00496,0.01582,10.96667,3.63103,0.23237,0.49391,0.63083,0.75,0.2754,0.63083
-19.59425,37.01876,3.03465,-0.99643,0.01324,0.08333,0.98345,0.00162,0.0081,0.51,1.0,0.00791,0.04481,9.00014,1.92068,0.22824,0.61902,0.56488,0.34854,0.52065,0.56488
-19.02762,37.09172,4.97672,-0.87935,-0.03828,0.47464,0.97796,0.05225,0.26125,0.51,1.0,0.00418,0.09792,19.41573,3.36611,0.26184,0.70469,0.94304,0.17486,0.29708,0.94304
-18.27996,37.00795,6.41182,-0.69542,-0.05609,0.71641,0.96307,0.01753,0.08764,0.51,1.0,0.00204,0.03499,32.71027,1.81552,0.23025,0.66265,0.96048,0.28559,0.55081,0.96048
-18.49247,38.97195,-4.8244,-0.87602,0.08055,-0.4755,0.96218,0.0,0.0,nan,0.0,0.00803,0.04654,9.85415,1.65047,0.22529,0.54188,0.78074,0.42481,0.60589,0.78074
-18.91464,39.02938,-2.91594,-0.98638,0.11967,-0.11285,0.99394,0.0,0.0,nan,0.0,0.0081,0.02662,9.78707,2.01275,0.23481,0.55807,0.47332,0.65645,0.49683,0.47332
-18.81935,38.98554,-0.97091,-0.99429,0.07899,-0.07171,0.99474,0.0,0.0,nan,0.0,0.00927,0.01966,12.06164,1.81552,0.24298,0.56385,0.39419,0.9756,0.55081,0.39419
-19.09589,38.95059,1.08427,-0.98058,0.0438,-0.19118,0.99424,0.0,0.0,nan,0.0,0.01184,0.02702,11.0391,2.39612,0.23681,0.52548,0.31399,0.98499,0.41734,0.31399
-19.65237,38.99793,3.02691,-0.9985,-0.02823,0.04698,0.97856,0.02264,0.11319,0.51,1.0,0.00782,0.03186,10.74358,2.16456,0.22689,0.47122,0.33168,0.61799,0.46199,0.33168
-19.07296,38.97024,5.04108,-0.86804,0.05595,0.49333,0.96897,0.04205,0.21025,0.51,1.0,0.00752,0.04661,11.22014,2.15547,0.2323,0.53733,0.47162,0.35396,0.46394,0.47162
-18.25454,38.97595,6.33958,-0.71208,0.11846,0.69203,0.95478,0.02501,0.12505,0.51,1.0,0.01021,0.05022,16.36905,2.23378,0.2344,0.57304,0.40899,0.39819,0.44767,0.40899
-18.35702,40.96428,-4.75131,-0.90572,0.03749,-0.42221,0.96707,0.0,0.0,nan,0.0,0.0061,0.04543,8.32096,2.71496,0.22893,0.52033,0.8741,0.53111,0.36833,0.8741
-18.65464,40.96263,-2.95646,-0.98971,0.02905,-0.14008,0.99724,0.0,0.0,nan,0.0,0.00784,0.02157,9.48095,1.93721,0.22596,0.48461,0.31803,0.90854,0.51621,0.31803
-18.81155,40.97926,-1.03207,-0.99382,-0.00073,-0.11097,0.99684,0.0,0.0,nan,0.0,0.0082,0.02284,10.28803,1.90665,0.23469,0.49967,0.46353,0.8586,0.52448,0.46353
-19.2834,40.98849,0.98622,-0.96854,-0.03306,-0.24665,0.99644,0.0,0.0,nan,0.0,0.00845,0.02365,10.97621,1.78591,0.23581,0.4406,0.29474,0.95859,0.55994,0.29474
-19.79297,40.88992,2.92746,-0.9966,-0.04332,0.07002,0.95179,0.00053,0.00266,0.7,1.0,0.01644,0.11334,12.20244,1.87888,0.22353,0.43824,0.84809,0.56148,0.53223,0.84809
-18.95605,41.01404,5.03383,-0.78059,0.01085,0.62495,0.96717,0.0,0.0,nan,0.0,0.0043,0.01627,16.81905,2.4274,0.23779,0.51257,0.43223,0.57689,0.41196,0.43223
-18.16833,40.15755,6.11215,-0.68678,0.14499,0.71226,0.98186,0.0,0.0,nan,0.0,0.00534,0.01833,16.99618,2.04998,0.23333,0.57903,0.43402,0.56247,0.48781,0.43402
-18.27814,43.01855,-4.55105,-0.91506,0.01,-0.40319,0.99085,0.0,0.0,nan,0.0,0.00778,0.03341,9.04335,1.86639,0.23423,0.41252,0.44289,0.68913,0.53579,0.44289
-18.90338,42.92084,-3.01319,-0.98662,-0.00946,-0.16276,0.98905,0.0,0.0,nan,0.0,0.00808,0.02536,10.28243,1.81552,0.23524,0.49382,0.42248,0.77104,0.55081,0.42248
-18.78173,43.03938,-1.03134,-0.99246,-0.00353,-0.12251,0.99634,0.0,0.0,nan,0.0,0.01015,0.02443,13.17212,1.81552,0.23926,0.57094,0.45809,0.83832,0.55081,0.45809
-19.2381,42.97134,0.99055,-0.96392,0.00482,-0.26614,0.99734,0.0,0.0,nan,0.0,0.00798,0.02383,12.75258,1.65047,0.23912,0.5081,0.68323,0.76199,0.60589,0.68323
-19.84065,42.94943,2.98851,-0.99815,-0.05526,0.02517,0.96008,0.0,0.0,nan,0.0,0.009,0.04454,8.9305,1.80521,0.24022,0.34251,0.59456,0.72218,0.55395,0.59456
-19.21725,42.95279,5.28326,-0.70049,-0.107,0.7056,0.92331,0.0,0.0,nan,0.0,0.00621,0.02152,17.80374,3.56234,0.22988,0.58528,0.3211,0.54868,0.28071,0.3211
-18.20485,43.44103,6.12557,-0.61477,-0.09022,0.78353,0.97566,0.0,0.0,nan,0.0,0.01053,0.02664,18.20322,2.71818,0.23327,0.59535,0.45157,0.73701,0.36789,0.45157
-18.36687,45.05201,-4.58146,-0.89703,-0.0064,-0.44193,0.98156,0.0,0.0,nan,0.0,0.01091,0.0425,11.61159,1.86732,0.22523,0.55039,0.84185,0.77446,0.53553,0.84185
-18.67897,44.95312,-3.00652,-0.98497,-0.01147,-0.17234,0.99574,0.0,0.0,nan,0.0,0.01042,0.03017,12.21513,1.90939,0.21792,0.46004,0.49504,0.87379,0.52373,0.49504
-18.88782,44.95962,-0.92578,-0.99186,-0.01605,-0.12634,0.99594,0.0,0.0,nan,0.0,0.00738,0.01803,13.04031,1.65047,0.23047,0.47182,0.55188,1.0,0.60589,0.55188
-19.36178,44.97921,0.92811,-0.95616,-0.0338,-0.29089,0.99574,0.0,0.0,nan,0.0,0.00306,0.01793,13.75154,1.6843,0.23441,0.56104,0.89113,0.63589,0.59372,0.89113
-19.92676,44.99343,2.86542,-0.9981,-0.03597,-0.05009,0.96347,0.0,0.0,nan,0.0,0.01441,0.04686,8.74263,1.65047,0.23848,0.50225,0.63555,0.75245,0.60589,0.63555
-19.31399,45.03364,5.31777,-0.6958,0.06462,0.71532,0.91003,0.0,0.0,nan,0.0,0.00939,0.02902,21.51405,1.91573,0.24054,0.75058,0.80559,0.57337,0.52199,0.80559
-18.12505,44.31173,6.0807,-0.61411,0.00689,0.78919,0.97696,0.0,0.0,nan,0.0,0.00955,0.02783,18.80399,1.96369,0.23355,0.5828,0.69405,0.65169,0.50925,0.69405
-18.37962,47.02343,-4.5937,-0.90891,-0.06077,-0.41253,0.98635,0.0,0.0,nan,0.0,0.01074,0.03063,12.89967,1.7406,0.23038,0.44813,0.67646,0.90357,0.57451,0.67646
-18.85308,46.97321,-3.00442,-0.98224,-0.05022,-0.1808,0.99554,0.0,0.0,nan,0.0,0.00857,0.02278,13.49644,1.81552,0.22813,0.43334,0.50656,0.99669,0.55081,0.50656
-18.92719,46.98861,-0.99178,-0.98298,-0.08435,-0.16318,0.99684,0.0,0.0,nan,0.0,0.01009,0.02786,13.50744,1.65047,0.23342,0.48233,0.45503,0.86189,0.60589,0.45503
-19.50411,47.02733,0.95402,-0.95742,-0.07866,-0.27778,0.99504,0.0,0.0,nan,0.0,0.01206,0.037,11.59545,1.68418,0.2289,0.58262,0.49227,0.65581,0.59376,0.49227
-19.98757,46.798,2.42465,-0.99313,-0.0432,-0.10874,0.97386,0.0,0.0,nan,0.0,0.01654,0.05158,9.596,2.72824,0.23896,0.60871,0.8215,0.82546,0.36654,0.8215
-19.33728,47.03804,5.12099,-0.66273,0.03856,0.74787,0.90753,0.0,0.0,nan,0.0,0.00478,0.01786,20.76067,3.42282,0.23454,0.64685,0.80695,0.55483,0.29216,0.80695
-18.55333,49.03369,-4.80411,-0.90192,-0.0694,-0.4263,0.98465,0.0,0.0,nan,0.0,0.01077,0.03626,14.08849,1.83466,0.23564,0.51144,0.41504,0.66326,0.54506,0.41504
-18.90816,49.06408,-2.95524,-0.98337,-0.07586,-0.16502,0.99664,0.0,0.0,nan,0.0,0.00702,0.02042,14.16765,1.83168,0.22255,0.42811,0.54774,0.91705,0.54595,0.54774
-19.23125,48.98391,-1.07513,-0.99306,-0.02897,-0.11395,0.99714,0.0,0.0,nan,0.0,0.00608,0.01798,14.78131,1.65047,0.24231,0.42448,0.48883,0.9043,0.60589,0.48883
-19.80519,48.97479,0.91256,-0.97502,0.02516,-0.22069,0.99015,0.0,0.0,nan,0.0,0.00585,0.02034,12.38693,1.93255,0.23034,0.44535,0.40645,0.74972,0.51745,0.40645
-19.97766,49.32937,3.17116,-0.99065,0.06525,0.11983,0.94269,0.0,0.0,nan,0.0,0.00599,0.02969,8.29604,1.92745,0.23277,0.46449,0.3879,0.53904,0.51882,0.3879
-19.16661,48.99387,5.23718,-0.67889,-0.03243,0.73353,0.92491,0.0,0.0,nan,0.0,0.0041,0.02027,20.51822,2.24905,0.23983,0.4817,0.6442,0.46039,0.44463,0.6442
-18.05917,49.65128,6.09692,-0.58552,-0.07904,0.8068,0.97147,0.0,0.0,nan,0.0,0.00504,0.02023,16.82465,2.61129,0.23515,0.47921,0.33059,0.58186,0.38295,0.33059
-18.58727,51.03198,-4.88732,-0.88964,0.00319,-0.45666,0.97426,0.0,0.0,nan,0.0,0.01033,0.03864,17.1181,1.82364,0.23042,0.59492,0.6606,0.5019,0.54835,0.6606
-19.1298,50.99469,-2.90867,-0.98544,-0.01908,-0.16894,0.99454,0.0,0.0,nan,0.0,0.00761,0.01877,15.66866,1.81552,0.22747,0.45958,0.40831,0.99403,0.55081,0.40831
-19.20985,50.99181,-0.99891,-0.99402,-0.0572,-0.09303,0.99694,0.0,0.0,nan,0.0,0.00618,0.01616,16.28833,2.04351,0.22141,0.42954,0.68496,1.0,0.48935,0.68496
-19.0706,50.9748,1.04414,-0.98864,-0.01208,-0.1498,0.98016,0.0,0.0,nan,0.0,0.00744,0.01921,13.07522,1.92449,0.2331,0.51212,0.51687,0.87233,0.51962,0.51687
-19.91011,50.99825,2.95934,-0.99244,0.09787,0.07407,0.94269,0.0,0.0,nan,0.0,0.00903,0.06228,18.60129,1.82969,0.23612,0.79999,0.87027,0.32647,0.54654,0.87027
-18.93641,51.03914,5.12214,-0.74983,0.16103,0.64173,0.95538,0.0,0.0,nan,0.0,0.00799,0.03533,16.44916,1.70182,0.23153,0.55067,0.46046,0.46064,0.58761,0.46046
-18.1235,50.45868,6.09311,-0.62561,0.02037,0.77987,0.95608,0.0,0.0,nan,0.0,0.00525,0.03099,17.866,1.93769,0.22923,0.57407,0.85433,0.49296,0.51608,0.85433
-18.43344,53.01838,-4.82781,-0.89272,-0.06496,-0.4459,0.99574,0.0,0.0,nan,0.0,0.01475,0.03719,15.85757,1.67017,0.23727,0.64338,0.41413,0.69448,0.59874,0.41413
-18.83643,53.00941,-3.20567,-0.95689,-0.0647,-0.28315,0.99604,0.0,0.0,nan,0.0,0.0086,0.02284,14.23392,1.81552,0.23543,0.49001,0.41189,0.87702,0.55081,0.41189
-19.51752,52.97306,-0.98658,-0.98119,-0.15069,-0.1207,0.99664,0.0,0.0,nan,0.0,0.00801,0.02023,13.45308,2.09334,0.23084,0.5535,0.46609,0.8213,0.47771,0.46609
-19.63309,52.973,0.92429,-0.98826,-0.1402,-0.06073,0.99514,0.0,0.0,nan,0.0,0.01236,0.03533,11.54176,2.01259,0.23786,0.64521,0.42808,0.63641,0.49687,0.42808
-19.7478,53.04118,3.0774,-0.94915,0.05886,0.30926,0.9318,0.0,0.0,nan,0.0,0.00317,0.05771,42.96832,1.87292,0.23553,0.86013,0.9809,0.25608,0.53393,0.9809
-18.75655,52.95342,4.43556,-0.76287,0.15991,0.62647,0.98465,0.0,0.0,nan,0.0,0.00571,0.01513,18.63381,1.74198,0.22982,0.65314,0.81617,0.81219,0.57406,0.81617
-18.10703,55.5057,-6.21489,-0.87722,-0.07788,-0.47373,0.99664,0.0,0.0,nan,0.0,0.00673,0.02098,10.72902,1.91838,0.23294,0.46081,0.60321,0.82593,0.52127,0.60321
-18.66173,54.99384,-5.10212,-0.90931,-0.07,-0.41019,0.99325,0.0,0.0,nan,0.0,0.00908,0.02749,12.14617,2.05696,0.23178,0.49425,0.6129,0.77838,0.48616,0.6129
-19.46993,55.00279,-3.1003,-0.96096,-0.047,-0.27265,0.99245,0.0,0.0,nan,0.0,0.0038,0.01598,12.93479,2.89754,0.24209,0.38832,0.41699,0.70724,0.34512,0.41699
-19.72667,55.10132,-1.04127,-0.97946,-0.07093,-0.18874,0.99484,0.0,0.0,nan,0.0,0.00518,0.01471,13.42152,1.81552,0.24384,0.47115,0.39118,0.85783,0.55081,0.39118
-19.99915,54.64713,1.04221,-0.99649,-0.06659,0.0508,0.98975,0.0,0.0,nan,0.0,0.00667,0.02297,11.04715,1.71823,0.23599,0.53588,0.6198,0.63982,0.58199,0.6198
-19.49844,55.00888,3.13218,-0.90408,-0.00605,0.42733,0.96997,0.0,0.0,nan,0.0,0.00644,0.05562,28.74087,1.87155,0.23434,0.65603,0.86774,0.30296,0.53432,0.86774
-18.49411,54.98288,4.67057,-0.74767,0.00307,0.66407,0.98545,0.0,0.0,nan,0.0,0.00776,0.02263,18.44969,3.63103,0.2383,0.58997,0.5005,0.64384,0.2754,0.5005
-18.06093,56.75771,-6.10444,-0.90164,0.0092,-0.43238,0.99534,0.0,0.0,nan,0.0,0.01005,0.03077,10.54174,1.90188,0.22913,0.45813,0.48796,0.84789,0.5258,0.48796
-18.65786,56.991,-5.00679,-0.93191,0.07584,-0.35468,0.99185,0.0,0.0,nan,0.0,0.0059,0.02268,11.29862,1.81552,0.23514,0.4722,0.41504,0.64845,0.55081,0.41504
-19.3856,57.04766,-3.0246,-0.95302,0.07892,-0.29246,0.99165,0.0,0.0,nan,0.0,0.00629,0.01512,14.31754,1.81552,0.24111,0.51599,0.35758,0.91863,0.55081,0.35758
-19.86927,57.12622,-1.21519,-0.97195,0.04714,-0.23041,0.99115,0.0,0.0,nan,0.0,0.008,0.01657,15.50179,1.89039,0.23492,0.58816,0.43465,0.92618,0.52899,0.43465
-19.99827,56.89635,1.61425,-0.97916,0.01814,0.20229,0.97396,0.0,0.0,nan,0.0,0.00941,0.04559,20.74874,2.27692,0.21655,0.5678,0.70839,0.39835,0.43919,0.70839
-19.55228,57.09755,3.21782,-0.8626,0.11306,0.49309,0.97197,0.0,0.0,nan,0.0,0.00249,0.0203,21.14149,3.43727,0.23918,0.54225,0.89076,0.45085,0.29093,0.89076
-18.58407,56.76284,4.7068,-0.72032,0.15304,0.67655,0.95228,0.0,0.0,nan,0.0,0.01014,0.0393,32.70466,1.87116,0.22873,0.64118,0.78887,0.48786,0.53443,0.78887
-18.03782,58.4427,-6.09697,-0.92958,0.11145,-0.35137,0.99744,0.0,0.0,nan,0.0,0.00691,0.02349,9.91072,1.78028,0.23013,0.40533,0.41001,0.87262,0.56171,0.41001
-18.47542,58.70057,-5.02697,-0.93507,0.15964,-0.31648,0.99714,0.0,0.0,nan,0.0,0.00631,0.0192,11.04012,1.65047,0.24007,0.49217,0.52164,0.78903,0.60589,0.52164
-18.97325,59.10588,-3.03064,-0.93054,0.19935,-0.30717,0.99734,0.0,0.0,nan,0.0,0.00329,0.00919,14.26743,1.81552,0.22951,0.40902,0.32166,0.99762,0.55081,0.32166
-19.66019,59.46865,-1.27674,-0.94155,0.1788,-0.28552,0.98645,0.0,0.0,nan,0.0,0.00728,0.01791,17.2903,1.72985,0.22204,0.51008,0.47237,0.88963,0.57808,0.47237
-19.92404,59.31469,1.23745,-0.97659,0.1308,0.17078,0.94239,0.0,0.0,nan,0.0,0.01063,0.04296,23.78693,1.65047,0.2542,0.59506,0.85184,0.66844,0.60589,0.85184
-19.0713,58.93856,3.27638,-0.79307,0.18583,0.58009,0.97626,0.0,0.0,nan,0.0,0.01328,0.02874,25.29177,2.13983,0.22942,0.61194,0.57515,0.81491,0.46733,0.57515
-18.19952,58.86576,4.32648,-0.62897,0.21683,0.74658,0.97716,0.0,0.0,nan,0.0,0.00364,0.02263,34.86043,1.73415,0.22913,0.69911,0.91343,0.51057,0.57665,0.91343
-18.11621,60.94674,-4.31087,-0.94512,0.20028,-0.25815,0.99744,0.0,0.0,nan,0.0,0.00565,0.02394,14.66723,1.65047,0.23833,0.3881,0.38585,0.69133,0.60589,0.38585
-18.56103,61.03611,-2.99472,-0.9295,0.22532,-0.29201,0.99744,0.0,0.0,nan,0.0,0.0055,0.01452,16.34691,1.65047,0.2411,0.42653,0.33341,0.99656,0.60589,0.33341
-19.06702,61.02435,-0.93002,-0.92661,0.24231,-0.28753,0.99744,0.0,0.0,nan,0.0,0.01005,0.02462,19.65831,1.86733,0.22965,0.62639,0.39079,0.71802,0.53552,0.39079
-19.5748,60.97394,0.95491,-0.97499,0.19804,0.1009,0.94989,0.0,0.0,nan,0.0,0.01183,0.029,25.95147,2.08575,0.23697,0.63711,0.79695,0.81191,0.47944,0.79695
-18.72489,61.02093,2.92123,-0.76889,0.22359,0.59901,0.97916,0.0,0.0,nan,0.0,0.00912,0.03229,30.66664,1.92014,0.22797,0.6325,0.86829,0.7652,0.5208,0.86829
-18.07069,60.39804,4.05899,-0.65525,0.2089,0.72596,0.97946,0.0,0.0,nan,0.0,0.01029,0.02917,30.23692,2.22437,0.22955,0.52552,0.72094,0.7155,0.44957,0.72094
-18.08026,62.88704,-4.16165,-0.90375,0.27757,-0.32588,0.96597,0.0,0.0,nan,0.0,0.0063,0.10077,63.51498,1.78105,0.24429,0.32859,0.67507,0.19615,0.56147,0.67507
-18.02479,62.69333,-3.08332,-0.92299,0.20962,-0.32272,0.99654,0.0,0.0,nan,0.0,0.00731,0.0447,25.27521,3.3567,0.2342,0.33633,0.3249,0.5248,0.29791,0.3249
-18.55287,62.97839,-0.94936,-0.9393,0.199,-0.27948,0.98196,0.0,0.0,nan,0.0,0.00636,0.08196,31.5125,1.84171,0.23579,0.73089,0.93915,0.28598,0.54297,0.93915
-19.13901,62.92809,1.00083,-0.93543,0.28314,0.21165,0.91032,0.0,0.0,nan,0.0,0.01049,0.03714,40.68892,1.65047,0.24124,0.68428,0.7507,0.43386,0.60589,0.7507
-18.59855,62.88671,2.4751,-0.74712,0.35756,0.56032,0.95428,0.0,0.0,nan,0.0,0.00601,0.02785,30.10495,1.91245,0.2289,0.65785,0.91544,0.74393,0.52289,0.91544
-18.13702,65.27612,-2.19811,-0.93726,0.236,-0.25662,0.90933,0.0,0.0,nan,0.0,0.00345,0.04929,62.02117,1.95665,0.22959,0.78002,0.94665,0.24967,0.51108,0.94665
-18.92838,65.12194,-1.05419,-0.95825,0.24955,-0.13955,0.81592,0.0,0.0,nan,0.0,0.00427,0.05241,70.68549,2.0211,0.23823,0.78892,0.96061,0.32533,0.49478,0.96061
-18.71851,64.74905,0.90012,-0.80156,0.50441,0.32105,0.86147,0.0,0.0,nan,0.0,0.01069,0.02507,32.79269,2.36848,0.22991,0.58911,0.46194,0.7683,0.42221,0.46194
-18.25568,64.1338,2.24352,-0.66675,0.48329,0.56735,0.9365,0.0,0.0,nan,0.0,0.00489,0.02632,27.9984,1.88453,0.23926,0.60176,0.89724,0.62577,0.53064,0.89724
-18.21584,66.59482,-2.41005,-0.84395,0.49241,-0.2128,0.73859,0.0,0.0,nan,0.0,0.00607,0.03954,42.22908,3.41689,0.24938,0.65615,0.89733,0.46376,0.29266,0.89733
-18.48114,66.63579,-1.3173,-0.77849,0.61956,0.10048,0.732,0.0,0.0,nan,0.0,0.01228,0.02145,36.01351,3.40452,0.23712,0.60642,0.68649,0.99635,0.29373,0.68649
-16.94897,1.78453,-2.62098,-0.15724,-0.89916,-0.40839,0.96717,0.0,0.0,nan,0.0,0.02325,0.06979,12.66236,1.73095,0.24245,0.42298,0.67526,0.91178,0.57772,0.67526
-17.00862,1.20811,-1.06155,0.00649,-0.97758,-0.21046,0.99085,0.0,0.0,nan,0.0,0.01769,0.05839,11.85758,1.82363,0.23876,0.43702,0.369,0.81023,0.54836,0.369
-16.97256,0.93734,1.0702,-0.01557,-0.96792,0.25076,0.91632,0.0,0.0,nan,0.0,0.0102,0.04587,13.93714,3.52834,0.23515,0.52923,0.45262,0.48045,0.28342,0.45262
-17.12296,1.6275,2.5701,-0.01461,-0.76489,0.64399,0.89544,0.0,0.0,nan,0.0,0.00804,0.02615,16.54058,1.89566,0.23803,0.51738,0.7186,0.66621,0.52752,0.7186
-16.3173,3.40565,-6.24103,-0.47342,-0.46239,-0.74971,0.86327,0.0,0.0,nan,0.0,0.01101,0.05039,28.55252,1.81552,0.22672,0.41047,0.60388,0.5695,0.55081,0.60388
-17.26764,2.71398,-5.22982,-0.55007,-0.54801,-0.63016,0.81851,0.0,0.0,nan,0.0,0.00538,0.03162,28.61106,1.73213,0.23983,0.62505,0.79838,0.34483,0.57732,0.79838
-16.98573,2.19648,-3.54144,-0.31393,-0.82959,-0.46178,0.91132,0.0,0.0,nan,0.0,0.00293,0.07541,52.79095,3.56699,0.24193,0.80121,0.99141,0.22142,0.28035,0.99141
-16.8228,2.87969,3.25126,-0.05979,-0.55152,0.83202,0.97077,0.0,0.0,nan,0.0,0.00961,0.02799,22.5176,1.88287,0.22984,0.46099,0.55956,0.81085,0.5311,0.55956
-17.34279,3.67201,4.12921,-0.1242,-0.44342,0.88767,0.92891,0.0,0.0,nan,0.0,0.01296,0.02978,29.70794,3.59721,0.23162,0.48794,0.68523,0.9518,0.27799,0.68523
-16.5376,5.07,-6.51354,-0.59642,-0.20176,-0.7769,0.96587,0.03413,0.17065,0.7,1.0,0.01406,0.0634,21.58664,1.83285,0.23114,0.5,0.42289,0.48444,0.5456,0.42289
-17.32411,4.88582,-5.02711,-0.7743,-0.1668,-0.61044,0.99035,0.0,0.0,nan,0.0,0.01761,0.04728,21.61354,3.46599,0.2393,0.55464,0.5818,0.73387,0.28852,0.5818
-17.81012,4.49197,-3.73506,-0.8049,-0.16318,-0.57053,0.97566,0.0,0.0,nan,0.0,0.01208,0.03082,24.99462,1.75028,0.24135,0.62064,0.75619,0.69575,0.57134,0.75619
-17.21355,4.99702,3.99092,-0.24463,-0.44682,0.86052,0.96108,0.0,0.0,nan,0.0,0.0132,0.08786,72.40458,2.4327,0.21617,0.7545,0.8573,0.31157,0.41107,0.8573
-16.81016,5.00817,4.20183,-0.11483,-0.43724,0.89198,0.99424,0.0,0.0,nan,0.0,0.01087,0.02448,31.38687,1.65047,0.2331,0.50277,0.40116,0.93912,0.60589,0.40116
-16.74789,6.96593,-6.72147,-0.64743,-0.09379,-0.75633,0.97366,0.0,0.0,nan,0.0,0.01508,0.07222,15.7777,1.65047,0.2353,0.67481,0.58879,0.34853,0.60589,0.58879
-17.78819,6.88797,-5.45572,-0.80114,-0.11648,-0.58703,0.99384,0.0,0.0,nan,0.0,0.00989,0.05587,16.24224,1.81552,0.22839,0.61174,0.47266,0.32492,0.55081,0.47266
-17.57507,6.0397,3.97584,-0.42785,-0.37265,0.82346,0.92761,0.0,0.0,nan,0.0,0.03867,0.08132,52.99765,1.79938,0.23977,0.68795,0.46215,0.7173,0.55575,0.46215
-17.04493,6.92821,5.08087,-0.14212,-0.29356,0.94532,0.98345,0.0,0.0,nan,0.0,0.01715,0.03003,28.36074,1.70889,0.23743,0.61745,0.47257,0.99033,0.58518,0.47257
-16.71572,8.99254,-6.58434,-0.66221,0.12021,-0.73961,0.99374,0.0,0.0,nan,0.0,0.01331,0.03814,9.81965,2.02839,0.22669,0.57658,0.57953,0.72864,0.493,0.57953
-17.74787,9.07943,-5.57766,-0.77579,0.1075,-0.62176,0.98575,0.0,0.0,nan,0.0,0.01453,0.05358,11.48709,1.70608,0.22607,0.54774,0.4072,0.58124,0.58614,0.4072
-17.00166,9.00398,5.49704,-0.18186,-0.17343,0.96791,0.97806,0.0,0.0,nan,0.0,0.00593,0.02557,29.62657,1.65863,0.24819,0.56836,0.88671,0.77488,0.60291,0.88671
-16.08706,9.61543,6.06091,-0.17555,-0.17997,0.96788,0.99215,0.0,0.0,nan,0.0,0.0084,0.01903,28.86408,3.24341,0.23878,0.5347,0.74859,0.8824,0.30832,0.74859
-16.36608,10.80193,-6.21465,-0.6447,0.18424,-0.7419,0.99744,0.0,0.0,nan,0.0,0.01365,0.03822,11.29367,1.65047,0.23693,0.54388,0.72733,0.77326,0.60589,0.72733
-17.39689,11.01122,-5.30466,-0.75051,0.18662,-0.63396,0.99315,0.0,0.0,nan,0.0,0.0168,0.04197,10.38761,2.36861,0.23355,0.58412,0.70287,0.81714,0.42219,0.70287
-16.85199,10.8216,5.58099,-0.2708,-0.12863,0.954,0.98825,0.0,0.0,nan,0.0,0.00735,0.02183,30.02736,1.70713,0.23726,0.64485,0.73038,0.55712,0.58578,0.73038
-17.33756,11.4762,6.14811,-0.31097,-0.13159,0.94127,0.95009,0.0,0.0,nan,0.0,0.00625,0.02947,28.82973,1.87099,0.23239,0.6394,0.84791,0.51631,0.53448,0.84791
-16.20646,12.61167,-6.20519,-0.68475,0.13759,-0.71567,0.99155,0.0,0.0,nan,0.0,0.00719,0.02075,15.70674,1.77883,0.23582,0.47769,0.45482,0.81766,0.56217,0.45482
-17.05762,13.09583,-4.98122,-0.76004,0.12623,-0.6375,0.99025,0.0,0.0,nan,0.0,0.0063,0.01799,16.08261,1.73041,0.24258,0.585,0.47997,0.67356,0.5779,0.47997
-17.54921,13.67575,-3.6793,-0.81889,0.02827,-0.57325,0.97416,0.0,0.0,nan,0.0,0.00552,0.01741,16.24851,3.37824,0.23783,0.56093,0.58237,0.63495,0.29601,0.58237
-16.53371,12.4647,5.98867,-0.32428,-0.14796,0.93432,0.99464,0.0,0.0,nan,0.0,0.00521,0.02817,28.58556,1.83489,0.23516,0.65106,0.82619,0.40196,0.54499,0.82619
-16.96026,13.02267,6.48016,-0.36532,-0.09287,0.92624,0.96078,0.0,0.0,nan,0.0,0.00577,0.0324,28.23559,1.67103,0.23188,0.54878,0.58891,0.34744,0.59843,0.58891
-16.30726,15.31684,-6.31766,-0.70089,-0.15825,-0.69549,0.98056,0.0,0.0,nan,0.0,0.01041,0.03509,15.10763,1.88351,0.2326,0.51783,0.63554,0.64883,0.53092,0.63554
-16.90292,15.02305,-5.05442,-0.75509,-0.17157,-0.63277,0.98465,0.0,0.0,nan,0.0,0.00616,0.01513,14.75069,3.31518,0.23541,0.59812,0.30466,0.77242,0.30164,0.30466
-17.29676,14.77429,-3.55709,-0.79355,-0.13759,-0.59275,0.93011,0.0,0.0,nan,0.0,0.00599,0.01434,14.79677,1.91026,0.23793,0.56739,0.56923,0.83581,0.52349,0.56923
-17.20141,15.22173,5.55225,-0.54966,0.02844,0.83491,0.98425,0.0,0.0,nan,0.0,0.01609,0.05121,29.81323,1.90405,0.2262,0.57896,0.37488,0.57919,0.5252,0.37488
-16.57258,14.72293,6.25492,-0.40136,0.01296,0.91583,0.99514,0.0,0.0,nan,0.0,0.00829,0.02436,27.85508,1.89002,0.2205,0.60128,0.73423,0.60689,0.5291,0.73423
-16.58083,17.05279,-6.40416,-0.66883,-0.00917,-0.74336,0.97346,0.0,0.0,nan,0.0,0.00926,0.02647,13.46614,3.58417,0.24519,0.57439,0.47256,0.69926,0.279,0.47256
-17.59095,16.91104,-5.48535,-0.7257,-0.05866,-0.68551,0.95608,0.0,0.0,nan,0.0,0.00746,0.03485,14.01154,1.77553,0.23342,0.62609,0.54407,0.3909,0.56321,0.54407
-17.97495,16.01804,-3.97808,-0.80352,-0.21581,-0.55478,0.99115,0.0,0.0,nan,0.0,0.00662,0.03517,15.9685,2.05624,0.23108,0.60616,0.60351,0.34927,0.48633,0.60351
-17.61203,16.49725,5.79769,-0.56143,-0.04582,0.82625,0.96717,0.0,0.0,nan,0.0,0.01481,0.04303,31.11152,2.02278,0.23013,0.59242,0.61273,0.61858,0.49437,0.61273
-16.81091,17.08918,6.31302,-0.39053,-0.11039,0.91395,0.98795,0.0,0.0,nan,0.0,0.0097,0.02583,28.04103,1.86214,0.22637,0.56546,0.43491,0.71169,0.53702,0.43491
-16.01474,19.33273,-6.22329,-0.66208,-0.09167,-0.74381,0.99275,0.0,0.0,nan,0.0,0.01488,0.03207,18.25461,3.39826,0.23792,0.66163,0.3539,0.77829,0.29427,0.3539
-16.86225,18.83804,-5.05024,-0.68344,-0.03024,-0.72938,0.96537,0.0,0.0,nan,0.0,0.00581,0.01687,18.64754,2.20737,0.23623,0.48374,0.44717,0.78834,0.45303,0.44717
-17.99527,19.91187,5.99662,-0.59927,0.01347,0.80043,0.96647,0.0,0.0,nan,0.0,0.00251,0.02599,19.76139,1.9157,0.23712,0.76429,0.96668,0.45353,0.522,0.96668
-16.85814,18.92249,6.58987,-0.44644,-0.06277,0.89261,0.98385,0.0,0.0,nan,0.0,0.00281,0.02079,20.58264,1.77949,0.23662,0.51549,0.88323,0.50175,0.56196,0.88323
-16.78612,20.92526,-6.76122,-0.66688,-0.07994,-0.74086,0.95578,0.0,0.0,nan,0.0,0.02104,0.04508,21.56449,3.61976,0.24294,0.77873,0.7484,0.65509,0.27626,0.7484
-17.54117,20.80882,-5.42195,-0.72723,-0.06817,-0.683,0.98865,0.0,0.0,nan,0.0,0.01483,0.03503,23.4926,1.89396,0.23456,0.62325,0.41133,0.73714,0.52799,0.41133
-17.90564,21.28276,5.99587,-0.60605,0.00051,0.79543,0.97626,0.0,0.0,nan,0.0,0.0063,0.0261,15.23909,1.70606,0.23926,0.58738,0.40823,0.4649,0.58615,0.40823
-16.89884,21.01116,6.31891,-0.5178,-0.02502,0.85514,0.99604,0.0,0.0,nan,0.0,0.00444,0.01699,16.37745,1.65397,0.2368,0.44382,0.39631,0.66027,0.60461,0.39631
-16.41938,22.62925,-6.31276,-0.62283,-0.02133,-0.78206,0.98455,0.0,0.0,nan,0.0,0.0079,0.02127,19.45355,3.60371,0.23854,0.54793,0.33339,0.74741,0.27749,0.33339
-17.24981,22.98033,-5.31055,-0.72102,-0.06575,-0.68978,0.98675,0.0,0.0,nan,0.0,0.0111,0.02891,24.3885,3.40275,0.25503,0.64141,0.68778,0.64743,0.29388,0.68778
-17.9651,22.36988,5.97861,-0.64411,-0.05867,0.76268,0.97326,0.0,0.0,nan,0.0,0.0045,0.02214,14.55574,2.58364,0.22934,0.64755,0.57705,0.35704,0.38705,0.57705
-16.9447,22.90784,6.7467,-0.55565,-0.12535,0.82191,0.99105,0.0,0.0,nan,0.0,0.0051,0.02097,13.72145,1.89757,0.22923,0.55737,0.5652,0.49965,0.52699,0.5652
-16.95019,25.02007,-6.84514,-0.62356,-0.25436,-0.73924,0.98755,0.0,0.0,nan,0.0,0.0099,0.04557,15.802,3.34191,0.23786,0.67215,0.81694,0.46346,0.29923,0.81694
-17.61637,24.59694,-5.4636,-0.7054,-0.2017,-0.67951,0.98815,0.0,0.0,nan,0.0,0.01004,0.02777,15.40675,2.96111,0.23627,0.54326,0.40845,0.75164,0.33771,0.40845
-16.85835,25.09602,6.84335,-0.59063,0.0359,0.80614,0.99534,0.0,0.0,nan,0.0,0.00674,0.02394,12.05,1.85486,0.23595,0.64632,0.3938,0.50804,0.53912,0.3938
-17.00773,26.91621,-7.15117,-0.61439,-0.0758,-0.78535,0.99255,0.0,0.0,nan,0.0,0.01164,0.06563,6.39705,1.70364,0.23523,0.53898,0.66531,0.4318,0.58698,0.66531
-16.92587,27.08417,6.6115,-0.61558,-0.06265,0.78558,0.99384,0.0,0.0,nan,0.0,0.00547,0.01464,12.5346,1.84635,0.23949,0.53747,0.24358,0.80567,0.54161,0.24358
-16.99776,29.1017,-7.01682,-0.53132,0.13166,-0.83688,0.99105,0.0,0.0,nan,0.0,0.00312,0.01755,11.63856,1.96771,0.22794,0.49438,0.56184,0.4219,0.50821,0.56184
-17.06185,29.01408,7.03366,-0.65775,-0.04122,0.75211,0.98365,0.0,0.0,nan,0.0,0.00543,0.01979,11.00945,3.4161,0.24167,0.52482,0.37673,0.61755,0.29273,0.37673
-16.97417,30.97708,-6.65948,-0.48358,0.11315,-0.86796,0.99335,0.0,0.0,nan,0.0,0.00507,0.01762,15.32629,2.03405,0.23532,0.52629,0.60677,0.61844,0.49163,0.60677
-17.97418,30.98653,5.98893,-0.68852,0.02759,0.7247,0.99005,0.0,0.0,nan,0.0,0.0065,0.02102,14.83483,1.69158,0.23832,0.55533,0.39652,0.63167,0.59116,0.39652
-16.64561,30.95618,6.66905,-0.65914,0.0635,0.74933,0.98835,0.0,0.0,nan,0.0,0.00592,0.01654,13.98177,3.46008,0.23804,0.5784,0.55573,0.70752,0.28901,0.55573
-16.96173,32.96869,-6.51007,-0.4929,0.01733,-0.86991,0.99295,0.0,0.0,nan,0.0,0.00758,0.02428,16.29658,1.90902,0.23539,0.56203,0.43432,0.62369,0.52383,0.43432
-17.96759,33.22268,-5.95193,-0.64517,0.03677,-0.76315,0.97656,0.0,0.0,nan,0.0,0.00877,0.04021,15.79476,1.81552,0.23463,0.72632,0.72659,0.33844,0.55081,0.72659
-16.8663,32.36056,5.97386,-0.62185,-0.07005,0.78,0.94769,0.0,0.0,nan,0.0,0.00659,0.01606,14.99862,2.51757,0.24032,0.51381,0.38452,0.90447,0.39721,0.38452
-16.9109,33.06758,6.74337,-0.6151,-0.06105,0.78608,0.99454,0.0,0.0,nan,0.0,0.00554,0.02212,22.04999,1.92767,0.23298,0.51846,0.7595,0.54367,0.51876,0.7595
-17.02909,35.03394,-6.67366,-0.5102,0.02196,-0.85977,0.98415,0.0,0.0,nan,0.0,0.00464,0.0156,14.76047,1.70348,0.24188,0.55612,0.7302,0.60745,0.58703,0.7302
-17.92824,35.10531,-5.89217,-0.64833,0.05996,-0.759,0.97376,0.0,0.0,nan,0.0,0.00511,0.02761,13.50676,3.23331,0.23806,0.64324,0.64806,0.33034,0.30928,0.64806
-16.86769,34.91934,6.82122,-0.55391,-0.0713,0.82952,0.99604,0.0,0.0,nan,0.0,0.00185,0.02397,34.35099,1.70899,0.24313,0.78323,0.95384,0.2994,0.58514,0.95384
-16.87906,36.9942,-6.62633,-0.52861,0.04113,-0.84787,0.98485,0.0,0.0,nan,0.0,0.00385,0.01247,11.98225,1.72698,0.24585,0.57014,0.47924,0.63163,0.57905,0.47924
-17.85847,37.07227,-5.81468,-0.67422,0.03604,-0.73765,0.97376,0.0,0.0,nan,0.0,0.00488,0.02392,12.79551,2.54269,0.24535,0.72175,0.73718,0.32685,0.39328,0.73718
-16.9507,36.86953,7.11335,-0.51541,-0.05534,0.85515,0.99404,0.0,0.0,nan,0.0,0.00347,0.03036,33.99597,1.83728,0.23681,0.77077,0.92819,0.36572,0.54428,0.92819
-16.8514,38.9245,-6.39877,-0.54754,0.02805,-0.83631,0.98945,0.0,0.0,nan,0.0,0.00519,0.01895,13.85875,2.01833,0.23358,0.53416,0.45428,0.58659,0.49546,0.45428
-17.81238,39.06081,-5.81879,-0.6846,0.04776,-0.72736,0.96717,0.0,0.0,nan,0.0,0.00395,0.02283,12.23015,3.32479,0.23747,0.6384,0.74347,0.31533,0.30077,0.74347
-17.05422,39.04223,7.44148,-0.55216,0.09117,0.82874,0.96237,0.0,0.0,nan,0.0,0.00708,0.02859,18.90783,3.20906,0.2332,0.3923,0.38397,0.69786,0.31162,0.38397
-16.94669,40.98641,-6.60887,-0.58066,-0.04278,-0.81302,0.97556,0.0,0.0,nan,0.0,0.00489,0.01794,12.60773,1.92219,0.22706,0.63412,0.58029,0.49776,0.52024,0.58029
-17.82713,41.08273,-5.71778,-0.75325,0.0019,-0.65773,0.95778,0.0,0.0,nan,0.0,0.00368,0.03541,15.35786,3.02897,0.22876,0.71757,0.87332,0.27059,0.33015,0.87332
-17.3997,41.25478,5.39894,-0.64365,0.07669,0.76146,0.9392,0.0,0.0,nan,0.0,0.0076,0.0175,17.10912,1.74263,0.23785,0.57972,0.35082,0.83726,0.57385,0.35082
-16.7562,40.93591,6.88542,-0.60562,0.13271,0.78461,0.99704,0.0,0.0,nan,0.0,0.00768,0.02409,21.36907,1.97147,0.22971,0.56009,0.50896,0.62269,0.50724,0.50896
-16.83895,43.02094,-6.6369,-0.60347,0.04281,-0.79624,0.97866,0.0,0.0,nan,0.0,0.00498,0.03509,11.71181,1.81552,0.23614,0.41194,0.53612,0.40349,0.55081,0.53612
-17.70156,43.01052,-5.56164,-0.78447,0.02644,-0.61961,0.98675,0.0,0.0,nan,0.0,0.01405,0.05923,10.12164,1.81552,0.23677,0.51891,0.63175,0.54754,0.55081,0.63175
-17.46655,42.53835,5.68583,-0.61295,-0.06093,0.78777,0.97376,0.0,0.0,nan,0.0,0.011,0.02318,18.71066,2.13218,0.23003,0.56688,0.52269,0.92649,0.469,0.52269
-16.55121,43.13002,6.52067,-0.60333,-0.0846,0.79299,0.98945,0.0,0.0,nan,0.0,0.01136,0.02432,24.37127,2.0928,0.23204,0.61419,0.62018,0.82285,0.47783,0.62018
-16.73577,44.97354,-6.50778,-0.57442,0.00741,-0.81853,0.98695,0.0,0.0,nan,0.0,0.00548,0.02069,13.77895,1.88257,0.22875,0.4448,0.56318,0.68135,0.53119,0.56318
-17.7232,45.0059,-5.59568,-0.76916,0.00744,-0.63902,0.97616,0.0,0.0,nan,0.0,0.00472,0.0257,16.45418,1.99137,0.23362,0.59907,0.82639,0.45468,0.50217,0.82639
-17.82661,45.60564,5.67148,-0.58051,0.13807,0.80246,0.99135,0.0,0.0,nan,0.0,0.0091,0.01986,19.36161,2.63097,0.23544,0.61278,0.6028,0.82492,0.38009,0.6028
-16.95361,44.99057,6.97047,-0.62733,0.07299,0.77532,0.98895,0.0,0.0,nan,0.0,0.00665,0.02698,24.1036,1.85956,0.23587,0.60502,0.79385,0.51289,0.53776,0.79385
-16.78662,47.06435,-6.71449,-0.60627,-0.13868,-0.78307,0.98465,0.0,0.0,nan,0.0,0.01249,0.03906,15.60729,1.8896,0.23381,0.58622,0.35218,0.61567,0.52921,0.35218
-17.80309,46.92283,-5.59477,-0.79009,-0.09179,-0.60608,0.98156,0.0,0.0,nan,0.0,0.01027,0.03476,16.2221,1.85641,0.23207,0.6557,0.58527,0.506,0.53867,0.58527
-17.36604,47.02061,5.51934,-0.5428,0.07985,0.83606,0.94749,0.0,0.0,nan,0.0,0.00839,0.01732,19.85509,3.57009,0.237,0.55549,0.53928,0.95944,0.2801,0.53928
-16.30541,46.80051,6.53224,-0.64964,0.1453,0.74623,0.96617,0.0,0.0,nan,0.0,0.01667,0.04183,24.47884,1.66264,0.23666,0.65295,0.70738,0.66028,0.60145,0.70738
-16.91695,49.0188,-6.89474,-0.6225,-0.00498,-0.7826,0.98575,0.0,0.0,nan,0.0,0.00751,0.02605,12.44778,1.72163,0.2452,0.61618,0.75468,0.55117,0.58085,0.75468
-17.74994,48.81927,-5.70016,-0.78296,-0.04875,-0.62017,0.98915,0.0,0.0,nan,0.0,0.01174,0.03934,11.5062,3.01971,0.22918,0.5587,0.76975,0.66929,0.33116,0.76975
-17.24374,48.56289,5.56386,-0.53889,-0.13533,0.83144,0.96307,0.0,0.0,nan,0.0,0.00789,0.01877,19.39917,3.04548,0.23806,0.56038,0.34619,0.8276,0.32836,0.34619
-16.81479,49.202,6.6548,-0.56082,-0.11076,0.82049,0.99374,0.0,0.0,nan,0.0,0.00991,0.02616,21.08807,1.76906,0.23938,0.59733,0.40696,0.6942,0.56527,0.40696
-16.9555,50.9785,-6.68655,-0.65946,-0.04005,-0.75068,0.99494,0.0,0.0,nan,0.0,0.00349,0.01146,12.05083,1.73932,0.23757,0.37548,0.4523,0.94618,0.57494,0.4523
-17.79586,51.36322,-5.85116,-0.7538,-0.02142,-0.65675,0.99005,0.0,0.0,nan,0.0,0.00446,0.01629,12.42414,1.67218,0.23336,0.38915,0.38299,0.81714,0.59802,0.38299
-17.85015,51.72472,5.81184,-0.63815,0.21169,0.74024,0.98835,0.0,0.0,nan,0.0,0.01,0.03486,28.44985,3.41649,0.23227,0.8101,0.7186,0.3789,0.2927,0.7186
-17.10353,50.97147,6.88408,-0.55409,0.05806,0.83043,0.95109,0.0,0.0,nan,0.0,0.00419,0.0287,26.81771,1.74481,0.23607,0.66188,0.84634,0.34309,0.57313,0.84634
-16.20669,53.55753,-8.26558,-0.65192,-0.27626,-0.70618,0.98325,0.0,0.0,nan,0.0,0.01193,0.04044,10.12606,1.88223,0.22638,0.44363,0.41833,0.79594,0.53128,0.41833
-16.84923,53.04226,-6.9313,-0.733,-0.22747,-0.64107,0.99295,0.0,0.0,nan,0.0,0.00605,0.02943,13.32926,1.81552,0.24247,0.42681,0.75072,0.55536,0.55081,0.75072
-17.77036,52.78115,-5.78564,-0.81174,-0.11181,-0.57321,0.99185,0.0,0.0,nan,0.0,0.01704,0.06429,14.01581,1.82508,0.22838,0.6345,0.75144,0.4795,0.54792,0.75144
-17.43295,53.13823,5.03465,-0.66354,0.13201,0.7364,0.96857,0.0,0.0,nan,0.0,0.00369,0.02688,25.98578,2.69501,0.21508,0.71341,0.93826,0.52152,0.37106,0.93826
-16.79378,52.92795,6.7077,-0.58072,0.15068,0.80004,0.97536,0.0,0.0,nan,0.0,0.0073,0.03547,32.4773,1.71943,0.23174,0.69911,0.89466,0.58167,0.58159,0.89466
-16.49201,55.00315,-8.42642,-0.67124,-0.17062,-0.72134,0.97426,0.0,0.0,nan,0.0,0.01401,0.04695,11.38173,1.69778,0.23126,0.37344,0.69384,0.9395,0.589,0.69384
-17.59954,54.95323,-7.21481,-0.81764,-0.14993,-0.55587,0.99005,0.0,0.0,nan,0.0,0.00846,0.02718,11.04813,1.65047,0.21686,0.36831,0.41279,0.99813,0.60589,0.41279
-17.88926,54.47768,-5.86523,-0.86226,-0.1245,-0.49093,0.99734,0.0,0.0,nan,0.0,0.01512,0.03529,10.48467,3.41324,0.23409,0.57652,0.70611,0.88473,0.29298,0.70611
-17.52649,54.79484,5.61993,-0.66756,0.00964,0.74449,0.99075,0.0,0.0,nan,0.0,0.01005,0.02857,22.0382,3.09772,0.23449,0.61481,0.34913,0.62432,0.32282,0.34913
-16.68468,54.91737,6.58086,-0.56444,0.03691,0.82465,0.95928,0.0,0.0,nan,0.0,0.00945,0.02798,22.20091,1.86474,0.23037,0.56817,0.64353,0.64828,0.53627,0.64353
-16.66801,57.00713,-8.68205,-0.66554,-0.04056,-0.74526,0.95728,0.0,0.0,nan,0.0,0.01765,0.04847,12.14497,1.78231,0.23227,0.4265,0.49458,0.99444,0.56107,0.49458
-17.59107,56.91953,-7.24459,-0.85391,-0.02663,-0.51974,0.99424,0.0,0.0,nan,0.0,0.01671,0.0391,10.21275,1.91121,0.22226,0.53419,0.65648,0.95663,0.52323,0.65648
-17.90552,57.91833,3.88158,-0.66102,0.21302,0.7195,0.99205,0.0,0.0,nan,0.0,0.00499,0.0251,37.5918,1.65047,0.23278,0.72628,0.87567,0.48209,0.60589,0.87567
-17.13742,57.30643,5.47605,-0.56208,0.27908,0.77858,0.99534,0.0,0.0,nan,0.0,0.00667,0.02366,25.58657,2.56161,0.22658,0.61227,0.55099,0.49616,0.39038,0.55099
-16.56846,56.61705,6.42914,-0.50519,0.24281,0.82815,0.96497,0.0,0.0,nan,0.0,0.00455,0.02688,22.64668,3.37993,0.23686,0.45867,0.64449,0.40192,0.29586,0.64449
-16.70704,59.01793,-8.74953,-0.57075,0.19376,-0.79794,0.86047,0.0,0.0,nan,0.0,0.00284,0.05883,40.43541,2.5153,0.2188,0.83368,0.97904,0.22742,0.39757,0.97904
-17.52239,59.02905,-7.07289,-0.85996,0.14118,-0.49044,0.96647,0.0,0.0,nan,0.0,0.00654,0.15083,24.44019,2.03839,0.23138,0.75019,0.95568,0.18281,0.49058,0.95568
-17.7905,59.64296,-5.04916,-0.9419,0.18109,-0.28288,0.99604,0.0,0.0,nan,0.0,0.00467,0.01465,11.58927,1.86247,0.23487,0.44179,0.31472,0.84562,0.53692,0.31472
-17.92482,59.70898,-3.90668,-0.9342,0.20471,-0.29216,0.98565,0.0,0.0,nan,0.0,0.0079,0.01897,13.60417,1.82623,0.23596,0.53354,0.46106,0.89507,0.54758,0.46106
-17.99697,59.46514,3.95947,-0.63922,0.21132,0.73942,0.99205,0.0,0.0,nan,0.0,0.00528,0.02458,35.07822,2.20678,0.22531,0.68396,0.85871,0.50891,0.45315,0.85871
-16.903,59.02188,5.18632,-0.51562,0.23454,0.82409,0.99544,0.0,0.0,nan,0.0,0.00722,0.0163,28.52116,2.2336,0.21942,0.58136,0.52666,0.81585,0.44771,0.52666
-16.60822,60.67212,-8.36412,-0.33533,0.47625,-0.81286,0.81861,0.0,0.0,nan,0.0,0.00659,0.0296,38.14112,2.40186,0.22598,0.73563,0.86206,0.49639,0.41634,0.86206
-17.48458,61.17618,-7.31967,-0.70892,0.36866,-0.60127,0.78804,0.0,0.0,nan,0.0,0.00937,0.07466,77.98697,1.86752,0.23943,0.61002,0.86421,0.33257,0.53547,0.86421
-17.84914,61.11182,-5.08292,-0.9033,0.25673,-0.34371,0.99155,0.0,0.0,nan,0.0,0.00753,0.17658,74.46442,1.81552,0.23387,0.63384,0.94861,0.18951,0.55081,0.94861
-17.94742,61.84287,-3.8175,-0.92902,0.23441,-0.28629,0.99694,0.0,0.0,nan,0.0,0.00686,0.06004,31.66167,2.08764,0.23857,0.37598,0.70806,0.32302,0.47901,0.70806
-17.74266,61.69281,3.4753,-0.64668,0.27609,0.71104,0.99644,0.0,0.0,nan,0.0,0.00875,0.01933,23.73345,2.50062,0.22676,0.54833,0.47553,0.89468,0.3999,0.47553
-16.72125,61.03492,4.36677,-0.57335,0.23242,0.78566,0.99704,0.0,0.0,nan,0.0,0.0112,0.02583,26.12065,1.65112,0.23409,0.51752,0.52016,0.9023,0.60565,0.52016
-16.77714,62.97269,-6.9507,-0.43264,0.54304,-0.71967,0.85118,0.0,0.0,nan,0.0,0.01037,0.02859,58.56201,3.46599,0.23384,0.66035,0.72501,0.56789,0.28852,0.72501
-17.43386,63.27046,-5.31693,-0.77329,0.40412,-0.48858,0.90603,0.0,0.0,nan,0.0,0.00697,0.07459,79.34505,2.22676,0.22851,0.36697,0.44819,0.26098,0.44908,0.44819
-17.75974,63.21165,-2.86275,-0.91367,0.18791,-0.36042,0.99195,0.0,0.0,nan,0.0,0.00754,0.04122,25.52008,1.95803,0.23388,0.41461,0.58329,0.47605,0.51072,0.58329
-17.92888,63.08431,-1.93134,-0.92515,0.14427,-0.35111,0.98465,0.0,0.0,nan,0.0,0.00887,0.0261,18.38511,1.7393,0.23387,0.40099,0.38255,0.93964,0.57494,0.38255
-17.16751,63.09359,3.21612,-0.58853,0.41863,0.69165,0.99594,0.0,0.0,nan,0.0,0.0113,0.02334,21.99245,2.18455,0.22793,0.58496,0.4154,0.90282,0.45776,0.4154
-16.60322,62.75743,4.56105,-0.58148,0.34476,0.7369,0.97296,0.0,0.0,nan,0.0,0.01333,0.0331,23.10133,2.54908,0.23758,0.64433,0.69188,0.67927,0.3923,0.69188
-17.10642,64.01035,-6.14682,-0.61476,0.42354,-0.66535,0.84509,0.0,0.0,nan,0.0,0.01042,0.05751,76.59744,1.86479,0.22671,0.58876,0.56058,0.31566,0.53625,0.56058
-16.74201,64.93978,-4.67252,-0.7445,0.2678,-0.61156,0.97456,0.0,0.0,nan,0.0,0.01088,0.08672,63.85558,3.3842,0.2514,0.49619,0.70799,0.26066,0.29549,0.70799
-17.41694,64.95134,-3.10967,-0.8897,0.21751,-0.40141,0.96987,0.0,0.0,nan,0.0,0.01865,0.09697,31.41386,2.69632,0.23252,0.63155,0.6964,0.32397,0.37088,0.6964
-17.44515,65.77007,-0.20279,-0.7482,0.61848,0.24018,0.96168,0.0,0.0,nan,0.0,0.00806,0.02567,29.85576,1.98302,0.22514,0.64404,0.73918,0.52007,0.50428,0.73918
-17.38077,65.22104,1.02,-0.65825,0.61303,0.43692,0.97676,0.0,0.0,nan,0.0,0.01448,0.04211,23.10285,2.0434,0.22867,0.58503,0.72437,0.63858,0.48938,0.72437
-16.79028,64.79081,2.63957,-0.54615,0.55665,0.62599,0.98645,0.0,0.0,nan,0.0,0.01022,0.02671,20.36943,1.6893,0.2329,0.46175,0.3326,0.90979,0.59196,0.3326
-16.64347,66.70277,-4.63843,-0.65319,0.45888,-0.6023,0.81172,0.0,0.0,nan,0.0,0.01589,0.03703,20.94352,2.87219,0.22649,0.61044,0.77625,0.84086,0.34817,0.77625
-17.23599,67.28469,-3.17668,-0.60105,0.74187,-0.29727,0.75807,0.0,0.0,nan,0.0,0.01293,0.03093,31.81655,2.87896,0.24052,0.6121,0.43853,0.72578,0.34735,0.43853
-16.8856,66.92975,-1.02494,-0.59524,0.78903,0.15207,0.9336,0.0,0.0,nan,0.0,0.0059,0.04312,25.22592,2.58102,0.21458,0.52953,0.85966,0.42996,0.38744,0.85966
-16.38423,66.66836,0.95711,-0.54427,0.71849,0.43306,0.98395,0.0,0.0,nan,0.0,0.00908,0.02472,26.63623,1.88697,0.23382,0.66904,0.68345,0.58999,0.52995,0.68345
-16.17838,66.15077,2.10864,-0.54318,0.64204,0.54105,0.98296,0.0,0.0,nan,0.0,0.00828,0.02051,25.52939,3.522,0.23125,0.62207,0.61807,0.69941,0.28393,0.61807
-15.08464,1.79344,-2.54715,0.02535,-0.97872,-0.20363,0.99614,0.0,0.0,nan,0.0,0.00975,0.06424,18.68081,1.87574,0.23518,0.41421,0.79491,0.47386,0.53312,0.79491
-15.00444,1.34677,-1.0238,0.08581,-0.97656,-0.19741,0.99494,0.0,0.0,nan,0.0,0.01392,0.05852,12.33828,1.78038,0.23416,0.47459,0.55342,0.58239,0.56168,0.55342
-15.07199,1.08452,1.06485,0.09513,-0.95719,0.27338,0.91762,0.0,0.0,nan,0.0,0.00653,0.03445,13.19697,1.91373,0.22937,0.53227,0.73335,0.40987,0.52254,0.73335
-14.9045,1.77476,2.23844,0.06073,-0.79833,0.59915,0.95488,0.0,0.0,nan,0.0,0.00547,0.01816,17.08742,1.92508,0.22784,0.51615,0.37081,0.6516,0.51946,0.37081
-14.96562,3.05648,-6.58641,-0.25084,-0.61127,-0.75062,0.90173,0.0,0.0,nan,0.0,0.01027,0.06197,30.19179,1.84453,0.23632,0.28474,0.55474,0.6206,0.54214,0.55474
-15.0088,2.08085,-5.07913,-0.14721,-0.90764,-0.3931,0.9344,0.0,0.0,nan,0.0,0.01847,0.05869,25.99879,1.66735,0.23446,0.52359,0.63151,0.64723,0.59975,0.63151
-14.94443,2.04311,-3.48587,-0.02693,-0.98221,-0.18585,0.99734,0.0,0.0,nan,0.0,0.00917,0.04512,20.98433,1.75127,0.2446,0.43891,0.50721,0.50733,0.57101,0.50721
-14.98429,3.08886,3.00788,-0.02008,-0.6656,0.74604,0.98645,0.0,0.0,nan,0.0,0.00827,0.02085,21.58874,1.92548,0.23185,0.5242,0.36305,0.82727,0.51935,0.36305
-14.20492,3.78582,4.16903,-0.17399,-0.64405,0.74493,0.98545,0.0,0.0,nan,0.0,0.02269,0.04603,25.83785,1.74509,0.22167,0.60793,0.35313,0.87373,0.57304,0.35313
-14.97264,4.97876,-7.23961,-0.32306,-0.26606,-0.90821,0.98296,0.00803,0.04016,0.7,1.0,0.00606,0.05751,27.60953,1.81552,0.23304,0.26487,0.39535,0.42686,0.55081,0.39535
-15.27275,4.00366,3.83305,-0.15673,-0.54361,0.82457,0.98585,0.0,0.0,nan,0.0,0.01048,0.02283,27.73577,1.69506,0.22535,0.55279,0.47826,0.89003,0.58995,0.47826
-15.00711,4.97338,4.88821,-0.24675,-0.44071,0.86307,0.97776,0.0,0.0,nan,0.0,0.01812,0.03875,32.14129,2.72343,0.23649,0.5426,0.42305,0.91552,0.36718,0.42305
-14.34875,7.84168,-8.04567,-0.24918,-0.07562,-0.9655,0.98216,0.0,0.0,nan,0.0,0.00353,0.01694,18.1418,2.1665,0.23259,0.42902,0.44294,0.53952,0.46157,0.44294
-15.09069,6.95707,-7.68021,-0.32969,-0.12184,-0.93619,0.97746,0.02221,0.11107,0.7,1.0,0.00392,0.0264,16.26342,2.07748,0.22477,0.39189,0.43064,0.42584,0.48135,0.43064
-15.04026,6.93137,5.26715,-0.21085,-0.27504,0.93803,0.99584,0.0,0.0,nan,0.0,0.01313,0.02704,30.89575,1.97725,0.22339,0.56614,0.56481,0.9134,0.50575,0.56481
-14.4189,8.99133,-8.18282,-0.28579,0.00898,-0.95825,0.96267,0.0,0.0,nan,0.0,0.00441,0.02175,16.77651,3.18549,0.22961,0.49924,0.52083,0.45424,0.31392,0.52083
-15.27283,9.03061,-7.40156,-0.44387,0.07036,-0.89332,0.98545,0.0,0.0,nan,0.0,0.00822,0.03203,15.6831,1.99106,0.23364,0.57293,0.59898,0.5053,0.50224,0.59898
-15.02284,8.33689,5.59962,-0.2052,-0.2236,0.95284,0.99474,0.0,0.0,nan,0.0,0.00893,0.02131,28.46876,1.85285,0.2361,0.51568,0.54869,0.86945,0.53971,0.54869
-14.934,9.22934,6.44878,-0.24245,-0.23451,0.9414,0.97876,0.0,0.0,nan,0.0,0.00788,0.02277,28.78329,2.2117,0.22928,0.4991,0.60661,0.74135,0.45214,0.60661
-14.21063,10.54039,-8.11813,-0.31395,0.09988,-0.94417,0.96797,0.0,0.0,nan,0.0,0.00583,0.02551,22.01862,2.46973,0.22157,0.44812,0.7873,0.6318,0.4049,0.7873
-15.06933,11.06593,-7.24038,-0.49784,0.14188,-0.85558,0.98495,0.0,0.0,nan,0.0,0.01575,0.05049,19.80273,1.92953,0.23094,0.57572,0.6181,0.59651,0.51826,0.6181
-15.53442,10.88196,5.70185,-0.23848,-0.19056,0.95227,0.97746,0.0,0.0,nan,0.0,0.00636,0.02773,28.04829,1.65047,0.24045,0.63632,0.85745,0.58803,0.60589,0.85745
-14.7023,11.05602,6.38932,-0.24364,-0.18539,0.95198,0.99664,0.0,0.0,nan,0.0,0.00893,0.02488,27.21694,1.73981,0.24112,0.64792,0.58807,0.59458,0.57478,0.58807
-14.95606,13.03027,-6.92062,-0.57046,0.06785,-0.81852,0.99354,0.0,0.0,nan,0.0,0.00612,0.02552,19.35861,1.86773,0.2316,0.29871,0.34614,0.88498,0.53541,0.34614
-15.83417,13.75665,-5.71681,-0.72898,0.00454,-0.68452,0.97966,0.0,0.0,nan,0.0,0.00606,0.01919,14.71825,1.87418,0.23311,0.4444,0.48359,0.80729,0.53357,0.48359
-15.78064,12.29953,5.93804,-0.28826,-0.18678,0.93916,0.98645,0.0,0.0,nan,0.0,0.00896,0.02915,27.20887,1.88302,0.23961,0.66927,0.6639,0.49305,0.53106,0.6639
-14.99603,12.90567,6.86498,-0.28701,-0.19748,0.93735,0.98685,0.0,0.0,nan,0.0,0.01432,0.04038,21.93143,1.86152,0.23597,0.69911,0.62818,0.55349,0.5372,0.62818
-15.01012,14.96948,-7.09056,-0.53454,-0.09835,-0.8394,0.98276,0.0,0.0,nan,0.0,0.01393,0.04722,20.09496,2.87856,0.22548,0.38839,0.5301,0.83497,0.3474,0.5301
-15.93344,14.10247,-5.79993,-0.73486,-0.04184,-0.67693,0.98335,0.0,0.0,nan,0.0,0.00867,0.02666,14.60746,2.04188,0.23592,0.48723,0.55818,0.75837,0.48974,0.55818
-15.01658,14.99454,6.91834,-0.33976,0.03675,0.93979,0.99454,0.0,0.0,nan,0.0,0.00723,0.03026,28.54341,1.89904,0.22695,0.65883,0.83657,0.53694,0.52658,0.83657
-15.05811,17.0146,-7.36209,-0.47391,-0.03356,-0.87993,0.98156,0.0,0.0,nan,0.0,0.00484,0.03267,22.28697,2.38091,0.22783,0.30091,0.34439,0.53645,0.42001,0.34439
-14.97127,17.13391,6.68548,-0.31846,-0.1233,0.93988,0.98455,0.0,0.0,nan,0.0,0.01295,0.02717,27.56216,2.03763,0.22557,0.5734,0.49591,0.89168,0.49077,0.49591
-14.05662,18.55089,-8.06617,-0.30868,-0.02718,-0.95078,0.96547,0.0,0.0,nan,0.0,0.00718,0.03027,25.61773,2.08609,0.22471,0.307,0.46131,0.83258,0.47937,0.46131
-15.13765,18.93717,-7.23407,-0.51642,-0.04482,-0.85516,0.98116,0.0,0.0,nan,0.0,0.01232,0.03839,22.37189,2.05328,0.23554,0.52047,0.40827,0.67157,0.48702,0.40827
-15.95314,18.87759,-5.92882,-0.67194,-0.0426,-0.73938,0.96817,0.0,0.0,nan,0.0,0.00832,0.02115,16.96981,1.65047,0.23394,0.52289,0.38915,0.84094,0.60589,0.38915
-15.08303,18.83536,7.36151,-0.29679,-0.15263,0.94267,0.98076,0.0,0.0,nan,0.0,0.00735,0.02255,21.69936,3.63103,0.24892,0.51032,0.44203,0.69788,0.2754,0.44203
-14.12435,19.74824,8.04676,-0.24045,-0.1505,0.95892,0.95898,0.0,0.0,nan,0.0,0.00936,0.02149,17.88603,2.30573,0.22897,0.5842,0.44396,0.82921,0.4337,0.44396
-15.01133,21.03477,-7.81418,-0.341,0.05988,-0.93816,0.9406,0.0,0.0,nan,0.0,0.01057,0.03128,23.02275,1.70353,0.24861,0.58092,0.76518,0.66434,0.58702,0.76518
-15.16241,21.14149,7.23003,-0.42252,-0.1013,0.90068,0.99524,0.0,0.0,nan,0.0,0.01161,0.02931,17.08679,2.16715,0.23542,0.69248,0.51113,0.63915,0.46144,0.51113
-14.14872,20.3293,8.0513,-0.26259,-0.13771,0.95503,0.97237,0.0,0.0,nan,0.0,0.01051,0.02404,17.90503,3.46599,0.2383,0.60642,0.55676,0.80115,0.28852,0.55676
-15.13634,23.00788,-7.12465,-0.35708,-0.03735,-0.93333,0.98176,0.0,0.0,nan,0.0,0.01019,0.03242,22.48254,3.21154,0.24199,0.62122,0.59384,0.5508,0.31138,0.59384
-15.3699,22.61053,7.6659,-0.45207,-0.16693,0.87622,0.99055,0.0,0.0,nan,0.0,0.00916,0.02515,15.31931,2.68446,0.23022,0.60775,0.38036,0.67742,0.37251,0.38036
-14.58212,23.25157,8.18893,-0.33878,-0.13736,0.93078,0.98026,0.0,0.0,nan,0.0,0.00919,0.0231,14.95559,3.15175,0.23141,0.63152,0.43951,0.71429,0.31728,0.43951
-14.72376,25.37321,-8.29427,-0.28447,-0.26478,-0.92139,0.97846,0.0,0.0,nan,0.0,0.00662,0.03782,23.12907,2.07697,0.22817,0.48472,0.6457,0.39233,0.48147,0.6457
-15.26897,24.54115,-7.82929,-0.34463,-0.24093,-0.90729,0.97127,0.0,0.0,nan,0.0,0.00687,0.0314,22.67422,2.08899,0.22356,0.52174,0.51036,0.45662,0.4787,0.51036
-15.72332,25.36488,7.72855,-0.51332,0.01892,0.85799,0.98965,0.0,0.0,nan,0.0,0.0049,0.01487,16.62201,1.75113,0.23645,0.60356,0.44999,0.61161,0.57106,0.44999
-14.78442,24.94591,8.46428,-0.38211,-0.03214,0.92356,0.96118,0.0,0.0,nan,0.0,0.00957,0.02678,18.55819,1.91298,0.23701,0.55316,0.44026,0.71545,0.52274,0.44026
-14.81027,27.06445,-8.40658,-0.31885,-0.09057,-0.94347,0.97486,0.0,0.0,nan,0.0,0.01075,0.06995,14.19703,1.8917,0.22641,0.53532,0.64421,0.32766,0.52862,0.64421
-15.82591,27.01262,-7.87764,-0.46207,-0.05923,-0.88486,0.98685,0.0,0.0,nan,0.0,0.01235,0.07258,8.44636,1.86496,0.2333,0.67491,0.68123,0.31193,0.5362,0.68123
-15.45843,26.81077,7.32004,-0.53372,-0.09057,0.8408,0.98475,0.0,0.0,nan,0.0,0.00649,0.02288,17.1907,1.76283,0.22167,0.66837,0.71032,0.47366,0.56727,0.71032
-14.65623,27.08495,8.50752,-0.46176,-0.1434,0.87534,0.98475,0.0,0.0,nan,0.0,0.0072,0.02668,18.69882,2.17104,0.22394,0.60271,0.82349,0.64803,0.46061,0.82349
-14.75647,28.843,-8.454,-0.43555,0.10392,-0.89414,0.98585,0.0,0.0,nan,0.0,0.0027,0.0119,13.24401,1.6612,0.23896,0.44109,0.51267,0.59144,0.60197,0.51267
-15.35125,29.60701,-7.81506,-0.48665,0.15263,-0.86016,0.99694,0.0,0.0,nan,0.0,0.00416,0.01402,14.71058,2.19541,0.22711,0.5008,0.33434,0.67363,0.4555,0.33434
-15.90524,28.51532,7.92577,-0.60206,-0.13449,0.78704,0.99105,0.0,0.0,nan,0.0,0.00938,0.03503,12.17259,2.07452,0.23003,0.71819,0.75966,0.4481,0.48204,0.75966
-14.96797,28.99648,8.62305,-0.50307,-0.12811,0.8547,0.98036,0.0,0.0,nan,0.0,0.01588,0.06671,11.23735,1.70903,0.22971,0.6011,0.34536,0.46664,0.58513,0.34536
-14.33107,31.26103,-8.30129,-0.57073,0.07088,-0.81807,0.99434,0.0,0.0,nan,0.0,0.0053,0.0155,16.67932,1.92994,0.22159,0.47696,0.30004,0.80231,0.51815,0.30004
-15.1579,30.87711,-7.39343,-0.5146,0.14468,-0.84514,0.99544,0.0,0.0,nan,0.0,0.00411,0.01198,18.02976,2.04247,0.22952,0.43725,0.48264,0.87149,0.4896,0.48264
-15.94503,31.55466,7.77449,-0.6723,0.02536,0.73984,0.99744,0.0,0.0,nan,0.0,0.00439,0.01492,13.75219,1.81552,0.23887,0.54576,0.35195,0.61813,0.55081,0.35195
-14.97286,30.98552,8.69245,-0.58791,0.03302,0.80825,0.97826,0.0,0.0,nan,0.0,0.00623,0.03703,8.56998,2.27263,0.22197,0.74592,0.82775,0.37012,0.44002,0.82775
-14.11155,33.03754,-8.09338,-0.56873,0.05499,-0.82069,0.99724,0.0,0.0,nan,0.0,0.00841,0.02092,16.34692,1.68313,0.23098,0.57538,0.48505,0.78403,0.59413,0.48505
-15.0899,33.002,-7.13874,-0.52661,0.01551,-0.84997,0.99145,0.0,0.0,nan,0.0,0.00676,0.01583,17.6626,3.37648,0.23633,0.49436,0.59488,0.96178,0.29617,0.59488
-15.59506,32.66117,7.45863,-0.65581,-0.01933,0.75468,0.98885,0.0,0.0,nan,0.0,0.00631,0.0185,14.84948,3.36747,0.23452,0.62974,0.66374,0.61419,0.29696,0.66374
-14.89018,33.08267,8.55717,-0.58135,0.0249,0.81327,0.98625,0.0,0.0,nan,0.0,0.00691,0.01808,11.42393,1.89023,0.23834,0.61709,0.60462,0.7278,0.52904,0.60462
-14.30792,34.54974,-8.24133,-0.53356,0.06593,-0.84319,0.99305,0.0,0.0,nan,0.0,0.00735,0.01833,17.96593,1.81552,0.24589,0.51163,0.34545,0.87041,0.55081,0.34545
-15.11706,35.19634,-7.37207,-0.48738,-0.00594,-0.87317,0.99744,0.0,0.0,nan,0.0,0.00511,0.01378,16.57747,1.65765,0.23173,0.43167,0.62323,0.96353,0.60326,0.62323
-15.50553,35.43248,7.56063,-0.53112,0.02137,0.84703,0.99424,0.0,0.0,nan,0.0,0.01294,0.03211,35.42805,1.71862,0.24109,0.80871,0.66447,0.52627,0.58186,0.66447
-14.8489,34.95843,8.6176,-0.53636,0.07384,0.84075,0.98985,0.0,0.0,nan,0.0,0.00562,0.02178,22.07851,1.81552,0.23442,0.70362,0.81358,0.5022,0.55081,0.81358
-14.21321,37.21032,-8.10249,-0.48758,0.02463,-0.87273,0.99434,0.0,0.0,nan,0.0,0.00963,0.02223,18.0599,1.74212,0.24167,0.64732,0.38605,0.7436,0.57401,0.38605
-15.23864,36.88529,-7.40322,-0.47182,0.05629,-0.87989,0.99674,0.0,0.0,nan,0.0,0.00637,0.0154,15.62376,1.87209,0.23931,0.55079,0.4287,0.84711,0.53416,0.4287
-15.57431,36.63557,7.86042,-0.49713,-0.01618,0.86753,0.99734,0.0,0.0,nan,0.0,0.01096,0.0298,33.10451,2.23565,0.24247,0.70805,0.78651,0.6235,0.4473,0.78651
-14.76413,37.07541,8.43925,-0.49304,-0.01052,0.86994,0.99554,0.0,0.0,nan,0.0,0.00909,0.02425,22.55152,1.69215,0.23537,0.60889,0.82397,0.87773,0.59096,0.82397
-14.00074,38.16426,-8.01099,-0.49144,0.00909,-0.87086,0.99744,0.0,0.0,nan,0.0,0.01137,0.032,15.93073,1.79894,0.23531,0.64767,0.37656,0.6172,0.55588,0.37656
-14.99907,38.95517,-7.07919,-0.48776,0.01911,-0.87277,0.99624,0.0,0.0,nan,0.0,0.0065,0.01706,13.6258,2.05789,0.23242,0.53077,0.42279,0.82279,0.48593,0.42279
-15.49896,39.08174,7.66821,-0.48476,0.03955,0.87375,0.99674,0.0,0.0,nan,0.0,0.01566,0.03658,19.12914,2.11523,0.22387,0.57711,0.63876,0.81949,0.47276,0.63876
-14.60766,38.99949,8.3552,-0.4637,0.00072,0.88599,0.99744,0.0,0.0,nan,0.0,0.01718,0.03974,19.81853,1.65047,0.2227,0.55643,0.63451,0.85518,0.60589,0.63451
-14.05778,40.81359,-8.05082,-0.47885,-0.02658,-0.87749,0.99614,0.0,0.0,nan,0.0,0.00822,0.02494,13.31946,2.23496,0.22726,0.60371,0.44734,0.62772,0.44744,0.44734
-15.16714,40.96296,-7.40791,-0.45797,-0.06209,-0.8868,0.99744,0.0,0.0,nan,0.0,0.00696,0.01832,11.9998,2.7557,0.23193,0.68073,0.54624,0.65077,0.36288,0.54624
-15.59069,40.87336,7.80705,-0.56494,0.10233,0.81876,0.99364,0.0,0.0,nan,0.0,0.00792,0.02482,20.56674,2.18111,0.22482,0.38015,0.4868,0.92138,0.45848,0.4868
-14.60993,41.00044,8.42411,-0.50453,0.07216,0.86037,0.99734,0.0,0.0,nan,0.0,0.01704,0.03909,19.12747,1.81552,0.23364,0.51741,0.52882,0.93049,0.55081,0.52882
-15.00279,42.99681,-7.54493,-0.41275,0.08753,-0.90663,0.99594,0.0,0.0,nan,0.0,0.01096,0.0456,10.78464,1.81552,0.2393,0.64113,0.39334,0.44446,0.55081,0.39334
-15.30254,43.0689,7.68074,-0.53528,-0.04909,0.84325,0.99604,0.0,0.0,nan,0.0,0.01555,0.03372,21.11423,1.7347,0.24138,0.60619,0.44158,0.83289,0.57647,0.44158
-14.39284,42.8335,8.26954,-0.45899,0.01015,0.88838,0.99574,0.0,0.0,nan,0.0,0.01091,0.02434,18.85419,1.88711,0.2277,0.53558,0.73669,0.92557,0.52991,0.73669
-15.03444,45.03909,-7.0317,-0.41037,-0.00466,-0.91191,0.99225,0.0,0.0,nan,0.0,0.00583,0.01712,13.2225,1.84619,0.23709,0.49319,0.43249,0.7951,0.54166,0.43249
-15.51876,44.55106,7.78875,-0.52836,-0.02564,0.84864,0.98955,0.0,0.0,nan,0.0,0.01205,0.03004,20.87264,1.70334,0.2403,0.57227,0.49291,0.76846,0.58708,0.49291
-14.86771,45.03029,8.45802,-0.42222,0.00833,0.90646,0.97666,0.0,0.0,nan,0.0,0.00712,0.02145,19.17376,1.71321,0.24437,0.46749,0.38899,0.7843,0.5837,0.38899
-14.18524,47.65694,-8.12647,-0.39822,-0.17322,-0.90079,0.99404,0.0,0.0,nan,0.0,0.01422,0.0616,11.7563,2.40244,0.22977,0.69369,0.70687,0.38949,0.41624,0.70687
-15.03163,46.90059,-7.59176,-0.42268,-0.18837,-0.88649,0.99734,0.0,0.0,nan,0.0,0.00694,0.02271,14.95866,1.65047,0.23717,0.5695,0.59579,0.6087,0.60589,0.59579
-15.59404,47.23887,7.4665,-0.58449,0.12952,0.801,0.98905,0.0,0.0,nan,0.0,0.00881,0.0249,24.21766,2.30451,0.22766,0.64299,0.65744,0.59554,0.43393,0.65744
-14.72625,46.94995,8.41003,-0.44091,0.15746,0.88363,0.96797,0.0,0.0,nan,0.0,0.00706,0.02082,19.52498,1.81552,0.23635,0.48395,0.34432,0.77257,0.55081,0.34432
-14.55277,49.02148,-8.24393,-0.43845,-0.05557,-0.89703,0.99514,0.0,0.0,nan,0.0,0.0047,0.01964,11.72724,1.7456,0.24397,0.63514,0.82051,0.56986,0.57287,0.82051
-15.52005,49.06131,-7.86921,-0.48171,-0.02813,-0.87588,0.99165,0.0,0.0,nan,0.0,0.00708,0.02036,12.62223,1.77339,0.23657,0.62885,0.75583,0.65309,0.56389,0.75583
-15.21285,49.06491,7.38601,-0.48529,-0.00785,0.87432,0.99195,0.0,0.0,nan,0.0,0.00587,0.0165,20.9366,2.0415,0.23295,0.45289,0.27176,0.8609,0.48984,0.27176
-14.49015,48.83388,8.12976,-0.40245,0.04645,0.91426,0.98365,0.0,0.0,nan,0.0,0.0079,0.01886,19.06965,1.89116,0.22908,0.50172,0.71632,0.92207,0.52878,0.71632
-14.4567,51.30795,-8.38248,-0.48901,-0.22912,-0.84165,0.99614,0.0,0.0,nan,0.0,0.00671,0.02092,14.35139,3.49599,0.24554,0.67516,0.66602,0.54152,0.28604,0.66602
-15.18454,50.922,-7.36179,-0.54464,-0.11989,-0.83006,0.97466,0.0,0.0,nan,0.0,0.00592,0.0144,13.33604,1.71678,0.23439,0.51906,0.60111,0.91035,0.58249,0.60111
-15.18706,51.19287,7.37912,-0.38092,0.10742,0.91835,0.99394,0.0,0.0,nan,0.0,0.00669,0.02178,23.20349,1.82878,0.23874,0.49579,0.47776,0.67242,0.54681,0.47776
-14.38335,50.62885,8.1514,-0.34345,0.10472,0.93331,0.98515,0.0,0.0,nan,0.0,0.00642,0.02092,21.87317,1.91007,0.23535,0.49091,0.39326,0.68228,0.52354,0.39326
-15.07678,52.99736,-8.90438,-0.48879,-0.29941,-0.81941,0.97017,0.0,0.0,nan,0.0,0.01733,0.06623,8.42731,2.2004,0.23069,0.54746,0.51202,0.59147,0.45446,0.51202
-15.84042,52.24147,-7.83631,-0.60974,-0.26684,-0.74634,0.99315,0.0,0.0,nan,0.0,0.00559,0.02489,16.59409,1.67836,0.23937,0.62972,0.69463,0.39968,0.59582,0.69463
-15.09248,52.9188,7.2333,-0.38092,0.16381,0.90998,0.99075,0.0,0.0,nan,0.0,0.00873,0.02345,25.43216,1.85934,0.23024,0.50887,0.57747,0.78971,0.53782,0.57747
-15.08253,55.01406,-9.39104,-0.36371,-0.11754,-0.92407,0.96317,0.0,0.0,nan,0.0,0.00958,0.04061,11.73636,1.65047,0.2226,0.30624,0.49046,0.90149,0.60589,0.49046
-14.97055,54.99509,7.09199,-0.38257,0.03551,0.92325,0.99305,0.0,0.0,nan,0.0,0.00987,0.03446,19.87347,1.85657,0.23341,0.50282,0.48656,0.62706,0.53863,0.48656
-15.09058,56.96874,-9.48313,-0.30956,-0.02926,-0.95043,0.96877,0.0,0.0,nan,0.0,0.02323,0.05291,12.36745,1.91443,0.229,0.51005,0.65845,1.0,0.52235,0.65845
-15.65145,57.71064,5.56139,-0.46395,0.33727,0.81914,0.99265,0.0,0.0,nan,0.0,0.00446,0.02081,22.40512,1.70673,0.24791,0.48533,0.3798,0.48165,0.58592,0.3798
-15.04364,57.18324,7.03731,-0.44615,0.28688,0.84773,0.97846,0.0,0.0,nan,0.0,0.00544,0.01895,15.07706,3.46599,0.23879,0.56554,0.47407,0.57493,0.28852,0.47407
-14.99561,59.19445,-9.44728,-0.13139,0.38332,-0.91422,0.89784,0.0,0.0,nan,0.0,0.0073,0.05239,37.2643,2.5851,0.23524,0.81529,0.93557,0.44331,0.38683,0.93557
-15.42134,58.88444,5.68575,-0.45824,0.28148,0.84308,0.99404,0.0,0.0,nan,0.0,0.00624,0.01795,22.36651,2.0539,0.22119,0.56596,0.65504,0.6687,0.48688,0.65504
-14.4322,58.92823,6.20989,-0.47625,0.28436,0.83206,0.99464,0.0,0.0,nan,0.0,0.00747,0.02303,19.9689,1.65047,0.23308,0.61313,0.4874,0.58188,0.60589,0.4874
-15.27712,60.23231,-8.30228,-0.21098,0.4822,-0.85028,0.96188,0.0,0.0,nan,0.0,0.01506,0.03388,39.20417,2.70437,0.22747,0.75815,0.79976,0.73267,0.36977,0.79976
-14.98434,61.15086,-7.25412,-0.23383,0.51752,-0.8231,0.92081,0.0,0.0,nan,0.0,0.01895,0.03339,40.87625,3.39524,0.23546,0.69746,0.5447,0.85324,0.29453,0.5447
-15.01114,60.94752,5.38475,-0.45238,0.13026,0.88226,0.99614,0.0,0.0,nan,0.0,0.01032,0.02358,19.70555,1.65047,0.22788,0.56262,0.73049,0.85652,0.60589,0.73049
-14.0036,60.19426,6.02123,-0.41436,0.17644,0.89285,0.99265,0.0,0.0,nan,0.0,0.01175,0.02199,18.32463,1.66218,0.23763,0.63514,0.56241,0.93298,0.60162,0.56241
-14.57888,62.81978,-6.64771,-0.51796,0.30178,-0.8004,0.90213,0.0,0.0,nan,0.0,0.01317,0.08604,76.02026,1.93286,0.23521,0.51115,0.77289,0.33173,0.51737,0.77289
-15.54233,63.2346,-5.6763,-0.53788,0.38152,-0.75175,0.938,0.0,0.0,nan,0.0,0.01003,0.05747,72.39944,2.2271,0.23688,0.52192,0.66962,0.3436,0.44901,0.66962
-15.97804,63.98312,3.98557,-0.547,0.50473,0.66786,0.99444,0.0,0.0,nan,0.0,0.01731,0.03414,18.12868,1.98105,0.23413,0.59891,0.25472,0.94004,0.50478,0.25472
-15.05797,63.18687,5.1831,-0.51838,0.33872,0.78521,0.97606,0.0,0.0,nan,0.0,0.01298,0.03241,19.73153,2.56799,0.23262,0.66601,0.78107,0.73543,0.38941,0.78107
-14.18822,62.54302,6.09486,-0.40024,0.2018,0.89392,0.96277,0.0,0.0,nan,0.0,0.01213,0.02699,18.85356,1.65808,0.24001,0.64534,0.55979,0.77022,0.60311,0.55979
-14.52079,65.01807,-6.62458,-0.68373,0.24822,-0.68623,0.96987,0.0,0.0,nan,0.0,0.01995,0.13413,38.11188,1.8947,0.24142,0.61815,0.69994,0.25323,0.52779,0.69994
-15.48047,64.95443,-5.49864,-0.6232,0.28279,-0.72914,0.97986,0.0,0.0,nan,0.0,0.01114,0.09745,64.9735,1.84694,0.23821,0.49537,0.77666,0.26015,0.54143,0.77666
-15.09575,65.17561,3.28643,-0.49262,0.59217,0.6377,0.99684,0.0,0.0,nan,0.0,0.00803,0.01836,18.68554,1.92121,0.23362,0.50206,0.44733,0.9643,0.5205,0.44733
-14.43822,64.43318,4.51677,-0.50614,0.55339,0.6615,0.99734,0.0,0.0,nan,0.0,0.0143,0.03103,18.00828,1.86892,0.23453,0.64258,0.57277,0.79662,0.53507,0.57277
-14.53672,66.61675,-6.4985,-0.60807,0.49875,-0.61766,0.83899,0.0,0.0,nan,0.0,0.01416,0.03056,20.72658,2.36035,0.22871,0.56131,0.64775,0.90543,0.42367,0.64775
-15.1926,67.14587,-5.2176,-0.45873,0.72727,-0.51053,0.84759,0.0,0.0,nan,0.0,0.01729,0.04622,20.82334,1.81552,0.23956,0.58764,0.52593,0.6978,0.55081,0.52593
-15.00224,67.48361,-2.97176,-0.23776,0.94663,-0.21765,0.98286,0.0,0.0,nan,0.0,0.01707,0.08161,19.26049,2.71969,0.23083,0.75406,0.78921,0.35004,0.36769,0.78921
-15.28627,67.72186,-1.21706,-0.33295,0.94184,0.04558,0.97646,0.0,0.0,nan,0.0,0.00982,0.02785,21.62085,1.65047,0.24387,0.4522,0.45065,0.85174,0.60589,0.45065
-14.93838,67.44952,1.16473,-0.42512,0.81365,0.39655,0.96417,0.0,0.0,nan,0.0,0.00743,0.01803,24.72397,2.97115,0.23292,0.5323,0.39913,0.83621,0.33657,0.39913
-14.86788,66.63686,2.66144,-0.42412,0.67808,0.60027,0.98176,0.0,0.0,nan,0.0,0.00712,0.01475,21.8216,2.0438,0.23914,0.52699,0.30409,1.0,0.48928,0.30409
-14.637,68.28573,-0.68018,-0.28964,0.95402,0.07714,0.93051,0.0,0.0,nan,0.0,0.0115,0.02447,24.36165,1.65715,0.24035,0.58303,0.473,0.87181,0.60345,0.473
-14.36467,68.23819,0.46471,-0.29011,0.92836,0.23234,0.9381,0.0,0.0,nan,0.0,0.00687,0.01582,22.54422,2.37355,0.22735,0.50169,0.57218,0.94238,0.42131,0.57218
-12.94862,1.6326,-4.71461,-0.0033,-0.97919,-0.20294,0.95588,0.0,0.0,nan,0.0,0.00825,0.03782,28.54886,1.85439,0.23026,0.32969,0.51882,0.70796,0.53926,0.51882
-12.80632,1.9227,-2.87078,0.01714,-0.99223,-0.12321,0.99734,0.0,0.0,nan,0.0,0.00873,0.04212,27.87345,1.73809,0.22969,0.34915,0.45401,0.63632,0.57534,0.45401
-13.01286,1.64638,-1.02652,0.05059,-0.99035,-0.12902,0.99075,0.0,0.0,nan,0.0,0.00904,0.06127,23.53077,2.52128,0.2362,0.44145,0.57244,0.36249,0.39662,0.57244
-13.07491,1.37694,1.02498,0.04619,-0.9752,0.21644,0.96787,0.0,0.0,nan,0.0,0.00334,0.01487,14.06261,2.40628,0.23365,0.35261,0.29686,0.72714,0.41558,0.29686
-13.72039,1.74298,2.33171,-0.00367,-0.84287,0.5381,0.94439,0.0,0.0,nan,0.0,0.00664,0.01888,17.52536,1.9093,0.2339,0.45065,0.39031,0.87005,0.52375,0.39031
-12.94101,3.30526,-6.82507,-0.17383,-0.62988,-0.75699,0.96817,0.0,0.0,nan,0.0,0.00996,0.07187,28.31583,1.88375,0.22387,0.29138,0.58082,0.509,0.53085,0.58082
-13.10705,2.31131,-5.44767,-0.05355,-0.92522,-0.37563,0.96917,0.0,0.0,nan,0.0,0.00866,0.04971,29.91561,2.19441,0.21918,0.35107,0.39539,0.52924,0.4557,0.39539
-13.03179,2.14663,-3.22218,0.02096,-0.99183,-0.12583,0.99734,0.0,0.0,nan,0.0,0.00763,0.03599,27.43057,1.73416,0.2326,0.3259,0.51822,0.6979,0.57665,0.51822
-12.63923,2.30576,1.62356,-0.02672,-0.92226,0.38564,0.98755,0.0,0.0,nan,0.0,0.00825,0.02152,16.97482,1.83546,0.23691,0.51791,0.46285,0.82729,0.54482,0.46285
-12.95826,2.47382,3.20792,-0.09429,-0.77491,0.625,0.98745,0.0,0.0,nan,0.0,0.00742,0.01869,19.4108,1.89392,0.23047,0.45252,0.4287,0.96812,0.528,0.4287
-12.8685,3.55727,4.45744,-0.13357,-0.68885,0.71249,0.98246,0.0,0.0,nan,0.0,0.00914,0.0237,21.71948,1.81552,0.22506,0.4352,0.40595,0.96751,0.55081,0.40595
-12.19666,5.68445,-8.00243,-0.24375,-0.15544,-0.9573,0.99484,0.00421,0.02103,0.6,1.0,0.0127,0.05473,23.88394,1.68764,0.24386,0.34481,0.42515,0.72929,0.59254,0.42515
-13.17605,4.99371,-7.62152,-0.2237,-0.26972,-0.9366,0.98935,0.00599,0.02997,0.7,1.0,0.00627,0.04944,28.50077,2.18417,0.2246,0.25521,0.54252,0.53157,0.45784,0.54252
-13.04451,4.96846,5.44751,-0.17185,-0.41554,0.89319,0.95898,0.0,0.0,nan,0.0,0.018,0.03589,23.7832,1.67121,0.23187,0.57099,0.7259,0.95214,0.59837,0.7259
-12.47809,7.01611,-8.13025,-0.18452,-0.08143,-0.97945,0.99464,0.0,0.0,nan,0.0,0.00845,0.03,22.29553,2.05378,0.23044,0.37418,0.54481,0.82003,0.48691,0.54481
-13.17854,6.95189,-7.67398,-0.18549,-0.11566,-0.97582,0.99724,0.0,0.0,nan,0.0,0.01203,0.04051,22.15861,1.96594,0.23049,0.41568,0.68526,0.77917,0.50866,0.68526
-13.06809,7.10743,5.7425,-0.19258,-0.24322,0.95066,0.99684,0.0,0.0,nan,0.0,0.00763,0.01938,20.76008,2.00758,0.22924,0.46337,0.74479,0.9315,0.49811,0.74479
-12.84758,7.85586,6.11473,-0.17265,-0.26546,0.94854,0.99684,0.0,0.0,nan,0.0,0.00993,0.02284,20.31211,2.05653,0.23148,0.51866,0.45042,0.92054,0.48626,0.45042
-13.3133,9.19232,-8.0476,-0.16777,0.00693,-0.9858,0.99315,0.0,0.0,nan,0.0,0.00677,0.02438,24.09167,2.31465,0.22281,0.46996,0.52938,0.64028,0.43203,0.52938
-12.73062,8.94061,-7.80435,-0.12148,-0.01177,-0.99252,0.99704,0.0,0.0,nan,0.0,0.00671,0.02242,24.68646,2.2544,0.22692,0.50718,0.68892,0.63776,0.44358,0.68892
-13.29979,8.00714,5.95165,-0.17742,-0.26837,0.94684,0.99724,0.0,0.0,nan,0.0,0.01024,0.02223,20.59096,3.53507,0.237,0.56023,0.64863,0.90167,0.28288,0.64863
-13.00445,8.88063,6.78157,-0.14545,-0.26044,0.95447,0.98545,0.0,0.0,nan,0.0,0.0069,0.01664,21.03044,3.36478,0.23345,0.55731,0.64152,0.81447,0.2972,0.64152
-13.1698,10.97493,-8.28685,-0.22308,0.04784,-0.97363,0.98136,0.0,0.0,nan,0.0,0.00695,0.02876,26.8495,2.05953,0.23309,0.3431,0.42124,0.75636,0.48555,0.42124
-12.52264,11.09315,-7.99316,-0.19812,0.00994,-0.98013,0.99654,0.0,0.0,nan,0.0,0.00812,0.02686,29.69791,2.55692,0.22627,0.36909,0.62372,0.87393,0.39109,0.62372
-12.95129,11.05421,6.70377,-0.14596,-0.16122,0.97607,0.99614,0.0,0.0,nan,0.0,0.01623,0.02917,22.74616,1.83059,0.23391,0.63904,0.69669,0.94705,0.54627,0.69669
-12.42324,13.11456,-8.00235,-0.24105,-0.00618,-0.97049,0.99664,0.00053,0.00264,0.7,1.0,0.01004,0.04301,31.11339,1.90979,0.22005,0.2619,0.57418,0.94854,0.52362,0.57418
-13.19436,12.97678,-7.89675,-0.3146,0.00399,-0.94922,0.99604,0.0,0.0,nan,0.0,0.00807,0.03908,27.92931,1.65047,0.2291,0.23933,0.32926,0.92507,0.60589,0.32926
-12.96974,13.02989,7.25552,-0.1274,-0.25562,0.95835,0.99364,0.0,0.0,nan,0.0,0.00845,0.02273,18.87777,1.66111,0.23637,0.56068,0.52732,0.73347,0.60201,0.52732
-12.66174,15.10262,-8.08964,-0.23433,0.01661,-0.97202,0.99574,0.0,0.0,nan,0.0,0.0091,0.04501,32.04576,1.9205,0.2197,0.24881,0.72667,0.86293,0.5207,0.72667
-13.24039,14.92336,-7.8033,-0.30795,-0.00146,-0.9514,0.99594,0.0,0.0,nan,0.0,0.0077,0.04799,29.60949,1.92327,0.2197,0.20724,0.41355,0.82612,0.51995,0.41355
-13.03754,15.06722,7.78443,-0.25762,-0.00448,0.96623,0.97936,0.0,0.0,nan,0.0,0.0106,0.04101,19.17274,2.07609,0.23598,0.63014,0.80618,0.55225,0.48168,0.80618
-13.37614,16.83518,-8.03617,-0.27381,-0.0354,-0.96113,0.99454,0.0,0.0,nan,0.0,0.00722,0.04338,29.2645,2.03156,0.22135,0.21417,0.48082,0.83042,0.49223,0.48082
-12.8861,17.10457,-7.71033,-0.236,-0.02459,-0.97144,0.99714,0.0,0.0,nan,0.0,0.01063,0.04697,31.53123,2.05488,0.22274,0.27863,0.65347,0.86345,0.48665,0.65347
-13.01401,17.16195,7.24237,-0.29516,-0.03686,0.95474,0.98365,0.0,0.0,nan,0.0,0.0087,0.02112,21.15235,2.2154,0.22973,0.47472,0.42394,0.94958,0.45139,0.42394
-12.87733,18.96284,-8.24768,-0.18499,-0.00195,-0.98274,0.98965,0.0,0.0,nan,0.0,0.00946,0.03865,30.65667,2.03253,0.22538,0.28871,0.5997,0.9032,0.492,0.5997
-13.60829,19.37759,-7.95714,-0.24568,0.00359,-0.96935,0.98415,0.0,0.0,nan,0.0,0.00636,0.02896,26.82898,2.0329,0.22937,0.31677,0.48726,0.74496,0.49191,0.48726
-12.86722,18.93529,7.59488,-0.18799,-0.15249,0.97026,0.99584,0.0,0.0,nan,0.0,0.00923,0.01981,18.99043,3.59951,0.23917,0.53134,0.33553,0.96915,0.27782,0.33553
-13.54696,19.61433,8.148,-0.18399,-0.16583,0.96884,0.97247,0.0,0.0,nan,0.0,0.0076,0.01773,17.45485,3.01457,0.23175,0.52244,0.39183,0.91413,0.33172,0.39183
-12.28355,20.92911,-8.1151,-0.24422,0.03782,-0.96898,0.99724,0.0,0.0,nan,0.0,0.00795,0.04259,30.02867,2.05053,0.23333,0.24927,0.35752,0.79844,0.48768,0.35752
-13.24636,21.04127,-7.50294,-0.22827,0.09378,-0.96907,0.99325,0.0,0.0,nan,0.0,0.01346,0.04457,25.69821,1.70019,0.23719,0.47413,0.47006,0.68634,0.58817,0.47006
-12.7621,20.75959,7.82748,-0.16206,-0.15202,0.975,0.99624,0.0,0.0,nan,0.0,0.00825,0.01995,17.01708,2.24378,0.2334,0.50438,0.41254,0.91581,0.44568,0.41254
-13.04494,21.16643,8.23767,-0.17155,-0.15777,0.97246,0.98975,0.0,0.0,nan,0.0,0.00748,0.01792,17.1171,3.07994,0.23507,0.5106,0.56425,0.91332,0.32468,0.56425
-12.30885,23.12098,-8.12979,-0.36263,-0.11437,-0.92489,0.99354,0.0,0.0,nan,0.0,0.01253,0.04233,29.97173,1.99053,0.22367,0.37509,0.50459,0.84199,0.50238,0.50459
-13.07081,22.92812,-7.3268,-0.29067,-0.07016,-0.95425,0.94729,0.0,0.0,nan,0.0,0.0085,0.0353,29.42352,2.13622,0.22824,0.42063,0.72654,0.61151,0.46812,0.72654
-12.80218,23.53047,7.9976,-0.17011,-0.1275,0.97714,0.99534,0.0,0.0,nan,0.0,0.00705,0.01622,16.5837,2.19313,0.2316,0.51629,0.61244,0.94329,0.45597,0.61244
-13.02319,23.03175,8.43403,-0.17863,-0.13732,0.97429,0.99404,0.0,0.0,nan,0.0,0.00721,0.01745,16.6953,3.3005,0.2332,0.58952,0.78534,0.88419,0.30298,0.78534
-12.69929,25.18139,-8.32,-0.29316,-0.24109,-0.92517,0.99684,0.0,0.0,nan,0.0,0.01116,0.04268,27.13482,2.0027,0.22752,0.41731,0.55293,0.67284,0.49933,0.55293
-13.32745,24.68612,-7.4821,-0.27335,-0.26663,-0.92423,0.97107,0.0,0.0,nan,0.0,0.0132,0.04045,26.73355,1.79086,0.23125,0.47962,0.62673,0.73135,0.55839,0.62673
-12.98319,25.02753,8.44793,-0.1763,-0.09429,0.97981,0.99514,0.0,0.0,nan,0.0,0.00647,0.01878,17.43064,1.83747,0.2349,0.41879,0.36461,0.9173,0.54423,0.36461
-12.88164,26.97198,-8.69512,-0.25887,-0.14315,-0.95525,0.99534,0.0,0.0,nan,0.0,0.00811,0.0562,22.02333,1.89205,0.22915,0.27936,0.28645,0.56344,0.52853,0.28645
-13.12238,26.99456,8.76052,-0.2455,-0.15549,0.95685,0.99374,0.0,0.0,nan,0.0,0.0081,0.02206,18.31294,3.08482,0.23879,0.45683,0.48824,0.89165,0.32417,0.48824
-12.99638,29.07848,-8.90918,-0.31137,-0.01461,-0.95018,0.99245,0.0,0.0,nan,0.0,0.00235,0.02867,25.51647,1.85364,0.23416,0.24113,0.53408,0.36712,0.53948,0.53408
-13.86982,29.9013,-7.95152,-0.47179,0.0838,-0.87772,0.98865,0.0,0.0,nan,0.0,0.00512,0.01537,14.48074,3.63103,0.23967,0.51687,0.55733,0.73369,0.2754,0.55733
-12.95533,28.98566,9.25573,-0.20599,-0.1317,0.96965,0.99514,0.0,0.0,nan,0.0,0.00863,0.02729,14.53731,3.29915,0.24076,0.49329,0.7046,0.72918,0.30311,0.7046
-13.16535,30.92696,-9.19282,-0.4067,-0.0185,-0.91337,0.97127,0.0,0.0,nan,0.0,0.00844,0.03507,22.82552,1.89631,0.22876,0.43062,0.6304,0.60791,0.52734,0.6304
-13.915,30.09428,-7.9177,-0.48811,0.09107,-0.86802,0.98915,0.0,0.0,nan,0.0,0.00442,0.01276,14.88194,3.45599,0.24105,0.4983,0.49957,0.78851,0.28935,0.49957
-13.02681,30.99634,9.57086,-0.22418,-0.03861,0.97378,0.99165,0.0,0.0,nan,0.0,0.00613,0.02141,14.96417,1.81552,0.23274,0.57639,0.3587,0.56305,0.55081,0.3587
-13.15467,32.96356,-8.99208,-0.4712,0.07412,-0.87891,0.98835,0.0,0.0,nan,0.0,0.0079,0.02386,13.94066,3.46599,0.24561,0.5372,0.46604,0.70465,0.28852,0.46604
-13.91148,32.58321,-7.87517,-0.58111,0.02191,-0.81353,0.99464,0.0,0.0,nan,0.0,0.00833,0.02214,16.04625,2.20075,0.2257,0.59734,0.42553,0.70822,0.45439,0.42553
-13.05388,33.05824,9.48614,-0.25747,0.00477,0.96628,0.98995,0.0,0.0,nan,0.0,0.00897,0.0281,13.49016,2.03905,0.22827,0.53271,0.50182,0.68811,0.49043,0.50182
-12.92044,35.0177,-8.54611,-0.45594,0.08701,-0.88574,0.99724,0.0,0.0,nan,0.0,0.01159,0.03041,17.41609,1.81552,0.22786,0.61343,0.37488,0.69231,0.55081,0.37488
-13.81976,35.52459,-7.89154,-0.50044,0.04774,-0.86445,0.99724,0.0,0.0,nan,0.0,0.00852,0.02269,17.69018,1.89391,0.23475,0.57949,0.34753,0.72099,0.52801,0.34753
-13.03424,34.9922,9.538,-0.33416,0.04534,0.94142,0.98655,0.0,0.0,nan,0.0,0.00572,0.02097,18.29771,1.65047,0.23952,0.59127,0.71814,0.51146,0.60589,0.71814
-13.06485,36.98896,-8.64734,-0.4324,0.02577,-0.90131,0.99594,0.0,0.0,nan,0.0,0.00995,0.02693,16.19572,1.81552,0.22791,0.56613,0.57113,0.73362,0.55081,0.57113
-13.97864,36.11526,-7.97852,-0.48677,0.04467,-0.87239,0.99744,0.0,0.0,nan,0.0,0.01148,0.02484,17.72943,1.8891,0.23193,0.62002,0.29942,0.82915,0.52935,0.29942
-12.99576,36.90613,9.17166,-0.41946,0.01131,0.9077,0.99714,0.0,0.0,nan,0.0,0.00263,0.01863,18.48513,1.81552,0.23128,0.60765,0.89704,0.48711,0.55081,0.89704
-12.93766,39.02585,-8.53067,-0.439,0.01281,-0.89839,0.99654,0.0,0.0,nan,0.0,0.00903,0.02847,14.50882,1.81552,0.22983,0.46944,0.65536,0.76888,0.55081,0.65536
-13.76163,38.95165,-7.78839,-0.493,0.03077,-0.86948,0.99704,0.0,0.0,nan,0.0,0.00975,0.02531,14.88293,1.87029,0.23642,0.57569,0.35696,0.75889,0.53468,0.35696
-13.00342,39.03517,9.26554,-0.41973,-0.0281,0.90722,0.99614,0.0,0.0,nan,0.0,0.0239,0.04855,14.99024,1.81552,0.22518,0.64683,0.67663,0.86249,0.55081,0.67663
-12.91775,40.98762,-8.45986,-0.41015,0.02712,-0.91162,0.99684,0.0,0.0,nan,0.0,0.01653,0.05665,12.05368,1.65047,0.23786,0.50122,0.33584,0.67892,0.60589,0.33584
-13.07273,40.94228,9.42279,-0.39261,0.1061,0.91356,0.98116,0.0,0.0,nan,0.0,0.01021,0.02435,13.66998,1.91614,0.22776,0.52955,0.5109,0.90815,0.52188,0.5109
-12.96813,42.96614,-8.33146,-0.34449,0.09393,-0.93408,0.99444,0.0,0.0,nan,0.0,0.01629,0.05332,13.25977,1.65047,0.23905,0.61786,0.44939,0.5691,0.60589,0.44939
-13.92699,43.25336,-7.9666,-0.38855,0.10383,-0.91556,0.99734,0.0,0.0,nan,0.0,0.0084,0.03364,10.86654,1.66535,0.23658,0.67951,0.4482,0.43505,0.60048,0.4482
-13.03332,43.07215,8.92924,-0.31871,0.06537,0.9456,0.99664,0.0,0.0,nan,0.0,0.00985,0.01935,16.56065,3.34966,0.24338,0.57031,0.54454,1.0,0.29854,0.54454
-12.56888,44.95515,-8.20715,-0.40762,-0.03446,-0.9125,0.99624,0.0,0.0,nan,0.0,0.00928,0.03644,13.17599,1.73937,0.23778,0.56884,0.53951,0.51542,0.57492,0.53951
-13.50896,44.92444,-7.58765,-0.41797,-0.0038,-0.90845,0.98665,0.0,0.0,nan,0.0,0.0049,0.01586,11.38667,2.71642,0.2337,0.52226,0.59135,0.69492,0.36813,0.59135
-12.95979,44.93391,8.94474,-0.28453,0.01967,0.95846,0.99384,0.0,0.0,nan,0.0,0.00714,0.01965,18.13146,1.988,0.23148,0.44728,0.36512,0.90215,0.50302,0.36512
-12.99375,46.99429,-8.55449,-0.39433,-0.17433,-0.90228,0.99724,0.0,0.0,nan,0.0,0.00951,0.03959,10.46642,2.11637,0.22472,0.68332,0.67406,0.41885,0.47251,0.67406
-13.80045,46.33728,-7.88446,-0.41597,-0.1616,-0.8949,0.99634,0.0,0.0,nan,0.0,0.00563,0.0181,12.3436,1.833,0.22568,0.56359,0.52906,0.64121,0.54555,0.52906
-13.7656,47.13802,7.84532,-0.37169,0.17314,0.91207,0.98695,0.0,0.0,nan,0.0,0.00902,0.02265,18.28666,1.75068,0.2302,0.50111,0.36646,0.88216,0.57121,0.36646
-12.93557,47.13191,8.51301,-0.27262,0.17018,0.94695,0.99734,0.0,0.0,nan,0.0,0.009,0.02194,18.62283,1.65047,0.23118,0.48675,0.36486,0.93326,0.60589,0.36486
-13.12784,48.99779,-8.75564,-0.36963,-0.09271,-0.92454,0.99534,0.0,0.0,nan,0.0,0.00584,0.02593,9.8835,1.69139,0.24172,0.58917,0.49719,0.45997,0.59123,0.49719
-13.6421,49.34402,7.79467,-0.29923,0.0434,0.95319,0.99335,0.0,0.0,nan,0.0,0.0089,0.02242,19.02767,1.85112,0.22532,0.52521,0.40498,0.83486,0.54021,0.40498
-12.8608,48.97515,8.42952,-0.22719,0.07862,0.97067,0.99564,0.0,0.0,nan,0.0,0.00969,0.01954,19.33381,1.65047,0.24054,0.54719,0.31145,0.99974,0.60589,0.31145
-13.06938,50.93876,-9.01047,-0.36128,-0.2015,-0.91043,0.99255,0.0,0.0,nan,0.0,0.0039,0.02682,10.90536,2.03969,0.23891,0.60215,0.81064,0.35495,0.49027,0.81064
-13.8924,51.62241,7.99954,-0.3305,0.15223,0.93145,0.99464,0.0,0.0,nan,0.0,0.00744,0.02499,22.32725,1.86653,0.23332,0.51427,0.39901,0.63101,0.53575,0.39901
-13.0712,50.96527,8.62468,-0.25694,0.08031,0.96308,0.98565,0.0,0.0,nan,0.0,0.0076,0.01871,19.12608,2.94203,0.22879,0.53656,0.45378,0.83639,0.3399,0.45378
-13.07256,52.93341,-9.60208,-0.22235,-0.14976,-0.9634,0.98216,0.0,0.0,nan,0.0,0.01069,0.05932,7.3826,3.45548,0.23968,0.65254,0.83214,0.47593,0.2894,0.83214
-13.30111,53.15077,7.51313,-0.37733,0.14393,0.91482,0.99015,0.0,0.0,nan,0.0,0.01571,0.03989,19.34233,1.84361,0.23049,0.56447,0.40646,0.76967,0.54241,0.40646
-12.45917,52.72871,8.20066,-0.32372,0.13098,0.93704,0.99454,0.0,0.0,nan,0.0,0.01092,0.03486,17.75536,1.65047,0.24708,0.55729,0.57147,0.62528,0.60589,0.57147
-12.97279,54.99286,-9.5012,-0.08227,-0.01285,-0.99653,0.99624,0.0,0.0,nan,0.0,0.01358,0.03952,9.67025,1.87443,0.22298,0.48119,0.33233,0.86159,0.5335,0.33233
-13.24473,54.99029,7.71411,-0.3101,0.03572,0.95003,0.99564,0.0,0.0,nan,0.0,0.01084,0.02489,15.406,1.86918,0.23365,0.5476,0.52807,0.89836,0.53499,0.52807
-12.25246,54.85241,8.13125,-0.25573,0.08611,0.9629,0.98985,0.0,0.0,nan,0.0,0.01523,0.03016,14.11607,1.96534,0.237,0.62659,0.39876,0.91974,0.50882,0.39876
-12.98812,57.00153,-9.51079,0.0131,0.09804,-0.9951,0.99444,0.0,0.0,nan,0.0,0.00995,0.07112,22.11557,1.88073,0.23339,0.66796,0.78232,0.25471,0.53171,0.78232
-13.12505,57.06842,7.83721,-0.27336,0.2054,0.93973,0.96997,0.0,0.0,nan,0.0,0.01127,0.0274,13.14617,2.19788,0.23849,0.64072,0.51347,0.73971,0.45498,0.51347
-12.12621,56.69542,8.0284,-0.19315,0.18844,0.9629,0.98365,0.0,0.0,nan,0.0,0.01066,0.02608,12.03887,3.63103,0.24104,0.61098,0.39187,0.78,0.2754,0.39187
-12.85506,59.34246,-8.95326,-0.10875,0.28746,-0.9516,0.98096,0.0,0.0,nan,0.0,0.00403,0.03101,40.19792,1.65047,0.2425,0.76527,0.96352,0.56329,0.60589,0.96352
-13.07857,58.94531,7.02012,-0.25938,0.33155,0.90708,0.97916,0.0,0.0,nan,0.0,0.00882,0.02278,16.67904,1.87458,0.24074,0.63201,0.44001,0.68589,0.53345,0.44001
-12.95507,60.95573,-8.69114,-0.3726,0.14854,-0.91603,0.96577,0.0,0.0,nan,0.0,0.00876,0.03802,41.17443,1.65047,0.24021,0.75044,0.82486,0.42321,0.60589,0.82486
-13.66081,60.81327,-7.74508,-0.35313,0.33885,-0.87206,0.88275,0.0,0.0,nan,0.0,0.01747,0.04147,48.61622,1.7566,0.24055,0.75409,0.76785,0.61691,0.56928,0.76785
-13.72123,61.19727,5.91886,-0.33944,0.15077,0.92846,0.99394,0.0,0.0,nan,0.0,0.01091,0.02803,18.89285,1.91274,0.2296,0.57747,0.52785,0.74512,0.52281,0.52785
-13.025,61.05774,6.58355,-0.20943,0.17663,0.96174,0.97916,0.0,0.0,nan,0.0,0.00893,0.02306,17.10096,1.71287,0.23715,0.56348,0.45907,0.76742,0.58381,0.45907
-13.07297,63.0073,-9.02816,-0.5776,0.00388,-0.81631,0.92761,0.0,0.0,nan,0.0,0.00996,0.02954,13.67332,1.74741,0.23329,0.44352,0.3128,0.87096,0.57227,0.3128
-13.95358,63.26394,-7.80769,-0.66824,0.13261,-0.73203,0.97576,0.0,0.0,nan,0.0,0.01253,0.13865,26.51871,2.25763,0.22605,0.75261,0.87639,0.21678,0.44294,0.87639
-13.8643,63.80304,5.91704,-0.38029,0.36414,0.85017,0.92691,0.0,0.0,nan,0.0,0.01194,0.03303,16.23291,1.65047,0.23985,0.622,0.32075,0.65288,0.60589,0.32075
-13.00056,62.87448,6.44022,-0.21479,0.208,0.95426,0.95538,0.0,0.0,nan,0.0,0.0121,0.02762,18.70288,1.75238,0.24006,0.60016,0.29973,0.80839,0.57065,0.29973
-12.87922,65.01289,-8.80993,-0.54248,0.2335,-0.80696,0.91462,0.0,0.0,nan,0.0,0.02109,0.05773,16.25871,2.73995,0.22509,0.62423,0.69205,0.65739,0.36497,0.69205
-13.60708,65.01184,-7.54553,-0.72886,0.24028,-0.64111,0.96108,0.0,0.0,nan,0.0,0.01711,0.08936,14.98737,1.84343,0.23819,0.48275,0.47932,0.44945,0.54247,0.47932
-13.4456,65.85604,3.73376,-0.43071,0.67036,0.60424,0.99704,0.0,0.0,nan,0.0,0.01014,0.02069,18.79002,3.53802,0.24333,0.63779,0.38172,0.85034,0.28264,0.38172
-13.21789,65.30246,5.26519,-0.38029,0.59102,0.71139,0.96777,0.0,0.0,nan,0.0,0.00994,0.02929,18.88572,2.86556,0.23608,0.59022,0.49243,0.6357,0.34897,0.49243
-12.67073,64.32195,6.16115,-0.24821,0.38169,0.89034,0.90673,0.0,0.0,nan,0.0,0.01288,0.03299,18.62714,2.15115,0.23561,0.61947,0.58096,0.69808,0.46487,0.58096
-12.53683,66.58695,-8.54141,-0.37031,0.61243,-0.69843,0.78814,0.0,0.0,nan,0.0,0.0132,0.02994,22.95899,1.70129,0.23887,0.53404,0.64285,0.89736,0.58779,0.64285
-13.1166,67.28692,-7.12549,-0.3489,0.83229,-0.43076,0.8337,0.0,0.0,nan,0.0,0.01829,0.04127,22.03068,2.02409,0.22391,0.59209,0.5184,0.81675,0.49405,0.5184
-12.99158,67.39515,-5.04138,-0.15068,0.95638,-0.25027,0.97576,0.0,0.0,nan,0.0,0.01417,0.0531,14.36421,2.34853,0.22736,0.63419,0.73785,0.47939,0.4258,0.73785
-13.12075,67.65223,-3.16318,-0.11458,0.96509,-0.23551,0.99724,0.0,0.0,nan,0.0,0.01631,0.05504,13.21443,1.65047,0.24391,0.71762,0.7831,0.53159,0.60589,0.7831
-13.83648,67.95154,-1.88806,-0.18259,0.97252,-0.14442,0.99335,0.0,0.0,nan,0.0,0.0164,0.04136,16.10816,2.23262,0.23505,0.53517,0.58898,0.833,0.4479,0.58898
-13.17449,67.65034,1.50459,-0.25575,0.87878,0.4029,0.99175,0.0,0.0,nan,0.0,0.01007,0.01965,20.08742,2.89672,0.22997,0.65638,0.47336,0.85908,0.34522,0.47336
-12.98452,67.20599,3.17793,-0.35321,0.7704,0.53077,0.98166,0.0,0.0,nan,0.0,0.00596,0.01444,21.21452,2.20519,0.22856,0.54353,0.6664,0.83151,0.45348,0.6664
-12.28301,66.11993,4.5243,-0.33035,0.65743,0.67724,0.99035,0.0,0.0,nan,0.0,0.00973,0.0285,18.43431,1.90209,0.23419,0.52084,0.62492,0.72669,0.52574,0.62492
-12.74257,68.19761,-2.40782,-0.10265,0.97165,-0.21298,0.99504,0.0,0.0,nan,0.0,0.00644,0.02153,14.96694,2.38529,0.22549,0.59416,0.83664,0.7899,0.41924,0.83664
-12.93654,68.63137,-1.07769,-0.13707,0.98915,-0.05287,0.94689,0.0,0.0,nan,0.0,0.01418,0.03551,19.78304,2.48874,0.23826,0.50696,0.76677,0.91621,0.40181,0.76677
-12.97028,68.33606,0.66728,-0.19051,0.95574,0.22419,0.98266,0.0,0.0,nan,0.0,0.0086,0.01644,24.40977,2.10912,0.231,0.64926,0.41317,0.87122,0.47413,0.41317
-11.61377,1.78435,-4.57514,-0.01298,-0.9858,-0.16741,0.98645,0.0,0.0,nan,0.0,0.00765,0.03772,28.53186,2.23318,0.23392,0.33283,0.3845,0.65219,0.44779,0.3845
-10.58982,1.87746,-2.54283,-0.0385,-0.98885,-0.14386,0.99684,0.0,0.0,nan,0.0,0.00432,0.04497,25.83397,1.74381,0.22354,0.21044,0.33154,0.49154,0.57346,0.33154
-11.0271,1.5171,-1.02074,-0.04987,-0.98886,-0.14025,0.99335,0.0,0.0,nan,0.0,0.00867,0.0635,23.11051,1.94131,0.22262,0.30892,0.55162,0.48029,0.51511,0.55162
-11.08796,1.27954,0.99796,-0.04709,-0.98064,0.19008,0.96497,0.0,0.0,nan,0.0,0.00697,0.02085,16.78389,2.96261,0.2339,0.43355,0.5614,0.86302,0.33754,0.5614
-10.73372,1.60506,2.51513,-0.04392,-0.88524,0.46306,0.94869,0.0,0.0,nan,0.0,0.00726,0.01783,18.99017,3.63103,0.23363,0.66443,0.78741,0.76919,0.2754,0.78741
-10.43679,3.73928,-8.09857,-0.20557,-0.48299,-0.85115,0.92731,0.0,0.0,nan,0.0,0.01092,0.05889,15.53198,2.00761,0.23052,0.45423,0.61856,0.46075,0.49811,0.61856
-11.04477,2.90226,-7.13276,-0.1585,-0.75791,-0.63281,0.92821,0.0,0.0,nan,0.0,0.01048,0.06894,15.61467,2.56232,0.23167,0.32718,0.36888,0.52403,0.39027,0.36888
-10.95872,2.19298,-5.08477,-0.01569,-0.97558,-0.21906,0.99514,0.0,0.0,nan,0.0,0.00716,0.04603,22.93268,2.26991,0.22767,0.32767,0.33025,0.51622,0.44055,0.33025
-11.07125,2.2023,-3.0629,-0.0212,-0.99147,-0.12859,0.99714,0.0,0.0,nan,0.0,0.00559,0.03914,27.5001,1.79697,0.22456,0.25897,0.3343,0.5918,0.55649,0.3343
-11.74623,2.07269,-1.91258,-0.02152,-0.98812,-0.15219,0.99225,0.0,0.0,nan,0.0,0.00502,0.04306,26.53211,1.86504,0.22523,0.25476,0.35381,0.49242,0.53618,0.35381
-11.97536,2.05443,1.75761,-0.02282,-0.92931,0.36858,0.99175,0.0,0.0,nan,0.0,0.01105,0.02529,17.98771,1.68499,0.23758,0.56449,0.34538,0.85982,0.59347,0.34538
-11.15889,2.58997,3.35547,-0.02283,-0.79491,0.6063,0.99664,0.0,0.0,nan,0.0,0.01091,0.0233,18.39173,1.85519,0.23608,0.6548,0.58962,0.79286,0.53903,0.58962
-10.87201,3.57823,4.3077,0.00468,-0.71233,0.70183,0.99474,0.0,0.0,nan,0.0,0.00663,0.02383,17.72544,1.9059,0.23564,0.54687,0.82187,0.73482,0.52469,0.82187
-10.86745,5.03137,-8.2358,-0.2145,-0.21866,-0.95193,0.98445,0.0,0.0,nan,0.0,0.01218,0.0405,14.77756,2.06382,0.23164,0.44629,0.37558,0.76531,0.48454,0.37558
-11.82429,4.91039,-7.99718,-0.25496,-0.25391,-0.93302,0.98345,0.00107,0.00536,0.6,1.0,0.01235,0.06389,24.20257,1.81447,0.23375,0.32541,0.50189,0.64337,0.55113,0.50189
-11.0519,4.62333,5.3643,-0.02724,-0.53175,0.84646,0.97776,0.0,0.0,nan,0.0,0.01094,0.03027,16.68475,1.758,0.23025,0.43513,0.34075,0.92981,0.56883,0.34075
-10.47076,5.71822,6.11268,-0.00529,-0.34404,0.93894,0.96387,0.0,0.0,nan,0.0,0.00742,0.02161,18.42675,1.65047,0.24084,0.47424,0.44168,0.80235,0.60589,0.44168
-10.97417,7.00129,-8.36638,-0.17112,-0.01926,-0.98506,0.99724,0.0,0.0,nan,0.0,0.01089,0.02865,22.88969,1.88942,0.23399,0.50165,0.57669,0.82353,0.52926,0.57669
-11.17337,6.00331,-7.96068,-0.21588,-0.08599,-0.97263,0.99724,0.0,0.0,nan,0.0,0.01091,0.03631,18.20156,2.74725,0.23209,0.39213,0.50639,0.85052,0.364,0.50639
-11.66559,7.06189,5.81513,-0.16862,-0.24482,0.95479,0.99464,0.0,0.0,nan,0.0,0.01147,0.02965,19.04073,3.44393,0.25002,0.57808,0.5349,0.73957,0.29037,0.5349
-10.75275,6.974,6.28485,-0.05025,-0.26053,0.96416,0.99085,0.0,0.0,nan,0.0,0.00879,0.02306,20.1353,3.46599,0.24212,0.55124,0.64673,0.7606,0.28852,0.64673
-11.07989,9.01286,-8.33191,-0.17912,0.01554,-0.98371,0.99734,0.0,0.0,nan,0.0,0.008,0.02471,26.88226,2.0617,0.22916,0.48494,0.60513,0.71772,0.48504,0.60513
-10.55047,8.99895,-7.78181,-0.21161,0.01408,-0.97725,0.96447,0.0,0.0,nan,0.0,0.01067,0.03248,27.31618,1.87129,0.23426,0.5604,0.72231,0.62888,0.53439,0.72231
-11.63378,8.2809,5.84438,-0.17564,-0.2329,0.95651,0.98445,0.0,0.0,nan,0.0,0.00756,0.02035,17.95361,2.21493,0.23018,0.48961,0.58221,0.84361,0.45148,0.58221
-10.93146,8.97338,6.67921,-0.09161,-0.20643,0.97416,0.99335,0.0,0.0,nan,0.0,0.00882,0.02126,19.83919,1.83005,0.24042,0.5024,0.44535,0.90912,0.54643,0.44535
-10.8826,11.00083,-8.39041,-0.18834,-0.03518,-0.98147,0.99744,0.0,0.0,nan,0.0,0.00673,0.02428,29.20323,2.59345,0.23023,0.3816,0.62114,0.77563,0.38559,0.62114
-11.62596,11.24988,-7.83933,-0.16706,-0.02863,-0.98553,0.99075,0.0,0.0,nan,0.0,0.00826,0.02811,29.70302,1.8994,0.22656,0.35554,0.58316,0.88163,0.52648,0.58316
-11.02005,11.05753,6.83005,-0.06122,-0.15359,0.98624,0.99664,0.0,0.0,nan,0.0,0.00648,0.016,22.31377,1.81552,0.22873,0.44102,0.38434,1.0,0.55081,0.38434
-10.97048,13.03742,-8.74205,-0.1906,-0.0014,-0.98167,0.99654,0.0,0.0,nan,0.0,0.00778,0.03633,33.38763,2.0312,0.22487,0.24315,0.47457,0.93372,0.49232,0.47457
-11.73429,12.24776,-7.99092,-0.19235,0.00043,-0.98133,0.99534,0.0,0.0,nan,0.0,0.00956,0.03911,31.25858,1.81552,0.23001,0.27429,0.45511,0.9482,0.55081,0.45511
-11.08902,13.00818,7.07412,-0.03968,-0.2907,0.95599,0.99255,0.0,0.0,nan,0.0,0.00748,0.01897,20.87061,1.81552,0.22793,0.49238,0.38079,0.87724,0.55081,0.38079
-11.06687,15.03694,-8.39607,-0.19387,0.01806,-0.98086,0.99744,0.0,0.0,nan,0.0,0.00868,0.04355,37.77049,1.96591,0.21322,0.20981,0.38557,1.0,0.50867,0.38557
-10.20067,15.11742,-7.93288,-0.20545,0.01543,-0.97855,0.97766,0.0,0.0,nan,0.0,0.0117,0.05292,38.68405,1.88166,0.21716,0.23337,0.33189,0.99675,0.53145,0.33189
-11.50979,14.43711,7.99898,-0.1233,-0.18849,0.9743,0.98156,0.0,0.0,nan,0.0,0.00794,0.03229,18.06852,2.23452,0.22857,0.54082,0.79876,0.59849,0.44752,0.79876
-10.90652,15.12499,8.22244,-0.14124,-0.18226,0.97305,0.98216,0.0,0.0,nan,0.0,0.01538,0.04109,17.0773,1.94704,0.2284,0.64264,0.73631,0.65054,0.5136,0.73631
-10.96059,16.98787,-8.45614,-0.2038,-0.02141,-0.97878,0.99744,0.0,0.0,nan,0.0,0.00653,0.04142,36.50152,1.94351,0.21387,0.16687,0.41303,0.99656,0.51453,0.41303
-11.83657,16.92973,-7.89342,-0.16076,-0.01459,-0.98689,0.99584,0.0,0.0,nan,0.0,0.00553,0.03974,35.1964,2.01457,0.2128,0.15689,0.36412,0.9375,0.49638,0.36412
-11.67204,17.14837,7.78372,-0.30965,0.00542,0.95083,0.99364,0.0,0.0,nan,0.0,0.00943,0.02465,17.55814,2.2426,0.22831,0.53865,0.43828,0.79123,0.44591,0.43828
-10.79127,16.97738,8.21452,-0.23516,-0.00758,0.97193,0.99035,0.0,0.0,nan,0.0,0.01572,0.06,17.2864,1.69036,0.21888,0.63314,0.64398,0.46163,0.59159,0.64398
-11.17758,18.90189,-8.12875,-0.24554,-0.03182,-0.96886,0.99624,0.00286,0.01429,0.51,1.0,0.00819,0.04531,35.24222,1.91324,0.21708,0.20809,0.40425,0.91755,0.52267,0.40425
-11.04083,18.89886,-7.98946,-0.25168,-0.0353,-0.96717,0.98865,0.00243,0.01214,0.51,1.0,0.00872,0.0455,35.23784,1.96146,0.21735,0.22403,0.38645,0.90455,0.50982,0.38645
-11.48939,19.2094,7.73678,-0.21282,-0.09284,0.97267,0.98635,0.0,0.0,nan,0.0,0.01183,0.02771,18.04328,2.264,0.23376,0.50021,0.43688,0.94781,0.4417,0.43688
-10.5817,18.95166,8.23307,-0.2529,-0.05465,0.96595,0.99684,0.0,0.0,nan,0.0,0.01348,0.04679,20.03085,1.84992,0.22971,0.62422,0.67663,0.5078,0.54056,0.67663
-10.95011,20.98685,-8.46398,-0.34691,-0.04478,-0.93683,0.99634,0.0,0.0,nan,0.0,0.00946,0.05064,29.16735,2.06205,0.22389,0.28101,0.40088,0.71015,0.48495,0.40088
-11.74109,20.57703,7.77349,-0.17042,-0.16332,0.97174,0.98186,0.0,0.0,nan,0.0,0.00852,0.02075,16.6627,3.24993,0.22891,0.48647,0.61763,0.94485,0.3077,0.61763
-10.94414,21.18585,8.34647,-0.24687,-0.18103,0.95199,0.99484,0.0,0.0,nan,0.0,0.01122,0.02567,16.4929,1.65047,0.23348,0.50295,0.42263,0.97414,0.60589,0.42263
-10.92272,22.95349,-8.52943,-0.41263,-0.12392,-0.90243,0.99734,0.0,0.0,nan,0.0,0.01421,0.05637,27.68056,1.80636,0.21409,0.34836,0.65604,0.77613,0.5536,0.65604
-11.04391,22.964,8.53515,-0.23753,-0.13551,0.96188,0.99614,0.0,0.0,nan,0.0,0.00573,0.01564,15.87285,3.58067,0.22869,0.41259,0.40825,1.0,0.27928,0.40825
-11.05829,24.9598,-9.09097,-0.36576,-0.16169,-0.91656,0.99664,0.0,0.0,nan,0.0,0.01407,0.06327,24.10236,1.92133,0.22167,0.34461,0.71611,0.69868,0.52047,0.71611
-10.97745,24.90802,9.06091,-0.2575,-0.11021,0.95997,0.99734,0.0,0.0,nan,0.0,0.01041,0.02525,18.84529,1.8545,0.22836,0.48217,0.5125,0.94582,0.53923,0.5125
-11.10398,27.05793,-9.26037,-0.27435,-0.068,-0.95922,0.99704,0.0,0.0,nan,0.0,0.00759,0.07936,25.18423,1.77045,0.23161,0.20811,0.33188,0.49577,0.56483,0.33188
-10.98035,27.02362,9.1753,-0.2149,-0.14082,0.96643,0.99724,0.0,0.0,nan,0.0,0.012,0.02772,18.90513,1.70372,0.22175,0.47951,0.66483,0.99841,0.58695,0.66483
-11.03664,28.96298,-9.27697,-0.20248,-0.0326,-0.97874,0.99744,0.0,0.0,nan,0.0,0.01038,0.07221,29.66381,1.70357,0.22462,0.24728,0.46636,0.62077,0.587,0.46636
-11.09089,28.99198,9.57405,-0.1691,-0.11044,0.97939,0.99724,0.0,0.0,nan,0.0,0.00678,0.01754,17.43692,1.84409,0.22588,0.43085,0.37214,1.0,0.54227,0.37214
-10.93502,30.98982,-9.41158,-0.17004,-0.05465,-0.98392,0.99744,0.00137,0.00687,0.7,1.0,0.01489,0.08088,32.96382,1.85479,0.21957,0.26858,0.46073,0.72701,0.53915,0.46073
-11.16119,31.03328,9.29132,-0.12707,-0.04013,0.99108,0.99584,0.0,0.0,nan,0.0,0.00794,0.02032,19.10943,1.69455,0.24245,0.526,0.61125,0.82031,0.59013,0.61125
-10.00426,30.17591,10.02209,-0.17805,-0.0459,0.98295,0.99454,0.0,0.0,nan,0.0,0.00848,0.01868,19.7698,1.87329,0.22504,0.51315,0.5814,0.9744,0.53382,0.5814
-10.94818,32.98734,-9.72483,-0.20215,-0.01462,-0.97925,0.99434,0.0,0.0,nan,0.0,0.00626,0.06084,24.19541,1.71378,0.2243,0.23167,0.52492,0.48102,0.58351,0.52492
-11.00059,33.02789,9.72294,-0.12612,-0.05325,0.99059,0.99734,0.0,0.0,nan,0.0,0.00589,0.01452,18.32182,1.65047,0.22428,0.47619,0.63236,0.94568,0.60589,0.63236
-10.73579,32.22588,10.00815,-0.12049,-0.00389,0.99271,0.99624,0.0,0.0,nan,0.0,0.00854,0.01845,19.22936,1.83135,0.22714,0.53003,0.63759,0.96459,0.54605,0.63759
-11.00996,34.96984,-9.48252,-0.3035,0.08737,-0.94882,0.99704,0.0,0.0,nan,0.0,0.00706,0.07499,20.88785,1.9338,0.20805,0.23374,0.60477,0.4413,0.51712,0.60477
-11.11924,34.83686,9.62972,-0.22164,-0.04223,0.97421,0.99684,0.0,0.0,nan,0.0,0.00735,0.02104,15.57882,1.89426,0.22596,0.43281,0.45308,0.91046,0.52791,0.45308
-10.48916,35.44514,10.21822,-0.2172,-0.04479,0.9751,0.99045,0.0,0.0,nan,0.0,0.00625,0.01961,15.30911,1.99284,0.23241,0.43211,0.65468,0.83398,0.5018,0.65468
-11.03699,36.98681,-9.31656,-0.33895,0.01566,-0.94067,0.99724,0.00116,0.00581,0.51,1.0,0.00675,0.07547,25.1324,2.08702,0.19709,0.23797,0.46253,0.40603,0.47915,0.46253
-11.38427,37.04312,9.72324,-0.24775,0.02561,0.96849,0.99604,0.0,0.0,nan,0.0,0.00596,0.01845,16.94393,1.84058,0.23569,0.54396,0.45703,0.66393,0.54331,0.45703
-10.54669,37.01514,10.02394,-0.20892,0.02939,0.97749,0.99634,0.0,0.0,nan,0.0,0.00619,0.01905,16.17653,1.77686,0.23289,0.51138,0.44993,0.7137,0.56279,0.44993
-10.98521,39.01601,-9.38258,-0.32711,0.01349,-0.94489,0.99724,0.0,0.0,nan,0.0,0.00912,0.09265,21.73825,1.93108,0.21761,0.20173,0.50889,0.53278,0.51784,0.50889
-11.13415,39.15557,9.92884,-0.19065,-0.01754,0.9815,0.99554,0.0,0.0,nan,0.0,0.00679,0.02575,15.96663,2.19679,0.23288,0.53511,0.60157,0.55425,0.45521,0.60157
-10.72472,38.8854,10.11554,-0.17429,-0.015,0.98458,0.99634,0.0,0.0,nan,0.0,0.00559,0.01823,15.98499,1.73258,0.23734,0.48321,0.4558,0.71404,0.57717,0.4558
-10.9701,41.01087,-9.25522,-0.29249,0.14661,-0.94496,0.99744,0.0,0.0,nan,0.0,0.00672,0.05052,25.34073,1.76756,0.22633,0.26476,0.3411,0.54175,0.56575,0.3411
-11.22423,41.44131,9.94377,-0.2177,0.15912,0.96296,0.98965,0.0,0.0,nan,0.0,0.00819,0.02113,16.65579,2.36604,0.23248,0.56325,0.48747,0.77114,0.42265,0.48747
-10.70575,40.697,10.17822,-0.19338,0.0928,0.97673,0.98485,0.0,0.0,nan,0.0,0.00696,0.02166,16.37649,3.09612,0.23843,0.52619,0.4966,0.68478,0.32298,0.4966
-10.91372,42.98759,-8.90778,-0.27177,0.06552,-0.96013,0.99684,0.0,0.0,nan,0.0,0.00438,0.0344,29.07503,1.67933,0.23576,0.36584,0.40129,0.37193,0.59548,0.40129
-11.04622,43.07737,9.02929,-0.17694,0.14784,0.97306,0.98016,0.0,0.0,nan,0.0,0.00811,0.01747,18.46023,3.39566,0.23842,0.53629,0.37453,0.95948,0.29449,0.37453
-10.97713,44.94939,-8.94184,-0.30178,-0.12268,-0.94545,0.99604,0.0,0.0,nan,0.0,0.00402,0.05263,26.32442,1.65047,0.24665,0.50318,0.88225,0.28327,0.60589,0.88225
-10.9952,44.95259,9.42784,-0.16878,-0.03,0.9852,0.99624,0.0,0.0,nan,0.0,0.00645,0.02063,17.79029,2.03787,0.23062,0.44663,0.52001,0.77885,0.49071,0.52001
-10.9396,47.00621,-9.26409,-0.3195,-0.08759,-0.94353,0.99694,0.0,0.0,nan,0.0,0.00816,0.06428,9.27727,1.81552,0.23713,0.34425,0.45739,0.44849,0.55081,0.45739
-10.96196,47.03409,9.24917,-0.22364,0.14914,0.96319,0.99205,0.0,0.0,nan,0.0,0.0103,0.02712,18.31892,1.68681,0.23649,0.44354,0.35376,0.94943,0.59283,0.35376
-11.00467,49.01801,-9.39087,-0.25431,-0.057,-0.96544,0.99574,0.0,0.0,nan,0.0,0.01293,0.11377,8.79283,2.26649,0.22385,0.62099,0.85792,0.34319,0.44121,0.85792
-10.87966,48.97984,8.67964,-0.21973,0.12197,0.96791,0.98935,0.0,0.0,nan,0.0,0.00602,0.01421,18.96233,1.7983,0.23092,0.468,0.54475,1.0,0.55608,0.54475
-11.02561,50.9548,-9.5879,-0.18199,-0.11779,-0.97622,0.99474,0.0,0.0,nan,0.0,0.01242,0.05699,7.90094,1.89186,0.23567,0.50511,0.45353,0.54085,0.52858,0.45353
-10.7723,50.14463,7.9652,-0.20837,0.00207,0.97805,0.92511,0.0,0.0,nan,0.0,0.00689,0.01692,16.43832,1.7305,0.24018,0.47098,0.43624,0.96998,0.57787,0.43624
-10.95772,50.86306,8.77547,-0.22089,0.01344,0.97521,0.99694,0.0,0.0,nan,0.0,0.00773,0.0172,15.35905,3.43236,0.23626,0.57261,0.6431,0.88774,0.29135,0.6431
-11.05608,52.98092,-9.86872,-0.07428,-0.01787,-0.99708,0.98995,0.0,0.0,nan,0.0,0.01944,0.07861,8.67079,1.89356,0.23462,0.70997,0.74782,0.42861,0.52811,0.74782
-11.06086,53.03139,8.70521,-0.21792,0.14839,0.96462,0.98765,0.0,0.0,nan,0.0,0.00878,0.0205,14.22016,1.81552,0.23263,0.56925,0.65235,0.85837,0.55081,0.65235
-11.01691,55.02778,-9.51478,0.02186,0.10241,-0.9945,0.99594,0.0,0.0,nan,0.0,0.00943,0.04916,23.40111,1.74868,0.23224,0.7227,0.64255,0.28802,0.57186,0.64255
-11.23911,55.84016,7.90266,-0.14024,0.12503,0.98219,0.99604,0.0,0.0,nan,0.0,0.00792,0.02388,13.55492,1.97056,0.22453,0.56511,0.36887,0.67347,0.50747,0.36887
-11.01634,54.89296,8.54027,-0.16334,0.15629,0.97411,0.98995,0.0,0.0,nan,0.0,0.00604,0.01728,14.86171,3.44151,0.23873,0.5568,0.54394,0.71244,0.29057,0.54394
-10.94511,57.04042,-9.51589,0.05535,0.09894,-0.99355,0.99634,0.0,0.0,nan,0.0,0.01652,0.05512,25.96319,1.73559,0.22892,0.5488,0.51254,0.5882,0.57617,0.51254
-11.21553,57.53495,7.98871,-0.10236,0.31079,0.94495,0.98176,0.0,0.0,nan,0.0,0.00477,0.01901,12.20756,3.46599,0.23331,0.64644,0.80051,0.53854,0.28852,0.80051
-10.8976,56.82906,8.15561,-0.09828,0.21902,0.97076,0.98455,0.0,0.0,nan,0.0,0.00435,0.02064,13.8071,3.46599,0.2355,0.55588,0.80118,0.51921,0.28852,0.80118
-11.01478,59.05446,-9.09311,-0.05257,0.08593,-0.99491,0.99225,0.0,0.0,nan,0.0,0.01337,0.04829,34.02589,1.84102,0.23708,0.63257,0.77933,0.51144,0.54318,0.77933
-10.93705,58.96946,6.94452,-0.05998,0.38271,0.92192,0.99185,0.0,0.0,nan,0.0,0.00687,0.02036,16.43743,3.17895,0.23363,0.63414,0.53121,0.59672,0.31457,0.53121
-11.04534,60.99778,-9.31789,-0.19554,-0.06254,-0.9787,0.98995,0.0,0.0,nan,0.0,0.00647,0.06831,23.7058,2.5956,0.22363,0.71645,0.9237,0.32257,0.38527,0.9237
-10.70058,61.65151,5.91587,-0.05153,0.12112,0.9913,0.96557,0.0,0.0,nan,0.0,0.00601,0.01856,17.99159,1.76059,0.23866,0.42621,0.58585,0.84372,0.56799,0.58585
-10.95632,60.93275,6.4002,-0.04114,0.19738,0.97946,0.99185,0.0,0.0,nan,0.0,0.00682,0.01712,17.69626,2.68893,0.23246,0.47609,0.42473,0.93119,0.37189,0.42473
-10.96824,63.03652,-9.46887,-0.20175,-0.00493,-0.97942,0.99614,0.0,0.0,nan,0.0,0.01713,0.06324,12.23311,1.81552,0.23934,0.64436,0.51201,0.48908,0.55081,0.51201
-11.00371,63.60977,5.80315,-0.0801,0.22817,0.97032,0.99664,0.0,0.0,nan,0.0,0.01012,0.02193,17.65892,1.93444,0.23005,0.60815,0.37238,0.84476,0.51694,0.37238
-10.93018,62.93409,6.22769,-0.06188,0.15922,0.9853,0.99674,0.0,0.0,nan,0.0,0.00831,0.01886,17.57632,1.68437,0.23989,0.53454,0.43557,0.91781,0.59369,0.43557
-10.9418,65.05724,-9.42387,-0.19,0.28362,-0.93992,0.94729,0.0,0.0,nan,0.0,0.00767,0.02977,14.42915,1.88532,0.24144,0.54727,0.46641,0.53621,0.53041,0.46641
-11.18044,65.23148,5.63505,-0.17145,0.49755,0.85032,0.98286,0.0,0.0,nan,0.0,0.00813,0.02492,20.31706,3.36873,0.23561,0.60521,0.48218,0.59227,0.29685,0.48218
-10.64339,64.59756,6.20221,-0.09609,0.33521,0.93723,0.96587,0.0,0.0,nan,0.0,0.00865,0.02139,17.4675,2.05821,0.22397,0.63437,0.4647,0.71047,0.48586,0.4647
-11.00321,66.6474,-8.66594,-0.09826,0.74819,-0.65616,0.86297,0.0,0.0,nan,0.0,0.01258,0.0426,25.08503,1.70816,0.23399,0.50746,0.37155,0.62847,0.58543,0.37155
-10.94492,67.22061,-6.99878,0.0001,0.95603,-0.29327,0.97436,0.0,0.0,nan,0.0,0.01557,0.03869,21.07225,1.91524,0.23252,0.51977,0.36626,0.84746,0.52213,0.36626
-10.93434,67.45802,-5.044,0.01904,0.97825,-0.20654,0.99724,0.0,0.0,nan,0.0,0.00857,0.03813,14.72888,1.77257,0.21709,0.42784,0.43961,0.59648,0.56415,0.43961
-11.01398,67.99818,-3.56644,-0.00564,0.9632,-0.26871,0.99674,0.0,0.0,nan,0.0,0.01082,0.03509,13.05128,1.65047,0.23073,0.50048,0.49934,0.71075,0.60589,0.49934
-11.91689,67.81846,1.92161,-0.21659,0.91022,0.35296,0.99245,0.0,0.0,nan,0.0,0.00459,0.01211,18.72174,2.51043,0.22766,0.47752,0.40727,0.87936,0.39834,0.40727
-11.08654,67.80828,3.45633,-0.26225,0.83693,0.48039,0.96377,0.0,0.0,nan,0.0,0.00794,0.01948,17.8445,1.87544,0.23285,0.45417,0.40756,0.99862,0.53321,0.40756
-10.79262,66.50422,4.48341,-0.23912,0.68274,0.69043,0.99374,0.0,0.0,nan,0.0,0.0092,0.02573,17.13671,3.25636,0.23871,0.48152,0.38789,0.82895,0.30709,0.38789
-10.99576,68.06468,-2.64831,0.00012,0.97661,-0.21503,0.99724,0.0,0.0,nan,0.0,0.00981,0.02791,14.58887,1.65047,0.23972,0.5644,0.37871,0.70843,0.60589,0.37871
-10.98505,68.54506,-0.9242,0.01564,0.99824,-0.05724,0.98825,0.0,0.0,nan,0.0,0.01117,0.02652,16.59859,1.65047,0.23315,0.56654,0.44462,0.83293,0.60589,0.44462
-10.96888,68.50312,1.00612,-0.05771,0.98787,0.14414,0.98256,0.0,0.0,nan,0.0,0.01009,0.0256,18.52905,1.88572,0.2278,0.58228,0.44125,0.74983,0.5303,0.44125
-10.90081,68.22289,2.41568,-0.17562,0.93715,0.30151,0.95888,0.0,0.0,nan,0.0,0.0108,0.02803,18.9563,1.65047,0.23637,0.5154,0.55124,0.82654,0.60589,0.55124
-8.71634,1.93105,-4.27109,-0.04687,-0.98258,-0.17984,0.99704,0.0,0.0,nan,0.0,0.01099,0.04935,14.90788,1.84571,0.23924,0.29073,0.52407,0.86846,0.5418,0.52407
-8.96917,1.8287,-2.9897,-0.06981,-0.98001,-0.18631,0.99744,0.0,0.0,nan,0.0,0.01156,0.07097,18.00134,1.6816,0.23033,0.34708,0.36777,0.52127,0.59467,0.36777
-8.98238,1.51379,-0.95755,-0.07556,-0.98988,-0.12016,0.99684,0.0,0.0,nan,0.0,0.00636,0.04025,16.8032,1.79107,0.22595,0.19736,0.57353,0.89659,0.55833,0.57353
-9.05209,1.52966,0.96256,-0.05584,-0.97909,0.19561,0.98575,0.0,0.0,nan,0.0,0.00582,0.01818,16.43162,1.94222,0.23422,0.38149,0.45552,0.94216,0.51487,0.45552
-9.00081,1.88599,2.15843,-0.07434,-0.89886,0.43188,0.99145,0.0,0.0,nan,0.0,0.00626,0.01334,16.53115,2.05982,0.2299,0.53566,0.52739,0.9811,0.48548,0.52739
-8.94034,3.45109,-8.40362,-0.20235,-0.54685,-0.81241,0.89474,0.0,0.0,nan,0.0,0.0042,0.07288,19.3002,1.81552,0.24862,0.58684,0.96177,0.33606,0.55081,0.96177
-9.00562,2.58696,-7.05653,-0.09626,-0.89006,-0.44557,0.95538,0.0,0.0,nan,0.0,0.01234,0.04911,12.64082,1.90469,0.22649,0.37925,0.79061,0.88167,0.52502,0.79061
-9.03191,2.24079,-5.1486,-0.02979,-0.97976,-0.19794,0.99724,0.0,0.0,nan,0.0,0.01205,0.04541,14.90331,2.38517,0.22114,0.36544,0.44988,0.82342,0.41926,0.44988
-9.38885,2.01089,-3.92431,-0.03491,-0.98551,-0.16599,0.99664,0.0,0.0,nan,0.0,0.00564,0.04538,18.99659,2.21258,0.22699,0.27147,0.36638,0.50569,0.45196,0.36638
-9.07899,2.96544,2.98413,-0.05573,-0.76479,0.64186,0.99335,0.0,0.0,nan,0.0,0.00621,0.01379,15.79201,2.07169,0.22404,0.53022,0.46255,0.95629,0.4827,0.46255
-9.06001,3.57715,4.4021,-0.01745,-0.66231,0.74903,0.99225,0.0,0.0,nan,0.0,0.00754,0.01621,15.61796,1.92401,0.22901,0.57638,0.61662,0.91024,0.51975,0.61662
-9.03029,5.11039,-8.75973,-0.24493,-0.18091,-0.95251,0.98365,0.0,0.0,nan,0.0,0.00574,0.02042,14.21628,2.08967,0.22523,0.47295,0.46772,0.67797,0.47854,0.46772
-8.86301,4.73661,5.37409,0.0379,-0.51291,0.8576,0.98705,0.0,0.0,nan,0.0,0.00542,0.01469,17.43146,2.74308,0.23469,0.48848,0.56013,0.84231,0.36455,0.56013
-9.50143,5.67573,6.12544,0.04424,-0.37309,0.92674,0.96477,0.0,0.0,nan,0.0,0.00511,0.01669,17.7405,3.29165,0.2357,0.45839,0.29409,0.74345,0.3038,0.29409
-8.91028,6.99017,-8.5704,-0.26254,-0.01748,-0.96476,0.99664,0.0,0.0,nan,0.0,0.00554,0.01871,19.88991,1.6678,0.23224,0.48546,0.53886,0.67077,0.59959,0.53886
-8.53274,6.85527,5.57994,0.09742,-0.27328,0.95699,0.99215,0.0,0.0,nan,0.0,0.00492,0.01453,18.51693,1.65047,0.2299,0.4707,0.42225,0.79654,0.60589,0.42225
-9.19301,7.07628,6.49432,0.06166,-0.25222,0.9657,0.98256,0.0,0.0,nan,0.0,0.00526,0.01797,19.29566,2.08277,0.23196,0.43576,0.34329,0.74191,0.48013,0.34329
-9.00969,8.93549,-8.77087,-0.24508,-0.03722,-0.96879,0.99724,0.0,0.0,nan,0.0,0.00297,0.02284,24.89976,2.41639,0.23197,0.63989,0.90699,0.44079,0.41384,0.90699
-9.99104,8.84246,-7.98261,-0.23622,-0.01349,-0.9716,0.98276,0.0,0.0,nan,0.0,0.00623,0.02173,25.38168,2.05003,0.22958,0.58967,0.7695,0.55926,0.4878,0.7695
-8.22551,8.13168,5.91195,0.09923,-0.28543,0.95325,0.98385,0.0,0.0,nan,0.0,0.00492,0.01447,19.43654,2.06791,0.22368,0.42114,0.38597,0.8897,0.48358,0.38597
-8.872,9.01639,6.7297,0.03392,-0.26384,0.96397,0.99564,0.0,0.0,nan,0.0,0.00619,0.01928,19.11993,1.65047,0.22815,0.3724,0.47421,0.95139,0.60589,0.47421
-9.0028,10.98914,-8.89988,-0.2792,-0.03113,-0.95973,0.99664,0.0,0.0,nan,0.0,0.01442,0.04323,22.6359,2.55498,0.22396,0.49076,0.63724,0.73965,0.39139,0.63724
-8.93378,10.96881,6.82876,-0.03593,-0.15949,0.98654,0.99724,0.0,0.0,nan,0.0,0.01113,0.02868,20.46001,1.8497,0.22338,0.44914,0.32997,0.94859,0.54063,0.32997
-9.00683,13.00482,-8.71238,-0.27353,0.03468,-0.96124,0.99624,0.0,0.0,nan,0.0,0.00601,0.03855,28.59562,2.07501,0.22472,0.27173,0.32648,0.61342,0.48193,0.32648
-9.02444,13.08136,7.30855,-0.02055,-0.26241,0.96474,0.99394,0.0,0.0,nan,0.0,0.00605,0.01792,20.09814,1.91278,0.2221,0.38837,0.37629,0.95593,0.5228,0.37629
-8.99458,14.93786,-8.73392,-0.24905,-0.00059,-0.96849,0.99724,0.0,0.0,nan,0.0,0.01185,0.05501,33.20713,2.36564,0.21749,0.26059,0.44103,0.87669,0.42272,0.44103
-9.83982,14.98018,-7.88956,-0.21079,0.0114,-0.97747,0.95888,0.0,0.0,nan,0.0,0.01207,0.05232,37.68288,2.0432,0.21192,0.24317,0.35916,0.99917,0.48943,0.35916
-8.71938,14.17296,7.84791,0.00054,-0.28263,0.95923,0.99674,0.0,0.0,nan,0.0,0.00727,0.02366,18.21272,1.69526,0.23256,0.47086,0.5973,0.72438,0.58988,0.5973
-8.96549,15.09829,8.33765,0.01191,-0.24169,0.97028,0.98815,0.0,0.0,nan,0.0,0.00893,0.02953,17.10003,2.02047,0.23827,0.51579,0.68484,0.65441,0.49493,0.68484
-9.10015,17.02397,-8.9459,-0.2517,-0.04186,-0.9669,0.99744,0.0,0.0,nan,0.0,0.00967,0.05077,33.78819,1.88349,0.2204,0.22389,0.44245,0.90077,0.53093,0.44245
-8.07838,16.65104,7.92242,0.07672,-0.11128,0.99082,0.99285,0.0,0.0,nan,0.0,0.00805,0.02305,16.19874,2.04588,0.23014,0.52843,0.44897,0.74262,0.48879,0.44897
-8.89251,17.04764,8.63733,0.01119,-0.07609,0.99704,0.98915,0.0,0.0,nan,0.0,0.00642,0.0221,16.61513,1.89949,0.22555,0.47687,0.33055,0.68224,0.52646,0.33055
-9.10738,18.97665,-9.08815,-0.27948,-0.10191,-0.95473,0.99734,0.0,0.0,nan,0.0,0.00769,0.04861,28.30338,1.87819,0.21934,0.28132,0.56662,0.60248,0.53243,0.56662
-9.0195,19.08801,8.75097,-0.12307,-0.14923,0.98111,0.98955,0.0,0.0,nan,0.0,0.0085,0.02586,17.72748,2.4283,0.23097,0.46025,0.49124,0.79475,0.41181,0.49124
-8.9826,20.96613,-9.2695,-0.34971,-0.09958,-0.93155,0.99744,0.0,0.0,nan,0.0,0.0085,0.06208,20.37131,1.82335,0.22125,0.34135,0.45105,0.44041,0.54844,0.45105
-9.10306,20.95465,9.13432,-0.2186,-0.19725,0.95567,0.99075,0.0,0.0,nan,0.0,0.01481,0.04197,16.50669,1.82439,0.22711,0.54548,0.45876,0.7255,0.54813,0.45876
-8.94944,22.95843,-9.34773,-0.27672,-0.08447,-0.95723,0.99574,0.0,0.0,nan,0.0,0.0076,0.04107,18.70704,1.75847,0.22463,0.21501,0.4939,0.95299,0.56868,0.4939
-9.05182,22.96839,9.51466,-0.16733,-0.07927,0.98271,0.98186,0.0,0.0,nan,0.0,0.00861,0.03055,17.5171,1.90313,0.23485,0.50416,0.4043,0.62288,0.52545,0.4043
-8.03143,25.70242,-10.01802,-0.09162,-0.06116,-0.99391,0.99275,0.0,0.0,nan,0.0,0.01327,0.05066,16.89203,1.81552,0.23403,0.49371,0.34392,0.59325,0.55081,0.34392
-9.09698,24.92282,-9.77483,-0.21937,-0.10292,-0.9702,0.99225,0.0,0.0,nan,0.0,0.00646,0.04299,15.72504,1.75143,0.22377,0.26659,0.49717,0.6355,0.57096,0.49717
-9.05655,24.95589,9.6463,-0.16206,-0.14295,0.97637,0.99015,0.0,0.0,nan,0.0,0.0113,0.02644,19.21091,1.7881,0.22554,0.53113,0.56903,0.88843,0.55925,0.56903
-8.16206,26.91962,-10.0561,-0.11176,-0.00059,-0.99373,0.99454,0.0,0.0,nan,0.0,0.00637,0.02063,12.82305,1.72632,0.23379,0.48899,0.37918,0.73032,0.57927,0.37918
-9.11877,27.04843,-9.80159,-0.16122,0.00879,-0.98688,0.99724,0.0,0.0,nan,0.0,0.01134,0.05438,16.01025,1.8614,0.2285,0.48583,0.52198,0.48302,0.53723,0.52198
-9.14764,26.88116,9.80925,-0.23289,-0.12312,0.96468,0.99604,0.0,0.0,nan,0.0,0.01432,0.03502,16.77917,1.65047,0.23548,0.58284,0.79539,0.91832,0.60589,0.79539
-8.28182,27.50993,10.07041,-0.18361,-0.0985,0.97805,0.99634,0.0,0.0,nan,0.0,0.02145,0.04378,15.5448,1.78496,0.22883,0.62006,0.72049,0.89189,0.56024,0.72049
-8.95701,29.00644,-9.80743,-0.14891,0.01923,-0.98866,0.99694,0.00049,0.00247,0.6,1.0,0.00328,0.03896,28.39728,1.69661,0.22986,0.21967,0.35953,0.40973,0.58941,0.35953
-9.15066,29.0631,9.70274,-0.21972,-0.07068,0.973,0.99694,0.0,0.0,nan,0.0,0.01421,0.02903,18.62495,1.81552,0.24082,0.56578,0.63988,0.95809,0.55081,0.63988
-8.3799,29.17773,10.17076,-0.17398,-0.0601,0.98291,0.99744,0.0,0.0,nan,0.0,0.01394,0.02933,17.07414,1.8274,0.22175,0.53582,0.66301,0.99088,0.54723,0.66301
-8.31007,31.03417,-10.06905,-0.14864,-0.06786,-0.98656,0.99684,0.0,0.0,nan,0.0,0.00706,0.05763,26.52523,1.88206,0.21448,0.24533,0.33236,0.53676,0.53133,0.33236
-9.18576,31.05476,-9.79125,-0.1322,-0.07765,-0.98818,0.99734,0.0093,0.04649,0.7,1.0,0.0097,0.05907,32.73867,1.85981,0.21145,0.24939,0.4247,0.69856,0.53769,0.4247
-9.61402,31.21196,9.83467,-0.16003,-0.00071,0.98711,0.99724,0.0,0.0,nan,0.0,0.00957,0.01857,20.80196,1.81552,0.22769,0.56651,0.54527,0.99736,0.55081,0.54527
-8.7906,30.92735,10.14852,-0.1833,-0.00279,0.98305,0.99734,0.0,0.0,nan,0.0,0.00482,0.0163,19.95713,1.68892,0.22223,0.56111,0.87388,0.96141,0.59209,0.87388
-8.53059,33.44393,-10.00235,-0.1401,-0.05293,-0.98872,0.99734,0.0,0.0,nan,0.0,0.01078,0.09399,26.69772,1.79537,0.21005,0.18713,0.55413,0.65865,0.55699,0.55413
-9.15598,32.9064,-9.72261,-0.15301,-0.05142,-0.98689,0.99704,0.0,0.0,nan,0.0,0.01003,0.07611,27.92051,1.8591,0.21206,0.2148,0.58078,0.65746,0.53789,0.58078
-8.85032,32.70087,9.99582,-0.17575,-0.02211,0.98419,0.99654,0.0,0.0,nan,0.0,0.01459,0.02478,19.86705,1.7199,0.23109,0.64793,0.72829,1.0,0.58143,0.72829
-8.94792,33.37345,10.10954,-0.14818,-0.0682,0.98661,0.99644,0.0,0.0,nan,0.0,0.00959,0.02134,19.24772,1.66995,0.22523,0.56969,0.635,0.87087,0.59882,0.635
-8.5941,34.92371,-10.1171,-0.1546,-0.00793,-0.98795,0.99694,0.009,0.04501,0.51,1.0,0.01257,0.10655,26.81747,1.89982,0.20682,0.19658,0.4901,0.64513,0.52637,0.4901
-9.25733,35.11132,-9.83625,-0.20763,0.01252,-0.97813,0.99714,0.00673,0.03365,0.51,1.0,0.01517,0.12032,27.30089,2.01021,0.20055,0.2231,0.66352,0.60669,0.49746,0.66352
-9.71371,34.3233,9.84493,-0.15163,-0.11776,0.9814,0.99734,0.0,0.0,nan,0.0,0.01233,0.02737,17.06062,1.91075,0.22563,0.55444,0.50113,0.90815,0.52335,0.50113
-8.94178,35.05254,10.41136,-0.10581,-0.09112,0.9902,0.98585,0.0,0.0,nan,0.0,0.01387,0.02817,20.50988,2.079,0.235,0.64143,0.51848,0.84246,0.481,0.51848
-8.54945,36.71803,-10.00971,-0.15324,0.05001,-0.98692,0.99704,0.00673,0.03363,0.51,1.0,0.011,0.07844,29.0962,1.96694,0.20012,0.21718,0.55906,0.69042,0.5084,0.55906
-9.24944,37.1356,-9.78147,-0.21294,0.03507,-0.97644,0.99574,0.00574,0.02872,0.51,1.0,0.01485,0.10019,29.13943,1.88048,0.21059,0.23281,0.43473,0.68025,0.53178,0.43473
-9.53468,37.64625,9.7244,-0.13954,0.04624,0.98914,0.99235,0.0,0.0,nan,0.0,0.00816,0.02116,20.91684,1.77599,0.23734,0.5913,0.46225,0.71472,0.56307,0.46225
-8.95423,36.9593,10.48798,-0.11211,0.04502,0.99267,0.99384,0.0,0.0,nan,0.0,0.00793,0.01908,21.59044,1.87598,0.2328,0.61191,0.5045,0.74203,0.53306,0.5045
-8.42464,39.02455,-10.14492,-0.13028,0.01594,-0.99135,0.99654,0.0,0.0,nan,0.0,0.01097,0.06132,29.02699,1.91702,0.20549,0.23707,0.42264,0.80678,0.52164,0.42264
-9.20958,38.97049,-9.86664,-0.18846,0.02106,-0.98185,0.99614,0.0,0.0,nan,0.0,0.01296,0.07907,29.15386,2.06609,0.2101,0.23471,0.42327,0.74596,0.48401,0.42327
-9.4009,38.66203,9.72653,-0.12198,0.00269,0.99253,0.98825,0.0,0.0,nan,0.0,0.00841,0.02173,18.22988,1.88379,0.2305,0.51038,0.59329,0.84118,0.53084,0.59329
-8.72163,39.12966,10.06966,-0.12187,-0.03588,0.9919,0.99554,0.0,0.0,nan,0.0,0.00568,0.01515,18.20026,1.8357,0.22735,0.43162,0.35621,0.96397,0.54475,0.35621
-8.35135,40.93387,-10.04663,-0.19887,0.0957,-0.97534,0.98735,0.0,0.0,nan,0.0,0.0188,0.0693,34.55104,1.86219,0.22721,0.31267,0.61944,0.91798,0.537,0.61944
-9.26376,41.12097,-9.90501,-0.25017,0.14721,-0.95695,0.99394,0.0,0.0,nan,0.0,0.01302,0.05744,33.34926,1.89231,0.22487,0.30438,0.47103,0.78951,0.52846,0.47103
-9.71672,41.63913,9.87333,-0.22452,0.16031,0.96119,0.99604,0.0,0.0,nan,0.0,0.00756,0.02348,17.36057,3.38379,0.24172,0.57857,0.70199,0.6206,0.29553,0.70199
-8.9797,40.87025,10.47183,-0.2154,0.01746,0.97637,0.97426,0.0,0.0,nan,0.0,0.00758,0.02423,15.92901,1.8724,0.23009,0.48833,0.43428,0.72125,0.53407,0.43428
-8.07423,42.57232,-10.09466,-0.27057,0.06509,-0.9605,0.99155,0.0,0.0,nan,0.0,0.01114,0.04996,39.74367,1.99726,0.22639,0.34141,0.40313,0.68614,0.50069,0.40313
-9.12203,43.17689,-9.24251,-0.28631,0.03031,-0.95766,0.99494,0.0,0.0,nan,0.0,0.00816,0.03948,38.39007,1.86073,0.22948,0.31795,0.24672,0.68405,0.53742,0.24672
-9.16036,43.18488,9.54317,-0.26577,0.1725,0.94848,0.98256,0.0,0.0,nan,0.0,0.01145,0.02308,17.76639,3.39626,0.24009,0.61112,0.57468,0.90312,0.29444,0.57468
-8.57159,42.61578,10.34665,-0.28116,0.1993,0.93874,0.98096,0.0,0.0,nan,0.0,0.0135,0.03609,18.61195,1.87714,0.24559,0.65293,0.3834,0.63425,0.53273,0.3834
-8.04268,44.61566,-10.00431,-0.22757,-0.04933,-0.97251,0.99265,0.00412,0.0206,0.7,1.0,0.01353,0.07183,42.37102,1.81552,0.2297,0.32882,0.50861,0.59989,0.55081,0.50861
-8.97651,44.93616,-9.69481,-0.25823,-0.09671,-0.96123,0.99734,0.0,0.0,nan,0.0,0.01263,0.07154,42.45292,1.76338,0.23414,0.37336,0.53889,0.49523,0.56709,0.53889
-8.91696,45.11769,9.36091,-0.20313,-0.00685,0.97913,0.98415,0.0,0.0,nan,0.0,0.00974,0.02545,15.79819,1.65047,0.23824,0.5662,0.32968,0.76139,0.60589,0.32968
-8.14308,45.98157,10.02267,-0.18029,0.03626,0.98294,0.99434,0.0,0.0,nan,0.0,0.00774,0.02714,15.77178,1.75141,0.24349,0.64236,0.72997,0.50007,0.57097,0.72997
-8.34807,47.36703,-10.01789,-0.01608,0.0879,-0.996,0.98355,0.0,0.0,nan,0.0,0.00869,0.07883,40.125,1.71816,0.22917,0.2302,0.53564,0.50289,0.58202,0.53564
-9.11273,46.83261,-9.90924,-0.12788,0.00029,-0.99179,0.98036,0.0,0.0,nan,0.0,0.01091,0.10762,30.86556,1.72284,0.23578,0.26968,0.44588,0.40016,0.58044,0.44588
-9.09571,47.22048,9.8035,-0.18361,0.10018,0.97788,0.99185,0.0,0.0,nan,0.0,0.00566,0.01432,15.16852,1.73458,0.23984,0.50214,0.4689,0.89095,0.57651,0.4689
-8.38642,46.55051,10.05746,-0.17482,0.05919,0.98282,0.99345,0.0,0.0,nan,0.0,0.00686,0.02391,15.08672,3.63103,0.2417,0.67734,0.80047,0.57207,0.2754,0.80047
-8.54803,48.42411,-10.11877,0.05321,0.10289,-0.99327,0.96357,0.0,0.0,nan,0.0,0.00646,0.06315,36.41697,1.7348,0.22902,0.22899,0.56071,0.47128,0.57643,0.56071
-8.99131,49.09869,-9.79094,0.04759,0.07165,-0.99629,0.98256,0.0,0.0,nan,0.0,0.0041,0.05104,29.21271,1.6667,0.23116,0.2156,0.42993,0.39779,0.59999,0.42993
-9.08112,48.97314,9.12342,-0.22212,0.16702,0.96061,0.99065,0.0,0.0,nan,0.0,0.0081,0.01663,17.42856,1.88581,0.22914,0.55575,0.50173,0.97723,0.53028,0.50173
-8.95148,51.0186,-9.81619,0.15732,-0.00249,-0.98754,0.98625,0.0,0.0,nan,0.0,0.00504,0.04035,26.66046,2.56354,0.23161,0.33775,0.65406,0.39769,0.39009,0.65406
-9.00309,51.00895,9.05201,-0.19322,0.00162,0.98115,0.99724,0.0,0.0,nan,0.0,0.00628,0.0195,14.18745,2.41913,0.23502,0.56665,0.8072,0.79302,0.41337,0.8072
-9.35171,52.75252,-10.02553,0.1388,0.01373,-0.99023,0.97316,0.0,0.0,nan,0.0,0.00917,0.04241,24.75517,3.59811,0.23363,0.59435,0.6191,0.39309,0.27792,0.6191
-8.78066,52.97522,-9.90526,0.1823,0.01742,-0.98309,0.98425,0.0,0.0,nan,0.0,0.00832,0.03229,27.8133,1.67375,0.24076,0.51384,0.70215,0.53772,0.59746,0.70215
-8.99745,53.20823,9.20554,-0.14316,0.19891,0.96951,0.99075,0.0,0.0,nan,0.0,0.00595,0.01882,15.47315,2.54133,0.23447,0.57424,0.4295,0.62135,0.3935,0.4295
-9.05393,54.91283,-9.45504,0.12998,0.10797,-0.98562,0.99684,0.0,0.0,nan,0.0,0.01367,0.03906,25.97544,1.69861,0.23033,0.59535,0.59225,0.63323,0.58872,0.59225
-9.25517,54.9444,7.80564,-0.10043,0.20271,0.97408,0.94389,0.0,0.0,nan,0.0,0.00647,0.01578,16.90704,2.38304,0.23499,0.5047,0.42061,0.90898,0.41963,0.42061
-8.88212,55.02478,8.25776,-0.11133,0.21303,0.97068,0.98975,0.0,0.0,nan,0.0,0.00848,0.01834,16.62062,3.42273,0.23709,0.54153,0.4165,0.95632,0.29216,0.4165
-9.04857,56.98349,-9.29569,0.10047,0.06893,-0.99255,0.99744,0.0,0.0,nan,0.0,0.0228,0.04427,27.79056,1.71374,0.22045,0.64619,0.56177,0.85425,0.58352,0.56177
-8.08928,56.42456,7.9925,-0.10204,0.13932,0.98498,0.99105,0.0,0.0,nan,0.0,0.00859,0.02303,17.04289,1.84815,0.23107,0.54774,0.24169,0.76112,0.54108,0.24169
-8.97299,56.86975,8.38936,-0.12829,0.17775,0.97568,0.98425,0.0,0.0,nan,0.0,0.00572,0.02212,16.10414,3.46599,0.24043,0.46703,0.32631,0.62191,0.28852,0.32631
-8.86789,58.91106,-9.25306,0.0134,-0.05769,-0.99824,0.99694,0.0,0.0,nan,0.0,0.00751,0.03198,24.41516,1.92851,0.21485,0.56961,0.8815,0.76977,0.51853,0.8815
-9.1492,59.16838,7.18134,-0.19169,0.39116,0.90014,0.99075,0.0,0.0,nan,0.0,0.0089,0.02415,16.74542,2.21872,0.23226,0.62798,0.3636,0.65705,0.45071,0.3636
-8.67065,58.28204,8.17548,-0.19738,0.33578,0.92103,0.97916,0.0,0.0,nan,0.0,0.01205,0.03813,17.58575,2.58841,0.23764,0.6303,0.49613,0.55849,0.38634,0.49613
-8.91736,60.94471,-9.3938,-0.0775,-0.16486,-0.98327,0.99704,0.0,0.0,nan,0.0,0.00658,0.02858,15.26432,1.96751,0.2242,0.3603,0.4005,0.72316,0.50826,0.4005
-9.03739,61.01121,6.79476,-0.15469,0.22025,0.9631,0.99484,0.0,0.0,nan,0.0,0.01039,0.0228,18.51578,1.79859,0.22849,0.58809,0.41684,0.85879,0.55599,0.41684
-8.0162,63.15573,-10.0016,-0.18114,-0.07626,-0.9805,0.99524,0.0,0.0,nan,0.0,0.01023,0.0433,12.45922,1.88103,0.22238,0.29727,0.65405,0.92207,0.53162,0.65405
-9.04533,63.00042,-9.90227,-0.176,-0.05559,-0.98282,0.99454,0.0,0.0,nan,0.0,0.00693,0.036,11.76379,2.01745,0.21197,0.27085,0.34937,0.8315,0.49568,0.34937
-9.03861,62.94854,6.68997,-0.05979,0.1803,0.98179,0.99295,0.0,0.0,nan,0.0,0.0079,0.02391,18.10759,3.46599,0.23539,0.57442,0.63158,0.63866,0.28852,0.63158
-8.09043,64.41772,-10.04011,-0.21079,0.17678,-0.96141,0.96967,0.0,0.0,nan,0.0,0.01942,0.068,13.51009,2.27083,0.22417,0.51991,0.72638,0.63077,0.44037,0.72638
-9.02878,65.08805,-9.81915,-0.18996,0.32265,-0.92726,0.94549,0.0,0.0,nan,0.0,0.00805,0.04371,20.2206,1.83695,0.24405,0.54295,0.85228,0.55447,0.54438,0.85228
-8.90602,65.43158,5.76584,-0.02353,0.43305,0.90106,0.99414,0.0,0.0,nan,0.0,0.01247,0.03838,20.87269,1.76325,0.23669,0.63104,0.40439,0.56434,0.56713,0.40439
-9.06791,64.38248,6.10433,-0.03121,0.28997,0.95653,0.99354,0.0,0.0,nan,0.0,0.01236,0.03202,19.55523,1.65047,0.23631,0.6317,0.35522,0.67344,0.60589,0.35522
-8.88425,66.41097,-8.71358,-0.14457,0.77038,-0.62098,0.9362,0.0,0.0,nan,0.0,0.01258,0.04849,26.34918,1.94673,0.22764,0.55035,0.41148,0.50735,0.51368,0.41148
-9.01235,67.0003,-6.99357,-0.11445,0.96108,-0.25145,0.99155,0.0,0.0,nan,0.0,0.01832,0.0386,21.93103,2.38569,0.23328,0.52065,0.55471,0.99481,0.41917,0.55471
-9.04935,67.35378,-5.09671,-0.05434,0.9775,-0.20382,0.99504,0.0,0.0,nan,0.0,0.00778,0.03151,18.40687,1.7597,0.23748,0.41512,0.52348,0.65969,0.56828,0.52348
-9.09894,67.79186,-3.33973,0.00563,0.97552,-0.21986,0.99724,0.0,0.0,nan,0.0,0.01001,0.03104,12.67397,1.81552,0.23275,0.37577,0.39305,0.99352,0.55081,0.39305
-8.15635,67.84168,1.65012,0.02973,0.99775,0.06011,0.99404,0.0,0.0,nan,0.0,0.01254,0.02291,19.25457,1.88226,0.23004,0.65008,0.52774,0.92905,0.53127,0.52774
-9.77797,67.99619,3.12437,-0.11523,0.92448,0.36341,0.97117,0.0,0.0,nan,0.0,0.00761,0.01965,18.65221,1.65047,0.24881,0.47232,0.35669,0.90834,0.60589,0.35669
-9.0391,67.00207,4.85473,-0.08638,0.68061,0.72754,0.96517,0.0,0.0,nan,0.0,0.01073,0.04068,16.31148,3.61319,0.24867,0.40838,0.58689,0.72506,0.27676,0.58689
-8.80143,68.14189,-2.48774,0.03083,0.98421,-0.17428,0.99724,0.0,0.0,nan,0.0,0.00834,0.02834,12.33385,1.92671,0.21935,0.34218,0.30776,1.0,0.51902,0.30776
-9.00104,68.06431,-0.95165,0.0571,0.99622,-0.06544,0.99714,0.0,0.0,nan,0.0,0.00967,0.02679,15.31847,1.93779,0.22021,0.46867,0.5473,0.87046,0.51605,0.5473
-9.0495,68.46906,0.99555,0.04778,0.99806,0.03988,0.99434,0.0,0.0,nan,0.0,0.00741,0.01813,17.70591,1.9152,0.22722,0.47384,0.42306,0.96009,0.52214,0.42306
-9.06048,68.44619,3.02306,-0.04142,0.96064,0.27468,0.93001,0.0,0.0,nan,0.0,0.00741,0.01679,19.73763,1.659,0.2315,0.54103,0.29448,0.89777,0.60277,0.29448
-8.47459,68.07518,4.09276,-0.05961,0.87282,0.48439,0.90513,0.0,0.0,nan,0.0,0.00492,0.01295,20.06604,1.65919,0.2378,0.50793,0.61496,0.82277,0.6027,0.61496
-6.6534,1.90812,-4.37298,-0.13288,-0.96746,-0.21532,0.99724,0.0,0.0,nan,0.0,0.0095,0.06528,11.0887,1.95095,0.21686,0.20548,0.2877,0.83584,0.51257,0.2877
-7.0021,1.69127,-2.99513,-0.1292,-0.97027,-0.20466,0.99744,0.0,0.0,nan,0.0,0.01392,0.06559,10.34566,1.89851,0.22493,0.30699,0.57975,0.82518,0.52673,0.57975
-7.00567,1.21177,-1.01245,-0.13369,-0.98487,-0.11029,0.99744,0.0,0.0,nan,0.0,0.00873,0.04018,12.31971,1.89019,0.22432,0.30758,0.71199,0.82162,0.52905,0.71199
-6.99621,1.12927,1.02352,-0.12718,-0.9765,0.17401,0.97416,0.0,0.0,nan,0.0,0.00983,0.03777,14.4639,3.55835,0.24128,0.42421,0.64788,0.69792,0.28103,0.64788
-7.04731,1.72601,2.76348,-0.06237,-0.82708,0.55861,0.96507,0.0,0.0,nan,0.0,0.00569,0.0235,19.84672,3.46599,0.23652,0.60838,0.86587,0.69613,0.28852,0.86587
-6.92914,3.1902,-8.6664,-0.1863,-0.65073,-0.7361,0.89284,0.0,0.0,nan,0.0,0.01758,0.10327,12.25546,1.84569,0.23713,0.40032,0.71951,0.49459,0.5418,0.71951
-6.99818,2.56023,-7.00738,-0.11193,-0.9311,-0.34717,0.98365,0.0,0.0,nan,0.0,0.01886,0.05548,11.76472,1.9187,0.22767,0.47879,0.49771,0.83081,0.52118,0.49771
-7.11487,2.15034,-5.24105,-0.09467,-0.97217,-0.21428,0.99744,0.0,0.0,nan,0.0,0.01088,0.06104,11.81762,1.91087,0.21697,0.2357,0.4943,0.88451,0.52332,0.4943
-7.92564,2.00757,-3.9229,-0.08125,-0.97708,-0.19675,0.99744,0.0,0.0,nan,0.0,0.01257,0.05922,12.25979,1.98018,0.21936,0.26045,0.59707,0.94781,0.505,0.59707
-6.81368,2.50108,3.86999,-0.00611,-0.68468,0.72882,0.96597,0.0,0.0,nan,0.0,0.00794,0.02006,19.374,3.61014,0.24863,0.60155,0.78285,0.81109,0.277,0.78285
-6.92043,3.30748,4.56108,0.04241,-0.61492,0.78745,0.96587,0.0,0.0,nan,0.0,0.0085,0.02076,18.89895,1.90798,0.23654,0.55231,0.56212,0.82006,0.52412,0.56212
-7.01549,5.04563,-9.39111,-0.25614,-0.17258,-0.95111,0.97077,0.0,0.0,nan,0.0,0.00838,0.02482,19.79847,3.55792,0.23826,0.54389,0.37646,0.68347,0.28106,0.37646
-7.03747,4.82554,5.4863,0.08377,-0.44695,0.89063,0.97316,0.0,0.0,nan,0.0,0.00489,0.01544,19.88114,3.58066,0.23921,0.41899,0.49914,0.83249,0.27928,0.49914
-7.01231,6.98098,-9.56159,-0.25622,-0.03144,-0.96611,0.99384,0.0,0.0,nan,0.0,0.00648,0.0135,21.89329,2.23112,0.22702,0.54187,0.72754,0.96736,0.44821,0.72754
-6.92857,6.67504,5.75161,0.07509,-0.28412,0.95584,0.99584,0.0,0.0,nan,0.0,0.00643,0.01516,20.20492,1.92493,0.22807,0.51059,0.40799,0.91261,0.5195,0.40799
-7.22273,7.47522,6.18728,0.07162,-0.26626,0.96124,0.99744,0.0,0.0,nan,0.0,0.0072,0.01605,19.94602,1.67534,0.23123,0.49334,0.49123,1.0,0.59689,0.49123
-6.90912,8.98405,-9.35951,-0.21941,-0.00526,-0.97562,0.99634,0.0,0.0,nan,0.0,0.01449,0.02772,21.91242,3.40005,0.23486,0.59495,0.60998,0.95911,0.29411,0.60998
-6.32,8.06688,5.90524,-0.00619,-0.30652,0.95184,0.99035,0.0,0.0,nan,0.0,0.00701,0.01712,20.33644,2.06859,0.22774,0.48495,0.38887,0.92757,0.48342,0.38887
-7.00733,9.08651,6.48925,0.03127,-0.34132,0.93943,0.99654,0.0,0.0,nan,0.0,0.01062,0.02687,18.77745,1.65047,0.23446,0.48936,0.58446,0.8935,0.60589,0.58446
-6.97863,10.96762,-9.46249,-0.17426,-0.02944,-0.98426,0.99734,0.0,0.0,nan,0.0,0.01115,0.04109,21.38313,2.01636,0.22903,0.41423,0.54724,0.71653,0.49594,0.54724
-7.02873,10.97913,7.37102,-0.02472,-0.19737,0.98002,0.99584,0.0,0.0,nan,0.0,0.00817,0.02387,18.41655,1.94688,0.22257,0.41998,0.29086,0.90336,0.51364,0.29086
-7.00844,13.05138,-9.56245,-0.23505,-0.03116,-0.97148,0.99704,0.0,0.0,nan,0.0,0.00789,0.05438,25.32081,2.23778,0.22649,0.27311,0.53132,0.57337,0.44687,0.53132
-6.95133,13.04663,7.32443,-0.01904,-0.22694,0.97372,0.99664,0.0,0.0,nan,0.0,0.01379,0.02843,19.98362,1.9484,0.2322,0.53702,0.65923,0.99378,0.51324,0.65923
-7.02909,14.97186,-9.56995,-0.25139,0.0445,-0.96686,0.99534,0.0,0.0,nan,0.0,0.01372,0.07556,26.58643,2.19286,0.22651,0.35058,0.38169,0.55678,0.45603,0.38169
-6.95594,14.30124,7.82078,0.00288,-0.24308,0.97,0.99724,0.0,0.0,nan,0.0,0.00774,0.02271,18.93514,2.1051,0.23808,0.43176,0.63533,0.87297,0.47504,0.63533
-7.05631,15.2154,8.31031,0.0285,-0.19584,0.98022,0.98945,0.0,0.0,nan,0.0,0.00891,0.02636,18.79368,1.74582,0.23023,0.50765,0.66551,0.73703,0.5728,0.66551
-6.91415,16.97098,-9.11962,-0.23088,-0.0248,-0.97267,0.99464,0.0,0.0,nan,0.0,0.00741,0.04104,26.57266,1.84394,0.22019,0.25491,0.34719,0.76197,0.54232,0.34719
-7.46864,16.65512,7.77048,0.07875,-0.10582,0.99126,0.98325,0.0,0.0,nan,0.0,0.01003,0.02267,17.38052,1.76765,0.23164,0.57741,0.53068,0.85399,0.56572,0.53068
-6.88042,17.1599,8.25058,0.04142,-0.1133,0.9927,0.99654,0.0,0.0,nan,0.0,0.01364,0.02659,18.59324,1.77889,0.22892,0.58749,0.53789,0.96679,0.56215,0.53789
-6.98568,18.87485,-9.58432,-0.20495,-0.12845,-0.97031,0.99744,0.0,0.0,nan,0.0,0.00618,0.03482,21.96415,1.65047,0.22515,0.32264,0.50168,0.60029,0.60589,0.50168
-7.01887,19.09165,8.45287,-0.00547,-0.28134,0.95959,0.99215,0.0,0.0,nan,0.0,0.01009,0.02417,20.62003,1.85994,0.2256,0.51441,0.63597,0.88982,0.53765,0.63597
-6.52926,21.4234,-10.05518,-0.11379,0.00615,-0.99349,0.99544,0.0,0.0,nan,0.0,0.00894,0.0292,18.70437,1.81552,0.22444,0.37904,0.62604,0.89438,0.55081,0.62604
-7.14854,20.93087,-9.88783,-0.16729,-0.05744,-0.98423,0.99165,0.0,0.0,nan,0.0,0.01468,0.0483,17.07036,1.65047,0.2255,0.38777,0.48661,0.8755,0.60589,0.48661
-7.01442,20.86513,9.40413,-0.0449,-0.19273,0.98022,0.98345,0.0,0.0,nan,0.0,0.01231,0.03022,19.32899,1.74935,0.23745,0.57008,0.45159,0.78868,0.57164,0.45159
-6.38396,22.28335,-10.05093,-0.10585,0.02519,-0.99406,0.99714,0.0,0.0,nan,0.0,0.00592,0.02294,20.73449,1.65613,0.22991,0.35033,0.59235,0.8083,0.60382,0.59235
-7.00514,23.18607,-9.84747,-0.09854,-0.00166,-0.99513,0.99674,0.0,0.0,nan,0.0,0.00649,0.02461,21.78777,1.65047,0.22322,0.33436,0.36311,0.86083,0.60589,0.36311
-7.0207,23.07409,9.32662,-0.01258,-0.05152,0.99859,0.99584,0.0,0.0,nan,0.0,0.01006,0.0272,19.60357,1.89426,0.23064,0.47499,0.41619,0.85818,0.52791,0.41619
-7.36325,25.50394,-10.02037,-0.06449,-0.07722,-0.99493,0.99484,0.0,0.0,nan,0.0,0.0086,0.03746,20.02392,1.82609,0.22855,0.44117,0.57274,0.57229,0.54762,0.57274
-6.8602,24.78845,-9.75007,-0.06463,-0.06758,-0.99562,0.99684,0.0,0.0,nan,0.0,0.00564,0.02556,19.82095,1.71651,0.22836,0.35918,0.484,0.67584,0.58258,0.484
-6.99772,24.73641,9.43809,-0.03053,-0.18735,0.98182,0.99404,0.0,0.0,nan,0.0,0.01124,0.0283,20.045,1.76355,0.22662,0.48171,0.48681,0.90658,0.56704,0.48681
-6.75838,25.77732,10.06244,-0.04368,-0.23469,0.97109,0.99185,0.0,0.0,nan,0.0,0.01291,0.03467,19.71726,1.89039,0.23186,0.54263,0.56994,0.75572,0.52899,0.56994
-7.01381,27.10339,-10.17151,-0.11194,-0.01922,-0.99353,0.99594,0.0,0.0,nan,0.0,0.0049,0.01971,14.44975,3.63103,0.23445,0.53847,0.43658,0.52509,0.2754,0.43658
-6.3081,26.90144,-9.99734,-0.11072,-0.03983,-0.99305,0.99624,0.0,0.0,nan,0.0,0.00591,0.02386,16.66084,1.65047,0.23721,0.43916,0.33477,0.63112,0.60589,0.33477
-7.88609,26.6804,9.97937,-0.13301,-0.17877,0.97486,0.99335,0.0,0.0,nan,0.0,0.01933,0.04195,17.72217,1.75929,0.22676,0.63755,0.69238,0.80437,0.56841,0.69238
-6.95142,27.05252,10.21798,-0.05498,-0.1496,0.98722,0.98835,0.0,0.0,nan,0.0,0.01559,0.0374,17.3352,1.77868,0.22863,0.61673,0.46824,0.75375,0.56221,0.46824
-6.48681,29.00687,-10.19234,-0.15095,-0.01462,-0.98843,0.99444,0.0,0.0,nan,0.0,0.00458,0.01508,13.67071,1.8679,0.23047,0.44484,0.41774,0.78325,0.53536,0.41774
-7.24066,28.96401,-9.53341,-0.1414,0.0005,-0.98995,0.98865,0.0,0.0,nan,0.0,0.00541,0.01972,14.79773,2.41269,0.2259,0.37962,0.34887,0.82094,0.41448,0.34887
-6.98953,28.96765,10.43296,-0.06576,-0.08579,0.99414,0.99384,0.0,0.0,nan,0.0,0.01444,0.03286,17.0274,1.65047,0.22725,0.52676,0.46506,0.93202,0.60589,0.46506
-6.79619,31.26004,-10.03072,-0.13458,-0.03937,-0.99012,0.99484,0.0,0.0,nan,0.0,0.005,0.0393,19.52958,1.6698,0.21965,0.23282,0.56121,0.60188,0.59888,0.56121
-7.24287,30.56235,-9.78345,-0.15507,-0.03986,-0.9871,0.99554,0.0,0.0,nan,0.0,0.0036,0.03069,20.64787,2.37621,0.21722,0.25993,0.55228,0.49563,0.42084,0.55228
-6.99572,30.99458,10.56219,-0.14179,-0.0059,0.98988,0.99195,0.0,0.0,nan,0.0,0.0134,0.03147,17.24949,2.05907,0.22516,0.55132,0.59652,0.86171,0.48566,0.59652
-7.00838,32.97759,-10.12667,-0.09937,-0.05148,-0.99372,0.99544,0.0,0.0,nan,0.0,0.00863,0.05973,22.48093,1.77276,0.21515,0.24693,0.55145,0.6373,0.56409,0.55145
-7.64598,32.97591,-9.99688,-0.10994,-0.05962,-0.99215,0.99634,0.0,0.0,nan,0.0,0.00934,0.07059,24.00197,1.92698,0.20985,0.20974,0.49338,0.68343,0.51895,0.49338
-7.63205,32.82542,9.85329,-0.1448,0.02285,0.9892,0.98845,0.0,0.0,nan,0.0,0.01245,0.02663,19.12163,1.74622,0.2336,0.53463,0.52104,0.96606,0.57266,0.52104
-6.89567,33.16875,10.15251,-0.14014,0.03398,0.98955,0.99364,0.0,0.0,nan,0.0,0.00878,0.02045,17.13357,1.74661,0.23421,0.50064,0.35573,0.95765,0.57254,0.35573
-7.06582,34.9957,-10.38991,-0.07906,-0.01754,-0.99672,0.99684,0.0,0.0,nan,0.0,0.0123,0.0924,22.95624,1.781,0.21048,0.23821,0.28889,0.60738,0.56148,0.28889
-6.33178,34.78596,9.81194,-0.10179,-0.01749,0.99465,0.95728,0.0,0.0,nan,0.0,0.0067,0.01615,20.58016,2.11776,0.23564,0.52339,0.62192,0.87044,0.4722,0.62192
-7.13542,35.12847,10.3108,-0.04589,-0.06176,0.99704,0.99694,0.0,0.0,nan,0.0,0.00849,0.0187,19.93129,2.06395,0.22502,0.54166,0.50107,0.92252,0.48451,0.50107
-7.04659,37.04359,-10.22229,-0.0836,0.05155,-0.99517,0.99734,0.00912,0.04559,0.51,1.0,0.0063,0.04506,25.13198,2.05067,0.2164,0.27761,0.44479,0.54331,0.48765,0.44479
-7.96447,37.95654,-9.98984,-0.11236,0.02895,-0.99325,0.99734,0.01236,0.06181,0.51,1.0,0.00668,0.04481,27.51452,2.09457,0.20943,0.25272,0.52679,0.63246,0.47743,0.52679
-7.10982,37.00121,9.83504,-0.0859,-0.00991,0.99625,0.98695,0.0,0.0,nan,0.0,0.00884,0.01945,21.27808,1.99799,0.23483,0.55015,0.55421,0.90328,0.5005,0.55421
-6.84971,37.29565,10.11006,-0.09584,-0.01336,0.99531,0.99614,0.0,0.0,nan,0.0,0.00954,0.02146,21.84014,2.06981,0.23161,0.51237,0.66308,0.94732,0.48314,0.66308
-7.21683,39.16203,-10.06404,-0.08249,0.01003,-0.99654,0.99664,0.0,0.0,nan,0.0,0.00858,0.04403,26.36022,1.94654,0.21219,0.25478,0.44042,0.82291,0.51373,0.44042
-6.94327,38.7589,-9.61558,-0.0778,0.01702,-0.99682,0.99245,0.0,0.0,nan,0.0,0.00862,0.03899,23.98949,2.03502,0.21131,0.29861,0.43414,0.80219,0.4914,0.43414
-6.88309,39.0236,10.48773,-0.12028,-0.05844,0.99102,0.99544,0.0,0.0,nan,0.0,0.005,0.0175,21.11305,2.10285,0.22891,0.46098,0.78799,0.77156,0.47555,0.78799
-6.90212,40.92925,-10.23057,-0.09583,-0.01127,-0.99533,0.99494,0.0,0.0,nan,0.0,0.00818,0.05243,27.11916,1.89086,0.22272,0.21872,0.32109,0.76561,0.52886,0.32109
-7.42946,41.49456,-9.86982,-0.19063,0.06506,-0.9795,0.99215,0.0,0.0,nan,0.0,0.0216,0.08782,33.33939,1.87933,0.22012,0.33562,0.60885,0.77679,0.5321,0.60885
-7.03638,40.87562,10.73879,-0.10803,-0.03393,0.99357,0.98645,0.0,0.0,nan,0.0,0.01195,0.03173,15.50069,1.89682,0.23341,0.57593,0.62062,0.7381,0.5272,0.62062
-6.93117,43.01853,-10.11607,-0.18006,0.03489,-0.98304,0.98905,0.0,0.0,nan,0.0,0.01389,0.08806,34.39333,2.02377,0.23089,0.26859,0.35407,0.62156,0.49413,0.35407
-7.5696,42.67947,-9.98663,-0.24901,0.05236,-0.96708,0.99604,0.0,0.0,nan,0.0,0.01141,0.06336,39.14712,1.72019,0.23135,0.33139,0.53816,0.57111,0.58133,0.53816
-7.31484,43.99493,9.95628,-0.1637,0.16328,0.9729,0.99185,0.0,0.0,nan,0.0,0.01068,0.02193,15.78677,3.37551,0.23454,0.72056,0.61879,0.76158,0.29625,0.61879
-6.94526,43.13732,10.66794,-0.14325,0.21568,0.9659,0.97836,0.0,0.0,nan,0.0,0.00726,0.01688,15.33589,1.90085,0.2338,0.61673,0.56555,0.7881,0.52608,0.56555
-6.74149,44.88799,-10.16731,-0.11902,0.03311,-0.99234,0.99125,0.0035,0.01748,0.7,1.0,0.01518,0.09685,41.72611,1.70319,0.23553,0.25159,0.64727,0.65292,0.58713,0.64727
-7.23719,45.27674,-9.90443,-0.12616,0.03589,-0.99136,0.99444,0.0,0.0,nan,0.0,0.01468,0.08192,42.12717,1.74175,0.23279,0.29869,0.72656,0.62842,0.57414,0.72656
-7.47406,45.13435,9.9835,-0.14791,0.01953,0.98881,0.99165,0.0,0.0,nan,0.0,0.01021,0.01874,15.66129,2.05317,0.23586,0.68565,0.58455,0.89654,0.48705,0.58455
-6.79543,44.96894,10.30825,-0.12102,0.04859,0.99146,0.99185,0.0,0.0,nan,0.0,0.00926,0.01663,16.09635,2.26185,0.2369,0.64962,0.58619,0.96353,0.44212,0.58619
-6.84034,46.62383,-10.12158,-0.0296,0.13999,-0.98971,0.99454,0.0,0.0,nan,0.0,0.01239,0.07449,44.78961,1.73634,0.22083,0.22557,0.50078,0.77035,0.57592,0.50078
-6.90338,47.35596,-9.85169,0.00421,0.16175,-0.98682,0.99674,0.0,0.0,nan,0.0,0.01509,0.07772,52.2719,1.70445,0.23446,0.26228,0.47334,0.76881,0.5867,0.47334
-7.43242,47.80607,9.83328,-0.1645,0.1283,0.978,0.99714,0.0,0.0,nan,0.0,0.00658,0.01545,14.73887,1.81552,0.23197,0.53234,0.50322,0.90839,0.55081,0.50322
-6.88139,46.83691,10.20313,-0.14711,0.06815,0.98677,0.98965,0.0,0.0,nan,0.0,0.00984,0.02169,15.67202,2.15006,0.23546,0.63694,0.50068,0.8028,0.4651,0.50068
-7.97192,48.06736,-10.00909,0.04406,0.13442,-0.98995,0.98365,0.0,0.0,nan,0.0,0.01331,0.08613,43.99933,1.75498,0.22477,0.28957,0.5634,0.5578,0.56981,0.5634
-7.05766,48.93671,-9.3938,0.08544,0.19411,-0.97725,0.99544,0.0,0.0,nan,0.0,0.01282,0.05765,52.56298,1.70797,0.23281,0.31717,0.42542,0.72774,0.58549,0.42542
-7.07544,48.89154,9.73776,-0.15963,0.17397,0.97173,0.99744,0.0,0.0,nan,0.0,0.00869,0.01705,15.57143,1.69345,0.23478,0.58251,0.66419,0.98718,0.59051,0.66419
-6.03589,48.16451,10.01014,-0.14924,0.14666,0.97786,0.99634,0.0,0.0,nan,0.0,0.009,0.02058,15.93384,1.67661,0.22578,0.55484,0.49419,0.88743,0.59644,0.49419
-6.98035,51.01641,-8.92948,0.11454,0.02581,-0.99308,0.97267,0.0,0.0,nan,0.0,0.01126,0.054,43.02317,1.72875,0.23448,0.28912,0.65226,0.75449,0.57845,0.65226
-6.90564,51.03763,9.16136,-0.07105,0.05866,0.99575,0.99584,0.0,0.0,nan,0.0,0.01228,0.02702,14.6438,1.85001,0.24162,0.59716,0.44613,0.86518,0.54054,0.44613
-7.06503,52.98862,-9.21221,0.14961,-0.01087,-0.98868,0.99524,0.0,0.0,nan,0.0,0.00817,0.03915,31.33184,1.73625,0.23544,0.37533,0.51484,0.5912,0.57595,0.51484
-7.04422,53.0969,9.52943,-0.11832,0.15927,0.98012,0.98276,0.0,0.0,nan,0.0,0.01111,0.03296,15.20525,3.40294,0.2411,0.59176,0.73336,0.6445,0.29386,0.73336
-7.10237,54.98705,-9.20633,0.10526,0.04024,-0.99363,0.99684,0.0,0.0,nan,0.0,0.00957,0.03335,28.32815,1.70856,0.22824,0.51057,0.7276,0.60196,0.58529,0.7276
-6.95082,54.94859,8.71345,-0.16086,0.27369,0.94827,0.99305,0.0,0.0,nan,0.0,0.00938,0.0203,17.34708,2.34256,0.23005,0.56285,0.24862,0.91534,0.42688,0.24862
-6.875,56.93466,-9.15568,-0.01514,-0.0322,-0.99937,0.99524,0.0,0.0,nan,0.0,0.01726,0.03641,21.14661,1.75613,0.21339,0.52538,0.54762,0.98768,0.56943,0.54762
-7.98846,56.45998,7.99468,-0.10191,0.13866,0.98508,0.99085,0.0,0.0,nan,0.0,0.00809,0.02196,17.24163,1.85903,0.23201,0.52388,0.25456,0.78453,0.53791,0.25456
-6.9832,56.96594,8.47161,-0.09036,0.16018,0.98294,0.99394,0.0,0.0,nan,0.0,0.00998,0.02519,14.56116,1.86169,0.23534,0.57054,0.33007,0.79002,0.53715,0.33007
-6.9573,58.90527,-9.21383,-0.11994,-0.14242,-0.98251,0.99384,0.0,0.0,nan,0.0,0.00782,0.02192,21.05455,1.94152,0.22134,0.41501,0.51966,0.9415,0.51506,0.51966
-7.08597,59.54624,7.67925,-0.18163,0.36666,0.91245,0.99464,0.0,0.0,nan,0.0,0.01222,0.04903,13.3746,3.06953,0.22767,0.64201,0.56909,0.44613,0.32578,0.56909
-6.92098,58.63178,8.27636,-0.12023,0.26046,0.95797,0.98575,0.0,0.0,nan,0.0,0.00422,0.025,13.61032,3.46599,0.23306,0.65904,0.90628,0.58767,0.28852,0.90628
-6.32044,61.65705,-10.1265,-0.13951,-0.17222,-0.97513,0.99275,0.0,0.0,nan,0.0,0.00913,0.02409,16.02386,1.91308,0.22475,0.54616,0.39927,0.78061,0.52272,0.39927
-6.95501,60.86444,-9.52188,-0.15749,-0.21411,-0.96403,0.99544,0.0,0.0,nan,0.0,0.00822,0.02445,17.62618,1.82708,0.22524,0.43947,0.59791,0.85145,0.54732,0.59791
-6.89271,61.06867,7.15783,-0.14634,0.34909,0.92559,0.99554,0.0,0.0,nan,0.0,0.00987,0.02365,16.44041,1.65047,0.23277,0.61549,0.3417,0.76071,0.60589,0.3417
-6.75564,63.08274,-10.16032,-0.11171,-0.08474,-0.99012,0.99444,0.0,0.0,nan,0.0,0.01214,0.03069,14.32826,2.2224,0.22767,0.50129,0.48438,0.89891,0.44996,0.48438
-7.66481,62.86886,-9.94666,-0.17033,-0.12281,-0.97771,0.99744,0.0,0.0,nan,0.0,0.00891,0.03148,14.16583,2.00598,0.21704,0.35122,0.63488,0.91953,0.49851,0.63488
-7.05133,63.64261,5.88889,-0.0219,0.29474,0.95533,0.98635,0.0,0.0,nan,0.0,0.00653,0.01663,20.07388,1.81552,0.23008,0.47257,0.40123,0.91377,0.55081,0.40123
-6.93071,62.99596,6.41527,-0.05936,0.28343,0.95715,0.99664,0.0,0.0,nan,0.0,0.00611,0.01478,18.65403,1.88681,0.2278,0.46572,0.45383,0.98294,0.52999,0.45383
-6.87016,64.85933,-10.19403,-0.11567,0.25613,-0.9597,0.95538,0.0,0.0,nan,0.0,0.01243,0.04189,20.08158,1.65047,0.23836,0.59003,0.49801,0.55286,0.60589,0.49801
-7.64248,65.42168,-9.87542,-0.18297,0.41882,-0.88945,0.95368,0.0,0.0,nan,0.0,0.0103,0.0386,22.49637,1.85824,0.2404,0.63145,0.65505,0.45998,0.53814,0.65505
-6.92267,65.18059,5.62032,-0.01677,0.40005,0.91634,0.99444,0.0,0.0,nan,0.0,0.00854,0.02595,20.34266,2.22354,0.23249,0.49521,0.38716,0.73007,0.44973,0.38716
-6.85815,64.35201,6.02073,-0.02439,0.32104,0.94675,0.99714,0.0,0.0,nan,0.0,0.00808,0.02066,20.69644,1.98638,0.2315,0.48961,0.42249,0.87601,0.50343,0.42249
-6.30103,66.05671,-10.02801,-0.08011,0.5373,-0.83958,0.90473,0.0,0.0,nan,0.0,0.0113,0.04105,25.01639,3.54625,0.24644,0.5065,0.41953,0.58689,0.28199,0.41953
-6.98249,66.85451,-9.02066,-0.13475,0.80348,-0.57989,0.91992,0.0,0.0,nan,0.0,0.01419,0.03676,26.26198,2.37211,0.22185,0.53582,0.49629,0.77538,0.42156,0.49629
-7.21599,67.79043,-6.99911,-0.10949,0.97738,-0.18094,0.97306,0.0,0.0,nan,0.0,0.00639,0.02145,22.95077,2.6026,0.22744,0.45152,0.46755,0.7174,0.38423,0.46755
-7.06838,67.75417,-5.05767,-0.07069,0.9866,-0.14707,0.99704,0.0,0.0,nan,0.0,0.00786,0.0285,17.28268,1.7648,0.22258,0.44654,0.35755,0.68905,0.56664,0.35755
-7.0757,67.82167,-3.37087,-0.03868,0.98509,-0.16764,0.99724,0.0,0.0,nan,0.0,0.01396,0.03628,12.34321,1.81552,0.22924,0.44883,0.44576,0.99617,0.55081,0.44576
-7.36436,67.88342,1.54401,0.02117,0.99939,0.02763,0.99624,0.0,0.0,nan,0.0,0.01362,0.02463,19.67069,1.76952,0.24347,0.62032,0.59926,0.98213,0.56512,0.59926
-7.02929,67.98615,2.41298,0.01101,0.98989,0.14141,0.98825,0.0,0.0,nan,0.0,0.00918,0.01842,19.07782,1.89161,0.23417,0.58053,0.49417,0.9481,0.52865,0.49417
-6.9111,66.94896,4.65859,-0.01022,0.68045,0.73273,0.96028,0.0,0.0,nan,0.0,0.01072,0.09161,33.85304,1.73457,0.24855,0.74023,0.90044,0.32281,0.57651,0.90044
-6.92933,68.11169,-2.47761,-0.0209,0.99104,-0.1319,0.99744,0.0,0.0,nan,0.0,0.01098,0.03175,11.0475,1.95471,0.21887,0.40851,0.70639,1.0,0.51159,0.70639
-7.0288,68.21753,-0.98791,0.00679,0.99958,-0.02829,0.99544,0.0,0.0,nan,0.0,0.01084,0.03094,13.97287,2.19036,0.2279,0.44378,0.70756,0.90274,0.45655,0.70756
-6.87353,68.04624,0.7226,0.00397,0.99999,0.00234,0.99744,0.0,0.0,nan,0.0,0.00935,0.01934,17.732,2.04187,0.2218,0.54013,0.73055,0.9959,0.48975,0.73055
-6.91559,68.48978,3.18623,-0.00908,0.97172,0.23595,0.92711,0.0,0.0,nan,0.0,0.00864,0.01733,19.33378,1.88349,0.23907,0.60025,0.64558,0.91667,0.53093,0.64558
-7.39544,68.03871,4.01254,-0.02727,0.88068,0.47293,0.92411,0.0,0.0,nan,0.0,0.00776,0.01888,20.95268,1.94793,0.23411,0.62335,0.5335,0.72246,0.51336,0.5335
-4.39704,1.92507,-6.26922,-0.15323,-0.95288,-0.26181,0.99744,0.0,0.0,nan,0.0,0.01015,0.0458,7.20788,1.87255,0.22238,0.28311,0.40234,1.0,0.53403,0.40234
-4.98065,1.61272,-4.94679,-0.17535,-0.95624,-0.23423,0.99744,0.0,0.0,nan,0.0,0.01039,0.0512,7.71991,1.89706,0.22944,0.25618,0.31207,0.99683,0.52713,0.31207
-5.02259,1.30606,-3.02323,-0.17924,-0.96031,-0.21374,0.99734,0.0,0.0,nan,0.0,0.01533,0.05761,7.58512,2.00197,0.22477,0.3362,0.32099,1.0,0.49951,0.32099
-5.03818,0.79414,-1.04316,-0.18007,-0.97853,-0.10027,0.99564,0.0,0.0,nan,0.0,0.00385,0.02824,10.74144,1.9114,0.23069,0.42644,0.85262,0.5653,0.52318,0.85262
-4.97763,1.0779,0.95935,-0.12085,-0.95514,0.27036,0.97966,0.0,0.0,nan,0.0,0.00366,0.0194,16.96846,1.85847,0.23526,0.41806,0.4484,0.50501,0.53808,0.4484
-5.0339,1.47869,2.62519,-0.00802,-0.78891,0.61445,0.95468,0.0,0.0,nan,0.0,0.0039,0.01478,17.85234,2.02957,0.23296,0.34165,0.66198,0.85962,0.49272,0.66198
-4.96774,2.93344,-8.99495,-0.19329,-0.67784,-0.70934,0.90253,0.0,0.0,nan,0.0,0.00681,0.08245,14.70955,1.8545,0.23201,0.62328,0.87134,0.24608,0.53923,0.87134
-5.10313,2.30552,-7.07583,-0.15208,-0.93909,-0.30819,0.99335,0.0,0.0,nan,0.0,0.01231,0.05122,9.60418,1.92586,0.23341,0.5765,0.7829,0.56317,0.51925,0.7829
-5.62957,2.09119,-5.75296,-0.15476,-0.95927,-0.23633,0.99744,0.0,0.0,nan,0.0,0.01024,0.06849,9.95686,1.86913,0.21978,0.29957,0.32897,0.5991,0.53501,0.32897
-5.07905,2.9616,3.27349,0.13155,-0.59348,0.79403,0.98725,0.0,0.0,nan,0.0,0.01121,0.02499,20.48914,2.02376,0.23375,0.55644,0.44339,0.88521,0.49413,0.44339
-5.23368,3.6275,4.27659,0.1873,-0.54767,0.81546,0.99664,0.0,0.0,nan,0.0,0.01212,0.02629,21.608,1.90659,0.227,0.5759,0.37506,0.87447,0.5245,0.37506
-4.10173,5.94748,-10.03662,-0.2194,-0.09721,-0.97078,0.99554,0.0,0.0,nan,0.0,0.00554,0.02207,16.02706,1.98775,0.22293,0.48373,0.33965,0.58344,0.50308,0.33965
-5.0255,5.12055,-9.58895,-0.21193,-0.20348,-0.95587,0.99195,0.0,0.0,nan,0.0,0.00882,0.03471,17.05094,1.88959,0.23165,0.57502,0.54504,0.49354,0.52922,0.54504
-4.16852,4.25764,3.86011,0.10566,-0.54568,0.8313,0.97406,0.0,0.0,nan,0.0,0.00581,0.01623,22.1914,1.9908,0.21344,0.39895,0.64399,0.97835,0.50231,0.64399
-5.16508,5.21118,4.81915,0.14484,-0.49164,0.85867,0.99554,0.0,0.0,nan,0.0,0.00844,0.02356,21.01914,1.65047,0.24115,0.47941,0.37054,0.81786,0.60589,0.37054
-4.50095,7.13738,-10.23549,-0.25043,-0.03689,-0.96743,0.99574,0.0,0.0,nan,0.0,0.00507,0.01877,20.65987,1.86819,0.21781,0.47554,0.65968,0.62353,0.53528,0.65968
-5.53788,6.81288,-9.87418,-0.23493,-0.02253,-0.97175,0.99504,0.0,0.0,nan,0.0,0.0064,0.02832,21.46475,2.09563,0.22942,0.56807,0.87797,0.73644,0.47718,0.87797
-5.1733,6.98369,5.99903,0.03065,-0.33081,0.9432,0.98975,0.0,0.0,nan,0.0,0.00886,0.02238,18.8821,1.72298,0.23819,0.47439,0.46997,0.92355,0.58039,0.46997
-4.6256,7.12192,6.07314,0.05841,-0.33369,0.94087,0.98835,0.0,0.0,nan,0.0,0.00791,0.01878,19.31553,2.35885,0.22987,0.48745,0.76434,0.99947,0.42393,0.76434
-4.15151,8.89397,-10.05219,-0.26398,0.05793,-0.96279,0.99724,0.0,0.0,nan,0.0,0.01091,0.03387,18.48754,1.67755,0.226,0.51074,0.66496,0.69918,0.59611,0.66496
-5.18965,9.01974,-9.2871,-0.23653,0.04524,-0.97057,0.98825,0.0,0.0,nan,0.0,0.01417,0.03284,20.92944,1.65047,0.22896,0.53557,0.39724,0.88244,0.60589,0.39724
-5.81319,8.01053,5.94517,-0.02771,-0.30652,0.95146,0.99534,0.0,0.0,nan,0.0,0.01092,0.02579,19.86684,2.39102,0.23111,0.52898,0.41042,0.88075,0.41823,0.41042
-5.02722,9.06548,6.47419,0.02772,-0.32876,0.94401,0.99724,0.0,0.0,nan,0.0,0.01016,0.02472,18.27519,2.07079,0.22358,0.46841,0.74475,0.97356,0.48291,0.74475
-4.01406,11.07087,-10.00283,-0.23896,-0.02235,-0.97077,0.99694,0.0,0.0,nan,0.0,0.00737,0.02637,21.68608,2.10896,0.22377,0.42052,0.55326,0.72564,0.47417,0.55326
-5.04091,11.01024,-9.65506,-0.21497,-0.03547,-0.97598,0.99714,0.0,0.0,nan,0.0,0.01012,0.0287,22.78507,1.93661,0.23143,0.46628,0.57045,0.82285,0.51637,0.57045
-4.95245,10.96847,7.32688,0.01033,-0.20282,0.97916,0.99604,0.0,0.0,nan,0.0,0.01649,0.03327,17.37494,2.14491,0.2326,0.56053,0.57327,0.9861,0.46622,0.57327
-4.13722,13.05241,-10.10231,-0.20048,-0.05184,-0.97833,0.99734,0.0,0.0,nan,0.0,0.00689,0.03289,19.58971,1.81552,0.22757,0.40761,0.61177,0.56641,0.55081,0.61177
-5.09428,12.74732,-9.5965,-0.21856,-0.06287,-0.9738,0.99744,0.0,0.0,nan,0.0,0.00854,0.03664,20.43968,1.65047,0.23505,0.40243,0.48335,0.6361,0.60589,0.48335
-5.06191,13.03185,7.52748,0.03976,-0.17983,0.98289,0.99694,0.0,0.0,nan,0.0,0.00934,0.02118,18.73532,1.81552,0.23754,0.51216,0.42602,0.95253,0.55081,0.42602
-4.21342,14.90487,-10.11572,-0.2148,0.0024,-0.97666,0.99734,0.0,0.0,nan,0.0,0.00588,0.02893,16.61006,1.6636,0.22495,0.34079,0.60098,0.66777,0.6011,0.60098
-5.16438,14.99373,-9.83491,-0.22961,0.02082,-0.97306,0.99744,0.0,0.0,nan,0.0,0.00669,0.03689,17.48971,2.14608,0.21615,0.27337,0.5006,0.73903,0.46597,0.5006
-4.83918,14.44946,7.72406,0.04134,-0.25536,0.96596,0.99674,0.0,0.0,nan,0.0,0.00941,0.02079,16.87571,1.65365,0.22662,0.56278,0.42822,0.89935,0.60472,0.42822
-5.01277,15.33217,8.30439,0.01802,-0.20534,0.97852,0.99295,0.0,0.0,nan,0.0,0.00796,0.02646,17.84091,1.85257,0.23653,0.62856,0.82332,0.69583,0.53979,0.82332
-4.20379,17.12845,-10.0739,-0.24872,-0.0211,-0.96835,0.99684,0.0,0.0,nan,0.0,0.00884,0.04489,17.22334,1.72444,0.22976,0.38591,0.47507,0.56969,0.5799,0.47507
-5.18194,16.91856,-9.5834,-0.26729,0.00327,-0.96361,0.99504,0.0,0.0,nan,0.0,0.0047,0.03797,20.08374,2.07085,0.21788,0.30311,0.53803,0.44923,0.48289,0.53803
-5.55835,17.63186,7.84082,-0.09545,-0.16071,0.98238,0.96158,0.0,0.0,nan,0.0,0.0205,0.03664,19.69371,2.07224,0.22192,0.62338,0.70512,0.98881,0.48257,0.70512
-4.88529,16.9934,8.26332,-0.10121,-0.18753,0.97703,0.99614,0.0,0.0,nan,0.0,0.01273,0.02791,17.15712,1.99759,0.21731,0.63501,0.62723,0.80185,0.5006,0.62723
-4.63085,19.11015,-10.19288,-0.22724,-0.05648,-0.9722,0.99544,0.0,0.0,nan,0.0,0.00829,0.03158,16.84396,1.84342,0.23184,0.40743,0.74581,0.72096,0.54247,0.74581
-5.40133,18.82207,-9.71064,-0.21957,-0.08409,-0.97197,0.99724,0.0,0.0,nan,0.0,0.00411,0.03001,20.91334,1.67475,0.22424,0.29835,0.39204,0.50251,0.59711,0.39204
-5.79873,18.04869,7.97619,-0.07596,-0.19251,0.97835,0.96327,0.0,0.0,nan,0.0,0.01293,0.02474,21.82,1.92565,0.21442,0.59196,0.75461,0.97777,0.51931,0.75461
-5.0367,18.95235,8.70086,-0.10417,-0.26361,0.95899,0.99674,0.0,0.0,nan,0.0,0.01554,0.02977,21.61101,1.8881,0.21541,0.67575,0.79879,1.0,0.52963,0.79879
-4.90469,20.99985,-10.03825,-0.14815,0.00127,-0.98896,0.99704,0.0,0.0,nan,0.0,0.00509,0.01934,15.68131,1.92514,0.22461,0.35804,0.33605,0.82877,0.51944,0.33605
-5.00512,20.85232,-9.99486,-0.14696,-0.00947,-0.9891,0.99594,0.0,0.0,nan,0.0,0.00572,0.02024,16.10705,1.86503,0.22953,0.3695,0.52908,0.86031,0.53619,0.52908
-5.00967,20.9065,9.38716,-0.0581,-0.18373,0.98126,0.99464,0.0,0.0,nan,0.0,0.01039,0.0211,19.07021,1.81552,0.22108,0.65383,0.75729,0.85212,0.55081,0.75729
-4.65903,22.81218,-10.20223,-0.17328,0.01743,-0.98472,0.99654,0.0,0.0,nan,0.0,0.0036,0.0199,19.86205,1.81552,0.22815,0.32771,0.56714,0.60758,0.55081,0.56714
-5.33266,23.22107,-9.59252,-0.12307,0.01122,-0.99234,0.98705,0.0,0.0,nan,0.0,0.00697,0.02592,20.57913,1.68654,0.23509,0.39222,0.35252,0.75284,0.59293,0.35252
-5.06464,22.96751,9.36612,-0.10117,-0.06838,0.99252,0.99654,0.0,0.0,nan,0.0,0.01265,0.03177,19.80567,2.72038,0.23275,0.62437,0.54981,0.70221,0.3676,0.54981
-4.60281,25.07173,-10.25946,-0.15502,-0.04346,-0.98696,0.99444,0.0,0.0,nan,0.0,0.00695,0.03689,19.99736,1.85981,0.22509,0.3679,0.71205,0.56303,0.53769,0.71205
-5.46801,24.83073,-9.87119,-0.11585,-0.05289,-0.99186,0.99474,0.0,0.0,nan,0.0,0.00717,0.02943,19.759,1.69971,0.22922,0.38568,0.54442,0.69587,0.58833,0.54442
-5.04924,24.88183,9.55024,-0.08462,-0.16885,0.982,0.99424,0.0,0.0,nan,0.0,0.02013,0.03925,21.63252,1.67339,0.23217,0.63461,0.39318,0.88283,0.59759,0.39318
-5.00291,25.81919,10.07825,-0.02365,-0.16008,0.98682,0.99315,0.0,0.0,nan,0.0,0.01664,0.03322,22.58545,3.3335,0.23917,0.64553,0.40356,0.84439,0.29999,0.40356
-4.93575,27.0654,-10.29589,-0.07858,-0.05024,-0.99564,0.99414,0.0,0.0,nan,0.0,0.00773,0.04148,19.31957,1.91844,0.22223,0.44771,0.81946,0.59039,0.52126,0.81946
-5.63314,26.26845,-9.85189,-0.09472,-0.09677,-0.99079,0.99354,0.0,0.0,nan,0.0,0.00781,0.0379,19.95645,1.81552,0.22922,0.37644,0.46474,0.60263,0.55081,0.46474
-4.43987,27.59714,9.87151,0.06005,-0.0651,0.99607,0.99694,0.0,0.0,nan,0.0,0.01209,0.03017,24.74873,1.90121,0.22796,0.57424,0.58922,0.75433,0.52598,0.58922
-5.1255,26.84983,10.27012,0.03857,-0.128,0.99102,0.99145,0.0,0.0,nan,0.0,0.00994,0.02563,23.45294,1.81552,0.2261,0.59328,0.37025,0.70898,0.55081,0.37025
-5.09046,28.95577,-10.49305,-0.0815,-0.01455,-0.99657,0.98755,0.0,0.0,nan,0.0,0.01167,0.0441,20.45887,1.88598,0.23241,0.6345,0.71899,0.45773,0.53023,0.71899
-4.52595,28.61352,9.85413,0.07824,-0.06994,0.99448,0.99345,0.0,0.0,nan,0.0,0.00957,0.02541,24.05637,1.81552,0.23005,0.53227,0.71628,0.7668,0.55081,0.71628
-5.11316,29.09078,10.28731,0.08199,-0.1095,0.9906,0.99644,0.0,0.0,nan,0.0,0.00801,0.02748,22.21877,1.65047,0.22475,0.44592,0.51076,0.71202,0.60589,0.51076
-5.1227,30.91121,-10.41398,-0.07213,-0.01406,-0.9973,0.99085,0.0,0.0,nan,0.0,0.01002,0.03867,13.79204,1.81552,0.24418,0.57808,0.70769,0.51315,0.55081,0.70769
-4.92733,30.92364,10.65502,-0.00262,-0.14612,0.98926,0.99165,0.0,0.0,nan,0.0,0.00906,0.02838,18.53969,1.65047,0.23734,0.41441,0.43615,0.85313,0.60589,0.43615
-4.95896,33.0479,-10.19809,-0.06775,0.00776,-0.99767,0.99444,0.0,0.0,nan,0.0,0.00702,0.02399,13.4402,1.87943,0.21505,0.45624,0.76407,0.77105,0.53207,0.76407
-5.87543,33.56912,-9.95629,-0.05824,-0.01367,-0.99821,0.99464,0.0,0.0,nan,0.0,0.00907,0.03749,15.46015,1.91865,0.21227,0.34614,0.57161,0.78907,0.5212,0.57161
-5.04657,33.06967,10.79689,-0.09948,0.03393,0.99446,0.98675,0.0,0.0,nan,0.0,0.01014,0.02604,19.12611,3.46599,0.25427,0.62833,0.58921,0.68436,0.28852,0.58921
-4.99979,35.06076,-10.36248,-0.03358,-0.00189,-0.99943,0.99544,0.0,0.0,nan,0.0,0.00674,0.02335,14.08084,1.65047,0.22369,0.42514,0.54862,0.77557,0.60589,0.54862
-4.00531,34.66805,-9.9951,-0.033,0.01418,-0.99935,0.99354,0.0,0.0,nan,0.0,0.00853,0.02441,13.04515,1.91411,0.22429,0.52889,0.44423,0.7621,0.52244,0.44423
-5.70302,34.86557,9.80654,-0.12972,0.0078,0.99152,0.95059,0.0,0.0,nan,0.0,0.00793,0.02033,19.37947,1.72224,0.2377,0.48367,0.47444,0.89007,0.58064,0.47444
-4.91304,35.00215,10.34055,-0.08604,0.00372,0.99629,0.99664,0.0,0.0,nan,0.0,0.00881,0.02231,21.93831,1.71945,0.23513,0.59732,0.69799,0.72151,0.58158,0.69799
-4.96683,36.95258,-10.34781,-0.01636,0.06078,-0.99802,0.99504,0.0,0.0,nan,0.0,0.00551,0.02055,13.41149,1.65047,0.23702,0.44282,0.33916,0.69593,0.60589,0.33916
-5.04588,37.05407,10.66649,-0.1155,-0.06633,0.99109,0.99594,0.0,0.0,nan,0.0,0.01219,0.02543,20.91258,3.24932,0.25589,0.58393,0.63363,0.89938,0.30776,0.63363
-5.01617,38.9662,-10.24973,0.00342,0.00029,-0.99999,0.99604,0.0,0.0,nan,0.0,0.00417,0.0174,17.12613,1.67341,0.23108,0.36621,0.5336,0.73158,0.59758,0.5336
-5.73355,38.56683,-9.80919,-0.02087,0.01501,-0.99967,0.99345,0.0,0.0,nan,0.0,0.00558,0.02309,16.53174,2.24516,0.22406,0.35409,0.46451,0.76576,0.4454,0.46451
-4.9934,39.00433,10.7374,-0.09609,-0.02688,0.99501,0.99664,0.0,0.0,nan,0.0,0.00567,0.01438,15.59435,2.37284,0.22709,0.44651,0.58198,0.99577,0.42144,0.58198
-5.04986,40.97904,-10.21798,-0.02515,-0.02759,-0.9993,0.99514,0.0,0.0,nan,0.0,0.0098,0.04501,19.40205,1.70317,0.22333,0.32587,0.3098,0.73693,0.58714,0.3098
-5.65091,40.65525,-9.83754,-0.04614,-0.02539,-0.99861,0.99484,0.0,0.0,nan,0.0,0.00818,0.03893,20.8691,2.04318,0.22008,0.32914,0.45496,0.70006,0.48943,0.45496
-4.96786,40.87923,10.7612,-0.06745,-0.00605,0.9977,0.99265,0.0,0.0,nan,0.0,0.00807,0.02148,15.86243,3.63103,0.23475,0.47403,0.38903,0.89293,0.2754,0.38903
-4.9855,43.00687,-10.16564,-0.01636,0.0165,-0.99973,0.99644,0.0,0.0,nan,0.0,0.01496,0.10446,22.62674,1.73301,0.216,0.25206,0.53533,0.61835,0.57703,0.53533
-5.35504,43.57607,9.67141,-0.05434,0.22026,0.97393,0.95198,0.0,0.0,nan,0.0,0.00828,0.01862,17.57917,1.65047,0.24362,0.54444,0.4545,0.91007,0.60589,0.4545
-4.99024,42.84709,10.53848,-0.03842,0.15679,0.98688,0.99584,0.0,0.0,nan,0.0,0.00557,0.01445,17.21073,1.82563,0.23543,0.51382,0.57352,0.8368,0.54776,0.57352
-4.99284,45.06724,-10.19952,0.01349,0.08056,-0.99666,0.99534,0.0,0.0,nan,0.0,0.01509,0.12757,33.8926,1.68429,0.21961,0.2212,0.30526,0.56632,0.59372,0.30526
-5.49168,45.14785,-9.99275,-0.02489,0.09001,-0.99563,0.99674,0.0,0.0,nan,0.0,0.01344,0.10588,37.64783,1.73078,0.22019,0.22916,0.37623,0.58339,0.57777,0.37623
-5.14711,44.5951,9.75649,-0.04748,0.10325,0.99352,0.95608,0.0,0.0,nan,0.0,0.00577,0.01513,19.07232,2.1736,0.21935,0.42898,0.38542,0.98281,0.46007,0.38542
-4.99267,45.21046,10.07826,-0.04129,0.02936,0.99872,0.98835,0.0,0.0,nan,0.0,0.00774,0.01884,20.22981,2.08369,0.22647,0.45727,0.52753,0.98771,0.47992,0.52753
-4.92929,46.45049,-10.03798,0.00848,0.16974,-0.98545,0.99674,0.0,0.0,nan,0.0,0.01381,0.08789,49.98668,1.72481,0.23057,0.23729,0.61009,0.68867,0.57977,0.61009
-5.08987,47.40518,-9.8233,0.00658,0.21054,-0.97756,0.99744,0.0,0.0,nan,0.0,0.01588,0.08237,54.87593,1.77676,0.22763,0.27177,0.45166,0.73507,0.56282,0.45166
-4.93792,46.96115,10.46036,-0.06335,0.00833,0.99796,0.99005,0.0,0.0,nan,0.0,0.01135,0.0268,17.49608,1.83607,0.23345,0.52302,0.685,0.90255,0.54464,0.685
-4.85346,48.36215,-10.02639,-0.02094,0.20126,-0.97931,0.99115,0.0,0.0,nan,0.0,0.01386,0.06428,53.06735,1.70552,0.23077,0.28822,0.4318,0.77603,0.58633,0.4318
-4.88966,48.99813,-9.43609,-0.05743,0.16837,-0.98405,0.99394,0.00274,0.01372,0.7,1.0,0.01313,0.06332,53.61718,1.69804,0.23246,0.27983,0.55069,0.76853,0.58891,0.55069
-4.73354,49.32584,9.99504,-0.06219,0.23985,0.96881,0.99524,0.0,0.0,nan,0.0,0.00966,0.02147,19.71113,2.05105,0.23708,0.59173,0.35533,0.83713,0.48755,0.35533
-4.99555,48.72058,10.10047,-0.08955,0.19097,0.9775,0.99235,0.0,0.0,nan,0.0,0.01146,0.02669,17.77542,2.03622,0.23108,0.53503,0.5986,0.89254,0.49111,0.5986
-4.96791,51.01644,-9.11782,-0.09579,0.04117,-0.99455,0.99315,0.0,0.0,nan,0.0,0.01248,0.07303,43.39003,1.90324,0.2372,0.35537,0.53098,0.50301,0.52542,0.53098
-4.9543,51.04074,9.41551,-0.03052,0.12262,0.99198,0.99444,0.0,0.0,nan,0.0,0.00734,0.01743,20.92124,1.65047,0.23606,0.55597,0.36157,0.82966,0.60589,0.36157
-4.99586,53.00153,-9.20041,-0.05442,0.03084,-0.99804,0.99494,0.0,0.0,nan,0.0,0.00636,0.05843,25.36672,1.65047,0.22075,0.37589,0.61997,0.31262,0.60589,0.61997
-4.98756,52.90611,9.64907,-0.04777,0.04546,0.99782,0.99125,0.0,0.0,nan,0.0,0.0067,0.02098,18.68563,2.2424,0.23639,0.52133,0.43072,0.67811,0.44595,0.43072
-4.96553,54.96276,-8.84015,-0.01969,0.01327,-0.99972,0.99524,0.0,0.0,nan,0.0,0.01241,0.0327,16.18865,1.69988,0.22459,0.43981,0.2972,0.96964,0.58828,0.2972
-5.13207,55.07495,9.1288,-0.12189,0.26982,0.95516,0.99345,0.0,0.0,nan,0.0,0.01047,0.03418,16.12166,1.87401,0.23985,0.67171,0.46703,0.51289,0.53362,0.46703
-5.00826,57.02089,-9.36307,-0.02505,-0.11724,-0.99279,0.99115,0.0,0.0,nan,0.0,0.00768,0.0214,17.87325,1.9183,0.22862,0.4468,0.39521,0.89354,0.52129,0.39521
-5.45163,56.66872,7.85146,-0.11525,0.17713,0.97742,0.9395,0.0,0.0,nan,0.0,0.00617,0.01369,13.62886,1.89483,0.23352,0.55185,0.76104,0.97156,0.52775,0.76104
-4.95517,57.11141,8.26886,-0.08837,0.1968,0.97645,0.99075,0.0,0.0,nan,0.0,0.0084,0.01891,13.87378,1.86727,0.23747,0.61067,0.35399,0.8324,0.53554,0.35399
-4.36592,59.69711,-10.06964,0.02128,-0.2131,-0.9768,0.97257,0.0,0.0,nan,0.0,0.01184,0.03175,16.50867,2.78257,0.23715,0.6515,0.56262,0.64192,0.35938,0.56262
-5.18988,58.83521,-9.85483,-0.08979,-0.21375,-0.97275,0.97536,0.0,0.0,nan,0.0,0.01133,0.03236,19.06385,1.6818,0.23824,0.5339,0.4497,0.7243,0.5946,0.4497
-5.05915,59.89017,7.98502,-0.06973,0.35516,0.9322,0.98855,0.0,0.0,nan,0.0,0.00699,0.03114,14.02681,3.40043,0.23884,0.63304,0.86388,0.637,0.29408,0.86388
-4.9523,58.99215,8.36765,-0.05203,0.27469,0.96012,0.99384,0.0,0.0,nan,0.0,0.00491,0.01677,14.06072,3.63103,0.24094,0.63727,0.44193,0.52429,0.2754,0.44193
-4.92192,61.12192,-10.31283,-0.04248,-0.1262,-0.99109,0.98795,0.0,0.0,nan,0.0,0.01581,0.03712,16.32288,1.76688,0.23739,0.68779,0.40816,0.69525,0.56597,0.40816
-5.62351,60.30773,-9.87072,-0.15217,-0.1951,-0.96891,0.99624,0.0,0.0,nan,0.0,0.01348,0.02993,16.52066,1.90721,0.22493,0.61476,0.40572,0.8216,0.52432,0.40572
-5.08751,61.05125,7.57806,-0.0843,0.36293,0.928,0.99534,0.0,0.0,nan,0.0,0.00565,0.01588,16.73465,3.08255,0.23588,0.53457,0.34085,0.74535,0.32441,0.34085
-4.97455,62.89426,-10.54836,0.00203,-0.04536,-0.99897,0.98705,0.0,0.0,nan,0.0,0.00781,0.02134,16.11942,1.77825,0.22991,0.60447,0.5414,0.68059,0.56235,0.5414
-4.00387,63.38982,-9.98733,0.01375,-0.01921,-0.99972,0.99574,0.0,0.0,nan,0.0,0.01004,0.0241,18.70905,1.65047,0.23172,0.58444,0.55216,0.78927,0.60589,0.55216
-5.89957,62.46175,5.9201,-0.10833,0.31122,0.94414,0.941,0.0,0.0,nan,0.0,0.00762,0.01799,18.31256,2.07684,0.23614,0.50978,0.38335,0.92199,0.4815,0.38335
-4.99801,63.02564,6.55481,-0.09698,0.30871,0.9462,0.99744,0.0,0.0,nan,0.0,0.00776,0.01863,19.60708,1.65047,0.24008,0.55266,0.64176,0.82994,0.60589,0.64176
-5.09229,64.93886,-10.27569,-0.02003,0.24087,-0.97035,0.95768,0.0,0.0,nan,0.0,0.00929,0.02521,24.67561,1.65047,0.2335,0.56426,0.62854,0.70641,0.60589,0.62854
-4.52937,65.06219,-9.89113,-0.00212,0.30417,-0.95261,0.97996,0.0,0.0,nan,0.0,0.0123,0.02924,24.57681,1.70206,0.23777,0.57497,0.43656,0.79135,0.58752,0.43656
-5.19621,65.46422,5.70197,-0.0576,0.45136,0.89048,0.98985,0.0,0.0,nan,0.0,0.01854,0.04307,23.03975,2.04706,0.23253,0.62813,0.40852,0.74469,0.48851,0.40852
-4.95258,64.64534,6.44282,-0.08261,0.33949,0.93697,0.98605,0.0,0.0,nan,0.0,0.01045,0.0207,20.76754,2.06319,0.23064,0.61672,0.38561,0.89751,0.48469,0.38561
-4.71369,66.10898,-10.07037,-0.01508,0.53803,-0.84279,0.92111,0.0,0.0,nan,0.0,0.00868,0.03133,24.59422,2.58557,0.23386,0.50113,0.55185,0.59773,0.38676,0.55185
-5.02477,66.88649,-9.01278,-0.0145,0.79141,-0.61111,0.95208,0.0,0.0,nan,0.0,0.0102,0.03205,33.58152,2.39642,0.22433,0.6082,0.44039,0.55459,0.41729,0.44039
-4.95251,67.23846,-6.83828,-0.07541,0.97672,-0.20081,0.99744,0.0,0.0,nan,0.0,0.01482,0.03321,26.31626,1.90045,0.23454,0.54676,0.41989,0.87804,0.52619,0.41989
-5.03368,67.53503,-5.04658,-0.08275,0.99117,-0.1036,0.99494,0.0,0.0,nan,0.0,0.00677,0.02457,20.34518,1.75745,0.225,0.5062,0.66138,0.59804,0.569,0.66138
-5.38837,67.90544,-3.65094,-0.0473,0.98904,-0.13989,0.99734,0.0,0.0,nan,0.0,0.0109,0.0654,13.92819,1.68426,0.21737,0.63588,0.85271,0.44654,0.59373,0.85271
-4.27026,67.99878,-1.96949,-0.03944,0.99675,-0.07029,0.99744,0.0,0.0,nan,0.0,0.01471,0.04424,11.29523,2.02862,0.21037,0.51609,0.76225,0.78911,0.49295,0.76225
-5.26478,67.91341,0.4614,-0.06923,0.9976,-0.00103,0.99414,0.0,0.0,nan,0.0,0.01297,0.03937,16.81054,1.93113,0.23158,0.60167,0.71574,0.61287,0.51783,0.71574
-5.82681,67.9996,2.35048,-0.04997,0.99091,0.1249,0.98975,0.0,0.0,nan,0.0,0.01055,0.02385,19.68638,1.88799,0.23127,0.57739,0.54656,0.84415,0.52966,0.54656
-4.99628,67.11978,4.94799,0.02814,0.65552,0.75465,0.96048,0.0,0.0,nan,0.0,0.01747,0.04438,22.6069,3.57127,0.24368,0.72416,0.4931,0.59154,0.28001,0.4931
-4.06459,68.0789,-6.34712,-0.08439,0.98649,-0.14045,0.98206,0.0,0.0,nan,0.0,0.00915,0.02332,24.13418,2.37327,0.22709,0.52238,0.57021,0.81305,0.42136,0.57021
-4.24559,68.05349,-4.1454,-0.09592,0.98933,-0.10969,0.99744,0.0,0.0,nan,0.0,0.00697,0.02456,18.30867,1.904,0.22344,0.56124,0.72825,0.56091,0.52521,0.72825
-4.85734,68.06213,-2.78388,-0.04925,0.99179,-0.11798,0.99744,0.0,0.0,nan,0.0,0.01478,0.04224,11.07342,2.07185,0.22704,0.51965,0.55129,0.79466,0.48266,0.55129
-5.00968,68.35851,-0.99719,-0.03584,0.99805,-0.05108,0.99734,0.0,0.0,nan,0.0,0.00976,0.0313,11.58854,1.74428,0.23106,0.38191,0.3564,0.95718,0.5733,0.3564
-4.95811,68.12001,1.06768,-0.06816,0.99762,-0.01021,0.99734,0.0,0.0,nan,0.0,0.01778,0.03765,16.16116,2.04527,0.22451,0.62387,0.54617,0.8508,0.48893,0.54617
-5.01166,68.34617,3.00679,-0.00767,0.96955,0.24478,0.94279,0.0,0.0,nan,0.0,0.01058,0.02654,21.6855,1.71441,0.23619,0.53762,0.54031,0.81015,0.58329,0.54031
-5.30821,68.11888,4.13729,0.01146,0.84945,0.52754,0.88935,0.0,0.0,nan,0.0,0.00746,0.0205,17.78835,1.79683,0.24342,0.54185,0.39722,0.74707,0.55654,0.39722
-2.89909,1.91383,-6.48057,-0.11765,-0.95227,-0.28169,0.99744,0.0,0.0,nan,0.0,0.004,0.02212,6.34352,1.89664,0.22572,0.23802,0.50842,1.0,0.52725,0.50842
-2.99951,1.38825,-4.9985,-0.13043,-0.95863,-0.253,0.99744,0.0,0.0,nan,0.0,0.0059,0.02598,7.03286,1.77255,0.23648,0.2927,0.69344,0.99577,0.56416,0.69344
-3.03838,0.87945,-2.99366,-0.13953,-0.96912,-0.20332,0.99734,0.0,0.0,nan,0.0,0.01991,0.07338,7.03625,1.87814,0.23935,0.34844,0.49185,1.0,0.53244,0.49185
-3.03024,0.45314,-1.04229,-0.10706,-0.99244,-0.05994,0.98805,0.0,0.0,nan,0.0,0.00768,0.07913,12.33757,1.78693,0.21988,0.62543,0.89633,0.33909,0.55962,0.89633
-3.01115,0.46909,1.12093,-0.05103,-0.94941,0.30987,0.94459,0.0,0.0,nan,0.0,0.00409,0.01985,15.84221,3.20659,0.23101,0.38497,0.54459,0.60269,0.31186,0.54459
-2.91943,1.38783,2.5648,-0.04902,-0.76321,0.64429,0.95738,0.0,0.0,nan,0.0,0.00765,0.02028,20.04796,1.90068,0.23349,0.49505,0.52151,0.83832,0.52613,0.52151
-2.29123,3.90826,-10.01968,-0.13136,-0.39055,-0.91116,0.95318,0.0,0.0,nan,0.0,0.01088,0.04513,12.14632,2.99098,0.23851,0.57371,0.49436,0.48947,0.33434,0.49436
-3.05899,2.69191,-9.24557,-0.14315,-0.73262,-0.66542,0.90713,0.0,0.0,nan,0.0,0.01089,0.04683,6.95919,2.40517,0.23522,0.46245,0.61201,0.64742,0.41577,0.61201
-3.08597,2.17354,-7.42122,-0.1176,-0.93546,-0.33328,0.99624,0.0,0.0,nan,0.0,0.00644,0.04756,7.35838,1.93749,0.23255,0.72794,0.78297,0.26456,0.51613,0.78297
-2.96505,2.96013,3.36631,-0.0345,-0.49914,0.86584,0.99065,0.0,0.0,nan,0.0,0.02389,0.08046,23.80156,2.41969,0.21746,0.71829,0.86061,0.6936,0.41328,0.86061
-2.11164,3.74499,4.05722,0.02572,-0.44461,0.89536,0.99285,0.0,0.0,nan,0.0,0.01003,0.02375,22.19076,2.01676,0.21956,0.46013,0.44268,1.0,0.49584,0.44268
-2.84408,5.11229,-10.15639,-0.15837,-0.19469,-0.968,0.99404,0.0,0.0,nan,0.0,0.01058,0.03078,12.61644,1.65047,0.23801,0.51104,0.45319,0.77908,0.60589,0.45319
-3.73051,4.91049,-9.99703,-0.1951,-0.21901,-0.95602,0.98795,0.0,0.0,nan,0.0,0.00693,0.02941,16.26377,1.89052,0.23555,0.47766,0.54076,0.55399,0.52895,0.54076
-3.18953,4.32653,3.82224,0.0124,-0.51801,0.85529,0.97716,0.0,0.0,nan,0.0,0.00922,0.02164,22.32808,2.05967,0.22866,0.46549,0.42078,0.99743,0.48551,0.42078
-3.13127,5.33051,4.51673,0.07074,-0.51911,0.85178,0.98785,0.0,0.0,nan,0.0,0.01015,0.02246,19.92044,2.04837,0.23407,0.51896,0.6165,0.9582,0.48819,0.6165
-2.96753,7.02501,-10.35666,-0.18813,-0.07799,-0.97904,0.99444,0.0,0.0,nan,0.0,0.00808,0.02441,13.0968,2.00487,0.22381,0.46829,0.28187,0.81494,0.49879,0.28187
-2.45026,6.18326,-9.94311,-0.14785,-0.13422,-0.97986,0.99744,0.0,0.0,nan,0.0,0.0071,0.02121,12.51125,2.40627,0.23072,0.43565,0.39437,0.89138,0.41558,0.39437
-2.62756,6.89956,5.87578,0.06767,-0.37721,0.92365,0.98935,0.0,0.0,nan,0.0,0.01009,0.02499,20.65519,1.89771,0.23662,0.55194,0.68705,0.80246,0.52695,0.68705
-3.37393,7.26589,6.14253,0.06317,-0.33841,0.93888,0.98276,0.0,0.0,nan,0.0,0.00848,0.01892,20.3565,3.46599,0.23798,0.53703,0.61022,0.91668,0.28852,0.61022
-3.05532,9.06637,-10.51488,-0.21241,0.05909,-0.97539,0.99454,0.0,0.0,nan,0.0,0.00368,0.01944,15.4804,1.74819,0.22916,0.34555,0.71574,0.61838,0.57202,0.71574
-2.39613,8.49254,5.81875,0.08948,-0.26782,0.95931,0.99135,0.0,0.0,nan,0.0,0.00862,0.02164,19.21712,1.71547,0.24221,0.5038,0.78981,1.0,0.58293,0.78981
-3.07621,9.09778,6.5357,0.09481,-0.32425,0.94121,0.99724,0.0,0.0,nan,0.0,0.00801,0.02221,19.42378,1.7395,0.23485,0.39816,0.66203,0.99934,0.57488,0.66203
-2.98234,10.95011,-10.25416,-0.19587,0.00371,-0.98062,0.99704,0.0,0.0,nan,0.0,0.00853,0.0287,20.17843,2.26023,0.22317,0.5117,0.56811,0.63868,0.44243,0.56811
-2.98277,10.51632,-9.96659,-0.20881,0.02256,-0.9777,0.99624,0.0,0.0,nan,0.0,0.00943,0.02977,19.51321,2.20028,0.23048,0.52064,0.45625,0.67112,0.45449,0.45625
-3.10355,10.97075,7.23021,0.07714,-0.24588,0.96623,0.99295,0.0,0.0,nan,0.0,0.01179,0.02807,19.78344,1.81552,0.23879,0.49351,0.31792,0.93742,0.55081,0.31792
-3.07089,12.94146,-10.55739,-0.19313,-0.0487,-0.97996,0.99664,0.0,0.0,nan,0.0,0.00989,0.04095,20.9433,1.65215,0.24356,0.46184,0.64599,0.57269,0.60527,0.64599
-3.05097,12.98482,7.4655,0.02542,-0.15686,0.98729,0.99694,0.0,0.0,nan,0.0,0.00902,0.01967,17.82809,1.7396,0.23807,0.53385,0.38041,0.95518,0.57484,0.38041
-2.98264,14.96243,-10.26885,-0.18962,-0.01179,-0.98179,0.99744,0.0,0.0,nan,0.0,0.00757,0.03174,13.52375,1.94585,0.23165,0.45279,0.39054,0.60492,0.51391,0.39054
-3.04306,14.91649,7.36752,0.03479,-0.31597,0.94813,0.97526,0.0,0.0,nan,0.0,0.00615,0.01657,14.84154,2.90653,0.23613,0.48148,0.46641,0.87475,0.34405,0.46641
-3.02098,15.56289,8.29113,-0.01068,-0.31594,0.94872,0.99335,0.0,0.0,nan,0.0,0.00422,0.01864,15.50833,2.54371,0.22759,0.51852,0.84797,0.71745,0.39313,0.84797
-3.04143,17.03626,-10.50063,-0.18563,-0.01259,-0.98254,0.99734,0.0,0.0,nan,0.0,0.00648,0.02423,13.39021,1.97471,0.21943,0.43479,0.47843,0.70728,0.5064,0.47843
-3.00803,17.04213,8.70147,-0.07327,-0.25841,0.96325,0.98785,0.0,0.0,nan,0.0,0.02032,0.04246,14.55989,2.05779,0.22442,0.70309,0.52176,0.77406,0.48596,0.52176
-3.06987,18.97409,-10.45929,-0.15583,0.00708,-0.98776,0.99644,0.0,0.0,nan,0.0,0.00657,0.02459,11.35606,2.05456,0.22945,0.43135,0.5667,0.72817,0.48672,0.5667
-3.9506,18.41475,-9.94655,-0.23254,-0.02316,-0.97231,0.99714,0.0,0.0,nan,0.0,0.01171,0.03946,14.01346,1.7561,0.22869,0.45357,0.42349,0.74765,0.56944,0.42349
-3.00649,18.89985,9.14088,-0.03895,-0.18758,0.98148,0.99045,0.0,0.0,nan,0.0,0.01511,0.02607,21.02887,2.31817,0.22286,0.70083,0.64777,0.90585,0.43137,0.64777
-3.04979,20.97628,-10.47851,-0.10309,-0.00784,-0.99464,0.99684,0.0,0.0,nan,0.0,0.00465,0.01856,12.40113,1.85129,0.2434,0.43894,0.36655,0.66237,0.54017,0.36655
-3.88424,20.64293,-9.8943,-0.1583,-0.01692,-0.98725,0.99514,0.0,0.0,nan,0.0,0.00919,0.02866,14.25908,2.0503,0.23306,0.45612,0.57668,0.80182,0.48773,0.57668
-3.02779,21.00849,9.31467,0.00081,-0.18526,0.98269,0.99734,0.0,0.0,nan,0.0,0.00803,0.02372,16.90117,1.87982,0.22635,0.60282,0.80771,0.77005,0.53197,0.80771
-3.02065,23.0608,-10.44841,-0.16062,-0.01461,-0.98691,0.99564,0.0,0.0,nan,0.0,0.00266,0.01773,9.973,1.70836,0.23191,0.40395,0.52839,0.44643,0.58536,0.52839
-3.03712,22.9543,9.81992,-0.0639,-0.12424,0.99019,0.99374,0.0,0.0,nan,0.0,0.02665,0.06327,17.00044,1.65047,0.24182,0.80603,0.75195,0.58779,0.60589,0.75195
-2.99624,25.00961,-10.42595,-0.12536,0.03448,-0.99151,0.99325,0.0,0.0,nan,0.0,0.01224,0.05674,17.02822,1.81552,0.22988,0.49749,0.45488,0.48472,0.55081,0.45488
-3.01605,24.98655,9.95252,-0.03652,-0.07039,0.99685,0.99574,0.0,0.0,nan,0.0,0.01375,0.0279,20.19715,1.81604,0.23406,0.73992,0.77296,0.79012,0.55065,0.77296
-3.10469,25.86228,10.00238,-0.02126,-0.06521,0.99765,0.99684,0.0,0.0,nan,0.0,0.01718,0.03047,23.66809,1.67806,0.23097,0.7138,0.69354,0.85663,0.59593,0.69354
-3.01523,26.99355,-10.28788,-0.00605,0.0389,-0.99922,0.99534,0.0,0.0,nan,0.0,0.01072,0.03744,20.99939,1.95796,0.21853,0.47365,0.64733,0.66199,0.51073,0.64733
-3.54452,27.58426,-9.92225,0.01111,0.01879,-0.99976,0.98905,0.0,0.0,nan,0.0,0.01154,0.03975,21.57492,1.82961,0.22456,0.48077,0.58734,0.65974,0.54657,0.58734
-3.31057,27.23976,9.64584,0.0134,-0.04655,0.99883,0.99424,0.0,0.0,nan,0.0,0.01317,0.02744,25.11821,2.0181,0.23011,0.62484,0.54744,0.82938,0.49551,0.54744
-2.78497,26.86723,10.04489,-0.00496,-0.04584,0.99894,0.99694,0.0,0.0,nan,0.0,0.01628,0.03321,24.67828,1.70359,0.23815,0.6545,0.66481,0.80957,0.587,0.66481
-3.05579,28.82284,-10.16723,0.08092,0.04606,-0.99566,0.99414,0.0,0.0,nan,0.0,0.00754,0.03213,26.14358,1.87215,0.23312,0.52299,0.84376,0.69022,0.53415,0.84376
-2.60635,29.51767,-9.82785,0.07808,0.03015,-0.99649,0.98226,0.0,0.0,nan,0.0,0.00335,0.02868,32.3841,1.73273,0.2294,0.54846,0.89304,0.41694,0.57712,0.89304
-3.05407,28.9194,9.86773,0.05273,-0.07368,0.99589,0.99305,0.0,0.0,nan,0.0,0.01155,0.02454,25.87358,1.94303,0.22397,0.56555,0.68973,0.89685,0.51466,0.68973
-3.15936,29.06104,10.02564,0.06042,-0.09539,0.9936,0.99674,0.0,0.0,nan,0.0,0.01057,0.02358,25.53072,2.55669,0.22505,0.5439,0.68696,0.88864,0.39113,0.68696
-2.96579,31.06506,-10.4057,0.10081,-0.05389,-0.99344,0.99345,0.0,0.0,nan,0.0,0.00217,0.0289,32.64998,2.03993,0.2302,0.59466,0.91867,0.29081,0.49021,0.91867
-2.30442,30.41619,-9.68288,0.08609,-0.01165,-0.99622,0.96557,0.0,0.0,nan,0.0,0.00231,0.02686,33.15703,2.88391,0.23598,0.56519,0.93638,0.39994,0.34675,0.93638
-3.3054,30.29806,9.8748,0.08421,-0.20868,0.97435,0.98875,0.0,0.0,nan,0.0,0.0101,0.02997,22.53296,1.88459,0.22459,0.43182,0.43868,0.84975,0.53062,0.43868
-3.04479,31.06939,10.42115,0.09248,-0.19215,0.977,0.99544,0.0,0.0,nan,0.0,0.00667,0.0265,19.17441,1.89817,0.23646,0.38454,0.2964,0.72297,0.52682,0.2964
-3.01151,32.94661,-10.57551,0.06722,-0.0422,-0.99685,0.97986,0.0,0.0,nan,0.0,0.01098,0.04087,15.6441,3.45011,0.2443,0.55838,0.72906,0.54271,0.28985,0.72906
-2.42061,33.9495,9.95136,0.0603,0.04165,0.99731,0.97876,0.0,0.0,nan,0.0,0.01001,0.02549,20.22272,2.08852,0.23117,0.56799,0.32975,0.75976,0.47881,0.32975
-2.87437,33.07309,10.78293,0.05085,-0.02281,0.99845,0.99354,0.0,0.0,nan,0.0,0.00774,0.02181,19.09198,2.19655,0.22682,0.5515,0.58401,0.71112,0.45526,0.58401
-3.08642,34.95956,-10.40368,0.03149,0.02589,-0.99917,0.99624,0.0,0.0,nan,0.0,0.00504,0.01414,10.38601,1.84036,0.23239,0.52434,0.40432,0.80993,0.54337,0.40432
-3.7777,34.82985,-9.93637,-0.01582,0.01617,-0.99974,0.99315,0.0,0.0,nan,0.0,0.01094,0.03527,12.85013,1.8536,0.22172,0.58255,0.60931,0.61516,0.53949,0.60931
-2.36799,34.11462,9.93724,0.06263,0.04623,0.99697,0.97406,0.0,0.0,nan,0.0,0.00802,0.02196,20.30376,2.02482,0.23008,0.50847,0.4412,0.78866,0.49387,0.4412
-2.84499,34.9807,10.63954,0.02484,0.0005,0.99969,0.99594,0.0,0.0,nan,0.0,0.01213,0.03018,21.41537,2.04157,0.21962,0.57054,0.73526,0.77055,0.48982,0.73526
-2.97885,37.02692,-10.27894,0.02618,0.06335,-0.99765,0.99604,0.0,0.0,nan,0.0,0.00532,0.0176,12.48677,1.81552,0.23074,0.55742,0.47254,0.62959,0.55081,0.47254
-2.97957,36.97121,10.79768,0.04216,-0.03164,0.99861,0.99544,0.0,0.0,nan,0.0,0.00983,0.02889,19.30103,2.08771,0.22787,0.43867,0.44571,0.85637,0.47899,0.44571
-3.40179,39.06921,-10.0609,0.0234,0.00805,-0.99969,0.99514,0.0,0.0,nan,0.0,0.005,0.01754,14.99179,1.79218,0.22992,0.40779,0.60261,0.7916,0.55798,0.60261
-2.70578,38.90466,-9.59604,0.04693,0.02202,-0.99866,0.98146,0.0,0.0,nan,0.0,0.00431,0.01697,12.42029,2.21243,0.22314,0.43513,0.42857,0.67722,0.45199,0.42857
-2.83705,38.98692,10.91361,0.04863,0.01049,0.99876,0.99594,0.0,0.0,nan,0.0,0.00609,0.01503,17.23127,2.20939,0.22961,0.49961,0.45766,0.90479,0.45261,0.45766
-3.00631,41.08591,-10.23679,0.07577,-0.01858,-0.99695,0.99534,0.0,0.0,nan,0.0,0.00683,0.02898,14.71928,2.19546,0.22146,0.34481,0.54941,0.77596,0.45549,0.54941
-2.79394,40.21508,-9.90054,0.06947,-0.0093,-0.99754,0.99524,0.0,0.0,nan,0.0,0.00375,0.01736,13.61822,1.85794,0.2163,0.4064,0.49337,0.6093,0.53823,0.49337
-3.02741,41.02604,10.79189,0.05459,-0.04392,0.99754,0.99384,0.0,0.0,nan,0.0,0.01019,0.02241,17.35902,3.4493,0.24477,0.59544,0.72924,0.85198,0.28991,0.72924
-3.04801,42.97702,-10.1787,0.09183,0.04906,-0.99457,0.99624,0.0,0.0,nan,0.0,0.00911,0.07906,22.12325,1.71834,0.22337,0.21732,0.41831,0.57826,0.58196,0.41831
-2.33059,43.76259,-9.97051,0.10541,0.07886,-0.9913,0.99744,0.0,0.0,nan,0.0,0.01166,0.08903,27.59461,2.35462,0.22081,0.25366,0.68079,0.55391,0.4247,0.68079
-3.00837,43.07089,10.77901,-0.05548,0.14572,0.98777,0.98515,0.0,0.0,nan,0.0,0.01169,0.03065,20.97518,1.81552,0.23908,0.52327,0.31915,0.79852,0.55081,0.31915
-3.50067,44.77563,-10.03018,0.10028,0.07479,-0.99214,0.99744,0.0,0.0,nan,0.0,0.0191,0.1137,26.67541,2.09984,0.21344,0.20308,0.34684,0.88927,0.47623,0.34684
-2.64371,45.14359,-9.82425,0.12182,0.09287,-0.9882,0.99744,0.0,0.0,nan,0.0,0.01751,0.10473,29.10441,1.71021,0.22443,0.21922,0.2667,0.81501,0.58472,0.2667
-2.89726,45.43423,9.97135,-0.10965,0.02106,0.99375,0.98315,0.0,0.0,nan,0.0,0.01473,0.03012,22.00696,1.91991,0.23348,0.53362,0.61076,1.0,0.52086,0.61076
-3.04398,44.95834,10.16586,-0.11461,0.05891,0.99166,0.99205,0.0,0.0,nan,0.0,0.01322,0.02912,22.31726,1.88389,0.23409,0.5478,0.62143,0.90317,0.53082,0.62143
-3.69576,46.59088,-10.16786,0.0805,0.15238,-0.98504,0.98745,0.0,0.0,nan,0.0,0.01142,0.0944,38.64465,1.90733,0.22091,0.18818,0.35096,0.67608,0.52429,0.35096
-2.90593,47.02673,-9.82717,0.09345,0.14233,-0.9854,0.99724,0.0,0.0,nan,0.0,0.0087,0.08504,35.31269,1.84538,0.22387,0.18941,0.44347,0.57098,0.54189,0.44347
-2.98201,46.87395,10.43014,-0.06956,0.04583,0.99652,0.99275,0.0,0.0,nan,0.0,0.00898,0.02637,20.59213,1.84785,0.23472,0.4265,0.55922,0.87621,0.54117,0.55922
-2.95443,48.98307,-9.02374,0.0202,0.10084,-0.9947,0.98635,0.0,0.0,nan,0.0,0.00609,0.05404,39.53172,2.87246,0.23718,0.27308,0.52336,0.43381,0.34813,0.52336
-2.47219,49.43743,9.64528,-0.04588,0.24466,0.96852,0.99654,0.0,0.0,nan,0.0,0.01229,0.02831,21.3723,1.68893,0.21787,0.61684,0.60946,0.76994,0.59209,0.60946
-3.12958,48.90796,10.31402,-0.02388,0.19726,0.98006,0.98985,0.0,0.0,nan,0.0,0.0068,0.01806,20.25045,1.88777,0.22003,0.49171,0.30145,0.84196,0.52973,0.30145
-3.01305,50.95476,-9.68427,0.01153,0.05023,-0.99867,0.99125,0.0,0.0,nan,0.0,0.00843,0.04943,26.61844,3.63103,0.24875,0.44025,0.83223,0.56494,0.2754,0.83223
-3.20236,51.19741,9.67027,-0.01807,0.11246,0.99349,0.99684,0.0,0.0,nan,0.0,0.00647,0.01363,23.40211,1.65047,0.22897,0.54041,0.35623,0.95266,0.60589,0.35623
-3.3194,50.18678,10.06033,-0.0267,0.22311,0.97443,0.99714,0.0,0.0,nan,0.0,0.00834,0.01964,25.32484,1.75427,0.22922,0.57326,0.61326,0.79892,0.57004,0.61326
-2.95115,53.02109,-9.26906,0.04047,0.08179,-0.99583,0.99614,0.0,0.0,nan,0.0,0.01838,0.05168,15.03689,1.72719,0.24054,0.51366,0.55362,0.78468,0.57898,0.55362
-3.03822,52.87842,9.64909,-0.00408,0.04614,0.99893,0.99714,0.0,0.0,nan,0.0,0.00459,0.01498,20.23497,2.09547,0.23392,0.4395,0.33208,0.76669,0.47722,0.33208
-3.01459,54.9708,-9.21232,0.04286,0.03026,-0.99862,0.99654,0.0,0.0,nan,0.0,0.01672,0.03628,15.20119,1.91444,0.23525,0.53603,0.43589,0.97275,0.52235,0.43589
-2.74821,54.98438,9.36897,0.00262,0.23708,0.97149,0.98455,0.0,0.0,nan,0.0,0.01275,0.03014,17.60586,1.69204,0.24356,0.59852,0.51494,0.7874,0.591,0.51494
-3.039,56.98215,-8.99695,0.11502,-0.05048,-0.99208,0.99175,0.0,0.0,nan,0.0,0.00997,0.02887,17.61789,3.39393,0.23708,0.4774,0.44309,0.80535,0.29464,0.44309
-2.97753,57.0127,8.74667,-0.03602,0.21612,0.9757,0.99594,0.0,0.0,nan,0.0,0.00609,0.01764,16.58001,3.40535,0.24133,0.50472,0.60027,0.76664,0.29366,0.60027
-3.52268,59.68933,-10.10893,0.11057,-0.22979,-0.96694,0.97616,0.0,0.0,nan,0.0,0.00874,0.02599,15.73891,1.77145,0.23236,0.4851,0.30412,0.78135,0.56451,0.30412
-2.85679,58.93037,-9.29775,0.16066,-0.25446,-0.95365,0.99215,0.0,0.0,nan,0.0,0.0076,0.02261,20.03377,1.92169,0.23855,0.517,0.69991,0.71484,0.52037,0.69991
-3.30446,59.67054,7.64375,-0.04335,0.29573,0.95429,0.99315,0.0,0.0,nan,0.0,0.00496,0.0135,14.84927,3.55734,0.23549,0.48766,0.64002,0.85507,0.28111,0.64002
-2.90098,58.90677,8.51952,-0.05119,0.26234,0.96362,0.99245,0.0,0.0,nan,0.0,0.0047,0.01406,16.04424,3.20165,0.23887,0.5425,0.76947,0.73854,0.31234,0.76947
-3.29057,60.95148,-10.23069,0.0744,-0.16035,-0.98425,0.98955,0.0,0.0,nan,0.0,0.00646,0.01803,15.77379,1.92221,0.23166,0.47969,0.34977,0.84137,0.52024,0.34977
-2.46296,61.04419,-9.95658,0.0509,-0.20356,-0.97774,0.99534,0.0,0.0,nan,0.0,0.01123,0.02347,17.46943,2.01655,0.23276,0.55138,0.38501,0.9674,0.4959,0.38501
-2.96766,60.90907,7.46587,-0.08328,0.36267,0.92819,0.99684,0.0,0.0,nan,0.0,0.00998,0.02065,17.45202,1.81552,0.23295,0.58095,0.43744,0.92735,0.55081,0.43744
-2.9182,63.33404,-10.17899,-0.03304,-0.06477,-0.99735,0.99624,0.0,0.0,nan,0.0,0.01212,0.02689,18.03291,1.8427,0.23495,0.59657,0.43758,0.83933,0.54268,0.43758
-3.13211,62.66415,-9.80469,0.00801,-0.08707,-0.99617,0.98935,0.0,0.0,nan,0.0,0.01022,0.024,18.30264,1.7181,0.22999,0.5218,0.6351,0.90524,0.58204,0.6351
-3.05554,62.83454,6.54945,-0.07542,0.28863,0.95446,0.99394,0.0,0.0,nan,0.0,0.00683,0.01558,18.93854,1.8387,0.24033,0.48836,0.32389,0.99317,0.54386,0.32389
-3.06345,65.00076,-10.38369,-0.04879,0.25215,-0.96646,0.9389,0.0,0.0,nan,0.0,0.01222,0.02901,23.52116,1.85453,0.23259,0.61585,0.43923,0.74224,0.53922,0.43923
-3.99673,64.79099,-9.99219,-0.00611,0.2271,-0.97385,0.97966,0.0,0.0,nan,0.0,0.01459,0.03715,26.16115,1.65047,0.23564,0.58923,0.47881,0.71766,0.60589,0.47881
-2.99383,65.61772,5.6618,-0.04478,0.52455,0.8502,0.99364,0.0,0.0,nan,0.0,0.00688,0.02582,20.26571,2.70254,0.23945,0.62026,0.67879,0.47178,0.37002,0.67879
-3.04969,64.73235,6.32011,-0.05713,0.41707,0.90708,0.98965,0.0,0.0,nan,0.0,0.00615,0.01911,19.19362,3.35337,0.23975,0.46072,0.427,0.77146,0.29821,0.427
-2.90021,66.11065,-10.10766,-0.04358,0.53741,-0.84219,0.92591,0.0,0.0,nan,0.0,0.00937,0.02976,22.92668,1.87959,0.2351,0.59971,0.58556,0.57108,0.53203,0.58556
-3.05033,66.80686,-8.83943,-0.04978,0.78643,-0.61567,0.97766,0.0,0.0,nan,0.0,0.00654,0.02979,29.99588,2.60324,0.22535,0.6466,0.431,0.36213,0.38414,0.431
-2.86681,67.96749,-7.49834,-0.06766,0.9489,-0.30825,0.96557,0.0,0.0,nan,0.0,0.01214,0.02729,26.20284,2.22793,0.22522,0.58706,0.71725,0.81552,0.44885,0.71725
-3.00244,67.6876,-5.07951,-0.15135,0.98281,-0.10575,0.99594,0.0,0.0,nan,0.0,0.00815,0.02351,20.52426,1.65047,0.22427,0.48604,0.7294,0.78276,0.60589,0.7294
-2.70365,67.41186,3.77864,-0.01285,0.84132,0.54038,0.98845,0.0,0.0,nan,0.0,0.00404,0.01241,15.86064,2.04852,0.23028,0.38601,0.51078,0.94905,0.48816,0.51078
-3.13733,66.59782,4.77758,-0.0113,0.6925,0.72133,0.99265,0.0,0.0,nan,0.0,0.00801,0.02067,15.16098,2.08136,0.23613,0.53058,0.38093,0.82671,0.48045,0.38093
-2.96523,68.25539,-6.68313,-0.10787,0.97423,-0.19808,0.96567,0.0,0.0,nan,0.0,0.01199,0.02371,24.83487,1.85286,0.22557,0.54664,0.62243,1.0,0.53971,0.62243
-3.12274,68.00175,-5.42857,-0.14636,0.98266,-0.11385,0.99704,0.0,0.0,nan,0.0,0.00701,0.02274,20.64942,1.73515,0.23267,0.41398,0.70038,0.81637,0.57632,0.70038
-2.99369,68.27731,-3.0189,-0.09127,0.99391,-0.0617,0.99744,0.0,0.0,nan,0.0,0.01303,0.04053,17.0801,1.77924,0.23962,0.63811,0.53592,0.56303,0.56204,0.53592
-2.96751,68.30515,-0.9667,-0.01058,0.9997,-0.02225,0.99744,0.0,0.0,nan,0.0,0.0081,0.02912,13.5596,1.91546,0.22681,0.50516,0.78798,0.71948,0.52207,0.78798
-2.96716,68.4494,1.0261,-0.00564,0.99998,0.00045,0.98955,0.0,0.0,nan,0.0,0.01171,0.02745,13.43491,2.13601,0.22618,0.49013,0.38552,1.0,0.46816,0.38552
-2.98505,68.41454,2.91411,0.01238,0.94503,0.32676,0.95808,0.0,0.0,nan,0.0,0.00479,0.01936,20.88758,1.76766,0.23515,0.47805,0.70045,0.56757,0.56572,0.70045
-0.9673,1.81361,-6.70763,-0.09114,-0.94725,-0.30726,0.99734,0.0,0.0,nan,0.0,0.00735,0.02542,6.38615,1.88033,0.23566,0.3929,0.76036,1.0,0.53182,0.76036
-1.02751,0.98122,-5.05918,-0.12042,-0.95379,-0.27529,0.99744,0.0,0.0,nan,0.0,0.00835,0.02791,6.91792,1.92383,0.23001,0.3881,0.44982,0.99379,0.5198,0.44982
-0.9852,0.71644,-2.96643,-0.12953,-0.97274,-0.19234,0.99744,0.0,0.0,nan,0.0,0.01047,0.03203,7.79778,1.87294,0.23334,0.43457,0.26137,0.94477,0.53392,0.26137
-0.99815,0.23352,-1.0671,-0.0875,-0.99583,0.02583,0.97846,0.0,0.0,nan,0.0,0.00273,0.03705,16.24979,1.76247,0.24203,0.34942,0.49028,0.23666,0.56739,0.49028
-1.14532,0.998,0.90498,0.02379,-0.9396,0.34144,0.99484,0.0,0.0,nan,0.0,0.00671,0.02791,19.34221,2.0793,0.23008,0.45748,0.50917,0.58008,0.48093,0.50917
-1.06831,1.4798,2.81659,0.06511,-0.72027,0.69063,0.94819,0.0,0.0,nan,0.0,0.00646,0.01692,22.801,1.87087,0.23589,0.42602,0.37222,0.97411,0.53451,0.37222
-0.81753,3.68364,-10.09195,-0.05051,-0.42317,-0.90464,0.9377,0.0,0.0,nan,0.0,0.00707,0.04864,15.87712,2.01826,0.23969,0.61227,0.87677,0.4497,0.49548,0.87677
-1.01449,2.46368,-9.18751,-0.06855,-0.79534,-0.60227,0.93061,0.0,0.0,nan,0.0,0.00844,0.04642,7.09844,3.2114,0.25074,0.4846,0.71037,0.48063,0.31139,0.71037
-1.05723,2.07998,-7.78054,-0.07576,-0.92496,-0.37244,0.99354,0.0,0.0,nan,0.0,0.01209,0.04993,7.13856,1.93169,0.23173,0.68856,0.57791,0.45031,0.51768,0.57791
-0.88724,2.8364,3.8274,0.05281,-0.46257,0.88501,0.95558,0.0,0.0,nan,0.0,0.00697,0.03272,27.39744,1.67197,0.23228,0.6554,0.76044,0.36076,0.5981,0.76044
-1.3722,3.60777,4.18574,0.05482,-0.4203,0.90573,0.98945,0.0,0.0,nan,0.0,0.01533,0.03301,22.01955,1.90126,0.22859,0.53871,0.47804,0.94003,0.52597,0.47804
-1.02252,5.01946,-10.2957,-0.04601,-0.1942,-0.97988,0.99414,0.0,0.0,nan,0.0,0.00925,0.03311,16.25708,1.71672,0.23197,0.45173,0.6225,0.69423,0.58251,0.6225
-0.17427,4.31397,3.82665,0.04288,-0.42459,0.90437,0.98605,0.0,0.0,nan,0.0,0.00832,0.01912,18.97618,1.86811,0.2311,0.54188,0.42132,0.88754,0.5353,0.42132
-1.0032,5.13678,4.56473,0.0855,-0.50717,0.85759,0.99514,0.0,0.0,nan,0.0,0.0147,0.02671,20.72545,3.41435,0.23135,0.62566,0.50627,0.96463,0.29288,0.50627
-0.92149,6.9511,-10.65495,-0.04609,-0.11895,-0.99183,0.99574,0.0,0.0,nan,0.0,0.00828,0.0251,16.27363,1.81552,0.23864,0.47881,0.44092,0.77413,0.55081,0.44092
-1.00437,7.04841,5.91124,0.05395,-0.36144,0.93083,0.98066,0.0,0.0,nan,0.0,0.01056,0.02514,21.35186,3.43841,0.24422,0.55046,0.48197,0.83477,0.29083,0.48197
-0.35184,7.98855,6.0319,0.01735,-0.28763,0.95759,0.99095,0.0,0.0,nan,0.0,0.01075,0.02456,21.2691,1.72083,0.23432,0.53975,0.5686,0.88723,0.58112,0.5686
-0.98132,9.10616,-10.68864,-0.10874,0.03313,-0.99352,0.99674,0.0,0.0,nan,0.0,0.00954,0.03376,12.45997,1.80315,0.23651,0.47657,0.68413,0.68791,0.55459,0.68413
-1.48863,8.61606,5.8455,0.06899,-0.2592,0.96336,0.99235,0.0,0.0,nan,0.0,0.0117,0.02439,20.29079,1.72292,0.24161,0.52684,0.44405,1.0,0.58041,0.44405
-0.84102,9.3018,6.056,0.03325,-0.31852,0.94733,0.99265,0.0,0.0,nan,0.0,0.01065,0.02338,20.90244,1.72625,0.23881,0.50182,0.43719,0.99495,0.57929,0.43719
-1.02927,11.0153,-10.4698,-0.14589,0.00823,-0.98927,0.99574,0.0,0.0,nan,0.0,0.00821,0.02975,14.94962,1.81552,0.22656,0.43108,0.64152,0.72547,0.55081,0.64152
-0.90358,10.93563,6.92095,0.03509,-0.29234,0.95567,0.99724,0.0,0.0,nan,0.0,0.011,0.02632,19.22116,1.72751,0.23368,0.51612,0.56151,0.89453,0.57887,0.56151
-0.96657,12.96768,-10.47104,-0.13163,-0.03854,-0.99055,0.99704,0.0,0.0,nan,0.0,0.00991,0.03802,13.46013,1.84922,0.23729,0.5079,0.4739,0.58933,0.54077,0.4739
-1.05072,13.08145,7.07581,-0.0245,-0.19035,0.98141,0.99374,0.0,0.0,nan,0.0,0.01311,0.02664,18.68676,1.84468,0.23046,0.61827,0.35509,0.88126,0.5421,0.35509
-1.0402,15.03512,-10.58937,-0.10985,0.00748,-0.99392,0.99584,0.0,0.0,nan,0.0,0.00363,0.02361,12.5222,1.65047,0.21938,0.38037,0.76352,0.4896,0.60589,0.76352
-1.00389,14.74439,7.7069,-0.01915,-0.31536,0.94878,0.99474,0.0,0.0,nan,0.0,0.01001,0.02342,16.93439,1.86639,0.23094,0.53865,0.73111,0.88681,0.53579,0.73111
-1.06149,15.69706,8.25394,0.00686,-0.33839,0.94098,0.99275,0.0,0.0,nan,0.0,0.01361,0.0354,16.69164,1.65047,0.22929,0.61874,0.45538,0.69552,0.60589,0.45538
-1.05307,16.98708,-10.63327,-0.08769,0.00869,-0.99611,0.99734,0.0,0.0,nan,0.0,0.00279,0.02424,11.32705,1.81552,0.23172,0.37455,0.68251,0.36104,0.55081,0.68251
-0.9887,16.99273,8.76792,0.05599,-0.22571,0.97258,0.99165,0.0,0.0,nan,0.0,0.0079,0.02639,18.45449,1.84614,0.22607,0.48586,0.60178,0.68315,0.54167,0.60178
-0.97609,19.00614,-10.43923,-0.02693,0.03435,-0.99905,0.99724,0.0,0.0,nan,0.0,0.00414,0.02131,10.68522,3.44134,0.24333,0.51173,0.82543,0.59472,0.29058,0.82543
-0.87712,18.96566,8.83435,0.09974,-0.11489,0.98836,0.99744,0.0,0.0,nan,0.0,0.01232,0.03149,20.23538,2.06255,0.21976,0.51842,0.66246,0.82915,0.48484,0.66246
-0.93752,20.92038,-10.32678,-0.03925,-0.02597,-0.99889,0.99724,0.0,0.0,nan,0.0,0.00491,0.02688,10.78142,1.75408,0.24255,0.65559,0.86841,0.53231,0.5701,0.86841
-0.5352,20.73142,-9.95687,-0.01256,-0.02705,-0.99956,0.98246,0.0,0.0,nan,0.0,0.00323,0.01434,11.36459,1.89814,0.2285,0.38837,0.55258,0.68268,0.52683,0.55258
-1.02688,21.13386,9.09943,0.13749,-0.21938,0.9659,0.99674,0.0,0.0,nan,0.0,0.00972,0.02784,17.47764,2.04339,0.22918,0.52108,0.62058,0.74679,0.48938,0.62058
-0.94859,22.98671,-10.50209,-0.03611,-0.01422,-0.99925,0.99564,0.0,0.0,nan,0.0,0.00299,0.01556,8.86118,1.86436,0.23264,0.47672,0.71374,0.49422,0.53638,0.71374
-0.95164,22.96659,9.7538,0.11961,-0.12587,0.98481,0.99534,0.0,0.0,nan,0.0,0.01201,0.03429,18.03113,1.77227,0.22622,0.61314,0.54641,0.63464,0.56425,0.54641
-0.96984,25.04376,-10.63396,-0.01067,0.08975,-0.99591,0.99574,0.0,0.0,nan,0.0,0.00219,0.02,11.82207,2.07176,0.21756,0.35751,0.58286,0.35794,0.48268,0.58286
-0.95255,25.02645,9.93703,0.11034,-0.09508,0.98934,0.99654,0.0,0.0,nan,0.0,0.01051,0.0301,22.00969,1.65047,0.22916,0.53533,0.75738,0.72867,0.60589,0.75738
-1.89764,25.04703,10.00153,0.04866,-0.07344,0.99611,0.99434,0.0,0.0,nan,0.0,0.0164,0.03679,22.01332,1.69338,0.22457,0.65821,0.75641,0.75401,0.59053,0.75641
-1.17345,26.97941,-10.1393,-0.03243,0.07336,-0.99678,0.99554,0.0,0.0,nan,0.0,0.01001,0.03829,18.09876,1.83863,0.23912,0.49266,0.58229,0.5895,0.54388,0.58229
-0.7585,26.96235,-9.83719,-0.01708,0.06364,-0.99783,0.98685,0.0,0.0,nan,0.0,0.00707,0.0329,14.50113,1.7091,0.21864,0.42949,0.36516,0.56907,0.5851,0.36516
-0.72509,26.17002,9.8436,0.0826,-0.11762,0.98962,0.99714,0.0,0.0,nan,0.0,0.01382,0.04096,22.73123,1.65047,0.23175,0.51724,0.73259,0.70945,0.60589,0.73259
-1.09084,27.11465,10.16709,0.02621,-0.04325,0.99872,0.99364,0.0,0.0,nan,0.0,0.01439,0.03443,22.17638,1.69403,0.23441,0.64363,0.75389,0.71677,0.59031,0.75389
-1.03254,28.95822,-10.30764,-0.05521,0.06998,-0.99602,0.99634,0.0,0.0,nan,0.0,0.00937,0.03291,27.91222,1.93248,0.22721,0.5619,0.47917,0.54323,0.51747,0.47917
-1.85542,29.78267,-9.86781,0.0224,0.03774,-0.99904,0.98535,0.0,0.0,nan,0.0,0.0044,0.02504,31.29652,1.81552,0.23362,0.47567,0.80276,0.47256,0.55081,0.80276
-0.8414,29.35385,9.63415,0.03415,-0.02375,0.99913,0.97996,0.0,0.0,nan,0.0,0.00942,0.02564,20.87369,2.01242,0.22959,0.46877,0.41738,0.85841,0.49691,0.41738
-1.23956,28.66661,10.01955,0.01023,-0.02342,0.99967,0.99704,0.0,0.0,nan,0.0,0.016,0.04073,22.65732,1.88429,0.22695,0.57165,0.58463,0.74775,0.5307,0.58463
-0.89656,30.87975,-10.08047,0.01614,0.0324,-0.99934,0.99534,0.0,0.0,nan,0.0,0.00371,0.02184,29.61032,2.73941,0.23518,0.51567,0.81779,0.44947,0.36504,0.81779
-1.19216,31.15743,-9.5183,0.05156,-0.00192,-0.99867,0.95728,0.0,0.0,nan,0.0,0.00274,0.02174,31.44617,1.90789,0.23132,0.54588,0.8777,0.4149,0.52414,0.8777
-0.75826,30.40922,9.77751,0.05948,-0.13933,0.98846,0.98585,0.0,0.0,nan,0.0,0.01245,0.02696,19.59132,1.90758,0.23081,0.54303,0.7081,0.9374,0.52422,0.7081
-1.10245,31.24359,10.30381,0.08449,-0.166,0.9825,0.99474,0.0,0.0,nan,0.0,0.01231,0.03438,20.86231,1.8231,0.23241,0.50748,0.43918,0.77334,0.54852,0.43918
-1.14782,33.07695,-10.37238,0.14384,-0.042,-0.98871,0.99085,0.0,0.0,nan,0.0,0.00315,0.03376,31.07568,1.688,0.23415,0.50765,0.84271,0.2779,0.59242,0.84271
-0.27123,32.79649,-9.76904,0.10433,-0.01181,-0.99447,0.98705,0.0,0.0,nan,0.0,0.00368,0.03002,29.93295,1.84291,0.23784,0.46984,0.78732,0.3162,0.54262,0.78732
-1.02398,33.06858,10.67062,0.13062,-0.03763,0.99072,0.99265,0.0,0.0,nan,0.0,0.00479,0.01733,20.63225,1.89749,0.23112,0.37255,0.33716,0.81415,0.52701,0.33716
-1.17895,35.13774,-10.24639,0.11322,-0.00721,-0.99354,0.99644,0.0,0.0,nan,0.0,0.00545,0.02537,12.80771,1.81552,0.24098,0.46997,0.42959,0.52846,0.55081,0.42959
-0.53501,34.74046,-9.7602,0.16304,-0.03049,-0.98615,0.99434,0.0,0.0,nan,0.0,0.00712,0.02576,14.79967,2.52547,0.23411,0.451,0.61587,0.6961,0.39597,0.61587
-0.99626,34.9902,10.61219,0.11715,-0.01716,0.99297,0.99704,0.0,0.0,nan,0.0,0.00883,0.02078,22.34251,1.94423,0.22604,0.47455,0.45479,0.97515,0.51434,0.45479
-1.02682,37.04272,-10.24433,0.09924,0.06393,-0.99301,0.99544,0.0,0.0,nan,0.0,0.00363,0.01844,13.21243,1.70403,0.22754,0.4145,0.3803,0.54644,0.58684,0.3803
-0.95325,36.96015,10.73429,0.08808,-0.02809,0.99572,0.99704,0.0,0.0,nan,0.0,0.00635,0.01838,17.60115,1.98222,0.22561,0.39091,0.35369,0.9836,0.50448,0.35369
-1.04186,38.98304,-10.10662,0.08981,0.03216,-0.99544,0.99734,0.0,0.0,nan,0.0,0.00702,0.02403,14.85631,1.82955,0.23901,0.56408,0.48746,0.58768,0.54658,0.48746
-0.41437,39.81741,-9.9982,0.07035,-0.02588,-0.99719,0.99664,0.0,0.0,nan,0.0,0.00711,0.05014,22.85722,1.83617,0.22179,0.35524,0.29973,0.43405,0.54461,0.29973
-1.34663,39.17728,9.88757,0.09365,0.03151,0.99511,0.97137,0.0,0.0,nan,0.0,0.00841,0.01855,17.06254,1.95001,0.22231,0.55299,0.31098,0.91666,0.51282,0.31098
-0.87137,39.00437,10.21761,0.10251,0.02958,0.99429,0.99464,0.0,0.0,nan,0.0,0.0081,0.01726,17.34741,2.04417,0.22635,0.5473,0.59223,0.9565,0.4892,0.59223
-1.56093,40.74511,-10.0754,0.06364,-0.01862,-0.9978,0.99714,0.0,0.0,nan,0.0,0.00746,0.04983,20.87523,2.18881,0.2276,0.40021,0.39951,0.40965,0.45687,0.39951
-0.68604,41.1869,-9.8797,0.05534,-0.01025,-0.99841,0.99744,0.0,0.0,nan,0.0,0.00615,0.05253,30.89024,1.65047,0.23133,0.30518,0.43652,0.40869,0.60589,0.43652
-0.41679,41.16203,9.90932,0.1094,-0.03392,0.99342,0.96607,0.0,0.0,nan,0.0,0.00569,0.01564,18.31786,2.57714,0.23432,0.42508,0.38621,0.94863,0.38803,0.38621
-1.12501,40.92521,10.33474,0.13191,-0.0339,0.99068,0.99594,0.0,0.0,nan,0.0,0.00757,0.01731,17.21445,1.90955,0.23039,0.50816,0.38965,0.96068,0.52368,0.38965
-1.14996,43.49327,-10.12197,0.0644,0.09346,-0.99354,0.99714,0.0,0.0,nan,0.0,0.00644,0.05305,31.82714,2.23147,0.22127,0.2192,0.44287,0.58876,0.44814,0.44287
-0.84285,42.95686,-9.77818,0.06861,0.07482,-0.99483,0.99744,0.0,0.0,nan,0.0,0.00661,0.05435,36.23754,2.19538,0.22103,0.2176,0.39109,0.58946,0.4555,0.39109
-0.24542,43.77778,9.8706,0.01671,-0.01049,0.99981,0.96507,0.0,0.0,nan,0.0,0.00591,0.01553,17.12164,1.76784,0.22642,0.46463,0.3604,0.91513,0.56566,0.3604
-0.91521,43.04974,10.68824,0.06491,-0.00135,0.99789,0.99384,0.0,0.0,nan,0.0,0.00832,0.02106,19.18702,1.77716,0.23091,0.51163,0.26895,0.85289,0.5627,0.26895
-1.17066,44.08889,-10.14047,0.06775,0.10543,-0.99212,0.99684,0.0,0.0,nan,0.0,0.00712,0.05903,31.23582,1.84835,0.23035,0.21596,0.43029,0.59455,0.54102,0.43029
-1.05048,44.89253,-9.6203,0.08451,0.10785,-0.99057,0.99684,0.0,0.0,nan,0.0,0.008,0.06878,31.57488,2.23807,0.22559,0.21107,0.50971,0.58596,0.44681,0.50971
-0.16783,44.14278,9.90247,0.00463,0.01995,0.99979,0.97057,0.0,0.0,nan,0.0,0.00675,0.01689,17.85948,1.98071,0.21918,0.4799,0.34721,0.92652,0.50487,0.34721
-0.95064,44.8578,10.76934,-0.01336,0.06315,0.99791,0.99235,0.0,0.0,nan,0.0,0.00759,0.01833,20.52882,1.88466,0.2285,0.48032,0.35303,0.94544,0.5306,0.35303
-1.02172,46.9386,-9.52004,0.08654,0.0788,-0.99313,0.99744,0.0,0.0,nan,0.0,0.01756,0.10552,20.13632,1.91431,0.23277,0.33364,0.46289,0.54823,0.52238,0.46289
-1.07432,47.06709,10.33533,-0.00495,0.10355,0.99461,0.99734,0.0,0.0,nan,0.0,0.00945,0.02267,20.19797,1.90595,0.23032,0.55482,0.64092,0.82529,0.52467,0.64092
-0.95334,49.05424,-9.50059,0.07862,0.07425,-0.99414,0.99544,0.0,0.0,nan,0.0,0.00463,0.02705,19.52088,2.08859,0.22098,0.35387,0.37899,0.53312,0.47879,0.37899
-1.15169,49.41296,9.68191,-0.0281,0.20389,0.97859,0.99444,0.0,0.0,nan,0.0,0.01297,0.02864,18.6075,1.82909,0.22796,0.61489,0.44227,0.81573,0.54672,0.44227
-0.93235,48.66031,10.29252,-0.01097,0.1569,0.98755,0.99484,0.0,0.0,nan,0.0,0.00796,0.0192,19.76493,2.1974,0.22466,0.58458,0.61655,0.78069,0.45508,0.61655
-0.97275,51.05809,-9.08531,0.12637,0.0772,-0.98897,0.99624,0.0,0.0,nan,0.0,0.00821,0.0245,18.25712,1.90177,0.22976,0.41966,0.4463,0.88555,0.52583,0.4463
-1.05113,51.07447,9.6453,-0.06996,0.14161,0.98745,0.99534,0.0,0.0,nan,0.0,0.00841,0.02211,21.72911,2.06564,0.23112,0.54322,0.40662,0.76457,0.48411,0.40662
-0.25812,50.23859,10.03289,-0.07553,0.20078,0.97672,0.99734,0.0,0.0,nan,0.0,0.01292,0.02978,18.58974,1.73572,0.23363,0.64411,0.66477,0.74587,0.57613,0.66477
-1.08848,52.89109,-8.79285,0.11119,0.05655,-0.99219,0.99414,0.0,0.0,nan,0.0,0.01017,0.02857,16.69227,2.05744,0.23144,0.4082,0.39894,0.97618,0.48604,0.39894
-1.02611,52.80813,9.62951,-0.03532,0.10746,0.99358,0.99544,0.0,0.0,nan,0.0,0.00529,0.01713,17.87841,1.91742,0.2345,0.39795,0.36316,0.86275,0.52154,0.36316
-0.98039,54.96088,-9.04979,0.0966,0.0444,-0.99433,0.99674,0.0,0.0,nan,0.0,0.01164,0.02777,15.62294,2.18276,0.2318,0.50347,0.64853,0.93929,0.45814,0.64853
-1.06457,55.03074,9.30966,0.01297,0.23513,0.97188,0.99205,0.0,0.0,nan,0.0,0.00715,0.01711,18.55113,1.65698,0.22775,0.53163,0.43654,0.87011,0.60351,0.43654
-1.03334,56.89993,-8.66667,0.10995,0.01013,-0.99389,0.98096,0.0,0.0,nan,0.0,0.01599,0.0384,21.11549,1.66428,0.23924,0.63362,0.72253,0.71939,0.60086,0.72253
-1.02028,57.05539,8.78178,-0.01209,0.16596,0.98606,0.99624,0.0,0.0,nan,0.0,0.0083,0.02012,18.01162,1.65047,0.24186,0.47444,0.43381,0.96625,0.60589,0.43381
-1.04637,59.04432,-9.07948,0.11269,-0.28127,-0.95299,0.99155,0.0,0.0,nan,0.0,0.00512,0.02282,25.90025,1.90729,0.22428,0.65633,0.89459,0.68481,0.5243,0.89459
-1.97954,59.9958,7.99376,-0.10959,0.28047,0.95359,0.99325,0.0,0.0,nan,0.0,0.00592,0.01509,16.07453,1.81552,0.2295,0.46904,0.58015,0.94119,0.55081,0.58015
-1.06281,59.00145,8.59405,-0.09651,0.19946,0.97514,0.99055,0.0,0.0,nan,0.0,0.00809,0.02274,17.02687,1.69009,0.24475,0.51498,0.63709,0.77176,0.59168,0.63709
-0.49505,61.66423,-10.20273,0.02687,-0.2571,-0.96601,0.99434,0.0,0.0,nan,0.0,0.01181,0.0328,18.79872,3.31871,0.25264,0.68065,0.67194,0.58546,0.30132,0.67194
-1.10808,60.96954,-9.90106,0.02514,-0.28452,-0.95834,0.99634,0.0,0.0,nan,0.0,0.0038,0.02377,23.30121,2.85476,0.23537,0.67471,0.84569,0.3713,0.35029,0.84569
-1.12271,61.13203,7.82369,-0.15548,0.34774,0.92461,0.99594,0.0,0.0,nan,0.0,0.01029,0.02489,16.32259,2.39885,0.23573,0.53451,0.51206,0.86823,0.41687,0.51206
-0.63117,60.27536,8.11428,-0.11926,0.26963,0.95555,0.99464,0.0,0.0,nan,0.0,0.00994,0.02823,14.44501,1.81552,0.23532,0.47789,0.58722,0.83903,0.55081,0.58722
-1.0114,62.97223,-10.51538,-0.05866,-0.18523,-0.98094,0.99095,0.0,0.0,nan,0.0,0.01105,0.03015,12.88238,1.88687,0.23931,0.58534,0.2826,0.7235,0.52998,0.2826
-1.68966,62.08746,-9.90693,-0.03798,-0.18994,-0.98106,0.99305,0.0,0.0,nan,0.0,0.00779,0.0197,14.55899,1.86841,0.23214,0.45872,0.48497,0.98006,0.53521,0.48497
-0.96891,63.18127,7.15469,-0.09457,0.32998,0.93924,0.99514,0.0,0.0,nan,0.0,0.01214,0.0307,17.89102,1.74193,0.23243,0.5852,0.36623,0.75138,0.57408,0.36623
-1.00547,65.06931,-10.69164,-0.08009,0.28524,-0.9551,0.89704,0.0,0.0,nan,0.0,0.01715,0.04502,17.76068,1.81552,0.24536,0.67596,0.61239,0.62688,0.55081,0.61239
-1.86495,65.87965,5.91506,-0.14119,0.54273,0.82796,0.98306,0.0,0.0,nan,0.0,0.00877,0.0277,19.17002,1.70235,0.23672,0.65371,0.724,0.53512,0.58742,0.724
-1.03171,65.04044,6.58151,-0.12158,0.38388,0.91534,0.97726,0.0,0.0,nan,0.0,0.00856,0.02534,16.96055,3.59021,0.24307,0.56125,0.36527,0.67272,0.27854,0.36527
-0.95182,66.14515,-10.13189,-0.04803,0.62713,-0.77743,0.92861,0.0,0.0,nan,0.0,0.01109,0.02785,14.34266,1.784,0.24111,0.5978,0.5099,0.75937,0.56054,0.5099
-0.99826,66.83791,-8.89453,-0.00875,0.80578,-0.59215,0.99195,0.0,0.0,nan,0.0,0.0105,0.02534,15.3059,2.04442,0.23453,0.48633,0.58497,0.96318,0.48914,0.58497
-1.22118,67.78782,-7.44579,-0.0428,0.91825,-0.39369,0.99055,0.0,0.0,nan,0.0,0.00778,0.02119,19.99117,3.39884,0.23545,0.40403,0.47484,1.0,0.29422,0.47484
-1.83858,67.84937,-5.43693,-0.15465,0.97666,-0.14905,0.99544,0.0,0.0,nan,0.0,0.01156,0.03122,22.41822,1.81552,0.23817,0.54569,0.375,0.73874,0.55081,0.375
-1.48789,67.91456,-1.39027,-0.02424,0.99863,0.04633,0.98735,0.0,0.0,nan,0.0,0.01185,0.03731,17.50858,1.88102,0.22407,0.53014,0.7767,0.72978,0.53163,0.7767
-0.46476,67.9762,0.44781,-0.03803,0.99646,-0.07502,0.98885,0.0,0.0,nan,0.0,0.01193,0.0292,16.34168,1.99568,0.23376,0.49622,0.42067,0.92435,0.50108,0.42067
-1.24111,67.76642,3.74866,-0.12806,0.87257,0.4714,0.98146,0.0,0.0,nan,0.0,0.00553,0.01619,16.64432,1.77937,0.23167,0.49543,0.50349,0.77252,0.562,0.50349
-1.09965,67.13461,5.1179,-0.16378,0.73763,0.65504,0.98405,0.0,0.0,nan,0.0,0.00643,0.01729,14.91492,2.11646,0.22148,0.63839,0.50469,0.66037,0.47249,0.50469
-0.56862,66.20177,6.12628,-0.13918,0.54472,0.82699,0.94239,0.0,0.0,nan,0.0,0.02469,0.07312,13.77029,2.62529,0.22604,0.75855,0.53138,0.50985,0.38091,0.53138
-0.88554,68.17242,-6.56802,-0.10768,0.94175,-0.3186,0.99095,0.0,0.0,nan,0.0,0.00633,0.02156,19.41957,2.21265,0.22155,0.32362,0.39837,1.0,0.45195,0.39837
-0.94314,68.39298,-4.96781,-0.17769,0.97784,-0.1107,0.99714,0.0,0.0,nan,0.0,0.01248,0.03069,21.74322,1.81552,0.22907,0.556,0.44172,0.79836,0.55081,0.44172
-1.03287,68.52982,-2.97203,-0.15045,0.98794,0.03658,0.99474,0.0,0.0,nan,0.0,0.01331,0.03103,18.21952,1.91834,0.22032,0.5622,0.51855,0.84644,0.52128,0.51855
-0.97797,68.22096,-0.97408,-0.01912,0.99897,0.04118,0.99674,0.0,0.0,nan,0.0,0.00879,0.03138,16.37067,1.88239,0.21936,0.49328,0.8369,0.88269,0.53124,0.8369
-1.04814,68.22247,0.97705,-0.01682,0.99954,-0.02531,0.99484,0.0,0.0,nan,0.0,0.01152,0.05174,16.49745,1.65047,0.22085,0.63812,0.69487,0.39114,0.60589,0.69487
-1.02322,68.57766,2.90761,-0.0866,0.96203,0.25882,0.94349,0.0,0.0,nan,0.0,0.00667,0.021,25.47186,1.7693,0.22768,0.59182,0.7264,0.57858,0.56519,0.7264
1.07756,1.99442,-8.09381,-0.04936,-0.91,-0.41167,0.98995,0.0,0.0,nan,0.0,0.01073,0.03128,7.31208,3.63103,0.2429,0.52609,0.55099,0.83009,0.2754,0.55099
0.96715,1.6145,-6.96556,-0.05866,-0.93847,-0.34034,0.99744,0.0,0.0,nan,0.0,0.00943,0.03426,6.32776,1.87263,0.23334,0.36215,0.38864,1.0,0.53401,0.38864
1.01284,0.85055,-5.04136,-0.06818,-0.95316,-0.29468,0.99744,0.0,0.0,nan,0.0,0.00577,0.02139,6.34126,2.06178,0.22337,0.35528,0.44139,0.99894,0.48502,0.44139
0.95539,0.21086,-3.01962,-0.07736,-0.98029,-0.18181,0.99564,0.0,0.0,nan,0.0,0.00472,0.02067,7.69299,1.94685,0.23704,0.29114,0.30446,0.98755,0.51365,0.30446
0.98057,0.17538,-0.99174,-0.04897,-0.99568,0.07886,0.98545,0.0,0.0,nan,0.0,0.00587,0.04807,16.39592,1.99386,0.2395,0.35141,0.51885,0.38994,0.50154,0.51885
1.03863,0.66822,1.0805,-0.00659,-0.89627,0.44346,0.98435,0.0,0.0,nan,0.0,0.01179,0.04513,23.9489,1.87811,0.234,0.43665,0.36283,0.64821,0.53245,0.36283
0.95129,1.65756,2.37787,0.0379,-0.72847,0.68403,0.98415,0.0,0.0,nan,0.0,0.00675,0.01827,23.425,3.23059,0.23522,0.45059,0.51455,0.89079,0.30954,0.51455
0.97159,3.59166,-10.15467,-0.01747,-0.43053,-0.90241,0.94289,0.0,0.0,nan,0.0,0.00192,0.02512,18.23772,1.93675,0.21933,0.57566,0.91517,0.31314,0.51633,0.91517
1.00868,2.352,-9.12183,-0.02984,-0.79149,-0.61045,0.9408,0.0,0.0,nan,0.0,0.0126,0.04921,7.40483,3.05498,0.23896,0.5145,0.604,0.63207,0.32733,0.604
0.65694,2.00617,-7.9892,-0.05025,-0.91523,-0.39979,0.99095,0.0,0.0,nan,0.0,0.01331,0.04214,7.42463,1.8743,0.23845,0.61426,0.53291,0.65294,0.53353,0.53291
0.85753,2.86989,3.31122,0.07186,-0.51338,0.85515,0.98855,0.0,0.0,nan,0.0,0.00615,0.01945,21.98992,1.7345,0.24141,0.43149,0.54116,0.79933,0.57654,0.54116
1.78356,3.75286,4.09432,0.02227,-0.45463,0.8904,0.99265,0.0,0.0,nan,0.0,0.00845,0.02233,20.94872,2.81276,0.23196,0.53226,0.29605,0.77936,0.35552,0.29605
0.91876,4.94847,-10.25495,-0.03255,-0.21447,-0.97619,0.99534,0.0,0.0,nan,0.0,0.00719,0.02521,16.45668,2.0532,0.23218,0.50109,0.45274,0.63849,0.48704,0.45274
1.46108,5.43313,-9.75621,-0.03255,-0.18361,-0.98246,0.97856,0.0,0.0,nan,0.0,0.00788,0.02444,16.11793,1.7241,0.23699,0.55935,0.48078,0.64823,0.58001,0.48078
0.69133,4.70338,3.55939,0.03688,-0.45807,0.88815,0.95288,0.0,0.0,nan,0.0,0.00951,0.0208,19.16428,3.42236,0.24125,0.60683,0.53355,0.83215,0.2922,0.53355
1.22823,5.50453,4.20342,0.02254,-0.50686,0.86173,0.98455,0.0,0.0,nan,0.0,0.01005,0.02411,18.83074,3.3228,0.24158,0.60082,0.38919,0.76753,0.30095,0.38919
1.09783,6.87725,-10.66773,-0.00214,-0.08753,-0.99616,0.99534,0.0,0.0,nan,0.0,0.00522,0.01694,18.72818,2.15309,0.21465,0.52735,0.57864,0.64695,0.46445,0.57864
1.52854,6.14141,-9.93397,-0.02343,-0.12125,-0.99235,0.98705,0.0,0.0,nan,0.0,0.01351,0.04287,17.60497,1.71429,0.23075,0.66279,0.76822,0.56217,0.58333,0.76822
0.99036,6.70417,5.69423,0.04164,-0.45166,0.89122,0.98256,0.0,0.0,nan,0.0,0.01147,0.02685,18.09395,2.56379,0.23627,0.58418,0.58548,0.81214,0.39005,0.58548
1.78198,7.89538,6.0076,0.08246,-0.34834,0.93373,0.98685,0.0,0.0,nan,0.0,0.01587,0.0296,17.73255,2.03241,0.22415,0.6645,0.55961,0.89779,0.49203,0.55961
1.04929,9.08628,-10.6989,0.0107,-0.01736,-0.99979,0.99714,0.0,0.0,nan,0.0,0.0055,0.01705,16.70131,2.54411,0.22572,0.5373,0.41008,0.67261,0.39306,0.41008
1.23628,8.37516,5.88253,0.01817,-0.31056,0.95038,0.99674,0.0,0.0,nan,0.0,0.01664,0.03724,17.7469,1.65047,0.23852,0.61957,0.38324,0.80254,0.60589,0.38324
0.93437,9.23161,6.29467,-0.00823,-0.28872,0.95738,0.99744,0.0,0.0,nan,0.0,0.01508,0.03084,20.17392,1.81552,0.23519,0.59478,0.51344,0.90341,0.55081,0.51344
0.97145,10.96736,-10.84778,-0.04547,-0.05219,-0.9976,0.99594,0.0,0.0,nan,0.0,0.00756,0.02539,14.20761,2.1138,0.21756,0.59791,0.57427,0.5678,0.47308,0.57427
0.98534,10.99778,6.86053,0.01944,-0.3106,0.95034,0.99684,0.0,0.0,nan,0.0,0.01244,0.0242,20.07883,1.99221,0.21837,0.62298,0.6547,0.9077,0.50196,0.6547
1.08595,13.00158,-10.97174,-0.04469,-0.00785,-0.99897,0.99454,0.0,0.0,nan,0.0,0.00694,0.03164,12.46621,1.73078,0.22774,0.48662,0.62433,0.52315,0.57777,0.62433
1.01281,13.02738,7.45261,0.01965,-0.18273,0.98297,0.99444,0.0,0.0,nan,0.0,0.01403,0.02985,18.71167,2.04398,0.2304,0.62769,0.7723,0.89241,0.48924,0.7723
0.97059,15.02593,-10.89296,-0.03305,0.01131,-0.99939,0.99674,0.0,0.0,nan,0.0,0.00474,0.02406,8.68474,1.7036,0.24179,0.45421,0.48395,0.53331,0.58699,0.48395
1.17669,14.83051,7.92847,0.11059,-0.23868,0.96478,0.99245,0.0,0.0,nan,0.0,0.0135,0.02411,17.80865,1.70018,0.24264,0.71984,0.78061,0.9593,0.58817,0.78061
0.69369,15.45011,8.038,0.11174,-0.29516,0.94889,0.99484,0.0,0.0,nan,0.0,0.01122,0.02981,17.71283,2.38917,0.22382,0.70813,0.86113,0.91805,0.41856,0.86113
1.03741,16.98427,-10.67415,-0.04588,0.07641,-0.99602,0.99694,0.0,0.0,nan,0.0,0.00782,0.04003,9.88473,1.85926,0.24057,0.60129,0.5385,0.39067,0.53785,0.5385
1.8695,16.05185,7.93887,0.16166,-0.27469,0.94785,0.99674,0.0,0.0,nan,0.0,0.01349,0.02673,18.29939,2.0561,0.23798,0.61895,0.76244,0.9422,0.48636,0.76244
1.04945,16.91686,8.61411,0.12478,-0.24211,0.96219,0.98605,0.0,0.0,nan,0.0,0.01067,0.02585,19.78157,1.6633,0.2383,0.63411,0.76441,0.75164,0.60121,0.76441
1.12407,19.10901,-10.57384,-0.0609,0.04148,-0.99728,0.99714,0.0,0.0,nan,0.0,0.00203,0.01169,13.30271,1.89703,0.23155,0.31069,0.52044,0.64326,0.52714,0.52044
1.94304,19.38717,-9.99767,-0.05257,0.03285,-0.99808,0.97936,0.0,0.0,nan,0.0,0.00385,0.01546,13.1199,1.86539,0.24057,0.43236,0.65429,0.664,0.53608,0.65429
0.97415,19.09916,8.51905,0.06455,-0.07376,0.99518,0.99684,0.0,0.0,nan,0.0,0.01282,0.03233,21.99065,1.81552,0.22451,0.57042,0.755,0.77083,0.55081,0.755
1.04269,20.98189,-10.75245,-0.03737,-0.01606,-0.99917,0.99724,0.0,0.0,nan,0.0,0.00225,0.01074,13.60763,1.76768,0.22917,0.32497,0.73818,0.74095,0.56571,0.73818
1.01463,21.1025,8.84034,0.07953,-0.20756,0.97498,0.99674,0.0,0.0,nan,0.0,0.01469,0.03251,21.08549,2.06818,0.22672,0.56167,0.7496,0.88097,0.48352,0.7496
1.10391,22.97097,-10.7797,0.01168,0.02165,-0.9997,0.99484,0.0,0.0,nan,0.0,0.00416,0.01441,8.65351,1.87619,0.23376,0.45679,0.46995,0.77717,0.533,0.46995
0.97317,23.00247,9.5069,0.12233,-0.14232,0.98223,0.99664,0.0,0.0,nan,0.0,0.0083,0.02491,21.59895,1.94469,0.21975,0.52522,0.71226,0.69286,0.51422,0.71226
1.04426,25.04048,-10.45588,0.06481,0.11712,-0.991,0.99634,0.0,0.0,nan,0.0,0.00258,0.01966,10.06028,2.10236,0.23411,0.32021,0.47649,0.49191,0.47566,0.47649
0.90884,25.02927,9.32057,0.12614,-0.10098,0.98686,0.99554,0.0,0.0,nan,0.0,0.01016,0.02822,21.99353,2.04137,0.21913,0.4581,0.71767,0.85765,0.48987,0.71767
1.012,26.97699,-10.43712,0.09871,0.05604,-0.99354,0.99644,0.0,0.0,nan,0.0,0.00353,0.01945,15.05704,3.42439,0.2416,0.45793,0.67859,0.44853,0.29202,0.67859
1.89583,26.96166,-9.91387,0.11635,0.04561,-0.99216,0.99524,0.0,0.0,nan,0.0,0.00291,0.01563,16.00199,1.65047,0.23186,0.42063,0.31064,0.49768,0.60589,0.31064
1.13598,26.56246,9.73164,0.10314,-0.18729,0.97687,0.99684,0.0,0.0,nan,0.0,0.01513,0.03758,21.77446,1.65047,0.22491,0.50276,0.53491,0.87464,0.60589,0.53491
0.81586,27.49933,10.09348,0.04952,-0.10045,0.99371,0.99295,0.0,0.0,nan,0.0,0.01346,0.03722,18.95547,1.84286,0.22533,0.48995,0.53775,0.81601,0.54264,0.53775
1.04433,29.02996,-10.47085,0.09043,0.02225,-0.99565,0.97946,0.0,0.0,nan,0.0,0.00737,0.03848,15.31314,2.14635,0.23343,0.53148,0.71806,0.40751,0.46591,0.71806
0.81638,29.35353,9.78123,0.0521,0.01029,0.99859,0.99155,0.0,0.0,nan,0.0,0.01347,0.03197,23.10667,1.89839,0.22165,0.57792,0.56543,0.79234,0.52676,0.56543
1.08584,28.69305,10.12441,0.03341,0.00265,0.99944,0.99005,0.0,0.0,nan,0.0,0.01385,0.04168,22.84477,1.87263,0.23635,0.53722,0.47488,0.67239,0.53401,0.47488
0.98733,30.87685,-10.28795,0.04267,0.10497,-0.99356,0.98775,0.0,0.0,nan,0.0,0.00191,0.03324,25.55507,2.03687,0.22797,0.55325,0.9449,0.29788,0.49095,0.9449
1.04756,31.75874,-9.79848,0.05815,0.08965,-0.99427,0.99225,0.0,0.0,nan,0.0,0.00351,0.02679,25.65243,1.90787,0.22904,0.43084,0.78388,0.36743,0.52415,0.78388
0.91225,30.8753,9.73471,0.09759,-0.08928,0.99121,0.99095,0.0,0.0,nan,0.0,0.00916,0.02109,24.38112,1.88096,0.23419,0.56228,0.41437,0.83602,0.53164,0.41437
0.91058,31.71258,10.18861,0.10993,-0.11873,0.98682,0.99664,0.0,0.0,nan,0.0,0.00971,0.02405,23.0369,2.39303,0.23193,0.50123,0.32963,0.87541,0.41788,0.32963
0.89415,32.94754,-9.85752,0.0936,0.05224,-0.99424,0.99065,0.0,0.0,nan,0.0,0.00439,0.02458,19.58135,2.08859,0.22588,0.32899,0.4609,0.59862,0.47879,0.4609
1.35234,33.40136,9.67238,0.06686,-0.0668,0.99552,0.96907,0.0,0.0,nan,0.0,0.00577,0.02028,19.67312,3.28126,0.23142,0.38968,0.49396,0.80461,0.30476,0.49396
0.89706,32.95356,10.42357,0.09554,-0.0692,0.99302,0.99494,0.0,0.0,nan,0.0,0.00531,0.01796,19.75629,2.37752,0.23546,0.37293,0.50002,0.87258,0.42061,0.50002
0.56492,35.65023,-10.11017,0.20124,0.01257,-0.97946,0.99454,0.0,0.0,nan,0.0,0.00383,0.01881,16.24877,1.8407,0.23153,0.30592,0.45921,0.74808,0.54327,0.45921
1.15475,34.83414,-9.75233,0.1821,-0.00628,-0.98326,0.99255,0.0,0.0,nan,0.0,0.00785,0.0278,16.78955,1.85295,0.23189,0.39883,0.34856,0.79235,0.53968,0.34856
1.41207,34.55659,9.97722,0.03176,-0.01054,0.99944,0.98975,0.0,0.0,nan,0.0,0.00965,0.02603,19.17983,2.13388,0.22778,0.51394,0.33894,0.79685,0.46863,0.33894
0.91583,35.04937,10.24593,0.05576,-0.02807,0.99805,0.99374,0.0,0.0,nan,0.0,0.00612,0.01938,19.89896,2.02502,0.23151,0.4007,0.35596,0.86711,0.49382,0.35596
0.57593,36.70791,-10.14827,0.20554,0.01099,-0.97859,0.99534,0.0,0.0,nan,0.0,0.00517,0.02321,16.65533,3.40828,0.24287,0.3786,0.69503,0.65955,0.2934,0.69503
1.28064,37.33831,-9.75463,0.22183,0.01326,-0.97499,0.99714,0.0,0.0,nan,0.0,0.00596,0.02271,16.92492,1.90232,0.23625,0.37283,0.61838,0.78685,0.52567,0.61838
0.95324,36.3709,9.93615,0.05344,-0.08165,0.99523,0.98395,0.0,0.0,nan,0.0,0.00814,0.02758,19.19668,2.00031,0.22925,0.35591,0.41904,0.91568,0.49992,0.41904
0.8641,37.12953,10.23588,0.04308,-0.04968,0.99784,0.99644,0.0,0.0,nan,0.0,0.0095,0.02677,19.65027,1.88676,0.22451,0.40498,0.3438,0.96574,0.53001,0.3438
0.08157,38.64843,-10.02091,0.12127,0.03208,-0.9921,0.99444,0.0,0.0,nan,0.0,0.00684,0.02836,16.49849,1.65047,0.22292,0.42007,0.47344,0.64354,0.60589,0.47344
1.01434,38.98347,-9.58847,0.16568,-0.02378,-0.98589,0.99484,0.0,0.0,nan,0.0,0.00635,0.03987,21.38572,1.74787,0.22127,0.28338,0.45676,0.61484,0.57213,0.45676
0.95949,39.02717,10.57536,0.02114,0.03676,0.9991,0.99644,0.0,0.0,nan,0.0,0.01122,0.02246,20.23425,3.46599,0.23964,0.55696,0.47863,0.98571,0.28852,0.47863
0.93286,41.63209,-10.11993,0.10157,0.01683,-0.99469,0.99444,0.00088,0.00442,0.7,1.0,0.00984,0.05637,36.60812,1.65047,0.22104,0.26874,0.44956,0.68525,0.60589,0.44956
1.02366,40.95367,-9.75,0.10781,-0.02596,-0.99383,0.99734,0.005,0.025,0.6,1.0,0.00717,0.05212,33.73597,2.1316,0.21407,0.26563,0.59117,0.54883,0.46913,0.59117
1.67321,40.45345,9.82884,-0.01577,0.00601,0.99986,0.96997,0.0,0.0,nan,0.0,0.0141,0.03212,19.47219,1.90452,0.23323,0.48403,0.3504,1.0,0.52507,0.3504
0.98211,40.95073,10.21649,0.01204,-0.02369,0.99965,0.99285,0.0,0.0,nan,0.0,0.00763,0.02057,19.21985,1.88017,0.23037,0.41484,0.31393,0.98724,0.53187,0.31393
0.75557,42.74752,-10.46379,0.09159,0.07076,-0.99328,0.96158,0.0,0.0,nan,0.0,0.01075,0.05548,42.6805,2.21147,0.22176,0.24198,0.37307,0.83789,0.45219,0.37307
1.25637,43.13834,-9.78247,0.10934,0.09458,-0.98949,0.99744,0.00218,0.01092,0.7,1.0,0.0111,0.05472,41.92253,1.6709,0.21961,0.24778,0.36807,0.85782,0.59848,0.36807
0.07022,43.73463,9.94073,0.01445,-0.02268,0.99964,0.97516,0.0,0.0,nan,0.0,0.01121,0.02367,16.94273,3.46599,0.23239,0.6025,0.69052,0.87936,0.28852,0.69052
1.01978,43.0261,10.42079,-0.00145,-0.05999,0.9982,0.99594,0.0,0.0,nan,0.0,0.00728,0.01976,18.25792,2.01336,0.23151,0.47926,0.29846,0.85293,0.49668,0.29846
0.98716,44.59912,-10.04778,0.11403,0.13631,-0.98408,0.99105,0.0,0.0,nan,0.0,0.0071,0.04906,36.22946,2.24942,0.22511,0.20864,0.34783,0.73238,0.44456,0.34783
1.08432,44.95502,-9.50139,0.12257,0.13468,-0.98328,0.99744,0.0,0.0,nan,0.0,0.00607,0.04811,34.34265,2.24295,0.22296,0.20143,0.39956,0.66253,0.44584,0.39956
0.00298,44.03157,9.99095,0.00597,0.0053,0.99997,0.97956,0.0,0.0,nan,0.0,0.00999,0.02141,16.87675,2.19316,0.23169,0.55934,0.68198,0.9327,0.45596,0.68198
0.83239,44.98896,10.41902,0.01644,0.0504,0.99859,0.99744,0.0,0.0,nan,0.0,0.00697,0.01484,19.47155,2.03497,0.22522,0.54792,0.43762,0.9445,0.49141,0.43762
1.01637,46.9419,-9.48859,0.15378,0.098,-0.98323,0.99674,0.0,0.0,nan,0.0,0.01142,0.06607,24.98273,1.67982,0.23324,0.36136,0.45569,0.51641,0.5953,0.45569
1.20005,47.0174,9.77297,0.02808,0.08415,0.99606,0.98126,0.0,0.0,nan,0.0,0.00798,0.01913,17.0339,1.9252,0.24095,0.50849,0.38932,0.91701,0.51943,0.38932
0.8552,47.2737,10.08286,0.01234,0.10074,0.99484,0.99704,0.0,0.0,nan,0.0,0.00586,0.01658,16.41859,2.38445,0.22848,0.45197,0.58049,0.87678,0.41938,0.58049
0.98734,49.02544,-9.07725,0.16297,0.10432,-0.9811,0.99724,0.0,0.0,nan,0.0,0.00943,0.03364,15.72131,2.08694,0.22527,0.4619,0.54044,0.68385,0.47917,0.54044
0.43277,49.71194,9.90256,-0.06034,0.16597,0.98428,0.99574,0.0,0.0,nan,0.0,0.01195,0.02567,15.13441,3.20876,0.2447,0.64055,0.68471,0.82267,0.31165,0.68471
1.00265,48.97777,10.35337,-0.01211,0.10894,0.99397,0.99185,0.0,0.0,nan,0.0,0.00903,0.02349,16.87125,1.90936,0.23449,0.61952,0.55968,0.69427,0.52374,0.55968
1.02017,51.0148,-8.95409,0.15503,0.07598,-0.98498,0.99744,0.0,0.0,nan,0.0,0.00569,0.02089,16.87694,1.82938,0.22724,0.31105,0.4265,0.97873,0.54663,0.4265
0.68129,51.50846,9.85125,-0.03221,0.13332,0.99055,0.99484,0.0,0.0,nan,0.0,0.00799,0.01641,15.93338,1.68812,0.23091,0.62024,0.64125,0.88385,0.59238,0.64125
1.18676,50.61914,10.12703,-0.01688,0.19544,0.98057,0.99654,0.0,0.0,nan,0.0,0.01157,0.02846,17.91885,1.81552,0.24052,0.73458,0.48024,0.61543,0.55081,0.48024
0.95301,52.99436,-8.77186,0.14987,0.03232,-0.98818,0.99744,0.0,0.0,nan,0.0,0.00888,0.02448,15.51962,1.65047,0.23201,0.41528,0.43727,0.98573,0.60589,0.43727
0.98801,53.00973,9.49186,-0.03883,0.1219,0.99178,0.99734,0.0,0.0,nan,0.0,0.0072,0.01776,14.39529,1.65047,0.24572,0.56696,0.62352,0.81446,0.60589,0.62352
0.93049,54.96,-8.62209,0.17751,0.06061,-0.98225,0.99744,0.0,0.0,nan,0.0,0.00996,0.02377,14.43518,1.83698,0.23042,0.47711,0.41924,1.0,0.54437,0.41924
0.9095,55.18198,9.36407,-0.05021,0.21247,0.97588,0.99514,0.0,0.0,nan,0.0,0.01149,0.02941,16.81764,1.71609,0.23479,0.55718,0.34009,0.78431,0.58272,0.34009
1.12076,56.97418,-8.69193,0.23341,-0.00717,-0.97235,0.98915,0.0,0.0,nan,0.0,0.00909,0.03604,23.7533,3.37224,0.24103,0.63077,0.79499,0.50654,0.29654,0.79499
1.96893,56.99069,-7.98219,0.23642,0.00419,-0.97164,0.96937,0.0,0.0,nan,0.0,0.00891,0.02749,19.44914,1.8538,0.23642,0.52198,0.55873,0.6849,0.53943,0.55873
0.93086,57.03124,8.70963,-0.01916,0.19374,0.98087,0.99454,0.0,0.0,nan,0.0,0.01058,0.02542,17.67615,1.65047,0.24274,0.50557,0.59022,0.91653,0.60589,0.59022
0.9734,59.19277,-8.70829,0.196,-0.32143,-0.92642,0.98715,0.0,0.0,nan,0.0,0.00721,0.02286,22.85095,2.7385,0.23036,0.59763,0.80089,0.68552,0.36516,0.80089
1.89573,58.65347,-7.89816,0.21739,-0.26314,-0.93995,0.91992,0.0,0.0,nan,0.0,0.00673,0.02523,23.63204,2.17088,0.22434,0.54311,0.85113,0.78752,0.46064,0.85113
1.01603,58.96294,8.72917,-0.00384,0.1572,0.98756,0.98915,0.0,0.0,nan,0.0,0.01308,0.03064,16.90453,1.74225,0.23209,0.55352,0.53785,0.86234,0.57397,0.53785
0.56904,61.7611,-10.15284,0.1284,-0.27407,-0.9531,0.99185,0.0,0.0,nan,0.0,0.00865,0.03545,18.78852,1.65047,0.24073,0.60012,0.79203,0.51976,0.60589,0.79203
1.09032,60.94021,-9.61877,0.18631,-0.33968,-0.9219,0.99674,0.0,0.0,nan,0.0,0.002,0.02236,21.0683,2.30475,0.22387,0.61021,0.93389,0.39037,0.43389,0.93389
1.08012,61.59134,7.90728,0.00569,0.39956,0.91669,0.99474,0.0,0.0,nan,0.0,0.00709,0.01639,13.10643,1.7348,0.23381,0.49898,0.41604,1.0,0.57643,0.41604
1.01541,60.58971,8.19428,-0.00818,0.32188,0.94675,0.99394,0.0,0.0,nan,0.0,0.01268,0.0291,13.19716,1.71221,0.23746,0.50952,0.39096,0.98491,0.58404,0.39096
1.05127,62.98992,-10.57254,0.14236,-0.23566,-0.96135,0.98096,0.0,0.0,nan,0.0,0.01159,0.0308,12.29038,3.21017,0.2317,0.53324,0.36687,0.82046,0.31151,0.36687
1.76601,62.43653,-9.79888,0.20174,-0.28423,-0.93729,0.99624,0.0,0.0,nan,0.0,0.00732,0.02119,12.81136,3.63103,0.23548,0.50033,0.51463,0.7978,0.2754,0.51463
1.05175,63.06808,7.1505,0.06219,0.39071,0.91841,0.99704,0.0,0.0,nan,0.0,0.00646,0.01637,16.15648,1.90198,0.23161,0.55041,0.4014,0.80574,0.52577,0.4014
1.04083,65.11483,-10.78059,0.08364,0.27859,-0.95676,0.88215,0.0,0.0,nan,0.0,0.00541,0.02882,17.22645,2.69225,0.22881,0.59925,0.86879,0.56447,0.37144,0.86879
1.82934,64.40334,5.86822,0.11229,0.37335,0.92087,0.97177,0.0,0.0,nan,0.0,0.00412,0.01149,16.50808,2.04146,0.23284,0.48563,0.36889,0.82847,0.48985,0.36889
1.10154,64.90062,6.57373,0.11069,0.33802,0.93461,0.99245,0.0,0.0,nan,0.0,0.00693,0.0218,15.68334,1.81552,0.23156,0.54188,0.32569,0.66157,0.55081,0.32569
0.847,66.14589,-10.15199,0.05931,0.6156,-0.78582,0.91542,0.0,0.0,nan,0.0,0.01414,0.03705,15.11215,1.65047,0.23557,0.59544,0.51706,0.72578,0.60589,0.51706
1.00574,66.84964,-8.92151,0.0533,0.80315,-0.59339,0.99205,0.0,0.0,nan,0.0,0.01753,0.0419,15.72199,1.92336,0.22967,0.50243,0.53237,0.93846,0.51992,0.53237
1.16651,67.83361,-7.68714,0.0204,0.85181,-0.52346,0.99305,0.0,0.0,nan,0.0,0.0093,0.03217,17.75617,1.78345,0.22338,0.33927,0.34923,0.94756,0.56071,0.34923
1.31307,67.98197,-0.8667,-0.13412,0.98918,0.05948,0.97456,0.0,0.0,nan,0.0,0.00494,0.01672,17.32857,1.79461,0.23085,0.33519,0.44821,0.98206,0.55722,0.44821
0.94885,67.96675,3.66824,0.03748,0.9059,0.42183,0.98625,0.0,0.0,nan,0.0,0.00538,0.01987,19.21983,2.02183,0.22716,0.43246,0.55203,0.6905,0.4946,0.55203
1.01592,67.43425,5.15755,0.10022,0.75985,0.64233,0.94919,0.0,0.0,nan,0.0,0.0079,0.02469,14.87509,1.90148,0.23695,0.61551,0.57198,0.59019,0.52591,0.57198
0.95569,66.26048,6.16728,0.12462,0.50115,0.85634,0.93021,0.0,0.0,nan,0.0,0.00568,0.0229,16.53134,3.29381,0.24372,0.58503,0.61851,0.47553,0.3036,0.61851
0.9813,68.20515,-6.61286,-0.04442,0.9058,-0.42137,0.99574,0.0,0.0,nan,0.0,0.00924,0.03588,17.4783,1.69166,0.21929,0.32572,0.55776,0.88161,0.59113,0.55776
0.96065,68.92194,-5.0424,-0.12111,0.97924,-0.16256,0.98286,0.0,0.0,nan,0.0,0.01064,0.04769,15.55895,1.67723,0.21205,0.40116,0.55142,0.62752,0.59622,0.55142
0.93561,68.86027,-2.90707,-0.12746,0.97983,0.1539,0.99574,0.0,0.0,nan,0.0,0.01297,0.03677,15.28147,1.83607,0.22816,0.54475,0.70953,0.73209,0.54464,0.70953
0.96384,68.10709,-0.99691,-0.12678,0.98924,0.073,0.98695,0.0,0.0,nan,0.0,0.00641,0.02002,17.54919,1.65047,0.2331,0.3816,0.47355,0.93449,0.60589,0.47355
1.15857,68.45706,1.01874,-0.06337,0.99788,-0.01498,0.99115,0.0,0.0,nan,0.0,0.00686,0.02588,24.69998,1.86988,0.22987,0.52276,0.69712,0.5479,0.53479,0.69712
1.07268,68.64747,2.99457,0.00699,0.95515,0.29605,0.95258,0.0,0.0,nan,0.0,0.00694,0.02023,22.14878,1.98458,0.22868,0.48545,0.44663,0.7707,0.50388,0.44663
3.54576,1.93263,-8.13522,-0.0076,-0.90013,-0.43556,0.99235,0.0,0.0,nan,0.0,0.01098,0.02871,8.42821,1.81552,0.24096,0.48336,0.73098,0.97858,0.55081,0.73098
3.01325,1.48265,-7.06798,-0.03222,-0.93591,-0.35076,0.99744,0.0,0.0,nan,0.0,0.00576,0.02415,6.82992,1.90641,0.22991,0.30895,0.34979,0.99802,0.52455,0.34979
2.99026,0.79587,-5.03815,-0.01977,-0.9615,-0.2741,0.99734,0.0,0.0,nan,0.0,0.00878,0.02849,6.47137,1.70615,0.23854,0.40338,0.47836,1.0,0.58611,0.47836
3.01173,0.38504,-2.94947,0.01655,-0.98792,-0.15406,0.99624,0.0,0.0,nan,0.0,0.0172,0.06965,7.88146,2.39165,0.23726,0.56336,0.84293,0.78242,0.41812,0.84293
2.9865,0.101,-0.91307,0.04233,-0.99382,0.10265,0.98885,0.0,0.0,nan,0.0,0.00356,0.02887,17.25615,1.90518,0.23007,0.41659,0.81135,0.41043,0.52488,0.81135
3.02175,0.62305,0.96621,0.02861,-0.89303,0.44909,0.97636,0.0,0.0,nan,0.0,0.0068,0.04114,23.14691,1.8605,0.22911,0.50656,0.8907,0.64505,0.53749,0.8907
3.02681,1.48058,2.48503,0.05559,-0.72418,0.68736,0.97706,0.0,0.0,nan,0.0,0.01189,0.03311,25.41092,1.83718,0.24347,0.55904,0.80762,0.84919,0.54431,0.80762
2.96123,3.57529,-10.21268,-0.00996,-0.4221,-0.9065,0.94229,0.0,0.0,nan,0.0,0.00539,0.02625,17.6586,1.72125,0.22995,0.5635,0.78448,0.45578,0.58097,0.78448
3.00629,2.41006,-9.15241,-0.0115,-0.77089,-0.63686,0.95608,0.0,0.0,nan,0.0,0.00891,0.06049,9.01983,2.24593,0.2306,0.42148,0.60258,0.42711,0.44525,0.60258
2.24325,2.00179,-7.99784,-0.04693,-0.90775,-0.41687,0.99364,0.0,0.0,nan,0.0,0.01272,0.04072,7.30839,1.86512,0.23679,0.55714,0.66518,0.71421,0.53616,0.66518
2.91726,3.0591,3.05327,0.0248,-0.52937,0.84803,0.99724,0.0,0.0,nan,0.0,0.01038,0.03148,24.26576,2.56411,0.23099,0.4423,0.38989,0.8073,0.39,0.38989
2.5873,3.75534,4.18834,-0.0032,-0.45237,0.89182,0.99105,0.0,0.0,nan,0.0,0.01064,0.02922,25.60281,3.07602,0.23584,0.52676,0.4001,0.74504,0.3251,0.4001
2.96831,5.03081,-10.55997,-0.00876,-0.20641,-0.97843,0.99374,0.0,0.0,nan,0.0,0.00447,0.01831,15.09983,3.22745,0.23978,0.54458,0.62359,0.5077,0.30984,0.62359
3.62789,4.28865,3.91009,0.07169,-0.45306,0.88859,0.99574,0.0,0.0,nan,0.0,0.00908,0.02895,27.5356,2.01045,0.23587,0.5525,0.8079,0.74758,0.4974,0.8079
3.09074,4.97902,4.65595,0.04423,-0.46113,0.88623,0.98805,0.0,0.0,nan,0.0,0.00662,0.02423,25.74605,2.72841,0.2313,0.56376,0.686,0.52239,0.36651,0.686
2.95148,6.98046,-10.86514,-0.0192,-0.06627,-0.99762,0.99295,0.0,0.0,nan,0.0,0.00327,0.01761,19.17844,2.08309,0.22838,0.61905,0.85342,0.49544,0.48006,0.85342
3.03215,6.8455,5.45007,0.14014,-0.3872,0.91128,0.98895,0.0,0.0,nan,0.0,0.01052,0.02433,17.52042,1.68213,0.2371,0.5992,0.66413,0.80392,0.59449,0.66413
2.13879,7.92987,6.00992,0.11738,-0.34355,0.93177,0.98995,0.0,0.0,nan,0.0,0.014,0.03171,17.59661,1.81552,0.2359,0.60107,0.42605,0.81818,0.55081,0.42605
3.11793,8.99401,-10.24804,-0.00437,-0.02567,-0.99966,0.98505,0.0,0.0,nan,0.0,0.01066,0.02382,16.73952,1.72664,0.23463,0.63861,0.59677,0.78416,0.57916,0.59677
2.52896,9.1274,-9.85595,-0.00349,-0.02586,-0.99966,0.92191,0.0,0.0,nan,0.0,0.00279,0.01154,16.62942,2.01428,0.22362,0.52692,0.82892,0.68787,0.49646,0.82892
3.36564,8.59274,5.98718,0.18136,-0.3155,0.93143,0.99714,0.0,0.0,nan,0.0,0.01237,0.02942,17.59045,1.88196,0.23191,0.61236,0.67687,0.76484,0.53136,0.67687
2.92241,9.30075,6.27311,0.15827,-0.2913,0.94345,0.99644,0.0,0.0,nan,0.0,0.01035,0.02366,20.67596,1.89037,0.21431,0.58134,0.54537,0.82528,0.529,0.54537
3.03082,10.98527,-10.6326,-0.00414,-0.03545,-0.99936,0.99554,0.0,0.0,nan,0.0,0.00631,0.02277,13.90123,2.133,0.22693,0.66557,0.73607,0.47624,0.46882,0.73607
3.00034,11.08823,6.81036,0.16628,-0.32207,0.932,0.99584,0.0,0.0,nan,0.0,0.01297,0.02597,19.93055,2.0245,0.22794,0.63555,0.70395,0.86479,0.49395,0.70395
3.01993,13.02747,-10.70582,0.08001,0.03929,-0.99602,0.99634,0.0,0.0,nan,0.0,0.00261,0.01657,14.15101,1.81552,0.23487,0.30963,0.45546,0.5814,0.55081,0.45546
3.01095,12.93057,7.47544,0.12317,-0.17453,0.97692,0.98875,0.0,0.0,nan,0.0,0.00907,0.01624,17.07915,2.06031,0.23067,0.69399,0.62807,0.89885,0.48536,0.62807
3.02451,14.94849,-10.68451,0.13439,0.01044,-0.99087,0.99664,0.0,0.0,nan,0.0,0.00384,0.02184,13.39442,1.91749,0.22998,0.32959,0.46453,0.6126,0.52152,0.46453
2.89812,14.85945,7.04618,0.11072,-0.14636,0.98302,0.96747,0.0,0.0,nan,0.0,0.0115,0.02185,19.38503,1.81552,0.23609,0.60132,0.49103,0.96553,0.55081,0.49103
3.02246,17.01121,-10.92342,0.09246,0.01787,-0.99556,0.99364,0.0,0.0,nan,0.0,0.00465,0.02859,13.50934,1.72645,0.2467,0.48573,0.82199,0.4998,0.57922,0.82199
3.20433,16.6125,7.49379,0.12088,-0.31167,0.94247,0.97406,0.0,0.0,nan,0.0,0.01265,0.02344,19.0641,1.65475,0.23785,0.59616,0.46198,1.0,0.60432,0.46198
2.85523,17.25242,8.419,0.11493,-0.31025,0.94368,0.99185,0.0,0.0,nan,0.0,0.01215,0.02555,16.84038,1.73467,0.23869,0.60535,0.45923,0.87851,0.57648,0.45923
2.83477,18.99373,-10.72618,0.04289,0.03969,-0.99829,0.99325,0.0,0.0,nan,0.0,0.00487,0.01954,13.73528,1.85211,0.23795,0.46176,0.7659,0.65108,0.53992,0.7659
2.02583,19.31929,-9.99875,-0.04576,0.03398,-0.99837,0.98116,0.0,0.0,nan,0.0,0.0044,0.01748,13.01269,3.60752,0.24045,0.52415,0.7755,0.60382,0.2772,0.7755
2.95687,18.99789,8.72629,0.04696,-0.14933,0.98767,0.98825,0.0,0.0,nan,0.0,0.01256,0.03383,16.72843,1.72659,0.23459,0.57304,0.42795,0.72545,0.57918,0.42795
2.84986,20.98623,-10.72653,0.02875,0.00512,-0.99957,0.99404,0.0,0.0,nan,0.0,0.00731,0.02754,13.56232,1.87662,0.23442,0.53131,0.69048,0.5735,0.53287,0.69048
2.9853,21.0537,8.88894,0.06338,-0.16577,0.98412,0.99594,0.0,0.0,nan,0.0,0.012,0.02861,22.26006,1.81552,0.23466,0.63104,0.78148,0.80577,0.55081,0.78148
2.96152,22.95389,-10.55587,0.09286,0.1127,-0.98928,0.99634,0.0,0.0,nan,0.0,0.00781,0.03117,7.44613,1.86844,0.22629,0.50605,0.66618,0.62811,0.53521,0.66618
2.99365,22.84152,9.33266,0.02615,-0.14049,0.98974,0.99444,0.0,0.0,nan,0.0,0.01391,0.03239,21.69701,1.88881,0.223,0.61661,0.76289,0.79345,0.52943,0.76289
2.91696,25.02137,-10.24382,0.1518,0.14809,-0.97725,0.99724,0.0,0.0,nan,0.0,0.00365,0.02022,11.12006,3.4449,0.23954,0.47719,0.45668,0.44581,0.29028,0.45668
3.86197,25.65688,-9.94716,0.1578,0.12854,-0.97907,0.99624,0.0,0.0,nan,0.0,0.00507,0.02287,14.93039,3.39392,0.23697,0.50354,0.42383,0.49927,0.29464,0.42383
3.00109,25.02573,9.32039,0.01794,-0.08794,0.99596,0.99694,0.01519,0.07593,0.6,1.0,0.01754,0.05093,21.52179,1.65047,0.23598,0.53072,0.81797,0.90652,0.60589,0.81797
3.00259,26.65981,-10.0984,0.1495,0.05001,-0.9875,0.99744,0.0,0.0,nan,0.0,0.0023,0.01315,15.74478,1.65047,0.23383,0.38318,0.38371,0.51493,0.60589,0.38371
3.03732,27.2972,-9.70048,0.14732,0.02228,-0.98884,0.99524,0.0,0.0,nan,0.0,0.00605,0.01947,16.41489,1.89967,0.23452,0.50453,0.38791,0.69096,0.52641,0.38791
2.9411,26.94186,9.54426,0.07571,-0.17135,0.9823,0.99744,0.0,0.0,nan,0.0,0.01521,0.03615,20.23306,1.72135,0.23865,0.47043,0.57672,0.98309,0.58094,0.57672
3.25734,27.80477,10.02839,0.08412,-0.09948,0.99148,0.98405,0.0,0.0,nan,0.0,0.01081,0.02759,22.25435,1.90361,0.23944,0.43967,0.45292,0.97121,0.52532,0.45292
2.31957,28.99169,-10.00941,0.15683,0.03395,-0.98704,0.99714,0.0,0.0,nan,0.0,0.00328,0.01491,17.05847,2.00598,0.2283,0.40864,0.25021,0.60212,0.49851,0.25021
3.11922,28.93176,-9.8723,0.14215,0.03452,-0.98924,0.99614,0.0,0.0,nan,0.0,0.00612,0.01948,17.56652,1.84643,0.24078,0.46719,0.61237,0.74874,0.54159,0.61237
3.28526,29.53355,9.74962,0.06893,0.01643,0.99749,0.99494,0.0,0.0,nan,0.0,0.00817,0.02516,23.94155,1.81552,0.23557,0.50782,0.45994,0.69245,0.55081,0.45994
2.84131,28.79983,10.17266,0.08421,-0.00272,0.99644,0.98625,0.0,0.0,nan,0.0,0.00943,0.03299,23.4349,1.91609,0.23191,0.53723,0.4726,0.57777,0.5219,0.4726
2.22314,30.83091,-10.11148,0.12096,0.09958,-0.98765,0.99095,0.0,0.0,nan,0.0,0.00535,0.02881,14.19084,1.65047,0.2185,0.44108,0.57677,0.48069,0.60589,0.57677
3.10962,30.92642,-9.7081,0.12043,0.07615,-0.9898,0.99155,0.0,0.0,nan,0.0,0.00501,0.01952,11.86062,3.42219,0.23931,0.49653,0.63953,0.60401,0.29221,0.63953
3.13062,31.11687,9.43666,0.07296,-0.07348,0.99462,0.96877,0.0,0.0,nan,0.0,0.00794,0.01977,22.36564,3.39232,0.23119,0.52283,0.67377,0.83701,0.29478,0.67377
2.32551,31.65048,10.01241,0.10015,-0.11227,0.98862,0.99604,0.0,0.0,nan,0.0,0.0055,0.01528,23.4808,2.1958,0.2273,0.4536,0.62018,0.86115,0.45542,0.62018
3.02838,32.82807,-9.7047,0.10974,0.08846,-0.99002,0.99414,0.0,0.0,nan,0.0,0.00842,0.03513,12.08067,1.81552,0.23121,0.52433,0.56331,0.53271,0.55081,0.56331
2.38305,33.13459,9.90801,0.03238,-0.14765,0.98851,0.99165,0.0,0.0,nan,0.0,0.00493,0.01706,20.92535,3.26758,0.23846,0.42982,0.60351,0.73708,0.30604,0.60351
3.02512,32.97843,10.22443,0.01809,-0.19322,0.98099,0.99634,0.0,0.0,nan,0.0,0.00586,0.02182,21.33577,2.54802,0.22933,0.48099,0.45778,0.61065,0.39246,0.45778
2.98895,35.12436,-9.43727,0.16678,0.06017,-0.98416,0.99384,0.0,0.0,nan,0.0,0.00721,0.03328,15.26652,1.84905,0.22958,0.33773,0.50217,0.72598,0.54082,0.50217
2.90985,35.02544,10.48888,-0.07545,-0.03126,0.99666,0.99584,0.0,0.0,nan,0.0,0.0188,0.05173,19.70183,1.79555,0.23875,0.68275,0.36327,0.58646,0.55693,0.36327
2.89768,36.99054,-9.20906,0.16578,0.03718,-0.98546,0.99534,0.0,0.0,nan,0.0,0.00341,0.0204,18.18765,1.77704,0.21728,0.19886,0.35829,0.93283,0.56273,0.35829
3.04323,37.00941,10.24531,-0.00654,-0.01493,0.99987,0.99694,0.0,0.0,nan,0.0,0.01228,0.03682,19.99568,1.81552,0.23125,0.46152,0.43307,0.7949,0.55081,0.43307
3.08377,38.98735,-9.38954,0.16049,-0.06615,-0.98482,0.99734,0.0,0.0,nan,0.0,0.00734,0.03791,21.29595,1.81552,0.22188,0.25797,0.33401,0.82107,0.55081,0.33401
2.9538,39.02291,10.49622,0.01891,0.01484,0.99971,0.99744,0.0,0.0,nan,0.0,0.01212,0.02575,22.35948,3.20493,0.23376,0.51278,0.60591,1.0,0.31202,0.60591
2.07427,41.36484,-10.00521,0.14352,-0.00695,-0.98962,0.99085,0.04261,0.21307,0.7,1.0,0.00743,0.0524,33.66438,2.01793,0.21952,0.26287,0.42084,0.57107,0.49556,0.42084
2.96871,41.04121,-9.67696,0.20244,-0.02845,-0.97888,0.99614,0.02548,0.12742,0.6,1.0,0.01127,0.08064,30.79028,1.65047,0.22143,0.33102,0.37117,0.44971,0.60589,0.37117
2.60353,40.53212,9.99848,0.01469,-0.01386,0.9998,0.98695,0.0,0.0,nan,0.0,0.01662,0.0372,19.47566,2.03661,0.22645,0.49266,0.49713,1.0,0.49101,0.49713
3.01574,41.08309,10.28046,0.01297,-0.06144,0.99803,0.99684,0.0,0.0,nan,0.0,0.01644,0.03458,20.6467,2.05539,0.23184,0.52867,0.50332,0.98638,0.48653,0.50332
2.00614,42.0166,-10.00517,0.13662,0.03376,-0.99005,0.99524,0.02153,0.10766,0.6,1.0,0.01001,0.05762,36.1754,1.70348,0.21455,0.26324,0.44971,0.69649,0.58703,0.44971
2.9378,42.94885,-9.47885,0.18987,0.07134,-0.97921,0.99744,0.01701,0.08504,0.6,1.0,0.01387,0.07151,33.16017,1.81552,0.22896,0.35611,0.48759,0.5777,0.55081,0.48759
3.05864,43.00372,10.88672,-0.00484,-0.06256,0.99803,0.98665,0.0,0.0,nan,0.0,0.00785,0.02084,19.75083,2.06769,0.21727,0.47348,0.4956,0.87662,0.48363,0.4956
2.9262,45.04154,-9.32145,0.14855,0.1296,-0.98038,0.99724,0.0,0.0,nan,0.0,0.01077,0.05895,28.31879,1.78547,0.23058,0.32497,0.36808,0.60204,0.56008,0.36808
3.37437,44.64601,9.89699,-0.00747,0.08854,0.99604,0.98935,0.0,0.0,nan,0.0,0.00861,0.01982,18.90102,1.8975,0.22235,0.55203,0.31453,0.87018,0.52701,0.31453
2.96149,45.01948,10.43812,-0.01975,0.1132,0.99338,0.99744,0.0,0.0,nan,0.0,0.01294,0.02737,20.6198,2.00983,0.22645,0.62456,0.2926,0.8306,0.49756,0.2926
2.85674,47.00909,-8.81352,0.16796,0.11974,-0.97849,0.99674,0.0,0.0,nan,0.0,0.00701,0.03523,21.12834,1.99291,0.22505,0.41355,0.51862,0.52639,0.50178,0.51862
2.31478,47.46261,9.98911,0.02689,0.07996,0.99644,0.99504,0.0,0.0,nan,0.0,0.00931,0.0222,18.36653,1.86216,0.23878,0.52601,0.48141,0.88375,0.53701,0.48141
3.0218,47.07794,10.4306,0.03273,0.06496,0.99735,0.99454,0.0,0.0,nan,0.0,0.00795,0.01998,19.02369,1.76197,0.23334,0.50961,0.35913,0.86311,0.56755,0.35913
2.95259,48.98856,-8.7419,0.13602,0.085,-0.98705,0.99744,0.0,0.0,nan,0.0,0.01042,0.04214,17.50742,3.38874,0.23904,0.5205,0.50011,0.5296,0.2951,0.50011
3.55037,49.85274,9.85571,0.08629,0.13125,0.98759,0.99714,0.0,0.0,nan,0.0,0.00718,0.01865,23.22176,1.69511,0.22724,0.66214,0.47441,0.63199,0.58993,0.47441
3.05698,48.94518,10.4325,0.05481,0.11766,0.99154,0.98955,0.0,0.0,nan,0.0,0.00729,0.02179,21.35879,2.0771,0.23422,0.57072,0.42826,0.64094,0.48144,0.42826
3.07752,50.9528,-8.43001,0.13387,0.08448,-0.98739,0.99744,0.0,0.0,nan,0.0,0.00651,0.02032,13.82905,2.69978,0.2329,0.40147,0.34279,0.91279,0.3704,0.34279
3.14689,51.01531,9.54092,0.05717,0.18478,0.98111,0.99454,0.0,0.0,nan,0.0,0.00724,0.01764,21.44759,2.24818,0.22899,0.69377,0.48068,0.64665,0.4448,0.48068
2.27136,50.93852,10.08177,0.01609,0.18862,0.98192,0.99624,0.0,0.0,nan,0.0,0.00591,0.01795,19.86928,2.1184,0.22471,0.69896,0.44634,0.5182,0.47206,0.44634
2.98299,53.01757,-8.60114,0.16426,0.05258,-0.98501,0.99744,0.0,0.0,nan,0.0,0.00691,0.02267,13.25906,2.59816,0.23204,0.36638,0.62777,0.95811,0.38489,0.62777
3.03882,52.97608,9.44727,0.05634,0.09597,0.99379,0.99694,0.0,0.0,nan,0.0,0.00636,0.01794,20.61795,1.65047,0.23108,0.56496,0.62732,0.68822,0.60589,0.62732
2.98155,55.00954,-8.31149,0.19252,0.12892,-0.97279,0.99744,0.0,0.0,nan,0.0,0.0062,0.02715,13.83832,2.2622,0.21736,0.52259,0.85918,0.7689,0.44205,0.85918
3.77856,55.94783,-7.94448,0.13506,0.09285,-0.98648,0.99404,0.0,0.0,nan,0.0,0.00504,0.02218,15.36333,2.02112,0.21844,0.45676,0.82343,0.73447,0.49477,0.82343
3.12885,55.05455,9.50367,0.04438,0.23197,0.97171,0.98985,0.0,0.0,nan,0.0,0.0069,0.0161,18.15598,1.85242,0.23426,0.58703,0.4852,0.81068,0.53983,0.4852
2.56258,56.44567,-8.00075,0.21307,0.06762,-0.97469,0.98675,0.0,0.0,nan,0.0,0.00776,0.02402,18.14123,3.63103,0.24588,0.50741,0.70321,0.7069,0.2754,0.70321
3.05662,56.98453,-7.68559,0.16268,-0.00171,-0.98668,0.95728,0.0,0.0,nan,0.0,0.00712,0.01923,17.38626,1.83401,0.22872,0.46051,0.72743,0.89712,0.54525,0.72743
3.95189,57.01346,7.99728,0.03681,0.23668,0.97089,0.92871,0.0,0.0,nan,0.0,0.0086,0.0185,19.25699,1.74096,0.24652,0.53892,0.70963,0.95175,0.5744,0.70963
3.09787,56.97948,8.68481,0.06078,0.24441,0.96776,0.99524,0.0,0.0,nan,0.0,0.00777,0.01737,18.68789,1.85152,0.2348,0.55507,0.52096,0.89182,0.5401,0.52096
2.94999,59.23276,-8.4489,0.16189,-0.31517,-0.93513,0.99444,0.0,0.0,nan,0.0,0.00859,0.02345,19.34103,2.07351,0.2208,0.46775,0.64546,0.86368,0.48228,0.64546
2.84198,58.43759,-7.9258,0.15876,-0.23868,-0.95803,0.95838,0.0,0.0,nan,0.0,0.00858,0.02082,19.70608,2.56641,0.23545,0.46026,0.50562,0.98575,0.38965,0.50562
3.67436,58.18846,7.9181,0.04836,0.12237,0.99131,0.95738,0.0,0.0,nan,0.0,0.00601,0.01499,17.82238,1.72879,0.23037,0.49432,0.24508,0.90199,0.57844,0.24508
2.988,58.95357,8.46192,0.0789,0.11846,0.98982,0.99584,0.0,0.0,nan,0.0,0.01175,0.03403,18.15688,1.83001,0.24172,0.65936,0.75778,0.5964,0.54645,0.75778
3.06387,60.9122,-9.43403,0.18644,-0.33739,-0.92272,0.99394,0.0,0.0,nan,0.0,0.00816,0.02454,17.12242,1.65047,0.23327,0.38648,0.62021,0.96085,0.60589,0.62021
2.72963,61.33499,7.667,-0.01834,0.38988,0.92068,0.99484,0.0,0.0,nan,0.0,0.00761,0.01955,12.49015,1.65047,0.23674,0.53844,0.55997,0.83868,0.60589,0.55997
3.15498,60.54496,8.17587,0.00818,0.25254,0.96755,0.98495,0.0,0.0,nan,0.0,0.0071,0.02288,14.3093,3.42612,0.24119,0.50041,0.40429,0.70642,0.29188,0.40429
2.99182,63.75698,-10.06231,0.17638,-0.11624,-0.97743,0.96088,0.0,0.0,nan,0.0,0.01422,0.05862,15.5084,1.90153,0.22904,0.70381,0.72512,0.3891,0.52589,0.72512
3.04322,62.75913,-9.68402,0.17729,-0.31812,-0.93133,0.99604,0.0,0.0,nan,0.0,0.01501,0.03031,13.22277,2.39448,0.23196,0.60544,0.72284,0.94147,0.41763,0.72284
2.4239,63.7957,5.8142,0.04053,0.4095,0.91141,0.92042,0.0,0.0,nan,0.0,0.00629,0.01542,18.81246,3.46599,0.24784,0.56138,0.36749,0.80314,0.28852,0.36749
2.92311,63.00658,6.90169,-0.02703,0.42211,0.90614,0.99414,0.0,0.0,nan,0.0,0.00448,0.0116,16.58368,1.80389,0.23326,0.5042,0.53535,0.85919,0.55436,0.53535
2.97968,65.10188,-10.50609,0.1533,0.28141,-0.94726,0.86407,0.0,0.0,nan,0.0,0.00477,0.05226,25.10362,1.8982,0.23081,0.70579,0.97749,0.51288,0.52681,0.97749
3.65556,65.94067,-9.83789,0.15736,0.59059,-0.79148,0.91172,0.0,0.0,nan,0.0,0.00903,0.02616,19.23832,3.08361,0.24674,0.59281,0.83816,0.8958,0.3243,0.83816
2.95854,64.84959,5.97338,0.03132,0.44552,0.89473,0.99055,0.0,0.0,nan,0.0,0.00506,0.01237,18.79049,3.63103,0.23824,0.47993,0.50931,0.94333,0.2754,0.50931
3.13646,64.98592,6.09904,0.0125,0.45297,0.89144,0.99544,0.0,0.0,nan,0.0,0.00546,0.01283,18.95068,2.91954,0.23977,0.49733,0.46082,0.94687,0.34252,0.46082
2.28611,66.02118,-10.05294,0.13416,0.59514,-0.79235,0.91212,0.0,0.0,nan,0.0,0.00797,0.02459,18.77549,1.81772,0.23906,0.54508,0.78934,0.75214,0.55014,0.78934
2.97357,66.64365,-8.8721,0.12684,0.74901,-0.6503,0.98315,0.0,0.0,nan,0.0,0.01863,0.04069,15.09421,1.83829,0.23877,0.54691,0.65742,0.94815,0.54398,0.65742
3.22548,67.60164,-7.52954,0.07297,0.80438,-0.58962,0.99744,0.0,0.0,nan,0.0,0.01213,0.02959,16.17719,1.8878,0.2184,0.51152,0.2858,0.90077,0.52972,0.2858
2.96586,67.52585,3.48404,0.05548,0.85616,0.51372,0.98615,0.0,0.0,nan,0.0,0.00507,0.01777,21.40572,1.90785,0.24151,0.38463,0.65992,0.81046,0.52415,0.65992
2.77704,66.8312,4.81184,0.10557,0.68367,0.72211,0.98665,0.0,0.0,nan,0.0,0.00515,0.02319,23.22851,3.39556,0.24724,0.67907,0.87327,0.587,0.2945,0.87327
2.21041,66.11762,6.05828,0.15327,0.50127,0.85161,0.96587,0.0,0.0,nan,0.0,0.00565,0.01489,18.11008,3.39414,0.23753,0.56065,0.52092,0.75155,0.29463,0.52092
3.01405,68.51926,-6.68421,0.03347,0.8714,-0.48943,0.97756,0.0,0.0,nan,0.0,0.00771,0.02593,15.06988,2.12386,0.22614,0.42028,0.45841,0.80103,0.47084,0.45841
3.00784,68.97237,-5.05688,0.00359,0.97409,-0.22613,0.98455,0.0,0.0,nan,0.0,0.0054,0.02794,12.8633,1.81089,0.22512,0.33139,0.43833,0.67392,0.55222,0.43833
3.00267,68.95741,-2.94467,-0.07484,0.98968,0.12219,0.99634,0.0,0.0,nan,0.0,0.01477,0.04472,11.4589,2.00295,0.22628,0.42102,0.53533,0.92152,0.49926,0.53533
2.97042,68.68629,-0.9422,-0.12172,0.99137,0.04878,0.99744,0.0,0.0,nan,0.0,0.00397,0.01928,16.47813,2.70392,0.23156,0.29549,0.3475,0.78118,0.36983,0.3475
2.97613,68.88493,0.96206,-0.10378,0.99238,0.06646,0.98395,0.0,0.0,nan,0.0,0.00489,0.01695,20.58015,2.25605,0.22628,0.34025,0.5029,0.93064,0.44325,0.5029
3.08102,68.61817,2.68217,-0.01549,0.9496,0.31307,0.96228,0.0,0.0,nan,0.0,0.00564,0.01811,21.81509,1.94686,0.22186,0.36525,0.55093,0.93147,0.51365,0.55093
4.84313,1.85888,-8.26244,0.03545,-0.88665,-0.46108,0.98745,0.0,0.0,nan,0.0,0.01089,0.02975,8.40216,3.39898,0.23351,0.53328,0.79474,0.99224,0.29421,0.79474
4.99645,1.3947,-7.03363,0.02195,-0.9333,-0.35843,0.99744,0.0,0.0,nan,0.0,0.00604,0.02054,8.21806,1.7152,0.22764,0.39052,0.67404,0.93644,0.58302,0.67404
5.00147,0.79354,-5.04127,0.02247,-0.96414,-0.26444,0.99734,0.0,0.0,nan,0.0,0.00744,0.02556,6.5038,2.37055,0.23454,0.38181,0.65376,0.99617,0.42184,0.65376
4.99352,0.41497,-3.0173,0.03262,-0.98856,-0.14723,0.99684,0.0,0.0,nan,0.0,0.01278,0.04671,7.0361,1.93403,0.22644,0.42729,0.79017,0.94339,0.51706,0.79017
4.9792,0.30509,-0.95816,0.02699,-0.99442,0.10194,0.99624,0.0,0.0,nan,0.0,0.00766,0.03745,17.81771,1.99721,0.23185,0.44237,0.65358,0.51409,0.5007,0.65358
4.93394,0.81716,1.05703,0.04507,-0.87486,0.48227,0.97237,0.0,0.0,nan,0.0,0.0213,0.05668,21.24665,1.81552,0.23718,0.54615,0.57916,0.75265,0.55081,0.57916
4.88675,1.76111,2.25658,0.04433,-0.69269,0.71987,0.98845,0.0,0.0,nan,0.0,0.01153,0.03802,25.96922,1.85617,0.24019,0.53064,0.83894,0.86048,0.53875,0.83894
5.03056,3.56729,-10.18545,0.06449,-0.45602,-0.88763,0.95848,0.0,0.0,nan,0.0,0.00375,0.01746,14.75298,1.81552,0.23097,0.53131,0.80814,0.56437,0.55081,0.80814
5.08799,2.506,-9.20008,0.06052,-0.71748,-0.69395,0.94999,0.0,0.0,nan,0.0,0.0015,0.04327,21.08248,3.3562,0.25645,0.71916,0.979,0.19769,0.29796,0.979
5.03263,3.01292,3.17225,0.09384,-0.49984,0.86102,0.99614,0.0,0.0,nan,0.0,0.01671,0.04057,31.39764,1.65047,0.23982,0.50579,0.71798,0.86645,0.60589,0.71798
4.08496,3.94659,4.02513,0.10863,-0.45765,0.88247,0.99514,0.0,0.0,nan,0.0,0.00972,0.02809,28.94211,2.72927,0.22904,0.54837,0.80163,0.80835,0.3664,0.80163
5.11481,4.76723,-10.03755,0.06394,-0.28902,-0.95518,0.99664,0.0,0.0,nan,0.0,0.00793,0.02332,11.60438,2.05707,0.23382,0.59901,0.72453,0.66508,0.48613,0.72453
5.01824,5.0922,-9.83136,0.06005,-0.24153,-0.96853,0.99494,0.0,0.0,nan,0.0,0.01006,0.02601,12.10053,3.39416,0.23957,0.66369,0.74704,0.67896,0.29462,0.74704
4.79983,4.87305,3.86815,0.13426,-0.44853,0.88363,0.99744,0.0,0.0,nan,0.0,0.01289,0.03257,30.50801,2.70731,0.23023,0.51994,0.69831,0.81091,0.36937,0.69831
5.18405,5.08302,4.10472,0.13587,-0.44189,0.88672,0.99744,0.0,0.0,nan,0.0,0.01309,0.03352,30.48572,1.96783,0.22214,0.52991,0.71236,0.78502,0.50817,0.71236
5.04634,7.07959,-10.75143,0.07877,-0.05854,-0.99517,0.98965,0.0,0.0,nan,0.0,0.0043,0.01993,14.53614,3.47846,0.23409,0.46496,0.7501,0.52804,0.28748,0.7501
4.99834,6.85243,5.11595,0.1422,-0.34647,0.92722,0.99544,0.0,0.0,nan,0.0,0.00785,0.02407,23.20612,2.70572,0.22562,0.57765,0.58909,0.61296,0.36959,0.58909
5.11261,8.90993,-10.86862,0.07483,-0.02222,-0.99695,0.98945,0.0,0.0,nan,0.0,0.00559,0.0206,19.61514,3.45823,0.24328,0.55898,0.48547,0.53478,0.28917,0.48547
4.92981,8.99904,5.48052,0.19449,-0.26052,0.94567,0.99694,0.0,0.0,nan,0.0,0.01334,0.03462,20.15564,1.81552,0.2303,0.53156,0.52384,0.79698,0.55081,0.52384
4.49467,9.84498,6.12555,0.23117,-0.26722,0.9355,0.99714,0.0,0.0,nan,0.0,0.00929,0.02193,21.56922,1.70904,0.22366,0.51366,0.3134,0.90059,0.58512,0.3134
5.03076,11.03922,-11.02612,0.09204,-0.01263,-0.99567,0.98196,0.0,0.0,nan,0.0,0.00567,0.0218,18.98759,1.65047,0.23995,0.4551,0.44943,0.63235,0.60589,0.44943
5.59011,11.0309,5.93477,0.2087,-0.31952,0.92431,0.99494,0.0,0.0,nan,0.0,0.00801,0.01922,22.31813,1.65047,0.22681,0.48997,0.36259,0.92748,0.60589,0.36259
4.72141,10.93886,6.45166,0.25008,-0.33167,0.90965,0.99704,0.0,0.0,nan,0.0,0.00936,0.02267,21.83151,1.81552,0.22646,0.5175,0.37595,0.8707,0.55081,0.37595
4.96413,12.99279,-10.42057,0.07993,0.11595,-0.99003,0.99694,0.0,0.0,nan,0.0,0.0089,0.03177,17.61637,1.68198,0.23685,0.43178,0.37853,0.7226,0.59454,0.37853
5.6467,12.12777,5.90122,0.21708,-0.35935,0.9076,0.97666,0.0,0.0,nan,0.0,0.00802,0.02232,20.22544,2.21309,0.23505,0.46004,0.31416,0.85794,0.45186,0.31416
5.07023,12.83604,7.11768,0.16991,-0.31989,0.93209,0.98715,0.0,0.0,nan,0.0,0.00733,0.02286,19.32789,2.26052,0.23668,0.5059,0.31645,0.6991,0.44238,0.31645
5.05293,15.05465,-10.42793,0.11341,0.01597,-0.99342,0.99684,0.0,0.0,nan,0.0,0.00648,0.02555,18.69047,1.65047,0.22572,0.31214,0.60373,0.89989,0.60589,0.60373
5.36976,15.8722,-9.91563,0.10516,-0.00115,-0.99445,0.98455,4e-05,0.00018,0.7,1.0,0.00465,0.02532,16.84298,2.04466,0.22475,0.24185,0.31296,0.84879,0.48908,0.31296
4.97248,15.02084,7.52922,0.04449,-0.16167,0.98584,0.99574,0.0,0.0,nan,0.0,0.01886,0.03445,18.863,1.66643,0.23664,0.68308,0.36191,0.88637,0.60008,0.36191
4.94552,17.02078,-10.36705,0.1569,0.0122,-0.98754,0.99714,0.0,0.0,nan,0.0,0.00488,0.02003,14.59057,1.90305,0.23302,0.33872,0.45134,0.81745,0.52547,0.45134
5.27722,16.37549,-9.93431,0.12306,0.00565,-0.99238,0.98495,0.0,0.0,nan,0.0,0.00525,0.037,15.32987,3.23619,0.24306,0.46861,0.91373,0.71965,0.30901,0.91373
4.96053,16.74039,7.58849,0.10106,-0.25533,0.96156,0.99604,0.0,0.0,nan,0.0,0.01524,0.02981,20.39948,1.71363,0.23918,0.58509,0.27234,0.95976,0.58356,0.27234
5.01255,17.52986,8.28102,0.15297,-0.22162,0.96306,0.98705,0.0,0.0,nan,0.0,0.00933,0.02001,19.35836,3.60706,0.23707,0.5527,0.42732,0.93112,0.27723,0.42732
4.96074,18.94468,-10.50194,0.13155,-0.01909,-0.99113,0.99574,0.0,0.0,nan,0.0,0.00277,0.01703,16.02644,2.08108,0.23515,0.37063,0.52036,0.49404,0.48052,0.52036
5.5238,19.49827,-9.54102,0.16052,-0.00976,-0.98698,0.95498,0.0,0.0,nan,0.0,0.00377,0.01903,15.43025,3.20315,0.2414,0.39394,0.60611,0.56799,0.31219,0.60611
5.84325,19.48188,7.80077,0.21683,-0.08434,0.97256,0.99155,0.0,0.0,nan,0.0,0.01169,0.02363,20.65933,1.88782,0.23153,0.61774,0.64486,0.87828,0.52971,0.64486
4.99208,18.93624,8.59113,0.22041,-0.15118,0.96362,0.98096,0.0,0.0,nan,0.0,0.00738,0.01782,19.32552,2.02846,0.22945,0.56184,0.73201,0.81291,0.49298,0.73201
5.04517,20.89665,-10.52837,0.14104,0.01757,-0.98985,0.99704,0.0,0.0,nan,0.0,0.00203,0.01561,13.36541,3.48077,0.2438,0.4053,0.441,0.36872,0.28729,0.441
5.59198,20.09107,-9.91589,0.1673,0.00556,-0.98589,0.99424,0.0,0.0,nan,0.0,0.00207,0.01325,14.93542,1.71006,0.2551,0.34096,0.53492,0.51893,0.58477,0.53492
5.89374,20.75471,7.88627,0.23339,-0.14074,0.96214,0.96677,0.0,0.0,nan,0.0,0.01192,0.0211,24.01949,2.0485,0.23694,0.65675,0.6039,0.93182,0.48816,0.6039
5.07887,21.06021,8.68533,0.24986,-0.18454,0.95054,0.99335,0.0,0.0,nan,0.0,0.01122,0.02523,24.34351,1.69439,0.23167,0.65077,0.47183,0.73934,0.59018,0.47183
4.92417,23.00948,-10.28311,0.15276,0.18262,-0.97124,0.99534,0.0,0.0,nan,0.0,0.00838,0.04524,7.70769,2.25636,0.22391,0.66827,0.539,0.34924,0.44319,0.539
5.81334,23.81342,-9.94464,0.17629,0.20875,-0.96195,0.99624,0.0,0.0,nan,0.0,0.00443,0.02313,9.91794,1.69133,0.23599,0.52523,0.50601,0.43783,0.59125,0.50601
4.98638,22.86035,9.19115,0.18445,-0.23569,0.95416,0.98845,0.0256,0.12798,0.6,1.0,0.01358,0.04305,22.18348,1.86563,0.22973,0.66385,0.84092,0.73071,0.53601,0.84092
4.4861,24.34669,-10.1118,0.17018,0.16741,-0.97109,0.99704,0.0,0.0,nan,0.0,0.00373,0.02024,9.44955,1.65047,0.232,0.46322,0.43877,0.48204,0.60589,0.43877
4.99042,25.01407,-9.5716,0.20576,0.15848,-0.96568,0.99105,0.0,0.0,nan,0.0,0.00451,0.01682,10.2166,2.0623,0.24215,0.46568,0.3758,0.68795,0.48489,0.3758
5.00015,25.05472,9.39615,0.03892,-0.07967,0.99606,0.99634,0.07499,0.37493,0.6,1.0,0.01272,0.07224,20.02204,1.78455,0.24202,0.75477,0.94211,0.66599,0.56037,0.94211
4.49451,27.84715,-10.02759,0.1733,0.00851,-0.98483,0.99564,0.0,0.0,nan,0.0,0.00509,0.01962,19.41912,1.65047,0.23769,0.46011,0.41572,0.62166,0.60589,0.41572
5.08525,26.89641,-9.85822,0.18089,0.04317,-0.98256,0.99694,0.0,0.0,nan,0.0,0.00359,0.01547,17.63881,1.77312,0.23341,0.37282,0.39547,0.69298,0.56398,0.39547
5.01992,26.95697,9.29843,0.06367,-0.14374,0.98756,0.99674,0.02964,0.14822,0.7,1.0,0.00492,0.02531,20.29157,1.8495,0.23694,0.58302,0.94181,0.9488,0.54069,0.94181
4.27291,27.85648,10.04718,0.05912,-0.10317,0.9929,0.98206,0.0,0.0,nan,0.0,0.01038,0.02715,20.90353,1.75278,0.23086,0.46758,0.57101,0.89618,0.57052,0.57101
4.57717,28.4653,-10.03023,0.16461,0.0079,-0.98633,0.99135,0.0,0.0,nan,0.0,0.00713,0.02367,19.3921,1.73051,0.24032,0.48597,0.60128,0.68336,0.57786,0.60128
5.17604,29.19674,-9.75507,0.19626,0.0147,-0.98044,0.99335,0.0,0.0,nan,0.0,0.00577,0.02556,17.27244,1.72998,0.22506,0.39248,0.5039,0.64182,0.57804,0.5039
5.02204,29.0303,9.72541,0.03376,-0.01848,0.99926,0.99584,0.0,0.0,nan,0.0,0.01154,0.02942,24.56279,3.42681,0.23652,0.5898,0.49024,0.71941,0.29182,0.49024
4.34515,28.38208,10.08064,0.04593,-0.05269,0.99755,0.98555,0.0,0.0,nan,0.0,0.01036,0.02812,23.64397,1.68401,0.23975,0.53507,0.4135,0.74712,0.59382,0.4135
4.95386,30.99552,-9.68243,0.18387,0.07261,-0.98027,0.99384,0.0,0.0,nan,0.0,0.00539,0.02806,12.5497,1.65632,0.24146,0.35562,0.56229,0.62604,0.60375,0.56229
4.94008,31.00291,9.50044,0.00524,-0.08975,0.99595,0.98036,0.0,0.0,nan,0.0,0.00897,0.02982,24.00603,1.88505,0.2336,0.59487,0.47634,0.5477,0.53049,0.47634
5.05887,33.0713,-9.38954,0.16611,0.10408,-0.9806,0.99305,0.0,0.0,nan,0.0,0.00796,0.03893,6.3477,2.89915,0.22861,0.53706,0.55981,0.50078,0.34493,0.55981
4.91962,32.41512,9.57501,-0.01261,-0.22769,0.97365,0.98236,0.0,0.0,nan,0.0,0.01362,0.03382,18.84234,2.22893,0.22958,0.57398,0.51809,0.77608,0.44865,0.51809
4.95351,33.20166,10.38209,0.02661,-0.18804,0.9818,0.99015,0.0,0.0,nan,0.0,0.01198,0.03275,20.80217,2.23667,0.23224,0.61753,0.54304,0.64923,0.44709,0.54304
4.99151,34.98015,-9.17984,0.14023,0.0749,-0.98728,0.99105,0.0,0.0,nan,0.0,0.00635,0.04683,13.34081,1.93522,0.2268,0.34063,0.62644,0.45798,0.51674,0.62644
5.72232,35.48248,9.91923,0.15036,0.03836,0.98789,0.99514,0.0,0.0,nan,0.0,0.0216,0.04817,24.85451,1.87392,0.22698,0.6067,0.53267,0.79847,0.53364,0.53267
5.09313,35.05212,10.56209,0.09939,-0.00205,0.99505,0.98525,0.0,0.0,nan,0.0,0.01833,0.05101,23.56409,1.65047,0.22571,0.65545,0.63946,0.59473,0.60589,0.63946
5.04893,37.03246,-9.16079,0.14842,0.03989,-0.98812,0.99604,0.0,0.0,nan,0.0,0.00922,0.05625,21.66353,1.78507,0.22288,0.2421,0.40028,0.7392,0.5602,0.40028
5.71596,37.23452,9.99575,0.13779,-0.01759,0.9903,0.99474,0.0,0.0,nan,0.0,0.01607,0.03551,26.34637,1.72708,0.23126,0.50169,0.47391,0.97083,0.57901,0.47391
5.01817,37.05999,10.54358,0.10438,-0.00054,0.99454,0.99584,0.0,0.0,nan,0.0,0.01281,0.03256,24.45504,1.67692,0.22475,0.4904,0.57717,0.86787,0.59633,0.57717
4.99904,38.9245,-8.98995,0.21642,0.00706,-0.97628,0.99734,0.0,0.0,nan,0.0,0.00732,0.0659,22.83444,1.83205,0.21464,0.18177,0.44138,0.6646,0.54584,0.44138
5.85811,38.02008,9.99197,0.12323,-0.03819,0.99164,0.99674,0.0,0.0,nan,0.0,0.01201,0.0301,26.24182,1.83087,0.22364,0.44343,0.39876,0.96852,0.54619,0.39876
5.01598,38.97744,10.45844,0.04873,0.0027,0.99881,0.99694,0.0,0.0,nan,0.0,0.01137,0.02431,24.65234,1.81552,0.23055,0.50845,0.40712,0.99471,0.55081,0.40712
5.12022,41.02412,-9.13138,0.26693,-0.02,-0.96351,0.99744,0.0,0.0,nan,0.0,0.01498,0.04766,19.99641,1.88512,0.2159,0.39034,0.5963,0.88544,0.53047,0.5963
5.45414,41.44772,9.81687,-0.00399,-0.0833,0.99652,0.97596,0.0,0.0,nan,0.0,0.00911,0.01928,22.13757,1.90202,0.22612,0.51535,0.45629,1.0,0.52576,0.45629
4.9202,40.88251,10.09319,0.00156,-0.06567,0.99784,0.99494,0.0,0.0,nan,0.0,0.0099,0.02287,21.74337,1.86738,0.22493,0.48957,0.50825,0.96526,0.53551,0.50825
5.00339,42.93446,-8.9103,0.24097,0.00494,-0.97052,0.99734,0.02106,0.1053,0.7,1.0,0.01239,0.0432,17.74543,1.72111,0.23171,0.4623,0.54717,0.6901,0.58102,0.54717
5.0128,42.85127,10.78349,-0.0186,-0.05195,0.99848,0.99704,0.0,0.0,nan,0.0,0.00696,0.01957,20.98506,2.13669,0.2256,0.42743,0.61396,0.91142,0.46801,0.61396
5.08752,45.09197,-9.08872,0.21188,0.14242,-0.96686,0.99624,0.0,0.0,nan,0.0,0.00933,0.03943,13.10851,1.70096,0.22794,0.31902,0.42004,0.85455,0.5879,0.42004
4.9214,44.94941,10.6716,-0.01658,0.10025,0.99482,0.99285,0.0,0.0,nan,0.0,0.0113,0.0247,22.34263,1.65047,0.21604,0.54271,0.37336,0.9189,0.60589,0.37336
4.95738,46.96429,-8.57699,0.19365,0.10625,-0.9753,0.99714,0.0,0.0,nan,0.0,0.01353,0.0562,16.01185,2.04567,0.23794,0.53385,0.65485,0.50734,0.48884,0.65485
5.68643,47.52869,9.73207,0.01187,0.14795,0.98892,0.98355,0.0,0.0,nan,0.0,0.00681,0.0162,20.86467,1.81552,0.23211,0.48869,0.56746,0.94208,0.55081,0.56746
4.92763,46.97375,10.34378,0.02283,0.11912,0.99262,0.99674,0.0,0.0,nan,0.0,0.00828,0.01798,20.89459,2.07789,0.22402,0.51924,0.33421,0.97209,0.48126,0.33421
5.04046,48.99616,-8.7138,0.18093,0.05961,-0.98169,0.99594,0.0,0.0,nan,0.0,0.00831,0.03424,11.8805,2.27813,0.22443,0.41292,0.47143,0.687,0.43896,0.47143
5.47235,48.53592,9.86068,0.02189,0.13067,0.99118,0.99454,0.0,0.0,nan,0.0,0.00512,0.01461,20.52567,1.90031,0.22545,0.40672,0.49315,0.94535,0.52623,0.49315
4.8453,49.04596,10.28098,0.05357,0.13143,0.98988,0.99714,0.0,0.0,nan,0.0,0.00687,0.01551,22.6899,2.26743,0.2329,0.56099,0.27766,0.85922,0.44103,0.27766
4.95467,50.95016,-8.40512,0.22024,0.12767,-0.96706,0.99604,0.0,0.0,nan,0.0,0.00766,0.02501,11.98223,1.81552,0.22951,0.40434,0.54317,0.88417,0.55081,0.54317
5.79703,51.59399,-7.89234,0.29911,0.10789,-0.9481,0.99664,0.0,0.0,nan,0.0,0.01087,0.02884,10.98722,3.40162,0.23724,0.44554,0.71096,1.0,0.29398,0.71096
4.99511,51.05527,9.50049,0.04693,0.1777,0.98297,0.99564,0.0,0.0,nan,0.0,0.01273,0.0271,24.30715,1.65047,0.24238,0.6953,0.4588,0.73139,0.60589,0.4588
4.39911,50.45743,10.05492,0.07327,0.14845,0.9862,0.99245,0.0,0.0,nan,0.0,0.00771,0.01839,22.91656,1.90511,0.23161,0.65886,0.46782,0.69207,0.52491,0.46782
4.85628,53.0612,-8.18008,0.21209,0.04268,-0.97632,0.99734,0.0,0.0,nan,0.0,0.00989,0.03002,11.87414,1.86363,0.22928,0.41797,0.68104,0.92084,0.53659,0.68104
5.77996,52.54723,-7.8979,0.28664,0.03508,-0.95739,0.99724,0.0,0.0,nan,0.0,0.01313,0.03568,11.80726,1.82687,0.23859,0.4489,0.40087,0.95862,0.54738,0.40087
5.05965,53.07322,9.54443,0.06177,0.08866,0.99414,0.99624,0.0,0.0,nan,0.0,0.00916,0.02179,21.70281,1.97622,0.2298,0.4738,0.4356,0.96916,0.50602,0.4356
4.90558,54.73038,-8.08554,0.17505,0.09623,-0.97984,0.99684,0.0,0.0,nan,0.0,0.00973,0.02656,12.52288,1.69004,0.23901,0.51431,0.58293,0.82584,0.5917,0.58293
5.13613,55.65973,-7.76862,0.15685,0.07266,-0.98495,0.99574,0.0,0.0,nan,0.0,0.00745,0.01956,14.29203,1.81552,0.23634,0.47117,0.61604,0.92147,0.55081,0.61604
4.83486,55.07253,9.36222,0.02542,0.21164,0.97702,0.99205,0.0,0.0,nan,0.0,0.00808,0.01686,20.35931,1.69022,0.22982,0.57286,0.53224,0.91897,0.59164,0.53224
4.81657,57.68224,-8.07169,0.08735,-0.13333,-0.98721,0.99714,0.0,0.0,nan,0.0,0.00948,0.02577,15.73184,2.02684,0.2281,0.43855,0.35371,0.94541,0.49338,0.35371
5.01394,56.75444,-7.70775,0.1088,-0.02048,-0.99385,0.99414,0.0,0.0,nan,0.0,0.01145,0.02631,14.59369,2.38942,0.22983,0.53476,0.76186,0.96153,0.41851,0.76186
4.42943,57.40894,7.86322,0.01357,0.18645,0.98237,0.92121,0.0,0.0,nan,0.0,0.00633,0.01448,19.12592,1.66205,0.23757,0.50475,0.7264,0.95653,0.60167,0.7264
5.00491,56.96641,8.67333,-0.01904,0.25457,0.96687,0.99374,0.0,0.0,nan,0.0,0.00596,0.01296,18.18534,1.82517,0.23738,0.51963,0.39834,0.98288,0.54789,0.39834
5.01628,59.02856,-8.40221,0.12393,-0.28201,-0.95137,0.99045,0.0,0.0,nan,0.0,0.00542,0.01916,16.53593,2.192,0.22921,0.37281,0.43619,0.84996,0.4562,0.43619
4.07891,58.39373,-7.98225,0.07968,-0.22671,-0.9707,0.98875,0.0,0.0,nan,0.0,0.01098,0.02592,16.08802,2.24075,0.22069,0.51806,0.41006,0.91887,0.44628,0.41006
4.72169,58.37555,7.73894,-0.01856,0.0763,0.99691,0.9402,0.0,0.0,nan,0.0,0.00401,0.01267,16.82586,1.75375,0.23916,0.40632,0.31782,0.87112,0.57021,0.31782
5.08451,59.00291,8.42524,-0.0315,0.08133,0.99619,0.99674,0.0,0.0,nan,0.0,0.00953,0.02388,15.91728,2.08232,0.23029,0.59159,0.42785,0.75903,0.48023,0.42785
4.95966,61.00672,-8.89778,0.14588,-0.34196,-0.92832,0.99574,0.0,0.0,nan,0.0,0.00883,0.02031,16.24583,1.81552,0.23686,0.49306,0.46568,0.99007,0.55081,0.46568
5.26242,61.84102,7.7556,-0.0114,0.38029,0.9248,0.99714,0.0,0.0,nan,0.0,0.00881,0.0282,14.31854,1.7523,0.23191,0.58899,0.4076,0.60463,0.57068,0.4076
5.03942,60.88037,8.34439,-0.01578,0.27349,0.96175,0.97636,0.0,0.0,nan,0.0,0.00852,0.02548,14.29918,2.42625,0.23602,0.60962,0.46379,0.62498,0.41216,0.46379
5.02815,63.69469,-10.13257,0.10736,-0.1321,-0.98541,0.91702,0.0,0.0,nan,0.0,0.01526,0.05051,29.68318,1.91759,0.24215,0.79369,0.75519,0.41314,0.52149,0.75519
5.00174,62.74063,-9.44339,0.09942,-0.29328,-0.95084,0.99265,0.0,0.0,nan,0.0,0.01493,0.04114,16.60971,1.65047,0.23801,0.70047,0.78426,0.65213,0.60589,0.78426
4.76285,62.90233,6.98394,-0.08056,0.40982,0.9086,0.99714,0.0,0.0,nan,0.0,0.01105,0.02382,17.95807,1.81552,0.24288,0.65063,0.72965,0.7922,0.55081,0.72965
4.89555,64.82587,-10.34863,0.15366,0.24296,-0.95779,0.83819,0.0,0.0,nan,0.0,0.00613,0.05816,30.56514,2.30907,0.22537,0.81111,0.97267,0.48149,0.43307,0.97267
5.15685,65.74562,-9.38239,0.19615,0.58952,-0.78358,0.9401,0.0,0.0,nan,0.0,0.01807,0.0562,20.42088,3.0521,0.24116,0.72737,0.87754,0.82019,0.32764,0.87754
4.87795,65.87553,5.90992,-0.08549,0.54272,0.83555,0.99185,0.0,0.0,nan,0.0,0.00682,0.02188,19.38595,1.94758,0.23207,0.5369,0.31975,0.64078,0.51346,0.31975
4.99762,64.91969,6.54662,-0.07989,0.45534,0.88673,0.98355,0.0,0.0,nan,0.0,0.00838,0.02468,19.02693,3.23528,0.23201,0.58487,0.7034,0.64204,0.30909,0.7034
4.87316,66.47238,-8.45794,0.1675,0.72934,-0.66333,0.99744,0.00634,0.03169,0.7,1.0,0.00811,0.0329,17.92375,3.37723,0.23814,0.64672,0.92848,0.98837,0.2961,0.92848
5.0106,67.58028,-7.78784,0.14061,0.76243,-0.6316,0.98895,0.0,0.0,nan,0.0,0.00578,0.01608,17.70416,1.87593,0.23274,0.40261,0.36078,0.9932,0.53307,0.36078
5.9013,67.95806,-5.68826,0.12514,0.89654,-0.42492,0.99474,0.0,0.0,nan,0.0,0.00286,0.01161,16.83238,1.88372,0.22314,0.39503,0.62302,0.69712,0.53087,0.62302
4.21663,67.94202,3.80646,-0.07564,0.82921,0.55379,0.98795,0.0,0.0,nan,0.0,0.00963,0.02161,19.20385,1.72275,0.23623,0.55903,0.48125,0.87976,0.58047,0.48125
4.97882,66.88489,4.91405,-0.12502,0.67476,0.72737,0.99305,0.0,0.0,nan,0.0,0.01106,0.0277,19.30657,1.8995,0.2319,0.60356,0.46555,0.73026,0.52646,0.46555
5.01312,68.25117,-6.57807,0.11736,0.84623,-0.51974,0.98795,0.0,0.0,nan,0.0,0.00345,0.012,15.79615,1.93976,0.22223,0.40884,0.55288,0.79285,0.51553,0.55288
5.10253,68.97799,-5.14649,0.10345,0.96024,-0.25929,0.97576,0.0,0.0,nan,0.0,0.00658,0.02528,12.70264,1.72638,0.2298,0.44992,0.31725,0.66988,0.57925,0.31725
4.98514,68.99413,-2.97088,0.04059,0.99917,0.0039,0.99335,0.0,0.0,nan,0.0,0.01209,0.0277,11.67046,2.59326,0.2096,0.54758,0.66149,0.93397,0.38561,0.66149
4.98948,68.81179,-0.96218,-0.03503,0.99857,0.04036,0.99734,0.0,0.0,nan,0.0,0.00841,0.03023,16.67618,2.06433,0.22517,0.42948,0.36087,0.72539,0.48442,0.36087
4.94603,68.85283,1.11987,-0.04653,0.99582,0.07859,0.99255,0.0,0.0,nan,0.0,0.00841,0.02231,20.11875,1.91405,0.22619,0.4144,0.36503,1.0,0.52245,0.36503
5.04054,68.52029,3.01315,-0.13301,0.91021,0.39221,0.97057,0.0,0.0,nan,0.0,0.01232,0.0287,20.64059,1.92295,0.22324,0.49327,0.6596,0.9548,0.52003,0.6596
5.56151,68.12183,4.12306,-0.16932,0.80956,0.56209,0.97007,0.0,0.0,nan,0.0,0.01602,0.04459,20.65173,1.81846,0.22929,0.62743,0.68358,0.62816,0.54992,0.68358
6.72588,1.97191,-8.08315,0.06972,-0.87061,-0.48702,0.99115,0.0,0.0,nan,0.0,0.0151,0.03782,9.66086,1.9938,0.23374,0.48356,0.72079,0.99694,0.50156,0.72079
7.01434,1.60762,-6.99223,0.03816,-0.92187,-0.38562,0.99744,0.0,0.0,nan,0.0,0.01278,0.0403,9.44067,1.66414,0.22869,0.44072,0.59422,0.87236,0.60091,0.59422
7.01553,0.89605,-5.02457,0.02406,-0.96479,-0.26192,0.99744,0.0,0.0,nan,0.0,0.00746,0.0367,6.54407,1.88555,0.23217,0.26528,0.50681,1.0,0.53035,0.50681
6.98515,0.41062,-3.04108,0.03954,-0.98886,-0.1435,0.99714,0.0,0.0,nan,0.0,0.00716,0.0358,6.81139,1.96689,0.23119,0.25971,0.4074,0.99656,0.50842,0.4074
6.9689,0.29383,-0.93789,0.02873,-0.99606,0.08393,0.99285,0.0,0.0,nan,0.0,0.01231,0.07133,12.90998,1.86499,0.2279,0.39176,0.81778,0.64978,0.5362,0.81778
6.99162,0.76515,1.11787,0.03974,-0.85685,0.51403,0.95358,0.0,0.0,nan,0.0,0.01431,0.06304,19.06986,1.6516,0.23278,0.3161,0.75684,0.81117,0.60547,0.75684
7.02252,1.70354,2.17071,0.07693,-0.66623,0.74177,0.97686,0.0,0.0,nan,0.0,0.00703,0.04027,20.25561,1.89349,0.23299,0.23513,0.33564,0.81635,0.52812,0.33564
6.61389,3.73259,-10.09992,0.08707,-0.43899,-0.89426,0.95998,0.0,0.0,nan,0.0,0.00708,0.02251,15.15513,2.04242,0.22995,0.48478,0.59879,0.73418,0.48961,0.59879
7.06013,2.7545,-9.08968,0.09214,-0.69566,-0.71244,0.96707,0.0,0.0,nan,0.0,0.01548,0.05357,13.99047,1.92684,0.23931,0.57773,0.82816,0.76226,0.51899,0.82816
6.98309,3.00335,2.99877,0.09758,-0.50723,0.85627,0.99734,0.0,0.0,nan,0.0,0.01113,0.03819,24.20454,2.65924,0.23977,0.34936,0.52602,0.90326,0.37605,0.52602
6.93711,4.98391,-10.27901,0.0961,-0.24081,-0.9658,0.98685,0.0,0.0,nan,0.0,0.00905,0.02981,14.31095,2.51678,0.22691,0.4506,0.63899,0.76789,0.39733,0.63899
7.80433,4.24813,-9.97407,0.12864,-0.37188,-0.91932,0.98306,0.0,0.0,nan,0.0,0.00895,0.0361,15.62682,2.01265,0.22997,0.3484,0.45901,0.80236,0.49686,0.45901
7.17055,4.57957,3.55501,0.10396,-0.40842,0.90685,0.99744,0.0,0.0,nan,0.0,0.01763,0.04287,30.25018,2.0793,0.22467,0.48835,0.43531,0.89786,0.48093,0.43531
6.92738,5.43036,4.23946,0.1117,-0.39738,0.91083,0.99664,0.0,0.0,nan,0.0,0.01587,0.04178,31.08644,1.8528,0.22861,0.54537,0.6613,0.74114,0.53972,0.6613
7.02231,7.11517,-10.5039,0.05583,-0.03494,-0.99783,0.99584,0.0,0.0,nan,0.0,0.00751,0.02491,16.62577,1.65047,0.23455,0.4527,0.61942,0.7459,0.60589,0.61942
7.00742,6.90551,4.78331,0.12669,-0.3541,0.92659,0.99494,0.0,0.0,nan,0.0,0.01052,0.05356,22.79701,1.71455,0.23077,0.56705,0.8803,0.64625,0.58324,0.8803
7.13555,8.87284,-10.17615,0.05983,-0.01695,-0.99806,0.99285,0.0,0.0,nan,0.0,0.00575,0.01606,18.74098,1.89861,0.22912,0.50508,0.39526,0.78397,0.5267,0.39526
6.60628,9.44976,-9.5892,0.08409,-0.03596,-0.99581,0.90793,0.0,0.0,nan,0.0,0.00618,0.01563,18.39573,1.93545,0.22904,0.49944,0.37469,0.87781,0.51667,0.37469
7.05234,9.04607,5.39838,0.09332,-0.2458,0.96482,0.99704,0.0,0.0,nan,0.0,0.01225,0.03942,17.55782,1.81552,0.2421,0.52944,0.41356,0.65389,0.55081,0.41356
6.97144,10.9005,-10.62799,0.11698,0.00959,-0.99309,0.99704,0.0,0.0,nan,0.0,0.00498,0.01549,22.01143,2.0004,0.221,0.44334,0.39091,0.79138,0.4999,0.39091
6.6308,10.13939,-9.88797,0.11662,-0.00489,-0.99316,0.97257,0.0,0.0,nan,0.0,0.00631,0.01655,18.92931,1.92959,0.22663,0.52865,0.43044,0.79703,0.51824,0.43044
7.07881,10.93733,5.74303,0.16877,-0.25207,0.95288,0.99544,0.0,0.0,nan,0.0,0.0126,0.02745,21.43416,1.88804,0.22569,0.53316,0.61495,0.94131,0.52965,0.61495
6.50394,11.82708,6.06901,0.2031,-0.34805,0.91521,0.99534,0.0,0.0,nan,0.0,0.00767,0.01962,19.53214,2.23719,0.23016,0.45913,0.36411,0.9385,0.44699,0.36411
6.93769,12.89843,-10.26137,0.0914,0.06195,-0.99389,0.99644,0.0,0.0,nan,0.0,0.01184,0.03865,20.52515,2.05885,0.22286,0.44915,0.71242,0.74828,0.48571,0.71242
6.66017,12.8574,-9.98512,0.09289,0.05917,-0.99392,0.99025,0.0,0.0,nan,0.0,0.01091,0.03662,21.01412,1.65842,0.22969,0.43927,0.71432,0.74266,0.60298,0.71432
7.26108,12.54636,5.66029,0.21141,-0.36123,0.90819,0.97566,0.0,0.0,nan,0.0,0.00797,0.02361,18.3879,1.90665,0.22298,0.44166,0.46939,0.84702,0.52448,0.46939
6.94452,13.01028,6.83407,0.21114,-0.3696,0.90488,0.99364,0.0,0.0,nan,0.0,0.00557,0.02094,17.88385,1.8549,0.22642,0.41228,0.4186,0.71776,0.53911,0.4186
6.97559,15.00371,-10.47158,0.05339,0.0451,-0.99755,0.99734,0.0,0.0,nan,0.0,0.00543,0.02709,18.51696,1.878,0.22202,0.3162,0.31891,0.70213,0.53248,0.31891
7.29607,15.85256,-9.96658,0.09039,0.05191,-0.99455,0.99674,0.0,0.0,nan,0.0,0.00476,0.02604,15.17233,1.65047,0.23142,0.30591,0.29034,0.67688,0.60589,0.29034
7.13868,15.0481,7.33503,0.21672,-0.18685,0.95819,0.98575,0.0,0.0,nan,0.0,0.01599,0.04262,17.71776,2.2224,0.22355,0.55562,0.52879,0.75137,0.44996,0.52879
7.00779,17.0437,-10.32513,0.09966,0.049,-0.99381,0.99634,0.0,0.0,nan,0.0,0.00645,0.02795,16.65948,1.81552,0.23793,0.34846,0.33461,0.74223,0.55081,0.33461
6.8664,16.10371,-9.94821,0.08536,0.03681,-0.99567,0.99684,0.0,0.0,nan,0.0,0.00677,0.027,15.05794,1.65047,0.23423,0.33962,0.27971,0.83615,0.60589,0.27971
7.05869,17.00597,7.37508,0.18665,-0.20456,0.96089,0.99664,0.0,0.0,nan,0.0,0.00765,0.02114,21.49644,2.21847,0.23002,0.42054,0.48078,0.94008,0.45076,0.48078
6.07354,17.72125,8.0435,0.15627,-0.18265,0.97068,0.99005,0.0,0.0,nan,0.0,0.0062,0.01709,19.40284,1.74582,0.23259,0.44918,0.54987,0.89152,0.5728,0.54987
7.00936,19.04245,-10.29119,0.16256,0.02316,-0.98643,0.99724,0.0,0.0,nan,0.0,0.0038,0.01582,17.22665,3.34838,0.23569,0.33092,0.41098,0.81044,0.29865,0.41098
6.65137,19.58669,-9.99216,0.17502,0.02053,-0.98435,0.99694,0.0,0.0,nan,0.0,0.00269,0.01295,16.39186,1.72315,0.23585,0.32093,0.37592,0.72511,0.58033,0.37592
6.59875,18.92856,7.70051,0.16978,-0.08903,0.98145,0.99564,0.0,0.0,nan,0.0,0.00885,0.01793,21.26578,2.06162,0.22437,0.58826,0.49438,0.91806,0.48505,0.49438
7.50183,19.04974,8.12648,0.12802,-0.0929,0.98741,0.98825,0.0,0.0,nan,0.0,0.01099,0.02276,22.39847,2.00622,0.22529,0.61751,0.36429,0.85189,0.49845,0.36429
6.93529,20.98203,-10.34662,0.18707,0.0316,-0.98184,0.99504,0.0,0.0,nan,0.0,0.00192,0.01252,16.06081,1.77321,0.23871,0.31513,0.58537,0.54714,0.56395,0.58537
7.85279,20.9302,-9.9166,0.19743,0.04655,-0.97921,0.99654,0.0,0.0,nan,0.0,0.00296,0.018,15.93938,1.74313,0.22607,0.32924,0.43507,0.56211,0.57368,0.43507
6.74058,21.08704,7.55865,0.15401,-0.17882,0.97175,0.92401,0.0,0.0,nan,0.0,0.00807,0.01444,22.6107,1.90057,0.21833,0.61348,0.4449,0.9913,0.52616,0.4449
7.55683,20.80097,8.12468,0.10247,-0.15484,0.98261,0.99514,0.0,0.0,nan,0.0,0.01214,0.02109,22.56887,1.89479,0.22526,0.63032,0.51858,0.99404,0.52776,0.51858
6.55063,22.53795,-10.15745,0.20262,0.13476,-0.96994,0.99095,0.0,0.0,nan,0.0,0.00604,0.04227,10.75405,1.69893,0.23421,0.66288,0.8441,0.36596,0.58861,0.8441
7.24681,23.26443,-9.78795,0.21764,0.1718,-0.96079,0.99694,0.0,0.0,nan,0.0,0.00488,0.02608,10.52323,1.74091,0.23687,0.41249,0.49218,0.54009,0.57441,0.49218
7.01681,22.04679,7.92537,0.13718,-0.30314,0.94302,0.97107,0.0,0.0,nan,0.0,0.00772,0.01614,20.82635,1.86431,0.23568,0.5588,0.5598,0.93789,0.53639,0.5598
7.05121,22.82544,8.73404,0.13899,-0.32055,0.93698,0.99674,0.0,0.0,nan,0.0,0.00979,0.02266,18.87636,1.9211,0.23242,0.61801,0.56392,0.77291,0.52053,0.56392
7.0082,24.94367,-9.50451,0.16715,0.17781,-0.96977,0.99654,0.0,0.0,nan,0.0,0.00378,0.01593,14.0045,1.71035,0.23319,0.43618,0.54126,0.62141,0.58468,0.54126
6.94403,25.0598,9.23087,0.12035,-0.10371,0.9873,0.99444,0.06041,0.30207,0.6,1.0,0.00774,0.08102,16.29928,1.78455,0.24527,0.87983,0.99336,0.55081,0.56037,0.99336
7.14167,27.11491,-8.80857,0.19985,0.08294,-0.97631,0.99105,0.0,0.0,nan,0.0,0.00893,0.02475,14.40185,1.70579,0.23512,0.50089,0.44109,0.82007,0.58624,0.44109
7.01102,27.07187,9.1613,0.14518,-0.10749,0.98355,0.99724,0.0206,0.10301,0.7,1.0,0.01699,0.03799,20.71759,1.73063,0.2393,0.65947,0.62269,0.74372,0.57782,0.62269
6.98745,29.08435,-9.11461,0.27591,0.01923,-0.96099,0.99714,0.0,0.0,nan,0.0,0.00537,0.02248,18.32045,1.92441,0.23752,0.45094,0.48777,0.58771,0.51964,0.48777
7.21635,28.98108,9.92092,0.14996,-0.09802,0.98382,0.98236,0.0,0.0,nan,0.0,0.00888,0.01833,24.72187,2.01657,0.22819,0.66039,0.47627,0.79313,0.49589,0.47627
6.39014,29.3637,10.0245,0.10674,-0.04349,0.99334,0.97796,0.0,0.0,nan,0.0,0.01077,0.02332,22.04692,2.93578,0.2376,0.68203,0.48845,0.73841,0.34063,0.48845
7.03705,30.89396,-9.00588,0.26858,0.04264,-0.96231,0.99724,0.0,0.0,nan,0.0,0.00462,0.02601,15.91882,1.65047,0.23625,0.43941,0.66299,0.45451,0.60589,0.66299
7.13826,30.91742,9.79275,0.06416,-0.09972,0.99294,0.99574,0.0,0.0,nan,0.0,0.01123,0.02208,23.0404,2.3227,0.22998,0.68861,0.4017,0.80297,0.43053,0.4017
6.16665,30.2495,10.00169,0.06584,-0.03288,0.99729,0.98735,0.0,0.0,nan,0.0,0.01342,0.03486,19.19905,2.04574,0.22894,0.69366,0.43049,0.61289,0.48882,0.43049
7.04161,33.01978,-8.95427,0.27018,0.08761,-0.95882,0.99494,0.0,0.0,nan,0.0,0.00461,0.05147,13.46928,1.82974,0.22789,0.36405,0.61699,0.28254,0.54653,0.61699
7.04836,32.38171,9.85375,0.07594,-0.17479,0.98167,0.99474,0.0,0.0,nan,0.0,0.0116,0.0266,23.4714,2.24038,0.22943,0.60294,0.44837,0.78476,0.44635,0.44837
7.00723,33.29304,10.32725,0.09228,-0.0932,0.99136,0.98595,0.0,0.0,nan,0.0,0.01197,0.02949,23.92437,2.22896,0.22892,0.60535,0.43869,0.72642,0.44864,0.43869
7.01616,34.99757,-8.79638,0.27795,0.05552,-0.95899,0.99554,0.00597,0.02987,0.7,1.0,0.00645,0.0542,16.98215,1.81552,0.23306,0.33189,0.74363,0.40086,0.55081,0.74363
7.27344,35.27086,9.69287,0.11815,0.03215,0.99248,0.98995,0.0,0.0,nan,0.0,0.02064,0.04375,25.08676,1.95533,0.22516,0.62327,0.48205,0.81736,0.51142,0.48205
6.72647,34.81253,10.25749,0.13919,0.00202,0.99026,0.99225,0.0,0.0,nan,0.0,0.01573,0.0344,25.30025,1.69864,0.23264,0.58644,0.63873,0.84154,0.58871,0.63873
7.01207,37.05025,-8.60996,0.26521,0.06916,-0.96171,0.99684,0.0,0.0,nan,0.0,0.00843,0.08357,29.18207,1.88005,0.22573,0.17863,0.35806,0.60306,0.5319,0.35806
7.43085,36.88582,9.77004,0.10696,-0.01183,0.99419,0.99424,0.0,0.0,nan,0.0,0.01623,0.03433,29.01253,2.16106,0.22398,0.56168,0.49625,0.89968,0.46274,0.49625
6.65397,37.1295,10.14433,0.14395,-0.02546,0.98926,0.99704,0.0,0.0,nan,0.0,0.015,0.03384,28.25577,1.70991,0.23064,0.48778,0.48904,0.9729,0.58482,0.48904
7.05806,38.97435,-8.60168,0.26814,0.05127,-0.96202,0.99744,0.0,0.0,nan,0.0,0.01013,0.0686,32.29439,1.65047,0.22274,0.21054,0.5372,0.74458,0.60589,0.5372
7.40712,38.45771,9.97703,0.10715,-0.09336,0.98985,0.99694,0.0,0.0,nan,0.0,0.01492,0.03024,26.96997,1.65047,0.22305,0.53311,0.63396,0.99405,0.60589,0.63396
6.86196,39.03367,10.36738,0.08685,-0.08401,0.99267,0.99424,0.0,0.0,nan,0.0,0.01532,0.03117,27.10302,1.84987,0.22131,0.52823,0.46931,0.99934,0.54058,0.46931
6.95358,41.04781,-8.22764,0.28603,-0.01171,-0.95815,0.99654,0.0,0.0,nan,0.0,0.00842,0.0585,24.78677,1.91578,0.21973,0.30248,0.38848,0.51434,0.52198,0.38848
7.32548,40.136,9.90503,0.0615,-0.09078,0.99397,0.99664,0.0,0.0,nan,0.0,0.0204,0.03414,26.32659,1.85692,0.24023,0.64708,0.60609,0.99378,0.53853,0.60609
6.97409,40.92155,10.58513,0.03541,-0.10351,0.994,0.99664,0.0,0.0,nan,0.0,0.01057,0.02108,23.6818,1.73335,0.21629,0.54367,0.5355,1.0,0.57692,0.5355
7.00329,42.95848,-8.68544,0.29782,0.00835,-0.95459,0.99624,0.0,0.0,nan,0.0,0.00847,0.03261,16.12081,2.24256,0.21526,0.49578,0.58567,0.58854,0.44592,0.58567
6.98415,42.95901,10.7183,-0.00697,-0.09193,0.99574,0.99634,0.0,0.0,nan,0.0,0.01,0.02589,19.63434,1.80495,0.22784,0.4554,0.71474,0.93489,0.55403,0.71474
6.90072,44.95652,-8.41389,0.30712,0.12578,-0.94332,0.99674,0.0,0.0,nan,0.0,0.00954,0.03581,12.35037,2.18909,0.22041,0.39958,0.75706,0.7925,0.45681,0.75706
7.60036,45.65428,-7.91779,0.32354,0.12669,-0.93769,0.99684,0.0,0.0,nan,0.0,0.01207,0.03665,12.87066,1.75774,0.22931,0.40959,0.50828,0.92916,0.56891,0.50828
6.92664,44.99682,10.83155,-0.01414,0.09443,0.99543,0.99035,0.0,0.0,nan,0.0,0.0142,0.03067,22.28868,1.76483,0.23339,0.58217,0.58831,0.86688,0.56663,0.58831
6.57411,47.00545,-8.11966,0.28651,0.07493,-0.95514,0.99714,0.0,0.0,nan,0.0,0.01329,0.03692,11.9467,1.96618,0.23079,0.42177,0.4158,0.99656,0.5086,0.4158
7.58702,46.95479,-7.87866,0.28815,0.06319,-0.9555,0.99684,0.0,0.0,nan,0.0,0.01614,0.03853,13.65342,2.03746,0.22628,0.48922,0.40933,0.98148,0.49081,0.40933
6.2568,47.53176,9.77809,-0.00144,0.15322,0.98819,0.98835,0.0,0.0,nan,0.0,0.00859,0.01794,22.0123,1.82808,0.23311,0.54453,0.64082,0.95883,0.54702,0.64082
6.99223,46.98217,10.54388,-0.00671,0.18226,0.98323,0.99674,0.0,0.0,nan,0.0,0.00788,0.01688,24.3304,1.7355,0.22642,0.56263,0.5997,0.89735,0.5762,0.5997
6.77327,48.99022,-8.25104,0.30205,0.09055,-0.94898,0.99394,0.0,0.0,nan,0.0,0.01351,0.03615,11.41428,1.88108,0.23539,0.51026,0.42268,0.86097,0.53161,0.42268
7.75892,49.22257,-7.89031,0.32542,0.14853,-0.93383,0.99494,0.0,0.0,nan,0.0,0.0082,0.02706,13.26734,1.95504,0.23635,0.49888,0.8098,0.86394,0.5115,0.8098
6.88845,48.70602,9.65412,-0.01887,0.12065,0.99252,0.99095,0.0,0.0,nan,0.0,0.00789,0.01658,20.67716,1.8656,0.22521,0.52976,0.52666,0.98575,0.53602,0.52666
7.08433,49.22242,10.15302,-0.01757,0.12724,0.99172,0.99604,0.0,0.0,nan,0.0,0.00624,0.01419,20.2831,1.76559,0.23228,0.49499,0.6268,0.97551,0.56638,0.6268
6.42789,50.32901,-8.18821,0.32581,0.1667,-0.93063,0.99374,0.0,0.0,nan,0.0,0.01744,0.04856,10.82797,1.81552,0.23837,0.5713,0.61245,0.74489,0.55081,0.61245
7.03832,50.99084,-7.4034,0.36252,0.15306,-0.91932,0.99354,0.0,0.0,nan,0.0,0.01086,0.03141,11.89163,1.87341,0.23348,0.47521,0.65478,0.84999,0.53379,0.65478
6.89814,51.1878,9.718,0.01333,0.19207,0.98129,0.99494,0.0,0.0,nan,0.0,0.0093,0.01853,20.24776,1.70343,0.23617,0.55484,0.54347,0.9939,0.58705,0.54347
7.40249,50.36273,10.17793,-0.01138,0.1677,0.98577,0.98126,0.0,0.0,nan,0.0,0.01254,0.02379,22.2107,1.86213,0.23312,0.59561,0.43753,0.96461,0.53702,0.43753
6.12371,53.8783,-8.04746,0.29101,0.03757,-0.95598,0.99135,0.0,0.0,nan,0.0,0.00947,0.02392,11.10692,1.78961,0.23605,0.47381,0.52226,0.98628,0.55878,0.52226
7.03187,53.0269,-7.40287,0.36871,0.02095,-0.92931,0.99734,0.0,0.0,nan,0.0,0.01062,0.02757,11.23467,1.85931,0.23671,0.52142,0.47667,0.86996,0.53783,0.47667
7.0249,52.90332,9.13397,0.04096,0.13149,0.99047,0.99105,0.0,0.0,nan,0.0,0.01038,0.02226,22.89648,1.90932,0.22551,0.50694,0.4457,1.0,0.52375,0.4457
6.16084,54.53918,-8.08236,0.2763,0.04994,-0.95977,0.98216,0.0,0.0,nan,0.0,0.00803,0.02156,12.13814,3.29886,0.23465,0.48773,0.39154,0.88949,0.30313,0.39154
7.13771,55.13687,-7.55468,0.39582,0.03638,-0.91761,0.98625,0.0,0.0,nan,0.0,0.00642,0.01924,13.74774,1.72096,0.24118,0.41665,0.49046,0.91765,0.58107,0.49046
7.11023,55.00352,9.42467,0.07229,0.11482,0.99075,0.98805,0.0,0.0,nan,0.0,0.0174,0.03771,20.7617,1.84103,0.23499,0.53742,0.47669,0.94141,0.54317,0.47669
6.14115,57.86131,-8.04142,0.20393,-0.15211,-0.9671,0.98745,0.0,0.0,nan,0.0,0.01049,0.03122,17.47665,2.56763,0.23006,0.61564,0.76331,0.63563,0.38946,0.76331
7.05617,56.96782,-7.5644,0.36668,-0.07937,-0.92696,0.98685,0.0,0.0,nan,0.0,0.01104,0.02727,13.9201,1.73087,0.23357,0.46323,0.35288,1.0,0.57775,0.35288
7.0105,56.97969,8.62774,-0.01717,0.21328,0.97684,0.99534,0.0,0.0,nan,0.0,0.01171,0.03522,20.25523,1.66499,0.23069,0.46773,0.36961,0.78093,0.60061,0.36961
6.20447,58.99784,-8.02792,0.24491,-0.22794,-0.94237,0.99594,0.0,0.0,nan,0.0,0.00964,0.02557,15.78395,1.91836,0.23516,0.53644,0.35315,0.79147,0.52128,0.35315
7.19176,59.01217,-7.59712,0.36066,-0.21231,-0.90821,0.99624,0.0,0.0,nan,0.0,0.01232,0.02849,15.87841,1.87518,0.23812,0.59458,0.61263,0.81905,0.53328,0.61263
6.96583,58.99915,8.31707,-0.01415,0.11858,0.99284,0.99624,0.0,0.0,nan,0.0,0.00664,0.01969,17.49367,1.65047,0.23647,0.42294,0.42427,0.88817,0.60589,0.42427
6.97625,61.04647,-8.77519,0.28688,-0.39463,-0.87291,0.98785,0.0,0.0,nan,0.0,0.00505,0.01429,15.3739,2.02138,0.23147,0.40985,0.27153,0.97551,0.49471,0.27153
7.41973,60.48927,-7.62087,0.37353,-0.32035,-0.87055,0.98116,0.0,0.0,nan,0.0,0.00801,0.02577,15.62431,1.90318,0.23394,0.52779,0.8543,0.99703,0.52544,0.8543
7.00244,61.53915,7.60084,-0.04554,0.36172,0.93117,0.99584,0.0,0.0,nan,0.0,0.01043,0.02486,16.39378,3.23667,0.23623,0.56159,0.45406,0.83855,0.30896,0.45406
6.97526,60.68089,8.37717,-0.02508,0.24803,0.96843,0.98156,0.0,0.0,nan,0.0,0.00912,0.02363,17.08968,1.66786,0.2353,0.50498,0.28116,0.85358,0.59957,0.28116
6.58428,63.65937,-10.12712,0.21777,-0.08997,-0.97184,0.85917,0.0,0.0,nan,0.0,0.00303,0.03217,30.68561,2.44342,0.2293,0.77601,0.95723,0.38415,0.40926,0.95723
7.34891,62.77137,-9.48588,0.28351,-0.28455,-0.91578,0.9314,0.0,0.0,nan,0.0,0.00306,0.04843,27.19913,1.82002,0.24242,0.76166,0.95471,0.25836,0.54945,0.95471
6.95666,63.10181,7.20233,-0.01252,0.4173,0.90868,0.99584,0.0,0.0,nan,0.0,0.0097,0.01951,17.76716,1.893,0.23485,0.56404,0.62565,0.9803,0.52826,0.62565
6.53974,64.50865,-10.17498,0.24889,0.19083,-0.94955,0.81612,0.0,0.0,nan,0.0,0.00536,0.03565,28.97118,1.85394,0.23837,0.74459,0.93838,0.54371,0.53939,0.93838
7.12884,65.33453,-9.18399,0.21609,0.47568,-0.85267,0.95358,0.0,0.0,nan,0.0,0.00924,0.03529,29.11212,1.90731,0.23643,0.64788,0.80764,0.52958,0.5243,0.80764
7.34553,65.67644,5.88475,0.01224,0.46398,0.88576,0.99714,0.0,0.0,nan,0.0,0.01089,0.02402,16.31944,2.02469,0.23442,0.5429,0.41233,0.93721,0.4939,0.41233
6.94513,64.82564,6.37388,0.00207,0.41616,0.90929,0.99724,0.0,0.0,nan,0.0,0.00965,0.02026,18.35568,2.21197,0.22243,0.52834,0.30508,1.0,0.45209,0.30508
6.63906,66.10062,-8.19687,0.15342,0.65754,-0.73763,0.99205,0.0,0.0,nan,0.0,0.01815,0.03734,16.78119,1.68776,0.24046,0.57968,0.57784,0.93862,0.5925,0.57784
6.98346,67.10776,-7.42519,0.09832,0.75288,-0.65078,0.99614,0.0,0.0,nan,0.0,0.00904,0.02153,18.86779,2.37868,0.23424,0.52317,0.59733,0.88746,0.4204,0.59733
7.45677,67.98214,-5.42849,0.10832,0.92728,-0.35837,0.99245,0.0,0.0,nan,0.0,0.00479,0.01981,16.88149,1.87609,0.23413,0.42804,0.6421,0.63222,0.53302,0.6421
6.98051,67.01701,5.17705,-0.04337,0.61819,0.78483,0.98415,0.0,0.0,nan,0.0,0.01943,0.0442,19.68598,1.66314,0.23447,0.68445,0.70492,0.70749,0.60127,0.70492
6.89401,68.04198,-6.57912,0.11237,0.8435,-0.52525,0.98565,0.0,0.0,nan,0.0,0.00503,0.01535,17.7199,1.75649,0.23099,0.40926,0.28305,0.89063,0.56932,0.28305
6.95436,68.49728,-4.92533,0.1376,0.95846,-0.24984,0.99434,0.0,0.0,nan,0.0,0.00448,0.02393,13.84596,2.70132,0.22549,0.5015,0.87338,0.70612,0.37019,0.87338
7.01129,68.87778,-2.96539,0.11399,0.99155,-0.06199,0.99285,0.0,0.0,nan,0.0,0.01128,0.03037,13.58068,1.81552,0.24194,0.5466,0.61962,0.77977,0.55081,0.61962
7.0052,68.57481,-0.95964,0.03193,0.99852,-0.04403,0.99624,0.0,0.0,nan,0.0,0.00716,0.03012,18.42855,1.77822,0.2273,0.63359,0.83263,0.56545,0.56236,0.83263
6.97553,69.06787,0.88033,-0.02326,0.9996,0.01584,0.99654,0.0,0.0,nan,0.0,0.00987,0.02401,23.50349,1.8609,0.22542,0.60519,0.67844,0.73687,0.53738,0.67844
7.02145,68.70489,3.01547,-0.03074,0.94809,0.31653,0.96947,0.0,0.0,nan,0.0,0.0179,0.04198,22.67555,2.00753,0.2279,0.63551,0.54112,0.72997,0.49812,0.54112
7.07483,68.28043,4.28209,-0.04692,0.82733,0.55975,0.94579,0.0,0.0,nan,0.0,0.01177,0.03865,21.14911,1.89016,0.22998,0.6194,0.75899,0.55396,0.52905,0.75899
8.47228,1.98198,-8.02522,0.05161,-0.8476,-0.52813,0.98595,0.0,0.0,nan,0.0,0.0222,0.05826,9.61374,1.90246,0.23255,0.50514,0.54063,0.91145,0.52563,0.54063
8.9903,1.55927,-6.97606,0.04952,-0.91083,-0.4098,0.99384,0.0,0.0,nan,0.0,0.01786,0.06462,9.80909,1.81552,0.23541,0.49031,0.57032,0.67857,0.55081,0.57032
8.98256,0.89508,-5.03911,0.03849,-0.96811,-0.24755,0.99734,0.0,0.0,nan,0.0,0.00872,0.03481,7.08879,2.0357,0.22718,0.32119,0.49065,1.0,0.49123,0.49065
8.95949,0.64934,-2.97859,0.05054,-0.99041,-0.12861,0.99744,0.0,0.0,nan,0.0,0.0101,0.03836,6.90817,2.74083,0.23142,0.35032,0.62642,0.96868,0.36485,0.62642
9.01058,0.42034,-0.99585,0.05395,-0.9959,0.07267,0.99285,0.0,0.0,nan,0.0,0.01365,0.0634,11.24744,1.70523,0.23385,0.36607,0.70192,0.69263,0.58643,0.70192
8.99928,0.93863,1.19058,0.0942,-0.8041,0.58698,0.95668,0.0,0.0,nan,0.0,0.00422,0.0457,20.44234,1.69576,0.23855,0.42302,0.89409,0.44455,0.58971,0.89409
8.14096,1.78028,2.12567,0.0927,-0.63982,0.76291,0.97546,0.0,0.0,nan,0.0,0.00647,0.0329,19.53762,1.8285,0.23205,0.25875,0.35394,0.83748,0.54689,0.35394
8.95941,2.91168,-8.96885,0.11167,-0.64594,-0.75518,0.97696,0.0,0.0,nan,0.0,0.02402,0.07671,16.74563,1.65047,0.23338,0.61521,0.74899,0.5698,0.60589,0.74899
9.88499,2.03009,-7.9931,0.12869,-0.81536,-0.56447,0.97596,0.0,0.0,nan,0.0,0.00364,0.02388,14.00785,1.84654,0.23743,0.42331,0.53316,0.41149,0.54155,0.53316
9.31894,2.2672,1.801,0.13029,-0.6083,0.78294,0.99434,0.0,0.0,nan,0.0,0.00927,0.03279,19.21964,2.04744,0.23069,0.34549,0.54127,0.90302,0.48841,0.54127
8.99548,3.01673,2.84357,0.1326,-0.4742,0.87038,0.99644,0.0,0.0,nan,0.0,0.0072,0.02791,22.38746,1.92755,0.2231,0.29643,0.59827,0.94866,0.51879,0.59827
8.64868,5.46029,-10.13052,0.12071,-0.22154,-0.96765,0.99584,0.0,0.0,nan,0.0,0.01621,0.05151,17.93487,2.0797,0.22558,0.42494,0.442,0.82336,0.48084,0.442
9.14197,4.84881,-9.69551,0.12477,-0.29845,-0.94623,0.99624,0.0,0.0,nan,0.0,0.01312,0.04981,17.64326,2.02052,0.22557,0.38332,0.44291,0.76535,0.49492,0.44291
9.13091,4.83877,3.63868,0.16868,-0.36642,0.91503,0.99514,0.0,0.0,nan,0.0,0.00815,0.04047,31.80503,1.81552,0.2244,0.58557,0.89692,0.69003,0.55081,0.89692
8.53741,5.69421,4.10877,0.18003,-0.35263,0.91828,0.99634,0.0,0.0,nan,0.0,0.00827,0.03723,30.17655,1.90454,0.22355,0.56901,0.86399,0.65542,0.52506,0.86399
8.9647,6.95647,-10.15763,0.13736,-0.08792,-0.98661,0.99614,0.0,0.0,nan,0.0,0.01311,0.04514,21.08438,1.70418,0.23099,0.41002,0.52947,0.77551,0.58679,0.52947
9.50678,6.71914,3.81932,0.23549,-0.31661,0.91886,0.99704,0.0,0.0,nan,0.0,0.01027,0.0372,27.29745,2.05609,0.22811,0.60741,0.84426,0.69857,0.48636,0.84426
8.91753,7.17628,4.36619,0.24739,-0.34013,0.90725,0.99714,0.0,0.0,nan,0.0,0.01383,0.04507,27.29387,2.05734,0.23251,0.66515,0.7914,0.57079,0.48606,0.7914
8.98219,8.98691,-10.48809,0.09397,0.0186,-0.9954,0.99295,0.0,0.0,nan,0.0,0.01109,0.04788,22.17651,1.87804,0.23108,0.42039,0.39499,0.60088,0.53247,0.39499
9.14311,9.00074,5.30229,0.29723,-0.2524,0.92084,0.97936,0.0,0.0,nan,0.0,0.01131,0.03676,19.90667,1.65913,0.23342,0.57784,0.63061,0.58607,0.60273,0.63061
9.00164,11.07615,-10.37378,0.14941,0.04056,-0.98794,0.99075,0.0,0.0,nan,0.0,0.00686,0.03473,24.34506,1.885,0.23477,0.31415,0.34813,0.68098,0.53051,0.34813
9.34128,11.71389,-9.99888,0.19717,0.052,-0.97899,0.99624,0.0,0.0,nan,0.0,0.00795,0.03784,22.42611,1.75362,0.23119,0.34351,0.53472,0.66645,0.57025,0.53472
9.14753,10.96362,5.37352,0.24734,-0.19491,0.94912,0.99654,0.0,0.0,nan,0.0,0.00974,0.02404,22.86128,1.87278,0.22763,0.54203,0.50446,0.81307,0.53396,0.50446
9.06192,12.94991,-10.25834,0.18079,0.05254,-0.98212,0.99594,0.0,0.0,nan,0.0,0.00508,0.03091,21.53372,1.65047,0.22966,0.35061,0.459,0.51243,0.60589,0.459
8.68055,12.24609,-9.88974,0.15481,0.03651,-0.98727,0.99554,0.0,0.0,nan,0.0,0.00729,0.03264,22.33985,1.72497,0.22668,0.3923,0.61614,0.62035,0.57972,0.61614
9.20772,12.67416,5.72189,0.25862,-0.31459,0.91332,0.99594,0.0,0.0,nan,0.0,0.00769,0.02104,20.75085,1.98342,0.24485,0.4118,0.34409,0.97299,0.50418,0.34409
8.83874,13.40559,6.56569,0.2769,-0.31785,0.90681,0.99085,0.0,0.0,nan,0.0,0.0059,0.01874,18.69734,1.70338,0.23458,0.41541,0.61557,0.83913,0.58707,0.61557
8.70615,14.8776,-10.19186,0.1586,0.06306,-0.98533,0.99644,0.0,0.0,nan,0.0,0.00846,0.03767,14.73381,1.84138,0.22205,0.36941,0.56701,0.69092,0.54307,0.56701
9.39187,15.37688,-9.84593,0.25043,0.10159,-0.96279,0.99724,0.0,0.0,nan,0.0,0.00514,0.02974,11.87754,1.81616,0.22558,0.2948,0.50938,0.6853,0.55061,0.50938
9.79989,14.21806,5.93444,0.23298,-0.29672,0.92611,0.99654,0.0,0.0,nan,0.0,0.00965,0.0257,19.7019,1.75869,0.24559,0.45006,0.44084,0.91943,0.5686,0.44084
9.0961,15.03854,6.71617,0.27016,-0.23823,0.93288,0.99574,0.0,0.0,nan,0.0,0.01214,0.0362,20.26477,1.65047,0.23469,0.60497,0.77206,0.6551,0.60589,0.77206
8.5048,16.83037,-10.03587,0.19169,0.05965,-0.97964,0.99634,0.0,0.0,nan,0.0,0.00675,0.0286,14.08593,2.06206,0.21491,0.30314,0.44907,0.88977,0.48495,0.44907
9.37482,17.11946,-9.72785,0.26924,0.06006,-0.9612,0.99634,0.0,0.0,nan,0.0,0.00758,0.03095,14.59779,1.99712,0.21754,0.30929,0.30969,0.89989,0.50072,0.30969
9.0558,17.0248,7.17212,0.21755,-0.25562,0.94198,0.99724,0.0,0.0,nan,0.0,0.01549,0.03283,20.61904,1.83095,0.23157,0.52553,0.56603,0.98506,0.54616,0.56603
8.25054,18.47856,-10.12245,0.18103,0.0582,-0.98175,0.99414,0.0,0.0,nan,0.0,0.00525,0.02744,16.83781,1.76049,0.23132,0.25351,0.34926,0.84499,0.56802,0.34926
9.02013,18.99903,-9.61237,0.26037,0.0741,-0.96266,0.99674,0.0,0.0,nan,0.0,0.01135,0.04156,15.80786,2.02088,0.21347,0.36555,0.72782,0.84156,0.49483,0.72782
9.18556,18.92265,7.87547,0.19849,-0.19342,0.96083,0.97856,0.0,0.0,nan,0.0,0.0141,0.02881,22.65311,1.65047,0.22658,0.55668,0.43021,0.95726,0.60589,0.43021
8.2366,19.18324,8.10146,0.11356,-0.12356,0.98582,0.97336,0.0,0.0,nan,0.0,0.01516,0.02786,23.36821,2.43186,0.23123,0.65144,0.55934,0.90673,0.41121,0.55934
8.92147,21.00363,-9.47694,0.29717,0.08712,-0.95084,0.99734,0.0,0.0,nan,0.0,0.00771,0.03012,13.78244,3.44892,0.24526,0.4492,0.48079,0.65283,0.28995,0.48079
9.11506,20.60927,7.64873,0.15656,-0.10592,0.98197,0.99564,0.0,0.0,nan,0.0,0.01751,0.03929,27.20779,1.90655,0.22255,0.61931,0.43306,0.77245,0.52451,0.43306
8.7854,21.36357,8.14937,0.13644,-0.18998,0.97226,0.99474,0.0,0.0,nan,0.0,0.01295,0.02988,27.87157,1.81552,0.23972,0.59251,0.4624,0.78398,0.55081,0.4624
9.02252,23.06001,-9.37714,0.29524,0.14214,-0.94479,0.99734,0.0,0.0,nan,0.0,0.00172,0.01639,12.44148,1.67828,0.23455,0.22543,0.59577,0.5413,0.59585,0.59577
9.8358,23.15291,7.94917,0.24279,-0.2818,0.92825,0.99724,0.0,0.0,nan,0.0,0.00906,0.0279,21.27953,1.65047,0.22844,0.51702,0.44505,0.6872,0.60589,0.44505
8.97293,23.14947,8.34575,0.19866,-0.29034,0.93607,0.99534,0.0,0.0,nan,0.0,0.01027,0.03088,20.83888,1.65864,0.24473,0.55652,0.52359,0.65496,0.6029,0.52359
9.10095,24.9727,-9.20844,0.27602,0.12308,-0.95324,0.99464,0.0,0.0,nan,0.0,0.00467,0.0235,14.31508,2.56991,0.2301,0.30369,0.39057,0.74662,0.38912,0.39057
9.05453,24.94905,8.98625,0.19899,-0.14152,0.96973,0.99065,0.02343,0.11713,0.6,1.0,0.00567,0.04531,13.8791,2.00552,0.22693,0.81301,0.91119,0.3635,0.49862,0.91119
9.09018,26.94589,-8.97729,0.28011,0.12207,-0.95218,0.99484,0.0,0.0,nan,0.0,0.00915,0.03423,19.83749,1.86272,0.23983,0.51813,0.67473,0.56775,0.53685,0.67473
8.93147,27.07149,8.90423,0.19493,-0.07932,0.9776,0.99704,0.0,0.0,nan,0.0,0.00345,0.0246,21.43265,1.91109,0.22885,0.69215,0.94083,0.56927,0.52326,0.94083
8.9905,28.932,-8.5164,0.27776,0.05038,-0.95933,0.99694,0.0,0.0,nan,0.0,0.00639,0.03554,20.12805,2.02288,0.23093,0.47241,0.56306,0.41822,0.49435,0.56306
8.95341,28.96623,9.2531,0.19097,-0.13542,0.97221,0.99684,0.0,0.0,nan,0.0,0.00788,0.01724,27.48101,1.88241,0.22707,0.67931,0.59376,0.7219,0.53124,0.59376
8.99697,30.99958,-8.64687,0.29788,0.05601,-0.95296,0.99614,0.0,0.0,nan,0.0,0.0049,0.03318,17.55559,1.83027,0.23603,0.44225,0.66671,0.37234,0.54637,0.66671
9.04122,30.9945,9.34847,0.144,-0.13899,0.97977,0.99694,0.0,0.0,nan,0.0,0.01002,0.02042,24.7797,1.9021,0.22021,0.67614,0.60683,0.78429,0.52573,0.60683
8.9865,32.99882,-8.30941,0.33531,0.10952,-0.93572,0.99624,0.0,0.0,nan,0.0,0.00624,0.03347,18.15856,2.37813,0.23618,0.41206,0.5123,0.50225,0.4205,0.5123
9.86942,33.73767,-7.91234,0.39521,0.09981,-0.91315,0.99714,0.0,0.0,nan,0.0,0.00514,0.0295,22.49261,2.09768,0.22373,0.32744,0.78644,0.65598,0.47672,0.78644
9.16124,32.62867,9.63872,0.12829,-0.15725,0.97919,0.99664,0.0,0.0,nan,0.0,0.01133,0.02814,23.97849,1.92759,0.22458,0.57948,0.49577,0.75275,0.51878,0.49577
8.79145,33.48164,10.13338,0.11257,-0.08892,0.98966,0.98945,0.0,0.0,nan,0.0,0.01377,0.0302,23.37392,2.2223,0.22669,0.58744,0.52316,0.84247,0.44998,0.52316
8.6298,35.00298,-8.29312,0.33776,0.06015,-0.93931,0.99564,0.0,0.0,nan,0.0,0.00549,0.04112,20.65985,2.09698,0.22269,0.24503,0.32585,0.59788,0.47688,0.32585
9.41173,34.85466,-7.63513,0.37835,0.07482,-0.92263,0.99574,0.0,0.0,nan,0.0,0.00583,0.03857,22.6196,2.0549,0.21769,0.23096,0.24064,0.71232,0.48664,0.24064
8.88224,35.04029,9.76417,0.08508,0.00063,0.99637,0.99704,0.0,0.0,nan,0.0,0.01786,0.04286,23.05795,1.70659,0.23213,0.62104,0.39948,0.72898,0.58596,0.39948
9.03298,34.59417,10.00529,0.09634,-0.01491,0.99524,0.99644,0.0,0.0,nan,0.0,0.01565,0.04096,22.75287,2.05207,0.22417,0.60177,0.56232,0.69094,0.48731,0.56232
8.65913,36.91851,-8.06547,0.32704,0.03534,-0.94435,0.99734,0.0,0.0,nan,0.0,0.00925,0.06358,34.56701,1.81552,0.22211,0.20953,0.4163,0.73477,0.55081,0.4163
9.30953,37.13223,-7.83056,0.3475,0.02563,-0.93733,0.99744,0.00958,0.04789,0.6,1.0,0.0121,0.07108,35.65863,1.81552,0.22441,0.2187,0.38367,0.82215,0.55081,0.38367
8.64944,36.9269,9.92449,0.05283,-0.00248,0.9986,0.99714,0.0,0.0,nan,0.0,0.01671,0.03857,26.21791,1.65047,0.22645,0.63369,0.6849,0.73602,0.60589,0.6849
9.28358,37.10982,10.05774,0.06257,-0.00963,0.99799,0.99574,0.0,0.0,nan,0.0,0.01285,0.03669,24.1399,1.9178,0.22599,0.71485,0.82316,0.69245,0.52143,0.82316
8.52052,39.34477,-8.05594,0.29923,0.04098,-0.9533,0.99744,0.01761,0.01761,0.7,0.65,0.01044,0.07567,34.60682,1.99992,0.21687,0.183,0.71158,0.79744,0.50002,0.71158
9.07065,38.99964,-7.8559,0.32734,0.0435,-0.94391,0.99744,0.00123,0.00616,0.6,1.0,0.01224,0.08001,38.32856,1.90209,0.22364,0.18532,0.46012,0.86879,0.52574,0.46012
9.03353,38.7265,9.74716,0.11383,-0.06684,0.99125,0.99544,0.0,0.0,nan,0.0,0.00751,0.0284,25.33454,1.88096,0.22252,0.59463,0.88118,0.82741,0.53164,0.88118
8.96105,39.48151,10.10898,0.13846,-0.11025,0.98421,0.99654,0.0,0.0,nan,0.0,0.00959,0.02575,25.47989,1.86821,0.21949,0.57401,0.8095,0.86425,0.53527,0.8095
8.39031,40.9532,-8.07027,0.31265,0.01933,-0.94967,0.99684,0.0,0.0,nan,0.0,0.01003,0.08142,25.63683,1.73469,0.21866,0.25439,0.536,0.52192,0.57647,0.536
9.3905,41.06658,-7.74676,0.36708,0.05277,-0.92869,0.99604,0.00501,0.02506,0.51,1.0,0.01157,0.09589,25.69723,1.81552,0.21874,0.22116,0.68486,0.58791,0.55081,0.68486
8.66614,41.42058,9.99653,0.10937,-0.14219,0.98378,0.99704,0.0,0.0,nan,0.0,0.02054,0.03794,20.78279,1.85176,0.23545,0.63021,0.54996,0.94196,0.54003,0.54996
8.92128,41.00831,10.15525,0.13907,-0.1486,0.97907,0.99674,0.0,0.0,nan,0.0,0.02147,0.03908,22.90655,1.82911,0.23133,0.63089,0.74566,0.94683,0.54671,0.74566
8.29134,42.9179,-8.16299,0.35777,0.02762,-0.9334,0.99604,0.0,0.0,nan,0.0,0.0113,0.0559,14.06823,2.02394,0.23307,0.3657,0.41735,0.63146,0.49409,0.41735
9.37584,42.98685,-7.59676,0.44366,0.06367,-0.89393,0.99644,0.0,0.0,nan,0.0,0.01288,0.06723,13.79459,1.65047,0.23782,0.30545,0.4592,0.71797,0.60589,0.4592
9.02117,42.94298,10.55887,0.13023,-0.08466,0.98786,0.99464,0.0,0.0,nan,0.0,0.01122,0.03311,16.56014,2.0133,0.22816,0.4756,0.76306,0.83366,0.4967,0.76306
8.33007,44.49912,-8.14768,0.37582,0.09723,-0.92158,0.99594,0.0,0.0,nan,0.0,0.01133,0.03911,13.01583,1.7025,0.2351,0.39565,0.54862,0.84491,0.58737,0.54862
9.14953,45.08525,-7.6479,0.40038,0.06192,-0.91425,0.99694,0.0,0.0,nan,0.0,0.01042,0.03477,13.51096,1.89858,0.22316,0.37826,0.39381,0.9094,0.52671,0.39381
8.95746,45.09207,10.49393,0.10089,0.08667,0.99112,0.99694,0.0,0.0,nan,0.0,0.01442,0.03824,19.8022,1.78788,0.22091,0.59037,0.45007,0.70342,0.55932,0.45007
8.92235,46.98131,-7.40703,0.32086,0.03811,-0.94636,0.99724,0.0,0.0,nan,0.0,0.01826,0.04304,14.91671,1.89524,0.22779,0.53878,0.37887,0.89321,0.52764,0.37887
9.94892,47.86126,9.94904,0.14666,0.1365,0.97972,0.99694,0.0,0.0,nan,0.0,0.01388,0.03578,22.53701,2.03839,0.22633,0.48336,0.57461,0.87386,0.49058,0.57461
8.92157,46.95373,10.27369,0.08806,0.20103,0.97562,0.99315,0.0,0.0,nan,0.0,0.01889,0.03844,24.19902,1.82352,0.22611,0.56763,0.39487,0.93726,0.54839,0.39487
9.00048,49.08066,-7.35428,0.36694,0.17913,-0.91283,0.99684,0.0,0.0,nan,0.0,0.01014,0.02394,15.13325,2.00132,0.23497,0.53559,0.70626,0.89565,0.49967,0.70626
9.1058,48.95842,9.81835,0.11917,0.11281,0.98644,0.99574,0.0,0.0,nan,0.0,0.01102,0.02664,23.34127,1.86844,0.22486,0.44902,0.57482,1.0,0.53521,0.57482
8.34886,49.29745,10.00692,0.049,0.12329,0.99116,0.99295,0.0,0.0,nan,0.0,0.01021,0.02441,22.88583,1.72996,0.23124,0.4617,0.43419,0.98484,0.57805,0.43419
8.96429,50.90885,-6.77687,0.36192,0.14967,-0.92011,0.99574,0.0,0.0,nan,0.0,0.00972,0.03019,13.24083,2.18512,0.23839,0.56614,0.80962,0.8089,0.45764,0.80962
9.01738,51.23483,9.67704,0.0471,0.16602,0.985,0.99594,0.0,0.0,nan,0.0,0.009,0.01826,23.23649,1.65047,0.22613,0.53614,0.44523,0.9985,0.60589,0.44523
8.81083,50.36468,10.18342,0.06829,0.14667,0.98683,0.97746,0.0,0.0,nan,0.0,0.00887,0.02025,24.5249,1.65047,0.2349,0.50131,0.37268,0.9445,0.60589,0.37268
8.96649,53.06816,-6.77676,0.35821,0.07863,-0.93032,0.99295,0.0,0.0,nan,0.0,0.01043,0.02784,11.15036,3.46153,0.23426,0.54392,0.72909,0.81257,0.28889,0.72909
8.98104,52.97537,9.1726,0.03666,0.18936,0.98122,0.99684,0.0,0.0,nan,0.0,0.00703,0.01675,24.59849,2.71902,0.21891,0.5099,0.54292,0.88989,0.36778,0.54292
8.7,54.75269,-6.42272,0.42923,0.10068,-0.89756,0.98695,0.0,0.0,nan,0.0,0.00722,0.02128,15.12154,1.86018,0.23596,0.4879,0.50752,0.78695,0.53758,0.50752
9.23104,55.34493,-5.54699,0.36907,0.06005,-0.92746,0.88635,0.0,0.0,nan,0.0,0.00755,0.01845,14.85695,1.65047,0.24032,0.47462,0.49612,0.9782,0.60589,0.49612
9.01705,54.92334,8.74712,0.04858,0.12551,0.9909,0.99354,0.0,0.0,nan,0.0,0.0095,0.02542,21.96278,1.93272,0.21917,0.43737,0.61443,0.93174,0.5174,0.61443
8.68859,57.22235,-6.60677,0.40755,-0.15158,-0.90051,0.99464,0.0,0.0,nan,0.0,0.00911,0.02274,16.4806,2.75526,0.23821,0.48963,0.47638,0.91751,0.36294,0.47638
9.27916,56.51119,-5.80419,0.35705,-0.13028,-0.92496,0.94529,0.0,0.0,nan,0.0,0.00914,0.01957,16.53635,2.35007,0.23024,0.52808,0.50131,0.99113,0.42552,0.50131
8.99433,57.09756,8.64585,-0.02867,0.14447,0.98909,0.99694,0.0,0.0,nan,0.0,0.01498,0.03882,19.67398,1.93674,0.22345,0.53905,0.48921,0.78871,0.51633,0.48921
8.97532,58.95916,-6.90526,0.38319,-0.1881,-0.90431,0.99694,0.0,0.0,nan,0.0,0.01215,0.02716,17.16522,1.89849,0.23224,0.52984,0.57897,0.94248,0.52673,0.57897
9.07722,58.94596,8.13776,-0.03201,0.11985,0.99228,0.99384,0.0,0.0,nan,0.0,0.0104,0.02639,15.98359,1.74384,0.23491,0.47524,0.67042,0.9333,0.57345,0.67042
8.44726,61.5757,-8.3491,0.34625,-0.46156,-0.81674,0.99654,0.0,0.0,nan,0.0,0.00932,0.02249,16.95865,1.74279,0.23713,0.46691,0.56507,0.99246,0.57379,0.56507
9.18079,60.89256,-7.43858,0.32824,-0.40445,-0.85363,0.99325,0.0,0.0,nan,0.0,0.00998,0.02873,18.76195,1.7784,0.22699,0.39248,0.58972,0.97928,0.5623,0.58972
8.08331,61.64396,7.88779,-0.06086,0.34528,0.93653,0.99374,0.0,0.0,nan,0.0,0.00831,0.01964,17.62741,2.67591,0.23825,0.50273,0.51169,0.93655,0.37371,0.51169
9.05432,60.89631,8.45427,-0.01871,0.22023,0.97527,0.98256,0.0,0.0,nan,0.0,0.00952,0.0224,17.89012,1.65047,0.23491,0.47272,0.36119,1.0,0.60589,0.36119
8.97716,62.99231,-8.69582,0.33126,-0.28878,-0.89826,0.96747,0.0,0.0,nan,0.0,0.0087,0.03601,28.91236,1.87988,0.23278,0.69233,0.84305,0.53143,0.53195,0.84305
9.59211,62.2525,-7.73652,0.29316,-0.44328,-0.84709,0.99394,0.0,0.0,nan,0.0,0.01447,0.0373,24.53811,1.87371,0.23021,0.649,0.63115,0.64636,0.5337,0.63115
8.90038,63.27113,7.43617,-0.07736,0.45728,0.88595,0.99345,0.0,0.0,nan,0.0,0.00778,0.02049,18.16537,1.8499,0.22327,0.42168,0.47396,1.0,0.54057,0.47396
9.30097,62.21201,8.10254,-0.05326,0.35128,0.93475,0.97496,0.0,0.0,nan,0.0,0.01012,0.02234,18.01365,1.72442,0.23497,0.50315,0.2891,1.0,0.57991,0.2891
8.99201,65.02182,-8.7628,0.24741,0.28757,-0.92525,0.94679,0.0,0.0,nan,0.0,0.01063,0.02584,23.23561,1.78175,0.23658,0.69992,0.75574,0.65016,0.56125,0.75574
8.83004,65.51247,5.97348,0.02909,0.47286,0.88066,0.99744,0.0,0.0,nan,0.0,0.01703,0.0357,17.43076,2.1156,0.23557,0.54332,0.70678,0.97873,0.47268,0.70678
9.05945,64.69951,6.41694,-0.00455,0.47732,0.87872,0.99744,0.0,0.0,nan,0.0,0.01053,0.02353,17.39304,1.81851,0.23883,0.49912,0.50833,1.0,0.5499,0.50833
9.09931,66.34165,-8.22343,0.12628,0.57864,-0.80574,0.96917,0.0,0.0,nan,0.0,0.01327,0.02617,20.37201,1.70057,0.2388,0.61439,0.49839,0.90645,0.58804,0.49839
9.0276,67.51086,-7.31145,0.05345,0.75082,-0.65834,0.95708,0.0,0.0,nan,0.0,0.00915,0.02481,20.64679,1.81552,0.2353,0.5137,0.40962,0.78785,0.55081,0.40962
8.20958,67.89447,-5.68782,0.08425,0.91688,-0.39018,0.99315,0.0,0.0,nan,0.0,0.00658,0.02548,18.96825,1.85089,0.23031,0.43109,0.39425,0.66259,0.54028,0.39425
9.54609,67.70817,3.59728,0.18831,0.87603,0.44398,0.98495,0.0,0.0,nan,0.0,0.00816,0.02591,26.91219,3.41317,0.23856,0.52988,0.40697,0.6388,0.29298,0.40697
9.05632,67.29755,5.23047,0.10963,0.6487,0.75311,0.96208,0.0,0.0,nan,0.0,0.01096,0.03481,24.75677,1.65047,0.24422,0.54682,0.78368,0.69768,0.60589,0.78368
8.87395,68.03077,-6.27249,0.0603,0.88821,-0.45546,0.97197,0.0,0.0,nan,0.0,0.00432,0.01926,19.41939,2.07809,0.22911,0.35113,0.47364,0.70468,0.48121,0.47364
9.02746,68.34525,-4.9959,0.10112,0.97017,-0.22033,0.98795,0.0,0.0,nan,0.0,0.00841,0.03291,19.47969,2.34443,0.22083,0.59745,0.79579,0.55284,0.42654,0.79579
9.0132,68.46329,-2.94237,0.18258,0.98114,-0.06344,0.99584,0.0,0.0,nan,0.0,0.01093,0.0288,12.65773,1.73711,0.23592,0.52109,0.53367,0.84371,0.57567,0.53367
9.04986,68.91983,-1.05597,0.19492,0.97686,-0.0881,0.99025,0.0,0.0,nan,0.0,0.0074,0.02883,20.11202,1.81552,0.2386,0.53342,0.58316,0.52921,0.55081,0.58316
8.95894,68.88206,0.97168,0.1993,0.97851,0.05295,0.98505,0.0,0.0,nan,0.0,0.01666,0.04554,30.80657,1.72305,0.24242,0.72768,0.56254,0.53522,0.58037,0.56254
8.96972,68.68207,3.05802,0.19412,0.93167,0.3071,0.97656,0.0,0.0,nan,0.0,0.00947,0.02512,24.61583,1.88989,0.23569,0.56415,0.34986,0.72238,0.52913,0.34986
8.28358,68.1486,4.23291,0.10394,0.83033,0.5475,0.95169,0.0,0.0,nan,0.0,0.01517,0.03627,24.43049,1.88099,0.22917,0.61026,0.7572,0.75884,0.53164,0.7572
10.88805,1.72104,-6.83445,0.14339,-0.88176,-0.44937,0.99704,0.0,0.0,nan,0.0,0.00429,0.02284,15.91665,1.67106,0.23272,0.49582,0.45519,0.42649,0.59842,0.45519
11.00128,1.11265,-5.03678,0.07778,-0.96068,-0.26654,0.99634,0.0,0.0,nan,0.0,0.02347,0.06947,9.23728,1.73649,0.23499,0.581,0.68292,0.70742,0.57587,0.68292
10.99212,0.68954,-3.0157,0.07614,-0.98941,-0.1236,0.99744,0.0,0.0,nan,0.0,0.0087,0.03243,9.57819,1.98122,0.22439,0.38188,0.44488,0.8491,0.50474,0.44488
11.03593,0.44661,-1.03949,0.08212,-0.9935,0.07887,0.98445,0.0,0.0,nan,0.0,0.013,0.04789,11.24232,2.34102,0.23375,0.36172,0.62115,0.88393,0.42716,0.62115
11.00758,1.09222,1.1543,0.11734,-0.76391,0.63457,0.9351,0.0,0.0,nan,0.0,0.00471,0.05103,19.86919,1.72003,0.2334,0.39388,0.91104,0.53161,0.58138,0.91104
11.02808,2.89632,-8.99045,0.13558,-0.64246,-0.75423,0.94959,0.0,0.0,nan,0.0,0.00645,0.02197,23.84087,2.02778,0.23188,0.51362,0.7037,0.61977,0.49315,0.7037
11.39853,2.52416,-7.60612,0.14264,-0.81332,-0.56406,0.99594,0.0,0.0,nan,0.0,0.00479,0.0168,19.04159,1.92291,0.22253,0.48432,0.43563,0.651,0.52004,0.43563
11.05155,2.35112,1.79284,0.15513,-0.55877,0.81468,0.99115,0.0,0.0,nan,0.0,0.00744,0.03009,16.53486,1.67553,0.23202,0.31521,0.63937,0.87995,0.59683,0.63937
10.96896,3.30913,2.34798,0.18588,-0.45088,0.87302,0.99734,0.0,0.0,nan,0.0,0.01386,0.04699,18.70356,1.73898,0.23004,0.33799,0.53168,0.9659,0.57505,0.53168
10.64005,5.79754,-10.08341,0.19001,-0.12514,-0.97377,0.99085,0.0,0.0,nan,0.0,0.01626,0.0508,23.62987,1.74504,0.22486,0.35109,0.48049,0.98854,0.57305,0.48049
10.99109,4.91032,-9.82215,0.16349,-0.24895,-0.95462,0.97047,0.0,0.0,nan,0.0,0.01978,0.05842,24.40964,2.01599,0.22963,0.39037,0.50871,0.9384,0.49603,0.50871
11.04181,4.95583,3.23003,0.21853,-0.32666,0.91953,0.99614,0.0,0.0,nan,0.0,0.012,0.05379,26.36623,1.73915,0.22647,0.50067,0.86178,0.74626,0.575,0.86178
10.45402,7.01899,-10.08434,0.2298,-0.08484,-0.96953,0.99724,0.0,0.0,nan,0.0,0.01209,0.0418,25.46841,1.90971,0.21857,0.34643,0.53067,0.9002,0.52364,0.53067
11.5269,6.98851,-9.63418,0.24459,-0.04408,-0.96862,0.99724,0.0,0.0,nan,0.0,0.01439,0.05057,26.18692,1.9418,0.21957,0.3149,0.55214,0.9729,0.51499,0.55214
10.95789,6.99829,3.64491,0.2293,-0.27493,0.93372,0.99724,0.0,0.0,nan,0.0,0.00797,0.03612,26.65558,1.84772,0.2274,0.51633,0.85747,0.69984,0.54121,0.85747
10.16628,7.73838,4.14628,0.27521,-0.27474,0.92129,0.99724,0.0,0.0,nan,0.0,0.01235,0.03379,27.38249,2.17388,0.22594,0.58309,0.68056,0.67288,0.46001,0.68056
10.40239,9.06546,-10.13405,0.24949,0.03049,-0.9679,0.99604,0.0,0.0,nan,0.0,0.01434,0.05138,24.89842,1.81552,0.23693,0.37938,0.39744,0.79494,0.55081,0.39744
11.25541,8.96831,-9.84069,0.287,0.03405,-0.95733,0.99744,0.0,0.0,nan,0.0,0.00937,0.04799,24.1908,1.81552,0.2356,0.28383,0.57339,0.74498,0.55081,0.57339
11.45075,8.59761,3.83292,0.21546,-0.25031,0.94388,0.99305,0.0,0.0,nan,0.0,0.00867,0.02908,27.83978,2.11184,0.2254,0.45848,0.3414,0.69737,0.47352,0.3414
10.76966,9.12216,4.4602,0.26641,-0.26209,0.92754,0.99734,0.0,0.0,nan,0.0,0.00987,0.02948,27.73587,2.06972,0.2319,0.49633,0.34081,0.72314,0.48316,0.34081
10.33886,10.64581,-10.14338,0.2464,0.06875,-0.96673,0.99584,0.0,0.0,nan,0.0,0.00794,0.04345,26.62817,1.69102,0.23788,0.28974,0.48364,0.67775,0.59136,0.48364
11.06793,11.11134,-9.58266,0.27688,0.0667,-0.95859,0.99694,0.0136,0.06798,0.7,1.0,0.00966,0.04853,25.35342,1.66257,0.23037,0.32767,0.49875,0.65569,0.60148,0.49875
11.00892,10.93389,4.76729,0.23737,-0.22277,0.94553,0.99694,0.0,0.0,nan,0.0,0.00899,0.02975,27.92552,1.9451,0.22543,0.45058,0.4946,0.71837,0.51411,0.4946
10.15092,12.41169,-10.16734,0.2513,0.05902,-0.96611,0.99694,0.0,0.0,nan,0.0,0.00535,0.03335,22.40632,1.82439,0.22891,0.32373,0.66848,0.54005,0.54813,0.66848
11.09481,13.00907,-9.67253,0.29371,0.06944,-0.95337,0.99684,0.0,0.0,nan,0.0,0.00692,0.04748,22.21524,1.67218,0.23814,0.36602,0.64669,0.43388,0.59802,0.64669
10.97332,13.05429,5.15889,0.24361,-0.32936,0.91224,0.99574,0.0,0.0,nan,0.0,0.00892,0.02594,21.5468,1.87392,0.23115,0.38812,0.45877,0.96863,0.53364,0.45877
11.04124,15.04504,-9.50286,0.36952,0.13695,-0.91908,0.99664,0.0,0.0,nan,0.0,0.01483,0.05216,12.39247,1.81552,0.23288,0.39998,0.45742,0.82565,0.55081,0.45742
10.95625,14.23609,5.94966,0.25408,-0.29625,0.92069,0.99714,0.0,0.0,nan,0.0,0.0063,0.01679,21.2642,1.89548,0.22317,0.41068,0.67712,1.0,0.52757,0.67712
11.01092,15.14893,6.39375,0.23893,-0.26882,0.93309,0.99474,0.0,0.0,nan,0.0,0.0111,0.02386,21.39762,2.39118,0.22745,0.52434,0.62314,0.9699,0.4182,0.62314
11.00561,16.91074,-9.19245,0.40604,0.08383,-0.91,0.99694,0.0,0.0,nan,0.0,0.01622,0.0536,15.3959,1.84576,0.23573,0.45521,0.63187,0.75132,0.54178,0.63187
10.98912,17.06989,6.493,0.24225,-0.24647,0.93839,0.99744,0.0,0.0,nan,0.0,0.01891,0.03722,19.94659,1.65047,0.23313,0.58832,0.4737,0.95032,0.60589,0.4737
11.02084,19.00031,-9.13399,0.39113,0.06941,-0.91771,0.99644,0.0,0.0,nan,0.0,0.00872,0.04429,19.33955,2.05628,0.22315,0.28479,0.32614,0.76277,0.48631,0.32614
11.07401,18.89878,7.26989,0.26812,-0.15178,0.95135,0.99564,0.0,0.0,nan,0.0,0.013,0.03107,22.50707,1.73352,0.23363,0.49821,0.69122,0.9147,0.57686,0.69122
11.1261,20.95388,-8.94087,0.4019,0.10299,-0.90987,0.99624,0.0,0.0,nan,0.0,0.00565,0.03222,16.20418,1.94575,0.21707,0.34188,0.55127,0.5765,0.51394,0.55127
11.00433,21.01618,7.20194,0.25361,-0.159,0.95415,0.99734,0.0,0.0,nan,0.0,0.01022,0.02845,26.26047,1.71396,0.22194,0.47008,0.44009,0.82199,0.58344,0.44009
10.09035,21.83199,8.0179,0.24869,-0.2205,0.94315,0.99315,0.0,0.0,nan,0.0,0.00776,0.02068,25.28191,1.65047,0.23407,0.43295,0.44305,0.93542,0.60589,0.44305
10.96381,22.96674,-8.61072,0.39815,0.12671,-0.90852,0.99734,0.0,0.0,nan,0.0,0.00606,0.0308,13.93433,1.72308,0.23138,0.34381,0.40679,0.65416,0.58036,0.40679
11.96412,23.29114,-7.95672,0.43997,0.14084,-0.8869,0.99724,0.0,0.0,nan,0.0,0.00849,0.03019,17.08173,1.69385,0.23489,0.41148,0.5297,0.76328,0.59037,0.5297
11.1122,22.95079,7.56962,0.28075,-0.26445,0.92263,0.99734,0.0,0.0,nan,0.0,0.00624,0.02264,22.12901,1.88055,0.22257,0.43916,0.5312,0.68482,0.53176,0.5312
10.42321,23.50468,8.11229,0.26652,-0.2615,0.92768,0.99674,0.0,0.0,nan,0.0,0.00713,0.02521,19.14882,1.66659,0.24197,0.54614,0.41892,0.57203,0.60003,0.41892
10.86432,25.03312,-8.22749,0.42872,0.14279,-0.89208,0.99694,0.0,0.0,nan,0.0,0.00991,0.03586,20.73705,1.71012,0.23736,0.36604,0.55495,0.82796,0.58475,0.55495
11.86905,25.61554,-7.99608,0.44534,0.14221,-0.88399,0.99744,0.0,0.0,nan,0.0,0.00865,0.02527,22.65386,2.04736,0.21909,0.45566,0.66024,0.81779,0.48843,0.66024
11.85961,24.12298,7.90149,0.30382,-0.2485,0.91975,0.99674,0.0,0.0,nan,0.0,0.00834,0.0319,18.00331,1.6818,0.2344,0.50821,0.66642,0.57143,0.5946,0.66642
11.02008,24.93714,8.49135,0.26953,-0.19377,0.9433,0.99255,0.0,0.0,nan,0.0,0.00727,0.03441,13.08466,1.81552,0.23132,0.627,0.59072,0.38824,0.55081,0.59072
10.5603,26.86017,-8.33985,0.42589,0.1178,-0.89707,0.99664,0.0,0.0,nan,0.0,0.00696,0.03307,21.40255,1.91106,0.22843,0.46726,0.83109,0.6653,0.52327,0.83109
11.32215,27.10888,-7.5682,0.45481,0.08787,-0.88624,0.99584,0.0,0.0,nan,0.0,0.0104,0.02862,22.46948,1.88763,0.22817,0.48686,0.65071,0.81263,0.52977,0.65071
11.0069,27.00295,8.61535,0.24892,-0.06007,0.96666,0.99644,0.0,0.0,nan,0.0,0.00437,0.04218,23.09555,1.6923,0.22697,0.7884,0.94948,0.39499,0.59091,0.94948
10.38522,29.07343,-8.16052,0.38358,0.05514,-0.92186,0.99584,0.0,0.0,nan,0.0,0.00517,0.03109,18.76596,2.04489,0.22873,0.48231,0.78552,0.43037,0.48902,0.78552
11.30727,28.91913,-7.59794,0.44581,0.04863,-0.89381,0.99744,0.0,0.0,nan,0.0,0.00566,0.03277,20.60024,1.74635,0.23216,0.39626,0.76286,0.49841,0.57262,0.76286
11.84394,28.60235,7.91883,0.32357,-0.12055,0.93849,0.98445,0.0,0.0,nan,0.0,0.00866,0.0373,27.79276,1.88779,0.22789,0.77244,0.91693,0.69207,0.52972,0.91693
10.982,29.02879,8.75877,0.25374,-0.16033,0.95389,0.99335,0.0,0.0,nan,0.0,0.0149,0.0343,28.09003,1.8691,0.22936,0.68417,0.54174,0.67994,0.53502,0.54174
10.44639,30.88672,-8.21045,0.37808,0.06232,-0.92367,0.99225,0.0,0.0,nan,0.0,0.00865,0.03292,18.13503,1.95294,0.23383,0.48166,0.72666,0.60547,0.51205,0.72666
11.33702,31.18333,-7.51467,0.46692,0.07964,-0.88071,0.99714,0.0,0.0,nan,0.0,0.00688,0.03095,19.42003,1.66221,0.22479,0.41918,0.81647,0.74316,0.60161,0.81647
10.88322,30.96806,9.04535,0.24794,-0.16502,0.95462,0.99544,0.0,0.0,nan,0.0,0.01823,0.04202,29.3119,1.81552,0.23714,0.72703,0.70927,0.63752,0.55081,0.70927
10.16196,32.25637,-8.084,0.38124,0.13885,-0.91399,0.99574,0.0,0.0,nan,0.0,0.00747,0.03481,19.3858,1.75282,0.23662,0.41962,0.75765,0.5786,0.57051,0.75765
11.11828,33.01731,-7.58286,0.43072,0.13554,-0.89225,0.99704,0.0,0.0,nan,0.0,0.00348,0.02669,22.74227,2.07171,0.22663,0.34863,0.87982,0.6954,0.48269,0.87982
11.01563,33.07711,9.40735,0.28049,-0.11725,0.95267,0.99654,0.0,0.0,nan,0.0,0.01143,0.04002,20.45633,2.06472,0.23133,0.48693,0.45282,0.64374,0.48433,0.45282
11.00211,35.06457,-7.08867,0.41822,0.0607,-0.90631,0.99734,0.00053,0.00264,0.7,1.0,0.00981,0.05111,27.00235,1.65047,0.22437,0.24303,0.75158,0.85237,0.60589,0.75158
11.18918,35.11987,9.62506,0.27696,-0.04035,0.96003,0.99634,0.0,0.0,nan,0.0,0.00829,0.02843,23.46418,1.86717,0.23071,0.60269,0.58761,0.52481,0.53557,0.58761
10.18407,35.85007,10.03145,0.1521,0.00633,0.98834,0.98695,0.0,0.0,nan,0.0,0.0135,0.0507,25.61403,1.97739,0.23396,0.76979,0.65595,0.37281,0.50572,0.65595
10.0315,37.94492,-8.00978,0.36826,0.05179,-0.92828,0.99055,0.0,0.0,nan,0.0,0.01739,0.08475,38.02086,1.87438,0.21703,0.23269,0.40471,0.92806,0.53351,0.40471
10.94318,37.13351,-7.15149,0.43305,0.02355,-0.90106,0.99734,0.0044,0.02201,0.6,1.0,0.01663,0.08104,36.7611,2.04753,0.22893,0.22875,0.35988,0.94595,0.48839,0.35988
11.17122,36.92681,9.82775,0.26628,0.02178,0.96365,0.99055,0.0,0.0,nan,0.0,0.01477,0.03283,28.14488,1.88239,0.23294,0.75285,0.43793,0.6402,0.53124,0.43793
10.14009,37.16293,10.00856,0.16327,-0.00579,0.98657,0.98875,0.0,0.0,nan,0.0,0.02104,0.04577,31.13252,1.86041,0.23008,0.78385,0.43322,0.62406,0.53752,0.43322
10.03504,38.15718,-8.02366,0.36923,0.05412,-0.92776,0.99175,0.0038,0.01899,0.6,1.0,0.01712,0.08784,38.03993,1.65047,0.22058,0.22371,0.40274,0.91694,0.60589,0.40274
10.95371,38.9303,-7.02771,0.43848,0.05164,-0.89726,0.99744,0.15285,0.22623,0.6,0.85136,0.01946,0.11008,38.2697,1.92358,0.22152,0.19245,0.31903,0.96683,0.51986,0.31903
10.98714,39.13861,9.51797,0.25691,-0.04348,0.96546,0.99744,0.0,0.0,nan,0.0,0.01522,0.03112,24.43197,1.76171,0.22475,0.63635,0.72508,0.83153,0.56763,0.72508
10.1556,39.73902,10.02032,0.19532,-0.07659,0.97775,0.99424,0.0,0.0,nan,0.0,0.00464,0.02386,24.34717,1.88078,0.21813,0.58629,0.92198,0.7988,0.53169,0.92198
11.06611,40.96203,-7.01427,0.45007,0.08243,-0.88918,0.99744,0.00095,0.00475,0.51,1.0,0.01464,0.13743,27.71383,2.19855,0.21763,0.17911,0.37248,0.63782,0.45485,0.37248
11.53144,40.96708,9.83697,0.26654,-0.13995,0.95361,0.99614,0.0,0.0,nan,0.0,0.00691,0.03201,21.08906,1.8844,0.22871,0.61987,0.90376,0.75121,0.53067,0.90376
10.54004,40.91057,10.14487,0.23639,-0.13882,0.96169,0.99584,0.0,0.0,nan,0.0,0.00941,0.03128,22.19134,2.10072,0.22324,0.59542,0.86596,0.87551,0.47603,0.86596
10.93146,43.00068,-6.6237,0.4619,0.08646,-0.88271,0.99614,0.0,0.0,nan,0.0,0.00776,0.07132,15.47787,1.72333,0.23198,0.22562,0.62651,0.5449,0.58027,0.62651
11.97968,43.69533,-5.99294,0.46848,0.06747,-0.88089,0.99724,0.0,0.0,nan,0.0,0.00717,0.03667,11.34806,2.0376,0.2168,0.29302,0.39346,0.78443,0.49077,0.39346
11.56568,42.51715,9.67897,0.24857,-0.14937,0.95703,0.99614,0.0,0.0,nan,0.0,0.01127,0.02566,15.10555,1.89385,0.23567,0.53687,0.67679,0.92611,0.52802,0.67679
10.85739,43.13877,10.30737,0.22249,-0.12032,0.96748,0.99504,0.0,0.0,nan,0.0,0.01188,0.0288,14.55417,1.76037,0.22491,0.55624,0.60264,0.84351,0.56806,0.60264
10.91335,45.04819,-6.53665,0.46001,-0.00549,-0.88789,0.99724,0.0,0.0,nan,0.0,0.00919,0.03736,13.23333,1.81552,0.23239,0.36197,0.51951,0.78205,0.55081,0.51951
11.95424,45.29621,-5.98578,0.47776,-0.00615,-0.87847,0.99734,0.0,0.0,nan,0.0,0.00699,0.02683,11.66245,1.81552,0.23198,0.33405,0.42783,0.91331,0.55081,0.42783
10.9467,44.98212,10.43754,0.18077,0.04825,0.98234,0.98765,0.0,0.0,nan,0.0,0.00896,0.03634,15.44656,2.04896,0.22589,0.5289,0.67555,0.5266,0.48805,0.67555
11.14296,47.04538,-6.91358,0.45477,0.03635,-0.88987,0.99125,0.0,0.0,nan,0.0,0.00956,0.02583,14.71866,1.91223,0.22335,0.43061,0.48591,0.97655,0.52295,0.48591
11.95214,47.71497,-5.94863,0.50137,0.09307,-0.86021,0.99744,0.0,0.0,nan,0.0,0.00952,0.02571,14.10104,1.87142,0.23887,0.46366,0.43061,0.912,0.53435,0.43061
10.89242,47.31374,9.60849,0.14574,0.18764,0.97137,0.99384,0.0,0.0,nan,0.0,0.01809,0.05082,21.05199,1.89313,0.22672,0.51631,0.35535,0.7547,0.52823,0.35535
10.88528,46.37664,10.14499,0.13654,0.19814,0.97062,0.99744,0.0,0.0,nan,0.0,0.01062,0.04088,17.40843,1.93482,0.22279,0.46813,0.31045,0.61853,0.51685,0.31045
10.70899,48.92629,-6.62015,0.42893,0.17475,-0.88628,0.99734,0.0,0.0,nan,0.0,0.00818,0.02009,15.44225,2.02355,0.22484,0.45998,0.48355,1.0,0.49418,0.48355
11.65098,49.25033,-5.79244,0.46407,0.14829,-0.8733,0.99624,0.0,0.0,nan,0.0,0.01061,0.03228,15.31198,1.7301,0.22962,0.43823,0.57771,0.8478,0.578,0.57771
10.97271,49.03233,9.4443,0.20355,0.11238,0.97259,0.99634,0.0,0.0,nan,0.0,0.00795,0.02215,21.91573,1.87134,0.22268,0.47123,0.79255,0.96149,0.53438,0.79255
10.44353,51.0242,-6.15729,0.37223,0.08712,-0.92404,0.99594,0.0,0.0,nan,0.0,0.00869,0.03333,13.67861,3.20076,0.23917,0.61393,0.81714,0.62002,0.31243,0.81714
11.35995,50.89338,-5.81078,0.39581,0.05613,-0.91662,0.99404,0.0,0.0,nan,0.0,0.00832,0.02476,12.90795,1.95899,0.22999,0.48614,0.59265,0.79785,0.51047,0.59265
10.944,50.96984,9.24643,0.14805,0.06631,0.98676,0.99494,0.0,0.0,nan,0.0,0.01818,0.03746,23.49433,1.76323,0.23461,0.62018,0.51425,0.84908,0.56714,0.51425
10.8519,53.02672,-6.38328,0.34969,0.09354,-0.93218,0.98445,0.0,0.0,nan,0.0,0.01379,0.03397,11.18043,2.89549,0.23977,0.57079,0.57722,0.83876,0.34536,0.57722
11.75986,53.22562,-5.91284,0.3763,0.07724,-0.92327,0.98975,0.0,0.0,nan,0.0,0.00686,0.03151,10.52237,3.37207,0.23203,0.65388,0.66595,0.39608,0.29655,0.66595
11.13258,53.15115,9.26869,0.07215,0.16305,0.98398,0.99644,0.0,0.0,nan,0.0,0.00942,0.01766,23.78548,2.37421,0.2186,0.61049,0.46667,0.9474,0.42119,0.46667
10.33469,54.24466,-6.12154,0.31703,0.13106,-0.93932,0.99684,0.0,0.0,nan,0.0,0.0044,0.01398,13.10972,2.6,0.2347,0.48422,0.43402,0.74861,0.38461,0.43402
11.00805,54.9847,-5.45485,0.26731,0.04948,-0.96234,0.99005,0.0,0.0,nan,0.0,0.00967,0.02851,13.68156,2.57633,0.23421,0.6816,0.73576,0.5707,0.38815,0.73576
11.00564,54.97489,8.6502,0.05394,0.09093,0.9944,0.99444,0.0,0.0,nan,0.0,0.0081,0.02323,21.47288,1.95618,0.228,0.53859,0.82571,0.93426,0.5112,0.82571
10.76643,57.22923,-6.14997,0.26335,-0.14817,-0.95325,0.99654,0.0,0.0,nan,0.0,0.01166,0.03524,16.77991,1.89122,0.23792,0.72483,0.78696,0.57939,0.52876,0.78696
11.49905,56.83625,-5.99592,0.2389,-0.12053,-0.96354,0.99414,0.0,0.0,nan,0.0,0.01417,0.05025,16.3055,1.88397,0.2381,0.74431,0.6485,0.42535,0.53079,0.6485
10.98633,56.9985,8.96484,0.00186,0.08936,0.996,0.99025,0.0,0.0,nan,0.0,0.02234,0.06995,16.65499,1.91719,0.22398,0.7379,0.58665,0.48479,0.5216,0.58665
10.71323,59.01413,-6.26737,0.31271,-0.19216,-0.93021,0.99514,0.0,0.0,nan,0.0,0.01244,0.0255,18.39082,2.26628,0.22861,0.60256,0.48268,0.89764,0.44125,0.48268
11.58156,59.09978,-5.80082,0.355,-0.14988,-0.92277,0.98515,0.0,0.0,nan,0.0,0.01336,0.02865,19.75206,2.24735,0.22626,0.56695,0.70437,0.90568,0.44497,0.70437
11.02262,59.04461,8.42545,0.02846,0.17705,0.98379,0.99654,0.00153,0.00763,0.51,1.0,0.0102,0.02961,13.50091,1.72864,0.22953,0.53017,0.54303,0.74578,0.57849,0.54303
11.0084,61.02011,-6.93669,0.3025,-0.44925,-0.84063,0.99045,0.0,0.0,nan,0.0,0.01351,0.02791,22.14296,1.68754,0.23071,0.54763,0.63485,0.96358,0.59258,0.63485
11.08492,61.63526,7.69943,0.06679,0.27118,0.96021,0.99654,0.0,0.0,nan,0.0,0.01419,0.02948,16.42963,1.69417,0.2379,0.58098,0.71595,0.92901,0.59026,0.71595
10.93301,60.80754,8.21649,0.06561,0.19925,0.97775,0.99564,0.0,0.0,nan,0.0,0.01534,0.0311,15.62277,1.85178,0.22957,0.58923,0.48249,0.94443,0.54002,0.48249
10.87139,63.29101,-8.50255,0.3358,-0.22211,-0.91537,0.9402,0.0,0.0,nan,0.0,0.01696,0.03292,23.98392,2.00579,0.22308,0.60778,0.58043,0.9183,0.49856,0.58043
11.31125,62.68128,-7.89777,0.34047,-0.33036,-0.88031,0.97227,0.0,0.0,nan,0.0,0.01582,0.0286,24.07372,1.93096,0.22869,0.61111,0.45369,0.97997,0.51788,0.45369
11.02298,63.08238,7.58241,0.0323,0.44378,0.89555,0.98975,0.0,0.0,nan,0.0,0.01318,0.02761,17.25051,1.68697,0.24052,0.54779,0.44883,0.97288,0.59278,0.44883
10.00389,62.03133,8.02309,-0.01375,0.31496,0.94901,0.98995,0.0,0.0,nan,0.0,0.0116,0.02566,18.2676,1.88149,0.23452,0.50173,0.35129,1.0,0.53149,0.35129
10.81423,64.98589,-8.38498,0.35352,0.20153,-0.91346,0.9412,0.0,0.0,nan,0.0,0.00902,0.02748,24.07124,3.25225,0.24054,0.58253,0.5138,0.61033,0.30748,0.5138
11.71218,64.73674,-7.99056,0.43924,0.13846,-0.88764,0.96477,0.0,0.0,nan,0.0,0.00549,0.02866,22.48753,2.04523,0.234,0.4966,0.45234,0.42027,0.48894,0.45234
10.80751,65.67451,5.91863,0.0457,0.54141,0.83951,0.99285,0.0,0.0,nan,0.0,0.00901,0.02327,16.38137,2.73461,0.23074,0.46219,0.73858,0.93977,0.36568,0.73858
11.05774,64.75517,6.60682,0.00961,0.53836,0.84266,0.99205,0.0,0.0,nan,0.0,0.01196,0.02955,16.76178,2.0,0.22663,0.51382,0.62124,0.88182,0.5,0.62124
10.36816,66.24996,-8.1506,0.22006,0.47986,-0.8493,0.94899,0.0,0.0,nan,0.0,0.0087,0.01942,21.46056,1.65047,0.23849,0.54678,0.41588,0.89543,0.60589,0.41588
10.97116,67.00218,-7.10821,0.2073,0.63099,-0.74758,0.95448,0.0,0.0,nan,0.0,0.01164,0.02698,23.18957,1.65047,0.2286,0.51178,0.49197,0.91586,0.60589,0.49197
11.09741,67.71244,-2.60443,0.17384,0.98355,0.04906,0.97746,0.0,0.0,nan,0.0,0.00841,0.02462,12.71931,1.65047,0.23982,0.52187,0.43188,0.75729,0.60589,0.43188
11.17082,67.56597,-1.03928,0.21027,0.976,-0.05673,0.95458,0.0,0.0,nan,0.0,0.0077,0.02571,17.41304,2.1345,0.23169,0.48898,0.42401,0.68331,0.46849,0.42401
11.39419,67.76365,1.07784,0.09532,0.99535,-0.01416,0.96597,0.0,0.0,nan,0.0,0.00647,0.0208,26.83376,1.65047,0.24108,0.56868,0.53183,0.58776,0.60589,0.53183
10.76509,67.90749,3.04345,0.11543,0.94609,0.30262,0.98515,0.0,0.0,nan,0.0,0.0089,0.02227,24.80552,2.26072,0.22835,0.55046,0.50087,0.78442,0.44234,0.50087
10.94005,67.01621,4.91552,0.08271,0.70933,0.70001,0.97686,0.0,0.0,nan,0.0,0.00939,0.03939,23.96296,3.37604,0.23203,0.50019,0.54917,0.51625,0.2962,0.54917
11.04802,68.08195,-6.1677,0.11034,0.87923,-0.46344,0.92741,0.0,0.0,nan,0.0,0.0057,0.02782,21.35046,1.65152,0.23394,0.40399,0.3467,0.55475,0.6055,0.3467
11.03295,68.23051,-4.97634,0.06738,0.9811,-0.18138,0.96487,0.0,0.0,nan,0.0,0.00452,0.0558,25.40351,1.94312,0.23723,0.61364,0.90982,0.29135,0.51464,0.90982
10.82054,68.14553,-3.42668,0.14515,0.98779,0.05661,0.99614,0.0,0.0,nan,0.0,0.00834,0.02556,10.65573,1.87522,0.23282,0.51014,0.56897,0.75923,0.53327,0.56897
10.30876,68.32357,-0.88586,0.26339,0.96231,-0.06774,0.99504,0.0,0.0,nan,0.0,0.0061,0.02504,17.42232,1.85389,0.23333,0.44406,0.33141,0.61148,0.53941,0.33141
10.70154,68.45315,0.99933,0.2022,0.97918,0.01787,0.98575,0.0,0.0,nan,0.0,0.00629,0.02103,27.33144,2.10955,0.2334,0.6024,0.42868,0.53308,0.47404,0.42868
11.24911,68.09707,2.72252,0.05826,0.97263,0.22495,0.98365,0.0,0.0,nan,0.0,0.00745,0.02129,25.27876,1.65047,0.23192,0.55445,0.4093,0.68089,0.60589,0.4093
12.89615,1.76127,-6.54916,0.11209,-0.88198,-0.45777,0.99724,0.0,0.0,nan,0.0,0.00473,0.01702,19.34768,1.65047,0.22533,0.5504,0.69011,0.55683,0.60589,0.69011
13.0265,1.23623,-5.05804,0.13621,-0.94768,-0.28871,0.98885,0.0,0.0,nan,0.0,0.01692,0.06999,13.63621,1.85137,0.2236,0.6311,0.66991,0.43921,0.54014,0.66991
13.02087,0.79473,-2.93404,0.14239,-0.98179,-0.12578,0.99424,0.0,0.0,nan,0.0,0.01199,0.0419,12.98381,1.85065,0.24929,0.40815,0.54085,0.80932,0.54035,0.54085
13.0328,0.61478,-1.07649,0.13925,-0.98293,0.12026,0.97356,0.0,0.0,nan,0.0,0.00874,0.03372,14.03246,2.5671,0.23992,0.4307,0.83731,0.95435,0.38955,0.83731
12.98871,1.25929,0.84642,0.1971,-0.76936,0.60765,0.92121,0.0,0.0,nan,0.0,0.01006,0.09319,16.95295,1.81552,0.23123,0.56764,0.95244,0.60391,0.55081,0.95244
13.01336,3.28342,-8.86006,0.19055,-0.5661,-0.80201,0.9327,0.0,0.0,nan,0.0,0.00705,0.02773,34.76406,1.65047,0.23124,0.60553,0.89096,0.80901,0.60589,0.89096
13.0685,2.56934,-7.36062,0.14143,-0.8169,-0.55917,0.99414,0.0,0.0,nan,0.0,0.00975,0.02494,23.60089,3.25753,0.239,0.60858,0.80626,0.84977,0.30698,0.80626
13.1522,2.80144,1.62076,0.2376,-0.45234,0.85962,0.99125,0.0,0.0,nan,0.0,0.0135,0.06651,19.40627,2.20375,0.2256,0.38042,0.51956,0.58873,0.45377,0.51956
12.68086,3.50476,2.26496,0.24348,-0.39033,0.8879,0.99694,0.00409,0.02044,0.6,1.0,0.01512,0.06426,21.67395,1.73941,0.22453,0.34056,0.47003,0.75459,0.57491,0.47003
13.02983,5.02183,-9.3624,0.25037,-0.21173,-0.94472,0.96387,0.0,0.0,nan,0.0,0.00655,0.04264,30.01829,2.40219,0.22668,0.54694,0.92655,0.6881,0.41629,0.92655
13.72013,4.41998,1.85002,0.30237,-0.33058,0.89403,0.99744,0.0,0.0,nan,0.0,0.01507,0.07251,20.49232,2.02881,0.21782,0.31941,0.4875,0.71432,0.4929,0.4875
12.99877,5.02616,2.69426,0.29307,-0.34552,0.89147,0.99704,0.0,0.0,nan,0.0,0.01498,0.07421,21.99925,1.9254,0.21474,0.27745,0.39413,0.79352,0.51937,0.39413
12.97066,7.00913,-9.25227,0.26842,-0.01222,-0.96322,0.99744,0.0,0.0,nan,0.0,0.01444,0.05386,23.54082,2.00924,0.22602,0.29349,0.46188,0.99088,0.4977,0.46188
13.05335,6.94686,3.40618,0.25526,-0.28467,0.92402,0.99694,0.0,0.0,nan,0.0,0.01125,0.04867,22.26011,1.96431,0.2239,0.30481,0.41455,0.82666,0.50908,0.41455
13.02208,8.99428,-9.29649,0.27851,0.0395,-0.95962,0.99734,0.0,0.0,nan,0.0,0.00996,0.04438,24.5996,2.01954,0.22672,0.27912,0.61961,0.86904,0.49516,0.61961
13.09612,8.62912,3.73982,0.2392,-0.25809,0.93604,0.99734,0.0,0.0,nan,0.0,0.01445,0.04664,26.58026,2.03197,0.22479,0.44098,0.36165,0.75552,0.49213,0.36165
12.91183,9.38091,4.32947,0.23031,-0.25545,0.93899,0.99025,0.0,0.0,nan,0.0,0.0116,0.03899,27.82511,2.02937,0.22028,0.39692,0.41779,0.80355,0.49276,0.41779
12.98004,10.90644,-8.9934,0.29241,0.07803,-0.95311,0.99744,0.0,0.0,nan,0.0,0.01191,0.04751,19.37902,2.21639,0.22525,0.34544,0.54723,0.80087,0.45118,0.54723
12.23184,10.02339,3.99487,0.2073,-0.25316,0.94495,0.99285,0.0,0.0,nan,0.0,0.01285,0.04202,30.16507,1.76665,0.2271,0.44269,0.42642,0.73677,0.56604,0.42642
13.05442,10.96245,4.34235,0.25778,-0.22209,0.94033,0.99684,0.0,0.0,nan,0.0,0.01472,0.05782,34.18104,1.9137,0.22089,0.37371,0.35824,0.72108,0.52255,0.35824
12.96671,13.00288,-9.01531,0.3025,0.10512,-0.94734,0.99744,0.0,0.0,nan,0.0,0.01364,0.06117,16.77976,1.65492,0.22926,0.45482,0.55773,0.54876,0.60426,0.55773
13.06252,12.96494,4.58384,0.29186,-0.24922,0.92342,0.99704,0.0,0.0,nan,0.0,0.00919,0.03651,33.10743,1.9141,0.22205,0.42331,0.50165,0.63075,0.52244,0.50165
12.95839,15.00989,-8.57521,0.34593,0.20242,-0.91616,0.99724,0.0,0.0,nan,0.0,0.00594,0.04705,20.66191,1.71976,0.2314,0.31696,0.70509,0.4372,0.58148,0.70509
13.15724,14.85964,5.58701,0.34466,-0.28089,0.89572,0.99275,0.0,0.0,nan,0.0,0.01111,0.03255,22.80241,1.75944,0.2301,0.39664,0.62325,0.93604,0.56836,0.62325
12.24797,15.49821,6.12955,0.27743,-0.27473,0.92063,0.99075,0.0,0.0,nan,0.0,0.01077,0.0285,21.06919,2.22807,0.22649,0.52292,0.61072,0.79131,0.44882,0.61072
12.5983,17.05751,-8.2367,0.41469,0.10211,-0.90421,0.99544,0.0,0.0,nan,0.0,0.00684,0.04412,22.10467,1.8417,0.22189,0.27462,0.41173,0.61587,0.54298,0.41173
13.34047,16.92609,-7.82693,0.3723,0.12073,-0.92023,0.99285,0.0,0.0,nan,0.0,0.00558,0.0403,23.32055,1.79863,0.21584,0.21338,0.29445,0.70448,0.55598,0.29445
13.5962,16.72248,5.70092,0.39049,-0.20655,0.89714,0.99744,0.0,0.0,nan,0.0,0.01579,0.0351,18.90065,2.02018,0.21949,0.53604,0.55013,0.92785,0.495,0.55013
12.78337,17.11064,6.27368,0.3365,-0.20796,0.91843,0.99514,0.0,0.0,nan,0.0,0.01897,0.03832,20.16021,1.81552,0.23331,0.56995,0.50612,0.95467,0.55081,0.50612
12.62012,18.99161,-8.25363,0.41988,0.05032,-0.90618,0.99734,0.0,0.0,nan,0.0,0.00738,0.04291,23.59627,1.86615,0.22838,0.23308,0.4315,0.80058,0.53586,0.4315
13.51909,19.03259,-7.9601,0.36915,0.05768,-0.92758,0.99744,0.0,0.0,nan,0.0,0.00739,0.0473,23.15419,1.77976,0.22367,0.19079,0.40974,0.88914,0.56187,0.40974
13.98718,18.10456,5.99103,0.41093,-0.21763,0.88531,0.99704,0.0,0.0,nan,0.0,0.01234,0.02926,17.55997,1.91648,0.23006,0.50162,0.37389,0.93628,0.52179,0.37389
12.99761,18.98408,6.54124,0.32274,-0.16993,0.93111,0.99704,0.0,0.0,nan,0.0,0.01806,0.04245,20.09645,2.02933,0.2348,0.52671,0.47724,0.88802,0.49277,0.47724
12.40164,21.01593,-8.23271,0.42605,0.1166,-0.89715,0.99744,0.0,0.0,nan,0.0,0.00939,0.04443,18.00373,2.03344,0.22287,0.34992,0.41087,0.67125,0.49178,0.41087
13.33702,20.94969,-7.71087,0.40391,0.13321,-0.90505,0.99744,0.0,0.0,nan,0.0,0.01046,0.05162,19.44399,1.89822,0.23028,0.32232,0.49542,0.69345,0.52681,0.49542
12.98069,21.08702,6.77699,0.33189,-0.13561,0.93352,0.99564,0.0,0.0,nan,0.0,0.01279,0.03279,22.60213,1.70227,0.23338,0.58358,0.48016,0.72728,0.58745,0.48016
12.21426,22.68101,-8.09947,0.43551,0.12437,-0.89155,0.99714,0.0,0.0,nan,0.0,0.00829,0.04259,18.43494,1.81552,0.23601,0.46712,0.65145,0.46177,0.55081,0.65145
13.11675,23.05986,-7.45868,0.43688,0.14708,-0.88741,0.99694,0.0,0.0,nan,0.0,0.01147,0.03181,18.02179,1.69192,0.23521,0.49623,0.52317,0.80762,0.59104,0.52317
13.0732,22.9736,7.42602,0.36897,-0.22786,0.90108,0.98955,0.0,0.0,nan,0.0,0.00956,0.02406,21.84918,2.06191,0.23474,0.52977,0.51009,0.81827,0.48499,0.51009
12.13114,24.33232,-8.03616,0.44478,0.15842,-0.88152,0.99744,0.0,0.0,nan,0.0,0.00762,0.02951,19.41372,1.81552,0.22966,0.39379,0.43838,0.72304,0.55081,0.43838
12.95065,25.07207,-7.21601,0.40608,0.12994,-0.90455,0.99724,0.0,0.0,nan,0.0,0.00849,0.02514,20.23349,1.91342,0.22656,0.45681,0.44096,0.81203,0.52262,0.44096
13.22295,24.74578,7.59766,0.39698,-0.22863,0.8889,0.99694,0.0,0.0,nan,0.0,0.00435,0.02844,14.52801,1.74111,0.22157,0.54781,0.90221,0.61936,0.57435,0.90221
12.43502,25.43516,8.14235,0.32156,-0.16999,0.93151,0.99295,0.0,0.0,nan,0.0,0.00212,0.03724,12.58204,2.04055,0.22165,0.7005,0.98979,0.40452,0.49006,0.98979
12.94894,26.97401,-6.98306,0.39953,0.11617,-0.90933,0.99734,0.0,0.0,nan,0.0,0.00717,0.02595,20.97698,1.65047,0.22758,0.42564,0.60354,0.71085,0.60589,0.60354
13.62949,26.942,7.89634,0.37002,-0.0547,0.92741,0.99295,0.0,0.0,nan,0.0,0.00335,0.06667,24.76267,1.80419,0.24978,0.89035,0.98981,0.26224,0.55426,0.98981
12.65104,26.92946,8.22727,0.31227,-0.05106,0.94862,0.99584,0.0,0.0,nan,0.0,0.00302,0.05487,23.87961,2.28321,0.22587,0.8608,0.9967,0.32955,0.43798,0.9967
13.01323,29.07259,-6.86175,0.46953,0.08005,-0.87928,0.99564,0.0,0.0,nan,0.0,0.01531,0.04791,19.13804,1.71676,0.23732,0.38831,0.59136,0.90901,0.58249,0.59136
13.23223,28.72586,7.60005,0.36923,-0.07125,0.9266,0.99504,0.0,0.0,nan,0.0,0.00446,0.0356,31.544,1.81552,0.22962,0.80669,0.97307,0.57762,0.55081,0.97307
12.74455,29.36246,8.33672,0.36916,-0.11991,0.9216,0.99694,0.0,0.0,nan,0.0,0.00507,0.03061,29.92109,1.77462,0.22886,0.75437,0.93743,0.58495,0.5635,0.93743
13.0072,30.98997,-6.7172,0.51491,0.08659,-0.85286,0.99714,0.0,0.0,nan,0.0,0.0077,0.03052,20.47229,1.69318,0.23036,0.33403,0.49863,0.82908,0.59061,0.49863
13.8636,30.48627,-5.88953,0.54099,0.10694,-0.8342,0.99734,0.0,0.0,nan,0.0,0.01081,0.03606,17.03867,1.74259,0.22883,0.33992,0.52933,0.98573,0.57386,0.52933
13.49904,31.3025,7.72067,0.42779,-0.16595,0.88851,0.99444,0.0,0.0,nan,0.0,0.013,0.03687,25.15154,1.9156,0.22813,0.70526,0.60794,0.53964,0.52203,0.60794
12.84004,30.93922,8.55736,0.38252,-0.16312,0.90943,0.99694,0.0,0.0,nan,0.0,0.00607,0.03057,25.72468,2.33911,0.21944,0.66795,0.88478,0.56334,0.42751,0.88478
12.86413,32.96124,-6.38744,0.49428,0.09447,-0.86415,0.99744,0.0,0.0,nan,0.0,0.00591,0.03599,20.29696,1.7544,0.22533,0.33852,0.80456,0.64508,0.57,0.80456
13.94433,33.32466,-5.9773,0.5462,0.10555,-0.83098,0.99614,0.0,0.0,nan,0.0,0.00809,0.03636,14.25582,1.68978,0.22835,0.25373,0.46849,1.0,0.59179,0.46849
13.62109,32.27149,7.89183,0.41829,-0.16592,0.89303,0.99594,0.0,0.0,nan,0.0,0.00932,0.02392,15.20121,2.08884,0.23341,0.48466,0.46724,0.90944,0.47873,0.46724
13.00746,33.00831,8.80165,0.35805,-0.14692,0.92207,0.99644,0.0,0.0,nan,0.0,0.00842,0.02457,17.31323,2.47988,0.22895,0.49155,0.70034,0.77772,0.40324,0.70034
12.75516,34.92101,-6.3689,0.51561,0.07699,-0.85336,0.99724,0.0,0.0,nan,0.0,0.00507,0.04769,22.74118,1.81552,0.23099,0.19176,0.39415,0.60336,0.55081,0.39415
13.63257,35.10443,-5.76098,0.56641,0.09602,-0.81851,0.99744,0.0,0.0,nan,0.0,0.006,0.05453,22.08271,2.22974,0.22856,0.19036,0.38581,0.63055,0.44848,0.38581
12.98612,35.00253,8.8642,0.32839,-0.06775,0.94211,0.99724,0.0,0.0,nan,0.0,0.00592,0.02475,21.49867,2.04042,0.22675,0.54433,0.77221,0.51705,0.4901,0.77221
12.61189,37.01094,-6.49233,0.52258,0.04381,-0.85146,0.99674,0.04456,0.22281,0.6,1.0,0.01383,0.0868,32.57775,2.00035,0.22151,0.2102,0.44717,0.80466,0.49991,0.44717
13.50084,37.07674,-5.63162,0.5984,0.05333,-0.79942,0.99634,0.0,0.0,nan,0.0,0.01261,0.06604,28.25546,2.25082,0.22929,0.23504,0.5656,0.87005,0.44428,0.5656
12.90569,37.02774,8.78432,0.29527,0.01842,0.95524,0.99734,0.0,0.0,nan,0.0,0.01047,0.03001,24.42181,1.81552,0.24244,0.68202,0.58029,0.55346,0.55081,0.58029
12.39777,38.95966,-6.19784,0.51579,0.03831,-0.85586,0.99744,0.03289,0.16444,0.6,1.0,0.01627,0.11451,34.11998,2.08869,0.2216,0.1872,0.34716,0.80351,0.47877,0.34716
13.40011,39.09219,-5.64167,0.56483,0.00931,-0.82516,0.99664,0.0,0.0,nan,0.0,0.01492,0.09526,30.1525,1.66239,0.22996,0.23901,0.48983,0.69881,0.60155,0.48983
12.95899,39.03678,8.81717,0.28843,-0.06091,0.95556,0.99624,0.0,0.0,nan,0.0,0.00868,0.02094,22.47936,1.77136,0.22372,0.56719,0.69639,0.79592,0.56454,0.69639
12.41314,41.0054,-6.21756,0.48696,0.06534,-0.87098,0.99744,0.0,0.0,nan,0.0,0.01145,0.12113,26.19628,1.81552,0.21965,0.20575,0.52388,0.49445,0.55081,0.52388
13.50306,40.9365,-5.74975,0.52821,0.05586,-0.84728,0.99694,0.0,0.0,nan,0.0,0.01083,0.11518,21.20705,1.7658,0.22014,0.25667,0.56458,0.4009,0.56631,0.56458
13.06655,40.91153,9.38397,0.28325,-0.14133,0.94857,0.99714,0.00215,0.01077,0.6,1.0,0.01149,0.03019,20.11049,1.76934,0.23525,0.55309,0.5128,0.75664,0.56518,0.5128
12.32605,42.51011,-6.1406,0.47267,0.10112,-0.87542,0.99744,0.0,0.0,nan,0.0,0.00823,0.07226,16.66517,2.06823,0.21885,0.28305,0.55794,0.45085,0.48351,0.55794
13.18591,43.06113,-5.53903,0.50875,0.08859,-0.85635,0.99744,0.0,0.0,nan,0.0,0.00742,0.03818,11.41341,2.59991,0.22214,0.42246,0.4542,0.5407,0.38463,0.4542
12.91523,43.08209,9.42691,0.27641,-0.13752,0.95115,0.99724,0.00853,0.04265,0.7,1.0,0.01101,0.02882,12.73862,1.65047,0.24368,0.61107,0.49996,0.72352,0.60589,0.49996
12.21373,43.77696,10.08333,0.25189,-0.118,0.96054,0.99554,0.0003,0.00148,0.7,1.0,0.00878,0.02826,12.83236,1.76444,0.23034,0.55321,0.39774,0.64929,0.56675,0.39774
12.09222,45.08184,-6.01416,0.4773,-0.00275,-0.87874,0.99744,0.0,0.0,nan,0.0,0.00842,0.02973,11.63536,1.81552,0.23199,0.367,0.60557,0.90407,0.55081,0.60557
13.05704,44.95451,-5.3691,0.49104,0.00249,-0.87113,0.99714,0.0,0.0,nan,0.0,0.00788,0.02763,9.22584,2.21796,0.23462,0.43589,0.4686,0.7963,0.45087,0.4686
13.45534,44.92336,9.80444,0.33827,0.00261,0.94105,0.98805,0.02258,0.1129,0.7,1.0,0.01283,0.03887,12.27052,1.74448,0.22458,0.59382,0.41389,0.64669,0.57324,0.41389
12.43529,44.86008,10.15602,0.24943,-0.01364,0.9683,0.98505,0.0,0.0,nan,0.0,0.0174,0.05086,12.94975,1.72886,0.23922,0.68295,0.41605,0.57829,0.57842,0.41605
12.12443,46.54102,-6.16689,0.49468,0.02256,-0.86878,0.99744,0.0,0.0,nan,0.0,0.00617,0.02214,12.80695,1.88137,0.22661,0.37713,0.34723,0.85399,0.53153,0.34723
13.08737,47.02733,-5.52574,0.50485,0.0626,-0.86093,0.99734,0.0,0.0,nan,0.0,0.00811,0.0259,13.25665,1.95058,0.22437,0.50096,0.49524,0.71944,0.51267,0.49524
13.13274,47.13507,9.6202,0.30985,0.23512,0.92126,0.99045,0.0,0.0,nan,0.0,0.02003,0.04525,14.35744,1.84803,0.23932,0.69803,0.60332,0.72234,0.54112,0.60332
12.25264,46.21838,10.04742,0.22142,0.16717,0.96074,0.98825,0.0,0.0,nan,0.0,0.01463,0.04984,14.48351,1.85688,0.23197,0.56826,0.5343,0.58775,0.53854,0.5343
13.07679,48.97271,-5.33969,0.47653,0.09755,-0.87373,0.99744,0.0,0.0,nan,0.0,0.01309,0.03271,14.07032,1.8931,0.22288,0.50682,0.42203,0.90156,0.52823,0.42203
12.95277,49.03679,8.92012,0.32459,0.08845,0.94171,0.99315,0.0,0.0,nan,0.0,0.01421,0.02555,20.84555,1.92075,0.22949,0.61964,0.50982,0.98353,0.52063,0.50982
13.0625,50.97852,-5.21375,0.44661,0.02245,-0.89445,0.99724,0.0,0.0,nan,0.0,0.01217,0.02749,11.87054,1.81552,0.22878,0.51743,0.63265,1.0,0.55081,0.63265
13.0321,50.96039,9.22063,0.26634,-0.02521,0.96355,0.98785,0.0,0.0,nan,0.0,0.0102,0.0213,18.60556,2.46378,0.23484,0.54504,0.60457,0.97297,0.40588,0.60457
13.02808,53.05408,-5.15806,0.46922,0.06013,-0.88103,0.99714,0.0,0.0,nan,0.0,0.00751,0.02572,10.53454,1.75913,0.23624,0.58728,0.40735,0.59167,0.56846,0.40735
13.01139,53.00573,9.19018,0.18561,0.14873,0.9713,0.99105,0.0,0.0,nan,0.0,0.01347,0.02944,21.5989,2.36384,0.21714,0.61685,0.69195,0.81056,0.42304,0.69195
12.98313,55.00275,-4.93158,0.41638,-0.06433,-0.90691,0.99524,0.0,0.0,nan,0.0,0.00847,0.02469,10.23585,2.74499,0.23855,0.60844,0.74501,0.67387,0.3643,0.74501
12.95148,55.00148,8.44151,0.1845,0.06781,0.98049,0.99684,0.0,0.0,nan,0.0,0.00873,0.02369,20.243,1.88803,0.22888,0.51764,0.67078,0.78223,0.52965,0.67078
13.0402,57.05154,-5.48964,0.39241,-0.07922,-0.91637,0.98875,0.0,0.0,nan,0.0,0.01691,0.04502,13.42539,1.65047,0.2351,0.62149,0.66659,0.69442,0.60589,0.66659
12.96233,56.96468,8.73511,0.201,0.08764,0.97566,0.99235,0.0,0.0,nan,0.0,0.00436,0.06758,14.89959,1.92801,0.2345,0.75089,0.98533,0.3944,0.51867,0.98533
12.15914,59.83844,-6.1379,0.41516,-0.25641,-0.87287,0.98675,0.0,0.0,nan,0.0,0.01097,0.02971,26.46349,1.71675,0.23075,0.46482,0.68484,0.85451,0.5825,0.68484
13.01707,59.0994,-5.18702,0.48231,-0.06899,-0.87328,0.98715,0.0,0.0,nan,0.0,0.00927,0.03143,20.45454,3.58965,0.23356,0.4574,0.49509,0.70822,0.27858,0.49509
13.5726,59.50758,7.87494,0.22222,0.16489,0.96095,0.99724,0.0,0.0,nan,0.0,0.00672,0.02449,8.68174,1.88737,0.22199,0.5728,0.81274,0.73725,0.52984,0.81274
12.85797,58.86706,8.21633,0.19397,0.19393,0.96165,0.99714,0.0,0.0,nan,0.0,0.00398,0.03434,9.14317,1.85529,0.23558,0.6487,0.96203,0.67673,0.539,0.96203
12.57964,61.46441,-6.5671,0.48306,-0.42389,-0.76614,0.98086,0.0,0.0,nan,0.0,0.01234,0.02891,31.89578,1.81936,0.23209,0.56179,0.56249,0.80735,0.54964,0.56249
13.2959,60.97599,-5.11939,0.57171,-0.31403,-0.75798,0.97306,0.0,0.0,nan,0.0,0.00475,0.02943,40.23074,1.87859,0.22573,0.7031,0.85067,0.35572,0.53232,0.85067
13.19014,61.27604,7.89799,0.14059,0.18084,0.97341,0.99554,0.0,0.0,nan,0.0,0.00631,0.02646,14.12008,1.65047,0.2376,0.68103,0.90155,0.77688,0.60589,0.90155
12.57545,60.52026,8.09315,0.13665,0.18268,0.97363,0.99704,0.0,0.0,nan,0.0,0.00668,0.02612,13.43874,1.91479,0.22458,0.60514,0.85105,0.71712,0.52225,0.85105
13.22733,63.10962,-7.18757,0.57099,-0.22785,-0.7887,0.9402,0.0,0.0,nan,0.0,0.00922,0.04246,36.76109,2.43851,0.22811,0.74484,0.82737,0.40857,0.41009,0.82737
13.77809,62.25393,-5.02121,0.64048,-0.31974,-0.69825,0.97077,0.0,0.0,nan,0.0,0.00373,0.02379,36.99517,2.2164,0.22743,0.66733,0.86242,0.38707,0.45118,0.86242
12.95668,63.10548,7.43545,0.06229,0.39348,0.91722,0.99354,0.0,0.0,nan,0.0,0.01133,0.02475,14.92089,1.65047,0.22811,0.61517,0.78683,0.9567,0.60589,0.78683
13.01194,65.01341,-7.06291,0.51082,0.14884,-0.84671,0.99225,0.0,0.0,nan,0.0,0.01131,0.03555,19.39724,2.319,0.22633,0.5065,0.54173,0.69305,0.43122,0.54173
12.87306,65.49295,5.64947,0.03939,0.57993,0.81371,0.99744,0.0,0.0,nan,0.0,0.00905,0.02151,14.32345,1.80276,0.22869,0.48749,0.59866,0.98348,0.5547,0.59866
13.08661,64.56359,6.46581,0.04491,0.54645,0.83629,0.99644,0.0,0.0,nan,0.0,0.01293,0.02764,14.15019,2.68068,0.22798,0.56124,0.58948,0.95144,0.37304,0.58948
13.00152,66.91038,-6.75723,0.4406,0.49918,-0.74611,0.89154,0.0,0.0,nan,0.0,0.0126,0.03892,28.35268,3.21379,0.23003,0.6655,0.57897,0.521,0.31116,0.57897
13.73354,67.80377,-5.60546,0.42936,0.75381,-0.49741,0.85018,0.0,0.0,nan,0.0,0.01053,0.03371,27.26465,1.77113,0.24645,0.55621,0.63708,0.60302,0.56461,0.63708
13.11672,67.79084,-2.85539,0.06612,0.99781,-0.00302,0.99225,0.0,0.0,nan,0.0,0.00772,0.05067,21.56653,1.88814,0.231,0.39392,0.46749,0.4227,0.52962,0.46749
12.8702,67.75271,-1.1909,-0.01836,0.99602,-0.08727,0.98855,0.0,0.0,nan,0.0,0.01151,0.04239,15.57643,2.04077,0.22623,0.43126,0.36789,0.71036,0.49001,0.36789
12.23238,67.89734,0.41501,0.00877,0.99371,-0.11164,0.98266,0.0,0.0,nan,0.0,0.00513,0.02091,24.39449,1.85018,0.23529,0.6041,0.69096,0.43931,0.54049,0.69096
12.85845,67.96716,3.91241,-0.02427,0.85898,0.51143,0.92651,0.0,0.0,nan,0.0,0.01933,0.05739,22.74747,1.65047,0.24978,0.70061,0.59174,0.52299,0.60589,0.59174
13.04781,67.02526,4.82095,0.05153,0.67846,0.73283,0.98665,0.0,0.0,nan,0.0,0.01056,0.02758,14.37007,1.66649,0.23332,0.55929,0.44103,0.77995,0.60006,0.44103
12.34937,68.09245,-6.17907,0.24471,0.81503,-0.52521,0.83999,0.0,0.0,nan,0.0,0.00916,0.03633,24.43129,1.91996,0.2292,0.49427,0.59828,0.55199,0.52084,0.59828
12.91493,68.28204,-4.91323,0.25626,0.94128,-0.21982,0.87166,0.0,0.0,nan,0.0,0.01208,0.04785,31.12279,1.65047,0.24656,0.62519,0.45724,0.42982,0.60589,0.45724
12.66753,68.08945,-3.66575,0.14322,0.98923,0.03001,0.97966,0.0,0.0,nan,0.0,0.01314,0.06516,23.77243,2.68643,0.22487,0.51099,0.42019,0.42776,0.37224,0.42019
13.47887,68.05809,-0.42357,-0.08022,0.98497,-0.15295,0.99724,0.0,0.0,nan,0.0,0.01658,0.0607,16.81361,2.07889,0.23376,0.57733,0.49098,0.52934,0.48103,0.49098
13.07967,68.31876,1.05749,-0.06006,0.99586,-0.06829,0.99594,0.0,0.0,nan,0.0,0.00504,0.03003,22.7991,2.00147,0.23373,0.62704,0.7432,0.29141,0.49963,0.7432
13.05774,68.39032,2.96863,-0.05346,0.96056,0.27287,0.93021,0.0,0.0,nan,0.0,0.01115,0.05325,19.94766,3.00114,0.24518,0.74928,0.79916,0.36484,0.33321,0.79916
15.24306,1.89332,-6.16145,0.16815,-0.91005,-0.37885,0.98395,0.0,0.0,nan,0.0,0.00672,0.02583,20.37728,2.00321,0.22954,0.36068,0.57222,0.79276,0.4992,0.57222
15.01635,1.46225,-5.02663,0.18768,-0.95565,-0.22698,0.99364,0.0,0.0,nan,0.0,0.00761,0.03065,19.84238,1.81888,0.23517,0.44009,0.47697,0.62133,0.54979,0.47697
15.01463,1.25345,-2.96237,0.20111,-0.97208,-0.12089,0.99744,0.0,0.0,nan,0.0,0.00512,0.01865,19.07202,1.74002,0.22591,0.4072,0.512,0.74432,0.57471,0.512
15.05765,0.95445,-1.01192,0.24466,-0.95803,0.14943,0.9366,0.0,0.0,nan,0.0,0.0055,0.03279,23.32322,1.70277,0.23071,0.60151,0.88718,0.53942,0.58728,0.88718
14.88109,1.54847,0.49819,0.26083,-0.75154,0.60593,0.91132,0.0,0.0,nan,0.0,0.02873,0.13719,17.00364,1.71135,0.23202,0.6012,0.76882,0.41422,0.58433,0.76882
14.94284,3.32098,-8.47207,0.22246,-0.53314,-0.81626,0.90753,0.0,0.0,nan,0.0,0.01186,0.04832,34.48931,1.68626,0.23749,0.64438,0.88601,0.71346,0.59303,0.88601
14.9308,2.46512,-7.10973,0.16107,-0.8063,-0.56916,0.97376,0.0,0.0,nan,0.0,0.01095,0.02928,25.52685,2.66256,0.22507,0.48347,0.73042,0.83433,0.37558,0.73042
15.82023,2.05073,-4.22321,0.18315,-0.96423,-0.1916,0.99624,0.0,0.0,nan,0.0,0.00344,0.01615,20.2522,1.88128,0.22958,0.32027,0.56476,0.73068,0.53155,0.56476
15.75806,2.13877,-3.29331,0.18743,-0.97264,-0.13729,0.98156,0.0,0.0,nan,0.0,0.00667,0.02291,19.85286,2.2008,0.22513,0.39848,0.48575,0.80413,0.45438,0.48575
15.02082,2.94865,1.26415,0.30096,-0.41253,0.85979,0.98315,0.0,0.0,nan,0.0,0.01054,0.08458,19.17832,1.93898,0.21835,0.41289,0.84247,0.47334,0.51574,0.84247
14.89628,5.01817,-8.41789,0.29313,-0.19633,-0.9357,0.99065,0.0,0.0,nan,0.0,0.01606,0.04771,27.56433,1.91869,0.21724,0.52112,0.81863,0.88793,0.52119,0.81863
15.11373,4.86505,1.74668,0.35304,-0.28474,0.89123,0.99744,0.0,0.0,nan,0.0,0.01398,0.05975,20.51394,2.078,0.21463,0.35468,0.50182,0.72397,0.48123,0.50182
14.49701,5.54603,2.18097,0.35285,-0.30843,0.88338,0.99744,0.0,0.0,nan,0.0,0.01151,0.0661,20.2875,1.98421,0.21622,0.29037,0.55896,0.65869,0.50398,0.55896
14.9344,7.01539,-8.71973,0.31767,-0.01376,-0.9481,0.99744,0.0,0.0,nan,0.0,0.00999,0.04643,24.12863,1.82679,0.211,0.23295,0.48893,1.0,0.54741,0.48893
15.81506,6.13835,1.93963,0.40252,-0.28165,0.871,0.99744,0.0,0.0,nan,0.0,0.01724,0.06643,21.84361,1.83463,0.2199,0.4068,0.45529,0.69622,0.54507,0.45529
14.9896,7.02285,2.61646,0.38227,-0.30712,0.87152,0.99744,0.0,0.0,nan,0.0,0.02702,0.09056,18.39038,2.17301,0.22635,0.39915,0.35543,0.82875,0.46019,0.35543
15.13174,9.10119,-8.81011,0.38118,0.10316,-0.91873,0.99155,0.0,0.0,nan,0.0,0.00855,0.03897,23.31865,1.89669,0.21041,0.27292,0.77618,0.95272,0.52724,0.77618
15.84831,9.58812,-7.90626,0.47849,0.17373,-0.86073,0.99614,0.0,0.0,nan,0.0,0.01225,0.04064,23.5911,1.91336,0.22363,0.34569,0.46367,0.94613,0.52264,0.46367
14.99283,9.05798,2.99105,0.40911,-0.23041,0.88292,0.99734,0.00433,0.02166,0.6,1.0,0.01983,0.0788,19.86219,1.6593,0.22812,0.34686,0.51613,0.79847,0.60266,0.51613
14.0733,9.76906,4.03828,0.31554,-0.23949,0.91819,0.99345,0.0,0.0,nan,0.0,0.01724,0.0655,31.55482,2.05669,0.22244,0.38084,0.58823,0.73512,0.48622,0.58823
14.9471,10.99382,-8.51426,0.463,0.11356,-0.87905,0.99434,0.0,0.0,nan,0.0,0.00873,0.03692,21.87769,1.765,0.22089,0.28714,0.48961,0.89842,0.56657,0.48961
15.77721,10.78808,-7.79165,0.52493,0.15676,-0.83658,0.99684,0.0,0.0,nan,0.0,0.01208,0.03872,24.36496,1.86297,0.22448,0.34652,0.40734,0.97435,0.53678,0.40734
15.2074,10.90141,3.51629,0.43562,-0.18368,0.88119,0.99724,0.0,0.0,nan,0.0,0.02112,0.08838,34.20891,1.68872,0.22216,0.36229,0.46865,0.69812,0.59217,0.46865
14.40672,11.39538,4.1422,0.37697,-0.19394,0.90569,0.99504,0.00078,0.00389,0.6,1.0,0.02031,0.06654,37.49989,1.81552,0.22485,0.36579,0.43052,0.87898,0.55081,0.43052
14.9134,12.94672,-8.45291,0.46689,0.09227,-0.87949,0.99065,0.0,0.0,nan,0.0,0.0121,0.05023,22.13075,1.66116,0.22927,0.33497,0.35191,0.7843,0.60199,0.35191
15.69408,13.30085,-7.63358,0.55059,0.09282,-0.8296,0.99734,0.0,0.0,nan,0.0,0.00951,0.04388,24.89032,1.65047,0.22386,0.30122,0.53275,0.77693,0.60589,0.53275
15.45568,12.77922,3.69058,0.49712,-0.18784,0.84711,0.99594,0.0,0.0,nan,0.0,0.01808,0.07235,36.7081,1.7213,0.22962,0.28148,0.44055,0.93645,0.58096,0.44055
14.80596,13.17821,4.22726,0.42623,-0.21526,0.87863,0.99544,0.0,0.0,nan,0.0,0.01242,0.05751,35.62891,1.69867,0.22887,0.30218,0.42483,0.75503,0.5887,0.42483
14.70147,14.84895,-8.28521,0.39673,0.20908,-0.8938,0.99105,0.0,0.0,nan,0.0,0.00648,0.04942,23.48317,1.86412,0.22792,0.21693,0.35039,0.65618,0.53645,0.35039
15.53934,15.33051,-7.76439,0.46087,0.16631,-0.87175,0.99025,0.0,0.0,nan,0.0,0.00919,0.05176,26.75767,1.76116,0.23236,0.23007,0.32435,0.82978,0.56781,0.32435
15.9803,14.48554,3.9427,0.56636,-0.20218,0.79897,0.99345,0.0,0.0,nan,0.0,0.00798,0.04237,34.12015,1.76114,0.22943,0.25731,0.44932,0.77478,0.56781,0.44932
14.96629,14.98247,4.76697,0.45564,-0.23442,0.85874,0.99564,0.0,0.0,nan,0.0,0.00554,0.03221,30.50042,1.76096,0.22621,0.26777,0.2809,0.68441,0.56787,0.2809
14.03438,16.267,-8.00925,0.35955,0.1693,-0.91764,0.99734,0.0,0.0,nan,0.0,0.00465,0.03546,23.37006,1.86162,0.22586,0.19308,0.2742,0.73688,0.53717,0.2742
14.94239,17.02181,-7.30432,0.39284,0.11304,-0.91263,0.99644,0.0,0.0,nan,0.0,0.00705,0.03898,24.02858,1.86835,0.22423,0.23711,0.51138,0.82681,0.53523,0.51138
14.70389,17.01046,4.87555,0.44597,-0.20678,0.87083,0.99674,0.0,0.0,nan,0.0,0.012,0.03249,20.17261,3.23125,0.25478,0.6246,0.8052,0.78945,0.30948,0.8052
14.95825,18.99875,-7.36481,0.40946,0.07809,-0.90898,0.99724,0.0,0.0,nan,0.0,0.00865,0.05266,22.32513,1.77609,0.2343,0.22732,0.57666,0.78734,0.56304,0.57666
15.13948,18.94209,5.4839,0.47681,-0.18218,0.85992,0.99744,0.0,0.0,nan,0.0,0.00837,0.02542,16.99328,1.70592,0.22755,0.40247,0.50899,0.9149,0.5862,0.50899
14.36917,19.47855,6.28216,0.41965,-0.16265,0.89299,0.98785,0.0,0.0,nan,0.0,0.01203,0.03164,18.00793,1.87204,0.23268,0.46801,0.58749,0.90235,0.53418,0.58749
15.0503,21.04002,-7.11665,0.45294,0.17707,-0.87378,0.99594,0.0,0.0,nan,0.0,0.01184,0.047,19.31139,2.01841,0.23506,0.32205,0.51829,0.8635,0.49544,0.51829
15.4102,20.99646,5.41519,0.53554,-0.07045,0.84157,0.99744,0.0,0.0,nan,0.0,0.013,0.03266,17.73393,1.78765,0.23358,0.47432,0.42386,0.93406,0.55939,0.42386
14.49928,20.99619,6.36938,0.44542,-0.10821,0.88876,0.99634,0.0,0.0,nan,0.0,0.00848,0.02091,19.72924,1.93804,0.22032,0.54193,0.65914,0.82427,0.51599,0.65914
14.96225,22.89977,-6.47773,0.48173,0.13087,-0.86649,0.99744,0.0,0.0,nan,0.0,0.01169,0.03458,21.17662,2.33638,0.23369,0.47902,0.48935,0.7726,0.42801,0.48935
15.83794,23.0781,-5.91333,0.55446,0.11352,-0.82443,0.99594,0.0,0.0,nan,0.0,0.01236,0.03991,21.10674,2.2181,0.23522,0.45446,0.58283,0.74619,0.45084,0.58283
15.37904,22.91389,5.68291,0.5543,-0.12788,0.82243,0.99724,0.0,0.0,nan,0.0,0.00936,0.02221,20.77264,1.74447,0.21879,0.47595,0.3795,0.97039,0.57324,0.3795
14.29465,23.06094,6.39224,0.47463,-0.17886,0.86182,0.99664,0.0,0.0,nan,0.0,0.01234,0.02304,21.02289,1.96125,0.2205,0.60289,0.41756,0.97302,0.50988,0.41756
15.02243,25.03059,-6.58897,0.43611,0.0925,-0.89513,0.99544,0.0,0.0,nan,0.0,0.00759,0.02599,19.05925,1.81552,0.23726,0.49479,0.41917,0.65236,0.55081,0.41917
15.9467,25.94052,-5.96825,0.5297,0.13149,-0.83793,0.98405,0.0,0.0,nan,0.0,0.01222,0.04394,12.54985,1.8413,0.23805,0.48035,0.41596,0.67129,0.54309,0.41596
15.70934,24.26472,5.79151,0.57228,-0.21926,0.7902,0.99674,0.0,0.0,nan,0.0,0.00907,0.02485,20.23895,1.78706,0.21478,0.48525,0.43543,0.82655,0.55958,0.43543
14.99033,25.03203,6.84179,0.51545,-0.24473,0.82123,0.99734,0.0,0.0,nan,0.0,0.01213,0.03532,16.55002,1.91113,0.21982,0.57423,0.53206,0.6705,0.52325,0.53206
14.82138,26.95614,-6.45669,0.43465,0.16218,-0.88588,0.99315,0.0,0.0,nan,0.0,0.00849,0.02848,14.0167,3.37935,0.2378,0.52833,0.44115,0.64466,0.29591,0.44115
15.60945,27.32664,-5.73601,0.52758,0.21856,-0.82091,0.99095,0.0,0.0,nan,0.0,0.00812,0.02699,13.14751,1.87275,0.2371,0.46157,0.48691,0.75117,0.53398,0.48691
15.14774,26.97219,7.20381,0.50369,-0.07293,0.8608,0.99105,0.0,0.0,nan,0.0,0.00549,0.09603,18.77789,1.85131,0.25097,0.84016,0.97301,0.26303,0.54016,0.97301
14.37053,28.77463,-6.28887,0.50716,0.16694,-0.84553,0.99444,0.0,0.0,nan,0.0,0.0072,0.02618,16.69305,1.67745,0.241,0.35139,0.2459,0.87676,0.59614,0.2459
15.21084,29.1588,-5.33047,0.55351,0.18063,-0.81302,0.99734,0.0,0.0,nan,0.0,0.0061,0.02671,15.72586,1.71339,0.23743,0.31672,0.26747,0.81248,0.58364,0.26747
14.95347,29.08007,7.05303,0.52588,-0.02583,0.85017,0.99404,0.0,0.0,nan,0.0,0.00535,0.04193,27.64881,1.89607,0.22778,0.82671,0.94257,0.43097,0.52741,0.94257
14.05083,29.94848,8.01656,0.42905,-0.11012,0.89654,0.99085,0.0,0.0,nan,0.0,0.00558,0.03442,28.49029,1.87048,0.22682,0.73683,0.92955,0.55366,0.53462,0.92955
14.04213,31.62005,-6.02397,0.54821,0.06646,-0.8337,0.99624,0.0,0.0,nan,0.0,0.01102,0.04119,17.06802,1.69173,0.22904,0.32195,0.59432,0.92787,0.59111,0.59432
15.00021,30.99232,-5.31986,0.55879,0.09488,-0.82387,0.99744,0.0,0.0,nan,0.0,0.0076,0.02511,15.88005,1.65047,0.24014,0.34281,0.57571,0.99405,0.60589,0.57571
15.22148,31.05475,7.46922,0.56909,-0.14694,0.80904,0.98595,0.0,0.0,nan,0.0,0.00991,0.02507,23.95019,1.72907,0.23308,0.69081,0.76455,0.65007,0.57835,0.76455
14.11928,30.32561,8.04241,0.44428,-0.12745,0.88677,0.98625,0.0,0.0,nan,0.0,0.00799,0.03693,28.28958,2.22537,0.22683,0.71369,0.88687,0.57742,0.44936,0.88687
14.04816,32.14027,-6.06307,0.54406,0.06537,-0.8365,0.99504,0.0,0.0,nan,0.0,0.01076,0.04432,15.19875,1.73781,0.23274,0.29203,0.3645,0.94062,0.57544,0.3645
15.02632,33.0554,-5.14771,0.59447,0.12061,-0.79502,0.99704,0.0,0.0,nan,0.0,0.0075,0.06387,19.82876,2.5376,0.21915,0.40957,0.81573,0.39966,0.39407,0.81573
15.99683,33.99158,-3.70384,0.59936,0.14454,-0.78732,0.99734,0.0,0.0,nan,0.0,0.00634,0.05921,28.65308,2.19987,0.21529,0.2254,0.40953,0.50826,0.45457,0.40953
15.42711,32.67521,7.57768,0.56258,-0.23448,0.7928,0.98755,0.0,0.0,nan,0.0,0.00616,0.02214,15.18257,2.44308,0.22597,0.42056,0.3365,0.74843,0.40932,0.3365
14.5929,33.35629,8.31992,0.43262,-0.20334,0.87835,0.98795,0.0,0.0,nan,0.0,0.00703,0.02722,14.9166,2.13928,0.22717,0.46868,0.52042,0.62462,0.46745,0.52042
14.87954,34.87455,-4.67756,0.61071,0.14433,-0.77859,0.99744,0.0,0.0,nan,0.0,0.00722,0.05519,26.9633,2.19554,0.21635,0.2858,0.4007,0.49194,0.45547,0.4007
15.78779,35.01139,-3.89885,0.6083,0.18348,-0.77221,0.99744,0.0,0.0,nan,0.0,0.00642,0.05168,31.47275,2.23666,0.21668,0.21816,0.36593,0.60584,0.4471,0.36593
15.80007,34.81915,7.90784,0.53163,-0.15825,0.83206,0.98675,0.0,0.0,nan,0.0,0.01833,0.06935,9.09119,2.07931,0.23404,0.47976,0.49972,0.6722,0.48093,0.49972
14.83769,35.02702,8.41758,0.39091,-0.10456,0.91447,0.98915,0.0,0.0,nan,0.0,0.00798,0.04211,10.9021,1.7743,0.23677,0.45963,0.35396,0.48767,0.5636,0.35396
14.77245,36.95586,-4.6739,0.64476,0.06013,-0.76202,0.99734,0.0,0.0,nan,0.0,0.0112,0.04072,28.43398,1.65047,0.2321,0.35612,0.61092,0.82648,0.60589,0.61092
15.4637,37.29442,-3.40937,0.61266,0.01588,-0.79019,0.96567,0.0,0.0,nan,0.0,0.00889,0.03951,33.57208,2.20936,0.22851,0.28537,0.40774,0.83505,0.45262,0.40774
15.9727,36.30085,7.97682,0.51748,-0.07906,0.85203,0.99285,0.0,0.0,nan,0.0,0.01481,0.06092,7.71159,2.04394,0.22536,0.31658,0.26787,0.9669,0.48925,0.26787
15.03919,37.00268,8.49917,0.35659,-0.02388,0.93396,0.99205,0.0,0.0,nan,0.0,0.00828,0.05494,12.2869,1.84813,0.24217,0.6907,0.86584,0.40327,0.54109,0.86584
14.95256,39.03465,-4.69705,0.60252,-0.06596,-0.79538,0.99664,0.0,0.0,nan,0.0,0.00694,0.03533,21.67294,1.81552,0.23349,0.31706,0.53318,0.67672,0.55081,0.53318
15.60585,38.45569,-3.66071,0.58396,-0.076,-0.80821,0.99364,0.0,0.0,nan,0.0,0.00793,0.0336,26.54184,1.72708,0.23188,0.33796,0.45339,0.7509,0.57901,0.45339
15.76351,39.90618,7.95279,0.46575,-0.06091,0.88282,0.99724,0.0,0.0,nan,0.0,0.00361,0.02472,17.09917,1.80514,0.22988,0.52538,0.89219,0.57031,0.55397,0.89219
14.95235,39.01825,8.3697,0.35468,-0.037,0.93426,0.99694,0.0,0.0,nan,0.0,0.00719,0.02685,17.49349,1.73715,0.22925,0.54098,0.77788,0.60584,0.57566,0.77788
14.89884,41.00402,-4.69318,0.56114,0.05775,-0.8257,0.99624,0.0,0.0,nan,0.0,0.01195,0.05383,14.07261,1.81552,0.22911,0.42354,0.60452,0.59873,0.55081,0.60452
15.86834,41.25452,-3.94805,0.5573,0.05777,-0.8283,0.99674,0.0,0.0,nan,0.0,0.00829,0.04021,13.34454,1.84792,0.22911,0.57994,0.79936,0.48525,0.54115,0.79936
15.96802,40.35003,7.97651,0.49653,-0.06466,0.86561,0.99664,0.0,0.0,nan,0.0,0.00885,0.02877,17.45503,1.83984,0.23079,0.53325,0.72349,0.64325,0.54353,0.72349
15.11303,40.97034,8.7864,0.39381,-0.11945,0.9114,0.99215,0.0,0.0,nan,0.0,0.01017,0.02667,17.80562,1.73633,0.22784,0.57621,0.67047,0.73623,0.57593,0.67047
14.45167,42.93247,-4.51754,0.54451,0.05684,-0.83683,0.99724,0.0,0.0,nan,0.0,0.00574,0.02834,9.1906,2.21993,0.24099,0.56398,0.88708,0.77941,0.45047,0.88708
15.50696,42.94757,-3.72343,0.55195,0.02979,-0.83334,0.99644,0.0,0.0,nan,0.0,0.00965,0.01981,8.23217,3.2607,0.23793,0.64726,0.63953,0.93583,0.30668,0.63953
15.10714,43.02638,8.95119,0.46794,-0.07477,0.88059,0.98965,4e-05,0.00018,0.6,1.0,0.01598,0.04443,15.16202,1.65047,0.23783,0.56427,0.41143,0.72162,0.60589,0.41143
14.89827,44.99849,-4.44911,0.51703,-0.01033,-0.85591,0.99744,0.0,0.0,nan,0.0,0.00773,0.02822,8.69951,1.86791,0.23251,0.6224,0.66019,0.54136,0.53536,0.66019
15.94156,45.0915,-3.98879,0.55804,0.00636,-0.82979,0.99454,0.0,0.0,nan,0.0,0.01246,0.03593,9.63923,1.84295,0.24154,0.66271,0.6484,0.63194,0.54261,0.6484
15.08144,44.98519,9.06676,0.47399,0.02658,0.88013,0.99045,0.01891,0.09453,0.7,1.0,0.00763,0.02389,10.67573,1.65047,0.23843,0.52898,0.54053,0.71693,0.60589,0.54053
14.7837,46.9664,-4.48723,0.54098,0.08606,-0.83662,0.99744,0.0,0.0,nan,0.0,0.00599,0.02138,11.49381,1.96915,0.22372,0.50965,0.77585,0.70388,0.50783,0.77585
15.71639,47.39591,-3.76298,0.61243,0.12544,-0.78051,0.99744,0.0,0.0,nan,0.0,0.0043,0.02197,10.68292,1.88037,0.22408,0.48784,0.86262,0.74485,0.53181,0.86262
14.67188,46.88078,8.58229,0.41116,0.20849,0.8874,0.99694,0.0,0.0,nan,0.0,0.00771,0.01953,13.54816,1.75082,0.23423,0.67773,0.52234,0.66818,0.57116,0.52234
14.6491,48.96581,-4.47844,0.57356,0.07672,-0.81556,0.99714,0.0,0.0,nan,0.0,0.00941,0.02527,11.97331,1.65047,0.22681,0.50673,0.77043,0.91737,0.60589,0.77043
15.52861,48.97228,-3.53196,0.64553,0.09784,-0.75744,0.99744,0.0,0.0,nan,0.0,0.00479,0.02126,11.76449,1.70409,0.22042,0.50876,0.84662,0.74934,0.58682,0.84662
15.05938,49.2918,7.67542,0.34619,0.02183,0.93791,0.96297,0.0,0.0,nan,0.0,0.00823,0.01701,19.71164,1.73724,0.23799,0.66027,0.75487,0.81974,0.57563,0.75487
14.42131,48.73935,8.25408,0.36281,0.10262,0.92619,0.98435,0.0,0.0,nan,0.0,0.00794,0.0172,20.04502,3.21111,0.23347,0.59557,0.49261,0.85282,0.31142,0.49261
14.5321,50.97509,-4.40107,0.57595,0.04135,-0.81644,0.99604,0.0,0.0,nan,0.0,0.01251,0.02895,11.67079,2.23818,0.21982,0.51715,0.52737,0.97895,0.44679,0.52737
15.43833,50.9629,-3.45806,0.67099,0.04598,-0.74004,0.99744,0.0,0.0,nan,0.0,0.00909,0.02879,9.36947,1.65047,0.22945,0.51311,0.82926,1.0,0.60589,0.82926
15.39884,50.23554,7.74272,0.38318,-0.02001,0.92346,0.99145,0.0,0.0,nan,0.0,0.0083,0.01678,19.04927,2.2301,0.23513,0.61318,0.71044,0.89194,0.44841,0.71044
14.97944,51.01537,8.62632,0.38238,-0.05731,0.92223,0.99305,0.0,0.0,nan,0.0,0.00958,0.02083,20.61305,1.82483,0.23052,0.57793,0.56434,0.87301,0.548,0.56434
14.50644,52.90725,-4.42921,0.5733,0.04573,-0.81807,0.99424,0.0,0.0,nan,0.0,0.00847,0.02214,9.48592,1.91968,0.23354,0.46321,0.28739,1.0,0.52092,0.28739
15.39828,53.09949,-3.48098,0.66301,0.02849,-0.74806,0.99684,0.0,0.0,nan,0.0,0.00548,0.01782,9.54186,1.83953,0.23326,0.3718,0.43323,1.0,0.54362,0.43323
15.98375,53.05688,7.98032,0.48447,0.08156,0.871,0.99145,0.0,0.0,nan,0.0,0.02037,0.04234,18.31195,1.84092,0.23347,0.64059,0.64648,0.83324,0.54321,0.64648
14.93915,52.92664,8.40014,0.38225,0.08744,0.91991,0.99374,0.0,0.0,nan,0.0,0.0181,0.03818,20.52626,1.81552,0.22894,0.62726,0.55897,0.82964,0.55081,0.55897
14.52375,55.20834,-4.346,0.56037,-0.10019,-0.82216,0.99564,0.0,0.0,nan,0.0,0.00797,0.02124,9.16461,1.68023,0.23132,0.51909,0.62525,0.88066,0.59515,0.62525
15.41078,54.90419,-3.571,0.66602,-0.07549,-0.74211,0.99484,0.0,0.0,nan,0.0,0.00887,0.02229,9.04305,3.41814,0.23495,0.5226,0.65014,0.92946,0.29256,0.65014
15.37902,54.85742,7.77465,0.41124,0.06403,0.90928,0.99714,0.0,0.0,nan,0.0,0.01065,0.03173,16.73087,1.65362,0.2232,0.55238,0.51519,0.68018,0.60473,0.51519
14.55909,55.14925,8.21056,0.31829,0.06564,0.94572,0.99474,0.0,0.0,nan,0.0,0.00934,0.03543,17.45735,1.65047,0.22476,0.4951,0.44677,0.59367,0.60589,0.44677
14.71873,57.06495,-4.59253,0.59254,-0.02998,-0.80498,0.98575,0.0,0.0,nan,0.0,0.00954,0.03532,11.81439,1.75843,0.23757,0.54456,0.76069,0.60062,0.56869,0.76069
15.63023,57.01772,-3.64837,0.70938,-0.01945,-0.70456,0.99594,0.0,0.0,nan,0.0,0.01058,0.03296,10.63981,1.81552,0.23383,0.48986,0.43825,0.7786,0.55081,0.43825
15.49014,57.10766,7.83946,0.40487,0.10382,0.90846,0.99604,0.0,0.0,nan,0.0,0.01959,0.07472,8.28484,1.92089,0.21972,0.66125,0.58928,0.49229,0.52059,0.58928
14.56459,56.81988,8.21239,0.32145,0.0908,0.94256,0.99544,0.0,0.0,nan,0.0,0.00745,0.05339,10.47459,1.98478,0.22752,0.70798,0.86354,0.36859,0.50383,0.86354
14.53669,59.03358,-4.50972,0.57997,-0.00916,-0.81459,0.99684,0.0,0.0,nan,0.0,0.0094,0.03025,16.49388,2.13147,0.22899,0.44851,0.35015,0.77697,0.46916,0.35015
15.33986,58.95412,-3.41287,0.7127,-0.01507,-0.7013,0.99574,0.0,0.0,nan,0.0,0.0065,0.02676,14.76642,1.81552,0.22795,0.40522,0.32438,0.68097,0.55081,0.32438
15.05478,59.05087,7.56031,0.33965,0.12555,0.93214,0.99714,0.0,0.0,nan,0.0,0.00616,0.04232,8.05266,1.8771,0.23137,0.57432,0.90728,0.63705,0.53274,0.90728
14.20337,58.28164,8.07124,0.28799,0.1692,0.94257,0.99644,0.0,0.0,nan,0.0,0.01368,0.0436,7.10675,1.70023,0.23367,0.6863,0.71354,0.58603,0.58815,0.71354
14.91192,61.07335,-4.6491,0.6454,-0.25081,-0.7215,0.99524,0.0,0.0,nan,0.0,0.00298,0.03103,43.69636,2.6379,0.23163,0.72123,0.94049,0.35701,0.37909,0.94049
15.69999,60.79887,-3.64688,0.69285,-0.17169,-0.70034,0.98515,0.0,0.0,nan,0.0,0.00474,0.05286,37.47665,1.8228,0.25468,0.69596,0.89918,0.25964,0.54861,0.89918
15.00597,60.97943,7.51341,0.30236,0.12165,0.9454,0.99614,0.0,0.0,nan,0.0,0.00906,0.03652,11.12594,1.88801,0.21912,0.70919,0.90144,0.80079,0.52966,0.90144
14.42924,62.97589,-6.21578,0.64389,-0.27841,-0.71267,0.96767,0.0,0.0,nan,0.0,0.00699,0.03125,43.52439,2.55179,0.22996,0.7147,0.82083,0.42322,0.39188,0.82083
15.04142,62.88511,-4.90089,0.61793,-0.31263,-0.7214,0.99564,0.0,0.0,nan,0.0,0.00627,0.02683,44.927,1.73657,0.22687,0.64599,0.82344,0.49378,0.57585,0.82344
15.68209,63.04751,-3.97496,0.63127,-0.35665,-0.6887,0.98945,0.0,0.0,nan,0.0,0.00779,0.03017,40.00973,1.73658,0.23068,0.56565,0.65013,0.47931,0.57584,0.65013
15.05058,63.08255,7.22065,0.2525,0.30762,0.9174,0.97336,0.0,0.0,nan,0.0,0.01827,0.0468,13.1827,1.65047,0.23128,0.58823,0.76686,0.808,0.60589,0.76686
14.44039,64.85477,-6.25956,0.62505,0.04723,-0.77916,0.95388,0.0,0.0,nan,0.0,0.01681,0.0741,31.26874,1.81552,0.23335,0.54308,0.38467,0.44437,0.55081,0.38467
15.50159,65.15215,-5.3773,0.57384,0.06781,-0.81616,0.95928,0.0,0.0,nan,0.0,0.01,0.04953,40.17392,1.71462,0.23865,0.45167,0.40684,0.46936,0.58322,0.40684
15.12412,65.68771,5.6117,0.19213,0.59418,0.78105,0.99075,0.0,0.0,nan,0.0,0.0132,0.02734,13.79885,1.81552,0.22424,0.60621,0.50793,0.91215,0.55081,0.50793
14.92977,64.6834,6.33527,0.168,0.54332,0.82255,0.98535,0.0,0.0,nan,0.0,0.02945,0.05561,13.62584,1.75757,0.2398,0.70033,0.73486,0.86708,0.56897,0.73486
14.02835,66.77611,-6.02619,0.54155,0.48088,-0.68955,0.90813,0.0,0.0,nan,0.0,0.01016,0.03688,30.00666,1.88113,0.23491,0.53056,0.67458,0.55369,0.5316,0.67458
14.72748,66.99181,-4.89232,0.47338,0.65342,-0.59073,0.92281,0.0,0.0,nan,0.0,0.01194,0.03427,30.92226,1.65047,0.23477,0.48862,0.57478,0.75946,0.60589,0.57478
14.94749,67.773,-3.02562,0.1531,0.95238,-0.26368,0.96307,0.0,0.0,nan,0.0,0.00816,0.04529,23.28691,2.70231,0.23386,0.5323,0.45868,0.36759,0.37005,0.45868
14.76616,67.89735,-1.66043,-0.02696,0.98957,-0.14149,0.99684,0.0,0.0,nan,0.0,0.02014,0.0735,15.84124,1.65047,0.23694,0.56426,0.30543,0.54695,0.60589,0.30543
15.27416,67.83,3.71325,0.23306,0.79436,0.56096,0.95039,0.0,0.0,nan,0.0,0.00576,0.03472,13.94928,1.94637,0.22474,0.7595,0.89994,0.47992,0.51378,0.89994
14.98728,66.80549,4.58623,0.20083,0.67802,0.70707,0.99514,0.0,0.0,nan,0.0,0.01046,0.02029,12.89605,1.86727,0.23421,0.64975,0.7572,0.93825,0.53554,0.7572
14.00392,68.01359,-4.98213,0.37234,0.84974,-0.37323,0.85418,0.0,0.0,nan,0.0,0.01563,0.04306,28.35267,1.74855,0.23482,0.58943,0.52252,0.65909,0.5719,0.52252
15.0642,68.23571,-0.73128,-0.01544,0.99088,-0.13387,0.99704,0.0,0.0,nan,0.0,0.01419,0.05821,11.13946,1.65047,0.23349,0.57365,0.7545,0.50846,0.60589,0.7545
14.98603,68.37209,1.0443,0.06,0.99819,-0.00373,0.99025,0.0,0.0,nan,0.0,0.00974,0.03507,6.9836,2.24559,0.21299,0.38549,0.42046,0.92707,0.44532,0.42046
14.88924,68.24695,2.76916,0.16149,0.92683,0.33898,0.9409,0.0,0.0,nan,0.0,0.00769,0.06823,15.07702,1.65047,0.24294,0.78049,0.89232,0.30041,0.60589,0.89232
16.36567,1.92046,-6.20444,0.20788,-0.89687,-0.3904,0.95638,0.0,0.0,nan,0.0,0.00851,0.02895,20.69361,1.92945,0.23255,0.35333,0.61673,0.91272,0.51828,0.61673
16.83489,1.7049,-4.847,0.23903,-0.94591,-0.21938,0.96697,0.0,0.0,nan,0.0,0.01959,0.0465,22.95115,3.03688,0.23463,0.57406,0.73992,0.7978,0.32929,0.73992
17.06212,1.78834,-2.92967,0.35969,-0.93146,-0.05474,0.95608,0.0,0.0,nan,0.0,0.00647,0.053,37.10633,1.81552,0.2415,0.67032,0.8904,0.34838,0.55081,0.8904
17.01133,1.3872,-1.00708,0.38368,-0.88731,0.25587,0.86347,0.0,0.0,nan,0.0,0.01227,0.06351,31.77112,1.90213,0.2377,0.67721,0.82823,0.40445,0.52573,0.82823
16.31824,1.84984,0.13861,0.36347,-0.73813,0.56838,0.88905,0.0,0.0,nan,0.0,0.02282,0.12872,15.2666,2.42332,0.22966,0.54042,0.85188,0.55052,0.41266,0.85188
16.41327,3.66859,-8.13819,0.36712,-0.4085,-0.83567,0.90633,0.0,0.0,nan,0.0,0.01139,0.04691,32.51236,1.89456,0.23157,0.51671,0.87011,0.81002,0.52783,0.87011
17.02745,2.93204,-7.08495,0.40788,-0.61438,-0.6754,0.90063,0.0,0.0,nan,0.0,0.02448,0.05777,29.20772,1.65047,0.236,0.57123,0.76978,0.84605,0.60589,0.76978
17.42761,2.323,-5.5797,0.41689,-0.84199,-0.34243,0.91032,0.0,0.0,nan,0.0,0.01832,0.06529,28.84424,2.04399,0.22922,0.65809,0.7993,0.54123,0.48924,0.7993
16.25942,2.1072,-3.04665,0.26886,-0.95847,-0.09512,0.99035,0.0,0.0,nan,0.0,0.02924,0.07483,21.58836,2.73949,0.23636,0.55239,0.72761,0.77286,0.36503,0.72761
17.67438,2.24311,-0.21112,0.56596,-0.62678,0.53558,0.83949,0.0,0.0,nan,0.0,0.0131,0.05351,21.87869,1.71322,0.23637,0.50844,0.60622,0.52567,0.5837,0.60622
16.91392,3.06471,0.59683,0.45696,-0.41756,0.78538,0.95149,0.0,0.0,nan,0.0,0.02225,0.06798,17.23059,2.07289,0.22503,0.53045,0.40654,0.68878,0.48242,0.40654
16.51905,4.93283,-8.30752,0.41305,-0.16205,-0.89618,0.96957,0.0,0.0,nan,0.0,0.01462,0.03964,27.33478,1.65047,0.23555,0.45107,0.54038,0.87743,0.60589,0.54038
17.48647,5.21854,-7.53846,0.57028,-0.13617,-0.81008,0.97536,0.0,0.0,nan,0.0,0.0134,0.03921,30.04258,1.78033,0.23831,0.49441,0.40179,0.73731,0.56169,0.40179
16.91707,5.03297,0.92688,0.49408,-0.21779,0.84169,0.98955,0.0,0.0,nan,0.0,0.02169,0.06035,20.48455,1.70806,0.22857,0.48253,0.4748,0.8176,0.58546,0.4748
16.56051,6.97542,-8.33014,0.40959,-0.00767,-0.91224,0.99315,0.0,0.0,nan,0.0,0.01685,0.04285,27.16632,1.67875,0.22576,0.44402,0.6563,0.95095,0.59568,0.6563
17.48025,7.08549,-7.72805,0.56489,0.02276,-0.82485,0.97826,0.0,0.0,nan,0.0,0.0128,0.04615,31.18896,1.84923,0.22036,0.5523,0.69792,0.53451,0.54077,0.69792
17.24657,6.89941,1.45751,0.5742,-0.21312,0.79049,0.97846,0.0,0.0,nan,0.0,0.01788,0.04944,20.22523,2.73531,0.22989,0.46006,0.58026,0.86411,0.36559,0.58026
16.31948,7.35741,2.19,0.46548,-0.26268,0.84518,0.99584,0.0,0.0,nan,0.0,0.01669,0.06394,18.2452,2.07666,0.21577,0.34937,0.6662,0.82918,0.48154,0.6662
16.40891,8.53492,-8.07441,0.4489,0.16072,-0.87901,0.99654,0.0,0.0,nan,0.0,0.01848,0.05478,23.05454,1.69863,0.21723,0.40375,0.4825,0.90792,0.58871,0.4825
17.26818,9.2317,-7.70195,0.54475,0.22649,-0.80744,0.98725,0.0,0.0,nan,0.0,0.01258,0.03676,25.68927,1.92265,0.22941,0.45033,0.77836,0.90062,0.52011,0.77836
17.7382,8.81244,1.68842,0.70137,-0.12731,0.70134,0.95578,0.0,0.0,nan,0.0,0.01316,0.05267,18.76956,1.74659,0.23319,0.29151,0.61884,0.94811,0.57255,0.61884
16.77901,9.06009,2.44142,0.55091,-0.17177,0.8167,0.98805,0.0,0.0,nan,0.0,0.01643,0.06716,20.03676,1.81552,0.22192,0.30856,0.41318,0.87202,0.55081,0.41318
16.89323,11.00548,-6.9899,0.56589,0.15941,-0.80892,0.99504,0.0,0.0,nan,0.0,0.00884,0.03098,27.73487,2.27102,0.22962,0.33578,0.6051,0.91066,0.44033,0.6051
17.76629,11.05167,1.65227,0.78629,-0.05701,0.61522,0.97936,0.0,0.0,nan,0.0,0.00811,0.06864,22.37541,1.85396,0.22044,0.17953,0.36444,0.71734,0.53939,0.36444
16.69851,10.99664,2.48001,0.62341,-0.12087,0.77249,0.99654,0.0,0.0,nan,0.0,0.01606,0.07728,26.65203,1.65047,0.22821,0.27572,0.36303,0.81016,0.60589,0.36303
16.06272,12.20269,-8.03311,0.55998,0.08197,-0.82444,0.99215,0.0,0.0,nan,0.0,0.01107,0.04314,25.01246,1.75252,0.22412,0.30827,0.37489,0.89915,0.57061,0.37489
16.93357,12.94832,-6.70236,0.58268,0.08747,-0.80798,0.99724,0.0,0.0,nan,0.0,0.01626,0.04521,25.16255,1.91158,0.23289,0.39708,0.68339,0.9778,0.52313,0.68339
17.79977,13.02789,1.60355,0.82318,-0.07131,0.56328,0.99444,0.0,0.0,nan,0.0,0.01069,0.07112,28.57318,1.74999,0.22762,0.25761,0.755,0.63478,0.57143,0.755
16.95132,13.04275,2.99803,0.68083,-0.13529,0.71984,0.98955,0.0,0.0,nan,0.0,0.01262,0.05694,35.80272,1.85214,0.22808,0.25733,0.2907,0.90927,0.53992,0.2907
17.08331,15.04772,-6.79281,0.58587,0.11011,-0.80289,0.99305,0.0,0.0,nan,0.0,0.01324,0.0509,25.36738,2.01944,0.22338,0.30829,0.37895,0.91002,0.49519,0.37895
17.87528,15.60892,-5.91555,0.69603,0.11772,-0.7083,0.97576,0.0,0.0,nan,0.0,0.01237,0.04726,20.77601,2.04348,0.23043,0.35978,0.37176,0.79774,0.48936,0.37176
17.9708,14.67331,1.88426,0.83591,-0.1135,0.53701,0.99345,0.0,0.0,nan,0.0,0.00972,0.0573,35.10026,1.91431,0.22798,0.23833,0.61904,0.75239,0.52238,0.61904
16.96274,15.08612,2.90898,0.74839,-0.18837,0.63595,0.99654,0.0,0.0,nan,0.0,0.0149,0.05085,35.62697,1.89079,0.22953,0.3338,0.56251,0.92724,0.52888,0.56251
16.36011,15.40077,4.32653,0.59562,-0.21078,0.77512,0.97067,0.0,0.0,nan,0.0,0.00418,0.03348,28.77991,1.79959,0.22977,0.23567,0.35053,0.56698,0.55568,0.35053
16.78954,17.00556,-6.61549,0.5596,0.10022,-0.82268,0.99434,0.0,0.0,nan,0.0,0.01001,0.04359,20.09902,1.93575,0.22137,0.33981,0.55099,0.74327,0.5166,0.55099
17.69523,17.16999,-5.78275,0.7065,0.09708,-0.70102,0.98216,0.0,0.0,nan,0.0,0.01029,0.03681,16.14876,1.90881,0.22361,0.32057,0.45323,0.98018,0.52389,0.45323
17.85579,16.25258,1.75912,0.8509,-0.23908,0.46777,0.99245,0.0,0.0,nan,0.0,0.01583,0.06876,39.18503,1.92222,0.22268,0.3047,0.75171,0.79859,0.52023,0.75171
17.54275,16.84637,3.09339,0.75128,-0.26178,0.60584,0.98935,0.0,0.0,nan,0.0,0.00877,0.04633,36.76316,2.72003,0.21969,0.2788,0.47101,0.71579,0.36764,0.47101
16.70117,17.11025,4.44695,0.60702,-0.22886,0.76102,0.98425,0.0,0.0,nan,0.0,0.00224,0.02724,24.88605,2.09457,0.22061,0.22348,0.36829,0.39758,0.47743,0.36829
16.66398,18.91253,-6.56728,0.55421,0.09454,-0.82699,0.99424,0.0,0.0,nan,0.0,0.00984,0.0364,18.92736,1.78108,0.22493,0.30538,0.48046,0.97877,0.56146,0.48046
17.58343,19.20869,-5.7297,0.69318,0.11093,-0.71218,0.98685,0.0,0.0,nan,0.0,0.00867,0.03022,16.05453,1.65047,0.22612,0.35806,0.31933,0.9015,0.60589,0.31933
17.86959,18.94263,3.79843,0.69724,-0.15701,0.69943,0.98905,0.0,0.0,nan,0.0,0.0098,0.0621,24.43107,1.88871,0.21626,0.32136,0.54979,0.53152,0.52946,0.54979
16.86245,19.00537,4.60069,0.59899,-0.14572,0.78739,0.99245,0.0,0.0,nan,0.0,0.0101,0.04078,19.49836,2.06137,0.23799,0.39047,0.63768,0.69899,0.48511,0.63768
16.41377,20.7836,-6.36944,0.55119,0.1951,-0.81125,0.99654,0.0,0.0,nan,0.0,0.01412,0.04827,17.88891,2.04797,0.22963,0.37753,0.68264,0.86143,0.48829,0.68264
17.24498,21.07921,-5.56476,0.65341,0.20011,-0.73007,0.99404,0.0,0.0,nan,0.0,0.01278,0.04146,18.48498,1.95393,0.22008,0.43139,0.42002,0.79161,0.51179,0.42002
17.66624,20.90088,3.71728,0.69967,-0.03901,0.7134,0.99744,0.0,0.0,nan,0.0,0.01178,0.05474,18.97171,1.91879,0.21767,0.34122,0.61754,0.69701,0.52116,0.61754
16.82665,21.09377,4.75593,0.6145,-0.05362,0.78709,0.99734,0.0,0.0,nan,0.0,0.00682,0.02142,17.6405,2.04622,0.21454,0.42466,0.69917,0.83441,0.48871,0.69917
16.03226,22.53628,-6.01009,0.55689,0.13946,-0.8188,0.99644,0.0,0.0,nan,0.0,0.01285,0.03787,21.21878,2.20615,0.23524,0.4452,0.58532,0.83422,0.45328,0.58532
16.95505,22.89207,-5.07635,0.68448,0.13504,-0.71642,0.99604,0.0,0.0,nan,0.0,0.01092,0.03033,19.10981,3.36207,0.23866,0.47053,0.42378,0.845,0.29744,0.42378
17.72185,23.65674,-3.62822,0.81055,0.07603,-0.58071,0.98945,0.0,0.0,nan,0.0,0.00632,0.02057,16.75176,3.04475,0.2344,0.44391,0.36545,0.77409,0.32843,0.36545
17.90268,22.98051,3.89695,0.73581,-0.08059,0.67238,0.99364,0.0,0.0,nan,0.0,0.01704,0.0535,19.37593,1.74797,0.22597,0.43294,0.59796,0.8119,0.57209,0.59796
16.85231,22.92025,4.76273,0.62129,-0.10683,0.77626,0.99714,0.0,0.0,nan,0.0,0.01083,0.02794,20.47152,1.76211,0.22154,0.47007,0.4474,0.90535,0.5675,0.4474
16.22142,24.6866,-6.17059,0.56384,0.06066,-0.82365,0.96667,0.0,0.0,nan,0.0,0.00934,0.03821,18.67214,2.04713,0.22837,0.43056,0.46029,0.62878,0.48849,0.46029
17.12989,25.02506,-5.1119,0.70886,0.06053,-0.70275,0.99384,0.0,0.0,nan,0.0,0.00485,0.02582,18.03105,2.59357,0.23874,0.4541,0.86909,0.74167,0.38557,0.86909
17.74511,24.4891,-3.65312,0.80356,0.04428,-0.59358,0.99235,0.0,0.0,nan,0.0,0.00661,0.01979,17.40194,1.66595,0.2355,0.43138,0.64988,0.86311,0.60026,0.64988
17.92144,24.21323,3.84919,0.76042,-0.10391,0.64106,0.99654,0.0,0.0,nan,0.0,0.01033,0.03682,18.65225,2.21037,0.22615,0.41207,0.55907,0.75367,0.45241,0.55907
17.12237,24.96267,5.13449,0.6704,-0.17264,0.72164,0.99574,0.0,0.0,nan,0.0,0.00676,0.03137,17.4692,1.74231,0.21941,0.41895,0.65273,0.5729,0.57395,0.65273
16.13905,25.59179,6.11498,0.60703,-0.21326,0.76553,0.99644,0.0,0.0,nan,0.0,0.01048,0.0448,15.54729,2.03201,0.22482,0.5248,0.64223,0.50311,0.49212,0.64223
16.94102,26.93899,-4.85814,0.67939,0.20708,-0.70395,0.99364,0.0,0.0,nan,0.0,0.01065,0.04566,14.50877,1.65047,0.23529,0.42434,0.57903,0.62523,0.60589,0.57903
17.71227,27.55579,-3.65894,0.74873,0.17772,-0.63861,0.99704,0.0,0.0,nan,0.0,0.00752,0.03447,15.80003,1.72895,0.2506,0.4362,0.61807,0.56319,0.57839,0.61807
17.3128,26.98388,5.28238,0.72372,-0.07067,0.68646,0.99734,0.0,0.0,nan,0.0,0.01825,0.05235,10.0022,1.91457,0.23303,0.48647,0.44844,0.85979,0.52231,0.44844
16.26125,27.05042,6.26312,0.63686,-0.06743,0.76803,0.99474,0.0,0.0,nan,0.0,0.02453,0.08903,10.38173,1.77744,0.22776,0.63378,0.72011,0.51855,0.56261,0.72011
16.70215,28.90872,-4.59685,0.64691,0.17232,-0.74284,0.99624,0.0,0.0,nan,0.0,0.00462,0.02104,16.44335,1.80532,0.23474,0.31647,0.45048,0.77779,0.55392,0.45048
17.43141,28.99072,-3.29564,0.71781,0.12902,-0.68419,0.99704,0.0,0.0,nan,0.0,0.00493,0.019,15.60763,1.81552,0.22762,0.328,0.6025,0.89303,0.55081,0.6025
17.22128,29.01258,5.17235,0.71082,0.02188,0.70304,0.99744,0.0,0.0,nan,0.0,0.01007,0.03755,15.36923,1.71253,0.23532,0.43937,0.53334,0.68961,0.58393,0.53334
16.40434,28.92282,6.35423,0.66005,0.01683,0.75103,0.99235,0.0,0.0,nan,0.0,0.00774,0.0389,22.24974,1.85481,0.23189,0.71618,0.85218,0.44965,0.53914,0.85218
16.51766,30.91501,-4.36416,0.6124,0.09072,-0.78533,0.99544,0.0,0.0,nan,0.0,0.0062,0.02119,16.27193,1.76983,0.23867,0.33097,0.64785,0.99285,0.56503,0.64785
17.5473,31.14075,-3.55014,0.68532,0.0549,-0.72617,0.99105,0.0,0.0,nan,0.0,0.01353,0.03663,17.67746,1.84708,0.23116,0.41595,0.39628,0.98827,0.54139,0.39628
16.98175,30.9559,5.16904,0.70255,-0.06821,0.70836,0.99005,0.0,0.0,nan,0.0,0.00879,0.02711,20.23136,1.69853,0.23066,0.37845,0.45932,0.94116,0.58874,0.45932
16.08862,30.92765,6.21242,0.67926,-0.09001,0.72835,0.99434,0.0,0.0,nan,0.0,0.01316,0.02803,22.53585,1.78092,0.23358,0.57907,0.60146,0.88245,0.56151,0.60146
16.26832,32.78011,-4.21914,0.59383,0.12956,-0.79409,0.99724,0.0,0.0,nan,0.0,0.00513,0.05677,23.72553,2.10727,0.21354,0.28503,0.51587,0.34351,0.47455,0.51587
17.1646,33.14859,-3.49957,0.63748,0.13304,-0.75889,0.99694,0.0,0.0,nan,0.0,0.00668,0.06248,27.45069,2.27428,0.21449,0.24813,0.46486,0.46238,0.4397,0.46486
17.18748,33.12395,5.30992,0.70551,-0.26063,0.65904,0.99384,0.0,0.0,nan,0.0,0.00649,0.01966,14.50473,1.71829,0.23698,0.47633,0.40319,0.78837,0.58197,0.40319
16.64905,33.21441,6.74466,0.67287,-0.27359,0.68731,0.99664,0.0,0.0,nan,0.0,0.00477,0.02114,13.55256,1.90393,0.23083,0.41567,0.59399,0.6228,0.52523,0.59399
16.08901,35.79759,-4.0049,0.61047,0.15178,-0.77736,0.99744,0.0,0.0,nan,0.0,0.01413,0.05539,35.46216,2.24403,0.22104,0.33464,0.55563,0.80523,0.44563,0.55563
17.05328,35.06503,-3.26414,0.61236,0.15869,-0.77449,0.99674,0.0,0.0,nan,0.0,0.01167,0.0588,37.10287,2.24021,0.21537,0.25232,0.35019,0.82912,0.44639,0.35019
17.94991,35.92525,-1.9615,0.73486,0.09366,-0.67172,0.98585,0.0,0.0,nan,0.0,0.01139,0.06039,37.58127,2.20646,0.22364,0.25363,0.43674,0.78348,0.45321,0.43674
17.88842,34.43071,5.88614,0.75212,-0.21272,0.62375,0.99255,0.0,0.0,nan,0.0,0.00506,0.02172,11.71612,1.9917,0.23031,0.47129,0.57791,0.57893,0.50208,0.57791
16.98171,35.02084,6.95002,0.6778,-0.18723,0.71101,0.99374,0.0,0.0,nan,0.0,0.00832,0.04049,8.54168,2.0417,0.22143,0.48819,0.61957,0.51952,0.48979,0.61957
16.0356,36.03255,-4.00197,0.61289,0.12931,-0.77952,0.99724,0.0,0.0,nan,0.0,0.01018,0.04523,36.99537,2.13227,0.22066,0.28859,0.39823,0.82197,0.46898,0.39823
17.0154,36.92559,-2.80248,0.58178,0.0266,-0.81291,0.99634,0.0,0.0,nan,0.0,0.00995,0.04359,34.49085,2.23658,0.22521,0.26553,0.45812,0.9092,0.44711,0.45812
17.98155,36.08581,-1.97302,0.73835,0.09075,-0.66829,0.98216,0.0,0.0,nan,0.0,0.01347,0.06355,36.45043,2.22374,0.21838,0.28322,0.44356,0.78941,0.44969,0.44356
17.09994,36.98331,7.16865,0.66921,-0.07709,0.73907,0.99444,0.0,0.0,nan,0.0,0.01161,0.05574,7.6806,1.93757,0.21953,0.2806,0.50074,0.93539,0.51611,0.50074
16.01194,37.58798,8.04049,0.49372,-0.02529,0.86925,0.99185,0.0,0.0,nan,0.0,0.00509,0.05475,11.38726,1.74641,0.25084,0.62083,0.93338,0.42566,0.5726,0.93338
16.01404,39.12143,-4.00307,0.56707,-0.09867,-0.81774,0.99744,0.0,0.0,nan,0.0,0.0081,0.03498,23.19852,1.6837,0.24056,0.42331,0.44597,0.59395,0.59393,0.44597
16.93248,38.9712,-3.20897,0.57235,-0.09741,-0.8142,0.99315,0.0,0.0,nan,0.0,0.00919,0.03472,23.33051,1.65047,0.23806,0.43871,0.28768,0.65538,0.60589,0.28768
17.21981,38.96537,7.28871,0.65184,-0.02336,0.758,0.98166,0.0,0.0,nan,0.0,0.0059,0.0444,13.40278,1.75268,0.23499,0.55968,0.85991,0.42106,0.57055,0.85991
16.1482,38.88674,8.08788,0.4903,-0.01945,0.87134,0.98875,0.0,0.0,nan,0.0,0.00342,0.02775,15.91979,1.68354,0.23369,0.60124,0.86642,0.3681,0.59399,0.86642
17.15504,41.07548,-3.32978,0.6234,0.05902,-0.77967,0.98016,0.0,0.0,nan,0.0,0.01061,0.04207,12.05062,1.74288,0.23441,0.5326,0.51862,0.55198,0.57376,0.51862
17.10347,41.03743,7.35193,0.66078,-0.01925,0.75033,0.99095,0.0,0.0,nan,0.0,0.00818,0.03056,16.63804,1.73976,0.22298,0.4965,0.68539,0.60376,0.57479,0.68539
16.00039,41.11987,8.01861,0.52527,-0.06958,0.84809,0.99574,0.0,0.0,nan,0.0,0.01157,0.0335,18.99306,1.87891,0.22969,0.59301,0.50185,0.64349,0.53222,0.50185
17.05739,42.97075,-2.97852,0.65939,0.04346,-0.75055,0.99125,0.0,0.0,nan,0.0,0.01526,0.03876,9.49574,1.72879,0.23851,0.63501,0.67603,0.75057,0.57844,0.67603
17.99202,43.70206,-1.99445,0.83874,0.0472,-0.54249,0.98585,0.0,0.0,nan,0.0,0.00862,0.02687,8.63607,1.81552,0.23874,0.45002,0.27116,0.87797,0.55081,0.27116
16.98979,42.90262,7.20572,0.67716,-0.04767,0.73429,0.99704,0.0,0.0,nan,0.0,0.00847,0.03027,14.42984,1.75627,0.22411,0.44547,0.41796,0.7148,0.56939,0.41796
16.1636,42.92066,8.16331,0.60093,-0.05299,0.79754,0.99604,0.0,0.0,nan,0.0,0.00991,0.03662,15.96612,1.75052,0.22728,0.49596,0.46551,0.61409,0.57126,0.46551
17.14947,45.01382,-3.16416,0.70133,0.04285,-0.71154,0.97087,0.0,0.0,nan,0.0,0.01475,0.0374,9.07353,1.65047,0.24087,0.56472,0.42055,0.85257,0.60589,0.42055
17.95152,45.6183,-1.88914,0.84951,0.10461,-0.51709,0.99285,0.0,0.0,nan,0.0,0.00903,0.0282,7.92626,2.02918,0.22743,0.41005,0.55468,0.97806,0.49281,0.55468
17.32107,44.84768,7.36741,0.67046,-0.06831,0.7388,0.99524,0.0,0.0,nan,0.0,0.0078,0.03806,12.61852,1.76658,0.23212,0.50363,0.35758,0.47125,0.56607,0.35758
16.34396,45.12505,8.21185,0.5832,-0.01759,0.81214,0.99165,0.0,0.0,nan,0.0,0.00624,0.02654,11.6579,3.63103,0.24264,0.50862,0.3774,0.54129,0.2754,0.3774
16.86717,46.97374,-2.93734,0.70725,0.15542,-0.68967,0.99345,0.0,0.0,nan,0.0,0.01153,0.03199,7.88793,1.73781,0.23378,0.49244,0.42203,0.9173,0.57544,0.42203
17.73594,47.13282,-1.65683,0.83187,0.12856,-0.53987,0.99634,0.0,0.0,nan,0.0,0.00799,0.02819,8.19244,1.65047,0.2387,0.35285,0.39564,1.0,0.60589,0.39564
17.36582,47.03625,7.51106,0.59215,0.00965,0.80577,0.97346,0.0,0.0,nan,0.0,0.0112,0.05212,7.43712,1.81552,0.23233,0.61731,0.43161,0.44166,0.55081,0.43161
16.36758,46.94188,8.20924,0.47127,0.09484,0.87688,0.98355,0.0,0.0,nan,0.0,0.0052,0.01768,9.1605,1.71509,0.23835,0.69053,0.46256,0.51919,0.58306,0.46256
16.59289,49.00942,-2.57701,0.72317,0.11185,-0.68155,0.99734,0.0,0.0,nan,0.0,0.005,0.01585,9.19481,1.90381,0.2113,0.38425,0.57261,1.0,0.52526,0.57261
17.66503,49.10352,-1.5412,0.81371,0.10335,-0.572,0.99175,0.0,0.0,nan,0.0,0.01128,0.03691,8.83463,1.65047,0.23142,0.3748,0.54015,1.0,0.60589,0.54015
17.20528,49.0397,7.5952,0.50165,0.07611,0.86172,0.96317,0.0,0.0,nan,0.0,0.00676,0.02802,16.39278,2.7944,0.24228,0.74148,0.77828,0.40144,0.35786,0.77828
16.3009,48.34142,8.12186,0.38891,0.09996,0.91584,0.98665,0.0,0.0,nan,0.0,0.00579,0.01996,17.42152,1.87114,0.23687,0.75989,0.69438,0.4259,0.53443,0.69438
16.5381,50.95297,-2.57646,0.74368,0.0711,-0.66475,0.99734,0.0,0.0,nan,0.0,0.00899,0.02568,9.6155,1.92487,0.20985,0.42278,0.5121,1.0,0.51952,0.5121
17.53012,51.03999,-1.25142,0.83453,0.08585,-0.54424,0.99514,0.0,0.0,nan,0.0,0.0109,0.03135,9.786,1.70941,0.20872,0.4206,0.50045,0.99589,0.585,0.50045
17.25231,51.01179,7.3978,0.60609,0.05578,0.79344,0.96367,0.0,0.0,nan,0.0,0.00979,0.02672,20.2591,1.85656,0.23445,0.62861,0.62769,0.64049,0.53863,0.62769
16.2041,51.19407,8.11772,0.45442,-0.01388,0.89068,0.98585,0.0,0.0,nan,0.0,0.00906,0.01787,19.64051,2.20673,0.22791,0.62092,0.73216,0.89965,0.45316,0.73216
16.37793,52.91536,-2.48176,0.74826,0.03472,-0.6625,0.99734,0.0,0.0,nan,0.0,0.00718,0.02399,9.78186,1.80985,0.21959,0.36032,0.49754,1.0,0.55253,0.49754
17.39771,53.00665,-1.11616,0.85215,0.06392,-0.51937,0.99704,0.0,0.0,nan,0.0,0.0119,0.03447,10.14837,1.86504,0.22121,0.42084,0.66709,0.98215,0.53618,0.66709
17.94529,53.92039,5.92075,0.83663,0.06507,0.54388,0.98465,0.0,0.0,nan,0.0,0.01087,0.02706,17.74699,1.83432,0.23979,0.48204,0.31511,0.9268,0.54516,0.31511
17.11529,52.98832,7.24771,0.64385,0.08112,0.76084,0.98685,0.0,0.0,nan,0.0,0.01809,0.03701,20.0997,2.70141,0.23255,0.59517,0.42874,0.90285,0.37018,0.42874
16.09513,52.10703,8.05578,0.48398,0.02405,0.87475,0.98515,0.0,0.0,nan,0.0,0.01224,0.02532,19.93464,1.65047,0.2322,0.68756,0.70169,0.77366,0.60589,0.70169
16.41205,55.09622,-2.54881,0.77637,-0.03806,-0.62913,0.99364,0.0,0.0,nan,0.0,0.00995,0.02689,8.74454,2.43617,0.23454,0.46252,0.36593,0.9826,0.41048,0.36593
17.42752,54.96859,-1.14247,0.88975,0.03614,-0.45501,0.99504,0.0,0.0,nan,0.0,0.01288,0.03417,9.24597,2.02186,0.2366,0.45967,0.45639,0.99722,0.49459,0.45639
17.85944,55.29889,0.67823,0.94056,0.07279,-0.33172,0.99744,0.0,0.0,nan,0.0,0.00638,0.02258,8.95921,2.00049,0.23347,0.49415,0.83298,0.95322,0.49988,0.83298
17.71822,55.23999,5.6199,0.85535,0.06871,0.51347,0.99494,0.0,0.0,nan,0.0,0.00861,0.02318,14.27453,1.88942,0.23172,0.46114,0.5016,0.91807,0.52926,0.5016
17.03775,54.9846,6.96954,0.65468,0.06375,0.75321,0.99055,0.0,0.0,nan,0.0,0.00581,0.02801,18.99461,1.82381,0.23098,0.44486,0.75167,0.51778,0.5483,0.75167
16.44411,56.98366,-2.62309,0.8062,-0.00653,-0.59161,0.99364,0.0,0.0,nan,0.0,0.00633,0.026,9.08099,2.09884,0.23031,0.29693,0.35237,1.0,0.47645,0.35237
17.20187,57.00368,-1.09097,0.91863,0.03351,-0.39369,0.99734,0.0,0.0,nan,0.0,0.00883,0.02425,8.85276,1.65047,0.23524,0.44653,0.45541,1.0,0.60589,0.45541
17.78451,57.03088,0.58332,0.94395,0.08208,-0.31971,0.99734,0.0,0.0,nan,0.0,0.00741,0.02196,8.79071,1.73681,0.23683,0.42556,0.40282,0.97317,0.57577,0.40282
17.99503,56.33914,5.71047,0.86845,0.03841,0.49428,0.98166,0.0,0.0,nan,0.0,0.0066,0.02198,13.94362,1.67289,0.22619,0.40876,0.39516,0.83942,0.59777,0.39516
17.13561,56.98185,6.95593,0.67361,0.04558,0.73768,0.97306,0.0,0.0,nan,0.0,0.00584,0.04173,16.09072,1.87375,0.2321,0.46378,0.6355,0.33903,0.53369,0.6355
16.53633,59.00917,-2.54278,0.84175,0.00623,-0.53983,0.98905,0.0,0.0,nan,0.0,0.01436,0.03617,12.63322,1.88076,0.23318,0.55589,0.69689,0.82696,0.5317,0.69689
17.2762,59.05181,-1.01757,0.93178,0.01434,-0.36274,0.99484,0.0,0.0,nan,0.0,0.01019,0.03286,10.96271,1.89647,0.23669,0.59533,0.72749,0.61562,0.5273,0.72749
17.56798,59.10148,0.84027,0.95628,0.03882,-0.28986,0.99624,0.0,0.0,nan,0.0,0.01311,0.03324,9.27856,2.09175,0.23048,0.48404,0.59593,0.99047,0.47807,0.59593
17.9819,59.77471,2.01189,0.97078,0.01508,-0.23949,0.99664,0.0,0.0,nan,0.0,0.01128,0.03602,9.43375,2.20059,0.22914,0.37955,0.26778,1.0,0.45442,0.26778
17.89964,59.52985,5.85646,0.82676,0.10043,0.55351,0.94429,0.0,0.0,nan,0.0,0.01801,0.05077,10.87204,1.74648,0.2275,0.50831,0.59105,0.82614,0.57258,0.59105
17.07887,58.98515,6.82052,0.6196,0.09537,0.7791,0.96747,0.0,0.0,nan,0.0,0.0236,0.0604,9.96464,1.81552,0.23716,0.58855,0.56974,0.79709,0.55081,0.56974
16.36502,61.14696,-2.66782,0.79009,-0.22939,-0.56846,0.98375,0.0,0.0,nan,0.0,0.00728,0.03803,25.5648,2.57074,0.22713,0.5386,0.7979,0.45273,0.38899,0.7979
17.06951,61.23373,-0.95839,0.91446,-0.23008,-0.33291,0.98535,0.0,0.0,nan,0.0,0.01056,0.02831,13.8875,1.93845,0.2359,0.55384,0.79239,0.89186,0.51588,0.79239
17.68544,60.91512,0.73414,0.95763,-0.14013,-0.2516,0.99434,0.0,0.0,nan,0.0,0.00782,0.02633,11.34349,1.90437,0.23203,0.39533,0.46829,0.88373,0.52511,0.46829
17.83674,61.06038,5.73267,0.83005,0.1139,0.54593,0.94829,0.0,0.0,nan,0.0,0.00755,0.04098,9.04857,2.06119,0.22586,0.44382,0.85383,0.75938,0.48516,0.85383
16.88137,60.96899,6.69471,0.60311,0.11,0.79004,0.96427,0.0,0.0,nan,0.0,0.02712,0.06109,10.45049,1.84572,0.23248,0.68009,0.67225,0.77767,0.54179,0.67225
16.50303,63.37513,-4.36744,0.64563,-0.32423,-0.6914,0.97027,0.0,0.0,nan,0.0,0.00839,0.03758,38.00899,2.02341,0.23163,0.53599,0.48431,0.43814,0.49421,0.48431
17.29405,62.80397,-3.13487,0.74234,-0.40632,-0.53276,0.96927,0.0,0.0,nan,0.0,0.00826,0.0505,32.48235,1.93683,0.22505,0.55588,0.75704,0.31936,0.51631,0.75704
17.79349,62.38843,-1.54296,0.88727,-0.3553,-0.29413,0.98945,0.0,0.0,nan,0.0,0.0139,0.03792,13.92511,1.65047,0.23771,0.5216,0.54985,0.80395,0.60589,0.54985
17.96397,62.02367,0.29661,0.94665,-0.2406,-0.21438,0.99644,0.0,0.0,nan,0.0,0.00863,0.03633,12.34747,1.98786,0.24001,0.57547,0.80161,0.57436,0.50305,0.80161
17.67094,63.10553,5.40346,0.80006,0.18971,0.56914,0.95189,0.0,0.0,nan,0.0,0.00992,0.04608,8.09867,1.77641,0.22813,0.61295,0.81184,0.54605,0.56293,0.81184
16.68155,62.96408,6.51159,0.55129,0.24347,0.798,0.95658,0.0,0.0,nan,0.0,0.01455,0.05954,10.24804,1.71083,0.24337,0.57985,0.54463,0.50355,0.58451,0.54463
16.90015,65.07721,-4.62975,0.61736,-0.00294,-0.78667,0.91812,0.0,0.0,nan,0.0,0.00935,0.05345,32.39996,1.73374,0.22826,0.38292,0.72462,0.48522,0.57679,0.72462
17.88641,65.04174,-3.78803,0.77321,-0.04052,-0.63286,0.86627,0.0,0.0,nan,0.0,0.00905,0.0729,27.08737,1.7894,0.22701,0.57554,0.81034,0.28715,0.55885,0.81034
17.8859,65.86772,3.86856,0.72732,0.41872,0.54376,0.91252,0.0,0.0,nan,0.0,0.00704,0.02399,9.87173,3.07837,0.23798,0.51931,0.46199,0.67927,0.32485,0.46199
17.13536,65.19228,5.14106,0.57495,0.45996,0.67665,0.9354,0.0,0.0,nan,0.0,0.00722,0.02489,11.38289,1.71045,0.23772,0.56582,0.41665,0.60283,0.58464,0.41665
16.31413,64.33955,6.12835,0.44482,0.44165,0.77915,0.95228,0.0,0.0,nan,0.0,0.01563,0.0467,11.38396,1.85367,0.23799,0.55675,0.52811,0.70667,0.53947,0.52811
16.58143,66.70062,-4.352,0.50509,0.48949,-0.71083,0.87955,0.0,0.0,nan,0.0,0.00788,0.03408,28.86289,1.81552,0.24076,0.48914,0.6243,0.50565,0.55081,0.6243
17.31885,67.46181,-3.23907,0.53044,0.67516,-0.51264,0.80872,0.0,0.0,nan,0.0,0.0092,0.04271,14.47597,1.65047,0.24172,0.50412,0.36929,0.48652,0.60589,0.36929
17.60679,67.83324,-1.42537,0.56484,0.80079,-0.1992,0.85588,0.0,0.0,nan,0.0,0.01202,0.03748,11.27778,1.85814,0.24112,0.57631,0.56017,0.65494,0.53817,0.56017
17.66492,67.88145,1.32563,0.57893,0.79593,0.17702,0.86916,0.0,0.0,nan,0.0,0.00881,0.03547,11.21845,2.41867,0.23145,0.59049,0.58549,0.49533,0.41345,0.58549
17.1872,67.26598,3.24924,0.51367,0.68647,0.51468,0.91432,0.0,0.0,nan,0.0,0.01233,0.03425,12.68226,3.35778,0.24156,0.67695,0.48589,0.61568,0.29782,0.48589
16.45709,66.30515,4.18951,0.43646,0.60906,0.66223,0.98745,0.0,0.0,nan,0.0,0.01057,0.02371,11.65172,2.0311,0.23902,0.64802,0.5936,0.80554,0.49234,0.5936
16.9164,68.19845,-0.85334,0.3251,0.93792,-0.1209,0.90273,0.0,0.0,nan,0.0,0.01223,0.04353,10.01478,2.40091,0.22696,0.56583,0.52857,0.59575,0.41651,0.52857
16.77946,68.16012,0.91823,0.34862,0.93346,0.08443,0.9399,0.0,0.0,nan,0.0,0.00422,0.05359,12.27932,3.53633,0.25543,0.73758,0.91254,0.25878,0.28278,0.91254
16.30843,68.10829,2.386,0.31542,0.88815,0.33422,0.939,0.0,0.0,nan,0.0,0.01526,0.06416,12.47065,2.21671,0.2285,0.70586,0.74564,0.39093,0.45112,0.74564
18.32605,1.90525,-4.30834,0.51151,-0.84476,-0.15731,0.80952,0.0,0.0,nan,0.0,0.0088,0.03114,37.99891,3.40376,0.2402,0.55805,0.8476,0.77529,0.29379,0.8476
18.45256,1.75228,-2.99601,0.56792,-0.82304,-0.00902,0.78954,0.0,0.0,nan,0.0,0.00788,0.03085,33.80231,1.90053,0.23089,0.46058,0.81329,0.73673,0.52617,0.81329
18.26565,1.81787,-1.59864,0.61586,-0.75698,0.21842,0.79104,0.0,0.0,nan,0.0,0.00787,0.03399,33.43893,2.5733,0.22616,0.59079,0.79956,0.49368,0.38861,0.79956
18.55536,3.29735,-6.64371,0.71836,-0.40522,-0.56547,0.8321,0.0,0.0,nan,0.0,0.01064,0.03115,32.27562,2.09927,0.22866,0.66478,0.82826,0.72832,0.47636,0.82826
19.07885,2.72565,-5.08446,0.82326,-0.50845,-0.25243,0.77326,0.0,0.0,nan,0.0,0.01915,0.05092,31.19723,2.09539,0.22702,0.62557,0.66796,0.63988,0.47724,0.66796
18.88361,2.96331,-3.02274,0.89753,-0.43878,0.0437,0.87416,0.0,0.0,nan,0.0,0.00838,0.06438,23.40388,3.40058,0.23159,0.46837,0.66259,0.30172,0.29407,0.66259
18.71866,2.90955,-0.95313,0.82662,-0.42141,0.37297,0.8331,0.0,0.0,nan,0.0,0.00893,0.05711,19.29235,1.91978,0.22466,0.4706,0.65228,0.36664,0.52089,0.65228
18.2235,3.49438,0.20683,0.69134,-0.31316,0.65113,0.87166,0.0,0.0,nan,0.0,0.01742,0.04117,18.82928,2.78555,0.22665,0.60437,0.71155,0.77456,0.359,0.71155
18.50758,5.02885,-6.65286,0.81561,-0.14167,-0.56098,0.9348,0.0,0.0,nan,0.0,0.00789,0.04097,30.02966,1.86373,0.23732,0.59562,0.86586,0.54789,0.53656,0.86586
19.03936,4.99977,-5.02744,0.98693,-0.06636,-0.14683,0.97366,0.0,0.0,nan,0.0,0.00487,0.07188,29.13148,2.69085,0.22692,0.69516,0.94714,0.28208,0.37163,0.94714
18.82632,4.99123,-2.99482,0.99812,0.00277,0.06116,0.99734,0.0,0.0,nan,0.0,0.01869,0.07355,13.25407,2.37025,0.2229,0.29715,0.35798,0.98414,0.4219,0.35798
18.92626,4.97046,-0.93953,0.94828,-0.07851,0.30756,0.9404,0.0,0.0,nan,0.0,0.01095,0.0525,22.41936,1.66546,0.24155,0.56241,0.63138,0.4038,0.60043,0.63138
18.43494,5.06555,0.36998,0.7576,-0.15037,0.63517,0.90453,0.0,0.0,nan,0.0,0.0164,0.04316,23.43866,2.07009,0.22923,0.54769,0.74954,0.75279,0.48307,0.74954
18.86094,6.97702,-7.03253,0.8065,0.00746,-0.59118,0.88205,0.0,0.0,nan,0.0,0.00451,0.03404,31.47398,1.81552,0.22849,0.53073,0.88386,0.46435,0.55081,0.88386
19.1,6.95503,-4.98081,0.99455,-0.01753,-0.1028,0.98016,0.0,0.0,nan,0.0,0.00958,0.07513,29.09364,1.65047,0.23401,0.62899,0.78526,0.24427,0.60589,0.78526
18.87332,6.97211,-3.00532,0.99788,0.0085,0.06445,0.99744,0.0,0.0,nan,0.0,0.03095,0.15474,11.54848,2.05631,0.22404,0.24181,0.60471,0.97053,0.48631,0.60471
18.87185,6.99064,-0.96576,0.97301,-0.00775,0.23062,0.97596,0.0,0.0,nan,0.0,0.00514,0.04624,21.0661,2.91129,0.22303,0.42584,0.66665,0.28568,0.34349,0.66665
18.37406,7.05159,0.45759,0.82933,-0.0991,0.5499,0.94459,0.0,0.0,nan,0.0,0.00611,0.0484,22.31214,1.70439,0.23588,0.42574,0.89442,0.60082,0.58672,0.89442
18.63737,8.90349,-6.76024,0.76596,0.16519,-0.6213,0.90863,0.0,0.0,nan,0.0,0.00214,0.0278,27.06321,1.74517,0.23165,0.55983,0.97201,0.50895,0.57301,0.97201
19.18582,9.11697,-5.04326,0.98846,0.04749,-0.14381,0.94419,0.0,0.0,nan,0.0,0.00294,0.04135,24.33874,1.91911,0.23151,0.48537,0.85408,0.23808,0.52108,0.85408
18.8442,8.99504,-3.0053,0.99655,0.01033,0.0823,0.99734,0.0,0.0,nan,0.0,0.01317,0.07212,13.69918,1.85353,0.23647,0.31251,0.55281,0.66988,0.53951,0.55281
18.73873,9.04234,-0.97781,0.98694,0.01259,0.16061,0.99404,0.0,0.0,nan,0.0,0.01424,0.07511,13.96968,1.95297,0.21757,0.34368,0.53369,0.63061,0.51204,0.53369
18.42922,9.00822,0.74733,0.87853,-0.05922,0.474,0.94989,0.0,0.0,nan,0.0,0.01071,0.05576,17.26436,3.00485,0.22928,0.23661,0.47259,0.90588,0.3328,0.47259
18.62146,11.05075,-6.50436,0.71682,0.14358,-0.68231,0.90003,0.0,0.0,nan,0.0,0.01155,0.0327,28.55649,2.45561,0.22768,0.48986,0.61896,0.77139,0.40723,0.61896
19.2978,10.88736,-5.06106,0.96501,0.03313,-0.2601,0.88785,0.0,0.0,nan,0.0,0.00753,0.04714,30.75336,1.68332,0.24013,0.5324,0.51517,0.31971,0.59407,0.51517
18.8119,10.98456,-3.04559,0.9945,-0.03794,0.09758,0.99734,0.0,0.0,nan,0.0,0.01997,0.07617,15.13319,2.86658,0.23456,0.45935,0.62839,0.64623,0.34885,0.62839
18.67256,11.0032,-0.99774,0.98929,-0.02198,0.14429,0.99704,0.0,0.0,nan,0.0,0.02302,0.07266,13.61217,2.73861,0.22576,0.38926,0.53365,0.9335,0.36515,0.53365
18.44001,11.02569,0.77294,0.90816,-0.01925,0.41818,0.97286,0.0,0.0,nan,0.0,0.00744,0.06548,19.36338,1.8361,0.22149,0.21219,0.73699,0.59107,0.54463,0.73699
18.29228,12.7648,-6.07974,0.71113,0.09008,-0.69727,0.94599,0.0,0.0,nan,0.0,0.02215,0.05543,28.2321,1.65047,0.23374,0.51712,0.46652,0.82732,0.60589,0.46652
19.13894,13.01958,-5.19974,0.90653,0.10566,-0.40871,0.88565,0.0,0.0,nan,0.0,0.01375,0.08353,28.58589,1.89361,0.23825,0.45645,0.70877,0.38595,0.52809,0.70877
18.90956,12.97773,-2.97918,0.99838,-0.01493,0.05489,0.99744,0.0,0.0,nan,0.0,0.02307,0.06937,13.01974,1.85278,0.23646,0.5108,0.7808,0.83338,0.53973,0.7808
18.83509,13.0021,-1.04762,0.98524,-0.0529,0.16281,0.99584,0.0,0.0,nan,0.0,0.00881,0.05501,14.32191,1.92774,0.21404,0.35919,0.87942,0.86719,0.51874,0.87942
18.51724,13.0638,0.81296,0.91793,-0.05513,0.39289,0.98296,0.0,0.0,nan,0.0,0.01087,0.07489,24.48734,1.89194,0.22197,0.30187,0.73304,0.52024,0.52856,0.73304
18.10859,14.54075,-6.07616,0.68796,0.1176,-0.71616,0.96018,0.0,0.0,nan,0.0,0.01442,0.05441,24.16087,1.67787,0.22843,0.39265,0.31944,0.73102,0.59599,0.31944
18.64608,15.01788,-5.11501,0.85942,0.11617,-0.4979,0.95208,0.0,0.0,nan,0.0,0.00996,0.05717,20.03005,2.08243,0.23043,0.29071,0.28313,0.65902,0.48021,0.28313
19.04632,14.95894,-3.01363,0.99885,0.02504,-0.04091,0.99474,0.0,0.0,nan,0.0,0.0175,0.0631,12.81692,2.05299,0.22874,0.35622,0.50147,0.89988,0.4871,0.50147
18.91728,14.98803,-0.95598,0.98763,-0.04425,0.15042,0.99624,0.0,0.0,nan,0.0,0.01654,0.10206,15.19436,1.79539,0.21723,0.39008,0.48222,0.47016,0.55698,0.48222
18.33732,15.0112,0.98267,0.90197,-0.10736,0.41825,0.99205,0.0,0.0,nan,0.0,0.01007,0.07449,32.49491,1.94826,0.22216,0.2548,0.77454,0.61147,0.51328,0.77454
18.11629,15.682,2.17754,0.83685,-0.20695,0.50681,0.98835,0.0,0.0,nan,0.0,0.01404,0.06442,38.41174,1.71352,0.22345,0.28769,0.68463,0.79706,0.5836,0.68463
18.58581,16.97429,-4.96485,0.85681,0.09188,-0.50737,0.95908,0.0,0.0,nan,0.0,0.00731,0.0471,14.33359,1.71235,0.22531,0.23292,0.56223,0.75948,0.58399,0.56223
18.95503,16.9723,-3.01737,0.98977,0.02269,-0.14084,0.99354,0.0,0.0,nan,0.0,0.00871,0.0474,11.50462,1.65047,0.24484,0.38987,0.55981,0.55311,0.60589,0.55981
18.94904,17.07086,-0.94397,0.98459,-0.17229,0.02989,0.99025,0.0,0.0,nan,0.0,0.00882,0.08267,22.80327,2.13302,0.22114,0.25267,0.67985,0.45916,0.46882,0.67985
18.71893,17.13166,1.05983,0.90506,-0.29513,0.30621,0.98735,0.0,0.0,nan,0.0,0.02095,0.09437,35.10724,2.37685,0.22044,0.32853,0.78066,0.79196,0.42072,0.78066
18.27137,17.5177,2.36754,0.81669,-0.29672,0.49496,0.99345,0.0,0.0,nan,0.0,0.01827,0.07141,34.68399,2.89985,0.22939,0.33487,0.62191,0.80805,0.34485,0.62191
18.51408,18.96719,-4.76368,0.84731,0.07846,-0.52527,0.96198,0.0,0.0,nan,0.0,0.00639,0.03713,12.99805,1.81552,0.237,0.31723,0.42672,0.62623,0.55081,0.42672
18.94664,19.001,-3.01887,0.967,-0.00652,-0.25468,0.99514,0.0,0.0,nan,0.0,0.00185,0.03434,17.36524,1.81552,0.23015,0.34812,0.90722,0.34724,0.55081,0.90722
19.43245,18.96662,-1.06152,0.9726,-0.14498,-0.18176,0.99085,0.0,0.0,nan,0.0,0.00889,0.04787,26.13669,1.84827,0.23576,0.29886,0.31051,0.66867,0.54105,0.31051
19.78387,18.60196,1.22255,0.92346,-0.28874,0.25269,0.88095,0.0,0.0,nan,0.0,0.03168,0.10169,37.30022,1.71608,0.23584,0.33532,0.48521,0.97879,0.58272,0.48521
18.70031,19.00991,2.60398,0.79684,-0.20526,0.56826,0.98975,0.0,0.0,nan,0.0,0.01749,0.07939,31.19659,2.3712,0.22113,0.34301,0.74117,0.68349,0.42173,0.74117
18.42076,20.98637,-4.63776,0.80258,0.16452,-0.57341,0.95618,0.0,0.0,nan,0.0,0.00839,0.04214,14.53503,1.74785,0.22882,0.41344,0.52417,0.54778,0.57213,0.52417
18.97462,20.97666,-3.03311,0.94073,0.07337,-0.33111,0.99125,0.0,0.0,nan,0.0,0.00619,0.03858,16.55887,1.81552,0.23858,0.423,0.44689,0.42528,0.55081,0.44689
19.33857,21.02548,-0.90008,0.9763,0.03486,-0.2136,0.99664,0.0,0.0,nan,0.0,0.00671,0.04034,23.7424,1.65047,0.23193,0.27489,0.35986,0.65569,0.60589,0.35986
19.81467,21.28992,1.25302,0.96806,0.06644,0.24176,0.9339,0.00116,0.0058,0.6,1.0,0.01774,0.0745,28.69379,1.66087,0.23097,0.32772,0.50738,0.77721,0.60209,0.50738
18.75985,21.00563,2.72788,0.80123,-0.00281,0.59835,0.98965,4e-05,0.00018,0.51,1.0,0.01706,0.06961,21.87302,2.09055,0.21886,0.34282,0.39394,0.78004,0.47834,0.39394
18.2173,22.25298,-4.23084,0.80353,0.15834,-0.57381,0.98385,0.0,0.0,nan,0.0,0.00522,0.02611,17.05901,2.07942,0.22979,0.42358,0.47474,0.52697,0.4809,0.47474
18.73829,23.01667,-3.06167,0.8924,0.07394,-0.44515,0.99135,0.0,0.0,nan,0.0,0.00326,0.01926,14.79428,2.56594,0.23487,0.37624,0.48453,0.51093,0.38972,0.48453
19.41703,22.98473,-1.02231,0.97511,0.03254,-0.21934,0.98975,0.0,0.0,nan,0.0,0.00439,0.04476,15.95069,2.56125,0.23041,0.38145,0.79796,0.34214,0.39043,0.79796
19.58922,23.00944,1.05103,0.98281,0.0416,0.17986,0.97306,0.0,0.0,nan,0.0,0.01218,0.06631,23.57843,2.40356,0.22895,0.31945,0.57424,0.62398,0.41605,0.57424
18.68084,23.00928,2.92548,0.81828,-0.03746,0.57359,0.99095,0.0,0.0,nan,0.0,0.01422,0.0466,21.33102,2.08591,0.21661,0.4198,0.54103,0.79492,0.47941,0.54103
18.08892,25.49217,-4.1145,0.7858,0.06613,-0.61494,0.99165,0.0,0.0,nan,0.0,0.00692,0.02273,14.94505,2.02364,0.23733,0.40756,0.61517,0.84716,0.49416,0.61517
18.78464,25.08732,-3.03724,0.86628,0.03827,-0.49809,0.98915,0.0,0.0,nan,0.0,0.00393,0.01633,13.03598,2.54826,0.23415,0.43056,0.4452,0.64502,0.39242,0.4452
19.4146,25.01694,-0.97338,0.97865,0.01051,-0.20527,0.98495,0.0,0.0,nan,0.0,0.00941,0.13022,10.24163,1.87316,0.22204,0.69232,0.9213,0.27627,0.53386,0.9213
19.66687,25.03115,1.13413,0.98631,0.00171,0.16489,0.97666,0.0,0.0,nan,0.0,0.00763,0.05417,17.4597,2.57583,0.22718,0.3132,0.51755,0.50122,0.38822,0.51755
18.80612,24.9542,3.05049,0.85462,-0.07175,0.51427,0.98925,0.0,0.0,nan,0.0,0.01786,0.06126,19.65121,1.76615,0.23115,0.38799,0.61648,0.82773,0.5662,0.61648
18.13338,25.64541,4.17339,0.78968,-0.11415,0.60281,0.99584,0.0,0.0,nan,0.0,0.01175,0.0585,17.43168,1.72934,0.23108,0.40256,0.65497,0.55603,0.57826,0.65497
18.01915,26.09184,-4.05168,0.78143,0.10415,-0.61524,0.99285,0.0,0.0,nan,0.0,0.00491,0.02233,14.51762,2.58449,0.23262,0.34134,0.32695,0.73318,0.38692,0.32695
18.63759,26.93528,-2.88655,0.83796,0.13609,-0.52849,0.98705,0.0,0.0,nan,0.0,0.00585,0.02935,13.87416,3.09043,0.22364,0.40843,0.66781,0.55815,0.32358,0.66781
19.376,27.05666,-1.01459,0.96707,0.06557,-0.24592,0.98126,0.0,0.0,nan,0.0,0.0056,0.04114,10.67248,1.83877,0.23465,0.46028,0.76672,0.37114,0.54384,0.76672
19.49838,26.88852,1.12143,0.99123,-0.00303,0.13211,0.99354,0.0,0.0,nan,0.0,0.00394,0.04055,13.69136,1.90998,0.22739,0.31783,0.78013,0.38792,0.52357,0.78013
18.96345,27.01718,3.03103,0.89576,-0.05537,0.44108,0.98945,0.0,0.0,nan,0.0,0.00858,0.06053,14.47635,1.75792,0.22239,0.29891,0.42985,0.53987,0.56885,0.42985
18.22335,27.03715,4.28957,0.80641,-0.06526,0.58774,0.99594,0.0,0.0,nan,0.0,0.01403,0.05545,13.21392,1.65047,0.2375,0.38894,0.44311,0.74911,0.60589,0.44311
18.33328,28.96402,-2.22223,0.8391,0.08508,-0.53728,0.99664,0.0,0.0,nan,0.0,0.00419,0.01896,13.6467,1.90779,0.22479,0.33815,0.30369,0.74894,0.52417,0.30369
19.32825,29.05474,-1.07934,0.93431,0.042,-0.35397,0.97976,0.0,0.0,nan,0.0,0.00428,0.02947,12.45932,2.36784,0.23028,0.43604,0.39541,0.38627,0.42233,0.39541
19.53905,29.00097,0.99605,0.99791,-0.03326,0.0554,0.99035,0.0,0.0,nan,0.0,0.00908,0.06556,10.69062,2.07254,0.23417,0.52019,0.828,0.42124,0.4825,0.828
19.01771,29.04916,3.07227,0.89528,-0.06132,0.44127,0.98655,0.0,0.0,nan,0.0,0.00595,0.07104,17.96181,1.94486,0.22984,0.2539,0.39767,0.36667,0.51418,0.39767
18.28703,28.97496,4.30684,0.77385,-0.02451,0.6329,0.98955,0.0,0.0,nan,0.0,0.00754,0.04256,15.95423,1.65047,0.23149,0.37273,0.81041,0.66302,0.60589,0.81041
18.43374,30.94359,-2.60194,0.79365,0.02164,-0.60799,0.99015,0.0,0.0,nan,0.0,0.00793,0.02923,17.23558,1.91658,0.2222,0.35994,0.59883,0.84107,0.52176,0.59883
19.17358,31.03493,-1.07672,0.92794,0.00936,-0.37262,0.99065,0.0,0.0,nan,0.0,0.00927,0.05512,18.17037,1.65047,0.23728,0.31359,0.40362,0.59513,0.60589,0.40362
19.6213,31.02192,1.04619,0.99996,-0.00713,0.00453,0.98365,0.0,0.0,nan,0.0,0.01608,0.10052,21.4556,2.24435,0.22124,0.39474,0.61854,0.4431,0.44556,0.61854
19.34112,31.06104,3.19561,0.9039,-0.06553,0.4227,0.95538,0.0,0.0,nan,0.0,0.01039,0.06408,23.95814,1.70563,0.2191,0.33599,0.51789,0.52306,0.58629,0.51789
18.28702,31.08207,4.3911,0.72802,-0.08145,0.6807,0.99155,0.0,0.0,nan,0.0,0.00924,0.03825,22.97863,2.53527,0.22967,0.39417,0.35302,0.66658,0.39443,0.35302
18.43689,32.99707,-2.53205,0.76896,0.09696,-0.6319,0.97506,0.0,0.0,nan,0.0,0.01381,0.08725,29.6402,2.12544,0.21814,0.29331,0.70306,0.57601,0.47049,0.70306
19.1364,33.04659,-1.05318,0.92436,0.05256,-0.37788,0.98705,0.0,0.0,nan,0.0,0.02393,0.11714,28.12101,2.07237,0.21567,0.32217,0.53868,0.67908,0.48254,0.53868
19.46544,33.03572,1.02127,0.99775,0.0293,-0.06035,0.99514,0.0,0.0,nan,0.0,0.01746,0.12463,25.47161,2.04941,0.22436,0.28241,0.64808,0.53506,0.48794,0.64808
19.44499,32.93921,3.12066,0.94208,-0.03902,0.33311,0.95928,0.0,0.0,nan,0.0,0.0138,0.07185,24.51173,1.83503,0.229,0.36682,0.41953,0.5665,0.54495,0.41953
18.59045,33.06597,4.64754,0.77848,-0.17357,0.60319,0.97566,0.0,0.0,nan,0.0,0.00574,0.03306,17.02511,2.56071,0.22723,0.3286,0.46409,0.58995,0.39052,0.46409
18.23747,34.72654,-2.26648,0.74395,0.10318,-0.66022,0.98216,0.0,0.0,nan,0.0,0.01637,0.08388,37.24768,2.17504,0.21892,0.25954,0.54206,0.79228,0.45976,0.54206
18.91899,34.92054,-1.11957,0.89388,0.10222,-0.4365,0.98525,0.0,0.0,nan,0.0,0.01586,0.08105,31.21293,2.11206,0.21744,0.29095,0.68675,0.71556,0.47347,0.68675
19.45374,35.00406,1.01545,0.99266,0.07112,-0.09777,0.99275,0.0,0.0,nan,0.0,0.0069,0.096,21.69258,2.05048,0.21827,0.20082,0.53032,0.39106,0.48769,0.53032
19.34909,35.02586,3.04885,0.97778,0.01508,0.20909,0.98725,0.0,0.0,nan,0.0,0.01857,0.07454,11.02564,1.8731,0.23312,0.37119,0.48025,0.79297,0.53387,0.48025
18.66425,35.00401,5.00183,0.84577,-0.11722,0.52052,0.98186,0.0,0.0,nan,0.0,0.00674,0.02643,10.80441,2.24926,0.23149,0.37029,0.30214,0.81651,0.44459,0.30214
18.00689,35.96482,6.03138,0.7956,-0.10186,0.5972,0.99434,0.0,0.0,nan,0.0,0.01614,0.06965,9.59205,2.33952,0.22749,0.48539,0.83758,0.80165,0.42744,0.83758
18.29089,37.25776,-2.21788,0.73821,0.01457,-0.67441,0.94769,0.0,0.0,nan,0.0,0.00627,0.0461,30.67709,1.70112,0.23457,0.24536,0.57329,0.59021,0.58785,0.57329
18.94921,36.90892,-1.12335,0.89862,0.05237,-0.43559,0.96198,0.0,0.0,nan,0.0,0.01031,0.07586,30.41009,1.7126,0.22873,0.33725,0.55943,0.42964,0.58391,0.55943
18.98516,37.01395,1.03108,0.99283,0.07834,-0.09032,0.99694,0.0,0.0,nan,0.0,0.01207,0.04183,10.41803,2.29841,0.22855,0.36933,0.49511,0.93137,0.43508,0.49511
19.37255,37.03409,3.07726,0.98941,0.05547,0.13414,0.99115,0.0,0.0,nan,0.0,0.00623,0.03993,10.66264,1.81552,0.23015,0.3428,0.88229,0.93751,0.55081,0.88229
18.70656,36.97774,5.0509,0.89688,-0.02358,0.44164,0.99215,0.0,0.0,nan,0.0,0.00998,0.04624,9.87534,2.09715,0.21819,0.27748,0.52282,0.93505,0.47684,0.52282
18.13726,37.30135,6.14334,0.81432,-0.05695,0.57762,0.99105,0.0,0.0,nan,0.0,0.01082,0.05203,9.04786,2.06291,0.21276,0.2644,0.49226,0.96082,0.48475,0.49226
18.38522,39.04909,-2.45305,0.75911,-0.05217,-0.64886,0.91712,0.0,0.0,nan,0.0,0.00613,0.04658,21.10343,1.8824,0.2419,0.33631,0.68286,0.4287,0.53124,0.68286
18.87525,39.0088,-0.97925,0.93964,0.02061,-0.34155,0.96587,0.0,0.0,nan,0.0,0.00484,0.0582,18.91625,1.70166,0.23951,0.60996,0.88895,0.27139,0.58766,0.88895
19.08666,39.01548,0.93789,0.99459,0.06379,-0.08197,0.99714,0.0,0.0,nan,0.0,0.00807,0.02888,10.05164,1.65047,0.23484,0.33955,0.33829,0.98654,0.60589,0.33829
19.10294,38.97795,3.0318,0.99457,0.05263,0.08977,0.99624,0.0,0.0,nan,0.0,0.01859,0.05307,10.3724,1.65277,0.22203,0.4275,0.55666,0.97729,0.60504,0.55666
18.66543,38.98658,5.05934,0.92566,-0.00184,0.37834,0.99135,0.0,0.0,nan,0.0,0.0135,0.05203,9.83696,2.04807,0.2228,0.31215,0.31537,1.0,0.48826,0.31537
18.15004,39.00686,6.21338,0.82427,-0.02458,0.56566,0.98246,0.0,0.0,nan,0.0,0.01623,0.05225,9.99371,2.02015,0.22054,0.37266,0.67895,1.0,0.49501,0.67895
18.18294,40.79211,-2.32581,0.80493,0.07256,-0.58892,0.95808,0.0,0.0,nan,0.0,0.00715,0.03769,13.40905,2.54471,0.22941,0.52737,0.81142,0.5141,0.39297,0.81142
18.70213,41.04881,-1.09556,0.93389,0.07054,-0.35054,0.98375,0.0,0.0,nan,0.0,0.01713,0.06718,11.79598,1.87268,0.23319,0.64451,0.86853,0.7454,0.53399,0.86853
19.00815,41.06486,0.96391,0.99332,-0.0056,-0.11522,0.99724,0.0,0.0,nan,0.0,0.00923,0.03463,9.14364,1.65047,0.22876,0.32473,0.4958,1.0,0.60589,0.4958
18.9048,41.04652,2.98031,0.99621,-0.06148,0.06156,0.99704,0.0,0.0,nan,0.0,0.01348,0.04946,8.99869,1.80019,0.22252,0.33319,0.33563,1.0,0.5555,0.33563
18.73025,41.0263,5.03138,0.9314,-0.05285,0.36015,0.98745,0.0,0.0,nan,0.0,0.01841,0.04752,10.23393,2.02173,0.22762,0.46357,0.57802,0.99879,0.49463,0.57802
18.14974,41.06352,6.25437,0.81117,-0.02134,0.58443,0.98086,0.0,0.0,nan,0.0,0.00853,0.03642,12.95374,2.04587,0.22114,0.4051,0.58972,0.66752,0.48879,0.58972
18.03336,42.82275,-2.02534,0.83132,0.07345,-0.55093,0.98256,0.0,0.0,nan,0.0,0.0069,0.02348,9.01695,1.77072,0.2319,0.38274,0.39612,0.93855,0.56474,0.39612
18.5605,43.03497,-1.07537,0.91432,0.06005,-0.40051,0.98935,0.0,0.0,nan,0.0,0.00777,0.02609,8.45062,1.73524,0.23584,0.41052,0.75511,0.91266,0.57629,0.75511
19.13373,43.00077,1.02796,0.97967,-0.02386,-0.19917,0.99444,0.0,0.0,nan,0.0,0.00624,0.02783,8.52392,1.75227,0.22007,0.277,0.55969,1.0,0.57069,0.55969
19.32667,42.98426,3.01509,0.99319,-0.11394,0.02411,0.99205,0.0,0.0,nan,0.0,0.01262,0.04252,9.02995,1.98268,0.22594,0.36261,0.39557,1.0,0.50437,0.39557
19.0106,43.00159,5.18115,0.89758,-0.10645,0.42781,0.97626,0.0,0.0,nan,0.0,0.01283,0.04373,11.59035,1.6817,0.22865,0.43454,0.48484,0.79156,0.59464,0.48484
18.14294,43.07254,6.13918,0.79394,-0.06875,0.6041,0.99404,0.0,0.0,nan,0.0,0.00988,0.03242,12.56579,1.84098,0.22469,0.41509,0.33726,0.85134,0.54319,0.33726
18.00363,44.40823,-2.01435,0.84466,0.05203,-0.53277,0.98435,0.0,0.0,nan,0.0,0.01022,0.03112,8.2233,1.9073,0.23548,0.4765,0.40979,0.85659,0.5243,0.40979
18.16559,44.89865,-0.85233,0.91149,0.06863,-0.40556,0.99744,0.0,0.0,nan,0.0,0.01018,0.03374,7.5596,1.82526,0.24122,0.50823,0.80032,0.89508,0.54787,0.80032
19.01768,45.00544,1.03341,0.95765,0.02682,-0.28667,0.99734,0.0,0.0,nan,0.0,0.00902,0.0302,6.82942,1.86494,0.22639,0.38598,0.54191,1.0,0.53621,0.54191
19.57736,44.96528,2.97839,0.99918,-0.02748,-0.02971,0.98425,0.0,0.0,nan,0.0,0.00668,0.03761,7.65941,1.88963,0.22599,0.22417,0.59565,1.0,0.5292,0.59565
19.2539,44.91535,5.16481,0.9047,-0.07273,0.4198,0.96957,0.0,0.0,nan,0.0,0.01227,0.04427,8.95723,1.94684,0.22485,0.42391,0.54897,0.79967,0.51365,0.54897
18.36806,45.05009,6.3856,0.77063,-0.08358,0.63177,0.98845,0.0,0.0,nan,0.0,0.01259,0.04522,10.66283,1.6649,0.23438,0.53972,0.42571,0.61241,0.60064,0.42571
18.29631,46.94007,-0.71565,0.89505,0.09581,-0.43556,0.99564,0.0,0.0,nan,0.0,0.00949,0.02926,7.70122,2.11107,0.22402,0.40849,0.47247,1.0,0.47369,0.47247
18.95353,46.94172,1.02462,0.94598,0.072,-0.31613,0.99704,0.0,0.0,nan,0.0,0.01654,0.04354,6.85593,1.65047,0.23795,0.49079,0.54178,1.0,0.60589,0.54178
19.58958,47.00684,2.91164,0.99398,0.06758,-0.08618,0.97546,0.00047,0.00237,0.7,1.0,0.01182,0.03945,7.4688,1.81552,0.23498,0.37974,0.4633,1.0,0.55081,0.4633
19.31593,47.01728,5.01603,0.94357,0.02917,0.3299,0.97316,0.0,0.0,nan,0.0,0.00896,0.04443,7.20083,1.82159,0.22234,0.35288,0.39349,0.73039,0.54897,0.39349
18.38946,46.9812,6.47655,0.78849,-0.01217,0.61493,0.98885,0.0,0.0,nan,0.0,0.01078,0.05098,6.67131,1.65047,0.23798,0.49056,0.32925,0.56031,0.60589,0.32925
18.20678,48.87242,-0.52238,0.88512,0.10362,-0.45368,0.99594,0.0,0.0,nan,0.0,0.01252,0.04605,8.02681,1.69712,0.22793,0.34201,0.47115,0.99308,0.58923,0.47115
18.72385,48.95499,0.98836,0.94498,0.11237,-0.30722,0.99684,0.0,0.0,nan,0.0,0.02146,0.06102,7.80988,1.89607,0.22866,0.44172,0.50796,1.0,0.52741,0.50796
19.23807,48.97642,2.99957,0.98701,0.13912,-0.08036,0.99155,0.0,0.0,nan,0.0,0.01571,0.04286,8.59819,1.81552,0.2353,0.46813,0.55061,0.965,0.55081,0.55061
19.10605,49.00559,4.99844,0.94962,0.12262,0.28841,0.97606,0.0,0.0,nan,0.0,0.00809,0.04197,9.14963,1.65047,0.23192,0.33447,0.54372,0.70247,0.60589,0.54372
18.36689,49.00254,6.5313,0.7819,0.08452,0.61765,0.96357,0.0,0.0,nan,0.0,0.00993,0.05709,13.79715,1.88219,0.2318,0.59214,0.6661,0.33633,0.5313,0.6661
18.16381,50.83914,-0.27484,0.90053,0.09336,-0.42466,0.99484,0.0,0.0,nan,0.0,0.01307,0.0427,9.18793,1.86469,0.208,0.37922,0.58763,0.98284,0.53628,0.58763
18.43761,51.00163,0.98741,0.9512,0.09605,-0.29326,0.99714,0.0,0.0,nan,0.0,0.01848,0.06259,9.63026,1.65047,0.22596,0.38504,0.51848,0.92602,0.60589,0.51848
18.87157,50.97053,3.03227,0.99233,0.10994,-0.0566,0.99554,0.0,0.0,nan,0.0,0.0069,0.02418,11.99804,1.86894,0.22222,0.49137,0.63468,0.67778,0.53506,0.63468
18.63174,50.99611,4.96689,0.94487,0.10378,0.31056,0.98895,0.0,0.0,nan,0.0,0.0089,0.03215,15.37275,1.86892,0.23177,0.41994,0.42281,0.74476,0.53507,0.42281
18.20737,50.87464,6.30046,0.80869,0.09996,0.57968,0.97057,0.0,0.0,nan,0.0,0.01149,0.03608,19.75532,1.8503,0.23866,0.52788,0.56842,0.66403,0.54045,0.56842
18.00172,52.84204,-0.01988,0.9153,0.0925,-0.392,0.99664,0.0,0.0,nan,0.0,0.0119,0.03359,10.28245,1.65047,0.22988,0.42459,0.64009,0.9963,0.60589,0.64009
18.37338,53.05179,0.96955,0.95049,0.09059,-0.29727,0.99694,0.0,0.0,nan,0.0,0.00902,0.02831,10.38347,1.74173,0.22596,0.38199,0.369,0.99445,0.57414,0.369
18.70414,53.01973,3.02593,0.99575,0.06234,-0.06774,0.99394,0.0,0.0,nan,0.0,0.0096,0.03368,13.39035,1.8799,0.23003,0.54613,0.32174,0.59989,0.53194,0.32174
18.74857,52.94681,5.17246,0.93348,0.07533,0.35063,0.96078,0.0,0.0,nan,0.0,0.0075,0.022,15.59636,1.68495,0.23152,0.41596,0.58193,0.92431,0.59349,0.58193
18.09135,52.63391,6.20173,0.81867,0.074,0.56948,0.98156,0.0,0.0,nan,0.0,0.01134,0.02802,17.7957,1.81552,0.2308,0.45805,0.45663,0.98314,0.55081,0.45663
18.02204,54.09588,-0.04332,0.91996,0.08017,-0.38374,0.99514,0.0,0.0,nan,0.0,0.00649,0.02732,9.77866,1.90291,0.23377,0.52558,0.88455,0.95603,0.52551,0.88455
18.01497,54.76659,1.4295,0.958,0.07511,-0.27676,0.99734,0.0,0.0,nan,0.0,0.00752,0.02625,9.95003,1.84964,0.23887,0.47306,0.82995,0.97714,0.54064,0.82995
18.63305,55.00306,2.97468,0.99354,0.08045,-0.08006,0.98116,0.0,0.0,nan,0.0,0.00893,0.03706,13.27629,2.27435,0.23277,0.56846,0.79169,0.56313,0.43969,0.79169
18.62862,54.98455,4.89809,0.94789,0.06954,0.3109,0.97127,0.0,0.0,nan,0.0,0.00795,0.0217,14.15645,1.734,0.2382,0.42291,0.48317,0.98866,0.5767,0.48317
18.274,56.91151,1.47488,0.95446,0.07942,-0.28756,0.99644,0.0,0.0,nan,0.0,0.01054,0.03142,9.25013,1.65047,0.23314,0.4386,0.49585,0.9299,0.60589,0.49585
18.61336,57.01937,3.00198,0.99436,0.05045,-0.09333,0.97916,0.0,0.0,nan,0.0,0.00701,0.04403,12.27263,2.01756,0.22792,0.38009,0.57881,0.48743,0.49565,0.57881
18.3653,57.0323,4.93892,0.94719,0.03657,0.31858,0.97926,0.0,0.0,nan,0.0,0.00745,0.02295,12.82364,1.75871,0.22872,0.3944,0.37059,0.95143,0.5686,0.37059
18.01969,56.72385,6.02778,0.84139,0.02943,0.53963,0.96467,0.0,0.0,nan,0.0,0.00757,0.02754,14.05315,1.72517,0.23271,0.4353,0.37972,0.721,0.57965,0.37972
18.13741,58.52037,1.67751,0.95536,0.08328,-0.28348,0.99734,0.00067,0.00335,0.7,1.0,0.01569,0.04227,9.44196,1.65047,0.23243,0.48735,0.34555,0.92295,0.60589,0.34555
18.35062,58.9998,2.9809,0.98734,0.0878,-0.1321,0.99255,0.00103,0.00515,0.7,1.0,0.00999,0.03951,9.29336,1.65047,0.22983,0.30737,0.46638,1.0,0.60589,0.46638
18.35983,58.98431,4.98241,0.9465,0.08326,0.31177,0.95488,0.0,0.0,nan,0.0,0.01924,0.05668,10.88492,2.06296,0.22264,0.42545,0.58398,0.94418,0.48474,0.58398
18.03169,61.29055,1.67295,0.97549,-0.11934,-0.18485,0.99574,0.0,0.0,nan,0.0,0.01501,0.0423,10.50678,1.98203,0.22963,0.43769,0.3735,0.9649,0.50453,0.3735
18.20857,61.0205,2.97651,0.99767,-0.00877,-0.06772,0.99115,0.0,0.0,nan,0.0,0.01788,0.04934,9.24461,2.00782,0.21677,0.44651,0.43407,0.98721,0.49805,0.43407
18.28917,60.89322,4.78969,0.9499,0.09452,0.29793,0.95648,0.0,0.0,nan,0.0,0.00902,0.04973,9.59604,1.75787,0.22295,0.3008,0.46951,0.7285,0.56887,0.46951
18.08975,63.83937,-2.38671,0.8843,-0.30485,-0.35367,0.95298,0.0,0.0,nan,0.0,0.01466,0.05778,14.21026,1.88916,0.23963,0.41864,0.42552,0.69132,0.52934,0.42552
18.27632,63.1535,-0.89159,0.93237,-0.30883,-0.18791,0.98645,0.0,0.0,nan,0.0,0.01047,0.03381,12.16471,1.72401,0.22029,0.49111,0.47174,0.73434,0.58004,0.47174
18.30305,62.92923,0.96949,0.97601,-0.19062,-0.10522,0.99634,0.0,0.0,nan,0.0,0.01374,0.03918,9.66706,2.00601,0.22184,0.49894,0.33836,0.84809,0.4985,0.33836
18.43841,62.93077,3.01244,0.99532,-0.03808,0.08887,0.98545,0.0,0.0,nan,0.0,0.01649,0.05283,7.87398,1.94898,0.22579,0.48096,0.66945,0.81398,0.51309,0.66945
18.08423,62.88964,4.37183,0.93679,0.09034,0.33804,0.97247,0.0,0.0,nan,0.0,0.00777,0.04344,8.14662,2.07925,0.22089,0.55671,0.81902,0.51384,0.48094,0.81902
18.45109,65.00401,-2.79763,0.92042,-0.05506,-0.38704,0.88835,0.0,0.0,nan,0.0,0.01236,0.03625,11.19947,1.65047,0.23964,0.41875,0.30479,0.95981,0.60589,0.30479
18.48128,65.03475,-0.96962,0.99017,-0.05936,-0.12667,0.98965,0.0,0.0,nan,0.0,0.01465,0.0348,9.97335,1.65047,0.23414,0.57299,0.39743,0.88227,0.60589,0.39743
18.60235,64.9782,0.97784,0.99939,-0.01373,0.03206,0.98825,0.0,0.0,nan,0.0,0.01738,0.06645,9.07878,2.20032,0.22876,0.71764,0.49065,0.4448,0.45448,0.49065
18.44957,65.04038,3.03146,0.93002,0.17213,0.32472,0.9378,0.0,0.0,nan,0.0,0.00903,0.03102,9.96398,1.65047,0.24253,0.51739,0.39516,0.6754,0.60589,0.39516
18.08758,64.57954,4.22292,0.84328,0.24972,0.47594,0.9332,0.0,0.0,nan,0.0,0.00743,0.02958,8.67871,2.01113,0.23654,0.49511,0.53358,0.62418,0.49723,0.53358
18.3374,66.58738,-2.5383,0.86148,0.35341,-0.36462,0.8338,0.0,0.0,nan,0.0,0.00998,0.0408,12.91956,1.81552,0.24309,0.6012,0.83134,0.63512,0.55081,0.83134
18.49653,66.96715,-0.99522,0.88439,0.44519,-0.14023,0.84828,0.0,0.0,nan,0.0,0.01239,0.03277,11.73048,3.57452,0.25233,0.5583,0.56816,0.79284,0.27976,0.56816
18.61436,66.99846,1.03162,0.87864,0.46429,0.11148,0.83749,0.0,0.0,nan,0.0,0.01133,0.03426,9.86964,1.82237,0.24242,0.47714,0.29451,0.83381,0.54874,0.29451
18.36268,66.60729,2.6281,0.81267,0.44694,0.37392,0.86507,0.0,0.0,nan,0.0,0.01103,0.02842,10.99952,1.65047,0.235,0.52233,0.56978,0.87779,0.60589,0.56978
20.14292,19.63501,-0.29353,0.986,-0.10145,-0.13234,0.89624,0.0,0.0,nan,0.0,0.01524,0.05517,31.24279,1.84562,0.23225,0.29774,0.34415,0.98682,0.54182,0.34415
20.15095,19.52771,0.64018,0.98559,-0.14324,0.08999,0.84659,0.0,0.0,nan,0.0,0.03266,0.10466,42.65553,1.65047,0.23258,0.33283,0.358,0.98151,0.60589,0.358
20.12424,20.26248,-0.37641,0.98852,-0.0217,-0.14949,0.91562,0.0,0.0,nan,0.0,0.00978,0.04639,28.1015,2.37538,0.23118,0.24983,0.44485,0.9037,0.42099,0.44485
20.09901,20.61396,0.57432,0.99802,0.01886,0.05993,0.89434,0.0,0.0,nan,0.0,0.01326,0.05861,35.26013,2.74497,0.22881,0.27511,0.61867,0.86915,0.3643,0.61867
