cx,cy,cz,nx,ny,nz,valid_frac,score,periodic_cover,periodic_period_mm,periodic_straightness,band_score
-22.2936,1.77089,-1.08217,-0.7822,-0.61806,-0.07845,0.57419,0.0,0.0,nan,0.0,0.0
-22.3008,2.88489,-0.74452,-0.93764,-0.34732,-0.01432,0.70319,0.0,0.0,nan,0.0,0.01218
-22.40898,3.25454,0.41495,-0.82228,-0.36301,0.43827,0.66784,0.0,0.0,nan,0.0,0.01924
-22.19869,4.9138,-0.27335,-0.99977,-0.01644,0.01411,0.86228,0.0,0.0,nan,0.0,0.021
-22.61517,5.07471,0.99142,-0.91807,-0.18397,0.35115,0.72852,0.0,0.0,nan,0.0,0.01103
-22.08582,5.85255,2.06496,-0.74815,-0.35677,0.55946,0.78532,0.0,0.0,nan,0.0,0.02553
-22.06818,6.40621,-0.12295,-0.98663,-0.08055,-0.14169,0.9461,0.0,0.0,nan,0.0,0.0063
-22.72459,7.0407,0.73198,-0.99305,-0.11034,-0.04097,0.88145,0.0,0.0,nan,0.0,0.00429
-22.21973,7.10831,2.3169,-0.83936,-0.24092,0.48728,0.83636,0.0,0.0,nan,0.0,0.01805
-22.09425,9.44333,-0.16645,-0.9009,0.00169,-0.43402,0.97728,0.0,0.0,nan,0.0,0.00859
-22.7379,8.99744,0.83355,-0.98533,-0.03588,-0.16686,0.91372,0.0,0.0,nan,0.0,0.01015
-22.37573,9.08315,2.55013,-0.8797,-0.0623,0.47143,0.87956,0.0,0.0,nan,0.0,0.00935
-22.0746,10.9503,-0.151,-0.87636,0.02584,-0.48097,0.97371,0.0,0.0,nan,0.0,0.00644
-22.63309,11.02818,0.97546,-0.985,-0.02789,-0.17031,0.93289,0.0,0.0,nan,0.0,0.01329
-22.27408,11.17752,2.65671,-0.88208,-0.16321,0.44192,0.91909,0.0,0.0,nan,0.0,0.00753
-22.06342,12.62937,-0.08708,-0.84621,0.0398,-0.53136,0.98245,0.0,0.0,nan,0.0,0.01718
-22.69487,13.00741,0.95476,-0.95446,-0.01068,-0.29815,0.93915,0.0,0.0,nan,0.0,0.00914
-22.57505,12.96189,2.99615,-0.92973,-0.13215,0.34372,0.93726,0.0,0.0,nan,0.0,0.01077
-22.03477,13.57625,4.06797,-0.79284,-0.1718,0.58471,0.97251,0.0,0.0,nan,0.0,0.00333
-22.60946,14.99957,1.09223,-0.93271,-0.03177,-0.35922,0.95146,0.0,0.0,nan,0.0,0.0081
-22.67162,14.98129,3.0964,-0.96184,-0.06991,0.26454,0.96427,0.0,0.0,nan,0.0,0.00811
-22.10907,15.1621,4.21217,-0.82723,-0.10432,0.55209,0.97827,0.0,0.0,nan,0.0,0.02439
-23.06305,16.95447,0.79497,-0.86817,-0.03468,-0.49506,0.87788,0.0,0.0,nan,0.0,0.00933
-22.81502,16.94347,3.00367,-0.97285,-0.07712,0.21822,0.95345,0.0,0.0,nan,0.0,0.0166
-22.19634,17.10041,4.37077,-0.84077,-0.08403,0.53483,0.98711,0.0,0.0,nan,0.0,0.02575
-22.95005,18.99569,0.92936,-0.84637,0.04063,-0.53104,0.89059,0.0,0.0,nan,0.0,0.01101
-22.82839,19.02895,2.93475,-0.98586,-0.03269,0.16438,0.9599,0.0,0.0,nan,0.0,0.00185
-22.26553,19.07827,4.59869,-0.82303,-0.05911,0.56491,0.97659,0.0,0.0,nan,0.0,0.00139
-22.94497,20.99784,0.99613,-0.81233,0.03043,-0.58241,0.88195,0.0,0.0,nan,0.0,0.01107
-23.02406,20.94598,3.03781,-0.98805,-0.01233,0.15366,0.94312,0.0,0.0,nan,0.0,0.00652
-22.37268,21.00294,4.72538,-0.8304,-0.09675,0.54871,0.9748,0.0,0.0,nan,0.0,0.00341
-22.91648,22.96669,1.0566,-0.81185,0.05698,-0.58108,0.889,0.0,0.0,nan,0.0,0.01238
-23.04016,23.05071,3.01604,-0.99594,0.00658,0.08975,0.94242,0.0,0.0,nan,0.0,0.00538
-22.39977,23.02293,4.9009,-0.85803,-0.01669,0.51333,0.98334,0.0,0.0,nan,0.0,0.00246
-22.78841,25.01549,1.0984,-0.81366,0.07923,-0.57592,0.90072,0.0,0.0,nan,0.0,0.00685
-22.98799,25.05248,2.97988,-0.99652,0.06927,0.04625,0.93994,0.0,0.0,nan,0.0,0.0041
-22.39312,25.06309,4.98027,-0.8638,0.05115,0.50122,0.98254,0.0,0.0,nan,0.0,0.00489
-22.64253,27.05379,1.35742,-0.83731,0.0544,-0.54401,0.92127,0.0,0.0,nan,0.0,0.00783
-22.62728,27.01442,2.96752,-0.99892,0.04637,-0.00173,0.94858,0.0,0.0,nan,0.0,0.00521
-22.30311,26.94755,4.82358,-0.86748,0.03179,0.49645,0.98175,0.00486,0.0243,0.7,1.0,0.01489
-22.86695,28.95487,1.28628,-0.81699,0.00322,-0.57664,0.87241,0.0,0.0,nan,0.0,0.00915
-22.85311,28.95903,2.93764,-0.99988,-0.0096,-0.01219,0.91611,0.0,0.0,nan,0.0,0.00181
-22.30342,28.97117,4.65622,-0.89734,-0.04482,0.43906,0.99089,0.0,0.0,nan,0.0,0.0067
-22.65204,31.01982,1.40172,-0.80795,-0.08398,-0.58324,0.91204,0.0,0.0,nan,0.0,0.00936
-23.02382,31.03231,2.95737,-0.99797,-0.0634,-0.00671,0.90677,0.0,0.0,nan,0.0,0.00364
-22.32507,31.14149,4.81001,-0.90809,-0.05321,0.41538,0.99675,0.0,0.0,nan,0.0,0.00289
-22.96964,33.03175,0.85659,-0.72777,-0.21587,-0.65097,0.86725,0.0,0.0,nan,0.0,0.01154
-23.21841,32.96102,2.94461,-0.99322,-0.1129,0.02775,0.91104,0.0,0.0,nan,0.0,0.00599
-22.44877,32.94551,4.88549,-0.87994,-0.01827,0.47473,0.98989,0.0,0.0,nan,0.0,0.00647
-22.80444,35.73538,-0.20107,-0.55019,-0.34846,-0.75886,0.87748,0.0,0.0,nan,0.0,0.01602
-23.30549,34.91118,0.49002,-0.73335,-0.28667,-0.61646,0.82604,0.0,0.0,nan,0.0,0.00591
-23.29247,34.97949,2.99034,-0.9867,-0.07989,0.1416,0.97311,0.0,0.0,nan,0.0,0.01135
-22.4724,34.94559,4.99694,-0.84472,-0.0393,0.53376,0.99277,0.0,0.0,nan,0.0,0.00158
-22.02662,35.35769,6.06191,-0.75393,-0.02107,0.65662,0.97182,0.0,0.0,nan,0.0,0.00292
-22.90132,36.92733,-0.83563,-0.48767,-0.40849,-0.77157,0.84212,0.0,0.0,nan,0.0,0.0141
-23.55569,37.01175,1.00304,-0.96217,-0.15881,-0.22139,0.88522,0.0,0.0,nan,0.0,0.00282
-23.3873,37.02497,2.95976,-0.97213,-0.01573,0.23391,0.99645,0.01292,0.06458,0.7,1.0,0.01167
-22.52086,36.96841,4.9925,-0.85309,-0.03298,0.52073,0.98642,0.0,0.0,nan,0.0,0.00686
-22.0125,37.0991,6.0264,-0.73069,-0.03161,0.68197,0.97063,0.0,0.0,nan,0.0,0.0031
-22.57202,39.52575,-2.23812,-0.45383,-0.46198,-0.76198,0.87122,0.0,0.0,nan,0.0,0.01348
-23.61164,38.86679,-1.28464,-0.80357,-0.28852,-0.52061,0.79168,0.0,0.0,nan,0.0,0.00404
-23.59251,39.03192,0.99279,-0.9985,-0.05232,-0.01599,0.97639,0.0,0.0,nan,0.0,0.00744
-23.30801,38.97258,2.94647,-0.96915,0.01322,0.24613,0.99824,0.0,0.0,nan,0.0,0.0114
-22.56897,38.99119,5.03354,-0.86627,0.01298,0.49941,0.99367,0.0,0.0,nan,0.0,0.0049
-22.05965,38.625,6.07964,-0.76108,-0.02468,0.64818,0.96993,0.0,0.0,nan,0.0,0.00613
-22.02769,41.89956,-4.06229,-0.50862,-0.44571,-0.73665,0.92733,0.0,0.0,nan,0.0,0.00982
-22.8814,41.02289,-2.95227,-0.66942,-0.35242,-0.65397,0.86189,0.0,0.0,nan,0.0,0.00568
-23.61248,40.97598,-1.03289,-0.96428,-0.11552,-0.23837,0.95494,0.0,0.0,nan,0.0,0.00356
-23.62607,40.95475,0.96091,-0.99681,0.0057,0.07959,0.99565,0.00442,0.0221,0.51,1.0,0.01277
-23.25553,40.9789,2.95597,-0.9671,0.0136,0.25405,0.99833,0.0,0.0,nan,0.0,0.01409
-22.57228,41.02977,5.0291,-0.87526,-0.01722,0.48335,0.99099,0.0,0.0,nan,0.0,0.00277
-22.19267,43.14173,-4.27029,-0.67872,-0.27261,-0.68192,0.94352,0.0,0.0,nan,0.0,0.01996
-23.24067,42.96366,-3.24104,-0.8549,-0.1436,-0.49853,0.94898,0.0,0.0,nan,0.0,0.00849
-23.64504,43.03217,-1.04816,-0.99417,-0.01822,-0.10623,0.98523,0.0,0.0,nan,0.0,0.01766
-23.59733,43.06941,0.96131,-0.99508,0.01384,0.09811,0.99694,0.0,0.0,nan,0.0,0.01657
-23.18563,43.04445,3.01712,-0.97331,0.00476,0.22946,0.99784,0.0,0.0,nan,0.0,0.01279
-22.58776,43.00513,5.03703,-0.88503,-0.04518,0.46334,0.98503,0.0,0.0,nan,0.0,0.00605
-22.16306,43.15594,6.21227,-0.77006,-0.0347,0.63703,0.96477,0.0,0.0,nan,0.0,0.00304
-22.42309,45.14222,-4.34952,-0.8134,-0.15625,-0.56032,0.99545,0.0,0.0,nan,0.0,0.01
-23.44892,44.93679,-3.14425,-0.92437,-0.07261,-0.37453,0.97271,0.0,0.0,nan,0.0,0.00404
-23.6237,45.03869,-1.02721,-0.9989,-0.01159,-0.04544,0.99585,0.0,0.0,nan,0.0,0.01468
-23.5656,45.01551,0.97486,-0.99326,0.00566,0.11576,0.99655,0.01695,0.08477,0.6,1.0,0.01417
-23.17468,45.01297,3.05031,-0.978,0.01029,0.20835,0.99744,0.02269,0.11343,0.6,1.0,0.01725
-22.7723,45.01931,4.99054,-0.90085,0.00959,0.43403,0.98801,0.0,0.0,nan,0.0,0.00182
-22.23213,44.9921,6.27699,-0.79427,-0.00106,0.60756,0.96636,0.0,0.0,nan,0.0,0.00421
-22.05501,47.8978,-6.07157,-0.75539,-0.10478,-0.64684,0.98681,0.0,0.0,nan,0.0,0.00373
-22.64367,47.04523,-4.86524,-0.8434,-0.14294,-0.51792,0.99178,0.0,0.0,nan,0.0,0.00931
-23.49208,47.00731,-3.05106,-0.96292,-0.04248,-0.26643,0.98354,0.0,0.0,nan,0.0,0.00824
-23.66165,46.97328,-0.99456,-0.99963,-0.00122,-0.02722,0.99496,0.0,0.0,nan,0.0,0.01184
-23.54866,46.9934,1.02383,-0.99072,0.0064,0.1358,0.99625,0.17141,0.22657,0.6,0.82609,0.00983
-23.06464,47.00894,3.05843,-0.97708,0.01773,0.21212,0.99714,0.05011,0.25057,0.6,1.0,0.01767
-22.66956,47.03209,5.00217,-0.90699,-0.0015,0.42114,0.98254,0.0,0.0,nan,0.0,0.00302
-22.14104,46.76716,6.20945,-0.78224,-0.00421,0.62296,0.96765,0.0,0.0,nan,0.0,0.00231
-22.09662,49.09198,-6.13801,-0.75115,-0.05314,-0.65799,0.98433,0.0,0.0,nan,0.0,0.00382
-22.8069,48.99277,-5.08761,-0.86646,-0.03721,-0.49785,0.98334,0.0,0.0,nan,0.0,0.00482
-23.45605,48.95865,-2.97626,-0.97884,-0.00103,-0.20464,0.99903,0.0,0.0,nan,0.0,0.00393
-23.65419,49.01863,-1.03134,-0.99956,-0.00162,-0.02952,0.99456,0.0,0.0,nan,0.0,0.0075
-23.5298,48.93471,1.00518,-0.99036,-0.00482,0.13844,0.99456,0.08755,0.43777,0.6,1.0,0.01174
-23.08216,48.97588,2.99678,-0.97598,-0.00957,0.21765,0.99516,0.26908,0.27558,0.6,0.75738,0.01864
-22.63374,49.04715,5.00735,-0.91771,0.01482,0.39698,0.99208,0.0,0.0,nan,0.0,0.00657
-22.07647,48.91433,6.11006,-0.807,0.02116,0.59018,0.97808,0.0,0.0,nan,0.0,0.006
-22.19496,51.02972,-6.31823,-0.75233,-0.01588,-0.65859,0.97063,0.0,0.0,nan,0.0,0.00814
-22.80308,51.0107,-5.05513,-0.88389,-0.02039,-0.46725,0.98999,0.0,0.0,nan,0.0,0.00315
-23.43164,51.05187,-3.06479,-0.97744,0.00757,-0.21106,0.99734,0.0,0.0,nan,0.0,0.01415
-23.69138,50.99767,-1.04115,-0.99867,-0.00682,-0.05104,0.99099,0.0,0.0,nan,0.0,0.00741
-23.53221,51.02832,0.95978,-0.99198,-0.03342,0.12186,0.99545,0.00991,0.04957,0.6,1.0,0.00839
-23.16397,51.03443,3.00746,-0.97426,-0.03518,0.22269,0.99545,0.0,0.0,nan,0.0,0.01093
-22.63419,51.01678,4.97936,-0.90169,-0.00867,0.4323,0.9888,0.0,0.0,nan,0.0,0.00301
-22.02976,50.98771,6.06386,-0.80561,0.01565,0.59224,0.98344,0.0,0.0,nan,0.0,0.00183
-22.08286,53.04333,-6.31076,-0.70871,-0.006,-0.70548,0.96437,0.0,0.0,nan,0.0,0.0029
-22.85714,52.98486,-5.11315,-0.88579,0.00024,-0.46409,0.97768,0.0,0.0,nan,0.0,0.00283
-23.30853,52.98953,-3.01831,-0.97941,0.00561,-0.20182,0.99992,0.0,0.0,nan,0.0,0.00911
-23.71889,53.01377,-1.0233,-0.9965,-0.00551,-0.08345,0.99665,0.0,0.0,nan,0.0,0.01284
-23.66964,53.01947,0.97057,-0.99408,-0.03879,0.10147,0.98781,0.0,0.0,nan,0.0,0.01128
-23.28358,52.99864,2.99773,-0.96861,-0.02648,0.24717,0.99357,0.00047,0.00237,0.6,1.0,0.01429
-22.64946,53.00903,4.97998,-0.90149,0.00187,0.43279,0.9895,0.0,0.0,nan,0.0,0.02787
-22.03383,52.93208,6.00119,-0.81755,-0.00331,0.57584,0.99109,0.0,0.0,nan,0.0,0.00966
-22.26901,54.94621,-6.36601,-0.70647,-0.06043,-0.70516,0.96487,0.0,0.0,nan,0.0,0.00304
-22.93687,55.0158,-5.03537,-0.90309,-0.0438,-0.42721,0.9742,0.00033,0.00164,0.7,1.0,0.00734
-23.27914,54.9964,-3.01148,-0.98305,-0.01082,-0.183,0.99923,0.0,0.0,nan,0.0,0.00827
-23.71541,55.03917,-0.99196,-0.99498,0.00347,-0.10003,0.99665,0.0,0.0,nan,0.0,0.02051
-23.74237,54.91235,0.99817,-0.99525,-0.00126,0.09735,0.99178,0.0,0.0,nan,0.0,0.01423
-23.3205,55.00388,2.99832,-0.95981,0.01874,0.28001,0.98731,0.00969,0.04844,0.6,1.0,0.02646
-22.54998,55.00824,5.03006,-0.88342,0.04833,0.46609,0.99168,0.03519,0.03519,0.6,0.56354,0.00664
-22.25223,57.0564,-6.35475,-0.71398,0.00259,-0.70016,0.96685,0.0,0.0,nan,0.0,0.00417
-22.98753,57.01227,-5.07869,-0.91254,0.00015,-0.40899,0.97986,0.0,0.0,nan,0.0,0.00513
-23.41516,56.98549,-2.94726,-0.98664,-0.00636,-0.16281,0.99923,0.00367,0.01837,0.6,1.0,0.01
-23.65863,57.00569,-0.98668,-0.99743,0.0223,-0.06805,0.99307,0.0,0.0,nan,0.0,0.00877
-23.69358,56.96362,1.01114,-0.99308,0.0505,0.10607,0.98433,0.0,0.0,nan,0.0,0.01944
-23.19991,56.91204,3.0157,-0.95532,0.0559,0.29023,0.989,0.11313,0.56563,0.7,1.0,0.02806
-22.49027,56.98027,4.91631,-0.87012,0.04359,0.49092,0.99099,0.05506,0.2753,0.7,1.0,0.00196
-22.3502,59.07668,-6.38818,-0.73418,-0.05289,-0.67689,0.97043,0.0,0.0,nan,0.0,0.00199
-22.9991,59.04175,-5.00665,-0.905,-0.04993,-0.42248,0.97728,0.0,0.0,nan,0.0,0.00922
-23.38679,58.99634,-3.05597,-0.98966,-0.0144,-0.14273,1.00002,0.0,0.0,nan,0.0,0.01186
-23.59047,59.0857,-1.02328,-0.99918,0.02456,-0.03219,0.99476,0.0,0.0,nan,0.0,0.01699
-23.53157,59.00922,1.00158,-0.98955,0.06114,0.1306,0.9883,0.06927,0.34636,0.7,1.0,0.02297
-23.02982,59.02449,3.04761,-0.96093,0.0531,0.27164,0.99248,0.82442,0.82442,0.7,0.50773,0.0325
-22.44573,58.95299,4.94963,-0.86033,0.03912,0.50823,0.97649,0.07682,0.38408,0.7,1.0,0.01149
-22.46196,61.04087,-6.55433,-0.70088,-0.01791,-0.71305,0.93021,0.0,0.0,nan,0.0,0.00489
-23.14762,61.0075,-5.06523,-0.9125,-0.06559,-0.40379,0.96894,0.0,0.0,nan,0.0,0.01207
-23.4606,61.02272,-3.01893,-0.9938,-0.04442,-0.10188,0.99923,0.05256,0.2628,0.7,1.0,0.01765
-23.56528,61.00045,-0.97755,-0.99981,0.01117,0.01588,0.99476,0.29655,0.39767,0.7,0.82947,0.01896
-23.40777,60.9952,0.97327,-0.98856,0.04084,0.1452,0.99198,0.05168,0.25842,0.6,1.0,0.02611
-22.91527,60.95937,3.04609,-0.96989,0.00898,0.2434,0.99555,0.41569,0.50883,0.7,0.8072,0.01852
-22.46769,60.98567,4.8556,-0.86036,0.00259,0.50968,0.97112,0.22393,0.22393,0.7,0.57761,0.0062
-22.57241,62.99252,-6.47891,-0.62799,0.02077,-0.77794,0.92366,0.0,0.0,nan,0.0,0.00381
-23.35522,62.95349,-4.99808,-0.90864,-0.04124,-0.41553,0.93756,0.0,0.0,nan,0.0,0.0041
-23.57068,63.0083,-3.00157,-0.99835,-0.02837,-0.04991,0.99883,0.18678,0.36249,0.7,0.90147,0.0199
-23.54244,63.01142,-1.02544,-0.99796,0.0176,0.06136,0.99853,0.51382,0.51382,0.6,0.47724,0.02599
-23.30217,63.02365,0.98812,-0.99132,0.02524,0.12905,0.99714,0.52573,0.52573,0.7,0.65782,0.01409
-23.01822,63.03682,3.0015,-0.97738,-0.00345,0.21147,0.99516,0.20318,0.20318,0.6,0.58199,0.02358
-22.53537,62.98765,4.89552,-0.81222,0.07085,0.57903,0.91392,0.00933,0.04667,0.6,1.0,0.01147
-22.5984,64.98848,-6.50879,-0.60624,-0.02974,-0.79473,0.91323,0.0,0.0,nan,0.0,0.00318
-23.44715,65.03285,-5.0622,-0.90464,-0.01708,-0.42584,0.93011,0.0,0.0,nan,0.0,0.005
-23.60173,65.03596,-3.03808,-0.99993,0.00617,-0.00997,0.99833,0.0,0.0,nan,0.0,0.00927
-23.45747,65.02778,-1.0129,-0.99607,0.0372,0.08039,0.99953,0.02689,0.13447,0.7,1.0,0.0097
-23.20775,65.00066,0.94639,-0.99251,0.0328,0.11768,1.00032,0.18901,0.28577,0.7,0.85581,0.00968
-23.02271,64.98468,2.95425,-0.97015,0.0494,0.23741,0.99069,0.0,0.0,nan,0.0,0.02001
-22.47943,64.94462,4.82982,-0.76172,0.10148,0.63991,0.91204,0.00072,0.00362,0.7,1.0,0.00445
-22.56557,67.03192,-6.48923,-0.56173,0.03292,-0.82667,0.92753,0.0,0.0,nan,0.0,0.00497
-23.49992,67.00978,-5.0701,-0.91081,-5e-05,-0.41282,0.92187,0.0,0.0,nan,0.0,0.01042
-23.52642,66.97294,-2.96934,-0.99918,0.02262,0.03366,1.00012,0.0,0.0,nan,0.0,0.01178
-23.36995,67.00861,-1.01087,-0.99319,0.064,0.09731,0.99982,0.0,0.0,nan,0.0,0.01095
-23.18724,67.0296,1.00023,-0.9908,0.07381,0.11342,1.00042,0.00223,0.01114,0.7,1.0,0.01159
-22.85443,67.02396,2.98808,-0.9395,0.09992,0.32765,0.98701,0.01154,0.05772,0.6,1.0,0.00256
-22.31371,66.9595,4.48458,-0.76997,0.14817,0.62064,0.95067,0.0,0.0,nan,0.0,0.00953
-22.56474,68.98759,-6.50763,-0.59838,-0.08124,-0.79708,0.94014,0.0,0.0,nan,0.0,0.00521
-23.49034,68.98517,-5.03019,-0.92432,0.00034,-0.38161,0.92654,0.0,0.0,nan,0.0,0.01007
-23.52431,68.99941,-3.02839,-0.99802,0.02097,0.05931,0.99814,0.0,0.0,nan,0.0,0.01468
-23.16238,68.99859,-0.96246,-0.98884,0.06077,0.13601,1.00062,0.0,0.0,nan,0.0,0.01767
-22.97985,68.98793,1.01488,-0.98865,0.08957,0.12062,1.00062,0.0,0.0,nan,0.0,0.01799
-22.72098,68.99033,3.02969,-0.9122,0.1254,0.39008,0.96348,0.00802,0.0401,0.51,1.0,0.00292
-22.2221,68.83374,4.2868,-0.74347,0.14799,0.65218,0.94471,0.0,0.0,nan,0.0,0.00969
-22.46358,71.04272,-6.50164,-0.66055,0.01227,-0.75068,0.94799,0.0,0.0,nan,0.0,0.00524
-23.39781,71.00289,-5.07174,-0.93271,0.01724,-0.36022,0.95315,0.0,0.0,nan,0.0,0.00576
-23.53471,71.00568,-2.97074,-0.99716,-0.0009,0.07528,0.99416,0.0,0.0,nan,0.0,0.0195
-23.0852,70.97662,-0.99912,-0.9855,0.0064,0.16956,1.00052,0.01907,0.09537,0.6,1.0,0.02225
-22.78721,71.0152,0.98732,-0.98562,0.04367,0.16324,0.99992,0.0364,0.18201,0.6,1.0,0.01594
-22.46556,70.95361,2.92146,-0.89793,0.1202,0.42341,0.96705,0.0,0.0,nan,0.0,0.0207
-22.03694,70.28677,4.08856,-0.75421,0.12658,0.64432,0.95136,0.0,0.0,nan,0.0,0.01379
-22.37011,73.1412,-6.2597,-0.59985,0.06531,-0.79744,0.94113,0.0,0.0,nan,0.0,0.00588
-23.45772,73.01482,-5.11718,-0.91239,0.02577,-0.40851,0.93488,0.0,0.0,nan,0.0,0.00625
-23.55263,73.02251,-3.03374,-0.99874,0.00056,0.05027,0.99744,0.0,0.0,nan,0.0,0.03208
-23.14507,73.02146,-0.99115,-0.98444,-0.0214,0.1744,1.00052,0.00508,0.0254,0.6,1.0,0.02562
-22.83941,72.98759,0.98633,-0.97129,0.01302,0.23752,0.99684,0.00147,0.00735,0.6,1.0,0.01281
-22.37353,72.92938,2.68568,-0.85959,0.1185,0.49705,0.96695,0.0,0.0,nan,0.0,0.00208
-22.55968,74.9843,-6.44122,-0.61078,0.019,-0.79157,0.9176,0.0,0.0,nan,0.0,0.00184
-23.33606,74.98662,-5.06607,-0.89164,0.01984,-0.4523,0.93607,0.0,0.0,nan,0.0,0.01212
-23.51145,74.96696,-2.9769,-0.99935,-0.01477,0.03275,0.99774,0.0,0.0,nan,0.0,0.00934
-23.1869,74.99728,-1.01967,-0.98492,-0.03351,0.16972,1.00012,0.0,0.0,nan,0.0,0.01489
-22.91491,74.97221,0.98678,-0.94103,0.04458,0.33538,0.99218,0.0,0.0,nan,0.0,0.02189
-22.27489,74.965,2.37159,-0.78924,0.18003,0.5871,0.95524,0.0,0.0,nan,0.0,0.00667
-22.43709,76.98438,-6.38708,-0.61989,0.15645,-0.76894,0.88105,0.0,0.0,nan,0.0,0.01056
-23.32405,77.02538,-5.08479,-0.87117,0.13862,-0.471,0.90469,0.0,0.0,nan,0.0,0.01155
-23.65515,76.99935,-3.06522,-0.9983,0.05529,-0.01868,0.96864,0.0,0.0,nan,0.0,0.02646
-23.33374,77.00529,-0.96786,-0.96629,0.08847,0.24178,0.98632,0.0,0.0,nan,0.0,0.02303
-22.81373,77.04513,1.03014,-0.80935,0.27329,0.51988,0.9172,0.0,0.0,nan,0.0,0.01349
-22.18528,76.49559,2.19187,-0.68386,0.32653,0.65247,0.91879,0.0,0.0,nan,0.0,0.00465
-22.22659,78.24372,-6.18692,-0.53117,0.45349,-0.71569,0.81124,0.0,0.0,nan,0.0,0.00628
-23.00208,78.87619,-4.97589,-0.65545,0.61361,-0.44031,0.77072,0.0,0.0,nan,0.0,0.01798
-23.34384,79.30515,-3.12568,-0.72343,0.68589,-0.07884,0.75612,0.0,0.0,nan,0.0,0.01773
-22.96295,79.06051,-0.9679,-0.72103,0.63444,0.27858,0.83279,0.0,0.0,nan,0.0,0.01622
-22.40921,78.52129,0.55692,-0.60116,0.58686,0.5424,0.85712,0.0,0.0,nan,0.0,0.02138
-20.67733,1.67064,-2.43625,-0.52276,-0.71373,-0.46617,0.79168,0.0,0.0,nan,0.0,0.00907
-21.06066,1.47367,-0.93176,-0.48072,-0.87415,0.06901,0.71432,0.0,0.0,nan,0.0,0.00863
-20.42431,1.91708,0.15298,-0.36787,-0.77789,0.50947,0.82097,0.0,0.0,nan,0.0,0.00881
-21.06157,3.00167,-2.80949,-0.73251,-0.33023,-0.5953,0.88731,0.0,0.0,nan,0.0,0.0105
-21.86443,3.30862,-1.5692,-0.91712,-0.23037,-0.32531,0.80181,0.0,0.0,nan,0.0,0.01587
-21.05654,2.89075,0.93907,-0.43878,-0.48568,0.75603,0.82633,0.0,0.0,nan,0.0,0.00565
-20.54813,4.99054,-4.76766,-0.76969,-0.0736,-0.63416,0.87341,0.0,0.0,nan,0.0,0.00651
-20.923,4.96441,-3.05528,-0.85577,0.01862,-0.51703,0.98562,0.0,0.0,nan,0.0,0.00674
-21.74786,5.02371,-1.28253,-0.96385,0.07057,-0.25691,0.96328,0.0,0.0,nan,0.0,0.01012
-20.85787,4.80641,1.45262,-0.51285,-0.44779,0.73244,0.92008,0.0,0.0,nan,0.0,0.012
-20.92656,5.76734,2.45162,-0.43904,-0.5515,0.70929,0.94272,0.0,0.0,nan,0.0,0.00844
-20.08912,6.12931,-4.27666,-0.78595,0.14282,-0.60157,0.97301,0.0,0.0,nan,0.0,0.0037
-20.575,6.92078,-2.88206,-0.84243,0.20051,-0.50011,0.99893,0.0,0.0,nan,0.0,0.03048
-21.45392,6.9719,-1.00956,-0.89486,0.05917,-0.44241,1.00112,0.0,0.0,nan,0.0,0.01383
-21.96716,7.67582,0.05229,-0.95058,-0.0177,-0.30998,0.97738,0.0,0.0,nan,0.0,0.0119
-21.16833,6.85766,3.35275,-0.46469,-0.38776,0.79606,0.89446,0.0,0.0,nan,0.0,0.01052
-20.34348,7.58401,4.19132,-0.37366,-0.24699,0.89408,0.92524,0.0,0.0,nan,0.0,0.00789
-20.48307,8.903,-2.592,-0.78112,0.14533,-0.60723,1.00042,0.0,0.0,nan,0.0,0.01401
-21.56939,9.0029,-1.11861,-0.84396,0.04458,-0.53455,1.00082,0.0,0.0,nan,0.0,0.01828
-21.95829,8.21413,0.07852,-0.9369,0.0005,-0.3496,0.98701,0.0,0.0,nan,0.0,0.00919
-21.1048,9.05789,3.74885,-0.52476,-0.12552,0.84195,0.96467,0.0,0.0,nan,0.0,0.00627
-20.40524,8.6107,4.35783,-0.4052,-0.15917,0.90027,0.96765,0.0,0.0,nan,0.0,0.00645
-20.30046,10.73342,-2.27736,-0.75925,0.1187,-0.63989,1.00002,0.0,0.0,nan,0.0,0.00417
-21.35815,11.03518,-1.23854,-0.76948,0.07911,-0.63375,0.99913,0.0,0.0,nan,0.0,0.01822
-21.19266,10.85284,3.70642,-0.61703,-0.23509,0.751,0.99079,0.0,0.0,nan,0.0,0.00458
-20.69963,11.63135,4.48814,-0.54223,-0.33099,0.77229,0.99228,0.0,0.0,nan,0.0,0.00777
-20.21914,13.33179,-2.39115,-0.74028,0.02316,-0.6719,1.00042,0.0,0.0,nan,0.0,0.01094
-21.10633,13.06304,-1.07735,-0.78044,0.03504,-0.62425,1.00082,0.0,0.0,nan,0.0,0.00909
-21.87499,13.8307,0.05796,-0.82945,0.02907,-0.55782,0.99526,0.0,0.0,nan,0.0,0.01392
-21.96628,12.27288,3.93599,-0.73069,-0.2554,0.63314,0.95623,0.0,0.0,nan,0.0,0.00389
-21.10745,12.93644,5.14663,-0.58501,-0.28892,0.75782,0.95692,0.0,0.0,nan,0.0,0.00765
-20.32642,14.96614,-2.41457,-0.73377,0.06515,-0.67627,0.9895,0.0,0.0,nan,0.0,0.01222
-21.15443,15.02425,-1.00791,-0.788,0.04248,-0.6142,1.00082,0.0,0.0,nan,0.0,0.01369
-21.80469,14.98747,0.19989,-0.81903,0.0144,-0.57357,0.99267,0.0,0.0,nan,0.0,0.02269
-21.18815,14.92327,5.44493,-0.60848,-0.14966,0.77933,0.97162,0.00363,0.01817,0.51,1.0,0.00868
-20.54433,15.70334,6.0903,-0.51832,-0.19985,0.83151,0.97867,0.00898,0.04489,0.51,1.0,0.01124
-20.29492,16.82679,-2.30551,-0.7098,0.11804,-0.69444,0.99039,0.0,0.0,nan,0.0,0.01966
-20.85414,17.00704,-0.87158,-0.74375,0.08276,-0.66332,1.00022,0.0,0.0,nan,0.0,0.01379
-21.82186,17.05795,0.09447,-0.76651,0.01799,-0.64198,0.99347,0.0,0.0,nan,0.0,0.01362
-21.49393,16.89649,5.45648,-0.69019,-0.11076,0.7151,0.9746,0.0,0.0,nan,0.0,0.00535
-20.5581,17.14982,6.45626,-0.5282,-0.08353,0.845,0.95672,0.0,0.0,nan,0.0,0.00843
-20.00975,18.46772,-2.03117,-0.68349,0.13629,-0.71713,0.99804,0.0,0.0,nan,0.0,0.00905
-20.71929,19.01769,-0.92534,-0.71023,0.10795,-0.69565,1.00052,0.0,0.0,nan,0.0,0.0056
-21.83267,19.0597,0.14966,-0.71532,0.07413,-0.69486,0.989,0.0,0.0,nan,0.0,0.0092
-20.95107,19.13829,5.94258,-0.58108,-0.04379,0.81267,0.98245,0.0,0.0,nan,0.0,0.00362
-20.58963,18.57205,6.24265,-0.52532,-0.05243,0.84929,0.98483,0.0,0.0,nan,0.0,0.00389
-20.52215,20.91662,-0.73893,-0.65544,0.1115,-0.74697,1.00072,0.0,0.0,nan,0.0,0.00428
-21.58619,21.0679,0.21386,-0.67313,0.06924,-0.73627,0.99784,0.0,0.0,nan,0.0,0.01096
-21.68646,20.98521,5.81477,-0.6699,-0.15594,0.72589,0.96139,0.0,0.0,nan,0.0,0.00332
-20.72622,20.91926,6.54942,-0.50632,-0.17226,0.84497,0.97728,0.0,0.0,nan,0.0,0.00652
-20.5073,23.00485,-0.63334,-0.60562,0.06849,-0.7928,0.99734,0.0,0.0,nan,0.0,0.00795
-21.49588,23.05066,0.32195,-0.65131,0.04723,-0.75734,0.99714,0.0,0.0,nan,0.0,0.00914
-21.84421,22.52596,5.89341,-0.72887,-0.05938,0.68208,0.96467,0.0,0.0,nan,0.0,0.00555
-20.88205,22.90236,6.85832,-0.58394,-0.07987,0.80786,0.97361,0.0,0.0,nan,0.0,0.00508
-20.47137,25.0126,-0.69105,-0.55733,0.03059,-0.82972,0.98582,0.0,0.0,nan,0.0,0.00825
-21.38534,25.02781,0.41157,-0.68416,0.05931,-0.72691,1.00022,0.0,0.0,nan,0.0,0.01114
-21.32269,24.75048,5.92218,-0.71564,0.06061,0.69584,0.99684,0.0,0.0,nan,0.0,0.01102
-20.69015,25.01904,6.62152,-0.59011,0.09607,0.80159,0.99665,0.0,0.0,nan,0.0,0.01105
-20.61175,26.98292,-0.74706,-0.5989,0.02789,-0.80034,0.96368,0.0,0.0,nan,0.0,0.01027
-21.29564,27.05253,0.49551,-0.71978,0.04481,-0.69275,0.99734,0.0,0.0,nan,0.0,0.00265
-21.45903,27.30543,5.98673,-0.70971,-0.01375,0.70436,0.98056,0.00093,0.00466,0.7,1.0,0.00777
-20.86686,26.92869,6.29967,-0.63371,-0.00684,0.77354,0.99704,0.0,0.0,nan,0.0,0.00701
-20.49311,28.98218,-0.67979,-0.63041,0.01405,-0.77614,0.96536,0.0,0.0,nan,0.0,0.01137
-21.13688,28.99478,0.8054,-0.72335,0.02125,-0.69015,0.98672,0.0,0.0,nan,0.0,0.00859
-21.82331,28.99904,5.66338,-0.80245,-0.08024,0.5913,0.98334,0.0,0.0,nan,0.0,0.00193
-20.88718,28.90098,6.84728,-0.64414,-0.11962,0.7555,0.98612,0.0,0.0,nan,0.0,0.00296
-20.41802,30.98326,-0.55073,-0.62643,-0.00608,-0.77946,0.97053,0.0,0.0,nan,0.0,0.0066
-21.26917,31.00933,0.67612,-0.70581,-0.0455,-0.70694,0.98681,0.0,0.0,nan,0.0,0.01216
-21.84644,30.86697,5.73555,-0.83672,-0.04818,0.5455,0.99585,0.0,0.0,nan,0.0,0.0112
-20.94985,31.06785,6.87899,-0.70453,-0.03184,0.70896,0.99198,0.0,0.0,nan,0.0,0.00948
-20.49097,32.99646,-0.62918,-0.55103,-0.04955,-0.83301,0.98592,0.0,0.0,nan,0.0,0.004
-21.27888,33.00611,0.65345,-0.64085,-0.15161,-0.75254,0.97639,0.0,0.0,nan,0.0,0.01059
-21.88615,33.18278,5.84343,-0.79324,0.00522,0.60889,0.99228,0.0,0.0,nan,0.0,0.00226
-20.95872,33.08372,6.93237,-0.67351,0.02231,0.73884,0.99148,0.0,0.0,nan,0.0,0.00335
-20.47007,35.10415,-0.5945,-0.43808,-0.17353,-0.88203,0.98811,0.0,0.0,nan,0.0,0.00258
-21.54464,34.84471,0.27071,-0.53658,-0.24525,-0.80743,0.97381,0.0,0.0,nan,0.0,0.00968
-21.1882,34.5829,5.90744,-0.73228,0.01201,0.6809,0.99516,0.0,0.0,nan,0.0,0.00442
-20.73831,34.99314,6.75392,-0.6195,0.04401,0.78376,0.99833,0.0,0.0,nan,0.0,0.00518
-20.88975,37.02273,-0.68408,-0.30908,-0.35703,-0.88147,0.96586,0.0,0.0,nan,0.0,0.00536
-20.97357,36.97485,6.71911,-0.6051,-0.03924,0.79518,0.99208,0.0,0.0,nan,0.0,0.00561
-21.14843,39.46958,-2.4163,-0.24586,-0.54464,-0.80182,0.98115,0.0,0.0,nan,0.0,0.00908
-20.97976,38.63175,-1.55102,-0.24824,-0.46589,-0.84931,0.95623,0.0,0.0,nan,0.0,0.01667
-21.88394,39.75331,5.83373,-0.79273,-0.01257,0.60945,0.99466,0.0,0.0,nan,0.0,0.00637
-20.9792,39.03263,6.90107,-0.66198,-0.08104,0.74513,0.99595,0.0,0.0,nan,0.0,0.01249
-20.14577,39.74422,8.14914,-0.62386,-0.04476,0.78025,0.95533,0.0,0.0,nan,0.0,0.00782
-20.97632,41.45774,-4.58807,-0.33919,-0.59773,-0.7264,0.96189,0.0,0.0,nan,0.0,0.00595
-20.98022,40.5917,-3.2622,-0.277,-0.59965,-0.7508,0.99128,0.0,0.0,nan,0.0,0.00376
-21.68826,40.69885,5.79901,-0.79114,-0.01215,0.61151,0.99625,0.0,0.0,nan,0.0,0.00383
-21.04021,41.06022,7.06031,-0.67109,-0.01753,0.74117,0.99228,0.0,0.0,nan,0.0,0.00936
-20.09617,40.22675,8.09947,-0.61745,0.01732,0.78642,0.97103,0.0,0.0,nan,0.0,0.01185
-20.35353,43.71126,-6.17792,-0.51096,-0.46922,-0.72024,0.97877,0.0,0.0,nan,0.0,0.01366
-21.15453,42.87704,-5.34246,-0.48258,-0.45063,-0.75103,0.95672,0.0,0.0,nan,0.0,0.01
-20.99771,42.95006,7.0316,-0.6651,-0.03373,0.746,0.99555,0.0,0.0,nan,0.0,0.00577
-20.25403,43.86293,8.06132,-0.58112,-0.03123,0.81322,0.98304,0.0,0.0,nan,0.0,0.00708
-20.7388,45.04912,-6.74002,-0.6389,-0.34005,-0.69006,0.98284,0.0,0.0,nan,0.0,0.0157
-21.51517,44.97956,-5.35471,-0.709,-0.25031,-0.6593,1.00082,0.0,0.0,nan,0.0,0.00971
-21.06188,45.04869,5.91527,-0.741,-0.00843,0.67145,0.9886,0.0,0.0,nan,0.0,0.0061
-20.76913,45.17829,6.99223,-0.62466,0.00494,0.78088,1.00002,0.0,0.0,nan,0.0,0.00837
-20.17082,44.96192,8.09112,-0.55143,0.01236,0.83413,0.98016,0.0,0.0,nan,0.0,0.01024
-21.00983,46.97859,-7.04983,-0.65648,-0.12296,-0.74425,0.98036,0.0,0.0,nan,0.0,0.00535
-21.79663,46.55091,-5.68438,-0.76607,-0.18701,-0.61495,0.99883,0.0,0.0,nan,0.0,0.01175
-20.96803,46.97277,7.15998,-0.61939,-0.01071,0.78501,0.99506,0.0,0.0,nan,0.0,0.00574
-21.06595,48.91666,-7.13989,-0.58555,-0.05296,-0.8089,0.98761,0.0,0.0,nan,0.0,0.00749
-21.18106,48.9344,7.29895,-0.62491,0.00266,0.78069,0.97391,0.0,0.0,nan,0.0,0.00483
-20.15453,49.29365,8.11894,-0.5281,-0.01348,0.84908,0.98443,0.0,0.0,nan,0.0,0.00503
-20.98985,51.02332,-7.04153,-0.55354,0.02416,-0.83247,0.989,0.0,0.0,nan,0.0,0.00753
-20.96855,51.0009,6.92277,-0.66409,0.02848,0.74711,0.99357,0.0,0.0,nan,0.0,0.00544
-20.05969,50.10727,8.0308,-0.53281,-0.00673,0.84621,0.9892,0.0,0.0,nan,0.0,0.00306
-20.77251,52.89253,-6.88525,-0.50397,0.0261,-0.86333,0.99496,0.0,0.0,nan,0.0,0.00822
-21.99587,53.97406,5.99619,-0.82292,0.02507,0.56761,0.99317,0.0,0.0,nan,0.0,0.00595
-21.15049,52.99714,7.05334,-0.69623,-0.0293,0.71722,0.9886,0.0,0.0,nan,0.0,0.00512
-20.03086,53.03497,8.01973,-0.5671,-0.07575,0.82016,0.99039,0.0,0.0,nan,0.0,0.0048
-20.04032,55.94329,-8.04399,-0.44045,-0.06598,-0.89535,0.97291,0.0,0.0,nan,0.0,0.01255
-20.89396,55.03333,-7.01382,-0.50644,-0.0803,-0.85853,0.99267,0.0,0.0,nan,0.0,0.00704
-21.98295,55.25006,5.93823,-0.81268,0.07351,0.57805,0.99277,0.0,0.0,nan,0.0,0.00213
-21.054,54.94967,7.15142,-0.71398,0.08014,0.69556,0.9883,0.0,0.0,nan,0.0,0.00742
-20.05852,55.27942,8.06049,-0.61949,0.08455,0.78044,0.98761,0.0,0.0,nan,0.0,0.00315
-20.09493,56.44562,-8.07623,-0.44806,-0.02938,-0.89352,0.98106,0.0,0.0,nan,0.0,0.0092
-21.05598,57.15688,-7.45103,-0.53558,-0.02565,-0.84409,0.98235,0.0,0.0,nan,0.0,0.00671
-21.96654,56.91814,5.92114,-0.79239,0.06141,0.60691,0.99079,0.02408,0.12039,0.7,1.0,0.00412
-20.65273,56.87888,6.66797,-0.68693,0.10714,0.71878,0.99655,0.0,0.0,nan,0.0,0.00715
-20.07071,56.36724,8.05257,-0.62125,0.11941,0.77446,0.98533,0.0,0.0,nan,0.0,0.00532
-20.09655,59.43301,-8.09146,-0.4522,-0.05687,-0.8901,0.99049,0.0,0.0,nan,0.0,0.00953
-20.84281,58.93753,-7.07339,-0.54785,-0.03948,-0.83565,0.99645,0.0,0.0,nan,0.0,0.00821
-21.99013,59.149,5.972,-0.74633,0.04362,0.66414,0.96507,0.02244,0.11221,0.7,1.0,0.01124
-20.92789,58.93742,6.64581,-0.63571,0.08798,0.7669,0.99675,0.0,0.0,nan,0.0,0.00911
-20.19274,60.76844,-8.14212,-0.45979,0.07944,-0.88447,0.94938,0.0,0.0,nan,0.0,0.01173
-20.89345,61.13743,-7.19739,-0.50179,0.09855,-0.85936,0.99357,0.0,0.0,nan,0.0,0.00645
-21.86091,61.00795,5.92955,-0.72073,0.04953,0.69145,0.96129,0.0,0.0,nan,0.0,0.00895
-20.9705,61.03627,6.26665,-0.63357,0.08745,0.76872,0.99357,0.0,0.0,nan,0.0,0.00658
-20.07535,62.0531,-8.0021,-0.44926,0.16933,-0.87721,0.99516,0.0,0.0,nan,0.0,0.00536
-20.63448,62.67832,-6.66278,-0.42795,0.12012,-0.89578,0.97341,0.0,0.0,nan,0.0,0.00672
-21.11473,63.44431,5.9363,-0.57207,0.19231,0.79734,0.99009,0.0,0.0,nan,0.0,0.00612
-20.77232,62.55953,6.31996,-0.58059,0.20926,0.78684,0.99665,0.0,0.0,nan,0.0,0.00696
-20.82382,65.07868,-6.93988,-0.40873,-0.0156,-0.91252,0.99486,0.0,0.0,nan,0.0,0.00972
-21.05408,64.96263,5.34352,-0.55909,0.09242,0.82394,0.99029,0.0,0.0,nan,0.0,0.00731
-20.29544,65.77251,6.23921,-0.56392,0.07208,0.82268,0.99605,0.0,0.0,nan,0.0,0.00655
-20.86182,66.96202,-6.7653,-0.40519,0.00809,-0.9142,0.99764,0.0,0.0,nan,0.0,0.00576
-20.23351,67.70583,-5.90886,-0.37331,-0.00366,-0.9277,0.83358,0.0,0.0,nan,0.0,0.00503
-21.01907,67.16763,5.23785,-0.58312,0.17149,0.79408,0.9885,0.0,0.0,nan,0.0,0.00915
-20.36316,66.45452,6.30596,-0.56275,0.0691,0.82373,0.98552,0.0,0.0,nan,0.0,0.00997
-20.50158,69.01513,-6.99578,-0.37809,-0.11503,-0.9186,0.9887,0.0,0.0,nan,0.0,0.00269
-20.20194,68.0237,-5.98074,-0.37069,-0.02969,-0.92828,0.83726,0.0,0.0,nan,0.0,0.00361
-21.00388,68.9947,4.68429,-0.59111,0.14438,0.79356,0.99446,0.0,0.0,nan,0.0,0.01053
-20.01629,70.34229,-8.01035,-0.35328,-0.0158,-0.93538,0.94163,0.0,0.0,nan,0.0,0.01016
-20.98085,70.95443,-7.3588,-0.39412,0.06344,-0.91687,0.96646,0.0,0.0,nan,0.0,0.00664
-21.90676,71.57458,3.84945,-0.75295,0.17185,0.63525,0.95504,0.0,0.0,nan,0.0,0.01094
-20.94806,70.97699,4.95617,-0.53994,0.15843,0.82666,0.96924,0.0,0.0,nan,0.0,0.00624
-21.01185,72.88735,-6.92382,-0.30903,0.13776,-0.94102,0.99377,0.0,0.0,nan,0.0,0.00939
-21.56212,73.24758,3.69019,-0.63958,0.24817,0.72757,0.93915,0.0,0.0,nan,0.0,0.00775
-20.79516,72.6779,4.07644,-0.47447,0.33955,0.81215,0.97162,0.0,0.0,nan,0.0,0.01064
-21.02928,74.91992,-6.81938,-0.32996,-0.06962,-0.94143,0.98622,0.0,0.0,nan,0.0,0.00867
-21.15324,75.02948,3.55816,-0.47128,0.2628,0.84192,0.9459,0.0,0.0,nan,0.0,0.0075
-20.18491,74.44808,4.03331,-0.29367,0.28645,0.91198,0.97649,0.0,0.0,nan,0.0,0.00596
-21.07565,76.8323,-7.15357,-0.38939,0.11119,-0.91433,0.91134,0.0,0.0,nan,0.0,0.01123
-21.69872,77.8261,1.90238,-0.45466,0.57084,0.68369,0.89386,0.0,0.0,nan,0.0,0.00604
-21.09979,76.77403,2.59334,-0.45443,0.47476,0.75372,0.9596,0.0,0.0,nan,0.0,0.01183
-20.9705,78.47601,-6.57083,-0.2995,0.58008,-0.7575,0.8603,0.0,0.0,nan,0.0,0.00389
-21.00756,79.17969,-5.0234,-0.17707,0.89708,-0.40485,0.95802,0.0,0.0,nan,0.0,0.0154
-21.01574,79.49973,-2.98825,-0.15459,0.9775,-0.14353,0.99416,0.0,0.0,nan,0.0,0.01218
-21.03305,79.96497,-0.97566,-0.16048,0.95784,0.23832,0.91641,0.0,0.0,nan,0.0,0.00509
-20.96821,78.99879,1.11574,-0.19919,0.7684,0.60818,0.91303,0.0,0.0,nan,0.0,0.01106
-20.55009,78.02395,2.01079,-0.24955,0.70964,0.65889,0.96239,0.0,0.0,nan,0.0,0.00929
-18.34074,1.80625,-4.34442,-0.45641,-0.72134,-0.52093,0.92117,0.0,0.0,nan,0.0,0.00659
-19.04323,1.42965,-3.02349,-0.33491,-0.84811,-0.41054,0.90389,0.0,0.0,nan,0.0,0.00711
-19.02739,1.22453,-0.8875,-0.17322,-0.97008,0.17014,0.92882,0.0,0.0,nan,0.0,0.01313
-18.87031,1.72689,0.50224,-0.20019,-0.77707,0.59672,0.91432,0.0,0.0,nan,0.0,0.00386
-18.69187,3.05388,-4.80007,-0.59008,-0.4814,-0.64812,0.9741,0.0,0.0,nan,0.0,0.00657
-19.61955,3.02004,-3.68835,-0.61721,-0.45519,-0.64177,0.97003,0.0,0.0,nan,0.0,0.00923
-19.07325,2.91879,1.50573,-0.27722,-0.46425,0.8412,0.97152,0.0,0.0,nan,0.0,0.00955
-18.06641,3.38426,2.00248,-0.33655,-0.48797,0.80537,0.99218,0.0,0.0,nan,0.0,0.00854
-18.24337,5.53509,-6.25052,-0.74766,-0.10166,-0.65626,0.97212,0.0,0.0,nan,0.0,0.00677
-19.15307,4.83509,-5.31835,-0.70531,-0.15485,-0.69178,0.97857,0.0,0.0,nan,0.0,0.0049
-19.84736,4.09093,-3.8445,-0.72471,-0.22547,-0.65112,0.99625,0.0,0.0,nan,0.0,0.00835
-19.00288,4.86132,1.39182,-0.28398,-0.51305,0.81002,0.89506,0.0,0.0,nan,0.0,0.01275
-18.79549,5.50641,2.95891,-0.33597,-0.58953,0.73456,0.99565,0.0,0.0,nan,0.0,0.01227
-18.23241,5.8458,4.12856,-0.36977,-0.54678,0.7512,0.9746,0.0,0.0,nan,0.0,0.00697
-18.36972,6.80427,-6.7222,-0.82772,0.1537,-0.53968,0.9463,0.0,0.0,nan,0.0,0.0103
-18.99813,6.92881,-4.9598,-0.7545,0.24224,-0.60996,0.98791,0.0,0.0,nan,0.0,0.00832
-19.69609,7.45429,-3.7864,-0.75633,0.27058,-0.59562,0.99972,0.0,0.0,nan,0.0,0.0177
-19.05168,6.98649,3.63814,-0.34449,-0.44645,0.82584,0.98026,0.0,0.0,nan,0.0,0.00629
-18.55404,6.93383,4.00639,-0.3532,-0.43976,0.82575,0.98632,0.0,0.0,nan,0.0,0.00683
-18.6619,8.94844,-4.61304,-0.71902,0.24702,-0.64961,0.99913,0.0,0.0,nan,0.0,0.00941
-19.72597,9.12639,-3.61745,-0.72823,0.17386,-0.66291,1.00062,0.0,0.0,nan,0.0,0.0048
-19.29689,8.43792,3.97386,-0.38246,-0.19566,0.90302,0.99873,0.0,0.0,nan,0.0,0.00701
-19.10267,8.98259,4.7348,-0.40271,-0.21655,0.88934,0.99913,0.0,0.0,nan,0.0,0.00757
-18.52893,10.93353,-4.3821,-0.67218,0.14146,-0.72675,0.99933,0.0,0.0,nan,0.0,0.00468
-19.39003,11.04897,-3.11462,-0.73376,0.11158,-0.67018,0.99943,0.0,0.0,nan,0.0,0.00596
-19.71548,10.4008,3.66326,-0.46836,-0.25537,0.84583,0.92753,0.0,0.0,nan,0.0,0.00731
-18.97424,10.95028,5.04534,-0.42145,-0.31642,0.84986,0.99774,0.0,0.0,nan,0.0,0.01218
-18.40652,11.8558,6.14443,-0.35782,-0.34222,0.86882,0.98979,0.0,0.0,nan,0.0,0.00556
-18.36502,12.85973,-4.27068,-0.64395,0.08239,-0.76062,0.99923,0.0,0.0,nan,0.0,0.00317
-19.53156,12.96836,-3.44694,-0.70401,0.05012,-0.70842,0.99764,0.0,0.0,nan,0.0,0.00561
-19.44304,12.89337,5.69531,-0.40936,-0.30639,0.85939,0.99824,0.00552,0.02758,0.51,1.0,0.00846
-18.74433,13.11871,6.2024,-0.36123,-0.25964,0.8956,0.99655,0.0008,0.00402,0.51,1.0,0.00419
-18.0175,14.05287,-4.03385,-0.62403,0.1121,-0.77332,1.00062,0.0,0.0,nan,0.0,0.02252
-19.00859,15.00982,-3.27893,-0.63756,0.10327,-0.76345,1.00082,0.0,0.0,nan,0.0,0.01162
-19.93816,14.8042,5.9206,-0.44799,-0.18424,0.87485,0.99357,0.00296,0.01478,0.51,1.0,0.00743
-18.9245,15.00584,6.50617,-0.38635,-0.23743,0.89127,1.00072,0.00271,0.01356,0.51,1.0,0.00794
-18.88071,16.97353,-2.9221,-0.61769,0.13642,-0.7745,1.00092,0.0,0.0,nan,0.0,0.01056
-19.74507,16.29592,5.8855,-0.48608,-0.17211,0.8568,0.99694,0.00235,0.01173,0.51,1.0,0.01494
-19.0139,16.88918,7.07927,-0.41746,-0.09934,0.90325,0.98632,0.0,0.0,nan,0.0,0.01198
-18.9786,18.92421,-2.65016,-0.57526,0.18578,-0.79659,1.00072,0.0,0.0,nan,0.0,0.03912
-19.87774,19.56883,-1.90169,-0.65373,0.15488,-0.74071,0.99814,0.0,0.0,nan,0.0,0.00634
-19.65181,19.53961,5.75769,-0.46489,-0.03206,0.88479,0.95732,0.0,0.0,nan,0.0,0.00698
-18.92464,19.03237,6.89588,-0.41817,-0.02596,0.908,1.00002,0.0,0.0,nan,0.0,0.01095
-18.64713,20.89216,-2.31736,-0.57757,0.1888,-0.79421,0.99466,0.002,0.01002,0.7,1.0,0.00236
-19.61659,21.22709,-1.87393,-0.58714,0.16782,-0.7919,0.99367,0.0,0.0,nan,0.0,0.00974
-19.18158,20.92917,7.48301,-0.39587,-0.17447,0.90158,0.99506,0.0,0.0,nan,0.0,0.00932
-18.28379,22.47816,-2.16347,-0.58183,0.17866,-0.79345,0.99238,0.0,0.0,nan,0.0,0.00495
-19.0057,23.02638,-1.51192,-0.53079,0.15366,-0.83345,0.98403,0.0,0.0,nan,0.0,0.00464
-19.13534,22.77344,7.76097,-0.37758,-0.11447,0.91888,0.98036,0.0,0.0,nan,0.0,0.00981
-18.71385,23.38477,8.03096,-0.36392,-0.06451,0.92919,0.98791,0.00046,0.00231,0.7,1.0,0.0069
-19.01377,25.04228,-1.36698,-0.46679,0.06994,-0.8816,0.98741,0.0,0.0,nan,0.0,0.00371
-19.22217,25.04904,7.66563,-0.41169,0.08465,0.90738,0.98672,0.01267,0.06333,0.7,1.0,0.01567
-18.5364,24.865,8.06334,-0.39698,0.05893,0.91593,0.97619,0.0,0.0,nan,0.0,0.0098
-19.03199,26.99302,-1.45167,-0.43615,0.01067,-0.89981,0.98334,0.0,0.0,nan,0.0,0.00222
-19.91562,27.21555,5.93056,-0.55564,-0.03195,0.83081,0.92246,0.0,0.0,nan,0.0,0.01067
-19.12862,27.16973,7.35536,-0.41124,-0.06543,0.90917,0.99168,0.00185,0.00923,0.7,1.0,0.01295
-18.16086,26.39487,8.09194,-0.40414,0.00454,0.91469,0.99277,0.0,0.0,nan,0.0,0.00777
-18.99412,29.00749,-1.64613,-0.41742,-0.0096,-0.90866,0.96308,0.0,0.0,nan,0.0,0.00339
-19.50633,28.55439,7.81845,-0.47578,-0.20325,0.85576,0.97728,0.0,0.0,nan,0.0,0.00288
-18.64217,29.0742,8.33684,-0.41138,-0.25235,0.87583,0.98364,0.0,0.0,nan,0.0,0.00366
-18.81085,31.06912,-1.70121,-0.42695,-0.02926,-0.9038,0.98572,0.0,0.0,nan,0.0,0.00686
-19.75895,31.08859,7.87004,-0.56757,-0.02776,0.82286,0.99496,0.0,0.0,nan,0.0,0.01464
-18.79139,31.11545,8.44935,-0.49085,-0.03578,0.87051,0.98989,0.0,0.0,nan,0.0,0.01168
-18.82612,33.0228,-1.5965,-0.4926,-0.04951,-0.86885,0.99109,0.0,0.0,nan,0.0,0.00725
-19.80764,33.18934,7.87545,-0.57921,0.0732,0.81188,0.99248,0.0,0.0,nan,0.0,0.00677
-18.60217,32.97765,8.31074,-0.50619,0.06654,0.85985,0.99277,0.0,0.0,nan,0.0,0.01007
-18.14569,35.81907,-2.15082,-0.61483,-0.25616,-0.7459,0.97927,0.0,0.0,nan,0.0,0.00289
-18.98185,35.02015,-1.34878,-0.5494,-0.14973,-0.82203,0.98652,0.0,0.0,nan,0.0,0.00413
-19.40611,35.17475,7.68661,-0.51926,0.08338,0.85054,0.99873,0.0,0.0,nan,0.0,0.00887
-18.6381,34.85191,8.25171,-0.52568,0.10637,0.84401,0.99704,0.0,0.0,nan,0.0,0.00967
-18.09583,37.88731,-4.07827,-0.58536,-0.42324,-0.69154,0.96695,0.0,0.0,nan,0.0,0.01107
-18.54702,37.18768,-2.77639,-0.64596,-0.35642,-0.67505,0.99565,0.0,0.0,nan,0.0,0.01689
-19.33891,36.80144,-1.68528,-0.5493,-0.30513,-0.77792,0.97907,0.0,0.0,nan,0.0,0.00754
-19.30876,36.88636,7.48726,-0.50641,-0.088,0.85779,0.98811,0.0,0.0,nan,0.0,0.01095
-18.41554,37.08389,8.32162,-0.52792,-0.12695,0.83975,0.99804,0.0,0.0,nan,0.0,0.00448
-18.38389,39.17325,-4.52578,-0.64165,-0.38707,-0.66216,0.95702,0.0,0.0,nan,0.0,0.01853
-19.06417,39.05477,-2.91167,-0.63346,-0.40128,-0.66159,0.95355,0.0,0.0,nan,0.0,0.01524
-19.80687,38.57454,-1.79605,-0.43912,-0.40648,-0.80122,0.91939,0.0,0.0,nan,0.0,0.01471
-19.60106,38.50631,7.71555,-0.58286,-0.13342,0.80154,0.99764,0.0,0.0,nan,0.0,0.00218
-18.87334,39.08135,8.71514,-0.55851,-0.12856,0.81948,0.98125,0.0,0.0,nan,0.0,0.01031
-18.77578,41.07967,-4.74969,-0.56243,-0.50884,-0.65173,0.98225,0.0,0.0,nan,0.0,0.01435
-19.51532,40.68446,-3.32274,-0.42772,-0.58093,-0.69251,0.91581,0.0,0.0,nan,0.0,0.01168
-19.67949,41.43724,7.81359,-0.56697,0.00391,0.82373,1.00022,0.0,0.0,nan,0.0,0.00871
-18.91682,40.85718,8.56093,-0.55019,0.07806,0.83138,0.99744,0.0,0.0,nan,0.0,0.01209
-18.80376,43.32977,-6.60188,-0.46956,-0.53817,-0.69992,0.99774,0.0,0.0,nan,0.0,0.01079
-19.11235,42.54295,-5.3808,-0.44617,-0.5594,-0.69857,0.9745,0.0,0.0,nan,0.0,0.01114
-19.38013,42.89895,7.53929,-0.53415,-0.04918,0.84396,0.98413,0.0,0.0,nan,0.0,0.0126
-18.74562,43.09969,8.50549,-0.48593,-0.05254,0.87242,0.99684,0.0,0.0,nan,0.0,0.00865
-18.73886,45.26095,-8.37967,-0.42667,-0.28648,-0.85784,0.94779,0.00621,0.03106,0.6,1.0,0.01522
-19.21146,44.62945,-7.35473,-0.47653,-0.42633,-0.76887,0.99406,0.0,0.0,nan,0.0,0.01456
-19.83834,45.74069,7.90011,-0.51522,0.0564,0.8552,0.99426,0.0,0.0,nan,0.0,0.01513
-19.0347,44.99585,8.78418,-0.48081,0.05256,0.87525,0.98145,0.0,0.0,nan,0.0,0.01364
-18.86737,46.89869,-8.41278,-0.3889,-0.00425,-0.92127,0.96358,0.0,0.0,nan,0.0,0.01306
-19.4062,47.46961,-7.93441,-0.41741,0.01842,-0.90853,0.98969,0.0,0.0,nan,0.0,0.01033
-19.579,47.13688,7.77486,-0.47049,-0.04324,0.88135,0.99714,0.0,0.0,nan,0.0,0.01291
-18.66931,46.95441,8.28682,-0.44828,0.02251,0.89361,0.99446,0.0,0.0,nan,0.0,0.00901
-18.63454,49.12481,-8.19694,-0.32376,0.03328,-0.94556,0.99883,0.0,0.0,nan,0.0,0.01232
-19.54374,48.99902,-7.92304,-0.35891,0.03741,-0.93262,0.99824,0.0,0.0,nan,0.0,0.01053
-19.55788,48.33096,7.71741,-0.48646,-0.01434,0.87359,0.99347,0.0,0.0,nan,0.0,0.01122
-18.97279,49.01973,8.69987,-0.45892,-0.02713,0.88806,0.98642,0.0,0.0,nan,0.0,0.01082
-18.95275,51.02637,-8.13486,-0.31884,0.00342,-0.9478,0.99277,0.0,0.0,nan,0.0,0.01075
-18.82731,51.17403,-7.98646,-0.3145,0.00935,-0.94921,0.99684,0.0,0.0,nan,0.0,0.00966
-19.43391,50.95448,7.67267,-0.51447,0.0019,0.85751,0.9894,0.0,0.0,nan,0.0,0.00243
-18.75443,50.58107,8.29962,-0.45222,-0.0079,0.89187,0.99595,0.0,0.0,nan,0.0,0.00215
-18.72206,52.58516,-8.00073,-0.33842,0.05374,-0.93946,0.99982,0.0,0.0,nan,0.0,0.00744
-19.03659,52.81141,-7.50427,-0.35265,0.05494,-0.93414,0.9887,0.0,0.0,nan,0.0,0.00702
-18.98027,53.04037,8.62247,-0.46636,-0.09389,0.8796,0.99118,0.0,0.0,nan,0.0,0.00375
-18.52257,55.29119,-8.2281,-0.38264,-0.12234,-0.91576,0.99804,0.0,0.0,nan,0.0,0.00952
-19.29324,54.92381,-7.76001,-0.38044,-0.12427,-0.91642,0.99655,0.0,0.0,nan,0.0,0.00896
-19.96659,54.29196,7.95404,-0.59759,0.00438,0.80179,0.99307,0.0,0.0,nan,0.0,0.00489
-19.09977,54.97794,8.67761,-0.50074,0.02947,0.8651,0.98701,0.0,0.0,nan,0.0,0.00643
-19.00656,56.90791,-8.49705,-0.38779,-0.04552,-0.92062,0.98632,0.0,0.0,nan,0.0,0.0072
-19.55981,57.63076,-7.73791,-0.43013,-0.04294,-0.90174,0.99863,0.0,0.0,nan,0.0,0.00729
-19.69465,57.57361,7.57078,-0.60769,0.16125,0.77763,0.99953,0.0,0.0,nan,0.0,0.00905
-19.01607,57.04049,8.69135,-0.54638,0.12149,0.82868,0.98503,0.0,0.0,nan,0.0,0.00683
-18.99672,58.95975,-8.37118,-0.4059,-0.04811,-0.91265,0.99655,0.0,0.0,nan,0.0,0.00812
-19.68429,58.10936,-7.68058,-0.4372,-0.0241,-0.89904,0.99953,0.0,0.0,nan,0.0,0.00937
-19.61201,59.03168,7.75733,-0.59058,0.1382,0.79506,0.99933,0.0,0.0,nan,0.0,0.01304
-18.56845,59.07613,8.3044,-0.52721,0.17061,0.83243,0.99109,0.0,0.0,nan,0.0,0.01831
-18.98769,61.00635,-8.4993,-0.39656,0.11048,-0.91134,0.98443,0.0,0.0,nan,0.0,0.01127
-19.87509,61.20734,-7.88598,-0.45359,0.14138,-0.87993,0.98791,0.0,0.0,nan,0.0,0.01141
-19.24215,60.85614,7.45243,-0.5398,0.06976,0.8389,0.99684,0.0,0.0,nan,0.0,0.01248
-18.29408,60.96426,8.19006,-0.45503,0.09678,0.8852,0.99496,0.0,0.0,nan,0.0,0.01242
-18.35228,63.12132,-8.16929,-0.4344,0.06347,-0.89848,0.99506,0.0,0.0,nan,0.0,0.00607
-19.14252,62.82675,-7.26174,-0.48539,0.12346,-0.86554,0.94888,0.0,0.0,nan,0.0,0.00477
-19.65057,63.61309,5.64282,-0.5738,0.24087,0.78278,0.87172,0.0,0.0,nan,0.0,0.00878
-19.72161,63.33897,7.29054,-0.56372,0.22783,0.79393,0.96884,0.0,0.0,nan,0.0,0.00856
-18.61418,62.95058,8.31367,-0.46786,0.18839,0.86349,0.92008,0.0,0.0,nan,0.0,0.01499
-18.57477,64.98987,-8.42173,-0.42185,0.00777,-0.90663,0.97212,0.0,0.0,nan,0.0,0.00763
-19.30119,64.72626,-7.3543,-0.4849,-0.03112,-0.87402,0.98264,0.0,0.0,nan,0.0,0.00727
-19.4427,64.67818,5.51481,-0.56725,0.10394,0.81696,0.84808,0.0,0.0,nan,0.0,0.00499
-18.82669,64.88693,7.00491,-0.56196,0.10205,0.82084,0.99337,0.0,0.0,nan,0.0,0.00794
-18.36596,64.02666,8.05189,-0.47107,0.20948,0.85686,0.95325,0.0,0.0,nan,0.0,0.00886
-18.84541,66.44784,-8.13904,-0.39725,0.12063,-0.90975,0.989,0.0,0.0,nan,0.0,0.00611
-19.36141,67.36356,-7.61373,-0.36184,0.04093,-0.93134,0.99843,0.0,0.0,nan,0.0,0.00845
-19.95538,67.72885,-5.97521,-0.36309,-0.00392,-0.93175,0.81184,0.0,0.0,nan,0.0,0.00467
-19.93209,67.61009,5.95682,-0.55348,0.21431,0.80482,0.9884,0.0,0.0,nan,0.0,0.01982
-19.12805,67.14906,7.14122,-0.56039,0.17215,0.81014,0.94719,0.0,0.0,nan,0.0,0.01414
-18.38728,68.99982,-8.00293,-0.3485,-0.12064,-0.92951,0.98711,0.0,0.0,nan,0.0,0.00787
-19.21512,68.87352,-7.75618,-0.34454,-0.12097,-0.93094,0.99416,0.0,0.0,nan,0.0,0.00467
-19.34727,69.23114,5.50085,-0.49665,0.17248,0.85064,0.98304,0.0,0.0,nan,0.0,0.01865
-18.56622,68.70085,6.61275,-0.52855,0.3019,0.79341,0.99496,0.0,0.0,nan,0.0,0.02146
-18.87027,71.07355,-8.29431,-0.33217,0.13575,-0.9334,0.97728,0.0,0.0,nan,0.0,0.00908
-19.18737,70.69346,-7.83534,-0.33889,0.07967,-0.93745,0.98215,0.0,0.0,nan,0.0,0.00937
-19.39589,70.92625,5.88525,-0.4671,0.17651,0.86641,0.98066,0.0,0.0,nan,0.0,0.00653
-18.41598,71.05581,6.27987,-0.43675,0.21044,0.87462,0.97768,0.0,0.0,nan,0.0,0.01073
-18.30908,72.15488,-8.10789,-0.36383,0.15936,-0.91773,0.99526,0.0,0.0,nan,0.0,0.00766
-18.72928,73.2413,-7.10209,-0.39104,0.11468,-0.9132,0.9601,0.0,0.0,nan,0.0,0.00965
-18.28084,73.72309,3.73362,-0.33743,0.34953,0.87405,0.83041,0.0,0.0,nan,0.0,0.00405
-18.9791,72.75021,4.81393,-0.36201,0.46161,0.80986,0.99118,0.0,0.0,nan,0.0,0.00985
-18.19884,72.28507,6.18423,-0.41154,0.37217,0.83194,0.94183,0.0,0.0,nan,0.0,0.00844
-18.32722,74.9853,-8.20387,-0.4346,-0.09544,-0.89555,0.98374,0.0,0.0,nan,0.0,0.00929
-19.17446,74.89796,-7.31822,-0.39572,-0.10485,-0.91236,0.98324,0.0,0.0,nan,0.0,0.00683
-18.97684,74.91075,3.59054,-0.29417,0.26177,0.91921,0.98503,0.0,0.0,nan,0.0,0.00485
-18.85493,75.36201,4.03367,-0.30469,0.27118,0.91303,0.99724,0.0,0.0,nan,0.0,0.0048
-18.34588,76.78622,-8.12053,-0.32231,0.18097,-0.92917,0.91899,0.0,0.0,nan,0.0,0.00487
-19.26923,76.95889,-7.796,-0.33356,0.17514,-0.92632,0.9035,0.0,0.0,nan,0.0,0.00475
-19.43417,77.88627,1.79179,-0.19236,0.77739,0.59889,0.99764,0.0,0.0,nan,0.0,0.01184
-19.08992,77.10923,3.13554,-0.29439,0.56936,0.76757,0.95831,0.0,0.0,nan,0.0,0.01015
-18.68739,76.40866,4.21655,-0.30513,0.32413,0.89545,0.95345,0.0,0.0,nan,0.0,0.00572
-18.98966,78.50256,-6.84456,-0.17553,0.70432,-0.68783,0.91154,0.0,0.0,nan,0.0,0.0032
-18.99493,79.16286,-4.98629,-0.07266,0.9379,-0.3392,0.99963,0.0,0.0,nan,0.0,0.01601
-19.17158,79.7645,-3.07269,-0.09818,0.98016,-0.17221,0.99178,0.0,0.0,nan,0.0,0.01884
-19.23442,79.59869,-0.50386,-0.10041,0.93048,0.35232,0.98155,0.0,0.0,nan,0.0,0.00451
-18.99657,78.74142,0.84269,-0.14747,0.81769,0.55645,0.99804,0.0,0.0,nan,0.0,0.01245
-18.48909,78.31999,2.44913,-0.25219,0.79877,0.54623,0.99555,0.0,0.0,nan,0.0,0.01145
-18.4452,80.06797,-2.33565,-0.14312,0.98879,-0.04264,0.97202,0.0,0.0,nan,0.0,0.00597
-18.61889,80.20023,-1.11915,-0.13694,0.96696,0.21501,0.95315,0.0,0.0,nan,0.0,0.00247
-16.42336,1.91512,-6.17691,-0.39182,-0.76441,-0.51202,0.9172,0.0,0.0,nan,0.0,0.00445
-16.96963,1.74571,-4.92656,-0.35252,-0.82987,-0.43248,0.95295,0.0,0.0,nan,0.0,0.0074
-16.98271,1.18214,-2.95879,-0.13984,-0.97008,-0.19846,0.98413,0.0,0.0,nan,0.0,0.012
-16.98136,1.00783,-0.93295,-0.09757,-0.98368,0.15117,0.97788,0.0,0.0,nan,0.0,0.01254
-16.94147,1.6095,0.70892,-0.16447,-0.83509,0.52496,0.95672,0.0,0.0,nan,0.0,0.00799
-16.74865,3.05936,-6.77793,-0.57943,-0.50092,-0.64292,0.961,0.0,0.0,nan,0.0,0.01164
-17.73006,2.74678,-5.7305,-0.58763,-0.51785,-0.6217,0.94848,0.0,0.0,nan,0.0,0.00976
-17.22606,2.34212,1.71429,-0.24343,-0.60739,0.75619,0.95067,0.0,0.0,nan,0.0,0.01193
-16.88087,3.18033,2.49611,-0.28873,-0.56173,0.7753,0.97232,0.0,0.0,nan,0.0,0.00873
-16.32708,5.56737,-8.40346,-0.69882,-0.32435,-0.63753,0.98681,0.0,0.0,nan,0.0,0.00727
-17.12943,4.98898,-7.05664,-0.72312,-0.27421,-0.63396,0.99267,0.0,0.0,nan,0.0,0.01044
-17.89178,4.14968,-5.97434,-0.66535,-0.3183,-0.67528,0.99188,0.0,0.0,nan,0.0,0.00907
-17.89478,4.54671,1.90912,-0.39606,-0.52385,0.75414,0.95245,0.0,0.0,nan,0.0,0.01135
-17.17303,4.634,3.10593,-0.3732,-0.59182,0.71447,0.99506,0.0,0.0,nan,0.0,0.01583
-16.75254,5.522,4.4416,-0.34733,-0.56182,0.75081,0.96675,0.0,0.0,nan,0.0,0.01444
-16.19206,7.30869,-10.1754,-0.58833,-0.0383,-0.80772,0.79853,0.0,0.0,nan,0.0,0.01097
-16.89534,7.02822,-8.95745,-0.78489,-0.05654,-0.61704,0.89853,0.0,0.0,nan,0.0,0.01161
-17.91626,7.46875,-7.16289,-0.85591,0.22689,-0.46469,0.94739,0.0,0.0,nan,0.0,0.00736
-17.86149,7.76238,-5.75891,-0.79178,0.30298,-0.53037,0.98602,0.0,0.0,nan,0.0,0.00927
-17.88064,7.58322,3.91648,-0.40047,-0.35274,0.84569,0.96735,0.0,0.0,nan,0.0,0.0066
-16.92417,7.05044,4.74449,-0.40595,-0.39038,0.82632,0.99784,0.0,0.0,nan,0.0,0.01387
-16.0524,7.9144,6.01397,-0.26511,-0.26532,0.927,0.95017,0.0,0.0,nan,0.0,0.0102
-16.4,8.81434,-8.85058,-0.75733,0.39139,-0.52274,0.9311,0.0,0.0,nan,0.0,0.01149
-16.76872,8.9739,-7.00445,-0.7992,0.46388,-0.38223,0.99635,0.0,0.0,nan,0.0,0.01068
-17.57583,9.02475,-5.59047,-0.74176,0.35775,-0.56728,0.98334,0.0,0.0,nan,0.0,0.01062
-17.17372,8.9754,5.64151,-0.39956,-0.23547,0.88595,0.98979,0.0,0.0,nan,0.0,0.0117
-16.26221,8.9271,6.21376,-0.2864,-0.21385,0.93394,0.97103,0.0,0.0,nan,0.0,0.01102
-16.03622,10.06575,-8.30724,-0.74302,0.54126,-0.39366,0.96795,0.0,0.0,nan,0.0,0.00584
-16.29683,10.30975,-6.44605,-0.7432,0.41297,-0.52641,0.97698,0.0,0.0,nan,0.0,0.01364
-17.01749,10.96236,-5.26131,-0.64116,0.21872,-0.73558,0.9883,0.0,0.0,nan,0.0,0.02384
-17.08683,10.70636,5.6084,-0.34533,-0.2503,0.90449,0.99724,0.0,0.0,nan,0.0,0.00534
-16.85544,11.53655,6.42207,-0.30878,-0.30134,0.90214,0.99824,0.0,0.0,nan,0.0,0.00805
-16.06053,13.35501,-6.00849,-0.65618,0.06263,-0.752,1.00082,0.0,0.0,nan,0.0,0.01335
-17.0578,13.02519,-5.27986,-0.61319,0.08886,-0.78493,1.00062,0.0,0.0,nan,0.0,0.01285
-17.86106,13.03307,5.94978,-0.34142,-0.27828,0.89777,1.00022,0.00021,0.00104,0.51,1.0,0.0053
-16.89372,12.91773,6.50839,-0.29928,-0.29157,0.90853,1.00102,0.0,0.0,nan,0.0,0.01238
-16.08229,14.23249,-6.04477,-0.65377,0.05587,-0.75463,0.99982,0.0,0.0,nan,0.0,0.00828
-16.82397,15.00028,-4.8533,-0.65915,0.11531,-0.74312,1.00082,0.0,0.0,nan,0.0,0.01921
-17.94232,15.11664,-3.95997,-0.61061,0.14356,-0.77881,1.00062,0.0,0.0,nan,0.0,0.02004
-17.02252,15.03641,7.32543,-0.33311,-0.27106,0.90309,0.99972,0.0,0.0,nan,0.0,0.01081
-16.20134,15.9813,8.02654,-0.30932,-0.23431,0.92164,0.99426,0.0,0.0,nan,0.0,0.01164
-16.77324,16.92057,-4.77816,-0.66735,0.14687,-0.73012,1.00102,0.0,0.0,nan,0.0,0.01799
-17.77864,17.21285,-3.85492,-0.60853,0.1573,-0.77778,1.00072,0.0,0.0,nan,0.0,0.0224
-17.40706,16.95928,7.89231,-0.37106,-0.14193,0.9177,0.98533,0.0,0.0,nan,0.0,0.0142
-16.51441,17.06696,8.20036,-0.33787,-0.13962,0.93078,0.99039,0.0,0.0,nan,0.0,0.01567
-16.44853,18.87707,-4.55121,-0.6831,0.16546,-0.71133,1.00062,0.0,0.0,nan,0.0,0.00974
-17.36143,19.20299,-3.60031,-0.62803,0.17464,-0.75834,1.00052,0.0,0.0,nan,0.0,0.00317
-17.3626,18.98779,7.72232,-0.39582,-0.00138,0.91833,0.99923,0.0,0.0,nan,0.0,0.01379
-16.33657,19.12128,8.08044,-0.39125,-0.01524,0.92016,1.00062,0.0,0.0,nan,0.0,0.01136
-16.59797,20.97647,-4.50108,-0.71449,0.07499,-0.69562,0.99943,0.0,0.0,nan,0.0,0.00706
-17.15513,20.96829,-3.01819,-0.67924,0.14675,-0.7191,0.97559,0.0,0.0,nan,0.0,0.0029
-17.35958,20.98053,7.81998,-0.38343,-0.14213,0.91257,0.99933,0.0,0.0,nan,0.0,0.0146
-16.34509,21.10112,8.08595,-0.37285,-0.12419,0.91954,0.99704,0.0,0.0,nan,0.0,0.00902
-16.50325,22.94542,-4.4052,-0.73708,0.09447,-0.66917,0.98473,0.0,0.0,nan,0.0,0.00368
-17.1292,22.96553,-2.97332,-0.7485,0.13259,-0.64975,0.99019,0.0,0.0,nan,0.0,0.00366
-17.8147,23.71325,-1.90181,-0.60698,0.17555,-0.77509,0.94719,0.0,0.0,nan,0.0,0.00688
-17.73224,22.89093,7.81402,-0.33939,-0.11632,0.93343,0.99595,0.0,0.0,nan,0.0,0.00658
-16.84175,22.9486,8.6424,-0.36432,-0.13199,0.92187,0.99367,0.0,0.0,nan,0.0,0.0069
-16.26524,24.89783,-4.26868,-0.73457,0.08819,-0.67278,0.98582,0.0,0.0,nan,0.0,0.00353
-17.13836,24.95153,-2.90059,-0.77257,0.12188,-0.62312,0.98473,0.0,0.0,nan,0.0,0.01393
-17.57532,25.22147,-1.65543,-0.59515,0.12141,-0.79439,0.90588,0.0,0.0,nan,0.0,0.00653
-17.45685,24.98832,7.65033,-0.39675,0.0739,0.91495,0.98056,0.0,0.0,nan,0.0,0.00849
-16.51887,25.05212,8.69363,-0.39778,0.05396,0.91589,0.99625,0.0,0.0,nan,0.0,0.00834
-16.15654,26.78767,-4.09651,-0.76839,0.06333,-0.63684,0.98642,0.0,0.0,nan,0.0,0.00274
-16.96268,27.00731,-3.20495,-0.79481,0.06603,-0.60325,0.98503,0.0,0.0,nan,0.0,0.00548
-17.33517,26.9966,-1.57161,-0.60132,0.06295,-0.79652,0.87658,0.0,0.0,nan,0.0,0.00522
-17.39075,27.05569,7.46264,-0.41651,-0.09267,0.90439,0.90846,0.0,0.0,nan,0.0,0.00654
-16.52006,26.83637,8.44625,-0.39196,-0.04586,0.91884,0.98662,0.0,0.0,nan,0.0,0.00578
-16.01208,29.42053,-4.0234,-0.8074,-0.00722,-0.58997,0.9887,0.0,0.0,nan,0.0,0.00434
-16.86921,29.01604,-3.14072,-0.78884,0.01627,-0.61438,0.97867,0.0,0.0,nan,0.0,0.00627
-17.1012,29.02277,-1.51417,-0.6092,0.0064,-0.79299,0.84858,0.0,0.0,nan,0.0,0.00603
-17.78181,28.07481,7.88583,-0.40525,-0.21598,0.88833,0.97917,0.0,0.0,nan,0.0,0.00426
-17.01771,28.80394,9.00462,-0.37686,-0.24602,0.893,0.98205,0.0,0.0,nan,0.0,0.00433
-16.01374,30.8551,-4.05631,-0.80917,-0.02803,-0.5869,0.99456,0.0,0.0,nan,0.0,0.00509
-16.93764,30.95904,-3.13176,-0.77755,-0.05792,-0.62614,0.97768,0.0,0.0,nan,0.0,0.0074
-17.11783,30.99426,-1.43566,-0.5872,-0.06939,-0.80646,0.83507,0.0,0.0,nan,0.0,0.0079
-17.01358,31.04701,9.24875,-0.36467,-0.048,0.9299,0.98493,0.0,0.0,nan,0.0,0.00946
-16.01181,33.00724,-4.00385,-0.76037,-0.04065,-0.64822,0.99734,0.0,0.0,nan,0.0,0.00386
-17.04679,33.01001,-3.1684,-0.74661,-0.09679,-0.65819,0.98413,0.0,0.0,nan,0.0,0.00506
-17.51213,32.81148,-1.58697,-0.57585,-0.10246,-0.81111,0.91651,0.0,0.0,nan,0.0,0.00664
-17.03913,33.04116,9.49032,-0.37617,0.02613,0.92618,0.98066,0.0,0.0,nan,0.0,0.0086
-16.05976,34.56629,-4.02868,-0.68812,-0.06517,-0.72267,0.99317,0.0,0.0,nan,0.0,0.02074
-17.10077,35.00031,-3.04691,-0.69029,-0.18673,-0.69902,0.99079,0.0,0.0,nan,0.0,0.00564
-17.89056,34.67146,-1.8158,-0.59122,-0.184,-0.78524,0.96159,0.0,0.0,nan,0.0,0.00673
-17.19841,35.10052,9.21065,-0.41463,0.03544,0.9093,0.9885,0.0,0.0,nan,0.0,0.01072
-16.91664,37.37507,-4.47217,-0.4945,-0.37814,-0.78261,0.99109,0.0,0.0,nan,0.0,0.00588
-17.20109,36.50627,-3.6135,-0.60271,-0.31982,-0.73107,0.99506,0.0,0.0,nan,0.0,0.01345
-16.89702,36.9098,8.98431,-0.39588,-0.12801,0.90934,0.9884,0.0,0.0,nan,0.0,0.00671
-16.74275,39.95506,-6.03055,-0.32169,-0.5013,-0.80325,0.97728,0.0,0.0,nan,0.0,0.00528
-17.04316,38.88623,-5.27373,-0.38668,-0.45313,-0.80321,0.96636,0.0,0.0,nan,0.0,0.0081
-17.01106,39.02858,9.89728,-0.36348,-0.0941,0.92684,0.95593,0.0,0.0,nan,0.0,0.00911
-16.26369,38.47621,10.12101,-0.26559,-0.16012,0.9507,0.9608,0.0,0.0,nan,0.0,0.00721
-16.007,41.99436,-8.0049,-0.21001,-0.56804,-0.79575,0.90876,0.0,0.0,nan,0.0,0.00476
-16.91574,40.96272,-6.88394,-0.37172,-0.56754,-0.73465,0.94967,0.0,0.0,nan,0.0,0.01331
-17.75448,40.90281,-5.75833,-0.51714,-0.48576,-0.7047,0.98195,0.0,0.0,nan,0.0,0.0089
-17.31679,41.15299,9.63887,-0.36746,0.10093,0.92455,0.9886,0.0,0.0,nan,0.0,0.00665
-16.53204,41.12098,10.07483,-0.32421,0.11886,0.93849,0.9883,0.0,0.0,nan,0.0,0.00779
-16.64253,43.01089,-8.48688,-0.36258,-0.4493,-0.8165,0.89992,0.0,0.0,nan,0.0,0.00618
-17.45414,42.81025,-7.30726,-0.50686,-0.48463,-0.7129,0.99605,0.0,0.0,nan,0.0,0.00904
-17.93139,42.15814,-5.86756,-0.53861,-0.50125,-0.67724,0.98106,0.0,0.0,nan,0.0,0.01338
-16.94974,43.06878,9.10777,-0.36733,-0.00852,0.93005,0.99694,0.0,0.0,nan,0.0,0.00932
-17.03702,45.04288,-8.71114,-0.37223,-0.23657,-0.89749,0.98394,0.0,0.0,nan,0.0,0.01502
-17.4317,44.2199,-7.85892,-0.45873,-0.39981,-0.79355,0.99853,0.00122,0.00609,0.6,1.0,0.00932
-17.16559,44.98199,9.6426,-0.36882,0.0236,0.9292,0.98632,0.0,0.0,nan,0.0,0.00706
-16.07368,44.31728,10.03568,-0.32721,-0.02326,0.94466,0.98483,0.0,0.0,nan,0.0,0.00851
-17.11468,47.05347,-9.09809,-0.29826,0.08949,-0.95028,0.9745,0.0,0.0,nan,0.0,0.00938
-16.98798,47.03558,9.11746,-0.36936,0.03924,0.92846,0.99565,0.0,0.0,nan,0.0,0.00714
-16.02371,47.19273,10.00004,-0.32944,0.04384,0.94316,0.99248,0.0,0.0,nan,0.0,0.00728
-16.87542,48.88308,-8.64733,-0.30139,0.04042,-0.95264,0.99972,0.0,0.0,nan,0.0,0.00594
-17.3954,49.35193,-7.72939,-0.29967,-0.00555,-0.95403,0.94143,0.0,0.0,nan,0.0,0.00581
-17.02465,48.89927,9.35264,-0.34058,-0.00915,0.94017,0.99387,0.0,0.0,nan,0.0,0.01033
-17.05309,50.91933,-9.00234,-0.3144,0.01867,-0.94911,0.99406,0.0,0.0,nan,0.0,0.00682
-17.68299,50.39935,-7.87685,-0.3022,0.00717,-0.95322,0.99188,0.0,0.0,nan,0.0,0.01061
-16.94804,50.73342,8.9849,-0.3225,-0.01275,0.94648,0.99516,0.0,0.0,nan,0.0,0.00211
-16.95396,53.0583,-8.42748,-0.36899,-0.03426,-0.9288,0.99585,0.0,0.0,nan,0.0,0.00368
-17.64959,53.12865,-7.73528,-0.33604,0.00026,-0.94185,0.95484,0.0,0.0,nan,0.0,0.00486
-17.00728,52.92736,9.51878,-0.32064,-0.08583,0.94331,0.99327,0.0,0.0,nan,0.0,0.00226
-16.62494,55.14974,-8.5735,-0.37551,-0.10389,-0.92098,0.99873,0.0,0.0,nan,0.0,0.0081
-16.98153,54.96099,9.4573,-0.32115,0.00497,0.94702,0.9885,0.0,0.0,nan,0.0,0.00863
-17.06759,57.02173,-8.96884,-0.32279,-0.01912,-0.94628,0.99893,0.0,0.0,nan,0.0,0.00363
-16.94299,57.0169,9.46159,-0.29419,0.12115,0.94804,0.99794,0.0,0.0,nan,0.0,0.00452
-17.05246,58.95385,-9.05047,-0.28166,-0.04478,-0.95847,0.99992,0.0,0.0,nan,0.0,0.00566
-17.09778,59.09377,9.34417,-0.29952,0.19114,0.93475,0.98354,0.0,0.0,nan,0.0,0.00907
-16.94327,60.9479,-9.00623,-0.26752,0.05741,-0.96184,0.99138,0.0,0.0,nan,0.0,0.01225
-17.95915,61.14276,7.9575,-0.41853,0.09299,0.90343,0.99863,0.0,0.0,nan,0.0,0.01271
-17.0455,60.90409,8.67472,-0.30952,0.11707,0.94366,0.99734,0.0,0.0,nan,0.0,0.0078
-16.94818,63.02334,-8.74882,-0.2672,0.04849,-0.96242,0.99436,0.0,0.0,nan,0.0,0.00879
-17.28277,63.34649,7.78754,-0.3897,0.21312,0.89594,0.98969,0.0,0.0,nan,0.0,0.01758
-16.84245,62.89075,8.47935,-0.30827,0.15835,0.93803,0.99873,0.0,0.0,nan,0.0,0.00957
-17.02006,65.00489,-9.049,-0.28885,0.05789,-0.95562,0.96527,0.0,0.0,nan,0.0,0.01275
-17.22091,65.03225,7.55966,-0.40827,0.11092,0.9061,0.97818,0.0,0.0,nan,0.0,0.00719
-16.55523,64.34138,8.1728,-0.33816,0.1992,0.91976,0.99327,0.0,0.0,nan,0.0,0.01451
-16.76578,66.83417,-8.50478,-0.27089,0.11424,-0.95581,0.99496,0.0,0.0,nan,0.0,0.01076
-17.30605,67.39676,-7.66498,-0.33277,0.07762,-0.93981,0.9457,0.0,0.0,nan,0.0,0.01194
-17.62268,66.92699,7.93825,-0.4128,0.11669,0.90332,0.97043,0.0,0.0,nan,0.0,0.01248
-16.66025,67.08294,8.2557,-0.31762,0.11055,0.94175,0.9748,0.0,0.0,nan,0.0,0.01561
-16.95495,69.0219,-8.52793,-0.29867,-0.09206,-0.94991,0.99337,0.0,0.0,nan,0.0,0.00927
-17.33904,68.30058,-7.87968,-0.32023,-0.02509,-0.94701,0.96209,0.0,0.0,nan,0.0,0.00719
-17.08526,69.10004,7.06238,-0.38357,0.34385,0.85711,0.99079,0.0,0.0,nan,0.0,0.02172
-16.35475,68.42513,8.13023,-0.27167,0.32776,0.90486,0.95901,0.0,0.0,nan,0.0,0.01171
-17.10538,70.96452,-8.8229,-0.28453,0.0633,-0.95658,0.98403,0.0,0.0,nan,0.0,0.01186
-16.96778,70.87891,6.58958,-0.33519,0.25202,0.90782,0.99456,0.0,0.0,nan,0.0,0.01342
-16.89525,72.92727,-8.38735,-0.29401,0.06831,-0.95336,0.97927,0.0,0.0,nan,0.0,0.01277
-17.74931,73.00853,-7.95349,-0.40632,0.08714,-0.90957,0.99575,0.0,0.0,nan,0.0,0.00886
-17.82401,73.75523,3.64246,-0.38328,0.34721,0.85589,0.76764,0.0,0.0,nan,0.0,0.00422
-17.37429,73.48812,5.39553,-0.42284,0.47969,0.76883,0.99387,0.0,0.0,nan,0.0,0.00872
-16.92768,72.72401,6.53422,-0.33771,0.38674,0.85813,0.92912,0.0,0.0,nan,0.0,0.01888
-17.05105,74.97919,-8.64775,-0.31733,-0.0392,-0.9475,0.96328,0.0,0.0,nan,0.0,0.01491
-17.9704,74.26617,-7.97928,-0.43612,-0.04931,-0.89854,0.99009,0.0,0.0,nan,0.0,0.00648
-17.72823,74.35858,3.72046,-0.36033,0.25166,0.89823,0.86089,0.0,0.0,nan,0.0,0.00503
-16.86284,74.8216,4.69408,-0.40193,0.32934,0.85439,0.98691,0.0,0.0,nan,0.0,0.00768
-16.99801,77.01343,-8.42524,-0.22799,0.33084,-0.91573,0.93031,0.0,0.0,nan,0.0,0.01149
-17.27516,77.88636,-7.89381,-0.19547,0.57001,-0.79805,0.92703,0.0,0.0,nan,0.0,0.00761
-17.40691,77.85885,3.48039,-0.27663,0.70157,0.65672,0.95345,0.0,0.0,nan,0.0,0.01049
-16.95905,76.81125,4.42693,-0.2873,0.42291,0.85942,0.96,0.0,0.0,nan,0.0,0.01239
-17.01133,78.53978,-7.04647,-0.13318,0.78591,-0.60382,0.9604,0.0,0.0,nan,0.0,0.01841
-16.99706,79.39402,-5.00047,-0.10015,0.93228,-0.3476,0.99963,0.0,0.0,nan,0.0,0.01005
-16.89437,79.90286,-3.66053,-0.10863,0.95437,-0.27818,0.99794,0.0,0.0,nan,0.0,0.00672
-17.96741,79.96582,-0.03851,-0.18892,0.90208,0.38801,0.96695,0.0,0.0,nan,0.0,0.00361
-17.02901,79.17883,0.87735,-0.25469,0.84298,0.47383,0.99923,0.0,0.0,nan,0.0,0.01111
-16.87289,78.5349,2.71288,-0.26411,0.79982,0.53901,0.99824,0.0,0.0,nan,0.0,0.00722
-16.89363,80.20056,-2.69055,-0.11642,0.97711,-0.17807,0.99267,0.0,0.0,nan,0.0,0.0071
-17.0347,80.39035,-0.93385,-0.17976,0.96256,0.20288,0.95236,0.0,0.0,nan,0.0,0.00651
-16.65265,80.14761,0.32011,-0.2191,0.90104,0.37432,0.96963,0.0,0.0,nan,0.0,0.0037
-14.89673,1.77718,-6.48336,-0.20348,-0.86742,-0.45407,0.96864,0.0,0.0,nan,0.0,0.00527
-15.00202,1.37865,-5.03844,-0.14319,-0.9499,-0.27784,0.99099,0.0,0.0,nan,0.0,0.00404
-15.04504,1.07634,-3.01434,-0.09728,-0.98622,-0.13379,0.99655,0.0,0.0,nan,0.0,0.01591
-14.99546,0.87804,-0.93842,-0.08728,-0.98882,0.12092,0.99029,0.0,0.0,nan,0.0,0.01455
-14.96881,1.41524,0.96623,-0.10646,-0.83986,0.53227,0.96576,0.0,0.0,nan,0.0,0.00427
-14.92251,3.275,-8.66189,-0.37026,-0.57613,-0.72869,0.93984,0.0,0.0,nan,0.0,0.01071
-15.13757,2.43131,-7.50058,-0.3157,-0.73242,-0.60324,0.94262,0.0,0.0,nan,0.0,0.00904
-15.44469,2.12221,1.86543,-0.14112,-0.70137,0.69869,0.97351,0.0,0.0,nan,0.0,0.00443
-14.99226,3.22778,2.48503,-0.16386,-0.6471,0.74459,1.00012,0.0,0.0,nan,0.0,0.00832
-14.50624,5.83286,-10.14549,-0.33195,-0.32662,-0.88495,0.97222,0.0,0.0,nan,0.0,0.00496
-15.18176,4.99747,-9.24211,-0.47294,-0.43967,-0.76355,0.98969,0.0,0.0,nan,0.0,0.0097
-15.96184,4.06507,-7.98577,-0.58414,-0.44524,-0.67863,0.99089,0.0,0.0,nan,0.0,0.01609
-15.14924,4.09688,3.67526,-0.17836,-0.63327,0.75309,0.99625,0.0,0.0,nan,0.0,0.00568
-14.95054,5.27735,4.66874,-0.16174,-0.58978,0.7912,0.97698,0.0,0.0,nan,0.0,0.01041
-15.01563,6.97296,-10.3906,-0.38888,-0.09934,-0.91591,0.90628,0.0,0.0,nan,0.0,0.01243
-15.72664,6.00425,-9.41889,-0.57781,-0.30288,-0.75789,0.96715,0.0,0.0,nan,0.0,0.01128
-15.00921,6.75627,5.71083,-0.11703,-0.41793,0.90091,0.97391,0.0,0.0,nan,0.0,0.00602
-15.00292,7.65801,6.16434,-0.1083,-0.32596,0.93916,0.95335,0.0,0.0,nan,0.0,0.0078
-14.85076,8.59435,-10.33044,-0.3787,0.2161,-0.89994,0.89039,0.0,0.0,nan,0.0,0.00888
-15.23259,9.45627,-9.63039,-0.55798,0.41231,-0.72017,0.92078,0.0,0.0,nan,0.0,0.00874
-15.90848,9.92749,-7.79693,-0.7518,0.53328,-0.38784,0.99297,0.0,0.0,nan,0.0,0.00854
-14.55712,8.86906,5.85335,-0.11908,-0.2406,0.96329,0.99982,0.0,0.0,nan,0.0,0.01379
-15.14421,9.001,6.14898,-0.16307,-0.23257,0.95881,0.99248,0.0,0.0,nan,0.0,0.01045
-14.29846,10.95728,-10.27095,-0.42992,0.40374,-0.80757,0.82355,0.0,0.0,nan,0.0,0.0089
-14.96154,11.01883,-8.93869,-0.63836,0.5162,-0.571,0.93686,0.0,0.0,nan,0.0,0.00582
-15.19577,11.11813,-7.12178,-0.75161,0.43618,-0.49481,0.96397,0.0,0.0,nan,0.0,0.01096
-15.78151,11.57811,-5.81413,-0.67649,0.22669,-0.7007,0.93706,0.0,0.0,nan,0.0,0.01626
-15.42301,10.76962,5.9975,-0.21616,-0.26361,0.9401,0.9887,0.0,0.0,nan,0.0,0.01004
-14.95844,11.14456,6.52382,-0.18103,-0.31107,0.93298,0.99506,0.0,0.0,nan,0.0,0.00601
-15.00944,12.93073,-6.94651,-0.70344,0.17816,-0.68807,0.98592,0.0,0.0,nan,0.0,0.01668
-15.89162,12.56565,-5.92793,-0.66103,0.11876,-0.74091,0.99595,0.0,0.0,nan,0.0,0.00767
-14.93801,12.97435,7.20929,-0.21526,-0.31286,0.92509,0.99625,0.0,0.0,nan,0.0,0.01704
-14.96072,14.99513,-6.80665,-0.63162,0.09989,-0.76882,1.00012,0.0,0.0,nan,0.0,0.01446
-15.87828,15.40114,-5.87844,-0.65448,0.11691,-0.74699,1.00102,0.0,0.0,nan,0.0,0.01212
-15.09988,14.79973,7.6741,-0.22374,-0.25787,0.93992,0.99943,0.0,0.0,nan,0.0,0.01144
-14.72899,15.56921,8.26423,-0.14871,-0.26256,0.95339,0.99188,0.0,0.0,nan,0.0,0.01009
-14.8238,16.94844,-6.41853,-0.64998,0.12651,-0.74934,1.00092,0.0,0.0,nan,0.0,0.00622
-15.80276,17.2269,-5.7374,-0.65854,0.14387,-0.73866,1.00082,0.0,0.0,nan,0.0,0.00586
-15.04197,16.93408,8.55435,-0.18788,-0.17512,0.96646,0.98245,0.0,0.0,nan,0.0,0.01821
-14.60025,18.93374,-6.56781,-0.67925,0.09132,-0.7282,1.00112,0.0,0.0,nan,0.0,0.00403
-15.15198,19.12592,-5.36989,-0.69958,0.11394,-0.70541,0.99843,0.0,0.0,nan,0.0,0.00727
-15.93644,19.48464,7.95791,-0.38385,-0.02202,0.92313,0.99704,0.0,0.0,nan,0.0,0.01155
-15.0335,19.12046,8.59425,-0.26211,-0.04754,0.96387,0.99774,0.0,0.0,nan,0.0,0.00616
-14.42254,20.87236,-6.44092,-0.67481,0.13117,-0.72624,1.00072,0.0,0.0,nan,0.0,0.00421
-15.32792,21.05992,-5.46689,-0.69364,0.09645,-0.71383,1.00042,0.0,0.0,nan,0.0,0.01181
-15.11157,21.12583,9.05634,-0.24957,-0.12172,0.96068,0.98106,0.0,0.0,nan,0.0,0.00641
-14.18086,22.48153,-6.18469,-0.64818,0.16661,-0.74304,1.00082,0.0,0.0,nan,0.0,0.01215
-14.98305,23.03341,-5.3642,-0.60554,0.14254,-0.78294,1.00042,0.0,0.0,nan,0.0,0.01073
-15.0186,22.88079,9.12791,-0.23739,-0.13862,0.96147,0.98662,0.0,0.0,nan,0.0,0.01219
-14.92876,25.0339,-4.9859,-0.59098,0.08928,-0.80173,1.00072,0.0,0.0,nan,0.0,0.01156
-14.77562,24.9748,9.51467,-0.22403,0.0147,0.97447,0.96199,0.0,0.0,nan,0.0,0.00814
-14.99687,27.01555,-4.94524,-0.60936,0.03072,-0.7923,1.00072,0.0,0.0,nan,0.0,0.01487
-15.07258,27.12499,9.21241,-0.30093,-0.04597,0.95254,0.98999,0.0,0.0,nan,0.0,0.00655
-15.12934,29.01606,-4.97127,-0.64285,-0.03167,-0.76534,1.00042,0.0,0.0,nan,0.0,0.01868
-15.00682,28.76793,9.70027,-0.23504,-0.2287,0.9447,0.96725,0.0,0.0,nan,0.0,0.00461
-14.18176,29.55313,10.05087,-0.20059,-0.25368,0.94626,0.96566,0.0,0.0,nan,0.0,0.00498
-14.09582,31.81065,-6.053,-0.59876,0.02744,-0.80046,0.99814,0.0,0.0,nan,0.0,0.00717
-15.11336,31.04255,-5.05813,-0.66534,-0.03101,-0.7459,0.99913,0.0,0.0,nan,0.0,0.01938
-15.40566,30.93616,9.7917,-0.26584,-0.03484,0.96339,0.97251,0.0,0.0,nan,0.0,0.0032
-14.39778,31.19474,10.09567,-0.24441,-0.01363,0.96958,0.97391,0.0,0.0,nan,0.0,0.00332
-14.17413,32.41593,-6.15331,-0.58001,0.05352,-0.81285,0.99248,0.0,0.0,nan,0.0,0.00878
-15.05423,33.02715,-5.02435,-0.64005,0.02392,-0.76796,1.00052,0.0,0.0,nan,0.0,0.0098
-15.07869,33.013,9.48,-0.21918,0.00157,0.97568,0.98066,0.0,0.0,nan,0.0,0.00619
-14.37283,32.83751,10.05218,-0.21406,0.01525,0.9767,0.98205,0.0,0.0,nan,0.0,0.0073
-15.17809,34.97963,-5.06169,-0.60781,-0.00608,-0.79406,0.99943,0.0,0.0,nan,0.0,0.02186
-15.19597,35.07628,9.80852,-0.23265,0.07221,0.96988,0.99118,0.0,0.0,nan,0.0,0.01039
-14.391,34.70112,10.11706,-0.18603,0.08296,0.97904,0.99506,0.0,0.0,nan,0.0,0.01806
-15.11429,37.03535,-5.05479,-0.479,-0.17913,-0.85935,0.99069,0.0,0.0,nan,0.0,0.00457
-14.97452,37.02814,9.5802,-0.23232,-0.09998,0.96749,0.99575,0.0,0.0,nan,0.0,0.00538
-15.19375,37.96467,10.00479,-0.21819,-0.16031,0.96265,0.99347,0.0,0.0,nan,0.0,0.00554
-14.12917,39.35123,-6.15022,-0.33501,-0.34678,-0.87608,0.98632,0.0,0.0,nan,0.0,0.00442
-15.34937,38.97469,-5.4958,-0.27828,-0.40139,-0.87261,0.98582,0.0,0.0,nan,0.0,0.0117
-15.42341,39.52952,9.86571,-0.22509,-0.06314,0.97229,0.99456,0.0,0.0,nan,0.0,0.00988
-14.92311,38.89197,10.39391,-0.20405,-0.1441,0.9683,0.98721,0.0,0.0,nan,0.0,0.00854
-15.16565,41.92713,-8.06215,-0.04047,-0.57232,-0.81903,0.94421,0.0,0.0,nan,0.0,0.01102
-15.02393,41.25072,-6.88871,-0.10204,-0.59069,-0.80042,0.9887,0.0,0.0,nan,0.0,0.00953
-14.91178,40.24305,-5.81449,-0.19104,-0.49981,-0.8448,0.95176,0.0,0.0,nan,0.0,0.01002
-15.76132,40.8074,9.80675,-0.27986,0.12845,0.95141,0.99953,0.0,0.0,nan,0.0,0.01129
-14.82182,40.92707,10.21449,-0.19623,0.12299,0.97281,0.99724,0.0,0.0,nan,0.0,0.01301
-15.14097,43.09241,-9.02618,-0.01239,-0.47138,-0.88184,0.90945,0.0,0.0,nan,0.0,0.00834
-14.10041,42.48763,-7.75483,0.01268,-0.52909,-0.84847,0.99357,0.0,0.0,nan,0.0,0.00993
-15.08856,43.04275,9.40047,-0.23577,-0.00489,0.9718,0.97688,0.0,0.0,nan,0.0,0.0086
-14.43512,43.4384,10.01603,-0.21967,-0.03839,0.97482,0.99943,0.0,0.0,nan,0.0,0.00926
-15.07878,44.87518,-9.65626,-0.14004,-0.2531,-0.95725,0.91581,0.00028,0.0014,0.6,1.0,0.00679
-15.36078,45.33007,9.53348,-0.33229,0.00936,0.94313,1.00052,0.0,0.0,nan,0.0,0.00917
-14.78244,44.84487,10.3144,-0.24079,-0.05837,0.96882,0.9896,0.0,0.0,nan,0.0,0.0113
-15.01548,47.15081,-9.47016,-0.17462,0.05938,-0.98284,0.989,0.0,0.0,nan,0.0,0.01077
-15.44037,47.20781,9.65761,-0.31634,0.05235,0.9472,0.99675,0.0,0.0,nan,0.0,0.00734
-14.61342,46.89043,10.29147,-0.23219,0.10465,0.96702,0.98721,0.0,0.0,nan,0.0,0.01362
-14.93566,48.83281,-9.2567,-0.23346,0.03268,-0.97182,0.99714,0.0,0.0,nan,0.0,0.00785
-15.05558,48.81128,9.38386,-0.25298,0.03638,0.96679,0.99327,0.0,0.0,nan,0.0,0.01589
-14.65574,49.60581,10.24514,-0.22914,0.01396,0.97329,0.99238,0.0,0.0,nan,0.0,0.00928
-14.99619,50.97808,-9.30494,-0.24205,-0.01429,-0.97016,0.98999,0.0,0.0,nan,0.0,0.01527
-15.08227,50.87709,9.48792,-0.25437,-0.04624,0.966,0.99585,0.0,0.0,nan,0.0,0.00447
-14.61396,50.45817,10.12869,-0.24339,-0.03283,0.96937,0.99387,0.0,0.0,nan,0.0,0.00993
-15.0348,53.03645,-9.20013,-0.22651,-0.05394,-0.97251,0.9895,0.0,0.0,nan,0.0,0.00913
-15.62158,52.78427,9.96053,-0.25978,-0.07157,0.96301,0.98254,0.0,0.0,nan,0.0,0.00229
-14.65353,52.9123,10.19073,-0.22238,-0.06988,0.97245,0.98125,0.0,0.0,nan,0.0,0.00256
-14.48568,54.83555,-10.00363,-0.15322,-0.10031,-0.98309,0.93369,0.0,0.0,nan,0.0,0.014
-15.12134,54.97778,-9.92,-0.24447,-0.09266,-0.96522,0.94461,0.0,0.0,nan,0.0,0.01118
-15.48978,54.90656,9.86942,-0.24938,0.01573,0.96828,0.98463,0.0,0.0,nan,0.0,0.00382
-14.69523,55.05614,10.09217,-0.21011,0.03283,0.97713,0.98523,0.0,0.0,nan,0.0,0.00778
-14.01602,56.00418,-10.00594,-0.09843,0.06749,-0.99285,0.97649,0.0,0.0,nan,0.0,0.00862
-14.95986,57.01987,-9.39072,-0.18014,0.08957,-0.97955,0.99675,0.0,0.0,nan,0.0,0.00628
-15.27484,57.46894,9.80004,-0.19604,0.12991,0.97195,0.99665,0.0,0.0,nan,0.0,0.00497
-14.65892,56.81608,10.18652,-0.20464,0.12083,0.97135,0.98036,0.0,0.0,nan,0.0,0.00382
-15.02431,58.94587,-9.72769,-0.15522,-0.05594,-0.9863,0.99277,0.0,0.0,nan,0.0,0.00548
-15.08399,58.9272,9.37915,-0.16489,0.20977,0.96375,1.00042,0.0,0.0,nan,0.0,0.00943
-14.26801,58.80003,10.12604,-0.15902,0.21778,0.96296,0.98791,0.0,0.0,nan,0.0,0.00637
-15.04947,61.04417,-9.70289,-0.16568,0.08416,-0.98258,0.9889,0.0,0.0,nan,0.0,0.0102
-15.08191,60.8406,8.84912,-0.16835,0.08757,0.98183,0.99069,0.0,0.0,nan,0.0,0.01146
-15.10413,63.05916,-8.89901,-0.18723,0.03165,-0.98181,0.99079,0.0,0.0,nan,0.0,0.00804
-15.14823,63.06341,9.55584,-0.25319,0.12784,0.95893,0.93776,0.0,0.0,nan,0.0,0.00771
-15.00181,64.87088,-9.18316,-0.16985,0.02858,-0.98506,0.99794,0.0,0.0,nan,0.0,0.01151
-15.97517,64.74842,7.94463,-0.29034,0.18699,0.93848,0.974,0.0,0.0,nan,0.0,0.01492
-14.99897,64.98776,8.68479,-0.17401,0.20027,0.96416,0.99516,0.0,0.0,nan,0.0,0.01213
-14.97136,67.0443,-8.91307,-0.17894,0.07996,-0.98061,0.99218,0.0,0.0,nan,0.0,0.00705
-14.96422,67.21384,8.73272,-0.14081,0.11761,0.98303,0.96278,0.0,0.0,nan,0.0,0.00966
-14.95517,69.0111,-9.22808,-0.17767,-0.08612,-0.98031,0.98552,0.0,0.0,nan,0.0,0.01469
-14.77583,69.60159,7.96205,-0.13605,0.38714,0.91193,0.99645,0.0,0.0,nan,0.0,0.00658
-15.17517,68.76676,8.28848,-0.14677,0.39227,0.90806,0.96705,0.0,0.0,nan,0.0,0.00769
-15.00827,70.99735,-9.228,-0.1388,0.15085,-0.97876,0.98453,0.0,0.0,nan,0.0,0.01355
-14.96187,70.88236,7.03181,-0.1196,0.29642,0.94754,0.99784,0.0,0.0,nan,0.0,0.00654
-14.93617,72.93018,-8.62944,-0.12304,0.07135,-0.98983,0.99188,0.0,0.0,nan,0.0,0.00597
-14.05819,72.93177,-7.91663,-0.16051,0.07115,-0.98447,0.85126,0.0,0.0,nan,0.0,0.00309
-14.29663,73.77362,5.97108,-0.07366,0.45986,0.88493,0.99476,0.0,0.0,nan,0.0,0.00801
-14.9197,73.08527,6.72983,-0.09033,0.40141,0.91143,0.97242,0.0,0.0,nan,0.0,0.00926
-14.96638,75.00188,-8.81255,-0.13536,-0.07332,-0.98808,0.99883,0.0,0.0,nan,0.0,0.00937
-15.00119,74.81084,5.37982,-0.13696,0.38684,0.91192,0.99605,0.0,0.0,nan,0.0,0.0147
-15.04703,74.23501,6.15899,-0.09587,0.45383,0.88591,0.98453,0.0,0.0,nan,0.0,0.00911
-15.00902,77.08759,-8.77544,-0.14888,0.35834,-0.92165,0.94133,0.0,0.0,nan,0.0,0.00734
-14.11905,77.82521,3.94261,-0.06252,0.70368,0.70777,0.98741,0.0,0.0,nan,0.0,0.00575
-14.94455,77.019,4.73175,-0.11047,0.51904,0.84758,0.98582,0.0,0.0,nan,0.0,0.0071
-14.63769,78.09449,-8.1178,-0.12713,0.64199,-0.7561,0.95186,0.0,0.0,nan,0.0,0.00614
-14.9815,78.67061,-7.02733,-0.11437,0.82495,-0.55352,0.99337,0.0,0.0,nan,0.0,0.01607
-15.04569,79.63316,-5.14154,-0.1134,0.93002,-0.34958,0.99863,0.0,0.0,nan,0.0,0.00825
-15.84907,79.9736,-3.74709,-0.10145,0.95531,-0.27766,0.99645,0.0,0.0,nan,0.0,0.00725
-15.17303,79.5383,1.60862,-0.13769,0.86399,0.48431,0.99218,0.0,0.0,nan,0.0,0.00815
-14.98179,78.69387,3.06204,-0.08485,0.79143,0.60534,0.99267,0.0,0.0,nan,0.0,0.00633
-15.02833,78.10938,4.06179,-0.09851,0.70546,0.70187,0.96457,0.0,0.0,nan,0.0,0.00663
-14.42137,80.04009,-4.14522,-0.09276,0.95698,-0.27494,0.99089,0.03598,0.17992,0.6,1.0,0.00765
-15.03973,80.24864,-2.88799,-0.07636,0.97787,-0.19477,0.98602,0.0,0.0,nan,0.0,0.00708
-15.01377,80.57323,-0.9886,-0.08353,0.99255,0.08872,0.97053,0.0,0.0,nan,0.0,0.01473
-14.94202,80.23929,0.67527,-0.12626,0.91552,0.38194,0.97142,0.0,0.0,nan,0.0,0.00619
-13.03782,1.73491,-6.57646,-0.0763,-0.90264,-0.42358,0.99665,0.0,0.0,nan,0.0,0.00777
-13.03158,1.15964,-5.05628,-0.08534,-0.95892,-0.27055,0.99317,0.0,0.0,nan,0.0,0.00972
-13.04379,0.83405,-2.94834,-0.09516,-0.98988,-0.10526,0.99526,0.00094,0.00471,0.7,1.0,0.01168
-13.01224,0.76582,-1.00432,-0.08921,-0.99068,0.10296,0.99416,0.00512,0.02562,0.51,1.0,0.00908
-13.02297,1.2265,1.14234,-0.10813,-0.83994,0.5318,0.95345,0.0,0.0,nan,0.0,0.00472
-12.38611,1.81965,2.14239,-0.13155,-0.73646,0.66357,0.98086,0.0,0.0,nan,0.0,0.00253
-13.00379,3.20804,-8.88386,-0.14038,-0.69144,-0.70866,0.98453,0.0,0.0,nan,0.0,0.00937
-13.05071,2.26724,-7.56745,-0.08729,-0.8371,-0.54005,0.99675,0.0,0.0,nan,0.0,0.00715
-13.08334,2.13303,1.95129,-0.1223,-0.72734,0.67529,0.99307,0.0,0.0,nan,0.0,0.00248
-13.22655,2.84648,3.07004,-0.1333,-0.66064,0.73877,0.99714,0.0,0.0,nan,0.0,0.00566
-12.17291,3.84808,4.0517,-0.17466,-0.65871,0.73185,0.99853,0.0,0.0,nan,0.0,0.00713
-12.92167,5.41361,-10.28437,-0.16228,-0.35652,-0.92009,0.98811,0.0,0.0,nan,0.0,0.00657
-13.05467,4.46612,-9.79189,-0.1876,-0.49963,-0.84568,0.9884,0.0,0.0,nan,0.0,0.00573
-13.30282,4.35389,3.72854,-0.14536,-0.65642,0.74026,1.00022,0.0,0.0,nan,0.0,0.00483
-12.93505,5.11934,4.80273,-0.16024,-0.55428,0.81676,0.9889,0.0,0.0,nan,0.0,0.00524
-12.0465,5.99318,6.0168,-0.2134,-0.45438,0.86487,0.96834,0.0,0.0,nan,0.0,0.00667
-12.9805,6.94666,-10.65826,-0.13884,-0.06435,-0.98822,0.96497,0.0,0.0,nan,0.0,0.01105
-13.01899,6.896,5.29565,-0.15244,-0.40983,0.89933,0.99496,0.0,0.0,nan,0.0,0.00833
-12.73855,7.8931,6.03552,-0.18473,-0.29346,0.93795,0.99615,0.0,0.0,nan,0.0,0.01346
-13.03461,8.68508,-10.43589,-0.13067,0.15971,-0.97848,0.99853,0.0,0.0,nan,0.0,0.00425
-13.00775,9.63985,-9.68559,-0.24952,0.26302,-0.93196,0.98106,0.0,0.0,nan,0.0,0.01407
-12.20096,8.00739,5.82556,-0.22156,-0.2798,0.93414,0.9886,0.0,0.0,nan,0.0,0.01796
-12.98663,8.9558,6.30866,-0.12354,-0.22906,0.96554,0.99883,0.0,0.0,nan,0.0,0.02043
-12.91889,10.96298,-10.25917,-0.31778,0.26228,-0.91117,0.93637,0.0,0.0,nan,0.0,0.01177
-12.96392,11.58495,-9.98135,-0.40498,0.30251,-0.86283,0.9454,0.0,0.0,nan,0.0,0.01059
-13.98444,11.9907,-7.98056,-0.69373,0.4002,-0.59881,0.97758,0.0,0.0,nan,0.0,0.00444
-13.9972,10.22184,5.96167,-0.1157,-0.2693,0.95608,0.97103,0.0,0.0,nan,0.0,0.01105
-13.1013,11.18673,6.67953,-0.14926,-0.34835,0.9254,0.99188,0.0,0.0,nan,0.0,0.01141
-12.11742,12.08473,-10.1926,-0.29411,0.2438,-0.92415,0.93388,0.0,0.0,nan,0.0,0.00971
-12.88532,12.82011,-8.83254,-0.57764,0.35727,-0.73395,0.98582,0.0,0.0,nan,0.0,0.00425
-13.83572,13.17697,-7.94309,-0.69438,0.27623,-0.66447,0.97947,0.0,0.0,nan,0.0,0.00406
-13.08527,12.69404,7.87694,-0.17029,-0.34925,0.92142,0.99347,0.0,0.0,nan,0.0,0.0082
-12.4076,13.42778,8.13417,-0.17475,-0.25132,0.952,0.98016,0.0,0.0,nan,0.0,0.00792
-12.60653,14.97777,-8.6497,-0.57736,0.13458,-0.80532,0.99853,0.0,0.0,nan,0.0,0.00716
-13.54739,15.07752,-7.65994,-0.63652,0.12151,-0.76163,1.00042,0.0,0.0,nan,0.0,0.01319
-13.30361,14.73791,7.96094,-0.1259,-0.18051,0.97548,0.99913,0.0,0.0,nan,0.0,0.01018
-12.89719,15.17299,8.18841,-0.11753,-0.18287,0.97609,0.99794,0.0,0.0,nan,0.0,0.00954
-12.66715,16.96688,-8.60369,-0.6072,0.06427,-0.79194,0.99178,0.0,0.0,nan,0.0,0.01046
-13.44129,17.01413,-7.4566,-0.64611,0.06935,-0.76009,1.00032,0.0,0.0,nan,0.0,0.00808
-12.3561,16.34514,7.66113,-0.10503,-0.21095,0.97184,0.91144,0.0,0.0,nan,0.0,0.00482
-12.92268,16.93431,8.88106,-0.09693,-0.21737,0.97126,0.99933,0.0,0.0,nan,0.0,0.00453
-12.39614,18.96075,-8.47765,-0.54996,0.11472,-0.82728,0.99635,0.0,0.0,nan,0.0,0.00427
-13.35427,19.01153,-7.50899,-0.66683,0.09653,-0.73894,1.00062,0.0,0.0,nan,0.0,0.00657
-13.15293,18.94281,8.61456,-0.09152,-0.10219,0.99055,0.99764,0.0,0.0,nan,0.0,0.00732
-12.37148,20.63809,-8.16027,-0.52642,0.19004,-0.82872,0.99744,0.0,0.0,nan,0.0,0.00699
-13.2522,21.11389,-7.36446,-0.62871,0.16501,-0.75993,0.99814,0.0,0.0,nan,0.0,0.01033
-13.07226,20.94797,8.85662,-0.08307,-0.09821,0.99169,0.99704,0.0,0.0,nan,0.0,0.00657
-13.18489,22.99038,-7.11286,-0.60143,0.17695,-0.77908,0.99406,0.0,0.0,nan,0.0,0.00967
-13.91155,23.81505,-5.7626,-0.63182,0.13908,-0.76254,0.99714,0.0,0.0,nan,0.0,0.01242
-13.01064,22.87483,9.48231,-0.11479,-0.17602,0.97767,0.99913,0.0,0.0,nan,0.0,0.00676
-12.78659,24.9812,-6.79525,-0.6216,0.08792,-0.77838,1.00082,0.0,0.0,nan,0.0,0.00826
-13.85177,24.9101,-5.84528,-0.63554,0.10098,-0.76543,1.00002,0.0,0.0,nan,0.0,0.0163
-13.10394,24.85581,9.63548,-0.11566,-0.01194,0.99322,0.99446,0.0,0.0,nan,0.0,0.0083
-12.28353,25.36183,10.15654,-0.12862,0.04752,0.99055,0.97738,0.0,0.0,nan,0.0,0.00962
-12.69264,26.96859,-6.76924,-0.63397,0.02088,-0.77307,1.00002,0.0,0.0,nan,0.0,0.00724
-13.71171,26.9996,-5.79167,-0.63293,0.02134,-0.77392,1.00052,0.0,0.0,nan,0.0,0.01795
-12.99784,26.90434,9.22701,-0.11949,-0.03233,0.99231,0.97748,0.0,0.0,nan,0.0,0.00694
-12.17082,26.18931,10.04311,-0.1219,0.01247,0.99246,0.99684,0.0,0.0,nan,0.0,0.00961
-12.63109,29.03632,-6.74823,-0.64943,-0.0379,-0.75947,0.99923,0.0,0.0,nan,0.0,0.00755
-13.63413,28.85795,-5.84204,-0.63564,-0.04971,-0.77038,0.99992,0.0,0.0,nan,0.0,0.0084
-13.22611,28.27276,9.7469,-0.14586,-0.18811,0.97126,0.98453,0.0,0.0,nan,0.0,0.00388
-12.87769,29.18449,10.27954,-0.14838,-0.2766,0.94946,0.96874,0.0,0.0,nan,0.0,0.00301
-12.88818,31.00348,-6.74756,-0.60219,0.02523,-0.79795,1.00052,0.0,0.0,nan,0.0,0.00908
-13.84406,30.55087,-5.94331,-0.61974,-0.03775,-0.7839,1.00092,0.0,0.0,nan,0.0,0.00807
-13.04018,31.01985,10.38691,-0.19418,-0.051,0.97964,0.97619,0.0,0.0,nan,0.0,0.01075
-12.9364,32.90228,-6.43354,-0.54457,0.10615,-0.83197,1.00092,0.0,0.0,nan,0.0,0.0102
-13.85133,33.66733,-5.88707,-0.53926,0.06159,-0.83988,1.00092,0.0,0.0,nan,0.0,0.01177
-13.49917,33.75229,9.93718,-0.22713,0.0715,0.97124,0.9887,0.0,0.0,nan,0.0,0.01225
-12.99196,33.19954,10.34439,-0.23457,0.02727,0.97172,0.98245,0.0,0.0,nan,0.0,0.01073
-12.6825,34.97203,-6.36146,-0.50372,0.05035,-0.8624,0.99893,0.0,0.0,nan,0.0,0.01061
-13.53698,34.91763,-5.68084,-0.51467,0.03733,-0.85657,0.99883,0.0,0.0,nan,0.0,0.00812
-13.63829,34.3201,9.98332,-0.21809,0.09381,0.97141,0.99397,0.0,0.0,nan,0.0,0.01224
-12.97781,34.94807,10.35124,-0.22449,0.0836,0.97088,0.99595,0.00155,0.00775,0.6,1.0,0.02292
-12.6585,36.99356,-6.3816,-0.48189,-0.0672,-0.87365,0.99972,0.0,0.0,nan,0.0,0.0115
-13.65496,37.00102,-5.84496,-0.49768,-0.07887,-0.86377,0.99992,0.0,0.0,nan,0.0,0.00732
-13.24787,36.81205,9.60555,-0.20635,-0.08941,0.97438,0.96129,0.0,0.0,nan,0.0,0.01902
-12.74025,37.39164,10.08557,-0.21513,-0.13495,0.96722,0.9883,0.00056,0.00282,0.7,1.0,0.01847
-12.98898,39.02592,-6.58359,-0.43925,-0.20136,-0.87551,0.99923,0.0,0.0,nan,0.0,0.00991
-13.76658,38.16845,-5.98004,-0.46,-0.1669,-0.87209,0.99982,0.0,0.0,nan,0.0,0.00764
-13.00065,39.02321,10.74234,-0.18787,-0.1242,0.97431,0.98274,0.0,0.0,nan,0.0,0.0173
-12.97775,40.96431,-7.06861,-0.29327,-0.37368,-0.87998,0.96358,0.0,0.0,nan,0.0,0.00285
-12.79504,41.96042,9.94985,-0.19241,0.05994,0.97948,0.9749,0.0,0.0,nan,0.0,0.015
-12.96113,40.99204,10.41281,-0.18646,0.12085,0.975,0.99774,0.0,0.0,nan,0.0,0.02113
-12.52085,43.6237,-8.31592,-0.2467,-0.50313,-0.82825,0.93011,0.0,0.0,nan,0.0,0.00935
-13.09954,42.80332,-7.49374,-0.10612,-0.49074,-0.86482,0.90171,0.0,0.0,nan,0.0,0.00712
-13.05666,42.76136,9.99584,-0.20085,-0.03711,0.97892,0.98612,0.0,0.0,nan,0.0,0.01179
-12.92921,43.32445,10.15523,-0.20707,-0.07675,0.97531,0.99605,0.0,0.0,nan,0.0,0.01222
-12.30075,45.37521,-10.21386,-0.25243,-0.19906,-0.94692,0.93329,0.0,0.0,nan,0.0,0.00924
-12.91073,44.99166,-9.12141,-0.20051,-0.33827,-0.91944,0.97758,0.0,0.0,nan,0.0,0.01195
-13.00229,45.02532,10.67883,-0.19773,-0.02417,0.97996,0.98969,0.0,0.0,nan,0.0,0.01191
-12.38882,46.5471,-10.17735,-0.24086,-0.01845,-0.97038,0.97678,0.0,0.0,nan,0.0,0.0105
-13.12278,47.12037,-9.61019,-0.22476,0.02091,-0.97419,0.99466,0.0,0.0,nan,0.0,0.00816
-13.47122,47.63792,9.97314,-0.1902,0.03823,0.981,0.99605,0.0,0.0,nan,0.0,0.01157
-13.01683,47.00664,10.39418,-0.19584,0.11849,0.97345,0.99605,0.0,0.0,nan,0.0,0.01047
-12.10492,49.44703,-10.0403,-0.25935,-0.01103,-0.96572,0.99555,0.0,0.0,nan,0.0,0.01812
-12.96319,49.08764,-9.39249,-0.24806,-0.02547,-0.96841,0.99248,0.0,0.0,nan,0.0,0.01437
-12.56791,48.60779,9.99404,-0.1893,0.00833,0.98188,0.99009,0.00116,0.00582,0.6,1.0,0.01087
-12.97999,49.04211,10.34758,-0.19788,0.00693,0.9802,0.99794,0.00024,0.00122,0.51,1.0,0.01214
-12.2541,51.16448,-10.10858,-0.20599,0.10429,-0.97298,0.99357,0.0,0.0,nan,0.0,0.00663
-13.104,50.89775,-9.75842,-0.1697,0.06497,-0.98335,0.99555,0.0,0.0,nan,0.0,0.00856
-13.14001,51.27427,9.74986,-0.20071,-0.00783,0.97962,0.97837,0.0,0.0,nan,0.0,0.00381
-12.90739,50.78699,10.27446,-0.18934,-0.02709,0.98154,0.99446,0.0,0.0,nan,0.0,0.00251
-12.93316,52.90746,-9.36215,-0.09987,-0.02164,-0.99477,0.98811,0.0,0.0,nan,0.0,0.00861
-12.96257,52.88994,10.48634,-0.17175,-0.04919,0.98391,0.97837,0.0,0.0,nan,0.0,0.00222
-13.1079,55.65617,-10.14514,-0.072,0.01696,-0.99726,0.97003,0.0,0.0,nan,0.0,0.00854
-13.01441,54.58993,-9.62987,-0.06058,-0.1191,-0.99103,0.99257,0.0,0.0,nan,0.0,0.01438
-13.07266,54.98443,10.38941,-0.15453,0.03583,0.98734,0.98016,0.0,0.0,nan,0.0,0.00774
-12.82049,56.3467,-10.066,-0.10663,0.05612,-0.99271,0.98681,0.0,0.0,nan,0.0,0.00519
-13.00488,57.21976,-9.40775,-0.11183,0.06453,-0.99163,0.99208,0.0,0.0,nan,0.0,0.00626
-12.89214,57.96053,9.99149,-0.16765,0.19961,0.96543,0.99526,0.0,0.0,nan,0.0,0.00761
-13.00621,57.09236,10.25591,-0.16494,0.14182,0.97605,0.98433,0.0,0.0,nan,0.0,0.00562
-12.3341,59.16774,-10.10154,-0.14233,-0.07112,-0.98726,0.99436,0.0,0.0,nan,0.0,0.00703
-13.09623,58.92982,-9.35892,-0.1126,-0.06812,-0.9913,0.99118,0.0,0.0,nan,0.0,0.00352
-12.83834,59.21866,9.68116,-0.16222,0.24246,0.9565,0.99744,0.0,0.0,nan,0.0,0.00929
-13.23006,58.52769,10.10479,-0.186,0.21468,0.95881,0.98969,0.0,0.0,nan,0.0,0.00674
-12.36418,60.58154,-10.01099,-0.13216,0.01946,-0.99104,0.97986,0.0,0.0,nan,0.0,0.01307
-13.1586,61.05305,-9.90421,-0.1374,0.04507,-0.98949,0.9887,0.0,0.0,nan,0.0,0.01119
-12.87684,61.01596,9.25406,-0.14148,0.10241,0.98463,0.98711,0.0,0.0,nan,0.0,0.00595
-12.20593,63.74107,-10.07856,-0.1153,-0.04568,-0.99228,0.98215,0.0,0.0,nan,0.0,0.00931
-13.00238,63.09651,-9.41612,-0.16613,0.00896,-0.98606,0.99476,0.0,0.0,nan,0.0,0.01002
-12.95774,62.9811,9.4836,-0.10996,0.11166,0.98764,0.97907,0.0,0.0,nan,0.0,0.00422
-12.26409,64.61336,-10.05149,-0.15296,0.01205,-0.98816,0.96318,0.0,0.0,nan,0.0,0.01223
-13.19898,65.08849,-9.80541,-0.20487,0.10056,-0.97361,0.98046,0.0,0.0,nan,0.0,0.01193
-12.72083,65.47279,7.71603,-0.11324,0.16236,0.98021,0.82832,0.0,0.0,nan,0.0,0.00389
-13.12793,64.80196,8.50865,-0.11942,0.24918,0.96106,0.97907,0.0,0.0,nan,0.0,0.00613
-13.06857,67.05003,-8.85637,-0.16566,0.12299,-0.97848,0.96169,0.0,0.0,nan,0.0,0.00669
-13.10011,66.02209,7.96286,-0.10554,0.12394,0.98666,0.92366,0.0,0.0,nan,0.0,0.00495
-13.03681,66.87906,8.87358,-0.0955,0.12003,0.98817,0.99228,0.0,0.0,nan,0.0,0.00571
-12.90938,68.95011,-9.25714,-0.15168,-0.10747,-0.98257,0.99466,0.0,0.0,nan,0.0,0.0055
-13.29338,69.35846,7.63206,-0.06242,0.39017,0.91863,0.99446,0.0,0.0,nan,0.0,0.01104
-12.99169,68.77422,8.64482,-0.08135,0.36231,0.9285,0.95166,0.0,0.0,nan,0.0,0.00928
-12.96051,70.97733,-9.50663,-0.20246,0.13056,-0.97055,0.98413,0.0,0.0,nan,0.0,0.00759
-13.05302,70.85621,7.17051,-0.07922,0.3003,0.95055,0.99128,0.0,0.0,nan,0.0,0.00657
-12.9661,73.01958,-8.85759,-0.13372,0.09752,-0.98621,0.99327,0.0,0.0,nan,0.0,0.00489
-13.70366,73.10189,-7.81526,-0.17632,0.04108,-0.98348,0.82683,0.0,0.0,nan,0.0,0.00473
-13.25131,73.88181,5.83051,-0.12131,0.45319,0.88312,0.98274,0.0,0.0,nan,0.0,0.01432
-12.9359,72.81959,6.68646,-0.14429,0.37685,0.91497,0.99496,0.0,0.0,nan,0.0,0.01265
-13.21459,74.90594,-9.30773,-0.11473,-0.07863,-0.99028,0.9886,0.0,0.0,nan,0.0,0.00427
-12.96425,74.93209,5.22511,-0.13433,0.37847,0.91581,0.97301,0.0,0.0,nan,0.0,0.0144
-12.07731,74.01228,6.10341,-0.19338,0.44888,0.87242,0.99188,0.0,0.0,nan,0.0,0.01901
-13.0037,77.10701,-9.09967,-0.13566,0.33398,-0.93276,0.92961,0.0,0.0,nan,0.0,0.00444
-13.04646,77.45269,3.64956,-0.05217,0.71431,0.69789,0.99397,0.0,0.0,nan,0.0,0.00686
-12.97573,77.10431,5.08912,-0.11089,0.51473,0.85015,0.9605,0.0,0.0,nan,0.0,0.00624
-12.88918,78.19212,-8.24109,-0.12142,0.66315,-0.73857,0.96239,0.0,0.0,nan,0.0,0.01008
-13.01265,78.97192,-7.10533,-0.09633,0.84784,-0.52143,0.99526,0.0,0.0,nan,0.0,0.00686
-13.05492,79.78761,-5.40407,-0.07909,0.93074,-0.35703,0.9896,0.0,0.0,nan,0.0,0.01239
-12.79302,79.52261,1.6871,-0.03345,0.84261,0.53749,0.99585,0.0,0.0,nan,0.0,0.00453
-12.96471,78.8327,2.88365,-0.03156,0.80072,0.59821,1.00022,0.0,0.0,nan,0.0,0.00522
-12.0486,78.13311,4.06,-0.02855,0.76687,0.64116,0.9886,0.0,0.0,nan,0.0,0.00765
-12.81314,80.12333,-4.43696,-0.05059,0.96432,-0.25987,0.98821,0.00018,0.00092,0.6,1.0,0.00691
-12.97606,80.36249,-3.01057,-0.02537,0.98722,-0.15736,0.98711,0.01143,0.05714,0.6,1.0,0.00597
-13.04526,80.53883,-1.0412,-0.00538,0.99826,0.05868,0.98433,0.0,0.0,nan,0.0,0.00393
-12.98002,80.30197,0.78712,-0.01874,0.92115,0.38875,0.97887,0.0,0.0,nan,0.0,0.00317
-10.94798,1.64151,-6.7289,-0.10825,-0.90402,-0.41356,0.99675,0.0722,0.36102,0.6,1.0,0.01486
-11.02651,1.03409,-5.04688,-0.09605,-0.95457,-0.28207,0.99327,0.153,0.27109,0.6,0.88613,0.01293
-10.95239,0.62424,-3.03222,-0.10233,-0.98948,-0.10222,0.99377,0.04501,0.16518,0.6,0.97735,0.01191
-10.98943,0.5871,-0.96372,-0.0816,-0.99091,0.10692,0.99496,0.05157,0.25784,0.6,1.0,0.01614
-11.01572,1.03095,1.07745,-0.09867,-0.86891,0.48503,0.97172,0.03096,0.15481,0.6,1.0,0.00342
-10.9367,1.75921,2.29565,-0.11382,-0.7557,0.64495,0.98632,0.0,0.0,nan,0.0,0.00413
-10.9663,3.08014,-9.0684,-0.07272,-0.66383,-0.74434,0.97688,0.0,0.0,nan,0.0,0.00126
-11.15134,2.18603,-7.70747,-0.11674,-0.83875,-0.53185,0.99099,0.00272,0.0136,0.6,1.0,0.01887
-11.05854,3.08297,3.12245,-0.14236,-0.67369,0.72518,1.00012,0.0,0.0,nan,0.0,0.01006
-10.74232,3.86024,4.17505,-0.10832,-0.66209,0.74156,1.00052,0.0,0.0,nan,0.0,0.01029
-10.92782,5.10505,-10.51851,0.04915,-0.36942,-0.92796,0.97033,0.0,0.0,nan,0.0,0.00401
-11.42717,4.24483,-9.81398,-0.00998,-0.50796,-0.86133,0.98701,0.0,0.0,nan,0.0,0.00305
-11.45841,4.01169,3.94988,-0.15008,-0.65853,0.73743,0.99804,0.0,0.0,nan,0.0,0.01467
-10.99594,4.98477,4.91832,-0.15884,-0.60559,0.77976,0.99496,0.0,0.0,nan,0.0,0.01668
-10.77278,5.93565,6.04587,-0.168,-0.47045,0.86629,0.9751,0.0,0.0,nan,0.0,0.01135
-10.90962,6.92607,-10.91664,0.01083,-0.06793,-0.99763,0.95136,0.0,0.0,nan,0.0,0.00714
-11.87768,7.59606,5.89408,-0.22793,-0.32493,0.91786,0.99397,0.0,0.0,nan,0.0,0.01048
-11.01559,6.95089,6.48059,-0.19225,-0.36239,0.91198,0.97976,0.0,0.0,nan,0.0,0.01189
-10.91531,8.96119,-10.49602,-0.03418,0.12116,-0.99204,0.99724,0.0,0.0,nan,0.0,0.005
-11.47142,9.70918,-9.84525,-0.06075,0.13208,-0.98938,0.98304,0.0,0.0,nan,0.0,0.0081
-11.77576,8.17536,5.83627,-0.23159,-0.25701,0.93825,0.98681,0.0,0.0,nan,0.0,0.02105
-11.02747,8.95214,6.76252,-0.17438,-0.2026,0.96361,0.99357,0.0,0.0,nan,0.0,0.01919
-10.98686,10.97623,-10.38306,-0.11887,0.08195,-0.98952,0.98701,0.0,0.0,nan,0.0,0.00624
-11.9769,10.00789,-9.97804,-0.10744,0.16148,-0.98101,0.99516,0.0,0.0,nan,0.0,0.00739
-11.02978,11.01805,7.118,-0.13996,-0.37597,0.916,0.99536,0.0,0.0,nan,0.0,0.00717
-10.40292,11.7953,8.1084,-0.13218,-0.41294,0.90112,0.98473,0.0,0.0,nan,0.0,0.00959
-10.82052,12.673,-10.41064,-0.19329,0.20119,-0.96029,0.95454,0.0,0.0,nan,0.0,0.00891
-11.29811,13.26165,-9.71932,-0.32116,0.26724,-0.90854,0.98473,0.0,0.0,nan,0.0,0.01144
-11.70699,12.26874,7.76819,-0.19365,-0.37554,0.90635,0.99843,0.0,0.0,nan,0.0,0.00591
-10.96005,13.11295,8.42493,-0.1685,-0.2513,0.95313,0.9597,0.0,0.0,nan,0.0,0.01651
-10.99472,14.98975,-9.51973,-0.35537,0.13827,-0.92444,0.99486,0.0,0.0,nan,0.0,0.00839
-11.54355,15.94357,7.94125,-0.1651,-0.20308,0.96514,0.94898,0.0,0.0,nan,0.0,0.00465
-10.94509,15.05932,8.59759,-0.17688,-0.15889,0.97132,0.99734,0.0,0.0,nan,0.0,0.00877
-10.95822,17.02734,-9.35749,-0.35783,0.07689,-0.93062,0.99655,0.0,0.0,nan,0.0,0.00676
-11.64557,16.21922,7.87099,-0.16039,-0.21552,0.96324,0.9321,0.0,0.0,nan,0.0,0.0048
-11.00701,16.90474,9.03234,-0.1912,-0.19586,0.96181,0.9883,0.0,0.0,nan,0.0,0.00473
-10.99726,19.03591,-9.18374,-0.39231,0.11373,-0.91277,0.99724,0.0,0.0,nan,0.0,0.00781
-10.82142,19.09567,9.37829,-0.08409,0.02966,0.99602,0.98225,0.0,0.0,nan,0.0,0.0078
-10.98226,21.0336,-8.83592,-0.43361,0.21026,-0.87623,0.99982,0.0,0.0,nan,0.0,0.00828
-11.99287,21.8487,-7.97877,-0.49562,0.20959,-0.84287,0.99982,0.0,0.0,nan,0.0,0.00674
-10.67927,20.95659,9.18892,0.00442,-0.11494,0.99336,0.99416,0.0,0.0,nan,0.0,0.00965
-10.61738,22.6375,-8.18138,-0.46724,0.16998,-0.86764,0.99327,0.0,0.0,nan,0.0,0.01046
-11.31088,23.24876,-7.89135,-0.48462,0.15705,-0.86051,0.99953,0.0,0.0,nan,0.0,0.00721
-11.03294,22.89294,9.68595,-0.08196,-0.23328,0.96895,0.99397,0.0,0.0,nan,0.0,0.00869
-10.53998,24.98141,-8.33507,-0.5127,0.02217,-0.85828,1.00042,0.0,0.0,nan,0.0,0.01327
-11.49484,25.10485,-7.85541,-0.51389,0.03779,-0.85702,1.00052,0.0,0.0,nan,0.0,0.00885
-10.93893,25.04898,9.7205,-0.10431,0.00557,0.99453,0.99684,0.0,0.0,nan,0.0,0.00972
-10.86195,24.73854,10.00991,-0.09836,-0.0435,0.9942,0.9894,0.0,0.0,nan,0.0,0.01005
-10.43178,27.16314,-8.16091,-0.52453,-0.05463,-0.84964,0.99833,0.0,0.0,nan,0.0,0.01274
-11.47387,26.9005,-7.84292,-0.5746,-0.02006,-0.81819,0.99853,0.0,0.0,nan,0.0,0.01173
-10.97654,27.06202,9.55172,-0.11444,-0.03726,0.99273,0.98215,0.0,0.0,nan,0.0,0.00857
-11.46807,26.34901,10.12021,-0.12316,0.00253,0.99238,0.9892,0.0,0.0,nan,0.0,0.0075
-10.77903,29.04699,-8.53589,-0.56331,-0.08678,-0.82168,0.99714,0.0,0.0,nan,0.0,0.01107
-11.77433,28.94284,-7.85059,-0.62574,-0.05,-0.77843,0.99794,0.0,0.0,nan,0.0,0.00941
-10.93423,28.35005,9.64746,-0.11759,-0.22925,0.96624,0.97222,0.0,0.0,nan,0.0,0.00471
-10.97423,29.06782,10.4508,-0.09361,-0.27285,0.95749,0.98463,0.0,0.0,nan,0.0,0.00568
-10.67116,30.98357,-8.53656,-0.6381,0.0477,-0.76847,1.00022,0.0,0.0,nan,0.0,0.00877
-11.68819,31.16757,-7.71303,-0.63561,0.07565,-0.7683,1.00082,0.0,0.0,nan,0.0,0.00605
-10.96226,30.92585,10.60577,-0.10741,-0.11913,0.98705,0.97748,0.0,0.0,nan,0.0,0.00364
-10.45182,32.81479,-8.4916,-0.67082,0.12341,-0.73128,1.00052,0.0,0.0,nan,0.0,0.00871
-11.31736,32.95931,-7.50395,-0.62548,0.14032,-0.76752,0.99923,0.0,0.0,nan,0.0,0.00588
-11.0932,33.15459,10.78371,-0.13502,0.0239,0.99055,0.98354,0.0,0.0,nan,0.0,0.01157
-10.1938,34.93203,-8.27331,-0.6743,0.07744,-0.73439,1.00052,0.0,0.0,nan,0.0,0.00726
-11.18694,35.01409,-7.33546,-0.63375,0.05074,-0.77187,0.99953,0.0,0.0,nan,0.0,0.01321
-10.96257,34.98687,10.78042,-0.1463,0.05753,0.98757,0.9887,0.01605,0.08027,0.7,1.0,0.02244
-10.11715,36.96202,-8.26383,-0.66446,-0.02695,-0.74684,1.00052,0.0,0.0,nan,0.0,0.00434
-11.14931,36.99089,-7.40118,-0.63043,-0.0351,-0.77546,0.99943,0.0,0.0,nan,0.0,0.01207
-11.99176,36.74067,9.99765,-0.22527,-0.07718,0.97123,0.98811,0.0,0.0,nan,0.0,0.01942
-10.99282,37.00931,10.45109,-0.13175,-0.09876,0.98635,0.99615,0.0,0.0,nan,0.0,0.01671
-10.40778,39.10332,-8.33862,-0.66946,-0.1439,-0.72878,1.00022,0.0,0.0,nan,0.0,0.00977
-11.27645,38.92565,-7.49128,-0.58356,-0.13546,-0.80069,0.99883,0.0,0.0,nan,0.0,0.01264
-10.90046,39.04331,10.74078,-0.1282,-0.08941,0.98771,1.00032,0.0,0.0,nan,0.0,0.02272
-10.4824,41.20154,-8.72274,-0.62268,-0.25844,-0.73856,0.99913,0.0,0.0,nan,0.0,0.00538
-11.50281,40.95913,-7.75891,-0.5368,-0.27518,-0.79757,0.989,0.0,0.0,nan,0.0,0.02107
-11.03206,40.98399,10.86998,-0.17075,0.09747,0.98048,0.99992,0.0,0.0,nan,0.0,0.02128
-10.42655,43.75916,-10.10953,-0.37894,-0.27938,-0.88224,0.97788,0.0,0.0,nan,0.0,0.01025
-11.11945,42.9654,-9.18849,-0.52172,-0.37852,-0.76454,0.99824,0.0,0.0,nan,0.0,0.00623
-11.65647,42.17405,-7.82565,-0.47426,-0.37169,-0.79808,0.93309,0.0,0.0,nan,0.0,0.0109
-11.05039,42.90034,10.75727,-0.1693,-0.05117,0.98423,0.99675,0.0,0.0,nan,0.0,0.01855
-10.98397,45.05312,-10.20376,-0.31707,-0.18423,-0.93034,0.9749,0.0,0.0,nan,0.0,0.02151
-10.80651,44.94746,-9.9717,-0.32995,-0.1933,-0.924,0.9888,0.0,0.0,nan,0.0,0.01816
-11.07306,45.08549,11.1812,-0.16607,-0.01611,0.98598,0.98046,0.0,0.0,nan,0.0,0.00719
-10.85309,46.90442,-10.36864,-0.18513,0.03182,-0.9822,0.97718,0.0,0.0,nan,0.0,0.014
-11.62265,47.61979,-9.84601,-0.23711,0.02587,-0.97114,0.99684,0.0,0.0,nan,0.0,0.01156
-11.67781,47.94064,9.92322,-0.17584,0.01211,0.98434,0.95464,0.0,0.0,nan,0.0,0.01098
-11.062,46.92035,10.88398,-0.19039,0.12874,0.97323,0.99972,0.0,0.0,nan,0.0,0.00861
-10.88048,49.01823,-10.43704,-0.19523,-0.01931,-0.98057,0.97798,0.0,0.0,nan,0.0,0.02722
-11.57586,48.71148,-9.71997,-0.24908,-0.00131,-0.96848,0.99526,0.0,0.0,nan,0.0,0.01714
-11.61708,48.30424,9.86972,-0.17686,0.00011,0.98424,0.95861,0.0,0.0,nan,0.0,0.01408
-10.94895,49.01207,10.58291,-0.16801,0.01532,0.98567,1.00012,0.0,0.0,nan,0.0,0.00624
-10.9611,51.07013,-10.40952,-0.24584,0.11452,-0.96252,0.989,0.0,0.0,nan,0.0,0.01465
-11.72106,50.52277,-9.99753,-0.24738,0.08424,-0.96525,0.99764,0.0,0.0,nan,0.0,0.01106
-11.57504,51.21184,9.9303,-0.15175,-0.0084,0.98838,0.97619,0.0,0.0,nan,0.0,0.00282
-10.96541,50.93122,10.57413,-0.13175,-0.02264,0.99102,0.99804,0.0,0.0,nan,0.0,0.00196
-10.42901,53.04723,-10.23026,-0.26473,0.01376,-0.96423,0.99754,0.0,0.0,nan,0.0,0.01549
-11.3072,52.86781,-9.54127,-0.24437,0.0258,-0.96934,0.97808,0.0,0.0,nan,0.0,0.01256
-11.01562,52.88122,10.75803,-0.11643,-0.02795,0.9928,0.98811,0.0,0.0,nan,0.0,0.00169
-10.78434,55.17802,-10.28789,-0.20787,-0.02206,-0.97791,0.98254,0.0,0.0,nan,0.0,0.01522
-11.48989,54.57876,-9.81239,-0.19811,-0.11448,-0.97347,0.99029,0.0,0.0,nan,0.0,0.0119
-10.89172,55.03696,10.63398,-0.10404,0.04455,0.99357,0.98979,0.0,0.0,nan,0.0,0.02309
-10.89439,56.49022,-10.17028,-0.15408,0.04667,-0.98696,0.98453,0.0,0.0,nan,0.0,0.00819
-10.99452,57.23402,-9.46493,-0.17626,0.05351,-0.98289,0.97609,0.0,0.0,nan,0.0,0.00828
-10.95882,57.15992,10.59721,-0.06363,0.16646,0.98399,0.9888,0.0,0.0,nan,0.0,0.00409
-10.84227,59.194,-10.0058,-0.17325,-0.04012,-0.98406,0.99238,0.0,0.0,nan,0.0,0.01431
-11.25269,58.91206,-9.96223,-0.20166,-0.0433,-0.9785,0.99853,0.0,0.0,nan,0.0,0.01039
-10.24687,59.22006,9.8959,-0.08099,0.25069,0.96467,0.99476,0.0,0.0,nan,0.0,0.00504
-11.05403,58.99922,10.48794,-0.07423,0.2374,0.96857,0.98115,0.0,0.0,nan,0.0,0.00485
-10.89001,61.0209,-10.1531,-0.10649,0.10868,-0.98836,0.99804,0.0,0.0,nan,0.0,0.01349
-11.09725,60.73626,-9.85561,-0.11919,0.08786,-0.98898,0.99506,0.0,0.0,nan,0.0,0.01431
-11.07399,61.35552,9.57454,-0.0752,0.05522,0.99564,0.99724,0.0,0.0,nan,0.0,0.00637
-11.02041,60.53484,10.22288,-0.06958,0.14364,0.98718,0.99496,0.0,0.0,nan,0.0,0.00424
-11.56837,63.53889,-10.18262,-0.09629,-0.05914,-0.99359,0.99009,0.0,0.0,nan,0.0,0.00726
-10.84154,62.84637,-9.63082,-0.09907,-0.03068,-0.99461,0.99079,0.0,0.0,nan,0.0,0.0041
-11.07935,62.95309,9.98101,-0.12547,0.04628,0.99102,0.95474,0.0,0.0,nan,0.0,0.00637
-10.33982,62.70292,10.00196,-0.08841,0.01198,0.99601,0.97669,0.0,0.0,nan,0.0,0.00572
-11.08009,65.09647,-10.19914,-0.13705,0.04566,-0.98951,0.96318,0.0,0.0,nan,0.0,0.00838
-10.57021,64.66754,-9.78643,-0.1146,-0.03849,-0.99267,0.99724,0.0,0.0,nan,0.0,0.00624
-11.08416,65.25323,9.28735,-0.20235,0.22928,0.95209,0.99933,0.0,0.0,nan,0.0,0.00696
-10.58729,66.32453,-10.14852,-0.18935,0.14273,-0.97148,0.9892,0.0,0.0,nan,0.0,0.00405
-11.17623,67.23652,-9.52902,-0.19398,0.10561,-0.9753,0.99575,0.0,0.0,nan,0.0,0.00456
-11.0785,67.03072,8.98265,-0.16906,0.14053,0.97553,0.9886,0.0,0.0,nan,0.0,0.00678
-11.14387,69.31161,-10.09229,-0.17349,-0.08995,-0.98072,0.98016,0.0,0.0,nan,0.0,0.00622
-10.73238,68.78919,-9.72512,-0.18864,-0.07951,-0.97882,0.99675,0.0,0.0,nan,0.0,0.00729
-10.96222,69.5472,7.63056,-0.11975,0.38569,0.91482,0.97271,0.0,0.0,nan,0.0,0.00896
-11.15615,68.66261,8.23722,-0.11615,0.38281,0.9165,0.98801,0.0,0.0,nan,0.0,0.0098
-10.61905,70.51443,-10.10267,-0.14223,0.06725,-0.98755,0.98344,0.0,0.0,nan,0.0,0.00619
-11.12371,71.31189,-9.81457,-0.13921,0.10273,-0.98492,0.99009,0.0,0.0,nan,0.0,0.00472
-11.15191,70.78778,7.00508,-0.16906,0.22625,0.95929,0.95414,0.0,0.0,nan,0.0,0.00838
-10.94174,73.0224,-9.22097,-0.16308,0.13224,-0.97771,0.99347,0.0,0.0,nan,0.0,0.00625
-11.11356,73.15348,7.39866,-0.16139,0.36514,0.91686,0.93885,0.0,0.0,nan,0.0,0.01214
-10.89815,75.13581,-8.7871,-0.10935,0.00573,-0.99399,0.99377,0.0,0.0,nan,0.0,0.00692
-11.35048,75.25499,5.78323,-0.10043,0.41754,0.90309,0.99347,0.0,0.0,nan,0.0,0.01592
-10.61887,74.59227,6.26252,-0.06644,0.48472,0.87214,0.99714,0.0,0.0,nan,0.0,0.01308
-11.02963,77.06315,-9.34185,-0.07274,0.27577,-0.95847,0.92912,0.0,0.0,nan,0.0,0.00533
-11.01725,77.17832,5.21998,-0.07849,0.58684,0.80589,0.94362,0.0,0.0,nan,0.0,0.00716
-10.92921,78.31859,-8.40404,-0.07918,0.66833,-0.73964,0.95752,0.0,0.0,nan,0.0,0.00521
-10.9823,79.1817,-7.11798,-0.06833,0.8672,-0.49326,0.99595,0.0,0.0,nan,0.0,0.0126
-11.02796,79.83312,-5.51306,-0.03349,0.9473,-0.31859,0.9894,0.0,0.0,nan,0.0,0.00611
-11.31016,79.61134,1.87673,0.03177,0.84323,0.53661,0.989,0.0,0.0,nan,0.0,0.00693
-10.97594,78.8621,2.80978,-0.0116,0.81459,0.57992,0.99933,0.0,0.0,nan,0.0,0.00805
-11.04677,78.3242,4.31262,-0.07282,0.78256,0.6183,0.97172,0.0,0.0,nan,0.0,0.00789
-11.01142,80.13425,-4.53116,-0.00547,0.97473,-0.22331,0.99019,0.0,0.0,nan,0.0,0.00682
-11.01438,80.36637,-2.9791,0.02371,0.9922,-0.12237,0.98403,0.00239,0.01197,0.51,1.0,0.00671
-11.05235,80.47787,-1.06886,0.02927,0.99897,0.03461,0.98294,0.0,0.0,nan,0.0,0.01452
-10.98265,80.35359,0.96166,0.02035,0.90903,0.41623,0.95732,0.0,0.0,nan,0.0,0.00575
-8.49711,1.86088,-8.36087,-0.15762,-0.78546,-0.59851,0.92614,0.0,0.0,nan,0.0,0.00489
-8.9598,1.50791,-6.99605,-0.11731,-0.91203,-0.39299,0.9885,0.06711,0.33556,0.6,1.0,0.00356
-8.9761,0.79757,-5.00163,-0.06484,-0.9625,-0.26341,0.99158,0.23562,0.23562,0.7,0.68416,0.02011
-9.01178,0.35342,-3.04999,-0.05955,-0.99401,-0.09164,0.9896,0.01898,0.09488,0.6,1.0,0.01097
-8.98049,0.47107,-0.95673,-0.06613,-0.99158,0.11131,0.99555,0.04152,0.2076,0.6,1.0,0.0145
-8.99947,0.84234,1.0687,-0.08036,-0.90742,0.41246,0.97728,0.02611,0.13054,0.6,1.0,0.00859
-8.9333,1.6497,2.45031,-0.09094,-0.75694,0.64712,0.98433,0.0,0.0,nan,0.0,0.00309
-9.1037,2.93909,-9.25308,-0.10227,-0.55666,-0.82442,0.96129,0.0,0.0,nan,0.0,0.00252
-9.83282,2.05396,-7.88629,-0.13886,-0.81939,-0.55617,0.9606,0.0,0.0,nan,0.0,0.00631
-9.01055,2.81576,3.35176,-0.09229,-0.66656,0.73972,0.99982,0.0,0.0,nan,0.0,0.00744
-8.85031,3.61774,4.3858,-0.05645,-0.6214,0.78146,0.99416,0.0,0.0,nan,0.0,0.01397
-8.9702,5.52175,-10.03362,-9e-05,-0.35195,-0.93602,0.99804,0.0,0.0,nan,0.0,0.01092
-9.04763,4.70873,-9.53536,-0.01634,-0.36665,-0.93021,0.99109,0.0,0.0,nan,0.0,0.00816
-8.97723,5.03181,5.05851,-0.01323,-0.61382,0.78933,1.00112,0.0,0.0,nan,0.0,0.01265
-8.95361,5.87632,6.07912,-0.02133,-0.55195,0.83361,0.99019,0.0,0.0,nan,0.0,0.00937
-8.90531,7.16107,-10.53133,-0.07736,-0.06879,-0.99463,0.96973,0.0,0.0,nan,0.0,0.01179
-9.42234,6.93711,-9.93243,0.00355,-0.09702,-0.99528,0.96288,0.0,0.0,nan,0.0,0.01449
-9.01495,7.01203,6.50632,-0.0691,-0.39313,0.91688,0.9892,0.0,0.0,nan,0.0,0.01088
-8.87532,8.73176,-10.44046,-0.14379,0.04052,-0.98878,0.99357,0.0,0.0,nan,0.0,0.00497
-9.3243,9.22336,-9.63802,-0.11936,0.06048,-0.99101,0.89456,0.0,0.0,nan,0.0,0.00495
-9.02605,9.00911,6.86814,-0.04294,-0.17626,0.98341,0.99228,0.0,0.0,nan,0.0,0.00521
-9.00344,11.05261,-10.57421,-0.13126,0.03788,-0.99062,0.99893,0.0,0.0,nan,0.0,0.0067
-9.5428,10.42652,-9.78573,-0.12753,0.02888,-0.99141,0.95524,0.0,0.0,nan,0.0,0.00454
-9.06291,10.83893,6.97869,-0.05858,-0.38044,0.92295,0.97698,0.0,0.0,nan,0.0,0.00707
-9.00956,11.72158,8.18625,-0.0389,-0.36647,0.92962,0.97549,0.0,0.0,nan,0.0,0.00504
-9.01002,12.93603,-10.27253,-0.12094,0.16269,-0.97924,0.99754,0.0,0.0,nan,0.0,0.00705
-9.83744,13.93585,-9.99916,-0.17761,0.17855,-0.96777,0.99555,0.0,0.0,nan,0.0,0.00967
-8.10238,13.83462,7.86807,0.01255,-0.22615,0.97401,0.97033,0.0,0.0,nan,0.0,0.00907
-8.96342,12.99588,8.60857,0.01015,-0.26081,0.96534,0.97381,0.0,0.0,nan,0.0,0.00829
-8.26939,14.70395,-10.04909,-0.11214,0.11017,-0.98757,1.00052,0.0,0.0,nan,0.0,0.01889
-9.22158,15.0219,-9.90665,-0.16011,0.11101,-0.98084,1.00082,0.0,0.0,nan,0.0,0.01548
-8.15371,14.24815,7.83755,0.0129,-0.18704,0.98227,0.95186,0.0,0.0,nan,0.0,0.00689
-9.03349,14.97999,8.71012,-0.04419,-0.23086,0.97198,0.99684,0.0,0.0,nan,0.0,0.00578
-8.11904,16.11622,-10.0157,-0.09012,0.09417,-0.99147,1.00022,0.0,0.0,nan,0.0,0.00871
-9.02791,16.98321,-9.7859,-0.148,0.06228,-0.98702,1.00062,0.0,0.0,nan,0.0,0.0106
-9.00091,16.95319,9.48755,-0.10427,-0.16959,0.97998,0.96527,0.0,0.0,nan,0.0,0.00868
-8.30821,19.66657,-10.13281,-0.04309,0.04961,-0.99784,0.95196,0.0,0.0,nan,0.0,0.01173
-9.07536,18.98863,-9.82634,-0.16285,0.04962,-0.9854,0.99506,0.0,0.0,nan,0.0,0.00445
-8.96322,19.02995,9.10042,-0.02448,0.14204,0.98956,0.99764,0.0,0.0,nan,0.0,0.00754
-8.23782,20.54614,-10.03636,-0.02038,0.07024,-0.99732,0.93716,0.0,0.0,nan,0.0,0.01351
-9.08994,20.97397,-9.65889,-0.22946,0.11118,-0.96695,0.96248,0.0,0.0,nan,0.0,0.00981
-9.10298,21.05034,8.80997,0.00963,-0.11135,0.99373,0.95583,0.0,0.0,nan,0.0,0.01109
-8.26106,22.86132,-10.038,-0.06957,0.08364,-0.99406,0.87331,0.0,0.0,nan,0.0,0.00894
-9.2199,23.04051,-9.24191,-0.33134,0.10342,-0.93783,0.96656,0.0,0.0,nan,0.0,0.00482
-9.06734,22.72995,9.70668,-0.01461,-0.31792,0.94801,0.99545,0.0,0.0,nan,0.0,0.01255
-8.76963,23.56286,10.03879,-0.03993,-0.25175,0.96697,0.99049,0.0,0.0,nan,0.0,0.01362
-8.14266,24.87603,-10.01248,-0.01197,0.05347,-0.9985,0.85245,0.0,0.0,nan,0.0,0.01285
-9.04209,24.94609,-9.33085,-0.3259,0.04314,-0.94442,0.93885,0.0,0.0,nan,0.0,0.00462
-9.398,25.48056,9.78384,-0.10649,0.03777,0.9936,1.00052,0.0,0.0,nan,0.0,0.01486
-8.92605,24.93493,10.29451,-0.08494,-0.01822,0.99622,0.97251,0.0,0.0,nan,0.0,0.01816
-9.08832,26.99226,-9.30945,-0.31191,-0.05597,-0.94846,0.95653,0.0,0.0,nan,0.0,0.00504
-9.14055,27.43276,9.58072,-0.10571,-0.09713,0.98964,0.9598,0.0,0.0,nan,0.0,0.00973
-8.81599,26.71063,10.20343,-0.09068,-0.01389,0.99578,0.98374,0.0,0.0,nan,0.0,0.01707
-8.31397,29.75895,-10.11597,-0.20455,-0.18704,-0.96082,0.94997,0.0,0.0,nan,0.0,0.01332
-9.13097,28.85455,-9.60317,-0.34874,-0.16426,-0.92271,0.96755,0.0,0.0,nan,0.0,0.00724
-9.80168,28.1731,9.82059,-0.11815,-0.20366,0.97189,0.98602,0.0,0.0,nan,0.0,0.00512
-9.01136,28.91127,10.57899,-0.08576,-0.2389,0.96725,0.99029,0.0,0.0,nan,0.0,0.00516
-8.60458,31.09409,-10.31571,-0.31353,-0.0692,-0.94705,0.93269,0.0,0.0,nan,0.0,0.00776
-9.4874,30.97581,-9.44302,-0.51536,-0.02674,-0.85655,0.99148,0.0,0.0,nan,0.0,0.00541
-8.96789,30.96764,10.78232,-0.05615,-0.10218,0.99318,0.98672,0.0,0.0,nan,0.0,0.00325
-8.60937,32.84416,-10.22674,-0.3754,0.07073,-0.92416,0.95841,0.0,0.0,nan,0.0,0.00553
-9.4697,33.10497,-9.40665,-0.56301,0.10471,-0.81979,0.98612,0.0,0.0,nan,0.0,0.00616
-8.95768,33.11966,11.02653,-0.09004,0.02193,0.9957,0.99466,0.0,0.0,nan,0.0,0.00332
-8.15,34.18484,-10.01935,-0.3816,0.03772,-0.92356,0.98662,0.0,0.0,nan,0.0,0.00775
-9.09547,34.98191,-9.41603,-0.56581,0.05998,-0.82235,0.99377,0.0,0.0,nan,0.0,0.00607
-9.16684,34.94373,10.89013,-0.05763,0.09375,0.99393,0.99367,0.00507,0.02537,0.7,1.0,0.00748
-8.15656,37.49457,-10.20211,-0.49523,-0.09899,-0.8631,0.99208,0.0,0.0,nan,0.0,0.00515
-9.11098,36.98245,-9.20859,-0.63152,-0.0479,-0.77388,1.00052,0.0,0.0,nan,0.0,0.00546
-8.09316,37.26225,9.93545,-0.02383,-0.1208,0.99239,0.91273,0.0,0.0,nan,0.0,0.00543
-8.99522,37.04397,10.6014,-0.04256,-0.10023,0.99405,0.99784,0.0,0.0,nan,0.0,0.00683
-8.42906,39.05276,-10.34056,-0.52041,-0.14026,-0.84232,0.98235,0.0,0.0,nan,0.0,0.0053
-9.31374,38.97455,-9.3012,-0.65429,-0.15218,-0.74077,0.99853,0.0,0.0,nan,0.0,0.00717
-8.97307,38.88699,11.30187,-0.04472,-0.14987,0.98769,0.98711,0.0,0.0,nan,0.0,0.00864
-8.73618,40.98621,-10.41022,-0.44094,-0.06444,-0.89522,0.95772,0.0,0.0,nan,0.0,0.00512
-9.70203,40.77756,-9.56277,-0.61904,-0.17421,-0.7658,0.9892,0.0,0.0,nan,0.0,0.00481
-8.98959,40.96168,11.28738,-0.08163,0.11205,0.99034,0.99039,0.0,0.0,nan,0.0,0.01157
-8.87845,43.10812,-10.42027,-0.22135,-0.12034,-0.96774,0.98096,0.0,0.0,nan,0.0,0.01148
-9.71835,42.73914,-9.82592,-0.40829,-0.24664,-0.8789,0.97291,0.0,0.0,nan,0.0,0.01219
-8.9832,43.08345,10.96209,-0.03922,-0.06967,0.9968,0.99953,0.0,0.0,nan,0.0,0.00735
-9.0521,45.07372,-10.73597,-0.10049,-0.02483,-0.99463,0.97162,0.0,0.0,nan,0.0,0.01564
-9.96528,45.5779,-9.98754,-0.16334,-0.02816,-0.98617,0.99516,0.0,0.0,nan,0.0,0.0128
-9.04151,44.93164,11.39348,-0.05723,-0.11561,0.99165,0.98711,0.0,0.0,nan,0.0,0.01107
-9.13447,46.70873,-10.36828,-0.0552,0.0865,-0.99472,0.99893,0.0,0.0,nan,0.0,0.00904
-8.49519,47.43837,-9.64398,-0.06951,0.04985,-0.99633,0.91819,0.0,0.0,nan,0.0,0.00757
-9.03543,46.97712,11.29592,-0.11828,0.12794,0.9847,0.98155,0.0,0.0,nan,0.0,0.0135
-9.08523,49.04192,-10.50779,-0.08263,-0.07787,-0.99353,0.99863,0.0,0.0,nan,0.0,0.00735
-8.22173,48.76527,-9.78981,-0.10516,-0.07961,-0.99126,0.94401,0.0,0.0,nan,0.0,0.00636
-8.99535,48.97009,10.79377,-0.07911,0.07016,0.99439,0.99446,0.0,0.0,nan,0.0,0.01006
-9.06629,50.97279,-10.67733,-0.11134,0.04661,-0.99269,0.98423,0.0,0.0,nan,0.0,0.01525
-9.00859,50.99747,10.74238,-0.05573,0.01742,0.99829,0.99853,0.0,0.0,nan,0.0,0.00335
-8.98515,53.01441,-10.53488,-0.11362,0.01685,-0.99338,0.99029,0.0,0.0,nan,0.0,0.01169
-9.61328,52.40445,-9.88006,-0.20685,0.0739,-0.97558,0.99188,0.0,0.0,nan,0.0,0.01435
-9.047,52.94132,10.92496,-0.05576,-0.02323,0.99817,0.99277,0.0,0.0,nan,0.0,0.00149
-9.00984,54.99257,-10.63828,-0.09414,0.02957,-0.99512,0.98691,0.0,0.0,nan,0.0,0.0123
-8.96335,54.98557,10.82026,-0.04396,0.05062,0.99775,0.99079,0.0,0.0,nan,0.0,0.00866
-9.16584,56.89035,-10.21324,-0.12053,0.07467,-0.9899,0.99824,0.0,0.0,nan,0.0,0.00541
-8.56618,57.18863,-9.77544,-0.1397,0.05206,-0.98882,0.97361,0.0,0.0,nan,0.0,0.00549
-9.0749,57.14223,10.68792,-0.0446,0.16862,0.98467,0.99198,0.0,0.0,nan,0.0,0.00268
-9.04456,59.0257,-10.44778,-0.15107,-0.06836,-0.98616,0.99843,0.0,0.0,nan,0.0,0.00995
-8.14355,58.59798,-9.8351,-0.14068,-0.06581,-0.98786,0.97867,0.0,0.0,nan,0.0,0.0082
-9.32775,59.04859,9.73998,-0.04827,0.24034,0.96949,0.99109,0.0,0.0,nan,0.0,0.00921
-8.77074,59.19898,10.00043,-0.07097,0.23197,0.97013,0.99585,0.0,0.0,nan,0.0,0.00541
-8.93239,60.95565,-10.31913,-0.18809,0.09686,-0.97736,0.99714,0.0,0.0,nan,0.0,0.00891
-9.62296,61.86415,-9.82103,-0.15586,0.06798,-0.98544,0.99387,0.0,0.0,nan,0.0,0.00536
-9.02959,60.89648,9.33115,-0.0628,0.11572,0.99129,0.96556,0.0,0.0,nan,0.0,0.00583
-8.61084,60.33735,10.20894,-0.07601,0.1616,0.98393,0.99853,0.0,0.0,nan,0.0,0.00485
-8.72305,63.22922,-10.36175,-0.14657,-0.02845,-0.98879,0.99466,0.0,0.0,nan,0.0,0.00707
-9.47267,62.69215,-9.58424,-0.15127,-0.00019,-0.98849,0.974,0.0,0.0,nan,0.0,0.00373
-9.21232,62.84737,9.95935,0.0228,0.04574,0.99869,0.98771,0.0,0.0,nan,0.0,0.00869
-8.57862,62.99728,10.03944,0.03114,0.07313,0.99684,0.99099,0.0,0.0,nan,0.0,0.00916
-8.97858,64.97519,-10.44979,-0.12992,-0.00785,-0.99149,0.98106,0.0,0.0,nan,0.0,0.00918
-9.93926,64.17886,-9.90932,-0.12076,-0.07379,-0.98993,0.99754,0.0,0.0,nan,0.0,0.00565
-8.99279,65.18607,9.56066,0.01249,0.18121,0.98337,0.99009,0.0,0.0,nan,0.0,0.01016
-8.74633,66.52352,-10.20377,-0.13814,0.09422,-0.98592,0.99873,0.0,0.0,nan,0.0,0.014
-9.1375,67.20697,-9.5649,-0.17671,0.09901,-0.97927,0.9749,0.0,0.0,nan,0.0,0.00776
-8.97633,67.09454,9.31124,-0.03797,0.21121,0.9767,0.98245,0.0,0.0,nan,0.0,0.00935
-8.51525,69.22626,-10.01206,-0.15616,-0.01694,-0.98759,0.99704,0.0,0.0,nan,0.0,0.01507
-9.25409,68.91348,-9.66645,-0.15383,-0.04415,-0.98711,0.99049,0.0,0.0,nan,0.0,0.00969
-8.13804,69.7332,7.85511,-0.12196,0.32574,0.93756,0.97728,0.0,0.0,nan,0.0,0.00542
-8.96584,69.04851,8.81116,-0.08019,0.39326,0.91592,0.98235,0.0,0.0,nan,0.0,0.00726
-8.95489,70.78316,-10.20485,-0.1435,0.10318,-0.98426,0.99536,0.0,0.0,nan,0.0,0.00381
-9.0206,71.77403,-9.87374,-0.1342,0.12684,-0.9828,0.99645,0.0,0.0,nan,0.0,0.00874
-9.11721,71.0167,7.69203,-0.11531,0.20054,0.97288,0.99625,0.0,0.0,nan,0.0,0.00586
-8.92085,70.47748,8.23891,-0.11904,0.25201,0.96038,1.00062,0.0,0.0,nan,0.0,0.00707
-8.2446,73.71472,-10.05371,-0.1209,0.07593,-0.98976,0.98403,0.0,0.0,nan,0.0,0.00566
-9.11623,72.73734,-9.59927,-0.13171,0.16706,-0.97711,0.99625,0.0,0.0,nan,0.0,0.00711
-8.5878,73.93288,5.92402,-0.11167,0.56569,0.81702,0.9031,0.0,0.0,nan,0.0,0.00524
-9.08123,72.98054,7.21741,-0.12688,0.37662,0.91764,0.97242,0.0,0.0,nan,0.0,0.00794
-8.33003,72.01163,8.01298,-0.12266,0.20558,0.97092,0.96616,0.0,0.0,nan,0.0,0.00455
-8.22427,74.17205,-10.03864,-0.11202,0.0457,-0.99265,0.98026,0.0,0.0,nan,0.0,0.00633
-9.03224,75.02578,-9.43775,-0.11452,0.02913,-0.99299,0.99824,0.0,0.0,nan,0.0,0.00989
-8.99989,75.03896,5.34239,-0.07382,0.44184,0.89405,0.92117,0.0,0.0,nan,0.0,0.00527
-9.31793,74.42625,6.35227,-0.07881,0.53047,0.84403,0.99089,0.0,0.0,nan,0.0,0.0053
-8.96406,77.07054,-9.46736,-0.04611,0.33016,-0.9428,0.93815,0.0,0.0,nan,0.0,0.00815
-9.58339,77.85017,3.71047,-0.07718,0.76887,0.63473,0.98215,0.0,0.0,nan,0.0,0.01051
-9.11812,77.20413,5.4016,-0.04833,0.51124,0.85808,0.95951,0.0,0.0,nan,0.0,0.00621
-8.97058,78.40196,-8.43575,-0.00647,0.70914,-0.70504,0.9745,0.0,0.0,nan,0.0,0.01089
-8.98973,79.3236,-7.12036,-0.00778,0.87991,-0.47507,0.99198,0.0,0.0,nan,0.0,0.00279
-9.13405,79.90028,-5.51011,-0.00393,0.95766,-0.28786,0.99198,0.0,0.0,nan,0.0,0.0013
-9.0804,79.36946,1.40919,-0.06369,0.88624,0.45883,0.9896,0.0,0.0,nan,0.0,0.00682
-8.88019,78.6339,2.91746,-0.11913,0.84019,0.52904,0.99714,0.0,0.0,nan,0.0,0.00871
-8.54827,78.31158,4.42245,-0.10859,0.73607,0.66814,0.95136,0.0,0.0,nan,0.0,0.01046
-8.91164,80.07301,-4.53512,0.00024,0.98008,-0.19862,0.99208,0.0,0.0,nan,0.0,0.00262
-9.00654,80.25818,-3.0291,0.00724,0.99524,-0.09723,0.98225,0.0,0.0,nan,0.0,0.0107
-9.02158,80.34374,-1.07464,0.02786,0.99766,0.06248,0.97599,0.0,0.0,nan,0.0,0.00151
-9.01537,80.31609,0.82092,-0.02112,0.94192,0.33518,0.96983,0.0,0.0,nan,0.0,0.00502
-6.96533,1.71463,-8.62595,-0.10826,-0.80975,-0.5767,0.86933,0.0,0.0,nan,0.0,0.00451
-6.95825,1.40285,-7.00266,-0.047,-0.9494,-0.31053,0.99029,0.03301,0.16504,0.6,1.0,0.00657
-7.05497,0.80919,-5.05857,-0.00904,-0.96914,-0.24635,0.98254,0.04465,0.22323,0.7,1.0,0.01902
-7.00403,0.36913,-2.9125,0.00093,-0.99586,-0.0909,0.9884,0.02632,0.13161,0.6,1.0,0.01742
-7.02689,0.3494,-0.99366,-0.02049,-0.9956,0.09138,0.99377,0.015,0.07502,0.6,1.0,0.01377
-7.00802,0.67395,1.13007,-0.04344,-0.92224,0.38418,0.97897,0.0,0.0,nan,0.0,0.01008
-6.99956,1.55079,2.54422,-0.06441,-0.76449,0.64141,0.98771,0.0,0.0,nan,0.0,0.00342
-6.20497,3.31629,-10.03678,-0.15335,-0.40912,-0.8995,0.94987,0.0,0.0,nan,0.0,0.00387
-7.05346,2.84288,-9.75024,-0.16713,-0.47179,-0.86573,0.92783,0.0,0.0,nan,0.0,0.00437
-7.06663,2.8394,3.27547,-0.07487,-0.65801,0.74928,1.00052,0.0,0.0,nan,0.0,0.01066
-6.86189,3.68539,4.24552,-0.07823,-0.57868,0.81179,1.00092,0.0,0.0,nan,0.0,0.01583
-7.08711,5.26925,-10.57088,-0.18178,-0.37265,-0.90999,0.99625,0.0,0.0,nan,0.0,0.01062
-7.01467,4.43283,-9.39075,-0.16569,-0.34331,-0.92449,0.97579,0.0,0.0,nan,0.0,0.00814
-7.03099,5.05291,5.03453,-0.05766,-0.60667,0.79286,1.00082,0.0,0.0,nan,0.0,0.01235
-7.67571,5.90618,6.08478,-0.02543,-0.55611,0.83072,0.99516,0.0,0.0,nan,0.0,0.01047
-7.05701,6.79481,-11.12992,-0.18384,-0.16829,-0.96844,0.95841,0.0,0.0,nan,0.0,0.01589
-7.018,6.08567,5.63892,-0.05083,-0.55238,0.83204,0.99784,0.0,0.0,nan,0.0,0.00853
-7.00002,6.86998,6.79353,-0.02266,-0.40903,0.91224,0.96487,0.0,0.0,nan,0.0,0.00747
-6.9793,8.83154,-10.60285,-0.19966,0.01324,-0.97978,0.99496,0.0,0.0,nan,0.0,0.00902
-7.01483,9.09211,6.92457,-0.04417,-0.17201,0.9841,0.99506,0.0,0.0,nan,0.0,0.00517
-6.96186,11.11058,-11.19422,-0.16304,0.09623,-0.98192,0.97778,0.0,0.0,nan,0.0,0.00596
-6.998,10.73713,7.38005,-0.06115,-0.36981,0.92709,0.99079,0.0,0.0,nan,0.0,0.00717
-6.97122,11.68583,8.17131,-0.06262,-0.32924,0.94217,0.99128,0.0,0.0,nan,0.0,0.00432
-6.9776,12.98686,-10.43745,-0.10123,0.1981,-0.97494,1.00032,0.0,0.0,nan,0.0,0.01556
-7.46109,13.84601,7.87793,0.00527,-0.21899,0.97571,0.97222,0.0,0.0,nan,0.0,0.01172
-6.96304,13.00253,8.45078,-0.0218,-0.24165,0.97012,0.99039,0.0,0.0,nan,0.0,0.00633
-7.00065,15.01767,-10.21764,-0.07228,0.12252,-0.98983,1.00072,0.0,0.0,nan,0.0,0.01611
-7.13868,14.24703,7.75807,0.0064,-0.18726,0.98229,0.93299,0.0,0.0,nan,0.0,0.00649
-7.00793,14.98104,8.82447,0.01488,-0.24564,0.96925,1.00002,0.0,0.0,nan,0.0,0.00493
-6.76215,16.39836,-10.07031,-0.01307,0.13967,-0.99011,0.99694,0.0,0.0,nan,0.0,0.02291
-7.08928,17.28838,-9.87458,0.04045,0.10948,-0.99316,0.99694,0.0,0.0,nan,0.0,0.01296
-6.92625,17.04177,9.36571,0.01594,-0.18931,0.98179,0.99238,0.0,0.0,nan,0.0,0.01084
-7.59545,19.55999,-10.2516,0.09674,0.07413,-0.99255,0.92326,0.0,0.0,nan,0.0,0.0073
-6.89865,18.95626,-9.76384,0.19511,0.13798,-0.97103,0.98582,0.0,0.0,nan,0.0,0.01144
-7.13461,19.06218,9.4053,-0.0862,0.10352,0.99088,0.99476,0.0,0.0,nan,0.0,0.01159
-7.62258,20.28155,-10.1747,0.13209,0.07597,-0.98832,0.92465,0.0,0.0,nan,0.0,0.0092
-6.77504,21.08866,-9.49658,0.31422,0.09839,-0.94424,0.98344,0.0,0.0,nan,0.0,0.0092
-7.01609,21.07901,8.91792,-0.14204,-0.09131,0.98564,0.95533,0.0,0.0,nan,0.0,0.01024
-7.9881,22.80075,-10.01977,0.02323,0.08362,-0.99623,0.88085,0.0,0.0,nan,0.0,0.00859
-7.02236,22.99129,-9.31762,0.24321,0.06391,-0.96787,0.97202,0.0,0.0,nan,0.0,0.00717
-6.97415,22.81138,9.42372,-0.05767,-0.29463,0.95387,0.99118,0.0,0.0,nan,0.0,0.01313
-7.07792,23.62328,10.13982,-0.01167,-0.22646,0.97395,0.98463,0.0,0.0,nan,0.0,0.00994
-7.95596,25.1775,-10.03214,0.05046,0.0508,-0.99743,0.85116,0.0,0.0,nan,0.0,0.01041
-6.97989,24.99342,-9.22593,0.20333,0.01631,-0.97897,0.97579,0.0,0.0,nan,0.0,0.00892
-6.10176,25.34323,9.89223,0.1468,0.07226,0.98652,0.99387,0.0,0.0,nan,0.0,0.01718
-7.09719,25.09516,10.37401,0.05587,-0.00218,0.99844,0.96318,0.0,0.0,nan,0.0,0.01829
-7.04295,27.0214,-9.11075,0.11101,-0.11834,-0.98675,0.98721,0.0,0.0,nan,0.0,0.00682
-6.59834,27.29066,9.84201,0.11503,-0.10588,0.9877,0.9888,0.0,0.0,nan,0.0,0.00613
-7.25344,26.90677,10.25198,0.07872,-0.02789,0.99651,0.99049,0.0,0.0,nan,0.0,0.00802
-7.29977,29.57666,-10.20831,-0.00824,-0.23491,-0.97198,0.96507,0.0,0.0,nan,0.0,0.01007
-6.78846,28.74384,-9.70496,0.0833,-0.24875,-0.96498,0.98999,0.0,0.0,nan,0.0,0.00531
-6.40068,28.3343,9.64927,0.08565,-0.25071,0.96427,0.95126,0.0,0.0,nan,0.0,0.00331
-6.98816,28.92912,10.57834,0.07277,-0.27254,0.95939,0.9895,0.0,0.0,nan,0.0,0.00394
-6.96407,31.03468,-10.12014,-0.01683,-0.12966,-0.99142,0.99724,0.0,0.0,nan,0.0,0.00942
-6.13684,30.14375,-9.9573,0.08865,-0.24665,-0.96504,0.99992,0.0,0.0,nan,0.0,0.00751
-7.01261,31.03365,10.85204,-0.01822,-0.13958,0.99004,0.98999,0.0,0.0,nan,0.0,0.00261
-7.00039,32.97079,-10.25488,-0.13847,-0.03162,-0.98986,0.99397,0.0,0.0,nan,0.0,0.0101
-6.76496,33.65469,-9.86503,-0.18324,-0.05579,-0.98148,0.99248,0.0,0.0,nan,0.0,0.01287
-7.10346,33.01552,11.16206,-0.05055,0.00966,0.99867,0.98632,0.0,0.0,nan,0.0,0.00403
-6.99353,34.98088,-10.42867,-0.28085,-0.09001,-0.95552,0.99734,0.0,0.0,nan,0.0,0.01203
-7.94523,35.58295,-9.99764,-0.43917,-0.0451,-0.89727,0.99734,0.0,0.0,nan,0.0,0.012
-6.96151,35.20928,11.12878,-0.05828,0.11724,0.99139,0.98721,0.0,0.0,nan,0.0,0.00838
-7.03078,36.95242,-10.76901,-0.3141,-0.08666,-0.94543,0.98711,0.0,0.0,nan,0.0,0.01214
-7.78167,36.38987,-9.89378,-0.45114,-0.06692,-0.88994,0.99635,0.0,0.0,nan,0.0,0.01306
-7.50046,37.03291,9.75785,-0.03012,-0.08463,0.99596,0.85275,0.0,0.0,nan,0.0,0.00524
-6.97625,37.11499,10.71032,-0.01761,-0.09685,0.99514,0.99089,0.0,0.0,nan,0.0,0.00615
-7.0791,38.74714,-10.92235,-0.27004,-0.09209,-0.95843,0.96805,0.0,0.0,nan,0.0,0.00974
-7.09251,38.91487,11.44031,-0.04943,-0.16691,0.98473,0.98076,0.0,0.0,nan,0.0,0.00487
-6.96799,41.08517,-11.00569,-0.16352,0.06381,-0.98447,0.97659,0.0,0.0,nan,0.0,0.00854
-7.18872,41.07839,11.32963,-0.05576,0.1416,0.98835,0.99605,0.0,0.0,nan,0.0,0.01085
-7.22713,42.99731,-10.22394,-0.14495,-0.0051,-0.98943,0.98821,0.0,0.0,nan,0.0,0.00598
-6.80714,42.96887,-9.75659,-0.12907,0.01029,-0.99158,0.91353,0.0,0.0,nan,0.0,0.00705
-7.5035,43.22879,9.86052,-0.03822,-0.07181,0.99669,0.82236,0.0,0.0,nan,0.0,0.00362
-6.98644,43.00884,10.77001,-0.05039,-0.02184,0.99849,0.9885,0.0,0.0,nan,0.0,0.00483
-7.0977,45.01076,-10.51228,-0.11263,0.00175,-0.99364,0.99724,0.0,0.0,nan,0.0,0.0151
-6.94409,44.98888,11.48093,-0.00679,-0.08268,0.99655,0.98235,0.0,0.0,nan,0.0,0.005
-6.92724,46.95719,-10.65136,-0.14856,0.06128,-0.987,0.99754,0.0,0.0,nan,0.0,0.00569
-7.60479,47.41202,-9.57774,-0.13876,0.04936,-0.9891,0.86973,0.0,0.0,nan,0.0,0.00426
-6.04975,47.85184,9.95514,0.03146,0.11378,0.99301,0.85007,0.0,0.0,nan,0.0,0.00407
-6.79876,47.08573,11.24194,0.05693,0.17214,0.98343,0.99764,0.0,0.0,nan,0.0,0.0055
-7.09759,48.9487,-10.87142,-0.14279,-0.06757,-0.98744,0.99426,0.0,0.0,nan,0.0,0.00757
-7.85145,48.44869,-9.69882,-0.13197,-0.058,-0.98956,0.91174,0.0,0.0,nan,0.0,0.00611
-6.08856,48.33987,9.86072,0.0361,0.03773,0.99864,0.84679,0.0,0.0,nan,0.0,0.00536
-6.96784,48.8999,10.77889,0.06962,0.04745,0.99644,0.99744,0.0,0.0,nan,0.0,0.00769
-7.04762,51.05082,-10.83221,-0.0965,0.06814,-0.993,0.99019,0.0,0.0,nan,0.0,0.00752
-7.00495,51.05293,10.77954,0.00534,-0.01236,0.99991,0.99545,0.0,0.0,nan,0.0,0.00544
-7.06347,53.23345,-10.27937,-0.09486,-0.01011,-0.99544,0.99039,0.0,0.0,nan,0.0,0.00688
-6.73974,52.66671,-9.7592,-0.10405,0.05567,-0.99301,0.90806,0.0,0.0,nan,0.0,0.0073
-6.96297,52.8559,10.9811,-0.0088,-0.01956,0.99977,0.99545,0.0,0.0,nan,0.0,0.00236
-7.02358,54.95345,-10.53424,-0.1156,-0.00169,-0.99329,0.99873,0.0,0.0,nan,0.0,0.00978
-7.39637,54.31202,-9.81651,-0.0865,-0.02064,-0.99604,0.96427,0.0,0.0,nan,0.0,0.00735
-6.99066,55.01652,10.85751,-0.00328,0.06328,0.99799,0.99744,0.0,0.0,nan,0.0,0.01422
-6.90601,56.96381,-10.3985,-0.12087,0.02425,-0.99237,0.99963,0.0,0.0,nan,0.0,0.0044
-7.69415,57.10867,-9.69884,-0.14151,0.02779,-0.98955,0.94362,0.0,0.0,nan,0.0,0.00484
-7.00277,57.00135,10.70159,-0.01317,0.14279,0.98967,0.99555,0.0,0.0,nan,0.0,0.00755
-6.88866,58.90139,-10.69285,-0.10677,-0.04043,-0.99346,0.99327,0.0,0.0,nan,0.0,0.00788
-7.93475,58.33611,-9.90471,-0.13786,-0.04757,-0.98931,0.97837,0.0,0.0,nan,0.0,0.00799
-7.91875,58.90079,9.96637,-0.0716,0.21654,0.97364,0.99754,0.0,0.0,nan,0.0,0.00492
-7.01209,59.08098,10.29893,-0.02227,0.20279,0.97897,0.99694,0.0,0.0,nan,0.0,0.00621
-6.96876,61.0946,-10.666,-0.03331,0.08352,-0.99595,0.99188,0.0,0.0,nan,0.0,0.00815
-7.15663,61.47474,9.77013,0.02363,0.14693,0.98886,1.00042,0.0,0.0,nan,0.0,0.00584
-6.94622,60.67818,10.43284,0.00833,0.20054,0.97965,0.97887,0.0,0.0,nan,0.0,0.0059
-6.98124,62.98655,-10.59968,-0.02614,-0.01134,-0.99959,0.99069,0.0,0.0,nan,0.0,0.00764
-6.0284,62.43322,-9.97458,-0.02026,0.03657,-0.99913,0.98582,0.0,0.0,nan,0.0,0.008
-6.82794,63.25708,9.34469,0.03863,0.14287,0.98899,0.99456,0.0,0.0,nan,0.0,0.01079
-7.80527,62.70455,10.0389,0.02303,0.10565,0.99414,0.99327,0.0,0.0,nan,0.0,0.00698
-6.96371,64.94999,-10.48237,-0.03284,0.00843,-0.99942,0.99297,0.0,0.0,nan,0.0,0.00658
-6.36114,64.46621,-9.78256,-0.01939,-0.03093,-0.99933,0.9749,0.0,0.0,nan,0.0,0.0091
-6.96086,65.00905,9.20557,0.06897,0.14228,0.98742,0.99456,0.0,0.0,nan,0.0,0.00666
-6.93337,66.91068,-10.41179,-0.05504,0.04886,-0.99729,0.99893,0.0,0.0,nan,0.0,0.00674
-7.82741,67.53235,-9.91273,-0.10445,0.05916,-0.99277,0.99585,0.0,0.0,nan,0.0,0.01416
-6.92894,66.98222,9.40044,-0.00082,0.11541,0.99332,0.99277,0.0,0.0,nan,0.0,0.00564
-6.99357,68.95226,-10.43314,-0.09775,-0.05583,-0.99364,0.99109,0.0,0.0,nan,0.0,0.01454
-7.99833,68.37332,-9.98589,-0.13516,-0.01058,-0.99077,0.99079,0.0,0.0,nan,0.0,0.01656
-7.67046,69.78097,7.81934,-0.1054,0.30686,0.9459,0.96576,0.0,0.0,nan,0.0,0.00774
-6.989,68.90245,8.57181,-0.06734,0.31454,0.94685,0.99625,0.0,0.0,nan,0.0,0.00897
-6.95312,70.92559,-10.35719,-0.1199,0.12881,-0.98439,0.99575,0.0,0.0,nan,0.0,0.00625
-7.18093,71.84954,-9.69835,-0.10111,0.17945,-0.97856,0.99645,0.0,0.0,nan,0.0,0.00558
-7.12454,70.87992,7.58471,-0.12014,0.16945,0.97819,0.97758,0.0,0.0,nan,0.0,0.00732
-6.31143,71.28744,8.01824,-0.07314,0.17068,0.98261,0.99833,0.0,0.0,nan,0.0,0.00995
-6.59346,72.73718,-10.22431,-0.08035,0.16364,-0.98324,0.99536,0.0,0.0,nan,0.0,0.00555
-7.00044,73.11163,-9.71052,-0.07984,0.12657,-0.98874,0.99853,0.0,0.0,nan,0.0,0.00733
-7.15382,73.30558,7.78719,-0.15248,0.38098,0.91193,0.9312,0.0,0.0,nan,0.0,0.01178
-6.70411,72.41669,8.12559,-0.10484,0.20864,0.97236,0.96725,0.0,0.0,nan,0.0,0.01227
-7.98119,74.00902,-10.01199,-0.10716,0.05942,-0.99246,0.98572,0.0,0.0,nan,0.0,0.00615
-6.93505,75.07083,-9.42199,-0.05043,0.09774,-0.99393,0.99883,0.0,0.0,nan,0.0,0.00585
-7.47317,75.46487,5.52013,-0.17298,0.47264,0.86411,0.96874,0.0,0.0,nan,0.0,0.00793
-6.9751,74.94094,6.85106,-0.20432,0.51584,0.83196,0.97559,0.0,0.0,nan,0.0,0.01154
-7.00759,77.0822,-9.43604,0.00654,0.41491,-0.90984,0.9602,0.0,0.0,nan,0.0,0.00435
-6.95477,77.28377,5.37665,-0.15062,0.54,0.82808,0.97718,0.0,0.0,nan,0.0,0.00778
-6.67915,76.37199,6.1067,-0.19669,0.47354,0.85853,0.98274,0.0,0.0,nan,0.0,0.00727
-7.07117,78.38942,-8.3777,0.04509,0.72876,-0.68329,0.97917,0.0,0.0,nan,0.0,0.00755
-6.944,79.29354,-7.07117,0.05064,0.87269,-0.48564,0.99198,0.0,0.0,nan,0.0,0.00152
-6.85062,79.83917,-5.77002,0.02876,0.94225,-0.33368,0.99506,0.0,0.0,nan,0.0,0.00127
-6.71143,79.93323,1.74568,-0.0147,0.92973,0.36795,0.9886,0.0,0.0,nan,0.0,0.00491
-7.01106,79.52281,3.10938,-0.06344,0.88625,0.45884,0.96298,0.0,0.0,nan,0.0,0.01132
-7.01103,78.52116,4.53326,-0.09766,0.75076,0.65332,0.95732,0.0,0.0,nan,0.0,0.00705
-7.05637,80.12019,-4.66438,0.00277,0.97258,-0.23256,0.99307,0.0,0.0,nan,0.0,0.00159
-6.93392,80.31161,-3.06827,-0.02695,0.9938,-0.10788,0.97808,0.0,0.0,nan,0.0,0.00868
-6.96997,80.3812,-0.89133,-0.02186,0.99644,0.08143,0.96924,0.0,0.0,nan,0.0,0.01556
-7.05562,80.29311,0.91686,0.01409,0.94736,0.31986,0.97043,0.0,0.0,nan,0.0,0.00653
-5.15469,1.83555,-8.53842,-0.01613,-0.8328,-0.55334,0.93686,0.0,0.0,nan,0.0,0.00794
-4.98154,1.29535,-6.94223,-0.00761,-0.95288,-0.30326,0.98622,0.0,0.0,nan,0.0,0.00604
-5.05178,0.74837,-4.90976,-0.02057,-0.97787,-0.20822,0.97698,0.08623,0.43114,0.6,1.0,0.0135
-5.01073,0.43073,-2.96776,0.01237,-0.99596,-0.08896,0.98125,0.05741,0.28705,0.6,1.0,0.02428
-5.02037,0.34046,-0.88847,0.01309,-0.99665,0.0807,0.99327,0.0,0.0,nan,0.0,0.02163
-5.00907,0.6729,1.07051,-0.00941,-0.93665,0.35015,0.9883,0.0,0.0,nan,0.0,0.015
-5.00212,1.51493,2.61154,-0.05008,-0.79088,0.60992,0.98969,0.0,0.0,nan,0.0,0.00824
-4.9452,3.39053,-10.23742,-0.10379,-0.44073,-0.89162,0.95931,0.0,0.0,nan,0.0,0.00574
-5.02117,2.3651,-9.65381,-0.04099,-0.63119,-0.77454,0.92485,0.0,0.0,nan,0.0,0.00562
-5.05983,2.51918,3.55258,-0.08854,-0.68563,0.72255,0.99963,0.0,0.0,nan,0.0,0.01269
-4.97604,3.42845,4.39278,-0.10461,-0.59421,0.79748,0.99943,0.0,0.0,nan,0.0,0.01873
-4.885,5.17578,-10.80931,-0.14421,-0.35759,-0.92268,0.99833,0.0,0.0,nan,0.0,0.00899
-5.29067,4.3925,-9.7778,-0.15012,-0.38369,-0.91118,0.99168,0.0,0.0,nan,0.0,0.00416
-5.09604,4.98384,5.45368,-0.08557,-0.56389,0.8214,1.00032,0.0,0.0,nan,0.0,0.01539
-4.81465,5.87048,6.14987,-0.01691,-0.48551,0.87407,0.98423,0.0,0.0,nan,0.0,0.0087
-5.0235,6.84078,-11.48263,-0.09873,-0.12118,-0.98771,0.95434,0.0,0.0,nan,0.0,0.01381
-5.0232,6.93369,6.81284,0.01169,-0.33912,0.94067,0.96973,0.0,0.0,nan,0.0,0.0078
-4.99841,8.83387,-10.96183,-0.07635,0.0348,-0.99647,0.99953,0.0,0.0,nan,0.0,0.00967
-4.71108,8.98095,7.01314,0.08653,-0.1782,0.98018,0.99764,0.0,0.0,nan,0.0,0.0049
-5.02815,11.00489,-11.08847,-0.10236,0.09709,-0.99,0.99923,0.0,0.0,nan,0.0,0.00222
-4.95975,10.75079,7.54873,0.0581,-0.41538,0.90779,0.99824,0.0,0.0,nan,0.0,0.00806
-5.04201,11.69926,8.22847,0.00907,-0.35976,0.933,0.97619,0.0,0.0,nan,0.0,0.01135
-5.04827,13.08108,-10.73804,-0.07164,0.25346,-0.96469,1.00032,0.0,0.0,nan,0.0,0.00412
-4.06608,13.86471,-9.93655,0.00409,0.28761,-0.95774,0.98523,0.0,0.0,nan,0.0,0.00398
-4.99577,13.03973,8.66221,-0.04967,-0.21986,0.97427,0.98542,0.0,0.0,nan,0.0,0.00799
-5.01652,15.00065,-10.41014,0.05148,0.21407,-0.97546,0.99675,0.0,0.0,nan,0.0,0.00376
-4.05666,14.17446,-9.91842,0.03055,0.28672,-0.95753,0.98731,0.0,0.0,nan,0.0,0.00365
-5.87404,14.18511,7.93682,-0.05675,-0.17048,0.98373,0.95583,0.0,0.0,nan,0.0,0.00761
-5.05034,14.90802,8.78364,-0.06754,-0.21135,0.97507,1.00022,0.0,0.0,nan,0.0,0.00542
-5.18042,16.39759,-10.06179,0.14474,0.22689,-0.96311,0.99287,0.0,0.0,nan,0.0,0.00858
-4.80147,17.32037,-9.72576,0.20779,0.30892,-0.92811,0.99704,0.0,0.0,nan,0.0,0.0129
-5.01345,17.06356,9.01109,-0.00388,-0.20456,0.97885,0.99923,0.0,0.0,nan,0.0,0.0118
-5.09726,18.90944,-8.92917,0.28285,0.25095,-0.92576,0.99029,0.0,0.0,nan,0.0,0.00771
-5.00361,18.94867,9.75496,-0.01437,-0.0326,0.99937,0.99049,0.0,0.0,nan,0.0,0.00613
-5.03953,20.94375,-8.47057,0.24919,0.07951,-0.96519,0.96745,0.0,0.0,nan,0.0,0.00832
-5.02941,20.96321,9.515,-0.08623,-0.08709,0.99246,0.99814,0.0,0.0,nan,0.0,0.01154
-4.99351,22.97301,-8.62844,0.16731,0.00793,-0.98587,0.99118,0.0,0.0,nan,0.0,0.01304
-5.05454,22.52939,9.63228,-0.07478,-0.16134,0.98406,0.99426,0.0,0.0,nan,0.0,0.01953
-4.97439,23.59164,10.15061,-0.00279,-0.05417,0.99853,0.97093,0.0,0.0,nan,0.0,0.00959
-4.95647,24.96245,-8.70307,0.08937,-0.06938,-0.99358,0.99257,0.0,0.0,nan,0.0,0.01035
-4.72936,25.48667,9.77256,0.08043,0.1107,0.99059,0.99317,0.0,0.0,nan,0.0,0.00957
-4.93918,24.70808,10.2309,0.08255,0.08384,0.99305,0.97579,0.0,0.0,nan,0.0,0.01048
-5.03807,27.01341,-9.0054,0.06669,-0.18601,-0.98028,0.99565,0.0,0.0,nan,0.0,0.0063
-5.14105,27.07235,9.68468,0.10515,-0.13047,0.98586,0.97867,0.0,0.0,nan,0.0,0.00614
-4.07028,27.84441,10.05446,-0.01941,-0.30683,0.95157,0.98145,0.0,0.0,nan,0.0,0.00402
-5.04288,28.99937,-9.40964,0.07978,-0.27177,-0.95905,1.00012,0.0,0.0,nan,0.0,0.01377
-5.21891,28.23216,9.57601,0.04452,-0.30893,0.95004,0.94709,0.0,0.0,nan,0.0,0.00275
-4.95913,29.05191,10.52765,-0.01989,-0.3259,0.9452,0.98622,0.0,0.0,nan,0.0,0.00302
-5.18739,31.36612,-10.15215,0.0638,-0.162,-0.98473,1.00022,0.0,0.0,nan,0.0,0.01369
-4.78686,30.45378,-9.83541,0.08675,-0.23781,-0.96743,1.00052,0.0,0.0,nan,0.0,0.00673
-5.0244,30.99266,10.84335,0.00906,-0.15996,0.98708,0.98374,0.0,0.0,nan,0.0,0.00511
-5.023,33.05219,-10.24889,-0.04668,-0.19245,-0.9802,0.99953,0.0,0.0,nan,0.0,0.00507
-4.90267,33.00092,11.16119,0.0293,0.00159,0.99957,0.98056,0.0,0.0,nan,0.0,0.00621
-5.00945,34.98944,-11.1698,-0.15719,-0.17432,-0.97206,0.97778,0.0,0.0,nan,0.0,0.01589
-4.92692,35.05055,11.00655,0.06122,0.15405,0.98616,0.99357,0.0,0.0,nan,0.0,0.01248
-4.95902,37.07501,-11.20728,-0.06664,0.04737,-0.99665,0.98433,0.0,0.0,nan,0.0,0.00827
-4.05573,37.14158,9.94058,0.01282,-0.10162,0.99474,0.88334,0.0,0.0,nan,0.0,0.00796
-4.95328,37.0492,10.69286,0.04251,-0.09345,0.99472,0.98741,0.0,0.0,nan,0.0,0.0101
-4.86931,38.83547,-11.18359,0.03952,0.01183,-0.99915,0.99446,0.0,0.0,nan,0.0,0.00755
-4.89951,38.92574,11.43459,0.06137,-0.18836,0.98018,0.98423,0.0,0.0,nan,0.0,0.00694
-4.91454,41.05603,-10.87042,-0.02181,0.01549,-0.99964,0.99536,0.0,0.0,nan,0.0,0.00988
-4.95981,40.95274,11.28321,0.02728,0.07922,0.99648,0.99079,0.0,0.0,nan,0.0,0.01607
-4.96582,42.90524,-11.08141,-0.1026,-0.01034,-0.99467,0.99953,0.0,0.0,nan,0.0,0.00748
-4.97012,43.10126,10.76035,0.00169,-0.00026,1.0,0.99069,0.0,0.0,nan,0.0,0.00904
-4.92737,44.96174,-11.00761,-0.10043,0.00354,-0.99494,0.99555,0.0,0.0,nan,0.0,0.01314
-5.08632,44.95843,11.46866,0.01476,-0.057,0.99827,0.97877,0.0,0.0,nan,0.0,0.00748
-4.92367,47.01359,-10.77357,-0.07474,0.02281,-0.99694,0.99436,0.0,0.0,nan,0.0,0.01081
-5.85805,47.83824,9.93167,0.01111,0.11578,0.99321,0.83994,0.0,0.0,nan,0.0,0.00408
-5.12825,47.04779,11.03079,-0.06236,0.17281,0.98298,0.99476,0.0,0.0,nan,0.0,0.0054
-4.92803,49.08175,-10.91637,-0.05286,-0.034,-0.99802,0.99794,0.0,0.0,nan,0.0,0.01
-5.6729,48.32062,9.78521,-0.01405,0.0313,0.99941,0.81551,0.0,0.0,nan,0.0,0.00503
-4.94236,48.98177,10.74916,-0.07786,0.03579,0.99632,0.99188,0.0,0.0,nan,0.0,0.00505
-4.94861,50.90135,-11.01868,-0.01224,0.10911,-0.99395,0.989,0.0,0.0,nan,0.0,0.00669
-5.00949,51.12051,10.80616,-0.02114,-0.02899,0.99936,0.99575,0.0,0.0,nan,0.0,0.00701
-5.06507,53.00948,-10.66632,-0.02625,-0.01647,-0.99952,0.99714,0.0,0.0,nan,0.0,0.01022
-4.97575,52.94199,10.93558,-0.01233,-0.02126,0.9997,0.99784,0.0,0.0,nan,0.0,0.00528
-4.95017,55.00086,-11.06568,-0.07566,-0.02016,-0.99693,0.98046,0.0,0.0,nan,0.0,0.00772
-5.03309,54.98612,10.87337,-0.01944,0.06272,0.99784,0.99843,0.0,0.0,nan,0.0,0.01523
-4.99303,56.99396,-10.58084,-0.07377,0.04727,-0.99615,0.99853,0.0,0.0,nan,0.0,0.01422
-5.02636,57.03557,10.67603,0.02364,0.1677,0.98555,0.99784,0.0,0.0,nan,0.0,0.0062
-5.0405,59.01043,-10.65229,-0.061,0.01842,-0.99797,0.99377,0.0,0.0,nan,0.0,0.01403
-5.01785,59.46018,9.75073,0.08166,0.20349,0.97567,0.99267,0.0,0.0,nan,0.0,0.00643
-4.85962,58.88467,10.21625,0.07959,0.21114,0.97421,0.99963,0.0,0.0,nan,0.0,0.00396
-5.14546,60.81247,-10.43891,-0.0532,0.10806,-0.99272,1.00102,0.0,0.0,nan,0.0,0.01133
-5.07316,61.66281,-9.71883,-0.05263,0.09296,-0.99428,0.9462,0.0,0.0,nan,0.0,0.01093
-5.17293,61.05162,9.25271,0.00741,0.16597,0.9861,0.96407,0.0,0.0,nan,0.0,0.00689
-4.46899,60.19643,10.0131,0.0658,0.15583,0.98559,1.00052,0.0,0.0,nan,0.0,0.00607
-4.86288,63.0701,-10.15254,-0.09296,-0.04571,-0.99462,0.98721,0.0,0.0,nan,0.0,0.00896
-5.33058,62.11123,-9.94714,-0.0475,0.0681,-0.99655,0.97589,0.0,0.0,nan,0.0,0.00728
-5.11939,63.04328,9.77054,-0.05527,0.12497,0.99062,0.99327,0.0,0.0,nan,0.0,0.00706
-4.31875,62.69321,10.10783,-0.05766,0.06841,0.99599,0.97202,0.0,0.0,nan,0.0,0.00681
-5.0127,64.91449,-10.59996,-0.10901,0.01677,-0.9939,0.99516,0.0,0.0,nan,0.0,0.00721
-5.8511,64.42579,-9.89928,-0.04513,-0.03725,-0.99829,0.98264,0.0,0.0,nan,0.0,0.00804
-4.99595,65.12264,9.22406,-0.10573,0.13579,0.98508,0.99168,0.0,0.0,nan,0.0,0.01184
-4.82643,66.56879,-10.2891,-0.05308,0.06254,-0.99663,0.99218,0.0,0.0,nan,0.0,0.00384
-5.06174,67.24734,-9.48464,-0.00931,0.02809,-0.99956,0.89694,0.0,0.0,nan,0.0,0.00409
-5.06568,66.90125,9.33193,-0.09979,0.06368,0.99297,0.99814,0.0,0.0,nan,0.0,0.00687
-4.94257,69.04852,-10.51611,-0.05309,-0.09645,-0.99392,0.99297,0.0,0.0,nan,0.0,0.00427
-5.12766,68.3375,-9.79561,-0.02283,-0.08483,-0.99613,0.95365,0.0,0.0,nan,0.0,0.00476
-5.01983,68.94757,8.97984,-0.10122,0.3194,0.9422,0.97808,0.0,0.0,nan,0.0,0.01072
-4.98506,71.04233,-10.58781,-0.10309,0.16045,-0.98165,0.99009,0.0,0.0,nan,0.0,0.0089
-5.31857,71.96803,-9.97117,-0.09568,0.22832,-0.96887,0.99814,0.0,0.0,nan,0.0,0.00677
-4.35351,70.9804,7.99691,-0.06224,0.24282,0.96807,0.99148,0.0,0.0,nan,0.0,0.00573
-5.01624,70.95271,8.1654,-0.05964,0.22001,0.97367,0.99992,0.0,0.0,nan,0.0,0.00608
-4.97264,72.9353,-10.31303,-0.08213,0.18172,-0.97991,0.99645,0.0,0.0,nan,0.0,0.00554
-4.69784,73.45777,-9.93849,-0.07549,0.13068,-0.98855,1.00032,0.0,0.0,nan,0.0,0.00621
-4.75322,73.34499,7.60165,0.04337,0.40211,0.91456,0.98145,0.0,0.0,nan,0.0,0.01863
-5.06744,72.53049,8.25384,-0.00351,0.24095,0.97053,0.95941,0.0,0.0,nan,0.0,0.00787
-5.03874,74.78036,-10.03498,-0.06171,0.09914,-0.99316,0.99655,0.0,0.0,nan,0.0,0.00462
-4.64967,74.94135,-9.99745,-0.07324,0.10748,-0.99151,0.99397,0.0,0.0,nan,0.0,0.00443
-4.8302,75.15654,7.00939,0.05004,0.46381,0.88452,0.98403,0.0,0.0,nan,0.0,0.01019
-5.02607,77.09969,-9.3587,-0.00338,0.48266,-0.8758,0.95583,0.0,0.0,nan,0.0,0.0109
-5.25323,77.41,5.37335,-0.05574,0.60692,0.7928,0.98493,0.0,0.0,nan,0.0,0.00781
-4.85093,76.63732,6.30938,-0.02929,0.49479,0.86852,0.97291,0.0,0.0,nan,0.0,0.00595
-5.00528,78.24944,-8.30167,0.04632,0.75127,-0.65837,0.98979,0.0,0.0,nan,0.0,0.00469
-5.00612,79.07375,-7.03917,0.06061,0.86493,-0.49823,0.99843,0.00262,0.01308,0.7,1.0,0.00189
-4.94974,79.80682,-5.48922,0.04382,0.93338,-0.3562,0.99248,0.0,0.0,nan,0.0,0.00145
-4.94245,79.3327,1.14467,0.0148,0.93521,0.3538,0.9747,0.0,0.0,nan,0.0,0.00392
-4.98084,79.36794,2.98225,0.02571,0.89005,0.45513,0.9889,0.0,0.0,nan,0.0,0.00871
-4.91222,78.50171,4.61365,-0.03774,0.79744,0.60222,0.97112,0.0,0.0,nan,0.0,0.00876
-5.09362,80.12104,-4.61407,0.02106,0.96265,-0.26992,0.98969,0.0,0.0,nan,0.0,0.00115
-5.05736,80.38604,-3.00635,0.00366,0.99226,-0.12416,0.97966,0.0,0.0,nan,0.0,0.01422
-5.01572,80.53674,-0.99282,-0.0132,0.9931,0.11649,0.9604,0.0,0.0,nan,0.0,0.00254
-5.00461,80.35494,0.58997,0.0062,0.95901,0.28332,0.97927,0.0,0.0,nan,0.0,0.00359
-2.95047,1.93467,-8.39946,0.02555,-0.86218,-0.50595,0.98632,0.0,0.0,nan,0.0,0.00934
-3.07783,1.27236,-7.23051,0.00592,-0.92971,-0.36823,0.97947,0.0,0.0,nan,0.0,0.00582
-3.00562,0.67646,-5.07042,-0.01649,-0.9797,-0.19979,0.97232,0.0,0.0,nan,0.0,0.01823
-2.99492,0.48269,-3.0186,-0.01048,-0.99693,-0.07764,0.98046,0.0,0.0,nan,0.0,0.0119
-3.03883,0.40106,-0.95944,-0.01674,-0.99806,0.05999,0.99436,0.00416,0.02078,0.6,1.0,0.01491
-2.98273,0.66248,1.0839,-0.02677,-0.93955,0.34136,0.98741,0.0,0.0,nan,0.0,0.00396
-2.98241,1.48208,2.67996,-0.03491,-0.80021,0.59871,0.989,0.0,0.0,nan,0.0,0.00686
-2.96341,3.4096,-10.35643,-0.06028,-0.5464,-0.83535,0.97678,0.0,0.0,nan,0.0,0.00409
-2.96985,2.40769,-9.41133,0.00315,-0.72628,-0.6874,0.96725,0.0,0.0,nan,0.0,0.00316
-3.18156,2.03129,-7.98079,0.02432,-0.88818,-0.45886,0.98979,0.0,0.0,nan,0.0,0.00911
-2.94401,2.43093,3.75859,-0.01016,-0.67943,0.73367,0.99536,0.0,0.0,nan,0.0,0.00965
-3.0648,3.40739,4.64672,0.02091,-0.57866,0.8153,0.99476,0.0,0.0,nan,0.0,0.00967
-3.04211,5.04661,-10.85086,-0.09777,-0.3529,-0.93054,0.99992,0.0,0.0,nan,0.0,0.00666
-2.82693,4.85873,5.47983,0.06293,-0.51819,0.85295,0.99953,0.0,0.0,nan,0.0,0.00798
-3.36048,5.75467,6.18439,0.05131,-0.45341,0.88983,0.98304,0.0,0.0,nan,0.0,0.00776
-3.0146,6.98635,-11.54824,-0.0282,-0.06227,-0.99766,0.97847,0.0,0.0,nan,0.0,0.00957
-2.25254,6.25985,5.67423,0.07483,-0.41379,0.90729,0.99764,0.0,0.0,nan,0.0,0.00949
-3.00334,6.97113,6.68183,0.08115,-0.30138,0.95004,0.98612,0.0,0.0,nan,0.0,0.00479
-2.9643,9.26661,-11.05539,-0.00278,0.02055,-0.99979,1.00042,0.0,0.0,nan,0.0,0.00482
-2.96001,8.97685,6.68847,0.06791,-0.18977,0.97948,0.99436,0.0,0.0,nan,0.0,0.01326
-3.05373,11.01631,-11.45733,-0.06281,0.0438,-0.99706,0.98274,0.0,0.0,nan,0.0,0.00624
-2.95361,11.00564,7.08577,0.04334,-0.46077,0.88646,0.97857,0.0,0.0,nan,0.0,0.00882
-3.04913,11.77726,8.14504,0.02731,-0.41579,0.90905,0.9887,0.0,0.0,nan,0.0,0.0113
-2.97215,13.21242,-11.07283,-0.04371,0.35707,-0.93305,0.9883,0.0,0.0,nan,0.0,0.00445
-3.58836,13.87864,-9.84355,0.01593,0.32714,-0.94484,0.97579,0.0,0.0,nan,0.0,0.006
-2.98079,12.99052,8.64454,0.02483,-0.2676,0.96321,0.98463,0.0,0.0,nan,0.0,0.00694
-3.03602,14.74762,-10.00325,0.06821,0.35214,-0.93346,1.00012,0.0,0.0,nan,0.0,0.00543
-2.89798,15.06155,-9.81105,0.0797,0.34295,-0.93597,0.99486,0.0,0.0,nan,0.0,0.00705
-2.98407,14.88019,8.84064,0.04094,-0.17615,0.98351,0.99963,0.0,0.0,nan,0.0,0.00478
-3.84936,16.16979,-10.08272,0.15139,0.28222,-0.94733,0.99327,0.0,0.0,nan,0.0,0.00999
-3.05782,17.00693,-9.25501,0.08256,0.30561,-0.94857,0.99069,0.0,0.0,nan,0.0,0.01489
-2.99201,16.93087,9.48872,0.0578,-0.18017,0.98194,0.98711,0.0,0.0,nan,0.0,0.00948
-2.99164,18.93895,-8.39417,-0.03117,0.18689,-0.98189,0.94163,0.0,0.0,nan,0.0,0.01065
-2.95459,19.03089,9.20524,0.02157,-0.05835,0.99806,0.99893,0.0,0.0,nan,0.0,0.00824
-2.99259,21.02222,-8.57244,-0.09779,0.01314,-0.99512,1.00002,0.0,0.0,nan,0.0,0.02129
-3.00425,20.83561,9.66808,0.00736,-0.09081,0.99584,0.99982,0.0,0.0,nan,0.0,0.00588
-2.97318,23.02285,-8.53058,-0.08343,-0.02077,-0.9963,0.99913,0.0,0.0,nan,0.0,0.00808
-2.89867,22.62175,9.66948,-0.00803,-0.1149,0.99335,0.99605,0.0,0.0,nan,0.0,0.01521
-3.08163,23.57847,10.2395,-0.01195,-0.00367,0.99992,0.97291,0.0,0.0,nan,0.0,0.00837
-3.01101,25.03472,-8.75408,-0.07179,-0.11895,-0.9903,1.00072,0.0,0.0,nan,0.0,0.00966
-3.10521,25.19233,9.39916,-0.03713,0.09009,0.99524,0.98145,0.0,0.0,nan,0.0,0.00681
-2.83107,24.49101,10.19424,-0.0417,0.07963,0.99595,0.99377,0.0,0.0,nan,0.0,0.00733
-3.00296,26.9989,-9.01092,-0.05913,-0.16104,-0.98517,1.00072,0.0,0.0,nan,0.0,0.00684
-3.00547,26.92288,9.42605,-0.09801,-0.13348,0.98619,0.94252,0.0,0.0,nan,0.0,0.00619
-3.06226,27.81573,10.10252,-0.08569,-0.30532,0.94839,0.98473,0.0,0.0,nan,0.0,0.00562
-3.03902,28.99385,-9.39086,-0.0269,-0.21668,-0.97587,1.00082,0.0,0.0,nan,0.0,0.01096
-2.01065,28.03128,9.94095,-0.10277,-0.30689,0.94618,0.98384,0.0,0.0,nan,0.0,0.00745
-3.00733,28.86943,10.57503,-0.05168,-0.32899,0.94292,0.98662,0.0,0.0,nan,0.0,0.00308
-2.99852,31.75212,-10.06663,-0.0286,-0.24975,-0.96789,1.00082,0.0,0.0,nan,0.0,0.01776
-3.03679,30.81314,-9.74585,-0.01163,-0.23608,-0.97166,1.00032,0.0,0.0,nan,0.0,0.01936
-2.95634,31.04484,10.84152,-0.01295,-0.10888,0.99397,0.99476,0.0,0.0,nan,0.0,0.01207
-3.00911,33.07353,-10.32828,-0.06836,-0.29552,-0.95289,0.99814,0.0,0.0,nan,0.0,0.00941
-3.03447,33.01388,11.03401,-0.02479,-0.01184,0.99962,0.99456,0.0,0.0,nan,0.0,0.0045
-3.01094,34.84944,-11.12572,-0.11062,-0.20276,-0.97296,0.98622,0.0,0.0,nan,0.0,0.01304
-3.13303,35.14881,11.01545,-0.07477,0.14485,0.98662,0.99754,0.0,0.0,nan,0.0,0.01103
-3.04652,37.16423,-11.19624,-0.06417,0.13132,-0.98926,1.00072,0.0,0.0,nan,0.0,0.00552
-3.81586,37.05247,9.92474,-0.01253,-0.08928,0.99593,0.87807,0.0,0.0,nan,0.0,0.0069
-2.96946,37.02131,10.53626,-0.08125,-0.07631,0.99377,0.97877,0.0,0.0,nan,0.0,0.0076
-3.00259,38.91198,-10.58928,-0.02432,0.04745,-0.99858,0.98672,0.0,0.0,nan,0.0,0.00403
-3.48824,38.47148,-9.99261,-0.00474,0.07687,-0.99703,0.90449,0.0,0.0,nan,0.0,0.00599
-3.11411,38.9136,11.17527,-0.0511,-0.19388,0.97969,0.99764,0.0,0.0,nan,0.0,0.01194
-2.96609,41.01252,-10.85412,-0.01314,-0.06519,-0.99779,0.99804,0.0,0.0,nan,0.0,0.00791
-3.09801,41.03555,11.31663,-0.0214,0.10278,0.99447,0.99575,0.0,0.0,nan,0.0,0.0134
-2.98802,42.93198,-10.93415,-0.04569,-0.03511,-0.99834,1.00092,0.0,0.0,nan,0.0,0.01162
-3.11479,43.05977,10.83847,0.00639,0.01539,0.99986,0.99337,0.0,0.0,nan,0.0,0.01283
-3.07923,45.11187,-11.0874,-0.01654,0.05041,-0.99859,0.99943,0.0,0.0,nan,0.0,0.00796
-2.92093,44.88674,11.15354,0.05597,-0.11612,0.99166,0.99833,0.0,0.0,nan,0.0,0.00647
-2.99683,46.9668,-10.83933,0.00428,0.04622,-0.99892,0.99943,0.0,0.0,nan,0.0,0.00643
-3.01511,47.03169,11.43384,0.01852,0.08329,0.99635,0.96755,0.0,0.0,nan,0.0,0.0161
-3.05805,48.99471,-11.14421,-0.0226,-0.02949,-0.99931,0.99009,0.0,0.0,nan,0.0,0.00946
-3.00224,49.01981,10.88966,-0.02254,0.07736,0.99675,0.99009,0.0,0.0,nan,0.0,0.00873
-3.00783,51.17598,-10.9764,-0.03226,0.10462,-0.99399,0.99913,0.0,0.0,nan,0.0,0.00541
-2.69207,51.87051,-9.83199,-0.04797,0.07315,-0.99617,0.87857,0.0,0.0,nan,0.0,0.00335
-3.02332,51.14829,10.90188,-0.0164,0.02118,0.99964,1.00022,0.0,0.0,nan,0.0,0.00614
-3.16018,53.09203,-10.47596,-0.0192,-0.05867,-0.99809,0.99148,0.0,0.0,nan,0.0,0.00374
-2.75383,52.47829,-9.71073,-0.03075,0.01461,-0.99942,0.84828,0.0,0.0,nan,0.0,0.00319
-3.01546,52.91688,10.97391,-0.02455,-0.02629,0.99935,0.99953,0.0,0.0,nan,0.0,0.00804
-3.06418,55.04108,-10.74808,-0.0312,-0.02103,-0.99929,0.99575,0.0,0.0,nan,0.0,0.00563
-3.01125,55.03494,10.92375,0.00263,0.07243,0.99737,1.00002,0.0,0.0,nan,0.0,0.00405
-2.99441,57.02908,-10.65298,-0.04043,0.02739,-0.99881,0.99953,0.0,0.0,nan,0.0,0.00614
-2.17195,57.92821,9.92476,-0.04053,0.16966,0.98467,0.98314,0.0,0.0,nan,0.0,0.00997
-2.94642,57.10576,10.73397,-0.0259,0.18153,0.98304,0.99943,0.0,0.0,nan,0.0,0.00412
-3.02423,59.04605,-11.01304,-0.08302,-0.03314,-0.996,0.98979,0.0,0.0,nan,0.0,0.01313
-2.74599,58.90656,9.61473,-0.06585,0.23835,0.96895,0.9743,0.0,0.0,nan,0.0,0.0072
-3.31939,59.19706,10.12838,-0.03937,0.23639,0.97086,0.99655,0.0,0.0,nan,0.0,0.00663
-2.97183,61.03942,-10.91644,-0.14882,0.08379,-0.98531,0.99843,0.0,0.0,nan,0.0,0.01112
-3.80003,61.93824,-9.93876,-0.13842,0.04663,-0.98928,0.95146,0.0,0.0,nan,0.0,0.00863
-2.86478,61.46602,9.77912,-0.05254,0.045,0.9976,0.99963,0.0,0.0,nan,0.0,0.00572
-3.29416,60.52591,10.12216,-0.01499,0.13256,0.99106,1.00062,0.0,0.0,nan,0.0,0.00527
-2.96585,63.10743,-10.81285,-0.17622,-0.07645,-0.98138,1.00052,0.0,0.0,nan,0.0,0.01188
-3.87322,62.00966,-9.9724,-0.135,0.04106,-0.98999,0.95613,0.0,0.0,nan,0.0,0.00873
-2.89338,62.77326,9.99796,-0.06333,0.03351,0.99743,0.99605,0.0,0.0,nan,0.0,0.00665
-3.0278,63.19105,10.13975,-0.06391,0.05014,0.9967,0.97857,0.0,0.0,nan,0.0,0.00709
-3.04312,64.93796,-11.04123,-0.13036,0.06377,-0.98941,0.96805,0.0,0.0,nan,0.0,0.01192
-3.03331,65.07132,9.53848,-0.11262,0.12389,0.98588,0.99873,0.0,0.0,nan,0.0,0.01565
-2.08991,64.05803,10.02532,-0.06451,0.0708,0.9954,0.99684,0.0,0.0,nan,0.0,0.01255
-3.12721,66.88315,-10.54089,-0.09308,0.12539,-0.98773,0.99397,0.0,0.0,nan,0.0,0.00565
-2.67163,67.51222,-9.66376,-0.10978,0.04024,-0.99314,0.86447,0.0,0.0,nan,0.0,0.00379
-3.05108,66.925,9.65322,-0.04904,0.11566,0.99208,0.98572,0.0,0.0,nan,0.0,0.00855
-2.96409,69.01323,-10.77992,-0.07868,-0.12471,-0.98907,0.99158,0.0,0.0,nan,0.0,0.0046
-2.49382,68.30434,-9.72683,-0.10634,-0.12373,-0.9866,0.89118,0.0,0.0,nan,0.0,0.00514
-3.37604,69.84097,7.83855,-0.04183,0.30764,0.95058,0.94024,0.0,0.0,nan,0.0,0.00581
-3.18731,69.06651,9.09424,-0.01544,0.31753,0.94812,0.99347,0.0,0.0,nan,0.0,0.00797
-2.99983,71.10461,-10.75802,-0.06097,0.15877,-0.98543,0.97818,0.0,0.0,nan,0.0,0.01075
-3.25496,70.85117,7.55355,-0.04787,0.26028,0.96435,0.93915,0.0,0.0,nan,0.0,0.00567
-2.71681,71.22697,8.21197,-0.04101,0.25502,0.96607,0.99953,0.0,0.0,nan,0.0,0.00624
-2.80185,73.40235,-10.0009,-0.09183,0.12987,-0.98727,0.99923,0.0,0.0,nan,0.0,0.00947
-3.17368,73.15346,-9.75307,-0.08888,0.14832,-0.98494,0.98374,0.0,0.0,nan,0.0,0.00896
-3.16606,73.3769,7.5338,-0.0325,0.44681,0.89404,0.9885,0.0,0.0,nan,0.0,0.01944
-2.86848,72.52012,8.30263,-0.06357,0.28239,0.95719,0.96487,0.0,0.0,nan,0.0,0.0085
-2.76618,75.12969,-10.21751,-0.07846,0.15289,-0.98512,0.98344,0.0,0.0,nan,0.0,0.00604
-3.39132,74.56292,-9.8212,-0.07114,0.11239,-0.99111,1.00032,0.0,0.0,nan,0.0,0.00438
-3.06669,75.40534,5.76025,-0.02519,0.38761,0.92148,0.94461,0.0,0.0,nan,0.0,0.01209
-2.9603,74.66691,6.47417,-0.0226,0.44724,0.89413,0.96705,0.0,0.0,nan,0.0,0.01055
-3.00708,77.05724,-9.36722,-0.00624,0.53185,-0.84682,0.96159,0.0,0.0,nan,0.0,0.00389
-3.1869,77.70533,5.35721,-0.07134,0.66517,0.74327,0.95017,0.0,0.0,nan,0.0,0.00823
-2.86122,76.85458,6.17147,-0.07534,0.43962,0.89502,0.96795,0.0,0.0,nan,0.0,0.01123
-3.07763,78.20486,-8.24911,0.05249,0.77259,-0.63273,0.99486,0.0,0.0,nan,0.0,0.01051
-2.98879,78.92558,-7.01363,0.06671,0.86462,-0.49797,0.99933,0.00341,0.01707,0.7,1.0,0.02121
-2.90423,79.7355,-5.33988,0.07289,0.93102,-0.35761,0.99734,0.00087,0.00437,0.7,1.0,0.0101
-2.55346,79.83286,1.89752,-0.06494,0.8994,0.43227,0.99397,0.0,0.0,nan,0.0,0.00603
-2.93337,79.12993,2.99541,-0.05413,0.88505,0.46233,1.00022,0.0,0.0,nan,0.0,0.0061
-2.7721,78.34267,4.51994,-0.04383,0.82532,0.56296,0.97798,0.0,0.0,nan,0.0,0.00873
-3.17998,80.07588,-4.33982,0.06196,0.96216,-0.26533,0.99426,0.0,0.0,nan,0.0,0.00895
-2.98615,80.33327,-3.02157,0.04879,0.98688,-0.1539,0.98761,0.0,0.0,nan,0.0,0.00823
-3.02337,80.47813,-1.04365,0.00642,0.99926,0.03783,0.97897,0.0,0.0,nan,0.0,0.00404
-3.06013,80.34483,1.09086,-0.09607,0.94111,0.32416,0.97073,0.0,0.0,nan,0.0,0.00604
-3.57046,80.02699,2.06625,-0.06668,0.90922,0.41094,0.97599,0.0,0.0,nan,0.0,0.00941
-1.18466,1.8651,-8.29123,0.00862,-0.8746,-0.48477,0.99297,0.0,0.0,nan,0.0,0.00301
-0.98591,1.28628,-7.01773,-0.00177,-0.9236,-0.38336,0.98185,0.0,0.0,nan,0.0,0.00213
-1.03626,0.67276,-5.11199,-0.0126,-0.97575,-0.21851,0.9749,0.0,0.0,nan,0.0,0.0093
-1.01914,0.43863,-2.96573,-0.04437,-0.99493,-0.0902,0.97887,0.0,0.0,nan,0.0,0.01023
-1.02336,0.27232,-0.94988,-0.06034,-0.99675,0.05342,0.99287,0.0,0.0,nan,0.0,0.01164
-0.97571,0.56805,1.18253,-0.05872,-0.93308,0.35485,0.98254,0.0,0.0,nan,0.0,0.00774
-1.0041,1.39066,2.78824,-0.01167,-0.77476,0.63215,0.98096,0.0,0.0,nan,0.0,0.00616
-0.9697,3.43714,-10.48412,0.06815,-0.51966,-0.85165,0.95504,0.0,0.0,nan,0.0,0.0044
-0.92425,2.52393,-9.26924,0.03004,-0.7485,-0.66245,0.97798,0.0,0.0,nan,0.0,0.00727
-0.96988,2.52036,3.88874,0.00028,-0.64798,0.76166,0.99317,0.0,0.0,nan,0.0,0.00728
-0.9581,3.33551,4.49126,-0.01674,-0.55133,0.83412,0.99228,0.0,0.0,nan,0.0,0.00889
-0.99391,4.98763,-11.12216,0.13562,-0.29627,-0.94543,0.96626,0.0,0.0,nan,0.0,0.00689
-0.76044,4.88829,5.31414,-0.01608,-0.49062,0.87123,1.00062,0.0,0.0,nan,0.0,0.00849
-0.94498,6.95842,-11.51702,0.15983,-0.04312,-0.9862,0.975,0.0,0.0,nan,0.0,0.00494
-1.22492,6.24104,5.68856,0.01719,-0.42433,0.90534,0.99913,0.0,0.0,nan,0.0,0.01093
-1.00195,6.97837,6.54834,-0.00325,-0.35047,0.93657,0.99555,0.0,0.0,nan,0.0,0.00604
-1.04007,9.17599,-10.82735,0.07175,-0.05341,-0.99599,0.99109,0.0,0.0,nan,0.0,0.00297
-0.99816,9.21588,6.60413,-0.08077,-0.22764,0.97039,0.9894,0.0,0.0,nan,0.0,0.00996
-0.96599,10.9918,-11.42874,0.02469,-0.01241,-0.99962,0.98691,0.0,0.0,nan,0.0,0.00853
-1.02217,10.80781,7.40712,-0.0421,-0.41967,0.9067,0.99545,0.0,0.0,nan,0.0,0.00977
-0.97551,11.79633,8.13143,-0.004,-0.39847,0.91717,0.99248,0.0,0.0,nan,0.0,0.01625
-0.98922,13.21076,-11.09722,-0.00866,0.41708,-0.90883,0.99118,0.0,0.0,nan,0.0,0.00886
-0.98154,12.97231,8.60402,0.03663,-0.24026,0.97002,0.97202,0.0,0.0,nan,0.0,0.01143
-1.21847,14.061,-10.06417,-0.02841,0.42128,-0.90648,0.98691,0.0,0.0,nan,0.0,0.01033
-1.02072,14.98251,-9.58865,-0.06645,0.32608,-0.943,0.96785,0.0,0.0,nan,0.0,0.00749
-1.4953,14.90037,7.96269,0.07282,-0.14397,0.9869,0.94729,0.0,0.0,nan,0.0,0.00642
-0.9716,15.00665,8.37177,0.08399,-0.15228,0.98476,0.99059,0.0,0.0,nan,0.0,0.00717
-1.00078,17.01104,-9.50308,-0.15173,0.20093,-0.96778,0.99992,0.0,0.0,nan,0.0,0.01274
-1.04898,16.90946,8.96323,0.0742,-0.19481,0.97803,0.99923,0.0,0.0,nan,0.0,0.01383
-0.98922,18.98133,-9.14703,-0.20687,0.13332,-0.96924,1.00092,0.0,0.0,nan,0.0,0.01477
-1.03857,19.15069,9.54478,0.01593,-0.08204,0.9965,0.99585,0.0,0.0,nan,0.0,0.00751
-1.00006,21.04537,-9.07782,-0.16916,0.04035,-0.98476,1.00072,0.0,0.0,nan,0.0,0.00759
-1.11426,21.00278,9.74294,0.05374,-0.09178,0.99433,0.99416,0.0,0.0,nan,0.0,0.00728
-1.00656,22.9792,-8.85608,-0.13499,0.01842,-0.99068,1.00062,0.0,0.0,nan,0.0,0.0086
-1.05422,22.63331,9.70802,0.09962,-0.17095,0.98023,0.99843,0.0,0.0,nan,0.0,0.00992
-1.08459,23.56108,10.2762,0.03356,-0.11674,0.9926,0.95881,0.0,0.0,nan,0.0,0.00865
-1.03595,24.98684,-8.98727,-0.09456,-0.08741,-0.99167,1.00062,0.0,0.0,nan,0.0,0.00971
-1.32395,25.81766,9.75033,-0.16184,0.0139,0.98672,0.98384,0.0,0.0,nan,0.0,0.01146
-0.94415,24.87701,10.39764,-0.09987,-0.01368,0.99491,0.95345,0.0,0.0,nan,0.0,0.00864
-1.01973,26.96257,-9.23199,-0.07806,-0.14852,-0.98582,1.00092,0.0,0.0,nan,0.0,0.01598
-1.25414,26.90599,9.70237,-0.16533,-0.12584,0.97818,0.97043,0.0,0.0,nan,0.0,0.00779
-0.451,27.33252,10.24375,-0.10884,-0.15286,0.98224,0.99724,0.0,0.0,nan,0.0,0.00679
-0.10915,29.92272,-10.02051,-0.24324,-0.28468,-0.92725,1.00002,0.0,0.0,nan,0.0,0.01322
-1.00156,29.03185,-9.43937,-0.13056,-0.24172,-0.96152,0.99605,0.0,0.0,nan,0.0,0.01413
-1.49347,28.04959,9.86332,-0.09898,-0.28227,0.95421,0.98155,0.0,0.0,nan,0.0,0.00436
-0.96593,28.84712,10.61175,-0.04522,-0.25483,0.96593,0.99893,0.0,0.0,nan,0.0,0.00201
-0.80818,31.21314,-10.19643,-0.20812,-0.25712,-0.9437,0.99992,0.0,0.0,nan,0.0,0.01521
-1.41111,30.35155,-9.85522,-0.13593,-0.25133,-0.95831,1.00102,0.0,0.0,nan,0.0,0.00785
-1.00997,31.00692,10.87601,0.00124,-0.10698,0.99426,0.99456,0.0,0.0,nan,0.0,0.00852
-0.96582,33.10831,-10.60025,-0.14099,-0.27782,-0.95023,0.99843,0.0,0.0,nan,0.0,0.01279
-1.00251,33.00219,11.06474,0.0555,-0.04323,0.99752,0.99923,0.0,0.0,nan,0.0,0.0046
-1.05972,34.90491,-11.42591,-0.04035,-0.15961,-0.98636,0.98374,0.0,0.0,nan,0.0,0.01782
-0.9857,35.07965,11.25883,0.0148,0.06097,0.99803,0.98681,0.0,0.0,nan,0.0,0.00865
-0.99982,37.13239,-11.40957,-0.04719,0.11728,-0.99198,0.99397,0.0,0.0,nan,0.0,0.00867
-1.04973,36.92235,10.94216,-0.04589,-0.04733,0.99782,0.99118,0.00049,0.00247,0.7,1.0,0.01052
-0.97327,39.01751,-10.92499,-0.09076,0.03531,-0.99525,0.99903,0.0,0.0,nan,0.0,0.00634
-1.01345,38.91523,11.43309,0.02874,-0.11905,0.99247,0.97907,0.0,0.0,nan,0.0,0.01219
-1.04226,40.97764,-10.9825,-0.05686,-0.04079,-0.99755,1.00032,0.0,0.0,nan,0.0,0.00878
-0.86516,40.96009,11.22042,0.02931,0.10288,0.99426,0.99992,0.0,0.0,nan,0.0,0.0143
-1.00395,42.95878,-10.91146,-0.04413,-0.05445,-0.99754,1.00052,0.0,0.0,nan,0.0,0.00847
-1.0635,43.16067,11.2928,0.01385,0.03532,0.99928,0.99843,0.0,0.0,nan,0.0,0.01045
-1.02916,45.05164,-11.26785,-0.07782,0.03686,-0.99629,0.99794,0.0,0.0,nan,0.0,0.01346
-0.96986,44.91644,11.35747,0.07476,-0.04368,0.99624,0.9886,0.0,0.0,nan,0.0,0.00677
-1.01108,46.67636,-10.6023,-0.11455,0.04544,-0.99238,0.97937,0.0,0.0,nan,0.0,0.00648
-1.31721,46.95192,-9.96865,-0.10381,0.03316,-0.99404,0.86308,0.0,0.0,nan,0.0,0.0038
-0.89915,46.97702,10.86957,0.17052,0.10896,0.97931,0.99307,0.0,0.0,nan,0.0,0.00885
-1.05535,48.97962,-10.96111,-0.09878,-0.03357,-0.99454,1.00012,0.0,0.0,nan,0.0,0.00838
-0.12206,49.1091,9.81728,0.16174,-0.01827,0.98666,0.91392,0.0,0.0,nan,0.0,0.00662
-0.8878,48.9973,10.77739,0.18792,0.02093,0.98196,0.99833,0.0,0.0,nan,0.0,0.00895
-1.10429,51.04187,-11.10039,-0.15034,0.09915,-0.98365,0.99635,0.0,0.0,nan,0.0,0.00794
-1.94993,51.96441,-9.9063,-0.11857,0.06879,-0.99056,0.88254,0.0,0.0,nan,0.0,0.00439
-0.96232,51.10505,10.99653,0.08043,-0.07696,0.99378,0.99744,0.0,0.0,nan,0.0,0.01203
-1.0792,52.92744,-10.97051,-0.1907,-0.04984,-0.98038,0.99784,0.0,0.0,nan,0.0,0.00438
-1.96807,52.09465,-9.94761,-0.11679,0.05517,-0.99162,0.89029,0.0,0.0,nan,0.0,0.00491
-0.98642,52.93884,11.05296,0.02115,-0.00229,0.99977,0.99913,0.0,0.0,nan,0.0,0.00879
-1.05617,54.98066,-11.26123,-0.12451,0.02548,-0.99189,0.98473,0.0,0.0,nan,0.0,0.00993
-0.89937,55.08282,10.77179,0.04578,0.0864,0.99521,0.99943,0.0,0.0,nan,0.0,0.00527
-1.00054,56.96668,-10.51074,-0.08998,0.0262,-0.9956,0.98662,0.0,0.0,nan,0.0,0.01071
-0.99182,56.99322,10.92958,-0.01429,0.11173,0.99364,0.99397,0.0,0.0,nan,0.0,0.00534
-1.01321,58.9859,-11.09176,-0.09652,-0.05131,-0.99401,1.00022,0.0,0.0,nan,0.0,0.01064
-1.9138,59.52108,9.9908,-0.08762,0.23382,0.96832,1.00012,0.0,0.0,nan,0.0,0.00831
-1.02593,59.08734,10.66932,-0.08866,0.17912,0.97983,0.98562,0.0,0.0,nan,0.0,0.00829
-1.00349,61.09363,-11.07726,-0.09972,0.04441,-0.99402,0.99893,0.0,0.0,nan,0.0,0.00796
-1.04197,61.04616,9.87318,-0.09088,0.12429,0.98808,0.99168,0.0,0.0,nan,0.0,0.00754
-1.10088,60.85524,10.02279,-0.10026,0.13736,0.98543,0.99784,0.0,0.0,nan,0.0,0.00662
-1.03697,62.89312,-10.85572,-0.08244,-0.04117,-0.99575,0.99972,0.0,0.0,nan,0.0,0.01079
-1.13936,62.74997,9.64474,-0.06901,0.00957,0.99757,0.99774,0.0,0.0,nan,0.0,0.0079
-0.66675,63.3335,10.07543,-0.08452,0.02993,0.99597,0.99655,0.0,0.0,nan,0.0,0.00922
-0.97492,65.04945,-11.25168,-0.05473,0.0945,-0.99402,0.97788,0.0,0.0,nan,0.0,0.00747
-1.07575,65.20831,9.64904,-0.05142,0.16189,0.98547,0.99784,0.0,0.0,nan,0.0,0.01341
-0.80656,64.31271,10.10251,-0.06677,0.09662,0.99308,0.9896,0.0,0.0,nan,0.0,0.01385
-0.87382,66.89087,-10.59023,-0.09073,0.13984,-0.98601,0.99267,0.0,0.0,nan,0.0,0.00856
-1.68907,67.50063,-9.75664,-0.08706,0.0431,-0.99527,0.87341,0.0,0.0,nan,0.0,0.00715
-0.85852,67.22502,9.48071,0.00867,0.16776,0.98579,0.99903,0.0,0.0,nan,0.0,0.01122
-0.97904,69.04573,-10.75061,-0.08267,-0.07817,-0.99351,0.99436,0.0,0.0,nan,0.0,0.01002
-1.74226,68.26609,-9.87041,-0.07375,-0.09243,-0.99298,0.91323,0.0,0.0,nan,0.0,0.00824
-1.01456,68.89373,9.03243,0.01606,0.31698,0.94829,0.99257,0.0,0.0,nan,0.0,0.00723
-0.95649,71.12234,-10.82667,-0.00188,0.17461,-0.98464,0.97996,0.0,0.0,nan,0.0,0.00994
-0.61673,71.28229,7.69055,-0.03981,0.16966,0.9847,0.96616,0.0,0.0,nan,0.0,0.00592
-1.22734,70.69492,8.31032,-0.02705,0.18579,0.98222,0.99734,0.0,0.0,nan,0.0,0.00771
-0.95562,73.00502,-10.4754,-0.03323,0.13482,-0.99031,0.99764,0.0,0.0,nan,0.0,0.00584
-1.72168,73.65712,-9.98628,-0.06848,0.09926,-0.9927,0.99972,0.0,0.0,nan,0.0,0.01051
-1.17203,73.70657,7.68695,-0.11757,0.45703,0.88165,0.98235,0.0,0.0,nan,0.0,0.0182
-0.94173,72.87994,8.48903,-0.07221,0.28425,0.95603,0.94501,0.0,0.0,nan,0.0,0.01066
-0.94693,74.9687,-10.32118,-0.04421,0.1698,-0.98449,0.97589,0.0,0.0,nan,0.0,0.00531
-1.59676,75.77711,-9.99444,-0.05117,0.2868,-0.95662,0.97232,0.0,0.0,nan,0.0,0.01137
-1.97322,75.09904,5.98122,-0.11237,0.37173,0.92151,0.92475,0.0,0.0,nan,0.0,0.01416
-0.98855,74.92459,6.75702,-0.16076,0.46154,0.87243,0.99367,0.0,0.0,nan,0.0,0.02083
-1.01995,77.09518,-9.29583,0.02396,0.62072,-0.78366,0.98493,0.0,0.0,nan,0.0,0.01246
-1.24699,77.93325,3.40808,-0.10647,0.87946,0.46391,0.90141,0.0,0.0,nan,0.0,0.0062
-0.99867,77.94178,5.97269,-0.10866,0.65375,0.74887,0.87291,0.0,0.0,nan,0.0,0.00808
-1.0317,76.98292,6.41997,-0.11429,0.42724,0.89688,0.94153,0.0,0.0,nan,0.0,0.00835
-1.15514,78.09786,-8.14355,0.04898,0.79241,-0.60802,0.99814,0.0,0.0,nan,0.0,0.0101
-1.04414,78.74387,-7.00344,0.06883,0.87069,-0.48699,0.99982,0.01498,0.01498,0.7,0.72093,0.01625
-0.91218,79.65903,-5.0957,0.08151,0.93699,-0.33972,0.99814,0.00076,0.0038,0.7,1.0,0.01833
-0.33244,79.9659,-3.87882,0.07912,0.96488,-0.2505,0.99536,0.0,0.0,nan,0.0,0.01491
-1.81994,79.93784,1.93781,-0.06853,0.89542,0.43991,0.98115,0.0,0.0,nan,0.0,0.00623
-1.07227,79.02011,3.00386,-0.07253,0.87869,0.47185,0.99565,0.0,0.0,nan,0.0,0.005
-1.0538,78.30003,5.04225,-0.10035,0.7922,0.60195,0.96517,0.0,0.0,nan,0.0,0.0094
-1.71519,80.0212,-4.10226,0.07538,0.96328,-0.2577,0.99347,0.00185,0.00924,0.6,1.0,0.01607
-0.98133,80.19737,-3.00049,0.06426,0.98153,-0.18022,0.99148,0.0,0.0,nan,0.0,0.00942
-1.03231,80.37267,-1.06919,0.0296,0.99893,-0.03554,0.9889,0.0,0.0,nan,0.0,0.01248
-1.04957,80.31534,1.06327,-0.04037,0.95857,0.28198,0.96884,0.0,0.0,nan,0.0,0.00689
-0.77905,80.15186,2.25682,-0.07181,0.88482,0.46037,0.96576,0.0,0.0,nan,0.0,0.00396
1.16874,1.8221,-8.4083,-0.05006,-0.83206,-0.55243,0.96993,0.0,0.0,nan,0.0,0.00213
1.00962,1.29063,-7.02983,-0.05093,-0.93084,-0.36187,0.9891,0.0,0.0,nan,0.0,0.01191
1.11573,0.59556,-4.99646,-0.04864,-0.97132,-0.23274,0.97043,0.0,0.0,nan,0.0,0.00733
0.97344,0.29792,-2.92859,-0.05974,-0.99266,-0.10513,0.97093,0.0,0.0,nan,0.0,0.0116
1.03653,0.1174,-0.95321,-0.06246,-0.9971,0.04342,0.98016,0.0,0.0,nan,0.0,0.01154
0.96651,0.41465,1.07104,-0.02582,-0.92083,0.38912,0.96815,0.0,0.0,nan,0.0,0.00354
0.9545,1.35503,2.62791,0.01159,-0.77384,0.63327,0.98801,0.0,0.0,nan,0.0,0.00425
0.70138,3.40048,-10.21804,0.05581,-0.47663,-0.87733,0.95315,0.0,0.0,nan,0.0,0.00289
0.97562,2.54358,-9.68426,0.00286,-0.6467,-0.76274,0.95682,0.0,0.0,nan,0.0,0.0037
1.23728,2.47112,3.32488,0.00739,-0.68825,0.72543,1.00012,0.0,0.0,nan,0.0,0.0059
0.98049,3.25526,4.52911,0.00666,-0.59561,0.80325,0.99446,0.0,0.0,nan,0.0,0.00842
0.97926,5.17064,-10.37531,0.09831,-0.23406,-0.96724,0.99585,0.0,0.0,nan,0.0,0.00259
1.3468,4.42586,-9.71476,0.03248,-0.29019,-0.95642,0.96894,0.0,0.0,nan,0.0,0.0053
0.88029,4.83754,5.65128,-0.01215,-0.45511,0.89035,0.98711,0.0,0.0,nan,0.0,0.00853
1.20635,5.93026,6.08686,0.00996,-0.41691,0.90889,0.99426,0.0,0.0,nan,0.0,0.01208
1.05789,7.52889,-10.51632,0.02316,-0.09854,-0.99486,0.97381,0.0,0.0,nan,0.0,0.00461
1.37818,6.85705,-9.91744,0.0055,-0.15638,-0.98768,0.89784,0.0,0.0,nan,0.0,0.00483
0.8389,6.00461,5.95024,-0.00118,-0.42247,0.90638,0.99824,0.0,0.0,nan,0.0,0.01242
1.01785,6.96494,6.66223,0.01755,-0.36691,0.93009,0.99039,0.0,0.0,nan,0.0,0.00713
1.04157,9.18691,-10.75224,-0.00351,-0.15499,-0.98791,0.98046,0.0,0.0,nan,0.0,0.00232
1.00303,9.06361,6.98419,-0.02005,-0.25388,0.96703,0.99824,0.0,0.0,nan,0.0,0.00706
0.97329,10.9291,-11.43137,-0.00728,-0.02192,-0.99973,0.99019,0.0,0.0,nan,0.0,0.00554
1.08552,10.97954,7.381,0.02317,-0.35384,0.93502,1.00052,0.0,0.0,nan,0.0,0.01258
0.49754,11.83757,8.11978,0.05829,-0.33403,0.94076,0.9884,0.0,0.0,nan,0.0,0.0102
0.98159,13.18842,-11.04078,-0.01429,0.35329,-0.9354,0.99625,0.0,0.0,nan,0.0,0.0075
1.68145,12.14992,7.86036,0.0728,-0.26116,0.96255,1.00042,0.0,0.0,nan,0.0,0.00639
0.95392,13.0231,8.51704,0.10502,-0.22875,0.9678,0.99049,0.0,0.0,nan,0.0,0.00622
1.30073,14.89029,-10.09583,-0.12277,0.22617,-0.96632,0.99059,0.0,0.0,nan,0.0,0.01043
0.38076,15.10052,-9.82535,-0.12547,0.25046,-0.95996,0.98384,0.0,0.0,nan,0.0,0.01228
1.51949,14.78105,7.79308,0.0522,-0.12286,0.99105,0.96735,0.0,0.0,nan,0.0,0.00857
0.97775,15.00518,8.5864,0.0476,-0.11899,0.99175,1.00072,0.0,0.0,nan,0.0,0.00838
1.44884,16.91132,-10.18744,-0.18249,0.15046,-0.97163,0.99734,0.0,0.0,nan,0.0,0.01099
0.57751,17.19443,-9.85323,-0.19573,0.15765,-0.9679,1.00062,0.0,0.0,nan,0.0,0.01145
1.12608,16.95561,9.12002,0.05805,-0.24862,0.96686,0.99972,0.0,0.0,nan,0.0,0.0055
1.98243,18.04158,-10.0006,-0.16052,0.2163,-0.96304,0.99883,0.0,0.0,nan,0.0,0.012
1.02602,18.94712,-9.30452,-0.15049,0.18547,-0.97106,0.99943,0.0,0.0,nan,0.0,0.01149
0.97193,19.04297,9.43958,0.08967,-0.06786,0.99366,0.98652,0.0,0.0,nan,0.0,0.0058
1.02128,21.00109,-9.26585,-0.13759,0.05889,-0.98874,1.00102,0.01568,0.07841,0.6,1.0,0.00989
1.06607,21.03916,9.26525,0.13671,-0.00578,0.99059,0.9885,0.0,0.0,nan,0.0,0.00817
0.97492,23.02222,-9.11825,-0.17541,0.01515,-0.98438,1.00042,0.04033,0.20167,0.6,1.0,0.01211
1.18229,23.15121,9.01476,0.13418,-0.30636,0.94241,0.96358,0.0,0.0,nan,0.0,0.00903
0.99339,23.8504,10.09507,0.08867,-0.21952,0.97157,0.98284,0.0,0.0,nan,0.0,0.01041
1.01257,24.94874,-8.94989,-0.23235,-0.07467,-0.96976,0.98384,0.00345,0.01725,0.7,1.0,0.01174
0.13867,25.91418,9.93434,-0.06788,-0.03647,0.99703,0.99118,0.0,0.0,nan,0.0,0.01391
1.03535,25.03588,10.42481,0.03881,-0.133,0.99036,0.97639,0.0,0.0,nan,0.0,0.00714
1.9336,27.88014,-10.07397,-0.37227,-0.24126,-0.89622,1.00042,0.01451,0.07257,0.7,1.0,0.03322
1.21008,27.04022,-9.31124,-0.30742,-0.19825,-0.93069,0.98394,0.0037,0.01848,0.7,1.0,0.01651
0.60076,26.41023,9.99351,-0.04965,-0.04572,0.99772,0.99694,0.0,0.0,nan,0.0,0.01095
1.01353,27.06078,10.29375,-0.01057,-0.09109,0.99579,0.99536,0.0,0.0,nan,0.0,0.01401
1.38092,29.32035,-10.33822,-0.32834,-0.28456,-0.90068,0.99992,0.00366,0.01829,0.7,1.0,0.01733
0.73516,28.6722,-9.77091,-0.28487,-0.26659,-0.92075,0.99575,0.0028,0.014,0.7,1.0,0.01767
0.99862,28.90931,10.64568,0.00707,-0.20107,0.97955,0.99406,0.0,0.0,nan,0.0,0.00716
0.97009,30.9419,-10.78188,-0.27798,-0.21253,-0.93678,0.99675,0.0,0.0,nan,0.0,0.01625
0.97295,31.01547,10.838,0.00989,-0.07567,0.99708,0.99873,0.0,0.0,nan,0.0,0.00397
1.01106,33.02924,-11.03442,-0.14917,-0.14519,-0.97809,0.99992,0.0,0.0,nan,0.0,0.01204
1.01186,33.07164,10.9301,0.06049,0.00935,0.99812,1.00012,0.0,0.0,nan,0.0,0.00316
0.99298,35.0067,-11.14805,-0.02382,-0.06137,-0.99783,0.99833,0.0,0.0,nan,0.0,0.00752
1.06489,35.0388,10.61504,0.08756,0.05288,0.99475,0.99943,0.0,0.0,nan,0.0,0.00814
0.95839,37.02655,-11.23207,-0.02226,0.08072,-0.99649,1.00062,0.0,0.0,nan,0.0,0.01137
1.08138,37.11275,10.90654,0.07981,-0.06343,0.99479,1.00082,0.0,0.0,nan,0.0,0.00759
0.95749,38.94278,-11.03641,-0.08286,0.01368,-0.99647,1.00112,0.0,0.0,nan,0.0,0.00937
1.18242,38.79103,11.09067,0.07507,-0.10622,0.99151,1.00112,0.0,0.0,nan,0.0,0.00771
0.97716,41.07234,-11.10661,-0.07309,-0.02391,-0.99704,1.00082,0.0,0.0,nan,0.0,0.00619
0.98542,40.96967,11.07582,0.05825,0.05073,0.99701,0.99675,0.0,0.0,nan,0.0,0.017
1.00836,43.03559,-11.01301,-0.05939,-0.05528,-0.9967,1.00002,0.0,0.0,nan,0.0,0.00739
1.00113,43.09532,10.8267,0.00274,0.0206,0.99978,0.99774,0.0,0.0,nan,0.0,0.01301
1.04044,44.98368,-11.3741,-0.04282,0.00611,-0.99906,0.99545,0.0,0.0,nan,0.0,0.01178
0.97531,44.92373,11.17768,0.00801,0.01911,0.99979,0.99804,0.0,0.0,nan,0.0,0.00842
1.0447,46.99646,-11.27019,-0.0564,0.02684,-0.99805,0.99883,0.0,0.0,nan,0.0,0.00708
0.96374,46.94127,10.69728,0.0294,0.19178,0.981,0.99466,0.0,0.0,nan,0.0,0.0114
1.11128,49.06143,-11.2771,-0.0196,-0.01651,-0.99967,0.99277,0.0,0.0,nan,0.0,0.00783
0.80847,49.14536,9.72693,0.06889,-0.03377,0.99705,0.90568,0.0,0.0,nan,0.0,0.00756
1.0644,48.66441,10.15563,0.04335,0.00492,0.99905,0.96338,0.0,0.0,nan,0.0,0.00835
1.04849,51.07954,-11.37018,-0.01932,0.0201,-0.99961,0.99466,0.0,0.0,nan,0.0,0.00759
0.99274,51.04119,10.90163,0.04238,-0.14345,0.98875,0.99913,0.0,0.0,nan,0.0,0.01027
0.95489,52.83158,-11.34496,-0.04702,-0.04353,-0.99795,0.99436,0.0,0.0,nan,0.0,0.01137
1.02826,52.94639,11.00993,0.04166,-0.00512,0.99912,0.99665,0.0,0.0,nan,0.0,0.01016
0.98814,55.07543,-11.3479,-0.00671,0.06849,-0.99763,0.99486,0.0,0.0,nan,0.0,0.01217
1.00853,55.02654,10.88026,0.08232,0.11327,0.99015,0.99903,0.0,0.0,nan,0.0,0.00781
0.91987,56.97771,-11.1444,-0.01963,0.02735,-0.99943,0.99377,0.0,0.0,nan,0.0,0.00911
1.64039,57.53473,9.99293,0.06558,0.02696,0.99748,0.97609,0.0,0.0,nan,0.0,0.00591
1.03632,56.94454,10.30579,0.08405,0.0136,0.99637,0.99526,0.0,0.0,nan,0.0,0.01342
0.91792,59.04038,-11.29313,-0.01126,-0.0297,-0.9995,0.98264,0.0,0.0,nan,0.0,0.02609
1.76604,59.72332,9.76451,0.02655,0.20437,0.97853,0.98542,0.0,0.0,nan,0.0,0.00666
1.01154,59.07139,10.87249,0.01585,0.13779,0.99033,0.97947,0.0,0.0,nan,0.0,0.00615
1.07707,61.09169,-11.11737,0.01539,0.07922,-0.99674,1.00022,0.0,0.0,nan,0.0,0.01096
1.003,61.80743,9.99634,0.0184,0.06337,0.99782,0.99218,0.0,0.0,nan,0.0,0.00778
1.02588,60.86455,10.26598,0.02997,0.18749,0.98181,0.99496,0.0,0.0,nan,0.0,0.01006
1.25297,63.04178,-11.2077,0.02436,-0.04313,-0.99877,0.99665,0.0,0.0,nan,0.0,0.00826
1.10126,62.14048,9.91046,0.02376,0.02168,0.99948,0.99118,0.0,0.0,nan,0.0,0.008
0.96641,63.11464,10.22476,0.02995,0.00522,0.99954,0.98533,0.0,0.0,nan,0.0,0.01169
1.05449,65.1082,-11.15823,0.03197,0.07237,-0.99686,0.99635,0.0,0.0,nan,0.0,0.00511
0.98893,65.5718,9.75612,-0.02683,0.18705,0.98198,1.00022,0.0,0.0,nan,0.0,0.00534
0.98181,64.48744,10.09306,-0.0054,0.11861,0.99293,0.9896,0.0,0.0,nan,0.0,0.01303
1.06783,66.98524,-10.69019,-0.00751,0.07173,-0.9974,0.99218,0.0,0.0,nan,0.0,0.00639
0.96212,66.92851,9.61214,-0.04019,0.2305,0.97224,0.99764,0.0,0.0,nan,0.0,0.01085
1.20368,69.02746,-10.64319,-0.02947,-0.00027,-0.99957,0.99655,0.0,0.0,nan,0.0,0.01018
0.99834,69.02353,8.84041,-0.00875,0.28305,0.95907,0.99933,0.0,0.0,nan,0.0,0.00833
0.95366,70.96293,-10.82055,0.01399,0.15064,-0.98849,0.99357,0.0,0.0,nan,0.0,0.00653
0.68244,71.77126,-9.78582,0.00489,0.19253,-0.98128,0.94272,0.0,0.0,nan,0.0,0.00632
0.09798,71.59628,7.85565,-0.02972,0.16422,0.98598,0.98394,0.0,0.0,nan,0.0,0.00719
1.00274,70.84389,8.40263,-0.00207,0.16249,0.98671,0.99476,0.0,0.0,nan,0.0,0.0075
1.2047,73.12688,-10.23501,-0.02939,0.09469,-0.99507,0.99943,0.0,0.0,nan,0.0,0.00408
0.66736,72.83659,-9.68459,-0.02458,0.10733,-0.99392,0.94689,0.0,0.0,nan,0.0,0.00383
0.19107,72.46351,7.9209,-0.05157,0.23778,0.96995,0.99585,0.0,0.0,nan,0.0,0.00723
0.98175,73.0659,8.38723,-0.02552,0.29133,0.95628,0.96258,0.0,0.0,nan,0.0,0.0088
0.95761,75.05128,-10.33809,-0.02475,0.20601,-0.97824,0.97331,0.0,0.0,nan,0.0,0.0041
0.3982,74.82671,-9.99208,-0.02231,0.1732,-0.98463,0.99466,0.0,0.0,nan,0.0,0.00402
0.99566,74.99059,7.07406,0.00891,0.4642,0.88568,0.99675,0.00409,0.02045,0.7,1.0,0.01074
1.28164,74.0563,8.0253,0.02519,0.46926,0.8827,0.9597,0.00377,0.01887,0.7,1.0,0.01203
1.82471,76.00014,-10.01673,-0.01956,0.41597,-0.90917,0.96934,0.0,0.0,nan,0.0,0.0031
1.01973,77.10073,-9.22705,-0.00091,0.65198,-0.75823,0.98086,0.12639,0.12639,0.7,0.71023,0.00582
1.43727,77.96262,5.80534,0.1006,0.67397,0.73188,0.93547,0.0,0.0,nan,0.0,0.011
0.98648,76.93561,6.44365,0.05549,0.48355,0.87356,0.96944,0.00036,0.00178,0.7,1.0,0.01546
0.96501,78.06226,-8.06015,0.02495,0.81805,-0.5746,0.99704,0.0,0.0,nan,0.0,0.01541
1.03608,78.63493,-7.03694,0.04181,0.88454,-0.46458,0.99923,0.0,0.0,nan,0.0,0.01181
0.98981,79.45098,-5.06847,0.0714,0.93979,-0.33421,0.99833,0.0,0.0,nan,0.0,0.01071
1.16523,79.91856,-3.64438,0.07594,0.96544,-0.24933,0.99406,0.0,0.0,nan,0.0,0.0126
1.07258,79.33987,3.20386,0.01688,0.88548,0.46437,0.98999,0.0,0.0,nan,0.0,0.00834
0.94047,78.6434,4.95265,0.04951,0.82118,0.56852,0.96656,0.0,0.0,nan,0.0,0.0086
0.95987,80.14027,-2.69032,0.06841,0.97917,-0.19116,0.9896,0.0,0.0,nan,0.0,0.01092
0.99142,80.34541,-1.091,0.03225,0.99624,-0.08035,0.99377,0.0,0.0,nan,0.0,0.01299
1.00066,80.35517,1.01181,0.06729,0.97014,0.23302,0.97351,0.0,0.0,nan,0.0,0.00508
1.0223,80.1023,2.26628,0.05852,0.91804,0.39215,0.96169,0.0,0.0,nan,0.0,0.00577
3.0397,1.70704,-8.60338,-0.05018,-0.81596,-0.57593,0.95365,0.0,0.0,nan,0.0,0.00378
3.0219,1.15295,-7.081,-0.05054,-0.93431,-0.35286,0.99456,0.0,0.0,nan,0.0,0.01566
2.9942,0.49647,-5.00494,-0.05272,-0.97097,-0.23331,0.97351,0.0,0.0,nan,0.0,0.00774
2.98768,0.1655,-2.91364,-0.04531,-0.99378,-0.10176,0.97748,0.00223,0.01113,0.6,1.0,0.01304
2.96595,0.04501,-1.00858,-0.02334,-0.99855,0.04846,0.98076,0.0,0.0,nan,0.0,0.01834
3.01671,0.30832,1.05403,-0.01737,-0.91718,0.39809,0.96169,0.0,0.0,nan,0.0,0.00399
3.01013,1.24115,2.62245,-0.03006,-0.77822,0.62727,0.99456,0.0,0.0,nan,0.0,0.00287
3.08258,3.19419,-10.09392,-0.00903,-0.48405,-0.87499,0.95762,0.0,0.0,nan,0.0,0.00492
2.93137,2.5538,-9.87114,-0.03065,-0.59079,-0.80624,0.94123,0.0,0.0,nan,0.0,0.00461
2.96021,2.41854,3.3332,-0.00676,-0.67994,0.73324,0.99853,0.0,0.0,nan,0.0,0.00568
3.05493,3.32854,4.47224,0.03968,-0.58953,0.80677,0.99615,0.0,0.0,nan,0.0,0.00581
2.99976,4.95309,-10.93109,-0.07207,-0.27005,-0.96014,0.96685,0.0,0.0,nan,0.0,0.00564
2.69131,4.23056,-9.74583,-0.04259,-0.33707,-0.94052,0.98235,0.0,0.0,nan,0.0,0.00673
3.08193,5.04945,5.27406,0.06091,-0.45472,0.88855,1.00012,0.0,0.0,nan,0.0,0.00904
2.93139,6.85262,-11.38104,-0.06545,-0.11692,-0.99098,0.96308,0.0,0.0,nan,0.0,0.00417
2.806,6.44766,5.54407,0.02462,-0.4031,0.91482,0.99337,0.0,0.0,nan,0.0,0.00753
3.06947,7.26181,6.67642,0.01769,-0.33916,0.94056,0.99148,0.0,0.0,nan,0.0,0.00813
2.99508,8.93141,-11.05746,-0.02552,-0.1282,-0.99142,0.99704,0.0,0.0,nan,0.0,0.00315
2.83387,9.15838,6.84893,0.04254,-0.25739,0.96537,0.99953,0.0,0.0,nan,0.0,0.00895
2.96211,11.02239,-11.47738,0.01465,0.02121,-0.99967,0.97768,0.0,0.0,nan,0.0,0.0153
2.94392,11.05058,7.38146,0.05244,-0.32311,0.94491,1.00002,0.0,0.0,nan,0.0,0.01171
2.98497,13.0654,-10.94321,0.00645,0.27055,-0.96268,0.99764,0.0,0.0,nan,0.0,0.00447
3.14528,12.17337,7.74114,0.03417,-0.25548,0.96621,1.00002,0.0,0.0,nan,0.0,0.01152
2.99677,13.06857,8.26271,0.03229,-0.22474,0.97388,1.00022,0.0,0.0,nan,0.0,0.00717
3.01682,15.04711,-10.43431,-0.11767,0.12729,-0.98486,0.99585,0.0,0.0,nan,0.0,0.01283
2.25977,14.77312,7.90875,0.07288,-0.13823,0.98772,0.98552,0.0,0.0,nan,0.0,0.00909
3.10372,15.07737,8.24376,0.03159,-0.12381,0.9918,0.99228,0.0,0.0,nan,0.0,0.00429
3.0193,17.02099,-10.2524,-0.15537,0.16631,-0.97376,1.00032,0.0,0.0,nan,0.0,0.01158
2.99484,17.26123,8.57626,0.04585,-0.26418,0.96338,0.99536,0.0,0.0,nan,0.0,0.01099
2.93366,18.09537,-10.02008,-0.16488,0.22218,-0.96096,1.00082,0.0,0.0,nan,0.0,0.0103
2.96229,19.02894,-9.64701,-0.17454,0.1883,-0.96648,1.00002,0.00042,0.00209,0.6,1.0,0.01535
2.99311,19.04664,9.55707,-0.02142,-0.04602,0.99871,0.97371,0.0,0.0,nan,0.0,0.00748
3.0284,21.02265,-9.45188,-0.21222,0.02511,-0.9769,0.99863,0.04446,0.2223,0.6,1.0,0.01366
3.04716,20.88715,8.5687,-0.0318,0.0641,0.99744,0.9456,0.0,0.0,nan,0.0,0.00828
3.92008,23.92535,-10.04051,-0.33113,-0.17403,-0.9274,1.00032,0.01441,0.07204,0.6,1.0,0.01732
3.00657,23.00407,-9.6165,-0.29658,-0.09109,-0.95066,0.99953,0.0,0.0,nan,0.0,0.00831
2.97745,22.87756,9.56198,0.00288,-0.27353,0.96186,0.99595,0.0,0.0,nan,0.0,0.00773
2.2046,23.89239,10.04387,0.07363,-0.26613,0.96112,0.98691,0.0,0.0,nan,0.0,0.00687
3.39552,25.14549,-10.34449,-0.3814,-0.18496,-0.90572,0.99933,0.0,0.0,nan,0.0,0.02805
2.49315,24.89083,-9.62135,-0.36917,-0.14226,-0.91841,0.99734,0.05402,0.05402,0.7,0.61812,0.03088
3.16418,25.12157,9.89081,0.03463,-0.13413,0.99036,0.99506,0.0,0.0,nan,0.0,0.00756
2.80459,24.93974,10.11914,0.03993,-0.16461,0.98555,0.98652,0.0,0.0,nan,0.0,0.00844
2.98723,27.04468,-10.61401,-0.36754,-0.19081,-0.91022,0.98999,0.0,0.0,nan,0.0,0.02125
2.21941,26.59395,-9.86825,-0.39219,-0.18292,-0.90151,0.99943,0.0,0.0,nan,0.0,0.02678
2.99151,26.80674,9.8895,0.06779,-0.05299,0.99629,0.99148,0.0,0.0,nan,0.0,0.00696
2.89988,27.14315,10.21521,0.07311,-0.07874,0.99421,0.99923,0.0,0.0,nan,0.0,0.00719
2.95822,28.8391,-10.94804,-0.27768,-0.21431,-0.93646,0.99118,0.0056,0.02802,0.7,1.0,0.01697
3.51656,28.30354,9.68478,0.08732,-0.16911,0.98172,0.96675,0.0,0.0,nan,0.0,0.00636
2.97866,28.96733,10.62636,0.11384,-0.205,0.97212,0.99903,0.0,0.0,nan,0.0,0.00693
2.98552,30.94143,-11.18696,-0.14838,-0.08127,-0.98559,0.99486,0.0,0.0,nan,0.0,0.00878
3.01944,31.01226,10.86786,0.09491,-0.1143,0.9889,0.99794,0.0,0.0,nan,0.0,0.00516
3.0147,32.93979,-11.10847,-0.03232,-0.04225,-0.99858,1.00022,0.0,0.0,nan,0.0,0.00214
2.97052,32.97745,10.94764,0.01869,0.01962,0.99963,0.99903,0.0,0.0,nan,0.0,0.00466
2.95967,34.99102,-11.42086,-0.02135,-0.02361,-0.99949,1.00002,0.0,0.0,nan,0.0,0.00551
3.02284,34.87028,10.76832,-0.01811,0.0567,0.99823,0.99943,0.0,0.0,nan,0.0,0.01087
2.99744,37.16685,-11.32996,-0.03139,0.03023,-0.99905,0.99972,0.0,0.0,nan,0.0,0.00605
3.03254,36.98396,10.54022,0.03149,-0.01976,0.99931,0.99833,0.0,0.0,nan,0.0,0.00781
3.06094,39.01072,-11.19513,-0.05189,-0.02398,-0.99836,1.00072,0.0,0.0,nan,0.0,0.00869
2.94427,38.92467,11.09197,0.04888,-0.1489,0.98764,0.99972,0.0,0.0,nan,0.0,0.00954
2.95922,41.05708,-11.35633,-0.05265,-0.00121,-0.99861,0.99903,0.0,0.0,nan,0.0,0.00486
2.98862,41.04575,11.09628,0.02577,0.02398,0.99938,0.99446,0.0,0.0,nan,0.0,0.0177
2.96166,42.85844,-11.42454,-0.03282,-0.03269,-0.99893,0.99913,0.0,0.0,nan,0.0,0.00261
2.94417,43.06635,11.00503,0.04818,0.0335,0.99828,0.9885,0.0,0.0,nan,0.0,0.0128
2.98241,45.00388,-11.35234,0.00166,0.05609,-0.99842,0.99714,0.0,0.0,nan,0.0,0.0039
2.9904,44.93657,11.18404,0.01461,0.00115,0.99989,0.98652,0.0,0.0,nan,0.0,0.00857
2.97847,46.77768,-10.69163,0.02999,0.04574,-0.9985,0.98632,0.0,0.0,nan,0.0,0.00933
3.02531,46.91089,10.68362,-0.0383,0.17148,0.98444,0.99972,0.0,0.0,nan,0.0,0.01535
3.0427,49.06783,-11.32779,0.04106,-0.00232,-0.99915,0.99863,0.0,0.0,nan,0.0,0.00809
2.39658,48.95623,9.9199,-0.06817,-0.01242,0.9976,0.94342,0.0,0.0,nan,0.0,0.01094
3.06996,49.19387,10.20229,-0.07061,-0.01297,0.99742,0.98969,0.0,0.0,nan,0.0,0.00639
3.02302,51.07912,-11.2656,0.0798,0.03156,-0.99631,0.99853,0.0,0.0,nan,0.0,0.0078
2.98348,51.06347,10.90643,-0.00559,-0.08823,0.99608,0.99526,0.0,0.0,nan,0.0,0.00883
3.06912,52.94833,-11.354,0.12864,-0.01969,-0.9915,0.99526,0.0,0.0,nan,0.0,0.00644
2.94842,52.95165,10.90354,0.06156,0.02172,0.99787,0.99982,0.0,0.0,nan,0.0,0.007
3.14802,54.99011,-11.25682,0.11033,0.06603,-0.9917,0.99377,0.0,0.0,nan,0.0,0.0085
3.57306,55.89395,9.93062,0.03561,0.04775,0.99822,0.9751,0.0,0.0,nan,0.0,0.00738
2.85308,55.04404,10.41535,0.02646,0.09495,0.99513,0.99555,0.0,0.0,nan,0.0,0.00712
2.93261,56.98781,-10.84554,0.14956,0.02353,-0.98847,0.99536,0.0,0.0,nan,0.0,0.00513
3.56105,57.92614,-9.93267,0.15459,-0.06035,-0.98613,0.87281,0.0,0.0,nan,0.0,0.00545
3.69571,56.43448,9.84662,0.03521,0.02027,0.99917,0.97083,0.0,0.0,nan,0.0,0.00696
2.97329,57.05414,10.49185,-0.00028,0.02499,0.99969,0.99764,0.0,0.0,nan,0.0,0.00565
3.01505,58.99868,-10.92683,0.12624,-0.03743,-0.99129,1.00012,0.0,0.0,nan,0.0,0.00682
3.58847,58.11214,-9.92224,0.15208,-0.07958,-0.98516,0.87251,0.0,0.0,nan,0.0,0.00571
2.26253,59.64048,9.76644,0.05715,0.20371,0.97736,0.98821,0.0,0.0,nan,0.0,0.00596
2.94384,58.94575,10.59371,0.03977,0.1417,0.98911,0.98523,0.0,0.0,nan,0.0,0.00564
2.92011,61.02119,-10.77055,0.0312,0.0452,-0.99849,0.99704,0.0,0.0,nan,0.0,0.0062
2.73829,61.13251,9.52113,0.1055,0.13857,0.98472,0.96169,0.0,0.0,nan,0.0,0.00398
3.40051,60.64359,10.10623,0.08796,0.21317,0.97305,0.99476,0.0,0.0,nan,0.0,0.00451
2.99635,63.11431,-11.16607,-0.00197,-0.04661,-0.99891,0.99704,0.0,0.0,nan,0.0,0.00778
3.14136,62.60297,9.596,0.0835,-0.02529,0.99619,0.98979,0.0,0.0,nan,0.0,0.00317
2.78528,63.44467,10.10174,0.05735,0.01861,0.99818,0.99595,0.0,0.0,nan,0.0,0.00418
3.0152,65.05934,-11.39116,-0.03435,0.0551,-0.99789,0.99357,0.0,0.0,nan,0.0,0.00591
3.03622,65.42867,9.81774,0.03025,0.13774,0.99001,0.99794,0.0,0.0,nan,0.0,0.01078
2.8303,64.32517,10.05641,0.03399,0.05702,0.99779,0.99327,0.0,0.0,nan,0.0,0.01118
3.12067,66.87103,-11.00932,-0.0659,0.04834,-0.99665,0.99903,0.0,0.0,nan,0.0,0.00833
3.05123,66.94921,9.61655,0.0156,0.21564,0.97635,0.99893,0.0,0.0,nan,0.0,0.00818
3.04101,68.93813,-10.68397,-0.03281,0.0147,-0.99935,0.99953,0.0,0.0,nan,0.0,0.00528
2.9539,68.8662,8.72846,-0.00124,0.31091,0.95044,0.99794,0.0,0.0,nan,0.0,0.00779
3.02582,71.1336,-10.72731,-0.01116,0.14309,-0.98965,0.98731,0.0,0.0,nan,0.0,0.00871
3.69035,70.66837,7.72492,0.04779,0.19845,0.97895,0.95007,0.0,0.0,nan,0.0,0.00854
2.88073,71.01281,8.33518,0.02044,0.17883,0.98367,0.99406,0.0,0.0,nan,0.0,0.00843
2.92687,72.92865,-10.5631,-0.05342,0.09363,-0.99417,0.99714,0.0,0.0,nan,0.0,0.00802
3.30268,73.30071,7.38135,0.13199,0.41625,0.89962,0.9893,0.00166,0.00832,0.7,1.0,0.00673
2.95641,72.77714,8.39425,0.11081,0.28641,0.95168,0.97609,0.0,0.0,nan,0.0,0.00727
2.99867,75.0646,-10.30684,-0.02474,0.25987,-0.96533,0.98324,0.0,0.0,nan,0.0,0.009
3.86455,75.45465,5.92793,0.04943,0.44299,0.89516,0.95792,0.0,0.0,nan,0.0,0.00613
2.92626,74.94107,6.82254,0.11682,0.4783,0.87039,0.99744,0.01568,0.07841,0.7,1.0,0.00749
3.19103,76.05981,-10.01964,-0.00991,0.44706,-0.89445,0.97688,0.0,0.0,nan,0.0,0.03581
2.99016,77.09111,-9.24675,-0.01229,0.66538,-0.7464,0.98215,0.0,0.0,nan,0.0,0.01021
3.07798,77.32171,5.19114,0.05658,0.63538,0.77012,0.98791,0.0,0.0,nan,0.0,0.01056
3.01433,76.74869,6.36411,0.09416,0.47477,0.87506,0.98384,8e-05,0.0004,0.7,1.0,0.01025
3.06005,78.04543,-8.06368,-0.00996,0.82691,-0.56225,0.99595,0.08342,0.09293,0.51,0.78195,0.01173
2.96503,78.57822,-7.04851,4e-05,0.89435,-0.44736,0.99943,0.0,0.0,nan,0.0,0.00972
2.96179,79.33381,-5.00819,0.031,0.95026,-0.3099,0.99665,0.0,0.0,nan,0.0,0.01062
3.07607,79.79882,-3.2515,0.05203,0.97176,-0.23015,0.99347,0.0,0.0,nan,0.0,0.00855
3.33592,79.35818,1.40234,0.04033,0.93504,0.35224,0.98135,0.0,0.0,nan,0.0,0.00522
2.96189,79.24845,3.0104,0.09442,0.87492,0.47497,0.99684,0.0,0.0,nan,0.0,0.00934
2.93588,78.57297,4.5071,0.08083,0.8456,0.52766,0.98245,0.0,0.0,nan,0.0,0.00779
2.7381,80.05756,-2.32687,0.05571,0.98025,-0.18973,0.99307,0.0,0.0,nan,0.0,0.01381
3.00072,80.25697,-1.05667,0.05342,0.99734,-0.04955,0.97947,0.0,0.0,nan,0.0,0.00365
2.91025,80.34705,0.95589,0.06819,0.96304,0.26059,0.97202,0.0,0.0,nan,0.0,0.00326
2.28076,80.07896,2.16976,0.10863,0.91625,0.3856,0.97837,0.0,0.0,nan,0.0,0.00502
5.07749,1.69579,-8.61751,0.04764,-0.77804,-0.62641,0.95772,0.0,0.0,nan,0.0,0.00447
4.90886,1.04352,-7.02767,-0.01722,-0.93185,-0.36245,0.99466,0.00061,0.00303,0.6,1.0,0.01407
5.0017,0.39104,-5.02582,-0.0229,-0.97358,-0.2272,0.98691,0.0,0.0,nan,0.0,0.01131
4.97777,0.10665,-3.03632,-0.00534,-0.99584,-0.09102,0.98215,0.0,0.0,nan,0.0,0.01624
5.0417,0.0323,-0.93644,0.04359,-0.99478,0.09231,0.98781,0.0,0.0,nan,0.0,0.0043
5.0123,0.4215,1.03704,0.08619,-0.9253,0.36932,0.98473,0.0,0.0,nan,0.0,0.00997
5.02445,1.38028,2.76376,0.02999,-0.78745,0.61565,0.98274,0.0,0.0,nan,0.0,0.00922
4.58484,3.40751,-10.25881,0.07051,-0.42212,-0.9038,0.96616,0.0,0.0,nan,0.0,0.00178
5.14918,2.69012,-9.69201,0.06166,-0.54537,-0.83592,0.96447,0.0,0.0,nan,0.0,0.00168
4.88123,2.19594,3.72629,0.00608,-0.62457,0.78095,0.97311,0.0,0.0,nan,0.0,0.0099
4.94612,3.24046,4.40987,0.04758,-0.51239,0.85743,0.99635,0.0,0.0,nan,0.0,0.00734
4.9855,4.9615,-10.73137,0.07626,-0.3237,-0.94308,0.99228,0.0,0.0,nan,0.0,0.00762
5.74535,4.64067,-9.68647,0.07358,-0.34433,-0.93596,0.99397,0.0,0.0,nan,0.0,0.00581
5.00873,5.2436,4.89961,0.06485,-0.48775,0.87057,0.99337,0.0,0.0,nan,0.0,0.00904
4.97755,5.91754,6.05728,0.02512,-0.49664,0.86759,0.9894,0.0,0.0,nan,0.0,0.00711
5.07958,6.93429,-11.16063,0.14292,-0.05898,-0.98798,0.97837,0.0,0.0,nan,0.0,0.00579
4.12014,6.21347,5.96806,0.03247,-0.45419,0.89031,0.99238,0.0,0.0,nan,0.0,0.00646
4.96589,6.96483,6.54118,0.00177,-0.35852,0.93352,0.96954,0.0,0.0,nan,0.0,0.00486
5.07954,8.83941,-10.9626,0.225,-0.04006,-0.97354,0.99615,0.0,0.0,nan,0.0,0.00715
4.94659,8.94825,6.54262,0.02866,-0.21246,0.97675,0.99913,0.0,0.0,nan,0.0,0.0075
5.13601,11.01942,-11.39727,0.23661,0.02708,-0.97123,0.95603,0.0,0.0,nan,0.0,0.01885
5.04324,11.09959,7.47665,0.07018,-0.32751,0.94224,1.00062,0.0,0.0,nan,0.0,0.00706
5.03922,13.01321,-10.67265,0.1452,0.14944,-0.97805,0.99545,0.0,0.0,nan,0.0,0.00604
5.08546,12.17562,7.94092,0.05509,-0.31321,0.94808,0.99804,0.0,0.0,nan,0.0,0.00638
5.00957,13.16577,8.27189,0.00365,-0.29164,0.95652,0.99516,0.0,0.0,nan,0.0,0.01045
5.11399,14.99382,-10.81893,0.04367,0.0116,-0.99898,0.99059,0.0,0.0,nan,0.0,0.01156
4.542,14.67854,7.93054,-0.05319,-0.14292,0.9883,0.99188,0.0,0.0,nan,0.0,0.00589
4.9878,14.98467,8.39916,-0.04334,-0.13007,0.99056,1.00102,0.0,0.0,nan,0.0,0.00732
5.05042,17.08154,-10.74249,-0.04316,0.13453,-0.98997,0.99218,0.0,0.0,nan,0.0,0.00428
5.09519,16.92196,8.38749,-0.02474,-0.23505,0.97167,0.98592,0.0,0.0,nan,0.0,0.00488
5.16321,18.83546,-10.1822,-0.12718,0.09957,-0.98687,0.99774,0.0,0.0,nan,0.0,0.01191
4.28272,19.34345,-9.87705,-0.18465,0.12727,-0.97453,0.99744,0.0,0.0,nan,0.0,0.01617
4.97296,18.99958,9.55564,-0.08402,-0.13374,0.98745,0.9742,0.0,0.0,nan,0.0,0.01542
5.37455,21.01187,-10.23283,-0.23769,-0.03572,-0.97068,0.99903,0.0,0.0,nan,0.0,0.02466
4.35949,20.97112,-9.83763,-0.26255,-0.01239,-0.96484,1.00082,0.00946,0.0473,0.6,1.0,0.02699
4.9975,21.02932,9.1918,-0.17729,0.03671,0.98347,0.99228,0.0,0.0,nan,0.0,0.00613
5.184,23.11125,-10.33102,-0.22109,-0.16075,-0.96191,0.99684,0.0,0.0,nan,0.0,0.01242
4.29156,22.64714,-9.81794,-0.29089,-0.12463,-0.94861,0.99913,0.02265,0.11324,0.6,1.0,0.01653
5.14187,23.00953,9.30182,-0.13844,-0.2364,0.96174,0.9752,0.0,0.0,nan,0.0,0.01169
5.99388,23.02667,10.00327,-0.1227,-0.20794,0.97041,0.99039,0.0,0.0,nan,0.0,0.00995
4.98622,24.86117,-10.95913,-0.2056,-0.1594,-0.96557,0.97232,0.0,0.0,nan,0.0,0.02223
4.67999,24.41394,9.98657,-0.08583,-0.18098,0.97974,0.99267,0.0,0.0,nan,0.0,0.0102
5.09305,25.02991,10.3921,-0.10376,-0.10143,0.98942,0.98771,0.0,0.0,nan,0.0,0.00873
4.9778,27.04108,-11.09482,-0.06089,-0.04804,-0.99699,0.98672,0.0,0.0,nan,0.0,0.00733
4.86569,27.3638,9.73994,-0.05324,-0.02622,0.99824,0.97768,0.0,0.0,nan,0.0,0.00775
5.14372,26.66122,10.21675,-0.09419,-0.00953,0.99551,0.99426,0.0,0.0,nan,0.0,0.01627
5.06158,28.92621,-11.40872,0.01845,-0.12518,-0.99196,0.98691,0.0,0.0,nan,0.0,0.00478
5.05509,28.73484,9.97328,-0.02322,-0.16394,0.9862,0.99198,0.0,0.0,nan,0.0,0.00729
5.07259,29.17839,10.16774,-0.01635,-0.17453,0.98452,0.99506,0.0,0.0,nan,0.0,0.00727
5.00329,30.87332,-11.42484,0.03568,-0.01398,-0.99927,0.99456,0.0,0.0,nan,0.0,0.01067
5.08305,30.20444,9.94129,-0.00652,-0.18158,0.98336,0.98552,0.0,0.0,nan,0.0,0.01027
5.07748,30.97362,10.56928,0.02076,-0.14108,0.98978,0.99893,0.0,0.0,nan,0.0,0.0072
4.97568,32.8509,-10.96031,0.0467,-0.01063,-0.99885,0.99873,0.0,0.0,nan,0.0,0.00729
5.18729,32.1971,9.92125,0.05084,-0.07323,0.99602,0.9604,0.0,0.0,nan,0.0,0.00554
5.07639,32.93478,10.72684,0.04373,-0.02234,0.99879,0.99585,0.0,0.0,nan,0.0,0.0063
5.03118,35.01312,-11.40209,0.04562,-0.02759,-0.99858,0.99972,0.0,0.0,nan,0.0,0.00561
4.97335,35.00875,10.79022,0.02778,0.04761,0.99848,0.99645,0.0,0.0,nan,0.0,0.00809
5.01326,37.14594,-11.21685,0.04461,0.02695,-0.99864,1.00012,0.0,0.0,nan,0.0,0.00194
4.58817,37.69213,9.86428,-0.03258,-0.04648,0.99839,0.92147,0.0,0.0,nan,0.0,0.01143
4.99227,37.0801,10.57239,0.00327,-0.0192,0.99981,0.99784,0.0,0.0,nan,0.0,0.00905
4.99518,38.90824,-11.37121,0.03423,-0.03176,-0.99891,0.99953,0.0,0.0,nan,0.0,0.00617
4.97238,38.85503,10.91467,0.00885,-0.10929,0.99397,0.99575,0.0,0.0,nan,0.0,0.01152
5.01965,41.10329,-11.37433,0.05076,0.02743,-0.99833,0.99933,0.0,0.0,nan,0.0,0.00339
5.0376,41.00504,10.90733,0.12746,0.12242,0.98426,0.99019,0.0,0.0,nan,0.0,0.01385
5.01329,42.82677,-11.36709,0.05087,-0.03314,-0.99816,1.00012,0.0,0.0,nan,0.0,0.00275
5.77851,43.4568,9.79364,0.18614,-0.06129,0.98061,0.90568,0.0,0.0,nan,0.0,0.00666
5.02359,42.98191,10.69248,0.20519,0.04263,0.97779,0.99506,0.0,0.0,nan,0.0,0.00933
4.98116,45.04054,-11.35379,0.02679,0.0634,-0.99763,0.99734,0.0,0.0,nan,0.0,0.01265
5.6612,44.25746,9.74247,0.15435,-0.18224,0.97106,0.9032,0.0,0.0,nan,0.0,0.00453
5.00947,44.8972,10.83787,0.11353,-0.09918,0.98857,0.99863,0.0,0.0,nan,0.0,0.00646
4.99033,46.96461,-11.09982,0.01008,0.03986,-0.99915,1.00092,0.0,0.0,nan,0.0,0.01341
4.98458,47.1336,10.90552,-0.00463,0.09755,0.99522,0.99188,0.0,0.0,nan,0.0,0.0076
4.99632,49.06178,-11.29464,0.01758,0.0272,-0.99948,0.98483,0.0,0.0,nan,0.0,0.01365
4.99857,49.05894,10.41579,-0.0109,0.02707,0.99957,0.99645,0.0,0.0,nan,0.0,0.01576
4.96213,51.02393,-10.78311,0.06193,0.07978,-0.99489,0.99863,0.0,0.0,nan,0.0,0.00594
4.96751,51.13155,10.82762,0.05274,-0.01476,0.9985,0.99744,0.0,0.0,nan,0.0,0.0067
4.95457,52.93608,-10.87258,0.10479,-0.00722,-0.99447,0.99982,0.0,0.0,nan,0.0,0.00519
5.09032,52.97309,10.7062,0.07863,0.03459,0.9963,0.99992,0.00021,0.00104,0.6,1.0,0.01021
4.99865,54.93959,-10.89534,0.07536,0.0561,-0.99558,0.99079,0.0,0.0,nan,0.0,0.01106
5.03006,55.01331,10.69898,0.0797,0.06859,0.99446,0.99744,0.01041,0.05205,0.6,1.0,0.00857
4.98234,56.86022,-10.55541,0.02902,0.02654,-0.99923,0.98652,0.0,0.0,nan,0.0,0.00625
5.03071,57.63766,-9.79102,0.02342,-0.00446,-0.99972,0.87063,0.0,0.0,nan,0.0,0.00779
5.89395,56.74593,9.99673,0.09227,0.02962,0.99529,0.99248,0.00411,0.02056,0.6,1.0,0.007
5.07472,56.84167,10.87855,0.10094,0.01008,0.99484,0.98374,0.0,0.0,nan,0.0,0.00793
4.93322,58.79545,-10.92132,0.07425,-0.05175,-0.9959,0.99774,0.0,0.0,nan,0.0,0.00546
4.84146,58.09175,-9.86503,0.05384,-0.06088,-0.99669,0.88324,0.0,0.0,nan,0.0,0.00653
5.03792,59.70912,9.74249,0.08441,0.25521,0.96319,0.98324,0.0,0.0,nan,0.0,0.00801
5.12458,58.85565,10.309,0.1108,0.1603,0.98083,0.99357,0.0,0.0,nan,0.0,0.00818
5.01819,61.08186,-10.90309,0.09011,0.00794,-0.9959,0.99526,0.0,0.0,nan,0.0,0.00581
5.2119,61.00798,9.45449,0.05222,0.16124,0.98553,0.96328,0.0,0.0,nan,0.0,0.00513
4.15786,60.75647,10.12791,0.08727,0.19455,0.977,1.00012,0.0,0.0,nan,0.0,0.00509
5.05219,63.03727,-11.154,0.0546,-0.10515,-0.99296,0.99267,0.0,0.0,nan,0.0,0.00792
4.84065,62.58847,9.89832,0.05544,-0.06445,0.99638,1.00002,0.0,0.0,nan,0.0,0.00336
5.18188,63.41476,10.07973,0.05503,-0.04141,0.99763,0.98324,0.0,0.0,nan,0.0,0.0041
4.97377,65.09714,-11.24664,0.05251,0.06121,-0.99674,0.9885,0.0,0.0,nan,0.0,0.00834
4.95972,65.28922,9.80857,0.02409,0.1325,0.99089,1.00012,0.0,0.0,nan,0.0,0.0088
5.13513,64.32285,10.00231,0.03214,0.04101,0.99864,0.9889,0.0,0.0,nan,0.0,0.00692
5.07955,66.93479,-11.14425,0.07032,0.05352,-0.99609,0.99029,0.0,0.0,nan,0.0,0.00524
5.0005,66.9679,9.57284,0.02794,0.20459,0.97845,0.99347,0.0,0.0,nan,0.0,0.0092
5.19962,69.06906,-11.06477,0.08218,0.0696,-0.99418,0.98254,0.0,0.0,nan,0.0,0.01118
5.01621,69.11902,9.22391,0.04202,0.34342,0.93824,0.98463,0.0,0.0,nan,0.0,0.00714
5.07318,71.08048,-10.58523,0.16046,0.18698,-0.96917,0.99029,0.0,0.0,nan,0.0,0.00979
5.56896,71.62847,-9.97803,0.22252,0.17533,-0.95903,0.9884,0.0,0.0,nan,0.0,0.01019
4.37063,70.93027,7.80687,0.06322,0.20684,0.97633,0.97569,0.0,0.0,nan,0.0,0.00524
5.10146,70.96135,8.28818,0.05723,0.19908,0.97831,0.99585,0.0,0.0,nan,0.0,0.00733
5.06753,72.86956,-10.48808,0.19828,0.0921,-0.97581,0.98662,0.0,0.0,nan,0.0,0.00822
4.97475,73.48296,7.42961,0.00306,0.44295,0.89654,0.99019,0.0,0.0,nan,0.0,0.0088
4.984,72.58904,8.19225,0.02381,0.27331,0.96163,0.98314,0.0,0.0,nan,0.0,0.00508
4.96745,75.00286,-10.26255,0.09779,0.1968,-0.97556,0.9753,0.0,0.0,nan,0.0,0.00422
4.40283,75.30125,5.91659,0.00878,0.42643,0.90448,0.94689,0.0,0.0,nan,0.0,0.00588
5.08184,74.87967,6.64459,-0.00465,0.43926,0.89835,0.99327,0.0,0.0,nan,0.0,0.0061
4.8937,76.05901,-10.00632,0.04149,0.39618,-0.91723,0.96646,0.0,0.0,nan,0.0,0.00264
5.02135,77.13437,-9.2842,-0.00141,0.63889,-0.7693,0.97083,0.0,0.0,nan,0.0,0.01116
4.89648,77.75496,5.81105,-0.02611,0.59941,0.80002,0.92346,0.0,0.0,nan,0.0,0.01326
4.97933,76.76715,6.28367,-0.03416,0.459,0.88778,0.97897,0.0,0.0,nan,0.0,0.00592
5.00558,78.08504,-8.11004,-0.01814,0.82987,-0.55766,0.99317,0.0,0.0,nan,0.0,0.0165
5.02678,78.6511,-7.05616,-0.00807,0.90281,-0.42997,0.99992,0.0,0.0,nan,0.0,0.0097
5.01076,79.34871,-5.04893,0.00857,0.95892,-0.28355,0.99377,0.00646,0.0323,0.7,1.0,0.01082
5.0578,79.79717,-3.08693,0.03482,0.97819,-0.20478,0.99357,0.0,0.0,nan,0.0,0.01304
5.54045,79.97426,-1.8699,0.04857,0.98446,-0.16876,0.99188,0.0,0.0,nan,0.0,0.01202
4.50201,79.56618,1.73538,0.01026,0.92494,0.37998,0.99734,0.0,0.0,nan,0.0,0.00818
4.96013,79.01894,3.01163,-0.00338,0.89938,0.43716,0.99843,0.0,0.0,nan,0.0,0.01014
4.98016,78.55593,4.83149,-0.02448,0.82298,0.56754,0.94898,0.0,0.0,nan,0.0,0.01444
4.34986,80.0088,-2.03915,0.04419,0.983,-0.1782,0.99446,0.0,0.0,nan,0.0,0.01494
5.00068,80.18569,-1.00402,0.02017,0.99757,-0.06665,0.98334,0.0,0.0,nan,0.0,0.00455
5.05983,80.38937,1.05458,-3e-05,0.96317,0.26891,0.95255,0.0,0.0,nan,0.0,0.00575
5.79794,80.06757,2.1193,0.0439,0.92005,0.38932,0.97281,0.0,0.0,nan,0.0,0.00761
6.9783,1.71698,-8.51888,0.02868,-0.7677,-0.64017,0.96536,0.0,0.0,nan,0.0,0.00478
7.03337,1.0506,-7.07317,0.03035,-0.92366,-0.38201,0.99694,0.02046,0.10228,0.7,1.0,0.00696
7.03028,0.40014,-5.07011,0.0264,-0.97492,-0.22098,0.99456,0.0,0.0,nan,0.0,0.01205
7.0107,0.13465,-2.99783,0.03414,-0.99674,-0.07312,0.99675,0.00133,0.00664,0.7,1.0,0.00993
7.01318,0.14217,-0.84789,0.08939,-0.97731,0.19201,0.99049,0.0,0.0,nan,0.0,0.00423
7.15408,0.86282,1.00145,0.14464,-0.90538,0.39921,0.99665,0.0,0.0,nan,0.0,0.00576
7.01545,1.44911,2.78833,0.14227,-0.81817,0.55709,0.98115,0.0,0.0,nan,0.0,0.01202
7.48552,3.65324,-10.24221,0.05187,-0.38157,-0.92288,0.97112,0.0,0.0,nan,0.0,0.00926
6.84595,3.12498,-9.62689,0.05968,-0.48476,-0.87261,0.98314,0.0,0.0,nan,0.0,0.00376
7.04319,2.24131,3.77356,0.07065,-0.67946,0.73031,0.95563,0.00318,0.01588,0.7,1.0,0.01146
7.10959,3.32765,4.19964,-0.00036,-0.52807,0.8492,0.98453,0.0,0.0,nan,0.0,0.01573
7.11692,4.98533,-10.73473,0.09661,-0.2839,-0.95398,0.99109,0.0,0.0,nan,0.0,0.00665
6.31532,4.42688,-9.70119,0.08574,-0.35624,-0.93045,0.99665,0.0,0.0,nan,0.0,0.00684
7.0058,5.09592,4.97013,-0.03979,-0.50846,0.86017,0.99754,0.0,0.0,nan,0.0,0.01326
6.1351,5.96528,6.03212,0.00932,-0.5278,0.84932,0.98691,0.0,0.0,nan,0.0,0.00963
7.01509,7.03705,-10.83138,0.12488,0.01236,-0.99209,0.98612,0.0,0.0,nan,0.0,0.00648
7.21756,6.21861,5.74885,-0.02727,-0.52332,0.8517,0.99824,0.0,0.0,nan,0.0,0.01172
7.01521,6.98503,6.47017,-0.02286,-0.37238,0.9278,0.98731,0.0,0.0,nan,0.0,0.00944
6.78853,8.93923,-10.45186,0.1616,0.00409,-0.98685,0.98801,0.0,0.0,nan,0.0,0.00847
7.34345,8.83703,-9.89841,0.09526,0.01771,-0.9953,0.92902,0.0,0.0,nan,0.0,0.0068
7.0204,9.02205,6.71152,-0.04251,-0.16364,0.9856,0.99843,0.0,0.0,nan,0.0,0.00568
6.89388,11.01355,-10.47532,0.15012,-0.01407,-0.98857,0.9894,0.0,0.0,nan,0.0,0.01803
7.73952,10.53254,-9.99457,0.00974,-0.04956,-0.99872,0.95047,0.0,0.0,nan,0.0,0.01309
7.08232,10.97428,6.84609,-0.00761,-0.28433,0.95869,0.9748,0.0,0.0,nan,0.0,0.00765
6.98693,12.77084,-10.2584,0.11943,0.05987,-0.99104,0.98701,0.0,0.0,nan,0.0,0.00586
7.11123,13.39516,-9.75584,0.10171,0.03512,-0.99419,0.93885,0.0,0.0,nan,0.0,0.008
7.17958,12.25098,7.84905,0.02142,-0.3423,0.93935,1.00052,0.0,0.0,nan,0.0,0.00664
6.94857,13.21166,8.34167,0.00794,-0.35643,0.93429,0.99536,0.0,0.0,nan,0.0,0.01142
6.91769,15.01197,-10.44687,0.08894,-0.04892,-0.99484,1.00082,0.0,0.0,nan,0.0,0.01522
6.9702,14.03956,-9.94744,0.10116,0.00539,-0.99486,0.96556,0.0,0.0,nan,0.0,0.01057
6.95913,14.92923,8.79232,-0.01378,-0.14886,0.98876,0.99089,0.0,0.0,nan,0.0,0.00837
6.88978,16.9342,-10.60999,0.05959,0.06251,-0.99626,0.99615,0.0,0.0,nan,0.0,0.00862
7.69977,17.81199,-9.98992,0.03003,0.00061,-0.99955,0.98741,0.0,0.0,nan,0.0,0.00452
7.04509,17.15753,8.82946,-0.03206,-0.24637,0.96865,1.00022,0.0,0.0,nan,0.0,0.00523
6.99674,18.95389,-10.39547,-0.03716,-0.03133,-0.99882,0.99734,0.0,0.0,nan,0.0,0.00813
7.97787,18.00338,-9.99146,0.02107,-0.02319,-0.99951,0.98721,0.0,0.0,nan,0.0,0.00385
7.0736,18.98201,9.7695,0.00619,-0.17422,0.98469,0.95931,0.0,0.0,nan,0.0,0.01081
6.99374,20.99346,-10.66673,-0.07178,-0.0232,-0.99715,0.99615,0.0,0.0,nan,0.0,0.00343
6.98375,21.08872,9.69181,-0.00465,-0.03914,0.99922,0.99337,0.0,0.0,nan,0.0,0.00671
7.09435,20.01972,10.00043,0.02591,-0.0468,0.99857,0.94818,0.0,0.0,nan,0.0,0.01104
7.10084,22.99122,-10.73529,-0.00327,-0.0902,-0.99592,0.99387,0.0,0.0,nan,0.0,0.00324
6.82868,23.32813,9.98196,-0.06791,-0.22643,0.97166,0.99426,0.0,0.0,nan,0.0,0.00768
7.12956,22.96821,10.18368,-0.03314,-0.2232,0.97421,0.98185,0.0,0.0,nan,0.0,0.00853
7.11536,24.89632,-11.11637,0.0611,-0.0577,-0.99646,0.97182,0.0,0.0,nan,0.0,0.00778
7.16599,24.02281,9.98103,-0.05011,-0.2293,0.97207,1.00002,0.0,0.0,nan,0.0,0.00611
6.97771,25.00832,10.50939,-0.05952,-0.10467,0.99272,0.97748,0.0,0.0,nan,0.0,0.00511
7.06683,27.15224,-10.84714,0.1366,0.0077,-0.9906,0.99972,0.0,0.0,nan,0.0,0.00387
6.61231,27.79025,-9.85031,0.12859,-0.01882,-0.99152,0.89972,0.0,0.0,nan,0.0,0.00384
6.3338,27.50469,9.90371,-0.10951,-0.00661,0.99396,0.98572,0.0,0.0,nan,0.0,0.01238
7.04521,27.01242,10.36212,-0.07946,0.00611,0.99682,1.00052,0.0,0.0,nan,0.0,0.01432
6.82287,28.98409,-10.85894,0.12592,-0.11367,-0.98551,0.99675,0.0,0.0,nan,0.0,0.00504
6.66045,28.1335,-9.843,0.12936,-0.05453,-0.9901,0.88741,0.0,0.0,nan,0.0,0.00363
6.34283,28.36415,9.93849,-0.09832,-0.10632,0.98946,0.98254,0.0,0.0,nan,0.0,0.00848
6.96935,29.12882,10.60186,-0.06893,-0.13341,0.98866,0.99843,0.0,0.0,nan,0.0,0.00905
6.95599,30.94213,-11.25806,0.10589,-0.02161,-0.99414,0.99397,0.0,0.0,nan,0.0,0.0085
6.99711,30.9332,10.66224,-0.04324,-0.07015,0.9966,1.00012,0.0,0.0,nan,0.0,0.00515
7.00719,33.19643,-10.82177,0.08199,-0.02566,-0.9963,0.99694,0.0,0.0,nan,0.0,0.00598
7.90879,33.29811,9.94674,-0.02073,0.02976,0.99934,0.94262,0.0,0.0,nan,0.0,0.00555
7.0786,32.98341,10.77013,0.02573,0.01958,0.99948,1.00062,0.0,0.0,nan,0.0,0.00365
6.97317,34.96792,-11.22216,0.07976,-0.02397,-0.99653,0.99923,0.0,0.0,nan,0.0,0.00439
7.23837,35.10923,9.83352,0.06572,0.00721,0.99781,0.93657,0.0,0.0,nan,0.0,0.0074
6.60859,35.07625,10.50287,0.04645,0.0086,0.99888,0.99992,0.0,0.0,nan,0.0,0.01199
6.98178,37.07311,-10.97586,0.08651,0.02047,-0.99604,0.99963,0.0,0.0,nan,0.0,0.00168
7.82594,37.84483,9.8735,-0.00731,-0.09636,0.99532,0.92177,0.0,0.0,nan,0.0,0.00726
7.15129,37.05621,10.83789,0.01488,-0.03129,0.9994,0.99863,0.0,0.0,nan,0.0,0.00641
6.94938,38.93609,-11.17894,0.08442,-0.02412,-0.99614,0.99853,0.0,0.0,nan,0.0,0.0045
7.82727,38.24603,9.85728,-0.00332,-0.10368,0.99461,0.92088,0.0,0.0,nan,0.0,0.01306
7.06407,38.87978,11.00602,0.00044,-0.06965,0.99757,0.99059,0.0,0.0,nan,0.0,0.00661
7.01741,41.12626,-11.10057,0.11109,0.04198,-0.99292,0.99843,0.0,0.0,nan,0.0,0.00291
7.18818,41.80196,9.81036,0.03186,0.2555,0.96628,0.91392,0.0,0.0,nan,0.0,0.00957
7.01717,41.00672,10.75327,0.04583,0.20147,0.97842,0.98791,0.0,0.0,nan,0.0,0.00559
6.99876,42.86068,-11.18361,0.1092,-0.0288,-0.9936,0.99992,0.0,0.0,nan,0.0,0.00292
7.19978,42.57133,9.60806,0.05077,0.15711,0.98627,0.86576,0.0,0.0,nan,0.0,0.00677
6.8363,43.20308,10.27655,0.11057,0.01224,0.99379,0.97629,0.0,0.0,nan,0.0,0.00703
7.01412,45.12124,-11.21014,0.1552,0.08147,-0.98452,0.99923,0.0,0.0,nan,0.0,0.00325
6.21477,44.22917,9.85579,0.14039,-0.19236,0.97123,0.93418,0.0,0.0,nan,0.0,0.0049
6.98029,44.83536,10.8383,0.08103,-0.23949,0.96751,0.99367,0.0,0.0,nan,0.0,0.0029
7.02044,46.98316,-11.15565,0.15055,0.0265,-0.98825,0.99873,0.0,0.0,nan,0.0,0.00902
6.98773,47.08111,10.93665,0.02788,0.07359,0.9969,0.98453,0.0,0.0,nan,0.0,0.02099
6.96454,48.95853,-11.12366,0.11501,-0.00056,-0.99336,0.99317,0.0,0.0,nan,0.0,0.01114
7.00356,48.94558,10.46578,0.04196,0.06433,0.99705,0.99933,0.0,0.0,nan,0.0,0.00993
7.04249,51.11255,-10.92655,0.04841,0.10461,-0.99334,1.00042,0.0,0.0,nan,0.0,0.00639
7.54274,51.94638,9.96213,0.08296,0.04204,0.99567,0.99317,0.0,0.0,nan,0.0,0.00384
7.03738,51.1264,10.68317,0.08166,0.02533,0.99634,0.99893,0.0,0.0,nan,0.0,0.00462
6.98676,53.11816,-10.96313,0.03929,-0.03699,-0.99854,0.99615,0.0,0.0,nan,0.0,0.00594
7.61295,52.10947,9.93155,0.08195,0.04656,0.99555,0.99317,0.0,0.0,nan,0.0,0.00565
6.98299,53.01048,10.55892,0.07994,0.03974,0.99601,1.00032,0.00181,0.00905,0.6,1.0,0.00771
7.012,54.96806,-10.99648,0.07284,0.01901,-0.99716,0.9894,0.0,0.0,nan,0.0,0.0083
6.98905,54.98927,10.3623,0.08342,0.07307,0.99383,0.99933,0.00569,0.02845,0.6,1.0,0.02086
6.95396,57.07981,-10.80498,0.01235,0.02659,-0.99957,0.99853,0.0,0.0,nan,0.0,0.0114
6.95963,57.07878,9.67347,0.07132,0.04076,0.99662,0.96666,0.00767,0.03836,0.6,1.0,0.00977
7.05851,57.46505,10.0014,0.05798,0.05157,0.99698,0.99426,0.00099,0.00497,0.6,1.0,0.00887
6.93369,59.01724,-10.82055,0.01952,0.00031,-0.99981,0.99436,0.0,0.0,nan,0.0,0.00939
6.6553,59.52656,9.66658,-0.00851,0.19643,0.98048,0.98235,0.0,0.0,nan,0.0,0.00974
7.01974,58.89729,10.37951,0.00297,0.12051,0.99271,0.99228,0.0,0.0,nan,0.0,0.008
6.95418,60.97295,-10.50386,0.13197,0.04661,-0.99016,0.99526,0.0,0.0,nan,0.0,0.00546
6.54458,61.56417,-9.72015,0.13179,-0.01406,-0.99118,0.8741,0.0,0.0,nan,0.0,0.0047
6.95797,61.03257,9.45317,-0.00313,0.14879,0.98886,0.97103,0.0,0.0,nan,0.0,0.00703
7.88102,60.4817,10.05857,0.01666,0.21883,0.97562,0.99367,0.0,0.0,nan,0.0,0.00507
6.88437,62.92401,-10.80817,0.12381,-0.11157,-0.98601,1.00022,0.0,0.0,nan,0.0,0.00728
6.55241,62.16147,-9.96038,0.11922,-0.09012,-0.98877,0.92405,0.0,0.0,nan,0.0,0.00377
7.07491,62.71537,9.76906,0.01332,-0.05178,0.99857,0.99694,0.0,0.0,nan,0.0,0.00538
6.23328,63.59944,10.01825,0.04082,-0.02403,0.99888,0.99198,0.0,0.0,nan,0.0,0.00771
7.00438,65.10188,-11.07166,0.12197,0.061,-0.99066,0.99109,0.0,0.0,nan,0.0,0.00733
6.98399,65.19535,9.77899,0.05625,0.12866,0.99009,0.99694,0.0,0.0,nan,0.0,0.00624
6.15224,64.13101,10.01749,0.04745,0.00993,0.99882,0.99218,0.0,0.0,nan,0.0,0.00623
6.97345,67.04304,-10.36127,0.12179,0.06614,-0.99035,0.99446,0.0,0.0,nan,0.0,0.01174
6.98563,66.69541,-9.99944,0.12373,0.07128,-0.98975,0.9601,0.0,0.0,nan,0.0,0.0105
7.02715,66.99904,9.49331,0.04596,0.21974,0.97448,0.99516,0.0,0.0,nan,0.0,0.00622
6.9996,69.03532,-10.51647,0.12866,0.08739,-0.98783,0.99794,0.0,0.0,nan,0.0,0.01071
6.45421,69.46647,7.99788,0.05201,0.34722,0.93634,0.9454,0.0,0.0,nan,0.0,0.00776
6.91086,69.07528,8.71803,0.05081,0.3434,0.93781,0.99595,0.0,0.0,nan,0.0,0.01081
6.89618,70.80196,-10.5298,0.1683,0.24793,-0.95405,0.99754,0.0,0.0,nan,0.0,0.01184
7.03784,71.5309,-9.61477,0.16614,0.20838,-0.96383,0.97122,0.0,0.0,nan,0.0,0.00914
7.05626,70.92172,7.74508,0.03054,0.1751,0.98408,0.96527,0.0,0.0,nan,0.0,0.01003
6.98206,71.16595,8.01097,0.03337,0.17497,0.98401,0.99327,0.0,0.0,nan,0.0,0.00829
6.33247,73.00864,-10.35688,0.2374,0.06461,-0.96926,0.99545,0.0,0.0,nan,0.0,0.01064
7.00244,73.10011,-9.41263,0.21183,0.02802,-0.97691,0.95543,0.0,0.0,nan,0.0,0.01121
7.02667,73.65532,7.67878,0.01406,0.4384,0.89867,0.96745,0.0,0.0,nan,0.0,0.01053
6.9584,72.62943,8.17452,0.03606,0.23388,0.9716,0.97629,0.0,0.0,nan,0.0,0.00694
6.66942,75.31178,-10.04941,0.12449,0.11997,-0.98494,0.95245,0.0,0.0,nan,0.0,0.00923
7.28599,74.77203,-9.60251,0.13332,0.00764,-0.99104,0.9896,0.0,0.0,nan,0.0,0.00847
7.95317,75.92549,5.95288,0.1051,0.45577,0.88387,0.99784,0.0,0.0,nan,0.0,0.00411
7.0075,75.06787,6.79131,0.05448,0.48659,0.87193,0.99982,0.0,0.0,nan,0.0,0.00374
7.09302,76.0747,-10.01526,0.08645,0.26245,-0.96106,0.92515,0.0,0.0,nan,0.0,0.00685
6.99945,77.24563,-9.27508,0.02393,0.60568,-0.79535,0.94759,0.0,0.0,nan,0.0,0.00413
7.41703,77.59904,5.66552,0.12844,0.57602,0.80728,0.93627,0.0,0.0,nan,0.0,0.00659
6.88353,76.60307,6.25862,0.11758,0.43685,0.89182,0.975,0.0,0.0,nan,0.0,0.00475
6.98651,78.05431,-8.11246,0.01124,0.83375,-0.55203,0.99536,0.0,0.0,nan,0.0,0.0163
6.99591,78.61442,-7.06572,0.017,0.90832,-0.41794,0.99665,0.0,0.0,nan,0.0,0.01428
7.0135,79.28889,-5.03859,0.02914,0.96334,-0.26671,0.99873,0.0,0.0,nan,0.0,0.01408
7.00789,79.75358,-3.04504,0.03713,0.9824,-0.18305,0.99367,0.03503,0.09364,0.7,0.9456,0.01724
7.16625,79.94366,-1.47778,0.06906,0.99276,-0.09825,0.99079,0.00672,0.03358,0.6,1.0,0.00641
7.54059,79.42487,1.50921,0.05952,0.93419,0.35178,0.99446,0.0,0.0,nan,0.0,0.00705
7.04796,78.94778,2.99513,0.05895,0.9036,0.42431,1.00002,0.0,0.0,nan,0.0,0.00543
6.96029,78.5114,4.72341,0.07645,0.82856,0.55465,0.9599,0.0,0.0,nan,0.0,0.00679
6.88236,80.07256,-0.56901,0.11429,0.99343,-0.00562,0.98691,0.0,0.0,nan,0.0,0.00197
6.91495,80.2485,0.92127,0.09456,0.96081,0.26059,0.95077,0.0,0.0,nan,0.0,0.00986
6.38642,80.07341,2.12239,0.06191,0.91792,0.39192,0.95692,0.0,0.0,nan,0.0,0.00624
8.93055,1.77702,-8.39868,0.07753,-0.77182,-0.6311,0.97758,0.0,0.0,nan,0.0,0.00598
8.9253,1.10445,-7.05305,0.06359,-0.91725,-0.39321,0.99714,0.0046,0.02302,0.7,1.0,0.00606
8.98424,0.54762,-5.05254,0.0565,-0.973,-0.22379,0.99545,0.0,0.0,nan,0.0,0.01276
8.96094,0.24232,-2.96891,0.05406,-0.99755,-0.04429,0.99377,0.0,0.0,nan,0.0,0.0027
9.11382,0.13829,-0.82684,0.03078,-0.97202,0.23287,0.97778,0.0,0.0,nan,0.0,0.00317
8.8214,1.11435,0.81825,0.09974,-0.89399,0.43684,0.99883,0.0,0.0,nan,0.0,0.00808
8.84799,1.74004,2.29522,0.0959,-0.86942,0.48469,0.99953,0.0,0.0,nan,0.0,0.01226
8.10202,3.59283,-10.06801,0.03845,-0.39427,-0.91819,0.97629,0.0,0.0,nan,0.0,0.00962
8.97985,3.00425,-9.55775,0.08293,-0.51034,-0.85597,0.96874,0.0,0.0,nan,0.0,0.01234
8.9586,2.62129,3.10877,0.06081,-0.75594,0.65181,0.99824,0.0,0.0,nan,0.0,0.01697
8.97397,3.23126,4.56269,0.04194,-0.57846,0.81463,0.96397,0.0,0.0,nan,0.0,0.01261
8.98198,5.20972,-10.24196,0.10137,-0.22007,-0.9702,0.98989,0.0,0.0,nan,0.0,0.0185
8.88469,4.27401,-9.78698,0.07605,-0.32755,-0.94177,0.99913,0.0,0.0,nan,0.0,0.01309
8.97848,5.0244,5.2055,0.03402,-0.48806,0.87214,1.00042,0.0,0.0,nan,0.0,0.01043
9.21569,5.99571,6.00932,0.05073,-0.51804,0.85385,0.98999,0.0,0.0,nan,0.0,0.0084
8.91906,6.98026,-10.46767,0.08441,-0.01326,-0.99634,0.99397,0.0,0.0,nan,0.0,0.01029
8.63459,6.64019,-9.89227,0.08056,-0.03585,-0.9961,0.99327,0.0,0.0,nan,0.0,0.014
8.45469,6.1033,5.85234,-0.00436,-0.51368,0.85797,0.99863,0.0,0.0,nan,0.0,0.0088
9.04002,7.01058,6.43581,0.03449,-0.38781,0.92109,0.98552,0.0,0.0,nan,0.0,0.02099
9.01954,8.90033,-10.51236,-0.00132,-0.04358,-0.99905,0.99585,0.0,0.0,nan,0.0,0.00668
8.51526,8.578,-9.85176,-0.00142,-0.00463,-0.99999,0.95682,0.0,0.0,nan,0.0,0.00697
8.98814,9.11143,6.97145,0.02681,-0.17616,0.984,0.99843,0.0,0.0,nan,0.0,0.00538
8.92363,10.96395,-10.8856,-0.00337,0.00843,-0.99996,0.97371,0.0,0.0,nan,0.0,0.01386
9.02363,11.08595,7.16702,0.02679,-0.2581,0.96575,0.99466,0.0,0.0,nan,0.0,0.00767
9.03632,12.69996,-10.33196,0.01402,0.08474,-0.9963,0.99943,0.0,0.0,nan,0.0,0.00863
8.99813,13.44695,-9.81152,0.01183,0.05817,-0.99824,0.96914,0.0,0.0,nan,0.0,0.00997
8.89165,12.45878,7.76017,0.0292,-0.34772,0.93714,0.99794,0.0,0.0,nan,0.0,0.01015
9.00396,13.3362,8.33821,0.0385,-0.32833,0.94378,0.99019,0.0,0.0,nan,0.0,0.01629
9.03489,15.04405,-10.43178,0.03585,-0.01662,-0.99922,0.99863,0.0,0.0,nan,0.0,0.01436
9.07788,15.17431,8.66846,0.02308,-0.15651,0.98741,0.99704,0.0,0.0,nan,0.0,0.00779
9.02108,16.88977,-10.48047,0.05221,0.01519,-0.99852,0.99883,0.0,0.0,nan,0.0,0.00446
9.07633,17.69325,-9.83699,0.04945,-0.02936,-0.99835,0.97927,0.0,0.0,nan,0.0,0.00247
8.89756,17.0364,9.039,0.04483,-0.22769,0.9727,0.99913,0.0,0.0,nan,0.0,0.00633
8.98537,19.00581,-10.37402,0.02314,-0.08494,-0.99612,0.99943,0.0,0.0,nan,0.0,0.00624
8.45396,18.0031,-9.95628,0.02819,-0.03921,-0.99883,0.98811,0.0,0.0,nan,0.0,0.00246
8.94,18.97859,9.67202,0.06905,-0.12835,0.98932,0.97549,0.0,0.0,nan,0.0,0.00641
8.95608,21.11472,-10.72018,0.06623,0.00629,-0.99778,0.99128,0.0,0.0,nan,0.0,0.00369
8.98601,20.98092,9.02152,0.07436,-0.03546,0.9966,0.98413,0.0,0.0,nan,0.0,0.00733
8.99423,23.07463,-10.51765,0.11011,-0.03981,-0.99312,0.99913,0.0,0.0,nan,0.0,0.00516
8.75933,22.51463,-9.78313,0.10507,-0.00346,-0.99446,0.9605,0.0,0.0,nan,0.0,0.00565
9.03362,22.51379,9.82031,0.09213,-0.18531,0.97835,0.99853,0.0,0.0,nan,0.0,0.00384
8.76178,23.05102,10.2023,0.0987,-0.24259,0.96509,0.9885,0.0,0.0,nan,0.0,0.00697
9.08794,24.79416,-10.41015,0.112,-0.04564,-0.99266,0.99883,0.0,0.0,nan,0.0,0.00948
9.15383,24.17249,9.85253,0.12438,-0.21601,0.96844,0.99903,0.0,0.0,nan,0.0,0.00619
8.9535,25.11602,10.45552,0.12622,-0.09462,0.98748,0.98771,0.0,0.0,nan,0.0,0.00986
8.89445,26.92839,-10.26721,0.12098,0.03616,-0.992,0.99238,0.0,0.0,nan,0.0,0.0038
9.26431,27.67041,-9.91952,0.13829,-0.03391,-0.98981,0.96775,0.0,0.0,nan,0.0,0.00643
8.96108,27.04269,10.47841,0.14887,-0.00382,0.98885,0.98721,0.0,0.0,nan,0.0,0.01566
8.9477,28.93895,-10.66638,0.10379,-0.11551,-0.98787,0.99953,0.01379,0.06894,0.6,1.0,0.00966
9.99241,28.81392,9.9757,0.16558,-0.14973,0.97476,0.99208,0.0,0.0,nan,0.0,0.00641
9.0158,28.92914,10.52947,0.14512,-0.14908,0.97812,0.99506,0.0,0.0,nan,0.0,0.00694
9.04736,30.77427,-10.75707,0.14056,-0.02866,-0.98966,0.99923,0.02799,0.13997,0.6,1.0,0.01795
8.94241,31.07626,10.74958,0.04672,-0.05475,0.99741,0.99317,0.0,0.0,nan,0.0,0.01007
8.97086,33.07406,-10.7059,0.13383,-0.03628,-0.99034,0.99933,0.0,0.0,nan,0.0,0.0062
8.09083,33.27819,9.94675,-0.02504,0.03163,0.99919,0.94699,0.0,0.0,nan,0.0,0.0072
8.88856,33.03597,10.79935,-0.01175,0.01253,0.99985,0.99655,0.0,0.0,nan,0.0,0.00657
8.96708,35.08446,-11.06431,0.12273,-0.01451,-0.99233,0.99784,0.0,0.0,nan,0.0,0.00552
9.04729,34.85194,10.48877,-0.05437,-0.01209,0.99845,0.9891,0.0,0.0,nan,0.0,0.00564
8.99613,37.03301,-10.785,0.12104,0.02016,-0.99244,0.99843,0.0,0.0,nan,0.0,0.0016
8.25113,37.88655,9.88913,-0.0133,-0.09144,0.99572,0.92932,0.0,0.0,nan,0.0,0.00709
8.7879,37.02361,10.696,-0.02644,-0.02276,0.99939,0.99873,0.0,0.0,nan,0.0,0.00688
8.99401,39.0113,-11.03667,0.13574,0.01386,-0.99065,0.99963,0.0,0.0,nan,0.0,0.00395
8.33252,38.15649,9.90549,-0.0057,-0.09453,0.99551,0.93319,0.0,0.0,nan,0.0,0.0098
9.01738,38.92346,10.74974,0.00915,-0.08362,0.99646,0.99764,0.0,0.0,nan,0.0,0.00917
9.07043,41.21819,-10.85813,0.18032,0.05636,-0.98199,0.99982,0.0,0.0,nan,0.0,0.00191
8.99387,41.07003,10.86838,-0.05591,0.1929,0.97962,0.98096,0.0,0.0,nan,0.0,0.00762
9.02042,42.96526,-10.96338,0.2011,-0.00367,-0.97956,1.00022,0.0,0.0,nan,0.0,0.00488
8.8565,42.73232,9.88123,-0.06121,0.13738,0.98863,0.92912,0.0,0.0,nan,0.0,0.00544
9.16553,43.05765,10.09586,-0.06456,0.07401,0.99517,0.96298,0.0,0.0,nan,0.0,0.007
8.99266,45.00737,-10.76869,0.1994,0.06703,-0.97762,0.99972,0.0,0.0,nan,0.0,0.00576
9.29879,44.41205,9.70132,0.00104,-0.17458,0.98464,0.93676,0.0,0.0,nan,0.0,0.00362
8.95415,45.0931,10.47076,0.03469,-0.20263,0.97864,1.00032,0.0,0.0,nan,0.0,0.00459
9.00028,46.97976,-10.28734,0.13164,-0.015,-0.99118,0.98562,0.0,0.0,nan,0.0,0.00772
8.32278,46.90977,-9.9883,0.1536,0.00415,-0.98812,0.9315,0.0,0.0,nan,0.0,0.00718
8.99914,46.97331,10.86963,0.07569,0.04592,0.99607,0.98781,0.0,0.0,nan,0.0,0.00279
8.90247,48.98358,-10.67689,0.10282,-0.0283,-0.9943,0.99992,0.0,0.0,nan,0.0,0.009
9.45562,49.0242,9.91108,0.09986,0.08883,0.99103,0.98254,0.0,0.0,nan,0.0,0.00595
8.96672,48.75862,10.25613,0.08079,0.0963,0.99207,0.99774,0.0,0.0,nan,0.0,0.00271
8.98396,51.0896,-10.73474,0.09651,0.07923,-0.99217,0.99853,0.0,0.0,nan,0.0,0.01224
8.99789,51.94308,9.97403,0.08637,0.02863,0.99585,0.99883,0.0,0.0,nan,0.0,0.00423
9.00455,51.09378,10.55219,0.08909,0.02892,0.9956,0.99903,0.0,0.0,nan,0.0,0.00405
8.94463,53.0195,-10.5933,0.08032,-0.00707,-0.99674,1.00032,0.0,0.0,nan,0.0,0.00705
9.19575,52.21976,9.81494,0.08559,0.03254,0.9958,0.99178,0.0,0.0,nan,0.0,0.0038
8.97673,53.20908,10.40103,0.07362,-0.00016,0.99729,1.00052,0.0,0.0,nan,0.0,0.00347
9.01474,55.10201,-10.72592,0.12384,0.01739,-0.99215,0.99903,0.0,0.0,nan,0.0,0.00918
9.00392,54.99442,10.35229,0.03385,0.04804,0.99827,0.99784,0.0,0.0,nan,0.0,0.02381
8.96819,56.81545,-10.62091,0.12623,-0.00981,-0.99195,0.99913,0.0,0.0,nan,0.0,0.00458
9.77127,56.33426,-9.94658,0.15134,0.00284,-0.98848,0.98264,0.0,0.0,nan,0.0,0.00388
8.92311,56.86652,9.80404,0.0248,0.0068,0.99967,0.99754,0.0,0.0,nan,0.0,0.01616
9.0699,57.3029,10.00045,0.05318,0.0179,0.99842,0.99824,0.0,0.0,nan,0.0,0.01606
9.02086,59.07023,-10.73477,0.1147,0.05601,-0.99182,0.99327,0.0,0.0,nan,0.0,0.01273
9.92849,59.92151,9.91387,0.15745,0.24158,0.95752,0.98979,0.0,0.0,nan,0.0,0.0098
9.01405,58.99182,10.43172,0.06851,0.12359,0.98997,0.97758,0.0,0.0,nan,0.0,0.00803
8.99034,60.98463,-10.34682,0.11499,0.03274,-0.99283,0.99555,0.0,0.0,nan,0.0,0.00803
9.32857,61.41999,-9.80123,0.16232,0.00202,-0.98674,0.97043,0.0,0.0,nan,0.0,0.01017
9.24343,61.14869,9.49168,0.12777,0.18597,0.97421,0.98701,0.0,0.0,nan,0.0,0.00925
8.56927,60.52999,10.24367,0.05273,0.22401,0.97316,0.98245,0.0,0.0,nan,0.0,0.00604
8.96638,63.00016,-10.46275,0.14181,-0.09126,-0.98568,0.99833,0.0,0.0,nan,0.0,0.01005
9.04165,62.91922,9.65143,0.13052,-0.02992,0.99099,0.99069,0.0,0.0,nan,0.0,0.00545
9.02313,65.0119,-10.56785,0.13802,0.03963,-0.98964,0.99853,0.0,0.0,nan,0.0,0.01583
9.01433,65.16853,9.63835,0.09621,0.10788,0.9895,0.99843,0.0,0.0,nan,0.0,0.0089
9.01477,67.00732,-10.43706,0.08033,0.02058,-0.99656,1.00092,0.0,0.0,nan,0.0,0.01088
8.96039,66.97281,9.37554,0.05515,0.16002,0.98557,0.99684,0.0,0.0,nan,0.0,0.00536
9.00201,69.07508,-10.60131,0.06846,0.10029,-0.9926,0.98443,0.0,0.0,nan,0.0,0.01004
8.02983,69.77876,7.99704,-0.05624,0.30124,0.95189,0.95414,0.0,0.0,nan,0.0,0.00768
8.87282,69.06782,8.96393,-0.0471,0.31491,0.94795,0.9889,0.0,0.0,nan,0.0,0.00669
8.9591,70.5694,-10.39307,0.05009,0.25484,-0.96569,0.99406,0.0,0.0,nan,0.0,0.00902
8.95387,71.51851,-9.67377,0.0466,0.25531,-0.96574,0.99675,0.0,0.0,nan,0.0,0.01103
8.57035,70.86282,7.62637,-0.03,0.21032,0.97717,0.96119,0.0,0.0,nan,0.0,0.00746
9.25584,71.18434,8.04705,0.00716,0.2377,0.97131,0.99794,0.0,0.0,nan,0.0,0.00888
8.92918,73.05395,-9.72411,0.04397,0.04561,-0.99799,0.99605,0.0,0.0,nan,0.0,0.01189
8.81705,73.55618,7.69788,0.09654,0.44755,0.88903,0.9609,0.0,0.0,nan,0.0,0.01324
9.00656,72.5075,8.19544,0.05594,0.27413,0.96006,0.97152,0.0,0.0,nan,0.0,0.01161
8.30261,75.4832,-10.03007,0.09307,0.10079,-0.99054,0.94818,0.0,0.0,nan,0.0,0.00868
9.0216,74.75687,-9.79395,0.05979,-0.01786,-0.99805,0.98652,0.0,0.0,nan,0.0,0.00766
8.85312,75.34016,5.44356,0.11901,0.45946,0.88019,0.93676,0.0,0.0,nan,0.0,0.00475
8.96106,74.68193,6.7555,0.12254,0.52772,0.84053,1.00072,0.0,0.0,nan,0.0,0.00691
9.04838,77.16633,-9.21024,0.08529,0.57067,-0.81674,0.92405,0.0,0.0,nan,0.0,0.00572
9.96379,77.98959,-7.98974,0.09211,0.82748,-0.55388,0.98533,0.00899,0.04497,0.6,1.0,0.01124
8.986,77.15028,5.67792,0.08552,0.49438,0.86503,0.975,0.0,0.0,nan,0.0,0.00346
8.67144,78.06606,-8.09592,0.06068,0.83054,-0.55364,0.99009,0.00325,0.01627,0.6,1.0,0.02119
8.98595,78.56724,-7.08001,0.06087,0.9049,-0.42124,0.99595,0.01995,0.09977,0.6,1.0,0.01576
9.02023,79.23698,-4.9813,0.05558,0.96148,-0.2692,0.99575,0.00317,0.01587,0.7,1.0,0.0151
9.02878,79.6553,-3.01443,0.03538,0.9822,-0.1845,0.99516,0.10616,0.10616,0.7,0.63144,0.01268
8.98223,79.92744,-1.1484,0.01616,0.99888,-0.04443,0.99228,0.0,0.0,nan,0.0,0.00228
8.92606,79.56921,1.37091,-0.02425,0.95788,0.28615,0.99148,0.0,0.0,nan,0.0,0.00279
8.93646,79.15009,3.07333,-0.06016,0.89902,0.43376,0.99953,0.0,0.0,nan,0.0,0.00429
9.06451,78.43013,4.59838,-0.00923,0.77371,0.63347,0.94362,0.00034,0.0017,0.7,1.0,0.01129
8.82489,80.01044,-0.15521,0.01357,0.99708,0.07521,0.98701,0.0,0.0,nan,0.0,0.00158
8.88254,80.03571,0.44718,0.00446,0.98883,0.14896,0.9893,0.0,0.0,nan,0.0,0.00153
10.93115,1.84233,-8.28193,0.10567,-0.76805,-0.63161,0.96715,0.0,0.0,nan,0.0,0.00796
11.0267,1.30976,-7.01561,0.10694,-0.89496,-0.43314,0.99426,0.0,0.0,nan,0.0,0.0045
11.07432,0.63847,-5.01202,0.08117,-0.96651,-0.24347,0.99675,0.0,0.0,nan,0.0,0.00573
10.98855,0.30166,-2.97819,0.03094,-0.99745,-0.06427,0.99138,0.0,0.0,nan,0.0,0.00145
10.96446,0.53812,-0.9461,0.0083,-0.97424,0.22536,0.99694,0.0,0.0,nan,0.0,0.00275
10.97986,1.08377,0.91876,-0.00416,-0.88842,0.45901,0.99933,0.0,0.0,nan,0.0,0.00781
10.88991,1.72935,2.1985,0.00281,-0.86692,0.49845,0.99526,0.0,0.0,nan,0.0,0.00941
11.01011,2.94791,-9.27328,0.07978,-0.53198,-0.84299,0.97172,0.00314,0.01568,0.6,1.0,0.00971
11.07295,2.24741,3.15388,0.03077,-0.78555,0.61804,0.98463,0.0,0.0,nan,0.0,0.01098
10.89213,3.25393,4.463,0.04675,-0.57581,0.81624,0.97063,0.0,0.0,nan,0.0,0.01354
10.76037,5.43215,-10.00472,0.08544,-0.18132,-0.97971,0.99148,0.0,0.0,nan,0.0,0.02075
11.35242,4.74429,-9.90033,0.07682,-0.27945,-0.95708,0.99337,0.0,0.0,nan,0.0,0.01571
11.16842,4.47731,3.99325,0.08287,-0.51319,0.85426,0.97718,0.0,0.0,nan,0.0,0.01089
10.97794,5.13674,4.78499,0.099,-0.46614,0.87915,0.99853,0.0,0.0,nan,0.0,0.01103
10.89599,6.89913,-10.39355,0.14489,-0.05636,-0.98784,0.99416,0.0,0.0,nan,0.0,0.00849
11.45225,7.69939,-9.77407,0.18882,-0.05521,-0.98046,0.99287,0.0,0.0,nan,0.0,0.00681
11.44592,6.11369,5.5449,0.18243,-0.40883,0.89419,0.99526,0.0,0.0,nan,0.0,0.00725
11.00335,7.06083,6.44606,0.19399,-0.3463,0.91785,0.9746,0.0,0.0,nan,0.0,0.00349
11.01658,9.04291,-10.53078,0.18116,-0.07463,-0.98062,0.98513,0.0,0.0,nan,0.0,0.00842
11.32181,8.21846,-9.70952,0.19415,-0.05421,-0.97947,0.98731,0.0,0.0,nan,0.0,0.0059
11.78219,8.68743,5.89432,0.2188,-0.28156,0.93426,0.98135,0.0,0.0,nan,0.0,0.0058
10.87996,9.26128,6.45216,0.18441,-0.20659,0.96089,0.99824,0.0,0.0,nan,0.0,0.0088
11.00109,11.00009,-10.51191,0.16252,0.02878,-0.98629,0.99059,0.0,0.0,nan,0.0,0.02601
11.43664,11.19271,-9.75096,0.18241,0.03119,-0.98273,0.99178,0.0,0.0,nan,0.0,0.02918
10.90083,11.06232,7.0823,0.15667,-0.24324,0.95723,0.99675,0.0,0.0,nan,0.0,0.0099
10.96803,12.96517,-10.27664,0.0941,0.0537,-0.99411,0.99913,0.0,0.0,nan,0.0,0.0117
10.933,13.47225,-9.90698,0.06876,0.01589,-0.99751,0.99039,0.0,0.0,nan,0.0,0.01163
11.27755,12.49623,7.48074,0.17858,-0.34661,0.92085,1.00012,0.0,0.0,nan,0.0,0.00765
10.80331,13.48591,8.31227,0.12792,-0.33868,0.93216,0.97867,0.0,0.0,nan,0.0,0.01269
10.98009,15.01637,-10.23174,0.07697,0.02308,-0.99677,0.99963,0.0,0.0,nan,0.0,0.00849
11.49131,14.53729,-9.96443,0.08222,0.03424,-0.99603,0.99903,0.0,0.0,nan,0.0,0.01715
10.94676,14.95897,8.59684,0.12379,-0.18059,0.97574,0.98711,0.0,0.0,nan,0.0,0.01206
10.90037,16.86787,-10.12455,0.09422,0.01353,-0.99546,0.99893,0.0,0.0,nan,0.0,0.00348
11.14556,17.27044,-9.75713,0.09755,-0.01446,-0.99513,0.98691,0.0,0.0,nan,0.0,0.00328
10.9392,17.02506,8.74399,0.14939,-0.20737,0.96679,0.99426,0.0,0.0,nan,0.0,0.01207
10.94126,18.93654,-10.4159,0.09233,-0.08514,-0.99208,0.99694,0.0,0.0,nan,0.0,0.00643
11.00566,18.7858,9.44622,0.13662,-0.17848,0.97441,0.95633,0.0,0.0,nan,0.0,0.01077
10.93552,21.11511,-10.49204,0.13141,0.06924,-0.98891,0.99724,0.0,0.0,nan,0.0,0.00994
11.52669,21.7562,-9.68962,0.12739,0.04479,-0.99084,0.97937,0.0,0.0,nan,0.0,0.00527
10.96338,21.08262,9.2229,0.04382,-0.04441,0.99805,0.99863,0.0,0.0,nan,0.0,0.00951
10.86005,23.12077,-10.24991,0.11023,-0.07061,-0.9914,0.99843,0.0,0.0,nan,0.0,0.00765
11.52918,22.58174,-9.68388,0.12759,-0.03198,-0.99131,0.96973,0.0,0.0,nan,0.0,0.00882
11.03999,22.99021,9.77756,0.0879,-0.16286,0.98273,0.99347,0.0,0.0,nan,0.0,0.00345
10.95387,25.05514,-10.64483,0.1249,0.02399,-0.99188,0.98542,0.0,0.0,nan,0.0,0.00828
11.76538,24.47036,-9.81838,0.13415,-0.0298,-0.99051,0.99744,0.0,0.0,nan,0.0,0.01311
11.06833,24.81136,9.69924,0.13871,-0.10754,0.98448,0.99893,0.0,0.0,nan,0.0,0.00667
10.5428,25.40612,10.01183,0.15003,-0.06854,0.9863,0.99416,0.0,0.0,nan,0.0,0.00623
10.78985,26.90387,-10.35432,0.12148,0.03223,-0.99207,1.00102,0.0,0.0,nan,0.0,0.00672
11.5559,27.28584,-9.65245,0.11465,0.00809,-0.99337,0.97331,0.0,0.0,nan,0.0,0.0073
11.17585,27.11741,9.43909,0.16897,0.02199,0.98538,0.96586,0.0,0.0,nan,0.0,0.00711
10.41075,26.66125,10.03054,0.15629,0.0089,0.98767,0.99277,0.0,0.0,nan,0.0,0.009
10.94335,29.05698,-10.34779,0.10731,-0.12437,-0.98642,1.00092,0.01916,0.09581,0.6,1.0,0.01649
11.53464,28.18549,-9.91715,0.10023,-0.06542,-0.99281,0.99138,0.0,0.0,nan,0.0,0.00763
11.01953,29.00638,9.37954,0.16649,-0.18207,0.96909,0.94401,0.0,0.0,nan,0.0,0.00649
10.9589,29.47716,10.44019,0.14744,-0.19192,0.97027,0.99814,0.0,0.0,nan,0.0,0.00615
11.01671,30.98812,-10.64522,0.15865,-0.00832,-0.9873,0.99982,0.0,0.0,nan,0.0,0.01382
10.93771,31.00586,10.36849,0.14482,-0.16339,0.97588,0.99714,0.0,0.0,nan,0.0,0.0101
10.9512,32.95145,-10.44143,0.16676,-0.04673,-0.98489,0.99744,0.00217,0.01084,0.6,1.0,0.00258
11.63556,32.46413,-9.82682,0.17493,-0.01968,-0.98438,0.96983,0.0,0.0,nan,0.0,0.00356
10.96925,33.04039,10.59061,0.08763,-0.05446,0.99466,0.99863,0.0,0.0,nan,0.0,0.00871
11.00661,35.07127,-10.77783,0.17291,-0.01893,-0.98476,0.99367,0.0,0.0,nan,0.0,0.00539
11.0267,35.08946,10.79722,0.10409,0.02925,0.99414,0.99208,0.0,0.0,nan,0.0,0.00804
10.93958,36.9046,-10.45509,0.16685,0.01017,-0.98593,0.99724,0.0,0.0,nan,0.0,0.00203
11.91745,37.38622,9.83729,0.22645,0.06148,0.97208,0.96834,0.0,0.0,nan,0.0,0.00445
11.01651,36.97731,10.68688,0.13265,0.0625,0.98919,0.99118,0.0,0.0,nan,0.0,0.00825
11.04198,39.04688,-10.75187,0.16598,0.04471,-0.98511,0.99873,0.0,0.0,nan,0.0,0.00475
11.86701,38.24752,9.83729,0.25367,-0.01225,0.96721,0.96914,0.0,0.0,nan,0.0,0.00694
10.96493,38.95329,10.59371,0.17225,-0.1202,0.97769,0.99118,0.0,0.0,nan,0.0,0.01422
10.89674,40.97871,-10.25646,0.17439,0.09348,-0.98023,0.99456,0.0,0.0,nan,0.0,0.00212
11.534,41.37509,-9.85032,0.15614,0.07246,-0.98507,0.97261,0.0,0.0,nan,0.0,0.00219
10.99156,41.07906,11.11135,0.10488,0.10044,0.9894,0.93895,0.0,0.0,nan,0.0,0.01116
10.9357,42.98935,-10.30994,0.15914,-0.00208,-0.98725,0.99883,0.0,0.0,nan,0.0,0.00752
11.68015,43.79261,-9.94837,0.12579,0.00191,-0.99205,0.99416,0.0,0.0,nan,0.0,0.01156
10.37441,42.69687,9.91967,-0.06393,0.16563,0.98411,0.95593,0.0,0.0,nan,0.0,0.00629
10.94988,43.12313,10.16747,-0.00484,0.10719,0.99423,0.98582,0.0,0.0,nan,0.0,0.00952
11.03953,45.02656,-10.41287,0.14106,0.00881,-0.98996,0.99903,0.0,0.0,nan,0.0,0.01296
11.03997,45.65747,-9.99416,0.12854,-0.02893,-0.99128,0.98632,0.0,0.0,nan,0.0,0.01093
11.95073,44.62024,9.98248,0.1542,-0.00899,0.988,0.99446,0.0,0.0,nan,0.0,0.00927
10.97269,44.91236,10.36204,0.07584,-0.07008,0.99465,0.99804,0.0,0.0,nan,0.0,0.00916
10.94356,46.82962,-10.63695,0.08026,-0.06265,-0.9948,0.99824,0.0,0.0,nan,0.0,0.01162
11.63198,46.02161,-9.99839,0.1406,-0.06181,-0.98814,0.99466,0.0,0.0,nan,0.0,0.00824
11.03945,47.00169,10.73196,0.16847,0.07729,0.98267,0.98096,0.0,0.0,nan,0.0,0.01433
11.00684,49.00886,-10.68771,0.11631,0.02464,-0.99291,0.99128,0.0,0.0,nan,0.0,0.0157
11.13337,49.26767,9.8158,0.1753,0.04977,0.98326,0.99317,0.0,0.0,nan,0.0,0.00902
10.92278,48.82775,10.14013,0.17932,0.07351,0.98104,1.00032,0.0,0.0,nan,0.0,0.0054
10.97533,50.98191,-10.33196,0.14064,0.06971,-0.9876,0.99953,0.0,0.0,nan,0.0,0.02003
11.71175,51.43191,-9.83933,0.15368,0.03454,-0.98752,0.9884,0.0,0.0,nan,0.0,0.01435
10.50344,51.98326,9.97473,0.10133,0.02308,0.99459,1.00022,0.0,0.0,nan,0.0,0.0044
11.02035,51.03213,10.38549,0.12896,0.01406,0.99155,0.99218,0.0,0.0,nan,0.0,0.00739
10.93755,52.89319,-10.42163,0.11481,-0.00593,-0.99337,0.99943,0.0,0.0,nan,0.0,0.01791
11.12713,52.52385,9.73786,0.11411,0.02647,0.99312,0.99804,0.0,0.0,nan,0.0,0.012
10.86103,53.33803,10.23411,0.10591,-0.001,0.99438,0.99933,0.0,0.0,nan,0.0,0.00359
10.987,55.06522,-10.39404,0.13985,0.05304,-0.98875,0.99963,0.0,0.0,nan,0.0,0.00563
11.62466,55.86339,-9.89748,0.15833,0.03552,-0.98675,0.99446,0.0,0.0,nan,0.0,0.00205
11.81674,55.19469,9.77803,0.11816,0.06869,0.99062,0.99953,0.0,0.0,nan,0.0,0.00749
10.86299,54.97331,10.32665,0.12141,0.0378,0.99188,0.9885,0.0,0.0,nan,0.0,0.0143
11.00492,57.02066,-10.38615,0.15097,-0.04402,-0.98756,0.99953,0.0,0.0,nan,0.0,0.0029
11.11142,56.3089,-9.75791,0.15529,-0.00298,-0.98786,0.97669,0.0,0.0,nan,0.0,0.00187
11.55057,56.99558,9.70206,0.15388,0.07747,0.98505,0.99833,0.0,0.0,nan,0.0,0.0044
10.653,56.82821,10.05479,0.1549,0.0487,0.98673,0.99933,0.0,0.0,nan,0.0,0.00696
10.98699,59.11,-10.41953,0.1717,0.09736,-0.98033,0.9894,0.0,0.0,nan,0.0,0.01461
11.09215,59.24386,9.68473,0.19186,0.16515,0.96743,0.99903,0.0,0.0,nan,0.0,0.00879
10.66875,58.68208,10.16869,0.1898,0.11664,0.97487,0.98691,0.0,0.0,nan,0.0,0.00715
10.67287,61.00315,-10.0487,0.17697,0.06137,-0.9823,1.00002,0.0,0.0,nan,0.0,0.01411
11.35012,61.09173,-9.73972,0.15645,0.04365,-0.98672,0.99446,0.0,0.0,nan,0.0,0.01477
11.02791,61.00002,9.10782,0.16778,0.21142,0.96289,0.98185,0.0,0.0,nan,0.0,0.00994
10.83043,63.05639,-10.36952,0.16167,-0.10317,-0.98144,0.99506,0.0,0.0,nan,0.0,0.01636
11.66852,62.70738,-9.847,0.13831,-0.08841,-0.98643,0.99963,0.00038,0.00191,0.7,1.0,0.02063
11.05192,62.89222,9.13443,0.20777,-0.04004,0.97736,0.99734,0.0,0.0,nan,0.0,0.00908
10.96907,64.9557,-10.31922,0.22224,0.03726,-0.97428,0.99456,0.00053,0.00264,0.7,1.0,0.00917
11.71115,65.76111,-9.72676,0.24255,0.06159,-0.96818,0.99456,0.0,0.0,nan,0.0,0.007
10.99238,65.15453,9.39915,0.21013,0.06792,0.97531,0.98622,0.0,0.0,nan,0.0,0.00934
10.88599,66.95232,-10.41407,0.2524,-0.00045,-0.96762,0.99307,0.0,0.0,nan,0.0,0.01255
11.78836,66.62988,-9.79925,0.2545,0.01671,-0.96693,0.99764,0.0,0.0,nan,0.0,0.00665
11.03717,66.98578,9.11531,0.21495,0.10816,0.97062,0.99605,0.0,0.0,nan,0.0,0.00773
11.01631,68.95811,-10.3653,0.21938,0.04864,-0.97443,0.98503,0.0,0.0,nan,0.0,0.01191
11.98578,69.80903,-9.99712,0.21657,0.11541,-0.96942,0.989,0.0,0.0,nan,0.0,0.01331
11.02763,69.03116,8.7107,0.16907,0.26376,0.94965,0.98483,0.0,0.0,nan,0.0,0.00752
10.76059,70.38512,-10.15814,0.14643,0.19559,-0.96969,0.99377,0.0,0.0,nan,0.0,0.01412
11.11164,71.2173,-9.7775,0.12714,0.18228,-0.97499,0.99784,0.0,0.0,nan,0.0,0.00482
11.41853,71.18938,7.58225,0.15155,0.28098,0.94767,0.99595,0.0,0.0,nan,0.0,0.00885
10.69379,70.71845,8.24066,0.09982,0.27718,0.95562,0.99526,0.0,0.0,nan,0.0,0.0061
10.99863,73.0975,-9.55086,0.04469,0.03661,-0.99833,0.99754,0.0,0.0,nan,0.0,0.0112
10.95376,72.99572,7.32766,0.14518,0.40242,0.90387,0.99853,0.0,0.0,nan,0.0,0.01302
10.22853,72.25904,8.07753,0.10259,0.29593,0.94968,0.98523,0.0,0.0,nan,0.0,0.00839
10.96854,74.93652,-9.73241,0.0957,0.06955,-0.99298,0.97818,0.0,0.0,nan,0.0,0.00791
11.16949,75.50202,5.56312,0.1237,0.45076,0.88403,0.99317,0.0,0.0,nan,0.0,0.00741
10.81331,74.5508,6.49053,0.09926,0.52415,0.84582,1.00012,0.0,0.0,nan,0.0,0.0098
10.95962,77.10614,-8.96276,0.12194,0.61547,-0.77867,0.95265,0.0,0.0,nan,0.0,0.00986
11.23292,77.91947,-7.86846,0.11657,0.82258,-0.55656,0.98354,0.00945,0.04726,0.6,1.0,0.01218
10.99385,77.07069,5.49769,0.14239,0.46393,0.87435,0.98145,0.0,0.0,nan,0.0,0.00382
10.97517,78.4059,-6.93659,0.10123,0.89987,-0.42424,0.99893,0.03704,0.07657,0.6,0.91133,0.01739
11.00597,79.05779,-5.02663,0.0829,0.95197,-0.29477,0.99764,0.0,0.0,nan,0.0,0.00899
11.01157,79.58246,-3.07514,0.04342,0.97427,-0.22116,0.99506,0.0,0.0,nan,0.0,0.01174
11.03147,79.90991,-1.07682,0.01459,0.99538,-0.09485,0.99764,0.0,0.0,nan,0.0,0.00853
11.03142,79.9212,1.32185,0.04328,0.9784,0.20212,0.97768,0.0,0.0,nan,0.0,0.00601
11.04007,79.40353,3.06636,0.06577,0.88515,0.46064,0.96109,0.0,0.0,nan,0.0,0.0069
10.95449,78.46326,4.53043,0.12766,0.7027,0.69994,0.95454,0.0,0.0,nan,0.0,0.00776
11.49947,80.00053,-0.01132,0.08209,0.99571,0.04277,0.9886,0.0,0.0,nan,0.0,0.00148
10.97892,80.02014,0.47474,0.03143,0.99525,0.09211,0.98145,0.0,0.0,nan,0.0,0.00782
12.56999,1.92981,-8.08851,0.08819,-0.78709,-0.6105,0.96785,0.0,0.0,nan,0.0,0.00645
13.00202,1.51685,-6.95584,0.06292,-0.89622,-0.43912,0.99218,0.0,0.0,nan,0.0,0.011
13.00658,0.84715,-5.07046,0.08621,-0.95866,-0.27119,0.99704,0.00367,0.01834,0.7,1.0,0.01064
12.99169,0.42516,-3.00949,0.05193,-0.98766,-0.14774,0.99466,0.0,0.0,nan,0.0,0.00249
13.05178,0.18305,-0.88598,-0.00583,-0.98177,0.18998,0.96934,0.0,0.0,nan,0.0,0.00837
13.01739,1.08369,0.87442,-0.03276,-0.89097,0.45288,0.99982,0.0,0.0,nan,0.0,0.01025
13.11905,1.85162,2.19485,-0.00735,-0.82819,0.56041,1.00052,0.0,0.0,nan,0.0,0.01115
12.82714,2.84784,-9.09438,0.118,-0.5624,-0.8184,0.96477,0.00118,0.00589,0.6,1.0,0.00562
13.00019,2.29256,3.43003,0.02514,-0.74616,0.6653,0.95156,0.0,0.0,nan,0.0,0.01739
12.87735,3.47659,4.38636,0.08974,-0.4924,0.86573,0.95563,0.0,0.0,nan,0.0,0.01215
13.0752,5.61814,-10.06215,0.16811,-0.08191,-0.98236,0.96675,0.0,0.0,nan,0.0,0.01058
12.97534,4.69809,-9.88718,0.13834,-0.25444,-0.95714,0.974,0.0,0.0,nan,0.0,0.00731
13.13051,4.91477,5.12567,0.13665,-0.40598,0.90361,0.98125,0.0,0.0,nan,0.0,0.01041
12.75638,6.51864,-10.04202,0.18216,-0.00608,-0.98325,0.99377,0.0,0.0,nan,0.0,0.00887
13.31526,7.36399,-9.72465,0.19557,0.00601,-0.98067,1.00072,0.0,0.0,nan,0.0,0.00625
13.12483,7.08982,5.75291,0.16813,-0.35636,0.9191,0.99933,0.0,0.0,nan,0.0,0.00428
12.28495,7.15683,6.12519,0.19637,-0.34558,0.91761,0.99257,0.0,0.0,nan,0.0,0.00366
12.94316,9.44293,-10.05844,0.19819,-0.08755,-0.97625,0.99913,0.0,0.0,nan,0.0,0.0154
13.07852,8.57121,-9.50123,0.20183,-0.05824,-0.97769,0.99287,0.0,0.0,nan,0.0,0.01083
13.14478,8.4138,5.54838,0.17329,-0.29794,0.93872,0.98632,0.0,0.0,nan,0.0,0.0072
12.95948,9.13726,6.63947,0.1753,-0.25728,0.9503,0.99069,0.0,0.0,nan,0.0,0.00977
12.92683,11.17251,-10.02525,0.19271,-0.00242,-0.98125,0.99337,0.0,0.0,nan,0.0,0.02595
13.20208,10.91778,-9.85904,0.19174,-0.03355,-0.98087,0.99555,0.0,0.0,nan,0.0,0.02058
13.01994,11.02513,6.85753,0.17572,-0.22975,0.95726,0.99784,0.0,0.0,nan,0.0,0.01404
12.88557,13.03575,-10.1943,0.15249,-0.0183,-0.98814,0.99833,0.0,0.0,nan,0.0,0.01215
13.15152,12.38168,-9.9829,0.16491,-0.00846,-0.98627,1.00012,0.0,0.0,nan,0.0,0.0148
12.98471,12.87558,7.24995,0.23567,-0.32054,0.91745,1.00002,0.0,0.0,nan,0.0,0.00614
12.7253,13.90423,8.04082,0.23599,-0.34108,0.90993,0.99059,0.0,0.0,nan,0.0,0.01197
12.94964,14.97821,-10.26814,0.13861,0.05606,-0.98876,0.99684,0.0,0.0,nan,0.0,0.00664
13.61523,15.07102,-9.98378,0.14837,0.05229,-0.98755,0.99814,0.0,0.0,nan,0.0,0.00506
13.92123,14.60181,7.63545,0.26831,-0.29047,0.9185,0.99397,0.0,0.0,nan,0.0,0.01314
12.89205,15.08043,8.34226,0.23554,-0.19017,0.95308,0.98284,0.0,0.0,nan,0.0,0.00819
12.42225,16.47348,-10.01458,0.14102,0.01396,-0.98991,0.99794,0.0,0.0,nan,0.0,0.00373
13.05098,16.89822,-9.54406,0.1401,-0.01594,-0.99001,0.9884,0.0,0.0,nan,0.0,0.00514
13.11439,17.39317,7.79283,0.21097,-0.1982,0.95719,0.9753,0.0,0.0,nan,0.0,0.01446
13.17269,16.87723,8.14721,0.21106,-0.18703,0.95941,0.99883,0.0,0.0,nan,0.0,0.00847
12.96219,18.98625,-10.15401,0.10758,-0.06333,-0.99218,0.99833,0.0,0.0,nan,0.0,0.00533
13.9143,18.13731,-9.98738,0.12364,-0.10114,-0.98716,0.99963,0.0,0.0,nan,0.0,0.00648
13.27448,18.09729,7.92368,0.25188,-0.18875,0.94917,0.98215,0.0,0.0,nan,0.0,0.01029
13.02059,18.8517,9.05534,0.24698,-0.19849,0.94847,0.99059,0.0,0.0,nan,0.0,0.01085
12.85145,20.78269,-10.17888,0.13622,0.07602,-0.98776,0.99675,0.0,0.0,nan,0.0,0.00599
13.14785,21.57401,-9.77558,0.17443,0.0436,-0.9837,0.99754,0.0,0.0,nan,0.0,0.00786
12.91306,20.88967,8.95016,0.17818,-0.11644,0.97708,0.99843,0.02625,0.13124,0.7,1.0,0.0089
13.02105,23.42744,-10.3055,0.14273,-0.09464,-0.98523,0.99516,0.0,0.0,nan,0.0,0.01217
12.95298,22.60057,-9.70525,0.16363,-0.04478,-0.9855,0.99188,0.0,0.0,nan,0.0,0.00813
13.03662,23.05408,9.59248,0.17874,-0.11125,0.97759,0.99069,0.0,0.0,nan,0.0,0.00666
12.99245,25.06363,-10.30246,0.14027,0.02545,-0.98979,0.99595,0.0,0.0,nan,0.0,0.00681
12.97537,24.45828,-9.83297,0.1392,-0.02599,-0.98992,1.00052,0.0,0.0,nan,0.0,0.01292
13.10486,24.80184,9.5309,0.2038,-0.10065,0.97382,0.99218,0.0,0.0,nan,0.0,0.01111
12.42892,25.66454,10.06666,0.16214,-0.04526,0.98573,0.96487,0.0,0.0,nan,0.0,0.00889
13.00381,27.17457,-10.05534,0.18592,0.0222,-0.98231,0.99992,0.00181,0.00906,0.51,1.0,0.01006
13.01226,27.01235,-9.71537,0.18773,0.03557,-0.98158,0.99555,0.0,0.0,nan,0.0,0.00852
13.42175,27.24101,9.41666,0.20187,0.0136,0.97932,0.99039,0.0,0.0,nan,0.0,0.01051
12.53551,26.92213,10.14137,0.14206,0.02248,0.9896,0.96954,0.0,0.0,nan,0.0,0.0068
13.01249,29.07522,-10.23981,0.16887,-0.12759,-0.97735,0.99694,0.0,0.0,nan,0.0,0.01264
12.21776,28.07169,-9.95056,0.1593,-0.05201,-0.98586,0.99158,0.00732,0.03661,0.51,1.0,0.01005
13.05465,28.72415,9.50277,0.16957,-0.17691,0.96951,0.98691,0.0,0.0,nan,0.0,0.00768
12.87455,29.59503,10.20175,0.14305,-0.22196,0.9645,0.98572,0.0,0.0,nan,0.0,0.00519
12.9649,31.02332,-10.35997,0.16184,0.02076,-0.9866,0.99804,0.02323,0.11616,0.51,1.0,0.00835
13.75211,31.87845,-9.92509,0.2184,0.02286,-0.97559,0.99446,0.0,0.0,nan,0.0,0.01103
13.28901,31.55927,9.86001,0.13609,-0.12146,0.98322,0.99903,0.0,0.0,nan,0.0,0.01513
12.93022,31.01286,10.29313,0.13276,-0.14408,0.98062,0.99317,0.0,0.0,nan,0.0,0.01431
12.84715,33.14237,-10.29786,0.17092,-0.05274,-0.98387,0.99744,0.0,0.0,nan,0.0,0.0018
13.08587,32.34993,-9.69154,0.1888,-0.00632,-0.98199,0.97738,0.0,0.0,nan,0.0,0.01029
12.94953,33.00005,10.25783,0.13242,-0.07298,0.9885,0.99893,0.0,0.0,nan,0.0,0.00888
13.0774,34.98515,-10.38747,0.18227,-0.0158,-0.98312,0.99357,0.0,0.0,nan,0.0,0.0142
13.65333,35.62484,9.6801,0.19531,0.13795,0.97099,0.99287,0.0,0.0,nan,0.0,0.00748
13.01464,35.03883,10.72737,0.16257,0.06768,0.98437,0.9894,0.0,0.0,nan,0.0,0.00608
12.93705,37.23937,-10.12612,0.21088,-0.02979,-0.97706,0.99476,0.0,0.0,nan,0.0,0.00608
13.29353,36.85838,-9.82195,0.23868,-0.00817,-0.97106,0.989,0.0,0.0,nan,0.0,0.00685
12.58273,37.33667,9.9985,0.24558,0.08985,0.9652,0.99347,0.0,0.0,nan,0.0,0.00389
12.9913,36.94115,10.49997,0.22668,0.12867,0.96543,0.99843,0.0,0.0,nan,0.0,0.00416
12.97524,39.00438,-10.43623,0.18052,0.04255,-0.98265,0.99635,0.0,0.0,nan,0.0,0.01015
13.23411,38.7065,9.74693,0.29939,0.02295,0.95385,0.99039,0.0,0.0,nan,0.0,0.00745
12.78912,39.18948,10.35767,0.33552,-0.0542,0.94047,0.99665,0.0,0.0,nan,0.0,0.00765
12.95443,40.87281,-10.13597,0.16603,0.05989,-0.9843,1.00042,0.0,0.0,nan,0.0,0.0024
13.10847,41.24255,-9.75322,0.15833,0.02876,-0.98697,0.98602,0.0,0.0,nan,0.0,0.0029
13.55174,41.00251,9.6815,0.43637,-0.03301,0.89916,0.99744,0.0,0.0,nan,0.0,0.01343
12.77112,41.03104,10.66345,0.34827,-0.00858,0.93735,0.96477,0.0,0.0,nan,0.0,0.01486
12.93647,42.99176,-10.30552,0.1079,-0.01442,-0.99406,0.99814,0.0,0.0,nan,0.0,0.0064
13.77827,42.88319,9.95168,0.37345,0.0145,0.92754,0.989,0.0,0.0,nan,0.0,0.01446
12.80219,43.00381,10.27078,0.2583,0.06117,0.96413,0.99387,0.0,0.0,nan,0.0,0.00775
12.88763,44.9076,-10.33781,0.15463,0.03419,-0.98738,0.99476,0.0,0.0,nan,0.0,0.00653
13.39573,45.69109,-9.82725,0.21185,-0.00583,-0.97728,0.99536,0.0,0.0,nan,0.0,0.00988
13.49209,44.8161,9.72024,0.27806,-0.01642,0.96042,0.99675,0.0,0.0,nan,0.0,0.00667
12.75236,45.09102,10.14939,0.24039,-0.02298,0.9704,0.99724,0.0,0.0,nan,0.0,0.0093
12.99092,46.99377,-10.40848,0.22503,-0.06578,-0.97213,0.99397,0.0,0.0,nan,0.0,0.00974
13.64377,46.31016,-9.72454,0.24171,-0.02512,-0.97002,0.99297,0.0,0.0,nan,0.0,0.0077
13.06818,46.97064,9.75211,0.22544,0.07559,0.97132,1.00032,0.0,0.0,nan,0.0,0.00917
12.36301,47.27282,10.1322,0.20861,0.10336,0.97252,0.99943,0.0,0.0,nan,0.0,0.011
12.99662,48.95803,-10.28072,0.22329,0.06051,-0.97287,0.99734,0.0,0.0,nan,0.0,0.02348
13.49163,49.22592,-9.74624,0.25971,0.08637,-0.96182,0.99824,0.0,0.0,nan,0.0,0.01106
13.15665,48.83316,9.45923,0.27523,0.11569,0.95439,0.99198,0.0,0.0,nan,0.0,0.00763
12.48423,48.42308,10.07269,0.21261,0.10906,0.97103,0.99714,0.0,0.0,nan,0.0,0.00548
12.82296,50.82843,-10.05017,0.23508,0.06052,-0.97009,0.99774,0.0,0.0,nan,0.0,0.01064
13.04911,51.19294,-9.71373,0.25269,0.03461,-0.96693,0.99545,0.0,0.0,nan,0.0,0.00948
13.74572,50.89994,9.71887,0.4006,0.01039,0.9162,0.97808,0.0,0.0,nan,0.0,0.01254
12.7826,51.08243,10.22942,0.27874,-0.00555,0.96035,0.96656,0.0,0.0,nan,0.0,0.00823
12.99006,53.00511,-10.27211,0.21481,-0.00838,-0.97662,0.9888,0.0,0.0,nan,0.0,0.01675
13.04416,52.81031,9.61155,0.25855,-0.06348,0.96391,0.99456,0.0,0.0,nan,0.0,0.00651
12.80604,53.62603,10.03286,0.17231,-0.03205,0.98452,0.98662,0.0,0.0,nan,0.0,0.00473
12.91902,54.6811,-10.16782,0.20844,0.07901,-0.97484,0.99794,0.0,0.0,nan,0.0,0.01074
13.17988,55.60305,-9.74496,0.21819,0.02807,-0.9755,0.99814,0.0,0.0,nan,0.0,0.00695
12.52717,55.35537,9.87281,0.11391,0.07483,0.99067,0.99645,0.0,0.0,nan,0.0,0.0095
13.23503,54.75999,10.11413,0.15272,0.0083,0.98823,0.97271,0.0,0.0,nan,0.0,0.00794
12.83736,57.23621,-10.14861,0.16315,-0.0494,-0.98536,0.99913,0.0,0.0,nan,0.0,0.00687
13.13143,56.34165,-9.7106,0.19908,-0.0319,-0.97946,0.99943,0.0,0.0,nan,0.0,0.00771
12.91154,57.02596,9.47189,0.14206,0.10637,0.98413,0.99853,0.0,0.0,nan,0.0,0.00515
12.71367,58.94331,-10.14242,0.1719,0.09535,-0.98049,0.98811,0.0,0.0,nan,0.0,0.01485
13.62144,59.48633,-9.94386,0.23436,0.14205,-0.96172,0.99804,0.0,0.0,nan,0.0,0.00959
13.02126,59.03011,9.44438,0.10719,0.13021,0.98568,0.99933,0.0,0.0,nan,0.0,0.00849
12.0309,58.7772,10.00503,0.15352,0.12143,0.98066,0.98572,0.0,0.0,nan,0.0,0.00701
12.26989,60.16858,-10.05803,0.16282,0.11514,-0.97991,0.99963,0.0,0.0,nan,0.0,0.01449
12.96267,60.985,-9.67027,0.2148,0.05321,-0.97521,0.99714,0.0,0.0,nan,0.0,0.0144
12.99583,60.96119,9.10309,0.1116,0.22171,0.96871,0.99585,0.0,0.0,nan,0.0,0.00976
12.49381,63.28881,-10.0062,0.16953,-0.05479,-0.984,0.99099,0.00145,0.00724,0.7,1.0,0.01767
13.07126,62.87352,-9.92888,0.20582,-0.08847,-0.97458,0.9894,0.0,0.0,nan,0.0,0.0152
13.78986,62.31902,7.97009,0.13776,0.14683,0.97952,0.92356,0.0,0.0,nan,0.0,0.00855
13.00681,63.09023,8.85571,0.20391,0.04728,0.97785,0.99536,0.0,0.0,nan,0.0,0.01063
12.47751,64.68488,-10.08639,0.20399,0.08519,-0.97526,0.99347,0.0,0.0,nan,0.0,0.01185
13.17425,65.38617,-9.82338,0.23456,0.11681,-0.96506,0.99466,0.0,0.0,nan,0.0,0.00702
13.56349,65.74112,7.75876,0.26206,0.11516,0.95816,0.96139,0.0,0.0,nan,0.0,0.00443
13.00694,64.93902,8.94891,0.27774,0.05992,0.95879,0.9893,0.0,0.0,nan,0.0,0.00756
13.03525,66.98375,-9.14943,0.28172,0.00797,-0.95946,0.98254,0.0,0.0,nan,0.0,0.00451
13.60157,66.24227,7.79369,0.26203,0.10794,0.959,0.97122,0.0,0.0,nan,0.0,0.00421
13.02442,67.08435,8.74203,0.28484,0.10627,0.95267,0.99863,0.0,0.0,nan,0.0,0.00528
12.02915,68.96566,-10.03144,0.24691,0.02314,-0.96876,0.99277,0.0,0.0,nan,0.0,0.01029
12.93873,68.99519,-9.66716,0.265,0.00252,-0.96425,0.99814,0.0,0.0,nan,0.0,0.00673
13.63066,68.69072,7.99197,0.24467,0.16111,0.95613,0.99814,0.0,0.0,nan,0.0,0.0078
12.85437,68.98423,8.29268,0.2594,0.20958,0.94276,0.99595,0.0,0.0,nan,0.0,0.00891
12.98607,70.84263,-9.29164,0.23144,0.1198,-0.96544,1.00012,0.0,0.0,nan,0.0,0.01036
12.94657,70.97564,7.53615,0.1765,0.22165,0.95902,1.00022,0.0,0.0,nan,0.0,0.00619
12.2093,70.01487,8.02507,0.22732,0.24695,0.94199,1.00092,0.0,0.0,nan,0.0,0.00731
13.02903,73.019,-9.26886,0.1971,0.02376,-0.98009,0.99982,0.0,0.0,nan,0.0,0.00932
13.02198,73.08165,7.35301,0.11739,0.39496,0.91117,0.97748,0.0,0.0,nan,0.0,0.01469
12.99783,75.03599,-9.34214,0.21659,0.12184,-0.96863,0.98006,0.0,0.0,nan,0.0,0.01661
13.14084,75.26382,5.51257,0.18624,0.48933,0.85198,0.99923,0.0,0.0,nan,0.0,0.00753
12.84323,74.48474,6.40419,0.14086,0.52549,0.83906,0.99814,0.0,0.0,nan,0.0,0.01295
12.97209,76.95895,-8.77012,0.1693,0.59921,-0.78249,0.94411,0.0,0.0,nan,0.0,0.01054
13.15332,77.79598,-7.61298,0.1358,0.8235,-0.55083,0.98155,0.0,0.0,nan,0.0,0.0147
13.32267,77.59652,3.75304,0.21281,0.6734,0.70799,0.99238,0.0,0.0,nan,0.0,0.00732
12.97522,77.03696,4.91526,0.18466,0.50198,0.84494,0.99555,0.0,0.0,nan,0.0,0.0076
12.89414,78.29198,-6.65327,0.12272,0.90344,-0.41078,0.99704,0.0,0.0,nan,0.0,0.01986
13.03267,78.85542,-5.01354,0.11038,0.93938,-0.32462,0.99863,0.0,0.0,nan,0.0,0.01024
12.97232,79.49948,-2.97975,0.06046,0.9614,-0.26842,0.99675,0.0,0.0,nan,0.0,0.01512
13.03612,79.94316,-1.2905,0.08734,0.9957,-0.03098,0.98086,0.0,0.0,nan,0.0,0.00188
13.43217,79.48977,1.09403,0.19348,0.94731,0.25528,0.99645,0.0,0.0,nan,0.0,0.00322
13.13261,78.99052,3.0676,0.23573,0.84646,0.47743,0.98304,0.0,0.0,nan,0.0,0.0033
12.36999,78.29727,4.32603,0.19494,0.68071,0.70614,0.97599,0.0,0.0,nan,0.0,0.00461
13.04527,80.03988,-0.5121,0.12339,0.99046,0.06131,0.98294,0.0,0.0,nan,0.0,0.0019
12.53463,80.05241,0.42587,0.16065,0.97745,0.13704,0.97976,0.0,0.0,nan,0.0,0.00289
15.38629,1.94667,-8.10271,0.11835,-0.72328,-0.68034,0.9313,0.0,0.0,nan,0.0,0.00472
15.0168,1.67634,-7.03284,0.07413,-0.8673,-0.49224,0.97818,0.0,0.0,nan,0.0,0.00977
14.99065,1.03353,-5.01993,0.03925,-0.96274,-0.26757,0.99555,0.0,0.0,nan,0.0,0.00598
15.02296,0.53544,-2.98932,0.03432,-0.98401,-0.17475,0.99357,0.0,0.0,nan,0.0,0.01642
15.0111,0.2468,-0.96029,0.03686,-0.99041,0.13312,0.97897,0.0,0.0,nan,0.0,0.01355
14.99888,1.02413,0.83488,0.06438,-0.88345,0.46409,0.99099,0.0,0.0,nan,0.0,0.00795
14.97782,1.85334,2.41324,0.12205,-0.74705,0.65346,0.98413,0.0,0.0,nan,0.0,0.01279
15.1544,2.97189,-8.66486,0.1616,-0.5496,-0.81965,0.96844,0.0,0.0,nan,0.0,0.00625
14.25779,2.00141,-7.99447,0.08268,-0.75789,-0.64713,0.96358,0.0,0.0,nan,0.0,0.00357
15.17009,2.77112,3.63994,0.22382,-0.53336,0.81574,0.94143,0.0,0.0,nan,0.0,0.01737
14.54182,3.74645,4.15151,0.2534,-0.45621,0.85303,0.97242,0.0,0.0,nan,0.0,0.01978
14.11282,5.70772,-10.02535,0.18106,-0.04171,-0.98259,0.96139,0.0,0.0,nan,0.0,0.01295
14.91166,4.70209,-9.68347,0.20637,-0.1992,-0.95798,0.96576,0.0,0.0,nan,0.0,0.00941
15.55221,4.53271,3.70574,0.31427,-0.37299,0.87299,1.00062,0.0,0.0,nan,0.0,0.0097
14.87995,5.17064,4.48115,0.29731,-0.37516,0.87799,0.99893,0.0,0.0,nan,0.0,0.01216
15.00589,7.01119,-9.31559,0.1896,-0.00076,-0.98186,0.99684,0.0,0.0,nan,0.0,0.02025
14.94964,6.9325,5.31066,0.24501,-0.36266,0.89914,0.99992,0.0,0.0,nan,0.0,0.00647
14.06687,9.51053,-10.03221,0.16621,-0.09664,-0.98134,0.98374,0.0,0.0,nan,0.0,0.02295
15.09355,8.83136,-9.50165,0.15957,-0.10011,-0.9821,0.99754,0.0,0.0,nan,0.0,0.00668
15.28582,9.00144,5.83914,0.2377,-0.25723,0.93666,0.99635,0.0,0.0,nan,0.0,0.01251
14.63088,9.13212,6.36679,0.19471,-0.26256,0.94507,0.97996,0.0,0.0,nan,0.0,0.01409
14.09509,11.24311,-10.01922,0.17231,-0.00823,-0.98501,0.99128,0.0,0.0,nan,0.0,0.02209
14.97498,11.09051,-9.71628,0.18275,-0.01949,-0.98297,0.99317,0.0,0.0,nan,0.0,0.01842
15.70082,11.02327,5.87242,0.34046,-0.12372,0.93208,0.99347,0.0,0.0,nan,0.0,0.01314
14.86972,11.00373,6.72685,0.29794,-0.1597,0.94113,0.98423,0.0,0.0,nan,0.0,0.01182
14.01777,12.91983,-10.01142,0.16867,-0.01889,-0.98549,1.00022,0.0,0.0,nan,0.0,0.01071
14.90108,12.75335,-9.62381,0.1835,-0.01968,-0.98282,1.00112,0.0,0.0,nan,0.0,0.01275
15.55132,12.37064,5.71716,0.33668,-0.22097,0.91533,0.98046,0.0,0.0,nan,0.0,0.00798
14.93945,12.96203,6.82566,0.31382,-0.29396,0.90283,0.99704,0.0,0.0,nan,0.0,0.00539
14.63416,14.40244,-10.00249,0.18106,0.02077,-0.98325,0.99307,0.0,0.0,nan,0.0,0.00676
14.98855,14.99742,-9.64435,0.20588,0.05013,-0.97729,0.99675,0.0,0.0,nan,0.0,0.0102
15.00665,15.14596,7.20425,0.29758,-0.24614,0.92242,0.99843,0.0,0.0,nan,0.0,0.00948
14.19093,15.8303,8.1434,0.25911,-0.1625,0.95208,0.99923,0.0,0.0,nan,0.0,0.00773
15.00705,16.99684,-9.56321,0.20325,-0.067,-0.97683,0.99734,0.0,0.0,nan,0.0,0.01173
15.15405,17.10267,7.74781,0.26396,-0.17003,0.94943,0.99972,0.0,0.0,nan,0.0,0.00886
14.23062,17.07244,8.20284,0.26776,-0.18177,0.94618,0.99814,0.0,0.0,nan,0.0,0.01216
14.73661,19.09462,-10.04529,0.17065,-0.01711,-0.98518,0.98433,0.0,0.0,nan,0.0,0.01807
15.47615,18.78935,-9.99911,0.20077,-0.03898,-0.97886,0.9745,0.0,0.0,nan,0.0,0.01368
15.5567,19.05142,7.71075,0.26745,-0.1906,0.94453,0.99565,0.0,0.0,nan,0.0,0.00843
14.88342,19.01498,8.44267,0.27595,-0.19774,0.94061,0.99953,0.00221,0.01107,0.7,1.0,0.00687
14.41298,20.2606,-10.03513,0.22133,0.1207,-0.9677,0.99575,0.0,0.0,nan,0.0,0.01297
15.14701,21.18843,-9.46268,0.25677,0.09066,-0.96221,0.99238,0.0,0.0,nan,0.0,0.00892
15.9492,20.00571,7.94333,0.33273,-0.16096,0.92918,0.99764,0.0,0.0,nan,0.0,0.00899
14.95143,20.91714,8.68476,0.31479,-0.14303,0.93832,0.99605,0.01584,0.07919,0.7,1.0,0.01286
14.46568,23.52673,-10.17451,0.20004,-0.11075,-0.97351,0.97639,0.0,0.0,nan,0.0,0.01343
15.21835,22.85919,-9.4699,0.23324,-0.08546,-0.96866,0.99833,0.0,0.0,nan,0.0,0.01062
15.12958,23.07663,8.86617,0.3277,-0.07487,0.94181,0.99178,0.01916,0.09578,0.7,1.0,0.0103
14.51734,25.07543,-10.16344,0.22214,0.04331,-0.97405,0.9748,0.0,0.0,nan,0.0,0.00791
15.36985,24.88991,-9.79697,0.2702,0.04707,-0.96165,0.98632,0.0,0.0,nan,0.0,0.00832
14.94241,24.97841,8.8978,0.31795,-0.07393,0.94522,0.99605,0.0,0.0,nan,0.0,0.00547
14.10988,27.62717,-10.05078,0.19573,-0.02404,-0.98036,0.99615,0.0,0.0,nan,0.0,0.01006
15.04147,27.02397,-9.43682,0.27421,0.01405,-0.96157,0.99645,0.0,0.0,nan,0.0,0.00857
14.98665,27.12753,9.06132,0.32965,0.00401,0.94409,0.99178,0.0,0.0,nan,0.0,0.00956
14.41972,29.22653,-10.08419,0.22123,-0.09857,-0.97023,0.99148,0.01737,0.08685,0.51,1.0,0.01095
15.17285,28.762,-9.39725,0.26161,-0.11111,-0.95876,0.99833,0.00254,0.01271,0.51,1.0,0.00855
15.01863,29.29274,8.95595,0.32447,-0.23252,0.91687,0.9748,0.0,0.0,nan,0.0,0.01072
14.22392,29.88413,10.01814,0.25921,-0.24912,0.93314,0.98691,0.0,0.0,nan,0.0,0.0079
14.43777,30.64211,-10.07476,0.25523,0.01467,-0.96677,0.98533,0.01524,0.07622,0.51,1.0,0.01309
15.28653,31.28093,-9.8135,0.30478,0.03322,-0.95184,0.99307,0.0,0.0,nan,0.0,0.01046
15.28725,31.25514,9.91777,0.3097,-0.18368,0.93293,0.98612,0.0,0.0,nan,0.0,0.00651
14.51309,30.70478,10.15029,0.2427,-0.21932,0.94498,0.97986,0.0,0.0,nan,0.0,0.00901
14.61278,33.4303,-10.09205,0.26068,-0.07795,-0.96227,0.98761,0.0,0.0,nan,0.0,0.01057
15.33772,32.59746,-9.84053,0.30247,-0.04527,-0.95208,0.99744,0.0,0.0,nan,0.0,0.00789
15.52756,32.5219,9.99678,0.33128,-0.0541,0.94198,0.99277,0.0,0.0,nan,0.0,0.01185
14.83047,33.02608,10.30359,0.25915,-0.02619,0.96548,0.98681,0.0,0.0,nan,0.0,0.01228
14.65428,34.92042,-10.12295,0.27304,0.02735,-0.96161,0.9895,0.0,0.0,nan,0.0,0.01286
15.65644,35.28461,-9.85227,0.31983,0.06712,-0.94509,0.9889,0.0,0.0,nan,0.0,0.00737
15.26486,35.57412,9.89271,0.33234,0.09466,0.9384,0.99734,0.0,0.0,nan,0.0,0.00556
14.74605,34.76208,10.31097,0.27934,0.04636,0.95907,0.98533,0.0,0.0,nan,0.0,0.0077
14.50416,37.31453,-10.13652,0.28275,-0.0429,-0.95823,0.99734,0.0,0.0,nan,0.0,0.00707
15.09777,36.86476,-9.40304,0.30803,-0.01694,-0.95123,0.99476,0.0,0.0,nan,0.0,0.00645
15.16714,37.12592,9.86182,0.27287,0.15181,0.95,0.9891,0.0,0.0,nan,0.0,0.01076
14.65678,36.81097,10.20612,0.21794,0.15971,0.96281,0.98632,0.0,0.0,nan,0.0,0.00708
14.60052,38.93922,-10.20108,0.26749,0.00947,-0.96351,0.98622,0.0,0.0,nan,0.0,0.00727
15.55729,39.10196,-9.80936,0.32914,0.02423,-0.94397,0.9892,0.0,0.0,nan,0.0,0.00479
14.9943,38.91031,9.26859,0.29473,0.17494,0.93943,0.99605,0.0,0.0,nan,0.0,0.0156
14.19463,40.49388,-10.00167,0.24236,0.05571,-0.96859,0.99198,0.0,0.0,nan,0.0,0.00408
15.05833,40.86917,-9.44298,0.32016,0.01308,-0.94727,0.99506,0.0,0.0,nan,0.0,0.00454
15.97885,41.37801,7.99063,0.33591,-0.03944,0.94107,0.93259,0.0,0.0,nan,0.0,0.00574
15.20393,41.09583,9.0238,0.4154,-0.01574,0.9095,0.99595,0.0,0.0,nan,0.0,0.01405
14.61547,43.01397,-10.10269,0.21914,-0.00619,-0.97567,0.98046,0.0,0.0,nan,0.0,0.01383
15.64882,43.00748,-9.97311,0.30605,-0.0273,-0.95162,0.96378,0.0,0.0,nan,0.0,0.01105
15.14939,42.95869,9.41257,0.40952,-0.06257,0.91015,1.00082,0.0,0.0,nan,0.0,0.01048
14.45868,44.30638,-10.08191,0.23305,0.10513,-0.96677,0.9892,0.0,0.0,nan,0.0,0.01415
15.11796,45.1879,-9.52631,0.29023,0.07662,-0.95388,0.99883,0.0,0.0,nan,0.0,0.00763
14.99399,45.05548,9.15717,0.33541,-0.08472,0.93825,0.99724,0.0,0.0,nan,0.0,0.01046
14.26727,47.54145,-10.09268,0.26856,-0.07992,-0.95994,0.99645,0.0,0.0,nan,0.0,0.00983
15.08849,46.89384,-9.48629,0.2786,-0.05236,-0.95898,0.99416,0.0,0.0,nan,0.0,0.00597
15.12946,46.90279,9.87876,0.26914,0.02021,0.96289,0.95941,0.0,0.0,nan,0.0,0.01782
14.33757,47.39058,10.08235,0.25743,0.11481,0.95945,0.95782,0.0,0.0,nan,0.0,0.01188
14.34479,48.83786,-10.00506,0.27508,0.05208,-0.96001,0.98513,0.0,0.0,nan,0.0,0.0112
15.14149,49.01341,-9.7142,0.29334,0.0984,-0.95093,0.9893,0.0,0.0,nan,0.0,0.01313
15.89363,49.82103,7.84909,0.49702,0.2976,0.81511,0.9319,0.0,0.0,nan,0.0,0.01091
15.1123,48.96259,9.15686,0.37077,0.29186,0.88167,0.98503,0.0,0.0,nan,0.0,0.01401
14.02434,50.39663,-10.00429,0.28645,0.08757,-0.95408,0.99873,0.0,0.0,nan,0.0,0.00934
14.96594,50.96847,-9.17423,0.31704,0.04606,-0.94729,0.99327,0.0,0.0,nan,0.0,0.00872
15.66726,50.96432,7.75865,0.55779,-0.00378,0.82997,0.917,0.0,0.0,nan,0.0,0.01149
14.64471,50.98199,8.6234,0.51674,-0.00787,0.8561,0.96497,0.0,0.0,nan,0.0,0.01362
14.13167,52.80414,-10.05303,0.29494,-0.02593,-0.95516,0.99099,0.0,0.0,nan,0.0,0.00707
15.11211,53.03134,-9.5574,0.33137,-0.0171,-0.94335,0.99198,0.0,0.0,nan,0.0,0.00698
15.75766,52.2038,7.85807,0.47141,-0.29241,0.83203,0.94133,0.0,0.0,nan,0.0,0.00707
15.03776,52.92074,9.13078,0.4078,-0.26221,0.87461,0.99605,0.0,0.0,nan,0.0,0.00259
14.08882,54.35251,-10.02084,0.28425,0.07088,-0.95613,0.98463,0.0,0.0,nan,0.0,0.01022
15.0449,54.90778,-9.2987,0.34182,0.06601,-0.93744,0.99824,0.0,0.0,nan,0.0,0.00759
15.30512,54.92209,9.52804,0.29743,-0.04088,0.95387,0.97867,0.0,0.0,nan,0.0,0.01642
14.09338,54.90314,10.02323,0.19141,-0.01067,0.98145,0.96656,0.0,0.0,nan,0.0,0.01106
15.18939,56.8117,-9.73923,0.32986,-0.06987,-0.94144,0.98721,0.0,0.0,nan,0.0,0.00619
15.17001,57.09116,9.3183,0.20493,0.07997,0.9755,0.99724,0.0,0.0,nan,0.0,0.00888
15.07811,59.03111,-9.43058,0.33842,0.13629,-0.93107,0.99089,0.0,0.0,nan,0.0,0.00926
14.95541,58.7868,9.126,0.19326,0.06393,0.97906,0.99814,0.0,0.0,nan,0.0,0.01087
15.04294,60.98064,-8.85445,0.32791,0.00706,-0.94468,0.98284,0.00021,0.00107,0.7,1.0,0.00884
14.96973,61.03288,8.87664,0.15927,0.24222,0.95706,0.99585,0.0,0.0,nan,0.0,0.0099
15.03177,62.97413,-9.21755,0.30591,-0.05923,-0.95022,0.99963,0.0,0.0,nan,0.0,0.00794
15.38572,62.33931,7.99621,0.23162,0.17777,0.95642,0.97837,0.0,0.0,nan,0.0,0.00907
14.98065,62.90858,8.3421,0.18274,0.12776,0.97482,0.99585,3e-05,0.00017,0.7,1.0,0.01461
15.14834,65.22564,-9.34972,0.31251,0.11851,-0.94249,0.98364,0.0,0.0,nan,0.0,0.00562
14.96905,65.80943,7.71294,0.18973,0.12704,0.97358,0.99238,0.0,0.0,nan,0.0,0.00556
15.02129,64.90584,8.49812,0.19161,0.08272,0.97798,0.99734,0.0,0.0,nan,0.0,0.00708
14.98434,66.89133,-8.97342,0.27671,0.0129,-0.96087,0.99694,0.0,0.0,nan,0.0,0.0064
15.76832,66.20131,-7.92309,0.33195,0.07324,-0.94045,0.92058,0.0,0.0,nan,0.0,0.00706
15.16164,66.60643,7.81917,0.19868,0.12915,0.97152,0.99982,0.0,0.0,nan,0.0,0.00637
14.85157,67.37477,8.21229,0.21892,0.11911,0.96844,0.99883,0.0,0.0,nan,0.0,0.00608
14.98436,69.18385,-8.85897,0.27256,0.04882,-0.9609,0.99933,0.0,0.0,nan,0.0,0.01221
15.02568,68.96889,7.68594,0.23342,0.17446,0.9566,0.99814,0.0,0.0,nan,0.0,0.01264
14.20393,69.02081,8.04978,0.23624,0.18275,0.95435,0.99049,0.0,0.0,nan,0.0,0.00959
14.99669,71.20462,-8.74168,0.30395,0.10634,-0.94673,1.00072,0.0,0.0,nan,0.0,0.00923
15.92564,71.04559,-7.99095,0.29538,0.12019,-0.94779,0.98076,0.0,0.0,nan,0.0,0.00961
14.98111,70.99348,7.14387,0.27829,0.16188,0.94676,0.99675,0.0,0.0,nan,0.0,0.01489
15.03775,72.97234,-8.53067,0.32222,0.03052,-0.94617,0.99873,0.0,0.0,nan,0.0,0.00882
15.6093,73.89089,5.4473,0.27205,0.53926,0.79699,0.97897,0.0,0.0,nan,0.0,0.0076
15.00495,73.20209,7.06918,0.25214,0.46269,0.84991,0.94461,0.0,0.0,nan,0.0,0.00417
15.06183,74.95511,-8.63382,0.26635,0.09547,-0.95914,0.9892,0.0,0.0,nan,0.0,0.00684
15.65187,74.88549,-7.84319,0.24053,0.0814,-0.96722,0.97182,0.0,0.0,nan,0.0,0.00796
15.14696,75.02894,5.27279,0.24347,0.47501,0.84563,0.99704,0.0,0.0,nan,0.0,0.01056
14.59528,74.25769,6.30147,0.22813,0.5462,0.80599,0.99565,0.0,0.0,nan,0.0,0.00697
14.94241,76.75882,-8.51575,0.2072,0.48529,-0.84945,0.92942,0.0,0.0,nan,0.0,0.00181
15.0673,77.68575,-7.38924,0.16022,0.79271,-0.58817,0.94898,0.0,0.0,nan,0.0,0.00285
15.32758,77.90946,3.7399,0.14235,0.70858,0.69112,0.95583,0.0,0.0,nan,0.0,0.01064
14.97392,77.06173,4.84356,0.17646,0.5041,0.84543,0.95404,0.0,0.0,nan,0.0,0.00754
14.83795,78.13947,-6.36438,0.12878,0.90275,-0.41044,0.99684,0.0,0.0,nan,0.0,0.00431
15.04767,78.56792,-4.99296,0.11721,0.93187,-0.34334,1.00062,0.0,0.0,nan,0.0,0.01265
15.10154,79.33547,-2.96403,0.09699,0.94778,-0.30382,0.99824,0.0,0.0,nan,0.0,0.00589
14.99529,79.92262,-0.97653,0.08574,0.995,0.05129,0.97271,0.0,0.0,nan,0.0,0.00271
14.98181,78.87214,0.8386,0.12302,0.94722,0.29602,0.98493,0.0,0.0,nan,0.0,0.00475
14.93626,78.59882,2.94901,0.13302,0.87217,0.47078,0.99059,0.0,0.0,nan,0.0,0.00543
14.12534,80.00552,-0.78382,0.11191,0.99162,0.06449,0.97698,0.0,0.0,nan,0.0,0.00223
16.1763,1.98126,-8.04031,0.12397,-0.69889,-0.7044,0.9176,0.0,0.0,nan,0.0,0.00637
16.90928,1.6778,-6.93896,0.06496,-0.82815,-0.55673,0.97073,0.0,0.0,nan,0.0,0.00473
17.01096,1.08694,-5.01338,-0.03182,-0.96069,-0.27578,0.99496,0.0,0.0,nan,0.0,0.00799
16.95478,0.5611,-3.02376,0.01015,-0.9924,-0.12267,0.99099,0.0,0.0,nan,0.0,0.00142
17.22713,0.38504,-0.85498,0.10623,-0.96165,0.25287,0.96189,0.0,0.0,nan,0.0,0.00375
17.08118,1.19418,0.98802,0.1704,-0.81987,0.5466,0.98771,0.0,0.0,nan,0.0,0.00296
16.51362,1.71839,2.24254,0.23542,-0.72302,0.64948,0.95682,0.0,0.0,nan,0.0,0.00874
16.80395,3.20762,-8.37176,0.18062,-0.45627,-0.87132,0.96785,0.0,0.0,nan,0.0,0.00736
17.5074,2.65845,-7.86174,0.1552,-0.56248,-0.81211,0.96527,0.0,0.0,nan,0.0,0.00696
17.73102,2.36403,1.4662,0.20605,-0.68498,0.69881,0.99536,0.0,0.0,nan,0.0,0.00419
16.99343,3.10033,2.64106,0.29194,-0.518,0.80402,0.99476,0.0,0.0,nan,0.0,0.00938
17.03151,4.94675,-8.95357,0.22065,-0.19373,-0.95592,0.99814,0.0,0.0,nan,0.0,0.02102
17.14572,4.86848,3.69363,0.30876,-0.36855,0.87683,0.99992,0.0,0.0,nan,0.0,0.01197
16.23682,5.44309,4.15777,0.30778,-0.4059,0.86053,0.99982,0.0,0.0,nan,0.0,0.00852
17.00518,6.95795,-9.04947,0.23273,-0.02305,-0.97227,0.99734,0.0,0.0,nan,0.0,0.01548
16.8948,6.33964,3.82621,0.31907,-0.4348,0.8421,0.99694,0.0,0.0,nan,0.0,0.00585
16.86408,7.18872,4.57894,0.3176,-0.38102,0.86831,0.99972,0.0,0.0,nan,0.0,0.00699
17.11431,9.12407,-9.28799,0.19174,-0.08325,-0.97791,0.99456,0.0,0.0,nan,0.0,0.01349
16.99753,9.11037,5.32544,0.36213,-0.20042,0.91032,0.99675,0.0,0.0,nan,0.0,0.01836
17.01251,11.23752,-9.46615,0.21586,0.00839,-0.97639,0.9888,0.0,0.0,nan,0.0,0.00806
17.03112,10.96631,5.59991,0.37867,-0.10413,0.91966,0.99933,0.0,0.0,nan,0.0,0.01599
17.27376,12.86829,-9.42704,0.20919,-0.03459,-0.97726,0.99089,0.0,0.0,nan,0.0,0.00605
17.09891,12.84238,5.42762,0.40849,-0.25845,0.87541,0.99198,0.0,0.0,nan,0.0,0.01047
16.79232,13.58841,6.42595,0.36124,-0.3298,0.87221,0.99684,0.0,0.0,nan,0.0,0.00686
16.9936,15.07418,-9.19503,0.25614,0.0946,-0.962,0.99387,0.0,0.0,nan,0.0,0.00854
16.94291,15.20905,6.68713,0.3894,-0.28065,0.87727,0.99426,0.0,0.0,nan,0.0,0.00881
16.95397,16.91232,-8.92312,0.3124,-0.06482,-0.94774,0.9885,0.0,0.0,nan,0.0,0.01095
17.02246,16.91508,7.45652,0.4092,-0.13716,0.90208,0.97778,0.0,0.0,nan,0.0,0.00913
17.00975,19.13169,-9.52438,0.29885,0.03122,-0.95379,0.97281,0.0,0.0,nan,0.0,0.01525
16.89788,18.98704,7.5742,0.40914,-0.18258,0.89402,0.99128,0.0,0.0,nan,0.0,0.01011
17.00035,20.99744,-9.04656,0.28273,0.10054,-0.95392,0.99903,0.0,0.0,nan,0.0,0.01102
17.55339,20.95576,7.99932,0.46461,-0.08586,0.88134,0.96983,0.0,0.0,nan,0.0,0.00943
16.61377,21.07068,8.30043,0.40147,-0.10592,0.90973,0.98602,0.0,0.0,nan,0.0,0.00985
17.01043,22.98512,-9.16392,0.25391,-0.07843,-0.96404,0.99486,0.0,0.0,nan,0.0,0.00948
17.31021,22.98591,7.4273,0.508,-0.02196,0.86108,0.98751,0.0,0.0,nan,0.0,0.01383
16.358,22.98207,8.26986,0.43488,-0.03219,0.89991,0.99784,0.0,0.0,nan,0.0,0.01379
16.97671,25.14293,-9.37223,0.3113,0.08846,-0.94619,0.98821,0.0,0.0,nan,0.0,0.00865
17.21868,24.56875,7.72636,0.44967,-0.21501,0.86693,0.99228,0.0,0.0,nan,0.0,0.01512
16.84085,25.22791,8.51425,0.38397,-0.15259,0.91065,0.98294,0.0,0.0,nan,0.0,0.00954
17.04162,26.8405,-8.88909,0.32473,0.047,-0.94464,0.99744,0.0,0.0,nan,0.0,0.01221
17.3917,27.85357,7.83252,0.41514,0.03117,0.90922,0.98006,0.0,0.0,nan,0.0,0.01958
16.93596,27.06195,8.64878,0.3248,0.00884,0.94574,0.98622,0.0,0.0,nan,0.0,0.01047
17.08665,29.14253,-9.30669,0.29743,-0.07407,-0.95187,0.974,0.0,0.0,nan,0.0,0.00928
17.61079,28.45594,7.89949,0.45049,-0.02789,0.89235,0.99416,0.0,0.0,nan,0.0,0.01903
16.80707,29.29625,8.34119,0.3939,-0.17662,0.90202,0.98582,0.0,0.0,nan,0.0,0.01422
16.97774,31.15368,-9.12905,0.35196,0.07069,-0.93334,0.99992,0.0,0.0,nan,0.0,0.00746
17.08548,31.0874,8.96514,0.45401,-0.18499,0.87158,0.99397,0.0,0.0,nan,0.0,0.01456
17.01306,32.85384,-9.03191,0.34406,-0.06074,-0.93698,0.99873,0.0,0.0,nan,0.0,0.00933
16.94012,33.03509,9.19866,0.47773,-0.00719,0.87848,0.99625,0.0,0.0,nan,0.0,0.00883
16.93003,35.07048,-9.39601,0.33533,0.05366,-0.94057,0.98264,0.0,0.0,nan,0.0,0.01006
16.92988,34.97067,9.08498,0.47831,0.02888,0.87772,0.99307,0.01407,0.07035,0.7,1.0,0.00641
16.97528,37.0215,-8.86486,0.35053,-0.02324,-0.93626,0.99694,0.0,0.0,nan,0.0,0.01153
17.12259,36.83781,9.1383,0.41482,0.11089,0.90312,0.99257,0.0,0.0,nan,0.0,0.00929
17.0281,39.05463,-9.40055,0.36378,0.0474,-0.93028,0.98314,0.0,0.0,nan,0.0,0.00819
17.80992,39.02612,7.83257,0.51698,0.1483,0.84305,0.98225,0.0,0.0,nan,0.0,0.01071
16.8966,38.71776,8.58441,0.39169,0.17188,0.9039,0.99824,0.0,0.0,nan,0.0,0.01142
16.517,40.76379,-8.69132,0.39032,0.01546,-0.92055,0.9742,0.0,0.0,nan,0.0,0.00646
17.76967,40.85159,-7.9112,0.45674,0.01239,-0.88952,0.94322,0.0,0.0,nan,0.0,0.00531
16.31501,41.55301,7.95817,0.3279,-0.06379,0.94256,0.9608,0.0,0.0,nan,0.0,0.00821
17.00694,40.90406,8.44256,0.3431,0.01397,0.93919,0.99615,0.0,0.0,nan,0.0,0.00888
16.98679,43.01987,-9.34922,0.39115,-0.05079,-0.91893,0.97639,0.0,0.0,nan,0.0,0.01774
16.24314,42.12446,7.98478,0.32244,-0.04982,0.94528,0.96308,0.0,0.0,nan,0.0,0.01063
16.83991,42.94893,8.61209,0.31528,-0.05341,0.94749,1.00032,0.0,0.0,nan,0.0,0.01352
16.99008,44.95595,-8.88718,0.34478,0.06082,-0.93671,1.00032,0.0,0.0,nan,0.0,0.01043
17.72751,44.92426,7.85731,0.486,-0.10618,0.86748,0.98642,0.0,0.0,nan,0.0,0.00681
16.92071,45.15754,8.44574,0.37499,-0.12053,0.91916,0.99496,0.0,0.0,nan,0.0,0.00302
17.0896,46.91173,-9.40491,0.29522,-0.08011,-0.95207,0.99317,0.0,0.0,nan,0.0,0.00423
16.93347,47.06417,9.14988,0.36559,0.05853,0.92893,0.95355,0.0,0.0,nan,0.0,0.01173
17.0948,48.9146,-9.30171,0.3235,0.13091,-0.93713,0.97549,0.0,0.0,nan,0.0,0.00768
17.13736,49.49889,7.33608,0.44598,0.44257,0.77796,0.95563,0.0,0.0,nan,0.0,0.01486
16.83978,48.5995,8.44022,0.38316,0.44889,0.80727,0.9885,0.0,0.0,nan,0.0,0.01639
16.96759,50.73177,-8.43532,0.35011,0.07931,-0.93335,0.98652,0.0,0.0,nan,0.0,0.00601
17.91807,51.05372,-7.88393,0.37986,0.04863,-0.92377,0.97768,0.0,0.0,nan,0.0,0.00389
16.97243,51.04111,6.90545,0.53748,-0.05718,0.84134,0.88115,0.0,0.0,nan,0.0,0.00453
16.97273,52.97203,-9.05308,0.32104,-0.01155,-0.94699,0.98354,0.0,0.0,nan,0.0,0.01155
17.18962,52.3524,7.52555,0.42915,-0.43506,0.79155,0.98324,0.0,0.0,nan,0.0,0.01004
16.91388,53.17845,8.61921,0.34446,-0.40584,0.84655,0.96745,0.0,0.0,nan,0.0,0.00964
16.8221,54.98814,-8.49357,0.37103,0.07951,-0.92521,0.99486,0.0,0.0,nan,0.0,0.00632
17.46649,55.57374,-7.78493,0.38912,0.02635,-0.92081,0.94739,0.0,0.0,nan,0.0,0.00821
16.96934,55.06879,9.12124,0.30609,-0.03622,0.95131,0.97391,0.0,0.0,nan,0.0,0.00685
17.02581,56.92534,-8.75757,0.38457,-0.07091,-0.92037,0.99853,0.0,0.0,nan,0.0,0.00986
16.93309,56.98305,8.66219,0.28176,0.04707,0.95833,0.99963,0.0,0.0,nan,0.0,0.00928
16.98318,59.07011,-8.70772,0.37426,0.12803,-0.91844,0.99665,0.0,0.0,nan,0.0,0.00832
17.64583,59.63755,7.75337,0.4075,0.21554,0.8874,1.00052,0.0,0.0,nan,0.0,0.0057
17.02531,58.96024,8.86325,0.30427,0.08301,0.94896,0.99218,0.0,0.0,nan,0.0,0.00657
16.80576,61.28134,-8.3394,0.33279,-0.03232,-0.94245,0.99287,0.0,0.0,nan,0.0,0.00759
17.33577,60.70744,-7.78349,0.34544,0.02157,-0.93819,0.97331,0.0,0.0,nan,0.0,0.00997
17.67245,61.38758,7.53099,0.44818,0.23419,0.86272,0.98592,0.0,0.0,nan,0.0,0.00947
16.83831,61.00794,8.66376,0.35406,0.25589,0.89954,0.98115,0.0,0.0,nan,0.0,0.01013
16.97618,63.06306,-8.94569,0.32829,-0.08456,-0.94078,0.97857,0.0,0.0,nan,0.0,0.00559
17.19644,62.81935,7.55392,0.39501,0.07695,0.91545,0.99446,0.0,0.0,nan,0.0,0.01332
16.4599,63.08022,8.0799,0.28832,0.07129,0.95488,0.99337,0.0,0.0,nan,0.0,0.01219
17.00666,65.02479,-8.74411,0.32222,0.13194,-0.93743,0.99327,0.0,0.0,nan,0.0,0.00658
17.56461,65.84341,-7.89289,0.31163,0.08937,-0.94599,0.99019,0.0,0.0,nan,0.0,0.0079
17.4319,65.19773,7.99335,0.41108,0.09642,0.90649,0.93994,0.0,0.0,nan,0.0,0.0094
16.65638,64.9125,8.22656,0.26755,0.09309,0.95904,0.96378,0.0,0.0,nan,0.0,0.00981
16.9612,67.20782,-8.59047,0.30417,-0.03853,-0.95184,0.99943,0.0,0.0,nan,0.0,0.01069
17.18863,66.54664,-7.73035,0.3035,0.01764,-0.95267,0.9599,0.0,0.0,nan,0.0,0.00731
17.01332,66.9006,7.51292,0.34448,0.14168,0.92804,0.98344,0.0,0.0,nan,0.0,0.00844
16.05882,67.48496,8.0041,0.2251,0.14632,0.96328,0.98443,0.0,0.0,nan,0.0,0.00667
16.96919,68.89539,-8.65932,0.29502,0.00075,-0.95549,0.98801,0.0,0.0,nan,0.0,0.01313
17.76683,68.10288,-7.94484,0.32918,-0.05957,-0.94239,0.99814,0.0,0.0,nan,0.0,0.0134
17.03075,69.0153,7.2131,0.34583,0.24948,0.90452,0.98056,0.0,0.0,nan,0.0,0.0106
16.95145,70.96988,-8.33527,0.3026,0.12344,-0.94509,0.99923,0.0,0.0,nan,0.0,0.01074
17.60088,71.40208,-7.89218,0.33692,0.11555,-0.93441,0.99903,0.0,0.0,nan,0.0,0.01483
17.41604,71.15027,5.44528,0.45631,0.17492,0.87246,0.9457,0.0,0.0,nan,0.0,0.00337
16.84017,71.0171,6.51092,0.4482,0.18853,0.87382,0.99963,0.0,0.0,nan,0.0,0.00596
16.73281,73.08369,-8.08626,0.26883,-0.00893,-0.96315,0.99863,0.0,0.0,nan,0.0,0.00939
17.42826,73.10109,-7.96773,0.25214,-0.04131,-0.96681,0.99982,0.0,0.0,nan,0.0,0.01168
17.36758,73.11456,5.68351,0.38416,0.37093,0.84548,0.99397,0.0,0.0,nan,0.0,0.01192
16.74431,72.92579,6.62486,0.39961,0.34261,0.85025,0.9462,0.0,0.0,nan,0.0,0.00643
17.00268,75.00113,-8.16142,0.20365,0.04811,-0.97786,0.98195,0.0,0.0,nan,0.0,0.00871
16.40275,74.84843,-7.93962,0.21743,0.04326,-0.97512,0.98969,0.0,0.0,nan,0.0,0.00958
17.62895,75.36349,3.83487,0.35063,0.3638,0.86297,0.98344,0.0,0.0,nan,0.0,0.00979
16.90836,74.72276,4.76169,0.31842,0.43539,0.84205,0.99079,0.0,0.0,nan,0.0,0.00911
16.69143,74.01728,6.00752,0.32974,0.48739,0.80853,0.95891,0.0,0.0,nan,0.0,0.01029
16.92739,76.55515,-8.33809,0.16663,0.39711,-0.90252,0.88939,0.0,0.0,nan,0.0,0.00252
17.02144,77.56578,-7.10164,0.13528,0.79018,-0.59775,0.92882,0.0,0.0,nan,0.0,0.00707
17.52811,77.92967,-5.86837,0.12872,0.90865,-0.39721,0.99992,0.0,0.0,nan,0.0,0.01978
17.05249,77.72446,3.36393,0.23435,0.64915,0.72366,0.9596,0.0,0.0,nan,0.0,0.00522
16.97678,76.91355,4.56622,0.27244,0.42563,0.86291,0.93666,0.0,0.0,nan,0.0,0.01045
16.25587,78.06124,-6.09485,0.12461,0.90878,-0.39823,1.00102,0.0,0.0,nan,0.0,0.00988
16.91927,78.37171,-4.9116,0.11914,0.92862,-0.35139,0.99982,0.0,0.0,nan,0.0,0.01433
16.97645,79.11167,-2.97026,0.09628,0.94302,-0.31849,0.99694,0.0,0.0,nan,0.0,0.00495
17.02452,79.68824,-0.9497,0.03647,0.99933,-0.00317,0.97937,0.0,0.0,nan,0.0,0.00471
16.99065,79.17426,0.89827,0.04139,0.93832,0.34328,0.99327,0.0,0.0,nan,0.0,0.00445
16.97322,78.60583,2.59642,0.13852,0.85537,0.49915,0.97152,0.0,0.0,nan,0.0,0.00825
19.04823,1.50683,-6.83195,0.08687,-0.7456,-0.66071,0.9318,0.0,0.0,nan,0.0,0.0085
19.00996,0.81537,-4.99088,-0.02557,-0.9549,-0.29584,0.99526,0.0,0.0,nan,0.0,0.01335
19.01488,0.49996,-2.97225,-0.00909,-0.99892,-0.04555,0.99377,0.0,0.0,nan,0.0,0.00803
18.8451,0.50647,-0.79491,0.06363,-0.94234,0.32856,0.96427,0.0,0.0,nan,0.0,0.00539
19.1052,1.3709,0.72482,0.16511,-0.80338,0.57211,0.9747,0.0,0.0,nan,0.0,0.00797
18.71041,3.36068,-8.18496,0.20958,-0.3699,-0.90512,0.97301,0.0,0.0,nan,0.0,0.00814
19.07998,2.70866,-7.7762,0.19761,-0.47626,-0.85681,0.95563,0.0,0.0,nan,0.0,0.00627
18.76378,2.41524,1.43228,0.21408,-0.6399,0.73804,0.99605,0.0,0.0,nan,0.0,0.00475
18.94328,3.03551,2.67912,0.26096,-0.46773,0.84447,0.93289,0.0,0.0,nan,0.0,0.00502
18.9742,4.90695,-8.53457,0.31517,-0.11318,-0.94226,0.97232,0.0,0.0,nan,0.0,0.02101
19.39588,4.06094,-7.90674,0.299,-0.22624,-0.92705,0.96497,0.0,0.0,nan,0.0,0.01167
19.07679,4.83405,2.87068,0.37124,-0.32234,0.87079,0.98662,0.0,0.0,nan,0.0,0.01672
18.87843,7.19652,-8.42631,0.37903,-0.05812,-0.92356,0.98781,0.0,0.0,nan,0.0,0.01372
19.46422,7.29521,-7.39063,0.54837,-0.05276,-0.83457,0.94987,0.0,0.0,nan,0.0,0.00789
19.24686,6.49486,3.52274,0.46361,-0.33661,0.81961,0.96467,0.0,0.0,nan,0.0,0.0135
18.6062,7.34206,4.30622,0.39889,-0.3414,0.85108,0.98115,0.0,0.0,nan,0.0,0.01085
18.93536,8.95023,-8.72254,0.3762,-0.09937,-0.9212,0.97937,0.0,0.0,nan,0.0,0.01527
19.89764,8.95016,3.98242,0.65998,-0.10473,0.74395,0.95385,0.0,0.0,nan,0.0,0.01171
19.01451,9.04407,4.58214,0.50905,-0.14459,0.8485,0.98175,0.0,0.0,nan,0.0,0.01624
18.97751,11.04325,-8.73452,0.37308,0.0072,-0.92777,0.99228,0.0,0.0,nan,0.0,0.00343
19.56811,11.63064,-7.69425,0.50955,-0.00923,-0.86039,0.97539,0.0,0.0,nan,0.0,0.00414
19.97374,11.20798,3.78302,0.72405,0.03462,0.68887,0.99496,0.0,0.0,nan,0.0,0.02114
19.00585,10.96764,4.64216,0.59333,-0.0194,0.80473,0.98036,0.0,0.0,nan,0.0,0.01634
19.12052,12.77858,-9.03269,0.36583,-0.05036,-0.92932,0.97361,0.0,0.0,nan,0.0,0.00558
19.72265,13.07343,3.23216,0.75322,-0.11675,0.64733,0.98205,0.0,0.0,nan,0.0,0.0112
18.88496,13.15101,4.72054,0.67616,-0.21383,0.70504,0.99387,0.0,0.0,nan,0.0,0.01508
18.05538,13.92691,6.05387,0.48392,-0.3057,0.81998,0.98056,0.0,0.0,nan,0.0,0.00754
18.96397,14.95757,-8.83803,0.36894,0.16994,-0.91379,0.974,0.0,0.0,nan,0.0,0.0053
19.5804,15.76324,-7.7581,0.46319,0.10002,-0.8806,0.97013,0.0,0.0,nan,0.0,0.00597
19.80852,14.06778,3.62793,0.77028,-0.19989,0.60556,0.99178,0.0,0.0,nan,0.0,0.01276
19.38078,14.88638,5.3514,0.68998,-0.22789,0.68702,0.96556,0.0,0.0,nan,0.0,0.01129
18.38527,15.10673,6.22221,0.55179,-0.25275,0.79476,0.97589,0.0,0.0,nan,0.0,0.00977
18.78327,17.1771,-8.44423,0.37875,-0.10611,-0.9194,0.98503,0.0,0.0,nan,0.0,0.00565
19.35402,16.43158,-7.62931,0.43584,-0.03791,-0.89923,0.95047,0.0,0.0,nan,0.0,0.00424
19.25123,17.09098,5.6618,0.72628,-0.08239,0.68244,0.99714,0.0,0.0,nan,0.0,0.0084
18.46571,16.9776,6.60674,0.60269,-0.11105,0.79021,0.98493,0.0,0.0,nan,0.0,0.00706
18.95102,19.0172,-8.75675,0.40497,0.0393,-0.91349,0.97162,0.0,0.0,nan,0.0,0.00903
19.24335,18.71043,5.39729,0.76136,-0.13457,0.63421,1.00052,0.0,0.0,nan,0.0,0.00622
18.70742,19.04969,6.73651,0.62739,-0.1392,0.76616,0.97688,0.0,0.0,nan,0.0,0.00671
18.64732,20.76461,-8.40032,0.43414,0.09334,-0.896,0.9893,0.0,0.0,nan,0.0,0.01511
19.55583,21.14096,-7.61291,0.57029,0.05243,-0.81977,0.98552,0.0,0.0,nan,0.0,0.0132
19.68342,21.00022,5.68993,0.75704,-0.09388,0.64659,0.98999,0.0,0.0,nan,0.0,0.01005
18.89944,21.09493,6.70216,0.62795,-0.07438,0.77469,0.99218,0.0,0.0,nan,0.0,0.01136
18.98638,22.99442,-8.57347,0.47699,-0.07311,-0.87586,0.97152,0.0,0.0,nan,0.0,0.02501
19.90452,22.44662,-7.97568,0.57423,-0.06461,-0.81614,0.99416,0.0,0.0,nan,0.0,0.01745
19.96414,23.24056,5.99323,0.79544,-0.02424,0.60554,0.96685,0.0,0.0,nan,0.0,0.01486
19.02815,22.9618,6.67385,0.64583,-0.04334,0.76225,0.97768,0.0,0.0,nan,0.0,0.01703
19.00498,24.81348,-8.69019,0.47388,0.13566,-0.87008,0.97182,0.0,0.0,nan,0.0,0.00965
19.46807,25.66336,-7.60096,0.55908,0.12522,-0.8196,0.9891,0.0,0.0,nan,0.0,0.00668
19.84934,24.91143,3.82956,0.82668,-0.15886,0.53978,0.8164,0.0,0.0,nan,0.0,0.00474
19.97289,25.22102,5.0271,0.8231,-0.19486,0.53342,0.9748,0.0,0.0,nan,0.0,0.00445
19.01614,24.9816,6.90074,0.67726,-0.1983,0.70852,0.9744,0.0,0.0,nan,0.0,0.01623
18.2047,25.7709,8.13343,0.49284,-0.15259,0.85664,0.95841,0.0,0.0,nan,0.0,0.01608
18.48139,27.04943,-8.31151,0.44181,-0.02797,-0.89667,0.99337,0.0,0.0,nan,0.0,0.00702
19.25179,27.09388,-7.65458,0.52724,-0.05406,-0.84799,0.98642,0.0,0.0,nan,0.0,0.00673
19.35715,27.22073,7.17119,0.67576,-0.00362,0.73712,0.96815,0.00725,0.03625,0.7,1.0,0.01332
18.38123,26.83922,8.20277,0.48597,-0.01138,0.8739,0.93815,0.0,0.0,nan,0.0,0.01355
18.95392,29.02227,-8.4788,0.46584,-0.07397,-0.88177,0.98304,0.0,0.0,nan,0.0,0.00919
19.82795,28.39535,-7.99103,0.54255,-0.13333,-0.82938,0.98811,0.0,0.0,nan,0.0,0.00782
19.82988,29.45392,5.77686,0.8049,-0.03164,0.59256,0.98155,0.15908,0.15908,0.6,0.51403,0.01202
18.92781,28.89494,7.08644,0.64246,-0.00598,0.76629,0.99188,0.0,0.0,nan,0.0,0.01216
18.03403,29.81149,8.02488,0.538,-0.15461,0.82864,0.99287,0.0,0.0,nan,0.0,0.01468
18.88687,30.83753,-8.60211,0.39762,0.06993,-0.91488,0.98493,0.0,0.0,nan,0.0,0.00628
19.23358,31.51996,-7.91943,0.45198,0.02191,-0.89176,0.99357,0.0,0.0,nan,0.0,0.00234
19.57026,31.16447,7.26624,0.71362,-0.08968,0.69477,0.98076,0.0024,0.01201,0.51,1.0,0.01341
18.34259,31.12237,8.19341,0.60676,-0.12637,0.78478,0.9894,0.00508,0.0254,0.7,1.0,0.01653
18.96103,33.08787,-8.38131,0.40017,-0.07656,-0.91324,0.99089,0.0,0.0,nan,0.0,0.00727
19.20025,32.09421,-7.81582,0.45253,-0.02909,-0.89127,0.99486,0.0,0.0,nan,0.0,0.00438
19.5089,33.08572,7.04454,0.70569,0.02695,0.70801,0.99714,0.00605,0.03024,0.7,1.0,0.00448
18.58731,33.01066,8.44993,0.67189,0.01346,0.74053,0.98185,0.00893,0.04465,0.7,1.0,0.00812
18.94387,34.96753,-8.70382,0.42516,0.07219,-0.90223,0.97033,0.0,0.0,nan,0.0,0.00379
19.69574,35.75367,-7.75593,0.55999,0.06983,-0.82555,0.99367,0.0,0.0,nan,0.0,0.00379
19.21981,34.88667,6.98529,0.71007,-0.02703,0.70362,0.99684,0.00052,0.00262,0.7,1.0,0.00594
18.5423,35.02498,8.47898,0.62518,-0.02698,0.78002,0.98701,0.0,0.0,nan,0.0,0.00588
18.68451,37.18316,-8.37267,0.43224,-0.03091,-0.90123,0.99257,0.0,0.0,nan,0.0,0.00973
19.3028,36.51698,-7.65758,0.52817,0.00084,-0.84914,0.99128,0.0,0.0,nan,0.0,0.00452
19.35864,37.22668,7.74577,0.7168,0.0805,0.69262,0.95424,0.00019,0.00094,0.7,1.0,0.01352
18.45843,36.8537,8.12279,0.61478,0.03998,0.78768,0.98423,0.0,0.0,nan,0.0,0.01145
18.98578,38.99583,-8.62847,0.48061,0.10648,-0.87045,0.95901,0.0,0.0,nan,0.0,0.00912
19.73009,39.70049,-7.74731,0.57639,0.12754,-0.80716,0.98642,0.0,0.0,nan,0.0,0.00347
19.68413,39.16071,5.38412,0.76605,-0.06997,0.63896,0.88294,0.0,0.0,nan,0.0,0.00386
19.19218,39.01138,7.20054,0.7331,0.02211,0.67976,0.98751,0.0,0.0,nan,0.0,0.00832
18.27923,38.37492,8.26974,0.5448,0.139,0.82696,0.98076,0.0,0.0,nan,0.0,0.0098
18.48294,41.24011,-8.2443,0.47282,-0.03853,-0.88031,0.99297,0.0,0.0,nan,0.0,0.00519
19.09553,40.89894,-7.31909,0.52646,-0.0111,-0.85013,0.96586,0.0,0.0,nan,0.0,0.00311
19.90697,40.02207,5.9424,0.75269,-0.1298,0.64545,0.98165,0.0,0.0,nan,0.0,0.0045
19.41969,40.96618,7.40047,0.6302,-0.10066,0.76988,0.95682,0.0,0.0,nan,0.0,0.01098
18.27237,40.94433,8.10021,0.41029,-0.03222,0.91139,0.98016,0.0,0.0,nan,0.0,0.01846
18.77656,43.00623,-8.62145,0.4686,-0.05043,-0.88197,0.97212,0.0,0.0,nan,0.0,0.01634
19.6643,42.93253,-7.65411,0.57859,-0.0375,-0.81476,0.98701,0.00043,0.00213,0.7,1.0,0.01018
19.71684,42.94427,7.27685,0.6949,0.09574,0.7127,0.98036,0.0,0.0,nan,0.0,0.01024
18.60563,43.21074,8.1331,0.49319,0.00349,0.86991,0.95851,0.0,0.0,nan,0.0,0.01075
18.53944,44.82005,-8.2265,0.47105,0.01328,-0.88201,0.99208,0.0,0.0,nan,0.0,0.01254
19.45687,45.07319,-7.67432,0.64127,0.01602,-0.76715,0.98423,0.0,0.0,nan,0.0,0.00995
19.74695,45.38449,5.96744,0.72284,-0.16903,0.67002,0.95216,0.0,0.0,nan,0.0,0.00639
19.2453,45.02568,7.06347,0.6769,-0.11176,0.72754,0.99357,0.0,0.0,nan,0.0,0.00409
18.41154,44.65558,8.02674,0.5349,-0.07941,0.84118,0.99208,0.0,0.0,nan,0.0,0.0086
19.0034,46.97998,-8.64593,0.4633,-0.0986,-0.8807,0.9602,0.0,0.0,nan,0.0,0.00485
19.87356,47.73473,-7.64823,0.67644,-0.07158,-0.73301,0.98264,0.0,0.0,nan,0.0,0.01101
19.65151,46.8531,7.7497,0.64696,-0.02188,0.76221,0.91482,0.0,0.0,nan,0.0,0.0054
18.68819,47.03492,8.46465,0.49644,0.0304,0.86754,0.89744,0.0,0.0,nan,0.0,0.01671
18.95482,48.94062,-8.60011,0.45719,0.15346,-0.87603,0.97301,0.0,0.0,nan,0.0,0.01249
19.88636,49.29491,-7.98739,0.5725,0.13045,-0.80946,0.96477,0.0,0.0,nan,0.0,0.00522
19.30893,49.4737,5.43564,0.55515,0.41919,0.71839,0.90618,0.0,0.0,nan,0.0,0.00601
19.04704,49.03053,7.13378,0.52121,0.53301,0.66651,0.98771,0.0,0.0,nan,0.0,0.01333
18.56989,48.34407,8.31865,0.43393,0.42682,0.79343,0.88056,0.0,0.0,nan,0.0,0.01478
18.32609,50.53578,-8.16998,0.40413,0.08868,-0.91039,0.99704,0.0,0.0,nan,0.0,0.0028
19.08695,51.24294,-7.52977,0.48575,0.00698,-0.87407,0.98751,0.0,0.0,nan,0.0,0.00272
19.21791,51.00141,5.4167,0.55393,-0.06075,0.83034,0.88393,0.0,0.0,nan,0.0,0.00518
18.25583,51.2755,6.18302,0.54916,-0.15639,0.82096,0.88324,0.0,0.0,nan,0.0,0.00408
18.74838,53.04923,-8.23803,0.41524,0.00935,-0.90966,0.98344,0.0,0.0,nan,0.0,0.00448
19.72445,52.81078,-7.9941,0.50348,-0.03339,-0.86336,0.94669,0.0,0.0,nan,0.0,0.00309
19.62114,52.2476,5.86875,0.53163,-0.4379,0.72499,0.9887,0.0,0.0,nan,0.0,0.01468
19.08692,52.87483,7.0866,0.50044,-0.5259,0.68774,0.99397,0.0,0.0,nan,0.0,0.01141
18.42095,53.68641,8.2854,0.41829,-0.37805,0.8259,0.93925,0.0,0.0,nan,0.0,0.01255
18.52408,54.47963,-8.23794,0.39719,0.12273,-0.90949,0.99297,0.0,0.0,nan,0.0,0.00426
19.20083,55.20197,-7.38698,0.4694,0.06514,-0.88058,0.99118,0.0,0.0,nan,0.0,0.0027
19.7893,54.96517,7.81156,0.5935,-0.15426,0.78992,0.9603,0.0,0.0,nan,0.0,0.00708
18.81838,55.03257,8.49334,0.45063,-0.12661,0.88369,0.95037,0.0,0.0,nan,0.0,0.00517
18.37372,57.11609,-8.32989,0.3794,-0.09019,-0.92083,0.99684,0.0,0.0,nan,0.0,0.01168
19.15785,56.89043,-7.7695,0.44279,-0.08935,-0.89216,0.99397,0.0,0.0,nan,0.0,0.00437
19.7005,56.96278,7.82551,0.5771,0.05309,0.81494,0.98562,0.0,0.0,nan,0.0,0.0115
18.71334,57.04219,8.41869,0.40043,0.0806,0.91277,0.97887,0.0,0.0,nan,0.0,0.00391
18.51216,58.84469,-8.26863,0.38717,0.11408,-0.91492,0.98791,0.0,0.0,nan,0.0,0.01116
19.39017,59.31703,-7.71147,0.45043,0.10389,-0.88675,0.99019,0.0,0.0,nan,0.0,0.00469
19.29447,59.3625,7.70384,0.53205,0.22601,0.81599,0.99267,0.0,0.0,nan,0.0,0.00472
18.72035,58.68584,8.43817,0.44269,0.10934,0.88998,0.96348,0.0,0.0,nan,0.0,0.00541
18.42838,61.58957,-8.20171,0.40916,-0.05522,-0.91079,0.9892,0.0,0.0,nan,0.0,0.00763
19.09279,60.85748,-7.46597,0.45929,0.02766,-0.88785,0.99446,0.0,0.0,nan,0.0,0.00961
19.97376,61.87373,5.79238,0.60179,0.14518,0.78535,0.98791,0.0,0.0,nan,0.0,0.00634
19.08666,61.17872,7.3887,0.51395,0.24116,0.82322,0.99645,0.0,0.0,nan,0.0,0.00483
18.47238,63.02152,-8.34685,0.4087,-0.08812,-0.90841,0.97808,0.0,0.0,nan,0.0,0.00817
19.25758,63.17009,-7.24481,0.53481,-0.05774,-0.84299,0.99972,0.0,0.0,nan,0.0,0.0068
19.83719,62.42815,5.66817,0.58436,0.13209,0.80067,0.98384,0.0,0.0,nan,0.0,0.00627
19.05255,63.03286,6.70284,0.55174,0.1137,0.82623,0.99456,0.0,0.0,nan,0.0,0.00459
18.65226,64.73265,-8.33993,0.38694,0.09135,-0.91757,0.97341,0.0,0.0,nan,0.0,0.00832
19.3299,65.30236,-7.73175,0.48583,0.05567,-0.87228,0.97103,0.0,0.0,nan,0.0,0.00584
19.29862,65.17829,5.37153,0.60819,0.11902,0.78482,0.93984,0.0,0.0,nan,0.0,0.00546
18.83257,64.95345,6.93941,0.58258,0.10774,0.8056,0.99029,0.0,0.0,nan,0.0,0.00612
18.17006,67.28621,-8.10493,0.33874,-0.04414,-0.93985,0.99287,0.0,0.0,nan,0.0,0.01317
19.02397,66.99618,-7.54974,0.45405,-0.01545,-0.89084,0.98989,0.0,0.0,nan,0.0,0.00812
19.30095,66.36925,5.62212,0.60427,0.01886,0.79656,0.96973,0.0,0.0,nan,0.0,0.00349
18.81878,67.06509,6.63358,0.55883,0.02476,0.82892,0.99605,0.0,0.0,nan,0.0,0.00692
18.67759,69.00706,-8.35188,0.40635,0.01649,-0.91357,0.95911,0.0,0.0,nan,0.0,0.01016
19.61338,69.16969,-7.72752,0.51273,0.0444,-0.8574,0.96834,0.0,0.0,nan,0.0,0.0061
19.62733,69.66348,5.73682,0.43286,0.27466,0.8586,0.99863,0.0,0.0,nan,0.0,0.00868
18.82949,68.81257,6.35941,0.45885,0.24209,0.8549,0.98354,0.0,0.0,nan,0.0,0.00909
18.0856,70.65957,-8.01241,0.35325,0.12608,-0.92699,0.99953,0.0,0.0,nan,0.0,0.0121
19.1338,70.92075,-7.59933,0.44143,0.11309,-0.89014,0.99009,0.0,0.0,nan,0.0,0.01373
18.92435,70.92901,5.12142,0.40125,0.19822,0.89426,0.99029,0.0,0.0,nan,0.0,0.00769
18.33,70.1225,6.12419,0.42151,0.29325,0.8581,0.99893,0.0,0.0,nan,0.0,0.00626
19.03504,73.02283,-7.44603,0.32555,-0.12926,-0.93665,0.99943,0.0,0.0,nan,0.0,0.01038
19.65325,73.699,3.41639,0.469,0.47067,0.74733,0.94987,0.0,0.0,nan,0.0,0.00789
19.14102,73.11066,5.26408,0.42669,0.33793,0.83889,0.94481,0.0,0.0,nan,0.0,0.00793
18.66903,75.09566,-8.19701,0.2515,0.03368,-0.96727,0.93954,0.0,0.0,nan,0.0,0.00454
19.45879,74.63332,-7.97565,0.31152,-0.05575,-0.9486,0.95851,0.0,0.0,nan,0.0,0.00438
19.09485,75.01707,3.2587,0.46453,0.33044,0.8216,0.9744,0.0,0.0,nan,0.0,0.01015
18.72482,74.34618,4.56939,0.40729,0.42704,0.80731,0.98523,0.0,0.0,nan,0.0,0.00717
18.45398,76.28716,-8.11934,0.23204,0.33723,-0.91238,0.86437,0.0,0.0,nan,0.0,0.00725
19.02455,77.14436,-7.12024,0.20799,0.68596,-0.69729,0.9311,0.0,0.0,nan,0.0,0.01402
19.10241,77.82062,-5.54913,0.09584,0.89063,-0.4445,0.99754,0.0,0.0,nan,0.0,0.00647
19.50501,77.90519,1.92905,0.41556,0.68656,0.59661,0.97291,0.0,0.0,nan,0.0,0.00808
19.20564,77.44109,3.36004,0.38062,0.46549,0.79903,0.91839,0.0,0.0,nan,0.0,0.00539
18.09683,76.9173,4.03329,0.33297,0.43166,0.83833,0.95245,0.0,0.0,nan,0.0,0.00965
18.91281,78.1981,-4.56442,0.07337,0.92204,-0.38009,0.99992,0.0,0.0,nan,0.0,0.02146
19.04133,78.92777,-3.01652,0.15905,0.94234,-0.29446,0.98989,0.0,0.0,nan,0.0,0.00501
19.02291,79.68591,-0.96539,0.20236,0.97931,0.0011,0.9179,0.0,0.0,nan,0.0,0.01152
19.11008,79.13808,1.21562,0.26926,0.87058,0.41181,0.93974,0.0,0.0,nan,0.0,0.00501
18.49978,78.35078,2.31406,0.23285,0.77582,0.58642,0.96715,0.0,0.0,nan,0.0,0.0076
20.81803,1.5473,-6.55635,0.40966,-0.64646,-0.64363,0.85136,0.0,0.0,nan,0.0,0.01502
21.14016,0.81796,-5.11671,0.43844,-0.83923,-0.32167,0.83497,0.0,0.0,nan,0.0,0.01803
21.15549,0.49455,-2.98541,0.45729,-0.88931,-0.00293,0.86149,0.0,0.0,nan,0.0,0.00779
21.1804,0.79937,-0.90424,0.50766,-0.79146,0.34039,0.82673,0.0,0.0,nan,0.0,0.01211
20.70783,1.45244,0.57648,0.3962,-0.68632,0.60991,0.84312,0.0,0.0,nan,0.0,0.01467
21.15351,3.03262,-7.28314,0.55535,-0.31489,-0.76969,0.88453,0.0,0.0,nan,0.0,0.00568
21.88391,2.96186,-0.1745,0.88616,-0.21416,0.41091,0.94242,0.0,0.0,nan,0.0,0.01178
21.22139,2.92796,1.11084,0.66988,-0.32394,0.66807,0.87589,0.0,0.0,nan,0.0,0.0323
20.2736,3.49841,2.13662,0.4827,-0.3252,0.81317,0.90201,0.0,0.0,nan,0.0,0.00984
20.35174,5.07291,-8.21152,0.47138,0.00037,-0.88193,0.91899,0.0,0.0,nan,0.0,0.01633
21.38172,4.92663,-7.37454,0.70416,0.09381,-0.70382,0.903,0.0,0.0,nan,0.0,0.00545
21.9737,5.86536,-5.83081,0.91865,0.15036,-0.36535,0.96477,0.0,0.0,nan,0.0,0.00211
21.85185,4.49242,-0.06022,0.93107,-0.02632,0.36389,0.9885,0.0,0.0,nan,0.0,0.00486
21.51206,5.01371,1.06785,0.84169,-0.04384,0.53818,0.96536,0.0,0.0,nan,0.0,0.00558
20.46227,5.09139,2.27262,0.65029,-0.15751,0.74318,0.96636,0.0,0.0,nan,0.0,0.00963
20.01353,6.48923,-8.03479,0.52455,-0.00408,-0.85137,0.97242,0.0,0.0,nan,0.0,0.01274
20.76098,7.51802,-6.8808,0.77024,-0.0567,-0.63522,0.98006,0.0,0.0,nan,0.0,0.00446
21.47194,7.24009,-5.17459,0.94409,0.01918,-0.32912,0.97341,0.0,0.0,nan,0.0,0.00138
21.83469,6.80551,-3.57465,0.99243,0.0455,-0.1141,0.98701,0.0,0.0,nan,0.0,0.00273
20.94855,6.8803,0.90275,0.87755,-0.08794,0.47135,0.99466,0.0,0.0,nan,0.0,0.00801
20.75364,6.98275,2.86064,0.76371,-0.20168,0.61324,0.94521,0.0,0.0,nan,0.0,0.00456
20.42065,8.99823,-8.30108,0.58915,-0.09454,-0.80248,0.92227,0.0,0.0,nan,0.0,0.01222
21.40477,8.98462,-7.08026,0.80527,-0.12203,-0.58021,0.9455,0.0,0.0,nan,0.0,0.00328
21.94705,8.67648,-5.81161,0.92847,-0.11094,-0.35444,0.96785,0.0,0.0,nan,0.0,0.00422
21.99096,9.67148,-0.67944,0.98446,-0.02601,0.17367,0.99357,0.0,0.0,nan,0.0,0.00366
21.69462,8.81409,1.15601,0.92927,-0.06393,0.36384,0.99446,0.0,0.0,nan,0.0,0.00637
20.52337,9.01225,2.90604,0.81256,-0.0842,0.57676,0.98969,0.0,0.0,nan,0.0,0.00989
20.31853,10.40894,-8.26745,0.56404,0.01028,-0.82569,0.9601,0.0,0.0,nan,0.0,0.00763
21.04652,11.15742,-6.97376,0.78129,-0.03497,-0.62318,0.98374,0.0,0.0,nan,0.0,0.0033
21.76765,11.49484,-5.13894,0.96328,-0.11583,-0.24222,0.9895,0.0,0.0,nan,0.0,0.00265
21.88156,11.3968,-3.36882,0.99548,-0.09498,-0.00214,0.99099,0.0,0.0,nan,0.0,0.00174
21.92715,10.85658,-0.61716,0.98883,-0.03012,0.14596,0.99694,0.0,0.0,nan,0.0,0.00508
21.72294,10.98262,1.22537,0.92183,-0.02712,0.38664,0.97818,0.0,0.0,nan,0.0,0.01751
20.70612,11.00025,2.91224,0.79014,0.0442,0.61133,0.99039,0.0,0.0,nan,0.0,0.01216
20.54477,12.95423,-8.3838,0.55074,-0.05791,-0.83266,0.92078,0.0,0.0,nan,0.0,0.00693
21.59024,12.82654,-7.43121,0.7599,-0.07266,-0.64596,0.91353,0.0,0.0,nan,0.0,0.00519
21.99959,13.30128,-0.29459,0.98312,-0.02052,0.18183,0.99953,0.0,0.0,nan,0.0,0.01112
21.88734,13.05734,1.23132,0.91479,-0.04233,0.40171,0.97112,0.0,0.0,nan,0.0,0.00674
20.89306,12.99948,2.53903,0.81546,-0.08315,0.57281,0.99933,0.0,0.0,nan,0.0,0.00973
20.41308,14.48428,-8.28929,0.53856,0.1494,-0.82924,0.92594,0.0,0.0,nan,0.0,0.00844
21.01035,15.03098,-7.08734,0.71255,0.14737,-0.68597,0.97708,0.0,0.0,nan,0.0,0.00286
21.63678,15.44557,-5.36161,0.90834,0.03968,-0.41635,0.97222,0.0,0.0,nan,0.0,0.00408
21.75977,14.94268,-0.2698,0.97651,0.02357,0.21416,0.99873,0.0,0.0,nan,0.0,0.00852
21.88318,15.10217,1.06628,0.95747,0.00466,0.28849,0.97778,0.0,0.0,nan,0.0,0.01573
21.15226,14.93512,3.1262,0.84741,-0.14532,0.51067,0.98453,0.02305,0.02305,0.7,0.66923,0.01099
20.20234,15.11595,4.32607,0.79269,-0.19485,0.57764,0.9892,0.00014,0.00071,0.7,1.0,0.01672
20.28717,17.69338,-8.14468,0.51363,-0.10619,-0.85142,0.95782,0.0,0.0,nan,0.0,0.00803
21.07694,16.81301,-7.31583,0.65284,-0.0755,-0.75373,0.9744,0.0,0.0,nan,0.0,0.00675
21.98876,16.00407,-5.99001,0.86449,-0.01649,-0.50238,0.97917,0.0,0.0,nan,0.0,0.0027
21.6496,16.97957,-0.19209,0.96409,-0.00677,0.2655,0.99198,0.0,0.0,nan,0.0,0.00664
21.72521,16.96687,0.9808,0.96475,0.01603,0.26266,1.00102,0.0,0.0,nan,0.0,0.00797
21.06384,16.99805,2.99644,0.91982,-0.00768,0.39226,0.98701,7e-05,0.00035,0.7,1.0,0.03071
20.19886,16.93764,4.48729,0.79365,-0.03252,0.60751,0.99883,0.0,0.0,nan,0.0,0.0181
20.34496,18.85259,-8.21841,0.55346,0.0705,-0.82988,0.94024,0.0,0.0,nan,0.0,0.01331
21.33597,19.12016,-7.26685,0.7031,0.14339,-0.69648,0.9464,0.0,0.0,nan,0.0,0.01235
21.88521,19.88292,-5.79009,0.86375,0.12981,-0.48691,0.98969,0.0,0.0,nan,0.0,0.01218
21.63209,18.67132,-0.30232,0.95197,-0.12506,0.27949,0.98721,0.0,0.0,nan,0.0,0.00417
21.39238,18.91995,1.12456,0.95043,-0.13184,0.28161,0.99496,0.0,0.0,nan,0.0,0.0039
21.11946,18.86043,3.03629,0.91818,-0.09767,0.38394,0.99089,0.00403,0.02017,0.7,1.0,0.00723
20.50372,19.09647,4.67293,0.81107,-0.13613,0.56889,0.99615,0.00067,0.00333,0.7,1.0,0.00867
20.06933,20.01887,-8.04933,0.5696,0.15164,-0.80782,0.98612,0.0,0.0,nan,0.0,0.01039
20.82538,20.95486,-6.64741,0.7146,0.06898,-0.69613,0.98969,0.0,0.0,nan,0.0,0.01258
21.55494,20.44357,-5.25908,0.87471,0.07034,-0.47952,0.97559,0.0,0.0,nan,0.0,0.01347
21.98006,20.40159,-3.99841,0.95993,0.01617,-0.27978,0.97639,0.0,0.0,nan,0.0,0.00458
21.8933,20.79568,1.76291,0.93284,-0.14015,0.33192,0.99506,0.0,0.0,nan,0.0,0.00728
21.43288,21.04618,3.04111,0.90349,-0.07521,0.42197,0.99694,0.0,0.0,nan,0.0,0.00837
20.43982,21.12824,4.76984,0.8456,-0.05988,0.53044,0.99426,0.0,0.0,nan,0.0,0.00827
20.05623,21.95216,6.01575,0.76728,0.01043,0.64123,0.9603,0.0,0.0,nan,0.0,0.0125
20.03963,23.68694,-8.02337,0.60041,-0.00266,-0.79969,0.97381,0.0,0.0,nan,0.0,0.01829
20.94021,22.90625,-7.06987,0.68777,-0.04203,-0.72471,0.99367,0.0,0.0,nan,0.0,0.01406
21.98013,22.17238,1.93509,0.91324,-0.08511,0.39844,0.99555,0.0,0.0,nan,0.0,0.0054
21.47222,22.98054,3.35468,0.86652,-0.02061,0.49872,0.99853,0.0,0.0,nan,0.0,0.00611
20.48486,23.0334,5.07365,0.83575,0.02306,0.54863,0.9893,0.0,0.0,nan,0.0,0.00869
20.09299,22.65488,6.08791,0.77599,0.00412,0.63073,0.94749,0.0,0.0,nan,0.0,0.01472
20.00698,24.18365,-8.03227,0.59423,0.05855,-0.80216,0.97103,0.0,0.0,nan,0.0,0.01575
20.94245,25.08259,-6.8963,0.69655,0.11557,-0.70814,0.99208,0.0,0.0,nan,0.0,0.01749
21.674,25.30986,-5.58634,0.82024,0.08159,-0.56617,0.99307,0.0,0.0,nan,0.0,0.01173
21.21558,24.92196,3.58035,0.8235,-0.16883,0.54161,0.99764,0.0,0.0,nan,0.0,0.00478
20.00584,24.9737,4.89306,0.82873,-0.17367,0.53201,0.97083,0.0,0.0,nan,0.0,0.00397
20.1716,25.6866,6.31945,0.80876,-0.2,0.5531,0.96983,0.0,0.0,nan,0.0,0.00683
20.74757,26.91278,-6.62425,0.66787,-0.03902,-0.74325,0.99337,0.0,0.0,nan,0.0,0.00898
21.61107,26.97469,-5.61014,0.80709,-0.0413,-0.58899,0.99019,0.0,0.0,nan,0.0,0.00287
21.96448,26.88998,3.88816,0.84702,-0.10961,0.52013,0.95504,0.00022,0.00111,0.6,1.0,0.00998
21.09912,26.90471,4.9553,0.83707,-0.0978,0.53828,0.96725,0.02117,0.10586,0.7,1.0,0.01114
20.36584,26.89337,6.34876,0.80055,-0.07152,0.59498,0.94749,0.02314,0.11572,0.6,1.0,0.0124
20.03357,29.41752,-8.02583,0.56513,-0.04109,-0.82397,0.9744,0.0,0.0,nan,0.0,0.00852
21.07764,28.94019,-7.17804,0.68188,-0.0719,-0.72792,0.9607,0.0,0.0,nan,0.0,0.0082
21.96074,29.01512,-5.94839,0.83232,-0.00172,-0.55429,0.97083,0.0,0.0,nan,0.0,0.00591
21.24158,29.05309,3.3801,0.85012,0.0342,0.52548,0.96427,0.00745,0.03723,0.7,1.0,0.00694
20.75098,28.94514,4.97003,0.84121,0.01053,0.5406,0.99337,0.22559,0.22559,0.6,0.4864,0.01111
20.1395,28.42752,6.10105,0.79692,0.0285,0.60342,0.98245,0.05479,0.27394,0.7,1.0,0.01481
20.06498,30.33726,-8.05913,0.54841,0.02188,-0.83592,0.96308,0.0,0.0,nan,0.0,0.00326
20.90085,31.02585,-6.92448,0.71296,0.02566,-0.70073,0.98443,0.0,0.0,nan,0.0,0.00405
21.61947,31.38731,-5.29308,0.88861,-0.00542,-0.45863,0.99069,0.0,0.0,nan,0.0,0.00345
21.96465,31.54073,-3.96857,0.95003,-0.03547,-0.31014,0.97847,0.0,0.0,nan,0.0,0.00348
21.37626,30.72831,3.43569,0.85814,-0.1621,0.48715,0.97351,0.00119,0.00597,0.6,1.0,0.00556
21.28089,30.8682,5.07826,0.82559,-0.17235,0.53731,0.99367,0.07885,0.07885,0.6,0.5625,0.00683
20.42934,31.11182,6.31144,0.77909,-0.13198,0.61287,0.97301,0.03714,0.13024,0.51,0.97339,0.01286
20.13204,33.20262,-8.11712,0.53831,-0.0632,-0.84038,0.95275,0.0,0.0,nan,0.0,0.00604
21.20595,32.82656,-7.16049,0.71648,-0.06074,-0.69496,0.95385,0.0,0.0,nan,0.0,0.01135
21.96362,32.3307,-5.933,0.85792,-0.06265,-0.50994,0.98463,0.0,0.0,nan,0.0,0.0028
21.52677,32.97565,5.30141,0.78239,-0.06221,0.61967,0.96427,0.0,0.0,nan,0.0,0.00648
20.35264,32.92155,6.02552,0.71478,0.01573,0.69917,0.99933,0.00181,0.00906,0.51,1.0,0.00793
20.10163,34.51488,-8.09607,0.55925,0.05948,-0.82686,0.95603,0.0,0.0,nan,0.0,0.00676
20.97701,34.95172,-7.01637,0.71768,0.10679,-0.68814,0.98592,0.0,0.0,nan,0.0,0.00453
21.74733,35.57067,-5.57535,0.84999,0.0652,-0.52274,0.99665,0.0,0.0,nan,0.0,0.00348
21.48017,34.99744,5.33858,0.74657,-0.0062,0.66528,0.97629,0.0,0.0,nan,0.0,0.00647
20.38234,35.11162,6.30067,0.71981,-0.0341,0.69334,0.99655,0.0,0.0,nan,0.0,0.00758
20.01245,37.69167,-8.03671,0.58323,0.0006,-0.81231,0.95603,0.0,0.0,nan,0.0,0.00637
20.93371,37.00442,-7.05293,0.70914,-0.00789,-0.70502,0.98344,0.0,0.0,nan,0.0,0.00498
21.65522,36.36051,-5.48856,0.84981,0.01521,-0.52687,0.99824,0.0,0.0,nan,0.0,0.00417
20.98339,37.07044,5.34047,0.74619,0.1593,0.6464,0.99645,0.0,0.0,nan,0.0,0.00768
20.2893,37.00684,6.65932,0.74933,0.1124,0.65259,0.97003,0.0,0.0,nan,0.0,0.006
20.03352,38.3176,-8.03566,0.59515,0.06125,-0.80127,0.94918,0.0,0.0,nan,0.0,0.00687
20.87247,38.95155,-7.01547,0.71098,0.10038,-0.69601,0.96815,0.0,0.0,nan,0.0,0.00636
21.70457,39.34072,-5.43652,0.85455,0.09523,-0.51056,0.98999,0.0,0.0,nan,0.0,0.00454
21.94514,39.94024,-3.78358,0.92642,0.03084,-0.37522,0.98314,0.0,0.0,nan,0.0,0.00426
21.67709,39.50066,3.64938,0.82637,-0.01964,0.56279,0.99178,0.0,0.0,nan,0.0,0.00807
20.95868,39.12171,4.76294,0.77224,-0.03915,0.63412,0.9895,0.0,0.0,nan,0.0,0.00773
20.04328,38.14133,6.37944,0.76192,0.09516,0.64064,0.99516,0.0,0.0,nan,0.0,0.00415
20.82561,41.07014,-6.84961,0.69333,-0.05549,-0.71848,0.98552,0.0,0.0,nan,0.0,0.00802
21.5043,40.55609,-5.36977,0.8435,-0.01578,-0.53689,0.98681,0.0,0.0,nan,0.0,0.00853
21.82285,40.16047,-3.78602,0.9237,0.01452,-0.38284,0.97172,0.0,0.0,nan,0.0,0.004
21.96533,40.04481,3.92201,0.84341,-0.04309,0.53554,0.99466,0.0,0.0,nan,0.0,0.00569
21.58426,40.77991,5.39968,0.78813,-0.1216,0.60337,0.95782,0.0,0.0,nan,0.0,0.00777
20.69441,40.96202,6.58467,0.75234,-0.14284,0.6431,0.95663,0.0,0.0,nan,0.0,0.00843
20.96728,42.98155,-7.05158,0.71254,0.02293,-0.70126,0.94362,0.0,0.0,nan,0.0,0.01968
21.85843,43.08877,-5.76989,0.8599,0.10722,-0.49907,0.94362,0.0,0.0,nan,0.0,0.01092
21.90616,43.80141,-3.53283,0.91924,0.09451,-0.38218,0.97271,0.01076,0.05381,0.6,1.0,0.00735
21.86712,43.30172,3.58217,0.88603,0.03669,0.46217,0.99357,0.0,0.0,nan,0.0,0.01938
21.25122,42.95224,5.14905,0.80948,0.10181,0.57825,0.99863,0.0,0.0,nan,0.0,0.026
20.28055,42.69102,6.25546,0.75829,0.08997,0.64568,0.99377,0.0,0.0,nan,0.0,0.02018
20.30443,44.81959,-6.65946,0.75514,0.08254,-0.65035,0.99059,0.0,0.0,nan,0.0,0.01123
21.07747,45.08022,-5.15714,0.86087,0.04788,-0.50656,0.96755,0.0,0.0,nan,0.0,0.00552
21.81895,44.65953,-3.50302,0.89618,0.01378,-0.44347,0.95047,0.00713,0.03567,0.6,1.0,0.00406
21.98094,44.26003,3.68105,0.89776,-0.04394,0.43828,0.99128,0.0,0.0,nan,0.0,0.02135
21.12679,44.91227,5.12306,0.77286,-0.16153,0.61367,0.99704,0.0,0.0,nan,0.0,0.01408
20.32237,45.67786,6.20736,0.72868,-0.16686,0.66422,0.99625,0.0,0.0,nan,0.0,0.00785
20.01804,46.3625,-8.01441,0.66132,-0.09476,-0.74409,0.92256,0.00455,0.02273,0.7,1.0,0.00913
20.76383,46.98845,-7.05954,0.77112,-0.14176,-0.62071,0.98433,0.0,0.0,nan,0.0,0.01071
21.28809,46.96862,-5.25694,0.82112,-0.16956,-0.54499,0.98245,0.0,0.0,nan,0.0,0.0051
21.94217,46.10667,-3.25104,0.85821,-0.16489,-0.48609,0.96109,0.0,0.0,nan,0.0,0.00533
21.9271,46.08764,2.15948,0.95088,-0.15114,0.27015,0.93567,0.0,0.0,nan,0.0,0.01098
21.67059,47.03537,5.70614,0.77412,0.00989,0.63296,0.91224,0.0,0.0,nan,0.0,0.00711
20.76923,47.04243,6.74761,0.71891,-0.00172,0.6951,0.90806,0.0,0.0,nan,0.0,0.00859
20.02913,48.73013,-8.04583,0.61068,0.1102,-0.78417,0.93468,0.0,0.0,nan,0.0,0.01322
20.93452,48.96168,-7.13364,0.74835,0.04537,-0.66176,0.96467,0.0,0.0,nan,0.0,0.0095
21.5536,48.93679,-5.59112,0.81276,0.01904,-0.58228,0.99456,0.0,0.0,nan,0.0,0.01102
21.79124,49.4901,3.7576,0.74157,0.09389,0.66428,0.98115,0.0,0.0,nan,0.0,0.00736
21.05579,48.9931,5.03016,0.64199,0.32814,0.69295,0.98264,0.0,0.0,nan,0.0,0.01192
20.2671,48.52644,6.64304,0.62103,0.43792,0.65003,0.93905,0.0,0.0,nan,0.0,0.01441
20.66271,51.2736,-6.68928,0.68989,-0.03416,-0.7231,0.99009,0.0,0.0,nan,0.0,0.0043
21.41181,50.84756,-5.15467,0.84373,-0.01371,-0.53659,0.98582,0.0,0.0,nan,0.0,0.00333
21.90212,51.24845,-3.83688,0.89918,-0.0414,-0.43561,0.9598,0.0,0.0,nan,0.0,0.00286
20.94988,51.12311,4.43989,0.58544,-0.08616,0.80613,0.95643,0.0,0.0,nan,0.0,0.00525
20.96329,53.0259,-7.03487,0.67227,0.00201,-0.7403,0.95394,0.0,0.0,nan,0.0,0.00662
21.94007,52.90223,-5.85104,0.82764,-0.04289,-0.55962,0.96954,0.0,0.0,nan,0.0,0.00747
21.90638,52.66513,3.87492,0.77468,-0.14128,0.61636,0.99347,0.0,0.0,nan,0.0,0.00514
21.18553,52.87443,5.05725,0.64916,-0.30371,0.69739,0.99267,0.0,0.0,nan,0.0,0.00235
20.50927,53.48488,6.44139,0.62291,-0.40328,0.67033,0.98165,0.0,0.0,nan,0.0,0.01147
20.59931,54.91648,-6.53467,0.64538,0.07552,-0.76012,0.99446,0.0,0.0,nan,0.0,0.00343
21.45028,55.16924,-5.38035,0.78275,0.02853,-0.62168,0.98771,0.0,0.0,nan,0.0,0.00387
21.72363,54.96835,5.54659,0.80559,-0.14035,0.5756,0.99138,0.0,0.0,nan,0.0,0.0088
20.74815,55.00008,6.82227,0.70928,-0.15035,0.68871,0.97698,0.0,0.0,nan,0.0,0.01293
20.98997,57.00296,-6.95689,0.63468,-0.09293,-0.76717,0.96775,0.0,0.0,nan,0.0,0.00794
21.89124,56.78363,-5.84251,0.79001,-0.08686,-0.60691,0.98592,0.0,0.0,nan,0.0,0.00544
21.63611,56.92656,5.54579,0.80897,0.03015,0.58708,1.00082,0.0,0.0,nan,0.0,0.00562
20.73509,56.94569,6.76103,0.72201,0.03823,0.69083,0.99883,0.0,0.0,nan,0.0,0.01062
20.90764,59.00216,-6.869,0.64276,0.10478,-0.75887,0.97778,0.0,0.0,nan,0.0,0.00832
21.7274,59.39127,-5.61966,0.79602,0.07866,-0.60013,0.99287,0.0,0.0,nan,0.0,0.00305
21.47417,59.15992,5.45658,0.79122,0.11736,0.60016,0.99704,0.0,0.0,nan,0.0,0.00802
20.56287,58.98799,6.52791,0.69311,0.14779,0.70552,0.99824,0.0,0.0,nan,0.0,0.00365
20.95084,61.05188,-6.91332,0.64525,0.03783,-0.76303,0.96824,0.0,0.0,nan,0.0,0.00789
21.56333,60.76755,-5.13716,0.7928,0.01674,-0.60925,0.99585,0.0,0.0,nan,0.0,0.00289
21.93462,60.56335,-3.96823,0.88967,-0.00229,-0.45659,0.97847,0.0,0.0,nan,0.0,0.00366
21.94152,61.88501,3.6554,0.83848,-0.00028,0.54493,0.99297,0.0,0.0,nan,0.0,0.01396
21.63679,61.27586,5.39236,0.75248,0.1219,0.64724,0.98652,0.0,0.0,nan,0.0,0.00834
20.50836,60.66969,6.18987,0.64965,0.20537,0.73196,0.99248,0.0,0.0,nan,0.0,0.00821
20.5388,63.21051,-6.57052,0.67603,0.00295,-0.73687,0.99853,0.0,0.0,nan,0.0,0.00738
21.43406,63.02557,-5.4633,0.77141,0.02483,-0.63585,0.99804,0.0,0.0,nan,0.0,0.00152
21.86093,62.25992,3.69251,0.82481,-0.02533,0.56485,0.99218,0.0,0.0,nan,0.0,0.0107
21.08285,62.9356,5.05128,0.67867,0.0776,0.73033,0.99694,0.0,0.0,nan,0.0,0.00872
20.29136,63.57211,6.1688,0.57659,0.15822,0.80157,0.98344,0.0,0.0,nan,0.0,0.00715
20.74295,65.09301,-6.9923,0.69704,0.01929,-0.71678,0.95494,0.0,0.0,nan,0.0,0.0047
21.44079,65.17776,-5.22315,0.82078,0.05413,-0.56868,1.00012,0.0,0.0,nan,0.0,0.00384
21.85377,65.80272,-3.76869,0.89334,0.08453,-0.44137,0.96795,0.0,0.0,nan,0.0,0.00636
21.76831,65.81319,3.7643,0.71039,0.07347,0.69997,0.99277,0.0,0.0,nan,0.0,0.00606
21.14117,65.15655,5.18816,0.59105,0.10406,0.7999,0.99049,0.0,0.0,nan,0.0,0.00576
20.18889,64.14705,6.09483,0.58605,0.14726,0.79678,0.99357,0.0,0.0,nan,0.0,0.00865
20.35315,67.06645,-6.78284,0.65258,-0.03986,-0.75667,0.98691,0.0,0.0,nan,0.0,0.01049
21.55924,66.69209,-5.30176,0.82086,-0.06115,-0.56785,0.99545,0.0,0.0,nan,0.0,0.00996
21.82635,66.13725,-3.74657,0.90515,0.04498,-0.4227,0.9604,0.0,0.0,nan,0.0,0.00727
21.88293,67.0225,-0.81663,0.9719,0.03962,-0.23202,0.75503,0.0,0.0,nan,0.0,0.00478
21.80202,66.29536,3.74942,0.71589,0.0389,0.69712,0.99138,0.00095,0.00476,0.6,1.0,0.0086
21.02963,66.98046,4.96418,0.60319,-0.04236,0.79647,0.99714,0.0,0.0,nan,0.0,0.00592
20.04237,67.64423,6.05992,0.57344,-0.01702,0.81907,0.96755,0.0,0.0,nan,0.0,0.00658
20.84295,69.01108,-6.90665,0.68039,0.04879,-0.73123,0.95186,0.0,0.0,nan,0.0,0.00677
21.94492,69.01634,-5.64088,0.81948,0.07798,-0.56779,0.95305,0.0,0.0,nan,0.0,0.00929
21.03065,69.05305,5.09026,0.59279,0.13165,0.79452,0.98205,0.00186,0.00931,0.7,1.0,0.00986
20.03673,68.15089,6.03064,0.55288,0.03354,0.83258,0.96318,0.0,0.0,nan,0.0,0.00946
20.60763,71.05611,-6.45098,0.67567,-0.01091,-0.73713,0.96755,0.0,0.0,nan,0.0,0.01098
21.32114,71.0318,-5.03202,0.82735,-0.04442,-0.55993,0.98036,0.0,0.0,nan,0.0,0.00992
21.52248,70.98442,-3.61495,0.86841,-0.03151,-0.49484,0.88989,0.0,0.0,nan,0.0,0.01151
21.73852,70.54569,3.77547,0.66198,0.11068,0.7413,0.99833,0.0,0.0,nan,0.0,0.01453
20.91558,71.05585,4.49707,0.51905,0.17655,0.83631,0.98254,0.0,0.0,nan,0.0,0.01471
21.01531,73.02937,-6.7862,0.60247,-0.2381,-0.7618,0.96517,0.0,0.0,nan,0.0,0.0088
21.89383,72.31688,-4.88516,0.8084,-0.26299,-0.52661,0.97947,0.0,0.0,nan,0.0,0.00762
21.84237,72.15208,-3.88867,0.85466,-0.23624,-0.46233,0.94401,0.0,0.0,nan,0.0,0.00905
21.98143,73.87887,1.99277,0.66753,0.34662,0.65899,0.99099,0.0,0.0,nan,0.0,0.00828
21.21115,73.56387,3.20243,0.55559,0.42893,0.71228,0.99555,0.0,0.0,nan,0.0,0.0098
20.67396,72.7154,4.46132,0.5029,0.35517,0.788,0.96348,0.0,0.0,nan,0.0,0.00965
20.99549,74.98965,-7.14592,0.50845,-0.01077,-0.86103,0.94391,0.0,0.0,nan,0.0,0.0122
21.97433,75.27879,1.96037,0.64384,0.32834,0.69113,0.97927,0.0,0.0,nan,0.0,0.009
20.9823,74.99692,2.60785,0.55153,0.32776,0.76707,0.99982,0.0,0.0,nan,0.0,0.00969
20.94903,76.90429,-6.66108,0.37425,0.53525,-0.75726,0.90101,0.0,0.0,nan,0.0,0.00611
20.87689,77.8393,-5.64843,0.26203,0.82745,-0.49665,0.90757,0.0,0.0,nan,0.0,0.00961
21.51029,77.72517,-2.70675,0.59164,0.8058,0.0257,0.98503,0.0,0.0,nan,0.0,0.01452
21.4595,77.47147,-0.9471,0.68037,0.71826,0.14561,1.00102,0.0,0.0,nan,0.0,0.01139
21.44608,77.34102,1.23824,0.64362,0.59592,0.48024,0.95821,0.0,0.0,nan,0.0,0.00827
20.7431,76.76839,2.67079,0.55343,0.37219,0.74511,0.92375,0.0,0.0,nan,0.0,0.00677
21.1229,78.27135,-4.67647,0.31499,0.89835,-0.30619,0.90886,0.0,0.0,nan,0.0,0.01322
20.91039,78.89806,-3.09245,0.38612,0.91471,-0.1192,0.91571,0.0,0.0,nan,0.0,0.00403
20.70928,78.7601,-1.01667,0.54237,0.83618,0.08151,0.96606,0.0,0.0,nan,0.0,0.01001
20.54867,78.54363,0.87159,0.54367,0.75742,0.36158,0.95245,0.0,0.0,nan,0.0,0.00963
22.26316,1.62752,-4.74887,0.83495,-0.49796,-0.2343,0.81809,0.0,0.0,nan,0.0,0.02042
22.25377,1.44198,-3.0039,0.86277,-0.50493,0.02583,0.84361,0.0,0.0,nan,0.0,0.01801
22.19855,1.59222,-1.42603,0.85626,-0.45044,0.25283,0.83309,0.0,0.0,nan,0.0,0.01161
22.19246,3.1117,-6.26333,0.83858,-0.19765,-0.50766,0.86447,0.0,0.0,nan,0.0,0.00505
22.49752,2.96265,-5.00643,0.95871,-0.15868,-0.23601,0.90687,0.0,0.0,nan,0.0,0.01145
22.39475,3.00361,-2.99009,0.9931,-0.10625,0.04961,0.96785,0.0,0.0,nan,0.0,0.0148
22.21911,3.04589,-1.1374,0.95823,-0.13293,0.25323,0.96358,0.0,0.0,nan,0.0,0.01321
22.11767,4.61215,-6.29275,0.88575,0.1039,-0.45239,0.91243,0.0,0.0,nan,0.0,0.00704
22.27092,4.94921,-4.97878,0.97262,0.13339,-0.19032,0.9753,0.0,0.0,nan,0.0,0.0075
22.18595,4.97598,-2.97505,0.99695,0.07798,0.00406,0.99724,0.0,0.0,nan,0.0,0.00613
22.22685,5.01638,-0.96757,0.97838,0.01731,0.2061,0.99019,0.0,0.0,nan,0.0,0.00311
22.01449,5.67503,0.02143,0.93808,0.01498,0.34608,0.97639,0.0,0.0,nan,0.0,0.003
22.00328,7.28969,-4.46756,0.9797,0.01924,-0.19954,0.98384,0.0,0.0,nan,0.0,0.0048
22.07677,7.00656,-2.98055,0.99715,0.0287,-0.06982,0.99337,0.0,0.0,nan,0.0,0.002
22.26141,6.99719,-0.93263,0.97722,0.01718,0.21155,0.98681,0.0,0.0,nan,0.0,0.00509
22.01635,7.09019,0.06459,0.95149,-0.00774,0.30758,0.98552,0.0,0.0,nan,0.0,0.00836
22.00417,9.98903,-6.03875,0.93513,-0.03357,-0.35271,0.95404,0.0,0.0,nan,0.0,0.00372
22.1116,8.99272,-4.90205,0.98033,-0.06181,-0.18745,0.98354,0.0,0.0,nan,0.0,0.00588
22.10826,9.01964,-2.89364,0.99987,-0.00658,-0.01497,0.99724,0.0,0.0,nan,0.0,0.0067
22.10739,8.83534,-1.07054,0.98616,-0.01536,0.16505,0.99099,0.0,0.0,nan,0.0,0.00572
22.02924,8.47739,0.0792,0.96014,-0.04264,0.27624,0.99188,0.0,0.0,nan,0.0,0.00684
22.01201,10.24883,-6.05919,0.93316,-0.02305,-0.35872,0.96318,0.0,0.0,nan,0.0,0.00331
22.12473,10.91855,-4.89005,0.98066,-0.0758,-0.18046,0.98979,0.0,0.0,nan,0.0,0.00163
22.10213,11.07456,-2.91619,0.99728,-0.07012,0.02283,0.99446,0.0,0.0,nan,0.0,0.00255
22.04786,11.19689,-1.48804,0.9958,-0.0418,0.08151,0.99694,0.0,0.0,nan,0.0,0.00526
22.19051,13.09162,-6.43645,0.89969,-0.03289,-0.43528,0.92137,0.0,0.0,nan,0.0,0.00666
22.55862,12.91482,-5.05684,0.97992,-0.07031,-0.1866,0.95573,0.0,0.0,nan,0.0,0.0051
22.47634,12.91554,-3.02633,0.99519,-0.08627,0.0463,0.99208,0.0,0.0,nan,0.0,0.00978
22.14321,13.00968,-1.03789,0.98928,-0.04585,0.13867,0.99903,0.0,0.0,nan,0.0,0.01123
22.01199,13.21693,0.22775,0.96892,-0.02142,0.24645,0.97788,0.0,0.0,nan,0.0,0.0109
22.15785,14.27641,-6.29318,0.89087,0.06365,-0.44978,0.94838,0.0,0.0,nan,0.0,0.00493
22.23962,14.89828,-4.827,0.96968,0.03087,-0.24243,0.98215,0.0,0.0,nan,0.0,0.00308
22.52149,15.06141,-3.03594,0.99818,-0.04566,0.03939,0.98731,0.0,0.0,nan,0.0,0.00282
22.26822,15.01054,-1.21231,0.98108,-0.00919,0.19338,0.99565,0.0,0.0,nan,0.0,0.00806
22.00567,14.16933,0.29004,0.96909,0.00556,0.24663,0.98642,0.0,0.0,nan,0.0,0.01212
22.16343,17.05677,-6.29677,0.83782,-0.10155,-0.53643,0.95245,0.0,0.0,nan,0.0,0.00661
22.59602,16.94829,-5.10093,0.9462,-0.08175,-0.31308,0.96656,0.0,0.0,nan,0.0,0.00733
22.75898,17.0126,-2.94046,0.99592,-0.07921,0.04316,0.97937,0.0,0.0,nan,0.0,0.00557
22.39421,17.00702,-1.17664,0.95752,-0.0364,0.28606,0.99873,0.0,0.0,nan,0.0,0.00696
22.13708,18.59833,-6.24661,0.861,0.08206,-0.50193,0.94342,0.0,0.0,nan,0.0,0.0124
22.55035,19.11266,-4.98456,0.94633,0.09761,-0.30811,0.98562,0.0,0.0,nan,0.0,0.00277
22.8597,19.08953,-2.96296,0.99996,-0.00442,-0.00777,0.97619,0.0,0.0,nan,0.0,0.00334
22.53443,19.02683,-1.05569,0.95851,-0.12239,0.25746,0.99059,0.0,0.0,nan,0.0,0.0059
22.18639,19.58962,0.52099,0.9474,-0.16607,0.2736,0.99943,0.0,0.0,nan,0.0,0.00212
22.04703,21.79993,-6.1144,0.80156,-0.04429,-0.59627,0.96626,0.0,0.0,nan,0.0,0.01289
22.4643,21.14127,-4.91161,0.91287,-0.01942,-0.40779,0.97261,0.0,0.0,nan,0.0,0.01067
22.88973,20.88572,-3.03855,0.99479,-0.03497,-0.09578,0.98662,0.0,0.0,nan,0.0,0.00204
22.75303,20.9976,-0.95557,0.9796,-0.10794,0.16953,0.98771,0.0,0.0,nan,0.0,0.00869
22.28303,21.09419,0.79791,0.94846,-0.15085,0.27869,0.99804,0.0,0.0,nan,0.0,0.0059
22.02897,22.62657,-6.0695,0.79651,-0.05914,-0.60172,0.96566,0.0,0.0,nan,0.0,0.0144
22.51181,22.99803,-5.09713,0.90097,-0.02147,-0.43335,0.95861,0.0,0.0,nan,0.0,0.02957
22.90884,23.01452,-2.91107,0.99689,-0.00982,-0.07817,0.9895,0.0,0.0,nan,0.0,0.01891
22.80178,22.99604,-1.0174,0.99151,-0.03732,0.12459,0.99724,0.0,0.0,nan,0.0,0.01399
22.39788,23.02581,0.993,0.95626,-0.09408,0.27697,0.99694,0.0,0.0,nan,0.0,0.01408
22.06254,23.50624,2.21447,0.87973,-0.10672,0.46334,0.98691,0.0,0.0,nan,0.0,0.00775
22.38555,25.02865,-4.76441,0.91538,0.06903,-0.39664,0.9887,0.0,0.0,nan,0.0,0.00449
22.84553,25.15795,-3.01892,0.98977,0.01209,-0.14214,0.99198,0.0,0.0,nan,0.0,0.0034
22.84625,24.96849,-0.96103,0.99792,-0.03612,0.05333,0.99486,0.0,0.0,nan,0.0,0.00392
22.60903,24.98873,1.04771,0.96636,-0.10744,0.23368,0.99397,0.0,0.0,nan,0.0,0.00454
22.18232,25.14138,2.49247,0.85378,-0.16941,0.4923,0.98423,0.0,0.0,nan,0.0,0.00376
22.31416,26.95,-4.82706,0.89466,-0.03378,-0.44547,0.98125,0.0,0.0,nan,0.0,0.00289
22.84379,26.88229,-2.98925,0.98518,-0.02351,-0.16989,0.99257,0.0,0.0,nan,0.0,0.00366
22.90331,26.95752,-1.03339,0.99802,-0.06284,-0.00287,0.99635,0.0,0.0,nan,0.0,0.00611
22.8623,27.00592,1.04547,0.97789,-0.08015,0.19313,0.99228,0.0,0.0,nan,0.0,0.0039
22.37962,27.03922,2.88054,0.89371,-0.06466,0.44395,0.96765,0.0,0.0,nan,0.0,0.00689
22.42609,28.99108,-4.99724,0.91069,0.02937,-0.41205,0.97311,0.0,0.0,nan,0.0,0.01349
22.83002,28.97158,-3.03156,0.98363,0.04407,-0.17474,0.99565,0.0,0.0,nan,0.0,0.00978
23.13682,29.05014,-0.97415,0.99894,-0.00965,-0.0451,0.99565,0.0,0.0,nan,0.0,0.00361
23.05432,29.00548,1.10048,0.96939,-0.02523,0.24422,0.97192,0.0,0.0,nan,0.0,0.00495
22.39381,28.89017,2.60628,0.87836,0.02928,0.4771,0.99019,0.0,0.0,nan,0.0,0.01083
22.15911,30.89711,-4.7222,0.92948,0.02935,-0.3677,0.99287,0.0,0.0,nan,0.0,0.00387
22.49458,31.06313,-2.99374,0.97586,-0.00613,-0.21831,0.99138,0.0,0.0,nan,0.0,0.0032
22.91242,31.01217,-0.93908,0.99764,-0.01132,-0.06767,0.99605,0.0,0.0,nan,0.0,0.00355
23.03563,31.03577,0.99756,0.98087,-0.02157,0.19346,0.98096,0.0,0.0,nan,0.0,0.00788
22.58516,31.08745,2.86083,0.89005,-0.13292,0.43606,0.98771,0.0,0.0,nan,0.0,0.00802
22.04078,31.84444,4.12955,0.8656,-0.20819,0.45541,0.9884,0.00435,0.02176,0.6,1.0,0.01002
22.00787,33.31075,-6.0224,0.8549,-0.04223,-0.51708,0.96497,0.0,0.0,nan,0.0,0.00347
22.45589,33.00747,-5.04516,0.91587,-0.06636,-0.39594,0.98076,0.0,0.0,nan,0.0,0.00465
22.9033,32.93488,-2.9796,0.97607,-0.07953,-0.2024,0.99575,0.0,0.0,nan,0.0,0.00349
23.21802,33.07389,-0.96835,0.99808,-0.04535,-0.04231,0.99347,0.0,0.0,nan,0.0,0.00221
23.03848,32.99993,0.9988,0.98816,-0.01722,0.15247,0.99903,0.0,0.0,nan,0.0,0.00704
22.52153,33.02104,2.9892,0.93906,-0.06916,0.33672,0.99814,0.0,0.0,nan,0.0,0.00435
22.10503,33.13629,4.2005,0.88649,-0.08335,0.45517,0.98413,0.0,0.0,nan,0.0,0.00693
22.45425,34.92585,-4.86304,0.9114,0.06964,-0.40559,0.98761,0.0,0.0,nan,0.0,0.00312
22.94361,35.07957,-3.04811,0.97104,0.038,-0.23589,0.99545,0.0,0.0,nan,0.0,0.0024
23.19494,34.9266,-0.92253,0.99945,0.0075,-0.03233,0.99724,0.0,0.0,nan,0.0,0.00936
23.0625,34.97881,0.98058,0.98807,-0.01935,0.1528,0.99843,0.0,0.0,nan,0.0,0.01816
22.53612,34.97747,3.02081,0.94721,-0.03648,0.31853,0.99923,0.0,0.0,nan,0.0,0.01693
22.13397,35.04078,4.27605,0.86941,-0.00083,0.49408,0.98681,0.0,0.0,nan,0.0,0.0075
22.42534,37.03833,-4.80265,0.91281,0.0234,-0.40771,0.98185,0.0,0.0,nan,0.0,0.00308
22.87513,36.88502,-3.00042,0.96726,0.02149,-0.25288,0.99526,0.0,0.0,nan,0.0,0.00398
23.20068,36.98788,-1.05612,0.99685,-0.00833,-0.07892,0.99635,0.0,0.0,nan,0.0,0.00574
23.1246,37.06299,1.03281,0.98997,-0.02269,0.13947,0.99883,0.00016,0.00082,0.7,1.0,0.0065
22.70945,37.0043,2.98931,0.93444,0.03099,0.35477,0.98989,0.0,0.0,nan,0.0,0.00961
22.21651,37.03078,4.28019,0.81515,0.09397,0.57157,0.96705,0.0,0.0,nan,0.0,0.00879
22.35066,38.71482,-4.72265,0.91175,0.06631,-0.40536,0.98672,0.0,0.0,nan,0.0,0.00329
22.74467,39.08885,-3.01802,0.95761,0.03719,-0.28564,0.99694,0.0,0.0,nan,0.0,0.00351
23.2757,39.00771,-1.03319,0.99413,-0.01012,-0.10773,0.9896,0.0,0.0,nan,0.0,0.00677
23.22007,39.08167,1.10833,0.97946,0.01361,0.2012,0.99069,0.0,0.0,nan,0.0,0.00762
22.61251,39.06157,2.97121,0.91277,0.04062,0.40645,0.98245,0.0,0.0,nan,0.0,0.00604
22.25328,38.47946,4.29508,0.79079,0.05687,0.60944,0.96119,0.0,0.0,nan,0.0,0.00471
22.34338,41.15797,-4.65388,0.9134,-0.03897,-0.4052,0.9895,0.0,0.0,nan,0.0,0.00765
22.69665,40.99411,-2.92827,0.94863,-0.01703,-0.31593,0.99655,0.0,0.0,nan,0.0,0.0081
23.43934,40.93764,-0.98289,0.99346,-0.02781,-0.11079,0.97966,0.0,0.0,nan,0.0,0.01786
23.02995,41.11161,1.05181,0.97523,-0.01426,0.22073,0.99784,0.0,0.0,nan,0.0,0.01581
22.43426,41.03891,2.95596,0.92085,-0.00055,0.38992,0.99754,0.0,0.0,nan,0.0,0.01252
22.23182,41.19115,4.36647,0.87683,-0.02749,0.48002,0.95126,0.0,0.0,nan,0.0,0.01179
22.33375,43.00356,-4.74671,0.91756,0.06344,-0.39251,0.96467,0.0,0.0,nan,0.0,0.01034
22.67634,42.99534,-3.00837,0.95221,0.06031,-0.29944,0.99804,0.00385,0.01923,0.6,1.0,0.01767
23.27012,42.95776,-0.93327,0.99178,0.01206,-0.12735,0.98443,0.00534,0.02669,0.6,1.0,0.01728
23.39706,42.9409,1.074,0.96982,0.03637,0.24111,0.975,0.0,0.0,nan,0.0,0.01996
22.38184,42.91538,2.85685,0.92345,0.03157,0.38241,1.00022,0.0,0.0,nan,0.0,0.02311
22.08396,42.67545,4.1522,0.87764,0.05451,0.47621,0.99138,0.0,0.0,nan,0.0,0.01952
22.23275,45.17685,-4.53499,0.8711,-0.01226,-0.49095,0.99406,0.0007,0.00349,0.6,1.0,0.00518
22.60747,45.12403,-2.95685,0.92208,-0.08315,-0.37796,0.98503,0.00032,0.00161,0.6,1.0,0.01501
23.40304,44.99976,-1.08024,0.99015,-0.02614,-0.13752,0.96159,0.01839,0.09197,0.6,1.0,0.00917
22.89995,45.02153,0.98268,0.9759,-0.03991,0.21456,0.99367,0.0,0.0,nan,0.0,0.01374
22.42976,45.05352,2.95549,0.93375,-0.09664,0.34462,0.99744,0.0,0.0,nan,0.0,0.01588
22.13688,45.53939,4.21652,0.88557,-0.17375,0.43079,0.98552,0.0,0.0,nan,0.0,0.00836
22.51197,47.00996,-4.69675,0.82431,-0.18021,-0.53669,0.98423,0.0,0.0,nan,0.0,0.00525
22.99222,46.66005,-3.09651,0.91066,-0.17017,-0.37649,0.98115,0.0,0.0,nan,0.0,0.01077
23.63497,46.87709,-0.98076,0.99103,-0.11478,-0.06846,0.96397,0.0,0.0,nan,0.0,0.0057
23.29785,46.8845,1.13142,0.97204,-0.09686,0.21391,0.99963,0.0,0.0,nan,0.0,0.01065
23.0388,46.88818,2.94363,0.95764,-0.08497,0.27515,0.9753,0.0,0.0,nan,0.0,0.00982
22.37516,46.96505,4.60756,0.87541,-0.02156,0.48291,0.92445,0.0,0.0,nan,0.0,0.0177
22.53362,48.99261,-4.78628,0.85369,0.05005,-0.51837,0.97351,0.0,0.0,nan,0.0,0.01397
23.2672,49.00313,-3.01495,0.93633,0.07633,-0.34273,0.97976,0.0,0.0,nan,0.0,0.0082
23.63021,48.92243,-0.96039,0.99807,0.04163,-0.04603,0.99168,0.0,0.0,nan,0.0,0.00517
23.40671,49.04669,1.07755,0.97695,-0.02233,0.21231,0.99297,0.0,0.0,nan,0.0,0.0038
22.70718,49.08984,2.97564,0.89764,0.01484,0.44047,0.97728,0.0,0.0,nan,0.0,0.00601
22.31311,48.49832,4.44258,0.80206,0.1507,0.57792,0.94481,0.0,0.0,nan,0.0,0.01278
22.04728,51.37173,-4.63577,0.87723,-0.06239,-0.47599,0.99218,0.0,0.0,nan,0.0,0.00372
22.56776,51.01019,-2.97093,0.93272,0.01949,-0.36009,0.98622,0.0,0.0,nan,0.0,0.00395
23.30964,51.00876,-0.98347,0.9922,0.03367,-0.12004,0.9891,0.0,0.0,nan,0.0,0.0016
23.43343,51.03805,0.99942,0.98887,-0.0002,0.14878,0.99307,0.0,0.0,nan,0.0,0.00597
23.03011,50.90979,3.0754,0.87773,-0.0225,0.47863,0.94997,0.0,0.0,nan,0.0,0.00611
22.40208,51.21218,4.39576,0.7132,-0.06941,0.69752,0.92922,0.0,0.0,nan,0.0,0.00513
22.54084,52.96524,-4.88156,0.88455,-0.05609,-0.46306,0.97599,0.0,0.0,nan,0.0,0.00499
23.18583,52.90332,-3.11681,0.94781,-0.07323,-0.31032,0.98781,0.0,0.0,nan,0.0,0.0052
23.4808,52.93805,-0.93454,0.99658,-0.02143,-0.07983,0.99049,0.0,0.0,nan,0.0,0.00764
23.38822,52.97294,1.00525,0.98857,0.00533,0.1507,0.99287,0.0,0.0,nan,0.0,0.00417
22.71123,52.97954,3.01679,0.90446,-0.03688,0.42496,0.99029,0.0,0.0,nan,0.0,0.00601
22.06144,53.18306,4.27529,0.79248,-0.14506,0.5924,0.98731,0.0,0.0,nan,0.0,0.00596
22.2987,54.89534,-4.55553,0.86631,0.03149,-0.49851,0.99337,0.0,0.0,nan,0.0,0.00288
23.02784,55.13078,-3.07756,0.94477,0.01895,-0.32717,0.98205,0.0,0.0,nan,0.0,0.00432
23.44568,55.10844,-0.96565,0.99765,0.00458,-0.06834,0.98483,0.0,0.0,nan,0.0,0.00287
23.35595,54.97512,1.05625,0.98966,-0.01762,0.14238,0.99277,0.0,0.0,nan,0.0,0.01014
22.95717,55.01614,3.01204,0.94228,-0.05302,0.33059,0.99913,0.0,0.0,nan,0.0,0.00328
22.32118,55.02784,4.54468,0.86859,-0.10354,0.48459,0.99694,0.0,0.0,nan,0.0,0.00347
22.4395,56.98149,-4.91396,0.86643,-0.06246,-0.49538,0.9896,0.0,0.0,nan,0.0,0.00582
23.15761,56.9828,-3.05987,0.9552,-0.02818,-0.2946,0.98235,0.0,0.0,nan,0.0,0.00519
23.47665,57.05843,-0.87168,0.99959,0.00704,-0.02764,0.98284,0.0,0.0,nan,0.0,0.0063
23.4654,57.10638,1.13722,0.98731,0.03767,0.15429,0.97966,0.0,0.0,nan,0.0,0.00403
23.10467,57.03332,3.04247,0.95799,0.02411,0.28579,0.99545,0.0,0.0,nan,0.0,0.0023
22.35971,57.05727,4.61779,0.89046,0.03976,0.45331,0.99555,0.0,0.0,nan,0.0,0.00333
22.44361,58.92157,-4.74409,0.87441,0.07878,-0.47875,0.99287,0.0,0.0,nan,0.0,0.00197
23.19642,59.08072,-3.03183,0.95477,0.05509,-0.29221,0.97798,0.0,0.0,nan,0.0,0.00222
23.50849,59.02897,-0.90579,0.99895,0.03868,-0.02447,0.97857,0.0,0.0,nan,0.0,0.01156
23.35295,59.06775,0.89753,0.99169,0.02209,0.12672,0.99744,0.0,0.0,nan,0.0,0.01006
22.80855,58.89045,3.14087,0.94242,0.05468,0.32992,1.00022,0.0,0.0,nan,0.0,0.00729
22.33656,58.85704,4.44307,0.89066,0.06814,0.44954,0.99019,0.0,0.0,nan,0.0,0.00499
22.47619,61.18775,-4.79546,0.85198,-0.01937,-0.52321,0.98533,0.0,0.0,nan,0.0,0.00195
22.99555,60.78156,-3.07343,0.95391,-0.01429,-0.29976,0.99317,0.0,0.0,nan,0.0,0.00444
23.25114,61.04113,-0.95149,0.99861,-0.02082,-0.04841,0.99923,0.0,0.0,nan,0.0,0.00601
23.37844,61.05768,1.04547,0.99148,-0.03385,0.12577,0.9895,0.0,0.0,nan,0.0,0.01091
22.93124,61.13346,2.93731,0.93254,-0.00951,0.36095,0.99019,0.0,0.0,nan,0.0,0.00992
22.1242,60.88186,4.21297,0.8377,0.08954,0.53874,0.99009,0.0,0.0,nan,0.0,0.01506
22.41786,62.92815,-4.62611,0.8463,0.01435,-0.53251,0.98582,0.0,0.0,nan,0.0,0.00333
23.30193,62.99613,-3.01352,0.95258,-0.04015,-0.30162,0.9751,0.0,0.0,nan,0.0,0.01332
23.51229,62.68449,-0.94881,0.99327,-0.10574,-0.04721,1.00042,0.0,0.0,nan,0.0,0.00821
23.63233,62.8139,1.02096,0.98442,-0.12239,0.12626,0.98622,0.0,0.0,nan,0.0,0.00486
22.94589,62.92701,3.01702,0.90056,-0.07653,0.42795,0.98602,0.0,0.0,nan,0.0,0.00827
22.27098,63.30415,4.33093,0.77844,0.00514,0.6277,0.9753,0.0,0.0,nan,0.0,0.00384
22.39605,64.54964,-4.47818,0.83311,0.11901,-0.54016,0.99198,0.0,0.0,nan,0.0,0.00522
22.95903,65.04676,-3.06661,0.92021,0.15309,-0.36025,0.98453,0.0,0.0,nan,0.0,0.00375
23.77578,65.11069,-1.02765,0.97108,0.16026,-0.17696,0.96556,0.0,0.0,nan,0.0,0.00714
23.69514,65.07942,1.03947,0.99144,0.06087,0.11554,0.95295,0.0,0.0,nan,0.0,0.0099
23.05284,65.06693,3.06855,0.85436,0.04444,0.51777,0.97659,0.0,0.0,nan,0.0,0.00543
22.29223,64.65054,4.35073,0.7381,0.07467,0.67055,0.96447,0.0,0.0,nan,0.0,0.00686
22.43264,67.22128,-4.57175,0.87029,-0.08959,-0.48432,0.97132,0.0,0.0,nan,0.0,0.01595
23.09671,66.88878,-2.99034,0.97205,0.01914,-0.23398,0.98403,0.0,0.0,nan,0.0,0.01104
22.54598,66.56187,-0.79705,0.97355,0.1037,-0.20359,0.9316,0.0,0.0,nan,0.0,0.00542
23.72386,66.90808,1.01832,0.9994,0.0303,-0.01657,0.94491,0.0,0.0,nan,0.0,0.00619
22.87872,66.97151,3.01703,0.84286,-0.00737,0.53808,0.9896,0.00725,0.03624,0.7,1.0,0.00979
22.17416,67.57075,4.18208,0.72985,-0.00651,0.68358,0.98711,0.0,0.0,nan,0.0,0.01081
22.47917,68.93565,-4.7263,0.86196,0.097,-0.49761,0.95057,0.0,0.0,nan,0.0,0.01968
23.2305,68.99734,-3.04979,0.95762,-0.02397,-0.28702,0.93915,0.0,0.0,nan,0.0,0.01266
23.11225,68.94626,-0.98563,0.9732,-0.13716,-0.18457,0.99188,0.0,0.0,nan,0.0,0.00892
23.72918,69.01083,1.08364,0.99863,-0.03221,0.04128,0.94133,0.0,0.0,nan,0.0,0.01271
22.97012,69.05032,3.09795,0.83101,0.03084,0.55541,0.97669,0.01105,0.05523,0.7,1.0,0.01365
22.19168,68.71049,4.18745,0.71767,0.03262,0.69562,0.97748,0.0,0.0,nan,0.0,0.01448
22.11699,70.06829,-4.1391,0.87343,0.06047,-0.48318,0.9896,0.0,0.0,nan,0.0,0.01066
23.00512,70.97062,-3.15312,0.89901,-0.05476,-0.43449,0.99168,0.0,0.0,nan,0.0,0.01379
23.55256,71.00399,-1.1584,0.98072,-0.05846,-0.18649,0.9749,0.0,0.0,nan,0.0,0.00891
23.63978,71.0863,1.02489,0.98564,0.04439,0.16291,0.97172,0.0,0.0,nan,0.0,0.03035
22.80737,70.98749,3.03425,0.80367,0.11541,0.58378,0.97589,0.00638,0.03191,0.7,1.0,0.02576
22.03502,71.65491,4.03293,0.64455,0.20348,0.73699,0.93418,0.0,0.0,nan,0.0,0.01579
22.10075,73.66181,-6.15286,0.73923,-0.25773,-0.62218,0.95057,0.0,0.0,nan,0.0,0.00702
22.1629,73.24039,-4.88607,0.81913,-0.29972,-0.48907,0.99754,0.0,0.0,nan,0.0,0.00675
23.36601,72.95309,-3.112,0.91791,-0.19792,-0.34391,0.97907,0.0,0.0,nan,0.0,0.00628
23.52534,72.98907,-1.03502,0.99994,-0.0088,-0.00705,0.99178,0.0,0.0,nan,0.0,0.00716
23.53271,73.14614,1.15294,0.92372,0.17843,0.33897,0.94252,0.0,0.0,nan,0.0,0.00703
22.77114,72.93164,2.90575,0.72908,0.319,0.60554,0.91154,0.0,0.0,nan,0.0,0.01213
22.2483,75.10507,-6.39085,0.72145,-0.05456,-0.69031,0.91253,0.0,0.0,nan,0.0,0.00954
22.84006,74.87114,-5.14701,0.89274,-0.10783,-0.43747,0.9605,0.0,0.0,nan,0.0,0.01213
23.53517,75.02392,-2.99311,0.98214,0.05571,-0.17972,0.95951,0.0,0.0,nan,0.0,0.00575
23.70571,75.04766,-0.9781,0.97456,0.19553,0.10954,0.93329,0.0,0.0,nan,0.0,0.01252
22.97674,74.96294,1.03748,0.8172,0.29471,0.49531,0.95146,0.0,0.0,nan,0.0,0.00838
22.09438,74.31617,2.041,0.65793,0.33198,0.67595,0.9894,0.0,0.0,nan,0.0,0.00685
22.35124,76.78226,-6.36523,0.65183,0.35007,-0.67274,0.77241,0.0,0.0,nan,0.0,0.00898
23.13741,77.20559,-5.02709,0.8338,0.46408,-0.29902,0.73954,0.0,0.0,nan,0.0,0.01285
22.75172,76.8849,-3.01156,0.82619,0.56277,0.02652,0.95911,0.0,0.0,nan,0.0,0.01037
22.8463,76.81947,-1.00092,0.78329,0.60224,0.15414,0.95335,0.0,0.0,nan,0.0,0.01349
22.63435,76.54153,0.64303,0.76696,0.49861,0.40393,0.93249,0.0,0.0,nan,0.0,0.00962
22.26338,78.09649,-4.67776,0.56799,0.79152,-0.22558,0.79495,0.0,0.0,nan,0.0,0.00278
22.22662,78.1131,-3.82576,0.61003,0.78983,-0.06351,0.86228,0.0,0.0,nan,0.0,0.00419
