cx,cy,cz,nx,ny,nz,valid_frac,score,periodic_cover,periodic_period_mm,periodic_straightness,band_score,band_ratio,band_amp_um,peak_freq,spectral_spread,local_coherence,global_coherence,coverage,ridge_period_mm,straightness
-20.01396,3.99481,1.9441,-0.94479,-0.30814,0.11148,0.93195,0.00582,0.02909,0.6,1.0,0.01647,0.05771,19.97694,1.90193,0.22856,0.34417,0.39567,0.91206,0.52578,0.39567
-20.02073,3.96419,2.14708,-0.93789,-0.30981,0.15614,0.91777,0.0,0.0,nan,0.0,0.01685,0.05833,20.16602,1.67127,0.23326,0.34034,0.42924,0.93315,0.59835,0.42924
-20.0736,5.82416,-0.81529,-0.94983,-0.26087,-0.17253,0.99396,0.00186,0.00928,0.6,1.0,0.01412,0.06654,20.10356,1.67124,0.2237,0.2898,0.60105,0.80505,0.59836,0.60105
-20.15872,5.18422,1.1031,-0.97619,-0.21662,-0.01135,0.9858,0.03705,0.18232,0.7,0.99899,0.01002,0.05182,20.55174,1.6479,0.22894,0.34972,0.68175,0.60677,0.60683,0.68175
-20.10584,5.06967,2.31292,-0.9598,-0.20703,0.18952,0.96265,0.01648,0.0824,0.7,1.0,0.01716,0.06298,22.57004,1.6479,0.23115,0.46169,0.71631,0.6425,0.60683,0.71631
-20.14364,7.22814,-2.27168,-0.90112,-0.09339,-0.4234,0.94255,0.0002,0.00098,0.6,1.0,0.01456,0.06768,22.99363,1.91674,0.21994,0.24656,0.45365,0.94813,0.52172,0.45365
-20.22801,7.01762,-1.02723,-0.96601,-0.15858,-0.20412,0.98713,0.0,0.0,nan,0.0,0.01884,0.07942,19.54244,1.75449,0.2322,0.35555,0.75299,0.74251,0.56997,0.75299
-20.38532,6.96174,1.0477,-0.98845,-0.14863,0.02957,0.996,0.13996,0.24125,0.7,0.8812,0.00849,0.08728,22.71766,1.67794,0.22293,0.3574,0.89211,0.54325,0.59597,0.89211
-20.1798,7.28094,2.60954,-0.9638,-0.12734,0.23423,0.99498,0.0415,0.20749,0.7,1.0,0.01853,0.0731,24.34582,1.6479,0.23017,0.43802,0.73632,0.62639,0.60683,0.73632
-20.10155,9.037,-2.23751,-0.85484,-0.07569,-0.51334,0.96611,0.0,0.0,nan,0.0,0.01219,0.05437,20.42035,1.90285,0.22099,0.2564,0.46234,0.96003,0.52553,0.46234
-20.50263,9.00891,-1.0252,-0.95899,-0.11156,-0.26055,0.9807,0.0,0.0,nan,0.0,0.01386,0.0758,19.91884,1.86701,0.22365,0.37787,0.69625,0.53233,0.53561,0.69625
-20.62988,8.94852,1.04591,-0.98814,-0.14713,0.04393,0.99631,0.0,0.0,nan,0.0,0.01259,0.09751,18.9869,1.94473,0.23177,0.45727,0.79481,0.3645,0.51421,0.79481
-20.46834,9.01914,2.98941,-0.94414,-0.12912,0.30321,0.98794,0.00507,0.02537,0.6,1.0,0.01532,0.08777,24.83558,1.71878,0.22587,0.30594,0.65399,0.6163,0.58181,0.65399
-20.01911,9.20259,4.0404,-0.89361,-0.11157,0.43476,0.99314,0.0,0.0,nan,0.0,0.01582,0.08276,24.83009,1.74884,0.23221,0.27533,0.46948,0.75029,0.57181,0.46948
-20.32975,11.10501,-2.41299,-0.81848,-0.11383,-0.56314,0.95,0.0,0.0,nan,0.0,0.00875,0.03213,18.44676,1.92669,0.23013,0.30223,0.31897,0.99903,0.51902,0.31897
-20.77413,11.01024,-0.99685,-0.95881,-0.10371,-0.26444,0.97968,0.00715,0.03574,0.7,1.0,0.00616,0.05108,20.68715,1.93202,0.22749,0.46678,0.79986,0.3371,0.51759,0.79986
-20.94038,11.0647,1.0277,-0.99451,-0.0936,0.04683,0.99314,0.0,0.0,nan,0.0,0.00788,0.05733,14.07107,2.07145,0.22585,0.26167,0.76326,0.62669,0.48275,0.76326
-20.59577,10.99871,3.14208,-0.94056,-0.06651,0.33306,0.98957,0.0,0.0,nan,0.0,0.00783,0.07063,22.67317,1.81269,0.23425,0.22769,0.54189,0.52992,0.55166,0.54189
-20.05315,11.82185,4.16221,-0.88907,-0.02124,0.45728,0.99692,0.00362,0.01811,0.7,1.0,0.01262,0.08865,25.00491,1.6479,0.23532,0.24711,0.73557,0.62197,0.60683,0.73557
-20.49793,13.0648,-2.67884,-0.82716,-0.17,-0.53564,0.95357,0.0,0.0,nan,0.0,0.00562,0.02333,16.3085,2.04263,0.22801,0.34392,0.43687,0.78578,0.48956,0.43687
-20.86735,12.99733,-1.00474,-0.96843,-0.10845,-0.22446,0.9856,0.00126,0.00628,0.7,1.0,0.00282,0.03655,19.26241,1.81269,0.23465,0.5387,0.87966,0.2704,0.55166,0.87966
-20.95882,12.99001,1.01001,-0.99534,-0.05905,0.07629,0.99508,0.00581,0.02906,0.7,1.0,0.00774,0.07458,14.6665,2.00528,0.23214,0.24069,0.27647,0.48994,0.49868,0.27647
-20.71028,13.06093,3.0124,-0.93533,-0.00652,0.35372,0.98896,0.0,0.0,nan,0.0,0.00572,0.07797,28.47656,1.88337,0.22721,0.21878,0.51297,0.35897,0.53096,0.51297
-20.06962,12.84022,4.22199,-0.87903,0.02953,0.47585,0.9959,0.002,0.00998,0.7,1.0,0.00992,0.0809,28.64268,1.84646,0.22354,0.24263,0.38201,0.54058,0.54158,0.38201
-20.16613,15.52613,-4.20444,-0.72951,-0.25955,-0.63281,0.95296,0.0,0.0,nan,0.0,0.006,0.02824,13.1081,1.90273,0.23862,0.4954,0.82253,0.64418,0.52556,0.82253
-20.68313,14.99707,-3.03812,-0.86074,-0.1918,-0.47154,0.96091,0.0,0.0,nan,0.0,0.00784,0.03139,11.71403,1.73623,0.23523,0.43879,0.65741,0.66617,0.57596,0.65741
-21.137,15.00757,-1.00011,-0.98567,-0.08301,-0.14685,0.9959,0.0,0.0,nan,0.0,0.0109,0.12042,9.32923,2.04095,0.23159,0.55148,0.95879,0.60073,0.48997,0.95879
-21.17729,14.99628,1.04223,-0.98819,-0.07176,0.13538,0.98815,0.0,0.0,nan,0.0,0.00453,0.07739,19.63686,1.6479,0.23381,0.2337,0.72963,0.27598,0.60683,0.72963
-20.65523,14.99834,3.04184,-0.88576,0.03454,0.46285,0.98519,0.0007,0.0035,0.7,1.0,0.00658,0.06476,41.45312,2.7297,0.23142,0.2533,0.79712,0.49544,0.36634,0.79712
-20.29168,17.05144,-4.36904,-0.81764,-0.19848,-0.54043,0.96163,0.0,0.0,nan,0.0,0.00626,0.05208,16.48342,1.76965,0.23127,0.52643,0.93015,0.60443,0.56508,0.93015
-20.76969,17.01415,-2.99379,-0.93673,-0.09009,-0.33827,0.99355,0.0,0.0,nan,0.0,0.01169,0.06892,11.65449,1.7177,0.22956,0.51355,0.79003,0.44392,0.58217,0.79003
-21.18381,16.99316,-1.00127,-0.98988,-0.04392,-0.13491,0.99722,0.0,0.0,nan,0.0,0.00832,0.04838,7.4824,1.93148,0.21785,0.21786,0.42318,1.0,0.51774,0.42318
-21.39199,17.00207,1.01045,-0.98717,-0.0602,0.14787,0.96713,0.0,0.0,nan,0.0,0.00295,0.10499,19.94815,3.0089,0.23046,0.46709,0.95942,0.20046,0.33235,0.95942
-20.97774,17.01126,2.94738,-0.85856,-0.08612,0.50543,0.96785,0.0,0.0,nan,0.0,0.01225,0.05108,51.94818,1.89049,0.23,0.51017,0.5362,0.48818,0.52896,0.5362
-20.39886,19.08344,-4.77389,-0.86364,-0.09024,-0.49597,0.9603,0.0,0.0,nan,0.0,0.02148,0.12164,23.30472,1.79609,0.2241,0.75012,0.82177,0.33183,0.55677,0.82177
-20.88715,18.98186,-3.02932,-0.96061,-0.06908,-0.26918,0.99692,0.0,0.0,nan,0.0,0.00647,0.05126,11.04942,1.77729,0.20889,0.3025,0.64746,0.49257,0.56266,0.64746
-21.31294,18.9921,-1.00173,-0.98788,-0.05355,-0.14573,0.99722,4e-05,0.00018,0.6,1.0,0.00666,0.03959,7.78301,2.19706,0.21447,0.21142,0.46237,1.0,0.45515,0.46237
-21.412,19.00372,1.00115,-0.99199,-0.10281,0.07345,0.99161,0.0,0.0,nan,0.0,0.00682,0.12892,19.3286,1.85784,0.23903,0.46316,0.84474,0.18092,0.53826,0.84474
-21.10492,18.94528,3.1432,-0.84729,-0.16397,0.50518,0.95989,0.0,0.0,nan,0.0,0.00913,0.04791,45.41631,2.04444,0.23197,0.61422,0.76979,0.34572,0.48913,0.76979
-20.53887,19.2862,4.28342,-0.72545,-0.14667,0.67247,0.95306,0.0,0.0,nan,0.0,0.00652,0.03579,38.45511,2.21434,0.22931,0.52042,0.47067,0.36855,0.4516,0.47067
-20.44414,21.01023,-4.86397,-0.80003,0.01768,-0.5997,0.94153,0.0,0.0,nan,0.0,0.01105,0.03689,30.11237,2.69119,0.22564,0.68764,0.52742,0.46466,0.37158,0.52742
-20.93784,21.07963,-2.92449,-0.96542,-0.0955,-0.24259,0.99722,0.01368,0.06842,0.7,1.0,0.02947,0.10259,10.77779,1.81269,0.24446,0.50185,0.77707,0.74313,0.55166,0.77707
-21.38041,20.95744,-0.98988,-0.98482,-0.09272,-0.14674,0.99722,0.04279,0.21394,0.7,1.0,0.00737,0.04559,8.27424,1.75438,0.21843,0.20172,0.45761,0.99531,0.57,0.45761
-21.7071,20.99812,1.03616,-0.99733,-0.06757,0.02775,0.98988,0.0,0.0,nan,0.0,0.01976,0.06444,9.28862,1.6479,0.23182,0.40608,0.4397,0.91755,0.60683,0.4397
-21.29172,21.03391,3.22277,-0.87318,-0.02223,0.4869,0.95571,0.0,0.0,nan,0.0,0.01331,0.06103,24.56133,1.81269,0.24311,0.47062,0.47582,0.5011,0.55166,0.47582
-20.24419,20.89261,4.29022,-0.70654,-0.05786,0.70531,0.98468,0.0,0.0,nan,0.0,0.01419,0.06284,32.41513,1.69129,0.22641,0.40443,0.41846,0.59267,0.59127,0.41846
-20.64884,23.02257,-4.87753,-0.68926,0.16667,-0.70509,0.8122,0.0,0.0,nan,0.0,0.01117,0.05413,54.37714,1.75414,0.24407,0.55869,0.5562,0.38303,0.57008,0.5562
-21.30834,22.98202,-3.01674,-0.94246,0.18426,-0.27894,0.92032,0.0,0.0,nan,0.0,0.01445,0.0678,33.40113,1.65912,0.23034,0.64704,0.55582,0.34917,0.60273,0.55582
-21.63713,22.93864,-0.97553,-0.9739,0.16566,-0.15514,0.93103,0.0,0.0,nan,0.0,0.0035,0.08004,30.10639,2.2363,0.23207,0.57209,0.94571,0.21785,0.44717,0.94571
-21.792,22.99056,1.03784,-0.97786,0.18434,0.09907,0.94755,0.0,0.0,nan,0.0,0.01946,0.15589,45.79249,3.32159,0.23703,0.42587,0.51538,0.30586,0.30106,0.51538
-21.12135,23.07846,3.21159,-0.87137,0.13007,0.47307,0.98376,0.0,0.0,nan,0.0,0.01059,0.0343,30.21866,2.41391,0.22635,0.52414,0.62009,0.62812,0.41427,0.62009
-20.27774,22.97531,4.39665,-0.76223,0.09094,0.64089,0.98417,0.0,0.0,nan,0.0,0.01329,0.04824,29.53504,2.71689,0.23834,0.35228,0.67339,0.83506,0.36807,0.67339
-20.26585,24.6916,-4.57053,-0.84663,-0.01477,-0.53197,0.80323,0.0,0.0,nan,0.0,0.01743,0.05317,83.90522,2.69524,0.23606,0.49865,0.58018,0.67293,0.37102,0.58018
-20.71856,24.46674,-3.02557,-0.89652,0.38781,-0.21412,0.90451,0.0,0.0,nan,0.0,0.00726,0.06507,55.2151,2.01852,0.23842,0.45969,0.69602,0.25158,0.49541,0.69602
-21.00434,24.85446,-0.92047,-0.75414,0.61007,-0.24308,0.92399,0.0,0.0,nan,0.0,0.00416,0.05221,79.22534,2.03937,0.23106,0.64374,0.91534,0.26978,0.49035,0.91534
-21.01818,25.11625,1.07676,-0.93661,0.29879,-0.18297,0.93256,0.0,0.0,nan,0.0,0.01235,0.04255,73.88573,1.69353,0.24707,0.54049,0.42036,0.55131,0.59048,0.42036
-20.89196,25.00842,2.99907,-0.91921,0.13327,0.37054,0.95377,0.0,0.0,nan,0.0,0.01391,0.08194,49.80753,2.71412,0.22672,0.58547,0.78128,0.33509,0.36844,0.78128
-20.20411,24.32806,4.29475,-0.77178,0.15398,0.61697,0.9857,0.0,0.0,nan,0.0,0.00965,0.03177,32.12413,1.70581,0.23958,0.37626,0.6719,0.85782,0.58623,0.6719
-20.56083,27.00352,-6.81436,-0.71882,-0.40981,-0.56156,0.72112,0.0,0.0,nan,0.0,0.01121,0.03014,26.05652,2.70565,0.2364,0.42098,0.51427,0.95111,0.3696,0.51427
-20.93689,26.87137,-5.06078,-0.97904,-0.20348,0.0081,0.76232,0.0,0.0,nan,0.0,0.01866,0.06513,58.36743,3.4606,0.25233,0.53055,0.58375,0.5586,0.28897,0.58375
-20.44826,27.07475,-3.73568,-0.95121,-0.13053,0.27956,0.9448,0.0,0.0,nan,0.0,0.0208,0.06472,58.09179,1.70211,0.23774,0.50783,0.4663,0.65464,0.58751,0.4663
-20.3725,27.4069,-0.41605,-0.84957,-0.18885,-0.49251,0.9656,0.0,0.0,nan,0.0,0.01127,0.09147,74.64866,2.77709,0.23552,0.34384,0.57485,0.36808,0.36009,0.57485
-21.23326,26.89678,0.90149,-0.96698,-0.01601,-0.25436,0.87666,0.0,0.0,nan,0.0,0.00459,0.07088,70.59574,3.05184,0.22909,0.34057,0.81978,0.25167,0.32767,0.81978
-21.14626,26.99497,3.23491,-0.86886,-0.0343,0.49386,0.90135,0.0,0.0,nan,0.0,0.01903,0.05284,33.74721,2.36234,0.21925,0.64915,0.4832,0.58768,0.42331,0.4832
-20.32632,28.83664,-6.69335,-0.89073,0.02837,-0.45365,0.84239,0.0,0.0,nan,0.0,0.00576,0.06355,34.53664,1.6479,0.25686,0.70008,0.91941,0.29896,0.60683,0.91941
-20.90191,29.00606,-5.0141,-0.9903,0.12861,0.05257,0.90063,0.0,0.0,nan,0.0,0.01094,0.04964,45.94379,1.83817,0.23699,0.56162,0.75587,0.41723,0.54402,0.75587
-20.22985,29.18103,-3.23061,-0.98783,-0.04625,0.14849,0.96193,0.0,0.0,nan,0.0,0.02009,0.05317,58.12194,2.2611,0.22913,0.48595,0.71875,0.80439,0.44226,0.71875
-20.44736,28.97768,-0.76123,-0.90777,-0.21192,-0.36199,0.98978,0.0,0.0,nan,0.0,0.00965,0.05473,45.20861,1.91092,0.23836,0.45676,0.62711,0.40303,0.52331,0.62711
-21.18092,28.96963,1.06353,-0.992,-0.02394,-0.12397,0.95265,0.0,0.0,nan,0.0,0.00743,0.06519,13.21176,2.09237,0.22218,0.4417,0.729,0.29725,0.47793,0.729
-20.81175,28.96108,3.10856,-0.85102,0.00985,0.52503,0.94928,0.0,0.0,nan,0.0,0.00985,0.04101,25.96898,1.72419,0.2361,0.72472,0.77647,0.39005,0.57998,0.77647
-20.16496,29.18595,4.18801,-0.71379,-0.03049,0.6997,0.95306,0.0,0.0,nan,0.0,0.00395,0.02076,20.39754,3.23627,0.23971,0.42378,0.45468,0.49332,0.309,0.45468
-20.14235,30.24513,-6.36031,-0.91749,0.29844,-0.26294,0.95918,0.0,0.0,nan,0.0,0.00813,0.06753,25.36672,1.6479,0.24238,0.46848,0.71208,0.27738,0.60683,0.71208
-20.49118,30.71617,-4.87975,-0.95989,0.26846,-0.08082,0.94031,0.0,0.0,nan,0.0,0.00904,0.0611,46.0084,2.12433,0.23598,0.27974,0.47258,0.55157,0.47074,0.47258
-20.11543,30.82744,-3.0362,-0.99473,0.03046,-0.09789,0.98152,0.0,0.0,nan,0.0,0.01716,0.05593,51.11946,2.05955,0.2269,0.35202,0.51984,0.9056,0.48554,0.51984
-20.71956,30.95993,-1.14029,-0.94918,-0.09816,-0.29902,0.99518,0.0,0.0,nan,0.0,0.0073,0.05019,41.17843,2.06121,0.23055,0.42232,0.7113,0.36104,0.48515,0.7113
-21.15911,30.97569,1.05564,-0.99908,-0.03081,-0.02986,0.97336,0.0,0.0,nan,0.0,0.00278,0.05084,9.60449,1.93859,0.21488,0.54903,0.87831,0.20415,0.51584,0.87831
-20.75757,31.01376,3.11782,-0.84347,0.04771,0.53506,0.95969,0.00326,0.0163,0.7,1.0,0.00818,0.03208,14.48033,2.07392,0.23285,0.70939,0.56774,0.40882,0.48218,0.56774
-20.07763,30.53097,4.09123,-0.74765,0.04579,0.66251,0.97642,0.00019,0.00094,0.7,1.0,0.00437,0.01946,15.74861,3.36384,0.24477,0.42871,0.4022,0.59078,0.29728,0.4022
-20.27052,32.99259,-2.61818,-0.92253,-0.02853,-0.38487,0.9911,0.0,0.0,nan,0.0,0.00923,0.06893,44.28607,1.92437,0.22538,0.29217,0.28446,0.47889,0.51965,0.28446
-20.99986,32.88159,-1.06517,-0.94867,-0.09574,-0.30143,0.98682,0.0,0.0,nan,0.0,0.00418,0.04417,25.07834,3.4606,0.23235,0.35788,0.7824,0.31864,0.28897,0.7824
-21.20827,33.01023,1.07655,-0.99782,-0.01886,0.0632,0.9907,0.0,0.0,nan,0.0,0.0127,0.11191,3.85674,3.17797,0.2292,0.66447,0.84383,0.37052,0.31467,0.84383
-20.75107,32.98869,3.09346,-0.82677,-0.04339,0.56086,0.95704,0.0,0.0,nan,0.0,0.00366,0.02438,18.40171,2.1056,0.23436,0.79468,0.85426,0.31466,0.47492,0.85426
-20.0707,33.35386,4.01685,-0.7349,-0.07889,0.67358,0.98305,0.0,0.0,nan,0.0,0.00548,0.015,14.87506,1.88065,0.2449,0.59681,0.49656,0.69435,0.53173,0.49656
-20.06862,35.87296,-4.12953,-0.85231,-0.15562,-0.49934,0.98458,0.0,0.0,nan,0.0,0.00187,0.05036,31.99946,2.22755,0.21712,0.3752,0.92651,0.24174,0.44892,0.92651
-20.54583,35.055,-2.91412,-0.88674,-0.09361,-0.4527,0.9805,0.0,0.0,nan,0.0,0.00374,0.0526,25.05335,2.35994,0.22851,0.20387,0.36226,0.37658,0.42374,0.36226
-21.02175,35.03777,-1.09734,-0.96641,-0.04052,-0.25377,0.98335,0.0,0.0,nan,0.0,0.00343,0.03963,12.90587,1.81269,0.22716,0.51027,0.84289,0.27868,0.55166,0.84289
-21.24875,35.0161,1.05939,-0.9977,-0.00833,0.06726,0.98702,0.0,0.0,nan,0.0,0.01086,0.06268,4.55987,1.6479,0.2311,0.35468,0.31979,0.70292,0.60683,0.31979
-20.80757,34.98727,3.0821,-0.86278,0.00911,0.5055,0.95061,0.0,0.0,nan,0.0,0.00683,0.04547,22.98191,1.90883,0.24175,0.61343,0.80524,0.32319,0.52388,0.80524
-20.12536,34.9509,4.15091,-0.7437,0.00904,0.66845,0.96652,0.0,0.0,nan,0.0,0.00584,0.02245,16.79928,2.21366,0.23162,0.47963,0.29937,0.60718,0.45174,0.29937
-20.07857,36.88213,-4.16612,-0.87261,-0.14204,-0.46731,0.98774,0.0,0.0,nan,0.0,0.00306,0.04232,17.41508,2.17286,0.23345,0.37233,0.87171,0.35478,0.46022,0.87171
-20.47092,36.95352,-3.17495,-0.91582,-0.0852,-0.39245,0.98203,0.0,0.0,nan,0.0,0.00204,0.02324,11.40394,2.30251,0.23126,0.30672,0.49559,0.33717,0.43431,0.49559
-21.01303,36.97971,-1.06418,-0.98213,-0.00646,-0.18808,0.98325,0.0,0.0,nan,0.0,0.0079,0.18314,6.31041,2.17131,0.2244,0.71747,0.96788,0.26148,0.46055,0.96788
-21.30594,36.94193,1.05937,-0.9913,0.01609,0.1306,0.96775,0.0,0.0,nan,0.0,0.0032,0.10969,15.89585,1.7719,0.23545,0.72841,0.99112,0.19728,0.56437,0.99112
-20.79471,36.98656,3.01435,-0.82314,0.06829,0.56372,0.955,0.00338,0.01688,0.6,1.0,0.00436,0.03679,27.58055,2.30028,0.23105,0.70312,0.91232,0.3762,0.43473,0.91232
-20.06849,36.33105,4.12537,-0.72629,0.11627,0.67748,0.97642,0.0,0.0,nan,0.0,0.00782,0.03098,23.05628,2.88661,0.2326,0.54584,0.36468,0.50254,0.34643,0.36468
-20.02803,39.1156,-4.10512,-0.90572,-0.01464,-0.42362,0.9909,0.0,0.0,nan,0.0,0.00414,0.03882,4.46692,1.6479,0.22503,0.27104,0.88383,0.99585,0.60683,0.88383
-20.49947,39.0048,-3.1463,-0.93511,-0.02117,-0.35372,0.9859,0.0,0.0,nan,0.0,0.00576,0.03199,4.14296,1.6479,0.2312,0.28065,0.65743,0.95044,0.60683,0.65743
-21.03737,38.95438,-1.0573,-0.98221,-0.02385,-0.18627,0.97988,0.0,0.0,nan,0.0,0.01458,0.05956,3.42333,1.81269,0.23611,0.49331,0.67212,0.78592,0.55166,0.67212
-21.29554,39.02097,1.0224,-0.99044,-0.03862,0.1324,0.95979,0.0,0.0,nan,0.0,0.00761,0.25476,9.41808,1.94757,0.22432,0.77413,0.97877,0.17456,0.51346,0.97877
-20.84123,39.01148,3.07759,-0.81425,-0.08913,0.57363,0.94888,0.0,0.0,nan,0.0,0.00301,0.03065,25.26388,1.87765,0.23261,0.72291,0.94322,0.38452,0.53258,0.94322
-20.08659,39.7696,4.10475,-0.68983,-0.12036,0.7139,0.96917,0.0,0.0,nan,0.0,0.00794,0.03104,20.31543,3.22151,0.25217,0.61917,0.64196,0.45389,0.31041,0.64196
-20.11219,41.20427,-4.20885,-0.8925,-0.05481,-0.44771,0.9959,0.0,0.0,nan,0.0,0.01103,0.0362,4.7956,2.01902,0.21782,0.44294,0.4692,0.97522,0.49529,0.4692
-20.59204,41.06158,-3.01281,-0.93257,-0.06905,-0.35432,0.99039,0.0,0.0,nan,0.0,0.00591,0.02723,4.71931,2.00774,0.21719,0.36647,0.79258,0.97663,0.49807,0.79258
-21.15556,41.08612,-1.02855,-0.98311,-0.06901,-0.16953,0.99151,0.0,0.0,nan,0.0,0.0076,0.05037,4.26712,1.81269,0.2339,0.36687,0.4851,0.60385,0.55166,0.4851
-21.30746,41.05179,1.00716,-0.99295,-0.03214,0.11411,0.9859,0.0,0.0,nan,0.0,0.00887,0.17699,5.47041,1.68697,0.23784,0.54878,0.90404,0.24589,0.59278,0.90404
-20.83345,41.03119,3.07932,-0.85674,0.02387,0.5152,0.96152,0.0,0.0,nan,0.0,0.00562,0.05776,20.64547,3.43811,0.24025,0.63586,0.90041,0.32351,0.29086,0.90041
-20.13202,40.89183,4.17119,-0.71761,-0.01458,0.69629,0.95112,0.0,0.0,nan,0.0,0.00704,0.03084,18.50011,1.75885,0.23278,0.46491,0.62719,0.54424,0.56855,0.62719
-20.20694,43.06997,-4.401,-0.87489,-0.06716,-0.47964,0.99314,0.0,0.0,nan,0.0,0.0085,0.04247,6.18016,1.88425,0.19489,0.41472,0.84881,0.93408,0.53071,0.84881
-20.78605,43.03065,-2.91942,-0.93434,-0.08159,-0.34692,0.99345,0.0,0.0,nan,0.0,0.00843,0.03583,4.53081,2.02031,0.22258,0.44957,0.79365,0.87653,0.49497,0.79365
-21.37118,43.00571,-0.95247,-0.98492,-0.08991,-0.1478,0.98702,0.0,0.0,nan,0.0,0.00615,0.03735,4.18315,2.00559,0.23015,0.40537,0.68653,0.60089,0.49861,0.68653
-21.46833,42.98417,1.07231,-0.9697,-0.02314,0.24318,0.95591,0.0,0.0,nan,0.0,0.00314,0.09066,24.725,1.6479,0.23246,0.83939,0.99261,0.19941,0.60683,0.99261
-20.75366,43.04441,2.91095,-0.834,0.0564,0.54887,0.98141,0.0,0.0,nan,0.0,0.0026,0.02758,25.00077,1.87315,0.23221,0.78684,0.95184,0.36591,0.53386,0.95184
-20.27085,44.99664,-4.5513,-0.85784,-0.07819,-0.50793,0.99141,0.0,0.0,nan,0.0,0.01074,0.05226,5.9135,1.90474,0.20442,0.41081,0.84797,0.97525,0.52501,0.84797
-20.96556,45.02382,-3.05826,-0.92909,-0.08407,-0.36016,0.99019,0.0,0.0,nan,0.0,0.00672,0.04005,4.69413,1.89142,0.21624,0.428,0.87598,0.93617,0.5287,0.87598
-21.51838,45.08427,-0.93728,-0.9907,-0.06598,-0.11901,0.98845,0.0,0.0,nan,0.0,0.00893,0.04191,3.73788,2.14602,0.21967,0.41943,0.74661,0.77966,0.46598,0.74661
-21.58978,45.01522,1.04814,-0.96178,-0.02011,0.27308,0.96285,0.0,0.0,nan,0.0,0.00234,0.06656,27.49206,2.68786,0.22039,0.86507,0.99016,0.18846,0.37204,0.99016
-20.78511,45.01894,2.92202,-0.82648,-0.02706,0.56232,0.98294,0.0,0.0,nan,0.0,0.00179,0.02392,22.35594,2.18416,0.23022,0.78028,0.9555,0.30468,0.45784,0.9555
-20.4004,47.03556,-4.66343,-0.84735,-0.09218,-0.52297,0.99223,0.0,0.0,nan,0.0,0.01402,0.0601,5.52956,1.8566,0.2137,0.35939,0.63253,0.88412,0.53862,0.63253
-21.16499,46.96209,-3.12489,-0.9309,-0.08939,-0.35417,0.98917,0.0,0.0,nan,0.0,0.01747,0.06429,4.60504,1.8821,0.23124,0.46907,0.46245,0.8308,0.53132,0.46245
-21.69703,46.97379,-0.9713,-0.99735,-0.03817,-0.06197,0.98305,0.0,0.0,nan,0.0,0.00945,0.04502,3.81278,1.6479,0.24332,0.33721,0.4611,0.94933,0.60683,0.4611
-21.4733,46.93609,1.06951,-0.961,0.03216,0.27465,0.98702,0.0,0.0,nan,0.0,0.01813,0.15608,5.46215,1.92131,0.22987,0.4017,0.61605,0.39503,0.52048,0.61605
-20.59768,46.95544,2.97498,-0.8084,0.05973,0.5856,0.98366,0.0,0.0,nan,0.0,0.00241,0.04105,22.30945,1.91162,0.23498,0.57707,0.93438,0.27021,0.52312,0.93438
-20.53397,49.05469,-4.87839,-0.85059,-0.08753,-0.5185,0.99416,0.0,0.0,nan,0.0,0.00921,0.03723,6.95643,1.6479,0.22116,0.3988,0.72382,0.79837,0.60683,0.72382
-21.40521,49.08495,-3.01127,-0.9519,-0.05685,-0.30108,0.9911,0.0,0.0,nan,0.0,0.00418,0.02718,6.68675,1.81269,0.22553,0.31099,0.46966,0.643,0.55166,0.46966
-21.73421,49.04989,-0.98357,-0.99994,-0.01051,-0.00188,0.98866,0.0,0.0,nan,0.0,0.00643,0.03349,4.76688,1.90084,0.21935,0.35485,0.62167,0.76768,0.52608,0.62167
-21.37896,49.01558,1.04596,-0.94234,0.00703,0.33459,0.98131,0.0,0.0,nan,0.0,0.00517,0.15775,15.62045,1.81269,0.22689,0.77937,0.99442,0.21768,0.55166,0.99442
-20.63779,48.99556,2.8134,-0.7589,0.07602,0.64675,0.97244,0.0,0.0,nan,0.0,0.00337,0.03608,25.50042,1.84222,0.22692,0.59626,0.92485,0.38331,0.54282,0.92485
-20.04841,51.72868,-6.05618,-0.81207,-0.12162,-0.57075,0.98927,0.0,0.0,nan,0.0,0.00674,0.03639,6.03954,1.71175,0.2197,0.37847,0.54829,0.65158,0.5842,0.54829
-20.66103,50.96009,-4.99977,-0.86656,-0.09318,-0.4903,0.99131,0.0,0.0,nan,0.0,0.00987,0.03994,7.15689,1.68027,0.21822,0.36982,0.49216,0.85458,0.59514,0.49216
-21.45576,51.02241,-3.0794,-0.96161,-0.04834,-0.27011,0.99427,0.0,0.0,nan,0.0,0.00724,0.02997,7.04161,1.6479,0.2212,0.32227,0.45777,0.96219,0.60683,0.45777
-21.75087,51.00406,-1.00166,-0.99973,-0.01183,0.01982,0.99182,0.0,0.0,nan,0.0,0.01079,0.04757,6.58238,1.82651,0.22228,0.33539,0.75605,0.89916,0.54749,0.75605
-21.39401,50.97277,1.0626,-0.94784,0.00022,0.31876,0.986,0.0,0.0,nan,0.0,0.02295,0.08638,6.13087,1.91744,0.22398,0.37498,0.75501,0.9548,0.52153,0.75501
-20.59849,50.99406,2.8346,-0.76209,-0.05668,0.64499,0.9756,0.0,0.0,nan,0.0,0.00674,0.03478,25.06727,2.26199,0.22709,0.57699,0.72372,0.3628,0.44209,0.72372
-20.17102,53.13254,-6.20958,-0.81684,-0.11851,-0.56456,0.98427,0.0,0.0,nan,0.0,0.01395,0.05291,4.70895,1.86298,0.23042,0.46734,0.58687,0.80353,0.53678,0.58687
-20.82812,52.97474,-5.0271,-0.89782,-0.08521,-0.43204,0.98855,0.0,0.0,nan,0.0,0.00769,0.05249,5.75464,1.6479,0.22416,0.2754,0.67366,0.71706,0.60683,0.67366
-21.55101,52.98382,-3.03123,-0.97873,-0.00722,-0.20504,0.991,8e-05,0.00042,0.7,1.0,0.00979,0.05308,6.38873,1.6479,0.2292,0.25224,0.37516,0.95994,0.60683,0.37516
-21.74874,52.99803,-0.97188,-0.99847,0.02854,0.04741,0.99396,0.0,0.0,nan,0.0,0.01037,0.05784,6.64859,1.82276,0.2205,0.2453,0.53311,0.95046,0.54862,0.53311
-21.356,53.02531,1.02385,-0.96008,0.01485,0.27933,0.99518,0.0,0.0,nan,0.0,0.02557,0.09284,6.97649,1.89936,0.22665,0.46182,0.81973,0.98756,0.52649,0.81973
-20.60073,52.98202,2.87565,-0.81309,-0.04684,0.58025,0.98172,0.0,0.0,nan,0.0,0.0148,0.05458,17.00771,1.94529,0.23184,0.59972,0.62724,0.50518,0.51406,0.62724
-20.32187,55.15142,-6.4648,-0.82638,-0.0335,-0.56212,0.97397,0.0,0.0,nan,0.0,0.00268,0.03875,11.08123,1.65304,0.2442,0.62575,0.91013,0.26736,0.60495,0.91013
-20.96485,55.05514,-5.06074,-0.93638,-0.00657,-0.35092,0.98855,0.0,0.0,nan,0.0,0.00682,0.05823,8.41599,1.81269,0.24911,0.68276,0.87152,0.3475,0.55166,0.87152
-21.45525,55.04715,-2.95007,-0.9893,0.06732,-0.12944,0.99314,0.0058,0.02902,0.6,1.0,0.02627,0.07719,6.61161,1.89431,0.23146,0.53729,0.73253,0.82495,0.5279,0.73253
-21.55875,54.99844,-0.97088,-0.99614,0.08036,0.0354,0.996,0.0,0.0,nan,0.0,0.0189,0.06524,6.58548,1.81461,0.22261,0.46365,0.78143,0.90553,0.55108,0.78143
-21.30008,54.95233,1.00253,-0.97446,0.00042,0.22458,0.99202,0.0,0.0,nan,0.0,0.00603,0.12852,12.7294,1.89137,0.22213,0.80742,0.97078,0.22922,0.52872,0.97078
-20.81612,55.02077,2.94807,-0.82684,-0.06089,0.55914,0.96958,0.0,0.0,nan,0.0,0.00519,0.03411,19.2755,2.25629,0.22393,0.69197,0.89448,0.45101,0.44321,0.89448
-20.44985,56.81407,-6.57249,-0.82281,0.19856,-0.53251,0.9244,0.0,0.0,nan,0.0,0.00532,0.03043,12.41322,2.36215,0.22902,0.51356,0.8856,0.6984,0.42334,0.8856
-20.98301,57.15656,-5.08768,-0.90782,0.27518,-0.31645,0.95612,0.0,0.0,nan,0.0,0.01062,0.03815,12.41884,1.75318,0.22654,0.49539,0.79575,0.76416,0.57039,0.79575
-21.20526,57.07242,-3.06589,-0.96075,0.23744,-0.14345,0.9908,0.0,0.0,nan,0.0,0.02241,0.06248,10.95914,1.87796,0.22881,0.66655,0.61407,0.63623,0.53249,0.61407
-21.31806,56.98629,-0.99771,-0.98214,0.18628,-0.02639,0.99202,0.0,0.0,nan,0.0,0.00967,0.04024,11.96901,1.8156,0.23969,0.61647,0.80807,0.55848,0.55078,0.80807
-21.37082,57.04117,1.0132,-0.981,0.13215,0.14204,0.97336,0.0,0.0,nan,0.0,0.02006,0.10875,15.42388,2.18869,0.22217,0.7195,0.85761,0.44182,0.45689,0.85761
-20.97407,57.01664,3.11509,-0.86513,0.0453,0.49949,0.91665,0.0,0.0,nan,0.0,0.00504,0.02844,24.82021,2.40029,0.22588,0.45401,0.48441,0.42196,0.41662,0.48441
-20.22204,57.53348,4.26121,-0.77952,0.04147,0.625,0.91114,0.0,0.0,nan,0.0,0.01138,0.03104,25.57833,2.20167,0.23303,0.56753,0.61499,0.69645,0.4542,0.61499
-20.29191,58.4301,-4.62378,-0.80727,0.52736,-0.26496,0.97754,0.0,0.0,nan,0.0,0.01279,0.03034,14.57866,1.86254,0.23147,0.47962,0.72884,0.99987,0.5369,0.72884
-20.61734,58.87841,-2.94737,-0.77274,0.61287,-0.16513,0.95367,0.0,0.0,nan,0.0,0.01423,0.0345,13.90075,1.93704,0.22619,0.47406,0.53285,0.99505,0.51625,0.53285
-20.89295,59.00456,-0.96752,-0.79718,0.60191,-0.04704,0.92807,0.0,0.0,nan,0.0,0.00908,0.03072,13.10258,2.28922,0.22202,0.34592,0.75469,1.0,0.43683,0.75469
-20.75183,58.95552,0.9803,-0.79353,0.60183,0.09003,0.93643,0.0,0.0,nan,0.0,0.01052,0.03407,11.76721,1.73005,0.22723,0.36111,0.34528,1.0,0.57802,0.34528
-20.55745,58.681,2.86152,-0.8215,0.44408,0.35769,0.88931,0.0,0.0,nan,0.0,0.00579,0.09635,30.20696,2.00797,0.23139,0.57936,0.89333,0.20413,0.49802,0.89333
-20.08687,58.15614,4.14547,-0.80305,0.19413,0.56341,0.90359,0.0,0.0,nan,0.0,0.00632,0.05001,36.01212,2.21583,0.23544,0.7072,0.90934,0.38477,0.4513,0.90934
-18.01576,1.95081,-2.02381,-0.70429,-0.57184,-0.42068,0.94877,0.0,0.0,nan,0.0,0.01198,0.06153,31.42066,1.6479,0.23117,0.25638,0.40001,0.808,0.60683,0.40001
-18.31288,1.56399,-0.77669,-0.73833,-0.62624,-0.25041,0.93766,0.0,0.0,nan,0.0,0.01473,0.06919,27.25614,2.4009,0.22526,0.27086,0.56098,0.84373,0.41651,0.56098
-18.44841,1.54574,0.99581,-0.72787,-0.68566,-0.00867,0.94214,0.00217,0.01086,0.7,1.0,0.01146,0.04768,22.84746,2.27463,0.22359,0.29158,0.35891,0.8962,0.43963,0.35891
-18.39793,1.61432,2.59125,-0.66772,-0.67416,0.3157,0.9039,0.0,0.0,nan,0.0,0.01645,0.05749,22.06687,1.8518,0.23311,0.3122,0.43366,0.99971,0.54002,0.43366
-18.31981,3.26556,-2.63903,-0.72678,-0.4774,-0.49384,0.97509,0.0,0.0,nan,0.0,0.02015,0.0794,29.93027,1.66217,0.23553,0.31031,0.52123,0.87239,0.60162,0.52123
-18.81771,2.99722,-1.08677,-0.8424,-0.45327,-0.2914,0.9958,0.0,0.0,nan,0.0,0.01282,0.07235,28.56663,1.88971,0.2237,0.30714,0.57579,0.61728,0.52918,0.57579
-19.41182,2.90375,0.96932,-0.8883,-0.45511,-0.06165,0.96622,0.0,0.0,nan,0.0,0.01266,0.04834,22.08942,1.6479,0.2332,0.30161,0.57492,0.94663,0.60683,0.57492
-19.12509,2.95382,3.08685,-0.77113,-0.46435,0.43559,0.92236,0.0,0.0,nan,0.0,0.01896,0.06323,18.59791,1.81269,0.23699,0.33212,0.39927,1.0,0.55166,0.39927
-18.34625,3.53388,4.185,-0.59675,-0.37816,0.70773,0.96887,0.0,0.0,nan,0.0,0.0198,0.06786,20.01125,2.08348,0.22544,0.34427,0.44485,0.93243,0.47997,0.44485
-18.36796,5.27992,-4.39634,-0.59029,-0.242,-0.77006,0.89502,0.0,0.0,nan,0.0,0.01714,0.07499,35.21165,1.6479,0.23858,0.2831,0.3054,0.85309,0.60683,0.3054
-19.1449,4.88789,-3.0879,-0.80213,-0.32497,-0.50099,0.94153,0.0,0.0,nan,0.0,0.01436,0.07214,29.79087,1.85359,0.21565,0.26839,0.5596,0.79128,0.53949,0.5596
-19.6081,4.89113,-1.05008,-0.91296,-0.33956,-0.2263,0.99651,0.00399,0.01993,0.6,1.0,0.01469,0.07147,22.67637,1.67278,0.22237,0.26278,0.42066,0.85124,0.59781,0.42066
-19.88967,4.48503,0.57654,-0.95091,-0.29121,-0.10474,0.99029,0.00084,0.00419,0.6,1.0,0.01657,0.06645,20.1636,1.67997,0.22618,0.31712,0.38847,0.86461,0.59525,0.38847
-19.79794,4.86037,3.31425,-0.8748,-0.24568,0.41757,0.93388,0.02405,0.12026,0.6,1.0,0.01253,0.05918,25.11474,1.66177,0.23476,0.45864,0.84221,0.70728,0.60177,0.84221
-18.78393,5.11771,4.64613,-0.62567,-0.30455,0.71818,0.95887,0.0,0.0,nan,0.0,0.00668,0.05313,30.68159,1.77504,0.23707,0.44508,0.86009,0.46477,0.56337,0.86009
-18.12101,6.74867,-4.10484,-0.59881,-0.01901,-0.80066,0.99059,0.00593,0.02087,0.7,0.97368,0.01804,0.07195,28.74369,1.85574,0.22441,0.33525,0.45493,0.80005,0.53887,0.45493
-19.3245,7.01607,-3.3608,-0.77911,-0.02313,-0.62646,0.955,0.0,0.0,nan,0.0,0.01766,0.07517,27.32828,1.66916,0.22971,0.31299,0.38456,0.8057,0.5991,0.38456
-19.98977,6.52353,-1.58669,-0.93976,-0.18496,-0.28748,0.98417,0.0,0.0,nan,0.0,0.0164,0.06327,20.47206,2.021,0.23261,0.31461,0.74715,0.90431,0.4948,0.74715
-19.80886,6.78478,3.26242,-0.92059,-0.15201,0.35973,0.99223,0.02255,0.11275,0.7,1.0,0.02092,0.08397,24.72384,1.68546,0.23284,0.48836,0.80528,0.66981,0.59331,0.80528
-19.05921,6.97236,5.08289,-0.712,-0.24361,0.65857,0.95418,0.0,0.0,nan,0.0,0.01471,0.07212,33.87664,1.93296,0.22133,0.4272,0.71345,0.5055,0.51734,0.71345
-18.1575,7.3918,6.14538,-0.53658,-0.26357,0.80163,0.95795,0.00648,0.03238,0.7,1.0,0.00867,0.04579,29.0574,2.12644,0.22149,0.26953,0.42686,0.75041,0.47027,0.42686
-18.0266,8.732,-4.03855,-0.59235,0.06676,-0.80291,0.99722,0.0025,0.01249,0.7,1.0,0.00673,0.05764,22.60891,1.82403,0.2311,0.22876,0.29897,0.55543,0.54824,0.29897
-18.98659,8.98747,-3.13984,-0.6928,0.00286,-0.72112,0.99202,0.0,0.0,nan,0.0,0.01121,0.05041,19.19557,1.71569,0.23613,0.30096,0.60211,0.81589,0.58285,0.60211
-19.92134,8.85803,3.71218,-0.90902,-0.12004,0.39909,0.99641,0.00228,0.01142,0.6,1.0,0.01838,0.09274,25.75784,1.65561,0.23234,0.30482,0.5744,0.70074,0.60401,0.5744
-19.23367,9.03306,5.02195,-0.80087,-0.09307,0.59156,0.99172,0.0,0.0,nan,0.0,0.01418,0.08921,25.66116,2.17733,0.22959,0.23742,0.60617,0.72189,0.45928,0.60617
-18.33249,9.11864,6.1742,-0.58392,-0.09047,0.80676,0.97662,0.0,0.0,nan,0.0,0.02425,0.12534,23.55726,2.16399,0.2283,0.33267,0.83591,0.87008,0.46211,0.83591
-18.0333,11.94998,-4.01065,-0.54287,-0.15273,-0.82581,0.99712,0.0,0.0,nan,0.0,0.00696,0.04074,13.88138,1.76711,0.2377,0.27349,0.31481,0.7143,0.5659,0.31481
-19.13911,10.9709,-3.44143,-0.62312,-0.09325,-0.77655,0.98815,0.0,0.0,nan,0.0,0.00595,0.0298,15.86547,2.22626,0.23405,0.3051,0.39644,0.73663,0.44918,0.39644
-19.96116,10.52641,3.8027,-0.90156,-0.0883,0.42354,0.99712,0.0,0.0,nan,0.0,0.01114,0.07722,22.0042,1.70629,0.23411,0.24886,0.63594,0.63223,0.58607,0.63594
-19.55252,10.973,5.09337,-0.80581,-0.07377,0.58756,0.98549,0.0,0.0,nan,0.0,0.0131,0.08047,24.86857,1.64875,0.23533,0.22634,0.5459,0.77718,0.60652,0.5459
-18.50009,11.00638,6.28581,-0.57804,-0.06012,0.81379,0.97091,0.0,0.0,nan,0.0,0.01585,0.07934,20.04706,1.68912,0.22681,0.22382,0.65682,0.98183,0.59202,0.65682
-18.34455,13.21431,-4.29049,-0.52455,-0.27473,-0.80584,0.99722,0.0,0.0,nan,0.0,0.00947,0.03582,13.64402,1.75973,0.24189,0.37018,0.36984,0.81881,0.56827,0.36984
-19.2569,12.89835,-3.38705,-0.63547,-0.21949,-0.74027,0.99304,0.0,0.0,nan,0.0,0.00704,0.03005,16.14929,1.74857,0.23339,0.42209,0.353,0.62402,0.57189,0.353
-19.92419,13.64423,3.794,-0.8781,0.06599,0.4739,0.99712,0.00749,0.03747,0.7,1.0,0.00819,0.07982,32.67358,1.77918,0.23635,0.24449,0.38236,0.44528,0.56206,0.38236
-19.65116,13.10086,5.31151,-0.78886,0.08074,0.60925,0.9604,0.0,0.0,nan,0.0,0.00625,0.07373,26.06057,1.69936,0.22973,0.23452,0.39731,0.3889,0.58846,0.39731
-18.50422,12.9136,6.29162,-0.56451,0.09744,0.81966,0.96448,0.0,0.0,nan,0.0,0.01608,0.06338,18.63714,1.88139,0.23032,0.28345,0.54771,0.99132,0.53152,0.54771
-18.91119,15.09563,-4.6964,-0.56095,-0.32661,-0.7607,0.99202,0.0,0.0,nan,0.0,0.01282,0.02943,13.07531,2.06313,0.23751,0.50521,0.37964,0.99436,0.4847,0.37964
-19.60005,14.2802,-3.79846,-0.66533,-0.28269,-0.69095,0.98376,0.0,0.0,nan,0.0,0.00913,0.025,13.07861,1.72042,0.24475,0.46755,0.48525,0.90056,0.58125,0.48525
-19.78957,15.1225,3.81232,-0.82566,0.09724,0.55573,0.99416,0.0,0.0,nan,0.0,0.0053,0.06076,43.43068,1.88337,0.22884,0.30818,0.90127,0.57367,0.53096,0.90127
-19.29794,15.00435,5.12925,-0.73898,0.15851,0.65481,0.97682,0.0,0.0,nan,0.0,0.004,0.06353,35.76643,1.93759,0.22198,0.14544,0.48653,0.45659,0.5161,0.48653
-18.2878,14.28579,6.12584,-0.54459,0.17208,0.82086,0.98478,0.0,0.0,nan,0.0,0.01188,0.0625,24.69249,2.21315,0.22571,0.30442,0.28032,0.67501,0.45184,0.28032
-18.57933,17.74323,-6.24405,-0.41043,-0.27367,-0.86986,0.9601,0.0,0.0,nan,0.0,0.02403,0.06186,21.75142,1.7469,0.22893,0.49738,0.26265,0.85265,0.57244,0.26265
-19.10299,16.82227,-5.49031,-0.57591,-0.33423,-0.74607,0.96938,0.0,0.0,nan,0.0,0.01466,0.0413,17.28635,1.79626,0.23557,0.47271,0.48421,0.83779,0.55671,0.48421
-19.57762,16.90294,3.43158,-0.78694,-0.05185,0.61485,0.97499,0.0,0.0,nan,0.0,0.01348,0.04981,52.2429,1.71615,0.23109,0.52007,0.54019,0.54051,0.5827,0.54019
-18.95699,17.07683,5.16485,-0.69027,-0.00197,0.72355,0.98937,0.0,0.0,nan,0.0,0.00732,0.04314,43.16555,2.16701,0.22144,0.41636,0.40496,0.42671,0.46147,0.40496
-18.89617,19.07476,-6.90033,-0.43138,-0.0579,-0.90031,0.8426,0.0,0.0,nan,0.0,0.01484,0.03727,25.24633,2.00023,0.24601,0.43598,0.36327,0.9858,0.49994,0.36327
-19.71465,18.71948,-5.58094,-0.71802,-0.12831,-0.6841,0.95102,0.0,0.0,nan,0.0,0.01454,0.04087,27.15913,3.38031,0.24834,0.58939,0.62964,0.64805,0.29583,0.62964
-19.6227,18.46596,3.44177,-0.74924,-0.14086,0.64714,0.97713,0.0,0.0,nan,0.0,0.00896,0.0377,44.79907,1.93058,0.22946,0.57934,0.6539,0.42863,0.51798,0.6539
-19.26765,18.96749,5.08425,-0.63233,-0.10006,0.76821,0.99447,0.0,0.0,nan,0.0,0.00661,0.03166,33.88433,2.21003,0.23728,0.46895,0.38332,0.47176,0.45248,0.38332
-18.86868,20.42448,-6.27308,-0.37424,0.24278,-0.89499,0.89125,0.0,0.0,nan,0.0,0.00849,0.07135,43.0348,1.78085,0.23283,0.47612,0.42905,0.26141,0.56153,0.42905
-19.07173,21.2937,-5.71505,-0.33364,0.31796,-0.88746,0.90308,0.0,0.0,nan,0.0,0.0124,0.07115,57.29912,1.67536,0.2401,0.6239,0.56765,0.28901,0.59689,0.56765
-19.1209,21.02351,5.22461,-0.59217,-0.08346,0.80148,0.99651,0.0,0.0,nan,0.0,0.01532,0.04276,30.72974,1.6479,0.23794,0.4174,0.54151,0.91434,0.60683,0.54151
-18.1899,21.70253,6.15186,-0.53167,-0.12907,0.83706,0.99151,0.0,0.0,nan,0.0,0.01387,0.04699,27.34693,1.86842,0.2299,0.3841,0.68012,0.8243,0.53521,0.68012
-18.86578,23.01994,-5.20891,-0.18946,0.20956,-0.95927,0.89033,0.0,0.0,nan,0.0,0.02204,0.08112,69.69296,2.34831,0.23816,0.46623,0.49135,0.59955,0.42584,0.49135
-19.22685,23.00473,5.3696,-0.68233,0.01957,0.73078,0.98641,0.0,0.0,nan,0.0,0.00882,0.03847,29.55658,1.72124,0.23111,0.34925,0.82044,0.90467,0.58098,0.82044
-18.32198,23.2238,6.30769,-0.56927,-0.00443,0.82214,0.96509,0.0,0.0,nan,0.0,0.00604,0.03118,23.13609,1.6479,0.23352,0.25646,0.601,0.82088,0.60683,0.601
-19.08186,25.81192,-6.14966,-0.39371,-0.57164,-0.71988,0.89298,0.0,0.0,nan,0.0,0.01157,0.12492,62.91041,1.9272,0.23307,0.36303,0.6852,0.26317,0.51889,0.6852
-19.12749,24.97434,-5.05953,-0.57575,-0.26094,-0.77487,0.8276,0.0,0.0,nan,0.0,0.0119,0.08476,112.92121,2.89451,0.23449,0.3336,0.55335,0.4284,0.34548,0.55335
-19.4617,25.15046,-3.18644,-0.92473,0.31037,-0.22035,0.80516,0.0,0.0,nan,0.0,0.01126,0.06126,85.56197,1.70887,0.24347,0.4303,0.51569,0.43723,0.58518,0.51569
-19.06153,25.29329,-0.62815,-0.8356,0.50484,-0.2166,0.65207,0.0,0.0,nan,0.0,0.00717,0.04746,80.65434,3.57322,0.24372,0.52098,0.81568,0.37629,0.27986,0.81568
-19.49613,25.20549,0.28752,-0.79729,0.50013,-0.33793,0.746,0.0,0.0,nan,0.0,0.00928,0.02928,78.18649,3.17566,0.24015,0.54475,0.55391,0.59689,0.31489,0.55391
-19.88106,25.42964,3.99085,-0.74839,0.12966,0.65046,0.98866,0.0,0.0,nan,0.0,0.01312,0.04124,36.28248,1.83053,0.24182,0.46499,0.50705,0.72183,0.54629,0.50705
-19.16663,25.10878,5.11558,-0.67185,0.23824,0.70133,0.99049,0.0,0.0,nan,0.0,0.02099,0.06175,26.82526,1.79037,0.23212,0.50553,0.5441,0.7225,0.55854,0.5441
-18.33549,24.44719,6.3572,-0.5886,0.19327,0.78498,0.95459,0.0,0.0,nan,0.0,0.006,0.02537,19.35652,2.24706,0.22798,0.2611,0.37782,1.0,0.44503,0.37782
-19.04342,26.91388,-7.03672,-0.28419,-0.55535,-0.78155,0.90879,0.0,0.0,nan,0.0,0.00892,0.03905,27.14362,1.84388,0.24181,0.575,0.67797,0.42657,0.54233,0.67797
-19.95585,26.08588,-5.95282,-0.70782,-0.46636,-0.53057,0.78517,0.0,0.0,nan,0.0,0.00829,0.10716,87.04943,2.20991,0.23319,0.24416,0.42191,0.32422,0.45251,0.42191
-19.25889,27.10103,-2.95069,-0.95563,-0.14929,0.25394,0.87789,0.0,0.0,nan,0.0,0.02111,0.05793,52.78136,2.89606,0.2398,0.44709,0.65771,0.84581,0.3453,0.65771
-19.13738,27.16594,-0.8514,-0.89795,-0.26033,-0.35484,0.81812,0.0,0.0,nan,0.0,0.00681,0.0593,61.96381,1.93227,0.22066,0.21903,0.44551,0.54153,0.51753,0.44551
-19.39949,26.13944,0.08044,-0.82521,-0.1092,-0.55417,0.74407,0.0,0.0,nan,0.0,0.01185,0.1057,96.22323,2.56551,0.23027,0.40341,0.79327,0.32932,0.38979,0.79327
-19.5104,27.13819,3.68717,-0.67028,-0.01069,0.74204,0.9807,0.0,0.0,nan,0.0,0.0118,0.03627,24.25259,1.86593,0.23361,0.37259,0.41524,0.94476,0.53593,0.41524
-18.67124,27.00173,4.45284,-0.60459,0.02228,0.79622,0.97101,0.0,0.0,nan,0.0,0.01414,0.0384,22.35487,3.43724,0.24185,0.41531,0.54636,0.96571,0.29093,0.54636
-18.96598,29.07318,-8.65878,-0.441,-0.4339,-0.78565,0.82169,0.0,0.0,nan,0.0,0.00504,0.02573,32.50021,2.37878,0.22953,0.66154,0.85092,0.46381,0.42038,0.85092
-19.79296,29.10672,-7.69291,-0.76671,-0.08589,-0.63623,0.83648,0.0,0.0,nan,0.0,0.00619,0.02312,30.105,2.28472,0.22323,0.5561,0.74224,0.51342,0.43769,0.74224
-19.86419,28.6482,-2.68534,-0.97833,-0.16211,0.12881,0.93939,0.0,0.0,nan,0.0,0.02252,0.05205,58.25912,2.89278,0.23897,0.47883,0.74156,0.93451,0.34569,0.74156
-19.7164,29.26878,-1.66401,-0.95709,-0.2116,-0.19798,0.91155,0.0,0.0,nan,0.0,0.01967,0.07181,55.13631,2.09717,0.23597,0.43675,0.67252,0.65003,0.47683,0.67252
-19.74976,28.19796,3.79539,-0.68375,-0.04597,0.72826,0.9908,0.0,0.0,nan,0.0,0.01118,0.03159,20.80793,1.7273,0.23316,0.49037,0.31962,0.79085,0.57894,0.31962
-18.97303,28.95004,4.96128,-0.64769,-0.11284,0.7535,0.98896,0.0,0.0,nan,0.0,0.00749,0.02562,18.29645,1.9354,0.23204,0.4574,0.45259,0.70879,0.51669,0.45259
-18.1338,29.66038,6.09836,-0.62015,-0.1367,0.77248,0.95938,0.0,0.0,nan,0.0,0.00888,0.03656,15.87955,2.07283,0.23402,0.46189,0.38209,0.59194,0.48243,0.38209
-18.57487,31.2334,-10.43187,-0.55764,-0.09211,-0.82496,0.623,0.0,0.0,nan,0.0,0.01024,0.0364,39.80331,3.38753,0.23535,0.46683,0.39542,0.63266,0.2952,0.39542
-19.07918,30.94594,-9.10235,-0.84015,0.00358,-0.54234,0.77895,0.0,0.0,nan,0.0,0.0074,0.03049,38.83309,3.40759,0.23824,0.58464,0.83899,0.61034,0.29346,0.83899
-19.43816,31.09772,-7.05036,-0.91051,0.28699,-0.29767,0.9704,0.0,0.0,nan,0.0,0.01113,0.08139,22.43361,2.36639,0.23448,0.41014,0.60836,0.36321,0.42259,0.60836
-19.71395,31.52686,-5.11257,-0.92842,0.32338,-0.1829,0.99539,0.0,0.0,nan,0.0,0.01067,0.06726,46.82118,1.92368,0.23332,0.30808,0.68023,0.53715,0.51984,0.68023
-19.94301,31.06247,-3.21522,-0.99128,0.05862,-0.11799,0.97438,0.0,0.0,nan,0.0,0.01577,0.05863,50.76065,2.06991,0.23014,0.32354,0.33456,0.8639,0.48311,0.33456
-19.88682,30.57235,-1.7701,-0.96461,-0.09976,-0.24409,0.95122,0.0,0.0,nan,0.0,0.01334,0.06038,52.4972,2.05392,0.23779,0.39056,0.53769,0.58743,0.48687,0.53769
-19.31827,31.67067,3.90124,-0.73347,0.05893,0.67716,0.98713,0.0,0.0,nan,0.0,0.0058,0.0146,13.85746,3.62539,0.24277,0.58851,0.44217,0.77215,0.27583,0.44217
-18.71401,30.95628,4.88019,-0.70796,0.04671,0.7047,0.99712,0.0,0.0,nan,0.0,0.0073,0.02226,14.49471,1.90041,0.23396,0.60135,0.46003,0.62077,0.5262,0.46003
-18.11116,30.66646,6.13923,-0.65765,-0.02067,0.75304,0.96407,0.0,0.0,nan,0.0,0.00922,0.04982,15.23575,3.28844,0.2443,0.50238,0.5496,0.41688,0.3041,0.5496
-18.25957,32.25545,-10.32726,-0.57981,0.26043,-0.77201,0.65696,0.0,0.0,nan,0.0,0.01057,0.03643,36.1662,3.51797,0.23462,0.50025,0.60684,0.61177,0.28425,0.60684
-18.54415,32.81846,-8.96781,-0.78444,0.4532,-0.42341,0.80965,0.0,0.0,nan,0.0,0.02435,0.06615,26.91097,1.9167,0.22709,0.4925,0.50836,0.80301,0.52173,0.50836
-18.56445,32.95779,-7.02944,-0.8616,0.43244,-0.26577,0.96428,0.0,0.0,nan,0.0,0.0177,0.07072,45.39182,2.34508,0.22594,0.49758,0.401,0.5252,0.42642,0.401
-19.14921,32.9902,-4.90449,-0.91901,0.21189,-0.33244,0.97897,0.0,0.0,nan,0.0,0.02573,0.10431,52.07694,1.77145,0.23092,0.44706,0.54152,0.57287,0.56451,0.54152
-19.94366,32.86057,-3.48797,-0.92449,0.06536,-0.37556,0.98437,0.0,0.0,nan,0.0,0.01615,0.07202,49.53684,1.9414,0.22841,0.34404,0.69242,0.67832,0.51509,0.69242
-19.31881,32.9682,3.99004,-0.719,-0.05658,0.6927,0.99223,0.0,0.0,nan,0.0,0.00678,0.01453,14.43896,3.39803,0.2381,0.60862,0.49676,0.87297,0.29429,0.49676
-18.61523,32.98932,4.75437,-0.69666,-0.02839,0.71684,0.99284,0.0,0.0,nan,0.0,0.00614,0.01456,14.88072,1.75502,0.247,0.58136,0.51872,0.82271,0.5698,0.51872
-18.01091,32.44902,6.05426,-0.64018,0.06567,0.76541,0.96693,0.0,0.0,nan,0.0,0.01248,0.07114,25.41757,1.914,0.24679,0.66472,0.75645,0.29063,0.52247,0.75645
-18.08394,34.07855,-8.26151,-0.70295,0.55973,-0.43882,0.86799,0.0,0.0,nan,0.0,0.00714,0.0474,57.28162,2.39385,0.2363,0.6176,0.61136,0.25256,0.41774,0.61136
-18.15968,35.09255,-6.35452,-0.79837,0.02433,-0.60168,0.94306,0.0,0.0,nan,0.0,0.00659,0.04726,49.36255,1.71042,0.23947,0.54943,0.90559,0.52632,0.58465,0.90559
-18.9085,34.82796,-5.10475,-0.84998,-0.03449,-0.52568,0.97988,0.0,0.0,nan,0.0,0.00955,0.05455,46.68003,2.18088,0.22742,0.44784,0.83008,0.54819,0.45853,0.83008
-19.64959,34.80625,-3.48779,-0.85835,-0.0905,-0.50502,0.99294,0.0,0.0,nan,0.0,0.0034,0.05426,39.96096,2.1634,0.22873,0.39287,0.9233,0.37575,0.46224,0.9233
-19.12979,34.91467,5.20946,-0.66617,0.00071,0.7458,0.97468,0.0,0.0,nan,0.0,0.00544,0.01365,14.77363,2.21612,0.22482,0.4927,0.5133,0.91785,0.45124,0.5133
-18.57714,36.93825,-6.68351,-0.75001,-0.15511,-0.64298,0.97662,0.0,0.0,nan,0.0,0.00263,0.05674,33.9224,1.92554,0.23265,0.4705,0.93216,0.25,0.51933,0.93216
-19.51522,36.90472,-5.23145,-0.84261,-0.16161,-0.5137,0.99192,0.0,0.0,nan,0.0,0.00275,0.05006,27.62927,2.4957,0.22797,0.38931,0.87005,0.24556,0.40069,0.87005
-19.4279,37.47643,3.57332,-0.71816,0.06495,0.69284,0.97856,0.0,0.0,nan,0.0,0.01277,0.02537,23.83384,1.98962,0.2284,0.61972,0.57912,0.88028,0.50261,0.57912
-18.8031,36.90591,4.82896,-0.65731,0.12532,0.74312,0.99508,0.0,0.0,nan,0.0,0.01294,0.03463,23.40303,2.14999,0.22755,0.54648,0.33022,0.74206,0.46512,0.33022
-18.57149,39.00529,-6.65553,-0.7546,0.00703,-0.65615,0.9962,0.0,0.0,nan,0.0,0.0051,0.1487,6.92158,1.81269,0.23316,0.76978,0.97951,0.21644,0.55166,0.97951
-19.54931,39.02004,-5.18738,-0.86164,-0.00578,-0.50748,0.99518,0.0,0.0,nan,0.0,0.02514,0.09465,4.58472,1.92671,0.23144,0.55624,0.82248,0.89282,0.51902,0.82248
-19.4856,38.44652,3.62287,-0.6912,-0.04956,0.72096,0.98111,0.0,0.0,nan,0.0,0.00898,0.01988,20.9568,1.91684,0.22641,0.55045,0.46371,0.89867,0.52169,0.46371
-18.91737,39.06799,4.67856,-0.62264,-0.10016,0.77608,0.98957,0.0,0.0,nan,0.0,0.01058,0.02497,20.29557,1.88369,0.23699,0.53177,0.42872,0.87582,0.53087,0.42872
-18.57482,40.9798,-6.58787,-0.73462,-0.00521,-0.67846,0.99559,0.0,0.0,nan,0.0,0.01064,0.05086,5.18473,1.74675,0.21918,0.29113,0.70707,0.99595,0.57249,0.70707
-19.53538,41.00302,-5.23564,-0.8479,-0.03591,-0.52894,0.99631,0.0,0.0,nan,0.0,0.01185,0.04427,5.06891,1.67689,0.21971,0.4065,0.63735,0.91809,0.59634,0.63735
-19.14607,41.02327,5.1208,-0.59643,0.0188,0.80245,0.95969,0.0,0.0,nan,0.0,0.00386,0.02159,23.1743,2.00953,0.23722,0.46663,0.81791,0.53211,0.49763,0.81791
-18.58869,42.99529,-6.61305,-0.71442,-0.03028,-0.69906,0.99702,0.0,0.0,nan,0.0,0.00649,0.04616,5.72529,1.6479,0.21554,0.32817,0.84683,0.83779,0.60683,0.84683
-19.5768,43.00867,-5.41362,-0.82443,-0.05188,-0.56358,0.99671,0.0,0.0,nan,0.0,0.00795,0.04856,6.21958,1.81269,0.21627,0.40934,0.85723,0.80423,0.55166,0.85723
-19.69941,43.13156,3.5774,-0.67988,0.09966,0.72652,0.98713,0.0,0.0,nan,0.0,0.00235,0.04343,41.37669,3.54206,0.22828,0.80899,0.95568,0.20501,0.28232,0.95568
-18.9726,42.9363,4.86577,-0.55811,0.17537,0.81103,0.98447,0.0,0.0,nan,0.0,0.00435,0.02159,29.83215,2.0195,0.2314,0.73415,0.86323,0.45953,0.49517,0.86323
-18.63393,45.00928,-6.71002,-0.70386,-0.05376,-0.7083,0.99671,0.0,0.0,nan,0.0,0.01008,0.05677,6.21499,2.07459,0.21091,0.33277,0.81634,0.895,0.48202,0.81634
-19.60766,44.9406,-5.53374,-0.80539,-0.06256,-0.58943,0.99641,0.0,0.0,nan,0.0,0.01847,0.06439,6.57957,1.81269,0.21113,0.3864,0.63318,0.96817,0.55166,0.63318
-19.68246,44.55117,3.39556,-0.66641,-0.00935,0.74552,0.98774,0.0,0.0,nan,0.0,0.00153,0.03546,39.2117,1.92485,0.22689,0.82832,0.97932,0.20599,0.51952,0.97932
-19.09466,44.97343,4.88487,-0.51021,-0.04411,0.85892,0.95867,0.0,0.0,nan,0.0,0.00435,0.01265,25.06678,1.96478,0.23492,0.56028,0.51807,0.66357,0.50896,0.51807
-18.76798,47.01382,-6.77538,-0.70275,-0.08192,-0.7067,0.9962,0.01311,0.06557,0.7,1.0,0.00759,0.04844,5.54055,1.70017,0.20966,0.33587,0.84935,0.93026,0.58818,0.84935
-19.67896,46.94561,-5.58294,-0.79316,-0.08889,-0.60249,0.99631,0.00344,0.01722,0.7,1.0,0.01412,0.05782,5.96471,2.09582,0.21096,0.36339,0.77259,0.967,0.47714,0.77259
-19.90466,47.28524,3.92937,-0.67316,0.10587,0.73188,0.95959,0.0,0.0,nan,0.0,0.01366,0.04549,22.46392,1.87928,0.23128,0.61853,0.65911,0.52885,0.53212,0.65911
-19.05701,46.95716,4.79915,-0.52007,0.08458,0.84993,0.93603,0.0,0.0,nan,0.0,0.00966,0.02467,20.84533,2.78383,0.23924,0.62933,0.33556,0.6819,0.35922,0.33556
-18.83434,49.0135,-6.87993,-0.70302,-0.105,-0.70337,0.99641,0.0,0.0,nan,0.0,0.0079,0.04653,5.85794,1.68701,0.21449,0.39193,0.82363,0.76056,0.59276,0.82363
-19.82379,48.81319,-5.80541,-0.79007,-0.0946,-0.60567,0.99631,0.0,0.0,nan,0.0,0.00665,0.03458,6.65541,1.6792,0.2168,0.34105,0.80689,0.89632,0.59552,0.80689
-19.2853,49.02664,3.49385,-0.57379,0.12609,0.80924,0.98539,0.0,0.0,nan,0.0,0.00893,0.0276,25.71628,1.81269,0.23609,0.50842,0.3498,0.68607,0.55166,0.3498
-18.45659,48.79604,4.42369,-0.48692,0.19507,0.85139,0.99365,0.0,0.0,nan,0.0,0.01599,0.03546,31.05836,1.88928,0.23476,0.65495,0.74164,0.73295,0.5293,0.74164
-18.12514,51.55952,-8.09867,-0.57052,-0.10707,-0.81427,0.98468,0.0,0.0,nan,0.0,0.00687,0.03843,3.87911,1.84445,0.2386,0.48016,0.57424,0.56412,0.54217,0.57424
-19.06864,50.98525,-6.95933,-0.71426,-0.13051,-0.6876,0.98937,0.0,0.0,nan,0.0,0.01311,0.05687,5.86484,1.71533,0.2329,0.53398,0.56008,0.57903,0.58298,0.56008
-19.91943,50.332,-5.85496,-0.80209,-0.10847,-0.58728,0.99049,0.0,0.0,nan,0.0,0.00687,0.03692,6.88866,1.6738,0.2156,0.37742,0.81757,0.81195,0.59744,0.81757
-19.1352,50.95489,3.45576,-0.55647,-0.11252,0.82322,0.98509,0.0,0.0,nan,0.0,0.00647,0.02512,28.68229,1.81269,0.23242,0.54171,0.50863,0.50854,0.55166,0.50863
-18.52441,51.23848,4.37159,-0.49686,-0.19456,0.84574,0.9962,0.0,0.0,nan,0.0,0.00796,0.02714,29.74546,1.73037,0.22986,0.58765,0.64069,0.53254,0.57791,0.64069
-18.29192,53.0247,-8.16537,-0.53336,-0.07459,-0.84259,0.97866,0.0,0.0,nan,0.0,0.0132,0.06941,3.51085,1.82228,0.24385,0.51399,0.41858,0.58097,0.54876,0.41858
-19.32199,53.01,-7.26662,-0.69509,-0.11596,-0.70951,0.98386,0.0,0.0,nan,0.0,0.00678,0.03441,3.44447,3.62539,0.23537,0.46431,0.52655,0.67064,0.27583,0.52655
-19.7892,53.00556,3.74292,-0.71063,-0.09414,0.69724,0.99182,0.0,0.0,nan,0.0,0.00687,0.03296,17.70443,1.99476,0.22939,0.43976,0.56682,0.52741,0.50131,0.56682
-18.73782,53.01553,4.70996,-0.6168,-0.16487,0.76966,0.9859,0.0,0.0,nan,0.0,0.0105,0.05498,17.24669,2.78754,0.23706,0.57612,0.71749,0.37005,0.35874,0.71749
-18.34899,55.07298,-8.16675,-0.45475,-0.00273,-0.89061,0.98213,0.0,0.0,nan,0.0,0.00576,0.09672,7.86022,1.84405,0.22201,0.73324,0.93055,0.24109,0.54228,0.93055
-19.40552,54.9655,-7.49051,-0.64985,-0.04777,-0.75856,0.97305,0.0,0.0,nan,0.0,0.00443,0.03371,9.27422,3.04463,0.23047,0.6057,0.72833,0.26366,0.32845,0.72833
-19.65465,55.14788,3.85277,-0.70535,-0.07317,0.70507,0.99437,0.0,0.0,nan,0.0,0.01105,0.02553,23.20388,1.85274,0.23213,0.62718,0.67663,0.74967,0.53974,0.67663
-18.68658,54.91002,4.84945,-0.63614,-0.03349,0.77085,0.99518,0.0,0.0,nan,0.0,0.00667,0.0251,24.08534,1.77127,0.22507,0.55125,0.50975,0.52175,0.56457,0.50975
-18.4426,56.93198,-8.19189,-0.45583,0.16205,-0.87519,0.96061,0.0,0.0,nan,0.0,0.00539,0.03176,11.01101,1.9619,0.23891,0.38278,0.54201,0.52358,0.50971,0.54201
-19.47802,57.25907,-7.46563,-0.6523,0.24734,-0.71647,0.93042,0.0,0.0,nan,0.0,0.00825,0.03284,13.22634,1.85614,0.23207,0.41497,0.72101,0.69643,0.53875,0.72101
-19.99721,57.97675,-5.96732,-0.79132,0.42685,-0.43774,0.97744,0.0,0.0,nan,0.0,0.0139,0.03733,14.35678,1.67104,0.22979,0.44013,0.58007,0.9636,0.59843,0.58007
-19.4698,56.51685,3.74263,-0.71876,-0.07971,0.69067,0.9958,0.0,0.0,nan,0.0,0.01307,0.02824,26.12105,2.0697,0.22178,0.70267,0.5075,0.70912,0.48316,0.5075
-18.97724,56.98658,5.13216,-0.63292,-0.12823,0.76353,0.96632,0.0,0.0,nan,0.0,0.01282,0.03035,25.26137,1.6479,0.24329,0.63325,0.49902,0.71973,0.60683,0.49902
-18.12902,57.79695,6.06439,-0.51206,-0.1046,0.85256,0.9244,0.0,0.0,nan,0.0,0.01543,0.03815,23.60413,1.9423,0.24932,0.62756,0.72317,0.69918,0.51485,0.72317
-18.09453,58.08349,-8.03024,-0.43867,0.33124,-0.83538,0.95194,0.0,0.0,nan,0.0,0.00633,0.03288,11.32483,1.94422,0.22813,0.32564,0.39325,0.69543,0.51435,0.39325
-18.98659,58.97466,-6.99368,-0.61491,0.54102,-0.57374,0.92297,0.0,0.0,nan,0.0,0.01276,0.03826,14.36315,2.17133,0.22985,0.39611,0.51608,0.95918,0.46055,0.51608
-19.41968,59.38935,-5.07888,-0.6718,0.68966,-0.27028,0.97835,0.0,0.0,nan,0.0,0.01086,0.02763,14.03286,1.95101,0.22221,0.44887,0.53191,1.0,0.51255,0.53191
-19.37385,59.89477,-3.07268,-0.56662,0.81787,-0.10017,0.98009,0.0,0.0,nan,0.0,0.00897,0.02405,13.16908,1.65839,0.23564,0.43229,0.73816,0.99347,0.603,0.73816
-19.50985,59.67849,-1.18209,-0.5442,0.83763,-0.04709,0.98815,0.0,0.0,nan,0.0,0.01029,0.03985,13.90381,2.59698,0.24495,0.5379,0.86024,0.84842,0.38506,0.86024
-19.70442,59.84672,1.11658,-0.56188,0.82402,0.07267,0.97774,0.0,0.0,nan,0.0,0.02292,0.06562,12.18332,2.20037,0.22714,0.48937,0.80014,0.98959,0.45447,0.80014
-19.51485,59.58856,3.16728,-0.68756,0.67281,0.2731,0.94357,0.0,0.0,nan,0.0,0.02758,0.07842,15.24822,1.87595,0.23726,0.54222,0.65449,0.73372,0.53306,0.65449
-19.12008,59.08591,5.0918,-0.74318,0.32563,0.58451,0.84943,0.0,0.0,nan,0.0,0.00894,0.0904,39.11311,1.81269,0.24425,0.75478,0.90672,0.27615,0.55166,0.90672
-18.20995,58.9478,6.14339,-0.56921,0.14864,0.80865,0.80914,0.0,0.0,nan,0.0,0.02144,0.0673,27.59857,3.22439,0.24147,0.62129,0.64134,0.54985,0.31014,0.64134
-18.21883,60.1424,-6.18093,-0.5025,0.77922,-0.37458,0.93184,0.0,0.0,nan,0.0,0.01006,0.02959,12.84488,2.16103,0.22677,0.41489,0.31059,0.9469,0.46274,0.31059
-18.5175,60.46637,-4.98307,-0.48442,0.85528,-0.18396,0.94704,0.0,0.0,nan,0.0,0.00877,0.02462,12.17826,2.10399,0.22785,0.42756,0.45532,0.96952,0.47529,0.45532
-18.31112,60.14833,-2.88776,-0.428,0.90291,-0.03968,0.99682,0.0,0.0,nan,0.0,0.01195,0.02981,12.45959,1.71292,0.22898,0.52031,0.62562,0.8943,0.5838,0.62562
-18.71685,60.33284,-0.95529,-0.40448,0.91397,-0.03243,0.99671,0.0,0.0,nan,0.0,0.01378,0.04048,11.79311,1.83425,0.24039,0.39811,0.52965,1.0,0.54518,0.52965
-18.75268,60.30759,0.97114,-0.44871,0.89324,0.02806,0.9962,0.0,0.0,nan,0.0,0.02049,0.05255,14.0478,2.01845,0.22801,0.48092,0.65037,0.92634,0.49543,0.65037
-18.48112,60.12241,2.89099,-0.54533,0.83004,0.11683,0.99274,0.0,0.0,nan,0.0,0.01416,0.04131,15.822,2.38429,0.23085,0.49667,0.65466,0.77715,0.41941,0.65466
-18.31156,60.2631,4.84934,-0.6247,0.69372,0.35848,0.90451,0.0,0.0,nan,0.0,0.01521,0.03697,15.56947,1.81269,0.22948,0.47174,0.34698,0.98391,0.55166,0.34698
-16.80705,1.35057,-2.6139,-0.48349,-0.68838,-0.54072,0.92919,0.0,0.0,nan,0.0,0.01506,0.08636,28.50336,1.81269,0.23897,0.32369,0.38772,0.57661,0.55166,0.38772
-17.1363,0.70501,-1.08996,-0.49243,-0.83369,-0.24993,0.91991,0.0,0.0,nan,0.0,0.00749,0.05452,24.55091,1.6479,0.22784,0.24975,0.42393,0.59456,0.60683,0.42393
-17.24341,0.48969,0.96102,-0.41437,-0.90946,0.03438,0.91807,0.00024,0.00122,0.7,1.0,0.01192,0.05685,21.64135,2.04891,0.22065,0.30338,0.56389,0.75525,0.48807,0.56389
-17.15652,0.95108,3.0575,-0.40949,-0.82318,0.39331,0.90451,0.0,0.0,nan,0.0,0.00976,0.04893,24.06693,1.85392,0.23328,0.25073,0.45497,0.86169,0.5394,0.45497
-16.50208,1.5381,4.25703,-0.37758,-0.69628,0.61044,0.91889,0.00269,0.01346,0.7,1.0,0.01298,0.06497,32.01417,1.91433,0.23058,0.29255,0.27392,0.72572,0.52238,0.27392
-16.58309,3.69758,-4.23472,-0.39058,-0.39959,-0.82932,0.98937,0.0,0.0,nan,0.0,0.01252,0.07035,36.62133,1.81269,0.23446,0.29214,0.66683,0.6423,0.55166,0.66683
-17.19998,2.79642,-3.42398,-0.51968,-0.50262,-0.69087,0.97754,0.0,0.0,nan,0.0,0.01673,0.07929,35.25375,1.6479,0.24452,0.32179,0.76416,0.72597,0.60683,0.76416
-17.74599,2.23215,3.8261,-0.56998,-0.54183,0.61769,0.95591,0.01291,0.06455,0.7,1.0,0.02089,0.07377,23.16078,1.73857,0.22969,0.37939,0.29327,0.81094,0.57518,0.29327
-16.97194,3.0092,4.87237,-0.50729,-0.36118,0.78243,0.97795,0.0,0.0,nan,0.0,0.01918,0.08128,25.87272,2.08625,0.23304,0.32954,0.52673,0.77165,0.47933,0.52673
-16.97175,4.96379,-4.7376,-0.38826,-0.28193,-0.87737,0.98162,0.0,0.0,nan,0.0,0.02289,0.07291,39.52665,1.6479,0.24063,0.33805,0.70843,0.97557,0.60683,0.70843
-17.85346,4.24328,-3.85861,-0.56106,-0.39417,-0.72791,0.96744,0.0,0.0,nan,0.0,0.01534,0.0614,36.07166,1.81269,0.24195,0.29261,0.75734,0.92265,0.55166,0.75734
-16.98761,5.04185,5.0887,-0.47705,-0.33568,0.81225,0.99549,0.0,0.0,nan,0.0,0.0117,0.04566,28.78542,2.06784,0.22102,0.3277,0.48075,0.83603,0.4836,0.48075
-16.07711,5.93662,6.33811,-0.4652,-0.3477,0.81406,0.99722,0.0,0.0,nan,0.0,0.01377,0.04816,31.31996,2.03928,0.22433,0.31688,0.70984,0.95962,0.49037,0.70984
-17.07643,7.09728,-4.96155,-0.46115,-0.0268,-0.88692,0.98927,0.00378,0.01891,0.7,1.0,0.01495,0.06489,29.24156,1.6479,0.23526,0.27483,0.35985,0.89564,0.60683,0.35985
-17.03255,6.32603,5.64382,-0.46657,-0.35909,0.80831,0.99682,0.0,0.0,nan,0.0,0.00997,0.04279,30.28572,1.98273,0.22674,0.30833,0.39386,0.80581,0.50436,0.39386
-16.87762,7.01752,6.65803,-0.4446,-0.29663,0.84519,0.98233,0.0,0.0,nan,0.0,0.0127,0.05155,33.0934,1.91927,0.22404,0.33411,0.60861,0.78207,0.52103,0.60861
-16.95022,8.9959,-4.83196,-0.5295,0.06421,-0.84588,0.99692,0.00576,0.02879,0.7,1.0,0.00984,0.07326,26.10599,1.6479,0.23821,0.22432,0.62581,0.64464,0.60683,0.62581
-16.97891,9.00265,6.81676,-0.39958,-0.07102,0.91394,0.9908,0.0,0.0,nan,0.0,0.01862,0.0755,31.44192,2.25161,0.22175,0.31424,0.75808,0.85679,0.44413,0.75808
-16.9823,10.97907,-4.6987,-0.54111,-0.0675,-0.83824,0.99712,0.0,0.0,nan,0.0,0.00955,0.09427,25.73331,2.05926,0.21302,0.29684,0.70372,0.36777,0.48561,0.70372
-17.91529,10.82094,-3.93376,-0.55686,-0.05648,-0.82868,0.9961,0.0,0.0,nan,0.0,0.00773,0.05969,15.42993,2.0353,0.22199,0.20469,0.51438,0.71511,0.49133,0.51438
-17.01653,10.98883,6.83569,-0.37301,-0.05063,0.92644,0.99722,0.0,0.0,nan,0.0,0.01805,0.09492,25.41284,1.94868,0.22061,0.30433,0.46801,0.67383,0.51317,0.46801
-16.99365,13.00208,-4.98339,-0.49926,-0.19658,-0.84386,0.9961,0.0,0.0,nan,0.0,0.00355,0.07498,32.47361,1.91994,0.22725,0.16348,0.24409,0.30758,0.52085,0.24409
-16.87179,13.02649,6.87288,-0.4032,0.08919,0.91075,0.99651,0.0,0.0,nan,0.0,0.01508,0.06825,21.83742,1.89875,0.22237,0.2808,0.48416,0.85867,0.52666,0.48416
-16.56613,15.48259,-6.15606,-0.24285,-0.23392,-0.94144,0.98254,0.0,0.0,nan,0.0,0.00929,0.0922,27.80697,1.73627,0.22723,0.28331,0.705,0.38126,0.57595,0.705
-17.25772,14.84088,-5.61024,-0.36936,-0.28414,-0.88478,0.98855,0.0,0.0,nan,0.0,0.00742,0.1036,25.05114,2.03188,0.21698,0.42841,0.92584,0.4126,0.49216,0.92584
-17.83568,15.61403,5.9066,-0.54632,0.10205,0.83134,0.99131,0.0,0.0,nan,0.0,0.01184,0.05946,27.5524,2.51437,0.22741,0.33639,0.45295,0.63516,0.39771,0.45295
-16.84699,14.94804,6.29305,-0.46373,0.12112,0.87766,0.99559,0.0,0.0,nan,0.0,0.01505,0.05339,23.33327,2.39638,0.22551,0.37386,0.55719,0.81869,0.4173,0.55719
-17.00242,17.02653,-6.43621,-0.18259,-0.3166,-0.93082,0.98784,0.0,0.0,nan,0.0,0.00968,0.07688,30.38141,1.6479,0.24266,0.52725,0.87131,0.41618,0.60683,0.87131
-17.51633,16.11927,-5.99561,-0.2981,-0.33342,-0.89441,0.98447,0.0,0.0,nan,0.0,0.01064,0.04098,19.72092,1.89426,0.22481,0.40008,0.47108,0.71476,0.52791,0.47108
-17.9462,16.89125,5.98752,-0.56059,0.0218,0.8278,0.97652,0.0,0.0,nan,0.0,0.01166,0.05396,27.90165,2.38988,0.23547,0.34908,0.70357,0.66314,0.41843,0.70357
-16.95739,16.87678,6.47815,-0.46809,0.01872,0.88348,0.99702,0.0,0.0,nan,0.0,0.0103,0.04719,24.92732,1.87553,0.22303,0.27395,0.38117,0.86111,0.53318,0.38117
-16.88293,19.05604,-6.95241,-0.20779,0.07745,-0.9751,0.89716,0.0,0.0,nan,0.0,0.00773,0.07691,53.5641,3.41319,0.24228,0.31303,0.38847,0.33287,0.29298,0.38847
-17.5854,19.18218,5.614,-0.54244,-0.03716,0.83927,0.99386,0.0,0.0,nan,0.0,0.01902,0.06609,29.44564,1.67706,0.23881,0.4887,0.4919,0.62899,0.59628,0.4919
-16.81113,19.01043,6.6157,-0.4353,0.0002,0.90028,0.98978,0.0,0.0,nan,0.0,0.01611,0.05795,34.25327,2.03885,0.23082,0.45265,0.52341,0.65012,0.49047,0.52341
-17.15513,20.92457,-6.77026,-0.02507,0.52176,-0.85272,0.88594,0.0,0.0,nan,0.0,0.0098,0.04518,54.07417,1.68454,0.24792,0.38273,0.37087,0.58752,0.59364,0.37087
-16.85347,21.3619,-5.38932,0.15916,0.4768,-0.86448,0.94765,0.0,0.0,nan,0.0,0.02172,0.05791,43.30058,1.6479,0.24033,0.48823,0.42491,0.80352,0.60683,0.42491
-17.64715,20.59951,5.69971,-0.50543,-0.09073,0.85809,0.99498,0.0,0.0,nan,0.0,0.01661,0.05302,27.81267,2.06445,0.22685,0.40203,0.67009,0.8354,0.48439,0.67009
-16.96045,21.01427,6.52892,-0.37912,-0.08728,0.92122,0.98029,0.0,0.0,nan,0.0,0.02269,0.06113,30.38202,1.88218,0.23465,0.48045,0.57623,0.82347,0.5313,0.57623
-17.16695,22.83968,-4.69423,0.07939,0.18076,-0.98032,0.83678,0.0,0.0,nan,0.0,0.01572,0.07737,80.05483,1.7532,0.23604,0.57544,0.88721,0.64497,0.57038,0.88721
-17.07829,22.98952,6.78272,-0.39146,-0.0776,0.91692,0.96458,0.0,0.0,nan,0.0,0.01642,0.05452,26.65415,2.03994,0.23424,0.45952,0.44054,0.70437,0.49021,0.44054
-16.63998,25.48282,-6.20549,-0.25444,-0.53616,-0.80485,0.99223,0.0,0.0,nan,0.0,0.01749,0.07874,23.31956,2.07329,0.22946,0.57558,0.58788,0.41895,0.48232,0.58788
-17.15613,24.35154,-5.39878,-0.19864,-0.34367,-0.91784,0.95234,0.0,0.0,nan,0.0,0.01117,0.0619,64.13862,1.6885,0.23594,0.49242,0.57267,0.37803,0.59224,0.57267
-17.98885,24.91681,-0.26408,-0.82742,0.56148,-0.01073,0.33373,0.0,0.0,nan,0.0,0.0,,,,,,,,,
-17.64094,25.57313,5.63242,-0.59548,0.2538,0.76223,0.99304,0.0,0.0,nan,0.0,0.00929,0.02654,21.41325,1.93932,0.22951,0.42929,0.35067,0.8917,0.51564,0.35067
-17.12648,25.09272,7.04718,-0.49704,0.19694,0.84508,0.94612,0.0,0.0,nan,0.0,0.00642,0.02172,17.75465,3.16276,0.23554,0.36043,0.42812,0.91194,0.31618,0.42812
-16.97861,27.06188,-6.91152,-0.18143,-0.5374,-0.82358,0.98672,0.02018,0.1009,0.43,1.0,0.01344,0.08728,12.33127,2.03286,0.20854,0.3526,0.8405,0.71434,0.49192,0.8405
-17.37396,27.07038,5.31631,-0.56289,0.06627,0.82387,0.94745,0.0,0.0,nan,0.0,0.00439,0.01744,22.27999,2.01295,0.2297,0.29297,0.26035,0.93672,0.49678,0.26035
-16.65125,27.04891,6.45459,-0.4865,0.1087,0.86689,0.98549,0.0,0.0,nan,0.0,0.00462,0.02429,26.11283,1.98768,0.2292,0.48871,0.57,0.41922,0.5031,0.57
-16.92547,29.21464,-8.63835,-0.20627,-0.58543,-0.78405,0.97988,0.0,0.0,nan,0.0,0.01766,0.11511,12.56177,2.56916,0.22854,0.57973,0.81056,0.38058,0.38923,0.81056
-17.22132,28.24914,-7.79695,-0.17088,-0.5789,-0.79729,0.98845,0.0,0.0,nan,0.0,0.00884,0.17827,19.77782,1.88361,0.22511,0.70983,0.96162,0.2384,0.53089,0.96162
-17.56761,28.48625,5.59488,-0.54623,-0.18169,0.81769,0.99029,0.0,0.0,nan,0.0,0.00611,0.02207,22.37107,2.53709,0.22949,0.41735,0.49893,0.72318,0.39415,0.49893
-16.91883,29.14947,6.59335,-0.45578,-0.20462,0.86625,0.98427,0.0,0.0,nan,0.0,0.00441,0.02742,24.91106,1.66449,0.23706,0.49969,0.64049,0.34776,0.60078,0.64049
-17.06544,31.26922,-10.45028,-0.18655,-0.18584,-0.96471,0.78884,0.0,0.0,nan,0.0,0.01321,0.08942,44.19574,3.38408,0.23583,0.61917,0.70511,0.24936,0.2955,0.70511
-16.99548,30.32931,-9.66395,-0.21401,-0.44196,-0.87113,0.92552,0.0,0.0,nan,0.0,0.01079,0.18929,32.75397,2.06081,0.23369,0.80421,0.94415,0.1985,0.48525,0.94415
-17.09375,31.01011,6.89977,-0.46369,-0.00344,0.88599,0.94408,0.0,0.0,nan,0.0,0.00574,0.03961,32.03952,1.76661,0.24182,0.58206,0.78601,0.29892,0.56606,0.78601
-16.89248,32.75895,-10.60442,-0.17566,0.37522,-0.91014,0.70123,0.0,0.0,nan,0.0,0.01157,0.04425,24.25059,3.06347,0.23339,0.56667,0.68551,0.4996,0.32643,0.68551
-17.35305,33.67513,-9.44973,-0.3877,0.68064,-0.62163,0.80108,0.0,0.0,nan,0.0,0.02209,0.0734,35.05808,1.81269,0.2323,0.71972,0.75176,0.44458,0.55166,0.75176
-17.98061,33.596,5.98953,-0.59649,0.00197,0.80262,0.9707,0.0,0.0,nan,0.0,0.00532,0.0354,27.12974,3.35141,0.24366,0.67481,0.80202,0.28689,0.29838,0.80202
-17.08965,33.00567,6.78576,-0.41983,0.11097,0.90079,0.94765,0.0,0.0,nan,0.0,0.00459,0.03828,38.92171,3.06779,0.23954,0.76729,0.9412,0.42331,0.32597,0.9412
-16.94603,34.28917,-8.42699,-0.39193,0.64818,-0.65288,0.87197,0.0,0.0,nan,0.0,0.00446,0.04572,78.42054,3.02403,0.21902,0.66298,0.90449,0.29827,0.33068,0.90449
-17.07595,34.75449,-6.99997,-0.62536,0.25511,-0.73746,0.86514,0.0,0.0,nan,0.0,0.00417,0.02553,44.95798,2.86527,0.2425,0.41972,0.87267,0.66989,0.34901,0.87267
-17.94802,34.76168,-5.71877,-0.79358,0.03517,-0.60745,0.89186,0.0,0.0,nan,0.0,0.00447,0.04049,49.18675,2.10347,0.23083,0.52927,0.95679,0.64136,0.4754,0.95679
-17.66225,34.97078,5.78881,-0.51851,0.02278,0.85477,0.98917,0.0,0.0,nan,0.0,0.00805,0.03586,31.5416,2.67229,0.22823,0.6834,0.77313,0.37717,0.37421,0.77313
-16.77016,35.09597,6.29329,-0.35466,0.06497,0.93273,0.98968,0.0,0.0,nan,0.0,0.00685,0.02509,29.19342,2.90934,0.23651,0.625,0.78698,0.52966,0.34372,0.78698
-16.54687,37.13257,-8.39267,-0.5342,-0.18281,-0.82535,0.96744,0.0,0.0,nan,0.0,0.007,0.15804,14.08036,1.93352,0.23503,0.67762,0.96502,0.23941,0.51719,0.96502
-17.53495,36.87868,-7.71767,-0.62187,-0.14026,-0.77046,0.95948,0.0,0.0,nan,0.0,0.00533,0.07035,39.34282,1.81269,0.25057,0.68463,0.92467,0.2635,0.55166,0.92467
-17.76192,37.54101,5.69588,-0.49783,0.13968,0.85595,0.98019,0.0,0.0,nan,0.0,0.00804,0.03276,41.47619,1.70043,0.23193,0.76638,0.85341,0.50186,0.58809,0.85341
-16.87658,36.94368,6.48014,-0.35389,0.16025,0.92146,0.96611,0.0,0.0,nan,0.0,0.00773,0.02335,30.91008,2.19503,0.23409,0.56603,0.73824,0.62253,0.45558,0.73824
-16.55564,39.03747,-8.35069,-0.53491,0.03104,-0.84434,0.99447,0.0,0.0,nan,0.0,0.00463,0.05434,4.93969,1.81269,0.23525,0.57769,0.8783,0.35137,0.55166,0.8783
-17.53343,39.03968,-7.63522,-0.63968,0.02621,-0.76819,0.99396,0.0,0.0,nan,0.0,0.01306,0.06855,4.79821,1.87496,0.22581,0.53824,0.76184,0.52121,0.53334,0.76184
-17.561,39.03438,5.85255,-0.42733,-0.04389,0.90303,0.97876,0.0,0.0,nan,0.0,0.00839,0.02214,33.41415,3.3565,0.23269,0.64634,0.79141,0.71672,0.29793,0.79141
-16.8269,39.03208,6.14856,-0.35985,-0.02775,0.9326,0.97886,0.0,0.0,nan,0.0,0.00901,0.02026,29.47491,2.04865,0.23316,0.52453,0.627,0.90503,0.48813,0.627
-16.43581,40.99189,-8.25143,-0.51238,0.0333,-0.85811,0.99406,0.0,0.0,nan,0.0,0.01162,0.08409,3.93228,1.91314,0.22424,0.21784,0.47719,0.9567,0.5227,0.47719
-17.41906,40.99362,-7.60764,-0.6062,0.0178,-0.79511,0.99671,0.0,0.0,nan,0.0,0.01254,0.06239,4.37158,1.91253,0.22014,0.29564,0.43194,0.99088,0.52287,0.43194
-17.67271,40.75462,5.78292,-0.44607,-0.01627,0.89485,0.97693,0.0,0.0,nan,0.0,0.00637,0.02474,25.89463,3.41633,0.23335,0.62382,0.40539,0.44495,0.29271,0.40539
-16.66318,41.03042,6.35099,-0.41582,-0.04759,0.9082,0.97183,0.0,0.0,nan,0.0,0.00709,0.02608,25.5813,1.6479,0.2379,0.54145,0.40828,0.54112,0.60683,0.40828
-16.44449,42.97787,-8.25424,-0.50188,-0.01142,-0.86486,0.99712,0.0,0.0,nan,0.0,0.01089,0.05774,4.58405,1.6479,0.22306,0.27234,0.68916,0.99466,0.60683,0.68916
-17.41597,42.94492,-7.59658,-0.59516,-0.01568,-0.80346,0.9962,0.0,0.0,nan,0.0,0.01263,0.05772,5.29693,1.66174,0.22591,0.3636,0.76977,0.88517,0.60178,0.76977
-17.09066,42.95364,5.20569,-0.42854,0.258,0.8659,0.97693,0.0,0.0,nan,0.0,0.0102,0.02296,26.7623,2.44216,0.23204,0.61938,0.64223,0.7712,0.40947,0.64223
-16.36037,42.49852,6.29063,-0.45808,0.21673,0.86208,0.96968,0.0,0.0,nan,0.0,0.02152,0.05619,25.57895,2.88382,0.22957,0.65928,0.66552,0.62652,0.34676,0.66552
-16.46085,44.93049,-8.30756,-0.49739,-0.05153,-0.866,0.99651,0.0,0.0,nan,0.0,0.01384,0.10142,5.15403,1.81269,0.21969,0.4359,0.86822,0.6991,0.55166,0.86822
-17.44518,45.04633,-7.67803,-0.58934,-0.05472,-0.80603,0.9962,0.0,0.0,nan,0.0,0.0175,0.06555,5.43511,1.81269,0.22323,0.38133,0.65618,0.95764,0.55166,0.65618
-16.87453,45.0075,4.71848,-0.3375,-0.01571,0.94119,0.92164,0.0,0.0,nan,0.0,0.01091,0.02444,27.14462,3.41274,0.24017,0.6251,0.34383,0.7667,0.29302,0.34383
-16.64008,47.0589,-8.37859,-0.52056,-0.08578,-0.8495,0.9959,0.0,0.0,nan,0.0,0.01247,0.07338,3.78645,2.17898,0.22432,0.31968,0.51991,0.81223,0.45893,0.51991
-17.56237,46.95661,-7.75525,-0.60423,-0.08038,-0.79275,0.99631,0.0,0.0,nan,0.0,0.01523,0.07571,4.65511,2.00343,0.20964,0.37861,0.56535,0.7596,0.49914,0.56535
-17.11437,46.90807,5.44686,-0.42193,-0.04537,0.90549,0.99039,0.0,0.0,nan,0.0,0.00876,0.01969,20.17932,3.62539,0.23895,0.60275,0.50063,0.81099,0.27583,0.50063
-16.27229,47.42355,6.19024,-0.49412,-0.06458,0.86699,0.9703,0.0,0.0,nan,0.0,0.00851,0.02427,17.49178,2.64309,0.23748,0.53973,0.52196,0.72407,0.37834,0.52196
-16.8056,48.95792,-8.46399,-0.50783,-0.08058,-0.85768,0.99518,0.0,0.0,nan,0.0,0.01111,0.04865,3.51627,1.8753,0.22981,0.45604,0.34359,0.7852,0.53325,0.34359
-17.7825,48.79949,-7.82672,-0.60468,-0.09734,-0.7905,0.9962,0.0,0.0,nan,0.0,0.00979,0.05293,4.89288,1.66851,0.23586,0.50743,0.53961,0.51375,0.59934,0.53961
-16.84592,49.04412,4.89471,-0.56577,0.14579,0.81157,0.97489,0.0,0.0,nan,0.0,0.00751,0.0448,41.94759,1.81269,0.23967,0.76066,0.86328,0.36227,0.55166,0.86328
-16.15286,48.48741,6.14093,-0.55477,0.06853,0.82918,0.97774,0.0,0.0,nan,0.0,0.01031,0.03981,21.03044,1.82224,0.23963,0.6544,0.77908,0.47787,0.54878,0.77908
-16.98769,50.99672,-8.6199,-0.45062,-0.07271,-0.88975,0.99447,0.0,0.0,nan,0.0,0.01129,0.0413,3.36726,1.71258,0.24134,0.55787,0.32575,0.78099,0.58391,0.32575
-17.95525,50.31686,-7.94197,-0.59067,-0.11397,-0.79882,0.99161,0.00259,0.01293,0.6,1.0,0.00851,0.04164,4.65475,1.86114,0.2285,0.4714,0.60161,0.61961,0.53731,0.60161
-16.79284,50.755,3.96479,-0.52576,-0.16168,0.83513,0.80282,0.0,0.0,nan,0.0,0.00772,0.02264,32.23876,1.6479,0.23353,0.53967,0.53356,0.67145,0.60683,0.53356
-16.89266,51.01979,4.80239,-0.53877,-0.19136,0.82043,0.96601,0.0,0.0,nan,0.0,0.00688,0.02316,28.71308,1.6479,0.23785,0.53212,0.46848,0.59743,0.60683,0.46848
-16.95853,53.05036,-8.79424,-0.35038,-0.00152,-0.93661,0.98886,0.0,0.0,nan,0.0,0.00869,0.04115,3.19594,1.85699,0.24014,0.54027,0.54054,0.63583,0.53851,0.54054
-17.45691,52.74979,5.79416,-0.48258,-0.24747,0.84016,0.96101,0.0,0.0,nan,0.0,0.01261,0.04106,17.00067,2.73308,0.23753,0.66415,0.49042,0.51671,0.36589,0.49042
-16.5733,53.17968,6.28226,-0.37516,-0.11819,0.91939,0.94867,0.0,0.0,nan,0.0,0.01158,0.03837,17.68168,3.43845,0.23858,0.61936,0.41614,0.54248,0.29083,0.41614
-17.00214,55.0054,-8.60166,-0.29127,0.04413,-0.95562,0.9959,0.0,0.0,nan,0.0,0.00922,0.04835,3.68573,2.05554,0.22934,0.55702,0.46152,0.52832,0.48649,0.46152
-17.44149,55.41741,5.6449,-0.44916,-0.02726,0.89304,0.97234,0.0,0.0,nan,0.0,0.0082,0.03131,26.40808,2.74273,0.24565,0.49007,0.55266,0.57455,0.3646,0.55266
-16.72962,54.88765,6.3881,-0.29596,0.02399,0.9549,0.95479,0.0,0.0,nan,0.0,0.00828,0.02675,21.1111,2.58126,0.23028,0.55264,0.48165,0.61305,0.38741,0.48165
-17.01853,57.04953,-8.50055,-0.26986,0.15889,-0.9497,0.99457,0.0,0.0,nan,0.0,0.00552,0.04239,7.58232,1.84354,0.23907,0.39941,0.45181,0.41229,0.54243,0.45181
-17.32761,56.52853,5.82252,-0.38764,-0.13863,0.91133,0.97713,0.0,0.0,nan,0.0,0.00704,0.02388,24.18771,1.6479,0.24564,0.49241,0.38046,0.64828,0.60683,0.38046
-16.96923,57.28596,6.25663,-0.30905,-0.18165,0.93354,0.97835,0.0,0.0,nan,0.0,0.00583,0.02017,23.07998,1.6479,0.23765,0.47127,0.32595,0.66684,0.60683,0.32595
-16.79113,58.71685,-8.26986,-0.27719,0.39113,-0.8776,0.96418,0.0,0.0,nan,0.0,0.00774,0.03354,9.91644,1.90616,0.23144,0.41656,0.66382,0.66549,0.52461,0.66382
-17.43473,59.47678,-7.61895,-0.38867,0.57943,-0.71638,0.93011,0.0,0.0,nan,0.0,0.01008,0.03818,12.26239,2.07933,0.23165,0.40326,0.3577,0.76169,0.48092,0.3577
-17.95134,59.91673,5.96545,-0.56787,0.45736,0.68436,0.81057,0.0,0.0,nan,0.0,0.0221,0.12557,21.87363,1.93,0.23718,0.67085,0.8943,0.53205,0.51813,0.8943
-17.0014,58.93415,6.66775,-0.38917,0.06785,0.91867,0.87442,0.0,0.0,nan,0.0,0.01056,0.04487,18.10759,2.12721,0.22939,0.52898,0.37958,0.49415,0.4701,0.37958
-16.83407,60.38234,-6.77942,-0.36247,0.7868,-0.49956,0.95408,0.0,0.0,nan,0.0,0.01127,0.03497,12.05765,1.92826,0.22665,0.52358,0.48334,0.71776,0.5186,0.48334
-16.99878,60.80888,-5.0045,-0.38629,0.90991,-0.15115,0.99569,0.0,0.0,nan,0.0,0.00802,0.02319,12.96257,1.81269,0.23575,0.45435,0.4223,0.87836,0.55166,0.4223
-16.92617,60.80911,-3.01767,-0.36695,0.93015,-0.013,0.99651,0.0,0.0,nan,0.0,0.00543,0.01771,11.57512,1.70491,0.23206,0.39257,0.67296,0.91692,0.58654,0.67296
-16.92595,60.76427,-1.0438,-0.35598,0.934,-0.03046,0.99682,0.0,0.0,nan,0.0,0.01157,0.03549,12.10252,1.95546,0.23057,0.40712,0.40112,0.9334,0.51139,0.40112
-17.05339,61.02711,0.99435,-0.3604,0.93222,-0.03283,0.99712,0.0,0.0,nan,0.0,0.02085,0.04848,15.97726,1.68952,0.23547,0.60815,0.61787,0.79586,0.59189,0.61787
-16.99562,60.98121,3.02872,-0.40021,0.91607,0.0256,0.99661,0.0,0.0,nan,0.0,0.0114,0.03918,14.93449,1.72753,0.2298,0.53336,0.83108,0.83496,0.57886,0.83108
-17.0915,61.0171,5.06481,-0.44803,0.83455,0.32061,0.90216,0.0,0.0,nan,0.0,0.01162,0.04073,15.16109,1.6479,0.24029,0.4842,0.51632,0.66681,0.60683,0.51632
-16.78368,60.49693,6.39504,-0.39608,0.56396,0.72462,0.81424,0.0,0.0,nan,0.0,0.0074,0.08006,17.3245,2.18178,0.23638,0.55039,0.91056,0.38538,0.45834,0.91056
-14.56694,1.66397,-4.32452,-0.33593,-0.57809,-0.74362,0.95,0.0,0.0,nan,0.0,0.00861,0.04508,33.37446,2.08717,0.23178,0.38772,0.44548,0.52182,0.47912,0.44548
-15.05838,0.89281,-3.08413,-0.27052,-0.78486,-0.55751,0.94204,0.0,0.0,nan,0.0,0.00857,0.05312,20.51353,1.84179,0.22807,0.3337,0.62224,0.53068,0.54295,0.62224
-15.01911,0.28769,-1.00498,-0.11281,-0.98523,-0.12886,0.97519,0.0,0.0,nan,0.0,0.01244,0.04793,15.95693,2.10756,0.22736,0.34637,0.46594,0.84312,0.47448,0.46594
-15.0224,0.42959,1.00443,-0.02174,-0.99099,0.13216,0.99212,0.0,0.0,nan,0.0,0.01744,0.08171,18.33732,2.08796,0.22431,0.32543,0.53122,0.72747,0.47894,0.53122
-14.92309,0.8038,3.13334,-0.00956,-0.94683,0.32158,0.98019,0.0,0.0,nan,0.0,0.00912,0.0491,26.5384,2.53538,0.2286,0.31457,0.76473,0.66596,0.39442,0.76473
-15.14881,1.28709,4.87745,-0.17832,-0.78946,0.58733,0.90063,0.0,0.0,nan,0.0,0.0159,0.06506,37.04885,1.89159,0.22258,0.28549,0.58959,0.90228,0.52866,0.58959
-14.91644,3.2095,-4.45935,-0.34745,-0.39848,-0.84882,0.9959,0.0,0.0,nan,0.0,0.01532,0.05148,37.15585,1.6479,0.23514,0.40738,0.36272,0.76996,0.60683,0.36272
-15.80517,2.27926,-3.85802,-0.3686,-0.52703,-0.76575,0.98692,0.0,0.0,nan,0.0,0.01038,0.05097,34.67886,3.05959,0.2378,0.34453,0.46064,0.62508,0.32684,0.46064
-15.46321,2.57729,5.83703,-0.39956,-0.48606,0.77724,0.91593,0.0,0.0,nan,0.0,0.01578,0.07202,37.22676,2.1884,0.22138,0.29867,0.47618,0.77323,0.45696,0.47618
-14.56751,3.27627,6.10758,-0.37581,-0.43634,0.81754,0.97499,0.0,0.0,nan,0.0,0.01538,0.06621,37.2136,1.96293,0.22774,0.29272,0.60836,0.83645,0.50944,0.60836
-14.02036,5.9798,-6.00396,-0.27931,-0.19541,-0.94011,0.99335,0.0,0.0,nan,0.0,0.02908,0.08654,30.86084,1.79593,0.23498,0.36478,0.60875,0.98089,0.55682,0.60875
-14.9502,5.03775,-5.20322,-0.31333,-0.27491,-0.90898,0.99722,0.0,0.0,nan,0.0,0.0177,0.06157,36.40416,1.88183,0.23554,0.39082,0.50392,0.77608,0.5314,0.50392
-15.8355,4.94902,5.77715,-0.49431,-0.30715,0.81321,0.99549,0.0,0.0,nan,0.0,0.01251,0.05039,33.39742,1.93078,0.21392,0.27198,0.47251,0.96723,0.51793,0.47251
-15.08954,5.102,6.76942,-0.46974,-0.30064,0.83004,0.99661,0.0,0.0,nan,0.0,0.01524,0.06078,32.44843,1.74589,0.22424,0.33714,0.35504,0.78936,0.57278,0.35504
-14.47596,7.28539,-6.05101,-0.29968,-0.12184,-0.94623,0.99539,0.0,0.0,nan,0.0,0.01768,0.07629,31.41294,1.6479,0.23428,0.25398,0.51709,0.97062,0.60683,0.51709
-15.34609,6.76336,-5.65187,-0.33522,-0.14105,-0.93152,0.99559,0.0,0.0,nan,0.0,0.01669,0.06674,30.99201,1.88647,0.23411,0.26631,0.3521,0.99974,0.53009,0.3521
-15.10613,6.93086,7.48918,-0.4044,-0.22147,0.88736,0.98305,0.0,0.0,nan,0.0,0.01198,0.05943,36.90557,1.66083,0.22643,0.31655,0.79758,0.79196,0.60211,0.79758
-14.17137,7.71973,8.10079,-0.32552,-0.09764,0.94048,0.98774,0.0,0.0,nan,0.0,0.01422,0.07703,32.70195,1.67569,0.22961,0.23198,0.40446,0.84417,0.59677,0.40446
-14.35144,8.91391,-6.20785,-0.38741,-0.14057,-0.91113,0.99294,0.0,0.0,nan,0.0,0.01511,0.08444,47.18282,1.70654,0.22797,0.23529,0.47939,0.79301,0.58598,0.47939
-15.23139,9.07577,-5.68836,-0.44559,-0.04624,-0.89404,0.99641,0.00138,0.00689,0.7,1.0,0.02462,0.09456,34.69894,2.20036,0.21291,0.33195,0.48554,0.8297,0.45447,0.48554
-15.00504,8.83435,7.37306,-0.35922,-0.02638,0.93288,0.99722,0.0,0.0,nan,0.0,0.01626,0.06658,33.67767,1.69726,0.22636,0.27376,0.3992,0.94477,0.58918,0.3992
-14.00466,8.48627,8.01767,-0.32468,-0.03841,0.94505,0.99722,0.0,0.0,nan,0.0,0.0153,0.0755,33.15794,2.1191,0.2269,0.24119,0.42657,0.89058,0.4719,0.42657
-14.61506,11.12944,-6.30895,-0.54217,-0.07122,-0.83724,0.99559,0.0,0.0,nan,0.0,0.01622,0.09805,55.2556,1.74374,0.23105,0.21093,0.69115,0.81256,0.57348,0.69115
-15.40813,10.87555,-5.58914,-0.53474,-0.06186,-0.84275,0.99671,0.0,0.0,nan,0.0,0.01497,0.10846,46.3641,2.07825,0.22511,0.20677,0.54777,0.69617,0.48118,0.54777
-14.87142,10.98409,7.44644,-0.35238,-0.07306,0.933,0.99702,0.0,0.0,nan,0.0,0.01301,0.0747,31.45789,2.08698,0.22037,0.24713,0.46845,0.74932,0.47916,0.46845
-14.19063,11.60849,8.06315,-0.33479,-0.08917,0.93807,0.99722,0.0,0.0,nan,0.0,0.0184,0.08137,27.99451,2.0704,0.22127,0.27125,0.52851,0.89332,0.483,0.52851
-14.71396,13.02657,-6.51446,-0.50768,-0.00062,-0.86155,0.98662,0.0,0.0,nan,0.0,0.01953,0.09819,57.85801,1.86778,0.23779,0.24372,0.56838,0.84442,0.5354,0.56838
-15.56893,12.93147,-5.70837,-0.4524,-0.0847,-0.88778,0.99396,0.0,0.0,nan,0.0,0.01138,0.09731,48.35183,1.90093,0.22949,0.2099,0.68238,0.57999,0.52606,0.68238
-15.24971,13.02812,7.75421,-0.39842,0.01711,0.91704,0.99386,0.0,0.0,nan,0.0,0.01509,0.05995,24.89232,2.73309,0.23205,0.30223,0.43153,0.89993,0.36589,0.43153
-14.22716,12.80003,8.0593,-0.3494,-0.02125,0.93673,0.99671,0.0,0.0,nan,0.0,0.01983,0.06937,26.73466,2.73527,0.23146,0.30728,0.46962,1.0,0.36559,0.46962
-14.88568,15.10023,-6.06573,-0.33457,-0.07888,-0.93906,0.93215,0.0,0.0,nan,0.0,0.01514,0.13125,56.1093,1.94233,0.23517,0.38832,0.85464,0.46259,0.51485,0.85464
-15.31647,14.71214,-5.99434,-0.29809,-0.06898,-0.95204,0.98386,0.0,0.0,nan,0.0,0.00844,0.09077,46.35319,2.02112,0.23313,0.21556,0.58688,0.45005,0.49477,0.58688
-15.13476,15.04596,7.40764,-0.42785,0.10816,0.89736,0.99712,0.0088,0.04398,0.7,1.0,0.01099,0.05448,27.16204,1.89398,0.21905,0.21659,0.61545,0.99961,0.52799,0.61545
-14.21424,14.35464,8.00322,-0.35168,0.11,0.92964,0.99212,0.03408,0.1704,0.7,1.0,0.01549,0.07378,27.89761,2.0244,0.22247,0.23215,0.57216,0.96933,0.49397,0.57216
-14.24052,17.60955,-8.65904,-0.74477,-0.26397,-0.61289,0.88492,0.0,0.0,nan,0.0,0.00554,0.02222,28.5294,3.39946,0.23752,0.52647,0.47724,0.5064,0.29416,0.47724
-15.00033,17.14455,-6.4793,-0.34913,-0.40169,-0.84661,0.89574,0.0,0.0,nan,0.0,0.01275,0.06003,50.89775,1.91786,0.2304,0.45313,0.39945,0.48705,0.52141,0.39945
-15.9937,16.20914,-5.8732,-0.14732,-0.23744,-0.96016,0.98101,0.0,0.0,nan,0.0,0.01123,0.07827,24.61658,2.18233,0.23324,0.28029,0.69374,0.55363,0.45823,0.69374
-15.06678,16.95187,7.40521,-0.38663,0.04416,0.92118,0.98784,0.0,0.0,nan,0.0,0.0144,0.06469,31.61709,1.70198,0.23619,0.25583,0.31387,0.92498,0.58755,0.31387
-14.63068,18.94998,-8.46251,-0.66781,0.02031,-0.74405,0.85841,0.0,0.0,nan,0.0,0.00986,0.03537,49.48766,3.62539,0.23826,0.57238,0.6591,0.50684,0.27583,0.6591
-15.28612,18.81239,-7.16179,-0.48318,0.03757,-0.87471,0.88727,0.0,0.0,nan,0.0,0.00737,0.04444,64.04376,3.4606,0.24629,0.42915,0.80117,0.4766,0.28897,0.80117
-15.44247,19.97439,-5.66471,0.05185,0.54302,-0.83812,0.79649,0.0,0.0,nan,0.0,0.00662,0.05968,76.99611,2.0103,0.23489,0.27144,0.31607,0.41934,0.49744,0.31607
-14.97396,19.00814,7.16057,-0.30151,0.12674,0.945,0.99212,0.0,0.0,nan,0.0,0.0096,0.02998,30.76451,3.52361,0.23316,0.34116,0.34888,1.0,0.2838,0.34888
-14.30703,20.45232,-8.15934,-0.63552,0.37668,-0.67397,0.89125,0.00126,0.0063,0.51,1.0,0.0049,0.08142,49.36475,2.60774,0.22273,0.26251,0.42088,0.2385,0.38347,0.42088
-14.76534,20.37696,-6.88156,-0.56825,0.51821,-0.63918,0.90951,0.0,0.0,nan,0.0,0.01141,0.07214,88.84358,2.05173,0.23016,0.34593,0.64631,0.46761,0.48739,0.64631
-14.99835,20.95794,-5.0258,0.04485,0.66558,-0.74498,0.71561,0.0,0.0,nan,0.0,0.01069,0.06442,51.27851,2.04352,0.23633,0.3809,0.55877,0.45262,0.48935,0.55877
-14.91255,21.00304,6.96725,-0.15647,0.05909,0.98591,0.98784,0.0,0.0,nan,0.0,0.01104,0.03695,34.45356,1.88208,0.22771,0.50025,0.47995,0.63185,0.53133,0.47995
-14.48992,23.75853,-6.26897,-0.58919,-0.43122,-0.68331,0.9399,0.0,0.0,nan,0.0,0.01655,0.08662,37.40046,2.38164,0.22224,0.61354,0.754,0.3323,0.41988,0.754
-14.80562,23.12898,-4.78047,-0.29765,-0.37853,-0.87642,0.75386,0.0,0.0,nan,0.0,0.00952,0.08785,79.42739,1.92403,0.24002,0.29541,0.51247,0.37595,0.51974,0.51247
-14.86699,23.00115,7.188,-0.12484,-0.21341,0.96895,0.99172,0.0,0.0,nan,0.0,0.00853,0.02705,19.42179,3.56933,0.24008,0.54274,0.37405,0.6408,0.28016,0.37405
-14.98195,24.98612,-6.67521,-0.42644,-0.49967,-0.75397,0.98988,0.0,0.0,nan,0.0,0.01096,0.04817,18.47594,1.81269,0.23895,0.59202,0.53975,0.42601,0.55166,0.53975
-15.87481,24.01019,-5.64394,-0.21896,-0.39746,-0.89111,0.95653,0.0,0.0,nan,0.0,0.00971,0.05023,52.71394,3.01128,0.24243,0.50335,0.53074,0.39871,0.33208,0.53074
-15.1617,25.09247,7.7517,-0.26857,0.10134,0.95792,0.93541,0.0,0.0,nan,0.0,0.00849,0.02757,22.1821,2.41456,0.23059,0.56221,0.56866,0.59695,0.41415,0.56866
-14.27679,24.50756,8.0279,-0.2365,-0.07946,0.96838,0.91552,0.0,0.0,nan,0.0,0.00423,0.0179,21.44179,3.36856,0.23839,0.40023,0.50549,0.64554,0.29686,0.50549
-14.66012,27.3749,-8.31812,-0.38641,-0.48415,-0.78504,0.99427,0.0,0.0,nan,0.0,0.01821,0.08702,5.41635,1.91246,0.22491,0.4141,0.25526,0.69192,0.52289,0.25526
-15.31614,26.74473,-7.54031,-0.37579,-0.4851,-0.7896,0.99416,0.0,0.0,nan,0.0,0.01654,0.10684,8.05673,1.8657,0.22521,0.31782,0.47405,0.60802,0.53599,0.47405
-15.32459,27.88954,5.89381,-0.38375,-0.06895,0.92086,0.88798,0.0,0.0,nan,0.0,0.00614,0.02043,31.82119,2.03665,0.23506,0.50101,0.5672,0.63722,0.491,0.5672
-15.02685,27.07173,6.91846,-0.31629,0.10617,0.9427,0.98835,0.0,0.0,nan,0.0,0.01187,0.03095,35.32372,1.6479,0.23445,0.65973,0.54358,0.61397,0.60683,0.54358
-15.08118,28.90651,-9.0894,-0.27814,-0.49897,-0.82077,0.99498,0.0,0.0,nan,0.0,0.01172,0.08761,5.9093,2.54915,0.22183,0.31313,0.54606,0.57167,0.39229,0.54606
-15.35632,28.19828,5.88889,-0.38347,-0.13226,0.91404,0.89298,0.0,0.0,nan,0.0,0.0057,0.02191,29.87356,1.67895,0.23974,0.51101,0.6297,0.54324,0.59561,0.6297
-15.10627,28.87028,7.26305,-0.31629,-0.14398,0.93767,0.98662,0.0,0.0,nan,0.0,0.01168,0.03893,30.67715,1.6479,0.22932,0.56767,0.43801,0.56309,0.60683,0.43801
-14.95491,31.38025,-10.18548,0.00824,-0.06348,-0.99795,0.89104,0.0,0.0,nan,0.0,0.01435,0.09296,13.31117,1.6479,0.23633,0.62716,0.57937,0.28311,0.60683,0.57937
-15.19582,30.39988,-9.8172,-0.09109,-0.36509,-0.9265,0.97529,0.0,0.0,nan,0.0,0.00707,0.08361,8.26557,3.33079,0.23814,0.55979,0.94384,0.49398,0.30023,0.94384
-15.10657,31.28929,7.53083,-0.28483,0.07176,0.95589,0.97366,0.0,0.0,nan,0.0,0.01301,0.0307,27.56653,2.72194,0.22922,0.654,0.41903,0.69474,0.36738,0.41903
-15.09498,32.7644,-10.24687,0.0732,0.39898,-0.91403,0.85677,0.0,0.0,nan,0.0,0.01028,0.04947,20.01244,2.61119,0.21538,0.78071,0.75421,0.29673,0.38297,0.75421
-14.81606,33.70427,-9.14338,-0.03243,0.58844,-0.80789,0.89839,0.0,0.0,nan,0.0,0.0041,0.072,115.08537,3.07176,0.22082,0.74631,0.97407,0.27437,0.32555,0.97407
-14.37295,33.89306,-7.77738,-0.06994,0.68107,-0.72887,0.60168,0.0,0.0,nan,0.0,0.00906,0.16128,136.88642,2.03227,0.23669,0.60792,0.98999,0.40421,0.49206,0.98999
-14.99768,33.01298,6.92247,-0.23669,0.17161,0.95631,0.99365,0.0,0.0,nan,0.0,0.01397,0.02682,32.0675,1.71498,0.23888,0.60464,0.68702,0.91501,0.5831,0.68702
-14.75112,35.31735,-8.66987,-0.41937,-0.13626,-0.89753,0.87044,0.0,0.0,nan,0.0,0.00304,0.0728,106.61211,1.6479,0.26169,0.83779,0.99661,0.24071,0.60683,0.99661
-15.03086,34.886,-7.30916,-0.44678,-0.33794,-0.82836,0.62218,0.0,0.0,nan,0.0,0.00863,0.13863,37.21186,1.6479,0.24939,0.45992,0.86354,0.22394,0.60683,0.86354
-14.9442,34.96639,6.7386,-0.23047,0.08825,0.96907,0.99631,0.0,0.0,nan,0.0,0.00848,0.02001,27.57171,1.66362,0.23978,0.50169,0.59844,0.90623,0.6011,0.59844
-15.06732,36.94057,-9.20675,-0.43614,-0.19621,-0.87823,0.95948,0.0,0.0,nan,0.0,0.00612,0.03745,9.52294,1.81269,0.23431,0.67041,0.8128,0.36903,0.55166,0.8128
-15.60207,37.58266,5.69902,-0.24185,0.16986,0.95533,0.96622,0.0,0.0,nan,0.0,0.00827,0.01785,26.90458,1.83255,0.23996,0.50805,0.48664,0.97958,0.54569,0.48664
-14.93054,36.97852,6.59779,-0.21598,0.17433,0.96071,0.99549,0.0,0.0,nan,0.0,0.01272,0.02757,24.90596,1.93419,0.23074,0.5651,0.35889,0.88185,0.51701,0.35889
-14.97849,38.98805,-9.18247,-0.3976,0.03588,-0.91686,0.99447,0.0,0.0,nan,0.0,0.00911,0.04668,3.97794,1.87261,0.23642,0.53679,0.77548,0.59491,0.53402,0.77548
-15.41441,38.8793,5.55735,-0.20035,0.01152,0.97966,0.91073,0.0,0.0,nan,0.0,0.00683,0.01623,26.9034,2.07324,0.22633,0.49169,0.53486,0.91957,0.48234,0.53486
-14.60951,38.83164,6.33628,-0.18417,0.01262,0.98281,0.97254,0.0,0.0,nan,0.0,0.00529,0.02927,33.83102,2.02253,0.22836,0.60423,0.60435,0.31702,0.49443,0.60435
-15.02383,41.02124,-8.94995,-0.41148,0.03973,-0.91055,0.99365,0.0,0.0,nan,0.0,0.01317,0.09904,3.84551,1.6479,0.2151,0.20453,0.36714,0.98826,0.60683,0.36714
-15.85044,40.04828,5.95463,-0.25867,-0.15092,0.9541,0.98254,0.0,0.0,nan,0.0,0.00521,0.01677,24.20756,1.69451,0.23001,0.43335,0.39204,0.77565,0.59014,0.39204
-15.02836,40.92644,7.03335,-0.22407,-0.19866,0.95411,0.94867,0.0,0.0,nan,0.0,0.00637,0.02455,28.74412,2.05788,0.23641,0.47748,0.56095,0.58143,0.48594,0.56095
-14.99088,42.98025,-8.96091,-0.40435,-0.00465,-0.91459,0.99692,0.0,0.0,nan,0.0,0.00996,0.06752,5.91859,1.6479,0.23159,0.35104,0.72468,0.56229,0.60683,0.72468
-15.45047,43.65744,5.71876,-0.47572,0.2515,0.84288,0.96224,0.0,0.0,nan,0.0,0.01165,0.03832,47.48513,1.69688,0.23847,0.72728,0.7645,0.4568,0.58932,0.7645
-15.12467,43.15519,7.26904,-0.37593,0.20384,0.90395,0.92481,0.0,0.0,nan,0.0,0.00596,0.02809,41.20158,2.42633,0.24002,0.69026,0.85172,0.47749,0.41215,0.85172
-14.93254,44.98456,-8.98296,-0.3906,-0.05273,-0.91905,0.9961,0.0,0.0,nan,0.0,0.00379,0.05607,7.29227,1.81269,0.22562,0.3895,0.8623,0.34524,0.55166,0.8623
-15.25526,44.89689,5.52543,-0.50137,0.0421,0.86421,0.92715,0.0,0.0,nan,0.0,0.01126,0.03121,37.36758,1.94873,0.23261,0.60068,0.67801,0.63286,0.51315,0.67801
-14.45169,45.03926,6.57253,-0.41985,0.04233,0.9066,0.99131,0.0,0.0,nan,0.0,0.00759,0.02639,45.42317,2.05124,0.23743,0.67603,0.77895,0.48976,0.48751,0.77895
-15.04555,46.93814,-9.23348,-0.39438,-0.08921,-0.91461,0.99671,0.0,0.0,nan,0.0,0.00508,0.06127,6.77937,1.6479,0.23995,0.36682,0.57424,0.29246,0.60683,0.57424
-15.75217,46.11029,5.7145,-0.47918,-0.11379,0.87031,0.97621,0.0,0.0,nan,0.0,0.013,0.03452,25.69945,2.53493,0.2193,0.65018,0.48536,0.62449,0.39449,0.48536
-14.96746,46.98862,6.56122,-0.44988,-0.13985,0.88207,0.9911,0.0,0.0,nan,0.0,0.00785,0.03765,26.91513,1.88565,0.22667,0.57232,0.39982,0.39138,0.53032,0.39982
-14.99503,49.03993,-9.44058,-0.36377,-0.01786,-0.93132,0.99488,0.0,0.0,nan,0.0,0.01003,0.04901,3.02199,1.8599,0.23679,0.47034,0.78424,0.81212,0.53766,0.78424
-15.92092,49.80012,5.88372,-0.59322,0.06271,0.80259,0.99151,0.0,0.0,nan,0.0,0.00536,0.03291,34.26944,1.6479,0.23695,0.74497,0.84455,0.33185,0.60683,0.84455
-15.08438,48.98841,6.79002,-0.49219,0.0539,0.86882,0.97121,0.0,0.0,nan,0.0,0.00752,0.05056,11.16873,3.08612,0.24871,0.6987,0.81958,0.3228,0.32403,0.81958
-14.96389,50.93829,-9.31641,-0.29496,0.02973,-0.95505,0.99518,0.0,0.0,nan,0.0,0.01211,0.04959,3.22402,1.70835,0.24036,0.42669,0.34367,0.92703,0.58536,0.34367
-15.81569,50.87782,5.69764,-0.54794,-0.08444,0.83224,0.98325,0.0,0.0,nan,0.0,0.00628,0.02683,22.78531,1.6479,0.2433,0.61593,0.55247,0.41351,0.60683,0.55247
-15.00373,51.0831,6.66072,-0.45438,-0.01231,0.89072,0.97529,0.0,0.0,nan,0.0,0.00825,0.03216,20.16675,1.6479,0.23726,0.52657,0.65463,0.53539,0.60683,0.65463
-14.98166,52.98965,-9.20593,-0.23717,0.05293,-0.97003,0.99692,0.0,0.0,nan,0.0,0.01173,0.0438,3.10851,1.70529,0.24527,0.45684,0.34453,0.96364,0.58641,0.34453
-15.00727,52.97147,6.53637,-0.31131,-0.05004,0.94899,0.98825,0.0,0.0,nan,0.0,0.00649,0.02014,15.26735,3.4606,0.23349,0.50334,0.36689,0.72394,0.28897,0.36689
-14.97224,54.99399,-9.11316,-0.20837,0.09293,-0.97363,0.99682,0.0,0.0,nan,0.0,0.01286,0.05622,3.20485,1.6479,0.23757,0.37144,0.5839,1.0,0.60683,0.5839
-14.70463,55.60958,5.80459,-0.29451,0.0251,0.95532,0.90226,0.0,0.0,nan,0.0,0.00548,0.02166,24.90083,1.81269,0.23484,0.63896,0.79827,0.50622,0.55166,0.79827
-15.10446,54.93496,6.32396,-0.27369,0.0682,0.9594,0.9908,0.0,0.0,nan,0.0,0.007,0.03174,22.75365,2.1861,0.23242,0.6833,0.81705,0.44719,0.45744,0.81705
-15.00098,57.0144,-8.86119,-0.16659,0.17136,-0.97102,0.99702,0.0,0.0,nan,0.0,0.01157,0.10667,5.41556,1.87916,0.22375,0.45077,0.60731,0.32955,0.53215,0.60731
-14.81975,56.63125,5.63496,-0.2859,-0.15425,0.94576,0.85443,0.0,0.0,nan,0.0,0.00352,0.00974,24.05974,2.71921,0.23552,0.45712,0.51432,0.85523,0.36775,0.51432
-15.07337,57.27747,6.53037,-0.2765,-0.2218,0.93507,0.98886,0.0,0.0,nan,0.0,0.00409,0.01564,22.71262,1.86651,0.24313,0.53165,0.46907,0.53569,0.53576,0.46907
-14.96182,58.97826,-8.3829,-0.15527,0.38581,-0.90942,0.98702,0.0,0.0,nan,0.0,0.00598,0.04534,8.90214,1.95793,0.23386,0.5654,0.82252,0.37181,0.51074,0.82252
-15.59379,59.92646,-7.96,-0.22627,0.58463,-0.77911,0.94663,0.0,0.0,nan,0.0,0.0053,0.03422,11.01363,1.6479,0.25372,0.36108,0.58909,0.50715,0.60683,0.58909
-15.13401,58.9547,7.17424,-0.27096,-0.00547,0.96258,0.91399,0.0,0.0,nan,0.0,0.00742,0.04581,18.43129,1.78681,0.24912,0.64215,0.81576,0.3542,0.55966,0.81576
-14.27471,60.02398,-8.02315,-0.14243,0.56292,-0.81414,0.96662,0.0,0.0,nan,0.0,0.00576,0.04756,9.6126,2.02961,0.23384,0.49187,0.62319,0.29746,0.4927,0.62319
-15.0566,60.95772,-7.22609,-0.2303,0.78709,-0.57224,0.93195,0.0,0.0,nan,0.0,0.00397,0.02176,10.25462,1.97657,0.23176,0.32718,0.28026,0.667,0.50593,0.28026
-15.17345,61.62456,-5.05402,-0.29443,0.94331,-0.15324,0.98825,0.0,0.0,nan,0.0,0.00669,0.02081,11.58208,1.81269,0.23073,0.43212,0.49854,0.87195,0.55166,0.49854
-15.11209,61.71468,-3.01812,-0.31021,0.95051,-0.01713,0.99631,0.0,0.0,nan,0.0,0.00668,0.02429,10.65047,1.84718,0.22783,0.42123,0.41911,0.77607,0.54137,0.41911
-15.09649,61.56365,-1.03367,-0.29145,0.95659,-0.00101,0.9961,0.0,0.0,nan,0.0,0.00771,0.02717,11.42748,1.8924,0.23089,0.4321,0.75914,0.79509,0.52843,0.75914
-15.0392,61.60138,1.01811,-0.24216,0.96973,-0.03118,0.9959,0.0,0.0,nan,0.0,0.01297,0.04478,14.32884,2.39142,0.21793,0.56975,0.74556,0.57922,0.41816,0.74556
-14.97473,61.63369,2.9858,-0.20262,0.97878,0.03058,0.99529,0.0,0.0,nan,0.0,0.00775,0.04402,14.15678,1.6687,0.23766,0.64578,0.82442,0.40847,0.59927,0.82442
-15.02945,61.45684,4.97941,-0.17662,0.94396,0.27881,0.96989,0.0,0.0,nan,0.0,0.01538,0.0643,12.18988,1.69606,0.23056,0.63964,0.75013,0.43544,0.5896,0.75013
-14.93898,60.77205,6.64664,-0.22719,0.64623,0.72854,0.88064,0.0,0.0,nan,0.0,0.01533,0.05911,12.11435,2.05066,0.23189,0.3844,0.57797,0.7862,0.48765,0.57797
-12.90544,1.43201,-4.67277,-0.19018,-0.65705,-0.72946,0.93174,0.0,0.0,nan,0.0,0.00695,0.03476,28.64157,2.20697,0.23223,0.41308,0.58209,0.5179,0.45311,0.58209
-13.09126,0.68222,-3.10401,-0.10171,-0.90715,-0.40834,0.96224,0.0005,0.0025,0.7,1.0,0.01232,0.06651,22.25388,1.88941,0.22102,0.44232,0.71819,0.45654,0.52927,0.71819
-12.98589,0.22587,-1.09781,0.03521,-0.9992,-0.01916,0.9807,0.0,0.0,nan,0.0,0.00753,0.05148,18.73784,2.22229,0.22446,0.22451,0.46706,0.72155,0.44999,0.46706
-12.97537,0.5233,0.98492,0.09577,-0.97881,0.18099,0.9958,0.0,0.0,nan,0.0,0.0123,0.07521,20.79505,1.70148,0.23429,0.2282,0.55258,0.78568,0.58772,0.55258
-13.05313,1.20272,3.03422,0.09409,-0.96358,0.25031,0.99549,0.0,0.0,nan,0.0,0.01917,0.09042,22.3886,1.7226,0.22081,0.23902,0.3994,0.96607,0.58052,0.3994
-12.93815,1.59116,4.90559,-0.02554,-0.89566,0.44401,0.9806,0.02033,0.10163,0.7,1.0,0.01391,0.06916,32.95856,1.84949,0.2298,0.30563,0.7564,0.71245,0.54069,0.7564
-12.18313,3.88099,-6.0348,-0.14119,-0.28279,-0.94873,0.98335,0.0,0.0,nan,0.0,0.01151,0.04943,33.31358,2.08991,0.2326,0.35966,0.49288,0.68626,0.47849,0.49288
-13.07287,3.04944,-5.32335,-0.25393,-0.3838,-0.88782,0.98957,0.0,0.0,nan,0.0,0.0137,0.04978,38.01183,2.00071,0.23742,0.37542,0.5524,0.7718,0.49982,0.5524
-13.22468,2.1109,5.76624,-0.124,-0.77231,0.62302,0.96214,0.00246,0.01228,0.7,1.0,0.01685,0.0678,35.48807,1.8533,0.23171,0.27692,0.44238,0.94819,0.53958,0.44238
-12.89407,2.99893,6.8386,-0.21539,-0.5641,0.79712,0.96407,0.00118,0.00592,0.7,1.0,0.0157,0.06397,33.28289,1.84606,0.22808,0.26733,0.43721,0.97334,0.54169,0.43721
-12.68919,5.19989,-6.17056,-0.18233,-0.21568,-0.95929,0.98753,0.0,0.0,nan,0.0,0.01499,0.06576,37.39638,2.04014,0.23176,0.29478,0.47715,0.81458,0.49016,0.47715
-13.49048,4.54016,-5.87096,-0.26671,-0.25818,-0.92855,0.99243,0.0,0.0,nan,0.0,0.01293,0.05359,39.23887,2.05546,0.23744,0.304,0.69775,0.8341,0.48651,0.69775
-12.98984,4.96172,7.52192,-0.29369,-0.29122,0.91046,0.99702,0.0,0.0,nan,0.0,0.02136,0.07279,28.1537,1.7333,0.22572,0.36913,0.60608,0.8516,0.57693,0.60608
-12.07219,5.98137,8.01401,-0.26795,-0.25226,0.92982,0.99722,0.0,0.0,nan,0.0,0.01271,0.07104,21.56351,1.67201,0.23083,0.20935,0.40821,0.93383,0.59808,0.40821
-13.05932,6.98215,-6.27179,-0.18038,-0.14934,-0.97219,0.99008,0.0,0.0,nan,0.0,0.02858,0.1087,37.76327,1.78413,0.23046,0.35234,0.47912,0.78581,0.5605,0.47912
-13.8231,7.21155,-5.94793,-0.25796,-0.13581,-0.95656,0.99702,0.0,0.0,nan,0.0,0.03215,0.10677,33.2265,1.8509,0.22759,0.3452,0.52203,0.92469,0.54028,0.52203
-13.27262,6.57096,7.90375,-0.2925,-0.20563,0.9339,0.99661,0.0,0.0,nan,0.0,0.01723,0.08131,27.79001,1.99972,0.22641,0.26211,0.45447,0.86661,0.50007,0.45447
-12.80088,7.35136,8.18931,-0.29449,-0.14476,0.94463,0.99722,0.0131,0.06552,0.6,1.0,0.01079,0.06881,27.3872,2.13166,0.21774,0.2482,0.5664,0.67787,0.46912,0.5664
-12.63701,9.99738,-8.00293,-0.41421,-0.40495,-0.81514,0.91287,0.03415,0.17077,0.7,1.0,0.01024,0.06106,53.80298,2.73407,0.22348,0.20361,0.44869,0.85418,0.36575,0.44869
-12.92565,9.2884,-6.47015,-0.29647,-0.29303,-0.90898,0.97815,0.01325,0.06625,0.7,1.0,0.01274,0.08186,56.82413,1.78621,0.22636,0.22152,0.43792,0.72736,0.55984,0.43792
-13.79519,9.40326,7.87542,-0.32899,-0.02231,0.94407,0.99722,0.00065,0.00326,0.6,1.0,0.01509,0.06845,32.71563,2.02964,0.21744,0.25811,0.40737,0.90621,0.4927,0.40737
-12.95866,8.93728,8.26202,-0.321,-0.03372,0.94648,0.99722,0.00554,0.02769,0.6,1.0,0.01583,0.07444,29.39468,1.71709,0.22288,0.25411,0.40635,0.8941,0.58238,0.40635
-12.13055,11.22792,-8.24363,-0.49497,-0.35986,-0.79089,0.94918,0.02314,0.10309,0.7,0.99235,0.00868,0.05037,46.34667,2.26023,0.22669,0.26033,0.34376,0.69043,0.44243,0.34376
-13.3524,10.94063,-7.4547,-0.55547,-0.23468,-0.79774,0.96244,0.0,0.0,nan,0.0,0.01697,0.08066,56.4595,1.72068,0.22919,0.23429,0.40803,0.92982,0.58117,0.40803
-13.73619,10.13574,7.95921,-0.33737,-0.03677,0.94065,0.99722,0.0,0.0,nan,0.0,0.01401,0.06915,32.26466,2.15332,0.21981,0.24918,0.38577,0.86362,0.4644,0.38577
-12.98532,11.10011,8.33636,-0.32271,-0.06051,0.94456,0.99722,0.0,0.0,nan,0.0,0.01673,0.07067,28.23161,1.88655,0.22157,0.2549,0.42788,0.9944,0.53007,0.42788
-12.43841,13.10792,-8.90542,-0.66005,-0.19193,-0.72629,0.88727,0.0,0.0,nan,0.0,0.00839,0.04506,39.67997,2.51249,0.23366,0.36504,0.3975,0.53588,0.39801,0.3975
-13.24045,13.00768,-7.16792,-0.72709,0.01958,-0.68627,0.96877,0.0,0.0,nan,0.0,0.02017,0.08064,60.0572,1.73898,0.22973,0.30394,0.4865,0.85055,0.57505,0.4865
-12.97667,12.98454,8.46508,-0.26714,0.00355,0.96365,0.99569,0.01557,0.07786,0.7,1.0,0.02864,0.10298,27.75875,1.89068,0.22135,0.30469,0.58097,0.97847,0.52891,0.58097
-13.02683,14.99679,-9.1446,-0.78996,-0.24553,-0.56186,0.80781,0.0,0.0,nan,0.0,0.00867,0.03932,34.88423,2.51688,0.23224,0.54229,0.43299,0.43014,0.39732,0.43299
-13.15488,14.87695,-6.96216,-0.8215,-0.04528,-0.56841,0.86381,0.0,0.0,nan,0.0,0.02496,0.07911,55.17661,1.81269,0.23807,0.46399,0.66622,0.70451,0.55166,0.66622
-13.54122,15.50301,-5.87292,-0.50764,-0.07727,-0.8581,0.68368,0.0,0.0,nan,0.0,0.00979,0.06855,61.9198,2.82249,0.2327,0.33279,0.86197,0.69,0.3543,0.86197
-13.82645,15.71819,7.92686,-0.26893,0.13711,0.95335,0.98896,0.00569,0.02845,0.7,1.0,0.01377,0.06176,29.98217,2.05217,0.21866,0.24713,0.29094,0.96235,0.48729,0.29094
-13.11506,15.06934,8.3272,-0.21797,0.16953,0.96112,0.99192,0.0,0.0,nan,0.0,0.01273,0.05458,29.15897,1.94854,0.22686,0.24959,0.29202,0.99895,0.5132,0.29202
-13.35536,17.00076,-9.62909,-0.59899,-0.12738,-0.79056,0.74162,0.0,0.0,nan,0.0,0.00556,0.02553,21.22725,3.42575,0.24623,0.57434,0.48943,0.41478,0.29191,0.48943
-13.29554,16.87146,-6.95704,-0.78484,-0.41835,-0.45717,0.80241,0.0,0.0,nan,0.0,0.01227,0.03985,46.2331,2.07043,0.22816,0.50269,0.58061,0.63906,0.48299,0.58061
-12.94313,16.16388,-5.98763,-0.66872,-0.20159,-0.71567,0.56486,0.0,0.0,nan,0.0,0.0,,,,,,,,,
-13.05582,17.03652,7.94809,-0.20545,0.07648,0.97567,0.99314,0.0,0.0,nan,0.0,0.01773,0.06267,38.9629,1.73948,0.23177,0.57409,0.67325,0.51828,0.57488,0.67325
-12.76412,17.03246,8.08524,-0.20378,0.06472,0.97687,0.99233,0.0,0.0,nan,0.0,0.02145,0.06657,35.76061,2.02025,0.23263,0.61639,0.52145,0.55195,0.49499,0.52145
-13.00807,18.98997,-9.24323,-0.49308,0.10059,-0.86415,0.90543,0.0,0.0,nan,0.0,0.01633,0.19999,36.08821,1.69291,0.22967,0.73427,0.89868,0.22392,0.5907,0.89868
-13.88795,18.07971,-6.73772,-0.7733,-0.28391,-0.56692,0.80272,0.0,0.0,nan,0.0,0.01545,0.05282,58.29927,1.81269,0.24498,0.5436,0.74784,0.55656,0.55166,0.74784
-13.49715,19.57636,7.49255,-0.28115,0.1879,0.94109,0.98825,0.0,0.0,nan,0.0,0.00815,0.02564,31.13616,2.59316,0.23273,0.39454,0.3566,0.85727,0.38563,0.3566
-12.77441,18.87191,8.35638,-0.31604,0.07759,0.94557,0.96775,0.0,0.0,nan,0.0,0.00966,0.03497,37.60543,1.76441,0.23762,0.50758,0.47738,0.57311,0.56676,0.47738
-12.97541,20.96539,-8.69233,-0.57259,0.38201,-0.7254,0.96203,0.0,0.0,nan,0.0,0.00785,0.02653,15.96015,2.13787,0.23347,0.68267,0.69317,0.48745,0.46775,0.69317
-13.66633,21.4883,-7.03682,-0.75726,0.47718,-0.44594,0.91032,0.0,0.0,nan,0.0,0.00951,0.09492,45.27918,3.07901,0.2417,0.42961,0.41143,0.24351,0.32478,0.41143
-13.05614,21.3301,-4.2055,0.352,0.66415,-0.65954,0.32251,0.0,0.0,nan,0.0,0.0,,,,,,,,,
-12.85289,20.85822,7.05087,-0.32671,0.19102,0.92562,0.94316,0.0,0.0,nan,0.0,0.01041,0.02253,30.79374,2.05509,0.23176,0.52127,0.33209,0.94376,0.4866,0.33209
-12.08797,20.45557,8.06878,-0.43979,0.18679,0.87846,0.98029,0.0,0.0,nan,0.0,0.01089,0.02901,26.91302,1.90734,0.22846,0.46936,0.46779,0.85924,0.52429,0.46779
-12.5101,22.48927,-8.50327,-0.58665,0.33368,-0.7379,0.95744,0.0,0.0,nan,0.0,0.01134,0.03145,22.92798,2.55609,0.23563,0.56821,0.66746,0.68964,0.39122,0.66746
-12.98559,22.90054,-6.91123,-0.79968,0.14117,-0.58359,0.889,0.0,0.0,nan,0.0,0.01136,0.05871,41.35493,2.62565,0.23367,0.47929,0.55087,0.42315,0.38086,0.55087
-13.68048,22.3173,-4.29427,-0.12651,-0.56327,-0.81653,0.48816,0.0,0.0,nan,0.0,0.0,,,,,,,,,
-13.71858,22.88955,-3.96415,-0.2031,-0.61373,-0.76295,0.46327,0.0,0.0,nan,0.0,0.0,,,,,,,,,
-13.10016,22.8602,7.1831,-0.21969,-0.2426,0.94493,0.9706,0.0,0.0,nan,0.0,0.00739,0.01707,27.14766,2.09016,0.23428,0.59472,0.72177,0.78215,0.47843,0.72177
-12.73782,23.81798,8.18542,-0.27006,-0.22597,0.93595,0.95306,0.0,0.0,nan,0.0,0.00602,0.01507,26.36092,2.19167,0.23585,0.55624,0.59025,0.77288,0.45627,0.59025
-12.64109,25.47356,-8.26839,-0.24371,-0.33482,-0.91022,0.95183,0.0,0.0,nan,0.0,0.02088,0.12677,54.06632,1.88365,0.23554,0.82039,0.86413,0.32803,0.53088,0.86413
-13.24747,24.73527,-7.55048,-0.40634,-0.28902,-0.86681,0.94378,0.0,0.0,nan,0.0,0.01038,0.08369,46.87267,1.81269,0.25438,0.72903,0.88302,0.30879,0.55166,0.88302
-13.35036,25.62426,7.76756,-0.26419,0.11696,0.95735,0.9806,0.0,0.0,nan,0.0,0.00929,0.0322,34.78716,1.96247,0.22853,0.60668,0.45914,0.5028,0.50956,0.45914
-12.87773,24.86234,8.44663,-0.24161,-0.0242,0.97007,0.92093,0.0,0.0,nan,0.0,0.00798,0.02102,28.41681,1.6479,0.23744,0.60005,0.50901,0.67677,0.60683,0.50901
-12.98425,26.93325,-8.95538,-0.26284,-0.50762,-0.82051,0.9655,0.0,0.0,nan,0.0,0.00424,0.1436,37.17886,1.83929,0.23157,0.81716,0.99401,0.17388,0.54369,0.99401
-13.90597,26.05663,-7.96244,-0.37348,-0.46789,-0.80099,0.98876,0.0,0.0,nan,0.0,0.00719,0.19992,13.34581,1.89328,0.23235,0.56136,0.95906,0.22253,0.52818,0.95906
-13.13713,27.22264,7.08142,-0.30388,0.0925,0.94821,0.95265,0.0,0.0,nan,0.0,0.01172,0.03103,36.71209,1.73569,0.2329,0.60322,0.50898,0.66026,0.57614,0.50898
-12.55873,29.38416,-10.17371,-0.16428,-0.15423,-0.97428,0.94908,0.0,0.0,nan,0.0,0.00696,0.04182,9.97283,3.39639,0.2461,0.7418,0.78069,0.29859,0.29443,0.78069
-13.34737,28.80744,-9.70497,-0.30392,-0.35201,-0.88528,0.99304,0.0,0.0,nan,0.0,0.01486,0.12318,6.57019,1.8384,0.23198,0.83561,0.87814,0.31924,0.54395,0.87814
-13.37779,28.74525,7.75962,-0.28354,-0.17277,0.94327,0.99467,0.0,0.0,nan,0.0,0.00761,0.02859,28.721,1.68179,0.23896,0.51311,0.63529,0.55463,0.5946,0.63529
-12.39895,29.14891,8.10664,-0.283,-0.18972,0.94017,0.99682,0.0,0.0,nan,0.0,0.01061,0.03577,21.14939,1.6479,0.23905,0.50665,0.50839,0.64056,0.60683,0.50839
-12.95479,31.11469,-10.4369,0.05286,0.16949,-0.98411,0.89961,0.0,0.0,nan,0.0,0.01339,0.04628,12.52788,1.89576,0.23405,0.71769,0.49435,0.46741,0.52749,0.49435
-13.87941,30.10583,-9.97201,-0.17104,-0.22858,-0.95838,0.96938,0.0,0.0,nan,0.0,0.01191,0.08834,9.28056,1.69199,0.23709,0.73814,0.49793,0.22206,0.59102,0.49793
-13.56409,30.87663,7.96879,-0.31957,0.00533,0.94755,0.98621,0.0,0.0,nan,0.0,0.00957,0.03253,26.21546,1.6479,0.23743,0.6398,0.54509,0.49498,0.60683,0.54509
-12.7539,31.07827,8.28328,-0.32036,0.00147,0.94729,0.98284,0.0,0.0,nan,0.0,0.00538,0.03699,19.36239,1.65296,0.23409,0.58896,0.8692,0.44053,0.60498,0.8692
-13.11077,32.38956,-10.26413,0.11543,0.34969,-0.92973,0.91746,0.0,0.0,nan,0.0,0.00556,0.03492,43.47422,2.38793,0.22572,0.75537,0.61592,0.22065,0.41877,0.61592
-12.9039,33.14665,-8.94831,-0.00178,0.39427,-0.91899,0.87228,0.0,0.0,nan,0.0,0.0025,0.03694,67.98463,1.93229,0.23304,0.75988,0.96574,0.29579,0.51752,0.96574
-13.46843,33.6917,-7.7459,-0.26565,0.3329,-0.90477,0.58852,0.0,0.0,nan,0.0,0.0,,,,,,,,,
-13.40117,33.16224,7.75158,-0.38519,0.1634,0.90825,0.99692,0.0,0.0,nan,0.0,0.01265,0.03714,31.07227,1.6855,0.22868,0.65378,0.73388,0.55447,0.59329,0.73388
-12.4118,32.7434,8.25218,-0.38494,0.15223,0.9103,0.98723,0.0,0.0,nan,0.0,0.01265,0.03411,21.12452,1.6479,0.23834,0.59954,0.57108,0.6773,0.60683,0.57108
-13.09546,34.72697,-9.45441,-0.27854,-0.05244,-0.95899,0.91471,0.0,0.0,nan,0.0,0.00227,0.02949,33.1607,1.70697,0.24562,0.75068,0.95681,0.32216,0.58583,0.95681
-13.74464,34.13498,-7.77625,-0.45998,-0.11026,-0.88106,0.58607,0.0,0.0,nan,0.0,0.0,,,,,,,,,
-13.00232,34.95664,7.31763,-0.39195,0.07393,0.91701,0.99427,0.0,0.0,nan,0.0,0.01141,0.02873,24.5095,1.81269,0.23726,0.48397,0.5078,0.88768,0.55166,0.5078
-12.06477,34.58055,8.03015,-0.38336,0.07869,0.92024,0.99416,0.0,0.0,nan,0.0,0.00991,0.02407,19.96188,1.69912,0.23908,0.52952,0.55642,0.85511,0.58854,0.55642
-13.00488,37.01253,-9.78659,-0.24265,-0.0941,-0.96554,0.98335,0.0,0.0,nan,0.0,0.00595,0.04601,7.59026,3.02601,0.2401,0.6657,0.81459,0.30938,0.33047,0.81459
-12.98101,37.07883,7.25777,-0.40063,0.16682,0.90093,0.99488,0.0,0.0,nan,0.0,0.01189,0.03009,25.51998,1.8985,0.23818,0.48085,0.75732,0.9075,0.52673,0.75732
-12.05859,36.57697,8.03158,-0.40583,0.12015,0.90602,0.98682,0.0,0.0,nan,0.0,0.00842,0.02629,27.49227,1.6479,0.23309,0.48161,0.33554,0.71372,0.60683,0.33554
-12.08506,39.3378,-10.02386,-0.20348,-0.00386,-0.97907,0.99059,0.00037,0.00185,0.6,1.0,0.0135,0.09244,3.28866,1.77431,0.22295,0.23479,0.29315,1.0,0.5636,0.29315
-13.11115,38.97314,-9.78551,-0.25117,0.016,-0.96781,0.99121,9e-05,0.00044,0.51,1.0,0.01935,0.11359,3.51163,1.65932,0.22425,0.26783,0.40159,0.99845,0.60266,0.40159
-13.20123,39.85822,5.89954,-0.31422,-0.16034,0.93571,0.82781,0.0,0.0,nan,0.0,0.00638,0.02258,35.73728,1.81269,0.23747,0.46534,0.38239,0.64152,0.55166,0.38239
-12.78711,39.07981,6.51264,-0.41122,0.00274,0.91153,0.92317,0.0,0.0,nan,0.0,0.00938,0.02911,38.97117,1.8577,0.24041,0.56254,0.51247,0.60208,0.5383,0.51247
-12.01312,40.71569,-10.01341,-0.2285,0.01036,-0.97349,0.996,0.0,0.0,nan,0.0,0.01274,0.09767,3.08264,1.84275,0.23035,0.21628,0.56616,0.9943,0.54267,0.56616
-13.04479,41.03819,-9.72409,-0.29027,0.0255,-0.95661,0.9958,0.0,0.0,nan,0.0,0.01464,0.08995,3.30128,1.76994,0.22374,0.26175,0.67211,0.99879,0.56499,0.67211
-13.18985,40.19323,5.8376,-0.28669,-0.18664,0.93967,0.81577,0.0,0.0,nan,0.0,0.00571,0.01876,37.95451,1.8442,0.24019,0.48118,0.46765,0.66561,0.54224,0.46765
-13.0084,40.76434,7.09501,-0.30426,-0.17191,0.93695,0.99182,0.0,0.0,nan,0.0,0.015,0.03225,40.19305,1.70598,0.24148,0.5982,0.50043,0.81611,0.58617,0.50043
-12.02964,41.88937,8.00114,-0.32155,-0.05844,0.94509,0.97478,0.0,0.0,nan,0.0,0.01303,0.03627,45.79859,1.6479,0.24219,0.6772,0.46546,0.55354,0.60683,0.46546
-12.02841,42.62602,-10.00208,-0.24379,0.00485,-0.96982,0.99671,0.0,0.0,nan,0.0,0.0221,0.12905,3.42028,1.72614,0.21918,0.27508,0.35895,0.98668,0.57933,0.35895
-13.02954,42.99113,-9.68505,-0.29964,0.00214,-0.95405,0.9962,0.0,0.0,nan,0.0,0.00531,0.08166,6.19506,1.6479,0.22471,0.32924,0.79773,0.30854,0.60683,0.79773
-12.92501,43.07207,6.98545,-0.30699,0.06725,0.94933,0.98039,0.0,0.0,nan,0.0,0.01523,0.04154,41.46224,2.05441,0.23799,0.70252,0.53767,0.54706,0.48676,0.53767
-12.00524,45.74388,-10.01125,-0.21361,-0.04541,-0.97586,0.99651,0.0,0.0,nan,0.0,0.00373,0.05733,6.51158,1.81269,0.22651,0.34065,0.78356,0.27974,0.55166,0.78356
-13.04466,45.03452,-9.6939,-0.28571,-0.04394,-0.95731,0.9961,0.0,0.0,nan,0.0,0.00371,0.05922,7.02171,1.6479,0.22311,0.34288,0.85495,0.35331,0.60683,0.85495
-13.07209,44.98182,6.96929,-0.36753,0.03058,0.92951,0.98692,0.0,0.0,nan,0.0,0.00511,0.0242,41.89844,3.54139,0.23995,0.67187,0.80411,0.3981,0.28238,0.80411
-12.43913,47.36382,-10.06635,-0.20097,-0.05175,-0.97823,0.99661,0.0,0.0,nan,0.0,0.00543,0.06266,5.71664,1.6479,0.23189,0.36106,0.52866,0.3242,0.60683,0.52866
-13.25717,46.78172,-9.81814,-0.26496,-0.07621,-0.96124,0.9962,0.0,0.0,nan,0.0,0.00564,0.0526,6.57431,2.02745,0.22442,0.43602,0.65749,0.32053,0.49323,0.65749
-12.93668,46.84117,7.1402,-0.28369,-0.06892,0.95644,0.99549,0.0,0.0,nan,0.0,0.00728,0.02892,21.87615,1.81269,0.23316,0.44836,0.5164,0.61256,0.55166,0.5164
-12.64303,49.02672,-10.12806,-0.19326,0.01955,-0.98095,0.9959,0.0,0.0,nan,0.0,0.00891,0.04332,3.46045,2.0917,0.22284,0.32906,0.3669,0.98617,0.47808,0.3669
-13.5678,49.10271,-9.90918,-0.25043,0.01625,-0.968,0.9959,0.0,0.0,nan,0.0,0.01319,0.05227,3.28741,1.97518,0.22946,0.49144,0.53863,0.82594,0.50628,0.53863
-12.96959,49.01293,7.39128,-0.24788,0.00026,0.96879,0.99569,0.0,0.0,nan,0.0,0.00772,0.05064,11.16774,1.65602,0.24153,0.72664,0.81853,0.31691,0.60386,0.81853
-12.26559,50.49905,-10.04359,-0.17603,0.05832,-0.98266,0.99702,0.0,0.0,nan,0.0,0.01099,0.05755,3.34925,2.08969,0.22929,0.30504,0.31461,1.0,0.47854,0.31461
-13.09781,51.05608,-9.80105,-0.21777,0.06688,-0.97371,0.99722,0.0,0.0,nan,0.0,0.01036,0.04607,3.24426,1.71795,0.23007,0.36358,0.60097,1.0,0.58209,0.60097
-13.06146,51.10921,7.25508,-0.28522,0.05093,0.95711,0.99651,0.0,0.0,nan,0.0,0.00666,0.02288,10.71531,3.42116,0.23561,0.58987,0.57319,0.58526,0.2923,0.57319
-13.00499,52.99281,-9.71059,-0.20702,0.07936,-0.97511,0.99661,0.0,0.0,nan,0.0,0.01908,0.09124,3.16002,1.75317,0.22997,0.34733,0.35224,0.983,0.5704,0.35224
-13.01957,52.94269,7.27262,-0.31148,-0.02267,0.94998,0.99518,0.0,0.0,nan,0.0,0.00689,0.01947,12.80392,1.89041,0.23929,0.67146,0.481,0.6088,0.52899,0.481
-13.00896,55.01965,-9.5114,-0.18357,0.12528,-0.97499,0.99651,0.0,0.0,nan,0.0,0.00514,0.08458,5.07653,2.36582,0.22504,0.36989,0.91289,0.47801,0.42269,0.91289
-13.12446,55.0382,7.26715,-0.41722,-0.00324,0.9088,0.99549,0.0,0.0,nan,0.0,0.00571,0.03087,22.82619,1.71347,0.24217,0.60739,0.45971,0.33101,0.58361,0.45971
-12.96513,57.01998,-9.20522,-0.14222,0.21717,-0.96572,0.99722,0.0,0.0,nan,0.0,0.00754,0.09678,5.33182,1.92705,0.22664,0.40867,0.89644,0.49342,0.51893,0.89644
-13.9187,56.58004,5.93041,-0.38703,-0.14106,0.91122,0.85412,0.0,0.0,nan,0.0,0.00328,0.01581,25.27791,1.68381,0.24325,0.50998,0.52253,0.43837,0.59389,0.52253
-13.07674,56.86635,7.35192,-0.42334,-0.14977,0.89351,0.99559,0.0,0.0,nan,0.0,0.00586,0.02462,15.94568,2.6651,0.21703,0.6785,0.75352,0.39901,0.37522,0.75352
-13.00314,59.00943,-8.61529,-0.09302,0.38055,-0.92007,0.99631,0.0,0.0,nan,0.0,0.02106,0.09251,6.0936,2.06789,0.22398,0.43971,0.76156,0.71414,0.48359,0.76156
-13.01153,58.95994,7.7554,-0.2758,0.10708,0.95523,0.93337,0.0,0.0,nan,0.0,0.00971,0.08585,18.32582,1.69371,0.24166,0.72018,0.89148,0.31841,0.59042,0.89148
-12.03173,58.81644,8.01104,-0.25782,0.12591,0.95795,0.96224,0.0,0.0,nan,0.0,0.01521,0.0625,11.92769,2.25709,0.23587,0.62208,0.46563,0.45672,0.44305,0.46563
-12.84313,60.14555,-8.08615,-0.06883,0.56134,-0.82472,0.97662,0.0,0.0,nan,0.0,0.02167,0.11303,8.64702,1.65391,0.2391,0.6753,0.38032,0.34964,0.60463,0.38032
-12.99873,61.19424,-7.27966,-0.07567,0.78091,-0.62005,0.95061,0.0,0.0,nan,0.0,0.01016,0.03545,9.93956,2.03638,0.23028,0.46236,0.52002,0.74451,0.49107,0.52002
-13.27646,61.90248,-5.24039,-0.12658,0.97106,-0.20252,0.98855,0.0,0.0,nan,0.0,0.00985,0.03148,10.6913,1.72905,0.23669,0.53453,0.56189,0.69523,0.57835,0.56189
-13.76073,61.96099,-3.00634,-0.205,0.97865,-0.01472,0.99498,0.0,0.0,nan,0.0,0.00583,0.02721,9.43055,1.85674,0.22209,0.44886,0.55522,0.57889,0.53858,0.55522
-13.65333,61.9291,-0.8078,-0.19089,0.98131,0.02451,0.99365,0.0,0.0,nan,0.0,0.00395,0.03017,10.03714,1.80277,0.23047,0.4976,0.82322,0.41245,0.5547,0.82322
-13.1354,61.91867,0.99679,-0.13157,0.99102,0.02371,0.99202,0.0,0.0,nan,0.0,0.00242,0.04022,8.54145,1.66059,0.2303,0.54818,0.91605,0.28897,0.6022,0.91605
-13.05399,61.90631,2.92194,-0.08309,0.99487,0.05766,0.99212,0.0,0.0,nan,0.0,0.01084,0.03592,5.85478,1.6479,0.24079,0.47976,0.67463,0.84376,0.60683,0.67463
-13.03999,61.64704,5.07633,-0.0645,0.96188,0.26575,0.98764,0.0,0.0,nan,0.0,0.00712,0.02859,8.4079,1.84295,0.23533,0.505,0.475,0.61092,0.54261,0.475
-12.93755,60.77649,6.88171,-0.14827,0.70076,0.69782,0.92725,0.0,0.0,nan,0.0,0.00915,0.02674,9.28468,1.96019,0.23588,0.41995,0.39397,0.99012,0.51015,0.39397
-12.64933,62.13462,-4.5662,-0.0687,0.99034,-0.12043,0.99172,0.0,0.0,nan,0.0,0.01425,0.04108,7.80233,1.86092,0.23759,0.51152,0.32272,0.85218,0.53737,0.32272
-12.77997,62.20277,-2.96074,-0.1041,0.99424,-0.02538,0.99192,0.0,0.0,nan,0.0,0.00633,0.02346,6.16918,1.848,0.23744,0.35727,0.38025,1.0,0.54112,0.38025
-12.76604,62.10138,-1.14531,-0.13378,0.99072,0.02394,0.98733,0.0,0.0,nan,0.0,0.01165,0.04049,7.81991,1.85057,0.22503,0.51242,0.4445,0.70492,0.54037,0.4445
-12.15873,62.00246,1.00251,-0.10136,0.99388,0.04385,0.98029,0.0,0.0,nan,0.0,0.01417,0.05098,5.63348,1.6479,0.24298,0.41274,0.46743,0.91239,0.60683,0.46743
-12.01437,62.01713,2.06791,-0.08056,0.99524,0.05483,0.98855,0.0,0.0,nan,0.0,0.00531,0.0259,5.26538,1.9609,0.227,0.29736,0.39496,0.95216,0.50997,0.39496
-11.05444,1.34442,-4.70657,0.03414,-0.7262,-0.68664,0.92134,0.0,0.0,nan,0.0,0.00903,0.05146,29.33929,1.81269,0.23278,0.38963,0.50278,0.48089,0.55166,0.50278
-10.92617,0.5361,-3.00668,0.09825,-0.96408,-0.24676,0.96622,0.0,0.0,nan,0.0,0.01329,0.06812,28.42723,1.6479,0.24318,0.32865,0.48852,0.63532,0.60683,0.48852
-11.03292,0.48661,-0.97329,0.10511,-0.99424,0.02077,0.9961,0.0,0.0,nan,0.0,0.01197,0.08164,28.79218,1.97885,0.22881,0.18804,0.44123,0.83355,0.50535,0.44123
-11.00512,0.92851,0.88163,0.05246,-0.9857,0.16012,0.99518,0.0,0.0,nan,0.0,0.01478,0.0808,22.44519,1.81269,0.2371,0.21542,0.41257,0.92487,0.55166,0.41257
-11.01904,1.18647,2.99605,0.00105,-0.97996,0.19919,0.99549,0.0,0.0,nan,0.0,0.02068,0.10292,19.67325,1.69397,0.23039,0.23553,0.41737,0.93986,0.59033,0.41737
-11.01131,1.66186,5.03436,-0.0667,-0.93732,0.34203,0.99386,0.0,0.0,nan,0.0,0.01692,0.09182,25.82433,1.71373,0.22793,0.25591,0.3655,0.77587,0.58352,0.3655
-10.83262,1.91449,6.14469,-0.12066,-0.85185,0.5097,0.9653,0.0,0.0,nan,0.0,0.0177,0.0802,32.87957,1.6479,0.23262,0.25523,0.42007,0.91705,0.60683,0.42007
-11.97045,3.90304,-6.02746,-0.11445,-0.28317,-0.95222,0.98957,0.0,0.0,nan,0.0,0.01122,0.04899,32.77379,2.11056,0.23089,0.38131,0.40916,0.6375,0.47381,0.40916
-11.09765,3.05884,-5.56866,-0.03315,-0.39649,-0.91744,0.98509,0.0,0.0,nan,0.0,0.01084,0.04694,28.96005,2.05378,0.23478,0.38949,0.48074,0.6339,0.48691,0.48074
-11.20688,2.0008,5.96344,-0.11813,-0.8491,0.51486,0.97652,0.0,0.0,nan,0.0,0.01761,0.08008,33.33209,1.6479,0.2344,0.24534,0.37889,0.94992,0.60683,0.37889
-10.96999,2.9094,7.23297,-0.19019,-0.62035,0.76091,0.96469,0.00072,0.00361,0.7,1.0,0.01621,0.06958,34.32922,1.85122,0.23458,0.2619,0.32668,0.94155,0.54019,0.32668
-11.08646,5.17155,-6.3419,0.01121,-0.16826,-0.98568,0.98957,0.00051,0.00256,0.6,1.0,0.01081,0.06971,28.87977,1.75156,0.23476,0.26385,0.48883,0.62824,0.57092,0.48883
-11.07517,4.29473,-5.8139,-0.02569,-0.2497,-0.96798,0.9962,0.0,0.0,nan,0.0,0.00956,0.05869,28.44751,1.67424,0.237,0.3315,0.55574,0.52602,0.59729,0.55574
-11.19012,4.6008,7.849,-0.24369,-0.32915,0.91229,0.9962,0.0,0.0,nan,0.0,0.01218,0.06173,24.39883,1.86613,0.21662,0.25989,0.32083,0.8217,0.53587,0.32083
-10.70561,5.38377,8.24221,-0.23797,-0.27276,0.93219,0.99722,0.0,0.0,nan,0.0,0.01278,0.06816,22.22327,1.89272,0.21845,0.2294,0.37071,0.89084,0.52834,0.37071
-11.04085,7.00495,-6.40477,0.04632,-0.17469,-0.98353,0.98294,0.01389,0.06943,0.7,1.0,0.01724,0.09631,49.01213,1.79574,0.22309,0.4173,0.66809,0.44657,0.55687,0.66809
-11.00564,7.02128,8.62388,-0.25298,-0.19947,0.94668,0.99712,0.0084,0.042,0.6,1.0,0.01307,0.07106,20.84418,1.71367,0.22414,0.21688,0.54282,0.92926,0.58354,0.54282
-10.16916,9.8905,-8.16688,-0.11622,-0.59908,-0.79221,0.95663,0.03274,0.1637,0.7,1.0,0.01021,0.05118,38.6787,2.13397,0.23186,0.40494,0.73646,0.5179,0.46861,0.73646
-11.1995,9.10053,-6.75485,-0.12147,-0.52325,-0.84348,0.96958,0.00071,0.00357,0.7,1.0,0.0171,0.06318,52.90657,2.06237,0.23759,0.31879,0.68143,0.88079,0.48488,0.68143
-10.17186,8.53951,-5.90107,0.12585,-0.46926,-0.87405,0.85188,0.0,0.0,nan,0.0,0.02038,0.06407,61.59061,1.65085,0.23619,0.39128,0.50295,0.8393,0.60575,0.50295
-11.00995,9.01076,8.91687,-0.28488,-0.06882,0.95609,0.99722,0.01513,0.07566,0.6,1.0,0.01084,0.0578,19.69042,1.92039,0.2232,0.24447,0.49145,0.84512,0.52073,0.49145
-11.0639,10.85406,-8.75518,-0.24213,-0.43939,-0.86505,0.90696,0.02065,0.10323,0.7,1.0,0.0058,0.0443,39.4567,1.79133,0.23128,0.26835,0.36451,0.51255,0.55825,0.36451
-11.55646,10.15124,-7.90628,-0.30456,-0.50629,-0.80679,0.95204,0.02259,0.11293,0.7,1.0,0.00848,0.05113,49.92199,1.85292,0.23573,0.23929,0.46323,0.72101,0.53969,0.46323
-10.94226,10.9938,8.88143,-0.26904,-0.00868,0.96309,0.99712,0.00507,0.02534,0.6,1.0,0.01213,0.05327,24.36686,1.70454,0.22842,0.29219,0.43832,0.84315,0.58667,0.43832
-10.98669,13.00996,-9.43676,-0.1682,-0.24275,-0.9554,0.90135,0.0,0.0,nan,0.0,0.00274,0.04763,39.67942,1.87512,0.23118,0.68666,0.97302,0.30699,0.5333,0.97302
-10.9134,12.96031,8.89284,-0.24536,0.0338,0.96884,0.9962,0.0038,0.01902,0.6,1.0,0.01179,0.05301,27.24875,1.69838,0.2244,0.29209,0.38254,0.81701,0.5888,0.38254
-10.98727,15.02218,-9.56129,-0.11335,-0.13961,-0.9837,0.92226,0.0,0.0,nan,0.0,0.00367,0.12961,35.23944,1.81269,0.23439,0.65948,0.99472,0.20905,0.55166,0.99472
-11.51667,15.86059,7.86346,-0.26255,0.15775,0.95194,0.95316,0.00592,0.02959,0.7,1.0,0.00411,0.057,46.84742,2.01159,0.22739,0.65024,0.95012,0.32129,0.49712,0.95012
-11.04644,15.01801,8.74239,-0.30806,0.16652,0.93668,0.99498,0.0037,0.01852,0.7,1.0,0.01444,0.07918,35.49141,1.91556,0.23943,0.52362,0.8858,0.65069,0.52204,0.8858
-11.04788,16.98402,-9.71113,-0.07655,-0.05959,-0.99528,0.97407,0.0,0.0,nan,0.0,0.00774,0.06981,5.34622,3.09547,0.22069,0.2829,0.41528,0.5386,0.32305,0.41528
-11.30765,16.97342,7.6518,-0.28041,0.02049,0.95966,0.90961,0.0,0.0,nan,0.0,0.00892,0.03461,33.70514,1.92425,0.22346,0.52692,0.84982,0.76127,0.51968,0.84982
-10.40437,17.41389,8.41174,-0.39506,-0.02958,0.91818,0.98345,0.0,0.0,nan,0.0,0.00829,0.02802,31.3889,3.22476,0.22989,0.56951,0.41232,0.55236,0.3101,0.41232
-11.10462,19.03507,-9.80365,-0.14404,0.06118,-0.98768,0.98927,0.01841,0.09204,0.51,1.0,0.00867,0.026,4.58916,2.23184,0.23453,0.54721,0.43422,0.87515,0.44806,0.43422
-11.96746,18.00763,7.99564,-0.30411,0.00866,0.9526,0.99325,0.0,0.0,nan,0.0,0.01104,0.03182,34.9639,1.6479,0.23483,0.54649,0.49029,0.67118,0.60683,0.49029
-11.04807,18.91415,8.82968,-0.38528,-0.04564,0.92167,0.98478,0.0,0.0,nan,0.0,0.00851,0.02557,30.90731,2.04107,0.23687,0.52457,0.51553,0.67537,0.48994,0.51553
-11.07897,21.00922,-9.64496,-0.32787,0.15732,-0.93153,0.96326,0.0,0.0,nan,0.0,0.01065,0.06172,10.97091,2.08858,0.23763,0.72474,0.66211,0.28152,0.47879,0.66211
-11.58275,21.19219,-4.0949,-0.36174,-0.25011,0.8981,0.16156,0.0,0.0,nan,0.0,0.0,,,,,,,,,
-11.69173,21.77864,-3.98455,-0.41241,-0.1814,0.89275,0.16646,0.0,0.0,nan,0.0,0.0,,,,,,,,,
-11.54107,21.22798,7.9055,-0.48355,0.15127,0.86215,0.97499,0.0,0.0,nan,0.0,0.01694,0.04104,28.77821,2.54084,0.23172,0.54303,0.52611,0.81299,0.39357,0.52611
-10.76067,20.77711,8.55452,-0.43391,0.16973,0.88483,0.99386,0.0,0.0,nan,0.0,0.01469,0.03854,23.08226,1.76746,0.2367,0.54813,0.749,0.75582,0.56578,0.749
-10.9788,23.14494,-9.19787,-0.48261,0.30437,-0.82124,0.97417,0.0,0.0,nan,0.0,0.00384,0.04128,32.60444,1.70178,0.23827,0.68355,0.94158,0.37317,0.58762,0.94158
-11.25066,23.66606,-7.65215,-0.51847,0.28553,-0.80602,0.86861,0.0,0.0,nan,0.0,0.00736,0.05227,49.02414,3.37537,0.24247,0.4613,0.57665,0.31756,0.29626,0.57665
-11.60656,22.03592,-4.05119,-0.46737,-0.27668,0.83965,0.1739,0.0,0.0,nan,0.0,0.0,,,,,,,,,
-11.37435,22.87827,7.43787,-0.41643,-0.16969,0.89319,0.93592,0.0,0.0,nan,0.0,0.00746,0.02031,26.30566,1.93773,0.23445,0.44375,0.45164,0.88995,0.51607,0.45164
-10.43708,23.50861,8.22396,-0.31752,-0.12207,0.94036,0.98407,0.0,0.0,nan,0.0,0.01506,0.03165,23.1493,1.79086,0.2342,0.57938,0.5845,0.89196,0.55839,0.5845
-11.31492,25.29727,-8.37208,-0.27294,-0.13101,-0.95307,0.9092,0.0,0.0,nan,0.0,0.0106,0.04706,67.18831,1.69536,0.24821,0.65937,0.84145,0.4975,0.58985,0.84145
-10.81166,24.89095,-7.78821,-0.35612,0.06174,-0.9324,0.82189,0.0,0.0,nan,0.0,0.01082,0.08314,74.1135,1.8851,0.24768,0.53023,0.8449,0.36207,0.53048,0.8449
-11.84183,25.95067,7.88682,-0.31254,0.09563,0.94508,0.98519,0.0,0.0,nan,0.0,0.00947,0.03152,33.79643,2.51792,0.23885,0.68575,0.39399,0.46387,0.39715,0.39399
-11.07587,24.96171,8.86285,-0.30322,-0.04905,0.95166,0.96163,0.0,0.0,nan,0.0,0.00858,0.0194,25.95517,1.74255,0.23222,0.5706,0.38277,0.83456,0.57387,0.38277
-10.63009,27.60383,-10.26159,0.21434,-0.43216,-0.87595,0.80088,0.0,0.0,nan,0.0,0.00364,0.04282,31.70867,1.67827,0.24577,0.67799,0.90193,0.25935,0.59585,0.90193
-11.05048,26.69335,-9.49185,-0.02611,-0.45584,-0.88968,0.90838,0.0,0.0,nan,0.0,0.00624,0.03808,41.53173,3.049,0.24188,0.7508,0.864,0.35997,0.32798,0.864
-10.2661,26.48851,-7.70868,0.28821,-0.23363,-0.92863,0.73203,0.0,0.0,nan,0.0,0.00559,0.05787,80.86384,1.6479,0.24143,0.53971,0.88007,0.31401,0.60683,0.88007
-11.62044,27.02225,7.74663,-0.36095,0.1196,0.92488,0.97846,0.0,0.0,nan,0.0,0.01225,0.036,32.0407,1.85492,0.23441,0.69482,0.60222,0.52031,0.53911,0.60222
-10.72582,26.86399,8.53545,-0.30311,0.131,0.94391,0.99172,0.0,0.0,nan,0.0,0.01618,0.03644,28.25717,1.757,0.23686,0.64725,0.52979,0.73455,0.56915,0.52979
-10.92229,29.07193,-10.65095,0.21385,-0.07609,-0.9739,0.77885,0.0,0.0,nan,0.0,0.01162,0.05462,19.57655,1.76764,0.24454,0.68581,0.47752,0.3418,0.56573,0.47752
-11.96713,28.02131,-9.9617,-0.12249,-0.40108,-0.90782,0.89482,0.0,0.0,nan,0.0,0.01808,0.12811,16.29943,1.85919,0.22471,0.76321,0.82009,0.26766,0.53787,0.82009
-11.52492,28.60325,7.8698,-0.31337,-0.11195,0.94301,0.98702,0.0,0.0,nan,0.0,0.01309,0.04706,24.83707,1.83943,0.24202,0.54657,0.44352,0.54998,0.54365,0.44352
-10.84189,29.11155,8.33316,-0.21466,-0.12082,0.96919,0.99223,0.0,0.0,nan,0.0,0.00697,0.02313,18.65222,2.28499,0.22645,0.49384,0.55534,0.67598,0.43764,0.55534
-11.26408,30.7654,-10.37889,0.22711,0.26569,-0.93692,0.92419,0.0,0.0,nan,0.0,0.00888,0.02957,15.44174,3.54058,0.24636,0.79482,0.70816,0.42659,0.28244,0.70816
-10.64909,31.3511,-9.40718,0.24776,0.24196,-0.93812,0.9603,0.0,0.0,nan,0.0,0.00514,0.02288,15.34716,2.74552,0.23412,0.66248,0.6269,0.38336,0.36423,0.6269
-11.03064,30.91633,8.7054,-0.21671,-0.08898,0.97217,0.98957,0.0,0.0,nan,0.0,0.01267,0.04658,14.12936,1.71347,0.23526,0.53866,0.39313,0.5766,0.58361,0.39313
-11.85851,32.08065,-10.0621,0.14574,0.29049,-0.94572,0.95693,0.0,0.0,nan,0.0,0.00398,0.02426,25.80837,2.28289,0.23021,0.55132,0.65676,0.32069,0.43804,0.65676
-11.05872,32.95778,-9.00708,-0.03236,0.07864,-0.99638,0.90675,0.0,0.0,nan,0.0,0.00466,0.01966,25.18113,2.71261,0.23445,0.46382,0.77617,0.60254,0.36865,0.77617
-11.9309,33.85717,7.9269,-0.37147,0.12662,0.91977,0.99549,0.0,0.0,nan,0.0,0.0098,0.02453,20.03408,1.67754,0.23819,0.54921,0.51365,0.79987,0.59611,0.51365
-11.00559,33.03868,8.74767,-0.24924,0.13438,0.95907,0.97958,0.0,0.0,nan,0.0,0.01047,0.03128,14.31473,1.67324,0.23783,0.61818,0.6364,0.61698,0.59764,0.6364
-10.64721,35.53281,-10.09667,-0.13653,-0.18007,-0.97413,0.98957,0.0,0.0,nan,0.0,0.00791,0.04815,4.60818,2.15289,0.23115,0.64236,0.8645,0.57905,0.46449,0.8645
-11.19314,34.6914,-9.77138,-0.1694,-0.18446,-0.96813,0.96693,0.0,0.0,nan,0.0,0.00168,0.05008,20.27098,3.07848,0.2364,0.70381,0.99578,0.24503,0.32484,0.99578
-11.60172,35.24694,7.82679,-0.37293,0.05533,0.92621,0.99631,0.0,0.0,nan,0.0,0.0134,0.03037,21.67748,1.68024,0.24549,0.56769,0.36305,0.84898,0.59515,0.36305
-10.92589,34.91857,8.31785,-0.27679,0.04023,0.96009,0.9859,0.0,0.0,nan,0.0,0.01229,0.04353,19.53232,1.69051,0.23256,0.53144,0.76322,0.61163,0.59154,0.76322
-10.80076,37.04184,-10.11867,-0.12874,-0.06714,-0.9894,0.99121,0.0,0.0,nan,0.0,0.01366,0.04642,3.62086,1.90315,0.23131,0.47332,0.72999,0.96487,0.52544,0.72999
-11.81565,36.87982,-9.96173,-0.16152,-0.0771,-0.98385,0.99059,0.0,0.0,nan,0.0,0.00311,0.05974,4.82281,1.86669,0.24402,0.67288,0.94818,0.29877,0.53571,0.94818
-10.52461,37.7326,7.9763,-0.3554,0.11183,0.928,0.99467,0.0,0.0,nan,0.0,0.01088,0.03214,34.85895,1.87019,0.23008,0.54986,0.73366,0.65068,0.53471,0.73366
-11.07144,37.02205,8.60931,-0.35053,0.09258,0.93196,0.96632,0.0,0.0,nan,0.0,0.00389,0.02101,28.15914,1.81269,0.22882,0.43441,0.40787,0.4558,0.55166,0.40787
-11.0479,39.01728,-10.18168,-0.15551,-0.02476,-0.98752,0.9908,0.03128,0.15641,0.51,1.0,0.01611,0.09071,3.11234,1.84739,0.22112,0.29172,0.41408,1.0,0.5413,0.41408
-11.94811,38.21252,-9.99629,-0.17798,-0.01987,-0.98383,0.99141,0.0038,0.01898,0.51,1.0,0.01449,0.08971,3.61995,1.72471,0.22256,0.257,0.25873,0.97543,0.57981,0.25873
-11.47444,38.8139,7.75582,-0.43637,0.10317,0.89383,0.98968,0.0,0.0,nan,0.0,0.01461,0.03705,48.88882,1.70925,0.23839,0.61811,0.46963,0.66413,0.58505,0.46963
-10.84277,38.98368,8.35271,-0.37587,0.10125,0.92112,0.9805,0.0,0.0,nan,0.0,0.01328,0.03238,43.65886,1.75367,0.23624,0.59446,0.60561,0.72147,0.57023,0.60561
-11.00234,41.04504,-10.22424,-0.17585,-0.00213,-0.98441,0.9959,0.00563,0.02817,0.51,1.0,0.01772,0.10769,2.9185,1.81269,0.22753,0.28263,0.45378,0.98126,0.55166,0.45378
-11.60165,40.4122,7.68075,-0.39628,-0.10116,0.91254,0.98947,0.0,0.0,nan,0.0,0.01526,0.03394,43.03853,1.74571,0.23933,0.57693,0.51052,0.81539,0.57283,0.51052
-10.87524,41.02936,8.08257,-0.32359,-0.06521,0.94395,0.99019,0.0,0.0,nan,0.0,0.01232,0.03176,39.77452,1.81269,0.23822,0.54795,0.42548,0.7433,0.55166,0.42548
-10.97333,43.02576,-10.2237,-0.18121,0.00368,-0.98344,0.98804,0.0,0.0,nan,0.0,0.01395,0.09933,2.94776,1.88205,0.21917,0.23574,0.53235,1.0,0.53134,0.53235
-11.93648,43.18433,-9.98928,-0.23908,0.00169,-0.971,0.99651,0.0,0.0,nan,0.0,0.0098,0.10934,3.88676,1.81269,0.22521,0.16874,0.39206,0.80461,0.55166,0.39206
-11.57281,43.22294,7.81176,-0.279,0.07773,0.95714,0.98539,0.0,0.0,nan,0.0,0.01359,0.04293,34.11928,1.94131,0.22726,0.68508,0.67955,0.4893,0.51512,0.67955
-10.69979,42.85744,8.26038,-0.25856,0.06667,0.96369,0.97611,0.0,0.0,nan,0.0,0.01517,0.0373,25.64006,1.71084,0.24045,0.53694,0.33039,0.8164,0.58451,0.33039
-11.04359,44.98611,-10.20755,-0.17538,-0.01753,-0.98434,0.98917,0.0,0.0,nan,0.0,0.00986,0.08592,4.46366,1.83974,0.22487,0.28162,0.48458,0.59024,0.54356,0.48458
-11.99638,44.72878,-9.99177,-0.23156,-0.02361,-0.97253,0.99539,0.0,0.0,nan,0.0,0.00273,0.06737,6.46721,1.67617,0.22175,0.33516,0.8786,0.26852,0.5966,0.8786
-11.40546,44.92415,7.81821,-0.21675,0.08168,0.9728,0.97591,0.0,0.0,nan,0.0,0.01853,0.04232,27.4555,2.41816,0.22331,0.63242,0.64874,0.74263,0.41354,0.64874
-10.40793,45.11118,8.13929,-0.12998,0.15697,0.97901,0.98325,0.0,0.0,nan,0.0,0.01107,0.02742,30.28163,3.58755,0.23154,0.69756,0.6573,0.61711,0.27874,0.6573
-11.01156,46.97284,-10.283,-0.13188,-0.02827,-0.99086,0.98713,0.00194,0.00968,0.6,1.0,0.01141,0.05688,3.79168,1.94089,0.21643,0.30827,0.5738,0.99389,0.51523,0.5738
-10.96141,46.87499,7.56134,-0.10694,-0.05222,0.99289,0.99518,0.0,0.0,nan,0.0,0.00565,0.02065,19.79443,1.87147,0.23956,0.48521,0.62664,0.62021,0.53434,0.62664
-10.54033,46.11719,8.04296,-0.09688,0.02724,0.99492,0.9909,0.0,0.0,nan,0.0,0.00492,0.0272,27.56661,1.74815,0.24765,0.61661,0.45027,0.31495,0.57203,0.45027
-10.95673,48.96914,-10.25062,-0.10648,0.01956,-0.99412,0.99039,0.0,0.0,nan,0.0,0.01002,0.05327,3.35226,2.03801,0.21856,0.30047,0.52658,1.0,0.49067,0.52658
-10.97313,48.98378,7.83131,-0.18976,-0.03149,0.98132,0.99478,0.0,0.0,nan,0.0,0.00721,0.04955,12.61294,1.6479,0.23968,0.71293,0.81272,0.29566,0.60683,0.81272
-10.01971,48.77384,8.00205,-0.16724,-0.09278,0.98154,0.98927,0.0,0.0,nan,0.0,0.00668,0.04291,14.6809,1.84569,0.23249,0.63871,0.79265,0.32092,0.5418,0.79265
-11.00755,51.01411,-10.20024,-0.12532,0.05218,-0.99074,0.99569,0.0,0.0,nan,0.0,0.00776,0.06465,3.30835,1.92536,0.215,0.19249,0.29232,1.0,0.51938,0.29232
-11.98953,51.85666,-9.99243,-0.17298,0.06977,-0.98245,0.99671,0.0,0.0,nan,0.0,0.01025,0.06127,3.3247,1.91386,0.22027,0.26784,0.31438,1.0,0.5225,0.31438
-11.0296,51.15298,7.75174,-0.22683,0.02472,0.97362,0.99692,0.0,0.0,nan,0.0,0.00321,0.0156,12.05639,2.1718,0.23548,0.68668,0.87331,0.57649,0.46045,0.87331
-10.04719,50.54736,8.01764,-0.21568,0.04343,0.9755,0.99671,0.0,0.0,nan,0.0,0.00276,0.0224,11.83767,1.90326,0.2293,0.75442,0.92326,0.4287,0.52541,0.92326
-10.78198,52.84595,-10.12015,-0.12694,0.08356,-0.98839,0.99682,0.0,0.0,nan,0.0,0.02127,0.13712,3.52316,2.00922,0.2269,0.24318,0.67387,1.0,0.4977,0.67387
-11.61953,53.33347,-9.95498,-0.1602,0.0926,-0.98273,0.99692,0.0,0.0,nan,0.0,0.02164,0.1335,3.42246,1.77056,0.22467,0.25678,0.53537,1.0,0.56479,0.53537
-11.07438,52.80547,7.76306,-0.23832,-0.08959,0.96704,0.99651,0.0,0.0,nan,0.0,0.00282,0.01667,12.98436,1.6479,0.23163,0.70457,0.90634,0.55397,0.60683,0.90634
-10.35323,53.63343,8.07009,-0.22502,-0.13082,0.96553,0.99722,0.0,0.0,nan,0.0,0.00698,0.02736,13.12759,1.65346,0.233,0.7439,0.72386,0.39534,0.60479,0.72386
-10.27002,54.24139,-10.0235,-0.09694,0.13434,-0.98618,0.99712,0.0,0.0,nan,0.0,0.02042,0.1091,3.63805,2.24208,0.21394,0.29031,0.54085,0.99894,0.44601,0.54085
-11.0379,55.10183,-9.82516,-0.11518,0.1585,-0.98062,0.99161,0.0,0.0,nan,0.0,0.02114,0.12027,4.10587,2.21823,0.2244,0.28421,0.32088,0.91975,0.45081,0.32088
-11.52943,54.91824,7.83253,-0.32264,-0.07532,0.94352,0.99416,0.0,0.0,nan,0.0,0.00744,0.05164,7.19806,1.97547,0.23633,0.59566,0.6134,0.30901,0.50621,0.6134
-10.58514,55.04232,8.1485,-0.25126,-0.08499,0.96418,0.99702,0.0,0.0,nan,0.0,0.01414,0.06659,5.81806,1.88961,0.23187,0.55327,0.37185,0.51583,0.52921,0.37185
-11.02678,57.01176,-9.45243,-0.0824,0.25236,-0.96412,0.99263,0.0,0.0,nan,0.0,0.00761,0.0988,5.67554,2.52842,0.2165,0.41664,0.88053,0.42925,0.3955,0.88053
-11.77719,57.01613,7.96207,-0.32941,-0.07613,0.94111,0.9907,0.0,0.0,nan,0.0,0.00501,0.02662,11.12679,1.8797,0.2391,0.46203,0.35817,0.4808,0.532,0.35817
-10.78662,57.02605,8.25089,-0.24278,-0.03724,0.96937,0.99457,0.0,0.0,nan,0.0,0.01167,0.05218,8.04582,1.85757,0.23993,0.53146,0.71546,0.52561,0.53834,0.71546
-10.96814,59.02777,-8.8027,-0.03338,0.42806,-0.90313,0.98968,0.0,0.0,nan,0.0,0.01082,0.05618,8.8357,1.84673,0.22815,0.43123,0.50358,0.54791,0.5415,0.50358
-11.84914,58.30248,7.99521,-0.27605,0.03773,0.9604,0.97917,0.0,0.0,nan,0.0,0.01057,0.05842,12.77689,1.69259,0.23478,0.63622,0.57143,0.32904,0.59081,0.57143
-10.89536,58.94544,8.26146,-0.19871,0.18307,0.96281,0.97019,0.0,0.0,nan,0.0,0.01536,0.04814,9.32076,2.08141,0.23746,0.66679,0.57556,0.58109,0.48044,0.57556
-10.95618,60.20963,-8.12464,0.00872,0.60365,-0.7972,0.98152,0.0,0.0,nan,0.0,0.0064,0.04053,9.32042,1.8344,0.24334,0.36767,0.51556,0.5216,0.54514,0.51556
-10.95935,61.27206,-7.18396,0.03331,0.80069,-0.59815,0.96499,0.0,0.0,nan,0.0,0.00763,0.03248,9.70115,1.93522,0.23032,0.29911,0.50796,0.94721,0.51674,0.50796
-10.73901,61.90572,-5.24867,0.00992,0.96842,-0.24912,0.98733,0.0,0.0,nan,0.0,0.01328,0.03445,7.89876,1.88913,0.23815,0.50767,0.58692,0.95138,0.52934,0.58692
-10.68232,61.96446,-3.95737,-0.02566,0.99275,-0.11739,0.99335,0.0,0.0,nan,0.0,0.0097,0.02959,6.49609,2.68184,0.22791,0.46342,0.66056,0.92526,0.37288,0.66056
-11.90826,61.97444,0.40651,-0.09654,0.99448,0.0412,0.98294,0.0,0.0,nan,0.0,0.01261,0.04229,5.38695,1.72977,0.23831,0.42146,0.66039,0.9702,0.57811,0.66039
-11.20126,61.92867,3.44441,-0.0269,0.99351,0.1105,0.9907,0.0,0.0,nan,0.0,0.00823,0.03832,5.64827,1.81269,0.23594,0.36784,0.40062,0.79056,0.55166,0.40062
-10.96721,61.71441,4.99435,-0.0311,0.97285,0.22933,0.98825,0.0,0.0,nan,0.0,0.00509,0.03555,6.7966,1.81269,0.23939,0.47217,0.84322,0.55952,0.55166,0.84322
-11.03968,60.99894,7.20562,-0.11454,0.77014,0.6275,0.9192,0.0,0.0,nan,0.0,0.00979,0.03995,8.22701,1.6479,0.2473,0.40465,0.63844,0.7529,0.60683,0.63844
-10.46881,60.18374,8.10017,-0.16832,0.45372,0.8751,0.90379,0.0,0.0,nan,0.0,0.01256,0.04683,9.58617,2.25049,0.23219,0.48096,0.52531,0.67393,0.44435,0.52531
-11.3303,62.09095,-4.52479,-0.02431,0.98962,-0.14164,0.99263,0.0,0.0,nan,0.0,0.01169,0.03465,7.87866,1.86817,0.23102,0.45374,0.42535,0.93215,0.53528,0.42535
-10.98627,62.09485,-3.0334,-0.04308,0.99706,-0.06331,0.98825,0.0,0.0,nan,0.0,0.01108,0.03298,6.28062,2.9278,0.23176,0.53205,0.61305,0.83271,0.34155,0.61305
-11.08734,62.24384,-0.96494,-0.06592,0.99766,0.01814,0.98274,0.0,0.0,nan,0.0,0.0124,0.04119,5.79488,1.84638,0.242,0.51131,0.80537,0.9625,0.5416,0.80537
-11.00565,62.10337,0.94088,-0.04588,0.99729,0.05758,0.9805,0.0,0.0,nan,0.0,0.01865,0.06622,5.57536,1.88267,0.23552,0.58055,0.54871,0.65906,0.53116,0.54871
-10.82311,62.02303,2.68186,-0.01649,0.99627,0.08467,0.98764,0.0,0.0,nan,0.0,0.00537,0.02634,5.57858,3.40532,0.24272,0.31392,0.5728,0.88149,0.29366,0.5728
-9.00995,1.33513,-4.59136,0.09659,-0.82388,-0.55847,0.93133,0.0,0.0,nan,0.0,0.01279,0.07193,31.93638,1.8987,0.21896,0.32191,0.72752,0.58686,0.52667,0.72752
-9.1674,1.10274,-2.79404,0.15462,-0.95766,-0.24286,0.99253,0.0,0.0,nan,0.0,0.0153,0.06057,30.49069,1.85117,0.2288,0.30657,0.67158,0.87813,0.5402,0.67158
-8.92385,0.63596,-1.0255,0.11732,-0.99086,-0.06654,0.99406,0.0,0.0,nan,0.0,0.01236,0.07655,32.7238,1.69478,0.23202,0.18468,0.30249,0.92773,0.59005,0.30249
-9.02507,0.81636,0.96478,0.02159,-0.99606,0.08598,0.996,0.0,0.0,nan,0.0,0.01059,0.0644,23.97429,2.04597,0.22234,0.22339,0.48402,0.79712,0.48876,0.48402
-8.94793,1.04386,3.01447,-0.02712,-0.98195,0.18718,0.99671,0.0,0.0,nan,0.0,0.02002,0.10402,17.6446,1.68352,0.22175,0.22046,0.36309,0.97215,0.59399,0.36309
-8.99831,1.51248,5.05301,-0.05413,-0.96157,0.26918,0.99569,4e-05,0.00019,0.7,1.0,0.01049,0.07599,28.28035,1.82171,0.22956,0.23326,0.33492,0.63389,0.54893,0.33492
-8.86868,1.80246,6.46901,-0.10287,-0.88153,0.46078,0.9602,0.0,0.0,nan,0.0,0.01749,0.08127,36.27058,1.89243,0.22971,0.26945,0.38339,0.84277,0.52842,0.38339
-8.26677,3.73198,-6.05374,0.03312,-0.22308,-0.97424,0.96061,0.01772,0.04297,0.6,0.93363,0.01853,0.11116,23.76276,2.03236,0.21787,0.30224,0.36886,0.59793,0.49204,0.36886
-8.97333,3.00565,-5.46181,0.00356,-0.4577,-0.8891,0.96244,0.02475,0.12376,0.6,1.0,0.01074,0.07291,28.41225,2.04494,0.21801,0.42485,0.87492,0.6181,0.48901,0.87492
-9.06577,2.62462,7.39349,-0.1647,-0.69938,0.69551,0.96295,0.0,0.0,nan,0.0,0.01318,0.0633,36.80667,1.89877,0.22384,0.22123,0.44157,0.99197,0.52666,0.44157
-8.84958,3.54753,8.13229,-0.17799,-0.48338,0.85713,0.97448,0.0,0.0,nan,0.0,0.01228,0.06511,33.55302,1.73504,0.22936,0.27447,0.52275,0.72793,0.57635,0.52275
-9.1061,4.94319,-6.11074,0.08553,-0.08258,-0.99291,0.98917,0.02085,0.10426,0.6,1.0,0.00921,0.07655,25.96566,1.73116,0.22029,0.25257,0.67577,0.51316,0.57765,0.67577
-8.70634,5.20393,-5.99429,0.11045,-0.03487,-0.99327,0.99029,0.06015,0.06015,0.7,0.6383,0.01281,0.13447,23.17943,1.79967,0.23481,0.33746,0.84748,0.44555,0.55566,0.84748
-9.86761,4.03556,7.99156,-0.20879,-0.41982,0.88327,0.99192,0.0,0.0,nan,0.0,0.00929,0.06708,30.21389,1.81269,0.22033,0.21396,0.50449,0.69,0.55166,0.50449
-8.94631,4.93649,8.66697,-0.15912,-0.29584,0.94189,0.98641,0.0,0.0,nan,0.0,0.00805,0.05403,24.86873,2.20387,0.22655,0.24202,0.46449,0.66534,0.45375,0.46449
-9.61917,7.03272,-6.02701,0.16976,-0.16312,-0.97189,0.94174,0.05713,0.1555,0.7,0.9477,0.00805,0.09291,60.07027,2.03709,0.23696,0.51767,0.88071,0.29714,0.4909,0.88071
-8.74871,7.11193,-5.75062,0.21988,-0.13933,-0.96553,0.90828,0.03424,0.1712,0.7,1.0,0.0096,0.07769,66.02782,2.68884,0.23006,0.45189,0.69127,0.28162,0.37191,0.69127
-8.98923,7.00361,9.01628,-0.13469,-0.20168,0.97015,0.9911,0.0,0.0,nan,0.0,0.01029,0.07678,18.22369,1.77445,0.22879,0.41396,0.89309,0.66295,0.56355,0.89309
-9.10376,9.49251,-8.35234,-0.0522,-0.63478,-0.77093,0.90951,0.0,0.0,nan,0.0,0.00844,0.05127,33.46893,2.91629,0.23193,0.48992,0.79534,0.41645,0.3429,0.79534
-9.04332,8.72547,-6.96073,0.08488,-0.67056,-0.73698,0.96968,0.00667,0.03333,0.7,1.0,0.01244,0.03749,51.75118,1.74726,0.23579,0.50208,0.58968,0.6866,0.57232,0.58968
-8.51865,8.29288,-5.70925,0.19007,-0.50228,-0.84355,0.85208,0.0,0.0,nan,0.0,0.00957,0.05551,73.55568,1.85499,0.23722,0.64555,0.89093,0.49953,0.53909,0.89093
-8.99536,8.98927,9.42275,-0.13848,-0.09491,0.98581,0.99406,0.0,0.0,nan,0.0,0.01264,0.06865,14.20062,1.94895,0.22942,0.38036,0.64482,0.55246,0.5131,0.64482
-9.03027,11.04961,-8.63324,0.04634,-0.35804,-0.93256,0.97489,0.0,0.0,nan,0.0,0.0113,0.07785,17.51149,2.75168,0.22692,0.55502,0.56562,0.29145,0.36341,0.56562
-8.99272,11.01878,9.50526,-0.15419,0.0159,0.98791,0.9908,0.0,0.0,nan,0.0,0.00457,0.03029,18.12437,2.42421,0.23037,0.31819,0.49489,0.52625,0.4125,0.49489
-9.06943,13.01624,-8.87577,0.10083,-0.18806,-0.97697,0.99019,0.0,0.0,nan,0.0,0.00785,0.03365,6.18644,1.88544,0.24059,0.62313,0.37147,0.49571,0.53038,0.37147
-8.99615,12.95466,9.21691,-0.17927,-0.01609,0.98367,0.99682,0.0,0.0,nan,0.0,0.00618,0.03229,19.54021,2.70642,0.23426,0.33108,0.39355,0.63678,0.36949,0.39355
-9.00556,15.05666,-9.25162,0.0256,-0.14774,-0.98869,0.99488,0.0,0.0,nan,0.0,0.00534,0.02251,5.5804,2.02031,0.232,0.60987,0.72736,0.52813,0.49497,0.72736
-8.99768,15.02251,9.59597,-0.25239,0.00514,0.96761,0.97325,0.0,0.0,nan,0.0,0.00719,0.06075,21.7345,2.19797,0.23251,0.25728,0.29042,0.5027,0.45496,0.29042
-8.93754,17.0282,-9.5588,-0.02524,-0.11153,-0.99344,0.996,0.0,0.0,nan,0.0,0.00475,0.04506,9.44975,1.81269,0.23913,0.46194,0.52441,0.27666,0.55166,0.52441
-9.16008,16.98917,9.51634,-0.32108,0.02962,0.94659,0.96071,0.0,0.0,nan,0.0,0.00673,0.04011,23.0515,1.95791,0.23367,0.48353,0.69011,0.37707,0.51075,0.69011
-9.00685,19.02937,-9.78525,-0.07569,-0.07576,-0.99425,0.99661,0.0,0.0,nan,0.0,0.00907,0.05947,9.14958,1.89739,0.24002,0.58956,0.70136,0.31529,0.52704,0.70136
-8.99265,18.95455,9.26584,-0.23404,-0.01521,0.97211,0.9859,0.0,0.0,nan,0.0,0.00427,0.01802,22.63578,2.85875,0.23508,0.52383,0.76514,0.51715,0.3498,0.76514
-8.31052,21.3839,-10.06171,-0.10728,-0.05083,-0.99293,0.9958,0.0,0.0,nan,0.0,0.00561,0.0811,7.89058,1.89943,0.2307,0.7377,0.90776,0.23722,0.52647,0.90776
-9.21865,20.89875,-9.8905,-0.15664,-0.03288,-0.98711,0.99447,0.0,0.0,nan,0.0,0.01665,0.0662,7.73913,1.70519,0.23281,0.71742,0.55532,0.44106,0.58644,0.55532
-9.04161,20.98095,9.36791,-0.27552,0.12647,0.95294,0.98335,0.0,0.0,nan,0.0,0.01205,0.03783,15.31448,1.70038,0.23508,0.61946,0.46551,0.58113,0.5881,0.46551
-8.76361,23.13525,-10.04241,-0.30008,0.17524,-0.93768,0.96173,0.0,0.0,nan,0.0,0.00435,0.03784,22.16208,1.84917,0.25403,0.72723,0.86721,0.27563,0.54078,0.86721
-9.8203,23.00004,-9.99381,-0.41638,0.26148,-0.87078,0.93603,0.0,0.0,nan,0.0,0.00363,0.03388,21.64565,2.39248,0.22494,0.71545,0.90968,0.33462,0.41798,0.90968
-9.01608,23.07367,8.92731,-0.29737,-0.02092,0.95453,0.99325,0.0,0.0,nan,0.0,0.00839,0.03437,20.36095,1.67978,0.24043,0.46619,0.48856,0.57517,0.59532,0.48856
-8.5154,24.332,-10.08918,-0.34288,0.30502,-0.88848,0.93266,0.0,0.0,nan,0.0,0.00742,0.03293,21.55816,1.81269,0.23604,0.56178,0.71703,0.43813,0.55166,0.71703
-9.31808,25.09175,-9.11688,-0.34262,0.27374,-0.89871,0.92695,0.0,0.0,nan,0.0,0.0118,0.09386,93.16152,1.81954,0.25173,0.62814,0.79865,0.2421,0.54959,0.79865
-9.97094,24.65094,-7.99247,-0.44175,0.30799,-0.84261,0.84219,0.0,0.0,nan,0.0,0.01227,0.06756,67.18131,1.81269,0.24394,0.59148,0.6609,0.31632,0.55166,0.6609
-8.96174,24.9279,9.34116,-0.2203,-0.04315,0.97448,0.97754,0.0061,0.03048,0.7,1.0,0.01116,0.02774,20.25513,3.61884,0.23873,0.56648,0.58832,0.78023,0.27633,0.58832
-9.85461,27.85752,-10.25378,0.38441,-0.27788,-0.88035,0.77558,0.0,0.0,nan,0.0,0.00682,0.04184,38.07311,3.30345,0.24337,0.5432,0.74428,0.31588,0.30271,0.74428
-9.0072,26.54163,-8.58981,0.04178,0.17987,-0.9828,0.85902,0.0,0.0,nan,0.0,0.01532,0.07348,121.25561,3.3276,0.23779,0.81166,0.87963,0.44618,0.30052,0.87963
-8.68055,27.10616,-7.68756,0.06075,0.10116,-0.99301,0.67716,0.0,0.0,nan,0.0,0.05175,0.08923,111.80011,1.87644,0.23837,0.69561,0.68576,0.8487,0.53292,0.68576
-8.94191,26.96629,9.09256,-0.24999,0.17782,0.95178,0.99396,0.0,0.0,nan,0.0,0.00617,0.01598,19.92548,3.53145,0.23359,0.4579,0.42027,0.92805,0.28317,0.42027
-9.65626,28.84884,-10.39152,0.497,-0.13045,-0.85789,0.7662,0.0,0.0,nan,0.0,0.00945,0.02811,20.04996,3.47498,0.24181,0.59914,0.50984,0.617,0.28777,0.50984
-8.84002,28.90543,-9.11891,0.45769,-0.19849,-0.86667,0.95438,0.0,0.0,nan,0.0,0.01109,0.07583,77.9039,3.33451,0.23772,0.70849,0.83945,0.2965,0.29989,0.83945
-8.33196,28.6634,-7.44836,0.14185,-0.31479,-0.9385,0.68491,0.0,0.0,nan,0.0,0.00997,0.10877,94.95091,1.82768,0.2354,0.73101,0.91763,0.27617,0.54714,0.91763
-8.17121,28.96615,7.89272,-0.20914,0.00792,0.97785,0.86238,0.0,0.0,nan,0.0,0.0027,0.01225,22.48521,1.81269,0.2295,0.45828,0.78407,0.58863,0.55166,0.78407
-8.91779,29.08031,8.65982,-0.19794,-0.02162,0.97998,0.99406,0.0,0.0,nan,0.0,0.00365,0.01367,21.24513,1.88497,0.22797,0.47087,0.64808,0.62078,0.53051,0.64808
-9.96539,30.01635,-10.02865,0.40709,0.10682,-0.90712,0.9041,0.0,0.0,nan,0.0,0.00687,0.02244,17.85741,3.16035,0.22886,0.61076,0.37575,0.55716,0.31642,0.37575
-9.09394,30.9065,-9.09089,0.25922,-0.05685,-0.96414,0.94092,0.0,0.0,nan,0.0,0.00708,0.0253,24.58164,3.36429,0.23093,0.47458,0.56269,0.6373,0.29724,0.56269
-8.92591,30.92185,9.12534,-0.09587,-0.06038,0.99356,0.98498,0.0,0.0,nan,0.0,0.00666,0.0274,21.37778,3.41021,0.24107,0.59113,0.45624,0.44973,0.29324,0.45624
-9.03372,32.97,-9.61492,-0.05459,-0.17408,-0.98322,0.98447,0.0,0.0,nan,0.0,0.00192,0.0455,22.84562,2.72484,0.22918,0.84372,0.98549,0.22089,0.36699,0.98549
-9.01623,32.99473,8.73759,-0.01906,0.14653,0.98902,0.99671,0.0,0.0,nan,0.0,0.01507,0.04005,16.58914,1.6479,0.23809,0.72605,0.50625,0.58067,0.60683,0.50625
-8.97458,35.24036,-10.14783,-0.09572,-0.17589,-0.97975,0.98855,0.0,0.0,nan,0.0,0.01075,0.03687,3.94344,2.16948,0.23565,0.45125,0.4983,0.97351,0.46094,0.4983
-9.05455,34.2846,-9.94136,-0.11355,-0.24298,-0.96336,0.996,0.0,0.0,nan,0.0,0.00937,0.03064,4.4663,2.05104,0.23391,0.49774,0.44811,0.8898,0.48756,0.44811
-8.04023,35.77661,7.99715,-0.08999,-0.11738,0.989,0.9452,0.0,0.0,nan,0.0,0.01496,0.03945,38.90829,1.6479,0.23482,0.60619,0.37159,0.65754,0.60683,0.37159
-9.00554,35.04336,8.64076,-0.02644,-0.02156,0.99942,0.98794,0.0,0.0,nan,0.0,0.00932,0.05067,38.74287,1.73413,0.24048,0.6409,0.76833,0.32063,0.57666,0.76833
-9.0095,37.00597,-10.30546,-0.08845,-0.07079,-0.99356,0.9703,0.0,0.0,nan,0.0,0.01465,0.05496,3.29968,1.81204,0.23163,0.47837,0.72898,0.89523,0.55186,0.72898
-9.679,37.79423,7.74089,-0.28221,0.08742,0.95536,0.97999,0.0,0.0,nan,0.0,0.0111,0.03298,34.06017,1.90832,0.22497,0.48352,0.49189,0.73696,0.52402,0.49189
-8.96338,37.07018,9.05312,-0.16796,-0.03833,0.98505,0.96377,0.0,0.0,nan,0.0,0.01477,0.03758,39.83316,2.02894,0.23589,0.53758,0.45606,0.76759,0.49287,0.45606
-8.98875,38.9991,-10.40269,-0.08758,-0.03683,-0.99548,0.96479,0.0,0.0,nan,0.0,0.02095,0.10744,2.82881,1.93442,0.22592,0.337,0.52845,0.9876,0.51695,0.52845
-9.78195,38.65973,7.98717,-0.32214,0.1319,0.93746,0.99131,0.0,0.0,nan,0.0,0.01243,0.032,38.96576,1.83729,0.23354,0.57959,0.7654,0.74114,0.54428,0.7654
-8.81018,38.91031,8.6502,-0.21506,0.11399,0.96992,0.99661,0.0,0.0,nan,0.0,0.01528,0.03086,40.10705,1.93533,0.23266,0.55424,0.63302,0.93782,0.51671,0.63302
-9.03104,40.99428,-10.46663,-0.08566,-0.00964,-0.99628,0.97081,0.0,0.0,nan,0.0,0.02138,0.13461,2.66338,1.74591,0.22979,0.27811,0.70616,1.0,0.57277,0.70616
-9.79405,40.51303,7.88946,-0.286,-0.04148,0.95733,0.98774,0.0,0.0,nan,0.0,0.01321,0.03787,38.90187,1.81269,0.23603,0.50822,0.43829,0.72184,0.55166,0.43829
-8.86995,41.07633,8.3407,-0.20158,-0.00927,0.97943,0.9958,0.0,0.0,nan,0.0,0.01062,0.02991,33.56855,1.70927,0.23923,0.55211,0.47394,0.68172,0.58504,0.47394
-9.00761,42.98192,-10.45458,-0.0839,0.00936,-0.99643,0.9806,0.00499,0.02496,0.7,1.0,0.0158,0.09349,2.75484,1.88643,0.22523,0.29179,0.53901,1.0,0.5301,0.53901
-8.76698,43.75973,7.85562,-0.22854,0.24011,0.94346,0.97366,0.0,0.0,nan,0.0,0.00639,0.01656,19.23897,2.02486,0.23424,0.50487,0.25718,0.84323,0.49386,0.25718
-9.10492,42.91307,8.37748,-0.23557,0.08434,0.96819,0.98947,0.0,0.0,nan,0.0,0.0095,0.02588,22.67535,1.68282,0.24187,0.47816,0.50588,0.83555,0.59424,0.50588
-8.98212,45.02939,-10.41472,-0.07962,0.00128,-0.99682,0.98702,0.0,0.0,nan,0.0,0.02104,0.10724,3.16144,2.02649,0.22245,0.32033,0.51732,1.0,0.49346,0.51732
-8.89725,45.12167,7.37987,-0.1818,0.19257,0.96429,0.92419,0.0,0.0,nan,0.0,0.00302,0.02163,37.80392,1.6479,0.23458,0.79732,0.87074,0.30047,0.60683,0.87074
-9.32618,44.66962,8.04182,-0.18776,0.22961,0.955,0.99641,0.0,0.0,nan,0.0,0.00603,0.03008,35.45279,2.26995,0.22531,0.76702,0.85152,0.40931,0.44054,0.85152
-8.99428,47.01419,-10.42397,-0.06815,-0.00242,-0.99767,0.98254,0.0,0.0,nan,0.0,0.01104,0.0837,3.53064,2.03143,0.22106,0.3458,0.8734,0.98779,0.49226,0.8734
-8.93106,46.91098,7.38484,-0.16826,-0.07735,0.9827,0.94337,0.0,0.0,nan,0.0,0.0038,0.01082,18.75692,1.70213,0.2441,0.49059,0.43891,0.79303,0.5875,0.43891
-8.68442,47.72386,8.13047,-0.22719,-0.14783,0.96257,0.99284,0.0,0.0,nan,0.0,0.00347,0.01138,16.42807,3.43627,0.24222,0.52252,0.37104,0.65497,0.29101,0.37104
-9.04007,49.01281,-10.4149,-0.06139,0.01757,-0.99796,0.98621,0.00043,0.00215,0.7,1.0,0.02008,0.11495,3.48208,2.11714,0.21489,0.27502,0.68383,1.0,0.47233,0.68383
-9.94548,48.38046,7.9968,-0.13787,-0.11935,0.98323,0.98937,0.0,0.0,nan,0.0,0.00417,0.02042,15.60063,1.6479,0.24331,0.54449,0.68035,0.42295,0.60683,0.68035
-8.96062,48.98849,8.2107,-0.21132,-0.11826,0.97024,0.98692,0.0,0.0,nan,0.0,0.00793,0.04325,14.12144,1.6479,0.24908,0.69248,0.70881,0.30228,0.60683,0.70881
-9.00828,51.00318,-10.35932,-0.06712,0.03716,-0.99705,0.98162,0.1691,0.1691,0.6,0.7274,0.02399,0.15463,3.72739,1.92376,0.20963,0.23838,0.3922,1.0,0.51981,0.3922
-9.49309,51.83102,7.8505,-0.2197,-0.02287,0.9753,0.99518,0.0,0.0,nan,0.0,0.00196,0.0207,14.36551,1.69087,0.23955,0.72904,0.9793,0.5552,0.59141,0.9793
-8.96027,50.93053,8.22428,-0.21417,0.03123,0.9763,0.99631,0.0,0.0,nan,0.0,0.007,0.02849,14.27446,1.6479,0.22411,0.72024,0.82639,0.51436,0.60683,0.82639
-8.99368,53.014,-10.2892,-0.06324,0.09571,-0.9934,0.99376,0.13104,0.13104,0.6,0.58716,0.02472,0.13631,3.94312,1.76042,0.21988,0.27338,0.71875,1.0,0.56805,0.71875
-9.18184,52.30439,7.83437,-0.21826,-0.05929,0.97409,0.99447,0.0,0.0,nan,0.0,0.00272,0.02504,14.89826,1.67679,0.24473,0.68948,0.96073,0.54901,0.59638,0.96073
-8.90693,53.20779,8.26734,-0.20719,-0.10976,0.97212,0.99661,0.0,0.0,nan,0.0,0.00803,0.03126,15.54509,1.89057,0.22556,0.76865,0.8412,0.53253,0.52894,0.8412
-8.9545,54.49503,-10.07982,-0.05017,0.15967,-0.98589,0.9959,0.0,0.0,nan,0.0,0.02196,0.12405,3.7463,1.92612,0.2137,0.27309,0.72501,0.99442,0.51918,0.72501
-9.01928,55.44413,-9.90977,-0.042,0.20197,-0.97849,0.99284,0.0,0.0,nan,0.0,0.02495,0.12347,3.82602,2.49861,0.21803,0.30961,0.75198,1.0,0.40022,0.75198
-9.01002,54.99225,8.50018,-0.1332,-0.0634,0.98906,0.9909,0.0,0.0,nan,0.0,0.00588,0.04893,10.62844,3.06486,0.2425,0.44344,0.48606,0.32191,0.32628,0.48606
-8.93598,56.98881,-9.53242,-0.02687,0.27403,-0.96135,0.99274,0.0,0.0,nan,0.0,0.02987,0.11733,4.30752,1.882,0.22986,0.37362,0.67486,0.99782,0.53135,0.67486
-9.01374,57.02197,8.54468,-0.06624,0.00501,0.99779,0.98957,0.0,0.0,nan,0.0,0.01307,0.08906,10.11338,1.85757,0.23269,0.64164,0.70214,0.27404,0.53834,0.70214
-8.98944,59.06005,-8.82195,-0.00733,0.47706,-0.87884,0.9908,0.0,0.0,nan,0.0,0.00583,0.03721,9.29563,1.99886,0.23287,0.41025,0.53891,0.46433,0.50029,0.53891
-9.01462,59.01061,8.48166,-0.08783,0.18105,0.97954,0.96377,0.0,0.0,nan,0.0,0.02496,0.09046,11.17113,1.86864,0.22777,0.7748,0.56428,0.41992,0.53515,0.56428
-9.35143,60.02043,-8.07876,0.00991,0.60907,-0.79305,0.98407,0.0,0.0,nan,0.0,0.00682,0.03412,9.81305,1.84453,0.22047,0.34577,0.27206,0.69562,0.54214,0.27206
-9.04797,60.91525,-7.13683,0.02536,0.7898,-0.61284,0.98233,0.0,0.0,nan,0.0,0.00686,0.02535,10.75667,1.88086,0.22889,0.35284,0.40517,0.90938,0.53167,0.40517
-9.22677,61.99218,-5.49449,0.02038,0.94696,-0.3207,0.97509,0.0,0.0,nan,0.0,0.00603,0.02654,8.5207,1.96784,0.23265,0.34813,0.56594,0.80659,0.50817,0.56594
-8.31894,61.91748,1.5275,0.02189,0.99704,0.07371,0.98407,0.0,0.0,nan,0.0,0.00575,0.02213,6.37378,2.49487,0.23712,0.34155,0.5211,1.0,0.40082,0.5211
-8.7206,61.91389,3.21121,0.01009,0.99601,0.08866,0.97693,0.0,0.0,nan,0.0,0.00487,0.02178,6.50137,1.67658,0.24243,0.30542,0.4764,0.95699,0.59645,0.4764
-9.06882,61.73143,4.94964,-0.01251,0.98482,0.1731,0.98029,0.0,0.0,nan,0.0,0.00455,0.02543,6.11936,1.81269,0.23842,0.46429,0.84862,0.74628,0.55166,0.84862
-8.96756,61.23391,7.21999,-0.10884,0.83181,0.54429,0.91838,0.0,0.0,nan,0.0,0.01406,0.0647,9.22684,1.7723,0.2377,0.60584,0.66768,0.43651,0.56424,0.66768
-8.86334,60.37094,8.20689,-0.11623,0.48883,0.8646,0.89737,0.0,0.0,nan,0.0,0.0153,0.06086,10.13631,2.19928,0.23133,0.55519,0.59146,0.54211,0.45469,0.59146
-8.92661,62.11518,-4.63363,-0.00475,0.9766,-0.21501,0.98437,0.0,0.0,nan,0.0,0.00887,0.03731,7.32833,1.90653,0.23004,0.50031,0.85585,0.91415,0.52451,0.85585
-9.0402,62.29824,-3.017,-0.02956,0.99644,-0.07899,0.98386,0.0,0.0,nan,0.0,0.0081,0.02994,6.12135,1.70372,0.24339,0.37308,0.5803,0.96192,0.58695,0.5803
-8.96143,62.3593,-1.05128,-0.00983,0.99912,0.04078,0.97978,0.0,0.0,nan,0.0,0.00851,0.03551,5.99482,2.13401,0.23843,0.32697,0.75651,0.99779,0.4686,0.75651
-9.12912,62.11181,0.842,0.02014,0.99627,0.08391,0.97856,0.0,0.0,nan,0.0,0.00926,0.03168,6.22098,2.07109,0.23486,0.42677,0.61578,0.90529,0.48284,0.61578
-9.46728,62.07314,2.76174,0.01723,0.99596,0.08818,0.97784,0.0,0.0,nan,0.0,0.00637,0.02586,6.77173,3.62539,0.23855,0.35077,0.59144,0.91044,0.27583,0.59144
-6.96475,1.60355,-4.66271,0.0636,-0.83471,-0.547,0.92297,0.00619,0.03093,0.6,1.0,0.01907,0.09425,35.05471,2.08018,0.22071,0.2441,0.44883,0.87602,0.48073,0.44883
-6.95429,1.24673,-2.92423,0.0858,-0.96834,-0.23443,0.99478,0.0,0.0,nan,0.0,0.01679,0.0693,30.4755,1.98333,0.22161,0.25993,0.36174,0.99294,0.5042,0.36174
-7.03282,0.95533,-1.03626,0.07482,-0.98964,-0.12252,0.99692,0.0,0.0,nan,0.0,0.01254,0.06728,27.42852,1.90766,0.21768,0.20916,0.38185,0.95609,0.5242,0.38185
-6.97998,0.74483,0.90207,0.04881,-0.9986,0.02025,0.99488,0.0,0.0,nan,0.0,0.0113,0.07405,20.61527,1.65941,0.22872,0.18991,0.24864,0.88122,0.60262,0.24864
-7.04387,1.0217,2.98681,0.02978,-0.98343,0.17884,0.996,0.0,0.0,nan,0.0,0.01735,0.08993,19.5065,1.71991,0.22325,0.23266,0.73971,0.91418,0.58143,0.73971
-7.05225,1.46275,5.02952,0.02298,-0.97408,0.22502,0.99641,0.0,0.0,nan,0.0,0.01766,0.09097,23.38867,2.19811,0.22441,0.24279,0.4526,0.86804,0.45494,0.4526
-7.00365,1.76485,6.80218,-0.01381,-0.8986,0.43856,0.95204,0.0,0.0,nan,0.0,0.01353,0.0733,32.94406,3.06036,0.23527,0.26933,0.39366,0.72675,0.32676,0.39366
-7.91687,3.4827,-6.01885,0.03118,-0.27138,-0.96197,0.93745,0.02496,0.1248,0.6,1.0,0.01335,0.09279,25.86804,2.04514,0.21331,0.25096,0.47912,0.61781,0.48896,0.47912
-7.07958,2.94493,-5.7255,0.05853,-0.42229,-0.90457,0.91573,0.0334,0.16698,0.6,1.0,0.03113,0.12232,30.18152,2.05588,0.21559,0.30418,0.68989,0.89207,0.48641,0.68989
-7.05492,2.33887,7.85476,-0.05357,-0.71915,0.69278,0.8989,0.0,0.0,nan,0.0,0.01225,0.0587,33.37489,2.73274,0.2291,0.2666,0.57357,0.82987,0.36593,0.57357
-6.97214,3.26845,8.5121,-0.06312,-0.46981,0.88051,0.91093,0.0,0.0,nan,0.0,0.01413,0.04766,31.89361,2.20226,0.23135,0.37783,0.33134,0.83372,0.45408,0.33134
-7.91921,4.24284,-6.02451,0.06173,-0.11395,-0.99157,0.9754,0.02272,0.11359,0.6,1.0,0.01337,0.12185,23.97845,2.11506,0.21475,0.2643,0.59939,0.44986,0.4728,0.59939
-6.95162,5.02725,-5.73719,0.09797,0.03775,-0.99447,0.99447,0.01168,0.05838,0.6,1.0,0.0087,0.10236,26.17477,1.69572,0.2303,0.23907,0.86132,0.59451,0.58972,0.86132
-6.05772,5.88347,7.94948,0.06886,-0.16544,0.98381,0.9092,0.0,0.0,nan,0.0,0.00735,0.02053,21.08955,2.74937,0.2378,0.43014,0.47624,0.91177,0.36372,0.47624
-6.94208,4.96504,8.92573,0.02228,-0.20037,0.97947,0.98774,0.0,0.0,nan,0.0,0.00765,0.02553,23.70331,2.19368,0.22815,0.36148,0.40748,0.89834,0.45585,0.40748
-6.99386,6.93014,-5.36412,0.1424,-0.05315,-0.98838,0.88278,0.0,0.0,nan,0.0,0.02411,0.17517,82.83871,1.6479,0.23112,0.54333,0.53829,0.25942,0.60683,0.53829
-6.06855,6.06331,7.98252,0.07394,-0.18188,0.98054,0.90696,0.0,0.0,nan,0.0,0.00693,0.021,20.79579,1.73095,0.23903,0.41067,0.46792,0.88027,0.57772,0.46792
-6.94092,7.01566,9.24568,0.06352,-0.23153,0.97075,0.99641,0.0,0.0,nan,0.0,0.00422,0.01591,17.96817,3.58936,0.23611,0.41144,0.31227,0.71613,0.2786,0.31227
-7.03014,9.83275,-8.04339,-0.04801,-0.61431,-0.7876,0.93745,0.0,0.0,nan,0.0,0.01207,0.06823,20.61907,1.82768,0.23775,0.6614,0.61837,0.29336,0.54714,0.61837
-6.96726,8.69705,-7.19444,-0.00691,-0.80116,-0.59842,0.95438,0.0,0.0,nan,0.0,0.00336,0.04149,48.21055,1.70894,0.24029,0.60995,0.94326,0.36268,0.58516,0.94326
-7.05831,8.83574,-5.44651,0.09168,-0.76713,-0.6349,0.72795,0.0,0.0,nan,0.0,0.01014,0.04871,70.05726,1.71995,0.24404,0.46347,0.84864,0.67535,0.58141,0.84864
-7.00206,9.00707,9.50004,-0.04754,-0.13717,0.98941,0.99059,0.0,0.0,nan,0.0,0.00271,0.03665,9.77145,2.21624,0.23772,0.52227,0.89952,0.32647,0.45122,0.89952
-6.98511,10.93422,-8.3308,-0.05721,-0.32899,-0.9426,0.98876,0.0,0.0,nan,0.0,0.00998,0.10894,11.297,1.91018,0.23015,0.84,0.90357,0.25243,0.52351,0.90357
-7.05766,11.0297,9.65266,-0.09379,0.0034,0.99559,0.99212,0.0,0.0,nan,0.0,0.00234,0.0191,10.57065,2.26615,0.23097,0.3441,0.66393,0.42343,0.44128,0.66393
-6.92654,13.06123,-8.89872,-0.08931,-0.2262,-0.96998,0.99049,0.0,0.0,nan,0.0,0.00775,0.04634,5.59714,1.89021,0.234,0.76065,0.56695,0.29847,0.52904,0.56695
-7.01506,12.95405,9.57508,-0.09684,-0.0311,0.99481,0.98947,0.0,0.0,nan,0.0,0.00674,0.03188,17.21301,2.73338,0.23127,0.47242,0.78986,0.57245,0.36585,0.78986
-7.04744,14.96046,-9.47097,-0.07116,-0.18787,-0.97961,0.996,0.0,0.0,nan,0.0,0.0077,0.04663,6.50134,1.87845,0.23315,0.70931,0.64785,0.30449,0.53235,0.64785
-7.04412,15.06805,9.772,-0.05852,-0.00968,0.99824,0.99416,0.0,0.0,nan,0.0,0.0053,0.03726,27.77529,1.81269,0.23422,0.45028,0.46716,0.33838,0.55166,0.46716
-6.02775,14.53858,10.00338,-0.06723,-0.01408,0.99764,0.99416,0.0,0.0,nan,0.0,0.0043,0.03084,27.05473,1.71539,0.24477,0.43798,0.49013,0.34191,0.58296,0.49013
-7.39584,17.8266,-10.12054,-0.06404,-0.1057,-0.99233,0.99376,0.0,0.0,nan,0.0,0.00652,0.05895,12.06285,1.84666,0.22586,0.32622,0.45757,0.39536,0.54152,0.45757
-7.00079,17.03472,-9.78282,-0.05078,-0.11874,-0.99163,0.9961,0.0,0.0,nan,0.0,0.00846,0.04991,10.59873,1.92223,0.22665,0.4007,0.6026,0.50306,0.52023,0.6026
-6.84598,17.06892,9.92987,-0.02716,0.05958,0.99785,0.9907,0.0,0.0,nan,0.0,0.00392,0.02194,29.87633,1.8633,0.23102,0.38477,0.4236,0.49523,0.53668,0.4236
-6.68097,19.34685,-10.11127,-0.01411,-0.08391,-0.99637,0.9959,0.0,0.0,nan,0.0,0.00717,0.05196,13.59555,1.91288,0.21781,0.30231,0.46734,0.52328,0.52277,0.46734
-7.25513,18.68059,-9.94493,-0.04795,-0.09327,-0.99449,0.99661,0.0,0.0,nan,0.0,0.00618,0.05468,12.87637,1.81037,0.22085,0.29123,0.52882,0.4483,0.55237,0.52882
-6.90281,18.90175,9.49445,-0.05019,-0.00832,0.9987,0.99345,0.0,0.0,nan,0.0,0.00542,0.02391,20.91188,1.95779,0.23622,0.42416,0.56988,0.58589,0.51078,0.56988
-7.01509,20.96987,-10.30684,-0.02842,-0.06422,-0.99753,0.99702,0.0,0.0,nan,0.0,0.00255,0.04347,9.83231,1.76764,0.22743,0.24548,0.64029,0.2873,0.56573,0.64029
-6.15137,20.15383,-9.99788,0.03766,-0.0662,-0.9971,0.99651,0.0,0.0,nan,0.0,0.00867,0.07323,14.71625,1.84047,0.25067,0.50913,0.90874,0.53651,0.54334,0.90874
-6.98084,20.98503,9.55245,-0.11119,0.06925,0.99138,0.99355,0.0,0.0,nan,0.0,0.00598,0.0329,13.83225,3.62539,0.25465,0.60831,0.59789,0.34216,0.27583,0.59789
-7.0428,22.9516,-10.26302,-0.01339,0.04454,-0.99892,0.98855,0.0,0.0,nan,0.0,0.01427,0.0584,12.83973,2.68592,0.2371,0.64221,0.7342,0.43989,0.37231,0.7342
-7.01904,23.14166,9.00639,-0.17158,-0.02015,0.98496,0.98101,0.0,0.0,nan,0.0,0.00777,0.03435,11.39681,1.91015,0.23861,0.50584,0.38947,0.5258,0.52352,0.38947
-6.88686,24.67068,-10.23588,-0.02762,0.25524,-0.96648,0.92725,0.0,0.0,nan,0.0,0.01693,0.06979,21.10733,2.01703,0.23222,0.53109,0.49989,0.50014,0.49578,0.49989
-7.16972,25.53618,-9.73664,-0.14262,0.51779,-0.84354,0.93082,0.0,0.0,nan,0.0,0.01008,0.05333,43.40177,1.6479,0.23658,0.56624,0.67747,0.3492,0.60683,0.67747
-7.01283,24.92659,9.71275,-0.18992,-0.0527,0.98038,0.98335,0.0,0.0,nan,0.0,0.00799,0.02789,14.94255,3.54699,0.23478,0.51639,0.39061,0.62899,0.28193,0.39061
-6.99852,26.94959,-9.00536,-0.05749,0.398,-0.91558,0.9401,0.0,0.0,nan,0.0,0.02398,0.067,59.04979,2.75309,0.22659,0.59988,0.53523,0.61678,0.36323,0.53523
-7.23206,27.2058,-7.5172,-0.13524,0.28874,-0.94781,0.72489,0.0,0.0,nan,0.0,0.02083,0.05422,65.91328,1.90128,0.23571,0.52399,0.58938,0.75538,0.52596,0.58938
-7.11803,27.03078,9.59932,-0.20442,0.15758,0.96612,0.98784,0.0,0.0,nan,0.0,0.00267,0.02389,29.88621,1.6698,0.23575,0.72761,0.89041,0.29811,0.59887,0.89041
-7.00661,29.06576,-8.72584,-0.02352,-0.24306,-0.96973,0.94367,0.0,0.0,nan,0.0,0.01164,0.09905,79.72073,3.04349,0.23862,0.65339,0.88551,0.32561,0.32857,0.88551
-7.38722,28.47909,-7.75689,-0.05485,-0.20477,-0.97727,0.78548,0.0,0.0,nan,0.0,0.00954,0.06775,86.84243,3.23251,0.242,0.67854,0.89837,0.40422,0.30936,0.89837
-7.85393,28.95147,7.91018,-0.20529,0.00865,0.97866,0.87248,0.0,0.0,nan,0.0,0.01534,0.04193,26.93532,1.89215,0.22009,0.63253,0.72858,0.62121,0.5285,0.72858
-7.08505,29.00633,9.04659,-0.18828,0.01324,0.98203,0.99182,0.0,0.0,nan,0.0,0.00621,0.01644,28.64398,1.6479,0.23446,0.56649,0.57532,0.71333,0.60683,0.57532
-6.92908,30.96272,-9.25786,0.00883,-0.27682,-0.96088,0.986,0.0,0.0,nan,0.0,0.01009,0.04215,25.32178,2.7316,0.22726,0.72708,0.70535,0.35519,0.36609,0.70535
-6.92916,31.02103,9.23084,-0.19609,0.02281,0.98032,0.98733,0.0,0.0,nan,0.0,0.00915,0.02572,26.64435,2.02207,0.23209,0.58025,0.29114,0.6595,0.49454,0.29114
-6.41686,33.88717,-10.03047,-0.06763,-0.24284,-0.9677,0.99529,0.0,0.0,nan,0.0,0.01581,0.06763,5.14393,1.89834,0.23363,0.38641,0.59251,0.84025,0.52677,0.59251
-7.03343,32.9688,-9.6709,-0.06561,-0.26522,-0.96195,0.99641,0.0,0.0,nan,0.0,0.00431,0.05528,9.30971,1.6479,0.24046,0.2986,0.76154,0.32953,0.60683,0.76154
-6.91788,33.02948,8.81499,-0.1289,0.22785,0.96513,0.99396,0.0,0.0,nan,0.0,0.0074,0.02379,20.93165,2.68179,0.23825,0.46797,0.42517,0.72776,0.37289,0.42517
-6.91919,34.95461,-10.23037,-0.07514,-0.17968,-0.98085,0.99467,0.0,0.0,nan,0.0,0.01084,0.04795,4.31002,1.93711,0.22491,0.39366,0.37897,0.84067,0.51623,0.37897
-7.66787,34.12393,-9.97008,-0.08852,-0.22832,-0.96955,0.9958,0.0,0.0,nan,0.0,0.01395,0.04994,4.40596,2.0559,0.23579,0.54885,0.83128,1.0,0.48641,0.83128
-7.30064,35.33946,7.97374,-0.08728,-0.1649,0.98244,0.91104,0.0,0.0,nan,0.0,0.0131,0.03437,35.34133,2.05188,0.22966,0.56431,0.37061,0.71329,0.48736,0.37061
-7.00679,35.07711,8.17592,-0.10037,-0.13956,0.98511,0.93276,0.0,0.0,nan,0.0,0.01313,0.03436,36.29674,1.65445,0.23727,0.55874,0.36782,0.72155,0.60443,0.36782
-6.97121,36.99466,-10.48823,-0.06146,-0.06403,-0.99605,0.97509,0.0,0.0,nan,0.0,0.00972,0.04434,3.28137,1.92863,0.22775,0.37164,0.48024,0.94917,0.5185,0.48024
-7.01973,36.9259,9.43906,-0.19321,-0.1435,0.97061,0.98702,0.0,0.0,nan,0.0,0.00975,0.02548,36.40159,2.37855,0.23244,0.50354,0.40777,0.80143,0.42042,0.40777
-6.89346,39.08834,-10.53086,-0.04763,-0.02373,-0.99858,0.95693,0.00233,0.01165,0.51,1.0,0.01689,0.10406,3.27699,2.02031,0.21826,0.31749,0.61172,0.82306,0.49497,0.61172
-6.88442,39.01005,8.99145,-0.25753,0.10018,0.96106,0.99488,0.0,0.0,nan,0.0,0.00593,0.02433,34.76137,2.07237,0.22635,0.57139,0.84781,0.65695,0.48254,0.84781
-6.91495,41.05715,-10.55324,-0.0421,-0.00517,-0.9991,0.95428,0.01312,0.01345,0.51,0.75758,0.02411,0.1674,2.97366,2.09713,0.21382,0.24088,0.58431,1.0,0.47684,0.58431
-7.03681,40.95965,8.7379,-0.26403,-0.04657,0.96339,0.99396,0.0,0.0,nan,0.0,0.00889,0.02458,30.64507,2.08117,0.22812,0.54952,0.74409,0.70107,0.4805,0.74409
-6.92697,42.95715,-10.54661,-0.04414,0.00545,-0.99901,0.95316,0.0,0.0,nan,0.0,0.01992,0.13753,2.6965,1.80477,0.22244,0.25225,0.68363,1.0,0.55409,0.68363
-7.06627,42.98079,9.3475,-0.24957,0.05844,0.96659,0.9705,0.0,0.0,nan,0.0,0.00836,0.02628,28.75925,3.54078,0.25115,0.57649,0.52083,0.5901,0.28242,0.52083
-6.94575,45.00219,-10.54013,-0.05394,0.00095,-0.99854,0.97611,0.0,0.0,nan,0.0,0.0195,0.16061,3.40494,1.72136,0.21632,0.20146,0.55321,0.95642,0.58094,0.55321
-7.87428,45.79433,7.80246,-0.29542,0.09673,0.95046,0.95234,0.0,0.0,nan,0.0,0.00346,0.01413,31.91539,1.94984,0.23431,0.62474,0.82256,0.54259,0.51286,0.82256
-6.81705,44.92958,8.86312,-0.3179,0.19732,0.92736,0.98325,0.0,0.0,nan,0.0,0.01408,0.03486,34.89772,3.42844,0.23694,0.64417,0.51144,0.66281,0.29168,0.51144
-7.03839,47.04611,-10.54001,-0.04897,0.00948,-0.99876,0.9807,0.0,0.0,nan,0.0,0.02331,0.1443,3.66741,2.03568,0.22061,0.24967,0.74381,1.0,0.49124,0.74381
-7.708,46.48038,7.5443,-0.31411,-0.02747,0.94899,0.91104,0.0,0.0,nan,0.0,0.00495,0.01186,24.26932,1.96371,0.23588,0.53869,0.38954,0.83811,0.50924,0.38954
-7.00337,47.04794,8.60211,-0.33357,-0.06038,0.94079,0.98998,0.0,0.0,nan,0.0,0.00896,0.03372,28.04217,1.82482,0.23072,0.54594,0.68622,0.52156,0.548,0.68622
-6.99694,48.94336,-10.52239,-0.03123,0.02352,-0.99924,0.98111,0.03063,0.03063,0.6,0.39326,0.02566,0.14449,3.35381,1.77565,0.21786,0.28353,0.64734,1.0,0.56317,0.64734
-6.99139,48.98079,8.71717,-0.1901,0.02367,0.98148,0.98611,0.0,0.0,nan,0.0,0.00654,0.04,22.88563,2.22285,0.22502,0.52254,0.43561,0.34013,0.44987,0.43561
-7.01562,51.08227,-10.47684,-0.01735,0.04345,-0.9989,0.98305,0.46234,0.46234,0.6,0.46343,0.02555,0.13577,3.84912,1.71257,0.21955,0.28593,0.5707,1.0,0.58392,0.5707
-6.9297,51.0606,8.70787,-0.08825,0.03997,0.9953,0.99508,0.0,0.0,nan,0.0,0.00485,0.02162,26.34941,1.81269,0.23491,0.45372,0.55776,0.53187,0.55166,0.55776
-7.05013,53.02649,-10.35265,-0.00462,0.11004,-0.99392,0.99008,0.28385,0.28385,0.6,0.65291,0.0292,0.15198,4.00919,1.86931,0.2209,0.28971,0.72915,0.99408,0.53496,0.72915
-7.86287,52.1955,7.94212,-0.13155,-0.06789,0.98898,0.98427,0.0,0.0,nan,0.0,0.00853,0.02836,19.02249,1.88273,0.22855,0.64512,0.79834,0.60955,0.53114,0.79834
-6.96065,52.93396,8.62442,-0.09703,-0.07698,0.9923,0.99059,0.0,0.0,nan,0.0,0.01211,0.03686,25.20201,1.81269,0.23945,0.61879,0.59529,0.5729,0.55166,0.59529
-7.03964,54.6223,-10.12753,0.00266,0.17665,-0.98427,0.99539,0.00523,0.02613,0.6,1.0,0.0292,0.11531,4.00065,2.00773,0.21981,0.37991,0.74145,1.0,0.49808,0.74145
-6.98879,55.61988,-9.91241,-0.00111,0.21428,-0.97677,0.99518,0.0,0.0,nan,0.0,0.01507,0.08217,4.24149,2.34558,0.21938,0.31395,0.79378,1.0,0.42633,0.79378
-6.32893,55.66665,7.72634,0.02537,0.17653,0.98397,0.92603,0.0,0.0,nan,0.0,0.00373,0.01748,26.85577,1.64809,0.24624,0.42421,0.47734,0.54067,0.60676,0.47734
-6.93944,55.07603,8.69824,-0.00523,0.10252,0.99472,0.98906,0.0,0.0,nan,0.0,0.00312,0.01911,23.61033,1.6479,0.24679,0.45672,0.40402,0.38808,0.60683,0.40402
-6.99378,57.03717,-9.52993,-0.00932,0.27806,-0.96052,0.99172,0.0,0.0,nan,0.0,0.02556,0.0951,4.28242,2.06488,0.22996,0.39436,0.32307,1.0,0.48429,0.32307
-6.0833,56.92679,7.90733,0.05334,0.03719,0.99788,0.94673,0.0,0.0,nan,0.0,0.0083,0.0273,36.52135,1.6479,0.24973,0.58238,0.52778,0.55073,0.60683,0.52778
-6.97232,57.02953,8.57079,0.10039,0.02189,0.99471,0.99406,0.0,0.0,nan,0.0,0.00496,0.02393,29.26117,1.81269,0.2395,0.53874,0.63677,0.4112,0.55166,0.63677
-7.05295,59.06505,-8.84616,-0.02011,0.47773,-0.87827,0.99008,0.0,0.0,nan,0.0,0.00481,0.04133,7.15288,2.02607,0.22503,0.3063,0.26681,0.48645,0.49357,0.26681
-6.17418,58.33643,7.83429,0.01011,-0.10789,0.99411,0.96448,0.0,0.0,nan,0.0,0.01042,0.03718,28.97283,3.09899,0.251,0.62064,0.40085,0.4827,0.32269,0.40085
-6.97335,58.99245,8.55935,-0.01311,0.05324,0.9985,0.95744,0.0,0.0,nan,0.0,0.01083,0.04052,23.45412,1.67413,0.24439,0.62226,0.52352,0.46594,0.59732,0.52352
-6.81957,60.18553,-8.1901,-0.01293,0.62957,-0.77684,0.97019,0.0,0.0,nan,0.0,0.00342,0.02876,7.93552,1.76526,0.23283,0.28858,0.38772,0.51626,0.56649,0.38772
-7.11686,60.94705,-7.27765,0.01088,0.78678,-0.61714,0.97223,0.0,0.0,nan,0.0,0.00655,0.03334,8.70553,1.76186,0.23142,0.38182,0.47179,0.63283,0.56758,0.47179
-6.82072,61.84476,-5.25972,0.07792,0.953,-0.29279,0.97397,0.0,0.0,nan,0.0,0.00851,0.04723,8.1615,1.73621,0.22937,0.51366,0.52972,0.43686,0.57597,0.52972
-7.31168,61.86376,1.32416,-0.00167,0.99724,0.07424,0.98753,0.0,0.0,nan,0.0,0.00482,0.02097,6.34441,1.6479,0.23643,0.30224,0.50744,1.0,0.60683,0.50744
-7.17904,61.94312,3.19535,-0.01624,0.99757,0.06778,0.97723,0.0,0.0,nan,0.0,0.00649,0.02935,6.28639,1.88505,0.23922,0.39559,0.72319,0.73687,0.53049,0.72319
-7.00437,61.78706,4.96681,-0.04351,0.99154,0.12233,0.9656,0.0,0.0,nan,0.0,0.00507,0.05693,5.35045,1.74353,0.24266,0.59674,0.92614,0.46993,0.57355,0.92614
-7.03308,61.46528,7.23546,-0.13503,0.84123,0.52354,0.89951,0.0,0.0,nan,0.0,0.01266,0.05308,12.1901,1.66097,0.25842,0.53568,0.74032,0.51828,0.60206,0.74032
-6.89572,60.55855,8.33505,-0.13102,0.40802,0.90352,0.85371,0.0,0.0,nan,0.0,0.00533,0.04228,20.19545,1.81269,0.24129,0.43657,0.56725,0.31738,0.55166,0.56725
-7.12793,62.09717,-4.37401,0.06745,0.97881,-0.19336,0.97958,0.0,0.0,nan,0.0,0.00717,0.04654,8.64664,1.82203,0.24299,0.528,0.68439,0.35953,0.54884,0.68439
-6.97194,62.25494,-2.94138,0.05541,0.99477,-0.08579,0.98376,0.0,0.0,nan,0.0,0.003,0.02729,8.75644,1.86581,0.2364,0.49108,0.81715,0.35021,0.53596,0.81715
-7.04863,62.2689,-1.00771,0.02377,0.99855,0.04826,0.98233,0.0,0.0,nan,0.0,0.00645,0.03665,7.25099,1.89962,0.22508,0.33248,0.5362,0.67571,0.52642,0.5362
-6.68654,62.00607,0.71147,-0.01822,0.99645,0.08219,0.98192,0.0,0.0,nan,0.0,0.00493,0.02313,6.12805,2.57615,0.22845,0.283,0.34058,1.0,0.38818,0.34058
-6.46752,62.06485,2.60084,-0.03054,0.99789,0.05736,0.98254,0.0,0.0,nan,0.0,0.00455,0.02587,6.12715,2.54205,0.23571,0.31,0.32436,0.75182,0.39338,0.32436
-5.13418,1.84104,-4.34109,0.12416,-0.82807,-0.5467,0.95041,0.0145,0.07249,0.6,1.0,0.03097,0.13351,35.1729,1.73275,0.21362,0.25749,0.6083,0.95222,0.57712,0.6083
-4.97069,1.31757,-3.0246,0.07249,-0.95468,-0.28869,0.98896,0.0,0.0,nan,0.0,0.02041,0.08963,30.24048,2.02931,0.21878,0.24449,0.38062,0.99315,0.49278,0.38062
-4.99681,1.09052,-1.01419,0.03347,-0.99293,-0.11389,0.99671,0.0,0.0,nan,0.0,0.01566,0.07422,27.78533,2.11859,0.22008,0.22884,0.42247,0.98853,0.47201,0.42247
-4.97804,0.85624,1.02136,0.06676,-0.99743,0.0262,0.99457,0.00832,0.04159,0.7,1.0,0.0122,0.08335,22.29989,2.09731,0.22189,0.16743,0.40916,0.95243,0.4768,0.40916
-4.95978,1.24498,3.04681,0.07578,-0.98151,0.17574,0.99518,0.0,0.0,nan,0.0,0.01164,0.07402,19.39201,1.68932,0.22756,0.19544,0.3325,0.88783,0.59195,0.3325
-5.03824,1.63485,4.97316,0.0667,-0.97316,0.22024,0.99498,0.0,0.0,nan,0.0,0.00805,0.06347,18.66419,2.22414,0.22516,0.18684,0.37911,0.75196,0.44961,0.37911
-5.0045,1.95247,6.18649,0.067,-0.94705,0.31402,0.98988,0.0,0.0,nan,0.0,0.02114,0.08407,21.80346,1.85684,0.23961,0.40204,0.67442,0.68284,0.53855,0.67442
-4.98179,2.90211,-5.35089,0.11048,-0.50617,-0.85533,0.93521,0.02524,0.09758,0.6,0.98167,0.02523,0.10291,33.91892,2.0409,0.22026,0.26748,0.43891,0.97048,0.48998,0.43891
-5.11586,2.13423,7.21221,0.04475,-0.86303,0.50317,0.9399,0.0,0.0,nan,0.0,0.01276,0.05884,24.71779,1.73576,0.24062,0.49177,0.81762,0.60835,0.57612,0.81762
-4.99507,3.22438,8.4371,-0.07136,-0.48686,0.87056,0.89686,0.0,0.0,nan,0.0,0.01465,0.04288,23.30807,1.83094,0.23582,0.48006,0.46823,0.77292,0.54617,0.46823
-5.00701,4.96006,-5.48743,-0.04048,-0.02567,-0.99885,0.9907,0.0,0.0,nan,0.0,0.01699,0.10449,33.40101,1.729,0.23724,0.29585,0.80371,0.70334,0.57837,0.80371
-5.84901,5.88753,7.93318,0.05892,-0.16035,0.9853,0.89747,0.0,0.0,nan,0.0,0.00824,0.02178,21.5606,1.94652,0.23181,0.46623,0.33315,0.88636,0.51374,0.33315
-4.98021,5.00584,8.44853,-0.05356,-0.12999,0.99007,0.98835,0.0,0.0,nan,0.0,0.01534,0.03421,26.28645,1.75882,0.23826,0.65873,0.41384,0.73254,0.56856,0.41384
-4.24315,7.90136,-6.13852,-0.38749,-0.5983,-0.70135,0.9094,0.0,0.0,nan,0.0,0.0167,0.07029,64.40536,1.88252,0.24228,0.45524,0.70495,0.53824,0.5312,0.70495
-4.95553,7.07987,-5.35609,-0.22889,-0.16576,-0.95924,0.85504,0.0,0.0,nan,0.0,0.00621,0.13069,83.12055,2.15162,0.23203,0.21967,0.76079,0.22959,0.46477,0.76079
-4.71513,6.3483,7.99553,-0.04297,-0.19301,0.98025,0.85422,0.0,0.0,nan,0.0,0.00716,0.01632,24.81012,1.6479,0.23672,0.50339,0.66404,0.94252,0.60683,0.66404
-4.8239,6.88335,8.86433,-0.03081,-0.26132,0.96476,0.98549,0.0,0.0,nan,0.0,0.00651,0.01737,21.78602,1.6479,0.23815,0.48619,0.33411,0.84141,0.60683,0.33411
-4.82956,9.4015,-8.43486,-0.16589,-0.54898,-0.81921,0.92481,0.0,0.0,nan,0.0,0.01074,0.03983,16.07806,2.24208,0.22464,0.63003,0.59518,0.48147,0.44601,0.59518
-5.0776,8.36054,-7.19065,-0.26835,-0.77329,-0.57447,0.96622,0.0,0.0,nan,0.0,0.00616,0.06117,51.64041,3.02794,0.23623,0.50991,0.84449,0.29393,0.33026,0.84449
-5.44823,8.49891,-4.79059,-0.24127,-0.48924,-0.83811,0.59648,0.0,0.0,nan,0.0,0.0,,,,,,,,,
-5.01951,8.96268,9.69072,-0.06343,-0.22148,0.9731,0.98488,0.0,0.0,nan,0.0,0.0038,0.03789,12.25646,2.05883,0.23474,0.41456,0.57105,0.28173,0.48571,0.57105
-5.09595,10.95056,-8.9215,-0.11442,-0.27849,-0.9536,0.97968,0.0,0.0,nan,0.0,0.00803,0.03225,7.91496,2.1949,0.22965,0.60407,0.37351,0.51618,0.4556,0.37351
-5.02223,11.00255,9.84983,-0.08593,-0.01367,0.99621,0.99161,0.0,0.0,nan,0.0,0.00368,0.01801,8.89519,2.56268,0.21973,0.54021,0.73738,0.46353,0.39022,0.73738
-5.02177,12.95211,-9.33212,0.01447,-0.16353,-0.98643,0.98152,0.0,0.0,nan,0.0,0.00417,0.0776,10.07783,2.10014,0.22718,0.75732,0.94085,0.21823,0.47616,0.94085
-5.06034,12.93068,9.66903,-0.0972,-0.02243,0.99501,0.98998,0.0,0.0,nan,0.0,0.00777,0.02485,13.20638,2.25785,0.23941,0.57605,0.6995,0.6249,0.4429,0.6995
-4.52234,13.83141,10.03818,-0.10314,0.02213,0.99442,0.98947,0.0,0.0,nan,0.0,0.00312,0.02618,19.0867,2.57545,0.23431,0.45433,0.81266,0.36223,0.38828,0.81266
-4.97253,14.97944,-9.53608,0.07521,-0.1377,-0.98761,0.99416,0.0,0.0,nan,0.0,0.00343,0.05091,13.00734,1.81269,0.24467,0.60559,0.92098,0.28364,0.55166,0.92098
-5.13868,15.39277,9.54217,-0.05836,0.07123,0.99575,0.99569,0.0,0.0,nan,0.0,0.00622,0.02788,32.56492,1.6479,0.23363,0.46046,0.55468,0.51436,0.60683,0.55468
-4.85217,14.5245,10.09414,-0.08446,0.0243,0.99613,0.99549,0.0,0.0,nan,0.0,0.0041,0.02662,28.02043,1.91178,0.23315,0.45183,0.64349,0.36498,0.52307,0.64349
-4.95994,17.02572,-9.85622,0.12526,-0.10959,-0.98605,0.99284,0.0,0.0,nan,0.0,0.00494,0.06003,21.10989,1.73424,0.22828,0.47922,0.91363,0.39477,0.57662,0.91363
-5.26408,16.86519,9.7683,-0.04944,0.06932,0.99637,0.99671,0.00395,0.01974,0.7,1.0,0.00609,0.02212,35.71038,1.6479,0.22784,0.40211,0.57452,0.72292,0.60683,0.57452
-4.44813,16.88479,10.06976,-0.08996,0.06465,0.99384,0.98896,0.0087,0.04349,0.7,1.0,0.00663,0.02606,37.88959,1.6479,0.23092,0.4855,0.8274,0.7333,0.60683,0.8274
-5.73563,19.59492,-10.16097,0.06813,-0.0667,-0.99544,0.99233,0.0,0.0,nan,0.0,0.00841,0.06518,18.62558,2.65817,0.21558,0.44494,0.87454,0.53362,0.3762,0.87454
-4.92431,18.92218,-9.90642,0.16294,-0.05335,-0.98519,0.99019,0.0,0.0,nan,0.0,0.00575,0.06067,25.58256,1.6479,0.23166,0.34893,0.85891,0.44969,0.60683,0.85891
-5.0872,18.88325,9.6322,-0.09673,-0.06205,0.99337,0.99365,0.00877,0.04386,0.7,1.0,0.00632,0.02707,26.2127,2.0382,0.23533,0.39137,0.34946,0.64197,0.49063,0.34946
-4.34576,19.74562,10.06259,-0.12136,-0.07944,0.98942,0.98111,0.02001,0.10006,0.7,1.0,0.00964,0.03823,21.83002,1.81269,0.24493,0.59057,0.35337,0.46591,0.55166,0.35337
-4.98503,21.28226,-10.0398,0.29197,0.04917,-0.95516,0.97764,0.0,0.0,nan,0.0,0.0067,0.06096,30.59126,1.90808,0.22571,0.38139,0.80024,0.36585,0.52409,0.80024
-4.95081,20.27013,-9.99331,0.22727,-0.00638,-0.97381,0.98396,0.0,0.0,nan,0.0,0.00532,0.05123,26.45407,2.53066,0.22664,0.28473,0.67623,0.39236,0.39515,0.67623
-5.16649,21.03882,9.80668,-0.13498,0.04089,0.99,0.99223,0.01203,0.06014,0.6,1.0,0.00523,0.03443,13.60108,1.86336,0.24963,0.45639,0.57321,0.38207,0.53667,0.57321
-4.34095,20.48097,10.06814,-0.1331,-0.01797,0.99094,0.98855,0.01028,0.05142,0.7,1.0,0.0122,0.06126,17.07554,1.75504,0.22454,0.50348,0.6619,0.44178,0.56979,0.6619
-5.02271,22.95469,-10.15337,0.37834,0.0982,-0.92044,0.96214,0.0,0.0,nan,0.0,0.00524,0.04299,30.33102,1.89063,0.2218,0.39634,0.84928,0.48023,0.52893,0.84928
-4.19864,23.41181,-9.37021,0.5137,0.14063,-0.84637,0.99212,0.0,0.0,nan,0.0,0.00966,0.05322,40.18239,1.95565,0.21771,0.28667,0.45535,0.66461,0.51134,0.45535
-4.98858,23.08078,9.55451,-0.1317,-0.03393,0.99071,0.99243,0.0,0.0,nan,0.0,0.00539,0.03145,14.42213,3.23293,0.23834,0.45589,0.59922,0.42847,0.30932,0.59922
-5.47518,24.82208,-10.23441,0.28835,0.2484,-0.92474,0.89186,0.0,0.0,nan,0.0,0.01295,0.05337,36.91384,1.8847,0.23726,0.49142,0.6781,0.52058,0.53059,0.6781
-4.69592,25.126,-9.2991,0.43595,0.30248,-0.84762,0.97693,0.0,0.0,nan,0.0,0.00995,0.05716,48.10665,1.69564,0.23915,0.48015,0.85694,0.57437,0.58975,0.85694
-5.18951,24.63265,9.85653,-0.13084,-0.0878,0.98751,0.98458,0.0,0.0,nan,0.0,0.00974,0.04615,16.06244,1.6479,0.24235,0.59679,0.77374,0.43051,0.60683,0.77374
-4.77251,25.46427,10.11263,-0.12863,0.00414,0.99168,0.9859,0.0,0.0,nan,0.0,0.00759,0.03103,18.05589,3.62539,0.23304,0.60298,0.37015,0.45065,0.27583,0.37015
-5.17538,26.73576,-8.84782,0.21688,0.36389,-0.90584,0.93674,0.0,0.0,nan,0.0,0.01177,0.04867,57.27646,2.7687,0.23813,0.58228,0.79841,0.50874,0.36118,0.79841
-4.26807,27.4926,-7.76713,0.30593,0.14017,-0.94168,0.92878,0.0,0.0,nan,0.0,0.0125,0.05128,57.64231,1.68452,0.24553,0.43067,0.46354,0.5857,0.59364,0.46354
-5.07427,27.17561,9.26244,-0.13401,0.13974,0.98108,0.99488,0.0,0.0,nan,0.0,0.00944,0.02862,26.3622,2.74406,0.23065,0.63473,0.7258,0.55929,0.36442,0.7258
-4.72308,26.36684,10.10717,-0.11842,0.07934,0.98979,0.98447,0.0,0.0,nan,0.0,0.00696,0.02971,23.12083,1.88815,0.2344,0.56827,0.5885,0.44783,0.52962,0.5885
-4.99314,28.92733,-8.61715,0.15284,-0.13463,-0.97904,0.94847,0.0,0.0,nan,0.0,0.01018,0.08461,65.44969,1.98859,0.24677,0.45029,0.61905,0.27548,0.50287,0.61905
-4.05027,28.20243,-7.96292,0.30906,-0.05125,-0.94966,0.94857,0.0,0.0,nan,0.0,0.01749,0.08186,64.75547,1.83066,0.23237,0.49659,0.54047,0.44343,0.54625,0.54047
-5.09339,28.93527,9.58059,-0.13106,0.05333,0.98994,0.98927,0.0,0.0,nan,0.0,0.0094,0.02174,30.65767,1.6479,0.23243,0.50132,0.56489,0.91874,0.60683,0.56489
-4.98485,31.02894,-9.0192,0.08033,-0.30041,-0.95042,0.99478,0.0,0.0,nan,0.0,0.02054,0.06411,17.94679,1.73148,0.22249,0.70524,0.59575,0.50502,0.57754,0.59575
-4.88126,30.83805,9.62478,-0.13287,0.01211,0.99106,0.98478,0.0,0.0,nan,0.0,0.01676,0.03917,27.22569,1.72415,0.23232,0.53605,0.50548,0.85656,0.58,0.50548
-4.21336,31.83761,10.04066,-0.11337,0.10276,0.98822,0.95173,0.0,0.0,nan,0.0,0.01083,0.02753,28.59396,2.24664,0.23108,0.52571,0.52914,0.80102,0.44511,0.52914
-4.88968,33.6495,-10.10799,-0.00611,-0.27584,-0.96118,0.99467,0.0,0.0,nan,0.0,0.00898,0.03445,5.47756,1.81936,0.23373,0.44255,0.37316,0.80414,0.54964,0.37316
-5.06294,32.65188,-9.83172,0.00784,-0.31732,-0.94829,0.99539,0.0,0.0,nan,0.0,0.00619,0.05535,10.62409,1.8563,0.22471,0.40193,0.53851,0.33037,0.5387,0.53851
-5.14694,33.28935,9.1595,-0.22593,0.18235,0.95692,0.98794,0.0,0.0,nan,0.0,0.01028,0.03832,32.29012,3.5976,0.24021,0.6096,0.43815,0.46718,0.27796,0.43815
-4.18138,32.18536,10.04935,-0.12777,0.12971,0.98329,0.95316,0.0,0.0,nan,0.0,0.01158,0.02848,29.59881,3.11887,0.23701,0.58552,0.4521,0.74123,0.32063,0.4521
-5.01649,34.96297,-10.47411,-0.0163,-0.16433,-0.98627,0.99365,0.0,0.0,nan,0.0,0.0079,0.03226,4.4811,1.94189,0.23308,0.52386,0.58858,0.67633,0.51496,0.58858
-5.09736,34.91568,9.10763,-0.2299,-0.08866,0.96917,0.9809,0.0,0.0,nan,0.0,0.0175,0.0354,34.65941,1.81269,0.23333,0.62375,0.37295,0.83823,0.55166,0.37295
-5.02559,37.0433,-10.53818,-4e-05,-0.04836,-0.99883,0.98529,0.0053,0.02651,0.51,1.0,0.01365,0.05297,3.38597,1.8988,0.23309,0.48983,0.49668,0.83673,0.52665,0.49668
-4.96453,36.88032,9.81231,-0.20659,-0.16086,0.96511,0.97764,0.0,0.0,nan,0.0,0.00942,0.02294,29.73746,2.22278,0.23,0.61817,0.55557,0.70893,0.44989,0.55557
-5.00431,38.9848,-10.60086,-0.00524,-0.02736,-0.99961,0.95816,0.0296,0.05436,0.7,0.89231,0.01507,0.10655,3.3371,2.34579,0.21503,0.23235,0.67138,0.97335,0.4263,0.67138
-5.11529,38.90973,9.58079,-0.17929,0.09171,0.97951,0.99263,0.0,0.0,nan,0.0,0.01186,0.02602,27.36127,1.83185,0.22979,0.62844,0.4991,0.77817,0.5459,0.4991
-4.93621,40.98013,-10.64106,-0.01882,-0.0096,-0.99978,0.9604,0.0,0.0,nan,0.0,0.01717,0.14846,3.01494,2.12038,0.20884,0.19242,0.56126,1.0,0.47161,0.56126
-5.13397,40.97099,9.5451,-0.14651,-0.02892,0.98879,0.99406,0.0,0.0,nan,0.0,0.00764,0.01773,26.69458,2.43937,0.23667,0.54678,0.2876,0.84753,0.40994,0.2876
-5.04725,42.91851,-10.61901,-0.02825,-0.00015,-0.9996,0.96979,0.00159,0.00797,0.51,1.0,0.02625,0.19276,3.0573,2.02504,0.22101,0.22526,0.58204,1.0,0.49382,0.58204
-4.70076,43.13613,9.71685,-0.15244,0.07299,0.98561,0.97917,0.0,0.0,nan,0.0,0.00729,0.01982,28.57073,1.67604,0.23292,0.53588,0.59519,0.73507,0.59665,0.59519
-4.95571,45.01156,-10.62564,-0.02322,0.00113,-0.99973,0.98009,0.00848,0.04238,0.7,1.0,0.01349,0.13176,3.53719,1.98055,0.22131,0.20157,0.80836,0.97739,0.50491,0.80836
-5.09473,45.06689,9.0534,-0.12165,0.17355,0.97728,0.99631,0.0,0.0,nan,0.0,0.00923,0.02488,31.35525,1.69261,0.23148,0.43929,0.29386,0.89867,0.5908,0.29386
-5.00673,46.99313,-10.63275,-0.00252,0.03346,-0.99944,0.99365,0.00298,0.01491,0.7,1.0,0.01736,0.12297,3.59403,1.95522,0.22115,0.21986,0.43988,0.99973,0.51145,0.43988
-4.83616,46.85758,9.00589,-0.14188,-0.0094,0.98984,0.99467,0.0,0.0,nan,0.0,0.01258,0.02987,30.05822,1.89254,0.23586,0.50244,0.43619,0.8939,0.52839,0.43619
-4.95249,48.97763,-10.5187,0.03234,0.05116,-0.99817,0.99029,0.02519,0.12594,0.6,1.0,0.01705,0.13533,3.26585,1.77319,0.23054,0.20316,0.55828,1.0,0.56396,0.55828
-5.06559,49.1424,9.15889,-0.12085,0.1093,0.98663,0.98845,0.0,0.0,nan,0.0,0.00684,0.0209,29.12888,1.81269,0.22992,0.49566,0.43776,0.7061,0.55166,0.43776
-4.99658,51.05398,-10.46096,0.05637,0.05969,-0.99662,0.98825,0.03875,0.1386,0.6,0.97513,0.0239,0.10946,3.74979,1.7772,0.22852,0.33486,0.63872,1.0,0.56268,0.63872
-5.09836,51.40043,7.83704,-0.02802,0.03629,0.99895,0.90553,0.0,0.0,nan,0.0,0.00579,0.0185,34.15376,1.6479,0.23451,0.39341,0.39529,0.84265,0.60683,0.39529
-5.02861,50.89172,8.54207,-0.0426,0.10116,0.99396,0.98968,0.0,0.0,nan,0.0,0.00637,0.02032,32.63037,1.81269,0.2302,0.39318,0.36598,0.84632,0.55166,0.36598
-5.02709,52.99834,-10.28972,0.06448,0.11405,-0.99138,0.99131,0.01633,0.08165,0.6,1.0,0.01712,0.07864,3.87774,1.8794,0.22946,0.32995,0.44617,1.0,0.53208,0.44617
-5.11425,52.12171,7.9145,-0.0332,-0.07568,0.99658,0.91991,0.0,0.0,nan,0.0,0.00811,0.02331,35.4662,1.83196,0.23576,0.5203,0.55093,0.70626,0.54586,0.55093
-4.9888,52.91774,8.71498,-0.06362,-0.08641,0.99423,0.98529,0.0,0.0,nan,0.0,0.00988,0.0292,33.56871,3.27706,0.23915,0.50846,0.48244,0.70514,0.30515,0.48244
-5.21934,54.43855,-10.05578,0.04911,0.1578,-0.98625,0.99518,0.00234,0.01172,0.43,1.0,0.01676,0.0728,3.95782,1.89241,0.22324,0.34661,0.69677,1.0,0.52843,0.69677
-4.91133,55.36902,-9.91289,0.04598,0.18401,-0.98185,0.9958,0.0,0.0,nan,0.0,0.01551,0.06856,4.1426,1.87606,0.22602,0.33556,0.58478,1.0,0.53303,0.58478
-5.56899,55.79385,7.65843,-0.01477,0.2168,0.9761,0.92338,0.0,0.0,nan,0.0,0.00614,0.01827,27.628,1.7327,0.23663,0.46608,0.54567,0.77297,0.57713,0.54567
-4.90409,55.15406,8.87742,-0.09233,0.17639,0.97998,0.97744,0.0,0.0,nan,0.0,0.00932,0.02379,29.61153,1.76257,0.23487,0.53011,0.54366,0.7891,0.56735,0.54366
-5.0102,57.03009,-9.57243,0.02334,0.26808,-0.96311,0.99722,0.0,0.0,nan,0.0,0.01952,0.08159,4.48004,1.86032,0.22911,0.34611,0.53175,1.0,0.53754,0.53175
-5.62283,56.7001,7.87718,0.02724,0.08612,0.99591,0.94112,0.0,0.0,nan,0.0,0.00894,0.02427,37.52824,3.005,0.24253,0.58409,0.61934,0.66435,0.33278,0.61934
-4.72884,57.02229,8.20859,-0.05376,0.05349,0.99712,0.97366,0.0,0.0,nan,0.0,0.01085,0.02148,37.5945,1.72523,0.24309,0.60049,0.69522,0.88597,0.57963,0.69522
-5.02737,59.02372,-8.87319,0.02462,0.46026,-0.88744,0.98723,0.0,0.0,nan,0.0,0.02162,0.09759,5.17211,1.75565,0.24674,0.49508,0.56441,0.6204,0.56959,0.56441
-4.63755,58.28817,7.92271,-0.0345,-0.15287,0.98764,0.95081,0.0,0.0,nan,0.0,0.01196,0.03043,32.07161,2.01428,0.24118,0.552,0.44252,0.75645,0.49645,0.44252
-5.01339,58.89547,8.64937,-0.02079,-0.09165,0.99557,0.9654,0.0,0.0,nan,0.0,0.01012,0.02549,27.37377,2.05308,0.23374,0.57774,0.72625,0.73756,0.48707,0.72625
-5.09503,60.17938,-8.14783,0.03424,0.65057,-0.75868,0.96652,0.0,0.0,nan,0.0,0.00642,0.04203,6.00139,2.69777,0.22378,0.31633,0.61406,0.64401,0.37068,0.61406
-4.98112,60.96248,-7.20266,0.04259,0.82005,-0.5707,0.95714,0.0,0.0,nan,0.0,0.00596,0.05316,6.07342,1.68491,0.23975,0.47076,0.86343,0.49699,0.5935,0.86343
-5.02319,61.74475,-4.82715,0.07378,0.96801,-0.2398,0.95755,0.0,0.0,nan,0.0,0.00275,0.02794,9.56448,1.93642,0.229,0.55207,0.8773,0.3639,0.51642,0.8773
-5.12131,61.78227,-3.42828,0.05923,0.98807,-0.14217,0.96295,0.0,0.0,nan,0.0,0.00359,0.02821,9.05708,1.71806,0.23181,0.53421,0.88491,0.51128,0.58205,0.88491
-5.08718,61.9687,3.61751,-0.04241,0.9966,0.07071,0.95836,0.0,0.0,nan,0.0,0.00361,0.03788,4.54135,2.23422,0.23092,0.32455,0.89612,0.79465,0.44758,0.89612
-4.98108,61.87088,5.05749,-0.0485,0.99468,0.09085,0.96101,0.0,0.0,nan,0.0,0.00825,0.08511,4.4933,2.03356,0.2298,0.57174,0.94039,0.62685,0.49175,0.94039
-5.11875,61.69625,7.2163,-0.11453,0.9,0.42057,0.91032,0.0,0.0,nan,0.0,0.01209,0.06264,12.1522,1.73881,0.23128,0.53552,0.71993,0.41973,0.57511,0.71993
-5.00114,60.87836,8.69024,-0.1192,0.38147,0.91666,0.77793,0.0,0.0,nan,0.0,0.00838,0.08591,31.10741,1.83051,0.23254,0.54376,0.84247,0.27113,0.5463,0.84247
-5.97083,62.0204,-4.11092,0.08015,0.98025,-0.18077,0.96724,0.0,0.0,nan,0.0,0.00254,0.02476,9.02606,1.89642,0.22975,0.52805,0.88672,0.42262,0.52731,0.88672
-5.01712,62.18582,-2.64777,0.04777,0.99405,-0.0979,0.97958,0.0,0.0,nan,0.0,0.00455,0.02633,9.0595,1.71314,0.24175,0.50686,0.77855,0.45824,0.58373,0.77855
-4.98695,62.23515,-0.89764,0.00242,0.99989,-0.01448,0.98876,0.0,0.0,nan,0.0,0.0026,0.02539,8.64789,1.71486,0.23511,0.46622,0.87646,0.45359,0.58314,0.87646
-4.95686,62.21256,0.94198,-0.04064,0.99776,0.05313,0.98804,0.0,0.0,nan,0.0,0.0047,0.02578,5.31424,3.25133,0.23271,0.29815,0.76245,0.87737,0.30757,0.76245
-4.88075,62.04257,2.6337,-0.04851,0.99688,0.06222,0.97907,0.0,0.0,nan,0.0,0.00368,0.03116,4.67438,2.07521,0.22657,0.18439,0.24578,0.91358,0.48188,0.24578
-3.71753,1.94493,-4.10365,0.10345,-0.84211,-0.52928,0.97438,0.0047,0.00545,0.51,0.7931,0.02629,0.09383,30.24388,1.92207,0.21871,0.3083,0.46879,0.96902,0.52027,0.46879
-2.99728,1.58849,-2.93081,0.08161,-0.93667,-0.34056,0.99253,0.00135,0.00675,0.51,1.0,0.02121,0.08628,27.1129,2.19824,0.22381,0.26403,0.61793,1.0,0.45491,0.61793
-2.9471,1.15525,-1.02531,0.06691,-0.99051,-0.12006,0.99569,0.01073,0.05367,0.7,1.0,0.01426,0.0761,27.05612,2.01776,0.22095,0.20512,0.56639,0.98127,0.4956,0.56639
-3.01469,1.15653,0.91514,0.08748,-0.99428,0.06131,0.99661,0.01382,0.01382,0.6,0.6087,0.01562,0.10147,22.10385,2.13716,0.22252,0.21179,0.65101,0.79252,0.46791,0.65101
-3.02162,1.35737,2.99782,0.09485,-0.98293,0.15766,0.98968,0.0,0.0,nan,0.0,0.00731,0.07682,17.42861,2.0629,0.22873,0.16447,0.33076,0.64486,0.48475,0.33076
-3.15656,1.66481,4.97412,0.07163,-0.97436,0.21331,0.99243,0.0,0.0,nan,0.0,0.00364,0.05562,13.83195,1.88054,0.22782,0.14823,0.67067,0.50509,0.53176,0.67067
-3.60751,1.95058,6.16001,0.06368,-0.95916,0.27559,0.99396,0.0,0.0,nan,0.0,0.00955,0.08612,14.71519,1.85975,0.2365,0.39591,0.87813,0.53914,0.53771,0.87813
-2.3872,3.88391,-6.05631,-0.20397,-0.40439,-0.89155,0.95724,0.00015,0.00077,0.7,1.0,0.0209,0.08053,31.32739,1.90355,0.22267,0.32216,0.3999,0.85722,0.52533,0.3999
-3.00132,2.97376,-4.9947,-0.03786,-0.64733,-0.76127,0.95999,0.0,0.0,nan,0.0,0.02276,0.08458,33.39361,1.94282,0.22814,0.2887,0.58012,0.98813,0.51471,0.58012
-2.24425,2.06232,-3.89172,0.01784,-0.88193,-0.47105,0.99304,0.0,0.0,nan,0.0,0.0242,0.09461,28.41958,1.99454,0.23311,0.27374,0.38982,1.0,0.50137,0.38982
-2.35485,2.05871,5.8176,0.06166,-0.9686,0.24085,0.99172,0.0,0.0,nan,0.0,0.01059,0.06234,8.65262,1.87943,0.23849,0.3979,0.62973,0.52552,0.53208,0.62973
-2.98633,2.33545,7.01383,0.03122,-0.9096,0.41432,0.98213,0.0,0.0,nan,0.0,0.00974,0.10029,14.72144,1.87452,0.22302,0.53133,0.82455,0.27252,0.53347,0.82455
-3.03087,3.19092,8.94058,-0.11893,-0.50207,0.85661,0.85004,0.0,0.0,nan,0.0,0.01128,0.04656,22.23445,1.84137,0.23876,0.49295,0.57468,0.53571,0.54307,0.57468
-2.49661,5.02293,-6.17818,-0.29537,-0.23928,-0.92493,0.98825,0.0,0.0,nan,0.0,0.02463,0.09561,38.25866,1.71122,0.23228,0.37709,0.46605,0.71891,0.58438,0.46605
-3.3711,5.04455,-5.79475,-0.23601,-0.17502,-0.95586,0.98478,0.0,0.0,nan,0.0,0.02276,0.07427,38.29178,1.74627,0.24343,0.375,0.58256,0.86006,0.57265,0.58256
-3.10807,5.08336,9.21615,-0.20248,-0.08745,0.97537,0.96591,0.0,0.0,nan,0.0,0.01356,0.03274,27.39646,2.10368,0.23412,0.59997,0.41616,0.74098,0.47536,0.41616
-2.14848,7.92979,-8.09125,0.02035,-0.39479,-0.91855,0.85596,0.0,0.0,nan,0.0,0.01022,0.03599,56.11477,1.8459,0.24201,0.47466,0.35227,0.61949,0.54174,0.35227
-2.60384,6.8462,-6.48918,-0.31048,-0.35116,-0.88334,0.96662,0.0,0.0,nan,0.0,0.01009,0.05697,59.75074,1.6479,0.24327,0.35928,0.26654,0.50955,0.60683,0.26654
-3.54581,6.59953,-5.67461,-0.36588,-0.20782,-0.90716,0.90747,0.0,0.0,nan,0.0,0.03539,0.15464,57.54368,1.7178,0.2289,0.51234,0.78883,0.52776,0.58214,0.78883
-3.00916,6.97305,9.15141,-0.18109,-0.20982,0.96082,0.9911,0.0,0.0,nan,0.0,0.00961,0.02558,24.18822,1.6479,0.23517,0.50679,0.58551,0.80265,0.60683,0.58551
-2.94858,8.99943,-8.58194,0.1495,-0.43401,-0.88842,0.81485,0.0,0.0,nan,0.0,0.00539,0.03197,41.3975,3.08532,0.23444,0.55834,0.61569,0.31673,0.32412,0.61569
-3.09532,8.24889,-7.30701,-0.08863,-0.58261,-0.8079,0.93725,0.0,0.0,nan,0.0,0.01776,0.07677,65.29272,1.92615,0.23294,0.61182,0.81275,0.48765,0.51917,0.81275
-2.9255,8.92767,9.87215,-0.02684,-0.1615,0.98651,0.98672,0.0,0.0,nan,0.0,0.00343,0.01674,18.83562,1.6479,0.23026,0.43715,0.47811,0.51849,0.60683,0.47811
-2.89166,11.04145,-8.80089,0.3674,-0.12266,-0.92194,0.91634,0.0,0.0,nan,0.0,0.00882,0.05955,19.79557,3.31131,0.23938,0.54319,0.75648,0.30655,0.302,0.75648
-3.22006,10.85287,9.95345,0.03137,-0.0146,0.9994,0.99345,0.0,0.0,nan,0.0,0.00988,0.03826,14.19359,1.6479,0.23607,0.60179,0.53949,0.48969,0.60683,0.53949
-2.32189,11.36103,10.01664,0.10698,-0.03231,0.99374,0.99498,0.0,0.0,nan,0.0,0.00579,0.02809,20.03728,1.6479,0.23787,0.52836,0.66576,0.4288,0.60683,0.66576
-2.82746,12.97989,-8.90418,0.34606,-0.18211,-0.92037,0.98376,0.0,0.0,nan,0.0,0.0064,0.04599,39.04885,2.07127,0.22602,0.45194,0.47465,0.32366,0.48279,0.47465
-2.0289,12.79738,-7.92015,0.41821,-0.26786,-0.86796,0.96377,0.0,0.0,nan,0.0,0.0083,0.03734,44.90795,2.81378,0.23666,0.42617,0.36149,0.54491,0.35539,0.36149
-3.05215,12.74731,9.75015,0.02372,-0.07527,0.99688,0.99631,0.0,0.0,nan,0.0,0.00798,0.02846,15.64451,2.08047,0.23446,0.59193,0.58702,0.53441,0.48066,0.58702
-2.81484,13.51245,10.07754,0.01163,-0.03732,0.99924,0.99172,0.0,0.0,nan,0.0,0.00801,0.03114,18.52791,1.83385,0.23828,0.5759,0.28118,0.49507,0.5453,0.28118
-2.89355,15.04052,-9.24411,0.25939,-0.1115,-0.95931,0.99212,0.0,0.0,nan,0.0,0.0076,0.04281,40.42326,1.75762,0.22744,0.37482,0.66779,0.49714,0.56895,0.66779
-3.2147,15.73291,9.72843,-0.03309,0.12137,0.99206,0.99427,0.0,0.0,nan,0.0,0.00901,0.03044,29.73963,1.81269,0.23462,0.44744,0.27127,0.70567,0.55166,0.27127
-2.89829,14.8182,10.2238,-0.02067,0.05009,0.99853,0.98662,0.0,0.0,nan,0.0,0.00352,0.0166,21.70741,3.42524,0.23915,0.39655,0.44941,0.58365,0.29195,0.44941
-2.85102,17.02225,-9.29195,0.2983,-0.0342,-0.95386,0.99692,0.0,0.0,nan,0.0,0.009,0.05685,34.30342,2.01081,0.22364,0.24631,0.50507,0.68048,0.49731,0.50507
-3.03797,16.97682,9.68869,-0.00816,0.05433,0.99849,0.99121,0.0,0.0,nan,0.0,0.00952,0.02375,32.04734,1.81269,0.23792,0.4723,0.58371,0.90194,0.55166,0.58371
-3.56929,16.70437,10.01778,-0.02692,0.07841,0.99656,0.99049,0.00332,0.01661,0.7,1.0,0.01165,0.0296,35.44312,2.01327,0.2348,0.5088,0.3815,0.81735,0.4967,0.3815
-3.6736,19.93157,-10.0004,0.36717,0.04795,-0.92892,0.9601,0.0,0.0,nan,0.0,0.01029,0.06492,33.24832,1.94278,0.22691,0.2557,0.5176,0.6575,0.51473,0.5176
-2.88524,19.04696,-9.4377,0.3812,0.04367,-0.92346,0.99233,0.0,0.0,nan,0.0,0.01298,0.07617,39.97306,1.82506,0.23047,0.24054,0.5131,0.74364,0.54793,0.5131
-2.98835,18.59061,9.80384,-0.02074,-0.12281,0.99221,0.9962,0.01585,0.07924,0.7,1.0,0.00885,0.02483,27.10499,1.72203,0.2311,0.50698,0.44701,0.75484,0.58071,0.44701
-3.01699,19.58418,10.19811,-0.05526,-0.12277,0.9909,0.98702,0.04153,0.20763,0.7,1.0,0.00641,0.0266,24.34993,1.6479,0.23572,0.51814,0.59998,0.50291,0.60683,0.59998
-3.86682,20.73725,-10.00512,0.40057,0.08467,-0.91234,0.96254,0.0,0.0,nan,0.0,0.01018,0.06277,36.01147,2.57321,0.22558,0.30454,0.72156,0.56196,0.38862,0.72156
-3.11274,21.08937,-9.03743,0.44461,0.16265,-0.88083,0.99641,0.0,0.0,nan,0.0,0.01268,0.06341,47.21182,2.00934,0.22445,0.26912,0.27189,0.77468,0.49768,0.27189
-3.51844,21.79913,9.94957,-0.11225,0.08493,0.99004,0.9958,0.0,0.0,nan,0.0,0.0067,0.04341,15.40612,1.81323,0.23447,0.52477,0.64304,0.33209,0.5515,0.64304
-2.85311,20.87346,10.22877,-0.08847,0.02246,0.99583,0.98509,0.00426,0.02128,0.6,1.0,0.01167,0.06638,15.01523,1.76424,0.23708,0.55161,0.63903,0.36129,0.56682,0.63903
-3.98208,22.03323,-10.00532,0.46337,0.13993,-0.87505,0.95673,0.0,0.0,nan,0.0,0.00863,0.05293,38.04071,2.06077,0.22963,0.2977,0.53025,0.57657,0.48525,0.53025
-3.12901,22.87965,-8.56444,0.48225,0.16618,-0.86013,0.9959,0.0,0.0,nan,0.0,0.01861,0.06711,45.3612,1.99413,0.22639,0.31104,0.4315,0.93097,0.50147,0.4315
-2.32348,23.26534,-7.94285,0.37376,0.16107,-0.91343,0.97387,0.0,0.0,nan,0.0,0.02027,0.0973,44.78307,1.92721,0.22551,0.28996,0.32758,0.7505,0.51888,0.32758
-2.95822,23.03207,9.49075,-0.09005,-0.00468,0.99593,0.97723,0.0,0.0,nan,0.0,0.00769,0.03511,15.10494,1.68217,0.24294,0.42984,0.44219,0.57704,0.59447,0.44219
-2.10919,22.04864,10.00571,-0.08391,0.08768,0.99261,0.99671,0.0,0.0,nan,0.0,0.00883,0.0513,15.30276,1.6479,0.23858,0.58251,0.71549,0.33414,0.60683,0.71549
-3.13601,25.0143,-8.41488,0.46383,0.20823,-0.86111,0.99569,0.0,0.0,nan,0.0,0.02474,0.08028,45.50642,1.879,0.22853,0.34937,0.40055,0.92078,0.5322,0.40055
-2.54704,24.99946,-7.97638,0.37758,0.19125,-0.90601,0.99416,0.0,0.0,nan,0.0,0.02658,0.09616,44.09733,1.69343,0.23553,0.35637,0.61671,0.81087,0.59052,0.61671
-3.15032,24.29255,9.92781,-0.07331,-0.10359,0.99191,0.9958,0.0,0.0,nan,0.0,0.01209,0.04158,17.45625,1.89139,0.22608,0.54129,0.60929,0.59856,0.52871,0.60929
-2.90672,25.24271,10.29231,-0.07106,-0.05718,0.99583,0.98641,0.0,0.0,nan,0.0,0.0136,0.03926,19.36838,1.71487,0.23778,0.61448,0.42712,0.62198,0.58314,0.42712
-3.48558,26.39971,-8.31226,0.41023,0.23163,-0.88208,0.98733,0.0,0.0,nan,0.0,0.02177,0.06023,52.97564,1.71219,0.2333,0.48079,0.50699,0.78011,0.58405,0.50699
-2.7936,27.01624,-7.31442,0.33919,0.13987,-0.93026,0.94561,0.0,0.0,nan,0.0,0.02105,0.0687,42.56466,2.42068,0.23508,0.46089,0.79581,0.81549,0.41311,0.79581
-3.39875,27.58369,9.97842,-0.08765,0.17904,0.97993,0.99406,0.0,0.0,nan,0.0,0.01095,0.02837,29.3542,3.10241,0.24021,0.52072,0.60358,0.79175,0.32233,0.60358
-2.81507,26.95225,10.21963,-0.10571,0.15199,0.98271,0.98162,0.0,0.0,nan,0.0,0.00813,0.02762,25.99405,1.69478,0.24313,0.50109,0.63681,0.6323,0.59005,0.63681
-3.23328,29.43226,-8.33554,0.26703,-0.35254,-0.89689,0.98957,0.0,0.0,nan,0.0,0.01553,0.06135,26.19996,1.6479,0.25171,0.61003,0.49492,0.44651,0.60683,0.49492
-2.81622,28.77015,-7.47574,0.30195,-0.24473,-0.92138,0.94551,0.0,0.0,nan,0.0,0.01114,0.04689,34.4598,1.71848,0.24516,0.53078,0.75164,0.4761,0.58191,0.75164
-2.91432,29.10441,9.43505,-0.06217,0.05484,0.99656,0.98315,0.0,0.0,nan,0.0,0.01032,0.022,31.47491,2.03482,0.23462,0.52069,0.3173,0.9586,0.49144,0.3173
-2.3434,28.00492,10.01606,-0.10361,0.20023,0.97425,0.99182,0.0,0.0,nan,0.0,0.02136,0.04933,28.71459,3.4283,0.23842,0.6551,0.66321,0.70703,0.29169,0.66321
-2.97125,31.02888,-8.93105,0.16004,-0.41631,-0.89503,0.99539,0.0,0.0,nan,0.0,0.00982,0.03145,16.03269,1.81269,0.22511,0.5608,0.75242,0.63117,0.55166,0.75242
-2.97971,30.70879,9.63452,-0.00375,-0.05116,0.99868,0.99253,0.0,0.0,nan,0.0,0.00809,0.0199,29.89656,1.8948,0.23308,0.44658,0.34889,0.97163,0.52776,0.34889
-3.15972,31.58104,10.13724,-0.03143,-0.00365,0.9995,0.94847,0.0,0.0,nan,0.0,0.00821,0.01989,27.22539,2.83265,0.23273,0.50335,0.29849,0.87972,0.35303,0.29849
-3.29778,33.8109,-10.02414,0.06085,-0.26952,-0.96107,0.99508,0.0,0.0,nan,0.0,0.0047,0.01846,5.68302,1.67659,0.23122,0.39958,0.68026,0.86229,0.59645,0.68026
-2.87767,32.85714,-9.64582,0.09392,-0.3475,-0.93296,0.9959,0.0,0.0,nan,0.0,0.00903,0.04577,10.67209,1.81269,0.2311,0.48073,0.45005,0.48711,0.55166,0.45005
-2.88143,33.45476,9.62399,-0.11482,0.14569,0.98265,0.98845,0.0,0.0,nan,0.0,0.01299,0.03289,41.14192,1.85369,0.23683,0.64505,0.56109,0.64198,0.53946,0.56109
-3.25036,32.43535,10.13176,-0.07647,0.12535,0.98916,0.93123,0.0,0.0,nan,0.0,0.01027,0.02785,29.91362,2.07959,0.2246,0.46965,0.43193,0.83746,0.48086,0.43193
-2.98728,34.99791,-10.39672,0.07457,-0.15563,-0.985,0.99406,0.0,0.0,nan,0.0,0.00405,0.02657,4.74021,1.94021,0.23722,0.52014,0.88075,0.71707,0.51541,0.88075
-3.05717,34.98284,9.38297,-0.13061,-0.12745,0.98321,0.97988,0.0,0.0,nan,0.0,0.00939,0.02024,32.24364,2.36832,0.23461,0.57989,0.36295,0.84974,0.42224,0.36295
-2.98621,37.02634,-10.41368,0.07677,-0.04633,-0.99597,0.99631,0.0,0.0,nan,0.0,0.01388,0.07083,3.25231,1.68327,0.23472,0.44717,0.77677,0.77394,0.59408,0.77677
-3.26076,36.85786,9.73582,-0.13697,-0.17553,0.9749,0.98794,0.0,0.0,nan,0.0,0.0072,0.02922,24.9183,1.83217,0.24218,0.45062,0.42873,0.5908,0.5458,0.42873
-2.33279,37.23151,10.11066,-0.15506,-0.11829,0.9808,0.96734,0.0,0.0,nan,0.0,0.00856,0.03211,21.43551,1.78433,0.24536,0.51571,0.52306,0.56496,0.56044,0.52306
-3.00689,39.0548,-10.55796,0.05531,-0.05295,-0.99706,0.99671,0.03561,0.17805,0.51,1.0,0.01461,0.12272,2.90249,2.02104,0.21763,0.20105,0.55981,1.0,0.49479,0.55981
-3.42215,38.98734,9.48217,-0.13347,0.09975,0.98602,0.99631,0.0,0.0,nan,0.0,0.00852,0.01954,20.03246,2.55364,0.23678,0.56405,0.47069,0.85042,0.3916,0.47069
-2.31093,38.96888,10.16389,-0.13141,0.12116,0.9839,0.98692,0.0,0.0,nan,0.0,0.0044,0.01391,19.58022,1.6582,0.23821,0.51334,0.33387,0.6797,0.60306,0.33387
-2.99107,40.98626,-10.64687,0.03119,-0.02653,-0.99916,0.9805,0.00035,0.00175,0.51,1.0,0.01608,0.14855,3.00769,2.18673,0.22029,0.1802,0.39368,1.0,0.4573,0.39368
-2.77798,40.95568,9.12638,-0.0699,0.01162,0.99749,0.96744,0.0,0.0,nan,0.0,0.00369,0.01017,25.28745,1.81269,0.23378,0.43573,0.3169,0.89914,0.55166,0.3169
-2.14221,40.30908,10.04359,-0.10595,0.07934,0.9912,0.99682,0.0,0.0,nan,0.0,0.00363,0.00996,27.65204,1.82603,0.23113,0.51899,0.59669,0.75238,0.54764,0.59669
-2.99653,43.00084,-10.66367,0.02315,0.00082,-0.99973,0.98141,0.0,0.0,nan,0.0,0.01363,0.11227,3.12144,2.10472,0.22545,0.19924,0.55038,1.0,0.47512,0.55038
-3.47144,42.84687,9.97243,-0.09756,0.02261,0.99497,0.97662,0.0,0.0,nan,0.0,0.00848,0.01888,27.06758,3.35642,0.24116,0.57014,0.39999,0.84639,0.29794,0.39999
-2.61205,43.21156,10.18169,-0.10946,0.05656,0.99238,0.97387,0.0,0.0,nan,0.0,0.00838,0.01715,32.52549,1.81269,0.24194,0.58395,0.42831,0.88835,0.55166,0.42831
-2.98119,44.99892,-10.67011,0.04875,0.02867,-0.9984,0.98315,0.00143,0.00713,0.7,1.0,0.01517,0.13467,3.95155,1.95463,0.22506,0.16966,0.45779,1.0,0.51161,0.45779
-2.94415,45.06512,9.31447,-0.12489,0.17973,0.97576,0.99539,0.0,0.0,nan,0.0,0.01315,0.02805,30.47423,1.882,0.22525,0.52476,0.4483,0.95155,0.53135,0.4483
-2.39406,44.14935,10.05647,-0.11101,0.13179,0.98504,0.96336,0.0,0.0,nan,0.0,0.01562,0.03021,30.52818,1.73854,0.23341,0.60944,0.59647,0.90407,0.57519,0.59647
-2.99183,47.01621,-10.5815,0.08383,0.06836,-0.99413,0.99702,0.01141,0.03096,0.6,0.94737,0.015,0.11601,3.84669,1.91372,0.2273,0.19657,0.712,0.99987,0.52254,0.712
-3.14971,46.96291,9.35474,-0.09629,-0.00076,0.99535,0.9807,0.0,0.0,nan,0.0,0.01568,0.03079,31.22028,1.72938,0.24258,0.591,0.51285,0.91678,0.57824,0.51285
-2.98423,49.00723,-10.37094,0.10054,0.06847,-0.99257,0.99508,0.00163,0.00813,0.6,1.0,0.0119,0.06935,3.20851,2.3576,0.22754,0.27857,0.40212,1.0,0.42416,0.40212
-2.80159,48.99796,9.10059,-0.15527,0.07517,0.98501,0.98621,0.0,0.0,nan,0.0,0.00958,0.0327,31.49576,2.0467,0.2386,0.38933,0.3493,0.80053,0.48859,0.3493
-3.04387,51.01262,-10.24182,0.10235,0.07297,-0.99207,0.99671,0.01137,0.05685,0.6,1.0,0.01167,0.05512,3.2838,2.08543,0.22271,0.34058,0.43232,1.0,0.47952,0.43232
-3.59358,51.76123,7.81237,-0.18417,-0.02817,0.98249,0.82985,0.0,0.0,nan,0.0,0.01039,0.02217,39.55152,1.78086,0.22568,0.51777,0.4849,0.95028,0.56153,0.4849
-2.94464,51.12766,8.87875,-0.20071,0.0907,0.97544,0.99131,0.0,0.0,nan,0.0,0.01267,0.03207,49.80459,1.6479,0.24209,0.61697,0.55833,0.66588,0.60683,0.55833
-3.17189,52.78062,-10.115,0.10464,0.10785,-0.98865,0.99641,0.0,0.0,nan,0.0,0.009,0.04592,3.44443,1.85705,0.2248,0.30982,0.65456,1.0,0.53849,0.65456
-2.6043,53.56112,-9.90833,0.10297,0.11698,-0.98778,0.99722,0.0,0.0,nan,0.0,0.00989,0.04902,3.71004,2.41331,0.22445,0.31052,0.4132,1.0,0.41437,0.4132
-3.57417,52.24566,7.82505,-0.18078,-0.09006,0.97939,0.85269,0.0,0.0,nan,0.0,0.0126,0.02786,39.06791,1.91457,0.22674,0.56767,0.64227,0.83719,0.52231,0.64227
-2.80223,53.03849,8.65567,-0.20779,-0.10755,0.97224,0.98427,0.0,0.0,nan,0.0,0.0186,0.04459,40.86763,2.08373,0.22895,0.63412,0.41707,0.68997,0.47991,0.41707
-3.93695,54.0734,-10.00721,0.08729,0.13471,-0.98703,0.99559,0.0,0.0,nan,0.0,0.01107,0.05952,3.95729,1.89651,0.22426,0.27987,0.49236,1.0,0.52729,0.49236
-2.98239,55.04699,-9.82928,0.09038,0.14739,-0.98494,0.99692,0.0,0.0,nan,0.0,0.00977,0.04938,4.06989,2.40108,0.22459,0.29496,0.46923,1.0,0.41648,0.46923
-2.77363,55.01024,8.8956,-0.24775,0.12591,0.96061,0.98753,0.0,0.0,nan,0.0,0.0145,0.03785,32.45449,2.0884,0.23273,0.63309,0.6354,0.64226,0.47884,0.6354
-2.98859,56.99974,-9.47101,0.07251,0.25285,-0.96478,0.99702,0.0,0.0,nan,0.0,0.01893,0.08573,4.38581,1.71093,0.23169,0.34483,0.7712,1.0,0.58448,0.7712
-2.9231,57.50585,7.73026,-0.20127,0.01605,0.97941,0.86075,0.0,0.0,nan,0.0,0.01204,0.03082,33.82127,1.89742,0.23539,0.56649,0.49204,0.73065,0.52703,0.49204
-3.17525,56.84646,8.25529,-0.23535,0.13443,0.96257,0.95265,0.0,0.0,nan,0.0,0.01178,0.03335,37.12451,2.06717,0.23303,0.55661,0.72167,0.66896,0.48375,0.72167
-3.03056,58.99696,-8.75765,0.06204,0.47864,-0.87581,0.98896,0.0,0.0,nan,0.0,0.01586,0.07477,5.1008,1.6479,0.23937,0.49567,0.83911,0.83333,0.60683,0.83911
-2.75454,58.56894,7.88276,-0.16756,-0.07971,0.98263,0.92766,0.0,0.0,nan,0.0,0.01435,0.03796,27.72094,2.33682,0.23632,0.663,0.38771,0.61111,0.42793,0.38771
-3.24643,59.04271,8.36901,-0.14431,-0.03196,0.98902,0.96917,0.0,0.0,nan,0.0,0.01168,0.02453,27.25462,2.20051,0.23382,0.62796,0.46142,0.81353,0.45444,0.46142
-3.28379,60.11915,-8.05301,0.06547,0.66077,-0.74772,0.96316,0.0,0.0,nan,0.0,0.01051,0.05186,5.99073,1.76798,0.23162,0.39311,0.65631,0.68793,0.56562,0.65631
-2.98636,60.92263,-7.08569,0.06832,0.83342,-0.5484,0.9554,0.0,0.0,nan,0.0,0.00405,0.02604,6.15368,2.89692,0.23789,0.31165,0.53609,0.66132,0.34519,0.53609
-2.99207,61.62088,-4.89607,0.06035,0.96208,-0.266,0.9653,0.0,0.0,nan,0.0,0.00525,0.03458,7.40363,3.61197,0.2387,0.36865,0.69724,0.52351,0.27686,0.69724
-2.74798,61.95122,-3.51518,0.03399,0.98112,-0.19037,0.96764,0.0,0.0,nan,0.0,0.00485,0.03186,8.96242,1.70368,0.24067,0.44181,0.78721,0.47832,0.58697,0.78721
-3.81393,61.98849,3.63189,-0.04067,0.99638,0.0746,0.97162,0.0,0.0,nan,0.0,0.0068,0.07473,7.57125,2.57018,0.21166,0.56953,0.94766,0.54981,0.38908,0.94766
-3.18965,61.92652,5.34349,-0.04239,0.99425,0.09832,0.96785,0.0,0.0,nan,0.0,0.00554,0.04996,9.53064,1.6641,0.23053,0.56782,0.8205,0.30507,0.60093,0.8205
-2.99845,61.71199,7.05854,-0.05314,0.91386,0.40253,0.95275,0.0,0.0,nan,0.0,0.00318,0.12851,28.09956,1.70701,0.24705,0.5514,0.99053,0.20847,0.58582,0.99053
-2.99999,61.04034,8.86752,-0.08736,0.46399,0.88152,0.80333,0.0,0.0,nan,0.0,0.00258,0.0523,41.71918,1.87866,0.23909,0.81636,0.98136,0.24359,0.5323,0.98136
-3.00691,62.11454,-2.63176,0.01398,0.99055,-0.13641,0.97183,0.0,0.0,nan,0.0,0.00365,0.02997,9.39962,1.68084,0.23845,0.47999,0.8509,0.45465,0.59494,0.8509
-2.98475,62.1243,-1.02974,-0.00323,0.99816,-0.0605,0.98764,0.0,0.0,nan,0.0,0.00821,0.07629,7.71352,1.86917,0.23183,0.58706,0.93241,0.55427,0.535,0.93241
-3.01798,62.23114,0.9751,-0.03907,0.99896,0.02355,0.98192,0.0,0.0,nan,0.0,0.00696,0.04481,6.30614,1.90172,0.23253,0.20445,0.43186,1.0,0.52584,0.43186
-3.01628,62.07969,2.87612,-0.04694,0.99615,0.07403,0.98192,0.0,0.0,nan,0.0,0.00668,0.07333,10.09399,1.6479,0.23423,0.56726,0.52316,0.19234,0.60683,0.52316
-2.47685,62.04113,4.63994,-0.04829,0.99534,0.08344,0.96948,0.0,0.0,nan,0.0,0.00857,0.05124,10.73529,2.17786,0.22757,0.64139,0.48009,0.30918,0.45917,0.48009
-0.50274,1.92837,-4.72759,-0.10824,-0.87839,-0.46553,0.96387,0.01444,0.07219,0.7,1.0,0.01624,0.07997,25.71261,2.17339,0.22737,0.2247,0.37354,0.97422,0.46011,0.37354
-0.95928,1.74531,-2.671,0.00241,-0.9578,-0.28743,0.99682,0.01159,0.01159,0.7,0.51562,0.0125,0.06773,26.61295,2.04031,0.22407,0.22261,0.60395,0.89155,0.49012,0.60395
-1.07826,1.17788,-1.07424,0.04333,-0.99323,-0.10774,0.99498,0.02838,0.1419,0.7,1.0,0.00888,0.06666,23.37082,2.17383,0.22421,0.19336,0.38237,0.74771,0.46002,0.38237
-1.00511,1.30199,0.96806,0.06196,-0.99545,0.07243,0.99365,0.03224,0.1612,0.7,1.0,0.00883,0.10559,17.51807,2.10373,0.22588,0.20175,0.40022,0.46165,0.47535,0.40022
-1.10052,1.56805,2.95804,0.06513,-0.98683,0.14806,0.98753,0.0,0.0,nan,0.0,0.01175,0.15384,10.40079,1.6479,0.24058,0.20391,0.59852,0.44645,0.60683,0.59852
-1.09929,1.84539,4.68533,0.05362,-0.9818,0.18221,0.98906,0.0,0.0,nan,0.0,0.01278,0.07763,7.17194,2.87294,0.23153,0.29343,0.77166,0.77085,0.34808,0.77166
-0.83064,3.54594,-6.27613,-0.18501,-0.53887,-0.82182,0.95234,0.00046,0.00232,0.7,1.0,0.01723,0.08828,28.39661,1.88908,0.2229,0.26394,0.66745,0.79144,0.52936,0.66745
-0.98483,2.49653,-5.11524,-0.12549,-0.80517,-0.57961,0.96836,0.0,0.0,nan,0.0,0.0183,0.08078,27.54023,1.91938,0.22465,0.25041,0.40875,0.97013,0.521,0.40875
-1.10387,2.07666,-3.63998,-0.04338,-0.91271,-0.40629,0.99651,0.0,0.0,nan,0.0,0.01777,0.08952,26.5852,1.6479,0.23024,0.21654,0.58386,0.98579,0.60683,0.58386
-0.90976,2.06223,5.67568,0.02532,-0.97768,0.20858,0.98733,0.0,0.0,nan,0.0,0.01074,0.07541,6.39982,2.23043,0.23246,0.3564,0.81843,0.6716,0.44834,0.81843
-0.95286,2.3601,7.03769,-0.01782,-0.93688,0.34919,0.98396,0.0,0.0,nan,0.0,0.02538,0.19418,8.27384,1.6479,0.23884,0.70532,0.90524,0.45733,0.60683,0.90524
-1.01094,3.23949,9.05614,-0.03468,-0.51287,0.85776,0.87676,0.0,0.0,nan,0.0,0.00707,0.02691,19.06,3.08171,0.25197,0.57056,0.56969,0.50881,0.3245,0.56969
-0.99589,5.01541,-6.67515,-0.26742,-0.29783,-0.9164,0.99304,0.00522,0.02608,0.51,1.0,0.0248,0.10892,35.6063,1.83653,0.23518,0.39762,0.65224,0.6049,0.5445,0.65224
-1.04954,5.08245,9.16497,-0.06994,-0.13788,0.98798,0.98284,0.0,0.0,nan,0.0,0.01012,0.02255,20.81106,3.56262,0.24465,0.50566,0.68908,0.97253,0.28069,0.68908
-1.74783,7.86859,-8.09151,0.0068,-0.31635,-0.94862,0.86932,0.0,0.0,nan,0.0,0.0081,0.03345,55.82921,1.81269,0.24508,0.42221,0.42991,0.5941,0.55166,0.42991
-1.03673,7.05741,-6.94138,-0.20659,-0.21225,-0.95513,0.97183,0.0,0.0,nan,0.0,0.00728,0.0626,77.16864,1.69915,0.23595,0.56367,0.83192,0.28681,0.58853,0.83192
-1.01328,6.88302,9.84264,-0.0764,-0.14687,0.9862,0.98437,0.0,0.0,nan,0.0,0.00736,0.01821,24.31711,1.6479,0.23869,0.44969,0.56795,0.97207,0.60683,0.56795
-0.37668,7.90088,10.04197,-0.08499,-0.10709,0.99061,0.98223,0.0,0.0,nan,0.0,0.00605,0.01479,25.69769,1.70407,0.23405,0.49023,0.49183,0.89936,0.58683,0.49183
-1.71286,8.97824,-8.15897,0.24442,-0.20387,-0.94799,0.89584,0.0,0.0,nan,0.0,0.00543,0.03537,52.88675,1.74552,0.24425,0.4245,0.69034,0.37539,0.57289,0.69034
-1.18623,9.07306,-6.97382,0.11697,-0.0984,-0.98825,0.92175,0.0,0.0,nan,0.0,0.00532,0.04224,59.09604,3.41079,0.24437,0.3747,0.6389,0.34777,0.29319,0.6389
-1.21809,9.29484,9.46446,-0.01154,-0.00058,0.99993,0.99508,0.0,0.0,nan,0.0,0.00808,0.01936,24.2985,1.81269,0.23916,0.6149,0.52613,0.73486,0.55166,0.52613
-0.59706,8.34881,10.09433,-0.06077,-0.06864,0.99579,0.98162,0.0,0.0,nan,0.0,0.00581,0.01344,24.32117,1.75506,0.23081,0.52037,0.42905,0.89875,0.56978,0.42905
-1.83139,10.75572,-8.25804,0.46241,-0.10099,-0.88089,0.97652,0.0,0.0,nan,0.0,0.01412,0.05487,38.58353,1.87125,0.23556,0.58676,0.41077,0.46128,0.5344,0.41077
-1.24356,11.00243,-6.82951,0.3642,-0.08383,-0.92754,0.83709,0.0,0.0,nan,0.0,0.01073,0.03566,40.29137,3.22937,0.23741,0.54798,0.56945,0.5766,0.30966,0.56945
-0.80505,11.0783,9.59197,0.07546,0.00709,0.99712,0.99365,0.0,0.0,nan,0.0,0.00515,0.01394,23.23593,1.6479,0.23205,0.47686,0.35528,0.84206,0.60683,0.35528
-1.74442,10.79277,10.01467,0.10158,0.01789,0.99467,0.99549,0.0,0.0,nan,0.0,0.0036,0.01517,21.00923,1.6479,0.23665,0.43295,0.45706,0.60068,0.60683,0.45706
-1.18366,13.74404,-8.49975,0.30157,-0.27469,-0.91302,0.98743,0.0,0.0,nan,0.0,0.01277,0.04154,51.26726,1.99721,0.23103,0.41043,0.38021,0.77804,0.5007,0.38021
-1.063,12.80769,-7.63956,0.32252,-0.31911,-0.89115,0.9601,0.0,0.0,nan,0.0,0.01086,0.04145,49.23168,2.02415,0.22929,0.42402,0.30894,0.64289,0.49403,0.30894
-0.88044,12.8258,9.4633,0.08081,-0.13082,0.98811,0.98815,0.0,0.0,nan,0.0,0.00585,0.01984,21.40068,1.68621,0.2418,0.51632,0.67074,0.6248,0.59305,0.67074
-1.26031,13.61664,10.1641,0.03584,-0.09799,0.99454,0.98478,0.0,0.0,nan,0.0,0.00437,0.02018,19.43802,1.89163,0.23815,0.4534,0.41363,0.52749,0.52865,0.41363
-0.96539,14.9622,-8.7344,0.27737,-0.15853,-0.94759,0.98631,0.0,0.0,nan,0.0,0.02074,0.0613,58.22826,1.95953,0.23705,0.404,0.26898,0.86618,0.51033,0.26898
-0.55656,14.00182,-7.99748,0.28248,-0.27574,-0.91879,0.99151,0.0,0.0,nan,0.0,0.01697,0.04999,56.06228,1.8874,0.23054,0.42846,0.26891,0.82043,0.52983,0.26891
-1.17883,15.53909,9.6211,-0.03877,0.09911,0.99432,0.99416,0.0,0.0,nan,0.0,0.00884,0.02781,23.11361,2.03494,0.23467,0.5629,0.43163,0.61355,0.49141,0.43163
-0.94657,14.82351,10.29012,-0.01411,0.01353,0.99981,0.9707,0.0,0.0,nan,0.0,0.00703,0.02296,19.52756,2.72099,0.23372,0.53637,0.47583,0.62923,0.36751,0.47583
-0.92732,17.00336,-8.79318,0.30414,0.04977,-0.95133,0.99641,0.0,0.0,nan,0.0,0.02079,0.07267,44.74733,2.41619,0.22791,0.3007,0.38276,0.99374,0.41387,0.38276
-1.05925,16.96192,9.55189,-0.05417,0.0672,0.99627,0.98345,0.0,0.0,nan,0.0,0.01172,0.02886,29.45396,1.89196,0.23272,0.64329,0.42839,0.674,0.52855,0.42839
-0.14255,16.18643,10.06919,-0.02436,0.11364,0.99322,0.98937,0.0,0.0,nan,0.0,0.00839,0.02281,20.60436,3.5323,0.23967,0.53964,0.31469,0.74786,0.2831,0.31469
-0.98212,19.15615,-8.564,0.30007,0.08587,-0.95005,0.99702,0.0,0.0,nan,0.0,0.0288,0.11182,43.09192,1.6479,0.22996,0.29666,0.44811,0.9084,0.60683,0.44811
-0.11223,19.77466,-7.99142,0.29923,0.11149,-0.94765,0.99722,0.0,0.0,nan,0.0,0.02909,0.0948,42.82184,2.06096,0.23209,0.32912,0.29455,0.9759,0.48521,0.29455
-1.17661,18.65099,9.59385,-0.02248,-0.16424,0.98616,0.98539,0.0,0.0,nan,0.0,0.01047,0.03063,23.21957,1.70106,0.23744,0.49811,0.35994,0.74491,0.58787,0.35994
-0.80044,19.48413,10.11346,-0.015,-0.18242,0.98311,0.98988,0.0,0.0,nan,0.0,0.00712,0.02696,19.30832,1.82333,0.23311,0.52234,0.52211,0.55774,0.54845,0.52211
-1.06833,20.95001,-8.29388,0.29903,0.15249,-0.94198,0.99641,0.0,0.0,nan,0.0,0.0231,0.11534,46.83359,1.89353,0.22347,0.25611,0.4776,0.81536,0.52812,0.4776
-0.22483,21.76112,-7.99189,0.24563,0.1462,-0.95828,0.99722,0.0,0.0,nan,0.0,0.02154,0.11462,41.21308,1.73694,0.23061,0.25912,0.49446,0.76032,0.57572,0.49446
-1.00404,20.99619,10.32941,-0.05357,0.01133,0.9985,0.98713,0.0,0.0,nan,0.0,0.0098,0.05547,12.63524,1.7135,0.24471,0.60311,0.76741,0.35923,0.5836,0.76741
-1.39472,22.53848,-8.35424,0.29415,0.17262,-0.94004,0.99661,0.0,0.0,nan,0.0,0.02378,0.12652,46.78376,1.91094,0.23018,0.25522,0.31745,0.76793,0.5233,0.31745
-0.84382,23.21562,-7.8105,0.24702,0.16698,-0.95452,0.99722,0.0,0.0,nan,0.0,0.02001,0.13253,39.2618,1.9099,0.22017,0.23295,0.61294,0.68126,0.52359,0.61294
-1.0589,23.33219,9.89082,-0.05893,-0.00904,0.99822,0.99223,0.0,0.0,nan,0.0,0.00705,0.03591,15.22032,3.3729,0.24623,0.50123,0.77727,0.4856,0.29648,0.77727
-0.71909,22.39669,10.06043,-0.05321,0.08957,0.99456,0.99427,0.0,0.0,nan,0.0,0.00883,0.04893,11.27418,1.85521,0.23601,0.5749,0.72128,0.36972,0.53902,0.72128
-1.91535,25.21517,-8.02991,0.32576,0.19527,-0.92507,0.99518,0.0,0.0,nan,0.0,0.021,0.09783,41.52502,1.79083,0.23373,0.37133,0.81163,0.75473,0.5584,0.81163
-1.0621,24.98394,-7.47218,0.28302,0.19715,-0.93863,0.99702,0.0,0.0,nan,0.0,0.02032,0.10293,36.09086,1.73541,0.22658,0.33814,0.77071,0.6598,0.57623,0.77071
-0.92043,24.25409,9.97854,-0.05362,-0.09506,0.99403,0.99314,0.0,0.0,nan,0.0,0.00689,0.02758,15.3064,1.68893,0.23682,0.49938,0.56103,0.56601,0.59209,0.56103
-0.97649,25.05672,10.37267,-0.05468,-0.10044,0.99344,0.98845,0.0,0.0,nan,0.0,0.00655,0.02382,15.87057,1.6479,0.24711,0.5305,0.49056,0.58387,0.60683,0.49056
-1.04884,27.07394,-7.3561,0.25701,0.09326,-0.9619,0.99549,0.0,0.0,nan,0.0,0.01449,0.06478,34.64069,1.77578,0.23959,0.50326,0.82255,0.61227,0.56313,0.82255
-1.50142,27.2146,9.7234,-0.11602,0.1584,0.98053,0.99151,0.0,0.0,nan,0.0,0.00905,0.02713,23.49721,1.81269,0.2449,0.56287,0.65486,0.64304,0.55166,0.65486
-0.7611,26.88945,10.27781,-0.10168,0.07539,0.99196,0.98437,0.0,0.0,nan,0.0,0.00724,0.03624,22.91529,1.66937,0.247,0.60847,0.88103,0.61449,0.59903,0.88103
-1.7028,29.94044,-8.08468,0.24258,-0.45818,-0.85512,0.99416,0.0,0.0,nan,0.0,0.0146,0.0733,19.18745,1.85808,0.23851,0.6063,0.88078,0.62388,0.53819,0.88078
-0.99715,29.11348,-7.08961,0.2419,-0.32088,-0.91571,0.96265,0.0,0.0,nan,0.0,0.00942,0.04885,28.12708,1.69429,0.25453,0.49878,0.60276,0.41396,0.59022,0.60276
-1.11496,29.06356,9.30738,-0.18304,0.09738,0.97827,0.95183,0.0,0.0,nan,0.0,0.01118,0.0273,30.75158,1.83897,0.23982,0.57626,0.50551,0.75696,0.54378,0.50551
-0.25508,28.59022,10.15648,-0.14247,0.12317,0.98211,0.98662,0.0,0.0,nan,0.0,0.00804,0.02782,31.26892,1.6479,0.23889,0.48614,0.3814,0.63217,0.60683,0.3814
-1.20618,31.11581,-8.49952,0.23641,-0.48191,-0.84372,0.99671,0.0,0.0,nan,0.0,0.01337,0.042,13.83314,1.86498,0.23495,0.44938,0.60348,0.811,0.5362,0.60348
-0.5272,30.15192,-7.86507,0.27152,-0.47291,-0.83823,0.99498,0.0,0.0,nan,0.0,0.01417,0.05038,15.44483,2.03348,0.22576,0.52997,0.64211,0.59929,0.49177,0.64211
-1.25962,30.59351,9.4409,-0.17965,-0.03958,0.98293,0.97478,0.0,0.0,nan,0.0,0.00693,0.02135,28.99573,3.58803,0.23516,0.55047,0.78629,0.71312,0.2787,0.78629
-0.65214,31.31577,10.23949,-0.20516,-0.05541,0.97716,0.98019,0.0,0.0,nan,0.0,0.00763,0.02166,28.03867,2.24371,0.23483,0.62787,0.44585,0.60098,0.44569,0.44585
-1.85821,33.95786,-10.02014,0.15648,-0.2674,-0.95079,0.99182,0.0,0.0,nan,0.0,0.00605,0.04472,12.0802,2.38106,0.22814,0.57462,0.7893,0.31408,0.41998,0.7893
-0.81033,32.97314,-9.47382,0.24289,-0.33952,-0.9087,0.99427,0.0,0.0,nan,0.0,0.00463,0.02586,13.73448,1.65036,0.22594,0.4317,0.78214,0.52981,0.60593,0.78214
-1.34932,33.09856,9.39283,-0.2096,0.08397,0.97418,0.97397,0.0,0.0,nan,0.0,0.0113,0.02983,36.68415,3.62194,0.24093,0.65408,0.63628,0.611,0.2761,0.63628
-0.42636,32.78606,10.22932,-0.23454,0.06807,0.96972,0.96591,0.0,0.0,nan,0.0,0.01412,0.05319,34.24674,1.6479,0.23908,0.54526,0.59828,0.51524,0.60683,0.59828
-1.0687,35.11517,-10.22488,0.18855,-0.18776,-0.96395,0.98906,0.0,0.0,nan,0.0,0.00675,0.04779,13.40911,1.98206,0.23217,0.67397,0.68984,0.2407,0.50452,0.68984
-0.48535,34.20376,-9.94123,0.24981,-0.26662,-0.93086,0.98764,0.0,0.0,nan,0.0,0.00511,0.02918,15.0588,2.66895,0.23633,0.59331,0.83204,0.45304,0.37468,0.83204
-1.05304,35.10374,9.21096,-0.24322,-0.13441,0.96061,0.94571,0.0,0.0,nan,0.0,0.00614,0.027,26.14371,3.18334,0.23269,0.62226,0.74627,0.39315,0.31414,0.74627
-0.36942,35.3257,10.18842,-0.17941,-0.16199,0.97035,0.986,0.0,0.0,nan,0.0,0.00648,0.03025,29.64308,1.72178,0.22955,0.69053,0.5178,0.33094,0.58079,0.5178
-0.94284,36.9624,-10.18418,0.12529,-0.06022,-0.99029,0.99559,0.0,0.0,nan,0.0,0.01047,0.07527,3.74036,1.88257,0.23462,0.69075,0.54088,0.30893,0.53119,0.54088
-1.15256,36.14894,9.90512,-0.2219,-0.21227,0.95168,0.99284,0.0,0.0,nan,0.0,0.00772,0.02126,21.09942,3.00954,0.23131,0.6043,0.52271,0.65771,0.33228,0.52271
-0.94179,37.02797,10.32239,-0.18214,-0.0994,0.97824,0.97795,0.0,0.0,nan,0.0,0.00754,0.02179,18.29655,3.56655,0.23937,0.59936,0.61438,0.64076,0.28038,0.61438
-1.01791,38.98154,-10.34443,0.1,-0.07772,-0.99195,0.9962,0.0,0.0,nan,0.0,0.01543,0.07051,2.80837,1.90405,0.22846,0.3747,0.4028,1.0,0.52519,0.4028
-0.75718,39.29255,9.51561,-0.17725,0.15437,0.97198,0.98866,0.0,0.0,nan,0.0,0.00927,0.02418,23.25132,1.6479,0.23412,0.605,0.35343,0.6879,0.60683,0.35343
-1.11414,38.7558,10.26478,-0.1693,0.09551,0.98093,0.99161,0.0,0.0,nan,0.0,0.00632,0.01697,19.24157,1.9207,0.2321,0.62955,0.35678,0.65237,0.52064,0.35678
-1.00553,41.05428,-10.54383,0.07913,-0.04513,-0.99584,0.99692,0.0,0.0,nan,0.0,0.01522,0.1101,2.87576,2.31462,0.21629,0.23434,0.38473,1.0,0.43204,0.38473
-1.01517,41.26466,9.72638,-0.14384,-0.0024,0.9896,0.99314,0.0,0.0,nan,0.0,0.00722,0.01777,29.25901,1.81269,0.2398,0.49359,0.47763,0.87952,0.55166,0.47763
-0.96495,40.70947,10.00437,-0.15809,0.06397,0.98535,0.99559,0.0,0.0,nan,0.0,0.00748,0.01875,30.78807,1.81269,0.23781,0.51444,0.47882,0.82561,0.55166,0.47882
-1.02958,43.02381,-10.56893,0.08156,0.01577,-0.99654,0.99529,0.00291,0.01453,0.7,1.0,0.01412,0.09982,3.30526,2.69944,0.22388,0.22698,0.31588,1.0,0.37045,0.31588
-0.81957,42.75536,9.77027,-0.12336,0.01118,0.9923,0.99406,0.0,0.0,nan,0.0,0.00935,0.02328,27.77797,1.87116,0.23388,0.48507,0.27741,0.88723,0.53443,0.27741
-1.22097,43.26924,10.15809,-0.12743,0.06529,0.9897,0.97397,0.0,0.0,nan,0.0,0.01333,0.02928,28.80971,1.71895,0.23553,0.55182,0.41291,0.88205,0.58175,0.41291
-1.01171,44.97346,-10.48224,0.11265,0.06579,-0.99145,0.99682,0.0,0.0,nan,0.0,0.01579,0.09194,3.60228,1.9246,0.22465,0.26703,0.48944,1.0,0.51959,0.48944
-0.90089,45.08123,9.64724,-0.056,0.23824,0.96959,0.98968,0.0,0.0,nan,0.0,0.00622,0.0213,27.0824,1.69398,0.22852,0.428,0.28696,0.73302,0.59033,0.28696
-1.44867,44.20294,10.10075,-0.11214,0.13831,0.98402,0.97121,0.0,0.0,nan,0.0,0.01385,0.03193,28.16246,1.89087,0.22897,0.57943,0.47317,0.80194,0.52886,0.47317
-1.03109,46.98046,-10.28092,0.14198,0.0932,-0.98547,0.99682,0.0,0.0,nan,0.0,0.01337,0.06141,3.48341,2.77254,0.23026,0.34281,0.48682,1.0,0.36068,0.48682
-0.12319,47.84883,-9.99095,0.15573,0.09438,-0.98328,0.99682,0.0,0.0,nan,0.0,0.0049,0.03165,3.49916,2.40455,0.22803,0.24317,0.31772,1.0,0.41588,0.31772
-0.87559,47.08596,9.14911,-0.024,-0.04366,0.99876,0.9809,0.0,0.0,nan,0.0,0.01112,0.02039,31.53346,3.52031,0.23465,0.60985,0.51423,0.95137,0.28407,0.51423
-1.18555,49.02797,-10.11935,0.15075,0.06404,-0.98649,0.99722,0.0,0.0,nan,0.0,0.00899,0.04202,3.406,2.26439,0.22661,0.33951,0.66955,1.0,0.44162,0.66955
-0.16272,48.96036,-9.94982,0.16079,0.06512,-0.98484,0.99631,0.0,0.0,nan,0.0,0.00459,0.02811,3.47234,1.89368,0.22569,0.25723,0.31069,1.0,0.52807,0.31069
-0.87929,49.03247,9.81905,-0.06426,0.01552,0.99781,0.98111,0.0,0.0,nan,0.0,0.00786,0.02502,41.26833,1.92122,0.23696,0.57836,0.509,0.56942,0.5205,0.509
-1.27578,50.88588,-10.10624,0.12854,0.05871,-0.98997,0.99692,0.0,0.0,nan,0.0,0.00657,0.03454,3.21041,2.37453,0.21745,0.3085,0.37681,1.0,0.42114,0.37681
-0.41458,51.37222,-9.93939,0.1319,0.05085,-0.98996,0.99722,0.0,0.0,nan,0.0,0.00589,0.03458,3.26408,2.08139,0.23201,0.27462,0.40831,1.0,0.48045,0.40831
-0.92671,51.00618,9.18746,-0.169,0.07722,0.98259,0.99049,0.0,0.0,nan,0.0,0.0158,0.0456,42.95845,1.76516,0.23617,0.60746,0.73788,0.59679,0.56652,0.73788
-1.77267,52.23836,-10.03679,0.1057,0.09384,-0.98996,0.99722,0.0,0.0,nan,0.0,0.01196,0.04956,3.4198,2.3701,0.22739,0.38229,0.60957,1.0,0.42192,0.60957
-0.94661,53.04715,-9.8017,0.09501,0.10055,-0.99038,0.99712,0.0,0.0,nan,0.0,0.00969,0.04842,3.6251,2.46768,0.23497,0.31158,0.49932,0.99674,0.40524,0.49932
-0.99661,53.03737,9.40864,-0.18904,-0.15625,0.96946,0.99345,0.0,0.0,nan,0.0,0.01149,0.05417,40.95639,1.85655,0.23836,0.59188,0.80003,0.44738,0.53863,0.80003
-0.98801,54.96727,-9.60408,0.08477,0.13518,-0.98719,0.99722,0.0,0.0,nan,0.0,0.014,0.06723,3.72882,2.09934,0.23008,0.31995,0.46827,1.0,0.47634,0.46827
-1.15496,55.03168,9.91428,-0.17556,0.12248,0.97682,0.9399,0.0,0.0,nan,0.0,0.01314,0.04049,30.75154,1.6479,0.23713,0.61608,0.38865,0.56121,0.60683,0.38865
-0.25296,54.78831,10.05498,-0.09174,0.10606,0.99012,0.94276,0.0,0.0,nan,0.0,0.0142,0.04773,28.14409,1.6479,0.23406,0.62042,0.29455,0.51345,0.60683,0.29455
-1.00044,57.0131,-9.2802,0.08749,0.25088,-0.96406,0.99702,0.0,0.0,nan,0.0,0.0196,0.08716,4.17545,1.74899,0.23025,0.33267,0.57045,1.0,0.57176,0.57045
-0.87827,57.0339,9.28179,-0.18729,0.17397,0.96678,0.98254,0.0,0.0,nan,0.0,0.01285,0.03385,30.90676,2.43165,0.22035,0.65046,0.52366,0.62113,0.41124,0.52366
-1.01517,58.99423,-8.63484,0.08663,0.49202,-0.86626,0.98294,0.0,0.0,nan,0.0,0.00638,0.16679,6.96728,3.23025,0.23703,0.72392,0.96203,0.21166,0.30957,0.96203
-0.50141,59.91648,-7.97189,0.08392,0.66735,-0.74,0.96703,0.0,0.0,nan,0.0,0.00246,0.02936,9.64621,2.27544,0.23048,0.53816,0.90086,0.3635,0.43948,0.90086
-1.08531,58.91699,9.27374,-0.15954,-0.0351,0.98657,0.96724,0.0,0.0,nan,0.0,0.00917,0.02515,28.17323,2.44023,0.23293,0.5575,0.44753,0.7007,0.4098,0.44753
-1.74715,60.02451,-8.00788,0.07456,0.67478,-0.73424,0.96744,0.0,0.0,nan,0.0,0.0038,0.03266,8.29795,1.73774,0.23729,0.47815,0.82096,0.39049,0.57546,0.82096
-1.00636,60.77766,-7.14343,0.07979,0.82996,-0.55209,0.95622,0.0,0.0,nan,0.0,0.00596,0.02262,8.16336,1.84853,0.23971,0.46547,0.64138,0.7044,0.54097,0.64138
-1.02958,61.29874,-4.97888,0.05147,0.95222,-0.30105,0.97142,0.0,0.0,nan,0.0,0.00801,0.02476,7.49729,3.56586,0.24355,0.45264,0.74661,0.90567,0.28044,0.74661
-1.09841,61.92587,-3.34715,0.02558,0.97358,-0.2269,0.97764,0.0,0.0,nan,0.0,0.00663,0.03945,7.21578,1.70177,0.2398,0.4112,0.82695,0.69305,0.58762,0.82695
-0.92404,61.97664,3.94234,-0.06445,0.99438,0.084,0.9705,0.0,0.0,nan,0.0,0.00897,0.05254,10.61438,1.91394,0.22802,0.63971,0.44983,0.31722,0.52248,0.44983
-1.3344,61.93446,4.98091,-0.05714,0.99374,0.09604,0.97703,0.0,0.0,nan,0.0,0.00801,0.04464,10.51181,1.81269,0.23133,0.65866,0.43348,0.32421,0.55166,0.43348
-1.05582,61.85294,7.1667,-0.06686,0.95696,0.28242,0.96061,0.0,0.0,nan,0.0,0.01276,0.0713,11.33004,2.23126,0.23801,0.63853,0.7002,0.32965,0.44818,0.7002
-0.94241,61.14492,8.96154,-0.11876,0.53214,0.83829,0.82209,0.0,0.0,nan,0.0,0.00322,0.06845,24.93801,1.81269,0.24255,0.60972,0.95583,0.24393,0.55166,0.95583
-0.95668,62.11445,-2.38252,0.00788,0.98574,-0.1681,0.97958,0.0,0.0,nan,0.0,0.00559,0.03164,7.00723,1.71959,0.24211,0.29059,0.563,0.78207,0.58154,0.563
-1.04111,62.32225,-1.04628,-0.01759,0.99558,-0.0922,0.98733,0.0,0.0,nan,0.0,0.00467,0.03294,6.85087,1.74422,0.23887,0.21934,0.59925,0.83571,0.57332,0.59925
-1.01512,62.30681,1.06441,-0.05326,0.99857,0.00362,0.97468,0.0,0.0,nan,0.0,0.00806,0.07774,7.577,1.6479,0.22775,0.45062,0.92944,0.68264,0.60683,0.92944
-0.96773,62.28297,3.05892,-0.06589,0.99493,0.07598,0.97886,0.0,0.0,nan,0.0,0.00835,0.05294,10.55216,1.81269,0.2335,0.62698,0.48666,0.29912,0.55166,0.48666
-0.72029,62.02547,4.86979,-0.06355,0.99348,0.09468,0.97325,0.0,0.0,nan,0.0,0.01178,0.05317,10.66568,1.81269,0.23471,0.67281,0.47842,0.39118,0.55166,0.47842
-0.04792,62.00819,6.04656,-0.07823,0.98928,0.12334,0.98917,0.0,0.0,nan,0.0,0.01078,0.05483,10.40335,2.0257,0.22604,0.66004,0.44343,0.3551,0.49366,0.44343
1.31736,1.90868,-4.15966,-0.02249,-0.92758,-0.37296,0.99304,0.0,0.0,nan,0.0,0.00987,0.09739,23.01279,1.73229,0.22315,0.16572,0.50244,0.66444,0.57727,0.50244
0.97133,1.53228,-3.02179,-0.03133,-0.96884,-0.24572,0.996,0.00083,0.00417,0.7,1.0,0.00836,0.08659,20.81195,1.6479,0.22646,0.15958,0.45122,0.66341,0.60683,0.45122
0.98101,1.34893,-1.03324,0.01975,-0.99758,-0.06674,0.99712,0.0,0.0,nan,0.0,0.00578,0.07274,14.05377,2.04801,0.2236,0.20552,0.47921,0.44203,0.48828,0.47921
0.9825,1.39661,0.97904,0.02254,-0.9973,0.06985,0.99304,0.0,0.0,nan,0.0,0.03501,0.18557,9.45699,2.20756,0.21896,0.35066,0.81378,0.81904,0.45299,0.81378
1.04508,1.5791,2.93114,-0.00608,-0.99135,0.13114,0.97835,0.0,0.0,nan,0.0,0.0414,0.22556,7.02902,2.15901,0.22377,0.23575,0.61732,1.0,0.46318,0.61732
1.02641,1.89633,4.68078,-0.02213,-0.98807,0.15239,0.97631,0.0,0.0,nan,0.0,0.02502,0.13419,6.36298,2.56341,0.22557,0.25452,0.58176,0.96264,0.39011,0.58176
0.96484,3.36923,-6.44186,-0.07017,-0.58834,-0.80556,0.96173,0.0,0.0,nan,0.0,0.03113,0.14645,24.9371,1.87518,0.22557,0.25573,0.54423,0.89776,0.53328,0.54423
0.94693,2.32861,-5.29725,-0.05247,-0.82994,-0.55538,0.96295,0.0,0.0,nan,0.0,0.01689,0.10889,25.40467,2.02298,0.22518,0.18933,0.53066,0.88378,0.49432,0.53066
0.13956,2.03867,-3.90861,-0.07652,-0.92639,-0.36871,0.99712,0.0,0.0,nan,0.0,0.01351,0.08726,24.69241,1.7418,0.22555,0.20005,0.37557,0.83676,0.57412,0.37557
1.14372,2.03626,5.65538,-0.04376,-0.98696,0.15491,0.97489,0.0,0.0,nan,0.0,0.01654,0.08762,6.225,2.59358,0.22841,0.28055,0.57708,0.88895,0.38557,0.57708
1.03395,2.23626,7.02361,-0.08346,-0.95379,0.28866,0.96968,0.0,0.0,nan,0.0,0.01318,0.15386,9.98142,2.52276,0.23031,0.45145,0.70298,0.22776,0.39639,0.70298
1.04751,2.9182,9.06282,-0.11074,-0.58261,0.80517,0.84474,0.0,0.0,nan,0.0,0.00569,0.03597,23.61411,1.77089,0.24097,0.44322,0.73931,0.3869,0.56469,0.73931
1.00334,5.0704,-6.99324,-0.10582,-0.33855,-0.93498,0.9958,0.00635,0.03175,0.51,1.0,0.02108,0.09186,27.6147,1.90657,0.21373,0.30524,0.54876,0.80634,0.5245,0.54876
1.06273,5.04818,9.16055,-0.0495,-0.17291,0.98369,0.97958,0.0,0.0,nan,0.0,0.01211,0.02199,23.0358,1.74203,0.23733,0.60933,0.71474,0.98175,0.57404,0.71474
0.91251,6.9754,-8.01038,-0.15003,-0.14201,-0.97843,0.94959,0.00536,0.02682,0.51,1.0,0.01736,0.07244,37.84533,2.54779,0.21626,0.43792,0.80766,0.70642,0.3925,0.80766
1.02258,7.1243,-7.68542,-0.15488,-0.12719,-0.97971,0.98488,0.00572,0.02862,0.51,1.0,0.01545,0.0811,39.04903,1.81269,0.24792,0.51642,0.88085,0.66733,0.55166,0.88085
1.26402,7.00991,9.43415,-0.10473,-0.2048,0.97318,0.9908,0.0,0.0,nan,0.0,0.00951,0.02067,22.45785,1.69418,0.23351,0.56571,0.66641,0.88561,0.59026,0.66641
0.89993,7.96237,10.0103,-0.12699,-0.09816,0.98703,0.98182,0.0,0.0,nan,0.0,0.00777,0.02115,26.08212,2.90976,0.23721,0.53312,0.42737,0.74207,0.34367,0.42737
1.84851,9.31149,-8.09017,-0.12326,0.05224,-0.991,0.95795,0.0,0.0,nan,0.0,0.00614,0.03152,25.54627,2.20918,0.22107,0.32466,0.56539,0.64658,0.45266,0.56539
0.85414,9.00278,-7.64422,-0.14556,0.05021,-0.98807,0.97754,0.0,0.0,nan,0.0,0.00951,0.07763,37.27746,2.4453,0.23669,0.61981,0.84729,0.30235,0.40895,0.84729
0.83535,9.53226,9.67495,-0.11784,0.0663,0.99082,0.99172,0.0,0.0,nan,0.0,0.00693,0.02102,26.58257,1.6479,0.23048,0.58594,0.64479,0.60551,0.60683,0.64479
1.07672,8.60901,10.19755,-0.13971,-0.01647,0.99006,0.9807,0.0,0.0,nan,0.0,0.00767,0.02448,27.20443,3.08578,0.24141,0.54417,0.69278,0.61795,0.32407,0.69278
0.9577,10.97032,-7.41644,-0.11553,-0.00462,-0.99329,0.97387,0.0,0.0,nan,0.0,0.01106,0.07981,27.79426,3.27955,0.23652,0.49761,0.77438,0.32376,0.30492,0.77438
0.9921,10.94996,9.70106,-0.12836,0.07991,0.9885,0.99325,0.0,0.0,nan,0.0,0.00868,0.02888,29.77733,1.81269,0.22475,0.57904,0.57487,0.55397,0.55166,0.57487
1.98794,10.07459,10.01632,-0.19282,0.09071,0.97703,0.99508,0.0,0.0,nan,0.0,0.00673,0.02251,17.60553,1.81269,0.23325,0.45479,0.53531,0.73194,0.55166,0.53531
0.45239,13.85341,-8.0865,0.22491,-0.24684,-0.94259,0.98386,0.0,0.0,nan,0.0,0.01707,0.06179,55.80253,2.04552,0.22623,0.4446,0.26264,0.64346,0.48887,0.26264
1.00557,12.97352,-7.55516,0.05792,-0.21296,-0.97534,0.98488,0.0,0.0,nan,0.0,0.01166,0.06947,45.63995,1.87327,0.2299,0.41412,0.46624,0.4232,0.53383,0.46624
1.11111,12.92114,9.5859,-0.05381,-0.12895,0.99019,0.98947,0.0,0.0,nan,0.0,0.00866,0.02217,24.04033,1.67053,0.23354,0.47087,0.32495,0.89843,0.59861,0.32495
0.6487,13.75317,10.1425,-0.0045,-0.1444,0.98951,0.98631,0.0,0.0,nan,0.0,0.00678,0.01849,21.79469,1.9338,0.2366,0.50425,0.46429,0.79411,0.51712,0.46429
0.69293,15.08414,-8.44834,0.31728,-0.10183,-0.94285,0.97652,0.0,0.0,nan,0.0,0.0169,0.0611,50.97387,1.6826,0.23715,0.42664,0.31112,0.67367,0.59432,0.31112
1.31544,14.96264,-7.63619,0.30926,-0.07329,-0.94815,0.99518,0.0,0.0,nan,0.0,0.01113,0.06009,44.75046,2.67967,0.23751,0.40272,0.39336,0.48034,0.37318,0.39336
1.7618,15.09585,9.80651,-0.02646,-0.00889,0.99961,0.99457,0.0,0.0,nan,0.0,0.00942,0.028,21.5043,3.4606,0.2399,0.72404,0.52382,0.50794,0.28897,0.52382
0.87055,14.96758,10.32596,-0.00695,-0.01717,0.99983,0.97295,0.0,0.0,nan,0.0,0.00732,0.0221,21.91671,1.81269,0.23713,0.63452,0.38882,0.56916,0.55166,0.38882
0.60592,17.02071,-8.26163,0.32211,0.03518,-0.94605,0.9961,0.0,0.0,nan,0.0,0.01881,0.07066,47.08385,1.99529,0.23591,0.31979,0.42744,0.8676,0.50118,0.42744
1.38804,16.98629,-7.51648,0.38742,0.04793,-0.92066,0.99702,0.0,0.0,nan,0.0,0.01285,0.0592,37.99484,1.71305,0.2315,0.34253,0.48893,0.66684,0.58375,0.48893
1.05145,17.04661,9.8884,-0.02714,0.087,0.99584,0.99365,0.0,0.0,nan,0.0,0.00848,0.02488,27.98201,2.4157,0.22668,0.60064,0.76526,0.63924,0.41396,0.76526
0.71411,16.51097,10.15898,-0.01058,0.12397,0.99223,0.98815,0.0,0.0,nan,0.0,0.00709,0.01816,20.16912,3.3493,0.23929,0.54286,0.43991,0.79069,0.29857,0.43991
0.80663,18.60956,-8.14695,0.35962,0.06554,-0.9308,0.99529,0.0,0.0,nan,0.0,0.01862,0.07319,41.15859,2.55535,0.23532,0.29484,0.30604,0.90492,0.39134,0.30604
1.40525,19.30506,-7.97951,0.38438,0.0675,-0.92071,0.99274,0.0,0.0,nan,0.0,0.01773,0.06537,36.46812,1.68508,0.23389,0.30487,0.2731,0.93816,0.59344,0.2731
1.50268,18.84229,9.38516,0.00205,-0.15943,0.98721,0.95275,0.0,0.0,nan,0.0,0.00691,0.01723,20.82585,2.53696,0.23735,0.50382,0.36471,0.87272,0.39417,0.36471
0.73393,19.12547,10.11519,0.02391,-0.18667,0.98213,0.99294,0.0,0.0,nan,0.0,0.00545,0.01699,20.99713,3.20869,0.23972,0.46789,0.49589,0.75115,0.31165,0.49589
0.41646,20.74634,-8.04405,0.30091,0.11287,-0.94695,0.99529,0.0,0.0,nan,0.0,0.02676,0.09045,40.81194,1.69122,0.23585,0.31487,0.32013,0.98564,0.59129,0.32013
1.23274,21.07409,-7.71525,0.32756,0.09102,-0.94044,0.99671,0.0,0.0,nan,0.0,0.02235,0.07489,34.93548,1.67133,0.23629,0.34073,0.33572,0.92596,0.59833,0.33572
0.99684,20.95349,10.39044,0.02597,-0.04736,0.99854,0.97295,0.0,0.0,nan,0.0,0.00615,0.03386,19.75714,2.91454,0.24004,0.61539,0.73414,0.32495,0.34311,0.73414
0.93976,23.03901,-7.54816,0.26115,0.17035,-0.95015,0.99682,0.00449,0.02245,0.6,1.0,0.01636,0.10158,25.65026,1.6479,0.22923,0.2727,0.7901,0.73035,0.60683,0.7901
0.95116,23.27776,9.8518,-0.02674,0.00202,0.99964,0.97366,0.0,0.0,nan,0.0,0.00801,0.04141,9.4778,2.19749,0.23091,0.54401,0.66723,0.4308,0.45507,0.66723
0.88627,22.33133,10.07246,-0.01668,0.08576,0.99618,0.98417,0.0,0.0,nan,0.0,0.00771,0.06557,9.21184,2.37228,0.22936,0.67159,0.79492,0.24875,0.42154,0.79492
1.01278,25.05946,-6.98233,0.24705,0.19365,-0.94946,0.99722,0.0,0.0,nan,0.0,0.01116,0.05885,18.11645,1.81269,0.23424,0.27438,0.54604,0.76749,0.55166,0.54604
0.91007,24.39168,9.85309,0.00257,-0.08465,0.99641,0.97958,0.0,0.0,nan,0.0,0.00685,0.03034,16.57801,1.6479,0.23875,0.52342,0.46921,0.48329,0.60683,0.46921
1.02666,25.33192,10.46788,0.01639,-0.08706,0.99607,0.99233,0.0,0.0,nan,0.0,0.00384,0.01762,20.12721,1.65851,0.23993,0.61564,0.52688,0.3889,0.60295,0.52688
0.92414,26.96745,-6.48998,0.20799,0.06762,-0.97579,0.99284,0.0,0.0,nan,0.0,0.00629,0.04528,19.07242,1.6479,0.24207,0.32294,0.46553,0.47498,0.60683,0.46553
1.92382,27.33474,9.88336,0.05362,0.0665,0.99634,0.99335,0.0,0.0,nan,0.0,0.00596,0.02013,28.40493,1.81269,0.23921,0.49858,0.37813,0.63554,0.55166,0.37813
1.13494,26.9891,10.57953,0.00176,0.00902,0.99996,0.96877,0.0,0.0,nan,0.0,0.00438,0.01923,24.86316,3.52623,0.24422,0.50799,0.31805,0.48474,0.28359,0.31805
0.95794,29.06935,-6.71941,0.2281,-0.24001,-0.94359,0.98529,0.0,0.0,nan,0.0,0.00507,0.02835,17.80668,1.90948,0.23701,0.45646,0.6296,0.43563,0.5237,0.6296
1.63743,29.65396,9.67973,-0.03595,-0.03262,0.99882,0.97478,0.0,0.0,nan,0.0,0.00634,0.02075,27.33181,1.86945,0.23076,0.46351,0.46853,0.70784,0.53492,0.46853
1.00988,29.00092,10.56715,-0.04617,0.03793,0.99821,0.96081,0.0,0.0,nan,0.0,0.00684,0.02267,29.30133,3.0788,0.2348,0.46641,0.47886,0.69077,0.3248,0.47886
0.68005,31.45478,-8.30313,0.37173,-0.44354,-0.81553,0.99549,0.0,0.0,nan,0.0,0.01467,0.0387,17.24261,1.73629,0.24232,0.63265,0.71497,0.66863,0.57594,0.71497
1.274,30.60475,-7.48081,0.33867,-0.39173,-0.85548,0.9958,0.0,0.0,nan,0.0,0.00796,0.02655,14.58813,3.56178,0.2313,0.59559,0.84728,0.83135,0.28076,0.84728
0.60971,30.48662,9.99371,-0.13909,-0.0814,0.98693,0.99325,0.0,0.0,nan,0.0,0.00915,0.02757,25.90098,3.41466,0.24495,0.69822,0.55741,0.51205,0.29285,0.55741
1.01216,30.93986,10.28826,-0.08747,-0.09044,0.99205,0.98182,0.0,0.0,nan,0.0,0.00938,0.02354,22.02884,1.71435,0.23556,0.63543,0.43785,0.68376,0.58331,0.43785
0.93125,33.09288,-8.80858,0.38456,-0.35747,-0.85108,0.9961,0.0,0.0,nan,0.0,0.00952,0.03066,15.34507,1.85935,0.22939,0.46096,0.65145,0.76143,0.53782,0.65145
1.92892,32.08245,-7.92937,0.42052,-0.39129,-0.81856,0.99712,0.0,0.0,nan,0.0,0.01164,0.03292,15.5075,1.75828,0.23817,0.60359,0.55805,0.66154,0.56874,0.55805
1.73452,33.76643,9.70962,-0.03057,0.11031,0.99343,0.98274,0.0,0.0,nan,0.0,0.01082,0.03718,35.67671,1.6494,0.23137,0.64549,0.7652,0.50033,0.60628,0.7652
1.00081,33.05887,10.57757,-0.08118,0.08175,0.99334,0.95306,0.0,0.0,nan,0.0,0.00755,0.0384,36.54678,1.7102,0.23115,0.72932,0.79295,0.32955,0.58473,0.79295
0.13878,35.51697,-10.03636,0.26845,-0.20261,-0.94175,0.9909,0.0,0.0,nan,0.0,0.0059,0.03714,17.33461,2.01441,0.22514,0.72071,0.87465,0.40874,0.49642,0.87465
1.21748,34.92725,-9.36996,0.35869,-0.261,-0.89622,0.99447,0.0,0.0,nan,0.0,0.00424,0.02477,17.28583,1.71354,0.22456,0.53646,0.84165,0.50429,0.58359,0.84165
1.98684,34.77261,9.81783,-0.01446,0.00975,0.99985,0.97784,0.0,0.0,nan,0.0,0.0099,0.02975,29.98578,1.70029,0.23245,0.55854,0.63589,0.6354,0.58813,0.63589
0.92796,34.97419,10.45355,-0.0646,-0.05231,0.99654,0.96673,0.0,0.0,nan,0.0,0.00621,0.0265,32.59401,1.69507,0.2359,0.60586,0.79724,0.48379,0.58995,0.79724
0.48545,37.18474,-10.02494,0.21019,-0.14345,-0.96708,0.99325,0.0,0.0,nan,0.0,0.0031,0.04739,19.73658,2.32245,0.22638,0.79513,0.94759,0.24624,0.43058,0.94759
1.46453,36.83859,-9.92274,0.29166,-0.21583,-0.93185,0.98998,0.0,0.0,nan,0.0,0.01169,0.04201,21.10372,2.20109,0.23353,0.72753,0.79743,0.49377,0.45432,0.79743
1.95767,36.10849,9.89905,0.00534,-0.17833,0.98396,0.97713,0.0,0.0,nan,0.0,0.00721,0.02708,26.90128,1.6479,0.24074,0.49317,0.44881,0.5803,0.60683,0.44881
0.99498,36.8886,10.47829,-0.06169,-0.12407,0.99035,0.98396,0.0,0.0,nan,0.0,0.0119,0.0456,23.31763,1.72372,0.22815,0.60755,0.39944,0.46628,0.58014,0.39944
1.00046,39.05818,-10.11888,0.12075,-0.11475,-0.98603,0.9959,0.0,0.0,nan,0.0,0.00624,0.16906,6.30668,2.70719,0.2317,0.83807,0.97156,0.19931,0.36939,0.97156
1.66701,38.09053,-9.99612,0.22955,-0.19126,-0.95432,0.99212,0.0,0.0,nan,0.0,0.00802,0.05444,20.45761,1.83488,0.23106,0.75544,0.83936,0.2996,0.545,0.83936
0.18819,39.4515,9.91538,-0.13002,0.15867,0.97873,0.99702,0.0,0.0,nan,0.0,0.00565,0.01777,22.46558,1.90977,0.21862,0.53124,0.45396,0.65212,0.52362,0.45396
1.02855,39.04361,10.469,-0.094,0.11327,0.98911,0.99141,0.0,0.0,nan,0.0,0.01131,0.02898,28.28773,1.6864,0.23531,0.65745,0.67585,0.63558,0.59298,0.67585
0.99066,41.01546,-10.33752,0.11374,-0.03742,-0.99281,0.99651,0.0,0.0,nan,0.0,0.00478,0.02954,3.11712,2.22815,0.22935,0.26599,0.52873,0.99907,0.4488,0.52873
1.38425,41.39228,9.98186,-0.09639,-0.00185,0.99534,0.99131,0.0,0.0,nan,0.0,0.01387,0.03185,32.98911,1.96033,0.22977,0.55699,0.54678,0.82911,0.51012,0.54678
1.00838,40.88978,10.3509,-0.12137,0.06262,0.99063,0.98488,0.0,0.0,nan,0.0,0.01499,0.03311,32.63006,1.82369,0.23181,0.57567,0.62908,0.8347,0.54834,0.62908
0.98535,42.99468,-10.38038,0.1448,0.03987,-0.98866,0.99641,0.0,0.0,nan,0.0,0.00631,0.04454,3.42584,1.91551,0.22367,0.22424,0.64384,1.0,0.52205,0.64384
0.64116,42.35064,9.82443,-0.12725,-0.02969,0.99143,0.99223,0.0,0.0,nan,0.0,0.01411,0.02924,26.79733,2.03219,0.23386,0.60226,0.54644,0.86079,0.49208,0.54644
1.05316,43.03699,10.36479,-0.13005,0.02499,0.99119,0.97468,0.0,0.0,nan,0.0,0.01281,0.03297,26.31212,1.95629,0.23624,0.52405,0.28434,0.79742,0.51117,0.28434
0.98035,44.94756,-10.19083,0.15646,0.08371,-0.98413,0.99682,0.0,0.0,nan,0.0,0.00654,0.04954,3.64765,1.91894,0.22478,0.20451,0.31451,1.0,0.52112,0.31451
1.90441,45.60272,-9.97092,0.17639,0.08807,-0.98037,0.99702,0.0,0.0,nan,0.0,0.01209,0.05922,3.39022,2.02112,0.22658,0.3245,0.47135,1.0,0.49477,0.47135
0.94045,45.42035,9.42458,-0.09922,0.2853,0.95329,0.96989,0.0,0.0,nan,0.0,0.00987,0.03642,37.13999,2.03757,0.22776,0.53754,0.44688,0.53116,0.49078,0.44688
1.18209,44.60912,10.38018,-0.12637,0.26772,0.95517,0.95806,0.0,0.0,nan,0.0,0.00629,0.02862,27.17399,1.86612,0.24109,0.42571,0.61817,0.55463,0.53587,0.61817
0.70721,46.56732,-10.05873,0.15171,0.10715,-0.9826,0.99661,0.0,0.0,nan,0.0,0.00892,0.0427,3.71647,2.03042,0.2257,0.3212,0.41368,1.0,0.49251,0.41368
1.19902,47.31829,-9.90987,0.1549,0.1072,-0.9821,0.99702,0.0,0.0,nan,0.0,0.00705,0.0343,3.60718,2.70611,0.22631,0.3193,0.44122,1.0,0.36953,0.44122
0.86206,47.16456,9.33797,-0.06973,-0.05793,0.99588,0.97713,0.0,0.0,nan,0.0,0.00789,0.01634,31.53912,2.07004,0.24262,0.57818,0.43845,0.88837,0.48308,0.43845
0.99644,48.94557,-9.67845,0.16573,0.07179,-0.98356,0.99692,0.0,0.0,nan,0.0,0.00708,0.03325,3.6684,1.85242,0.22811,0.33281,0.27068,0.98823,0.53983,0.27068
0.8929,48.94726,9.95675,-0.14112,-0.05699,0.98835,0.97387,0.0,0.0,nan,0.0,0.00944,0.03074,31.81679,1.87951,0.24684,0.61319,0.6784,0.53213,0.53205,0.6784
1.69702,49.14313,10.04665,-0.1578,-0.04117,0.98661,0.96244,0.0,0.0,nan,0.0,0.01592,0.04292,28.00508,1.81269,0.23993,0.5813,0.51091,0.68387,0.55166,0.51091
0.97576,50.99918,-9.68734,0.16702,0.0232,-0.98568,0.99661,0.0,0.0,nan,0.0,0.00837,0.04109,3.52176,2.33211,0.22494,0.481,0.76985,0.70916,0.4288,0.76985
0.94958,51.03943,9.34323,-0.15864,0.04675,0.98623,0.98876,0.0,0.0,nan,0.0,0.01283,0.05585,41.68305,2.55819,0.23834,0.65201,0.70232,0.36914,0.3909,0.70232
0.95992,53.00463,-9.69299,0.12418,0.0633,-0.99024,0.99661,0.0,0.0,nan,0.0,0.01737,0.07076,3.36993,1.89614,0.22506,0.393,0.31409,0.99529,0.52739,0.31409
0.99659,53.12336,9.55481,-0.11173,-0.11233,0.98737,0.99314,0.0,0.0,nan,0.0,0.01232,0.05189,32.34579,1.69439,0.23424,0.53654,0.57832,0.46974,0.59018,0.57832
1.43048,53.90009,10.01109,-0.04912,-0.00398,0.99878,0.97274,0.0,0.0,nan,0.0,0.01934,0.05377,24.1361,1.84088,0.23325,0.56621,0.69995,0.688,0.54322,0.69995
0.99581,55.00895,-9.50789,0.10222,0.13692,-0.98529,0.99692,0.0,0.0,nan,0.0,0.01491,0.07882,3.17494,2.07422,0.22196,0.30826,0.48818,1.0,0.48211,0.48818
1.18637,55.16569,9.7541,-0.03814,0.19863,0.97933,0.99223,0.0,0.0,nan,0.0,0.00847,0.02532,26.07815,1.81269,0.24096,0.50754,0.41649,0.70981,0.55166,0.41649
0.4696,54.64564,10.05672,-0.05301,0.10451,0.99311,0.96081,0.0,0.0,nan,0.0,0.01369,0.03879,25.22344,2.35401,0.22842,0.59842,0.46488,0.63663,0.42481,0.46488
0.99032,56.98931,-9.11325,0.11163,0.26253,-0.95845,0.99692,0.0,0.0,nan,0.0,0.0144,0.0849,3.52059,1.76131,0.22948,0.26591,0.54568,1.0,0.56776,0.54568
0.9321,56.95788,9.04533,0.02288,0.19139,0.98125,0.98458,0.0,0.0,nan,0.0,0.00663,0.02717,36.21304,1.88621,0.22891,0.59669,0.87763,0.72953,0.53016,0.87763
0.96198,58.81601,-8.41232,0.10764,0.47079,-0.87565,0.98723,0.0,0.0,nan,0.0,0.00576,0.16442,6.64087,1.90677,0.23331,0.75615,0.98183,0.2335,0.52445,0.98183
1.17093,59.76676,-7.8459,0.08285,0.63904,-0.7647,0.9707,0.0,0.0,nan,0.0,0.00196,0.03062,9.32384,1.6479,0.22924,0.61417,0.9294,0.2972,0.60683,0.9294
1.02623,58.88485,9.31518,0.01102,-0.0358,0.9993,0.98651,0.0,0.0,nan,0.0,0.01214,0.032,28.42236,1.90191,0.23247,0.58646,0.58349,0.69248,0.52579,0.58349
1.03745,60.69223,-7.00658,0.04773,0.82458,-0.56372,0.96601,0.0,0.0,nan,0.0,0.00582,0.02526,8.06901,1.88901,0.23818,0.45718,0.66469,0.62943,0.52938,0.66469
1.01291,61.23829,-4.90463,0.01108,0.9469,-0.32135,0.97917,0.0,0.0,nan,0.0,0.01459,0.03464,8.3141,1.86409,0.2479,0.57856,0.75511,0.91781,0.53645,0.75511
1.15389,61.90416,-3.47817,0.01827,0.96797,-0.25038,0.96897,0.0,0.0,nan,0.0,0.01141,0.03207,8.31893,3.4606,0.24506,0.46302,0.47035,0.95301,0.28897,0.47035
1.8226,61.98314,-1.90314,0.0328,0.98563,-0.16572,0.94663,0.0,0.0,nan,0.0,0.00576,0.04027,7.4795,1.81269,0.2311,0.43454,0.86857,0.67181,0.55166,0.86857
0.69472,61.89876,7.52122,-0.09529,0.92822,0.35962,0.95387,0.0,0.0,nan,0.0,0.00559,0.04701,11.43666,1.89548,0.24278,0.63194,0.8749,0.36815,0.52757,0.8749
0.9886,61.20762,9.09515,-0.05236,0.47374,0.87911,0.81842,0.0,0.0,nan,0.0,0.00595,0.1157,19.41748,1.81269,0.23903,0.64521,0.94541,0.23451,0.55166,0.94541
0.91939,62.11811,-2.56062,0.01657,0.97995,-0.19856,0.96509,0.0,0.0,nan,0.0,0.01042,0.03854,7.77374,1.73639,0.2307,0.37995,0.60286,0.89444,0.57591,0.60286
1.02149,62.28724,-1.03609,0.00797,0.99298,-0.11804,0.95653,0.0,0.0,nan,0.0,0.00673,0.04307,7.04503,1.81269,0.2352,0.36758,0.69724,0.54596,0.55166,0.69724
0.96843,62.45253,0.97065,-0.0182,0.99939,-0.02966,0.97856,0.0,0.0,nan,0.0,0.01552,0.07467,4.97251,1.89703,0.2281,0.30735,0.49068,0.94846,0.52714,0.49068
0.94596,62.37368,3.07598,-0.05212,0.99654,0.06476,0.9858,0.0,0.0,nan,0.0,0.00722,0.0602,8.64522,2.03154,0.23104,0.48024,0.65731,0.30763,0.49224,0.65731
0.92968,62.22565,4.94983,-0.07563,0.99412,0.07746,0.98345,0.0,0.0,nan,0.0,0.01171,0.0641,9.75169,2.07829,0.23434,0.63776,0.47872,0.34522,0.48117,0.47872
1.33388,62.08804,6.91259,-0.11275,0.97113,0.21023,0.9757,0.0,0.0,nan,0.0,0.00434,0.07125,9.29881,1.6479,0.23921,0.71613,0.96523,0.33168,0.60683,0.96523
2.68473,1.92879,-4.21997,0.06109,-0.91867,-0.39028,0.99141,0.02202,0.03122,0.6,0.84211,0.01475,0.10163,20.09792,2.08392,0.21695,0.27824,0.62789,0.57336,0.47986,0.62789
2.9602,1.67825,-3.0152,0.05406,-0.96712,-0.24852,0.99702,0.0,0.0,nan,0.0,0.00557,0.06495,12.3848,1.99692,0.2257,0.18852,0.39046,0.5286,0.50077,0.39046
3.04624,1.38567,-1.02406,0.02105,-0.99791,-0.06116,0.99651,0.0,0.0,nan,0.0,0.01906,0.07197,7.8685,2.23666,0.2271,0.34639,0.76278,1.0,0.44709,0.76278
2.99016,1.38289,1.03952,-0.0089,-0.99907,0.04228,0.99202,0.00088,0.00438,0.51,1.0,0.04455,0.2618,7.66687,2.42828,0.22563,0.38201,0.8861,0.9951,0.41181,0.8861
3.0007,1.56657,3.03312,-0.04257,-0.99273,0.11259,0.98121,0.0,0.0,nan,0.0,0.057,0.21549,7.33731,2.51283,0.2227,0.33658,0.72136,1.0,0.39796,0.72136
3.27373,1.84977,4.94354,-0.06208,-0.98951,0.13043,0.97886,0.00191,0.00954,0.6,1.0,0.02358,0.1171,6.8986,2.54144,0.23059,0.26211,0.42004,0.9909,0.39348,0.42004
3.65076,1.97333,6.31411,-0.06226,-0.98856,0.13741,0.98243,0.0,0.0,nan,0.0,0.02589,0.08761,6.84019,2.01314,0.22361,0.3928,0.57194,0.97225,0.49674,0.57194
2.96638,3.43848,-6.41535,0.06132,-0.61306,-0.78765,0.97183,0.01747,0.08737,0.6,1.0,0.03058,0.12916,23.96822,1.95014,0.2162,0.25987,0.72327,0.98694,0.51278,0.72327
3.06682,2.40032,-5.29825,0.09193,-0.82492,-0.55773,0.97652,0.01754,0.08771,0.6,1.0,0.02001,0.10622,21.27811,2.04013,0.21982,0.27243,0.60182,0.75665,0.49016,0.60182
3.89193,2.02718,-3.79254,0.08866,-0.92464,-0.37037,0.99702,0.03686,0.18432,0.6,1.0,0.00912,0.08572,15.5201,2.02816,0.22154,0.31592,0.79774,0.44886,0.49306,0.79774
2.42646,2.05883,5.79232,-0.06229,-0.98901,0.13409,0.98019,0.0,0.0,nan,0.0,0.02458,0.0811,6.85504,2.56649,0.2208,0.39444,0.51949,0.99249,0.38964,0.51949
2.91893,2.05121,7.06799,-0.08301,-0.96755,0.23864,0.96724,0.0,0.0,nan,0.0,0.01048,0.14707,8.76438,2.66385,0.22864,0.33138,0.51021,0.26421,0.3754,0.51021
2.98345,2.71605,9.29764,-0.18548,-0.6661,0.72243,0.84453,0.0,0.0,nan,0.0,0.00401,0.03651,17.8404,2.04075,0.23104,0.37803,0.45583,0.32352,0.49001,0.45583
3.83338,3.76466,10.07174,-0.24652,-0.31683,0.91589,0.90186,0.0,0.0,nan,0.0,0.009,0.03189,26.41669,3.08874,0.25678,0.63371,0.54283,0.47917,0.32376,0.54283
2.99291,4.89721,-7.09766,0.0232,-0.40409,-0.91442,0.99355,0.0,0.0,nan,0.0,0.02528,0.12189,24.77205,1.91132,0.21495,0.26178,0.43958,0.85617,0.5232,0.43958
2.98031,5.09331,9.18742,-0.29384,-0.16333,0.9418,0.97958,0.0,0.0,nan,0.0,0.00989,0.02238,22.8321,2.22387,0.24027,0.66666,0.41399,0.72056,0.44967,0.41399
3.94834,4.85612,10.00241,-0.22762,-0.16906,0.95896,0.97183,0.0,0.0,nan,0.0,0.01037,0.02871,30.37073,2.69162,0.24659,0.69995,0.62036,0.55022,0.37152,0.62036
3.03152,6.99044,-7.64834,0.03233,-0.15023,-0.98812,0.99243,0.00137,0.00683,0.51,1.0,0.01805,0.07917,26.22751,1.73305,0.23147,0.37923,0.73677,0.64699,0.57702,0.73677
2.53038,6.28773,9.45769,-0.22192,-0.19316,0.95574,0.9809,0.0,0.0,nan,0.0,0.00655,0.01657,24.50963,3.53889,0.24567,0.57949,0.35919,0.73806,0.28257,0.35919
3.06811,7.10517,10.37899,-0.2177,-0.17612,0.95999,0.99039,0.0,0.0,nan,0.0,0.00613,0.01744,19.77839,1.69471,0.23875,0.54171,0.46653,0.71445,0.59007,0.46653
2.56143,8.9266,-8.13824,-0.01726,0.02864,-0.99944,0.96132,0.0,0.0,nan,0.0,0.01078,0.03302,24.95501,2.72729,0.229,0.42181,0.65372,0.83616,0.36666,0.65372
3.35562,9.17206,-7.75241,0.09386,0.05015,-0.99432,0.99263,0.0,0.0,nan,0.0,0.00918,0.03093,22.16503,1.97032,0.22871,0.45789,0.7834,0.79154,0.50753,0.7834
2.03799,9.73188,9.95591,-0.19213,0.06801,0.97901,0.99437,0.0,0.0,nan,0.0,0.00578,0.02158,16.70653,1.6479,0.2322,0.42934,0.5472,0.69926,0.60683,0.5472
2.98904,8.94466,10.39111,-0.15433,-0.0018,0.98802,0.97999,0.0,0.0,nan,0.0,0.007,0.02943,14.60069,3.07671,0.24025,0.46218,0.70943,0.58555,0.32502,0.70943
2.3207,10.02055,-8.00471,-0.04896,0.07214,-0.99619,0.96938,0.0,0.0,nan,0.0,0.00783,0.02611,22.73516,1.8852,0.2313,0.42327,0.67788,0.77072,0.53045,0.67788
2.94967,10.9929,-7.76398,0.06981,0.09796,-0.99274,0.98366,0.0,0.0,nan,0.0,0.00625,0.02347,20.54634,2.77014,0.23158,0.51476,0.57233,0.56731,0.36099,0.57233
2.22151,11.35785,9.87951,-0.19027,0.06818,0.97936,0.99243,0.0,0.0,nan,0.0,0.00883,0.02961,23.67861,1.67534,0.23829,0.59861,0.78728,0.61341,0.59689,0.78728
3.10408,10.94718,10.21283,-0.16922,0.10689,0.97977,0.98917,0.0,0.0,nan,0.0,0.00625,0.03827,16.16685,1.83748,0.22916,0.63421,0.89582,0.54224,0.54422,0.89582
3.02803,12.97181,-7.31192,0.18302,0.07014,-0.9806,0.99386,0.0,0.0,nan,0.0,0.01535,0.06301,15.82768,1.78057,0.22878,0.60082,0.81933,0.58702,0.56162,0.81933
2.73219,12.97889,9.63414,-0.1151,-0.04464,0.99235,0.9858,0.0,0.0,nan,0.0,0.00786,0.02219,20.91678,1.6479,0.23742,0.54425,0.54561,0.71304,0.60683,0.54561
3.26104,13.30266,10.01429,-0.1037,-0.04184,0.99373,0.99498,0.0,0.0,nan,0.0,0.0067,0.02054,20.87307,1.84755,0.22472,0.59361,0.71681,0.60213,0.54126,0.71681
3.11788,15.02234,-7.36033,0.35183,0.07959,-0.93268,0.99365,0.0,0.0,nan,0.0,0.00494,0.05018,28.05968,1.88619,0.22695,0.52329,0.63138,0.20147,0.53017,0.63138
2.25334,15.23672,9.8839,-0.03448,0.00092,0.9994,0.99539,0.0,0.0,nan,0.0,0.00884,0.03005,21.23243,3.45844,0.2463,0.72919,0.44155,0.44132,0.28915,0.44155
3.22614,14.87487,10.2488,-0.08109,-0.03948,0.99592,0.991,0.0,0.0,nan,0.0,0.00795,0.02182,19.81746,1.86878,0.23215,0.72554,0.5242,0.55283,0.53511,0.5242
3.06574,17.00281,-7.19371,0.43181,0.06879,-0.89934,0.99671,0.0,0.0,nan,0.0,0.00822,0.04907,25.00407,1.75493,0.2284,0.40692,0.5487,0.44473,0.56982,0.5487
2.60873,17.12332,9.67647,-0.09076,0.08419,0.99231,0.97897,0.0,0.0,nan,0.0,0.00709,0.02555,31.24888,2.99459,0.23621,0.71789,0.71039,0.41126,0.33394,0.71039
3.55514,16.81826,10.17546,-0.15328,0.08512,0.98451,0.99447,0.0,0.0,nan,0.0,0.01138,0.04068,22.0142,1.81269,0.23861,0.70551,0.43809,0.4326,0.55166,0.43809
2.92551,19.00855,-6.80458,0.41371,0.04108,-0.90948,0.99702,0.0,0.0,nan,0.0,0.01055,0.0436,25.93627,1.77891,0.2355,0.42271,0.45672,0.61681,0.56214,0.45672
2.86594,18.93948,9.50733,-0.0766,-0.12781,0.98884,0.95704,0.0,0.0,nan,0.0,0.00606,0.0154,20.80079,3.05733,0.23143,0.5427,0.54358,0.7951,0.32708,0.54358
3.24929,19.36668,10.00971,-0.09184,-0.14202,0.98559,0.99192,0.0,0.0,nan,0.0,0.00516,0.01376,20.35606,3.48227,0.23427,0.6021,0.56566,0.68404,0.28717,0.56566
3.0232,20.77858,-6.89663,0.3959,0.03575,-0.9176,0.99722,0.0,0.0,nan,0.0,0.01172,0.04965,26.44176,2.74523,0.22902,0.4364,0.51315,0.58161,0.36427,0.51315
2.97746,20.92868,10.39923,-0.0641,-0.12417,0.99019,0.96754,0.0,0.0,nan,0.0,0.00672,0.02694,17.01523,2.57514,0.22139,0.71859,0.70794,0.3879,0.38833,0.70794
3.08213,23.05023,-6.94555,0.35914,0.09736,-0.92819,0.99314,0.0,0.0,nan,0.0,0.00963,0.07385,21.00734,2.61232,0.23687,0.41076,0.52563,0.3476,0.3828,0.52563
2.39447,23.4788,9.90256,-0.07941,0.00473,0.99683,0.97468,0.0,0.0,nan,0.0,0.00473,0.03337,14.09701,2.21111,0.23242,0.38625,0.46976,0.41892,0.45226,0.46976
3.1088,22.79863,10.14828,-0.09857,0.04251,0.99422,0.98019,0.0,0.0,nan,0.0,0.00797,0.03921,10.98499,1.75252,0.23939,0.67718,0.37131,0.3549,0.57061,0.37131
3.01694,25.04959,-6.55687,0.2881,0.1477,-0.94614,0.9962,0.0,0.0,nan,0.0,0.01307,0.04221,11.08143,1.87383,0.2355,0.40598,0.60578,0.90022,0.53367,0.60578
2.67026,24.47316,9.94119,-0.06735,-0.01952,0.99754,0.97601,0.0,0.0,nan,0.0,0.00335,0.01846,24.54278,1.81269,0.23008,0.59999,0.81343,0.41096,0.55166,0.81343
3.01323,25.13692,10.34939,-0.0514,-0.02258,0.99842,0.97968,0.0,0.0,nan,0.0,0.00365,0.01722,26.04909,1.8966,0.23266,0.53197,0.77242,0.46195,0.52726,0.77242
3.01137,27.01077,-6.38152,0.20473,-0.00161,-0.97882,0.99692,0.0,0.0,nan,0.0,0.0117,0.03347,10.04612,2.02594,0.23244,0.48277,0.48438,0.86785,0.4936,0.48438
2.69328,26.80987,9.54024,0.05455,0.04295,0.99759,0.96815,0.0,0.0,nan,0.0,0.00426,0.01869,28.87746,1.6479,0.23366,0.44424,0.26786,0.54895,0.60683,0.26786
3.32189,26.98737,10.05454,0.04018,0.06537,0.99705,0.99529,0.0,0.0,nan,0.0,0.00595,0.02065,31.76369,1.67204,0.23795,0.45726,0.37356,0.66963,0.59807,0.37356
2.99983,29.0155,-6.48438,0.20433,-0.1318,-0.96999,0.99651,0.0,0.0,nan,0.0,0.00194,0.03118,15.73887,1.74421,0.23789,0.63242,0.92702,0.25528,0.57333,0.92702
2.61129,29.34674,9.68285,0.06581,-0.03741,0.99713,0.97438,0.0,0.0,nan,0.0,0.00624,0.01657,30.69477,1.94485,0.23009,0.45932,0.31493,0.87262,0.51418,0.31493
3.13972,28.82105,10.19408,0.06614,0.01123,0.99775,0.99722,0.0,0.0,nan,0.0,0.00585,0.01488,32.87474,2.18975,0.22915,0.44862,0.25223,0.92953,0.45667,0.25223
2.93258,31.02722,-6.74933,0.34377,-0.27535,-0.89778,0.99182,0.0,0.0,nan,0.0,0.00872,0.02548,15.55765,2.07216,0.23276,0.58013,0.77536,0.72488,0.48259,0.77536
2.6347,30.55037,9.61114,0.02631,-0.11153,0.99341,0.96815,0.0,0.0,nan,0.0,0.0064,0.0192,27.21442,1.73657,0.23222,0.47105,0.41887,0.75935,0.57585,0.41887
2.98205,31.26573,10.24011,0.00134,-0.07552,0.99714,0.99182,0.0,0.0,nan,0.0,0.00632,0.02166,24.93618,3.56065,0.23336,0.46641,0.61591,0.67554,0.28085,0.61591
2.58847,33.33688,-8.29875,0.43264,-0.37364,-0.82049,0.9959,0.0,0.0,nan,0.0,0.00613,0.02472,14.4334,2.08907,0.2387,0.57315,0.84404,0.70435,0.47868,0.84404
3.19617,32.91908,-7.26654,0.43119,-0.37947,-0.81858,0.99223,0.0,0.0,nan,0.0,0.01337,0.02756,13.04428,2.56899,0.2326,0.5927,0.30472,0.94432,0.38926,0.30472
2.66483,33.8773,9.78789,0.00989,0.10034,0.9949,0.98192,0.0,0.0,nan,0.0,0.01253,0.03716,31.52208,1.81269,0.23656,0.58475,0.56416,0.61338,0.55166,0.56416
3.02882,32.97038,10.62047,-0.00626,0.08298,0.99653,0.98519,0.0,0.0,nan,0.0,0.0087,0.03583,29.15321,1.81269,0.2322,0.6119,0.59042,0.4242,0.55166,0.59042
2.95298,35.00129,-8.53595,0.43388,-0.3085,-0.84651,0.99641,0.0,0.0,nan,0.0,0.00852,0.02287,18.68639,2.00145,0.2238,0.58056,0.57921,0.71037,0.49964,0.57921
3.9943,34.03456,-7.99575,0.43878,-0.3488,-0.82814,0.99263,0.0,0.0,nan,0.0,0.01302,0.02851,12.6691,1.83707,0.24123,0.59949,0.61679,0.88218,0.54434,0.61679
2.87325,34.913,9.70085,0.02316,-0.0027,0.99973,0.95979,0.0,0.0,nan,0.0,0.01628,0.03686,32.40059,1.6479,0.24267,0.58839,0.36434,0.79708,0.60683,0.36434
3.33898,35.42158,10.02518,0.04114,-0.0835,0.99566,0.98498,0.0,0.0,nan,0.0,0.00989,0.0245,30.12827,1.64987,0.22597,0.51765,0.42325,0.83192,0.60611,0.42325
2.92985,37.1003,-9.17814,0.39254,-0.27995,-0.8761,0.99518,0.0,0.0,nan,0.0,0.00691,0.02649,18.92125,1.78954,0.22809,0.55208,0.59882,0.52272,0.5588,0.59882
2.23757,36.12965,9.91161,0.01345,-0.17832,0.98388,0.97662,0.0,0.0,nan,0.0,0.00868,0.03048,27.05196,1.81269,0.23392,0.4948,0.39394,0.6181,0.55166,0.39394
3.01407,36.90584,10.54048,0.02486,-0.17943,0.98346,0.9858,0.0,0.0,nan,0.0,0.00862,0.05227,25.06444,1.6479,0.22951,0.34137,0.51177,0.52143,0.60683,0.51177
2.51689,39.24452,-10.11731,0.24595,-0.17028,-0.95421,0.98325,0.0,0.0,nan,0.0,0.01376,0.07038,20.77414,2.55844,0.23394,0.76507,0.60952,0.28005,0.39086,0.60952
3.49642,38.66943,-9.79416,0.37604,-0.24677,-0.89314,0.98029,0.0,0.0,nan,0.0,0.01169,0.03241,20.86797,2.05711,0.23365,0.69371,0.683,0.56955,0.48612,0.683
3.6702,39.63661,9.72024,-0.0065,0.1656,0.98617,0.96683,0.0,0.0,nan,0.0,0.00917,0.02815,27.77503,1.68654,0.23931,0.53901,0.59602,0.64749,0.59293,0.59602
3.05741,38.99995,10.80217,-0.01185,0.12444,0.99216,0.97835,0.0,0.0,nan,0.0,0.00606,0.02538,25.68063,2.08636,0.23132,0.52514,0.59637,0.48993,0.4793,0.59637
2.68265,40.98962,-10.15679,0.20554,-0.03323,-0.97808,0.9911,0.0,0.0,nan,0.0,0.00423,0.11228,8.89669,1.94629,0.21776,0.84225,0.98512,0.22108,0.5138,0.98512
3.67582,41.19364,-9.96647,0.30437,-0.05233,-0.95112,0.98621,0.0,0.0,nan,0.0,0.00209,0.04208,18.94503,2.03047,0.23055,0.76987,0.97337,0.2501,0.4925,0.97337
3.36993,41.14863,9.98526,-0.02655,0.01565,0.99953,0.98101,0.0,0.0,nan,0.0,0.00845,0.02299,31.38948,2.10303,0.2286,0.48372,0.66913,0.8083,0.47551,0.66913
2.74825,40.93842,10.32309,-0.02027,0.04993,0.99855,0.9962,0.0,0.0,nan,0.0,0.00843,0.02057,31.62336,2.03969,0.22954,0.4849,0.55525,0.89892,0.49027,0.55525
2.44486,42.91522,-10.10003,0.18984,0.0617,-0.97988,0.99682,0.0,0.0,nan,0.0,0.00865,0.04055,3.61811,1.89193,0.22302,0.34294,0.59789,0.96601,0.52856,0.59789
3.38039,43.0172,-9.82884,0.21586,0.06743,-0.97409,0.99722,0.0,0.0,nan,0.0,0.00822,0.10015,6.37075,1.87616,0.235,0.80323,0.89155,0.24541,0.533,0.89155
3.70596,42.19056,9.76946,-0.01929,-0.10756,0.99401,0.97152,0.0,0.0,nan,0.0,0.0102,0.03448,30.7738,2.60043,0.23935,0.48163,0.68529,0.65425,0.38455,0.68529
3.00967,42.98164,10.48566,-0.04869,-0.03792,0.99809,0.97713,0.0,0.0,nan,0.0,0.01025,0.031,26.16875,1.86396,0.23498,0.5298,0.62832,0.67205,0.53649,0.62832
2.22052,44.30135,-10.06098,0.19566,0.07206,-0.97802,0.99692,0.0,0.0,nan,0.0,0.00874,0.04739,3.47471,1.8676,0.22918,0.29696,0.39694,0.97811,0.53545,0.39694
3.04718,44.99853,-9.7579,0.20593,0.06723,-0.97625,0.99661,0.0,0.0,nan,0.0,0.00836,0.04669,3.17472,1.85406,0.23014,0.29183,0.48369,1.0,0.53936,0.48369
3.03702,45.39993,9.35978,-0.14018,0.25939,0.95554,0.96091,0.0,0.0,nan,0.0,0.01124,0.03183,37.18257,2.21054,0.23674,0.56555,0.50621,0.65816,0.45238,0.50621
3.06217,44.65955,10.43741,-0.11394,0.22622,0.96739,0.97427,0.0,0.0,nan,0.0,0.01014,0.03844,33.83694,1.79003,0.22833,0.59867,0.61147,0.46678,0.55865,0.61147
2.96222,47.00476,-9.68181,0.17635,0.09611,-0.97962,0.99702,0.0,0.0,nan,0.0,0.011,0.0503,3.46896,2.10613,0.22256,0.35214,0.74754,0.97954,0.4748,0.74754
2.85359,46.99377,9.38226,-0.15178,-0.00139,0.98841,0.95285,0.0,0.0,nan,0.0,0.00938,0.02341,34.72229,1.91667,0.22988,0.5006,0.36662,0.84623,0.52174,0.36662
3.764,47.39453,10.05679,-0.09274,-0.0273,0.99532,0.98264,0.0,0.0,nan,0.0,0.014,0.03479,32.42655,1.81269,0.23769,0.52087,0.35455,0.82026,0.55166,0.35455
2.98423,49.02049,-9.42994,0.18434,0.09331,-0.97842,0.996,0.0,0.0,nan,0.0,0.00703,0.03106,3.58232,1.75775,0.22473,0.36988,0.54642,0.95303,0.56891,0.54642
2.82514,48.33744,9.96634,-0.09537,-0.12571,0.98747,0.98233,0.0,0.0,nan,0.0,0.0194,0.05172,31.31104,1.8937,0.24515,0.5823,0.47261,0.68546,0.52807,0.47261
3.05273,49.18081,10.13111,-0.04537,-0.01796,0.99881,0.96815,0.0,0.0,nan,0.0,0.01833,0.04153,28.091,1.89487,0.23201,0.60064,0.55742,0.7871,0.52774,0.55742
2.99157,50.95941,-9.31164,0.21249,0.02101,-0.97694,0.99722,0.0,0.0,nan,0.0,0.01178,0.05099,3.87843,1.68627,0.2293,0.35073,0.4951,0.99818,0.59302,0.4951
2.85784,51.20046,9.85715,0.01521,0.08187,0.99653,0.98458,0.0,0.0,nan,0.0,0.02154,0.03665,28.28186,1.83792,0.2369,0.67382,0.37742,0.93412,0.54409,0.37742
3.41561,50.47677,10.02463,0.0336,0.11953,0.99226,0.97988,0.0,0.0,nan,0.0,0.01361,0.02853,23.41921,1.89284,0.24016,0.59143,0.47588,0.87575,0.52831,0.47588
2.9674,52.98673,-9.33352,0.20804,0.02479,-0.97781,0.99702,0.0,0.0,nan,0.0,0.01194,0.05592,3.34762,1.82364,0.23497,0.34335,0.29935,0.99336,0.54835,0.29935
3.1638,52.93912,9.90518,0.09395,-0.05803,0.99388,0.98784,0.0,0.0,nan,0.0,0.00741,0.03378,34.33503,1.85048,0.2386,0.55645,0.60087,0.41696,0.5404,0.60087
2.83153,53.56736,10.01265,0.06776,-0.02403,0.99741,0.96826,0.0,0.0,nan,0.0,0.01208,0.03605,30.84635,1.72731,0.23807,0.65277,0.55461,0.54655,0.57893,0.55461
3.01125,55.06144,-9.20296,0.18382,0.12922,-0.97443,0.99712,0.0,0.0,nan,0.0,0.01927,0.10122,3.08112,1.93534,0.22105,0.31392,0.51571,1.0,0.51671,0.51571
3.02401,55.37387,9.93311,0.02493,0.1932,0.98084,0.97805,0.0,0.0,nan,0.0,0.01187,0.03921,24.34598,1.84312,0.2312,0.41335,0.42934,0.79225,0.54256,0.42934
2.89458,54.41356,10.0825,0.04399,0.08361,0.99553,0.96367,0.0,0.0,nan,0.0,0.00698,0.0323,25.81103,1.6479,0.24026,0.35836,0.30745,0.64987,0.60683,0.30745
3.0087,56.98832,-8.83247,0.1632,0.26382,-0.95066,0.99671,0.0,0.0,nan,0.0,0.01479,0.08512,3.42382,2.56548,0.21816,0.27527,0.41756,1.0,0.38979,0.41756
3.00099,56.96217,9.19018,-0.0088,0.20102,0.97955,0.98957,0.0,0.0,nan,0.0,0.01221,0.03934,40.11348,1.8865,0.23583,0.65041,0.65107,0.50112,0.53008,0.65107
2.97652,58.56583,-8.27961,0.13253,0.406,-0.90421,0.99212,0.0,0.0,nan,0.0,0.00915,0.07734,5.82752,1.6479,0.24336,0.52421,0.81079,0.37656,0.60683,0.81079
3.11089,59.55939,-7.74859,0.09605,0.55226,-0.82812,0.97693,0.0,0.0,nan,0.0,0.01163,0.06489,7.99474,1.84167,0.23748,0.5555,0.4868,0.4035,0.54299,0.4868
3.04909,59.00489,8.80641,0.01002,-0.04694,0.99885,0.986,0.0,0.0,nan,0.0,0.01072,0.02848,27.38924,2.90096,0.23678,0.5353,0.53735,0.75446,0.34471,0.53735
3.04802,60.62959,-6.93904,0.04115,0.77715,-0.62797,0.95765,0.0,0.0,nan,0.0,0.0074,0.037,8.50927,1.87215,0.24106,0.3656,0.61155,0.67586,0.53414,0.61155
2.98512,61.4318,-4.85707,0.00765,0.95117,-0.30857,0.96458,0.0,0.0,nan,0.0,0.01111,0.03683,9.21589,1.83751,0.24167,0.45735,0.56309,0.8023,0.54421,0.56309
3.14111,61.81507,-3.3851,0.02881,0.97571,-0.21714,0.93184,0.0,0.0,nan,0.0,0.01006,0.03719,9.4443,1.6479,0.24248,0.38425,0.62541,0.853,0.60683,0.62541
2.01925,61.99868,-1.96189,0.0367,0.98476,-0.16998,0.93541,0.0,0.0,nan,0.0,0.00466,0.03688,7.91393,1.6479,0.23323,0.40793,0.88152,0.67067,0.60683,0.88152
2.29072,61.97639,7.98548,-0.10149,0.8455,0.52425,0.91012,0.0,0.0,nan,0.0,0.00631,0.1396,15.93694,1.73278,0.24169,0.81088,0.97777,0.23129,0.57711,0.97777
2.95472,61.16213,9.24837,-0.08508,0.3837,0.91953,0.8326,0.0,0.0,nan,0.0,0.00544,0.07998,33.79776,1.88856,0.23279,0.77585,0.95237,0.26357,0.5295,0.95237
2.54396,62.05408,-2.22948,0.04433,0.98217,-0.18272,0.92664,0.0,0.0,nan,0.0,0.0077,0.03381,7.96145,1.81269,0.23148,0.41774,0.7822,0.76063,0.55166,0.7822
3.03334,62.23233,-0.98251,0.03134,0.98947,-0.1413,0.91981,0.0,0.0,nan,0.0,0.00709,0.05253,7.18203,1.81269,0.22429,0.44931,0.82412,0.50339,0.55166,0.82412
3.02156,62.47546,1.0671,0.00375,0.99875,-0.04987,0.95846,0.0,0.0,nan,0.0,0.01396,0.0822,4.89513,1.99358,0.2254,0.26366,0.53317,0.90744,0.50161,0.53317
2.97639,62.42708,3.02502,-0.03295,0.9992,0.02252,0.98243,0.0,0.0,nan,0.0,0.00682,0.03801,5.22871,2.09012,0.22803,0.24942,0.42338,0.99471,0.47844,0.42338
3.14137,62.35446,4.96357,-0.07693,0.99664,0.0283,0.98447,0.0,0.0,nan,0.0,0.00515,0.03533,4.60342,2.105,0.22934,0.33599,0.83336,0.84948,0.47506,0.83336
3.03191,62.32217,7.0153,-0.12568,0.97278,0.1947,0.96928,0.0,0.0,nan,0.0,0.01097,0.06942,8.9235,1.85474,0.24229,0.71232,0.8486,0.39669,0.53916,0.8486
3.49182,62.13232,8.26826,-0.13326,0.82364,0.55124,0.88574,0.0,0.0,nan,0.0,0.00767,0.1249,17.08326,1.6479,0.2413,0.72056,0.92691,0.21948,0.60683,0.92691
5.00107,1.61667,-2.81968,0.04921,-0.95936,-0.27784,0.99294,0.00317,0.01585,0.7,1.0,0.01195,0.05739,9.24331,1.92245,0.22486,0.28849,0.58605,0.87768,0.52017,0.58605
5.00636,1.39065,-0.95998,0.00213,-0.99558,-0.09384,0.99518,0.0,0.0,nan,0.0,0.02495,0.08784,8.26441,2.71453,0.23088,0.35759,0.71829,0.98646,0.36839,0.71829
5.02943,1.37095,1.03849,-0.0155,-0.99969,0.01958,0.99508,0.0,0.0,nan,0.0,0.03504,0.20384,8.19444,2.02809,0.22798,0.40891,0.89862,0.99733,0.49308,0.89862
4.97738,1.4415,2.95736,-0.03376,-0.99579,0.08527,0.98366,0.0,0.0,nan,0.0,0.04314,0.18187,7.65131,2.535,0.22781,0.29918,0.60291,1.0,0.39448,0.60291
4.97445,1.68922,5.0292,-0.04703,-0.99032,0.13063,0.97774,0.0,0.0,nan,0.0,0.03068,0.1499,7.46606,1.99267,0.22818,0.25953,0.41165,1.0,0.50184,0.41165
5.0976,1.9005,6.63013,-0.04294,-0.98741,0.15224,0.99131,0.0,0.0,nan,0.0,0.0245,0.07952,7.08909,1.9087,0.22776,0.44757,0.70845,0.88278,0.52392,0.70845
4.9322,3.7592,-6.1997,0.12027,-0.6357,-0.76251,0.986,0.0,0.0,nan,0.0,0.03711,0.14362,21.1828,2.02948,0.22154,0.30455,0.65815,0.92858,0.49274,0.65815
5.01782,2.69215,-5.11299,0.12317,-0.8143,-0.56722,0.99059,0.0,0.0,nan,0.0,0.01684,0.10748,18.52092,2.06079,0.21402,0.28619,0.6423,0.60643,0.48525,0.6423
4.97822,2.13784,-3.76168,0.08451,-0.91185,-0.40172,0.99671,0.0126,0.06302,0.6,1.0,0.01139,0.09184,13.53949,1.82406,0.22104,0.28803,0.6096,0.49413,0.54823,0.6096
4.83818,2.05461,7.58106,-0.0549,-0.96813,0.24435,0.99059,0.0,0.0,nan,0.0,0.01934,0.09833,9.20096,1.87688,0.23274,0.58001,0.66305,0.41273,0.5328,0.66305
4.98218,2.54325,9.14503,-0.08393,-0.78385,0.61525,0.89135,0.0,0.0,nan,0.0,0.01836,0.11499,20.08596,1.6479,0.23652,0.5519,0.38578,0.31808,0.60683,0.38578
5.09754,3.53261,10.34558,-0.09941,-0.36947,0.92391,0.84586,0.0,0.0,nan,0.0,0.00842,0.02638,24.74965,2.77748,0.23484,0.60659,0.46239,0.56886,0.36004,0.46239
5.03941,4.93179,-6.9692,0.1023,-0.43304,-0.89555,0.9908,0.0,0.0,nan,0.0,0.02749,0.11923,20.33298,2.06347,0.21362,0.3272,0.46644,0.77406,0.48462,0.46644
4.08483,5.54979,9.94068,-0.19361,-0.11164,0.97471,0.98223,0.0,0.0,nan,0.0,0.00841,0.02501,30.23783,2.64884,0.23188,0.72634,0.69471,0.49379,0.37752,0.69471
4.9631,5.01736,10.63837,-0.04153,-0.09929,0.99419,0.89849,0.0,0.0,nan,0.0,0.00906,0.0267,25.19201,1.67295,0.24365,0.61375,0.50784,0.59663,0.59775,0.50784
4.97005,7.05102,-7.68053,0.11769,-0.08651,-0.98927,0.98152,0.0,0.0,nan,0.0,0.02041,0.08201,17.06069,1.74182,0.22193,0.52113,0.81711,0.67934,0.57411,0.81711
5.03116,7.05826,10.64441,0.07589,-0.0595,0.99534,0.94653,0.0,0.0,nan,0.0,0.00533,0.02172,21.47511,3.41925,0.23949,0.55309,0.32962,0.48516,0.29246,0.32962
5.04495,9.07601,-7.47668,0.23778,0.12638,-0.96306,0.99457,0.0,0.0,nan,0.0,0.00687,0.02978,18.15824,2.05923,0.23176,0.51176,0.77284,0.54007,0.48562,0.77284
5.00215,8.90434,10.5261,0.0292,-0.0187,0.9994,0.97356,0.0,0.0,nan,0.0,0.00188,0.01674,13.27388,3.57968,0.24101,0.32519,0.41158,0.39679,0.27935,0.41158
5.09235,10.96814,-7.1828,0.30884,0.11411,-0.94424,0.99722,0.0,0.0,nan,0.0,0.00537,0.02734,18.74729,1.8869,0.22902,0.55754,0.72381,0.39026,0.52997,0.72381
4.97292,11.03121,10.32884,-0.04955,0.10043,0.99371,0.98213,0.0,0.0,nan,0.0,0.01181,0.06524,13.9957,1.84323,0.23032,0.82588,0.86433,0.39494,0.54253,0.86433
4.94956,13.00012,-6.94034,0.36638,0.17702,-0.91347,0.99376,0.0,0.0,nan,0.0,0.01646,0.04396,12.46056,1.83251,0.23008,0.45142,0.70868,0.96231,0.5457,0.70868
5.01226,13.16242,9.85647,-0.02844,0.00343,0.99959,0.98203,0.0,0.0,nan,0.0,0.00401,0.03097,15.65818,1.86045,0.22741,0.62143,0.92172,0.52142,0.5375,0.92172
4.96447,12.87043,10.06133,-0.03501,0.02314,0.99912,0.98509,0.0,0.0,nan,0.0,0.00308,0.03058,15.54326,1.65792,0.23259,0.62556,0.95302,0.5195,0.60317,0.95302
4.7566,14.84302,-6.49946,0.46089,0.18942,-0.86701,0.99437,0.0,0.0,nan,0.0,0.0116,0.03966,11.8248,2.65717,0.22919,0.34199,0.60603,1.0,0.37634,0.60603
5.52729,15.32442,-5.69495,0.53747,0.16675,-0.82663,0.99396,0.0,0.0,nan,0.0,0.01402,0.05603,13.90819,1.74442,0.22876,0.28787,0.31872,0.99438,0.57326,0.31872
5.04104,14.94151,10.30738,-0.00624,-0.05053,0.9987,0.99355,0.0,0.0,nan,0.0,0.01095,0.04661,13.9696,1.98739,0.23251,0.81828,0.73343,0.32831,0.50317,0.73343
4.59527,17.01249,-6.38726,0.46402,0.0678,-0.88323,0.99722,0.0,0.0,nan,0.0,0.01391,0.04688,16.69347,1.68623,0.22223,0.36648,0.53034,0.9066,0.59304,0.53034
5.52639,16.95321,-5.70748,0.50887,0.0335,-0.86019,0.99722,0.0,0.0,nan,0.0,0.01582,0.05387,16.4702,1.8911,0.2174,0.35071,0.53494,0.9393,0.52879,0.53494
4.94633,17.00497,10.36421,-0.08423,0.03234,0.99592,0.98641,0.0,0.0,nan,0.0,0.00442,0.0502,10.06148,1.81269,0.22473,0.68912,0.86875,0.2468,0.55166,0.86875
4.66188,18.99998,-6.31033,0.42064,0.02365,-0.90692,0.99722,0.0,0.0,nan,0.0,0.01383,0.05528,18.94297,1.6479,0.24216,0.38726,0.42083,0.71434,0.60683,0.42083
5.60821,19.00041,-5.78169,0.46358,0.00952,-0.886,0.99712,0.0,0.0,nan,0.0,0.01438,0.07218,16.76423,1.88914,0.21246,0.33627,0.82057,0.85631,0.52934,0.82057
5.11101,19.7351,9.89868,-0.02892,-0.06275,0.99761,0.98845,0.0,0.0,nan,0.0,0.00913,0.03226,17.48269,1.88575,0.23395,0.58767,0.69564,0.53666,0.53029,0.69564
4.92022,18.97831,10.37325,-0.06672,-0.0309,0.99729,0.98325,0.0,0.0,nan,0.0,0.00423,0.02594,17.54121,1.91232,0.23521,0.61743,0.90156,0.57151,0.52292,0.90156
4.58919,20.94736,-6.37174,0.43307,0.03586,-0.90065,0.99661,0.0,0.0,nan,0.0,0.01032,0.05647,18.73632,2.68689,0.22952,0.36219,0.51233,0.55828,0.37218,0.51233
5.49288,21.12045,-5.73277,0.48061,0.07632,-0.87361,0.99692,0.0,0.0,nan,0.0,0.02431,0.09046,15.03462,1.88633,0.2223,0.38171,0.60162,0.79776,0.53013,0.60162
5.94976,20.00997,9.97016,0.04584,-0.04331,0.99801,0.98774,0.0,0.0,nan,0.0,0.00517,0.02411,15.57269,1.81269,0.23277,0.67631,0.85789,0.54608,0.55166,0.85789
5.01723,20.89812,10.48949,0.00821,-0.07539,0.99712,0.97315,0.0,0.0,nan,0.0,0.00865,0.02674,15.09397,1.66371,0.22474,0.78269,0.71858,0.46783,0.60107,0.71858
4.30563,22.91175,-6.24228,0.47563,0.08755,-0.87528,0.99722,0.0,0.0,nan,0.0,0.02373,0.07429,15.40781,1.6479,0.24029,0.42175,0.56874,0.85567,0.60683,0.56874
5.29795,23.00994,-5.47088,0.485,0.08057,-0.8708,0.99335,0.0,0.0,nan,0.0,0.01855,0.05473,13.19905,1.73046,0.23148,0.4133,0.6279,0.9445,0.57788,0.6279
5.05149,22.94455,10.4727,-0.04498,0.0186,0.99881,0.97733,0.0,0.0,nan,0.0,0.00676,0.05342,14.51929,1.6479,0.2414,0.59089,0.8465,0.35264,0.60683,0.8465
4.24907,25.01067,-6.11745,0.39606,0.05602,-0.91652,0.99447,0.0,0.0,nan,0.0,0.01164,0.04089,11.18985,1.98578,0.22492,0.37489,0.53672,0.89464,0.50358,0.53672
5.23333,24.972,-5.48476,0.39937,-0.03623,-0.91607,0.99518,0.0,0.0,nan,0.0,0.01587,0.04678,11.70887,1.91845,0.22564,0.47283,0.75541,0.85489,0.52125,0.75541
4.12854,24.58732,9.90551,-0.08399,0.01187,0.9964,0.97387,0.0,0.0,nan,0.0,0.00967,0.02819,19.71839,1.82315,0.2342,0.50765,0.52101,0.74449,0.5485,0.52101
5.0026,25.13448,10.23293,-0.04791,0.04232,0.99796,0.98192,0.0,0.0,nan,0.0,0.0169,0.03755,18.41854,1.64922,0.24232,0.59355,0.49275,0.84048,0.60635,0.49275
4.28531,27.08567,-6.07993,0.24662,-0.06017,-0.96724,0.99692,0.0,0.0,nan,0.0,0.00958,0.02703,9.36824,1.88373,0.23006,0.45415,0.39562,0.94683,0.53086,0.39562
5.2336,26.96072,-5.64228,0.26131,-0.111,-0.95885,0.996,0.0,0.0,nan,0.0,0.01092,0.03231,10.02891,1.91274,0.22849,0.41324,0.30664,0.98043,0.52281,0.30664
4.59059,27.86361,9.86905,-0.02658,0.08903,0.99567,0.99529,0.0,0.0,nan,0.0,0.01292,0.03699,37.282,1.65335,0.23368,0.49812,0.44394,0.7385,0.60483,0.44394
5.05822,26.93223,10.24207,-0.03958,0.08803,0.99533,0.99539,0.0,0.0,nan,0.0,0.00835,0.02853,32.16603,1.81269,0.2305,0.56477,0.69924,0.55006,0.55166,0.69924
4.60178,29.08802,-6.11155,0.20125,-0.09598,-0.97483,0.99712,0.0,0.0,nan,0.0,0.01145,0.02992,9.64103,1.65458,0.23407,0.46526,0.39873,0.99323,0.60438,0.39873
5.52975,28.88231,-5.96809,0.16249,-0.12516,-0.97874,0.99702,0.0,0.0,nan,0.0,0.00705,0.02326,9.52474,1.81269,0.23583,0.36702,0.38478,1.0,0.55166,0.38478
5.11719,28.8082,9.76868,-0.04856,0.02785,0.99843,0.98437,0.0,0.0,nan,0.0,0.01825,0.04049,38.32968,1.6479,0.24012,0.5872,0.44684,0.80758,0.60683,0.44684
4.3368,29.17279,10.29374,-0.0124,-0.01518,0.99981,0.99498,0.0,0.0,nan,0.0,0.01111,0.02704,37.52559,1.6479,0.2372,0.48762,0.36202,0.88749,0.60683,0.36202
4.743,31.06145,-6.17882,0.20474,-0.15275,-0.96682,0.9908,0.0,0.0,nan,0.0,0.0193,0.05651,10.38718,1.95626,0.2272,0.64087,0.74178,0.63544,0.51118,0.74178
5.66152,30.65134,-5.91958,0.11255,-0.11786,-0.98663,0.99559,0.0,0.0,nan,0.0,0.01011,0.02967,9.94325,1.81269,0.23821,0.43249,0.69109,0.94595,0.55166,0.69109
5.3704,30.21143,9.83806,-0.05268,-0.12021,0.99135,0.98631,0.0,0.0,nan,0.0,0.01528,0.03453,34.6243,1.6479,0.23429,0.54945,0.37495,0.85169,0.60683,0.37495
5.00901,31.05806,10.34757,-0.02227,-0.14058,0.98982,0.99386,0.0,0.0,nan,0.0,0.0118,0.03506,29.14176,1.70723,0.23202,0.48744,0.56217,0.73763,0.58574,0.56217
4.88919,33.15834,-6.50392,0.3126,-0.31163,-0.89731,0.97866,0.0,0.0,nan,0.0,0.01051,0.03268,13.40143,2.05049,0.23597,0.60268,0.63732,0.61345,0.48769,0.63732
5.87049,33.71611,9.93964,-0.03116,0.13429,0.99045,0.99406,0.0,0.0,nan,0.0,0.01041,0.02999,20.5203,1.99868,0.23362,0.5016,0.46755,0.75948,0.50033,0.46755
5.00702,33.05976,10.57951,-0.02666,0.08391,0.99612,0.98213,0.0,0.0,nan,0.0,0.01033,0.04338,21.37661,1.93552,0.22658,0.51965,0.84582,0.72272,0.51666,0.84582
4.27582,35.10196,-8.15557,0.44201,-0.30034,-0.84524,0.99396,0.0,0.0,nan,0.0,0.01367,0.04385,16.24876,1.75487,0.24574,0.68816,0.72244,0.50883,0.56984,0.72244
5.14311,34.82826,-7.38003,0.38794,-0.30992,-0.86802,0.99529,0.0,0.0,nan,0.0,0.00817,0.02864,12.79191,1.73112,0.2296,0.40246,0.41418,0.81912,0.57766,0.41418
5.55457,35.16064,9.90799,-0.01901,0.00041,0.99982,0.98243,0.0,0.0,nan,0.0,0.01303,0.02637,29.56488,1.84383,0.22868,0.6095,0.72903,0.8653,0.54235,0.72903
4.81105,34.94872,10.15584,-0.04112,0.01856,0.99898,0.99335,0.0,0.0,nan,0.0,0.01409,0.03248,30.06997,1.87988,0.23024,0.55648,0.67731,0.83119,0.53195,0.67731
4.73562,37.13168,-8.31871,0.48024,-0.2725,-0.83374,0.99692,0.0,0.0,nan,0.0,0.01067,0.03537,17.37933,1.6479,0.23145,0.53198,0.60081,0.63253,0.60683,0.60081
5.58813,36.73368,-7.64979,0.40461,-0.23669,-0.88333,0.99457,0.0,0.0,nan,0.0,0.00522,0.03913,20.51096,1.87293,0.23347,0.51905,0.86548,0.4477,0.53392,0.86548
5.62651,36.49692,9.66248,0.0288,-0.15251,0.98788,0.96662,0.0,0.0,nan,0.0,0.00943,0.02242,22.61779,1.6479,0.23331,0.50566,0.36136,0.90514,0.60683,0.36136
4.93663,37.01128,10.53875,0.03949,-0.15735,0.98675,0.98917,0.0,0.0,nan,0.0,0.01041,0.0273,22.44087,1.66781,0.24112,0.54512,0.34383,0.76208,0.59959,0.34383
4.77209,39.04408,-8.69074,0.51009,-0.25931,-0.8201,0.99712,0.0,0.0,nan,0.0,0.01306,0.02959,19.27642,1.86274,0.23287,0.64016,0.7475,0.76094,0.53684,0.7475
5.88823,38.16262,-7.88732,0.45227,-0.22658,-0.86262,0.99233,0.0,0.0,nan,0.0,0.00855,0.04952,20.07461,1.73426,0.22275,0.64232,0.89335,0.54623,0.57662,0.89335
4.09255,39.87231,9.90142,0.00856,0.15215,0.98832,0.98315,0.0,0.0,nan,0.0,0.0069,0.01978,29.2635,1.81269,0.24369,0.51233,0.50072,0.72745,0.55166,0.50072
4.98605,39.0534,10.7614,0.04213,0.08613,0.99539,0.97183,0.0,0.0,nan,0.0,0.00924,0.02888,26.61333,1.91414,0.22736,0.5392,0.45767,0.63803,0.52243,0.45767
5.19912,40.96522,-9.34924,0.46457,-0.15825,-0.87128,0.98774,0.0,0.0,nan,0.0,0.00463,0.02367,17.72887,1.73541,0.23534,0.6911,0.89369,0.58341,0.57623,0.89369
4.4034,41.01278,9.88268,0.01751,0.03153,0.99935,0.97621,0.0,0.0,nan,0.0,0.00792,0.02001,31.37565,1.6479,0.22911,0.47185,0.38763,0.89175,0.60683,0.38763
5.23398,41.03634,10.1736,0.01664,0.02353,0.99958,0.99559,0.0,0.0,nan,0.0,0.00851,0.02209,34.42428,2.09224,0.22969,0.58107,0.54445,0.70127,0.47796,0.54445
5.05567,43.01387,-9.4717,0.30915,-0.03912,-0.95021,0.9908,0.0,0.0,nan,0.0,0.00175,0.02305,14.32517,2.34142,0.23874,0.72435,0.93938,0.30361,0.42709,0.93938
4.18416,42.26673,9.87924,0.00241,-0.11564,0.99329,0.97754,0.0,0.0,nan,0.0,0.00874,0.02922,28.10886,3.57364,0.23925,0.45511,0.66764,0.70398,0.27983,0.66764
4.98898,43.09456,10.37348,0.03659,-0.04806,0.99817,0.98835,0.0,0.0,nan,0.0,0.00985,0.03182,28.05932,1.7165,0.23194,0.52818,0.40352,0.62801,0.58258,0.40352
4.96823,45.00574,-9.3462,0.20024,0.05521,-0.97819,0.99641,0.0,0.0,nan,0.0,0.00504,0.12553,6.83765,1.86846,0.23657,0.87072,0.9708,0.20294,0.5352,0.9708
4.48984,45.86243,9.81952,-0.04447,0.21088,0.9765,0.98447,0.0,0.0,nan,0.0,0.01538,0.03603,42.03592,2.04615,0.23616,0.57634,0.63708,0.77566,0.48872,0.63708
5.01418,44.93246,10.35151,-0.002,0.20425,0.97892,0.98284,0.0,0.0,nan,0.0,0.00899,0.03165,34.38956,1.72868,0.23436,0.51439,0.71639,0.58408,0.57848,0.71639
5.0212,46.98473,-9.27328,0.2087,0.09153,-0.97369,0.99702,0.0,0.0,nan,0.0,0.01254,0.06425,2.91342,1.94517,0.22005,0.32912,0.50876,1.0,0.51409,0.50876
5.05538,47.09804,9.78406,-0.01667,0.01769,0.9997,0.98886,0.0,0.0,nan,0.0,0.01116,0.02604,35.05759,1.74516,0.23693,0.52097,0.57131,0.86926,0.57301,0.57131
4.67214,46.91384,10.0008,-0.02512,0.04633,0.99861,0.98825,0.0,0.0,nan,0.0,0.01208,0.02853,36.00754,3.52805,0.23502,0.52413,0.58984,0.85295,0.28344,0.58984
5.00604,49.00592,-9.02331,0.22184,0.11567,-0.9682,0.99692,0.0,0.0,nan,0.0,0.00958,0.04809,4.32721,1.75125,0.22822,0.41865,0.49402,0.69568,0.57102,0.49402
4.95779,48.85734,9.98004,0.02746,-0.00898,0.99958,0.98713,0.0,0.0,nan,0.0,0.00907,0.02988,26.46909,1.81269,0.23647,0.52643,0.6324,0.6199,0.55166,0.6324
5.07499,48.93448,10.00421,0.03095,0.00117,0.99952,0.98855,0.0,0.0,nan,0.0,0.00905,0.03086,26.25528,3.22924,0.23651,0.52223,0.56854,0.60448,0.30967,0.56854
5.01343,51.00049,-8.77923,0.25291,0.05152,-0.96612,0.99692,0.0,0.0,nan,0.0,0.00903,0.04585,4.59008,1.81295,0.22365,0.30579,0.38102,0.92455,0.55159,0.38102
4.93969,50.95392,9.20271,0.00538,0.14425,0.98953,0.95765,0.0,0.0,nan,0.0,0.00546,0.04252,43.40245,1.70339,0.24624,0.7684,0.88189,0.30248,0.58706,0.88189
4.08823,50.11732,10.0551,0.04362,0.11772,0.99209,0.986,0.0,0.0,nan,0.0,0.00866,0.02164,24.65518,2.74036,0.23362,0.525,0.36227,0.82414,0.36492,0.36227
5.00453,52.9739,-8.78072,0.27083,0.00928,-0.96258,0.99702,0.00196,0.00978,0.51,1.0,0.0097,0.05557,4.8474,1.74246,0.23212,0.32846,0.50565,0.75101,0.5739,0.50565
4.96182,52.99015,9.17964,0.03796,-0.03715,0.99859,0.96805,0.0,0.0,nan,0.0,0.00543,0.02944,37.03951,2.4081,0.2331,0.65967,0.87762,0.49851,0.41527,0.87762
5.00532,55.00729,-8.76718,0.25005,0.09489,-0.96357,0.99631,0.0,0.0,nan,0.0,0.00476,0.0596,4.44499,1.84886,0.22265,0.21429,0.43789,0.54089,0.54087,0.43789
4.93921,55.00636,9.70647,0.05296,0.07104,0.99607,0.98111,0.0,0.0,nan,0.0,0.01631,0.05032,43.26135,1.94733,0.2353,0.72283,0.77191,0.5046,0.51352,0.77191
4.94763,57.01798,-8.40172,0.2079,0.22809,-0.95119,0.9962,0.0,0.0,nan,0.0,0.01355,0.10189,4.03847,2.55982,0.21621,0.20696,0.30636,0.96072,0.39065,0.30636
5.91605,57.90908,-7.99115,0.20178,0.27147,-0.94106,0.99631,0.0,0.0,nan,0.0,0.01016,0.09856,5.43481,1.90787,0.22603,0.18929,0.72828,0.74486,0.52414,0.72828
4.95679,57.05318,9.10215,-0.00906,0.15322,0.98815,0.98815,0.0,0.0,nan,0.0,0.00977,0.0262,33.54362,1.88811,0.22732,0.4685,0.68078,0.84326,0.52963,0.68078
4.6202,58.32874,-8.11974,0.162,0.35174,-0.92197,0.99447,0.0,0.0,nan,0.0,0.00428,0.07745,6.93277,1.70262,0.23339,0.44661,0.88084,0.27399,0.58733,0.88084
5.09696,59.21529,-7.70367,0.13694,0.449,-0.88298,0.98182,0.0,0.0,nan,0.0,0.00464,0.07278,8.06888,2.81807,0.22886,0.50691,0.92457,0.35594,0.35485,0.92457
5.01965,58.97096,8.95587,-0.06669,-0.09373,0.99336,0.98998,0.0,0.0,nan,0.0,0.00871,0.02636,27.44755,2.08444,0.23522,0.48598,0.56709,0.72909,0.47974,0.56709
4.9748,60.56327,-6.72267,0.05351,0.74272,-0.66746,0.95051,0.0,0.0,nan,0.0,0.01324,0.0569,9.23024,1.69388,0.23721,0.38526,0.47873,0.73494,0.59036,0.47873
4.94924,61.31624,-4.97319,-0.00812,0.94037,-0.34006,0.95877,0.0,0.0,nan,0.0,0.01173,0.04118,10.41952,2.02495,0.23165,0.49116,0.65991,0.69109,0.49384,0.65991
4.97169,61.73526,-3.23931,-0.00524,0.97994,-0.19924,0.90767,0.0,0.0,nan,0.0,0.00353,0.0301,7.82084,1.73292,0.2367,0.28898,0.83541,0.70157,0.57706,0.83541
5.57499,61.98987,-1.96307,-0.01883,0.98335,-0.18074,0.88798,0.0,0.0,nan,0.0,0.00253,0.04264,6.36664,2.06312,0.22885,0.19894,0.4186,0.39251,0.4847,0.4186
4.94795,61.13614,9.44916,-0.089,0.28276,0.95505,0.84005,0.0,0.0,nan,0.0,0.00778,0.0887,35.04022,1.82225,0.24632,0.79221,0.92899,0.27409,0.54877,0.92899
4.15939,62.00959,-2.04522,0.02259,0.98293,-0.18256,0.92328,0.0,0.0,nan,0.0,0.00703,0.0372,7.84784,1.68179,0.22641,0.35187,0.71337,0.6737,0.59461,0.71337
5.01965,62.16387,-0.90147,0.0045,0.98819,-0.15319,0.89115,0.0,0.0,nan,0.0,0.01802,0.08334,5.19476,1.6479,0.25348,0.46143,0.74531,0.64891,0.60683,0.74531
4.93465,62.41761,1.07103,-0.01504,0.99708,-0.0749,0.92409,0.0,0.0,nan,0.0,0.00864,0.07091,4.42922,1.81269,0.24595,0.22517,0.63852,0.78588,0.55166,0.63852
4.92105,62.53354,2.94325,-0.05568,0.99834,-0.01499,0.96061,0.0,0.0,nan,0.0,0.00487,0.03383,4.69934,2.00908,0.23797,0.25253,0.62666,0.81333,0.49774,0.62666
4.83807,62.54707,5.11535,-0.09041,0.99589,-0.00474,0.98611,0.0,0.0,nan,0.0,0.00613,0.03421,4.28237,1.70466,0.23162,0.39163,0.79241,0.7764,0.58663,0.79241
5.02212,62.61313,7.05538,-0.12848,0.9745,0.18395,0.96305,0.0,0.0,nan,0.0,0.01007,0.06845,7.11596,2.10536,0.23414,0.69536,0.85096,0.40024,0.47498,0.85096
5.10116,62.31527,8.41336,-0.12869,0.82969,0.54319,0.89125,0.0,0.0,nan,0.0,0.01058,0.06267,9.61805,3.20352,0.2358,0.56906,0.68634,0.35844,0.31216,0.68634
6.99548,1.68133,-2.68316,0.03239,-0.94868,-0.31457,0.99284,0.15956,0.15956,0.7,0.488,0.02801,0.10285,8.64733,1.97934,0.23713,0.33598,0.64502,0.9979,0.50522,0.64502
6.92475,1.34866,-1.06641,0.01778,-0.99286,-0.11796,0.99518,0.11683,0.11683,0.51,0.52787,0.02903,0.12639,9.15883,1.90543,0.23298,0.3816,0.8333,1.0,0.52482,0.8333
7.00824,1.35507,0.93888,0.01817,-0.99978,0.0109,0.99406,0.0,0.0,nan,0.0,0.02287,0.19669,8.75247,2.74391,0.22881,0.36525,0.94027,1.0,0.36444,0.94027
7.01424,1.39908,2.91388,0.02432,-0.99708,0.07244,0.98876,0.0,0.0,nan,0.0,0.05019,0.20287,7.99147,2.20407,0.23966,0.3261,0.76531,0.99733,0.45371,0.76531
7.01116,1.6669,5.05155,0.00878,-0.99285,0.11905,0.99008,0.0,0.0,nan,0.0,0.03214,0.15815,8.66943,2.5709,0.2248,0.40362,0.85545,0.93523,0.38897,0.85545
7.04868,1.90448,6.97721,-0.02016,-0.98759,0.15574,0.99059,0.00091,0.00454,0.51,1.0,0.01993,0.08004,8.81692,2.09506,0.21431,0.449,0.56762,0.68032,0.47731,0.56762
7.6637,1.99387,8.05631,-0.04638,-0.95055,0.3071,0.97142,0.00307,0.01535,0.51,1.0,0.01745,0.0976,11.10574,2.52523,0.2308,0.36252,0.40825,0.58208,0.396,0.40825
6.46578,3.90241,-6.11481,0.17483,-0.62094,-0.76411,0.98498,0.0,0.0,nan,0.0,0.01481,0.07614,16.46134,2.07547,0.22183,0.29189,0.35149,0.74735,0.48182,0.35149
6.97188,3.00095,-5.06327,0.14454,-0.76301,-0.63001,0.9907,0.00637,0.03184,0.6,1.0,0.01502,0.09764,13.48592,1.94498,0.22933,0.28842,0.61394,0.61259,0.51414,0.61394
6.98619,2.18978,-3.65482,0.06386,-0.89264,-0.44622,0.99631,0.10855,0.10855,0.7,0.73623,0.01578,0.08116,9.04593,2.18912,0.22575,0.26104,0.49189,0.90922,0.4568,0.49189
6.45448,2.00035,7.91888,-0.03432,-0.95188,0.30454,0.97652,0.0,0.0,nan,0.0,0.01666,0.09427,9.72107,2.27581,0.22087,0.39853,0.52286,0.53459,0.4394,0.52286
6.96834,2.43724,9.23985,-0.06779,-0.78335,0.61787,0.88023,0.0,0.0,nan,0.0,0.00395,0.06603,20.96232,2.39809,0.20992,0.42103,0.86366,0.24488,0.417,0.86366
7.11252,3.33529,10.09011,-0.05434,-0.40702,0.9118,0.8989,0.0,0.0,nan,0.0,0.00539,0.01976,24.17551,1.65517,0.23922,0.50403,0.4144,0.58602,0.60417,0.4144
6.98291,4.87846,-6.6698,0.23893,-0.45008,-0.86043,0.98437,0.0,0.0,nan,0.0,0.01015,0.07073,14.10362,1.70105,0.22405,0.27246,0.50935,0.60151,0.58787,0.50935
7.66122,4.01213,-5.98419,0.28039,-0.56254,-0.77777,0.97621,0.0,0.0,nan,0.0,0.00672,0.05159,13.99037,1.94209,0.22494,0.27558,0.48966,0.54043,0.51491,0.48966
7.17694,5.06951,9.42899,0.02194,0.02722,0.99939,0.93154,0.0,0.0,nan,0.0,0.01032,0.02552,30.62824,1.81269,0.24852,0.61983,0.43493,0.69479,0.55166,0.43493
6.1779,4.64393,10.06538,0.0323,-0.09948,0.99452,0.95653,0.0,0.0,nan,0.0,0.00757,0.01933,23.72715,3.07183,0.24186,0.57559,0.38218,0.73748,0.32554,0.38218
6.97842,7.07818,-7.37417,0.26113,-0.03459,-0.96468,0.96958,0.0,0.0,nan,0.0,0.01099,0.03665,10.65251,2.52585,0.23156,0.40592,0.46562,0.87772,0.39591,0.46562
6.84597,7.05596,9.32677,0.10556,-0.08923,0.9904,0.8785,0.0,0.0,nan,0.0,0.00577,0.01325,23.28634,1.72736,0.24611,0.52091,0.27879,0.90782,0.57892,0.27879
6.30535,6.9088,10.28372,0.12371,-0.05888,0.99057,0.99243,0.0,0.0,nan,0.0,0.00577,0.0166,23.57988,3.38125,0.24474,0.52519,0.38303,0.71758,0.29575,0.38303
6.98509,8.95127,-6.82815,0.31818,0.24619,-0.91551,0.99641,0.0,0.0,nan,0.0,0.01371,0.05208,12.35858,1.6479,0.23714,0.44831,0.42664,0.68236,0.60683,0.42664
6.6646,8.17296,9.81471,0.07586,-0.15422,0.98512,0.96091,0.0,0.0,nan,0.0,0.00326,0.01231,19.23386,3.22836,0.23659,0.47385,0.29994,0.617,0.30975,0.29994
7.03029,8.87296,10.61253,0.03626,-0.14724,0.98844,0.97529,0.0,0.0,nan,0.0,0.00402,0.01465,18.06068,3.09093,0.23469,0.53709,0.3929,0.5674,0.32353,0.3929
6.8727,10.90011,-6.37041,0.42036,0.21468,-0.88159,0.99702,0.0,0.0,nan,0.0,0.01725,0.04942,12.44369,1.6479,0.23567,0.43408,0.64471,0.93316,0.60683,0.64471
7.75376,11.34363,-5.79554,0.48241,0.25147,-0.83907,0.99722,0.0,0.0,nan,0.0,0.01169,0.03372,10.99894,1.81389,0.23166,0.41106,0.4569,0.99674,0.5513,0.4569
6.99429,11.02962,10.37004,0.02518,0.10919,0.9937,0.98101,0.0,0.0,nan,0.0,0.01824,0.08446,13.06482,1.8575,0.24046,0.71958,0.79997,0.41201,0.53836,0.79997
6.49873,12.78684,-6.32026,0.49536,0.23944,-0.83504,0.99518,0.0,0.0,nan,0.0,0.01305,0.04432,11.18507,1.83084,0.22601,0.34724,0.44183,1.0,0.5462,0.44183
7.36509,13.20325,-5.53574,0.53226,0.29945,-0.79185,0.99661,0.0,0.0,nan,0.0,0.02306,0.06349,11.12498,2.05459,0.23311,0.43563,0.44001,0.98357,0.48671,0.44001
7.05091,13.35114,9.82818,0.06666,0.0118,0.99771,0.98305,0.0,0.0,nan,0.0,0.01788,0.12126,19.85719,2.72959,0.23211,0.73063,0.85313,0.33166,0.36636,0.85313
6.98731,12.93177,10.06248,0.05788,0.04548,0.99729,0.98274,0.0,0.0,nan,0.0,0.02173,0.07616,18.98064,1.77854,0.23374,0.6515,0.69097,0.48401,0.56226,0.69097
6.04771,14.07312,-6.02201,0.51714,0.27133,-0.81176,0.99722,0.0,0.0,nan,0.0,0.0152,0.04834,12.3661,2.05141,0.22012,0.40909,0.63692,0.89319,0.48747,0.63692
7.03465,14.96208,-4.9176,0.5681,0.20994,-0.79573,0.99284,0.0,0.0,nan,0.0,0.01594,0.05831,13.95197,1.68968,0.23689,0.39775,0.68965,0.78572,0.59183,0.68965
7.93922,15.47038,-3.94659,0.5125,0.09879,-0.85299,0.96744,0.0,0.0,nan,0.0,0.00648,0.03602,20.08748,1.92393,0.23121,0.37432,0.44663,0.52815,0.51977,0.44663
7.00341,14.9753,10.16575,0.05302,-0.05179,0.99725,0.99569,0.0,0.0,nan,0.0,0.01159,0.04288,14.75873,1.726,0.22504,0.71846,0.73958,0.42702,0.57938,0.73958
6.90976,17.02209,-4.87175,0.52815,-0.03344,-0.84849,0.99722,0.0,0.0,nan,0.0,0.01987,0.06699,17.1552,1.74774,0.22489,0.4392,0.37812,0.7542,0.57217,0.37812
7.98971,16.02303,-3.97188,0.49984,0.01463,-0.86599,0.97856,0.0,0.0,nan,0.0,0.00722,0.03485,19.96879,2.07617,0.22997,0.39207,0.44294,0.58119,0.48166,0.44294
6.96063,17.05461,10.24034,0.0599,0.00287,0.9982,0.99447,0.0,0.0,nan,0.0,0.01378,0.12757,7.24278,1.85973,0.22801,0.80978,0.85035,0.2508,0.53771,0.85035
6.95592,18.99577,-4.9264,0.4704,-0.00869,-0.88241,0.99722,0.0,0.0,nan,0.0,0.01374,0.0633,15.83255,1.68247,0.22594,0.40317,0.45592,0.60662,0.59436,0.45592
6.91478,19.84191,9.86768,0.07843,-0.01751,0.99677,0.98713,0.0,0.0,nan,0.0,0.00176,0.01658,13.97273,1.84704,0.23107,0.70212,0.96399,0.54732,0.54141,0.96399
6.9735,18.87927,10.25082,0.06785,0.0234,0.99742,0.99304,0.0,0.0,nan,0.0,0.00232,0.0149,13.33151,1.81269,0.22453,0.70426,0.91427,0.53569,0.55166,0.91427
6.96167,20.97924,-4.85703,0.38359,0.03671,-0.92277,0.99325,0.0,0.0,nan,0.0,0.01144,0.04911,13.27989,1.78268,0.23253,0.26795,0.28364,1.0,0.56095,0.28364
7.30168,20.17173,9.854,0.08418,-0.03282,0.99591,0.98978,0.0,0.0,nan,0.0,0.00217,0.01725,13.9544,1.81269,0.23508,0.70503,0.9476,0.55545,0.55166,0.9476
6.9592,21.02617,10.27606,0.08292,-0.0793,0.9934,0.98988,0.0,0.0,nan,0.0,0.00255,0.01703,14.57484,1.87795,0.2232,0.80205,0.92467,0.48214,0.53249,0.92467
6.94674,22.99526,-4.583,0.24941,0.0007,-0.9684,0.97417,0.0,0.0,nan,0.0,0.00901,0.03448,12.77929,1.88181,0.23097,0.31356,0.60905,0.96394,0.5314,0.60905
6.91581,23.04156,10.44344,0.04572,-0.0106,0.9989,0.98906,0.0,0.0,nan,0.0,0.00663,0.04292,10.98386,1.6479,0.23456,0.74662,0.8518,0.36255,0.60683,0.8518
6.9623,24.95546,-4.73953,0.16181,-0.14162,-0.97661,0.97642,0.0,0.0,nan,0.0,0.0069,0.02444,11.5381,2.15553,0.22869,0.35041,0.51924,0.94546,0.46392,0.51924
6.97852,24.95415,10.19792,0.01456,0.01078,0.99984,0.99131,0.0,0.0,nan,0.0,0.00692,0.02394,14.54837,1.81269,0.23809,0.52002,0.5169,0.63177,0.55166,0.5169
6.95983,26.99191,-5.34989,0.10002,-0.19351,-0.97599,0.99447,0.0,0.0,nan,0.0,0.01713,0.04111,9.66786,1.90439,0.23087,0.51628,0.59062,0.97438,0.5251,0.59062
6.16542,27.85971,9.94576,-0.06073,0.07535,0.99531,0.99131,0.0,0.0,nan,0.0,0.01425,0.04832,33.63553,1.88223,0.23153,0.61752,0.57916,0.50596,0.53128,0.57916
6.94425,26.96817,10.41016,-0.06036,0.06042,0.99635,0.99355,0.0,0.0,nan,0.0,0.01243,0.03125,19.92432,1.6479,0.23515,0.54543,0.462,0.80217,0.60683,0.462
7.67274,29.8362,-6.08104,0.0622,-0.141,-0.98805,0.9961,0.0,0.0,nan,0.0,0.00707,0.02334,11.21768,1.67785,0.23023,0.35711,0.36155,1.0,0.596,0.36155
6.93024,28.96116,-5.67248,0.07326,-0.15921,-0.98452,0.99682,0.0,0.0,nan,0.0,0.00944,0.02888,10.43878,1.71726,0.23209,0.38936,0.74338,1.0,0.58232,0.74338
6.4036,28.93021,9.91717,-0.08712,0.00379,0.99619,0.99059,0.0,0.0,nan,0.0,0.01753,0.04478,37.22415,1.66911,0.22947,0.65355,0.47469,0.63101,0.59912,0.47469
7.36358,28.98135,10.30155,-0.11161,0.01986,0.99355,0.99396,0.0,0.0,nan,0.0,0.01756,0.05361,30.35559,1.87989,0.22677,0.63924,0.70123,0.54619,0.53194,0.70123
7.26131,31.20282,-6.21413,0.06549,-0.12875,-0.98951,0.99692,0.0,0.0,nan,0.0,0.00826,0.02778,10.7513,1.6479,0.23794,0.44433,0.66419,0.79398,0.60683,0.66419
6.49075,30.5824,-5.89775,0.06899,-0.12996,-0.98912,0.99702,0.0,0.0,nan,0.0,0.00955,0.0282,10.26949,1.68319,0.23716,0.44496,0.69374,0.90932,0.59411,0.69374
6.45958,30.31959,9.7286,-0.05977,-0.11085,0.99204,0.97264,0.0,0.0,nan,0.0,0.0152,0.0368,30.31,2.014,0.23198,0.58484,0.71804,0.75296,0.49652,0.71804
7.07509,30.89808,10.27064,-0.02346,-0.08601,0.99602,0.99121,0.0,0.0,nan,0.0,0.01913,0.04522,29.8562,1.6479,0.23909,0.66309,0.58111,0.68087,0.60683,0.58111
7.00488,32.98305,-6.31677,0.09735,-0.18352,-0.97818,0.99406,0.0,0.0,nan,0.0,0.01624,0.0468,11.43218,1.93226,0.23392,0.55383,0.62829,0.7362,0.51753,0.62829
6.03487,33.95375,9.98331,-0.03087,0.13679,0.99012,0.99355,0.0,0.0,nan,0.0,0.01729,0.04603,24.1076,1.74773,0.22126,0.57305,0.613,0.70984,0.57217,0.613
6.91997,32.96981,10.52097,0.01866,0.04792,0.99868,0.98203,0.0,0.0,nan,0.0,0.02014,0.05464,25.61716,2.1607,0.22819,0.72793,0.51278,0.54584,0.46281,0.51278
7.01421,35.08025,-6.65396,0.18828,-0.22464,-0.95608,0.99059,0.0,0.0,nan,0.0,0.01114,0.04081,18.67065,1.8043,0.23443,0.45599,0.74567,0.66294,0.55423,0.74567
6.25625,35.24862,9.82307,0.00383,0.00696,0.99997,0.97897,0.0,0.0,nan,0.0,0.01216,0.02503,29.00724,2.38308,0.22697,0.63725,0.65477,0.81479,0.41962,0.65477
7.24984,34.94914,10.37928,0.02677,0.07008,0.99718,0.99447,0.0,0.0,nan,0.0,0.01206,0.02796,29.64123,2.00323,0.22822,0.60137,0.60483,0.76588,0.49919,0.60483
6.99476,37.02217,-7.08293,0.26391,-0.17321,-0.94887,0.99304,0.0,0.0,nan,0.0,0.00958,0.04375,20.16647,2.67589,0.24068,0.48315,0.8392,0.69688,0.37371,0.8392
6.50699,36.49665,9.60978,0.06506,-0.12163,0.99044,0.95999,0.0,0.0,nan,0.0,0.00721,0.0182,23.77168,1.86479,0.22803,0.49014,0.45985,0.8767,0.53625,0.45985
7.07097,37.05044,10.41456,0.06851,-0.14029,0.98774,0.99427,0.0,0.0,nan,0.0,0.005,0.01357,21.91201,1.6479,0.23562,0.47962,0.41917,0.83813,0.60683,0.41917
6.2726,39.46974,-8.16319,0.50449,-0.21809,-0.83542,0.99702,0.0,0.0,nan,0.0,0.01016,0.03314,20.54615,1.6479,0.23024,0.61594,0.83123,0.73811,0.60683,0.83123
7.11764,38.88178,-7.45288,0.35839,-0.15293,-0.92096,0.99386,0.0,0.0,nan,0.0,0.0144,0.03806,19.80721,1.81893,0.22431,0.46599,0.56683,0.89386,0.54977,0.56683
6.7364,39.75775,9.919,0.02705,0.10456,0.99415,0.98845,0.0,0.0,nan,0.0,0.00902,0.03101,35.21726,1.90592,0.23397,0.68196,0.51013,0.45055,0.52468,0.51013
6.9624,38.97947,10.31429,0.04934,0.04214,0.99789,0.98753,0.0,0.0,nan,0.0,0.0121,0.03216,29.58284,1.6794,0.2476,0.61341,0.5316,0.65474,0.59545,0.5316
6.37071,41.25751,-8.11805,0.4908,-0.24242,-0.83687,0.9907,0.0,0.0,nan,0.0,0.01317,0.02765,18.53613,1.88911,0.23057,0.61601,0.59551,0.85656,0.52935,0.59551
7.30464,40.87229,-7.60991,0.42613,-0.25098,-0.86915,0.98774,0.0,0.0,nan,0.0,0.01335,0.03411,17.91671,1.88178,0.22193,0.46321,0.52225,0.93957,0.53141,0.52225
7.10827,41.15326,9.54731,0.05949,0.01978,0.99803,0.95571,0.0,0.0,nan,0.0,0.00922,0.02327,36.83691,1.81269,0.23789,0.66061,0.5111,0.63196,0.55166,0.5111
6.45515,40.88239,10.00416,-0.00902,0.04664,0.99887,0.99355,0.0,0.0,nan,0.0,0.01064,0.02984,34.82522,1.81269,0.23213,0.62868,0.53599,0.59953,0.55166,0.53599
6.89048,42.9453,-8.78673,0.37201,-0.23335,-0.89842,0.99325,0.0,0.0,nan,0.0,0.00589,0.02708,14.91992,1.85013,0.23227,0.52137,0.53882,0.4731,0.5405,0.53882
7.88926,42.16805,-7.94359,0.38405,-0.31376,-0.86836,0.9962,0.0,0.0,nan,0.0,0.01315,0.02866,16.48479,1.86209,0.23571,0.54815,0.50326,0.93843,0.53703,0.50326
6.68479,42.13911,9.83465,0.01973,-0.0461,0.99874,0.98417,0.0,0.0,nan,0.0,0.01257,0.03172,31.20659,1.6479,0.24144,0.62458,0.3471,0.67523,0.60683,0.3471
6.96389,43.09047,10.24621,0.0622,-0.00398,0.99806,0.99692,0.0,0.0,nan,0.0,0.01015,0.02742,32.95078,1.71111,0.23371,0.62788,0.55752,0.62562,0.58442,0.55752
6.95112,45.00418,-9.03129,0.21929,-0.01205,-0.97558,0.98886,0.0,0.0,nan,0.0,0.00491,0.03326,7.727,2.90042,0.23368,0.62719,0.73364,0.29623,0.34478,0.73364
6.96021,45.35876,9.57081,0.06083,0.19416,0.97908,0.98968,0.0,0.0,nan,0.0,0.01158,0.03238,33.37146,1.72551,0.22829,0.52773,0.65699,0.71823,0.57954,0.65699
6.97721,44.71386,10.31152,0.06463,0.16148,0.98476,0.98753,0.0,0.0,nan,0.0,0.01553,0.04363,30.66545,2.54905,0.22903,0.58737,0.42138,0.64561,0.3923,0.42138
7.0158,46.9784,-8.78543,0.1927,0.11375,-0.97464,0.99498,0.0,0.0,nan,0.0,0.00748,0.04917,3.12329,2.20585,0.21676,0.24956,0.30254,1.0,0.45334,0.30254
6.98017,46.92582,9.50413,0.06297,0.0675,0.99573,0.97968,0.0,0.0,nan,0.0,0.01475,0.03362,34.6482,1.6479,0.23075,0.50175,0.50106,0.92467,0.60683,0.50106
6.04921,46.02435,10.00106,0.02668,0.17549,0.98412,0.99161,0.0,0.0,nan,0.0,0.01315,0.03447,36.31046,2.19727,0.21795,0.5083,0.6369,0.79215,0.45511,0.6369
7.00286,49.00812,-8.55328,0.19788,0.12827,-0.9718,0.99692,0.0,0.0,nan,0.0,0.01191,0.06366,3.84874,1.92342,0.22332,0.39727,0.49035,0.71595,0.51991,0.49035
7.06928,48.36784,9.86166,0.04914,-0.0785,0.9957,0.99427,0.0,0.0,nan,0.0,0.00807,0.02845,27.12549,2.0073,0.22807,0.44059,0.36652,0.69156,0.49818,0.36652
6.95814,49.31651,10.11626,-0.01135,-0.07958,0.99676,0.97489,0.0,0.0,nan,0.0,0.00876,0.03948,22.46183,1.89344,0.23321,0.46245,0.37194,0.52239,0.52814,0.37194
6.94131,50.99771,-8.26759,0.21147,0.08137,-0.97399,0.99641,0.00237,0.01187,0.6,1.0,0.01691,0.06725,4.56617,1.88718,0.22569,0.42128,0.45581,0.85808,0.52989,0.45581
7.98396,51.92607,-7.9977,0.2008,0.06569,-0.97743,0.99671,0.42355,0.42355,0.6,0.64457,0.01335,0.08038,5.02611,1.79733,0.22546,0.32862,0.28595,0.70647,0.55638,0.28595
6.465,51.29796,9.8267,-0.1611,0.10347,0.9815,0.99059,0.0,0.0,nan,0.0,0.01199,0.04848,37.97885,1.74686,0.23179,0.72872,0.69814,0.35719,0.57245,0.69814
7.3787,50.83752,10.08136,-0.12664,0.03647,0.99128,0.9806,0.0,0.0,nan,0.0,0.00453,0.06779,14.81853,1.93269,0.22448,0.70098,0.94894,0.29778,0.51741,0.94894
6.87637,53.01786,-8.20611,0.24835,0.02206,-0.96842,0.99631,0.0416,0.208,0.6,1.0,0.01775,0.07298,5.27672,1.6479,0.22849,0.36077,0.46998,0.9296,0.60683,0.46998
7.89578,52.96157,-7.97447,0.22287,0.04248,-0.97392,0.99712,0.07071,0.35355,0.6,1.0,0.01322,0.08159,5.28399,1.72216,0.21846,0.27079,0.38169,0.82504,0.58067,0.38169
6.85059,53.15674,9.87174,-0.12956,0.09588,0.98693,0.98427,0.0,0.0,nan,0.0,0.01839,0.0674,45.81157,1.89688,0.23209,0.70281,0.53401,0.40512,0.52718,0.53401
7.69486,52.53103,10.07039,-0.10761,0.11748,0.98723,0.97682,0.0,0.0,nan,0.0,0.01382,0.06606,32.10328,2.07147,0.23017,0.67388,0.61761,0.32983,0.48275,0.61761
6.86169,54.92443,-8.21976,0.25927,0.07324,-0.96302,0.99722,0.03283,0.16416,0.6,1.0,0.00921,0.05668,5.13225,1.69035,0.22162,0.27133,0.32746,0.83184,0.5916,0.32746
7.74382,55.40818,-7.95029,0.25404,0.09806,-0.96221,0.99722,0.1924,0.1924,0.6,0.64628,0.01325,0.0736,4.97962,1.90696,0.21572,0.28667,0.32941,0.8799,0.5244,0.32941
7.10035,55.1271,9.64125,0.02196,0.14753,0.98881,0.98866,0.0,0.0,nan,0.0,0.01314,0.03663,35.92505,2.71306,0.22977,0.61504,0.69545,0.61552,0.36859,0.69545
6.45116,56.66232,-8.13091,0.23888,0.17347,-0.95543,0.99722,0.0,0.0,nan,0.0,0.0083,0.07942,4.97519,2.09945,0.21128,0.18287,0.42899,0.80096,0.47632,0.42899
7.25085,57.17548,-7.81883,0.23487,0.18982,-0.95331,0.99661,0.0,0.0,nan,0.0,0.0082,0.07746,4.91635,1.94827,0.20412,0.19194,0.46709,0.77618,0.51328,0.46709
6.93733,57.01878,9.20807,-0.01195,0.06258,0.99797,0.99406,0.0,0.0,nan,0.0,0.01352,0.03185,37.96313,2.05683,0.22343,0.57958,0.60469,0.77119,0.48619,0.60469
7.01855,59.02021,-7.44903,0.17864,0.35456,-0.91781,0.98641,0.0,0.0,nan,0.0,0.0114,0.07832,7.00805,1.92267,0.23703,0.36816,0.736,0.50838,0.52011,0.736
6.91304,58.96453,9.24938,-0.07191,-0.11752,0.99046,0.99671,0.0,0.0,nan,0.0,0.01034,0.02771,26.4105,1.86215,0.22433,0.54925,0.49487,0.73071,0.53701,0.49487
6.95023,60.62799,-6.62189,0.079,0.66632,-0.74147,0.93929,0.0,0.0,nan,0.0,0.0115,0.07185,8.01405,1.68341,0.24125,0.3064,0.43742,0.65284,0.59403,0.43742
7.0999,61.50202,-5.06304,-0.03056,0.91603,-0.39994,0.95571,0.0,0.0,nan,0.0,0.0122,0.04496,7.31409,2.22496,0.23153,0.52132,0.47169,0.6628,0.44945,0.47169
6.85216,61.86477,-3.03456,-0.08164,0.98143,-0.17357,0.90849,0.0,0.0,nan,0.0,0.00851,0.05088,5.88455,1.96846,0.23464,0.47457,0.65161,0.4724,0.50801,0.65161
6.31371,61.98748,-1.94507,-0.04643,0.98376,-0.17337,0.89135,0.0,0.0,nan,0.0,0.00215,0.04662,5.66906,1.6479,0.24284,0.22685,0.74952,0.2745,0.60683,0.74952
7.00415,61.0248,9.67448,-0.07068,0.20375,0.97647,0.86218,0.0,0.0,nan,0.0,0.00466,0.04219,18.88702,1.73493,0.22906,0.33787,0.55174,0.36142,0.57639,0.55174
7.60358,62.03246,-2.20344,-0.09038,0.98457,-0.14985,0.90206,0.0,0.0,nan,0.0,0.01524,0.07679,4.09928,1.9018,0.23296,0.40351,0.58547,0.73168,0.52582,0.58547
6.88365,62.17064,-1.00238,-0.05496,0.9868,-0.15231,0.8836,0.0,0.0,nan,0.0,0.01298,0.07765,4.33816,1.6479,0.23833,0.25021,0.59076,0.97633,0.60683,0.59076
6.99001,62.48926,0.90365,-0.05935,0.99187,-0.11259,0.90328,0.0,0.0,nan,0.0,0.00571,0.03672,4.12386,2.03513,0.24188,0.29897,0.63506,0.77299,0.49137,0.63506
6.99537,62.69944,3.06889,-0.08901,0.99464,-0.05259,0.93552,0.0,0.0,nan,0.0,0.00483,0.03252,3.14148,2.52744,0.2341,0.32253,0.44488,0.75335,0.39566,0.44488
7.1711,62.747,4.97926,-0.1121,0.99316,-0.03259,0.97825,0.0,0.0,nan,0.0,0.00532,0.02707,3.56564,1.85631,0.225,0.40376,0.42278,0.75927,0.5387,0.42278
6.96045,62.78128,6.97994,-0.11854,0.98195,0.14741,0.97295,0.0,0.0,nan,0.0,0.00976,0.04989,6.67962,2.1961,0.23453,0.67413,0.62656,0.37691,0.45535,0.62656
7.01318,62.50961,8.61965,-0.11019,0.79038,0.60263,0.88156,0.0,0.0,nan,0.0,0.01107,0.08992,8.44518,2.08105,0.22988,0.48644,0.87291,0.51574,0.48053,0.87291
8.99128,1.74437,-2.65959,0.04341,-0.93244,-0.3587,0.98468,0.01744,0.0872,0.7,1.0,0.02329,0.08058,7.69662,2.06963,0.22829,0.38457,0.42476,0.9469,0.48318,0.42476
9.00366,1.39902,-1.01258,0.01665,-0.99338,-0.11363,0.99539,0.0,0.0,nan,0.0,0.04082,0.13785,7.64636,2.86383,0.23521,0.39782,0.75617,0.95803,0.34918,0.75617
8.9612,1.44448,1.00455,0.04375,-0.99832,0.03803,0.99641,0.00039,0.00196,0.51,1.0,0.04606,0.18207,8.62085,3.34934,0.23241,0.366,0.79637,1.0,0.29857,0.79637
9.06139,1.55448,3.01629,0.06578,-0.99484,0.07721,0.99019,0.0,0.0,nan,0.0,0.04349,0.14769,8.92711,2.37827,0.23722,0.36044,0.71403,1.0,0.42047,0.71403
9.01078,1.75856,5.04901,0.037,-0.99655,0.07436,0.9856,0.0207,0.10351,0.51,1.0,0.03374,0.15048,10.3988,2.03991,0.22972,0.4455,0.8695,0.97178,0.49022,0.8695
8.98198,1.84274,6.97974,-0.00611,-0.99219,0.12457,0.9859,0.04624,0.23122,0.51,1.0,0.03026,0.10481,9.21174,2.01915,0.2247,0.51965,0.53661,0.67628,0.49526,0.53661
9.24664,1.95348,8.17356,-0.01563,-0.9636,0.26688,0.9807,0.0,0.0,nan,0.0,0.01623,0.09766,10.82716,2.00395,0.23543,0.38618,0.57489,0.50987,0.49901,0.57489
9.00904,3.14261,-4.82703,0.25157,-0.62604,-0.73809,0.9652,0.00943,0.04715,0.6,1.0,0.00412,0.0304,12.99759,2.32922,0.23476,0.32007,0.40026,0.48871,0.42933,0.40026
9.0207,2.15046,-3.68337,0.1066,-0.82783,-0.55076,0.96377,0.00095,0.00475,0.7,1.0,0.01731,0.10143,9.10308,1.69495,0.23416,0.39196,0.79039,0.60993,0.58999,0.79039
8.92633,2.35431,9.29324,-0.05659,-0.82377,0.5641,0.88054,0.0,0.0,nan,0.0,0.01323,0.07832,10.61037,2.18382,0.23309,0.40204,0.63866,0.49932,0.45791,0.63866
9.032,3.29913,10.55047,-0.0691,-0.37847,0.92303,0.83709,0.0,0.0,nan,0.0,0.01073,0.04405,19.14795,3.56572,0.24158,0.5892,0.55284,0.45661,0.28045,0.55284
8.44492,5.36919,-6.3435,0.41195,-0.33713,-0.84655,0.98855,0.0,0.0,nan,0.0,0.00522,0.04109,14.89473,2.39709,0.23495,0.29893,0.31109,0.48237,0.41717,0.31109
9.31174,4.90892,-5.41245,0.42973,-0.3602,-0.828,0.99427,0.0,0.0,nan,0.0,0.00577,0.0304,14.74717,2.26465,0.23054,0.35988,0.40301,0.59846,0.44157,0.40301
8.14982,5.58249,9.88611,-0.11701,0.08586,0.98941,0.96979,0.0,0.0,nan,0.0,0.01293,0.03339,35.24614,1.65905,0.24253,0.68535,0.51076,0.59715,0.60276,0.51076
8.92864,5.01748,10.57787,-0.12503,0.0293,0.99172,0.95387,0.0,0.0,nan,0.0,0.01894,0.06099,27.18103,1.76131,0.23489,0.69804,0.64206,0.47761,0.56776,0.64206
8.92801,7.05669,-6.61686,0.49234,-0.03331,-0.86977,0.95663,0.0,0.0,nan,0.0,0.0085,0.05346,13.14339,2.00153,0.23324,0.25204,0.50356,0.72686,0.49962,0.50356
9.73541,6.7726,-5.92526,0.54191,-0.07066,-0.83746,0.98488,0.0,0.0,nan,0.0,0.01123,0.06059,18.9111,2.39598,0.23673,0.34321,0.3862,0.59699,0.41736,0.3862
8.43362,7.1244,9.68629,-0.09875,-0.04742,0.99398,0.95102,0.0,0.0,nan,0.0,0.00667,0.0192,29.26959,3.25355,0.23682,0.58642,0.4746,0.63263,0.30736,0.4746
9.21385,7.00995,10.29639,-0.09889,0.00371,0.99509,0.99049,0.0,0.0,nan,0.0,0.00965,0.02855,29.46368,2.72574,0.23398,0.62359,0.63935,0.57905,0.36687,0.63935
8.66348,8.84157,-6.46121,0.46935,0.27156,-0.84022,0.98315,0.0,0.0,nan,0.0,0.01081,0.03103,12.08188,1.71278,0.24068,0.41595,0.4207,0.97657,0.58385,0.4207
9.46222,9.14365,-5.47662,0.50852,0.28961,-0.81088,0.99712,0.0,0.0,nan,0.0,0.01356,0.03575,14.5876,2.07965,0.21936,0.48526,0.44003,0.889,0.48085,0.44003
9.96953,8.01492,9.99457,0.03462,0.03253,0.99887,0.98753,0.0,0.0,nan,0.0,0.01009,0.02721,27.12336,1.6479,0.24514,0.50194,0.55958,0.7933,0.60683,0.55958
9.05039,8.866,10.58138,0.02445,-0.02141,0.99947,0.95867,0.0,0.0,nan,0.0,0.00864,0.02683,29.06866,1.66565,0.23682,0.55554,0.43752,0.6194,0.60037,0.43752
8.2406,10.14234,-6.12554,0.46336,0.29322,-0.83626,0.9961,0.0,0.0,nan,0.0,0.01481,0.03495,11.42455,1.66445,0.23524,0.49934,0.49317,0.99726,0.6008,0.49317
9.01613,10.99447,-5.09593,0.51101,0.2741,-0.8147,0.99722,0.0,0.0,nan,0.0,0.01071,0.0313,11.69717,2.04715,0.22429,0.43394,0.62412,0.92315,0.48848,0.62412
9.91492,11.26112,9.88099,0.21286,0.19637,0.95715,0.9909,0.0,0.0,nan,0.0,0.01049,0.04002,33.69146,1.90731,0.22501,0.55633,0.7857,0.56365,0.5243,0.7857
9.02624,10.9105,10.33676,0.20117,0.18008,0.96286,0.98233,0.0,0.0,nan,0.0,0.00848,0.04084,33.0809,1.81269,0.23358,0.58109,0.80403,0.45805,0.55166,0.80403
8.79557,12.92259,-4.62385,0.49905,0.32443,-0.80355,0.99722,0.0,0.0,nan,0.0,0.01153,0.0429,11.29286,2.01491,0.23658,0.4416,0.6335,0.71617,0.4963,0.6335
9.60992,13.5405,-3.84975,0.42725,0.28887,-0.85674,0.99478,0.0,0.0,nan,0.0,0.00631,0.04143,14.97606,1.6479,0.23361,0.44668,0.57944,0.38636,0.60683,0.57944
9.32274,13.34841,9.70106,0.18377,-0.06094,0.98108,0.99202,0.0,0.0,nan,0.0,0.01099,0.03696,33.17612,2.4416,0.22929,0.56271,0.52532,0.56019,0.40957,0.52532
8.81309,12.72353,10.14441,0.20127,0.03159,0.97903,0.99039,0.0,0.0,nan,0.0,0.01012,0.03883,32.71974,1.81269,0.23688,0.56869,0.69567,0.48607,0.55166,0.69567
8.27299,14.287,-4.18855,0.50447,0.26841,-0.82065,0.98437,0.0,0.0,nan,0.0,0.00718,0.04829,18.67155,1.74892,0.23537,0.39264,0.59671,0.41941,0.57178,0.59671
8.74703,14.94606,-3.20787,0.41691,0.14681,-0.89701,0.90787,0.0,0.0,nan,0.0,0.00794,0.0367,20.35953,1.94106,0.23019,0.41267,0.65781,0.57563,0.51518,0.65781
8.83433,14.55682,9.9717,0.11644,-0.10297,0.98785,0.99559,0.0,0.0,nan,0.0,0.0082,0.04786,30.48141,1.6479,0.23198,0.56353,0.61709,0.32398,0.60683,0.61709
8.98114,14.96737,10.12073,0.10169,-0.09023,0.99072,0.9908,0.0,0.0,nan,0.0,0.01169,0.06017,28.21912,1.87371,0.23144,0.52447,0.62304,0.39666,0.5337,0.62304
8.48189,17.31163,-4.19394,0.45091,-0.10927,-0.88586,0.99692,0.0,0.0,nan,0.0,0.01339,0.05799,17.86449,2.56347,0.23589,0.47676,0.39693,0.53844,0.3901,0.39693
9.17534,16.82935,-3.47219,0.37701,-0.08102,-0.92266,0.99355,0.0,0.0,nan,0.0,0.00798,0.03239,20.1825,2.87826,0.23396,0.52109,0.64,0.5193,0.34743,0.64
9.8892,17.5709,9.95926,0.18718,0.11065,0.97607,0.99651,0.0,0.0,nan,0.0,0.00274,0.01657,22.54391,2.07759,0.22718,0.49933,0.61214,0.36056,0.48133,0.61214
8.93308,16.98825,10.0926,0.15698,0.06237,0.98563,0.99437,0.0,0.0,nan,0.0,0.00358,0.02343,14.68591,3.17921,0.24372,0.53912,0.56196,0.32182,0.31454,0.56196
8.49049,19.03967,-4.18349,0.38694,-0.09584,-0.91711,0.99682,0.0,0.0,nan,0.0,0.00972,0.03439,16.00615,2.11176,0.22867,0.43219,0.48214,0.73609,0.47354,0.48214
9.38951,19.00173,-3.73476,0.36339,-0.1311,-0.92237,0.99641,0.0,0.0,nan,0.0,0.01191,0.03403,16.2503,2.89239,0.23001,0.49568,0.5282,0.79267,0.34573,0.5282
9.23985,19.82087,9.98793,0.20837,-0.07945,0.97482,0.9907,0.0,0.0,nan,0.0,0.00678,0.02297,21.28636,2.06693,0.23676,0.63426,0.49681,0.50891,0.48381,0.49681
8.94433,18.96359,10.12086,0.2041,0.00046,0.97895,0.99365,0.0,0.0,nan,0.0,0.0046,0.02133,22.17047,1.67005,0.24429,0.60171,0.33947,0.39105,0.59878,0.33947
8.95802,21.00857,-4.48851,0.26241,-0.12541,-0.95677,0.9958,0.0,0.0,nan,0.0,0.00906,0.02984,12.20144,2.19737,0.22626,0.40253,0.48463,0.87836,0.45509,0.48463
9.86496,20.51358,-3.99855,0.33675,-0.17587,-0.92502,0.99651,0.0,0.0,nan,0.0,0.01096,0.03037,14.12781,1.71931,0.23011,0.48213,0.52884,0.85463,0.58163,0.52884
9.07073,20.42772,9.7241,0.17295,-0.10909,0.97887,0.98896,0.0,0.0,nan,0.0,0.00779,0.02649,20.62483,1.6479,0.22991,0.61585,0.48239,0.52351,0.60683,0.48239
8.93956,21.2972,10.13605,0.10926,-0.11145,0.98775,0.98855,0.0,0.0,nan,0.0,0.01035,0.03413,15.5412,1.81269,0.2293,0.72487,0.52085,0.47233,0.55166,0.52085
8.98518,23.03588,-4.62224,0.11938,-0.13322,-0.98387,0.99549,0.0,0.0,nan,0.0,0.01168,0.03829,11.08748,1.88724,0.22658,0.47503,0.47712,0.75783,0.52987,0.47712
8.97426,23.03413,10.28236,0.06603,-0.05106,0.99651,0.99172,0.0,0.0,nan,0.0,0.0049,0.0362,9.08331,1.82856,0.24168,0.78593,0.87199,0.34477,0.54688,0.87199
9.01007,24.99756,-5.02177,0.04364,-0.1813,-0.98246,0.99682,0.0,0.0,nan,0.0,0.00913,0.03144,9.21806,2.0635,0.22589,0.42092,0.68538,0.83963,0.48461,0.68538
9.33969,25.33744,9.95348,0.0586,-0.04288,0.99736,0.99488,0.0,0.0,nan,0.0,0.00333,0.01578,11.4324,1.85007,0.25185,0.64122,0.86421,0.60942,0.54052,0.86421
8.9812,25.00245,10.20764,0.04905,-0.02936,0.99836,0.99376,0.0,0.0,nan,0.0,0.00244,0.01633,11.05906,1.67802,0.25217,0.58857,0.90405,0.59104,0.59594,0.90405
8.98034,26.96015,-5.39795,0.06209,-0.18537,-0.98071,0.99722,0.0,0.0,nan,0.0,0.0075,0.03084,9.44324,1.84899,0.23103,0.48553,0.78241,0.67748,0.54084,0.78241
9.02015,26.91294,10.48922,0.0189,-0.03209,0.99931,0.99386,0.0,0.0,nan,0.0,0.0094,0.02819,15.18168,2.07938,0.22807,0.54967,0.62884,0.68663,0.48091,0.62884
8.10422,29.87352,-6.06237,0.07365,-0.13541,-0.98805,0.996,0.0,0.0,nan,0.0,0.00862,0.02794,11.00521,1.95319,0.23389,0.36922,0.39596,0.98695,0.51198,0.39596
9.00549,29.02811,-5.70222,0.10963,-0.13752,-0.98441,0.99702,0.0,0.0,nan,0.0,0.0114,0.03351,9.25873,2.75366,0.2322,0.46637,0.64174,0.8873,0.36315,0.64174
9.66033,29.97033,9.96858,0.10762,0.08646,0.99043,0.99365,0.0,0.0,nan,0.0,0.00813,0.02383,23.11639,2.24916,0.22979,0.56233,0.78575,0.74472,0.44461,0.78575
8.9803,28.99218,10.51385,0.01549,0.0612,0.99801,0.97754,0.0,0.0,nan,0.0,0.02413,0.05472,22.08102,2.34852,0.23276,0.70039,0.58566,0.6866,0.4258,0.58566
8.4921,31.17057,-6.20202,0.12667,-0.11008,-0.98582,0.99376,0.0,0.0,nan,0.0,0.01416,0.03494,10.77569,1.69368,0.2369,0.48659,0.59615,0.98731,0.59043,0.59615
9.37953,30.8639,-5.78933,0.17025,-0.09138,-0.98116,0.99722,0.0,0.0,nan,0.0,0.00945,0.02791,11.04578,1.64917,0.22826,0.40179,0.41768,0.99492,0.60637,0.41768
9.65808,31.16512,9.70889,0.10531,0.0739,0.99169,0.97682,0.0,0.0,nan,0.0,0.00781,0.02661,26.04686,1.71101,0.2436,0.63185,0.42642,0.4998,0.58445,0.42642
8.75131,31.1486,10.08102,0.11307,0.04404,0.99261,0.99314,0.0,0.0,nan,0.0,0.00997,0.03536,29.50866,3.4606,0.24764,0.72128,0.38688,0.41762,0.28897,0.38688
8.65495,33.02629,-6.13133,0.15337,-0.16166,-0.97486,0.99722,0.0,0.0,nan,0.0,0.01143,0.03403,11.51016,1.87348,0.23223,0.4406,0.50573,0.89449,0.53377,0.50573
9.53389,32.76391,-5.81173,0.18941,-0.15143,-0.97015,0.99631,0.0,0.0,nan,0.0,0.00894,0.03175,11.19079,2.00282,0.22794,0.4068,0.53409,0.81566,0.4993,0.53409
9.62619,32.89923,9.53338,0.11524,0.04013,0.99253,0.96295,0.0,0.0,nan,0.0,0.00943,0.02146,26.44868,3.57659,0.23338,0.58909,0.41885,0.80206,0.2796,0.41885
8.94032,33.0599,10.48256,0.15099,0.03578,0.98789,0.98815,0.0,0.0,nan,0.0,0.0075,0.02342,24.71753,1.66098,0.2376,0.59257,0.45249,0.58408,0.60206,0.45249
8.93497,34.92141,-6.77414,0.12014,-0.22252,-0.9675,0.99539,0.0,0.0,nan,0.0,0.0094,0.0497,16.33701,1.93953,0.22023,0.45309,0.59516,0.46832,0.51559,0.59516
9.01065,35.27169,9.67842,0.11424,0.02504,0.99314,0.97438,0.0,0.0,nan,0.0,0.01326,0.03306,30.34844,1.6479,0.23561,0.47567,0.43023,0.89872,0.60683,0.43023
8.77499,34.47392,10.22148,0.13887,0.08298,0.98683,0.98417,0.0,0.0,nan,0.0,0.01023,0.02792,25.05984,1.81269,0.24062,0.53152,0.4307,0.74465,0.55166,0.4307
8.94086,37.05749,-6.98144,0.09889,-0.10011,-0.99005,0.99661,0.0,0.0,nan,0.0,0.01443,0.05478,18.40662,1.8969,0.22436,0.47395,0.45665,0.61604,0.52718,0.45665
9.38626,36.81885,9.52612,0.07951,-0.13091,0.9882,0.96448,0.0,0.0,nan,0.0,0.01543,0.03157,24.14012,1.74306,0.23702,0.56339,0.38942,0.93957,0.5737,0.38942
8.58778,37.18135,10.16908,0.07776,-0.12908,0.98858,0.98886,0.0,0.0,nan,0.0,0.01085,0.02984,23.0548,1.69641,0.24249,0.4954,0.54455,0.79787,0.58948,0.54455
8.97505,38.95665,-6.78852,0.13346,-0.07131,-0.98849,0.98968,0.0,0.0,nan,0.0,0.00994,0.0394,17.91224,1.84501,0.23267,0.38557,0.60761,0.72744,0.542,0.60761
9.36787,39.80922,9.77466,0.04344,0.07738,0.99605,0.99223,0.0,0.0,nan,0.0,0.01145,0.03152,33.78749,1.74954,0.23344,0.57308,0.63152,0.6713,0.57158,0.63152
8.98932,38.95057,10.57255,0.06067,0.01043,0.9981,0.97805,0.0,0.0,nan,0.0,0.00856,0.02301,28.51236,1.87092,0.24066,0.60365,0.41613,0.65915,0.5345,0.41613
8.9651,41.04939,-7.0242,0.21658,-0.19634,-0.95632,0.98121,0.0,0.0,nan,0.0,0.01387,0.03764,16.24956,1.87211,0.2346,0.45277,0.46019,0.91399,0.53416,0.46019
9.57466,40.92843,9.87681,0.0674,0.09313,0.99337,0.9958,0.0,0.0,nan,0.0,0.0139,0.03446,35.57469,1.85952,0.23317,0.5248,0.57558,0.81193,0.53777,0.57558
8.72779,41.04737,10.38678,0.04798,0.05638,0.99726,0.99651,0.0,0.0,nan,0.0,0.01102,0.02716,38.5286,2.2529,0.22953,0.60767,0.45202,0.70222,0.44387,0.45202
8.81936,43.39473,-8.40347,0.3103,-0.32023,-0.89508,0.98692,0.0,0.0,nan,0.0,0.01061,0.02693,13.6255,1.87824,0.23729,0.55485,0.35909,0.81395,0.53241,0.35909
9.18111,42.80407,-7.57035,0.26136,-0.33431,-0.9055,0.99263,0.0,0.0,nan,0.0,0.01373,0.03209,14.96759,1.74057,0.23485,0.48497,0.56389,1.0,0.57452,0.56389
9.62104,42.56978,9.65513,0.12249,-0.04125,0.99161,0.99345,0.0,0.0,nan,0.0,0.01037,0.02598,32.14048,1.6479,0.2301,0.47535,0.2829,0.89175,0.60683,0.2829
8.87413,43.11961,10.12223,0.07618,-0.02169,0.99686,0.99304,0.0,0.0,nan,0.0,0.01211,0.03549,34.40845,1.81269,0.23405,0.52335,0.53595,0.68974,0.55166,0.53595
8.98894,44.96033,-8.62671,0.26251,-0.11651,-0.95787,0.98407,0.0,0.0,nan,0.0,0.00655,0.0322,12.84947,2.16605,0.23434,0.61194,0.7914,0.4431,0.46167,0.7914
9.26207,45.47054,9.73891,0.01317,0.16752,0.98578,0.99661,0.0,0.0,nan,0.0,0.01835,0.04663,31.09898,1.81269,0.22816,0.46819,0.47823,0.89474,0.55166,0.47823
8.91847,44.78943,10.27408,0.03618,0.12716,0.99122,0.9911,0.0,0.0,nan,0.0,0.01022,0.03246,29.91384,1.81269,0.23243,0.40946,0.76439,0.85977,0.55166,0.76439
8.94888,47.03978,-8.47129,0.19485,0.11109,-0.97452,0.99376,0.0,0.0,nan,0.0,0.00587,0.05848,3.59094,2.58915,0.23368,0.57864,0.84392,0.38638,0.38623,0.84392
9.00108,47.09468,9.68745,0.02605,0.05521,0.99813,0.99447,0.0,0.0,nan,0.0,0.01461,0.03325,36.23856,1.9588,0.2292,0.49602,0.46002,0.93438,0.51052,0.46002
8.87349,46.05866,10.01659,0.00513,0.17252,0.98499,0.99682,0.0,0.0,nan,0.0,0.01951,0.04504,36.27347,1.68202,0.2277,0.54541,0.5663,0.83826,0.59452,0.5663
8.93195,48.94066,-8.22094,0.1824,0.12312,-0.97549,0.99641,0.0,0.0,nan,0.0,0.00818,0.05006,3.00098,1.68613,0.22787,0.28393,0.76268,1.0,0.59307,0.76268
9.8204,49.67051,-7.94822,0.19976,0.12221,-0.97219,0.99641,0.0,0.0,nan,0.0,0.00451,0.04416,2.71677,1.89268,0.21933,0.17746,0.41873,1.0,0.52835,0.41873
9.09459,48.57454,9.57282,0.06021,-0.10979,0.99213,0.9908,0.0,0.0,nan,0.0,0.00766,0.02784,28.08687,1.6479,0.23974,0.45628,0.59925,0.64566,0.60683,0.59925
8.88742,49.59444,10.06066,0.06094,-0.15728,0.98567,0.99192,0.0,0.0,nan,0.0,0.00637,0.03659,22.25387,1.6479,0.24178,0.51782,0.54373,0.36647,0.60683,0.54373
8.53691,50.66527,-8.08964,0.18208,0.10831,-0.9773,0.99682,0.11052,0.11052,0.7,0.37851,0.01278,0.07644,3.99035,1.88074,0.21614,0.29625,0.42773,0.84744,0.53171,0.42773
9.29864,51.20566,-7.8672,0.19369,0.10243,-0.9757,0.99661,0.03032,0.15159,0.6,1.0,0.01017,0.06984,3.55054,1.70469,0.22657,0.23324,0.26718,0.97605,0.58662,0.26718
9.0185,51.02679,10.11619,-0.00216,-0.02316,0.99973,0.98774,0.0,0.0,nan,0.0,0.01181,0.08085,12.69244,1.6479,0.24505,0.74377,0.87974,0.38862,0.60683,0.87974
9.02574,53.01276,-7.73617,0.21527,0.06387,-0.97446,0.99682,0.22904,0.4628,0.6,0.90784,0.01138,0.07787,4.62032,1.6479,0.21291,0.22818,0.57877,0.91734,0.60683,0.57877
8.99742,53.57008,9.699,-0.03413,0.20996,0.97711,0.99396,0.0,0.0,nan,0.0,0.00624,0.04121,33.64015,1.67457,0.23836,0.71439,0.82486,0.29506,0.59717,0.82486
9.03312,52.59464,10.09155,-0.03672,0.14556,0.98867,0.98723,0.0,0.0,nan,0.0,0.01406,0.0494,19.59283,1.6479,0.23801,0.63509,0.65775,0.49387,0.60683,0.65775
9.00665,55.0063,-7.64879,0.24443,0.09095,-0.96539,0.99651,0.05235,0.26173,0.6,1.0,0.01217,0.07878,4.66581,2.02145,0.21496,0.26194,0.46271,0.84233,0.49469,0.46271
8.95754,55.03954,9.24676,-0.025,0.18181,0.98302,0.99671,0.0,0.0,nan,0.0,0.00614,0.03556,35.59665,1.9386,0.22864,0.68388,0.85305,0.39768,0.51583,0.85305
8.95555,57.01505,-7.37446,0.24453,0.16002,-0.95635,0.99651,0.0,0.0,nan,0.0,0.01123,0.09018,4.74793,2.01782,0.21494,0.25549,0.61265,0.69254,0.49558,0.61265
8.93967,56.95452,9.29545,-0.04209,0.05394,0.99766,0.99478,0.0,0.0,nan,0.0,0.01137,0.03389,35.20153,1.95648,0.22475,0.60958,0.75836,0.59746,0.51112,0.75836
8.97673,59.01119,-7.03708,0.2043,0.30685,-0.92957,0.9908,0.0,0.0,nan,0.0,0.02347,0.08165,5.5625,1.87021,0.22822,0.44082,0.73587,0.8866,0.5347,0.73587
9.07748,59.19517,9.05597,0.00293,-0.10376,0.9946,0.99243,0.0,0.0,nan,0.0,0.00901,0.02604,21.44686,1.69669,0.24213,0.61428,0.39767,0.61573,0.58938,0.39767
8.95583,60.50835,-6.43702,0.13521,0.5634,-0.81505,0.9398,0.0,0.0,nan,0.0,0.01292,0.05152,5.88896,2.03316,0.24535,0.36548,0.59621,0.91943,0.49184,0.59621
9.06847,61.62727,-5.17367,0.00776,0.84924,-0.52795,0.9296,0.0,0.0,nan,0.0,0.01369,0.06152,6.00709,1.69345,0.24003,0.38432,0.70948,0.77158,0.59051,0.70948
8.5463,61.9425,-3.61535,-0.09708,0.96562,-0.24117,0.94745,0.0,0.0,nan,0.0,0.01369,0.05511,5.68164,2.41059,0.23404,0.59772,0.63069,0.56203,0.41484,0.63069
8.99491,60.98307,9.73006,0.0185,0.12281,0.99226,0.904,0.0,0.0,nan,0.0,0.00464,0.02459,17.4578,2.65984,0.23643,0.44653,0.57488,0.47153,0.37596,0.57488
9.84184,62.02079,-4.04847,-0.06232,0.93479,-0.3497,0.95826,0.0,0.0,nan,0.0,0.01064,0.04147,5.82195,3.43473,0.24841,0.51714,0.63651,0.66667,0.29114,0.63651
9.14988,62.15621,-2.86002,-0.11335,0.97818,-0.17409,0.93878,0.0,0.0,nan,0.0,0.01294,0.08316,6.14635,2.02385,0.23208,0.65867,0.85859,0.48004,0.49411,0.85859
9.00913,62.35953,-0.87853,-0.10619,0.98545,-0.13274,0.89553,0.0,0.0,nan,0.0,0.00851,0.07295,4.2733,1.94719,0.23063,0.41278,0.92865,0.96913,0.51356,0.92865
9.10948,62.64627,0.77575,-0.09811,0.98684,-0.12855,0.86177,0.0,0.0,nan,0.0,0.00482,0.03323,3.82569,1.73713,0.25306,0.33204,0.8107,0.82564,0.57566,0.8107
8.94775,62.89565,3.04687,-0.11534,0.99006,-0.08051,0.8837,0.0,0.0,nan,0.0,0.01275,0.04907,3.34486,1.6873,0.23831,0.48678,0.66002,0.85319,0.59266,0.66002
8.83974,63.00415,5.10015,-0.1387,0.9895,-0.04058,0.96122,0.0,0.0,nan,0.0,0.00682,0.04398,5.49071,1.90123,0.23395,0.41992,0.36842,0.50371,0.52598,0.36842
9.05181,63.0759,6.90951,-0.13163,0.9821,0.13473,0.96795,0.0,0.0,nan,0.0,0.01295,0.05426,7.15547,1.66012,0.23413,0.7131,0.65513,0.42823,0.60237,0.65513
9.00201,62.63492,8.77089,-0.076,0.76101,0.64427,0.88472,0.0,0.0,nan,0.0,0.02308,0.09564,8.51807,1.81269,0.23668,0.4439,0.49516,0.67127,0.55166,0.49516
10.99063,1.72275,-2.55626,0.09436,-0.89956,-0.42649,0.9501,0.0,0.0,nan,0.0,0.01489,0.10798,19.95458,3.57311,0.24822,0.6164,0.67385,0.24605,0.27987,0.67385
11.02599,1.39064,-1.03582,0.07024,-0.99323,-0.09256,0.97305,0.0,0.0,nan,0.0,0.00416,0.04919,18.51228,2.25542,0.22908,0.40916,0.49953,0.22877,0.44338,0.49953
11.00956,1.49113,0.97398,0.09741,-0.99389,0.0519,0.98927,0.0,0.0,nan,0.0,0.00395,0.03534,14.14104,2.13389,0.23123,0.48365,0.61115,0.26405,0.46863,0.61115
10.99308,1.76827,2.98416,0.03194,-0.99663,0.07551,0.99202,0.0,0.0,nan,0.0,0.11776,0.25883,8.64279,1.7695,0.23698,0.57291,0.69418,0.9779,0.56513,0.69418
11.00634,1.81827,5.00317,0.0218,-0.99875,0.045,0.98876,0.0039,0.01951,0.51,1.0,0.02357,0.12494,9.56961,1.92361,0.22892,0.41765,0.88037,0.93715,0.51986,0.88037
10.98972,1.78352,7.02784,0.03241,-0.99312,0.11253,0.98876,0.0,0.0,nan,0.0,0.02498,0.0912,9.29845,2.00432,0.22434,0.43124,0.578,0.77191,0.49892,0.578
10.78173,1.94496,8.24261,0.05332,-0.95176,0.30219,0.96785,0.03207,0.16036,0.51,1.0,0.01675,0.06886,10.48778,2.05274,0.23808,0.49598,0.60431,0.58398,0.48715,0.60431
10.88763,3.40868,-4.38994,0.29602,-0.43869,-0.84849,0.96163,0.0,0.0,nan,0.0,0.00994,0.05428,18.21833,1.92091,0.22366,0.59754,0.86328,0.53331,0.52059,0.86328
11.05025,2.40049,-3.61023,0.19127,-0.67464,-0.71293,0.92287,0.0,0.0,nan,0.0,0.00545,0.05196,19.59588,2.92923,0.23723,0.59682,0.87416,0.32157,0.34139,0.87416
11.01576,2.31455,9.29608,0.11832,-0.78981,0.60184,0.90012,0.0,0.0,nan,0.0,0.01472,0.12916,18.44874,1.83887,0.22789,0.63503,0.57888,0.19886,0.54381,0.57888
10.93415,3.38559,10.32583,0.14011,-0.41812,0.89752,0.90145,0.0,0.0,nan,0.0,0.00411,0.041,28.45545,1.88338,0.23609,0.82084,0.93998,0.33328,0.53096,0.93998
10.98225,5.05238,-4.51561,0.41357,-0.2335,-0.88002,0.9962,0.00109,0.00544,0.6,1.0,0.00825,0.03016,17.52478,2.53801,0.22982,0.36542,0.53011,0.83422,0.39401,0.53011
11.98476,5.12124,-3.9975,0.40412,-0.20214,-0.89209,0.99692,0.0,0.0,nan,0.0,0.01286,0.03797,21.29094,2.01843,0.23208,0.49933,0.60994,0.74238,0.49543,0.60994
11.46348,5.19677,9.75749,0.13949,-0.00753,0.9902,0.99131,0.0,0.0,nan,0.0,0.01328,0.02563,24.01398,1.82755,0.23685,0.64503,0.72436,0.87046,0.54718,0.72436
10.8358,4.76062,10.30389,0.09961,-0.06777,0.99272,0.97142,0.0,0.0,nan,0.0,0.01103,0.0288,23.90874,1.87857,0.23546,0.65273,0.78791,0.72376,0.53232,0.78791
10.97666,7.07254,-5.18541,0.49111,-0.01899,-0.87089,0.98692,0.0,0.0,nan,0.0,0.01619,0.05671,21.05735,1.85032,0.23305,0.38841,0.37635,0.80469,0.54045,0.37635
11.13373,7.46559,9.74422,0.08403,0.03088,0.99598,0.9856,0.0,0.0,nan,0.0,0.0069,0.01866,24.29756,1.73655,0.22909,0.42255,0.58587,0.94651,0.57586,0.58587
10.95655,6.85893,10.46996,0.08664,0.06808,0.99391,0.98968,0.0,0.0,nan,0.0,0.00677,0.01834,24.16619,1.83565,0.23367,0.42317,0.39686,0.9442,0.54477,0.39686
10.8878,8.86754,-4.54512,0.46046,0.26241,-0.84801,0.99631,0.0,0.0,nan,0.0,0.01196,0.03202,14.97146,2.72316,0.23023,0.43999,0.54781,0.96231,0.36722,0.54781
11.15349,8.36453,9.8264,0.08612,0.08477,0.99267,0.99325,0.0,0.0,nan,0.0,0.00987,0.02641,25.71018,1.83293,0.23479,0.4831,0.45917,0.83403,0.54558,0.45917
10.97122,9.13799,10.27002,0.10647,0.09909,0.98937,0.99457,0.0,0.0,nan,0.0,0.00853,0.02356,27.20048,1.6479,0.23065,0.50335,0.3773,0.77236,0.60683,0.3773
10.69422,10.68018,-4.19881,0.4669,0.28345,-0.83765,0.99722,0.0,0.0,nan,0.0,0.00627,0.0212,12.3502,2.05345,0.22143,0.40614,0.60249,0.84668,0.48699,0.60249
11.4133,11.33693,-3.66695,0.4587,0.27064,-0.84637,0.99722,0.0,0.0,nan,0.0,0.00746,0.02374,10.49446,2.00948,0.23095,0.39821,0.2851,0.93982,0.49764,0.2851
10.99478,11.11017,9.38156,0.11173,0.21545,0.9701,0.97448,0.0,0.0,nan,0.0,0.01518,0.05854,39.33694,1.93086,0.23431,0.64872,0.75511,0.42706,0.51791,0.75511
10.53544,10.15721,10.12846,0.14218,0.1597,0.97687,0.9911,0.0,0.0,nan,0.0,0.01309,0.04237,28.90095,1.79454,0.23102,0.58811,0.7265,0.56173,0.55725,0.7265
10.20358,12.23236,-4.07666,0.46467,0.26719,-0.84421,0.99661,0.0,0.0,nan,0.0,0.01297,0.04455,11.567,1.6479,0.24252,0.4548,0.52093,0.75062,0.60683,0.52093
11.04901,13.02691,-3.37659,0.42426,0.21483,-0.87969,0.9962,0.0,0.0,nan,0.0,0.00888,0.04208,11.86525,1.86396,0.23413,0.37389,0.37163,0.65958,0.53649,0.37163
10.99749,13.09228,9.15108,0.09996,-0.08512,0.99134,0.96101,0.0,0.0,nan,0.0,0.01444,0.04106,38.74589,1.70942,0.23328,0.59921,0.67475,0.61695,0.585,0.67475
10.98323,14.97764,-3.04487,0.30063,0.08438,-0.95,0.99722,0.0,0.0,nan,0.0,0.00574,0.03556,15.23259,2.06888,0.22267,0.4197,0.38643,0.43494,0.48335,0.38643
11.26396,14.65337,9.90154,0.07488,-0.16208,0.98393,0.98804,0.0,0.0,nan,0.0,0.01244,0.05486,30.34756,2.33158,0.23027,0.47421,0.43295,0.50953,0.42889,0.43295
10.67517,15.36381,10.06602,0.09043,-0.06558,0.99374,0.9704,0.0,0.0,nan,0.0,0.00911,0.05938,25.13572,1.6479,0.23535,0.41329,0.64357,0.40066,0.60683,0.64357
11.04055,17.05942,-3.14061,0.30401,-0.07339,-0.94984,0.99702,0.0,0.0,nan,0.0,0.00657,0.03333,18.2535,1.91588,0.22655,0.446,0.64549,0.49029,0.52195,0.64549
10.95165,17.3969,9.59435,0.14333,0.15947,0.97674,0.99539,0.0,0.0,nan,0.0,0.00475,0.02413,22.56662,1.90007,0.23336,0.53597,0.672,0.39989,0.5263,0.672
10.61093,16.44433,10.0864,0.11813,0.10714,0.9872,0.98335,0.0,0.0,nan,0.0,0.0048,0.03061,20.38494,3.3162,0.24262,0.53064,0.53601,0.32454,0.30155,0.53601
10.10165,19.92057,-4.02838,0.36272,-0.16508,-0.91716,0.99437,0.0,0.0,nan,0.0,0.01465,0.03534,13.86197,1.88749,0.23262,0.55126,0.45294,0.8606,0.5298,0.45294
11.02459,18.99697,-3.29761,0.36628,-0.10546,-0.92451,0.99692,0.0,0.0,nan,0.0,0.00855,0.0257,14.21205,1.88215,0.22926,0.49133,0.75599,0.78718,0.53131,0.75599
10.92332,18.97309,9.16207,0.20019,0.02164,0.97952,0.97223,0.0,0.0,nan,0.0,0.00569,0.01783,25.42499,1.6479,0.23847,0.45012,0.40695,0.76416,0.60683,0.40695
10.4205,21.4806,-4.26531,0.34228,-0.1957,-0.91899,0.98662,0.0,0.0,nan,0.0,0.01214,0.03782,12.07147,1.99543,0.2305,0.44439,0.37997,0.84231,0.50115,0.37997
11.19256,20.86273,-3.47913,0.41044,-0.1935,-0.89112,0.99682,0.0,0.0,nan,0.0,0.01147,0.03114,13.65577,2.05807,0.23417,0.53335,0.48,0.79181,0.48589,0.48
11.13998,20.7321,9.63547,0.2483,-0.1565,0.95596,0.9962,0.0,0.0,nan,0.0,0.00698,0.02497,30.63207,1.71383,0.2276,0.49898,0.6673,0.59705,0.58349,0.6673
10.56419,21.59709,10.07869,0.23036,-0.15718,0.96033,0.98845,0.0,0.0,nan,0.0,0.00985,0.03905,28.1174,1.88752,0.22884,0.63522,0.63865,0.42541,0.5298,0.63865
10.77223,23.05689,-4.39806,0.32992,-0.21656,-0.91883,0.98937,0.0,0.0,nan,0.0,0.00873,0.02864,9.57861,1.7527,0.22856,0.38573,0.45835,0.95539,0.57055,0.45835
11.58745,22.78657,-3.65253,0.40733,-0.24911,-0.87865,0.99712,0.0,0.0,nan,0.0,0.01122,0.03451,10.49027,2.03204,0.2297,0.41945,0.30234,0.92262,0.49212,0.30234
11.89665,22.46428,9.97126,0.3248,-0.09013,0.94148,0.98182,0.0,0.0,nan,0.0,0.00767,0.02646,31.01066,1.88611,0.23553,0.57132,0.79283,0.62576,0.53019,0.79283
10.98176,23.04361,10.16561,0.28153,-0.06099,0.95761,0.98386,0.0,0.0,nan,0.0,0.00808,0.04241,32.1732,1.6479,0.23434,0.73352,0.83698,0.38222,0.60683,0.83698
11.02997,24.98218,-4.67769,0.29179,-0.20467,-0.93433,0.996,0.0,0.0,nan,0.0,0.00697,0.02949,9.02002,1.89981,0.228,0.40423,0.49049,0.71412,0.52637,0.49049
11.97674,24.10837,-3.96556,0.36515,-0.2461,-0.89783,0.99702,0.0,0.0,nan,0.0,0.00859,0.04112,8.81857,1.6479,0.23691,0.4908,0.87507,0.87088,0.60683,0.87507
11.17716,25.45341,9.80886,0.23267,-0.09785,0.96762,0.99396,0.0,0.0,nan,0.0,0.00606,0.02694,22.91554,1.81414,0.23482,0.70522,0.69352,0.34713,0.55123,0.69352
10.94824,24.93064,10.22557,0.2244,-0.07794,0.97138,0.99151,0.0,0.0,nan,0.0,0.00755,0.03223,28.54711,3.5532,0.24204,0.77597,0.73019,0.3231,0.28144,0.73019
11.02034,26.9966,-5.05476,0.26228,-0.17151,-0.94963,0.99539,0.0,0.0,nan,0.0,0.01074,0.04642,7.83759,1.71915,0.22671,0.39061,0.39151,0.74331,0.58168,0.39151
11.69985,27.75437,9.75204,0.15311,-0.04091,0.98736,0.99406,0.0,0.0,nan,0.0,0.01057,0.02645,17.79848,3.2232,0.24425,0.68115,0.55246,0.65271,0.31025,0.55246
11.03514,26.91651,10.4043,0.16236,-0.01941,0.98654,0.98376,0.0,0.0,nan,0.0,0.00501,0.02121,18.90938,1.73493,0.23802,0.53287,0.43295,0.49071,0.57639,0.43295
11.04609,29.02541,-5.40878,0.23546,-0.10679,-0.966,0.99631,0.0,0.0,nan,0.0,0.00814,0.0376,8.58803,2.02672,0.23265,0.4042,0.67093,0.66067,0.49341,0.67093
11.68209,28.81824,9.56489,0.11826,0.04937,0.99175,0.99059,0.0,0.0,nan,0.0,0.00974,0.02868,23.40143,1.75439,0.22757,0.7243,0.48766,0.5088,0.57,0.48766
10.96858,29.00067,10.34225,0.10738,0.06565,0.99205,0.99529,0.0,0.0,nan,0.0,0.00517,0.01537,21.79362,1.75425,0.23557,0.66268,0.80951,0.68413,0.57004,0.80951
11.03504,30.99122,-5.31578,0.1921,-0.10834,-0.97538,0.99661,0.0,0.0,nan,0.0,0.00545,0.02797,8.49979,2.02534,0.21874,0.2584,0.60261,0.93117,0.49374,0.60261
10.86865,31.26373,9.87179,0.02721,0.02584,0.9993,0.99161,0.0,0.0,nan,0.0,0.00538,0.01813,30.73271,1.72536,0.23362,0.59594,0.56699,0.53004,0.57959,0.56699
11.33834,30.6685,10.20094,0.03901,0.01819,0.99907,0.99029,0.0,0.0,nan,0.0,0.00815,0.02496,29.49196,1.71939,0.2415,0.68489,0.71225,0.50929,0.5816,0.71225
10.99633,32.95926,-5.61699,0.15586,-0.17283,-0.97254,0.99671,0.0,0.0,nan,0.0,0.00722,0.03418,8.59133,2.07854,0.22003,0.33406,0.34596,0.77985,0.48111,0.34596
10.76248,32.87474,9.45681,-0.00981,0.04109,0.99911,0.96805,0.0,0.0,nan,0.0,0.00942,0.02368,33.09404,1.88994,0.23246,0.61472,0.73782,0.68632,0.52912,0.73782
11.31844,33.33868,10.27053,-0.02451,0.0557,0.99815,0.98692,0.0,0.0,nan,0.0,0.00945,0.0284,36.69535,3.37632,0.23779,0.63748,0.4816,0.55071,0.29618,0.4816
10.83802,35.28524,-6.32218,0.16979,-0.25624,-0.95158,0.99722,0.0,0.0,nan,0.0,0.01444,0.04874,9.27544,1.91754,0.23184,0.401,0.33076,0.8984,0.5215,0.33076
11.2724,34.43636,-5.8148,0.14731,-0.2464,-0.95791,0.9959,0.0,0.0,nan,0.0,0.01042,0.04687,8.51642,2.02062,0.22262,0.36098,0.51598,0.7606,0.4949,0.51598
10.81313,35.16846,9.6483,0.00734,0.00448,0.99996,0.98111,0.0,0.0,nan,0.0,0.01225,0.02709,39.03193,1.92144,0.23261,0.66019,0.6185,0.71993,0.52044,0.6185
11.04337,34.36407,10.01522,-0.01573,0.06694,0.99763,0.99233,0.0,0.0,nan,0.0,0.01034,0.02794,39.70587,2.05042,0.23022,0.68756,0.62932,0.56566,0.4877,0.62932
11.04331,36.9939,-6.82201,0.13333,-0.15646,-0.97864,0.99488,0.0,0.0,nan,0.0,0.01546,0.0638,9.04933,1.95142,0.23415,0.29674,0.38138,0.99726,0.51245,0.38138
10.87123,36.60675,9.57459,0.01766,-0.12868,0.99153,0.97825,0.0,0.0,nan,0.0,0.01195,0.02676,31.03214,1.73626,0.23933,0.6454,0.66724,0.73615,0.57595,0.66724
11.17575,37.41271,10.25787,0.00373,-0.13158,0.9913,0.98651,0.0,0.0,nan,0.0,0.01123,0.03102,26.9912,1.70659,0.2406,0.52251,0.54394,0.74406,0.58596,0.54394
10.95918,39.0061,-6.99172,0.04715,-0.06764,-0.9966,0.99722,0.0,0.0,nan,0.0,0.00729,0.04102,10.16499,1.6479,0.22786,0.24538,0.30432,0.86674,0.60683,0.30432
11.02519,39.76457,9.92882,0.02897,0.09607,0.99495,0.99314,0.0,0.0,nan,0.0,0.02042,0.05429,32.16906,1.82431,0.22895,0.64356,0.36691,0.62084,0.54815,0.36691
10.99672,38.87365,10.46078,0.0021,0.00075,1.0,0.98478,0.0,0.0,nan,0.0,0.01115,0.0289,28.43819,2.72789,0.23688,0.59399,0.35386,0.69493,0.36658,0.35386
10.97633,41.00781,-6.99872,0.03054,-0.1211,-0.99217,0.99712,0.0,0.0,nan,0.0,0.0136,0.05037,11.24419,1.74709,0.2371,0.34922,0.44663,0.91089,0.57238,0.44663
11.0549,41.1885,9.74509,0.06572,0.10287,0.99252,0.99039,0.0,0.0,nan,0.0,0.01121,0.02861,33.38091,3.06011,0.23649,0.53584,0.58434,0.77545,0.32679,0.58434
10.79317,40.44711,10.15977,0.05746,0.14158,0.98826,0.9958,0.0,0.0,nan,0.0,0.00587,0.02664,31.35801,2.20797,0.23022,0.5771,0.84168,0.5751,0.4529,0.84168
11.02292,42.98465,-7.30712,0.11928,-0.27261,-0.9547,0.99376,0.0,0.0,nan,0.0,0.01359,0.03433,14.45599,1.70213,0.23419,0.53791,0.44595,0.8377,0.5875,0.44595
11.36733,42.82605,9.63953,0.08227,-0.03301,0.99606,0.99457,0.0,0.0,nan,0.0,0.01069,0.02456,31.34196,1.97862,0.23036,0.53784,0.46245,0.86067,0.5054,0.46245
10.7607,43.1733,10.05753,0.09294,-0.01839,0.9955,0.99518,0.0,0.0,nan,0.0,0.00854,0.02323,29.97562,1.85917,0.22007,0.45119,0.48166,0.86976,0.53787,0.48166
10.6631,45.1689,-8.16289,0.23765,-0.11245,-0.96482,0.98825,0.0,0.0,nan,0.0,0.00442,0.02298,11.37538,1.76471,0.23455,0.56019,0.63355,0.40338,0.56667,0.63355
11.19056,44.4791,-7.90051,0.21293,-0.19292,-0.95783,0.99314,0.0,0.0,nan,0.0,0.00877,0.02854,12.31459,2.21295,0.23901,0.58541,0.45956,0.60982,0.45189,0.45956
10.97472,45.70319,9.76942,0.04497,0.15029,0.98762,0.99008,0.0,0.0,nan,0.0,0.01801,0.04178,31.90534,1.81861,0.2352,0.54339,0.35824,0.84291,0.54987,0.35824
11.06812,44.65384,10.28897,0.06615,0.01426,0.99771,0.98713,0.0,0.0,nan,0.0,0.00888,0.02121,28.66566,1.88556,0.22268,0.48381,0.53535,0.92557,0.53035,0.53535
10.54206,46.93985,-8.14252,0.23688,0.07592,-0.96857,0.99212,0.0,0.0,nan,0.0,0.00253,0.065,5.95968,2.17856,0.22908,0.67071,0.95779,0.23098,0.45902,0.95779
11.46669,47.12864,-7.87182,0.26831,0.08143,-0.95988,0.98682,0.0,0.0,nan,0.0,0.00187,0.04622,3.86391,2.7752,0.23538,0.68001,0.91646,0.19289,0.36033,0.91646
11.12231,47.10667,9.88137,0.03937,0.10592,0.9936,0.9959,0.0,0.0,nan,0.0,0.01507,0.03746,36.95755,1.71645,0.22452,0.49827,0.53498,0.85112,0.5826,0.53498
10.64187,46.40744,10.01,0.0336,0.17218,0.98449,0.99416,0.0,0.0,nan,0.0,0.01812,0.03817,36.61398,2.39026,0.23659,0.53291,0.46609,0.93958,0.41836,0.46609
10.21046,48.33838,-8.0578,0.21349,0.11799,-0.9698,0.99059,0.0,0.0,nan,0.0,0.00579,0.04291,2.56304,2.0794,0.22219,0.24419,0.28254,0.9837,0.48091,0.28254
11.11317,49.04448,-7.70877,0.23971,0.1161,-0.96388,0.98896,0.0,0.0,nan,0.0,0.00606,0.04668,2.33403,2.39425,0.2221,0.24445,0.52759,0.98565,0.41767,0.52759
11.05494,48.863,9.49856,0.06831,-0.10523,0.9921,0.99253,0.0,0.0,nan,0.0,0.00851,0.03149,29.5066,1.81269,0.23214,0.48097,0.68526,0.59961,0.55166,0.68526
10.49514,49.72636,10.04073,0.09052,-0.15125,0.98434,0.98825,0.0,0.0,nan,0.0,0.00563,0.03375,27.65059,2.57447,0.24079,0.54907,0.81291,0.40812,0.38843,0.81291
10.93427,51.03929,-7.5063,0.22899,0.10919,-0.96728,0.98906,0.02398,0.11991,0.7,1.0,0.00976,0.07756,3.01012,1.91225,0.21592,0.23149,0.63125,0.90476,0.52295,0.63125
11.8012,50.94288,9.9046,0.11972,-0.06281,0.99082,0.991,0.0,0.0,nan,0.0,0.00601,0.02289,21.14334,1.74175,0.22903,0.59489,0.74574,0.48295,0.57413,0.74574
10.80429,51.01737,10.09521,0.11512,-0.05444,0.99186,0.98356,0.0,0.0,nan,0.0,0.00868,0.03175,21.44582,1.6479,0.23713,0.66628,0.56007,0.4488,0.60683,0.56007
10.97187,53.00687,-7.33369,0.23674,0.08618,-0.96774,0.99488,0.07913,0.34191,0.7,0.99018,0.01299,0.0907,3.50298,1.81269,0.2209,0.24832,0.65984,0.90581,0.55166,0.65984
11.10055,53.64142,9.78253,0.10098,0.15133,0.98331,0.99396,0.0,0.0,nan,0.0,0.00853,0.03334,32.49592,2.42546,0.23383,0.68334,0.65224,0.39725,0.41229,0.65224
10.91544,52.737,10.1117,0.1082,0.0907,0.98998,0.99223,0.0,0.0,nan,0.0,0.00977,0.02619,24.96684,1.66354,0.23647,0.7419,0.63506,0.54301,0.60113,0.63506
10.97314,55.03963,-7.12823,0.24933,0.10275,-0.96295,0.98335,0.01428,0.07141,0.7,1.0,0.00796,0.07959,3.37821,1.6479,0.21173,0.19321,0.48272,0.82407,0.60683,0.48272
11.13756,55.18095,9.58685,0.05373,0.17416,0.98325,0.98957,0.0,0.0,nan,0.0,0.00931,0.0317,31.70701,1.6479,0.23064,0.61672,0.75363,0.51217,0.60683,0.75363
10.98875,56.98377,-6.87733,0.24744,0.14791,-0.95755,0.98386,0.0,0.0,nan,0.0,0.00564,0.05841,3.25338,1.70179,0.21954,0.18595,0.46549,0.83835,0.58762,0.46549
11.07926,56.94819,9.5532,0.08251,0.10724,0.9908,0.97876,0.0,0.0,nan,0.0,0.01031,0.03193,31.73797,1.6479,0.23796,0.59269,0.64961,0.579,0.60683,0.64961
10.99709,59.04308,-6.53607,0.22798,0.28112,-0.9322,0.99121,0.0,0.0,nan,0.0,0.01146,0.05437,4.62742,1.68809,0.23906,0.44218,0.67893,0.68288,0.59239,0.67893
11.02427,59.02686,9.02135,0.11717,-0.06655,0.99088,0.99447,0.0,0.0,nan,0.0,0.01016,0.02416,17.31229,1.69865,0.24159,0.5789,0.43734,0.81033,0.5887,0.43734
10.76545,60.3028,-6.16453,0.17711,0.48217,-0.85799,0.96775,0.0,0.0,nan,0.0,0.01481,0.07513,5.34746,2.67653,0.22457,0.56943,0.78864,0.54273,0.37362,0.78864
11.0661,61.36207,-5.40442,0.09678,0.71287,-0.69459,0.94194,0.0,0.0,nan,0.0,0.01231,0.05404,5.97967,1.85225,0.23672,0.32391,0.67459,0.93837,0.53988,0.67459
11.00085,60.93113,9.53593,0.08275,0.06808,0.99424,0.93725,0.0,0.0,nan,0.0,0.01056,0.03899,15.85083,1.94485,0.25141,0.6659,0.66819,0.4582,0.51418,0.66819
11.09581,62.14988,-4.24425,0.00287,0.89187,-0.45228,0.94469,0.0,0.0,nan,0.0,0.01174,0.04104,5.67194,1.73688,0.23092,0.41257,0.52951,0.93809,0.57575,0.52951
11.01845,62.43517,-3.06646,-0.0799,0.96764,-0.23936,0.96662,0.0,0.0,nan,0.0,0.01873,0.05978,5.59914,2.04876,0.23301,0.57619,0.67991,0.73791,0.4881,0.67991
11.08661,62.57859,-1.04862,-0.11929,0.98594,-0.117,0.93358,0.0,0.0,nan,0.0,0.0102,0.04514,4.72663,2.05253,0.24139,0.36104,0.36943,0.89104,0.4872,0.36943
10.91921,62.83358,0.81244,-0.10406,0.9867,-0.12487,0.89574,0.0,0.0,nan,0.0,0.01772,0.06101,3.86712,1.67928,0.24597,0.51889,0.73618,0.84951,0.59549,0.73618
10.96644,63.1152,3.13507,-0.10466,0.98901,-0.10447,0.90053,0.0,0.0,nan,0.0,0.00531,0.0434,5.00743,1.89357,0.2477,0.55333,0.88606,0.54813,0.5281,0.88606
11.11067,63.30172,5.01369,-0.1252,0.9904,-0.05854,0.95795,0.0,0.0,nan,0.0,0.01471,0.07515,6.36344,1.77754,0.24035,0.59506,0.87628,0.7254,0.56257,0.87628
10.97643,63.36727,6.98824,-0.12352,0.97306,0.19469,0.955,0.0,0.0,nan,0.0,0.00988,0.08634,10.59255,1.91118,0.22539,0.69427,0.85884,0.30065,0.52324,0.85884
11.05288,62.78981,8.84897,-0.02984,0.69956,0.71395,0.87513,0.0,0.0,nan,0.0,0.02151,0.07897,8.30037,2.00387,0.23797,0.42441,0.72409,0.79623,0.49904,0.72409
12.74664,1.62453,-2.50178,0.39477,-0.81322,-0.42759,0.79405,0.0,0.0,nan,0.0,0.00788,0.03695,33.23755,3.3801,0.23421,0.61167,0.80252,0.44414,0.29585,0.80252
12.95102,1.22306,-1.10115,0.43296,-0.89673,-0.09176,0.83505,0.0,0.0,nan,0.0,0.004,0.02191,25.42144,2.40193,0.23144,0.43969,0.83747,0.62181,0.41633,0.83747
12.85133,1.50363,1.08564,0.30597,-0.95183,-0.01987,0.96234,0.0,0.0,nan,0.0,0.00761,0.026,24.43751,1.81269,0.24056,0.57366,0.70919,0.55179,0.55166,0.70919
13.07362,1.69818,2.95765,0.09569,-0.99171,-0.0858,0.98407,0.00151,0.00756,0.51,1.0,0.00377,0.02058,15.88088,1.83274,0.23901,0.37466,0.43297,0.55061,0.54563,0.43297
13.00675,1.79967,5.03282,-0.00726,-0.99813,0.06072,0.99131,0.00169,0.00846,0.51,1.0,0.03512,0.11914,10.55003,1.84298,0.24346,0.42467,0.74132,0.82566,0.5426,0.74132
12.78832,1.91646,6.79997,0.06367,-0.98464,0.16256,0.98804,0.0,0.0,nan,0.0,0.01365,0.06272,9.4957,2.05304,0.22919,0.45649,0.81719,0.73528,0.48708,0.81719
12.10232,1.99678,8.097,0.11656,-0.93886,0.32396,0.96611,0.0,0.0,nan,0.0,0.01003,0.04041,9.96814,2.39363,0.22801,0.41121,0.64151,0.72456,0.41777,0.64151
12.14262,3.67596,-4.07566,0.37877,-0.33546,-0.86256,0.96428,0.0,0.0,nan,0.0,0.01093,0.0303,21.85006,2.52445,0.22984,0.57189,0.75065,0.68981,0.39613,0.75065
13.27538,3.00725,-3.1143,0.53543,-0.52739,-0.65968,0.89319,0.0,0.0,nan,0.0,0.02051,0.07015,30.60899,3.40994,0.23733,0.71273,0.78074,0.48458,0.29326,0.78074
13.5972,2.41814,-0.60574,0.59678,-0.79053,-0.13756,0.9806,0.0,0.0,nan,0.0,0.0098,0.02373,26.67409,1.87854,0.23205,0.59397,0.46935,0.74761,0.53233,0.46935
13.50082,2.47826,0.74539,0.45356,-0.8816,-0.1306,0.95826,0.0,0.0,nan,0.0,0.00696,0.02262,24.43348,2.87161,0.23281,0.59608,0.53743,0.55841,0.34824,0.53743
13.94768,2.09904,2.24049,0.15511,-0.94956,-0.27254,0.97917,0.0,0.0,nan,0.0,0.00828,0.03435,17.03428,2.17637,0.22712,0.56828,0.85493,0.71372,0.45948,0.85493
13.41483,2.14205,7.57165,0.10587,-0.94214,0.31806,0.98233,0.0,0.0,nan,0.0,0.00878,0.03688,10.55885,3.07478,0.23954,0.34913,0.68519,0.81127,0.32523,0.68519
13.06819,2.80029,9.15062,0.17918,-0.70568,0.6855,0.9298,0.0,0.0,nan,0.0,0.00394,0.06423,20.33478,1.73285,0.24823,0.57607,0.93707,0.29172,0.57708,0.93707
12.51118,3.65871,10.18074,0.18265,-0.37134,0.91035,0.92736,0.0,0.0,nan,0.0,0.00349,0.03611,29.50787,1.8953,0.23585,0.77079,0.94842,0.36621,0.52762,0.94842
12.00035,5.41454,-4.00454,0.40464,-0.17591,-0.8974,0.99661,0.0,0.0,nan,0.0,0.01067,0.0357,20.56239,2.47998,0.22098,0.46954,0.50893,0.69853,0.40323,0.50893
13.06829,4.9002,-3.72237,0.43197,-0.23453,-0.87086,0.99549,0.0,0.0,nan,0.0,0.01233,0.03431,20.15246,1.89032,0.23422,0.55543,0.7218,0.71098,0.52901,0.7218
12.83446,5.60577,9.99697,0.15315,0.00443,0.98819,0.99223,0.0,0.0,nan,0.0,0.00923,0.02332,29.7275,1.70308,0.22914,0.49037,0.40136,0.86169,0.58717,0.40136
12.9533,4.95253,10.33745,0.17453,-0.0912,0.98042,0.95948,0.0,0.0,nan,0.0,0.01228,0.02716,27.23322,1.9949,0.22107,0.56253,0.64222,0.86283,0.50128,0.64222
12.7428,7.08271,-4.40387,0.41902,-0.0095,-0.90793,0.98815,0.0,0.0,nan,0.0,0.01417,0.04218,17.84413,1.81269,0.22928,0.41772,0.44532,0.89454,0.55166,0.44532
13.65349,6.79169,-3.88409,0.43501,-0.04277,-0.89941,0.99141,0.0,0.0,nan,0.0,0.01133,0.03345,17.07811,2.10911,0.22923,0.44381,0.75136,0.85637,0.47413,0.75136
12.79185,7.10318,9.61716,0.11436,0.0454,0.9924,0.99019,0.0,0.0,nan,0.0,0.00605,0.02195,32.33659,1.87289,0.22577,0.50088,0.66485,0.58451,0.53393,0.66485
13.11548,6.66296,10.14125,0.13408,0.051,0.98966,0.99192,0.0,0.0,nan,0.0,0.01014,0.02478,34.61724,1.83318,0.22786,0.53875,0.62397,0.80381,0.5455,0.62397
12.4517,8.8031,-4.16871,0.40408,0.26197,-0.87641,0.9907,0.0,0.0,nan,0.0,0.0069,0.02625,14.65165,1.66209,0.22943,0.33592,0.61674,0.88953,0.60165,0.61674
13.23671,9.14152,-3.52921,0.40124,0.29775,-0.86623,0.9961,0.0,0.0,nan,0.0,0.00977,0.03247,13.18584,1.6479,0.22606,0.37592,0.43186,0.9216,0.60683,0.43186
13.00365,8.44401,9.83518,0.09994,0.03809,0.99426,0.99682,0.0,0.0,nan,0.0,0.007,0.0252,31.04793,1.73285,0.23079,0.50399,0.69719,0.58647,0.57708,0.69719
13.03643,9.19061,10.18409,0.07076,0.04428,0.99651,0.98356,0.0,0.0,nan,0.0,0.01016,0.03014,29.46068,1.78982,0.23297,0.5544,0.48274,0.64929,0.55872,0.48274
12.04483,10.0903,-4.07945,0.41768,0.3184,-0.85098,0.99702,0.0,0.0,nan,0.0,0.00662,0.02298,12.9137,1.69974,0.2206,0.35053,0.32646,0.94866,0.58832,0.32646
12.89785,10.89567,-2.7774,0.41502,0.31909,-0.85202,0.99661,0.0,0.0,nan,0.0,0.00828,0.03517,12.00343,1.81269,0.22755,0.38816,0.74025,0.70791,0.55166,0.74025
13.9359,11.9413,-1.97449,0.37962,0.22724,-0.8968,0.99549,0.0,0.0,nan,0.0,0.01115,0.0395,12.44323,1.81269,0.23131,0.41711,0.44856,0.78577,0.55166,0.44856
12.96851,11.10514,9.62582,-0.02277,0.18058,0.9833,0.99682,0.0,0.0,nan,0.0,0.0188,0.05299,21.94547,1.72507,0.22874,0.58323,0.75608,0.67705,0.57969,0.75608
13.30764,10.2177,10.14538,0.04255,0.11691,0.99223,0.97142,0.0,0.0,nan,0.0,0.01236,0.03632,21.5827,2.05029,0.23243,0.56146,0.5651,0.66231,0.48774,0.5651
12.70716,12.91468,-2.40685,0.42878,0.13218,-0.89369,0.99631,0.0,0.0,nan,0.0,0.0135,0.04355,11.44446,1.81269,0.23863,0.48455,0.41041,0.75143,0.55166,0.41041
13.65458,13.08895,-1.81369,0.40432,0.11025,-0.90795,0.99508,0.0,0.0,nan,0.0,0.01328,0.04031,11.87789,1.8516,0.23846,0.47295,0.51476,0.81374,0.54007,0.51476
12.97645,13.03746,9.32071,0.00448,-0.02337,0.99972,0.98978,0.0,0.0,nan,0.0,0.00993,0.03258,26.24444,1.83687,0.23051,0.63876,0.87703,0.86533,0.54441,0.87703
12.92424,15.02837,-2.42084,0.41792,0.01233,-0.9084,0.99722,0.0,0.0,nan,0.0,0.01961,0.05093,9.76099,1.8047,0.23466,0.56581,0.38268,0.81972,0.55411,0.38268
13.86466,15.17465,-1.94038,0.44366,0.01429,-0.89608,0.99722,0.0,0.0,nan,0.0,0.01142,0.03597,12.71377,1.81269,0.23219,0.48658,0.34909,0.75498,0.55166,0.34909
13.04439,14.93956,9.8622,0.15418,-0.03516,0.98742,0.9706,0.0,0.0,nan,0.0,0.02241,0.05216,35.39121,1.6479,0.2358,0.8281,0.66595,0.54808,0.60683,0.66595
12.82511,17.01847,-2.28414,0.39535,-0.03813,-0.91774,0.99722,0.0,0.0,nan,0.0,0.01185,0.03655,10.0594,1.72331,0.23843,0.42098,0.50084,0.92328,0.58028,0.50084
13.76415,16.67872,-1.90564,0.44849,-0.04051,-0.89287,0.99722,0.0,0.0,nan,0.0,0.00935,0.03176,11.04101,1.69558,0.23987,0.41401,0.70581,0.8403,0.58977,0.70581
13.26267,17.1293,9.70449,0.22466,0.20374,0.9529,0.97988,0.0,0.0,nan,0.0,0.00651,0.02766,32.24537,3.59066,0.23751,0.5677,0.72712,0.44068,0.2785,0.72712
13.0294,18.98374,-2.64735,0.37184,-0.07927,-0.9249,0.99692,0.0,0.0,nan,0.0,0.00862,0.02425,12.45143,1.83601,0.23749,0.48642,0.60066,0.84819,0.54466,0.60066
13.16584,19.04138,9.32003,0.2189,0.04272,0.97481,0.99294,0.0,0.0,nan,0.0,0.01014,0.02894,38.15905,1.69548,0.23981,0.52768,0.66405,0.69896,0.5898,0.66405
12.93736,21.01287,-2.4605,0.35673,-0.15337,-0.92153,0.99263,0.0,0.0,nan,0.0,0.00823,0.0211,10.596,2.10395,0.23411,0.48673,0.40429,0.95321,0.4753,0.40429
13.03989,20.95093,9.22996,0.27518,-0.0817,0.95791,0.99641,0.0,0.0,nan,0.0,0.00706,0.02315,32.36798,1.75229,0.23036,0.50978,0.76204,0.66019,0.57068,0.76204
13.0294,22.97989,-3.14888,0.33342,-0.28845,-0.89757,0.99682,0.0,0.0,nan,0.0,0.01585,0.03929,9.77926,2.04019,0.23592,0.50438,0.54734,0.96351,0.49015,0.54734
12.86551,22.96607,9.12663,0.32773,-0.04944,0.94348,0.9959,0.0,0.0,nan,0.0,0.0117,0.03065,33.31291,1.97807,0.2407,0.5743,0.61494,0.70459,0.50554,0.61494
12.00708,23.98493,10.0061,0.33499,-0.07842,0.93895,0.99049,0.0,0.0,nan,0.0,0.00723,0.02467,29.63362,1.86955,0.23354,0.58771,0.76622,0.56119,0.53489,0.76622
12.30925,25.27316,-4.20158,0.33118,-0.23022,-0.91505,0.99702,0.0,0.0,nan,0.0,0.01327,0.03976,7.65006,1.6479,0.24228,0.45447,0.45292,0.92625,0.60683,0.45292
13.20128,24.87661,-3.61615,0.28581,-0.26711,-0.92031,0.99641,0.0,0.0,nan,0.0,0.01004,0.03549,8.07065,1.68969,0.24506,0.36276,0.55014,0.9734,0.59182,0.55014
12.94671,25.02442,8.81192,0.33529,-0.16001,0.92843,0.96254,0.0,0.0,nan,0.0,0.01004,0.02597,28.20577,1.72682,0.23653,0.47108,0.55756,0.87901,0.5791,0.55756
12.08708,24.60449,10.03132,0.31582,-0.11017,0.9424,0.98764,0.0,0.0,nan,0.0,0.00928,0.02831,26.94323,1.93646,0.22945,0.59595,0.59409,0.5908,0.51641,0.59409
12.82499,27.16829,-4.3636,0.27474,-0.20591,-0.93921,0.99682,0.0,0.0,nan,0.0,0.00735,0.02679,6.52001,1.79063,0.23215,0.35867,0.35181,1.0,0.55846,0.35181
13.62693,26.41804,-3.90708,0.23789,-0.23222,-0.94312,0.99682,0.0,0.0,nan,0.0,0.01074,0.03342,7.5692,1.87296,0.23903,0.41337,0.59996,0.98306,0.53391,0.59996
13.55299,26.64126,9.99531,0.26784,-0.15092,0.95157,0.97948,0.0,0.0,nan,0.0,0.00779,0.02374,29.86581,2.9883,0.2398,0.49367,0.5711,0.70872,0.33464,0.5711
12.8543,27.05925,10.14216,0.2422,-0.10933,0.96405,0.98243,0.0,0.0,nan,0.0,0.00633,0.02164,27.35698,3.32033,0.24169,0.57605,0.51282,0.54467,0.30117,0.51282
12.93359,28.97931,-4.61483,0.23144,-0.18062,-0.95594,0.99641,0.0,0.0,nan,0.0,0.01206,0.03505,7.30671,2.05506,0.23099,0.45389,0.36964,0.96558,0.4866,0.36964
12.92704,28.63406,9.53205,0.22244,0.00845,0.97491,0.99682,0.0,0.0,nan,0.0,0.00756,0.01877,30.47881,1.68389,0.24052,0.69755,0.68408,0.61501,0.59386,0.68408
13.22683,29.6039,10.17343,0.20217,-0.01661,0.97921,0.98968,0.0,0.0,nan,0.0,0.00263,0.01441,27.9289,2.07338,0.23787,0.64471,0.89888,0.58026,0.4823,0.89888
12.944,31.00578,-5.10441,0.15296,-0.18874,-0.97004,0.99671,0.0,0.0,nan,0.0,0.00764,0.02331,6.55959,2.35948,0.23276,0.4276,0.57023,1.0,0.42382,0.57023
13.16619,31.30149,9.7297,0.14834,-0.08081,0.98563,0.99325,0.0,0.0,nan,0.0,0.00515,0.02284,27.31174,1.666,0.23389,0.60649,0.79392,0.46391,0.60024,0.79392
12.90709,30.76004,10.12156,0.13644,-0.07463,0.98783,0.9806,0.0,0.0,nan,0.0,0.00315,0.01974,29.55517,1.87213,0.23725,0.64553,0.88954,0.47658,0.53415,0.88954
13.01509,33.00417,-5.52752,0.06788,-0.19906,-0.97763,0.99631,0.0,0.0,nan,0.0,0.00863,0.03166,7.09083,1.92912,0.23045,0.481,0.63756,0.7264,0.51837,0.63756
13.9834,33.67189,9.9615,0.26667,0.0966,0.95893,0.97805,0.0,0.0,nan,0.0,0.00971,0.02612,22.93144,3.42812,0.24757,0.54484,0.43478,0.74212,0.29171,0.43478
13.05006,32.98315,10.46994,0.12326,0.06239,0.99041,0.92277,0.0,0.0,nan,0.0,0.00852,0.03307,28.28825,1.91426,0.24067,0.47849,0.38135,0.57644,0.52239,0.38135
12.71107,35.69324,-6.13957,0.09486,-0.22244,-0.97032,0.99722,0.0,0.0,nan,0.0,0.01182,0.04775,9.16618,1.88192,0.22808,0.33807,0.34238,0.89202,0.53137,0.34238
13.16148,34.84663,-5.80766,0.04809,-0.21237,-0.976,0.99631,0.0,0.0,nan,0.0,0.00887,0.05071,9.15444,1.93568,0.2367,0.49419,0.88343,0.75225,0.51661,0.88343
13.21719,34.91982,9.24574,0.21147,0.12105,0.96986,0.97529,0.0,0.0,nan,0.0,0.0116,0.02403,27.8384,1.96109,0.22829,0.54816,0.42754,0.94349,0.50992,0.42754
12.46785,34.82615,10.07222,0.07823,0.08042,0.99369,0.97121,0.0,0.0,nan,0.0,0.01407,0.02897,34.37559,2.07898,0.22553,0.65868,0.74348,0.78006,0.481,0.74348
12.98396,37.0204,-6.40314,0.10094,-0.20158,-0.97426,0.99692,0.0,0.0,nan,0.0,0.01238,0.06222,9.76752,1.72751,0.22273,0.46892,0.86819,0.82213,0.57887,0.86819
13.74796,36.05751,-5.96643,0.03451,-0.19982,-0.97922,0.99549,0.0,0.0,nan,0.0,0.01312,0.04784,11.09253,1.91495,0.22891,0.43482,0.46066,0.74455,0.52221,0.46066
13.5637,36.70583,9.96397,0.27582,-0.1056,0.95539,0.96601,0.0,0.0,nan,0.0,0.01445,0.03163,28.14935,2.24526,0.23252,0.5364,0.61056,0.91242,0.44538,0.61056
12.73329,37.02719,10.05906,0.13932,-0.14555,0.97949,0.98733,0.0,0.0,nan,0.0,0.01009,0.02591,27.14518,2.19635,0.23273,0.51659,0.44309,0.80936,0.4553,0.44309
13.00049,38.98539,-6.80277,0.08148,-0.14611,-0.98591,0.99712,0.0,0.0,nan,0.0,0.02292,0.06755,8.46023,1.74565,0.23763,0.48815,0.52299,0.85956,0.57285,0.52299
13.79839,39.88068,9.90126,0.28315,0.07342,0.95626,0.98866,0.0,0.0,nan,0.0,0.01376,0.04023,36.08764,1.70967,0.23036,0.57976,0.69592,0.62253,0.58491,0.69592
13.00966,39.00548,10.34449,0.20334,0.03369,0.97853,0.95826,0.0,0.0,nan,0.0,0.00598,0.04053,31.40456,1.70337,0.24249,0.54163,0.88188,0.50144,0.58707,0.88188
13.01223,41.03598,-7.01066,0.07115,-0.12158,-0.99003,0.99529,0.0,0.0,nan,0.0,0.01761,0.07921,11.12984,1.6479,0.22854,0.60483,0.84944,0.63607,0.60683,0.84944
12.77551,41.23302,9.99447,0.11602,0.1114,0.98698,0.99029,0.0,0.0,nan,0.0,0.00667,0.03192,36.10219,2.26689,0.23759,0.61094,0.86933,0.58399,0.44113,0.86933
13.0916,40.82695,10.13452,0.1498,0.1393,0.97885,0.97978,0.0,0.0,nan,0.0,0.00941,0.03702,35.52914,2.27649,0.23435,0.61306,0.84747,0.63647,0.43927,0.84747
12.97996,43.01425,-7.31966,0.12101,-0.12003,-0.98537,0.99427,0.0,0.0,nan,0.0,0.00832,0.03505,9.62042,1.6985,0.23817,0.4323,0.76535,0.6977,0.58876,0.76535
13.01256,42.96626,9.84202,0.16526,-0.04071,0.98541,0.9911,0.0,0.0,nan,0.0,0.01153,0.02546,34.37213,2.42214,0.22455,0.57915,0.48235,0.82707,0.41286,0.48235
12.46331,43.9274,10.01472,0.10447,-0.01181,0.99446,0.98845,0.0,0.0,nan,0.0,0.00983,0.02528,31.76863,2.2634,0.23022,0.51264,0.49888,0.80657,0.44181,0.49888
13.07971,44.95192,-7.50933,0.26318,-0.02976,-0.96429,0.99355,0.0,0.0,nan,0.0,0.00319,0.0242,7.18588,1.6479,0.23625,0.40016,0.45587,0.42067,0.60683,0.45587
13.20653,45.27495,9.78386,0.13319,0.05938,0.98931,0.98641,0.0,0.0,nan,0.0,0.01058,0.03704,31.03502,2.24504,0.23357,0.39481,0.51196,0.77019,0.44543,0.51196
12.67074,44.63743,10.16318,0.11585,0.01367,0.99317,0.98376,0.0,0.0,nan,0.0,0.00796,0.02573,33.58241,2.25295,0.22665,0.43287,0.35017,0.7575,0.44386,0.35017
13.04406,46.96157,-7.38798,0.31822,0.06803,-0.94557,0.98835,0.0,0.0,nan,0.0,0.00518,0.07442,3.23703,1.96318,0.23415,0.71888,0.93989,0.39917,0.50938,0.93989
13.07016,46.98323,9.42569,0.10577,0.13671,0.98495,0.99365,0.0,0.0,nan,0.0,0.01096,0.03088,31.93139,2.06333,0.22957,0.41359,0.45395,0.91186,0.48465,0.45395
13.03486,48.94345,-7.2045,0.28599,0.08898,-0.95409,0.98906,0.0,0.0,nan,0.0,0.0082,0.05027,2.19584,2.41778,0.22957,0.3117,0.45605,1.0,0.4136,0.45605
13.02715,48.97524,9.42207,0.13779,-0.05255,0.98907,0.99529,0.0,0.0,nan,0.0,0.01144,0.03473,31.99452,1.6479,0.23345,0.50041,0.44981,0.69946,0.60683,0.44981
13.05067,51.00834,-6.98123,0.2755,0.10946,-0.95505,0.98937,0.0,0.0,nan,0.0,0.01021,0.06101,2.52263,1.75437,0.22971,0.29993,0.51801,1.0,0.57001,0.51801
12.8695,51.16088,9.63175,0.22294,-0.0171,0.97468,0.99518,0.0,0.0,nan,0.0,0.0049,0.03182,34.14206,1.68848,0.23361,0.66614,0.85739,0.37262,0.59225,0.85739
12.97065,52.98147,-6.8026,0.28013,0.09431,-0.95532,0.97438,0.00077,0.00383,0.7,1.0,0.00455,0.04799,2.65697,1.93585,0.22051,0.16619,0.26532,1.0,0.51657,0.26532
12.91585,52.97358,9.69884,0.24912,0.11831,0.96122,0.98733,0.0,0.0,nan,0.0,0.00807,0.03458,34.88531,2.0764,0.23013,0.63191,0.66932,0.39037,0.4816,0.66932
12.97846,54.89317,-6.62317,0.28181,0.10403,-0.95381,0.97193,0.0,0.0,nan,0.0,0.01083,0.05412,2.50977,1.70843,0.23545,0.35951,0.49062,1.0,0.58533,0.49062
13.073,55.14836,9.43864,0.23515,0.15846,0.95896,0.986,0.0,0.0,nan,0.0,0.00958,0.03135,34.48621,1.6479,0.22667,0.46803,0.37573,0.69082,0.60683,0.37573
12.99932,57.06496,-6.32212,0.27269,0.13874,-0.95205,0.97478,0.0,0.0,nan,0.0,0.0078,0.04307,2.86598,1.6479,0.23073,0.33712,0.55997,0.91252,0.60683,0.55997
13.99453,57.89271,-5.97676,0.28203,0.15781,-0.94634,0.97662,0.0,0.0,nan,0.0,0.00858,0.03662,3.12542,1.81269,0.24056,0.41103,0.55084,0.93521,0.55166,0.55084
13.88631,57.83889,7.98787,0.21839,0.05376,0.97438,0.94888,0.0,0.0,nan,0.0,0.01169,0.03627,34.33958,1.65474,0.24257,0.54778,0.69448,0.62244,0.60433,0.69448
12.9922,57.00818,8.74807,0.20562,0.12622,0.97046,0.99651,0.0,0.0,nan,0.0,0.01595,0.03515,29.35038,1.79368,0.23898,0.51107,0.54025,0.94811,0.55751,0.54025
12.63129,58.67453,-6.16946,0.2495,0.22408,-0.94209,0.98896,0.0,0.0,nan,0.0,0.01309,0.06095,3.30478,2.35867,0.23499,0.37025,0.31563,0.93109,0.42397,0.31563
13.32276,59.42359,-5.8259,0.24775,0.29108,-0.92406,0.99131,0.0,0.0,nan,0.0,0.01063,0.05836,3.65566,1.7957,0.23828,0.50881,0.7335,0.55374,0.55689,0.7335
13.85259,59.20532,7.92145,0.26199,-0.10237,0.95962,0.94908,0.0,0.0,nan,0.0,0.00581,0.0292,28.59197,1.74176,0.23185,0.6012,0.86004,0.5466,0.57413,0.86004
13.0011,58.98969,8.758,0.20369,-0.07857,0.97588,0.996,0.0,0.0,nan,0.0,0.00868,0.02454,19.34867,1.76516,0.24044,0.46919,0.55188,0.83133,0.56652,0.55188
12.99922,61.06777,-5.23239,0.1832,0.58955,-0.78668,0.95622,0.0,0.0,nan,0.0,0.00964,0.05224,4.63398,1.84706,0.23279,0.43372,0.67211,0.60896,0.5414,0.67211
13.06268,60.89408,9.35357,0.19273,-0.0114,0.98119,0.94704,0.0,0.0,nan,0.0,0.00923,0.04189,14.89275,2.54452,0.23378,0.52266,0.34581,0.47812,0.393,0.34581
12.85843,62.14229,-4.238,0.09574,0.83215,-0.54623,0.93959,0.0,0.0,nan,0.0,0.00872,0.04321,5.3566,1.6479,0.24539,0.32492,0.46874,0.85254,0.60683,0.46874
13.06694,62.58871,-2.98429,0.02036,0.94381,-0.32986,0.96367,0.0,0.0,nan,0.0,0.01443,0.05014,6.2298,1.71045,0.24056,0.53841,0.52791,0.70636,0.58464,0.52791
12.98006,62.88781,-0.94733,-0.06888,0.98915,-0.12975,0.9601,0.0,0.0,nan,0.0,0.00851,0.04105,5.25131,2.02537,0.2371,0.53458,0.68328,0.53535,0.49374,0.68328
13.18889,63.07833,1.00598,-0.00764,0.99751,-0.07008,0.94796,0.0,0.0,nan,0.0,0.0065,0.03277,6.77974,1.67694,0.2419,0.46972,0.66873,0.54701,0.59632,0.66873
12.95875,63.31373,3.01958,0.03165,0.99486,-0.0962,0.94643,0.0,0.0,nan,0.0,0.01195,0.04257,7.46571,1.92135,0.234,0.53847,0.38736,0.6608,0.52047,0.38736
13.12694,63.61777,5.04477,0.06076,0.99515,-0.07741,0.96968,0.0,0.0,nan,0.0,0.01022,0.02775,8.75338,1.76378,0.23562,0.55952,0.68372,0.80899,0.56696,0.68372
13.01325,63.69762,6.98866,0.03278,0.98231,0.18437,0.92634,0.0,0.0,nan,0.0,0.01298,0.04227,9.86717,2.73883,0.23378,0.57292,0.42169,0.6447,0.36512,0.42169
13.00905,62.85067,8.73737,0.09987,0.629,0.77096,0.84127,0.0,0.0,nan,0.0,0.01093,0.04239,12.90181,1.6479,0.24474,0.45784,0.49139,0.65036,0.60683,0.49139
14.00834,1.96384,-1.28522,0.64634,-0.74725,-0.15446,0.88513,0.0,0.0,nan,0.0,0.01284,0.02598,26.55892,3.5574,0.23525,0.63789,0.45612,0.83331,0.2811,0.45612
15.06125,1.56214,3.13258,0.00361,-0.97321,-0.22989,0.96367,0.0,0.0,nan,0.0,0.00715,0.02416,18.36335,1.85079,0.23241,0.42428,0.35269,0.77357,0.54031,0.35269
15.05869,1.75052,4.99661,-0.05999,-0.99513,0.07815,0.99223,0.0,0.0,nan,0.0,0.00937,0.04611,13.82972,2.68181,0.22828,0.56425,0.79793,0.48675,0.37288,0.79793
14.96419,1.94709,6.42337,0.0068,-0.96814,0.25033,0.99508,0.0,0.0,nan,0.0,0.01571,0.04204,10.47819,1.81269,0.23913,0.44941,0.34439,0.98999,0.55166,0.34439
14.41323,3.50847,-2.26484,0.66926,-0.56579,-0.48164,0.92899,0.0,0.0,nan,0.0,0.01544,0.04207,30.98185,3.27803,0.24865,0.5883,0.53469,0.6643,0.30506,0.53469
14.50618,3.31889,-1.09885,0.65445,-0.70322,-0.27781,0.98417,0.0,0.0,nan,0.0,0.00838,0.0239,26.73138,1.649,0.24917,0.48001,0.51618,0.78493,0.60643,0.51618
15.00315,3.13488,1.07522,0.33822,-0.82253,-0.45722,0.93337,0.0,0.0,nan,0.0,0.01328,0.03797,23.36887,3.4606,0.24661,0.60145,0.64747,0.63132,0.28897,0.64747
14.93279,2.24815,2.2549,0.09551,-0.90638,-0.41152,0.98233,0.0,0.0,nan,0.0,0.00917,0.02802,16.0474,2.57224,0.23799,0.49752,0.48882,0.73955,0.38877,0.48882
15.03004,2.20679,7.40932,0.08253,-0.90766,0.41151,0.98121,0.0,0.0,nan,0.0,0.01753,0.05133,11.48137,1.6479,0.23087,0.41269,0.25075,0.97163,0.60683,0.25075
14.99614,3.09223,8.98929,0.23922,-0.60996,0.75546,0.93674,0.0,0.0,nan,0.0,0.00405,0.06422,26.35386,1.81269,0.2316,0.58243,0.91507,0.24676,0.55166,0.91507
15.04832,4.86901,-2.99843,0.58923,-0.36853,-0.71902,0.9145,0.0,0.0,nan,0.0,0.01008,0.02875,25.2438,2.71079,0.23406,0.55727,0.71902,0.67879,0.3689,0.71902
15.48981,4.36166,-1.08112,0.58221,-0.6571,-0.4788,0.98039,0.0,0.0,nan,0.0,0.00793,0.02333,22.01613,1.76581,0.23558,0.50031,0.44125,0.74125,0.56631,0.44125
15.7872,4.06386,0.00541,0.45144,-0.75748,-0.47162,0.96795,0.0,0.0,nan,0.0,0.01383,0.04401,19.7768,1.91108,0.23401,0.61225,0.55816,0.56495,0.52327,0.55816
15.15537,4.95919,9.52738,0.31303,-0.11516,0.94273,0.97264,0.0,0.0,nan,0.0,0.01037,0.04004,25.82797,1.85892,0.23072,0.44855,0.4144,0.62234,0.53795,0.4144
14.31909,5.39455,10.14733,0.24917,-0.03694,0.96776,0.95132,0.0,0.0,nan,0.0,0.01043,0.02833,28.8244,1.75451,0.23997,0.47159,0.49093,0.83478,0.56996,0.49093
15.14628,7.00974,-3.07391,0.5192,-0.03611,-0.85389,0.98651,0.0,0.0,nan,0.0,0.01516,0.04411,14.56907,1.81269,0.22104,0.53173,0.73772,0.73501,0.55166,0.73772
15.21726,7.07352,9.1959,0.31793,0.02661,0.94774,0.99325,0.0,0.0,nan,0.0,0.00949,0.02494,29.99537,1.67743,0.2216,0.45446,0.39257,0.8933,0.59615,0.39257
14.35666,6.868,10.16702,0.2707,0.03781,0.96192,0.9808,0.0,0.0,nan,0.0,0.01285,0.03092,31.42385,1.88883,0.22479,0.47541,0.66473,0.92985,0.52943,0.66473
14.94955,8.9898,-2.88333,0.43819,0.22846,-0.86936,0.99518,0.0,0.0,nan,0.0,0.01087,0.03269,11.4762,2.03958,0.23085,0.39353,0.40502,0.99229,0.4903,0.40502
15.10146,8.95733,9.42352,0.28801,-0.06124,0.95567,0.99549,0.0,0.0,nan,0.0,0.0087,0.02798,27.24624,1.66632,0.23397,0.51621,0.43723,0.64634,0.60013,0.43723
14.29074,9.20019,10.0749,0.1924,-0.01292,0.98123,0.9757,0.0,0.0,nan,0.0,0.00649,0.02779,28.10633,1.65949,0.23353,0.51894,0.46735,0.4819,0.60259,0.46735
14.74224,10.63476,-2.26899,0.35774,0.32608,-0.87504,0.99722,0.0,0.0,nan,0.0,0.01772,0.06304,12.89222,2.01335,0.22928,0.5341,0.58545,0.60805,0.49668,0.58545
15.30924,11.38878,-1.70723,0.3905,0.30989,-0.86688,0.99641,0.0,0.0,nan,0.0,0.01714,0.04971,13.25813,2.04601,0.22101,0.48495,0.58695,0.81823,0.48876,0.58695
15.04536,11.10507,9.58204,0.17689,0.10516,0.9786,0.99274,0.0,0.0,nan,0.0,0.00567,0.0391,17.37372,1.88378,0.20679,0.67486,0.90827,0.48552,0.53085,0.90827
14.31433,10.23029,10.05038,0.13936,0.06607,0.98803,0.97172,0.0,0.0,nan,0.0,0.00769,0.03226,22.62314,1.663,0.23268,0.54102,0.75291,0.48424,0.60132,0.75291
15.07224,12.997,-1.53278,0.45165,0.16295,-0.87719,0.99631,0.0,0.0,nan,0.0,0.01025,0.03233,13.11209,1.85473,0.22593,0.37833,0.40873,0.96557,0.53916,0.40873
15.02072,13.10677,9.4353,0.18656,0.07464,0.9796,0.98957,0.0,0.0,nan,0.0,0.00731,0.02644,20.92574,1.73021,0.23305,0.68891,0.90551,0.87488,0.57796,0.90551
14.99239,14.97862,-1.27779,0.49721,0.04662,-0.86638,0.99722,0.0,0.0,nan,0.0,0.01058,0.03915,14.36437,1.6479,0.22821,0.37617,0.45213,0.81803,0.60683,0.45213
14.97082,15.00247,9.41597,0.25059,0.10467,0.96242,0.98743,0.0,0.0,nan,0.0,0.00911,0.03151,31.49832,1.81269,0.24469,0.62267,0.46178,0.49386,0.55166,0.46178
14.08156,17.889,-2.0791,0.43196,-0.09412,-0.89697,0.99722,0.0,0.0,nan,0.0,0.00959,0.02873,11.74724,1.68765,0.23094,0.42171,0.37499,0.92653,0.59254,0.37499
14.99493,16.97471,-1.20895,0.48669,-0.07605,-0.87026,0.99722,0.0,0.0,nan,0.0,0.00796,0.03247,13.47009,1.81269,0.22326,0.28171,0.34609,1.0,0.55166,0.34609
14.91599,16.86162,8.41546,0.26387,0.19041,0.94558,0.9908,0.0,0.0,nan,0.0,0.00782,0.02957,28.56583,3.05048,0.24358,0.57852,0.53556,0.48903,0.32782,0.53556
14.15334,19.17918,-2.14199,0.37487,-0.11842,-0.91948,0.99702,0.0,0.0,nan,0.0,0.00797,0.02215,10.3024,1.70978,0.23637,0.43265,0.2479,0.99309,0.58487,0.2479
15.05983,18.96219,-1.35091,0.41665,-0.16972,-0.89308,0.996,0.0,0.0,nan,0.0,0.00938,0.02899,11.87309,1.81269,0.23934,0.41207,0.45565,0.91738,0.55166,0.45565
14.9861,19.00298,8.45575,0.23003,0.03371,0.9726,0.99274,0.0,0.0,nan,0.0,0.00898,0.03289,32.91101,1.70475,0.2396,0.53942,0.71555,0.53662,0.5866,0.71555
14.64194,21.16817,-2.15109,0.27903,-0.22681,-0.93311,0.99671,0.0,0.0,nan,0.0,0.0066,0.02071,10.48465,1.81269,0.24059,0.40874,0.35877,0.9287,0.55166,0.35877
15.36422,20.60365,-1.7363,0.3176,-0.23218,-0.91936,0.99651,0.0,0.0,nan,0.0,0.00566,0.01938,9.96914,1.89912,0.22791,0.37611,0.35835,0.93284,0.52656,0.35835
14.98918,21.05707,8.53293,0.21846,-0.05233,0.97444,0.99702,0.0,0.0,nan,0.0,0.00974,0.03263,27.23413,1.85986,0.22375,0.4446,0.64262,0.72052,0.53768,0.64262
14.9578,22.94507,-2.68533,0.21079,-0.30954,-0.92723,0.99712,0.0,0.0,nan,0.0,0.01158,0.03432,9.08918,1.85629,0.23511,0.45544,0.43958,0.90425,0.53871,0.43958
15.02094,22.97395,8.94563,0.19511,-0.02356,0.9805,0.99161,0.0,0.0,nan,0.0,0.01245,0.04061,29.36481,2.88853,0.2316,0.5715,0.61204,0.57293,0.3462,0.61204
15.01212,24.99659,-3.39056,0.20337,-0.2889,-0.93551,0.99682,0.0,0.0,nan,0.0,0.01162,0.03723,8.57194,1.86087,0.23525,0.44255,0.7606,0.90056,0.53738,0.7606
14.92668,25.1058,8.66824,0.23083,-0.13133,0.96409,0.99243,0.0,0.0,nan,0.0,0.01169,0.03649,27.33328,2.04119,0.22846,0.52111,0.71611,0.65963,0.48991,0.71611
14.84188,27.62804,-4.11961,0.19119,-0.20708,-0.95946,0.99671,0.0,0.0,nan,0.0,0.01168,0.03984,7.65994,2.03629,0.22728,0.41716,0.7169,0.88592,0.49109,0.7169
15.06089,26.67831,-3.80586,0.17938,-0.2426,-0.9534,0.99722,0.0,0.0,nan,0.0,0.01869,0.04993,7.75667,2.07181,0.23019,0.47232,0.49819,0.997,0.48267,0.49819
14.9529,26.84039,9.00464,0.30595,-0.17877,0.93511,0.99651,0.0,0.0,nan,0.0,0.01335,0.03038,27.16248,2.07723,0.23597,0.56721,0.50943,0.83168,0.48141,0.50943
15.0289,29.00826,-4.36455,0.2299,-0.17806,-0.95679,0.99712,0.0,0.0,nan,0.0,0.01044,0.03581,7.47695,2.085,0.23004,0.47747,0.60423,0.77419,0.47962,0.60423
14.90268,29.01069,9.35189,0.27582,-0.02005,0.961,0.99294,0.0,0.0,nan,0.0,0.0052,0.02123,27.9012,1.71786,0.23658,0.65503,0.88452,0.70355,0.58212,0.88452
14.03901,29.77068,10.03614,0.22417,-0.04458,0.97353,0.9911,0.0,0.0,nan,0.0,0.0019,0.01506,27.29093,1.76656,0.23432,0.58455,0.92664,0.53299,0.56607,0.92664
15.02788,31.10382,-4.69636,0.25557,-0.25224,-0.9333,0.99682,0.0,0.0,nan,0.0,0.01188,0.03844,6.97941,1.68243,0.23221,0.51072,0.46271,0.77868,0.59438,0.46271
14.84821,31.1842,9.10996,0.30637,-0.03809,0.95115,0.99569,0.0,0.0,nan,0.0,0.00524,0.02059,19.62944,2.00856,0.237,0.57923,0.49705,0.48408,0.49787,0.49705
14.04219,30.1235,10.00837,0.22497,-0.06208,0.97239,0.99345,0.0,0.0,nan,0.0,0.00189,0.01409,26.27106,1.86703,0.23191,0.60492,0.92027,0.52525,0.53561,0.92027
15.0618,33.02561,-5.42837,0.17249,-0.30219,-0.93751,0.99274,0.0,0.0,nan,0.0,0.01039,0.03763,7.79611,2.02913,0.22935,0.38216,0.37744,0.9077,0.49282,0.37744
15.03753,33.03937,9.49478,0.31483,0.04877,0.94789,0.99325,0.0,0.0,nan,0.0,0.01083,0.03286,17.91795,3.29405,0.23408,0.62082,0.50967,0.59034,0.30358,0.50967
14.10449,32.66214,10.09079,0.27578,0.02976,0.96076,0.97346,0.0,0.0,nan,0.0,0.00736,0.02676,21.44125,1.87095,0.23793,0.4423,0.327,0.67961,0.53449,0.327
15.24659,35.42467,-6.14483,0.09498,-0.19559,-0.97607,0.99019,0.0,0.0,nan,0.0,0.00961,0.02815,13.65933,1.84907,0.23338,0.58194,0.37517,0.67254,0.54081,0.37517
14.7398,34.68821,-5.86024,0.05914,-0.23539,-0.9701,0.99569,0.0,0.0,nan,0.0,0.01503,0.05054,12.31779,1.8584,0.23231,0.59452,0.56237,0.58146,0.5381,0.56237
14.90968,34.96951,9.00237,0.3206,0.13963,0.93687,0.98641,0.0,0.0,nan,0.0,0.00559,0.01958,24.58109,1.92092,0.23272,0.41813,0.56048,0.73792,0.52058,0.56048
15.0425,36.9864,-6.26187,0.14121,-0.10488,-0.98441,0.99294,0.0,0.0,nan,0.0,0.0067,0.01896,13.88987,3.35908,0.24029,0.53511,0.52284,0.75572,0.2977,0.52284
15.09802,37.28492,8.90668,0.40122,-0.08666,0.91187,0.9911,0.0,0.0,nan,0.0,0.00973,0.03129,34.18991,2.03189,0.23269,0.57525,0.72399,0.57254,0.49215,0.72399
14.10144,37.89444,10.02513,0.3789,-0.09428,0.92062,0.96203,0.0,0.0,nan,0.0,0.00721,0.03496,33.26026,1.88087,0.23479,0.6076,0.86813,0.5783,0.53167,0.86813
15.13305,39.02137,-6.64896,0.33566,-0.02623,-0.94162,0.96989,0.0,0.0,nan,0.0,0.00455,0.0216,16.77389,1.6479,0.24272,0.41039,0.3273,0.57416,0.60683,0.3273
15.98811,39.93256,-5.99827,0.53943,0.00548,-0.84201,0.98468,0.00141,0.00703,0.7,1.0,0.00418,0.01638,20.07971,1.90371,0.23773,0.53123,0.83781,0.73511,0.52529,0.83781
15.16486,39.03856,9.20143,0.44089,-0.06246,0.89538,0.99722,0.0,0.0,nan,0.0,0.01136,0.03177,35.21803,2.11932,0.23097,0.56887,0.71321,0.66432,0.47185,0.71321
14.21093,38.725,10.10383,0.37872,-0.03794,0.92473,0.96295,0.0,0.0,nan,0.0,0.00672,0.03435,34.0709,1.79333,0.23887,0.55351,0.8649,0.59176,0.55762,0.8649
15.16276,40.96932,-6.83714,0.4109,-0.09377,-0.90685,0.97101,0.0,0.0,nan,0.0,0.00293,0.01543,15.87163,1.73868,0.23945,0.405,0.54095,0.52751,0.57515,0.54095
15.86062,40.92534,-5.67874,0.57795,-0.0856,-0.81157,0.98305,0.00161,0.00804,0.7,1.0,0.00696,0.02094,17.76322,3.53372,0.23949,0.54741,0.45747,0.67578,0.28299,0.45747
15.06428,40.88211,9.41376,0.38836,0.07145,0.91873,0.99345,0.0,0.0,nan,0.0,0.015,0.0368,35.27286,1.92296,0.23732,0.59331,0.7276,0.72579,0.52003,0.7276
14.99832,42.98249,-6.93588,0.35762,-0.06657,-0.93149,0.98315,0.0,0.0,nan,0.0,0.00609,0.02836,12.83307,2.07328,0.2297,0.59047,0.76882,0.44743,0.48233,0.76882
15.08329,43.03639,9.05082,0.33371,-0.04176,0.94175,0.99406,0.0,0.0,nan,0.0,0.01,0.03211,29.84515,1.6479,0.24557,0.52151,0.66066,0.63707,0.60683,0.66066
15.002,45.00935,-6.77377,0.36125,0.04812,-0.93123,0.99651,0.0,0.0,nan,0.0,0.00715,0.0473,4.78503,1.90297,0.23343,0.54386,0.83511,0.54166,0.5255,0.83511
15.00711,44.98626,9.58902,0.32854,-0.01773,0.94432,0.9758,0.0,0.0,nan,0.0,0.01024,0.03167,24.69732,1.85665,0.23505,0.44594,0.4393,0.78373,0.5386,0.4393
14.98464,46.99148,-6.67355,0.35988,0.04779,-0.93177,0.99284,0.0,0.0,nan,0.0,0.00537,0.03217,3.67059,1.90922,0.22428,0.37409,0.45212,0.68974,0.52377,0.45212
14.98064,47.00307,9.22083,0.29752,0.10864,0.94851,0.98233,0.0,0.0,nan,0.0,0.00808,0.02707,28.0696,2.4017,0.23139,0.44213,0.49608,0.72333,0.41637,0.49608
15.03121,49.00784,-6.58984,0.35033,0.06633,-0.93428,0.98764,0.01807,0.09035,0.6,1.0,0.01087,0.06376,3.2792,1.81269,0.22966,0.3775,0.3814,0.72734,0.55166,0.3814
14.95297,49.01651,9.06738,0.29678,-0.03118,0.95444,0.9856,0.0,0.0,nan,0.0,0.00632,0.03575,28.39493,1.85377,0.23924,0.43029,0.62661,0.43966,0.53944,0.62661
14.98715,51.01195,-6.40837,0.34388,0.11376,-0.9321,0.98753,0.00999,0.04995,0.51,1.0,0.01181,0.05596,3.41026,1.80901,0.23425,0.37009,0.4669,0.9049,0.55279,0.4669
15.86091,51.71828,-5.94323,0.39928,0.11989,-0.90896,0.98978,0.0,0.0,nan,0.0,0.00666,0.05611,4.29152,1.81269,0.23843,0.31559,0.46279,0.55135,0.55166,0.46279
14.96043,50.95813,9.00999,0.29228,0.05511,0.95474,0.99569,0.0,0.0,nan,0.0,0.00447,0.03061,35.64476,1.70411,0.2326,0.62139,0.90615,0.49608,0.58682,0.90615
14.66202,52.90036,-6.21778,0.34015,0.10542,-0.93445,0.98509,0.0,0.0,nan,0.0,0.01147,0.04838,2.85869,1.81269,0.23427,0.40787,0.61527,0.98764,0.55166,0.61527
15.59211,53.03833,-5.8577,0.38936,0.10559,-0.91501,0.98713,0.00735,0.03675,0.51,1.0,0.00658,0.04505,3.79717,1.82539,0.23461,0.35693,0.32084,0.62516,0.54783,0.32084
15.25824,53.87708,7.89974,0.33473,0.05143,0.94091,0.95663,0.0,0.0,nan,0.0,0.01073,0.02754,34.53939,1.91812,0.23107,0.58223,0.65707,0.7077,0.52134,0.65707
14.92836,53.03709,8.81871,0.32452,0.07252,0.9431,0.99641,0.0,0.0,nan,0.0,0.00885,0.02265,38.2841,2.18432,0.23033,0.57842,0.69173,0.71091,0.45781,0.69173
14.44034,55.03688,-6.14476,0.33107,0.09656,-0.93865,0.97366,0.0,0.0,nan,0.0,0.00701,0.04411,2.38281,1.88523,0.22509,0.29347,0.55202,0.99576,0.53044,0.55202
15.45667,55.09023,-5.74162,0.37097,0.08443,-0.9248,0.97693,0.02666,0.13331,0.51,1.0,0.00959,0.06432,3.28447,1.91424,0.23517,0.4312,0.50075,0.55635,0.5224,0.50075
15.3838,54.30063,7.80626,0.3054,0.03311,0.95165,0.9451,0.0,0.0,nan,0.0,0.01052,0.02856,33.84765,2.04965,0.23197,0.54023,0.67052,0.72204,0.48789,0.67052
14.9729,54.9684,8.78424,0.25335,0.09371,0.96282,0.99498,0.0,0.0,nan,0.0,0.00871,0.03022,35.52488,2.20986,0.23093,0.48151,0.41256,0.63265,0.45252,0.41256
14.1163,56.70502,-6.05551,0.3021,0.11765,-0.94599,0.96999,0.0,0.0,nan,0.0,0.00604,0.03734,2.85864,2.02319,0.23146,0.31113,0.58422,0.88406,0.49427,0.58422
15.09211,57.12881,-5.62963,0.33284,0.11421,-0.93604,0.97703,0.0,0.0,nan,0.0,0.00727,0.05722,4.76787,1.81269,0.23813,0.68178,0.8196,0.34052,0.55166,0.8196
15.95195,57.75741,7.98738,0.24991,0.12292,0.96043,0.996,0.0,0.0,nan,0.0,0.01258,0.03072,36.25132,2.08689,0.22942,0.57209,0.62376,0.75525,0.47918,0.62376
15.04747,56.99289,8.6298,0.18825,0.11959,0.97481,0.98488,0.0,0.0,nan,0.0,0.01359,0.04502,36.33048,2.42032,0.23268,0.51437,0.61609,0.61926,0.41317,0.61609
14.99164,59.09205,-5.47296,0.32955,0.24799,-0.91099,0.98917,0.0,0.0,nan,0.0,0.00465,0.02835,6.18838,1.87973,0.235,0.59529,0.65295,0.36464,0.53199,0.65295
15.97329,59.33379,7.7541,0.28917,-0.02938,0.95683,0.99386,0.0,0.0,nan,0.0,0.01156,0.03298,27.91735,1.82928,0.2309,0.59671,0.47318,0.62963,0.54666,0.47318
15.05539,59.06289,8.42754,0.25307,-0.05016,0.96615,0.99722,0.0,0.0,nan,0.0,0.00787,0.02835,30.71286,1.67604,0.22878,0.59247,0.81576,0.63163,0.59665,0.81576
14.98844,60.98061,-4.75433,0.3377,0.5668,-0.75146,0.95377,0.0,0.0,nan,0.0,0.00451,0.03275,7.36776,1.87531,0.22936,0.42623,0.41402,0.41051,0.53325,0.41402
15.51323,61.86563,-3.69885,0.38417,0.73288,-0.56151,0.94571,0.0,0.0,nan,0.0,0.00408,0.02154,7.76702,2.02282,0.23917,0.31005,0.3604,0.76771,0.49436,0.3604
14.98587,61.00337,8.69033,0.34336,0.05905,0.93735,0.93868,0.0,0.0,nan,0.0,0.01107,0.0421,19.69432,3.62539,0.23445,0.5485,0.68977,0.52822,0.27583,0.68977
14.16042,62.03511,-4.04085,0.1993,0.78608,-0.58511,0.95132,0.0,0.0,nan,0.0,0.00401,0.03078,6.78067,2.92485,0.24017,0.43034,0.78737,0.44494,0.3419,0.78737
14.96509,62.45122,-2.8687,0.26282,0.87352,-0.40974,0.96418,0.0,0.0,nan,0.0,0.00637,0.02687,7.53032,1.93886,0.22965,0.37919,0.65438,0.79071,0.51577,0.65438
15.06208,63.05947,-0.98677,0.20298,0.96501,-0.16599,0.95642,0.0,0.0,nan,0.0,0.00903,0.03474,8.79689,2.00992,0.23857,0.43493,0.51113,0.7336,0.49753,0.51113
15.10353,62.97132,0.99663,0.19794,0.97993,-0.02374,0.986,0.0,0.0,nan,0.0,0.00744,0.02264,9.15415,1.88998,0.2354,0.51336,0.41831,0.78028,0.52911,0.41831
14.96124,62.89591,3.01987,0.23327,0.97215,-0.02264,0.98906,0.0,0.0,nan,0.0,0.00722,0.02295,9.35349,2.04146,0.22971,0.44444,0.37166,0.85985,0.48984,0.37166
14.99091,63.05806,5.03163,0.30039,0.95199,-0.05896,0.99202,0.0,0.0,nan,0.0,0.01109,0.02706,9.50201,2.0724,0.23644,0.50387,0.61883,0.98473,0.48253,0.61883
15.02502,63.15202,7.05978,0.35053,0.88855,0.29598,0.90583,0.0,0.0,nan,0.0,0.00586,0.03164,16.36393,2.6381,0.23324,0.52233,0.72322,0.39771,0.37906,0.72322
14.88887,62.78112,8.53214,0.32949,0.58299,0.74267,0.79343,0.0,0.0,nan,0.0,0.00617,0.02428,16.03489,1.89941,0.23351,0.43412,0.47397,0.65844,0.52648,0.47397
16.97549,1.33094,3.01254,0.1801,-0.93359,-0.3098,0.85137,0.0,0.0,nan,0.0,0.01098,0.0302,15.79602,1.84172,0.23115,0.4096,0.41889,1.0,0.54297,0.41889
17.01442,1.56889,5.02014,0.20634,-0.9732,0.1015,0.94459,0.0,0.0,nan,0.0,0.02427,0.05501,16.03258,1.89559,0.23283,0.54555,0.54548,0.90965,0.52754,0.54548
16.93829,1.70178,6.49828,0.21114,-0.90931,0.35858,0.91807,0.0,0.0,nan,0.0,0.01724,0.05579,16.41989,1.75468,0.24322,0.59949,0.75496,0.58751,0.5699,0.75496
16.95253,3.01247,1.12441,0.25784,-0.70379,-0.66196,0.97876,0.0,0.0,nan,0.0,0.01362,0.05379,14.96879,1.67737,0.23049,0.5622,0.58137,0.51065,0.59617,0.58137
17.45596,2.19876,2.21198,0.32987,-0.79382,-0.51091,0.91104,0.0,0.0,nan,0.0,0.01183,0.03578,16.29019,1.6479,0.23697,0.46009,0.48166,0.80703,0.60683,0.48166
17.17871,2.37374,7.45837,0.35347,-0.75586,0.55113,0.91818,0.0,0.0,nan,0.0,0.01085,0.04415,17.61125,1.71556,0.23753,0.48033,0.60757,0.56987,0.5829,0.60757
16.88239,3.37029,8.56283,0.38732,-0.47364,0.79098,0.91705,0.0,0.0,nan,0.0,0.0111,0.0493,22.57954,1.83868,0.23231,0.66141,0.82505,0.48746,0.54387,0.82505
16.27146,5.45993,-2.24838,0.61443,-0.3845,-0.68894,0.9348,0.0,0.0,nan,0.0,0.00393,0.02663,21.67386,1.90628,0.23629,0.48935,0.85053,0.48534,0.52458,0.85053
16.8094,5.25758,-0.85175,0.56923,-0.51652,-0.63968,0.98539,0.0,0.0,nan,0.0,0.00623,0.0256,20.18435,2.19567,0.23188,0.4472,0.56083,0.5981,0.45544,0.56083
17.33392,4.49575,0.30722,0.44488,-0.61626,-0.64985,0.99335,0.0,0.0,nan,0.0,0.01015,0.04187,18.22019,1.72955,0.24053,0.61364,0.73107,0.43841,0.57818,0.73107
17.05714,4.98289,8.95422,0.46031,-0.08158,0.884,0.95469,0.0,0.0,nan,0.0,0.0153,0.04322,32.09532,1.6479,0.23652,0.57682,0.70171,0.65197,0.60683,0.70171
16.26631,6.92833,-2.12226,0.58857,-0.14912,-0.79458,0.9857,0.0,0.0,nan,0.0,0.01297,0.03972,14.95524,1.86102,0.23978,0.50402,0.53246,0.73453,0.53734,0.53246
17.23654,6.9932,-1.49517,0.59386,-0.20898,-0.77696,0.98906,0.0,0.0,nan,0.0,0.00892,0.03181,15.84898,2.07265,0.23414,0.43473,0.65646,0.72616,0.48247,0.65646
16.99285,7.00668,8.8524,0.45205,0.01719,0.89183,0.98631,0.0,0.0,nan,0.0,0.00889,0.04008,40.11363,1.7395,0.23246,0.7049,0.84757,0.48045,0.57488,0.84757
16.40406,9.00211,-2.25136,0.47173,0.14861,-0.86913,0.9911,0.0,0.0,nan,0.0,0.01312,0.04082,13.63657,1.86017,0.23448,0.44262,0.52053,0.83287,0.53759,0.52053
17.433,9.02544,-1.69849,0.52739,0.12801,-0.83993,0.98172,0.0,0.0,nan,0.0,0.01273,0.04047,15.94003,1.73938,0.22981,0.43858,0.48932,0.80737,0.57492,0.48932
16.98597,9.03204,8.87487,0.44122,-0.10069,0.89173,0.99212,0.0,0.0,nan,0.0,0.01853,0.05609,28.77223,2.12416,0.2286,0.60663,0.39754,0.5824,0.47077,0.39754
16.10795,10.10097,-2.06835,0.42594,0.27612,-0.86159,0.98957,0.0,0.0,nan,0.0,0.00998,0.03759,13.91136,1.70371,0.22812,0.42291,0.47481,0.71784,0.58695,0.47481
17.05559,10.99922,-1.09571,0.52299,0.35914,-0.77298,0.99661,0.0,0.0,nan,0.0,0.01325,0.04176,13.7406,1.7516,0.23361,0.39209,0.38514,0.92699,0.57091,0.38514
17.75488,11.62489,0.13562,0.59436,0.39921,-0.69811,0.99488,0.0,0.0,nan,0.0,0.01307,0.04492,13.50572,1.76407,0.23283,0.38884,0.51435,0.85899,0.56687,0.51435
17.0551,10.99141,9.1423,0.40901,0.0466,0.91134,0.98172,0.0,0.0,nan,0.0,0.01569,0.04434,21.93106,1.81269,0.23203,0.70477,0.51068,0.54797,0.55166,0.51068
16.57796,12.93418,-0.62922,0.59637,0.22494,-0.77055,0.99355,0.0,0.0,nan,0.0,0.01238,0.04895,15.2738,1.6479,0.22446,0.33488,0.47683,0.85395,0.60683,0.47683
17.49488,13.05548,0.55317,0.66387,0.22938,-0.7118,0.98978,0.0,0.0,nan,0.0,0.01228,0.0404,11.73282,2.18901,0.22577,0.36729,0.28308,0.96884,0.45683,0.28308
17.73604,13.7069,7.85336,0.47661,0.06766,0.8765,0.99121,0.0,0.0,nan,0.0,0.00829,0.02887,21.78456,1.8294,0.23305,0.46771,0.55822,0.67001,0.54663,0.55822
17.00756,13.09034,8.7921,0.38276,0.10092,0.91832,0.99539,0.0,0.0,nan,0.0,0.00857,0.02535,21.32517,1.86675,0.22793,0.5648,0.57205,0.65489,0.53569,0.57205
16.37604,14.96675,-0.34244,0.60361,0.02001,-0.79703,0.99702,0.0,0.0,nan,0.0,0.00941,0.03729,13.39071,1.81269,0.23,0.305,0.61756,0.95075,0.55166,0.61756
17.46111,14.95441,0.5537,0.65523,-0.04028,-0.75435,0.99518,0.0,0.0,nan,0.0,0.01098,0.04276,11.36745,1.83151,0.23338,0.37405,0.45041,0.8076,0.546,0.45041
17.97738,14.03853,7.97562,0.49063,0.05329,0.86973,0.99192,0.0,0.0,nan,0.0,0.00844,0.02784,21.8067,1.6479,0.23078,0.48237,0.60566,0.68598,0.60683,0.60566
17.06415,14.9116,8.71233,0.35977,0.06245,0.93095,0.98519,0.0,0.0,nan,0.0,0.01107,0.02809,17.97707,1.6479,0.23235,0.61159,0.52067,0.7163,0.60683,0.52067
16.68787,17.19283,-0.3286,0.50654,-0.16165,-0.84692,0.99712,0.0,0.0,nan,0.0,0.00833,0.04009,13.51112,1.69244,0.23727,0.32266,0.82359,0.96665,0.59086,0.82359
17.53818,16.73305,0.34201,0.57879,-0.18507,-0.7942,0.99722,0.0,0.0,nan,0.0,0.00589,0.03791,13.36561,1.6479,0.23735,0.35781,0.84732,0.72476,0.60683,0.84732
17.07479,16.97336,8.47789,0.26067,0.12337,0.95751,0.98386,0.0,0.0,nan,0.0,0.01254,0.05012,18.5374,1.88021,0.22857,0.4968,0.57429,0.55778,0.53185,0.57429
17.00104,18.99213,-0.69709,0.45479,-0.25655,-0.85285,0.99641,0.0,0.0,nan,0.0,0.01259,0.03834,13.06574,2.54314,0.2303,0.44266,0.45352,0.8552,0.39321,0.45352
17.9359,18.04532,0.04582,0.5463,-0.24254,-0.8017,0.99661,0.0,0.0,nan,0.0,0.00689,0.03042,13.64301,1.6479,0.22927,0.43347,0.84621,0.86599,0.60683,0.84621
17.7901,19.09566,7.94595,0.37431,0.10356,0.9215,0.98723,0.0,0.0,nan,0.0,0.00993,0.04554,22.80246,1.86365,0.23227,0.49892,0.46011,0.47557,0.53658,0.46011
16.79547,18.94608,8.10606,0.24744,0.08494,0.96517,0.99631,0.0,0.0,nan,0.0,0.01394,0.0401,22.84987,1.67624,0.23402,0.52314,0.33431,0.72261,0.59657,0.33431
16.1794,21.93469,-2.05962,0.29048,-0.3065,-0.90647,0.99702,0.0,0.0,nan,0.0,0.0076,0.03695,9.50833,1.97541,0.23624,0.63318,0.82493,0.51687,0.50622,0.82493
17.05769,20.96534,-1.36258,0.39748,-0.3175,-0.86093,0.99539,0.0,0.0,nan,0.0,0.01379,0.04079,10.08691,1.9202,0.22791,0.53741,0.47814,0.75369,0.52078,0.47814
17.45553,21.25063,7.56171,0.43613,-0.03668,0.89914,0.99304,0.0,0.0,nan,0.0,0.0055,0.04849,28.92637,1.93607,0.23,0.56104,0.86599,0.34386,0.51651,0.86599
16.66611,20.90799,8.20664,0.3021,-0.0533,0.95178,0.99274,0.0,0.0,nan,0.0,0.01559,0.0467,26.45282,1.89303,0.23535,0.492,0.70291,0.73005,0.52825,0.70291
16.84633,23.1558,-2.3448,0.38198,-0.29583,-0.87554,0.99019,0.0,0.0,nan,0.0,0.00487,0.04479,12.9951,1.81269,0.24397,0.70967,0.90277,0.34608,0.55166,0.90277
17.66338,22.67612,-1.95581,0.47119,-0.28823,-0.83361,0.98345,0.0,0.0,nan,0.0,0.00483,0.02389,14.73487,2.76008,0.22854,0.73368,0.68359,0.31269,0.36231,0.68359
17.8402,22.46644,7.90928,0.47789,-0.07639,0.87509,0.99121,0.0,0.0,nan,0.0,0.00508,0.05199,27.42556,2.38053,0.23099,0.645,0.91096,0.33495,0.42008,0.91096
16.98053,22.99414,8.46634,0.34452,-0.05028,0.93743,0.98386,0.0,0.0,nan,0.0,0.01531,0.04532,18.69206,3.0051,0.22055,0.67446,0.8561,0.83976,0.33277,0.8561
17.09971,24.96447,-2.8266,0.35781,-0.34119,-0.86923,0.99457,0.0,0.0,nan,0.0,0.0061,0.02342,13.02086,2.23084,0.23607,0.5085,0.68805,0.59064,0.44826,0.68805
17.86015,24.44746,-1.84258,0.44997,-0.36077,-0.81693,0.99498,0.0,0.0,nan,0.0,0.00489,0.01598,15.49593,1.9028,0.23215,0.63909,0.7173,0.54082,0.52554,0.7173
17.69323,25.65948,7.81105,0.47801,-0.02354,0.87804,0.99549,0.0,0.0,nan,0.0,0.00817,0.03253,25.09257,1.84081,0.22769,0.61623,0.88823,0.78943,0.54324,0.88823
17.00985,25.03988,8.42131,0.34306,-0.03833,0.93853,0.99335,0.0,0.0,nan,0.0,0.00865,0.02514,23.28841,2.0492,0.2255,0.62345,0.81606,0.76035,0.488,0.81606
16.02606,27.99566,-4.009,0.24646,-0.15674,-0.9564,0.9958,0.0,0.0,nan,0.0,0.01102,0.04131,7.61555,1.76841,0.23349,0.3621,0.38816,0.93004,0.56548,0.38816
17.05742,27.00114,-3.65789,0.30525,-0.20603,-0.92972,0.99008,0.0,0.0,nan,0.0,0.00855,0.0464,8.78205,1.68605,0.24437,0.48316,0.81083,0.58169,0.5931,0.81083
17.87495,26.12724,7.93739,0.50343,-0.02759,0.8636,0.99467,0.0,0.0,nan,0.0,0.00997,0.03098,26.20142,1.77489,0.22991,0.63257,0.85313,0.81705,0.56342,0.85313
16.98494,27.02652,8.60815,0.41492,-0.10247,0.90407,0.98498,0.0,0.0,nan,0.0,0.01795,0.03729,28.8934,1.84309,0.22473,0.59507,0.45199,0.86489,0.54257,0.45199
16.16165,29.03257,-4.05848,0.30076,-0.12903,-0.94493,0.99661,0.0,0.0,nan,0.0,0.01133,0.04099,6.99169,2.05317,0.22854,0.41653,0.33244,0.85373,0.48705,0.33244
17.18351,29.03372,-3.65355,0.38598,-0.07358,-0.91957,0.99682,0.0,0.0,nan,0.0,0.0142,0.04793,7.24502,1.90639,0.2293,0.44946,0.55194,0.84087,0.52455,0.55194
17.99357,29.88978,7.30783,0.63437,-0.07912,0.76897,0.98468,0.0,0.0,nan,0.0,0.00794,0.021,21.28711,1.86612,0.23174,0.58687,0.59179,0.70444,0.53587,0.59179
17.01873,28.96634,8.7428,0.46529,-0.02893,0.88468,0.98386,0.0,0.0,nan,0.0,0.01539,0.03979,27.53108,1.80813,0.2405,0.6795,0.7562,0.62295,0.55306,0.7562
16.51057,31.29591,-4.20632,0.41326,-0.23312,-0.88027,0.99651,0.0,0.0,nan,0.0,0.00979,0.04454,7.8362,2.0783,0.22331,0.32434,0.56299,0.85098,0.48116,0.56299
17.35469,30.79666,-3.64872,0.47074,-0.14997,-0.86943,0.9962,0.0,0.0,nan,0.0,0.01084,0.04901,7.63152,2.00301,0.22919,0.32477,0.39033,0.8597,0.49925,0.39033
17.00291,31.05338,8.75463,0.42881,-0.06633,0.90095,0.98682,0.0,0.0,nan,0.0,0.00672,0.03213,23.93384,2.09464,0.22434,0.62895,0.64947,0.36018,0.47741,0.64947
16.99976,33.10095,-4.66881,0.45551,-0.36085,-0.81382,0.996,0.0,0.0,nan,0.0,0.01494,0.05134,8.15369,2.03435,0.23308,0.44995,0.70884,0.80532,0.49156,0.70884
17.87785,32.34234,-3.90978,0.55106,-0.26772,-0.79036,0.99529,0.0,0.0,nan,0.0,0.00967,0.04357,8.71772,1.71538,0.23436,0.31798,0.7309,0.85806,0.58296,0.7309
16.98994,32.9786,8.92035,0.42224,0.06485,0.90416,0.97866,0.0,0.0,nan,0.0,0.00896,0.0303,21.93614,1.81269,0.23733,0.54598,0.63558,0.59068,0.55166,0.63558
16.43321,35.53865,-6.09327,0.26289,-0.18702,-0.94653,0.95867,0.0,0.0,nan,0.0,0.00819,0.02948,13.50831,1.69362,0.23516,0.52294,0.69704,0.60979,0.59045,0.69704
17.27836,34.79825,-5.55962,0.42486,-0.27692,-0.86186,0.96744,0.0,0.0,nan,0.0,0.00656,0.03445,12.83126,1.86359,0.24036,0.52057,0.56382,0.42275,0.5366,0.56382
17.86329,35.68011,7.58453,0.63181,0.06069,0.77275,0.9911,0.0,0.0,nan,0.0,0.01352,0.04078,36.0539,2.38118,0.23772,0.60065,0.73823,0.58235,0.41996,0.73823
17.02932,35.00634,8.76758,0.43748,0.13632,0.88883,0.96642,0.0,0.0,nan,0.0,0.01361,0.04184,33.41106,1.73461,0.23853,0.65196,0.65378,0.52894,0.5765,0.65378
16.45726,37.00045,-6.33362,0.30861,-0.01216,-0.95111,0.9452,0.0,0.0,nan,0.0,0.00709,0.02111,14.79429,1.69514,0.23376,0.46545,0.53844,0.81873,0.58992,0.53844
17.27991,37.06392,-5.63051,0.48024,0.06162,-0.87497,0.97754,0.0,0.0,nan,0.0,0.00623,0.02188,15.04475,1.91719,0.23029,0.5357,0.72328,0.60242,0.5216,0.72328
16.90905,37.16981,7.99832,0.45674,-0.00729,0.88957,0.99029,0.0,0.0,nan,0.0,0.01117,0.03145,34.55264,1.97888,0.22936,0.62978,0.6739,0.59677,0.50534,0.6739
17.0446,36.97498,8.216,0.45557,0.00756,0.89017,0.99121,0.0,0.0,nan,0.0,0.0114,0.03633,34.88225,1.6479,0.23912,0.63423,0.71004,0.52337,0.60683,0.71004
16.16989,38.66369,-6.23608,0.43934,0.08062,-0.89469,0.96387,0.0,0.0,nan,0.0,0.00532,0.02986,20.55211,1.81269,0.23657,0.53284,0.8097,0.4532,0.55166,0.8097
17.03,39.12558,-5.24,0.61627,0.16877,-0.76924,0.98437,0.00096,0.0048,0.7,1.0,0.00773,0.02288,23.6472,1.6479,0.2439,0.5928,0.77191,0.6649,0.60683,0.77191
17.93774,39.78112,-3.89274,0.68513,0.16772,-0.70884,0.96438,0.01207,0.06035,0.6,1.0,0.01692,0.04519,26.97615,1.93742,0.22248,0.45782,0.65286,0.87831,0.51615,0.65286
17.94109,39.72787,7.94574,0.62207,0.04618,0.7816,0.96591,0.0,0.0,nan,0.0,0.01919,0.05187,36.46696,1.67255,0.23741,0.7614,0.75496,0.52087,0.59789,0.75496
16.99409,39.01683,8.44544,0.4797,-0.03234,0.87684,0.98866,0.0,0.0,nan,0.0,0.01318,0.03576,36.90589,3.58321,0.24493,0.67899,0.71718,0.57201,0.27908,0.71718
16.28513,41.72177,-6.20511,0.56532,-0.13981,-0.81293,0.98335,0.0,0.0,nan,0.0,0.00351,0.01462,14.38648,3.49817,0.23592,0.48076,0.50468,0.56861,0.28586,0.50468
16.95493,40.99993,-5.07682,0.69547,-0.09331,-0.71247,0.98152,0.0,0.0,nan,0.0,0.00552,0.02364,22.67724,1.88873,0.24609,0.47012,0.82313,0.70556,0.52946,0.82313
17.8333,40.75674,-3.85339,0.70563,-0.04059,-0.70742,0.94796,0.0,0.0,nan,0.0,0.00811,0.03244,31.88353,1.91841,0.23338,0.45829,0.86332,0.90904,0.52127,0.86332
17.98853,41.44011,6.62408,0.7454,0.02002,0.66632,0.96234,0.0,0.0,nan,0.0,0.00952,0.02894,33.46848,1.71294,0.23122,0.64171,0.76643,0.57333,0.58379,0.76643
17.02776,40.97781,8.58642,0.51872,0.05452,0.8532,0.96458,0.0,0.0,nan,0.0,0.00955,0.05438,46.28974,2.23688,0.22571,0.74492,0.8463,0.35541,0.44705,0.8463
16.50553,43.08593,-6.29594,0.50861,-0.12472,-0.85192,0.98509,0.0,0.0,nan,0.0,0.00351,0.02026,11.58108,3.04588,0.24133,0.69009,0.60272,0.29447,0.32831,0.60272
17.4712,42.97571,-5.66439,0.58993,-0.20807,-0.78019,0.97693,0.0,0.0,nan,0.0,0.0043,0.02372,14.29311,2.89973,0.23707,0.55232,0.51015,0.37437,0.34486,0.51015
17.99735,42.69735,6.96784,0.69795,-0.06091,0.71356,0.98896,0.0,0.0,nan,0.0,0.01204,0.03933,32.28141,3.39847,0.24007,0.6075,0.68976,0.53514,0.29425,0.68976
16.94305,43.00238,8.30104,0.53933,-0.05501,0.8403,0.99192,0.0,0.0,nan,0.0,0.00247,0.02914,38.85373,1.81366,0.23572,0.7569,0.91021,0.24157,0.55137,0.91021
16.49134,44.95854,-6.21628,0.43901,0.03649,-0.89774,0.99641,0.0,0.0,nan,0.0,0.00704,0.02827,4.61312,2.19258,0.21765,0.40321,0.3042,0.88534,0.45608,0.3042
17.4317,45.01297,-5.70384,0.5195,0.01242,-0.85438,0.99569,0.0,0.0,nan,0.0,0.00951,0.03516,4.64871,2.152,0.22283,0.4821,0.61037,0.80254,0.46468,0.61037
17.24876,45.8178,7.95392,0.57029,0.05746,0.81943,0.9958,0.0,0.0,nan,0.0,0.0064,0.02248,33.56309,2.02739,0.23226,0.7402,0.79409,0.47416,0.49325,0.79409
16.70174,44.9108,8.4917,0.48021,-0.0054,0.87714,0.98927,0.0,0.0,nan,0.0,0.00854,0.02246,20.98847,2.89427,0.2398,0.57155,0.59088,0.72878,0.34551,0.59088
16.33404,46.93491,-6.16442,0.41928,0.04553,-0.90672,0.99651,0.00342,0.01711,0.6,1.0,0.00627,0.03067,4.60352,1.7254,0.22439,0.34515,0.43041,0.84943,0.57958,0.43041
17.2864,47.03203,-5.52661,0.49871,0.04482,-0.86561,0.99671,0.0,0.0,nan,0.0,0.00637,0.03339,4.83168,1.80672,0.22243,0.31279,0.68113,0.8619,0.55349,0.68113
17.10737,47.12783,7.4746,0.5725,0.02769,0.81944,0.97387,0.0,0.0,nan,0.0,0.00955,0.02185,31.74966,2.07115,0.23276,0.68277,0.77094,0.7289,0.48282,0.77094
16.61001,47.02753,8.82329,0.43092,0.07008,0.89967,0.9911,0.0,0.0,nan,0.0,0.00466,0.01161,23.54096,2.08541,0.2316,0.51631,0.52055,0.84384,0.47952,0.52055
16.23155,48.95372,-6.09047,0.42067,0.06265,-0.90505,0.9958,0.0,0.0,nan,0.0,0.00735,0.0476,4.35597,1.82733,0.22934,0.30156,0.54022,0.74709,0.54725,0.54022
17.22575,49.01987,-5.59581,0.49824,0.06871,-0.86431,0.996,0.00976,0.0488,0.6,1.0,0.00835,0.04821,4.6237,2.02944,0.21794,0.27149,0.50132,0.91439,0.49275,0.50132
17.34044,48.36694,7.71872,0.56358,0.0126,0.82597,0.9958,0.0,0.0,nan,0.0,0.0081,0.02008,26.41513,2.05528,0.23313,0.45846,0.47948,0.94661,0.48655,0.47948
16.80063,49.16389,8.49705,0.48613,-0.00594,0.87387,0.98407,0.0,0.0,nan,0.0,0.00708,0.01732,29.24401,3.17489,0.23545,0.4541,0.28877,0.96224,0.31497,0.28877
16.16808,50.38355,-6.05609,0.41486,0.10242,-0.9041,0.996,0.00602,0.03011,0.6,1.0,0.0116,0.06474,4.30769,1.6479,0.23724,0.32534,0.32449,0.8066,0.60683,0.32449
17.13219,51.05252,-5.48867,0.49579,0.11163,-0.86124,0.99651,0.0,0.0,nan,0.0,0.01048,0.05931,5.04289,1.65369,0.23004,0.28933,0.27561,0.85265,0.60471,0.27561
17.86463,51.36302,7.3164,0.66224,0.08372,0.7446,0.9908,0.0,0.0,nan,0.0,0.00739,0.02322,23.66308,1.81269,0.2387,0.42177,0.47655,0.81815,0.55166,0.47655
16.85036,50.97434,8.34082,0.53725,0.09348,0.83822,0.98396,0.0,0.0,nan,0.0,0.01321,0.03061,31.72966,1.71631,0.23702,0.5582,0.38935,0.82165,0.58265,0.38935
17.07249,52.99387,-5.17591,0.49322,0.09335,-0.86488,0.99345,0.0,0.0,nan,0.0,0.01469,0.07075,5.0725,2.03544,0.23129,0.37067,0.55473,0.7812,0.49129,0.55473
17.78314,52.86047,7.22715,0.60735,-0.07614,0.79078,0.9756,0.0,0.0,nan,0.0,0.00665,0.02562,22.99717,1.66747,0.23801,0.38322,0.35005,0.73636,0.59971,0.35005
16.79676,52.94893,8.47781,0.45935,1e-05,0.88826,0.97223,0.0,0.0,nan,0.0,0.0067,0.01965,33.36102,1.93051,0.23377,0.4968,0.34425,0.72708,0.518,0.34425
17.09789,54.98314,-5.03709,0.48971,0.07741,-0.86844,0.98968,0.0,0.0,nan,0.0,0.00879,0.04045,6.97459,1.89598,0.24413,0.49848,0.55161,0.56106,0.52743,0.55161
17.33055,54.20517,7.90392,0.43944,-0.13144,0.8886,0.98876,0.0,0.0,nan,0.0,0.00722,0.02849,26.33718,2.23723,0.23302,0.46088,0.41944,0.59134,0.44698,0.41944
16.93433,55.07288,8.47298,0.32289,-0.02094,0.9462,0.96336,0.0,0.0,nan,0.0,0.00756,0.02789,28.79122,1.81269,0.23747,0.44809,0.53969,0.64682,0.55166,0.53969
17.25172,57.07546,-4.90637,0.5358,0.15112,-0.83071,0.9856,0.0,0.0,nan,0.0,0.00591,0.03003,8.46282,1.8859,0.22448,0.53212,0.8523,0.68009,0.53025,0.8523
17.95308,57.76534,-3.95686,0.62833,0.2362,-0.74122,0.99488,0.0,0.0,nan,0.0,0.0099,0.02876,10.04701,1.68116,0.23118,0.4454,0.58403,0.92668,0.59483,0.58403
17.11052,57.6119,7.95079,0.39825,0.1468,0.90546,0.98611,0.0,0.0,nan,0.0,0.00692,0.02661,33.23868,2.24212,0.22692,0.62929,0.8847,0.77066,0.44601,0.8847
16.83106,56.67308,8.09501,0.3329,0.13164,0.93373,0.97937,0.0,0.0,nan,0.0,0.01459,0.03834,37.66597,1.6479,0.23905,0.5764,0.5702,0.69512,0.60683,0.5702
16.96205,58.93536,-4.6786,0.5664,0.27531,-0.77679,0.97754,0.0,0.0,nan,0.0,0.00863,0.02946,8.90045,1.89188,0.23864,0.51676,0.37957,0.6941,0.52857,0.37957
17.68606,59.29371,-3.68438,0.65848,0.366,-0.65761,0.98927,0.0,0.0,nan,0.0,0.00788,0.02619,9.91356,1.72608,0.23304,0.36167,0.32119,1.0,0.57935,0.32119
16.94314,58.95936,7.37843,0.3925,0.00535,0.91973,0.9856,0.0,0.0,nan,0.0,0.00814,0.02918,29.6106,2.00534,0.22647,0.59098,0.7994,0.59847,0.49867,0.7994
16.03424,58.95265,8.15878,0.27585,0.00064,0.9612,0.99559,0.0,0.0,nan,0.0,0.01239,0.03415,31.8128,1.81269,0.21786,0.59709,0.51655,0.64587,0.55166,0.51655
16.52493,60.57014,-4.39642,0.52931,0.49506,-0.68901,0.93878,0.0,0.0,nan,0.0,0.00409,0.02405,8.60502,2.03791,0.23393,0.29939,0.3215,0.69937,0.4907,0.3215
17.00468,61.01097,-3.01472,0.59187,0.61321,-0.52314,0.98917,0.0,0.0,nan,0.0,0.00633,0.02285,9.90751,1.89883,0.23328,0.34408,0.31261,0.96764,0.52664,0.31261
17.5146,61.60117,-1.22457,0.58406,0.75597,-0.2956,0.99294,0.0,0.0,nan,0.0,0.01675,0.03826,10.09184,1.72215,0.2456,0.53447,0.46679,0.98166,0.58067,0.46679
17.78123,61.83692,0.89168,0.51908,0.84614,-0.12085,0.99671,0.0,0.0,nan,0.0,0.00659,0.0209,11.41017,2.07019,0.22599,0.37991,0.36029,0.9751,0.48305,0.36029
17.79276,61.99855,2.49235,0.42283,0.90159,-0.09143,0.99539,0.0,0.0,nan,0.0,0.00967,0.02655,11.92388,1.6479,0.23605,0.44143,0.43292,0.9629,0.60683,0.43292
17.82698,61.95895,4.2035,0.34548,0.93796,-0.0296,0.99467,0.0,0.0,nan,0.0,0.01274,0.06229,14.54396,3.06392,0.2346,0.70714,0.85437,0.49412,0.32638,0.85437
17.28755,60.97315,7.72225,0.46284,0.24168,0.85286,0.88574,0.0,0.0,nan,0.0,0.0111,0.04462,27.94474,2.85376,0.22798,0.60982,0.72346,0.43706,0.35042,0.72346
16.25914,61.01379,8.17768,0.41676,0.16025,0.89478,0.89563,0.0,0.0,nan,0.0,0.00847,0.08106,26.58375,2.17791,0.23608,0.65117,0.91508,0.36568,0.45916,0.91508
16.20937,62.20851,-2.37092,0.45639,0.807,-0.37479,0.96693,0.0,0.0,nan,0.0,0.01231,0.03436,9.34527,2.18257,0.23454,0.46296,0.5048,0.9397,0.45818,0.5048
16.62592,62.43955,-0.90456,0.45547,0.86347,-0.21671,0.9755,0.0,0.0,nan,0.0,0.00989,0.02406,9.86307,3.4606,0.25005,0.4946,0.672,1.0,0.28897,0.672
16.97413,62.50616,1.00219,0.42629,0.90252,-0.06103,0.98937,0.0,0.0,nan,0.0,0.00743,0.02062,10.55509,1.81269,0.22504,0.43373,0.36,0.9882,0.55166,0.36
16.92193,62.36031,2.96656,0.33944,0.94021,-0.02789,0.99661,0.0,0.0,nan,0.0,0.00892,0.02234,11.23962,1.6479,0.23461,0.4921,0.55127,0.95542,0.60683,0.55127
16.93885,62.32697,4.99285,0.3111,0.9498,0.03319,0.98957,0.0,0.0,nan,0.0,0.01181,0.09054,13.3767,2.09729,0.22678,0.63694,0.80079,0.28118,0.4768,0.80079
16.93874,62.42677,7.01846,0.46552,0.75163,0.46727,0.85229,0.0,0.0,nan,0.0,0.01057,0.02912,18.23348,3.41762,0.23609,0.47327,0.62321,0.85099,0.2926,0.62321
16.24278,62.16983,8.12921,0.46015,0.45324,0.76344,0.80231,0.0,0.0,nan,0.0,0.01033,0.04531,26.65489,1.86794,0.2391,0.65134,0.8553,0.5676,0.53535,0.8553
18.26394,1.83301,3.65197,0.52594,-0.82802,-0.19436,0.86891,0.0,0.0,nan,0.0,0.00717,0.02549,15.81715,1.6479,0.23035,0.33304,0.4278,0.95156,0.60683,0.4278
18.37714,1.81357,4.97495,0.55288,-0.82833,0.0905,0.86432,0.0,0.0,nan,0.0,0.01522,0.03721,17.64587,1.6977,0.23175,0.48901,0.74978,0.93095,0.58903,0.74978
18.18565,1.95341,6.10573,0.50958,-0.80128,0.3135,0.87065,0.0,0.0,nan,0.0,0.01137,0.03302,16.79787,1.6479,0.23042,0.46955,0.67985,0.82053,0.60683,0.67985
18.60056,3.46895,1.49684,0.59133,-0.57412,-0.56632,0.93745,0.0,0.0,nan,0.0,0.00782,0.02487,13.98641,1.70637,0.23038,0.38673,0.407,0.92948,0.58604,0.407
19.0165,2.90165,2.95707,0.72952,-0.61151,-0.30636,0.93195,0.0,0.0,nan,0.0,0.00809,0.02478,14.93281,2.6808,0.23045,0.38567,0.60351,0.95961,0.37302,0.60351
19.30919,3.02756,4.98445,0.8449,-0.52771,0.08751,0.92073,0.0,0.0,nan,0.0,0.01318,0.03147,17.58388,1.6479,0.2352,0.48356,0.39223,0.96453,0.60683,0.39223
18.73666,3.09235,6.93985,0.70081,-0.51253,0.49617,0.88452,0.0,0.0,nan,0.0,0.0099,0.03463,16.60282,1.87166,0.23291,0.39783,0.69655,0.80539,0.53429,0.69655
18.0921,3.78544,8.16333,0.59987,-0.33422,0.72694,0.89104,0.0,0.0,nan,0.0,0.00943,0.04255,18.79799,1.88634,0.234,0.46674,0.56241,0.5251,0.53013,0.56241
18.28171,5.93555,-0.2873,0.59127,-0.38161,-0.71047,0.99192,0.0,0.0,nan,0.0,0.01419,0.03224,14.44387,1.6479,0.23061,0.54532,0.41999,0.9192,0.60683,0.41999
19.16339,5.03915,0.84929,0.6982,-0.44005,-0.56469,0.95408,0.0,0.0,nan,0.0,0.01356,0.03918,17.65745,1.6479,0.24737,0.53468,0.67502,0.72037,0.60683,0.67502
19.59441,4.69198,2.97777,0.91841,-0.34474,-0.19412,0.97672,0.0,0.0,nan,0.0,0.01109,0.03838,24.56008,2.16729,0.23003,0.68518,0.67928,0.45621,0.46141,0.67928
19.98933,4.99213,5.30288,0.96002,-0.1589,0.23046,0.96071,0.0,0.0,nan,0.0,0.00805,0.02548,20.36015,1.81285,0.23679,0.38899,0.34824,0.89228,0.55162,0.34824
19.32847,5.02091,7.1703,0.84439,-0.09582,0.52709,0.94622,0.0,0.0,nan,0.0,0.01373,0.03194,21.7291,1.89517,0.22448,0.51826,0.47802,0.90579,0.52766,0.47802
18.27128,5.16595,8.20553,0.65054,-0.07728,0.75553,0.9554,0.0,0.0,nan,0.0,0.00615,0.02324,24.58588,1.81269,0.23155,0.4788,0.46931,0.59799,0.55166,0.46931
18.71791,7.03239,-0.5305,0.64406,-0.22864,-0.73001,0.98223,0.0,0.0,nan,0.0,0.01952,0.04338,17.13754,2.22705,0.23021,0.62265,0.44457,0.80679,0.44903,0.44457
19.75812,6.82692,0.29304,0.78244,-0.23444,-0.57691,0.9193,0.0,0.0,nan,0.0,0.00749,0.04444,27.0638,1.86479,0.24431,0.67201,0.85222,0.40029,0.53625,0.85222
19.87193,7.52751,2.93856,0.99473,-0.0996,0.02415,0.99314,0.0,0.0,nan,0.0,0.01141,0.02535,24.70699,1.81269,0.23432,0.52165,0.43892,0.93257,0.55166,0.43892
19.97696,6.83822,5.08782,0.95851,-0.03253,0.28319,0.98447,0.0,0.0,nan,0.0,0.00829,0.02374,23.94366,1.93695,0.2259,0.41481,0.29275,0.91196,0.51628,0.29275
18.95745,6.93114,6.9152,0.83894,0.01067,0.54412,0.98682,0.0,0.0,nan,0.0,0.01193,0.03081,28.62905,2.03889,0.23261,0.44222,0.55004,0.93708,0.49046,0.55004
18.37537,7.03313,8.41289,0.62369,0.02404,0.78131,0.9552,0.0,0.0,nan,0.0,0.01172,0.02467,32.6463,1.65072,0.22313,0.60786,0.72611,0.82948,0.60579,0.72611
18.83101,9.0369,-0.71669,0.63375,0.1208,-0.76404,0.9655,0.0,0.0,nan,0.0,0.01575,0.0464,16.23184,1.82164,0.23092,0.44712,0.51674,0.85261,0.54895,0.51674
19.67929,9.08294,0.35507,0.80356,0.08996,-0.58839,0.95948,0.0,0.0,nan,0.0,0.00861,0.03944,27.84733,1.81269,0.23887,0.55214,0.69373,0.42368,0.55166,0.69373
19.99238,8.02317,3.32451,0.99158,-0.08998,0.0931,0.99314,0.0,0.0,nan,0.0,0.01265,0.02712,22.86044,2.76131,0.23585,0.55904,0.68579,0.90753,0.36215,0.68579
19.63532,8.84193,5.05946,0.94159,-0.15781,0.2975,0.98784,0.0,0.0,nan,0.0,0.00864,0.02445,26.51818,1.91582,0.22636,0.44679,0.52223,0.85007,0.52197,0.52223
19.08021,9.08033,6.96653,0.82261,-0.14406,0.55006,0.99243,0.0,0.0,nan,0.0,0.01494,0.0327,33.56295,1.68742,0.23391,0.53953,0.61956,0.89732,0.59262,0.61956
18.12575,8.73256,8.22112,0.60567,-0.11539,0.7873,0.98203,0.0,0.0,nan,0.0,0.01493,0.02994,32.92553,1.99174,0.22765,0.6304,0.41315,0.8391,0.50207,0.41315
18.47682,10.47177,-0.54339,0.58785,0.34913,-0.72976,0.98376,0.0,0.0,nan,0.0,0.0123,0.03881,15.57059,2.00374,0.23121,0.39005,0.51554,0.9166,0.49907,0.51554
19.21828,11.20334,0.70563,0.66284,0.39698,-0.63487,0.98223,0.0,0.0,nan,0.0,0.01161,0.05075,19.82718,1.86009,0.23331,0.55048,0.51212,0.4573,0.53761,0.51212
19.95067,11.96976,2.00308,0.77801,0.30574,-0.54884,0.96418,0.0,0.0,nan,0.0,0.00706,0.03134,16.47108,1.70617,0.2366,0.43409,0.5576,0.58227,0.58611,0.5576
19.43739,10.96472,7.82326,0.71821,-0.06545,0.69274,0.93715,0.0,0.0,nan,0.0,0.02092,0.06142,30.36561,1.98811,0.23287,0.59859,0.59521,0.60663,0.50299,0.59521
18.36759,10.98224,8.3246,0.57285,0.00189,0.81966,0.98417,0.0,0.0,nan,0.0,0.01679,0.0487,27.91356,2.3362,0.22655,0.63708,0.56747,0.5799,0.42805,0.56747
18.60822,12.73698,1.50689,0.65526,0.29019,-0.69744,0.98794,0.0,0.0,nan,0.0,0.01186,0.04123,12.18219,1.6479,0.23853,0.44674,0.43688,0.74951,0.60683,0.43688
19.46302,13.11904,2.45277,0.74805,0.22612,-0.62393,0.98131,0.0,0.0,nan,0.0,0.0136,0.05848,12.5516,1.65872,0.23359,0.53304,0.35129,0.50585,0.60287,0.35129
19.30368,13.229,7.54261,0.6532,0.08153,0.75278,0.97081,0.0,0.0,nan,0.0,0.0125,0.04378,26.52336,1.88575,0.23353,0.50503,0.72118,0.60791,0.53029,0.72118
18.28742,12.67978,8.25597,0.51139,0.0985,0.85369,0.98968,0.0,0.0,nan,0.0,0.00935,0.0335,24.55188,1.90836,0.23519,0.47878,0.72385,0.63041,0.52401,0.72385
18.52344,15.09978,1.56955,0.66455,-0.09306,-0.74143,0.99447,0.0,0.0,nan,0.0,0.01319,0.03672,8.87847,1.67273,0.23249,0.50316,0.48482,0.8749,0.59783,0.48482
19.52723,14.94425,2.33817,0.74041,-0.07999,-0.66738,0.98764,0.0,0.0,nan,0.0,0.0109,0.04193,10.0338,3.38424,0.25371,0.60626,0.75161,0.51695,0.29549,0.75161
19.23753,14.90559,7.57297,0.6416,0.0185,0.76682,0.96958,0.0,0.0,nan,0.0,0.0086,0.03606,21.90136,1.82296,0.23275,0.4491,0.44095,0.57969,0.54856,0.44095
18.10561,15.16895,8.11341,0.48042,0.02391,0.87671,0.9858,0.0,0.0,nan,0.0,0.00687,0.02848,18.70243,1.6479,0.23776,0.46652,0.43594,0.57274,0.60683,0.43594
18.9521,17.10495,1.1534,0.63947,-0.23635,-0.73159,0.99671,0.0,0.0,nan,0.0,0.00914,0.03016,11.77054,2.22855,0.23318,0.52306,0.6809,0.67779,0.44872,0.6809
19.77646,16.59609,2.25779,0.77469,-0.19162,-0.60261,0.97866,0.0,0.0,nan,0.0,0.00472,0.0603,21.49368,1.6479,0.23115,0.63823,0.91597,0.28575,0.60683,0.91597
19.15143,17.04344,7.46563,0.62586,0.06155,0.7775,0.96958,0.0,0.0,nan,0.0,0.01001,0.08098,14.43485,1.6479,0.22767,0.61608,0.91925,0.49849,0.60683,0.91925
18.14445,16.81524,8.0777,0.43015,0.08496,0.89875,0.97591,0.0,0.0,nan,0.0,0.01645,0.05791,14.44345,1.87634,0.2293,0.54833,0.61616,0.58983,0.53295,0.61616
18.25901,19.34524,-0.1791,0.5536,-0.28008,-0.78427,0.9958,0.0,0.0,nan,0.0,0.00896,0.02937,13.06144,1.6479,0.2287,0.39993,0.64616,0.87931,0.60683,0.64616
18.93606,18.84727,0.81448,0.63689,-0.25614,-0.72716,0.99702,0.0,0.0,nan,0.0,0.00999,0.03297,12.87751,1.6479,0.2325,0.42857,0.71154,0.8172,0.60683,0.71154
19.1238,19.01792,7.41321,0.59785,0.12324,0.79208,0.95989,0.0,0.0,nan,0.0,0.01228,0.05786,23.94225,2.20191,0.22653,0.53927,0.50197,0.42633,0.45415,0.50197
18.6664,21.10694,-0.61519,0.60789,-0.26598,-0.74815,0.99049,0.0,0.0,nan,0.0,0.00999,0.03586,11.55984,1.6479,0.23465,0.47723,0.58064,0.68476,0.60683,0.58064
19.5132,20.87247,0.5135,0.70842,-0.23225,-0.66648,0.99314,0.0,0.0,nan,0.0,0.00989,0.06246,18.05977,1.6479,0.242,0.41217,0.44115,0.42661,0.60683,0.44115
19.99421,20.57163,3.95748,0.98366,-0.01326,0.17956,0.96938,0.0,0.0,nan,0.0,0.00933,0.03119,28.68436,3.37484,0.2371,0.50571,0.39629,0.63291,0.29631,0.39629
19.78687,21.19416,5.34133,0.87506,-0.02114,0.48356,0.98794,0.0,0.0,nan,0.0,0.01003,0.03355,32.6578,2.56661,0.22706,0.61436,0.74939,0.51662,0.38962,0.74939
18.87735,20.96257,6.93367,0.66678,0.02932,0.74468,0.98407,0.0,0.0,nan,0.0,0.01427,0.04769,29.41488,1.91285,0.22985,0.58241,0.74077,0.54875,0.52278,0.74077
18.84868,23.08565,-0.83,0.61543,-0.30781,-0.7256,0.9958,0.0,0.0,nan,0.0,0.00598,0.0201,21.49358,2.55983,0.23272,0.7025,0.69305,0.46313,0.39065,0.69305
19.7196,22.68464,0.29251,0.74367,-0.25513,-0.61795,0.99386,0.0,0.0,nan,0.0,0.00499,0.0292,23.61411,1.90095,0.23092,0.647,0.85975,0.44192,0.52605,0.85975
19.93923,22.15742,5.92076,0.8305,-0.08562,0.5504,0.98621,0.0,0.0,nan,0.0,0.00604,0.03799,30.29478,1.89707,0.22963,0.75641,0.88464,0.39345,0.52713,0.88464
19.07721,22.87058,7.20184,0.65328,-0.0806,0.75281,0.98192,0.0,0.0,nan,0.0,0.0028,0.05511,28.9604,2.09174,0.22067,0.74082,0.98798,0.30764,0.47807,0.98798
18.06067,23.66608,8.02674,0.47966,-0.05406,0.87579,0.97733,0.0,0.0,nan,0.0,0.01347,0.06689,18.97661,2.07369,0.21531,0.82705,0.91765,0.58087,0.48223,0.91765
18.71997,25.49282,-2.37915,0.47971,-0.34265,-0.80775,0.99355,0.0,0.0,nan,0.0,0.00384,0.01504,15.28127,2.05559,0.22958,0.65753,0.7204,0.43973,0.48648,0.7204
19.07617,24.68252,-1.39452,0.59227,-0.37575,-0.71276,0.99447,0.0,0.0,nan,0.0,0.00454,0.0158,19.33678,2.37289,0.23079,0.65761,0.75681,0.49346,0.42143,0.75681
19.8027,25.7159,5.77,0.8204,-0.00106,0.57178,0.9959,0.0,0.0,nan,0.0,0.00383,0.0316,19.37981,1.8758,0.22974,0.7921,0.95644,0.49752,0.53311,0.95644
19.12679,25.13666,7.15843,0.67115,0.01152,0.74123,0.9859,0.0,0.0,nan,0.0,0.00359,0.03338,20.88921,1.90555,0.22162,0.71627,0.97981,0.6215,0.52478,0.97981
18.10018,24.69846,8.09387,0.47976,-0.0087,0.87735,0.97988,0.0,0.0,nan,0.0,0.00758,0.03575,22.32634,2.03172,0.22187,0.68213,0.92195,0.7525,0.49219,0.92195
19.06554,26.98089,-2.79781,0.50818,-0.19627,-0.83859,0.97213,0.0,0.0,nan,0.0,0.00265,0.0366,10.22937,1.70503,0.24284,0.61833,0.91273,0.29198,0.5865,0.91273
19.92205,26.29363,-1.919,0.62542,-0.27463,-0.73036,0.95938,0.0,0.0,nan,0.0,0.00455,0.03813,20.32128,1.67436,0.2444,0.7479,0.86815,0.28151,0.59724,0.86815
19.88253,26.11262,5.85137,0.8131,-0.00682,0.58208,0.99406,0.0,0.0,nan,0.0,0.00508,0.03148,19.37471,1.8525,0.23018,0.78894,0.92671,0.5191,0.53981,0.92671
19.03389,26.99618,7.1362,0.66944,0.01552,0.7427,0.9908,0.0,0.0,nan,0.0,0.0063,0.02556,21.78956,1.70714,0.22659,0.68127,0.88273,0.68606,0.58578,0.88273
18.0974,27.15307,8.05888,0.55835,-0.0322,0.82898,0.97917,0.0,0.0,nan,0.0,0.01366,0.02538,24.81803,1.6479,0.23105,0.64796,0.70632,0.89741,0.60683,0.70632
19.02976,29.04072,-2.72198,0.53757,-0.01003,-0.84316,0.99671,0.0,0.0,nan,0.0,0.01842,0.05933,6.34779,1.94683,0.2305,0.56879,0.38984,0.71794,0.51365,0.38984
18.8066,29.02951,6.8959,0.68536,-0.01752,0.728,0.99559,0.0,0.0,nan,0.0,0.00951,0.02308,21.03113,1.98246,0.23351,0.60506,0.63952,0.74576,0.50442,0.63952
18.12175,29.12055,8.16596,0.60609,-0.04366,0.7942,0.99151,0.0,0.0,nan,0.0,0.00917,0.02138,22.71514,1.88827,0.23008,0.56468,0.43293,0.82632,0.52959,0.43293
19.03177,30.99683,-2.71312,0.60475,-0.05394,-0.79459,0.99661,0.0,0.0,nan,0.0,0.00884,0.04302,8.05433,2.09004,0.22877,0.34951,0.40564,0.73406,0.47846,0.40564
19.9943,31.73087,-1.9902,0.73169,-0.06194,-0.67882,0.9911,0.0,0.0,nan,0.0,0.00997,0.03159,8.96796,1.88007,0.23237,0.42118,0.32789,0.91614,0.5319,0.32789
19.97343,30.96339,5.96353,0.7958,-0.04501,0.60389,0.99427,0.0,0.0,nan,0.0,0.01191,0.03752,20.26387,2.04878,0.23542,0.74256,0.52675,0.46973,0.48809,0.52675
19.13113,30.91526,7.21727,0.71926,-0.05282,0.69273,0.99518,0.0,0.0,nan,0.0,0.00859,0.02499,25.1717,1.9005,0.22841,0.61138,0.504,0.60677,0.52618,0.504
18.15265,31.19366,8.07305,0.6149,-0.06148,0.78621,0.9911,0.0,0.0,nan,0.0,0.00762,0.02943,28.85459,2.45278,0.2311,0.47732,0.50389,0.57976,0.4077,0.50389
18.1946,33.71248,-4.13837,0.58708,-0.34823,-0.7308,0.99661,0.0,0.0,nan,0.0,0.01632,0.04483,9.5217,1.6479,0.23685,0.50693,0.40378,0.86925,0.60683,0.40378
19.00423,32.97499,-2.96907,0.64853,-0.25673,-0.71659,0.9961,0.0,0.0,nan,0.0,0.00869,0.02882,8.84579,1.93436,0.23148,0.38569,0.61599,0.95878,0.51697,0.61599
19.87259,32.76207,-1.87549,0.74515,-0.18086,-0.6419,0.99008,0.0,0.0,nan,0.0,0.0123,0.03179,9.0454,1.90033,0.23812,0.5509,0.69205,0.85763,0.52622,0.69205
19.95835,33.69864,5.98736,0.77932,0.15027,0.60834,0.99304,0.0,0.0,nan,0.0,0.01277,0.04084,24.14843,1.71198,0.23403,0.6285,0.45208,0.53877,0.58412,0.45208
19.11453,33.07623,7.02254,0.75213,0.12367,0.6473,0.99376,0.0,0.0,nan,0.0,0.01877,0.04969,25.57959,2.49084,0.22689,0.6661,0.55008,0.61128,0.40147,0.55008
18.35081,32.9046,8.32825,0.62634,0.07354,0.77607,0.95765,0.0,0.0,nan,0.0,0.00712,0.04336,28.63458,1.68988,0.23263,0.56739,0.86103,0.48004,0.59176,0.86103
18.66685,35.15297,-4.59384,0.63352,-0.22147,-0.74135,0.98713,0.0,0.0,nan,0.0,0.00943,0.02676,8.09379,2.42636,0.23912,0.54993,0.69001,0.79905,0.41214,0.69001
19.59035,34.71547,-3.62091,0.69535,-0.25796,-0.67078,0.98988,0.0,0.0,nan,0.0,0.0069,0.02077,8.05092,3.62539,0.23655,0.53042,0.70435,0.78187,0.27583,0.70435
19.70778,35.07698,5.72831,0.75645,0.06227,0.65108,0.99406,0.0,0.0,nan,0.0,0.01511,0.04549,22.5285,1.64906,0.23137,0.55026,0.55226,0.65747,0.60641,0.55226
18.67826,34.99728,6.82741,0.74836,0.09471,0.6565,0.99029,0.0,0.0,nan,0.0,0.01751,0.051,29.86823,1.85378,0.2288,0.61014,0.59326,0.60021,0.53944,0.59326
18.15907,34.78941,8.23341,0.63771,0.13348,0.75862,0.94928,0.0,0.0,nan,0.0,0.00951,0.04178,34.32223,1.72411,0.23841,0.62384,0.8816,0.66731,0.58001,0.8816
18.75959,36.96686,-4.74648,0.66032,0.11142,-0.74267,0.97591,0.0,0.0,nan,0.0,0.00683,0.02445,10.18035,2.0522,0.2264,0.61264,0.3421,0.54571,0.48728,0.3421
19.53597,37.10075,-3.53184,0.73283,0.14194,-0.66544,0.99559,0.0,0.0,nan,0.0,0.00757,0.0394,12.68987,1.98171,0.22208,0.47839,0.67276,0.46495,0.50462,0.67276
19.89695,36.70327,5.93212,0.76647,-0.05428,0.63998,0.99569,0.0,0.0,nan,0.0,0.0125,0.05387,20.56884,1.81629,0.23135,0.69567,0.89537,0.68451,0.55057,0.89537
18.93862,36.96137,6.97855,0.71492,-0.04189,0.69795,0.98294,0.0,0.0,nan,0.0,0.01251,0.05317,25.7311,1.78635,0.22449,0.47919,0.57965,0.52899,0.5598,0.57965
18.0609,36.48685,8.06502,0.59601,0.01434,0.80285,0.97132,0.0,0.0,nan,0.0,0.01048,0.03086,30.56001,1.73157,0.23888,0.59318,0.60659,0.6103,0.57751,0.60659
18.47728,38.61081,-4.57089,0.65279,0.27472,-0.70597,0.99518,0.01152,0.05758,0.7,1.0,0.00971,0.04061,21.69896,2.0172,0.22758,0.50501,0.60213,0.51717,0.49574,0.60213
19.10688,39.13932,-3.14715,0.72412,0.28409,-0.62845,0.99325,0.0008,0.00401,0.6,1.0,0.01032,0.04769,25.57354,1.86998,0.22913,0.35177,0.47346,0.66313,0.53477,0.47346
19.97672,39.53325,-0.05835,0.92676,0.28673,-0.24267,0.94337,0.0,0.0,nan,0.0,0.0082,0.02688,32.57201,2.1838,0.2187,0.42827,0.50315,0.75586,0.45792,0.50315
19.971,39.50364,0.09596,0.93067,0.28934,-0.22391,0.93286,0.0,0.0,nan,0.0,0.00821,0.02742,32.69005,2.14669,0.21933,0.43351,0.55296,0.73252,0.46583,0.55296
19.5682,39.64294,5.66995,0.80092,0.15907,0.57725,0.99692,0.0,0.0,nan,0.0,0.01481,0.04151,26.47754,1.81269,0.22824,0.55575,0.39359,0.69064,0.55166,0.39359
18.9054,39.04832,6.90151,0.72943,0.08618,0.67861,0.99019,0.0,0.0,nan,0.0,0.01703,0.05133,25.27623,1.81269,0.23054,0.55061,0.57335,0.65009,0.55166,0.57335
18.05429,38.69403,8.05703,0.57748,0.00982,0.81634,0.96418,0.0,0.0,nan,0.0,0.01313,0.03799,30.87303,2.69265,0.23399,0.58244,0.3959,0.63183,0.37138,0.3959
18.12036,41.83316,-4.24509,0.68413,-0.25296,-0.68409,0.98692,0.0,0.0,nan,0.0,0.00654,0.03098,27.85148,1.6479,0.23958,0.51231,0.79979,0.52523,0.60683,0.79979
18.91741,40.9796,-2.831,0.78427,-0.0921,-0.61354,0.95449,0.0,0.0,nan,0.0,0.017,0.04474,32.33671,1.81269,0.23303,0.42344,0.70656,0.95278,0.55166,0.70656
19.97138,40.97343,-1.58131,0.89635,-0.02889,-0.44241,0.96713,0.0034,0.01699,0.6,1.0,0.01333,0.03785,32.03637,1.6479,0.23929,0.41092,0.45387,0.91045,0.60683,0.45387
19.64564,40.98941,5.71386,0.80152,0.07533,0.59321,0.9959,0.0,0.0,nan,0.0,0.01012,0.02818,31.44438,1.6479,0.22758,0.53964,0.60512,0.70778,0.60683,0.60512
18.47897,40.9744,6.67541,0.76335,0.06053,0.64314,0.99233,0.0,0.0,nan,0.0,0.01116,0.02869,31.42205,1.81269,0.2322,0.59427,0.68638,0.6959,0.55166,0.68638
18.03593,41.68206,8.02076,0.66865,0.00924,0.74352,0.95704,0.0,0.0,nan,0.0,0.00544,0.03659,38.55969,1.94853,0.22904,0.7076,0.89982,0.42422,0.51321,0.89982
18.75738,42.98525,-4.64181,0.67303,-0.27855,-0.68515,0.98305,0.0,0.0,nan,0.0,0.0042,0.02802,17.90031,3.55795,0.25063,0.42548,0.64043,0.39121,0.28106,0.64043
19.31507,42.66181,-3.25834,0.7463,-0.31887,-0.58426,0.99416,0.0,0.0,nan,0.0,0.00649,0.03124,21.6919,1.86942,0.23725,0.46735,0.67859,0.48574,0.53493,0.67859
19.87255,42.05838,-1.87187,0.86968,-0.25878,-0.42035,0.98325,0.0,0.0,nan,0.0,0.0118,0.03637,27.7607,3.06918,0.24596,0.5155,0.58331,0.67493,0.32582,0.58331
19.47686,42.69557,5.6491,0.81308,-0.06478,0.57853,0.99712,0.0,0.0,nan,0.0,0.0076,0.02874,32.89539,1.6479,0.23156,0.46564,0.55672,0.60266,0.60683,0.55672
18.62183,43.11152,6.87777,0.75198,-0.05964,0.65649,0.98978,0.0,0.0,nan,0.0,0.00761,0.02626,36.27412,1.65669,0.23786,0.52152,0.75413,0.5944,0.60361,0.75413
18.0548,42.39442,8.06412,0.64764,-0.03646,0.76107,0.95795,0.0,0.0,nan,0.0,0.00419,0.03731,40.27798,1.6479,0.23919,0.6865,0.91301,0.35866,0.60683,0.91301
18.86798,45.01517,-4.70044,0.63899,-0.0487,-0.76767,0.98713,0.0,0.0,nan,0.0,0.00833,0.14556,6.7664,3.3233,0.2356,0.67347,0.93404,0.26766,0.30091,0.93404
19.83469,44.96952,-3.82898,0.73844,-0.07301,-0.67035,0.98386,0.0,0.0,nan,0.0,0.00298,0.0527,9.36593,1.84332,0.23927,0.68446,0.93998,0.2554,0.5425,0.93998
19.79146,45.1359,5.28426,0.88789,0.06081,0.45602,0.99467,0.0,0.0,nan,0.0,0.00839,0.02546,26.60704,2.05372,0.23096,0.52276,0.37525,0.67747,0.48692,0.37525
18.90825,44.98793,6.99111,0.76536,-0.02379,0.64316,0.96652,0.0,0.0,nan,0.0,0.01381,0.03413,28.56134,3.20287,0.24073,0.59361,0.48979,0.72929,0.31222,0.48979
18.07514,44.94935,8.04367,0.62166,0.01329,0.78317,0.95755,0.0,0.0,nan,0.0,0.00654,0.0263,29.31621,2.37335,0.23235,0.61917,0.80786,0.52632,0.42135,0.80786
18.84928,47.02203,-4.68913,0.63051,0.04807,-0.77469,0.99702,0.0,0.0,nan,0.0,0.00968,0.05323,4.77551,1.7345,0.22676,0.34166,0.52371,0.75502,0.57654,0.52371
19.81792,47.08139,-3.78989,0.75263,0.06165,-0.65555,0.98886,0.0,0.0,nan,0.0,0.01878,0.08556,3.90576,2.11073,0.22865,0.50292,0.78773,0.75049,0.47377,0.78773
19.93859,47.8623,0.84987,0.99765,-0.00485,0.06839,0.91542,0.0,0.0,nan,0.0,0.00666,0.01654,14.5789,3.23378,0.23097,0.54961,0.74164,0.83362,0.30924,0.74164
19.83449,47.79348,3.80346,0.95922,0.01021,0.28247,0.98733,0.0,0.0,nan,0.0,0.00563,0.01908,17.871,1.84749,0.23269,0.52447,0.52466,0.62577,0.54127,0.52466
19.57028,47.06602,5.06256,0.90442,0.01565,0.42637,0.99376,0.0,0.0,nan,0.0,0.00738,0.02638,25.16018,2.67645,0.2354,0.49464,0.52881,0.61018,0.37363,0.52881
19.104,46.93407,6.86292,0.77,0.06927,0.63427,0.96764,0.0,0.0,nan,0.0,0.01069,0.02776,37.04491,1.77947,0.23956,0.60122,0.63842,0.67545,0.56196,0.63842
18.7005,49.00753,-4.59715,0.63417,0.07731,-0.76932,0.9958,0.0,0.0,nan,0.0,0.01189,0.06409,4.77779,1.88169,0.22582,0.26917,0.49646,0.97767,0.53144,0.49646
19.65962,49.05535,-3.63763,0.75619,0.07843,-0.64963,0.99396,0.0,0.0,nan,0.0,0.02421,0.0934,4.32696,2.06758,0.22773,0.4747,0.76122,0.82834,0.48366,0.76122
19.90843,48.20735,0.79199,0.99672,-0.046,0.06654,0.91563,0.0,0.0,nan,0.0,0.00568,0.01571,14.54508,3.38114,0.22654,0.57148,0.78599,0.81296,0.29576,0.78599
19.88332,48.112,3.86042,0.95854,-0.00763,0.28484,0.98937,0.0,0.0,nan,0.0,0.00485,0.02178,18.01702,3.54018,0.24562,0.55178,0.80358,0.54158,0.28247,0.80358
19.70281,48.69766,5.19782,0.89537,-0.01038,0.44521,0.99304,0.0,0.0,nan,0.0,0.007,0.02312,20.10978,3.38437,0.23488,0.49952,0.40502,0.6664,0.29548,0.40502
18.72359,49.04738,6.77656,0.74551,0.02202,0.66613,0.98458,0.0,0.0,nan,0.0,0.0073,0.02354,34.82402,3.18846,0.23678,0.57398,0.52157,0.57097,0.31363,0.52157
18.06622,49.82029,8.038,0.62437,0.04353,0.77992,0.9499,0.0,0.0,nan,0.0,0.0102,0.02236,27.75397,3.06308,0.23248,0.52309,0.60748,0.93484,0.32647,0.60748
18.57185,50.94946,-4.49939,0.62712,0.09867,-0.77265,0.99661,0.0,0.0,nan,0.0,0.01653,0.07848,4.94144,1.85735,0.23176,0.30213,0.38529,0.9794,0.5384,0.38529
19.56938,51.04182,-3.52574,0.73223,0.07187,-0.67726,0.99529,0.0,0.0,nan,0.0,0.02141,0.09714,6.23451,1.85217,0.22763,0.51392,0.72403,0.56647,0.53991,0.72403
19.66084,51.10398,5.61246,0.79605,0.0353,0.6042,0.98356,0.0,0.0,nan,0.0,0.00783,0.02583,18.00862,2.22563,0.22544,0.55933,0.47825,0.60196,0.44931,0.47825
18.51522,50.75253,6.49314,0.74013,0.09286,0.66602,0.99437,0.0,0.0,nan,0.0,0.01486,0.03831,21.30969,2.24772,0.23109,0.61276,0.71765,0.69248,0.44489,0.71765
18.06061,50.14684,8.04405,0.63489,0.05642,0.77054,0.93878,0.0,0.0,nan,0.0,0.01079,0.02693,25.92159,2.78263,0.23257,0.47544,0.55215,0.90732,0.35937,0.55215
18.39482,52.97324,-4.28114,0.59458,0.0671,-0.80123,0.996,0.0,0.0,nan,0.0,0.01233,0.06313,5.49488,1.95201,0.229,0.45095,0.85042,0.87064,0.51229,0.85042
19.3997,53.01638,-3.49309,0.68751,0.03451,-0.72535,0.99396,0.0,0.0,nan,0.0,0.01219,0.05945,6.68185,1.86315,0.23472,0.47556,0.62902,0.56021,0.53673,0.62902
19.47679,52.90287,5.72155,0.77835,-0.14959,0.60975,0.986,0.0,0.0,nan,0.0,0.0089,0.02671,18.43233,1.85004,0.23838,0.54128,0.53109,0.68255,0.54053,0.53109
18.6297,53.25625,6.51867,0.69324,-0.17933,0.69804,0.9907,0.0,0.0,nan,0.0,0.01175,0.03355,19.92359,2.90047,0.24,0.52918,0.37804,0.7285,0.34477,0.37804
18.3908,54.96499,-4.32945,0.57141,0.07914,-0.81684,0.996,0.0,0.0,nan,0.0,0.01017,0.03417,7.82009,1.78827,0.23513,0.49229,0.52533,0.7591,0.5592,0.52533
19.34236,55.06031,-3.60975,0.66106,0.08658,-0.74532,0.98345,0.0,0.0,nan,0.0,0.0093,0.04619,10.01051,1.90372,0.23184,0.62454,0.73237,0.38681,0.52529,0.73237
19.86681,54.24774,5.78646,0.82654,-0.14725,0.54327,0.96754,0.0,0.0,nan,0.0,0.01162,0.03288,26.71148,3.38398,0.23872,0.69088,0.66254,0.54974,0.29551,0.66254
19.22743,54.89432,7.20151,0.69733,-0.09653,0.71022,0.93857,0.0,0.0,nan,0.0,0.00833,0.02903,21.81227,3.62279,0.24331,0.45568,0.34424,0.68757,0.27603,0.34424
18.24783,55.42224,8.13242,0.51938,0.00787,0.85451,0.89135,0.0,0.0,nan,0.0,0.00847,0.0319,27.07436,2.03626,0.23063,0.53536,0.51814,0.53281,0.4911,0.51814
18.12451,56.43663,-4.1216,0.58343,0.16386,-0.79547,0.99631,0.0,0.0,nan,0.0,0.0101,0.02867,9.6636,1.88015,0.23016,0.49096,0.57584,0.86607,0.53187,0.57584
19.08586,57.07854,-3.242,0.7021,0.25958,-0.66308,0.9808,0.0,0.0,nan,0.0,0.00729,0.03308,13.52206,1.66741,0.25243,0.64322,0.79256,0.45504,0.59973,0.79256
19.93356,57.78889,-0.45644,0.91197,0.2602,-0.31719,0.99692,0.0,0.0,nan,0.0,0.01074,0.0254,17.15985,1.65233,0.23898,0.5559,0.62449,0.84895,0.60521,0.62449
19.98007,57.99456,0.07802,0.92729,0.25692,-0.27225,0.99376,0.0,0.0,nan,0.0,0.00838,0.02132,17.01057,1.70054,0.24306,0.47557,0.40269,0.92423,0.58805,0.40269
19.49757,57.20955,5.68144,0.82738,0.06678,0.55766,0.99457,0.0,0.0,nan,0.0,0.00943,0.0238,26.6892,1.9106,0.23122,0.566,0.5496,0.75229,0.52339,0.5496
18.80937,57.04398,6.85131,0.65814,0.12733,0.74205,0.98305,0.0,0.0,nan,0.0,0.01147,0.03028,24.29682,1.90772,0.23294,0.58672,0.4075,0.6989,0.52419,0.4075
18.19975,56.27164,8.10551,0.50814,0.11126,0.85406,0.9141,0.0,0.0,nan,0.0,0.00911,0.03093,27.71571,2.08655,0.21968,0.57355,0.77268,0.59384,0.47926,0.77268
18.68292,58.87462,-2.68226,0.7224,0.37695,-0.5797,0.99212,0.0,0.0,nan,0.0,0.00805,0.03777,12.77068,1.74141,0.23539,0.52925,0.80385,0.56287,0.57425,0.80385
19.69969,59.10127,-1.12553,0.83545,0.38911,-0.3881,0.9911,0.0,0.0,nan,0.0,0.00519,0.02049,14.82086,1.71968,0.23766,0.40747,0.3717,0.70628,0.5815,0.3717
19.94805,58.44256,0.14299,0.90841,0.30441,-0.28658,0.99488,0.0,0.0,nan,0.0,0.007,0.01928,16.78296,1.73149,0.2372,0.44443,0.41508,0.91455,0.57754,0.41508
19.81765,58.82405,5.574,0.81643,-0.01562,0.57724,0.98713,0.0,0.0,nan,0.0,0.01555,0.04416,25.79602,1.71343,0.22498,0.64651,0.5499,0.58699,0.58362,0.5499
18.96206,58.9756,6.7229,0.63876,0.00777,0.76937,0.97876,0.0,0.0,nan,0.0,0.00857,0.02731,24.46956,2.00677,0.23087,0.53457,0.72846,0.63486,0.49831,0.72846
18.36197,60.32293,-2.31715,0.68687,0.53046,-0.49681,0.98417,0.0,0.0,nan,0.0,0.01717,0.04317,10.7732,1.69631,0.23193,0.47868,0.74379,0.9853,0.58951,0.74379
18.88396,60.76409,-0.90435,0.69843,0.63538,-0.32938,0.96866,0.0,0.0,nan,0.0,0.01217,0.03658,11.69657,1.72376,0.24868,0.51033,0.49535,0.76366,0.58013,0.49535
18.97873,60.93727,1.03714,0.65407,0.7241,-0.21881,0.9909,0.0,0.0,nan,0.0,0.00728,0.02351,14.70361,1.6479,0.23921,0.4358,0.61893,0.80657,0.60683,0.61893
19.2117,61.51732,2.90077,0.55386,0.8142,-0.17414,0.96693,0.0,0.0,nan,0.0,0.01131,0.05389,17.58663,2.47258,0.22679,0.58912,0.82779,0.52815,0.40444,0.82779
19.49273,61.89968,5.08691,0.59949,0.78163,0.17222,0.81261,0.0,0.0,nan,0.0,0.01545,0.04074,19.97681,2.69355,0.22918,0.61583,0.64601,0.67748,0.37126,0.64601
18.99423,61.03777,6.90364,0.62039,0.33026,0.71137,0.79945,0.0,0.0,nan,0.0,0.01231,0.0429,30.40087,2.4077,0.23945,0.72654,0.7954,0.49265,0.41533,0.7954
18.22591,62.07952,3.03609,0.41326,0.90311,-0.11668,0.99202,0.0,0.0,nan,0.0,0.01232,0.03138,13.334,3.54453,0.23746,0.51968,0.57345,0.86891,0.28212,0.57345
18.59974,62.05395,5.26168,0.46323,0.86932,0.17233,0.89594,0.0,0.0,nan,0.0,0.00996,0.03722,20.38517,2.04799,0.23209,0.64699,0.4109,0.4541,0.48828,0.4109
18.38791,62.1353,6.57229,0.50138,0.72421,0.47342,0.80149,0.0,0.0,nan,0.0,0.01443,0.03046,18.34501,2.08189,0.23254,0.52517,0.37347,1.0,0.48033,0.37347
20.01483,3.99753,4.82135,0.9473,-0.30552,0.09636,0.92817,0.0,0.0,nan,0.0,0.00867,0.0236,18.16661,1.79326,0.23596,0.4288,0.40477,0.95132,0.55764,0.40477
20.1171,5.68256,1.76173,0.9126,-0.2905,-0.2877,0.92175,0.0,0.0,nan,0.0,0.00871,0.03702,27.20542,2.22016,0.22938,0.59204,0.80502,0.51791,0.45042,0.80502
20.28909,5.56201,3.06727,0.97517,-0.20752,-0.07736,0.96061,0.0,0.0,nan,0.0,0.01098,0.02689,23.43242,1.6479,0.22321,0.58271,0.56962,0.76077,0.60683,0.56962
20.12096,5.06078,4.73287,0.97466,-0.17563,0.13856,0.96305,0.0,0.0,nan,0.0,0.00817,0.0242,18.95692,1.71116,0.23813,0.40351,0.46572,0.92444,0.5844,0.46572
20.21458,7.08736,1.381,0.93103,-0.1766,-0.31938,0.94653,0.0,0.0,nan,0.0,0.01241,0.02935,24.92566,1.6479,0.23658,0.53279,0.51419,0.85762,0.60683,0.51419
20.28475,6.87289,3.07643,0.99241,-0.12198,0.0157,0.9808,0.0,0.0,nan,0.0,0.01127,0.02577,21.95601,1.6479,0.23545,0.49757,0.36149,0.95865,0.60683,0.36149
20.23436,7.08541,4.63072,0.97421,-0.05335,0.21923,0.98131,0.0,0.0,nan,0.0,0.00709,0.02101,22.77311,2.0336,0.23178,0.38284,0.34359,0.95938,0.49174,0.34359
20.74045,9.02433,1.12335,0.92967,-0.00122,-0.36838,0.87279,0.0,0.0,nan,0.0,0.00882,0.02613,23.96883,1.97977,0.23631,0.52146,0.47036,0.70143,0.50511,0.47036
20.49037,9.03918,2.98872,0.99595,-0.0892,0.01114,0.97672,0.0,0.0,nan,0.0,0.00886,0.02123,23.76179,2.71939,0.23527,0.53818,0.41697,0.84026,0.36773,0.41697
20.14675,9.57858,4.82772,0.95664,-0.1801,0.22893,0.99437,0.0,0.0,nan,0.0,0.00753,0.02343,21.82271,1.90219,0.23855,0.46219,0.55358,0.75945,0.52571,0.55358
20.07956,9.87713,6.31579,0.87891,-0.18547,0.43945,0.98366,0.0,0.0,nan,0.0,0.00992,0.03265,29.05327,2.20508,0.23341,0.54208,0.78383,0.67141,0.4535,0.78383
20.35964,10.74907,1.46467,0.84271,0.25303,-0.47521,0.90267,0.0,0.0,nan,0.0,0.00898,0.02692,19.63091,1.6479,0.23329,0.46245,0.35253,0.79491,0.60683,0.35253
20.75069,11.0791,2.85718,0.96811,0.11215,-0.22402,0.9142,0.0,0.0,nan,0.0,0.00676,0.02106,16.40257,2.05371,0.22969,0.49515,0.53113,0.72719,0.48692,0.53113
20.74814,10.88405,4.9403,0.97976,-0.11242,0.16561,0.95857,0.0,0.0,nan,0.0,0.00623,0.02445,15.50043,1.84546,0.2374,0.52141,0.56766,0.55177,0.54187,0.56766
20.23642,10.94215,6.49447,0.87436,-0.13194,0.467,0.95255,0.0,0.0,nan,0.0,0.01597,0.04822,29.90436,2.10128,0.2317,0.66103,0.60569,0.53474,0.4759,0.60569
20.29314,12.85363,3.26661,0.89979,0.19161,-0.39199,0.95408,0.0,0.0,nan,0.0,0.00993,0.05921,14.00679,1.90023,0.23687,0.44801,0.52272,0.42769,0.52625,0.52272
20.72934,13.07144,4.98894,0.99293,0.05919,0.10286,0.94041,0.0,0.0,nan,0.0,0.00995,0.05133,13.41469,1.79887,0.23667,0.49102,0.48563,0.45368,0.5559,0.48563
20.23568,12.8939,6.35078,0.87418,0.05917,0.48199,0.95551,0.0,0.0,nan,0.0,0.01001,0.04926,23.45472,2.30842,0.22499,0.56915,0.69255,0.38734,0.4332,0.69255
20.31342,15.05025,3.32625,0.89944,-0.07907,-0.42983,0.94551,0.0,0.0,nan,0.0,0.00984,0.04513,14.35461,2.10516,0.23673,0.45803,0.33764,0.54215,0.47502,0.33764
20.71896,15.03047,4.99545,0.99341,-0.04437,0.10563,0.92338,0.0,0.0,nan,0.0,0.01071,0.04392,14.93352,2.02953,0.23885,0.55768,0.37232,0.49601,0.49272,0.37232
20.18241,14.84068,6.25754,0.86582,0.0029,0.50035,0.94857,0.0,0.0,nan,0.0,0.01502,0.05222,21.54518,1.89713,0.23158,0.61321,0.69196,0.51272,0.52711,0.69196
20.07749,17.88252,1.91861,0.80811,-0.19625,-0.55537,0.95846,0.0,0.0,nan,0.0,0.0077,0.0491,26.83804,2.94821,0.23954,0.50897,0.69634,0.33097,0.33919,0.69634
20.62793,17.07527,3.08339,0.92473,-0.13427,-0.35615,0.92613,0.0,0.0,nan,0.0,0.00776,0.04783,20.79311,1.69802,0.24171,0.33553,0.33144,0.5299,0.58892,0.33144
20.78236,17.03484,4.97408,0.98573,-0.0117,0.16795,0.93572,0.0,0.0,nan,0.0,0.00745,0.03324,14.24281,1.76002,0.24018,0.5004,0.54801,0.51057,0.56818,0.54801
20.11152,16.98712,6.2204,0.85653,0.03213,0.51509,0.97193,0.0,0.0,nan,0.0,0.02998,0.08656,18.79037,1.6479,0.23639,0.77549,0.65426,0.49412,0.60683,0.65426
20.2329,19.22656,1.74176,0.85687,-0.17469,-0.48504,0.95285,0.0,0.0,nan,0.0,0.00385,0.05105,43.4256,1.81269,0.24483,0.52525,0.85306,0.22382,0.55166,0.85306
20.86378,19.09263,3.00418,0.97839,-0.06348,-0.19678,0.92848,0.0,0.0,nan,0.0,0.00592,0.02623,32.45463,3.02699,0.23125,0.38233,0.49422,0.62687,0.33036,0.49422
20.60989,19.04537,4.96409,0.95728,0.09013,0.27475,0.9705,0.0,0.0,nan,0.0,0.01005,0.03331,22.8338,1.74781,0.236,0.50574,0.32982,0.64896,0.57214,0.32982
20.15615,18.98189,6.17579,0.85901,0.12624,0.49615,0.96581,0.0,0.0,nan,0.0,0.02521,0.06232,30.27414,2.58789,0.23597,0.67439,0.34049,0.63942,0.38641,0.34049
20.52283,21.09036,1.45949,0.8744,-0.19466,-0.44444,0.94612,0.0,0.0,nan,0.0,0.00536,0.04909,40.95466,2.60738,0.22302,0.51094,0.74646,0.22407,0.38353,0.74646
20.81439,21.05429,3.09479,0.99612,-0.08804,-0.00031,0.95846,0.0,0.0,nan,0.0,0.00502,0.01953,24.99716,1.89647,0.23197,0.4531,0.61222,0.61258,0.5273,0.61222
20.18301,20.79293,4.96371,0.91262,0.00869,0.40871,0.99243,0.0,0.0,nan,0.0,0.00945,0.03087,29.94701,2.20772,0.23582,0.61858,0.77608,0.5759,0.45296,0.77608
20.1304,20.38022,6.14448,0.85486,0.06535,0.51472,0.96275,0.0,0.0,nan,0.0,0.01216,0.03442,31.14291,1.88754,0.23322,0.64431,0.58794,0.58356,0.52979,0.58794
20.26532,23.72495,-0.28834,0.74015,-0.31276,-0.59528,0.96673,0.0,0.0,nan,0.0,0.00364,0.02282,26.9576,2.68534,0.23559,0.68463,0.86443,0.39463,0.37239,0.86443
20.61052,23.05435,1.17781,0.88655,-0.20444,-0.41501,0.97336,0.0,0.0,nan,0.0,0.00711,0.03836,21.73391,1.73104,0.23427,0.48852,0.44711,0.41462,0.57769,0.44711
21.16852,22.96056,3.02485,0.99678,-0.07848,0.01639,0.95143,0.0,0.0,nan,0.0,0.0074,0.03113,19.17105,1.68688,0.2414,0.62611,0.75402,0.42449,0.59281,0.75402
20.64965,22.95135,5.05252,0.91229,-0.09136,0.39922,0.98111,0.0,0.0,nan,0.0,0.00344,0.04746,20.12147,1.81269,0.24448,0.72602,0.95683,0.32464,0.55166,0.95683
20.07204,23.34686,6.12357,0.8156,-0.05833,0.57566,0.97754,0.0,0.0,nan,0.0,0.00472,0.06658,26.34553,2.09854,0.22831,0.8731,0.98456,0.35049,0.47652,0.98456
20.63094,25.01802,-0.84515,0.74476,-0.36411,-0.55925,0.9297,0.0,0.0,nan,0.0,0.00325,0.02576,26.04399,2.58578,0.23115,0.73714,0.93065,0.43626,0.38673,0.93065
20.89239,24.98571,0.97561,0.93986,-0.20829,-0.27069,0.96836,0.0,0.0,nan,0.0,0.00525,0.03581,20.48372,1.81269,0.23754,0.59622,0.86593,0.42905,0.55166,0.86593
21.0758,25.09591,3.07133,0.99551,-0.026,0.09097,0.98662,0.0,0.0,nan,0.0,0.01263,0.03726,16.99961,2.13491,0.23397,0.64839,0.68532,0.58418,0.4684,0.68532
20.70686,25.14267,5.05789,0.91106,-0.00309,0.41226,0.98325,0.0,0.0,nan,0.0,0.00249,0.03533,18.66176,2.05159,0.22425,0.8874,0.99434,0.40265,0.48743,0.99434
20.10046,24.70615,6.13333,0.81541,-0.00324,0.57888,0.98458,0.0,0.0,nan,0.0,0.00463,0.03616,19.52756,1.94136,0.22015,0.84477,0.96795,0.5523,0.5151,0.96795
20.10369,27.50112,-2.09777,0.671,-0.10498,-0.73399,0.96387,0.0,0.0,nan,0.0,0.01533,0.06501,6.92532,3.05889,0.23518,0.65465,0.7331,0.46416,0.32692,0.7331
20.7247,26.9831,-1.01983,0.8272,-0.16228,-0.53796,0.95132,0.0,0.0,nan,0.0,0.00647,0.04575,9.71295,2.40103,0.23248,0.54283,0.4607,0.31397,0.41649,0.4607
21.26732,26.95278,0.93897,0.98738,-0.11695,-0.1068,0.98009,0.0,0.0,nan,0.0,0.00276,0.02617,10.16917,1.71374,0.24043,0.32376,0.23659,0.38992,0.58352,0.23659
21.17348,26.95614,3.00661,0.98619,-0.07892,0.14563,0.9807,0.0,0.0,nan,0.0,0.00566,0.04525,13.85154,2.2065,0.22462,0.67043,0.883,0.37159,0.45321,0.883
20.77249,26.96305,5.09197,0.90009,-0.04764,0.43308,0.97723,0.0,0.0,nan,0.0,0.00361,0.03638,18.17547,1.71759,0.22974,0.86863,0.95697,0.37547,0.58221,0.95697
20.19075,27.24884,6.23204,0.77836,-0.00604,0.62779,0.96877,0.0,0.0,nan,0.0,0.00767,0.03097,19.18488,2.03277,0.23528,0.8127,0.86523,0.53333,0.49194,0.86523
20.06436,29.11906,-2.06481,0.67718,-0.0024,-0.73581,0.98162,0.0,0.0,nan,0.0,0.00952,0.04637,6.69147,1.74847,0.25315,0.48308,0.65085,0.55213,0.57193,0.65085
21.00791,28.99311,-1.15574,0.83922,-0.01278,-0.54363,0.94592,0.0,0.0,nan,0.0,0.00701,0.03342,6.22976,1.93161,0.24148,0.28667,0.41748,0.96704,0.5177,0.41748
21.46136,29.09188,0.88476,0.99424,-0.02498,-0.10427,0.97448,0.0,0.0,nan,0.0,0.01051,0.0365,6.71311,1.84916,0.23233,0.45549,0.30543,0.82042,0.54079,0.30543
21.33559,29.04404,3.02017,0.98486,-0.01676,0.17252,0.98223,0.0,0.0,nan,0.0,0.00392,0.03946,8.72517,1.75724,0.2442,0.72829,0.91826,0.36316,0.56907,0.91826
20.7527,29.07308,5.17106,0.87724,0.02097,0.4796,0.96509,0.0,0.0,nan,0.0,0.00842,0.05239,15.6804,1.95717,0.22326,0.63598,0.8664,0.45436,0.51094,0.8664
20.1604,28.93378,6.14635,0.76181,0.0147,0.64763,0.97652,0.0,0.0,nan,0.0,0.01199,0.03747,18.71019,1.88908,0.23796,0.74721,0.58338,0.4739,0.52936,0.58338
20.05765,30.38561,-2.04011,0.69759,0.0264,-0.71601,0.98549,0.0,0.0,nan,0.0,0.01313,0.05443,8.31011,1.84734,0.24056,0.41029,0.27532,0.72963,0.54132,0.27532
20.83273,31.00109,-1.09662,0.83923,0.03014,-0.54294,0.97407,0.0,0.0,nan,0.0,0.01349,0.03865,8.38968,1.89055,0.23237,0.48385,0.69367,0.89349,0.52895,0.69367
21.496,31.04473,0.91999,0.99142,-0.01004,-0.1303,0.98223,0.0,0.0,nan,0.0,0.00834,0.0366,8.14955,1.81269,0.23192,0.43487,0.64084,0.6528,0.55166,0.64084
21.18311,30.92356,3.06149,0.98256,-0.03069,0.18342,0.99304,0.0,0.0,nan,0.0,0.00438,0.02578,9.29778,1.69381,0.22915,0.65859,0.82462,0.4117,0.59038,0.82462
20.49643,30.97585,4.97604,0.88676,-0.03548,0.46087,0.99172,0.0,0.0,nan,0.0,0.01422,0.04244,17.59891,1.79188,0.23547,0.77601,0.67672,0.48105,0.55807,0.67672
20.01564,31.23712,6.10214,0.79125,-0.02602,0.61094,0.99059,0.0,0.0,nan,0.0,0.01284,0.03269,21.3853,1.67884,0.2359,0.74697,0.5928,0.57504,0.59565,0.5928
20.15226,33.8018,-2.17195,0.75109,-0.24952,-0.61122,0.99641,0.0,0.0,nan,0.0,0.00843,0.02831,10.13834,1.81269,0.23671,0.57677,0.62257,0.61794,0.55166,0.62257
20.80197,33.03849,-1.0241,0.85815,-0.15695,-0.48882,0.99141,0.0,0.0,nan,0.0,0.00921,0.02499,8.47472,1.912,0.23434,0.46028,0.47039,0.98925,0.52301,0.47039
21.47378,32.97084,0.93965,0.98509,-0.08736,-0.14822,0.9858,0.0,0.0,nan,0.0,0.0062,0.03093,6.75139,3.06684,0.23569,0.46886,0.74125,0.55459,0.32607,0.74125
21.49229,32.97993,3.06288,0.97667,-0.04507,0.20997,0.98437,0.0,0.0,nan,0.0,0.0116,0.05332,8.29142,1.77957,0.23056,0.63505,0.54136,0.42525,0.56193,0.54136
20.81437,33.07115,5.1597,0.84908,0.07609,0.52276,0.97397,0.0,0.0,nan,0.0,0.00517,0.04565,15.72058,1.81269,0.24844,0.7534,0.95834,0.50823,0.55166,0.95834
20.21604,32.59156,6.28021,0.80217,0.08996,0.59028,0.97478,0.0,0.0,nan,0.0,0.01252,0.04602,23.88873,1.93693,0.22405,0.71639,0.49598,0.41153,0.51628,0.49598
20.6264,35.03438,-2.72242,0.77525,-0.19974,-0.59924,0.97387,0.0,0.0,nan,0.0,0.00882,0.02785,8.59557,3.62539,0.24574,0.64424,0.64429,0.60591,0.27583,0.64429
21.47943,34.91063,-1.12461,0.91252,-0.14867,-0.38106,0.9652,0.0,0.0,nan,0.0,0.01049,0.03288,7.84587,1.6479,0.24497,0.62161,0.51838,0.64435,0.60683,0.51838
21.80519,35.00395,0.91078,0.99678,-0.05467,-0.05861,0.98407,0.0,0.0,nan,0.0,0.01034,0.04085,7.62433,1.87321,0.23485,0.61309,0.36316,0.52124,0.53384,0.36316
21.52671,35.01128,3.10285,0.95509,0.00818,0.29622,0.98284,0.0,0.0,nan,0.0,0.00612,0.03567,11.31621,1.76831,0.23829,0.62181,0.85844,0.49688,0.56551,0.85844
20.61821,34.93197,4.80616,0.80739,0.06443,0.58649,0.98957,0.0,0.0,nan,0.0,0.01435,0.03576,16.11448,1.70613,0.22944,0.67788,0.76395,0.69661,0.58612,0.76395
20.5844,36.97707,-2.67196,0.8099,0.12526,-0.57304,0.97468,0.0,0.0,nan,0.0,0.00696,0.03311,12.5355,2.00128,0.23725,0.51714,0.45621,0.47119,0.49968,0.45621
21.4616,37.03203,-1.12903,0.92802,0.16014,-0.33635,0.96193,0.0,0.0,nan,0.0,0.01188,0.04157,12.86052,1.6479,0.23888,0.62344,0.47002,0.52967,0.60683,0.47002
21.76165,37.05567,0.92372,0.99091,0.12951,-0.03637,0.9809,0.0,0.0,nan,0.0,0.00287,0.02897,13.57333,2.04101,0.23453,0.39003,0.6682,0.29108,0.48995,0.6682
21.22826,37.0244,2.98381,0.9614,0.06472,0.26743,0.99478,0.0,0.0,nan,0.0,0.00923,0.03285,14.25779,1.74701,0.23362,0.58522,0.52878,0.54777,0.57241,0.52878
20.65852,37.05116,4.95822,0.83427,-0.01621,0.55112,0.99039,0.0,0.0,nan,0.0,0.00668,0.03077,15.12465,1.90492,0.22787,0.7592,0.94307,0.847,0.52496,0.94307
20.35911,38.61282,-2.38483,0.80363,0.31006,-0.50798,0.98723,0.0,0.0,nan,0.0,0.01041,0.04692,24.98482,2.04088,0.22083,0.49739,0.60618,0.48161,0.48998,0.60618
20.70272,39.0754,-0.96911,0.885,0.29512,-0.3601,0.99467,0.0,0.0,nan,0.0,0.01119,0.03776,27.32064,2.00103,0.2201,0.48389,0.45122,0.65734,0.49974,0.45122
21.27599,39.21263,0.77748,0.95594,0.26623,-0.12367,0.991,0.0,0.0,nan,0.0,0.00589,0.02383,30.52711,2.18676,0.2182,0.4651,0.66094,0.56674,0.4573,0.66094
21.21329,39.16756,2.8983,0.96728,0.18703,0.17142,0.98101,0.0,0.0,nan,0.0,0.00593,0.03535,27.91697,2.019,0.2373,0.50489,0.84552,0.51236,0.49529,0.84552
20.57991,38.98146,4.94026,0.87603,0.14751,0.45914,0.97713,0.0,0.0,nan,0.0,0.01589,0.04628,23.3914,1.6479,0.23189,0.58099,0.42543,0.64137,0.60683,0.42543
20.01646,38.48515,6.0346,0.79457,0.06808,0.60334,0.97978,0.0,0.0,nan,0.0,0.0116,0.03099,20.11563,1.8963,0.22137,0.64375,0.5576,0.63953,0.52734,0.5576
20.26313,40.99999,-0.7517,0.94317,-0.00849,-0.33221,0.95877,0.0,0.0,nan,0.0,0.01361,0.03588,31.04055,1.71197,0.2488,0.42211,0.42893,0.95662,0.58412,0.42893
20.8388,41.0008,0.91539,0.98856,0.00647,-0.15067,0.9857,0.0,0.0,nan,0.0,0.01121,0.02613,33.77288,2.04084,0.2314,0.47911,0.59749,0.94824,0.48999,0.59749
20.81143,40.94424,3.02303,0.98219,0.02999,0.18548,0.97988,0.0,0.0,nan,0.0,0.01563,0.04449,30.55051,1.87669,0.23432,0.57875,0.65985,0.64664,0.53285,0.65985
20.34199,41.00442,4.61781,0.88965,0.03795,0.45506,0.97846,0.0,0.0,nan,0.0,0.0218,0.05274,34.16938,1.70662,0.2378,0.65927,0.5149,0.66369,0.58595,0.5149
20.47596,43.16011,-2.67954,0.83124,-0.3092,-0.46198,0.95938,0.0,0.0,nan,0.0,0.00309,0.01966,16.04202,3.19877,0.24025,0.359,0.57257,0.4927,0.31262,0.57257
20.87738,42.83895,-0.97203,0.93777,-0.24096,-0.25004,0.97723,0.0,0.0,nan,0.0,0.00913,0.03006,22.38227,1.76655,0.24297,0.46532,0.4622,0.71074,0.56608,0.4622
21.11903,42.8783,0.82417,0.98746,-0.12856,-0.09161,0.98845,0.0,0.0,nan,0.0,0.00689,0.02577,22.67354,2.17113,0.22551,0.47453,0.27885,0.6135,0.46059,0.27885
21.18982,42.95795,3.09434,0.97345,-0.05546,0.22207,0.95438,0.0,0.0,nan,0.0,0.01366,0.05657,32.07147,1.65813,0.24283,0.66829,0.8051,0.46596,0.60309,0.8051
20.51541,43.10046,4.76431,0.86725,-0.02632,0.49718,0.9757,0.0,0.0,nan,0.0,0.00704,0.03186,24.99226,1.81269,0.24039,0.42091,0.35896,0.56672,0.55166,0.35896
20.65951,45.0457,-2.89272,0.86482,-0.05397,-0.49918,0.9604,0.0,0.0,nan,0.0,0.01178,0.07181,8.69831,1.6479,0.23822,0.6282,0.66667,0.32132,0.60683,0.66667
21.31953,44.9603,-0.95358,0.99687,-0.00166,-0.07902,0.95296,0.0,0.0,nan,0.0,0.01353,0.04862,12.10896,1.6479,0.2341,0.68972,0.31359,0.47007,0.60683,0.31359
20.859,44.97614,0.97585,0.99644,0.08399,0.0073,0.99294,0.0,0.0,nan,0.0,0.00495,0.01919,18.39546,3.62539,0.24477,0.44345,0.48946,0.64478,0.27583,0.48946
20.94657,44.95311,3.08377,0.95517,0.12823,0.26685,0.98957,0.0,0.0,nan,0.0,0.00985,0.02353,20.15436,2.08538,0.23065,0.5658,0.56349,0.81345,0.47953,0.56349
20.14984,44.84451,4.50688,0.88387,0.0992,0.45709,0.99692,0.0,0.0,nan,0.0,0.00983,0.02921,24.97778,2.08538,0.22975,0.56958,0.44376,0.63826,0.47953,0.44376
20.53251,47.02079,-2.84121,0.88294,0.08004,-0.46262,0.96683,0.0,0.0,nan,0.0,0.00641,0.05753,5.97025,3.4188,0.23944,0.58599,0.48104,0.25393,0.2925,0.48104
21.02718,47.04147,-0.93794,0.99632,0.08496,-0.01131,0.98254,0.0,0.0,nan,0.0,0.0092,0.03233,14.53976,2.77615,0.24183,0.77603,0.58941,0.41735,0.36021,0.58941
20.34389,46.99383,1.23468,0.99146,0.10295,0.08002,0.9756,0.0,0.0,nan,0.0,0.00585,0.01456,15.77296,2.70528,0.23188,0.51939,0.31158,0.87231,0.36965,0.31158
20.85511,47.09691,3.126,0.96998,0.09321,0.22463,0.97774,0.0,0.0,nan,0.0,0.00699,0.0229,20.53385,2.80851,0.24154,0.59116,0.74271,0.5664,0.35606,0.74271
20.16275,46.75464,4.29603,0.92567,0.04278,0.3759,0.99406,0.0,0.0,nan,0.0,0.00842,0.02762,24.8186,2.0913,0.22411,0.55585,0.62156,0.59299,0.47817,0.62156
20.37272,48.96128,-2.67496,0.88374,0.04718,-0.4656,0.97917,0.0,0.0,nan,0.0,0.00618,0.05691,7.54517,1.9666,0.22877,0.51586,0.62234,0.26614,0.50849,0.62234
21.06706,48.88606,-1.01561,0.99549,-0.05084,-0.08014,0.97438,0.0,0.0,nan,0.0,0.00744,0.02861,12.58901,2.66336,0.23463,0.66019,0.627,0.45679,0.37546,0.627
20.71489,48.77803,0.96145,0.99492,-0.07475,0.06747,0.99661,0.0,0.0,nan,0.0,0.00513,0.01407,13.96481,2.3715,0.23443,0.50404,0.37541,0.82694,0.42167,0.37541
20.54994,48.85776,3.00047,0.97664,-0.05876,0.2067,0.9959,0.0,0.0,nan,0.0,0.00426,0.01535,14.60865,3.53184,0.2376,0.49147,0.49728,0.64209,0.28314,0.49728
20.19621,49.35421,4.53191,0.92494,-0.02368,0.37938,0.98774,0.0,0.0,nan,0.0,0.00488,0.02071,16.76337,2.02486,0.23003,0.47219,0.33728,0.55836,0.49386,0.33728
20.36107,50.966,-2.57653,0.84395,0.04072,-0.53488,0.98417,0.0,0.0,nan,0.0,0.00417,0.06595,8.20843,2.06675,0.23137,0.75791,0.93365,0.25146,0.48385,0.93365
21.10079,51.0918,-1.04652,0.97487,-0.00181,-0.22275,0.97132,0.0,0.0,nan,0.0,0.02543,0.06013,10.70516,1.81269,0.23568,0.78471,0.65489,0.63971,0.55166,0.65489
21.08507,50.88039,0.9815,0.99521,-0.05385,0.0816,0.98764,0.0,0.0,nan,0.0,0.01416,0.04491,10.79257,3.23042,0.23879,0.69092,0.492,0.541,0.30956,0.492
20.6709,51.07326,3.0724,0.96992,-0.02225,0.24239,0.99478,0.0,0.0,nan,0.0,0.01385,0.06851,10.19581,1.68957,0.23327,0.69793,0.54253,0.34648,0.59187,0.54253
20.22992,51.00856,4.60789,0.89201,-0.0293,0.45106,0.97285,0.0,0.0,nan,0.0,0.00965,0.04669,10.95859,2.1686,0.23263,0.64053,0.65435,0.38152,0.46113,0.65435
20.38592,53.00648,-2.55287,0.84596,0.02092,-0.53283,0.97203,0.0,0.0,nan,0.0,0.01305,0.03977,9.59993,2.0393,0.23274,0.69648,0.54911,0.56951,0.49036,0.54911
21.03302,53.00772,-1.039,0.97326,0.0437,-0.22552,0.97397,0.0,0.0,nan,0.0,0.00758,0.02407,9.42219,1.90186,0.23498,0.67857,0.64191,0.56273,0.5258,0.64191
20.99506,52.96602,0.98899,0.99605,0.04251,0.0779,0.99488,0.0,0.0,nan,0.0,0.0125,0.03889,8.74216,1.77385,0.23434,0.65202,0.51072,0.60552,0.56374,0.51072
20.59485,53.00548,3.0333,0.97843,-0.00149,0.20657,0.99569,0.0,0.0,nan,0.0,0.00577,0.03673,13.42227,1.94829,0.23473,0.48358,0.53911,0.37312,0.51327,0.53911
20.45351,53.03623,4.83749,0.89637,-0.10054,0.43176,0.9448,0.0,0.0,nan,0.0,0.00646,0.03169,20.76686,1.87546,0.23466,0.5803,0.82536,0.50765,0.5332,0.82536
20.46814,55.06589,-2.60813,0.85414,0.10149,-0.51005,0.93939,0.0,0.0,nan,0.0,0.0071,0.02428,12.41045,1.85393,0.24749,0.59904,0.53139,0.56666,0.53939,0.53139
20.7068,55.00594,-0.94594,0.96955,0.10873,-0.21943,0.98968,0.0,0.0,nan,0.0,0.0072,0.02115,14.71682,2.68237,0.21832,0.63396,0.65464,0.60972,0.3728,0.65464
21.0178,55.02254,0.97139,0.99913,0.03853,0.01605,0.99059,0.0,0.0,nan,0.0,0.0095,0.03299,15.47938,1.79117,0.24116,0.65122,0.65388,0.49906,0.55829,0.65388
20.42587,55.08407,3.04962,0.98731,-0.04116,0.15337,0.996,0.0,0.0,nan,0.0,0.00663,0.02173,16.14291,3.3821,0.23743,0.60718,0.65571,0.56498,0.29567,0.65571
20.64829,55.01188,5.04685,0.93183,-0.04072,0.3606,0.94439,0.0,0.0,nan,0.0,0.01323,0.02936,23.83385,1.69538,0.23863,0.61406,0.44186,0.79561,0.58984,0.44186
20.03432,55.51226,6.13443,0.83795,0.00501,0.54572,0.93674,0.0,0.0,nan,0.0,0.01309,0.03179,30.13958,2.05085,0.23591,0.65708,0.53604,0.66844,0.4876,0.53604
20.42549,56.78894,-2.54163,0.84112,0.25927,-0.47465,0.90492,0.0,0.0,nan,0.0,0.00741,0.02207,15.45621,1.66804,0.25437,0.53357,0.77925,0.78453,0.59951,0.77925
20.31207,57.00471,-0.98559,0.91856,0.24084,-0.31343,0.99508,0.0,0.0,nan,0.0,0.00595,0.01498,16.7201,1.87025,0.22464,0.48705,0.63605,0.91392,0.53469,0.63605
20.92155,57.14748,0.69676,0.98268,0.11173,-0.14783,0.98335,0.0,0.0,nan,0.0,0.00736,0.01952,16.68413,1.85022,0.22861,0.44964,0.37917,0.93952,0.54048,0.37917
20.75572,56.99716,3.10705,0.99119,-0.03265,0.12838,0.98672,0.0,0.0,nan,0.0,0.00836,0.02375,20.5976,3.22911,0.2338,0.49919,0.5642,0.77379,0.30968,0.5642
20.4476,56.92617,4.85259,0.9119,0.00854,0.41033,0.97958,0.0,0.0,nan,0.0,0.00719,0.01849,25.10084,1.85895,0.23721,0.49981,0.56912,0.84059,0.53794,0.56912
20.02724,56.07606,6.01157,0.84496,0.04361,0.53305,0.96866,0.0,0.0,nan,0.0,0.00965,0.0249,30.15283,1.87465,0.24166,0.57866,0.6243,0.71402,0.53343,0.6243
20.01134,58.05696,-2.00804,0.84241,0.31265,-0.43886,0.97346,0.0,0.0,nan,0.0,0.01047,0.02503,14.95179,1.81269,0.23955,0.5297,0.67424,0.89582,0.55166,0.67424
20.02653,58.78536,-0.78275,0.86869,0.34732,-0.3532,0.99202,0.0,0.0,nan,0.0,0.00859,0.02469,16.38371,1.69947,0.24008,0.4884,0.3187,0.79958,0.58842,0.3187
20.61368,58.99573,1.00992,0.91633,0.30675,-0.2574,0.96866,0.0,0.0,nan,0.0,0.00691,0.0194,18.76979,1.6479,0.2391,0.43365,0.45359,0.9093,0.60683,0.45359
21.02694,58.99737,2.94375,0.98531,0.17042,0.01104,0.93072,0.0,0.0,nan,0.0,0.00705,0.01939,23.22244,2.18403,0.2263,0.50115,0.44276,0.78841,0.45787,0.44276
20.42348,59.02881,4.68941,0.93022,0.05483,0.36289,0.94959,0.0,0.0,nan,0.0,0.0115,0.03885,27.13697,2.77811,0.23129,0.64928,0.72635,0.4895,0.35996,0.72635
20.03311,59.33101,6.04074,0.78945,-0.00067,0.61381,0.93031,0.0,0.0,nan,0.0,0.01905,0.05846,24.50295,2.72926,0.22294,0.66379,0.37506,0.53099,0.3664,0.37506
20.18274,60.13991,1.04374,0.80728,0.51991,-0.27928,0.95387,0.0,0.0,nan,0.0,0.00845,0.0235,16.98794,1.7829,0.2391,0.52566,0.50789,0.76465,0.56089,0.50789
20.41184,60.4643,3.16201,0.85853,0.50575,-0.08451,0.90257,0.0,0.0,nan,0.0,0.01055,0.02616,20.82888,1.85781,0.22917,0.44227,0.46172,0.99941,0.53827,0.46172
20.5206,60.92614,4.90902,0.86111,0.4401,0.25456,0.77793,0.0,0.0,nan,0.0,0.01205,0.03034,21.71491,2.43493,0.22396,0.54176,0.4738,0.80055,0.41069,0.4738
