cx,cy,cz,nx,ny,nz,valid_frac,score,periodic_cover,periodic_period_mm,periodic_straightness,band_score,band_ratio,band_amp_um,peak_freq,spectral_spread,local_coherence,global_coherence,coverage,ridge_period_mm,straightness
-24.54103,3.67102,-0.66407,-0.58218,-0.69878,-0.41566,0.72708,0.0,0.0,nan,0.0,0.01371,0.03862,21.35617,1.98289,0.23746,0.44997,0.67787,0.86312,0.50431,0.67787
-24.80781,3.46273,1.032,-0.61816,-0.7812,-0.08721,0.71338,0.0,0.0,nan,0.0,0.01584,0.05273,25.34943,2.24614,0.22716,0.53653,0.82227,0.78573,0.44521,0.82227
-24.66662,3.521,2.93933,-0.52908,-0.82758,0.18757,0.70349,0.0,0.0,nan,0.0,0.01309,0.05736,37.75758,2.15384,0.24008,0.52147,0.83294,0.62712,0.46429,0.83294
-24.36446,3.77207,4.65999,-0.36702,-0.89839,0.24123,0.67442,0.0,0.0,nan,0.0,0.02091,0.06479,68.8153,1.71121,0.24456,0.67555,0.791,0.566,0.58438,0.791
-24.0024,5.67909,-2.01004,-0.66084,-0.30561,-0.68549,0.92804,0.0,0.0,nan,0.0,0.01691,0.05456,20.26674,1.63867,0.24516,0.63155,0.60891,0.53928,0.61025,0.60891
-24.56686,5.04386,-0.89192,-0.77773,-0.36382,-0.5126,0.87547,0.0,0.0,nan,0.0,0.01206,0.04314,21.8505,2.61241,0.24275,0.47473,0.69122,0.64261,0.38279,0.69122
-25.40358,5.00486,1.01567,-0.9707,-0.2266,-0.07999,0.81899,0.0,0.0,nan,0.0,0.014,0.07897,22.72681,1.86569,0.23124,0.4162,0.8421,0.6569,0.53599,0.8421
-25.02485,4.98224,2.96252,-0.91785,-0.32036,0.23435,0.83084,0.0,0.0,nan,0.0,0.01814,0.07273,30.64855,2.55144,0.23709,0.54834,0.70904,0.48454,0.39193,0.70904
-24.86373,4.9784,5.01028,-0.88826,-0.39273,0.23823,0.79746,0.0,0.0,nan,0.0,0.01078,0.12611,93.40682,1.63867,0.25094,0.50215,0.84306,0.24759,0.61025,0.84306
-24.56799,5.06441,6.79016,-0.8107,-0.43637,0.39033,0.73697,0.0,0.0,nan,0.0,0.00562,0.09318,38.13685,2.98937,0.22368,0.70746,0.9448,0.23832,0.33452,0.9448
-24.14762,7.36153,-2.11317,-0.80825,-0.19614,-0.55521,0.96739,0.0,0.0,nan,0.0,0.0119,0.02615,15.62069,2.00615,0.23526,0.62911,0.41353,0.81595,0.49847,0.41353
-24.89365,6.96953,-1.14191,-0.92376,-0.06985,-0.37656,0.94399,0.0,0.0,nan,0.0,0.01097,0.02495,16.25168,1.63867,0.23431,0.50812,0.7126,0.97154,0.61025,0.7126
-25.09679,7.01275,1.0396,-0.98482,0.1713,0.02803,0.98608,0.0,0.0,nan,0.0,0.0126,0.04819,20.92019,1.91531,0.22984,0.57199,0.77589,0.54619,0.52211,0.77589
-24.9893,7.08001,3.03049,-0.9706,0.20506,0.12605,0.99793,0.0,0.0,nan,0.0,0.00749,0.0348,17.46304,3.19651,0.245,0.38298,0.6262,0.62647,0.31284,0.6262
-24.47933,7.04393,4.97022,-0.98114,0.10284,0.16369,0.9992,0.0,0.0,nan,0.0,0.00965,0.24442,68.23671,3.19867,0.23438,0.73768,0.98388,0.21897,0.31263,0.98388
-24.29057,6.8432,6.76825,-0.89487,0.11981,0.42995,0.92774,0.0,0.0,nan,0.0,0.01876,0.10672,10.42265,2.37667,0.23499,0.57671,0.54351,0.36324,0.42076,0.54351
-24.57427,9.17654,-2.48709,-0.90877,-0.20353,-0.36429,0.94879,0.0,0.0,nan,0.0,0.00815,0.0154,15.02655,1.87589,0.24148,0.59916,0.61553,1.0,0.53308,0.61553
-24.95223,9.00955,-1.03494,-0.99634,0.02529,-0.08161,0.92823,0.0,0.0,nan,0.0,0.0042,0.02666,21.1344,2.07988,0.23503,0.71022,0.92011,0.53323,0.4808,0.92011
-24.45851,8.96758,1.00713,-0.96901,0.21302,0.12511,0.9993,0.01399,0.06993,0.6,1.0,0.00824,0.09739,15.48664,2.92796,0.23819,0.69464,0.95567,0.4024,0.34153,0.95567
-24.15921,9.03903,2.99335,-0.97219,0.21522,0.09239,0.9992,0.0,0.0,nan,0.0,0.01126,0.04947,19.12596,1.65435,0.24813,0.48118,0.55961,0.52255,0.60447,0.55961
-24.16926,8.8328,4.82581,-0.95964,0.21414,0.18231,0.99685,0.20343,0.20343,0.51,0.69671,0.0071,0.04915,15.15076,1.80253,0.24662,0.44827,0.5849,0.36451,0.55478,0.5849
-24.0554,8.19327,6.24701,-0.90728,0.25373,0.33535,0.97982,0.03802,0.19009,0.51,1.0,0.00936,0.06038,8.58784,1.86171,0.2343,0.39641,0.48773,0.48232,0.53714,0.48773
-24.32995,11.40152,-4.71726,-0.84418,-0.27435,-0.46054,0.94262,0.0,0.0,nan,0.0,0.01329,0.03323,13.2795,2.70912,0.22355,0.59516,0.62618,0.77313,0.36912,0.62618
-25.01447,11.0157,-3.01185,-0.98048,-0.12084,-0.15508,0.91756,0.0,0.0,nan,0.0,0.00637,0.02356,14.96732,1.88977,0.23267,0.53828,0.66573,0.56943,0.52916,0.66573
-24.53715,10.98736,-0.99325,-0.98982,0.08146,0.11669,0.98579,0.02836,0.14181,0.6,1.0,0.00205,0.05881,15.32977,2.36249,0.21232,0.78699,0.99293,0.22524,0.42328,0.99293
-24.12443,10.8875,0.81092,-0.98223,0.12566,0.13938,0.99832,0.08498,0.30152,0.6,0.97443,0.00321,0.04823,13.02391,1.64958,0.23825,0.4946,0.86215,0.24248,0.60622,0.86215
-24.20171,10.36586,2.94031,-0.98634,0.13849,0.08924,0.999,0.0,0.0,nan,0.0,0.00667,0.04172,14.21813,2.89351,0.24722,0.50545,0.80845,0.44367,0.3456,0.80845
-24.00797,10.00406,4.04201,-0.97576,0.17231,0.13489,0.99842,0.04201,0.04858,0.51,0.79225,0.00828,0.05005,14.62762,1.63867,0.24013,0.4952,0.80003,0.45208,0.61025,0.80003
-24.02741,13.27056,-6.03886,-0.67173,0.00536,-0.74078,0.89495,0.0,0.0,nan,0.0,0.00847,0.03162,17.61224,1.94565,0.22215,0.43399,0.52584,0.68716,0.51397,0.52584
-24.55574,12.9901,-5.0893,-0.8605,-0.02948,-0.50859,0.90278,0.0,0.0,nan,0.0,0.00814,0.0389,19.41261,3.24335,0.24896,0.59159,0.75482,0.39614,0.30832,0.75482
-24.73048,12.97896,-3.00638,-0.99944,0.00472,0.03306,0.98794,0.0,0.0,nan,0.0,0.01284,0.05027,12.45518,1.7358,0.24346,0.68896,0.82345,0.56251,0.5761,0.82345
-24.24084,13.00591,-0.98807,-0.9822,0.04996,0.1811,0.99949,0.13652,0.17946,0.6,0.82476,0.02232,0.0929,7.44526,1.98783,0.21365,0.31916,0.57882,0.95479,0.50306,0.57882
-24.04299,13.07854,0.72593,-0.99442,0.01027,0.10497,0.99959,0.26025,0.26025,0.6,0.49639,0.03742,0.15107,7.96891,1.85194,0.22605,0.30987,0.71715,1.0,0.53997,0.71715
-24.03535,13.85755,2.15454,-0.99526,-0.02588,0.09378,0.99988,0.16567,0.16567,0.51,0.54845,0.02068,0.08211,6.20763,1.89451,0.21515,0.33545,0.58478,0.99279,0.52784,0.58478
-24.42126,14.97193,-4.78247,-0.88117,0.06609,-0.46815,0.93645,0.0,0.0,nan,0.0,0.00766,0.03954,21.92551,1.8302,0.24155,0.35904,0.7263,0.58893,0.54639,0.7263
-24.84351,15.01228,-2.98864,-0.99899,0.01042,0.04363,0.97894,0.0,0.0,nan,0.0,0.01014,0.04674,13.00185,2.02577,0.23669,0.39753,0.47877,0.62968,0.49364,0.47877
-24.22747,15.01755,-1.02804,-0.98592,-0.013,0.16669,0.99959,0.01265,0.06324,0.51,1.0,0.02107,0.08416,10.52927,1.87731,0.23048,0.41045,0.53262,0.72584,0.53268,0.53262
-24.1294,14.97984,1.02424,-0.99717,-0.02698,0.07022,0.99998,0.00803,0.04013,0.51,1.0,0.02766,0.10503,6.88714,2.02292,0.21585,0.3433,0.56134,0.98996,0.49434,0.56134
-24.07932,15.06478,2.47499,-0.99245,-0.02015,0.12097,0.99881,0.01218,0.06088,0.6,1.0,0.0237,0.11681,5.72848,2.0462,0.21281,0.27371,0.5426,1.0,0.48871,0.5426
-24.48824,16.96722,-4.64935,-0.88071,0.09414,-0.4642,0.93665,0.0,0.0,nan,0.0,0.01003,0.03081,24.73484,1.91083,0.23798,0.45698,0.65181,0.76966,0.52333,0.65181
-24.8513,16.96491,-3.02352,-0.99699,0.0633,-0.0448,0.95182,0.0,0.0,nan,0.0,0.01633,0.07473,25.05675,1.80253,0.23338,0.56224,0.73856,0.41978,0.55478,0.73856
-24.28985,17.08347,-1.06415,-0.98936,0.01098,0.14504,0.99939,0.0,0.0,nan,0.0,0.01466,0.06979,14.73619,1.88509,0.22808,0.43221,0.61915,0.55185,0.53048,0.61915
-24.19473,16.99956,0.98295,-0.99723,-0.00893,0.07385,0.9993,0.0,0.0,nan,0.0,0.01375,0.08322,12.53357,1.82434,0.22263,0.47055,0.43893,0.40719,0.54814,0.43893
-24.11162,16.9028,2.47385,-0.98906,0.00606,0.14736,0.99704,0.02816,0.14078,0.51,1.0,0.03025,0.11459,7.51041,1.87013,0.22275,0.4032,0.77939,0.91517,0.53472,0.77939
-24.41464,18.99024,-4.55729,-0.9019,0.03745,-0.43033,0.9437,0.0,0.0,nan,0.0,0.00507,0.02573,22.15069,2.363,0.23112,0.51521,0.74958,0.41699,0.42319,0.74958
-24.67249,18.99501,-2.96229,-0.99568,0.06512,-0.06618,0.96416,0.0,0.0,nan,0.0,0.00957,0.05308,24.92842,1.63867,0.24374,0.50106,0.52492,0.38883,0.61025,0.52492
-24.20322,19.01176,-1.01264,-0.9946,0.03234,0.09864,0.9992,0.0,0.0,nan,0.0,0.0183,0.07618,14.19999,1.71867,0.22432,0.45094,0.48609,0.60778,0.58184,0.48609
-24.15962,19.03519,0.96765,-0.99749,0.00095,0.07081,0.9991,0.0,0.0,nan,0.0,0.01628,0.07415,11.81565,1.84234,0.22692,0.39395,0.70334,0.65155,0.54279,0.70334
-24.01561,19.04414,2.43698,-0.98471,0.00199,0.1742,0.99685,0.0,0.0,nan,0.0,0.0061,0.07989,9.44893,1.86982,0.2166,0.49841,0.96383,0.58768,0.53481,0.96383
-24.20065,20.85363,-4.40962,-0.9206,0.09727,-0.3782,0.94311,0.0,0.0,nan,0.0,0.01113,0.07619,18.31033,1.63867,0.24763,0.5738,0.73089,0.28252,0.61025,0.73089
-24.42239,20.98096,-2.99661,-0.99466,0.09626,-0.03729,0.98618,0.0,0.0,nan,0.0,0.01678,0.05258,9.7415,1.89462,0.23949,0.39314,0.56371,0.97826,0.52781,0.56371
-24.15584,21.00106,-1.03943,-0.99703,0.06169,0.04604,0.999,0.0,0.0,nan,0.0,0.02228,0.08692,11.08519,1.66722,0.23291,0.31103,0.39507,0.97294,0.5998,0.39507
-24.23976,21.0125,0.98449,-0.99778,0.03811,0.0546,0.99607,0.0,0.0,nan,0.0,0.01776,0.07474,12.73311,1.75962,0.22277,0.37739,0.63282,0.72871,0.5683,0.63282
-24.10166,20.84391,2.38534,-0.9832,0.03195,0.17971,0.99489,0.0,0.0,nan,0.0,0.01466,0.06734,9.0454,2.06381,0.23392,0.41762,0.70197,0.63645,0.48454,0.70197
-24.0818,22.96201,-4.24709,-0.87697,0.12924,-0.46285,0.865,0.0,0.0,nan,0.0,0.00389,0.09336,57.14331,1.80253,0.24657,0.48559,0.94394,0.23421,0.55478,0.94394
-24.23316,23.00232,-2.98797,-0.98799,0.10044,-0.11738,0.97414,0.0,0.0,nan,0.0,0.02791,0.10014,9.9768,1.88815,0.23462,0.44727,0.40195,0.74807,0.52962,0.40195
-24.00165,22.48015,-1.41444,-0.99659,0.0728,0.03894,0.99949,0.01903,0.09516,0.6,1.0,0.01211,0.0696,11.91714,1.74353,0.22435,0.30491,0.27967,0.66624,0.57355,0.27967
-24.22695,22.80671,0.97858,-0.99401,0.09571,0.05282,0.9989,0.0,0.0,nan,0.0,0.00641,0.05148,11.52829,2.33293,0.22688,0.32155,0.42367,0.45469,0.42865,0.42367
-24.0276,22.21931,2.10038,-0.98618,0.08283,0.14349,0.99421,0.00112,0.00558,0.51,1.0,0.0068,0.06466,10.73391,2.21583,0.22321,0.36361,0.5703,0.34315,0.4513,0.5703
-24.12002,25.06768,-4.37525,-0.86549,-0.0123,-0.50077,0.83828,0.0,0.0,nan,0.0,0.00773,0.05508,59.4896,1.64485,0.23793,0.54,0.49548,0.2685,0.60796,0.49548
-24.20465,24.98571,-3.00688,-0.98658,0.02072,-0.16196,0.94164,0.0,0.0,nan,0.0,0.01513,0.22575,47.3131,2.57804,0.19994,0.35569,0.65383,0.19634,0.38789,0.65383
-24.07112,24.82341,-1.85861,-0.99697,0.05327,0.05673,0.99988,0.0,0.0,nan,0.0,0.0213,0.08963,11.23176,1.8456,0.22565,0.39044,0.42944,0.71714,0.54183,0.42944
-24.00222,26.73839,-4.15112,-0.9319,-0.05954,-0.35779,0.89388,0.0,0.0,nan,0.0,0.00424,0.11264,50.2268,1.80253,0.2573,0.75311,0.98344,0.20548,0.55478,0.98344
-24.07529,27.00852,-3.19621,-0.99454,-0.00969,-0.10395,0.96974,0.0,0.0,nan,0.0,0.03241,0.13158,14.33103,1.91323,0.22687,0.38496,0.70969,0.72916,0.52268,0.70969
-24.01378,28.81615,-2.83155,-0.99995,0.00478,0.0084,0.99127,0.0,0.0,nan,0.0,0.01063,0.09734,18.02214,1.80253,0.21842,0.20595,0.39355,0.58925,0.55478,0.39355
-24.02736,28.25082,-1.95322,-0.99461,0.01099,0.10307,0.99881,0.0,0.0,nan,0.0,0.01212,0.08738,17.48544,1.67239,0.22173,0.23585,0.45697,0.65545,0.59795,0.45697
-24.03569,31.02857,-2.76206,-0.99995,0.00086,0.00986,0.99479,0.0,0.0,nan,0.0,0.01372,0.07638,15.45909,1.98281,0.22801,0.28834,0.57163,0.70379,0.50433,0.57163
-24.08171,31.37677,-1.82485,-0.99392,0.00349,0.11002,0.99597,0.0,0.0,nan,0.0,0.0077,0.05974,18.11563,1.80253,0.22446,0.20523,0.51278,0.69758,0.55478,0.51278
-24.02671,32.73807,-2.73384,-0.99929,0.03149,0.0205,0.99137,0.0,0.0,nan,0.0,0.01431,0.08372,11.78682,1.70395,0.24364,0.37542,0.84772,0.77502,0.58687,0.84772
-24.00204,32.38518,-1.93745,-0.99407,0.02697,0.10535,0.99783,0.0,0.0,nan,0.0,0.00782,0.05468,15.25543,1.63867,0.2317,0.24853,0.44476,0.65053,0.61025,0.44476
-24.0182,72.49278,-2.07699,-0.95599,0.2358,-0.17457,0.74744,0.0,0.0,nan,0.0,0.0137,0.12824,17.26495,2.13785,0.23905,0.33513,0.5739,0.35578,0.46776,0.5739
-24.0006,72.95132,-0.89039,-0.94414,0.31666,-0.09125,0.69781,0.0,0.0,nan,0.0,0.01605,0.10708,20.04176,2.01708,0.23483,0.36539,0.77977,0.49877,0.49577,0.77977
-24.0644,73.28984,0.51656,-0.92533,0.37759,0.03459,0.6521,0.0,0.0,nan,0.0,0.02108,0.08195,17.01297,2.03662,0.23385,0.37888,0.75601,0.77357,0.49101,0.75601
-22.89568,3.69956,-0.9853,-0.23639,-0.88334,-0.40475,0.88428,0.0,0.0,nan,0.0,0.01051,0.0316,22.33435,2.02074,0.23444,0.44712,0.5029,0.81042,0.49487,0.5029
-23.01946,3.44122,1.09662,-0.0756,-0.99706,0.01218,0.90122,0.0,0.0,nan,0.0,0.0176,0.111,18.14821,1.91376,0.24318,0.51959,0.54972,0.33878,0.52253,0.54972
-23.09474,3.53122,2.91218,0.02309,-0.97128,0.23683,0.88076,0.0,0.0,nan,0.0,0.01178,0.04774,20.77703,2.50355,0.2372,0.66038,0.35237,0.40948,0.39943,0.35237
-23.43332,3.75474,5.08763,-0.10801,-0.98176,0.15646,0.78464,0.0,0.0,nan,0.0,0.00924,0.03785,37.81171,2.00689,0.23646,0.7591,0.88481,0.59558,0.49828,0.88481
-22.94637,3.96884,6.23174,-0.14552,-0.97887,0.14363,0.79687,0.0,0.0,nan,0.0,0.01155,0.04077,40.7727,1.68264,0.2389,0.7125,0.83161,0.56435,0.59431,0.83161
-22.93633,5.03269,-2.60956,-0.44963,-0.50083,-0.73959,0.92755,0.0,0.0,nan,0.0,0.00835,0.04352,17.03919,2.93369,0.23624,0.52544,0.81018,0.50548,0.34087,0.81018
-23.36853,4.23069,-1.77548,-0.42114,-0.64191,-0.64078,0.86324,0.0,0.0,nan,0.0,0.00663,0.02565,21.40895,1.98728,0.23712,0.33738,0.39069,0.83778,0.5032,0.39069
-22.54679,4.35132,3.61281,0.00288,-0.97694,0.21351,0.95035,0.0,0.0,nan,0.0,0.01323,0.0366,29.98293,3.21715,0.24634,0.71788,0.76634,0.56693,0.31083,0.76634
-22.67484,4.73208,4.98637,-0.1446,-0.98251,0.1173,0.90875,0.0,0.0,nan,0.0,0.01792,0.0588,36.50576,2.70937,0.23452,0.65024,0.74449,0.49428,0.36909,0.74449
-23.17549,4.31539,7.33145,-0.37645,-0.81655,0.43764,0.69958,0.0,0.0,nan,0.0,0.03945,0.15107,59.93853,1.63867,0.24293,0.45112,0.51282,0.5981,0.61025,0.51282
-22.75618,5.18402,8.50211,-0.39271,-0.39909,0.82856,0.73707,0.0,0.0,nan,0.0,0.01709,0.10696,47.75811,1.90426,0.23247,0.48691,0.64367,0.34188,0.52514,0.64367
-22.37506,7.6107,-4.28485,-0.64879,-0.42959,-0.62811,0.99871,0.0,0.0,nan,0.0,0.01023,0.03267,13.03796,1.8639,0.23314,0.47492,0.52126,0.76054,0.53651,0.52126
-22.97801,6.97734,-2.96907,-0.62722,-0.34586,-0.69784,0.99646,0.0,0.0,nan,0.0,0.00978,0.02625,12.55276,1.82913,0.24123,0.44991,0.40199,0.96034,0.54671,0.40199
-23.75225,7.28555,7.67119,-0.7013,0.19043,0.68696,0.88683,0.00195,0.00975,0.51,1.0,0.00818,0.11497,26.28306,1.80619,0.23417,0.81264,0.93857,0.23749,0.55365,0.93857
-22.80259,6.92231,8.49413,-0.44762,0.11574,0.8867,0.90817,0.0,0.0,nan,0.0,0.01005,0.03695,21.21406,2.02816,0.23348,0.62786,0.45607,0.47426,0.49306,0.45607
-22.07463,9.9427,-6.03757,-0.55703,-0.39183,-0.73225,0.9899,0.0,0.0,nan,0.0,0.00643,0.0299,11.01919,1.98665,0.23506,0.3811,0.43584,0.66662,0.50336,0.43584
-22.75796,9.05632,-4.99232,-0.66564,-0.44962,-0.59563,0.99558,0.0,0.0,nan,0.0,0.00838,0.02715,11.60229,2.2035,0.22856,0.42754,0.57403,0.84666,0.45382,0.57403
-23.44682,8.89813,-3.28003,-0.76522,-0.35658,-0.536,0.98784,0.0,0.0,nan,0.0,0.0114,0.03349,14.94331,1.97754,0.23542,0.66718,0.666,0.57851,0.50568,0.666
-23.90145,9.60964,5.4472,-0.93523,0.22034,0.27713,0.98784,0.23655,0.23655,0.51,0.52416,0.00863,0.0569,10.55458,1.63867,0.24976,0.50378,0.71754,0.35792,0.61025,0.71754
-23.3398,9.04599,7.17902,-0.71084,0.27743,0.64633,0.93244,0.24219,0.24219,0.51,0.55625,0.00637,0.14095,17.37279,2.02124,0.2293,0.70363,0.94345,0.18801,0.49475,0.94345
-22.40498,8.60282,8.19233,-0.43464,0.22662,0.87163,0.95701,0.0,0.0,nan,0.0,0.00329,0.02851,28.50469,1.80956,0.23381,0.7501,0.94383,0.43327,0.55262,0.94383
-22.67132,11.22076,-6.37891,-0.53076,-0.24676,-0.8108,0.96014,0.0,0.0,nan,0.0,0.0089,0.05263,15.29607,2.06771,0.22383,0.39788,0.3829,0.48083,0.48363,0.3829
-23.5195,10.55659,-5.44694,-0.67785,-0.40329,-0.61471,0.96944,0.0,0.0,nan,0.0,0.01729,0.04637,12.88127,2.00455,0.23028,0.54449,0.33384,0.79098,0.49887,0.33384
-23.88572,10.12538,-3.7959,-0.82229,-0.36042,-0.44038,0.97757,0.0,0.0,nan,0.0,0.01036,0.02318,14.10039,2.18993,0.22788,0.58414,0.41116,0.87386,0.45664,0.41116
-23.94542,11.44031,1.65893,-0.99177,0.0806,0.09951,0.9992,0.03314,0.1657,0.6,1.0,0.00381,0.04384,13.81201,1.80738,0.24596,0.49571,0.83288,0.27323,0.55329,0.83288
-23.89871,11.31317,2.99001,-0.99164,0.08423,0.09778,0.99939,0.00427,0.02137,0.51,1.0,0.00547,0.03999,13.45109,1.70409,0.24381,0.52869,0.80344,0.35833,0.58682,0.80344
-23.72926,11.01451,5.02594,-0.95035,0.14418,0.27578,0.99058,0.03683,0.13872,0.51,0.97954,0.00324,0.05592,11.91081,1.80253,0.23977,0.5781,0.9187,0.25465,0.55478,0.9187
-22.7861,10.96018,6.90672,-0.7144,0.20655,0.66856,0.96181,0.15301,0.15301,0.51,0.54881,0.00609,0.09897,13.06381,1.90514,0.23238,0.49162,0.90501,0.28631,0.5249,0.90501
-23.03401,13.02193,-6.52246,-0.48045,0.00887,-0.87698,0.9574,0.0,0.0,nan,0.0,0.01226,0.03393,17.73414,2.49071,0.22997,0.46791,0.48942,0.85914,0.40149,0.48942
-23.61629,13.7585,-5.99078,-0.61318,0.03597,-0.78913,0.95055,0.0,0.0,nan,0.0,0.01034,0.0348,18.72343,1.87025,0.22964,0.3778,0.31,0.87015,0.53469,0.31
-23.95071,12.8432,1.5746,-0.99619,0.01129,0.08649,0.999,0.01505,0.07525,0.6,1.0,0.01805,0.08847,9.35885,1.7089,0.23585,0.37613,0.45763,0.65837,0.58517,0.45763
-23.89964,12.96974,3.05096,-0.99221,0.01778,0.12328,0.99949,0.10357,0.10357,0.51,0.55776,0.00705,0.07914,9.65448,1.86616,0.22873,0.43525,0.82816,0.32951,0.53586,0.82816
-23.53456,13.06025,5.0278,-0.93502,0.04063,0.35225,0.98324,0.03497,0.11909,0.51,0.97073,0.01552,0.09405,6.14617,3.21421,0.23632,0.63077,0.86552,0.5502,0.31112,0.86552
-22.71573,12.96963,6.65778,-0.70063,0.11809,0.70369,0.96406,0.00068,0.0034,0.51,1.0,0.00229,0.05702,31.52514,2.20923,0.23602,0.78883,0.99351,0.24496,0.45265,0.99351
-22.65348,15.14452,-6.3308,-0.47045,0.04912,-0.88106,0.99039,0.0,0.0,nan,0.0,0.01524,0.03895,20.84107,1.9063,0.23267,0.43098,0.55459,0.99478,0.52458,0.55459
-23.56022,14.75238,-5.91934,-0.61456,0.07203,-0.78558,0.96425,0.0,0.0,nan,0.0,0.0136,0.03486,18.91596,2.52154,0.23568,0.43127,0.63619,1.0,0.39658,0.63619
-23.90906,14.92964,3.44931,-0.98256,-0.00418,0.18589,0.99822,0.09726,0.17146,0.51,0.88523,0.02708,0.12506,5.38419,2.03988,0.21206,0.29695,0.65452,1.0,0.49023,0.65452
-23.51205,15.01638,5.01112,-0.93283,0.02786,0.35924,0.98882,0.0,0.0,nan,0.0,0.01874,0.056,5.38877,1.80486,0.24022,0.47605,0.6525,0.96397,0.55406,0.6525
-22.65936,14.98794,6.72002,-0.6215,0.02321,0.78307,0.92167,0.0,0.0,nan,0.0,0.00517,0.08749,38.92466,2.88402,0.24323,0.83984,0.99356,0.33546,0.34674,0.99356
-22.62476,16.84406,-6.4495,-0.55462,0.00704,-0.83207,0.99264,0.0,0.0,nan,0.0,0.00721,0.01919,21.3424,1.67619,0.22768,0.4109,0.45285,1.0,0.59659,0.45285
-23.40121,17.25051,-5.44686,-0.70436,0.05692,-0.70755,0.99147,0.0,0.0,nan,0.0,0.00821,0.02534,21.81999,1.63867,0.23164,0.40697,0.36187,0.86945,0.61025,0.36187
-23.86293,16.97513,3.48274,-0.97261,0.02464,0.23113,0.99822,0.11716,0.11716,0.51,0.69591,0.02076,0.0994,6.8979,1.80253,0.23091,0.42477,0.79285,0.73509,0.55478,0.79285
-23.38421,17.01494,4.99419,-0.9206,0.05175,0.38707,0.99333,0.0,0.0,nan,0.0,0.01591,0.0474,5.33587,2.0705,0.23839,0.51841,0.45845,0.89016,0.48298,0.45845
-22.56955,16.96437,6.60359,-0.66705,0.01766,0.7448,0.93841,0.0,0.0,nan,0.0,0.00408,0.08897,35.74374,1.80546,0.23637,0.8998,0.99406,0.24548,0.55388,0.99406
-22.54644,19.23472,-6.51893,-0.64694,-0.04383,-0.76128,0.98579,0.0,0.0,nan,0.0,0.00918,0.03141,23.27302,1.75387,0.23615,0.47766,0.4312,0.66439,0.57017,0.4312
-23.33376,18.80236,-5.36608,-0.75348,-0.00588,-0.65744,0.99196,0.0,0.0,nan,0.0,0.00782,0.02664,20.39433,1.7686,0.24062,0.43918,0.47701,0.73364,0.56542,0.47701
-23.82355,19.02292,3.3009,-0.96797,0.01302,0.25072,0.99685,0.0,0.0,nan,0.0,0.00452,0.06856,8.4645,1.90445,0.22423,0.46545,0.96105,0.53946,0.52508,0.96105
-23.215,19.04988,4.97897,-0.91402,0.02899,0.40462,0.99724,0.0,0.0,nan,0.0,0.01251,0.06256,6.78014,1.91883,0.2277,0.43448,0.56644,0.59608,0.52115,0.56644
-22.43958,19.04243,6.59272,-0.7269,0.01786,0.68651,0.95104,0.0,0.0,nan,0.0,0.01704,0.11176,15.25873,2.5066,0.23632,0.67941,0.80057,0.30288,0.39895,0.80057
-22.61361,20.88887,-6.50351,-0.60364,0.20107,-0.77149,0.93508,0.0,0.0,nan,0.0,0.00776,0.04125,29.7258,3.19412,0.23736,0.59334,0.74169,0.33848,0.31308,0.74169
-23.62927,21.09573,-5.55579,-0.75544,0.14401,-0.6392,0.91835,0.0,0.0,nan,0.0,0.00465,0.05859,34.40918,3.54242,0.24218,0.65639,0.90437,0.25292,0.28229,0.90437
-23.82723,21.15332,3.36493,-0.9621,0.04442,0.26904,0.99704,0.0,0.0,nan,0.0,0.01944,0.10551,8.5618,1.80253,0.22254,0.44736,0.6752,0.50812,0.55478,0.6752
-23.1949,20.96674,5.04036,-0.89948,0.03835,0.43528,0.99196,0.0,0.0,nan,0.0,0.02418,0.10512,5.97703,2.09012,0.23635,0.5739,0.68999,0.53504,0.47844,0.68999
-22.41726,20.99816,6.57104,-0.70305,0.03258,0.71039,0.95388,0.0,0.0,nan,0.0,0.00441,0.05516,16.34633,2.70855,0.2301,0.57338,0.84191,0.2218,0.3692,0.84191
-22.74683,22.15607,-6.05635,-0.48134,0.37424,-0.79263,0.93391,0.0,0.0,nan,0.0,0.00711,0.02815,29.26573,1.6657,0.24506,0.58469,0.74373,0.46139,0.60035,0.74373
-23.28752,23.10114,-5.54751,-0.51521,0.23416,-0.82446,0.88859,0.0,0.0,nan,0.0,0.00928,0.02795,40.35737,1.82756,0.24089,0.59543,0.48604,0.58552,0.54718,0.48604
-23.95234,23.21712,-0.91736,-0.99598,0.07841,0.04334,0.99988,0.01339,0.06695,0.6,1.0,0.00913,0.05494,12.90187,2.08919,0.22057,0.32025,0.32048,0.5992,0.47865,0.32048
-23.98188,23.51213,0.74412,-0.99411,0.09774,0.04678,0.99842,0.00298,0.01489,0.51,1.0,0.00793,0.05776,11.45548,2.08691,0.22777,0.31361,0.47395,0.51413,0.47918,0.47395
-23.73077,23.01116,3.0211,-0.97166,0.08089,0.22212,0.99793,0.03658,0.18292,0.51,1.0,0.00389,0.04385,8.03597,2.19042,0.22581,0.37055,0.58156,0.29871,0.45653,0.58156
-23.09821,23.02703,5.02664,-0.93145,0.02507,0.36301,0.99842,0.04858,0.24292,0.51,1.0,0.01454,0.10368,3.82227,2.01154,0.23546,0.56597,0.78793,0.42965,0.49713,0.78793
-22.38336,23.01311,6.68754,-0.68216,-0.10403,0.72377,0.90787,0.0,0.0,nan,0.0,0.0055,0.06804,19.66613,1.94711,0.24601,0.38488,0.43758,0.23145,0.51358,0.43758
-23.03521,25.17664,-4.82294,-0.63063,-0.09583,-0.77015,0.92853,0.0,0.0,nan,0.0,0.00576,0.02266,43.87996,3.60506,0.24266,0.49028,0.36723,0.54181,0.27739,0.36723
-23.98442,25.64567,-2.101,-0.99942,0.02267,0.02558,0.99871,0.0,0.0,nan,0.0,0.01548,0.10659,14.25274,1.65141,0.2415,0.21939,0.3047,0.755,0.60554,0.3047
-23.79163,25.01369,-0.98275,-0.99441,0.07351,0.07573,0.999,0.0,0.0,nan,0.0,0.01559,0.0787,12.7675,1.80253,0.22628,0.32142,0.47673,0.71298,0.55478,0.47673
-23.78778,24.98592,0.97883,-0.99369,0.09675,0.05671,0.9991,0.04322,0.21608,0.51,1.0,0.00666,0.06337,11.26538,1.74489,0.22659,0.30976,0.5472,0.39971,0.5731,0.5472
-23.60014,24.97469,2.96222,-0.98183,0.06333,0.17887,0.9989,0.10973,0.54864,0.51,1.0,0.00816,0.05117,5.59374,2.06617,0.22355,0.31511,0.48396,0.68681,0.48399,0.48396
-23.06161,24.99169,5.02798,-0.95015,0.00123,0.31179,0.99861,0.13983,0.69913,0.51,1.0,0.03947,0.139,3.29332,1.99774,0.21485,0.45642,0.67702,1.0,0.50057,0.67702
-22.37938,24.99205,6.81167,-0.79823,-0.06989,0.59828,0.94722,0.0,0.0,nan,0.0,0.01634,0.1265,8.46442,1.81322,0.23967,0.52222,0.39303,0.30571,0.5515,0.39303
-22.4553,27.40993,-6.46149,-0.59033,-0.21123,-0.77903,0.89016,0.0,0.0,nan,0.0,0.01335,0.0451,24.35925,3.2263,0.24746,0.52886,0.47366,0.60583,0.30995,0.47366
-23.41871,26.91602,-5.38134,-0.73153,-0.18285,-0.65684,0.90249,0.0,0.0,nan,0.0,0.00571,0.03635,33.96126,3.60506,0.2411,0.46635,0.70623,0.35644,0.27739,0.70623
-23.92449,27.01849,-2.27741,-0.99625,0.034,0.0796,0.9993,0.0,0.0,nan,0.0,0.01331,0.08665,16.49893,1.82516,0.21847,0.26994,0.40823,0.6378,0.5479,0.40823
-23.67284,27.03601,-1.00688,-0.99261,0.03946,0.11471,0.99871,7e-05,0.00034,0.51,1.0,0.00866,0.09216,16.07062,1.89447,0.22011,0.21781,0.59462,0.48536,0.52785,0.59462
-23.63634,27.02373,1.01244,-0.99594,0.06413,0.06319,0.999,0.00523,0.02616,0.51,1.0,0.00564,0.1075,11.56904,1.8539,0.22018,0.23458,0.51784,0.26231,0.5394,0.51784
-23.51932,26.99766,3.00531,-0.99082,0.04757,0.12658,0.9991,0.18301,0.91506,0.51,1.0,0.01572,0.09962,4.99277,2.02917,0.20497,0.39914,0.85803,0.84628,0.49281,0.85803
-23.13418,26.99472,4.97855,-0.94582,0.0365,0.32264,0.98755,0.12462,0.62308,0.51,1.0,0.00619,0.08952,21.1876,2.68435,0.22997,0.56854,0.83648,0.18391,0.37253,0.83648
-22.44201,26.9742,6.78786,-0.79086,0.12745,0.59857,0.95858,0.0,0.0,nan,0.0,0.003,0.02721,22.21208,1.83635,0.24888,0.66001,0.81302,0.22816,0.54456,0.81302
-22.51373,29.00928,-6.44551,-0.56927,0.12321,-0.81286,0.89799,0.0,0.0,nan,0.0,0.00631,0.02585,23.79249,3.52008,0.24648,0.6496,0.67573,0.40749,0.28408,0.67573
-23.58636,28.98482,-5.12155,-0.85459,0.04872,-0.51702,0.92314,0.0,0.0,nan,0.0,0.00502,0.07785,32.95337,3.41792,0.25988,0.41686,0.84495,0.23579,0.29258,0.84495
-23.98886,29.21213,-3.0878,-0.99944,0.00154,-0.03328,0.98892,0.00038,0.00191,0.7,1.0,0.01436,0.10358,17.54227,1.80253,0.21905,0.22448,0.32644,0.68805,0.55478,0.32644
-23.70901,28.96372,-0.97151,-0.99054,0.00421,0.13719,0.99949,0.0,0.0,nan,0.0,0.01066,0.08013,18.80025,1.80253,0.22308,0.19221,0.41761,0.76555,0.55478,0.41761
-23.54216,28.98204,1.00594,-0.99487,0.04571,0.09028,0.99939,0.01572,0.07859,0.51,1.0,0.00791,0.10118,17.7926,1.63867,0.23157,0.20815,0.56584,0.41788,0.61025,0.56584
-23.3972,29.00237,2.98669,-0.99296,0.06827,0.09674,0.9989,0.10014,0.50068,0.51,1.0,0.01994,0.15082,6.23317,2.01486,0.22989,0.50016,0.8741,0.57911,0.49631,0.8741
-23.12728,29.01348,5.01134,-0.9313,0.03554,0.36251,0.96318,0.01104,0.05522,0.51,1.0,0.00361,0.06348,38.49542,2.52652,0.22792,0.61661,0.92169,0.21553,0.3958,0.92169
-22.56026,29.04339,6.54836,-0.71826,0.04441,0.69435,0.91159,0.0,0.0,nan,0.0,0.00412,0.04911,44.74093,1.83665,0.23711,0.67936,0.96172,0.39968,0.54447,0.96172
-22.56431,30.98121,-6.27209,-0.49866,-0.02592,-0.86641,0.94468,0.0,0.0,nan,0.0,0.00978,0.01554,25.21845,3.54762,0.24747,0.69458,0.6593,0.97804,0.28188,0.6593
-23.58083,31.01663,-5.07118,-0.81958,-0.02548,-0.5724,0.8926,0.0,0.0,nan,0.0,0.00349,0.09089,60.8537,1.80253,0.24317,0.67656,0.98834,0.24706,0.55478,0.98834
-23.94238,30.75058,-3.58625,-0.99152,-0.00072,-0.12996,0.98618,0.0,0.0,nan,0.0,0.01981,0.12041,14.96916,1.91452,0.2277,0.33905,0.84412,0.78694,0.52232,0.84412
-23.62069,30.93818,-0.93076,-0.98688,0.00509,0.1614,0.99949,0.01172,0.05861,0.7,1.0,0.00981,0.07343,23.06441,1.80253,0.23212,0.20134,0.39804,0.72108,0.55478,0.39804
-23.44659,31.01303,1.00129,-0.98958,0.04133,0.1379,0.99969,0.06338,0.31688,0.7,1.0,0.01112,0.10848,22.3353,1.69951,0.23186,0.21589,0.52991,0.51745,0.58841,0.52991
-23.18579,31.02654,2.99619,-0.98737,0.09419,0.12735,0.99949,0.0,0.0,nan,0.0,0.00689,0.16067,14.52757,1.63867,0.23678,0.21563,0.45309,0.22633,0.61025,0.45309
-22.96747,31.0248,5.01296,-0.93649,0.07321,0.34297,0.96494,0.0,0.0,nan,0.0,0.01576,0.13153,47.68362,1.63867,0.24747,0.52054,0.63038,0.23978,0.61025,0.63038
-22.53891,31.00421,6.71427,-0.68515,-0.02327,0.72803,0.84454,0.0,0.0,nan,0.0,0.00451,0.05686,59.16928,1.76404,0.24094,0.71994,0.99555,0.53218,0.56688,0.99555
-22.68329,33.06744,-6.50685,-0.62481,-0.1683,-0.76242,0.92804,0.0,0.0,nan,0.0,0.00556,0.03658,24.09217,1.82158,0.24155,0.78823,0.91455,0.44151,0.54898,0.91455
-23.65521,33.01402,-5.04056,-0.88261,-0.04828,-0.46761,0.92559,0.0,0.0,nan,0.0,0.0054,0.08979,32.74552,1.84639,0.24145,0.80095,0.93991,0.20312,0.5416,0.93991
-23.96723,33.31466,-3.23863,-0.99817,0.0371,-0.04771,0.99088,0.0,0.0,nan,0.0,0.01873,0.10243,11.02714,2.00809,0.22967,0.32726,0.81799,0.84372,0.49798,0.81799
-23.61613,33.04929,-0.97064,-0.98482,0.0374,0.16949,0.99998,0.00451,0.02254,0.7,1.0,0.00575,0.09217,24.11084,1.9743,0.23294,0.25324,0.85636,0.40448,0.50651,0.85636
-23.26576,33.05655,1.02687,-0.98312,0.04581,0.17714,0.99939,0.0041,0.02051,0.7,1.0,0.01181,0.1066,27.84316,2.01157,0.22948,0.19399,0.69613,0.61234,0.49712,0.69613
-22.96559,32.94356,3.01332,-0.98291,0.07913,0.16619,0.99939,0.2788,0.2788,0.51,0.6634,0.01302,0.18465,21.59352,1.9776,0.22309,0.23699,0.74342,0.32517,0.50566,0.74342
-22.62263,32.96777,5.03114,-0.94815,0.0634,0.31144,0.9947,0.0,0.0,nan,0.0,0.00504,0.20352,49.7364,1.8026,0.23062,0.64552,0.99345,0.18072,0.55476,0.99345
-22.3142,32.9362,6.66573,-0.78074,-0.01062,0.62477,0.90268,4e-05,0.0002,0.7,1.0,0.00319,0.06637,53.81587,3.03088,0.22801,0.69475,0.99033,0.31121,0.32994,0.99033
-22.73192,34.98543,-6.60321,-0.70599,-0.0133,-0.7081,0.94174,0.0,0.0,nan,0.0,0.00657,0.04255,23.57697,2.62568,0.23327,0.66655,0.87406,0.41656,0.38085,0.87406
-23.60608,34.98463,-5.00573,-0.92745,0.02035,-0.37339,0.96572,0.0,0.0,nan,0.0,0.02306,0.1162,16.29316,1.93896,0.22933,0.6231,0.83222,0.48534,0.51574,0.83222
-23.89809,34.95871,-3.02181,-0.99895,0.04414,-0.01231,0.99744,0.0,0.0,nan,0.0,0.02394,0.1229,13.4195,1.93771,0.21516,0.28507,0.49535,0.78525,0.51607,0.49535
-23.56666,35.01152,-0.98431,-0.98754,0.0329,0.15388,0.99998,0.0,0.0,nan,0.0,0.00735,0.08854,18.3465,1.98646,0.22447,0.19978,0.62969,0.46099,0.50341,0.62969
-23.26462,34.99186,1.02811,-0.98397,0.00273,0.17834,0.99969,0.0,0.0,nan,0.0,0.00987,0.09827,24.76019,1.9556,0.22158,0.21972,0.77001,0.52775,0.51135,0.77001
-22.85547,35.02805,2.96726,-0.98496,-0.03448,0.16928,0.99949,0.0,0.0,nan,0.0,0.00809,0.09542,21.81633,1.90007,0.2181,0.20979,0.53079,0.44107,0.5263,0.53079
-22.4956,35.01826,4.96297,-0.9735,-0.01941,0.22785,0.9993,0.0,0.0,nan,0.0,0.00528,0.0469,10.9587,2.86473,0.24057,0.30339,0.33817,0.43899,0.34907,0.33817
-22.22044,34.96909,6.52827,-0.8526,0.02161,0.52213,0.94585,0.0,0.0,nan,0.0,0.00809,0.08508,24.77123,3.21122,0.24474,0.60245,0.85819,0.26081,0.31141,0.85819
-22.64711,36.95471,-6.46012,-0.65506,0.13712,-0.74303,0.94546,0.0,0.0,nan,0.0,0.00649,0.02316,21.53532,1.9641,0.22652,0.55154,0.68212,0.5548,0.50914,0.68212
-23.51526,37.01215,-4.98004,-0.9159,0.10012,-0.38873,0.9527,0.0,0.0,nan,0.0,0.00514,0.04262,30.15052,2.57501,0.23447,0.62682,0.83086,0.27694,0.38835,0.83086
-23.81058,36.98327,-2.9801,-0.99687,0.07839,-0.00981,0.99773,0.00346,0.0036,0.7,0.7619,0.0183,0.10761,17.17812,1.80253,0.21725,0.31337,0.39843,0.60599,0.55478,0.39843
-23.62431,37.01361,-1.02089,-0.99286,0.04929,0.10861,0.99959,0.00577,0.02887,0.7,1.0,0.01948,0.08719,20.40148,1.6849,0.21687,0.31364,0.48414,0.78207,0.59351,0.48414
-23.28763,36.97544,1.03084,-0.99104,-0.0094,0.13322,0.99998,0.0,0.0,nan,0.0,0.01293,0.08365,21.42281,1.70382,0.22232,0.2445,0.74749,0.69104,0.58692,0.74749
-23.05668,37.00496,2.99952,-0.98813,-0.04034,0.1482,0.999,0.0,0.0,nan,0.0,0.00737,0.05516,17.86374,1.84914,0.21887,0.23345,0.47247,0.63625,0.54079,0.47247
-22.88916,36.94224,5.00054,-0.96702,-0.04363,0.25092,0.99342,0.0,0.0,nan,0.0,0.00391,0.04143,12.51273,2.54695,0.23441,0.30737,0.46428,0.35626,0.39263,0.46428
-22.21877,37.02177,6.48873,-0.80066,-0.01242,0.59899,0.90308,0.0,0.0,nan,0.0,0.00273,0.08672,21.57915,3.40982,0.24622,0.52276,0.96826,0.21833,0.29327,0.96826
-22.57645,39.0043,-6.44296,-0.59813,0.07889,-0.7975,0.91531,0.0,0.0,nan,0.0,0.00788,0.03274,27.86892,1.83719,0.22863,0.44738,0.62572,0.5765,0.54431,0.62572
-23.38337,38.99623,-5.02511,-0.90568,0.08029,-0.41628,0.93371,0.0,0.0,nan,0.0,0.00417,0.05672,34.39995,2.04381,0.23406,0.66727,0.94445,0.30863,0.48928,0.94445
-23.51836,38.99908,-2.94915,-0.99284,0.1194,0.00205,0.99783,0.02055,0.10277,0.7,1.0,0.02008,0.09376,18.71792,1.63867,0.2232,0.38094,0.58919,0.62218,0.61025,0.58919
-23.42891,38.9898,-0.97389,-0.99273,0.10307,0.06214,0.99988,0.0,0.0,nan,0.0,0.01675,0.07076,19.85275,2.01143,0.22488,0.36787,0.35266,0.70825,0.49716,0.35266
-23.34564,39.02106,0.9869,-0.99507,0.05014,0.08561,0.99949,0.00714,0.03571,0.7,1.0,0.01453,0.05573,20.44862,2.60638,0.22444,0.39081,0.40832,0.73258,0.38367,0.40832
-23.07726,38.96291,2.99498,-0.99074,0.03235,0.13187,0.99959,0.0,0.0,nan,0.0,0.00798,0.05409,15.89136,2.56757,0.21975,0.2914,0.41398,0.56994,0.38947,0.41398
-22.72958,38.98779,5.0061,-0.96522,0.02134,0.26057,0.99528,0.0,0.0,nan,0.0,0.00304,0.04586,11.36832,1.94149,0.22637,0.28077,0.48429,0.27758,0.51507,0.48429
-22.25822,38.94702,6.50564,-0.81011,-0.01664,0.58604,0.90552,0.0,0.0,nan,0.0,0.00744,0.213,20.28661,2.04974,0.22642,0.85949,0.99259,0.19952,0.48787,0.99259
-22.48137,40.89743,-6.29202,-0.66773,0.06197,-0.74182,0.91835,0.0,0.0,nan,0.0,0.00535,0.0403,37.15715,1.91261,0.23602,0.68769,0.94231,0.5286,0.52285,0.94231
-23.23827,41.02924,-5.0435,-0.89868,0.12536,-0.42031,0.92853,0.0,0.0,nan,0.0,0.00415,0.04961,32.22378,3.54258,0.25402,0.61413,0.92325,0.32437,0.28228,0.92325
-23.17664,40.96829,-2.97116,-0.99631,0.08557,0.00678,0.999,0.0,0.0,nan,0.0,0.0227,0.06928,15.55569,2.01311,0.22199,0.39194,0.50578,0.94331,0.49674,0.50578
-23.07071,40.97518,-1.00144,-0.99688,0.07693,0.01793,0.99979,0.0,0.0,nan,0.0,0.01447,0.05718,21.24739,2.15962,0.21784,0.33139,0.54691,0.83557,0.46304,0.54691
-23.31855,40.9506,1.04932,-0.99586,0.06232,0.06621,0.9989,0.0,0.0,nan,0.0,0.01422,0.05944,22.25699,1.93486,0.21308,0.34596,0.40773,0.75383,0.51683,0.40773
-22.92317,40.9708,2.9716,-0.99114,0.04888,0.1235,0.9993,0.0,0.0,nan,0.0,0.00997,0.075,16.95681,2.60423,0.21581,0.4393,0.5534,0.33819,0.38399,0.5534
-22.7023,40.99071,4.97895,-0.97375,0.01897,0.22683,0.99656,0.0,0.0,nan,0.0,0.00795,0.05529,8.22655,2.80346,0.24068,0.39667,0.53138,0.45052,0.3567,0.53138
-22.23831,41.02434,6.48816,-0.86154,-0.01249,0.50754,0.96102,0.0,0.0,nan,0.0,0.00825,0.14466,15.73643,2.03019,0.23671,0.75105,0.96844,0.28425,0.49257,0.96844
-22.22569,43.2251,-6.18372,-0.71225,0.10012,-0.69475,0.93753,0.0,0.0,nan,0.0,0.00446,0.049,38.86444,3.37015,0.23623,0.59525,0.91116,0.33221,0.29672,0.91116
-22.93523,42.94352,-5.12781,-0.8831,0.05888,-0.46547,0.95055,0.0,0.0,nan,0.0,0.00687,0.04407,29.14958,3.4412,0.2525,0.5474,0.65155,0.30448,0.2906,0.65155
-23.17559,42.9559,-2.98311,-0.99964,0.0141,-0.023,0.99567,0.0,0.0,nan,0.0,0.01683,0.07169,14.60354,1.6964,0.23009,0.37188,0.28895,0.71771,0.58948,0.28895
-23.02979,42.93785,-0.98582,-0.99977,0.0035,0.02094,0.9993,0.0,0.0,nan,0.0,0.01067,0.0653,18.0673,1.92021,0.22942,0.25613,0.55159,0.70845,0.52078,0.55159
-23.10306,42.98209,1.05363,-0.99787,0.01757,0.06275,0.9992,0.0,0.0,nan,0.0,0.01188,0.06478,21.66366,1.93108,0.22045,0.32058,0.38998,0.62487,0.51785,0.38998
-22.83967,43.03363,3.02135,-0.99375,0.02069,0.10971,0.999,0.0,0.0,nan,0.0,0.0099,0.09437,15.32256,2.09448,0.21992,0.36701,0.50745,0.32307,0.47744,0.50745
-22.63086,42.98236,5.03694,-0.97107,0.01374,0.23841,0.99068,0.0,0.0,nan,0.0,0.01204,0.08361,12.07998,1.6516,0.24139,0.47174,0.57267,0.35569,0.60547,0.57267
-22.30198,42.97636,6.41509,-0.85585,0.07063,0.51237,0.94859,0.0,0.0,nan,0.0,0.00662,0.08398,28.847,3.53062,0.25523,0.3939,0.78269,0.23905,0.28324,0.78269
-22.08453,44.65799,-6.0857,-0.61553,0.20227,-0.76171,0.90885,0.0,0.0,nan,0.0,0.00238,0.04525,57.04565,3.03848,0.2328,0.8256,0.96848,0.21951,0.32911,0.96848
-22.81433,45.0434,-5.08428,-0.82024,0.10038,-0.56314,0.89828,0.02044,0.10222,0.6,1.0,0.00731,0.08883,37.55622,3.4412,0.24238,0.53432,0.84106,0.22906,0.2906,0.84106
-23.21311,45.00731,-2.99027,-0.99692,-0.024,-0.07464,0.999,0.0,0.0,nan,0.0,0.01948,0.09186,8.76103,2.06976,0.22326,0.52303,0.24974,0.49794,0.48315,0.24974
-23.14599,44.94956,-0.99131,-0.99851,-0.04062,0.03655,0.99959,0.00578,0.01794,0.51,0.9619,0.00505,0.05383,12.18934,1.8879,0.22809,0.32017,0.52654,0.34106,0.52969,0.52654
-23.04378,44.97782,0.99413,-0.99656,-0.02303,0.07956,0.99939,0.03747,0.18735,0.6,1.0,0.00708,0.06267,12.1719,1.65828,0.22403,0.32887,0.51138,0.40015,0.60303,0.51138
-22.89348,44.96139,2.98047,-0.99414,-0.01004,0.10763,0.99979,0.31802,0.31802,0.6,0.55585,0.0259,0.15234,8.8162,2.0079,0.22204,0.37913,0.53775,0.55022,0.49803,0.53775
-22.64671,44.97599,5.06468,-0.94825,0.0049,0.31748,0.98207,0.01665,0.08326,0.51,1.0,0.01317,0.121,17.50918,2.70059,0.23551,0.596,0.84798,0.29633,0.37029,0.84798
-22.32338,44.95569,6.43963,-0.76986,0.04158,0.63685,0.88732,0.00012,0.00062,0.51,1.0,0.00205,0.0522,45.81699,3.60506,0.26095,0.57229,0.97127,0.24498,0.27739,0.97127
-22.00786,46.2269,-6.02657,-0.48423,0.08112,-0.87117,0.90856,0.0,0.0,nan,0.0,0.00821,0.02343,34.14561,2.52581,0.23556,0.65434,0.70934,0.56718,0.39591,0.70934
-22.75869,47.01434,-5.11534,-0.76222,-0.01453,-0.64716,0.88233,0.24869,0.24869,0.6,0.59462,0.00368,0.08687,55.40567,2.0257,0.23078,0.70148,0.98665,0.25797,0.49366,0.98665
-23.32014,47.00786,-2.98042,-0.99346,-0.01047,-0.11367,0.99665,0.40017,0.76312,0.51,0.89863,0.02353,0.08827,6.0692,1.99636,0.23375,0.3604,0.45468,0.98346,0.50091,0.45468
-23.32048,46.98757,-0.98897,-0.99898,-0.02934,0.0343,0.9993,0.37203,0.37203,0.6,0.48438,0.03302,0.11529,6.07891,1.69238,0.23315,0.44809,0.74995,0.84938,0.59089,0.74995
-23.15854,46.9937,0.99215,-0.99415,-0.01945,0.10621,0.9992,0.26949,0.26949,0.6,0.61294,0.03766,0.12224,5.85334,1.73339,0.23342,0.57206,0.80843,0.88866,0.5769,0.80843
-22.86464,47.01163,2.95624,-0.99073,0.01248,0.13529,0.99949,0.53776,0.53776,0.6,0.50175,0.03097,0.11078,5.37425,2.03531,0.22822,0.38432,0.40437,0.9982,0.49133,0.40437
-22.63182,46.98394,5.01264,-0.96914,0.03533,0.24398,0.98863,0.0209,0.1045,0.51,1.0,0.01966,0.07145,6.10317,1.92309,0.23951,0.63102,0.51753,0.57904,0.52,0.51753
-22.26995,46.97026,6.44993,-0.79787,-0.01329,0.60268,0.89505,0.01472,0.07361,0.51,1.0,0.00665,0.09185,39.80572,1.63867,0.23663,0.76866,0.92542,0.2254,0.61025,0.92542
-22.00101,49.84062,-6.0264,-0.69588,-0.03813,-0.71714,0.95662,0.0,0.0,nan,0.0,0.00372,0.05415,24.41592,1.63867,0.24278,0.62324,0.95158,0.33555,0.61025,0.95158
-22.73864,48.96957,-5.08173,-0.82325,-0.01249,-0.56754,0.93645,0.04043,0.04043,0.51,0.62963,0.00534,0.08471,26.75538,1.63867,0.2492,0.71283,0.93453,0.23188,0.61025,0.93453
-23.29021,48.99362,-3.00396,-0.99011,0.02334,-0.13835,0.99381,0.17386,0.19621,0.6,0.78559,0.0298,0.12117,6.47109,1.98054,0.22326,0.32431,0.47712,0.99273,0.50491,0.47712
-23.30496,49.02417,-0.96059,-0.99964,0.00628,0.02609,0.999,0.42432,0.49094,0.51,0.79241,0.01535,0.06735,5.74481,1.94446,0.22373,0.31271,0.60432,0.98234,0.51428,0.60432
-23.20253,48.96774,0.99974,-0.99176,0.0122,0.12753,0.9992,0.04316,0.21582,0.6,1.0,0.01316,0.04781,5.04111,2.03678,0.22161,0.39335,0.7571,1.0,0.49097,0.7571
-22.77583,49.02499,2.98385,-0.98504,0.03264,0.16921,0.99949,0.20123,0.40475,0.51,0.90713,0.01304,0.04737,4.46131,2.0223,0.20787,0.39865,0.53747,1.0,0.49449,0.53747
-22.47184,49.00711,5.01833,-0.96494,0.06119,0.25524,0.99528,0.03318,0.16589,0.51,1.0,0.01369,0.07212,5.53162,1.97647,0.23475,0.52585,0.38039,0.49165,0.50595,0.38039
-22.18366,48.90536,6.35799,-0.85753,0.05734,0.51122,0.95133,0.0,0.0,nan,0.0,0.01061,0.10116,20.23846,1.8092,0.23196,0.7067,0.8567,0.24757,0.55273,0.8567
-22.00965,50.03837,-6.00538,-0.70561,-0.01901,-0.70834,0.96014,0.0,0.0,nan,0.0,0.00734,0.05372,21.81417,2.1967,0.24048,0.60854,0.83673,0.33948,0.45523,0.83673
-22.6144,50.99011,-4.99831,-0.85019,0.06945,-0.52188,0.96915,0.0,0.0,nan,0.0,0.0131,0.09036,18.15979,1.67346,0.2436,0.75223,0.79852,0.25334,0.59756,0.79852
-23.26757,51.02613,-2.97419,-0.98726,0.02222,-0.15754,0.9945,0.0,0.0,nan,0.0,0.01896,0.11191,8.25955,2.02477,0.21993,0.29955,0.44807,0.70241,0.49388,0.44807
-23.24508,51.02072,-1.01665,-0.9998,0.00549,0.01923,0.99871,0.0546,0.27298,0.51,1.0,0.00944,0.07521,7.40018,1.94623,0.21866,0.26281,0.69703,0.60683,0.51381,0.69703
-23.15879,51.0091,0.99692,-0.99133,0.005,0.13128,0.9989,0.0,0.0,nan,0.0,0.00955,0.0365,4.82783,2.04533,0.22366,0.37007,0.67402,1.0,0.48892,0.67402
-22.73575,51.01718,2.95911,-0.98158,0.01271,0.1906,0.99979,0.0535,0.26751,0.51,1.0,0.01354,0.0586,4.8831,2.05778,0.20622,0.32661,0.58887,0.99717,0.48596,0.58887
-22.3463,50.96939,5.01949,-0.93105,0.0585,0.36017,0.98226,0.02061,0.10307,0.51,1.0,0.00598,0.09297,25.92046,2.69386,0.18061,0.58326,0.85516,0.179,0.37121,0.85516
-22.06764,50.81888,6.18293,-0.83157,0.12055,0.54219,0.9622,0.0,0.0,nan,0.0,0.00142,0.03578,27.71646,3.60506,0.25063,0.49694,0.94735,0.23219,0.27739,0.94735
-22.53631,52.9818,-4.88926,-0.79377,0.14971,-0.5895,0.93352,0.0,0.0,nan,0.0,0.00383,0.08557,49.53466,2.4254,0.23496,0.86675,0.99443,0.24691,0.4123,0.99443
-23.19755,52.96912,-2.9665,-0.98051,0.03017,-0.19414,0.99254,0.01827,0.09135,0.51,1.0,0.01305,0.12661,8.75661,2.00309,0.21839,0.2325,0.64197,0.54476,0.49923,0.64197
-23.28538,53.00943,-1.01865,-0.99997,-0.00088,0.00703,0.9993,0.02397,0.11985,0.51,1.0,0.0119,0.10241,8.84866,1.97467,0.2165,0.25439,0.58771,0.56024,0.50641,0.58771
-23.14127,53.01183,1.01738,-0.99035,-0.01166,0.13808,0.99881,0.04922,0.24611,0.51,1.0,0.01337,0.07291,6.9829,2.01183,0.20731,0.37018,0.65184,0.6371,0.49706,0.65184
-22.7768,53.00749,2.98862,-0.97964,0.00125,0.20074,0.9992,0.03057,0.05163,0.51,0.87748,0.01025,0.10395,9.80068,2.01619,0.21354,0.33619,0.47751,0.35322,0.49598,0.47751
-22.2779,53.0444,5.01965,-0.90529,0.00651,0.42474,0.97277,0.06132,0.06132,0.7,0.62974,0.00458,0.11682,26.78751,3.26414,0.25248,0.55233,0.96288,0.23926,0.30636,0.96288
-22.00027,52.74545,6.06372,-0.78029,0.03538,0.62441,0.9482,0.0,0.0,nan,0.0,0.00361,0.05768,46.74509,1.99393,0.24001,0.76369,0.98639,0.35094,0.50152,0.98639
-22.43008,54.99703,-4.70164,-0.73343,0.04078,-0.67854,0.94194,0.0,0.0,nan,0.0,0.00288,0.0474,35.04008,1.79063,0.23786,0.87131,0.9799,0.27885,0.55846,0.9799
-23.11053,54.98434,-2.98406,-0.95297,0.04784,-0.29927,0.98148,0.00081,0.00406,0.51,1.0,0.01538,0.18403,9.58346,1.97669,0.23256,0.29462,0.79629,0.4024,0.5059,0.79629
-23.33729,54.99646,-1.01315,-0.99982,0.00673,-0.01774,0.99763,0.0,0.0,nan,0.0,0.01935,0.17,8.58517,2.04643,0.20603,0.27697,0.43062,0.50665,0.48866,0.43062
-23.20732,55.03132,1.03149,-0.9892,-0.00519,0.14648,0.99871,0.096,0.15977,0.51,0.87473,0.02892,0.13077,7.20593,2.01337,0.20937,0.36916,0.59723,0.76534,0.49668,0.59723
-22.74799,54.97406,2.98378,-0.97438,0.01687,0.22428,0.99851,0.04528,0.04528,0.51,0.69136,0.02491,0.15416,13.36905,1.80017,0.20778,0.40327,0.66513,0.46056,0.5555,0.66513
-22.23414,54.95555,4.99832,-0.92076,0.04009,0.38806,0.98667,0.0,0.0,nan,0.0,0.02123,0.09599,15.75904,1.89576,0.22438,0.38808,0.70945,0.64219,0.52749,0.70945
-22.39817,56.99364,-4.61019,-0.81919,-0.04204,-0.57197,0.95701,0.0,0.0,nan,0.0,0.00356,0.07429,29.03,3.03496,0.23582,0.49382,0.89845,0.19762,0.32949,0.89845
-23.00765,57.0111,-3.04436,-0.95737,0.01622,-0.28842,0.99186,0.00308,0.0154,0.51,1.0,0.01479,0.1613,10.65106,1.68485,0.24318,0.43794,0.8975,0.47111,0.59353,0.8975
-23.3378,56.9852,-1.01747,-0.99888,0.01764,-0.04401,0.99793,0.0,0.0,nan,0.0,0.05203,0.23092,7.10143,1.93152,0.21508,0.29153,0.62846,0.99047,0.51773,0.62846
-23.18775,56.97902,0.97016,-0.9895,0.01072,0.14412,0.99871,0.05885,0.29424,0.51,1.0,0.04164,0.16254,7.80947,2.0361,0.20872,0.34212,0.33055,0.94047,0.49114,0.33055
-22.74856,56.98649,2.95869,-0.96872,0.0067,0.24807,0.9989,0.0,0.0,nan,0.0,0.01041,0.0885,13.08835,2.42771,0.20444,0.36683,0.76624,0.39007,0.41191,0.76624
-22.21454,56.9474,4.65925,-0.90835,0.07332,0.41173,0.97717,0.0,0.0,nan,0.0,0.0102,0.12495,22.34709,3.49037,0.25809,0.27487,0.59703,0.32341,0.2865,0.59703
-22.39084,58.9965,-4.61244,-0.81116,0.06047,-0.58169,0.96719,0.0,0.0,nan,0.0,0.00374,0.06967,29.90026,1.81722,0.24367,0.83167,0.97818,0.25525,0.55029,0.97818
-22.94822,58.99155,-2.98814,-0.96385,0.00653,-0.26638,0.99333,0.0,0.0,nan,0.0,0.02961,0.1227,8.50814,2.03082,0.23155,0.29854,0.51643,0.99832,0.49241,0.51643
-23.29048,58.99881,-1.02075,-0.9989,0.00698,-0.04641,0.99753,0.15726,0.15726,0.51,0.5867,0.04089,0.17711,9.09035,1.97126,0.2142,0.28396,0.55404,0.99199,0.50729,0.55404
-23.13677,59.01979,1.01779,-0.99051,0.00149,0.1374,0.99851,0.0,0.0,nan,0.0,0.01319,0.09863,9.89797,2.7019,0.22249,0.21417,0.28777,0.75036,0.37011,0.28777
-22.71148,59.02465,3.08074,-0.96809,-0.01454,0.25018,0.9989,0.0,0.0,nan,0.0,0.00926,0.08052,11.95461,2.48296,0.20665,0.34597,0.74979,0.38804,0.40275,0.74979
-22.20894,59.00937,4.5929,-0.90044,-0.07764,0.428,0.97923,0.0,0.0,nan,0.0,0.00265,0.08073,31.40251,1.63867,0.25022,0.442,0.94242,0.20529,0.61025,0.94242
-22.43725,60.9815,-4.60083,-0.75938,0.03032,-0.64994,0.94556,0.0,0.0,nan,0.0,0.00456,0.0485,37.91811,2.22672,0.24118,0.7481,0.95546,0.386,0.44909,0.95546
-23.02921,61.02465,-2.97056,-0.95147,0.00282,-0.30772,0.97992,0.0,0.0,nan,0.0,0.01969,0.14725,9.32776,1.90122,0.24046,0.4611,0.9046,0.69683,0.52598,0.9046
-23.30558,60.98919,-0.97109,-0.99912,0.0047,-0.04161,0.99734,0.0,0.0,nan,0.0,0.02609,0.15271,9.54213,2.01921,0.2121,0.22041,0.3487,0.9376,0.49524,0.3487
-23.18561,61.05245,0.9811,-0.99306,-0.01195,0.11704,0.99979,0.0,0.0,nan,0.0,0.02243,0.16799,8.52501,1.74163,0.21081,0.21639,0.42435,0.76165,0.57418,0.42435
-22.77846,61.00131,2.98417,-0.97656,-0.05139,0.20904,0.99988,0.0,0.0,nan,0.0,0.00416,0.07094,11.20355,2.54085,0.21336,0.28185,0.6885,0.2454,0.39357,0.6885
-22.26108,61.04193,4.93956,-0.9423,-0.11098,0.31583,0.99773,0.0,0.0,nan,0.0,0.00813,0.06807,10.76779,2.37947,0.2246,0.46847,0.69832,0.30222,0.42026,0.69832
-22.0692,61.65517,6.14063,-0.83536,-0.14692,0.5297,0.94986,0.0,0.0,nan,0.0,0.01855,0.12902,14.39077,2.08237,0.23614,0.64909,0.47167,0.25226,0.48022,0.47167
-22.48064,63.04855,-4.69082,-0.78084,-0.12605,-0.61189,0.93626,0.0,0.0,nan,0.0,0.00497,0.04677,34.18543,2.518,0.23572,0.66743,0.88671,0.2994,0.39714,0.88671
-22.96644,62.99578,-3.00587,-0.95345,-0.0149,-0.3012,0.97894,0.01188,0.03394,0.6,0.95312,0.00448,0.1357,15.96488,1.88266,0.22927,0.63773,0.97565,0.20979,0.53116,0.97565
-23.25886,63.03564,-0.97393,-0.99851,0.0255,-0.04818,0.99939,0.16855,0.16855,0.51,0.58722,0.02905,0.16828,9.07201,2.00373,0.21881,0.27301,0.2664,0.77168,0.49907,0.2664
-23.20137,62.96503,1.01385,-0.9968,-0.00626,0.07969,0.9989,0.0,0.0,nan,0.0,0.04426,0.21255,9.48631,1.78274,0.22772,0.32704,0.68793,0.77092,0.56093,0.68793
-22.91778,62.99458,2.99399,-0.98666,-0.09275,0.13376,0.99979,0.0,0.0,nan,0.0,0.00733,0.10267,10.57897,1.93985,0.21546,0.26451,0.47574,0.32089,0.5155,0.47574
-22.62091,62.98182,4.99392,-0.94913,-0.15524,0.27397,0.9945,0.0,0.0,nan,0.0,0.01084,0.07151,10.78393,1.63874,0.23527,0.38018,0.5232,0.4728,0.61022,0.5232
-22.22201,63.11827,6.37206,-0.818,-0.09124,0.56794,0.94566,0.0,0.0,nan,0.0,0.0042,0.08543,27.24785,1.85133,0.24271,0.79789,0.97792,0.24465,0.54015,0.97792
-22.53134,65.0453,-4.86324,-0.87107,-0.1329,-0.47284,0.9666,0.0,0.0,nan,0.0,0.00612,0.05884,15.60573,2.09555,0.23029,0.49654,0.75806,0.24273,0.4772,0.75806
-22.93924,64.98666,-3.01985,-0.98304,-0.03328,-0.18037,0.99851,0.04063,0.20315,0.51,1.0,0.01124,0.10866,8.81409,1.9062,0.23491,0.314,0.51999,0.40423,0.5246,0.51999
-23.1536,64.98284,-0.95087,-0.99895,0.0019,-0.04581,0.9993,0.02427,0.12133,0.51,1.0,0.0053,0.08156,16.23667,1.76483,0.23194,0.20103,0.61739,0.36279,0.56663,0.61739
-23.13644,65.00729,0.97947,-0.99963,-0.0072,0.02627,0.9992,0.0,0.0,nan,0.0,0.0036,0.07411,16.63306,1.72696,0.23004,0.16727,0.58837,0.32509,0.57905,0.58837
-23.09886,64.96076,3.03466,-0.99667,-0.06747,0.04581,0.99969,0.0,0.0,nan,0.0,0.01115,0.06934,13.48931,1.87089,0.22954,0.31955,0.35659,0.57772,0.53451,0.35659
-23.08896,64.96357,4.97004,-0.96274,-0.11588,0.24435,0.9713,0.0,0.0,nan,0.0,0.01182,0.06705,14.56613,1.68529,0.23508,0.28566,0.52454,0.70173,0.59337,0.52454
-22.38966,65.05289,6.52142,-0.72352,-0.04331,0.68894,0.89456,0.0,0.0,nan,0.0,0.00601,0.09164,39.37895,1.99849,0.23184,0.75985,0.97496,0.32362,0.50038,0.97496
-22.64338,66.99438,-4.91434,-0.89836,-0.07764,-0.43235,0.98148,0.0,0.0,nan,0.0,0.01705,0.12808,11.53135,1.86961,0.22558,0.307,0.54857,0.50886,0.53487,0.54857
-23.09675,66.97593,-2.95164,-0.99037,-0.07105,-0.11886,0.99479,0.0,0.0,nan,0.0,0.01109,0.08585,12.94468,1.84987,0.22557,0.25329,0.33155,0.58885,0.54058,0.33155
-23.08621,67.03304,-0.93167,-0.99924,-0.03602,-0.01511,0.99988,0.0,0.0,nan,0.0,0.00901,0.08596,23.21351,1.80253,0.22078,0.19566,0.46054,0.58182,0.55478,0.46054
-23.16897,67.03555,0.93148,-0.99977,-0.01979,0.00856,0.99988,0.00123,0.00615,0.6,1.0,0.00829,0.07734,22.20503,1.80253,0.22151,0.22377,0.57688,0.52221,0.55478,0.57688
-23.18791,67.00063,3.04388,-0.99978,-0.01425,0.01506,0.99979,0.0,0.0,nan,0.0,0.00956,0.07565,18.10665,1.80253,0.22827,0.22355,0.50272,0.62774,0.55478,0.50272
-23.16106,66.97852,5.06956,-0.96035,-0.01916,0.27812,0.96347,0.0,0.0,nan,0.0,0.01966,0.07698,16.90852,1.92292,0.22492,0.31624,0.62274,0.90313,0.52004,0.62274
-22.46094,67.07481,6.53764,-0.64368,0.00011,0.76529,0.83838,0.0,0.0,nan,0.0,0.00436,0.10077,61.60839,2.34757,0.22945,0.8309,0.99636,0.25418,0.42597,0.99636
-22.18689,69.75407,-6.12137,-0.69416,0.02907,-0.71923,0.95339,0.0,0.0,nan,0.0,0.0118,0.07875,14.84399,1.82358,0.22979,0.29918,0.44239,0.56835,0.54837,0.44239
-22.74955,69.09431,-5.03577,-0.86717,-0.06053,-0.49433,0.97404,0.0,0.0,nan,0.0,0.01333,0.10091,15.89622,1.84744,0.2256,0.35851,0.6687,0.41466,0.54129,0.6687
-23.2602,69.04801,-2.97359,-0.9861,-0.11065,-0.12396,0.99861,0.01136,0.05682,0.6,1.0,0.01707,0.08592,14.49252,1.93664,0.22475,0.28812,0.42238,0.7845,0.51636,0.42238
-23.27842,68.9831,-0.97278,-0.9942,-0.10738,0.00629,0.99969,0.02815,0.14076,0.6,1.0,0.01055,0.10823,21.27701,1.69857,0.22016,0.22182,0.67754,0.48094,0.58873,0.67754
-23.1121,68.97852,0.9539,-0.99606,-0.08286,0.03172,0.99793,0.04612,0.23059,0.6,1.0,0.00955,0.09602,20.79365,1.80378,0.22347,0.24741,0.59315,0.44079,0.55439,0.59315
-23.22016,69.00089,2.95735,-0.99832,-0.04928,0.03059,0.999,0.1555,0.1555,0.6,0.58242,0.0166,0.10641,15.64487,1.80253,0.23143,0.30096,0.44589,0.58469,0.55478,0.44589
-23.16531,69.01504,5.11656,-0.94474,-0.00965,0.32768,0.96406,0.0,0.0,nan,0.0,0.0229,0.09149,16.96757,1.86128,0.23161,0.33333,0.51228,0.83924,0.53727,0.51228
-22.41529,68.9668,6.50416,-0.67498,-0.0745,0.73406,0.87812,0.01167,0.05836,0.6,1.0,0.00355,0.0839,68.22875,3.29523,0.25002,0.82954,0.98993,0.22629,0.30347,0.98993
-22.08344,70.1664,-6.05488,-0.67002,0.07828,-0.7382,0.96014,0.0,0.0,nan,0.0,0.01794,0.08647,15.71649,1.63867,0.23415,0.37486,0.66365,0.62373,0.61025,0.66365
-22.86773,70.973,-5.0809,-0.79885,0.13613,-0.58593,0.90288,0.0,0.0,nan,0.0,0.0117,0.1033,21.3675,1.80253,0.229,0.51064,0.90994,0.49673,0.55478,0.90994
-23.52579,70.99938,-2.98228,-0.97783,0.01454,-0.20888,0.94889,0.00197,0.00986,0.51,1.0,0.02702,0.11816,14.45659,1.7828,0.23687,0.48899,0.78585,0.60127,0.56092,0.78585
-23.71569,70.95435,-0.97969,-0.9932,-0.11634,-0.00454,0.9899,0.05454,0.27271,0.6,1.0,0.04023,0.1369,13.06572,1.72002,0.23731,0.43969,0.68851,0.77068,0.58139,0.68851
-23.51728,71.02748,0.98419,-0.98983,-0.1289,0.06017,0.99939,0.13725,0.37731,0.6,0.94882,0.03099,0.14422,14.28364,2.01706,0.21612,0.49418,0.82313,0.64713,0.49577,0.82313
-23.3889,71.00468,2.98196,-0.99242,-0.03506,0.1178,0.99636,0.10015,0.10015,0.6,0.73585,0.02091,0.13794,11.34828,1.69253,0.24175,0.58119,0.89588,0.57529,0.59083,0.89588
-23.17732,71.00584,5.03896,-0.94097,0.08636,0.3273,0.94438,0.0316,0.15801,0.7,1.0,0.02867,0.09782,14.9608,1.63867,0.24159,0.56201,0.7773,0.64776,0.61025,0.7773
-22.4733,70.98411,6.47196,-0.75514,0.10805,0.6466,0.888,0.00017,0.00084,0.7,1.0,0.02298,0.10899,15.32876,2.90907,0.24777,0.45507,0.50658,0.52373,0.34375,0.50658
-22.79764,72.71474,-4.76058,-0.60734,0.57312,-0.55015,0.76154,0.0,0.0,nan,0.0,0.0218,0.0595,21.14519,2.7095,0.23169,0.44556,0.64454,0.89995,0.36907,0.64454
-23.19752,73.37123,-3.02446,-0.59984,0.7319,-0.3233,0.72816,0.0,0.0,nan,0.0,0.02652,0.05556,28.96377,2.21378,0.22901,0.51826,0.75477,1.0,0.45172,0.75477
-23.15571,73.76221,-1.09027,-0.46336,0.87153,-0.16044,0.70359,0.0,0.0,nan,0.0,0.02153,0.04968,26.88612,1.87134,0.23938,0.58875,0.68035,0.79071,0.53438,0.68035
-23.90298,73.0894,1.08987,-0.9386,0.33429,0.08536,0.69635,0.0,0.0,nan,0.0,0.01944,0.09244,15.79691,2.03081,0.23302,0.43944,0.79856,0.63851,0.49241,0.79856
-23.67179,73.24636,3.10054,-0.86569,0.44293,0.23322,0.65749,0.0,0.0,nan,0.0,0.00441,0.10713,28.37818,1.67106,0.24065,0.57753,0.97534,0.27364,0.59842,0.97534
-23.05728,73.1718,5.04185,-0.68779,0.58899,0.4243,0.70584,0.0,0.0,nan,0.0,0.00603,0.03276,25.94393,2.86675,0.24212,0.6211,0.88435,0.55977,0.34883,0.88435
-22.40932,72.4828,6.36721,-0.63876,0.49068,0.59264,0.78092,0.0,0.0,nan,0.0,0.00585,0.04247,23.85637,2.32942,0.22647,0.57339,0.87898,0.44319,0.42929,0.87898
-23.509,74.15094,-0.30171,-0.49098,0.8658,-0.0966,0.62068,0.0,0.0,nan,0.0,0.02936,0.0573,31.82828,2.8522,0.23934,0.55707,0.71401,0.97759,0.35061,0.71401
-23.31436,74.14352,1.17274,-0.41946,0.90721,0.03211,0.6196,0.0,0.0,nan,0.0,0.00955,0.05958,29.36874,3.3004,0.23617,0.41465,0.87596,0.69171,0.30299,0.87596
-23.16785,74.11523,2.45496,-0.40741,0.89649,0.17414,0.62851,0.0,0.0,nan,0.0,0.01164,0.05427,28.09876,3.46202,0.25024,0.42237,0.82735,0.7231,0.28885,0.82735
-20.74983,3.6446,-2.35189,-0.25896,-0.85033,-0.45812,0.91707,0.0,0.0,nan,0.0,0.00745,0.02678,17.00358,2.03274,0.23325,0.42772,0.74163,0.72666,0.49195,0.74163
-21.05506,3.63314,-1.01456,-0.10636,-0.97354,-0.20226,0.95544,0.0,0.0,nan,0.0,0.01076,0.03538,18.05508,1.97418,0.23188,0.53063,0.8016,0.76281,0.50654,0.8016
-21.05878,3.78971,0.98458,0.07749,-0.98314,0.16565,0.99685,0.0,0.0,nan,0.0,0.02022,0.06604,14.57384,2.33999,0.2214,0.58767,0.46093,0.59258,0.42735,0.46093
-21.54035,3.87048,2.32786,0.12684,-0.96082,0.24644,0.99381,0.0,0.0,nan,0.0,0.01213,0.04339,22.62756,1.63867,0.23137,0.66982,0.5165,0.45412,0.61025,0.5165
-21.6904,3.99647,7.17386,-0.06019,-0.97698,0.20467,0.81762,0.0,0.0,nan,0.0,0.01763,0.07407,56.33713,2.23128,0.23494,0.6895,0.75562,0.36396,0.44817,0.75562
-20.53155,3.94359,8.33017,-0.08233,-0.90204,0.42373,0.69625,0.0,0.0,nan,0.0,0.02504,0.07905,62.13689,1.85397,0.2419,0.50773,0.61246,0.64402,0.53938,0.61246
-20.38255,5.72017,-4.37623,-0.46752,-0.5904,-0.65791,0.99753,0.0,0.0,nan,0.0,0.01326,0.06606,10.40411,1.86991,0.22735,0.62907,0.84514,0.54691,0.53479,0.84514
-21.00785,5.04816,-2.97776,-0.38223,-0.65516,-0.65167,0.98667,0.0,0.0,nan,0.0,0.00687,0.03675,16.99151,2.85551,0.23371,0.54595,0.62355,0.3829,0.3502,0.62355
-21.98161,4.05107,-1.9985,-0.2562,-0.78294,-0.56689,0.91463,0.0,0.0,nan,0.0,0.01459,0.03689,20.20826,1.89713,0.23485,0.5085,0.51164,0.85474,0.52711,0.51164
-20.35053,4.1126,1.61856,0.02751,-0.98027,0.19574,0.99381,0.0,0.0,nan,0.0,0.00867,0.03389,19.21814,1.63867,0.22973,0.51454,0.67411,0.54865,0.61025,0.67411
-20.957,4.60436,3.10201,0.02373,-0.97524,0.21986,0.96161,0.0,0.0,nan,0.0,0.01878,0.04755,25.97133,1.63867,0.23671,0.60721,0.62246,0.70059,0.61025,0.62246
-20.97633,4.49914,5.02757,0.03702,-0.99895,0.02698,0.98951,0.0,0.0,nan,0.0,0.01151,0.02338,30.11202,1.82861,0.23427,0.55074,0.60003,0.95308,0.54686,0.60003
-21.14265,4.53722,7.00726,-0.04845,-0.96828,0.24514,0.90161,0.0,0.0,nan,0.0,0.01709,0.12955,108.7182,1.87054,0.23175,0.54024,0.46191,0.24873,0.53461,0.46191
-21.00518,4.80047,8.97307,-0.20497,-0.45298,0.86764,0.73726,0.0,0.0,nan,0.0,0.01242,0.07697,77.05326,1.91664,0.23437,0.53319,0.84314,0.44224,0.52175,0.84314
-20.23077,7.70294,-6.16941,-0.37034,-0.47829,-0.7963,0.97629,0.0,0.0,nan,0.0,0.00565,0.02175,11.66155,3.60506,0.24395,0.53628,0.42252,0.56746,0.27739,0.42252
-20.96104,6.97371,-5.04639,-0.51377,-0.53757,-0.66862,0.99548,0.0,0.0,nan,0.0,0.01142,0.08918,9.66872,2.68226,0.22835,0.69243,0.8925,0.41026,0.37282,0.8925
-21.70222,6.26534,-3.76611,-0.50971,-0.50818,-0.69423,0.99127,0.0,0.0,nan,0.0,0.00603,0.02468,11.00613,2.02019,0.23135,0.33898,0.22861,0.85226,0.495,0.22861
-21.01304,6.98389,7.90499,-0.20848,-0.05393,0.97654,0.97786,0.0,0.0,nan,0.0,0.00617,0.09419,78.49171,3.17224,0.2544,0.52208,0.85076,0.19001,0.31523,0.85076
-20.8763,6.64264,8.30991,-0.20903,-0.09756,0.97303,0.9807,0.0,0.0,nan,0.0,0.00435,0.0914,85.64667,1.86575,0.23869,0.51476,0.91555,0.20129,0.53598,0.91555
-20.81741,9.18919,-6.55346,-0.43617,-0.38435,-0.81365,0.98598,0.0,0.0,nan,0.0,0.0201,0.0965,11.96874,1.86105,0.231,0.58714,0.82362,0.54165,0.53733,0.82362
-21.53664,8.61144,-5.60013,-0.57306,-0.44031,-0.69118,0.999,0.0,0.0,nan,0.0,0.00502,0.02993,10.32359,1.63867,0.2292,0.40248,0.42738,0.49761,0.61025,0.42738
-20.59933,9.22321,7.7955,-0.28936,0.11574,0.9502,0.9715,0.0,0.0,nan,0.0,0.00715,0.02586,29.71006,1.68954,0.23212,0.59635,0.81894,0.63503,0.59188,0.81894
-21.13387,8.9614,8.16494,-0.31226,0.1438,0.93905,0.99147,0.0,0.0,nan,0.0,0.01158,0.03133,27.03183,1.70822,0.24008,0.59707,0.64005,0.66489,0.5854,0.64005
-21.05759,10.95216,-7.17788,-0.38902,-0.17437,-0.90458,0.97854,0.0,0.0,nan,0.0,0.01577,0.07286,11.6205,1.99075,0.21752,0.38934,0.56166,0.65178,0.50232,0.56166
-21.73019,11.2705,7.7546,-0.52942,0.17904,0.82925,0.98422,0.0,0.0,nan,0.0,0.00385,0.05239,33.81158,1.68209,0.23929,0.72278,0.96183,0.33439,0.5945,0.96183
-20.74214,10.90042,8.41374,-0.36082,0.11553,0.92545,0.98138,0.0,0.0,nan,0.0,0.01122,0.0371,33.92945,1.72668,0.23735,0.72321,0.799,0.52527,0.57915,0.799
-20.98423,13.00063,-6.96332,-0.27634,0.09018,-0.95682,0.9899,0.0,0.0,nan,0.0,0.01651,0.08593,22.16873,1.63867,0.24108,0.4925,0.66759,0.42518,0.61025,0.66759
-20.96202,13.01344,7.27832,-0.48209,0.22116,0.84775,0.98657,0.00671,0.03353,0.7,1.0,0.00658,0.04509,34.67082,1.80253,0.23904,0.70685,0.91647,0.46725,0.55478,0.91647
-20.5107,12.52097,8.29804,-0.43265,0.19445,0.88035,0.97257,0.0,0.0,nan,0.0,0.00906,0.04504,36.2583,1.63867,0.2419,0.6619,0.84639,0.46363,0.61025,0.84639
-20.8821,15.07338,-6.84486,-0.21558,-0.06147,-0.97455,0.9947,0.0,0.0,nan,0.0,0.00908,0.05102,38.79182,2.04264,0.23083,0.50824,0.6791,0.36816,0.48956,0.6791
-20.9902,14.99298,7.26064,-0.31874,0.12665,0.93934,0.98422,0.0,0.0,nan,0.0,0.01133,0.02957,33.29545,1.70442,0.23052,0.53073,0.75154,0.76919,0.58671,0.75154
-21.09967,17.01392,-7.22683,-0.39303,-0.12688,-0.91073,0.97815,0.0,0.0,nan,0.0,0.01032,0.02611,23.5589,1.9895,0.22256,0.44116,0.5566,0.97165,0.50264,0.5566
-20.86231,16.96986,7.34141,-0.29738,-0.10155,0.94934,0.98608,0.0,0.0,nan,0.0,0.01614,0.04312,29.87472,1.74303,0.23774,0.57998,0.50453,0.68835,0.57371,0.50453
-20.51814,19.41658,-8.11184,-0.36829,-0.0382,-0.92893,0.92765,0.0,0.0,nan,0.0,0.01142,0.02492,23.37461,1.70544,0.23733,0.54664,0.41841,0.91038,0.58636,0.41841
-21.26758,18.74768,-7.33418,-0.48737,-0.09911,-0.86755,0.97414,0.0,0.0,nan,0.0,0.01093,0.0251,23.06913,1.90686,0.23629,0.51173,0.54375,0.92487,0.52442,0.54375
-21.18903,18.86092,7.64387,-0.4643,-0.04824,0.88437,0.95417,0.0,0.0,nan,0.0,0.0144,0.04577,31.64983,1.81739,0.23865,0.70863,0.67597,0.47186,0.55024,0.67597
-20.31481,19.31235,8.2346,-0.39358,-0.01181,0.91922,0.93518,0.0,0.0,nan,0.0,0.01438,0.04029,28.94762,1.90314,0.23429,0.63419,0.56705,0.60163,0.52545,0.56705
-20.64146,20.30082,-8.06467,-0.37982,0.14914,-0.91296,0.89593,0.0,0.0,nan,0.0,0.00921,0.03806,25.75417,1.91291,0.23658,0.63993,0.50026,0.40773,0.52276,0.50026
-21.1524,21.2175,-7.31429,-0.39681,0.39546,-0.82834,0.93998,0.0,0.0,nan,0.0,0.01647,0.05396,22.56629,1.86173,0.24306,0.658,0.4277,0.50503,0.53714,0.4277
-21.91076,21.90327,-5.91378,-0.40509,0.43773,-0.80268,0.99264,0.0,0.0,nan,0.0,0.01232,0.04105,29.14053,1.69071,0.2444,0.60028,0.51308,0.53442,0.59147,0.51308
-20.96434,21.05115,7.11564,-0.45842,0.11532,0.88122,0.98354,0.0,0.0,nan,0.0,0.00449,0.01853,26.52217,1.63867,0.24661,0.48661,0.66984,0.53561,0.61025,0.66984
-20.29891,20.16233,8.13974,-0.36366,0.0931,0.92687,0.9527,0.0,0.0,nan,0.0,0.01118,0.02905,27.70701,2.71717,0.23734,0.64284,0.70704,0.64193,0.36803,0.70704
-20.57198,22.37529,-6.28848,-0.38099,0.46008,-0.80198,0.9576,0.0,0.0,nan,0.0,0.01128,0.0448,30.38301,2.89882,0.24468,0.52668,0.42134,0.5096,0.34497,0.42134
-21.07716,23.21726,-5.30997,-0.3382,0.31142,-0.88805,0.90171,0.0,0.0,nan,0.0,0.01312,0.03563,31.03981,1.66574,0.23574,0.5777,0.54549,0.67867,0.60033,0.54549
-21.00431,23.09378,7.7139,-0.34929,-0.17848,0.91986,0.95495,0.0,0.0,nan,0.0,0.00485,0.01833,27.32383,2.20717,0.23681,0.46572,0.41132,0.61028,0.45307,0.41132
-20.98408,23.89168,8.05913,-0.33033,-0.27527,0.90283,0.92931,0.0,0.0,nan,0.0,0.00603,0.02624,30.77528,1.64841,0.24254,0.52607,0.4463,0.46528,0.60665,0.4463
-20.50279,25.50836,-6.43903,-0.54463,-0.38636,-0.74438,0.98765,0.0,0.0,nan,0.0,0.00768,0.04805,32.43699,2.5182,0.22827,0.59616,0.80326,0.34323,0.39711,0.80326
-21.31199,24.9371,-5.23229,-0.36599,-0.18791,-0.91145,0.90866,0.0,0.0,nan,0.0,0.00854,0.02549,37.49458,1.7711,0.23951,0.48837,0.34014,0.72257,0.56462,0.34014
-21.75791,24.87191,7.84733,-0.56192,-0.15429,0.81267,0.8879,0.0,0.0,nan,0.0,0.00343,0.03412,18.15296,1.68014,0.24081,0.37309,0.72263,0.29912,0.59519,0.72263
-20.81027,24.98247,8.47829,-0.33724,-0.21879,0.91564,0.90347,0.0,0.0,nan,0.0,0.00371,0.01828,25.61415,2.53742,0.23584,0.47191,0.49378,0.46393,0.3941,0.49378
-20.8875,27.14939,-6.92026,-0.55109,-0.29587,-0.78023,0.91561,0.0,0.0,nan,0.0,0.00937,0.03354,21.47252,3.56197,0.24988,0.3858,0.4145,0.79125,0.28074,0.4145
-21.40433,26.28683,-5.70536,-0.44979,-0.42762,-0.78411,0.96171,0.0,0.0,nan,0.0,0.01164,0.04395,25.99923,1.85717,0.23207,0.60592,0.66387,0.47077,0.53845,0.66387
-21.51612,27.39136,7.7228,-0.57508,0.26137,0.77522,0.95231,0.0,0.0,nan,0.0,0.00252,0.04361,32.98762,3.2003,0.24382,0.79473,0.95833,0.23166,0.31247,0.95833
-20.64712,26.81589,8.34463,-0.40828,0.20733,0.889,0.91081,0.0,0.0,nan,0.0,0.0144,0.06882,24.355,1.80253,0.2525,0.57467,0.63315,0.39413,0.55478,0.63315
-20.26145,28.60445,-8.09836,-0.53828,0.16313,-0.82683,0.89143,0.0,0.0,nan,0.0,0.008,0.02254,25.46234,3.5078,0.24382,0.57886,0.43032,0.66159,0.28508,0.43032
-21.04803,29.17459,-7.35226,-0.51902,0.22415,-0.82485,0.9577,0.0,0.0,nan,0.0,0.00754,0.02129,24.169,1.70557,0.24629,0.58807,0.27772,0.65242,0.58631,0.27772
-21.16918,29.72862,-5.68262,-0.45192,0.22802,-0.86242,0.8929,0.0,0.0,nan,0.0,0.01077,0.02367,22.36442,2.56403,0.23638,0.73488,0.57474,0.67456,0.39001,0.57474
-21.47102,28.84917,5.9911,-0.64261,0.09615,0.76014,0.95525,0.0,0.0,nan,0.0,0.00438,0.05851,44.59351,1.73613,0.24399,0.70049,0.978,0.41329,0.576,0.978
-20.92909,29.00413,6.76859,-0.45512,0.16017,0.87591,0.97248,0.0,0.0,nan,0.0,0.01009,0.04018,36.51008,2.51873,0.23946,0.66843,0.85506,0.59666,0.39703,0.85506
-20.03221,28.00158,8.06158,-0.33205,0.34901,0.87632,0.98804,0.0,0.0,nan,0.0,0.01272,0.04215,24.22114,1.6798,0.25016,0.58549,0.57808,0.55796,0.59531,0.57808
-20.48375,31.47388,-6.47775,-0.55192,-0.19822,-0.80999,0.86637,0.0,0.0,nan,0.0,0.01007,0.02875,21.96656,3.60506,0.23791,0.66575,0.64742,0.57392,0.27739,0.64742
-20.92305,30.9082,-5.43458,-0.39045,-0.04632,-0.91946,0.76477,0.0,0.0,nan,0.0,0.00626,0.01585,23.68496,3.3705,0.23559,0.65499,0.47172,0.65328,0.29669,0.47172
-20.93774,30.80259,6.80363,-0.38243,-0.04766,0.92275,0.96964,0.0,0.0,nan,0.0,0.01056,0.03434,41.41804,1.8521,0.2364,0.57917,0.85773,0.84948,0.53993,0.85773
-20.21134,33.56184,-8.20353,-0.59228,-0.21715,-0.77592,0.97297,0.0,0.0,nan,0.0,0.01066,0.04274,16.65303,2.13635,0.22911,0.76624,0.73174,0.36463,0.46809,0.73174
-20.95896,32.98571,-6.94564,-0.56152,-0.31864,-0.76365,0.98207,0.0,0.0,nan,0.0,0.00422,0.02711,21.29368,1.69669,0.24909,0.81418,0.91153,0.43322,0.58938,0.91153
-21.34372,32.20273,-5.91415,-0.47032,-0.27914,-0.83719,0.91414,0.0,0.0,nan,0.0,0.00839,0.01941,19.95613,3.19339,0.24455,0.66491,0.68124,0.71545,0.31315,0.68124
-20.95469,32.96455,7.41547,-0.44425,-0.19133,0.87523,0.94947,0.0,0.0,nan,0.0,0.00701,0.04204,45.63139,2.31561,0.23914,0.68595,0.90525,0.50445,0.43185,0.90525
-20.17342,33.72633,8.15196,-0.37637,-0.24834,0.89256,0.93293,0.0,0.0,nan,0.0,0.01273,0.04507,33.69703,2.91015,0.24318,0.52125,0.66689,0.57399,0.34363,0.66689
-20.52656,35.07772,-8.38762,-0.58865,0.05919,-0.80622,0.95241,0.0,0.0,nan,0.0,0.01375,0.04252,14.42383,1.88648,0.23827,0.71884,0.65222,0.51211,0.53009,0.65222
-21.43529,34.93417,-7.46344,-0.59584,0.00271,-0.8031,0.97111,0.0,0.0,nan,0.0,0.01021,0.03375,18.93075,2.51603,0.23564,0.65701,0.7714,0.54636,0.39745,0.7714
-21.45407,35.13147,7.63637,-0.64403,0.05633,0.76292,0.89828,0.0,0.0,nan,0.0,0.00829,0.05958,33.12302,2.53387,0.23602,0.50681,0.77937,0.32131,0.39465,0.77937
-20.55198,34.92093,8.40258,-0.49193,0.00158,0.87063,0.87792,0.0,0.0,nan,0.0,0.01231,0.04103,38.92135,1.86427,0.24036,0.57911,0.68653,0.5446,0.5364,0.68653
-20.09538,36.13037,-8.13936,-0.548,0.25846,-0.79555,0.99293,0.0,0.0,nan,0.0,0.01462,0.05508,16.65643,1.88505,0.23953,0.64667,0.50025,0.45975,0.53049,0.50025
-21.07104,37.06013,-7.15424,-0.49097,0.22103,-0.84267,0.99577,0.0,0.0,nan,0.0,0.00881,0.02499,19.89486,3.24651,0.23621,0.56327,0.50201,0.68865,0.30802,0.50201
-21.48509,37.90958,-5.92206,-0.54211,0.13115,-0.83001,0.96523,0.0,0.0,nan,0.0,0.00818,0.02128,22.39716,1.921,0.22557,0.45637,0.54576,0.91765,0.52056,0.54576
-21.16927,36.9966,7.74117,-0.44267,0.1338,0.88665,0.92579,0.0,0.0,nan,0.0,0.00793,0.0203,23.6948,3.25107,0.24384,0.65865,0.37553,0.64351,0.30759,0.37553
-20.88688,38.9819,-6.99423,-0.40008,0.10397,-0.91056,0.99724,0.0,0.0,nan,0.0,0.00861,0.02448,25.25528,1.63867,0.2339,0.42609,0.34808,0.89093,0.61025,0.34808
-21.47509,38.14846,-5.93365,-0.5306,0.11654,-0.83957,0.96836,0.0,0.0,nan,0.0,0.00821,0.02175,22.63606,1.87072,0.22688,0.44189,0.64863,0.93014,0.53455,0.64863
-21.13276,38.99526,7.79853,-0.45724,-0.14726,0.87707,0.91414,0.0,0.0,nan,0.0,0.00667,0.02168,19.3712,1.7213,0.2426,0.63784,0.57539,0.53197,0.58096,0.57539
-20.70366,39.85694,8.0478,-0.47282,-0.17926,0.86273,0.95554,0.0,0.0,nan,0.0,0.00933,0.02336,17.85311,3.01843,0.24447,0.62867,0.3947,0.70643,0.3313,0.3947
-20.97424,40.96039,-6.86449,-0.45973,-0.07423,-0.88495,0.99479,0.0,0.0,nan,0.0,0.00836,0.02321,31.36754,1.63867,0.23357,0.45592,0.39749,0.84048,0.61025,0.39749
-21.6787,41.52368,-5.65897,-0.69423,0.03826,-0.71874,0.98148,0.0,0.0,nan,0.0,0.00709,0.05225,38.01888,1.72443,0.2416,0.69986,0.932,0.48846,0.5799,0.932
-21.47816,40.89635,7.63056,-0.66756,-0.0696,0.7413,0.94742,0.0,0.0,nan,0.0,0.00387,0.04209,16.56111,1.90877,0.24218,0.68809,0.90094,0.28984,0.5239,0.90094
-20.50073,41.13359,8.23208,-0.51303,-0.08418,0.85424,0.97091,0.0,0.0,nan,0.0,0.00737,0.02488,19.19566,3.59452,0.24644,0.50344,0.43429,0.64966,0.2782,0.43429
-20.08035,43.12624,-8.03899,-0.58265,0.0688,-0.8098,0.87684,0.0,0.0,nan,0.0,0.00741,0.03188,17.70862,1.74762,0.25232,0.51383,0.68954,0.50366,0.57221,0.68954
-21.06256,42.91149,-7.14146,-0.59624,0.06621,-0.80007,0.94066,0.0,0.0,nan,0.0,0.00882,0.03327,31.02169,1.71835,0.2415,0.55739,0.65868,0.50646,0.58195,0.65868
-21.74161,42.18781,-5.85489,-0.70144,0.04069,-0.71157,0.98598,0.0,0.0,nan,0.0,0.00949,0.04947,37.41081,1.87224,0.24118,0.69344,0.86796,0.46807,0.53412,0.86796
-21.34492,43.20881,7.52445,-0.60814,0.20531,0.76682,0.92549,0.0,0.0,nan,0.0,0.00366,0.06509,50.81113,1.63867,0.24364,0.82745,0.95798,0.2111,0.61025,0.95798
-20.46324,42.89873,8.33302,-0.47513,0.24407,0.84539,0.92128,0.0,0.0,nan,0.0,0.01095,0.04395,26.9469,1.63867,0.24023,0.5071,0.61463,0.52774,0.61025,0.61463
-20.98944,44.6031,-6.59533,-0.4698,0.32459,-0.82093,0.96494,0.0,0.0,nan,0.0,0.00559,0.02564,24.60709,1.80798,0.24371,0.53914,0.48461,0.43701,0.5531,0.48461
-20.79915,45.27028,-5.5339,-0.42814,0.27141,-0.86199,0.91903,0.0,0.0,nan,0.0,0.00847,0.02244,27.73292,3.4412,0.24447,0.58963,0.54366,0.6859,0.2906,0.54366
-20.84575,44.89198,7.24874,-0.385,0.15609,0.90962,0.94947,0.0,0.0,nan,0.0,0.01033,0.02666,28.85213,1.707,0.25198,0.55655,0.43574,0.74477,0.58582,0.43574
-21.45032,47.23534,-6.13645,-0.43476,-0.10312,-0.89462,0.95916,0.0,0.0,nan,0.0,0.01191,0.02847,33.0171,3.33031,0.24884,0.64779,0.45617,0.68462,0.30027,0.45617
-20.76239,46.89186,-5.5059,-0.40379,-0.07886,-0.91145,0.9204,0.0,0.0,nan,0.0,0.01095,0.02397,30.77992,3.4412,0.24407,0.63337,0.45516,0.7684,0.2906,0.45516
-21.07194,46.96884,7.54728,-0.40248,-0.17141,0.89924,0.8926,0.0,0.0,nan,0.0,0.00996,0.02857,19.28697,1.87603,0.23221,0.6027,0.60326,0.63871,0.53304,0.60326
-21.0263,49.04072,-6.32805,-0.55818,-0.18011,-0.80994,0.99058,0.0,0.0,nan,0.0,0.0031,0.03872,23.58532,2.03081,0.23585,0.73419,0.92457,0.2679,0.49241,0.92457
-20.81941,48.28818,-5.95656,-0.48929,-0.23215,-0.84065,0.97933,0.0,0.0,nan,0.0,0.00332,0.02437,25.6445,1.69012,0.24481,0.68558,0.90182,0.41654,0.59167,0.90182
-21.33935,48.97959,7.47719,-0.62098,0.04364,0.78261,0.90043,0.0,0.0,nan,0.0,0.00689,0.06821,28.39774,1.93309,0.22775,0.62325,0.9397,0.44143,0.51731,0.9397
-20.29387,49.21341,8.22121,-0.40862,0.0445,0.91162,0.89525,0.0,0.0,nan,0.0,0.00892,0.03665,26.80091,1.63867,0.24037,0.44592,0.63174,0.58673,0.61025,0.63174
-20.97437,51.01847,-6.77749,-0.63006,0.06064,-0.77418,0.97473,0.0,0.0,nan,0.0,0.00581,0.03586,17.84524,2.0431,0.23933,0.48174,0.66506,0.37395,0.48945,0.66506
-21.95531,51.40161,-5.97662,-0.71537,0.11212,-0.6897,0.95887,0.0,0.0,nan,0.0,0.00575,0.03973,21.84722,1.80253,0.24171,0.64525,0.8071,0.29961,0.55478,0.8071
-20.99032,50.99121,6.95534,-0.58959,0.17935,0.78754,0.97189,0.0,0.0,nan,0.0,0.00352,0.04172,43.76821,2.37097,0.22858,0.79379,0.98211,0.43156,0.42177,0.98211
-20.20614,50.36467,8.1377,-0.42078,0.18684,0.88771,0.94634,0.0,0.0,nan,0.0,0.0079,0.02986,29.49655,2.25884,0.23014,0.61801,0.84058,0.64404,0.4427,0.84058
-20.6215,52.47736,-6.45246,-0.57437,0.30138,-0.7611,0.98902,0.0,0.0,nan,0.0,0.00567,0.02598,20.46695,3.51733,0.24736,0.66822,0.82357,0.4691,0.28431,0.82357
-21.11769,53.24554,-5.64575,-0.57423,0.30467,-0.75989,0.98001,0.0,0.0,nan,0.0,0.00719,0.03166,20.1246,1.63867,0.23539,0.568,0.57674,0.43949,0.61025,0.57674
-21.99809,53.94278,5.9801,-0.79832,0.00173,0.60223,0.94438,0.0,0.0,nan,0.0,0.00558,0.09701,48.11115,1.9976,0.24072,0.8496,0.9866,0.29021,0.5006,0.9866
-21.17026,52.94881,6.96958,-0.5828,0.05275,0.8109,0.94644,0.0,0.0,nan,0.0,0.00538,0.03307,38.52566,1.9253,0.23156,0.76486,0.96247,0.69952,0.5194,0.96247
-20.18379,55.8987,-6.17198,-0.56775,-0.1437,-0.81056,0.98491,0.0,0.0,nan,0.0,0.0057,0.02122,18.40541,3.4412,0.24603,0.67388,0.7192,0.44186,0.2906,0.7192
-21.02392,55.06096,-5.0371,-0.5786,-0.01142,-0.81553,0.95877,0.0,0.0,nan,0.0,0.0062,0.01756,20.36277,3.55623,0.24768,0.62903,0.59101,0.61623,0.2812,0.59101
-21.99649,55.19587,5.89251,-0.82997,0.04552,0.55594,0.94644,0.0,0.0,nan,0.0,0.01084,0.11619,41.38973,1.86286,0.2291,0.81847,0.91976,0.26156,0.53681,0.91976
-21.17922,54.99317,7.03052,-0.58763,0.01069,0.80906,0.89681,0.0,0.0,nan,0.0,0.02094,0.0483,30.85916,2.72347,0.23169,0.60246,0.71501,0.76623,0.36718,0.71501
-20.62932,57.01537,-6.53393,-0.5528,-0.11035,-0.82598,0.93362,0.0,0.0,nan,0.0,0.00886,0.03446,18.34707,2.59263,0.23337,0.62419,0.579,0.45693,0.38571,0.579
-21.58031,56.74288,-5.6671,-0.63559,-0.12124,-0.76244,0.94771,0.0,0.0,nan,0.0,0.00398,0.02354,19.90066,1.63867,0.244,0.57548,0.79785,0.38228,0.61025,0.79785
-21.81407,57.23104,5.82071,-0.78634,0.09987,0.60967,0.96151,0.0,0.0,nan,0.0,0.00241,0.04891,48.5218,1.73744,0.23905,0.72295,0.97453,0.25175,0.57556,0.97453
-20.95588,57.07705,6.82445,-0.58891,0.11825,0.7995,0.9577,0.0,0.0,nan,0.0,0.00734,0.02875,30.74473,1.88867,0.2353,0.56344,0.7966,0.56685,0.52947,0.7966
-20.41732,58.74083,-6.25027,-0.44321,0.19198,-0.87562,0.97786,0.0,0.0,nan,0.0,0.01291,0.04547,22.69764,1.63867,0.23808,0.50092,0.50206,0.61688,0.61025,0.50206
-21.34176,59.18161,-5.71244,-0.56191,0.1446,-0.81447,0.95819,0.0,0.0,nan,0.0,0.01085,0.03813,23.01041,1.82116,0.23151,0.56754,0.63323,0.54476,0.5491,0.63323
-21.76736,58.80516,5.81202,-0.77408,-0.09335,0.62617,0.94752,0.0,0.0,nan,0.0,0.0057,0.05856,25.27504,2.72367,0.23937,0.4428,0.79413,0.27599,0.36715,0.79413
-20.80999,58.91618,6.79425,-0.50561,-0.0732,0.85965,0.94164,0.0,0.0,nan,0.0,0.00596,0.02169,28.17622,3.20366,0.24131,0.51869,0.39724,0.56764,0.31214,0.39724
-20.08266,60.19107,-6.0615,-0.38977,0.15972,-0.90696,0.98784,0.0,0.0,nan,0.0,0.01208,0.03253,24.63389,2.02431,0.24013,0.44365,0.38614,0.905,0.494,0.38614
-20.81167,61.20377,-5.08294,-0.50853,0.01704,-0.86088,0.97355,0.0,0.0,nan,0.0,0.01157,0.02679,29.17527,1.67367,0.23849,0.58695,0.52611,0.7864,0.59749,0.52611
-21.95435,60.33334,5.83003,-0.80872,-0.19451,0.5551,0.93489,0.0,0.0,nan,0.0,0.00762,0.10218,19.78437,1.80253,0.22967,0.66707,0.92036,0.27069,0.55478,0.92036
-21.31854,60.96217,7.19454,-0.56427,-0.22796,0.79349,0.89671,0.0,0.0,nan,0.0,0.00521,0.03262,18.60499,1.89854,0.24201,0.61768,0.80827,0.35239,0.52672,0.80827
-20.00747,61.92859,8.00691,-0.37384,-0.2089,0.90366,0.95378,0.0,0.0,nan,0.0,0.0059,0.01688,19.54898,3.60506,0.23941,0.46002,0.55744,0.83699,0.27739,0.55744
-20.53021,63.69451,-6.44848,-0.48217,-0.29543,-0.82476,0.98236,0.0,0.0,nan,0.0,0.00565,0.0307,29.32658,2.08646,0.22366,0.45592,0.60953,0.43109,0.47928,0.60953
-20.96524,62.96033,-5.18006,-0.5867,-0.22296,-0.77851,0.97845,0.0,0.0,nan,0.0,0.00765,0.02429,28.60925,2.09951,0.23341,0.56823,0.59802,0.5929,0.4763,0.59802
-21.12535,62.98708,7.47,-0.56254,-0.02851,0.82627,0.93411,0.0,0.0,nan,0.0,0.00696,0.04532,18.7131,2.31264,0.22555,0.42176,0.78862,0.4596,0.43241,0.78862
-20.00014,62.05906,8.02253,-0.37998,-0.19078,0.90511,0.95437,0.0,0.0,nan,0.0,0.00618,0.01796,19.65095,3.16752,0.23823,0.47073,0.4785,0.80496,0.3157,0.4785
-20.91536,65.01507,-6.81895,-0.48566,-0.20635,-0.84945,0.91512,0.0,0.0,nan,0.0,0.00854,0.06931,38.20546,2.9778,0.23238,0.60711,0.81721,0.27223,0.33582,0.81721
-21.84989,64.71117,-5.7942,-0.71071,-0.23257,-0.66392,0.95544,0.0,0.0,nan,0.0,0.00532,0.04132,21.84928,2.33232,0.23171,0.49346,0.66513,0.28469,0.42876,0.66513
-20.89702,65.03698,7.3106,-0.37973,0.13291,0.9155,0.95691,0.0,0.0,nan,0.0,0.00743,0.02213,18.48815,2.20426,0.23765,0.47905,0.47695,0.77698,0.45367,0.47695
-20.99217,66.9697,-6.85801,-0.47304,-0.03793,-0.88022,0.95319,0.0,0.0,nan,0.0,0.00323,0.07104,41.66424,2.8524,0.22658,0.55804,0.95027,0.23805,0.35058,0.95027
-21.96165,67.00093,-5.91126,-0.72716,-0.06296,-0.68358,0.97561,0.0,0.0,nan,0.0,0.01904,0.29639,29.98617,1.72307,0.24369,0.75893,0.95787,0.26962,0.58036,0.95787
-20.83845,67.00303,7.00869,-0.23161,0.05606,0.97119,0.95672,0.0,0.0,nan,0.0,0.01092,0.03027,23.61907,2.29757,0.2343,0.57587,0.40689,0.6796,0.43524,0.40689
-21.04366,69.01363,-6.70718,-0.52235,0.01185,-0.85265,0.98589,0.0,0.0,nan,0.0,0.00848,0.09482,17.9019,3.38248,0.23663,0.3159,0.83821,0.43861,0.29564,0.83821
-21.93353,68.80944,-5.95848,-0.71946,-0.01772,-0.69431,0.9854,0.0,0.0,nan,0.0,0.01244,0.08849,14.71637,1.72023,0.22482,0.2995,0.54707,0.53335,0.58132,0.54707
-20.02014,68.4885,5.93923,-0.11927,-0.18305,0.97584,0.77583,0.0,0.0,nan,0.0,0.00773,0.01767,24.69659,3.34222,0.23844,0.55813,0.45744,0.84714,0.2992,0.45744
-21.01041,69.06138,6.92823,-0.34843,-0.23926,0.90629,0.9669,0.0,0.0,nan,0.0,0.00633,0.01597,25.13378,3.16782,0.23847,0.53669,0.3178,0.79809,0.31567,0.3178
-20.2794,69.7812,8.12669,-0.31943,-0.35087,0.88025,0.90631,0.0,0.0,nan,0.0,0.00521,0.0196,21.83091,3.56609,0.23952,0.53979,0.35509,0.53759,0.28042,0.35509
-21.00303,70.99381,-6.60331,-0.45254,0.29238,-0.84245,0.94419,0.0,0.0,nan,0.0,0.00524,0.06942,17.3776,1.86192,0.24045,0.35139,0.89769,0.45412,0.53708,0.89769
-21.88844,71.48975,-5.96244,-0.55337,0.3366,-0.76189,0.88702,0.0,0.0,nan,0.0,0.01158,0.06516,20.30524,2.21083,0.23309,0.39077,0.79411,0.58165,0.45232,0.79411
-21.3866,71.07601,7.58849,-0.5427,0.09594,0.83443,0.82868,0.0,0.0,nan,0.0,0.01672,0.12975,16.05235,1.89304,0.23258,0.36212,0.41943,0.4001,0.52825,0.41943
-20.37297,70.89555,8.26123,-0.44423,0.00155,0.89591,0.81469,0.0,0.0,nan,0.0,0.00811,0.05661,18.08196,1.92226,0.23901,0.52856,0.75183,0.30268,0.52022,0.75183
-20.60665,72.29501,-6.3075,-0.29915,0.61096,-0.73297,0.87547,0.0,0.0,nan,0.0,0.0229,0.08364,15.64796,1.99782,0.23078,0.45902,0.62768,0.67286,0.50054,0.62768
-21.03818,72.94067,-5.13352,-0.22621,0.83691,-0.4984,0.87185,0.0,0.0,nan,0.0,0.04007,0.09693,18.33978,1.73883,0.24054,0.51126,0.4227,0.8967,0.5751,0.4227
-20.97009,73.2052,-3.02903,0.02292,0.99155,-0.12769,0.97835,0.00215,0.01074,0.6,1.0,0.02574,0.11044,14.28097,1.71596,0.23524,0.48859,0.48912,0.54377,0.58276,0.48912
-21.03067,73.18769,-1.01481,0.20221,0.97884,-0.03125,0.99626,0.0,0.0,nan,0.0,0.00803,0.06779,9.77,1.92057,0.23738,0.4427,0.81871,0.41331,0.52068,0.81871
-21.03315,73.27032,1.01824,0.19197,0.9812,-0.01966,0.9991,0.0,0.0,nan,0.0,0.0073,0.10492,13.0182,1.87622,0.2515,0.44562,0.88753,0.32183,0.53299,0.88753
-21.12398,73.26175,2.99991,0.02097,0.99677,0.07756,0.95946,0.0,0.0,nan,0.0,0.00827,0.07085,12.21708,1.88867,0.23063,0.42663,0.84991,0.46811,0.52947,0.84991
-21.06582,73.19417,5.03328,-0.16165,0.95091,0.2639,0.90122,0.0,0.0,nan,0.0,0.01359,0.07566,15.33043,1.99399,0.23921,0.54748,0.66789,0.37093,0.50151,0.66789
-20.95975,72.72952,6.93561,-0.35716,0.71669,0.59899,0.85932,0.0,0.0,nan,0.0,0.01975,0.07127,16.47798,1.92911,0.23631,0.48739,0.47112,0.63768,0.51837,0.47112
-18.15895,3.84224,-4.13866,-0.40935,-0.77223,-0.48589,0.95202,0.0,0.0,nan,0.0,0.01435,0.05422,14.62021,1.87429,0.23078,0.50929,0.72443,0.59062,0.53354,0.72443
-18.92228,3.39583,-2.98426,-0.31946,-0.89169,-0.32067,0.93176,0.0,0.0,nan,0.0,0.00833,0.03261,13.48349,1.72278,0.23235,0.39008,0.35943,0.75221,0.58046,0.35943
-18.99429,3.41222,-0.90693,-0.09523,-0.99439,0.04607,0.9712,0.0,0.0,nan,0.0,0.00555,0.04608,17.15812,2.56168,0.21663,0.57319,0.90966,0.47943,0.39037,0.90966
-18.98744,3.74015,0.90526,-0.04168,-0.98683,0.1563,0.9991,0.0,0.0,nan,0.0,0.00854,0.02945,17.09792,1.88304,0.22563,0.39492,0.46838,0.8206,0.53106,0.46838
-18.47054,3.93436,2.90416,-0.07944,-0.98297,0.16573,0.99411,0.0,0.0,nan,0.0,0.01268,0.04056,23.06347,1.65721,0.23418,0.42605,0.40568,0.7971,0.60343,0.40568
-19.73952,3.99934,8.27671,-0.02573,-0.94172,0.33541,0.74157,0.0,0.0,nan,0.0,0.01021,0.05673,62.91396,1.88043,0.244,0.44045,0.68027,0.42143,0.53179,0.68027
-18.86032,5.13788,-4.87638,-0.45147,-0.57142,-0.68531,0.98373,0.0,0.0,nan,0.0,0.00683,0.02632,13.19777,3.03005,0.24825,0.46511,0.45603,0.64251,0.33003,0.45603
-19.46229,4.51148,-3.5288,-0.42426,-0.72422,-0.54361,0.98412,0.0,0.0,nan,0.0,0.00673,0.02672,12.80971,3.60506,0.2386,0.52686,0.58416,0.55243,0.27739,0.58416
-18.49797,4.00157,1.79013,-0.08493,-0.98641,0.14066,0.99783,0.0,0.0,nan,0.0,0.01297,0.03298,19.3072,1.95866,0.23987,0.48727,0.49916,0.89098,0.51055,0.49916
-19.28968,4.11875,2.99989,-0.07433,-0.98379,0.16318,0.99724,0.0,0.0,nan,0.0,0.01334,0.03254,22.90358,1.80253,0.23533,0.49234,0.41973,0.9056,0.55478,0.41973
-19.00414,4.16482,4.99938,-0.00679,-0.99358,0.11293,0.98657,0.0,0.0,nan,0.0,0.02202,0.04338,27.00733,1.63867,0.23032,0.58481,0.23149,0.93235,0.61025,0.23149
-18.91012,4.57723,7.12622,0.0528,-0.98307,0.17548,0.94615,0.0,0.0,nan,0.0,0.00464,0.04965,60.51164,1.80253,0.25181,0.41176,0.71443,0.23425,0.55478,0.71443
-18.99249,4.62755,9.24102,-0.08835,-0.66062,0.7455,0.70643,0.0,0.0,nan,0.0,0.00605,0.05718,73.41532,2.01085,0.2466,0.64745,0.99198,0.74434,0.4973,0.99198
-19.01019,7.2384,-6.59842,-0.24667,-0.44205,-0.86241,0.97561,0.0,0.0,nan,0.0,0.00517,0.01699,13.30149,1.63867,0.24189,0.59039,0.39957,0.59269,0.61025,0.39957
-19.16239,6.482,-5.63036,-0.34974,-0.50615,-0.78835,0.99313,0.0,0.0,nan,0.0,0.00551,0.01612,12.28161,3.05039,0.23842,0.58268,0.64147,0.68218,0.32783,0.64147
-19.0358,6.94511,9.10025,-0.28901,-0.06424,0.95517,0.98089,0.0,0.0,nan,0.0,0.0065,0.13165,79.43408,3.04909,0.22782,0.71631,0.95438,0.20431,0.32797,0.95438
-19.04694,8.97184,-7.27661,-0.20472,-0.3749,-0.90418,0.98559,0.0,0.0,nan,0.0,0.00466,0.01375,11.53264,1.74229,0.23529,0.52779,0.39803,0.75366,0.57396,0.39803
-18.97181,9.03441,8.77175,-0.2512,0.11537,0.96103,0.98961,0.0,0.0,nan,0.0,0.01628,0.03519,32.67397,1.71803,0.23933,0.58236,0.67117,0.84301,0.58206,0.67117
-19.00855,10.96868,-7.73638,-0.2266,-0.1344,-0.96467,0.98119,0.0,0.0,nan,0.0,0.00774,0.02147,11.52887,2.00036,0.23598,0.49189,0.38986,0.8605,0.49991,0.38986
-18.93026,10.98849,8.7348,-0.25017,-0.00048,0.9682,0.9898,0.0,0.0,nan,0.0,0.01416,0.03187,31.18741,1.7047,0.23943,0.63546,0.7132,0.74396,0.58661,0.7132
-18.94967,13.18247,-7.61537,-0.18196,0.17855,-0.96696,0.99323,0.0,0.0,nan,0.0,0.00436,0.03285,39.86683,1.66857,0.2421,0.50255,0.70601,0.27727,0.59932,0.70601
-19.8576,13.68794,7.84901,-0.37325,0.29951,0.87805,0.99147,0.0,0.0,nan,0.0,0.00746,0.03594,38.11739,2.8524,0.23906,0.52279,0.85556,0.63091,0.35058,0.85556
-19.12051,13.06094,8.99698,-0.41047,0.24668,0.87787,0.94066,0.0,0.0,nan,0.0,0.01068,0.04711,29.40951,1.90384,0.23244,0.65341,0.82178,0.48107,0.52525,0.82178
-18.97815,15.02516,-6.93155,-0.13805,-0.07926,-0.98725,0.97365,0.0,0.0,nan,0.0,0.00457,0.02616,38.59066,1.82921,0.23472,0.48268,0.73883,0.38072,0.54668,0.73883
-19.05771,15.10542,7.48431,-0.35032,0.2111,0.91253,0.94801,0.0,0.0,nan,0.0,0.01474,0.03558,39.18524,1.63867,0.23431,0.50404,0.71879,0.86405,0.61025,0.71879
-18.69996,14.45684,8.53967,-0.3916,0.32701,0.86007,0.98481,0.00308,0.01538,0.7,1.0,0.00931,0.03676,35.19738,1.80253,0.24455,0.41738,0.67777,0.64154,0.55478,0.67777
-18.99108,17.03492,-7.66279,-0.21154,-0.2634,-0.94121,0.99391,0.0,0.0,nan,0.0,0.00811,0.02654,25.04689,1.63867,0.24198,0.34308,0.47733,0.96198,0.61025,0.47733
-18.91207,16.92494,7.29451,-0.27797,-0.17421,0.94466,0.91326,0.0,0.0,nan,0.0,0.02396,0.06737,40.75784,1.63867,0.24107,0.62499,0.74919,0.59695,0.61025,0.74919
-18.2865,17.50437,8.2199,-0.278,-0.20642,0.93814,0.9804,0.0,0.0,nan,0.0,0.02427,0.06425,33.48384,2.07556,0.22512,0.56169,0.65564,0.71281,0.4818,0.65564
-18.99381,19.16028,-8.27317,-0.30303,-0.1125,-0.94632,0.97894,0.0,0.0,nan,0.0,0.00739,0.02203,19.58101,1.7027,0.23999,0.42611,0.57152,0.86767,0.5873,0.57152
-19.00945,18.20989,-7.92618,-0.26803,-0.22146,-0.93761,0.99607,0.0,0.0,nan,0.0,0.00949,0.02611,21.16605,1.7215,0.24081,0.42419,0.30059,0.93798,0.58089,0.30059
-19.36965,18.26836,7.80432,-0.3037,-0.17915,0.93577,0.98931,0.0,0.0,nan,0.0,0.01247,0.03976,29.41255,1.82005,0.24189,0.49491,0.61299,0.67692,0.54943,0.61299
-19.03175,19.01326,8.53252,-0.28522,-0.07749,0.95532,0.9483,0.0,0.0,nan,0.0,0.00717,0.01787,25.93348,1.80253,0.2362,0.63234,0.80751,0.83706,0.55478,0.80751
-18.83222,20.57409,-8.23023,-0.37117,0.15189,-0.91606,0.976,0.0,0.0,nan,0.0,0.01382,0.03896,20.56017,3.60506,0.24045,0.61312,0.73193,0.63496,0.27739,0.73193
-18.99322,21.41081,-7.48395,-0.43416,0.33619,-0.83575,0.97864,0.0,0.0,nan,0.0,0.01607,0.04321,22.14993,1.72565,0.23728,0.58079,0.45391,0.6982,0.57949,0.45391
-19.66866,21.36676,7.65226,-0.27472,0.12825,0.95293,0.98677,0.0,0.0,nan,0.0,0.00579,0.0138,29.44397,3.226,0.23487,0.5205,0.67866,0.86118,0.30998,0.67866
-18.96067,20.9465,8.69401,-0.27898,0.16059,0.94678,0.97091,0.0,0.0,nan,0.0,0.00841,0.02023,32.93191,2.76688,0.24481,0.65254,0.64671,0.67576,0.36142,0.64671
-18.15713,23.15552,-8.25141,-0.54996,0.07153,-0.83212,0.97727,0.0,0.0,nan,0.0,0.00911,0.02772,31.83328,2.52629,0.24053,0.68294,0.64302,0.5114,0.39584,0.64302
-18.87465,22.88647,-6.93445,-0.5993,0.23371,-0.76565,0.94076,0.0,0.0,nan,0.0,0.01702,0.06433,30.69292,1.74615,0.23631,0.69267,0.54019,0.40694,0.57269,0.54019
-19.66157,23.49107,-5.66404,-0.58249,0.15301,-0.79831,0.8282,0.0,0.0,nan,0.0,0.01601,0.04618,31.7282,1.72751,0.23566,0.58088,0.41664,0.63462,0.57887,0.41664
-19.1855,22.98021,7.27045,-0.23042,-0.11087,0.96676,0.91492,0.0,0.0,nan,0.0,0.00682,0.01828,30.11592,3.20196,0.239,0.40767,0.45746,0.97584,0.31231,0.45746
-18.53094,23.07467,8.3989,-0.24632,-0.10495,0.96349,0.98598,0.0,0.0,nan,0.0,0.00633,0.01627,30.11683,1.68185,0.2392,0.42836,0.59375,0.96828,0.59458,0.59375
-18.24326,25.38253,-8.20034,-0.58557,-0.33904,-0.73632,0.98921,0.0,0.0,nan,0.0,0.0028,0.0455,49.15696,2.41242,0.23696,0.73343,0.94343,0.22891,0.41452,0.94343
-19.13147,24.99818,-7.10639,-0.64221,-0.27403,-0.71588,0.97404,0.0,0.0,nan,0.0,0.01267,0.05244,45.84657,1.63867,0.24826,0.76208,0.71096,0.33098,0.61025,0.71096
-19.77239,24.51955,-5.62458,-0.61666,-0.11582,-0.77867,0.82878,0.0,0.0,nan,0.0,0.02059,0.05169,33.78364,1.97512,0.23674,0.5762,0.65661,0.7322,0.5063,0.65661
-19.3328,24.32163,7.7089,-0.15682,-0.28871,0.94449,0.95946,0.0,0.0,nan,0.0,0.0106,0.03024,29.61435,2.03346,0.23779,0.55145,0.48502,0.67887,0.49177,0.48502
-18.90996,25.03929,8.60191,-0.16528,-0.26984,0.94862,0.99029,0.0,0.0,nan,0.0,0.00623,0.01656,25.49582,2.3966,0.23965,0.46789,0.38184,0.86669,0.41726,0.38184
-18.87618,26.97044,-8.78093,-0.56436,-0.17299,-0.8072,0.92285,0.0,0.0,nan,0.0,0.01802,0.04906,23.39362,2.46054,0.24043,0.46904,0.39592,0.85004,0.40641,0.39592
-19.67439,26.31826,-7.84458,-0.59476,-0.37631,-0.71039,0.9804,0.0,0.0,nan,0.0,0.01089,0.02655,20.06677,2.68024,0.24147,0.45402,0.43876,0.99339,0.3731,0.43876
-18.94554,27.0576,8.95758,-0.23228,0.1904,0.95383,0.92716,0.0,0.0,nan,0.0,0.00538,0.03086,24.36986,2.16673,0.23532,0.46487,0.71631,0.40611,0.46152,0.71631
-18.90747,28.87611,-8.53022,-0.44679,0.21164,-0.86924,0.95789,0.0,0.0,nan,0.0,0.00698,0.01839,25.13247,3.34018,0.24311,0.50592,0.4422,0.80982,0.29939,0.4422
-19.49122,29.7089,-7.37036,-0.55175,0.24102,-0.79843,0.94673,0.0,0.0,nan,0.0,0.00468,0.01925,27.2986,2.2517,0.23452,0.63185,0.57323,0.41252,0.44411,0.57323
-19.95159,29.98861,-5.94184,-0.52764,0.28236,-0.80116,0.70457,0.0,0.0,nan,0.0,0.00592,0.02454,21.37323,1.82065,0.23988,0.60474,0.49734,0.43598,0.54925,0.49734
-19.15891,29.1186,7.47703,-0.30324,0.30281,0.90352,0.98765,0.0,0.0,nan,0.0,0.01652,0.03997,26.1629,2.38922,0.22412,0.54169,0.65342,0.82149,0.41855,0.65342
-18.78989,28.2879,8.27089,-0.26733,0.33684,0.90281,0.99284,0.0,0.0,nan,0.0,0.00586,0.02095,23.59765,1.65139,0.2312,0.40284,0.36443,0.75328,0.60555,0.36443
-18.74705,31.1095,-8.5535,-0.42105,-0.17503,-0.88999,0.939,0.0,0.0,nan,0.0,0.00327,0.02219,27.88294,3.49611,0.25054,0.6918,0.86441,0.35984,0.28603,0.86441
-19.48328,30.64611,-7.21958,-0.59453,-0.00826,-0.80403,0.92706,0.0,0.0,nan,0.0,0.00943,0.04533,28.44028,2.07711,0.21376,0.68401,0.85441,0.48907,0.48144,0.85441
-19.94188,30.15481,-5.95451,-0.54581,0.24702,-0.80067,0.70212,0.0,0.0,nan,0.0,0.00625,0.02475,19.22949,1.85605,0.24275,0.60975,0.61458,0.45708,0.53878,0.61458
-19.04544,31.14835,7.66591,-0.21236,-0.07415,0.97437,0.98755,0.0,0.0,nan,0.0,0.00984,0.02584,31.38797,1.86665,0.22566,0.40706,0.42714,0.99562,0.53572,0.42714
-19.11974,32.97668,-9.00899,-0.4485,-0.26151,-0.85467,0.96063,0.0,0.0,nan,0.0,0.00475,0.01462,11.23923,3.3851,0.2411,0.66237,0.51605,0.57734,0.29541,0.51605
-19.92437,32.24348,-7.87277,-0.59589,-0.31782,-0.7375,0.96533,0.0,0.0,nan,0.0,0.02993,0.09532,29.78938,1.63867,0.2281,0.83602,0.51116,0.40084,0.61025,0.51116
-19.10118,32.61124,7.45705,-0.19399,-0.36366,0.91111,0.96122,0.0,0.0,nan,0.0,0.00719,0.02234,31.29597,1.78977,0.23972,0.43545,0.3801,0.78633,0.55873,0.3801
-18.99145,33.52272,8.34127,-0.3342,-0.39642,0.85508,0.96376,0.0,0.0,nan,0.0,0.00879,0.03612,26.78197,2.22899,0.23301,0.49235,0.35446,0.53104,0.44863,0.35446
-19.10125,34.97939,-9.28633,-0.41441,0.06966,-0.90742,0.94194,0.0,0.0,nan,0.0,0.01017,0.03258,13.46823,2.68719,0.23468,0.65958,0.49917,0.54343,0.37214,0.49917
-19.00655,34.97354,9.29384,-0.51218,-0.01743,0.8587,0.86647,0.0,0.0,nan,0.0,0.01393,0.04234,31.0373,1.63867,0.24303,0.67061,0.77534,0.56843,0.61025,0.77534
-18.90011,36.94132,-8.76994,-0.36529,0.31383,-0.8764,0.98569,0.0,0.0,nan,0.0,0.00783,0.02605,22.87991,3.38855,0.24171,0.53422,0.352,0.61173,0.29511,0.352
-19.6959,37.4518,-7.52916,-0.48962,0.29508,-0.82049,0.99088,0.0,0.0,nan,0.0,0.00911,0.02861,22.3009,1.87146,0.23764,0.48854,0.4674,0.71051,0.53434,0.4674
-18.97731,36.75368,7.13794,-0.43391,0.3013,0.84909,0.76761,0.0,0.0,nan,0.0,0.0082,0.02022,27.18607,1.70859,0.23739,0.58725,0.49898,0.7418,0.58528,0.49898
-18.70061,36.50289,8.68412,-0.55612,0.21599,0.80254,0.97238,0.0,0.0,nan,0.0,0.00708,0.02562,35.23838,3.42615,0.2419,0.65306,0.65182,0.44717,0.29187,0.65182
-18.47098,38.8083,-8.38745,-0.44405,0.12002,-0.88793,0.98677,0.0,0.0,nan,0.0,0.00686,0.01775,26.79754,1.7216,0.24028,0.47353,0.48935,0.87768,0.58086,0.48935
-19.27374,39.14092,-7.52182,-0.47864,0.08256,-0.87412,0.98305,0.0,0.0,nan,0.0,0.00849,0.01978,26.62404,1.63867,0.23097,0.50096,0.49107,0.92107,0.61025,0.49107
-19.26508,38.97464,7.34254,-0.39538,-0.25495,0.88243,0.86177,0.0,0.0,nan,0.0,0.01456,0.03727,20.85166,1.87986,0.23642,0.61335,0.49929,0.69809,0.53195,0.49929
-18.54142,39.16842,8.58701,-0.50514,-0.20527,0.83827,0.9668,0.0,0.0,nan,0.0,0.00995,0.03113,25.66892,1.6604,0.26145,0.59849,0.48182,0.5755,0.60226,0.48182
-18.58577,41.49549,-8.48516,-0.47294,-0.1744,-0.86366,0.99372,0.0,0.0,nan,0.0,0.00651,0.01771,25.23575,2.10401,0.23222,0.47451,0.32165,0.83671,0.47528,0.32165
-19.0506,40.92935,-7.24304,-0.51537,-0.15655,-0.84254,0.96308,0.0,0.0,nan,0.0,0.0129,0.03078,30.84486,2.22326,0.23269,0.57706,0.33917,0.77327,0.44979,0.33917
-19.80005,40.21391,7.80593,-0.44662,-0.21915,0.86747,0.98784,0.0,0.0,nan,0.0,0.00556,0.01344,18.26193,3.6022,0.25037,0.5399,0.60207,0.84973,0.27761,0.60207
-19.05286,40.91274,9.11657,-0.44945,-0.12382,0.88468,0.9712,0.0,0.0,nan,0.0,0.01331,0.03212,18.53723,3.39609,0.24685,0.56925,0.3621,0.80633,0.29446,0.3621
-19.03812,43.01405,-8.73079,-0.46645,0.02975,-0.88404,0.87156,0.0,0.0,nan,0.0,0.02018,0.04424,21.41912,2.18432,0.23262,0.65689,0.50092,0.75915,0.45781,0.50092
-19.85837,42.4234,-7.86963,-0.55744,-0.10575,-0.82345,0.95378,0.0,0.0,nan,0.0,0.0084,0.03859,23.76981,1.73136,0.24058,0.48772,0.54179,0.4836,0.57758,0.54179
-19.71458,43.89957,7.83313,-0.33524,0.39651,0.85463,0.97884,0.0,0.0,nan,0.0,0.00648,0.03353,28.67203,2.57304,0.24001,0.48347,0.67718,0.42769,0.38865,0.67718
-18.94806,43.0759,8.90555,-0.41981,0.35586,0.83494,0.94517,0.0,0.0,nan,0.0,0.02397,0.06975,18.69921,2.55771,0.22773,0.57281,0.42296,0.66409,0.39097,0.42296
-18.5918,44.50755,-8.30417,-0.42144,0.38608,-0.82057,0.9435,0.0,0.0,nan,0.0,0.00941,0.02578,23.91941,3.45462,0.24488,0.66356,0.38245,0.59613,0.28947,0.38245
-19.01243,45.13344,-7.08292,-0.50999,0.42053,-0.75038,0.94409,0.0,0.0,nan,0.0,0.01238,0.05223,24.60252,1.87263,0.23241,0.70203,0.44344,0.36507,0.53401,0.44344
-19.34712,45.53787,-5.46069,-0.42166,0.32671,-0.84585,0.65034,0.0,0.0,nan,0.0,0.0056,0.019,25.35055,1.85248,0.24762,0.52583,0.57448,0.60455,0.53982,0.57448
-19.04577,44.78946,6.94105,-0.26122,0.30571,0.91559,0.85805,0.0,0.0,nan,0.0,0.00738,0.02032,32.47346,1.88744,0.2347,0.44418,0.39366,0.86788,0.52982,0.39366
-18.49095,44.2467,8.24973,-0.37213,0.44775,0.81304,0.97747,0.0,0.0,nan,0.0,0.00805,0.03844,38.02463,2.02118,0.24297,0.54266,0.49305,0.40609,0.49476,0.49305
-18.12983,47.62443,-8.10766,-0.44259,-0.19451,-0.87538,0.96797,0.0,0.0,nan,0.0,0.01001,0.03294,38.19967,2.71643,0.23692,0.57949,0.64968,0.55163,0.36813,0.64968
-18.96006,47.06423,-6.98866,-0.56092,-0.15541,-0.81315,0.9388,0.0,0.0,nan,0.0,0.01558,0.04587,43.66681,1.91794,0.23884,0.68461,0.57227,0.51883,0.52139,0.57227
-19.69917,46.45087,-5.63042,-0.40689,-0.01465,-0.91336,0.7908,0.0,0.0,nan,0.0,0.00782,0.01816,32.2231,2.35264,0.23946,0.61111,0.51054,0.74827,0.42505,0.51054
-18.82277,46.83024,7.71265,-0.25077,-0.23111,0.94005,0.96778,0.0,0.0,nan,0.0,0.00488,0.05444,55.084,2.6338,0.22616,0.75003,0.90982,0.25335,0.37968,0.90982
-19.24076,47.65742,8.18706,-0.2356,-0.28545,0.92898,0.97238,0.0,0.0,nan,0.0,0.00573,0.01929,25.36681,2.00914,0.23499,0.47127,0.32226,0.68027,0.49773,0.32226
-18.49501,49.1521,-8.35382,-0.43763,-0.17545,-0.88187,0.97678,0.0,0.0,nan,0.0,0.00324,0.02224,23.75039,1.71423,0.23322,0.56321,0.8294,0.37628,0.58335,0.8294
-19.41125,48.84825,-7.45897,-0.50665,-0.25926,-0.82224,0.98784,0.0,0.0,nan,0.0,0.00305,0.04274,27.76499,2.39734,0.23643,0.77224,0.95989,0.30178,0.41713,0.95989
-18.49718,48.18174,7.74943,-0.27929,-0.2277,0.93282,0.98207,0.0,0.0,nan,0.0,0.00709,0.02217,27.01988,1.92043,0.23392,0.47003,0.35188,0.7311,0.52072,0.35188
-18.97043,49.00717,8.55863,-0.29697,-0.08314,0.95126,0.96631,0.0,0.0,nan,0.0,0.00572,0.01979,28.9804,1.74146,0.24115,0.39755,0.36513,0.77766,0.57423,0.36513
-18.67207,50.98795,-8.28049,-0.42597,0.04509,-0.90361,0.97571,0.0,0.0,nan,0.0,0.00667,0.02911,18.01032,1.69376,0.2319,0.58371,0.70692,0.43636,0.5904,0.70692
-19.72281,50.89845,-7.78456,-0.53536,0.03906,-0.84372,0.96445,0.0,0.0,nan,0.0,0.01601,0.05896,18.56351,1.80253,0.23549,0.65506,0.58053,0.45906,0.55478,0.58053
-18.84327,51.27671,7.72866,-0.41402,0.22113,0.883,0.99176,0.0,0.0,nan,0.0,0.00908,0.02738,35.32384,1.84786,0.23233,0.58666,0.84552,0.85965,0.54117,0.84552
-19.23279,50.5848,8.11294,-0.40648,0.17293,0.89714,0.97943,0.0,0.0,nan,0.0,0.0122,0.03273,30.01854,1.83748,0.23064,0.55541,0.7045,0.71556,0.54422,0.7045
-18.61765,52.43922,-8.09308,-0.43264,0.2346,-0.87051,0.97189,0.0,0.0,nan,0.0,0.01136,0.03682,15.65543,3.34426,0.23743,0.57565,0.56288,0.60433,0.29902,0.56288
-19.19055,53.14506,-7.55276,-0.55326,0.27808,-0.78522,0.97316,0.0,0.0,nan,0.0,0.02961,0.0621,24.49911,2.38001,0.23893,0.76651,0.4708,0.67283,0.42017,0.4708
-19.91402,53.92821,-5.81827,-0.56945,0.24803,-0.78372,0.92089,0.0,0.0,nan,0.0,0.0084,0.01812,26.86843,3.4412,0.24326,0.67652,0.34838,0.7358,0.2906,0.34838
-19.17338,53.14795,7.497,-0.36651,0.05539,0.92877,0.9943,0.0,0.0,nan,0.0,0.00764,0.01889,33.794,1.85623,0.23287,0.42815,0.73577,1.0,0.53873,0.73577
-18.29142,52.75877,8.22929,-0.37575,0.1443,0.91542,0.99019,0.0,0.0,nan,0.0,0.01042,0.02385,34.63253,2.05579,0.23893,0.46215,0.62746,1.0,0.48643,0.62746
-18.01032,54.15388,-8.00358,-0.36882,0.14569,-0.91801,0.95848,0.0,0.0,nan,0.0,0.00516,0.01745,22.96108,3.05988,0.23774,0.39109,0.57284,0.82239,0.32681,0.57284
-18.69533,55.38997,-6.83901,-0.59662,-0.04862,-0.80105,0.96836,0.0,0.0,nan,0.0,0.00624,0.02611,26.03426,2.6866,0.23557,0.63332,0.58154,0.40646,0.37222,0.58154
-19.51664,54.8481,-5.34417,-0.59325,-0.01757,-0.80482,0.78669,0.0,0.0,nan,0.0,0.00369,0.01732,22.07973,3.31473,0.24222,0.70274,0.8421,0.46871,0.30168,0.8421
-18.87822,54.894,7.81869,-0.31156,0.00424,0.95022,0.99303,0.0,0.0,nan,0.0,0.00864,0.02367,32.24085,1.63867,0.23795,0.39855,0.32326,0.97245,0.61025,0.32326
-18.80088,55.6741,8.16532,-0.326,-0.00932,0.94532,0.97189,0.0,0.0,nan,0.0,0.00834,0.02423,33.13918,1.87171,0.23653,0.38211,0.33446,0.95524,0.53427,0.33446
-18.10823,56.4129,-8.03864,-0.37737,0.07074,-0.92335,0.92177,0.0,0.0,nan,0.0,0.00488,0.01911,19.47607,3.19347,0.23745,0.4538,0.52869,0.62095,0.31314,0.52869
-19.07697,57.01263,-7.4512,-0.4508,0.07988,-0.88905,0.90288,0.0,0.0,nan,0.0,0.01146,0.04392,19.8348,1.8814,0.24263,0.51245,0.45019,0.5605,0.53152,0.45019
-19.87659,57.88318,5.8841,-0.53104,0.11091,0.84006,0.89642,0.0,0.0,nan,0.0,0.0083,0.02548,32.61809,1.80253,0.24738,0.52113,0.68517,0.66335,0.55478,0.68517
-19.00003,57.18737,7.3092,-0.3975,0.12716,0.90875,0.98794,0.0,0.0,nan,0.0,0.01117,0.03006,36.26464,1.84011,0.23477,0.50338,0.5155,0.77859,0.54345,0.5155
-18.44001,56.45225,8.07238,-0.35349,0.01748,0.93528,0.9714,0.0,0.0,nan,0.0,0.0095,0.02833,32.71659,2.35399,0.23372,0.38908,0.31568,0.91493,0.42481,0.31568
-18.92072,58.92823,-6.54024,-0.26392,0.26961,-0.9261,0.98569,0.0,0.0,nan,0.0,0.00886,0.03108,27.04318,1.69077,0.24076,0.4372,0.32094,0.70017,0.59144,0.32094
-19.06408,59.65305,-5.85026,-0.27739,0.1761,-0.94448,0.96592,0.0,0.0,nan,0.0,0.01024,0.03088,28.1399,1.86347,0.23446,0.41177,0.40008,0.8624,0.53663,0.40008
-19.84867,58.27647,5.75567,-0.51694,0.06051,0.85388,0.87048,0.0,0.0,nan,0.0,0.00793,0.02342,32.10563,3.55223,0.25043,0.54047,0.57112,0.66556,0.28151,0.57112
-19.09858,58.986,7.07743,-0.3439,-0.02006,0.93879,0.96328,0.0,0.0,nan,0.0,0.00833,0.02057,34.65987,1.8682,0.23788,0.43762,0.44252,0.97931,0.53527,0.44252
-18.08139,58.07682,8.08067,-0.41183,0.17243,0.8948,0.97179,0.0,0.0,nan,0.0,0.02017,0.05481,34.42526,1.80741,0.23619,0.4658,0.39442,0.83602,0.55328,0.39442
-18.8622,61.02954,-6.34301,-0.34566,-0.04822,-0.93712,0.98305,0.0,0.0,nan,0.0,0.01427,0.03355,31.85284,1.63867,0.23082,0.48386,0.40027,0.93448,0.61025,0.40027
-19.76239,61.0725,-5.98304,-0.41471,-0.00301,-0.90995,0.98618,0.0,0.0,nan,0.0,0.0134,0.02923,30.01246,1.80253,0.23841,0.50819,0.29217,0.96169,0.55478,0.29217
-18.98911,61.12542,7.11184,-0.2569,-0.30486,0.91709,0.95466,0.0,0.0,nan,0.0,0.0053,0.02435,26.6282,1.68024,0.24497,0.39003,0.26477,0.59986,0.59515,0.26477
-18.77328,61.57011,8.36181,-0.31561,-0.3206,0.89309,0.95858,0.0,0.0,nan,0.0,0.00407,0.02391,22.84645,1.69675,0.24183,0.41938,0.40295,0.44145,0.58936,0.40295
-18.90812,63.04552,-6.87941,-0.3665,-0.27646,-0.88839,0.98843,0.0,0.0,nan,0.0,0.00699,0.02469,26.77998,1.72031,0.23566,0.41582,0.61146,0.73232,0.58129,0.61146
-19.49169,62.60068,-5.54765,-0.45082,-0.25387,-0.85575,0.93548,0.0,0.0,nan,0.0,0.00994,0.0295,28.77406,1.63867,0.24518,0.5003,0.69218,0.72026,0.61025,0.69218
-19.90323,63.42151,7.91009,-0.40683,0.07965,0.91003,0.95926,0.0,0.0,nan,0.0,0.01008,0.04721,20.76304,1.63867,0.24397,0.32792,0.7658,0.75178,0.61025,0.7658
-18.92304,62.98556,8.59734,-0.42916,-0.03399,0.90259,0.91267,0.0,0.0,nan,0.0,0.00845,0.03632,19.5656,1.89476,0.23394,0.47728,0.44702,0.53725,0.52777,0.44702
-19.0086,65.01839,-7.16398,-0.23157,-0.1021,-0.96745,0.98315,0.0,0.0,nan,0.0,0.00599,0.03939,38.41324,1.82454,0.24307,0.4703,0.51558,0.34022,0.54808,0.51558
-18.99644,65.19801,7.66605,-0.26485,0.35956,0.89475,0.99088,0.0,0.0,nan,0.0,0.00714,0.02343,25.39308,3.4028,0.24354,0.58106,0.39551,0.56546,0.29388,0.39551
-18.64046,64.37214,8.21636,-0.36243,0.3435,0.8664,0.98275,0.0,0.0,nan,0.0,0.00634,0.02996,24.53229,3.52277,0.24065,0.4753,0.59945,0.48184,0.28387,0.59945
-19.05152,67.01732,-7.03626,-0.19222,-0.0859,-0.97758,0.99538,0.0,0.0,nan,0.0,0.00495,0.03243,35.45221,1.77738,0.23636,0.55832,0.68452,0.28907,0.56262,0.68452
-19.9366,67.92222,5.97625,-0.0958,-0.03651,0.99473,0.80079,0.0,0.0,nan,0.0,0.00827,0.02334,28.82471,3.24123,0.25032,0.62849,0.5241,0.60261,0.30852,0.5241
-19.06445,67.03703,7.10392,-0.17311,0.07379,0.98213,0.90885,0.0,0.0,nan,0.0,0.01294,0.034,26.74169,2.51227,0.23272,0.58408,0.56473,0.70017,0.39805,0.56473
-18.02178,68.79397,-8.00466,-0.2609,-0.1212,-0.95773,0.97003,0.0,0.0,nan,0.0,0.00334,0.04251,20.82821,1.88866,0.23453,0.31207,0.3556,0.27614,0.52948,0.3556
-18.99298,68.96915,-7.71761,-0.28553,-0.05131,-0.957,0.97443,0.0,0.0,nan,0.0,0.00307,0.05019,23.18719,1.9919,0.23993,0.24714,0.38501,0.26846,0.50203,0.38501
-19.72042,68.52771,5.82385,-0.07185,-0.19889,0.97738,0.70007,0.0,0.0,nan,0.0,0.00697,0.01614,24.3426,2.202,0.23465,0.5166,0.36731,0.90417,0.45413,0.36731
-19.0291,68.99434,7.01203,-0.24935,-0.43352,0.86596,0.9111,0.0,0.0,nan,0.0,0.00727,0.01698,27.00879,1.88177,0.23517,0.49228,0.22186,0.93367,0.53141,0.22186
-18.84967,69.58819,8.4679,-0.31683,-0.45789,0.83064,0.92559,0.0,0.0,nan,0.0,0.01115,0.03717,25.87702,3.40703,0.25212,0.61246,0.37164,0.52776,0.29351,0.37164
-19.00095,71.07869,-7.34778,-0.26709,0.38364,-0.88402,0.95897,0.0,0.0,nan,0.0,0.01007,0.07339,10.53452,1.63867,0.25061,0.52975,0.76533,0.32415,0.61025,0.76533
-19.00879,70.9724,8.81267,-0.37135,0.02426,0.92818,0.79942,0.0,0.0,nan,0.0,0.00777,0.06129,15.56593,2.02803,0.23232,0.53997,0.8503,0.39017,0.49309,0.8503
-18.9533,72.40666,-6.46847,-0.17128,0.73994,-0.6505,0.92001,0.0,0.0,nan,0.0,0.0156,0.09124,14.96703,1.80253,0.23646,0.3272,0.63907,0.59226,0.55478,0.63907
-19.02688,73.01636,-5.06155,-0.06087,0.9563,-0.28599,0.95916,0.0,0.0,nan,0.0,0.03032,0.09702,16.09867,1.68523,0.2389,0.4583,0.56061,0.76658,0.59339,0.56061
-18.99838,73.01248,-2.99653,0.04078,0.9988,0.02724,0.99793,0.21518,0.21518,0.6,0.52787,0.0091,0.10618,18.37401,1.71945,0.22965,0.33238,0.71186,0.28582,0.58158,0.71186
-18.98978,72.84193,-1.02369,0.08019,0.99602,0.03899,0.99567,0.68474,0.68474,0.6,0.69118,0.00434,0.12413,14.16201,1.654,0.23657,0.22024,0.37194,0.18138,0.60459,0.37194
-19.03504,72.79861,1.03888,0.09817,0.9945,-0.03646,0.99616,0.92187,0.92187,0.7,0.51744,0.02475,0.08791,5.40876,1.80253,0.23815,0.39686,0.4432,0.97167,0.55478,0.4432
-18.94489,72.97811,2.99511,0.04789,0.99633,-0.07098,0.99871,0.16983,0.62894,0.7,0.97812,0.01851,0.08714,7.49558,1.80253,0.22757,0.30956,0.6408,0.86925,0.55478,0.6408
-18.97857,73.15968,4.97834,-0.02732,0.99959,0.00824,0.99636,0.03176,0.15878,0.7,1.0,0.02005,0.06837,9.59875,1.95248,0.23055,0.40472,0.57332,0.87557,0.51217,0.57332
-19.04904,73.03349,7.12959,-0.17741,0.88904,0.42207,0.92275,0.0,0.0,nan,0.0,0.01641,0.06846,11.47809,1.69998,0.24044,0.40482,0.51514,0.69524,0.58824,0.51514
-18.78316,72.33212,8.29844,-0.28438,0.55991,0.77822,0.86637,0.0,0.0,nan,0.0,0.02769,0.09812,11.54301,1.80689,0.22815,0.47804,0.75108,0.69507,0.55344,0.75108
-16.04366,3.98054,-6.02099,-0.34827,-0.61577,-0.70678,0.92011,0.0,0.0,nan,0.0,0.01132,0.04239,20.55404,2.03694,0.22739,0.32008,0.72924,0.91542,0.49093,0.72924
-16.95873,3.34996,-4.73282,-0.34537,-0.81638,-0.46287,0.92275,0.0,0.0,nan,0.0,0.0077,0.04215,15.6746,2.53216,0.22215,0.29768,0.63998,0.69183,0.39492,0.63998
-17.01128,3.13019,-3.07721,-0.23876,-0.95958,-0.14898,0.97639,0.0,0.0,nan,0.0,0.0088,0.04487,13.50147,1.88775,0.23174,0.36251,0.58282,0.62088,0.52973,0.58282
-17.00519,3.36885,-0.89869,-0.11039,-0.97998,0.16567,0.99881,0.0,0.0,nan,0.0,0.00645,0.024,15.42002,1.63867,0.2399,0.46565,0.58824,0.65222,0.61025,0.58824
-16.91317,3.78778,0.97055,-0.12357,-0.9863,0.10933,0.99665,0.0,0.0,nan,0.0,0.00884,0.02701,18.05593,1.82714,0.23188,0.39279,0.63541,0.92549,0.5473,0.63541
-16.78908,3.6517,2.78914,-0.15217,-0.97036,0.18775,0.99607,0.0,0.0,nan,0.0,0.00942,0.03592,24.0191,2.99694,0.24239,0.54194,0.42322,0.52394,0.33367,0.42322
-16.54736,5.06501,-6.46355,-0.37352,-0.38719,-0.84295,0.95388,0.0,0.0,nan,0.0,0.01142,0.03763,19.90462,1.64139,0.24886,0.42567,0.465,0.7846,0.60924,0.465
-17.41762,4.68801,-5.87173,-0.42135,-0.49958,-0.75689,0.94115,0.0,0.0,nan,0.0,0.00566,0.02781,19.39543,1.68437,0.24195,0.34017,0.52282,0.66012,0.59369,0.52282
-17.6995,4.00358,0.46596,-0.09016,-0.98568,0.14252,0.99176,0.0,0.0,nan,0.0,0.00602,0.02351,16.78029,1.99641,0.23068,0.31191,0.37164,0.9192,0.5009,0.37164
-17.28952,4.07185,3.49424,-0.10147,-0.96919,0.22445,0.99685,0.0,0.0,nan,0.0,0.00943,0.0247,22.9519,1.9024,0.22626,0.53134,0.54083,0.78086,0.52565,0.54083
-16.78545,4.6648,4.84675,-0.03272,-0.95453,0.2963,0.98246,0.0,0.0,nan,0.0,0.00909,0.02328,24.89884,2.0431,0.2359,0.46693,0.60852,0.9034,0.48945,0.60852
-16.92354,5.07412,7.01376,0.07673,-0.98995,0.11883,0.9758,0.0,0.0,nan,0.0,0.008,0.04128,35.97118,3.4412,0.25472,0.65088,0.77849,0.34601,0.2906,0.77849
-16.98648,4.73876,9.2329,0.09099,-0.80762,0.58264,0.74079,0.0,0.0,nan,0.0,0.02091,0.06163,70.79473,1.85262,0.24164,0.71388,0.76857,0.51947,0.53978,0.76857
-16.74027,7.13551,-6.54615,-0.2821,-0.30912,-0.90822,0.99548,0.0,0.0,nan,0.0,0.00557,0.01627,17.14422,1.91235,0.23509,0.38428,0.45743,0.9956,0.52292,0.45743
-17.49656,6.70073,-5.73009,-0.30978,-0.36958,-0.87604,0.97649,0.0,0.0,nan,0.0,0.00578,0.01508,15.02277,2.06745,0.22686,0.45823,0.36696,0.94691,0.48369,0.36696
-16.655,7.0027,9.99176,0.05876,0.01568,0.99815,0.8742,0.0,0.0,nan,0.0,0.00981,0.0294,16.32922,1.75773,0.24713,0.56702,0.50956,0.66062,0.56892,0.50956
-17.00084,7.20859,10.05086,0.01142,0.06916,0.99754,0.8787,0.0,0.0,nan,0.0,0.0094,0.02657,17.72995,1.78457,0.24936,0.55402,0.30767,0.71071,0.56036,0.30767
-16.36072,9.6826,-8.10743,-0.27594,-0.35808,-0.89199,0.99362,0.0,0.0,nan,0.0,0.01014,0.01967,18.47939,2.29299,0.23535,0.58955,0.70002,0.96911,0.43611,0.70002
-17.10558,8.87475,-7.26481,-0.21814,-0.39038,-0.89444,0.99861,0.0,0.0,nan,0.0,0.00875,0.01991,16.56201,2.19454,0.22308,0.54977,0.76087,0.92868,0.45568,0.76087
-16.89903,9.14515,9.55662,0.07763,0.18768,0.97916,0.97747,0.0,0.0,nan,0.0,0.00634,0.03596,46.06862,3.22193,0.24934,0.72112,0.81611,0.32347,0.31037,0.81611
-16.72018,11.01194,-8.4499,-0.30803,-0.16063,-0.93772,0.96347,0.0,0.0,nan,0.0,0.00704,0.02092,17.17264,1.91136,0.22706,0.50469,0.81706,0.94813,0.52319,0.81706
-17.53951,10.84641,-7.63472,-0.25416,-0.17736,-0.95076,0.98716,0.0,0.0,nan,0.0,0.00828,0.02,14.87141,2.01082,0.2317,0.51836,0.75762,0.92877,0.49731,0.75762
-16.92256,10.91695,9.05227,-0.00487,-0.15146,0.98845,0.98226,0.0,0.0,nan,0.0,0.00685,0.01758,31.18431,1.89834,0.23637,0.54232,0.37554,0.76473,0.52678,0.37554
-16.64639,12.79347,-8.30952,-0.38676,0.13695,-0.91196,0.98677,0.0,0.0,nan,0.0,0.00968,0.02883,19.60084,1.80754,0.24621,0.43248,0.58411,0.85589,0.55324,0.58411
-17.36485,13.54423,-7.77482,-0.33775,0.17151,-0.92548,0.99196,0.0,0.0,nan,0.0,0.00267,0.02957,37.52994,1.72241,0.22577,0.41262,0.41002,0.23013,0.58058,0.41002
-17.00674,12.99419,9.61922,-0.15862,0.09607,0.98265,0.92236,0.0,0.0,nan,0.0,0.01358,0.03251,24.01025,1.89783,0.23668,0.61712,0.58143,0.73349,0.52692,0.58143
-16.01498,14.42682,-8.0502,-0.41464,0.02155,-0.90973,0.98011,0.0,0.0,nan,0.0,0.00942,0.02537,22.93045,1.87283,0.24679,0.43108,0.39819,0.93672,0.53395,0.39819
-17.20647,14.86193,-7.50344,-0.37582,-0.02551,-0.92634,0.96954,0.0,0.0,nan,0.0,0.00548,0.03546,41.64835,1.91782,0.23709,0.47168,0.37069,0.34328,0.52143,0.37069
-17.75611,15.25255,7.81175,-0.30695,0.27761,0.91034,0.94194,0.0,0.0,nan,0.0,0.01318,0.03496,34.55761,1.69293,0.24591,0.47744,0.40015,0.83556,0.59069,0.40015
-16.92227,14.79202,8.69663,-0.16185,0.32921,0.93028,0.97933,0.0,0.0,nan,0.0,0.00821,0.02613,27.58105,1.75969,0.24431,0.41902,0.29254,0.80392,0.56828,0.29254
-16.5265,17.20243,-8.52742,-0.41624,-0.34435,-0.84153,0.99567,0.0,0.0,nan,0.0,0.00971,0.02434,21.22426,2.71633,0.23523,0.5014,0.40223,0.87034,0.36814,0.40223
-17.29912,16.82462,-7.83761,-0.33466,-0.33228,-0.88181,0.98432,0.0,0.0,nan,0.0,0.00932,0.02808,23.98658,2.02925,0.23814,0.40117,0.40097,0.89681,0.49279,0.40097
-16.66827,16.21665,7.97727,-0.17926,0.00033,0.9838,0.91942,0.0,0.0,nan,0.0,0.01119,0.03304,33.38976,1.91299,0.23135,0.46169,0.54431,0.77744,0.52274,0.54431
-16.98868,17.00752,8.62167,-0.21749,-0.14242,0.96562,0.97169,0.0,0.0,nan,0.0,0.01456,0.04031,35.02074,3.35306,0.24503,0.5671,0.68002,0.67328,0.29824,0.68002
-16.01517,18.95099,-10.01206,-0.40857,-0.1553,-0.89942,0.90738,0.0,0.0,nan,0.0,0.00678,0.02991,17.23759,1.86611,0.23133,0.56,0.80104,0.53976,0.53588,0.80104
-17.08551,18.81987,-9.19882,-0.43407,-0.20911,-0.87627,0.96944,0.0,0.0,nan,0.0,0.0097,0.02895,18.62052,1.81181,0.2283,0.50841,0.32711,0.72996,0.55194,0.32711
-17.3845,18.05159,-7.92945,-0.35877,-0.30711,-0.88146,0.9714,0.0,0.0,nan,0.0,0.00683,0.02354,20.83278,2.0751,0.22991,0.36428,0.41346,0.8735,0.4819,0.41346
-17.07704,19.11608,9.00463,-0.21895,-0.04845,0.97453,0.97708,0.0,0.0,nan,0.0,0.00717,0.01782,24.47175,1.67575,0.23889,0.45884,0.6226,0.94879,0.59675,0.6226
-17.12564,21.03889,-9.09803,-0.39624,0.15851,-0.90436,0.976,0.0,0.0,nan,0.0,0.00811,0.02849,21.9096,1.63867,0.24118,0.44789,0.39085,0.69343,0.61025,0.39085
-17.99238,21.87194,-7.95765,-0.46771,0.24395,-0.84955,0.99088,0.0,0.0,nan,0.0,0.00559,0.01898,25.65489,1.63867,0.24088,0.50428,0.57112,0.62928,0.61025,0.57112
-17.30292,20.63907,7.63866,-0.25476,0.13843,0.95704,0.9345,0.0,0.0,nan,0.0,0.00802,0.01694,29.30636,1.67633,0.23121,0.54968,0.60913,0.92003,0.59654,0.60913
-16.82369,21.16057,8.27564,-0.26726,0.12208,0.95586,0.97669,0.0,0.0,nan,0.0,0.01082,0.02157,30.89314,1.72685,0.23146,0.6009,0.64875,0.88871,0.57909,0.64875
-16.99076,22.97814,-8.66024,-0.45594,0.01666,-0.88985,0.98021,0.0,0.0,nan,0.0,0.00523,0.01646,33.07102,1.84166,0.22676,0.49939,0.58629,0.67451,0.54299,0.58629
-16.65524,23.91744,-7.92048,-0.49576,-0.13616,-0.85772,0.91198,0.0,0.0,nan,0.0,0.0087,0.02556,33.74437,1.80453,0.24091,0.51036,0.70819,0.70639,0.55416,0.70819
-17.29324,23.80393,7.91194,-0.26651,-0.16251,0.95003,0.93156,0.0,0.0,nan,0.0,0.01288,0.03109,31.63256,3.31691,0.24165,0.51986,0.53621,0.84713,0.30149,0.53621
-17.01513,22.99265,8.45616,-0.29276,-0.04062,0.95532,0.98393,0.0,0.0,nan,0.0,0.009,0.02056,33.12729,1.72357,0.23533,0.53293,0.51073,0.87086,0.58019,0.51073
-16.87169,25.05473,-8.87499,-0.48597,-0.27765,-0.8287,0.98824,0.0,0.0,nan,0.0,0.00846,0.03357,33.4035,1.63867,0.23433,0.50977,0.56027,0.52382,0.61025,0.56027
-16.68504,24.33083,-7.77145,-0.52473,-0.18892,-0.83004,0.90014,0.0,0.0,nan,0.0,0.00824,0.02844,33.97149,1.63867,0.22701,0.54876,0.77923,0.61662,0.61025,0.77923
-17.08715,24.42009,7.78094,-0.2472,-0.23659,0.93964,0.89759,0.0,0.0,nan,0.0,0.00873,0.0249,29.70822,2.18255,0.23522,0.42866,0.42164,0.87277,0.45818,0.42164
-17.0189,24.99285,8.81718,-0.22124,-0.23164,0.94731,0.99166,0.0,0.0,nan,0.0,0.00657,0.02145,28.17429,2.15272,0.23471,0.41007,0.3685,0.8001,0.46453,0.3685
-16.65148,27.15063,-10.11568,-0.36305,0.03533,-0.9311,0.87861,0.0,0.0,nan,0.0,0.02061,0.04138,24.09281,1.63867,0.2393,0.54796,0.38163,0.98443,0.61025,0.38163
-17.35707,26.71056,-9.87714,-0.44273,-0.13728,-0.88608,0.87714,0.0,0.0,nan,0.0,0.01743,0.04708,24.96059,1.83018,0.23545,0.5504,0.44439,0.72679,0.54639,0.44439
-17.18881,27.05802,9.27162,-0.27224,0.11798,0.95497,0.94624,0.0,0.0,nan,0.0,0.00851,0.04672,33.29622,3.24016,0.24173,0.62346,0.86414,0.48772,0.30863,0.86414
-16.33356,28.05628,-10.02816,-0.31655,0.29007,-0.90314,0.94546,0.0,0.0,nan,0.0,0.01227,0.04189,29.97336,2.01771,0.22995,0.52077,0.39524,0.59981,0.49561,0.39524
-16.95885,28.9751,-9.01091,-0.31339,0.27857,-0.90785,0.98481,0.0,0.0,nan,0.0,0.00821,0.02397,30.2736,3.56743,0.24082,0.46292,0.23475,0.7888,0.28031,0.23475
-17.2826,29.57703,-7.80594,-0.33487,0.23271,-0.91307,0.84611,0.0,0.0,nan,0.0,0.00581,0.01807,28.48068,1.7462,0.25074,0.41214,0.3431,0.83567,0.57267,0.3431
-17.67476,29.32104,7.65152,-0.27228,0.31003,0.9109,0.98021,0.0,0.0,nan,0.0,0.00741,0.02044,24.27082,1.64038,0.22696,0.39589,0.47375,0.99129,0.60961,0.47375
-16.90768,28.8895,8.63949,-0.28171,0.33866,0.89774,0.99656,0.0,0.0,nan,0.0,0.00814,0.02317,21.99518,1.71301,0.24121,0.39541,0.53582,0.96896,0.58377,0.53582
-16.97371,31.00521,-8.689,-0.31405,-0.17807,-0.93256,0.95114,0.0,0.0,nan,0.0,0.00569,0.02812,36.11283,2.37216,0.24233,0.56714,0.80531,0.4572,0.42156,0.80531
-17.30429,30.24503,-7.85837,-0.34671,0.00106,-0.93797,0.85159,0.0,0.0,nan,0.0,0.00536,0.01814,30.44622,1.86201,0.24017,0.46371,0.56137,0.67961,0.53705,0.56137
-17.17568,31.13512,7.44271,-0.27989,-0.01561,0.95991,0.89407,0.0,0.0,nan,0.0,0.01019,0.04105,31.64907,1.7441,0.24019,0.54987,0.78992,0.55027,0.57336,0.78992
-16.45354,30.60456,8.30304,-0.24752,0.08505,0.96514,0.95789,0.0,0.0,nan,0.0,0.00273,0.04715,54.98524,3.23412,0.24832,0.77422,0.95204,0.21945,0.3092,0.95204
-16.30851,33.73385,-10.06463,-0.32537,-0.12391,-0.93743,0.97522,0.0,0.0,nan,0.0,0.00687,0.03206,18.51266,1.63867,0.23309,0.58304,0.90906,0.82996,0.61025,0.90906
-17.05513,32.89879,-9.4132,-0.31051,-0.26303,-0.91345,0.99842,0.0,0.0,nan,0.0,0.01038,0.02025,16.59748,1.72797,0.2367,0.59816,0.73636,0.96039,0.57872,0.73636
-17.06049,32.48031,7.44888,-0.26488,-0.40688,0.87424,0.84209,0.0,0.0,nan,0.0,0.00579,0.01856,30.43181,1.63867,0.24014,0.40842,0.34255,0.81377,0.61025,0.34255
-17.00711,32.93283,9.05982,-0.29989,-0.55315,0.77724,0.98814,0.0,0.0,nan,0.0,0.00726,0.03232,26.54117,1.84108,0.23445,0.51368,0.56273,0.47042,0.54316,0.56273
-16.32426,33.75983,10.12346,-0.31543,-0.484,0.81624,0.88712,0.0,0.0,nan,0.0,0.01578,0.05738,22.2613,1.63867,0.24477,0.48457,0.30888,0.61838,0.61025,0.30888
-16.35657,34.72446,-10.19984,-0.33128,0.11636,-0.93633,0.95045,0.0,0.0,nan,0.0,0.00883,0.03261,21.33532,2.57709,0.23927,0.50699,0.38671,0.58395,0.38803,0.38671
-17.18333,35.16795,-9.62607,-0.26648,0.18151,-0.9466,0.98403,0.0,0.0,nan,0.0,0.00556,0.02415,21.36073,2.90134,0.23323,0.50326,0.4404,0.50059,0.34467,0.4404
-17.64222,34.62449,9.75882,-0.41543,-0.19893,0.88761,0.88575,0.0,0.0,nan,0.0,0.00902,0.03095,23.88282,1.63867,0.24477,0.49036,0.45377,0.64379,0.61025,0.45377
-16.75285,35.11472,10.35846,-0.36073,-0.07734,0.92946,0.90063,0.0,0.0,nan,0.0,0.01051,0.03516,23.79985,1.83913,0.24442,0.49793,0.28943,0.65074,0.54374,0.28943
-17.0856,36.9063,-8.75253,-0.24352,0.26351,-0.93341,0.98638,0.0,0.0,nan,0.0,0.00502,0.01708,22.52568,3.36985,0.23801,0.41279,0.41129,0.77476,0.29675,0.41129
-17.08659,37.14433,9.4901,-0.4599,0.17693,0.87016,0.97659,0.0,0.0,nan,0.0,0.0059,0.02166,32.9864,1.85917,0.23679,0.47726,0.6932,0.6049,0.53788,0.6932
-17.09934,36.48236,10.01047,-0.4227,0.14195,0.89509,0.96073,0.0,0.0,nan,0.0,0.00471,0.02203,29.64185,1.80253,0.23708,0.37013,0.54068,0.61696,0.55478,0.54068
-16.99769,38.95153,-8.6862,-0.36249,0.04385,-0.93095,0.98471,0.0,0.0,nan,0.0,0.00957,0.02555,30.34347,3.22377,0.24272,0.52598,0.6099,0.75902,0.3102,0.6099
-16.8842,39.02339,9.88287,-0.34304,-0.02455,0.939,0.96465,0.0,0.0,nan,0.0,0.00555,0.01964,26.89687,1.63867,0.2241,0.43704,0.52113,0.69464,0.61025,0.52113
-16.6517,38.2034,10.09752,-0.34676,0.0998,0.93263,0.96142,0.0,0.0,nan,0.0,0.00501,0.01719,29.80635,1.71251,0.22114,0.40705,0.56303,0.76458,0.58394,0.56303
-17.01447,41.0775,-8.82824,-0.38605,-0.16178,-0.90818,0.9947,0.0,0.0,nan,0.0,0.00752,0.02029,26.64119,1.7422,0.24002,0.49151,0.54857,0.8102,0.57399,0.54857
-17.83989,40.52052,-7.82169,-0.45911,-0.14131,-0.87707,0.96396,0.0,0.0,nan,0.0,0.00826,0.02332,26.93706,1.95942,0.23528,0.44868,0.62199,0.84808,0.51036,0.62199
-17.09232,40.8349,9.8157,-0.33054,-0.07947,0.94044,0.9944,0.0,0.0,nan,0.0,0.0093,0.02164,18.80522,1.63867,0.25207,0.57977,0.58147,0.81984,0.61025,0.58147
-16.45517,41.55993,10.11372,-0.2969,-0.02021,0.9547,0.98902,0.0,0.0,nan,0.0,0.0112,0.02448,16.4438,1.65138,0.246,0.66567,0.48319,0.77056,0.60556,0.48319
-17.02178,43.02182,-9.19776,-0.3282,0.1072,-0.93851,0.96445,0.0,0.0,nan,0.0,0.01624,0.03867,22.6874,2.03898,0.22611,0.63525,0.37563,0.71957,0.49044,0.37563
-17.26425,43.22822,9.66436,-0.34564,0.32394,0.88068,0.95447,0.0,0.0,nan,0.0,0.01323,0.04104,20.16156,1.81873,0.23434,0.55407,0.42928,0.6394,0.54983,0.42928
-16.42931,42.65816,10.23233,-0.30908,0.16085,0.93734,0.95133,0.0,0.0,nan,0.0,0.0104,0.02584,16.25953,1.67871,0.24092,0.59023,0.70181,0.76565,0.59569,0.70181
-16.96812,44.94606,-8.76027,-0.36256,0.28319,-0.88789,0.98696,0.0,0.0,nan,0.0,0.00601,0.01659,24.60208,3.43708,0.24014,0.51157,0.51719,0.76543,0.29094,0.51719
-17.24884,45.59338,-7.79006,-0.44796,0.18816,-0.87403,0.95515,0.0,0.0,nan,0.0,0.00574,0.01792,30.0796,1.89982,0.23894,0.51575,0.65772,0.66213,0.52637,0.65772
-17.48591,45.23271,7.62598,-0.48898,0.24759,0.83642,0.8789,0.0,0.0,nan,0.0,0.01142,0.02935,42.92532,1.92546,0.23565,0.58943,0.62642,0.6907,0.51936,0.62642
-16.85591,44.76625,8.5905,-0.4499,0.36825,0.81363,0.98726,0.0,0.0,nan,0.0,0.0102,0.03614,36.32151,2.53539,0.23333,0.59826,0.63019,0.49752,0.39442,0.63019
-17.03368,47.05159,-8.56103,-0.38589,-0.09165,-0.91798,0.97463,0.0,0.0,nan,0.0,0.00753,0.01968,37.24742,1.71954,0.23981,0.59889,0.50753,0.67282,0.58155,0.50753
-16.83242,46.28889,-7.75079,-0.44487,0.03436,-0.89494,0.94057,0.0,0.0,nan,0.0,0.00674,0.01699,34.24922,1.67059,0.24103,0.60039,0.57607,0.69988,0.59859,0.57607
-17.51631,47.28283,7.61169,-0.34522,-0.2836,0.89465,0.91424,0.0,0.0,nan,0.0,0.01657,0.05366,33.24381,3.20982,0.23843,0.64881,0.8417,0.71422,0.31154,0.8417
-16.71579,47.04143,8.53483,-0.35805,-0.15211,0.92123,0.9715,0.0,0.0,nan,0.0,0.00875,0.02169,35.4912,2.70922,0.2372,0.46317,0.52215,0.92001,0.36911,0.52215
-17.16384,49.11393,-8.28862,-0.36997,-0.16387,-0.91448,0.9992,0.0,0.0,nan,0.0,0.00558,0.0222,25.22013,1.6986,0.23635,0.60343,0.38888,0.44961,0.58872,0.38888
-16.78683,48.44965,-7.80119,-0.36152,-0.24485,-0.89964,0.97992,0.0,0.0,nan,0.0,0.00602,0.02038,30.52399,1.7319,0.23377,0.6158,0.57414,0.51115,0.5774,0.57414
-17.78512,48.07077,7.79048,-0.32384,-0.24756,0.91315,0.9716,0.0,0.0,nan,0.0,0.01027,0.02619,27.92297,1.79025,0.23984,0.49899,0.54235,0.84212,0.55858,0.54235
-17.05947,48.87289,9.22284,-0.34466,-0.16916,0.92336,0.95486,0.0,0.0,nan,0.0,0.01032,0.02719,30.42729,2.05211,0.22365,0.51997,0.35313,0.77819,0.4873,0.35313
-17.02677,50.93916,-8.96218,-0.27545,0.0885,-0.95723,0.97874,0.0,0.0,nan,0.0,0.00558,0.01866,16.80323,2.96645,0.24043,0.50136,0.365,0.66698,0.3371,0.365
-17.80052,51.14071,7.83768,-0.38214,0.1936,0.9036,0.9761,0.0,0.0,nan,0.0,0.01086,0.02635,31.81428,3.07949,0.23977,0.51043,0.59607,0.85784,0.32473,0.59607
-16.98639,50.89849,8.81566,-0.38614,0.15598,0.90916,0.9944,0.0,0.0,nan,0.0,0.00914,0.02482,28.32638,2.35741,0.24039,0.48876,0.69999,0.80703,0.42419,0.69999
-16.96634,52.98695,-8.38124,-0.20647,0.2418,-0.94811,0.99098,0.0,0.0,nan,0.0,0.00655,0.02682,20.5213,2.21045,0.23239,0.38949,0.47822,0.6879,0.4524,0.47822
-17.86209,53.11617,-7.86596,-0.3342,0.25497,-0.90736,0.98295,0.0,0.0,nan,0.0,0.00922,0.03114,20.68002,2.56926,0.23761,0.47069,0.64101,0.69019,0.38922,0.64101
-17.74283,53.84111,7.82009,-0.31186,0.06125,0.94815,0.98765,0.0,0.0,nan,0.0,0.00806,0.02593,34.7455,2.21141,0.23629,0.32911,0.39655,0.99856,0.4522,0.39655
-17.17986,53.05602,8.73763,-0.33024,0.17741,0.92707,0.98696,0.0,0.0,nan,0.0,0.01121,0.02917,36.02462,1.77741,0.23131,0.43856,0.48667,0.92478,0.56262,0.48667
-17.076,54.74511,-8.26206,-0.2761,0.04058,-0.96027,0.98001,0.0,0.0,nan,0.0,0.00536,0.01617,22.24944,3.60506,0.23547,0.3893,0.4942,0.9282,0.27739,0.4942
-16.88459,55.25087,-7.77747,-0.30327,0.00325,-0.9529,0.98794,0.0,0.0,nan,0.0,0.00518,0.01724,21.68235,3.52939,0.24179,0.40331,0.26872,0.81421,0.28333,0.26872
-17.35754,54.76287,7.63878,-0.27832,0.0068,0.96047,0.96846,0.0,0.0,nan,0.0,0.00769,0.0249,34.79093,1.68712,0.23948,0.33399,0.29419,0.97717,0.59273,0.29419
-16.72444,55.193,8.29922,-0.29104,-0.04696,0.95556,0.99,0.0,0.0,nan,0.0,0.00629,0.02125,34.83657,1.83006,0.24079,0.32517,0.36671,0.96178,0.54643,0.36671
-16.91742,56.91135,-8.40189,-0.27757,0.18794,-0.94214,0.92618,0.0,0.0,nan,0.0,0.00661,0.02112,23.28391,3.05711,0.23708,0.506,0.38241,0.67163,0.32711,0.38241
-17.44263,57.69725,-7.80378,-0.26,0.31654,-0.91225,0.96171,0.0,0.0,nan,0.0,0.00723,0.02921,26.90829,3.60506,0.23764,0.52647,0.71927,0.50528,0.27739,0.71927
-17.93773,57.53912,7.95911,-0.41683,0.13779,0.89848,0.9807,0.0,0.0,nan,0.0,0.01296,0.03803,33.10818,1.80253,0.23798,0.39649,0.55658,0.91122,0.55478,0.55658
-16.99371,56.99007,8.41471,-0.38149,-0.02436,0.92405,0.9808,0.0,0.0,nan,0.0,0.00997,0.04257,34.75727,2.54887,0.232,0.34313,0.44044,0.72202,0.39233,0.44044
-16.06402,58.07358,-8.02758,-0.23887,0.40429,-0.88289,0.97698,0.0,0.0,nan,0.0,0.00701,0.02624,28.82513,3.55434,0.25016,0.50536,0.67969,0.56547,0.28135,0.67969
-16.86271,58.47849,-6.74283,-0.19385,0.40317,-0.89436,0.94849,0.0,0.0,nan,0.0,0.0103,0.04453,27.21115,1.89164,0.25492,0.4943,0.81564,0.63585,0.52864,0.81564
-16.9705,59.23204,-5.97268,-0.17207,0.24559,-0.95398,0.82516,0.0,0.0,nan,0.0,0.00743,0.02616,32.05971,1.73154,0.23438,0.31616,0.53893,0.9539,0.57752,0.53893
-17.1998,59.3549,7.80193,-0.39744,0.04234,0.91665,0.94507,0.0,0.0,nan,0.0,0.00865,0.02185,34.62869,1.86348,0.23603,0.48084,0.4202,0.87101,0.53663,0.4202
-16.9586,58.52659,8.15605,-0.43506,0.18527,0.88113,0.96161,0.0,0.0,nan,0.0,0.01748,0.05775,28.0293,1.80253,0.23826,0.43274,0.43927,0.74921,0.55478,0.43927
-16.93191,61.02122,-6.72534,-0.20554,-0.13614,-0.96913,0.97081,0.0,0.0,nan,0.0,0.01441,0.05796,31.96112,2.53018,0.22953,0.59259,0.85626,0.67549,0.39523,0.85626
-17.0149,60.60524,7.65213,-0.343,-0.29404,0.89213,0.9064,0.0,0.0,nan,0.0,0.00646,0.01888,32.41171,1.89868,0.23255,0.42969,0.31249,0.84585,0.52668,0.31249
-17.00635,61.46068,8.73376,-0.35036,-0.41004,0.84209,0.98804,0.0,0.0,nan,0.0,0.0059,0.02513,26.47498,2.86572,0.23846,0.45514,0.39903,0.55455,0.34895,0.39903
-16.09975,63.93335,-8.05026,-0.22624,-0.10353,-0.96855,0.95858,0.0,0.0,nan,0.0,0.009,0.0166,21.32031,1.63867,0.23031,0.60354,0.51636,0.98235,0.61025,0.51636
-17.03198,63.03029,-7.20906,-0.23422,-0.2409,-0.94186,0.99744,0.0,0.0,nan,0.0,0.00809,0.02075,23.19481,1.83069,0.24044,0.46892,0.35835,0.90248,0.54624,0.35835
-17.05074,62.99346,9.45772,-0.34451,-0.05101,0.9374,0.86285,0.0,0.0,nan,0.0,0.0123,0.03296,18.81103,1.85051,0.2394,0.58302,0.47379,0.70833,0.54039,0.47379
-16.18004,64.51688,-8.11217,-0.22858,-0.01489,-0.97341,0.96895,0.0,0.0,nan,0.0,0.01546,0.03123,21.49493,2.85997,0.24517,0.6848,0.59807,0.79032,0.34965,0.59807
-17.06561,65.06139,-7.60267,-0.20446,-0.01396,-0.97877,0.98882,0.0,0.0,nan,0.0,0.01236,0.03853,27.67357,1.70768,0.2411,0.65146,0.3937,0.52785,0.58559,0.3937
-17.26453,65.57777,7.36239,-0.42852,0.36443,0.82678,0.92011,0.0,0.0,nan,0.0,0.00348,0.02165,27.63129,2.42138,0.23296,0.66284,0.90256,0.50804,0.41299,0.90256
-16.98472,64.95346,8.98721,-0.38693,0.36646,0.84616,0.96249,0.0,0.0,nan,0.0,0.00751,0.02378,26.18483,3.18127,0.23762,0.62479,0.64856,0.54409,0.31434,0.64856
-16.50604,67.83878,-8.03332,-0.24834,-0.2247,-0.94225,0.98647,0.0,0.0,nan,0.0,0.00631,0.01975,15.85608,3.60506,0.24214,0.44583,0.40288,0.80695,0.27739,0.40288
-16.95592,67.12107,-7.28807,-0.22478,-0.17657,-0.95828,0.95486,0.0,0.0,nan,0.0,0.00572,0.03588,29.84893,2.02133,0.2344,0.48527,0.41474,0.35064,0.49472,0.41474
-17.25522,66.87604,7.28148,-0.45226,0.13385,0.88179,0.88458,0.0,0.0,nan,0.0,0.01803,0.04588,30.38844,2.67829,0.23373,0.60901,0.67422,0.68772,0.37337,0.67422
-16.45323,67.0302,8.4737,-0.3845,0.11668,0.91572,0.9436,0.0,0.0,nan,0.0,0.00793,0.02449,34.99071,2.72526,0.24616,0.60035,0.79494,0.66572,0.36694,0.79494
-16.94639,68.93218,-8.31706,-0.25462,-0.10613,-0.9612,0.96279,0.0,0.0,nan,0.0,0.01312,0.04398,12.87633,2.23935,0.23843,0.59262,0.66512,0.58155,0.44656,0.66512
-17.88283,69.5365,-7.96691,-0.27178,0.04337,-0.96138,0.96298,0.0,0.0,nan,0.0,0.00611,0.04538,10.89996,1.88068,0.23551,0.44611,0.37331,0.35719,0.53172,0.37331
-17.3299,68.66624,7.19915,-0.38785,-0.35878,0.84903,0.87724,0.0,0.0,nan,0.0,0.00695,0.02128,31.25134,2.86219,0.23886,0.42748,0.36361,0.81332,0.34938,0.36361
-16.80039,69.11362,8.70497,-0.30332,-0.35443,0.88452,0.96768,0.0,0.0,nan,0.0,0.00854,0.03063,28.31962,2.90503,0.24213,0.45153,0.29145,0.66132,0.34423,0.29145
-16.55135,70.39072,-8.15306,-0.2202,0.27648,-0.93545,0.97943,0.0,0.0,nan,0.0,0.00904,0.07927,10.75387,1.83525,0.23117,0.34877,0.67487,0.38787,0.54489,0.67487
-17.13834,71.28401,-7.66475,-0.1985,0.47245,-0.85871,0.96856,0.0,0.0,nan,0.0,0.00335,0.07558,11.2599,1.80253,0.23647,0.15222,0.46555,0.3425,0.55478,0.46555
-16.98368,70.94635,9.39088,-0.1961,0.00219,0.98058,0.83407,0.0,0.0,nan,0.0,0.01171,0.04514,18.84229,1.83441,0.23474,0.45168,0.69816,0.63548,0.54514,0.69816
-16.99192,72.56689,-6.76989,-0.12604,0.80317,-0.58227,0.93283,0.0,0.0,nan,0.0,0.01334,0.10241,13.93928,1.80253,0.23822,0.26392,0.7786,0.6214,0.55478,0.7786
-17.01072,73.17305,-5.02302,-0.06607,0.98434,-0.16341,0.97052,0.0,0.0,nan,0.0,0.01458,0.086,20.69956,1.63867,0.23316,0.40166,0.83317,0.63059,0.61025,0.83317
-17.03957,72.96819,-2.93485,-0.01474,0.99815,0.05907,0.99685,0.04888,0.04888,0.7,0.65591,0.01303,0.10324,18.35975,1.85708,0.22777,0.43308,0.80355,0.39014,0.53848,0.80355
-16.98928,72.81845,-1.06494,-0.03224,0.99893,0.03309,0.99704,0.33396,0.33396,0.7,0.55587,0.00489,0.11499,16.49095,1.80253,0.22436,0.37541,0.89282,0.2338,0.55478,0.89282
-17.00617,72.8152,1.0161,-0.0554,0.99718,-0.0506,0.99832,0.85187,0.85187,0.7,0.61584,0.02648,0.1231,5.01714,1.63867,0.22927,0.33714,0.6434,0.89236,0.61025,0.6434
-17.02708,73.01355,3.01576,-0.05672,0.99294,-0.10418,0.99881,0.10636,0.53182,0.7,1.0,0.00897,0.08683,9.75212,1.63867,0.21878,0.24128,0.56553,0.5158,0.61025,0.56553
-16.96087,73.2402,4.97226,-0.05463,0.99759,-0.0427,0.9991,0.02059,0.10296,0.7,1.0,0.01541,0.07859,10.80408,2.16125,0.2151,0.28263,0.5601,0.82227,0.46269,0.5601
-17.03994,73.26019,7.05462,-0.10149,0.9584,0.26679,0.96318,0.0,0.0,nan,0.0,0.01896,0.06598,8.38795,2.04908,0.23734,0.5331,0.57182,0.6677,0.48802,0.57182
-16.92722,72.58213,8.65997,-0.15792,0.63364,0.75734,0.85325,0.0,0.0,nan,0.0,0.0118,0.09641,19.91783,1.63867,0.25744,0.48021,0.63682,0.28057,0.61025,0.63682
-14.5708,3.7491,-6.22935,-0.26319,-0.66799,-0.69607,0.93508,0.0,0.0,nan,0.0,0.02099,0.07376,21.55757,1.64529,0.23121,0.37561,0.68479,0.82777,0.6078,0.68479
-15.00939,3.17532,-5.08059,-0.23133,-0.87133,-0.43275,0.96318,0.0,0.0,nan,0.0,0.01001,0.055,16.29929,1.67917,0.22325,0.29886,0.6221,0.68366,0.59553,0.6221
-15.0292,2.80259,-3.03385,-0.15903,-0.98563,-0.0569,0.99235,0.0,0.0,nan,0.0,0.01367,0.09766,11.09644,1.88596,0.22041,0.40212,0.74136,0.41091,0.53023,0.74136
-15.0138,2.89335,-0.83633,-0.12273,-0.97398,0.19054,0.99303,0.0,0.0,nan,0.0,0.00553,0.01475,12.66996,2.2089,0.23812,0.61103,0.70629,0.70971,0.45271,0.70629
-14.99587,3.4898,0.86098,-0.13442,-0.98967,0.04987,0.99558,0.0,0.0,nan,0.0,0.00793,0.02657,16.61114,2.03846,0.23828,0.696,0.88616,0.85132,0.49057,0.88616
-15.04441,3.17302,3.12604,-0.22002,-0.95043,0.21973,0.95182,0.0,0.0,nan,0.0,0.0095,0.0319,20.52584,1.88225,0.23962,0.62526,0.66829,0.52269,0.53128,0.66829
-14.35821,3.88449,4.5828,-0.1808,-0.92085,0.34545,0.99616,0.0,0.0,nan,0.0,0.01092,0.02828,26.30008,3.04796,0.23734,0.59141,0.65271,0.70281,0.32809,0.65271
-15.04013,4.92495,-6.95315,-0.30603,-0.37233,-0.8762,0.96181,0.0,0.0,nan,0.0,0.02253,0.06018,19.36627,1.68314,0.23648,0.4244,0.58329,0.97323,0.59413,0.58329
-15.81477,4.12298,3.93835,-0.18725,-0.9314,0.31214,0.99303,0.0,0.0,nan,0.0,0.00601,0.02876,29.0926,2.21421,0.23165,0.66603,0.83226,0.45531,0.45163,0.83226
-15.17319,4.17004,5.19371,-0.2187,-0.91511,0.33875,0.99763,0.0,0.0,nan,0.0,0.0069,0.03572,31.87935,1.80253,0.23623,0.66392,0.8647,0.48829,0.55478,0.8647
-14.88189,5.16705,6.98979,-0.1818,-0.95887,0.218,0.95143,0.0,0.0,nan,0.0,0.0119,0.03579,25.18323,1.63867,0.24102,0.59014,0.69713,0.60834,0.61025,0.69713
-15.03204,4.95702,9.22685,-0.05403,-0.76971,0.6361,0.78102,0.0,0.0,nan,0.0,0.00757,0.03915,23.82571,1.87733,0.23989,0.47444,0.68319,0.44189,0.53267,0.68319
-14.01,7.92669,-8.01117,-0.25523,-0.33737,-0.90611,0.99842,0.0,0.0,nan,0.0,0.00809,0.02069,19.00885,2.05341,0.2135,0.44381,0.36225,0.9742,0.48699,0.36225
-15.01345,7.00323,-7.17573,-0.3136,-0.27166,-0.90987,0.9992,0.0,0.0,nan,0.0,0.01161,0.04154,17.58158,1.63867,0.22571,0.31134,0.43555,1.0,0.61025,0.43555
-15.0968,7.07482,9.27105,0.00766,0.00187,0.99997,0.93225,0.0,0.0,nan,0.0,0.00613,0.05172,48.52403,3.52913,0.23612,0.7124,0.86354,0.27208,0.28336,0.86354
-14.81789,9.36086,-8.36858,-0.27985,-0.38616,-0.87896,0.99949,0.0,0.0,nan,0.0,0.0099,0.0221,18.59499,1.66582,0.23043,0.50191,0.5916,0.98828,0.60031,0.5916
-15.11815,8.6491,-7.72213,-0.28933,-0.37079,-0.8825,0.99959,0.0,0.0,nan,0.0,0.00892,0.02414,19.49596,2.02206,0.22526,0.41815,0.56362,0.97397,0.49454,0.56362
-15.33941,9.43898,7.69335,0.03322,0.0309,0.99897,0.69292,0.0,0.0,nan,0.0,0.00239,0.0259,40.52505,3.01027,0.23729,0.71917,0.95215,0.38173,0.3322,0.95215
-14.94038,8.75292,8.30194,-0.00571,0.17388,0.98475,0.83426,0.0,0.0,nan,0.0,0.00453,0.04076,59.97677,2.18102,0.23875,0.78563,0.91585,0.31134,0.4585,0.91585
-15.04453,10.85137,-9.02959,-0.28521,-0.20544,-0.93619,0.96249,0.0,0.0,nan,0.0,0.01169,0.03255,17.8249,1.69354,0.23767,0.52437,0.49657,0.76171,0.59048,0.49657
-15.2438,10.34053,7.73405,-0.05812,-0.22824,0.97187,0.71005,0.0,0.0,nan,0.0,0.00595,0.01841,29.476,1.68156,0.24102,0.44033,0.41429,0.7832,0.59469,0.41429
-15.08799,10.75071,9.19709,-0.14179,-0.23543,0.96149,0.97894,0.0,0.0,nan,0.0,0.00594,0.02121,25.58919,3.55071,0.24309,0.4868,0.42107,0.62001,0.28163,0.42107
-14.04422,11.95851,10.01935,-0.20339,-0.09705,0.97428,0.90298,0.0,0.0,nan,0.0,0.01868,0.04564,34.55949,1.90167,0.24147,0.68959,0.63775,0.62793,0.52585,0.63775
-15.01827,13.06601,-8.83365,-0.23479,0.14309,-0.96146,0.98344,0.0,0.0,nan,0.0,0.00792,0.02646,25.30993,1.80253,0.24217,0.54766,0.58804,0.58932,0.55478,0.58804
-15.94412,13.94114,-7.96867,-0.38643,0.09719,-0.91718,0.96934,0.0,0.0,nan,0.0,0.00735,0.02154,21.65173,2.55916,0.22658,0.40368,0.41939,0.92283,0.39075,0.41939
-15.00296,13.02337,9.35203,-0.10252,0.16137,0.98155,0.94879,0.0,0.0,nan,0.0,0.01818,0.07601,31.42414,2.85188,0.24102,0.70215,0.48039,0.36225,0.35065,0.48039
-14.12443,12.60372,10.08316,-0.1548,0.10005,0.98287,0.88105,0.0,0.0,nan,0.0,0.01938,0.05602,28.24102,2.98851,0.23154,0.74259,0.59345,0.49901,0.33461,0.59345
-15.11661,15.04353,-8.89811,-0.29198,-0.12996,-0.94755,0.97345,0.0,0.0,nan,0.0,0.00705,0.02873,28.50057,1.87055,0.2342,0.54367,0.7687,0.5136,0.5346,0.7687
-15.88065,15.56151,-7.84841,-0.43437,-0.15084,-0.88802,0.95163,0.0,0.0,nan,0.0,0.00945,0.02844,28.27813,1.80253,0.23239,0.53665,0.39625,0.66315,0.55478,0.39625
-14.81289,15.571,7.94427,-0.07895,0.14819,0.9858,0.81753,0.0,0.0,nan,0.0,0.01427,0.03471,53.41543,2.84877,0.22503,0.69232,0.69743,0.61604,0.35103,0.69743
-14.87844,14.84633,8.4916,-0.06467,0.31672,0.94631,0.92931,0.0,0.0,nan,0.0,0.01265,0.06192,40.35922,2.18645,0.22823,0.68109,0.82568,0.41549,0.45736,0.82568
-14.35135,17.88138,-10.09544,-0.24215,-0.3096,-0.91952,0.97815,0.0,0.0,nan,0.0,0.00742,0.01951,19.11311,1.74459,0.23951,0.53145,0.62836,0.79011,0.5732,0.62836
-15.16268,16.99393,-8.94953,-0.35386,-0.35028,-0.86723,0.99147,0.0,0.0,nan,0.0,0.00897,0.02029,24.37818,1.74199,0.23903,0.54455,0.39438,0.87835,0.57406,0.39438
-15.96206,16.00303,-7.99591,-0.43509,-0.21838,-0.8735,0.96328,0.0,0.0,nan,0.0,0.00953,0.02615,27.42924,1.63867,0.23073,0.54318,0.40129,0.71963,0.61025,0.40129
-14.79774,16.81379,7.63171,-0.11111,-0.23617,0.96534,0.76036,0.0,0.0,nan,0.0,0.01089,0.03258,39.49311,1.92864,0.23355,0.44517,0.47883,0.78888,0.5185,0.47883
-14.94865,17.40703,8.6014,-0.18705,-0.30237,0.93466,0.96034,0.0,0.0,nan,0.0,0.00954,0.03992,35.41624,2.22034,0.23358,0.47696,0.48339,0.52911,0.45038,0.48339
-14.8115,19.0029,-10.25868,-0.25088,-0.10884,-0.96188,0.93048,0.0,0.0,nan,0.0,0.01312,0.03231,20.2386,1.80253,0.23807,0.61536,0.39514,0.72494,0.55478,0.39514
-15.77542,18.72253,-9.98235,-0.38842,-0.19242,-0.90117,0.93009,0.0,0.0,nan,0.0,0.00792,0.02305,15.30137,2.15766,0.22995,0.5139,0.71095,0.75639,0.46347,0.71095
-15.1512,19.01067,9.42743,-0.40167,-0.17452,0.899,0.96504,0.0,0.0,nan,0.0,0.00852,0.02756,24.30921,2.05334,0.24368,0.43449,0.39056,0.76985,0.48701,0.39056
-14.23568,19.18846,10.2094,-0.38952,-0.17388,0.90446,0.92363,0.0,0.0,nan,0.0,0.01628,0.0419,29.74287,1.89544,0.24247,0.58094,0.68226,0.71355,0.52758,0.68226
-14.502,20.39312,-10.12847,-0.18982,0.1903,-0.9632,0.96122,0.0,0.0,nan,0.0,0.00989,0.02949,20.58193,3.22215,0.2402,0.58112,0.32412,0.63287,0.31035,0.32412
-15.08543,21.31219,-9.41222,-0.2398,0.19375,-0.95129,0.99303,0.0,0.0,nan,0.0,0.00601,0.0177,19.96315,1.87133,0.23547,0.49689,0.46356,0.7513,0.53438,0.46356
-15.03805,20.90189,9.19819,-0.49054,0.06239,0.86918,0.98677,0.0,0.0,nan,0.0,0.00397,0.04982,34.99413,3.04378,0.24695,0.73499,0.98031,0.4359,0.32854,0.98031
-14.32082,21.28769,10.32298,-0.44396,0.04992,0.89466,0.9577,0.0,0.0,nan,0.0,0.0026,0.03877,44.14857,2.05158,0.23693,0.81316,0.96652,0.28051,0.48743,0.96652
-14.93867,22.91803,-9.49653,-0.31665,-0.05178,-0.94713,0.98168,0.0,0.0,nan,0.0,0.00959,0.02554,32.83956,3.29372,0.24481,0.48797,0.31971,0.81641,0.30361,0.31971
-14.89093,23.03214,9.0057,-0.50708,0.01701,0.86173,0.97385,0.0,0.0,nan,0.0,0.02508,0.06071,34.84169,1.72417,0.23031,0.73014,0.66898,0.59833,0.57999,0.66898
-14.1997,22.59209,10.19249,-0.42916,0.06092,0.90117,0.96797,0.0,0.0,nan,0.0,0.01135,0.04329,50.38036,3.52587,0.24692,0.70264,0.78872,0.44289,0.28362,0.78872
-14.78739,25.33042,-10.33465,-0.28733,-0.23227,-0.92924,0.97678,0.0,0.0,nan,0.0,0.01053,0.03145,24.34831,1.64137,0.24152,0.39376,0.49143,0.92004,0.60925,0.49143
-15.34823,24.49003,-9.70132,-0.34526,-0.26606,-0.90001,0.99519,0.0,0.0,nan,0.0,0.0058,0.02884,36.62995,1.65852,0.24389,0.51142,0.41218,0.4144,0.60295,0.41218
-15.0754,24.7683,9.22396,-0.4164,-0.18657,0.88983,0.98452,0.0,0.0,nan,0.0,0.00787,0.02353,26.97991,2.21653,0.23271,0.43629,0.48565,0.82344,0.45116,0.48565
-14.31301,25.57568,10.046,-0.33943,-0.16216,0.92655,0.9712,0.0,0.0,nan,0.0,0.00997,0.04027,40.85011,3.55861,0.25313,0.65507,0.81906,0.50887,0.28101,0.81906
-15.00784,27.06343,-10.54533,-0.22517,0.04621,-0.97322,0.94184,0.0,0.0,nan,0.0,0.01181,0.0313,22.26015,1.63867,0.23537,0.42187,0.53557,0.97433,0.61025,0.53557
-15.95165,26.84926,-9.99809,-0.32529,-0.0353,-0.94495,0.93978,0.0,0.0,nan,0.0,0.02288,0.05974,26.68874,1.83383,0.23105,0.54308,0.35209,0.75822,0.54531,0.35209
-15.30775,27.2422,9.97547,-0.35001,0.16101,0.92281,0.92774,0.0,0.0,nan,0.0,0.02142,0.06866,20.33429,2.36624,0.23441,0.57129,0.81781,0.76584,0.42261,0.81781
-14.52169,26.6486,10.00296,-0.33814,0.00428,0.94109,0.95593,0.0,0.0,nan,0.0,0.0186,0.0504,24.5986,2.48917,0.22559,0.64713,0.41159,0.61668,0.40174,0.41159
-14.58551,28.23058,-10.03821,-0.28787,0.21756,-0.93263,0.9898,0.0,0.0,nan,0.0,0.01085,0.03418,29.81974,1.63867,0.24273,0.45239,0.31944,0.74863,0.61025,0.31944
-15.19227,29.30795,-9.30117,-0.37714,0.21306,-0.90132,0.96758,0.0,0.0,nan,0.0,0.00903,0.02678,32.90257,1.93333,0.22765,0.39401,0.39226,0.9082,0.51724,0.39226
-14.95017,28.96639,9.07132,-0.26359,0.40242,0.87669,0.99577,0.0,0.0,nan,0.0,0.00902,0.02459,23.27545,1.92167,0.23761,0.47719,0.47997,0.83491,0.52038,0.47997
-14.29865,31.22032,-10.23404,-0.37227,-0.18542,-0.90941,0.99665,0.00838,0.0419,0.7,1.0,0.00934,0.03152,34.38111,1.63867,0.24299,0.44346,0.44124,0.70715,0.61025,0.44124
-15.23339,30.87139,-9.63132,-0.39968,-0.13899,-0.90606,0.98442,0.00707,0.00707,0.7,0.68421,0.00939,0.03323,36.69997,1.80518,0.23288,0.39247,0.61703,0.75941,0.55396,0.61703
-15.64723,31.548,7.82698,-0.27253,-0.18566,0.94406,0.86353,0.0,0.0,nan,0.0,0.0112,0.02601,35.53752,1.82161,0.24563,0.57047,0.63166,0.79719,0.54897,0.63166
-15.00155,30.95392,8.60342,-0.27544,-0.04557,0.96024,0.93058,0.0,0.0,nan,0.0,0.00513,0.03614,38.37649,1.91275,0.2329,0.52652,0.85788,0.43359,0.52281,0.85788
-14.94346,33.05231,-10.64764,-0.32376,-0.19877,-0.92502,0.98266,0.0,0.0,nan,0.0,0.00416,0.02042,26.05972,1.64995,0.23544,0.44487,0.6766,0.49338,0.60608,0.6766
-15.66483,32.38043,-9.89313,-0.34546,-0.28039,-0.89557,0.99714,0.0,0.0,nan,0.0,0.00907,0.03665,29.38983,1.70308,0.23213,0.46761,0.70701,0.56558,0.58717,0.70701
-15.58807,32.22683,7.81324,-0.28312,-0.41925,0.8626,0.84679,0.0,0.0,nan,0.0,0.00838,0.0202,31.37275,1.63867,0.24067,0.44153,0.44104,1.0,0.61025,0.44104
-15.03855,32.83756,9.05681,-0.25043,-0.57327,0.78015,0.97257,0.0,0.0,nan,0.0,0.00787,0.02638,28.47907,2.90599,0.24269,0.4206,0.38525,0.75889,0.34412,0.38525
-14.79808,33.5028,10.40114,-0.18956,-0.51751,0.83442,0.92216,0.0,0.0,nan,0.0,0.00988,0.03721,29.98061,1.91484,0.24465,0.47017,0.28215,0.60259,0.52224,0.28215
-14.96332,35.0026,-10.60489,-0.33416,0.14704,-0.93098,0.9527,0.0,0.0,nan,0.0,0.00678,0.03879,18.35162,1.86557,0.239,0.45149,0.51864,0.42953,0.53603,0.51864
-15.65363,35.73823,-9.94937,-0.33103,0.2874,-0.89879,0.99656,0.0,0.0,nan,0.0,0.00651,0.02798,21.46732,3.52088,0.24904,0.50249,0.51446,0.50645,0.28402,0.51446
-15.01857,34.97017,10.87076,-0.22765,-0.08465,0.97006,0.92921,0.0,0.0,nan,0.0,0.00557,0.02102,24.79899,1.80253,0.23787,0.42839,0.38704,0.6685,0.55478,0.38704
-14.40761,36.28999,-10.22947,-0.37773,0.25429,-0.89031,0.99607,0.0,0.0,nan,0.0,0.00538,0.02439,18.45083,2.72867,0.23595,0.45272,0.47882,0.53986,0.36648,0.47882
-15.14492,36.96892,-9.2616,-0.37535,0.23842,-0.89569,0.96876,0.0,0.0,nan,0.0,0.00522,0.0213,23.89705,1.70047,0.24529,0.40576,0.38283,0.65499,0.58807,0.38283
-15.49663,37.33264,9.76258,-0.25912,0.16623,0.95143,0.99166,0.0,0.0,nan,0.0,0.00754,0.02111,31.30657,2.24444,0.23454,0.44803,0.40993,0.84798,0.44555,0.40993
-14.93492,36.9503,10.58425,-0.2142,0.1543,0.96453,0.99342,0.0,0.0,nan,0.0,0.00801,0.02444,32.20844,1.67229,0.23715,0.477,0.30165,0.72971,0.59798,0.30165
-14.31745,38.89604,-10.13238,-0.42222,0.01131,-0.90642,0.99577,0.0,0.0,nan,0.0,0.0076,0.0238,25.25581,1.89016,0.23024,0.52293,0.42989,0.65925,0.52906,0.42989
-15.16203,39.02815,-9.72192,-0.38692,-0.029,-0.92166,0.9993,0.0,0.0,nan,0.0,0.01081,0.02931,29.31498,1.70352,0.24186,0.50197,0.43462,0.78521,0.58702,0.43462
-15.31236,39.07887,9.63231,-0.1916,0.00643,0.98145,0.9758,0.0,0.0,nan,0.0,0.00598,0.02392,27.97105,1.72743,0.24051,0.49361,0.42118,0.54251,0.5789,0.42118
-14.60726,38.93368,10.28545,-0.15181,0.0712,0.98584,0.99264,0.0,0.0,nan,0.0,0.00356,0.01632,29.01492,1.69207,0.22881,0.46865,0.42424,0.49786,0.59099,0.42424
-14.44902,41.75397,-10.14585,-0.33955,-0.03878,-0.93979,0.98589,0.0,0.0,nan,0.0,0.0101,0.03166,23.27906,1.71729,0.24083,0.54442,0.48436,0.63635,0.58231,0.48436
-14.96645,41.03862,-9.34622,-0.36579,-0.10268,-0.92502,0.99127,0.0,0.0,nan,0.0,0.00821,0.02484,25.63008,1.71944,0.23613,0.45698,0.48595,0.77992,0.58159,0.48595
-15.65058,40.75993,9.70122,-0.21343,-0.09329,0.97249,0.98853,0.0,0.0,nan,0.0,0.00809,0.02448,19.35274,3.56804,0.23827,0.53505,0.4847,0.68152,0.28027,0.4847
-14.79004,41.11578,10.40105,-0.15052,-0.13313,0.9796,0.97815,0.0,0.0,nan,0.0,0.00475,0.01764,19.52538,3.54824,0.25292,0.45448,0.34066,0.65351,0.28183,0.34066
-14.70077,42.81821,-10.32199,-0.31179,0.0536,-0.94864,0.94027,0.0,0.0,nan,0.0,0.01629,0.0457,24.43746,1.63867,0.23645,0.59676,0.535,0.64625,0.61025,0.535
-15.42204,43.25858,-9.57534,-0.3342,0.11108,-0.93593,0.98461,0.0,0.0,nan,0.0,0.01849,0.04761,23.80083,1.87308,0.2373,0.61685,0.62375,0.68239,0.53388,0.62375
-15.2079,43.72513,9.80097,-0.27155,0.33317,0.90292,0.99333,0.0,0.0,nan,0.0,0.00514,0.02242,18.84667,1.85456,0.23895,0.3544,0.5345,0.71523,0.53921,0.5345
-14.96012,42.82875,10.34232,-0.24597,0.18511,0.95144,0.97913,0.0,0.0,nan,0.0,0.01436,0.03755,17.82576,1.80253,0.24411,0.57799,0.50813,0.73585,0.55478,0.50813
-14.15039,44.9421,-10.09365,-0.22646,0.18822,-0.95566,0.96014,0.0,0.0,nan,0.0,0.00969,0.02218,25.1477,2.67688,0.24042,0.56302,0.39672,0.83779,0.37357,0.39672
-15.03873,44.92511,-9.25433,-0.32857,0.2347,-0.91486,0.97854,0.0,0.0,nan,0.0,0.0086,0.02187,28.86258,3.60506,0.24421,0.57778,0.58547,0.7279,0.27739,0.58547
-15.90933,45.72485,-7.79876,-0.44789,0.11786,-0.88629,0.87733,0.0,0.0,nan,0.0,0.00739,0.01834,32.27503,2.52337,0.23796,0.57489,0.68493,0.74389,0.39629,0.68493
-14.88729,45.12175,9.61713,-0.28853,0.28565,0.91387,0.98608,0.0,0.0,nan,0.0,0.00827,0.04024,41.86156,1.85369,0.23144,0.6125,0.81243,0.43932,0.53946,0.81243
-14.04604,44.07745,10.07322,-0.19721,0.32986,0.9232,0.99176,0.0,0.0,nan,0.0,0.00477,0.02369,26.74911,2.03769,0.23799,0.41938,0.32119,0.51633,0.49075,0.32119
-14.93495,47.04369,-9.02938,-0.41139,-0.07056,-0.90873,0.98608,0.0,0.0,nan,0.0,0.01169,0.03066,41.30454,1.88474,0.23236,0.5326,0.64849,0.75043,0.53058,0.64849
-15.76858,46.31566,-7.76761,-0.44502,0.03091,-0.89499,0.86373,0.0,0.0,nan,0.0,0.00883,0.0217,36.38303,1.88209,0.23477,0.57716,0.68796,0.74427,0.53132,0.68796
-15.04502,46.98203,8.94891,-0.36402,-0.08901,0.92713,0.97316,0.0,0.0,nan,0.0,0.00362,0.01349,28.73237,1.84559,0.23046,0.31488,0.38374,0.91047,0.54183,0.38374
-14.24192,49.51808,-10.11465,-0.24076,0.02017,-0.97037,0.95946,0.0,0.0,nan,0.0,0.00726,0.02102,28.8656,1.97932,0.23231,0.4956,0.38771,0.74542,0.50522,0.38771
-15.16212,48.88781,-9.40117,-0.30996,-0.0786,-0.9475,0.98598,0.0,0.0,nan,0.0,0.00944,0.02442,31.64653,1.76222,0.23921,0.54614,0.33978,0.75223,0.56747,0.33978
-14.98299,48.6382,9.67601,-0.32987,-0.22609,0.91655,0.97747,0.0,0.0,nan,0.0,0.00732,0.02765,24.47967,3.3891,0.23704,0.55271,0.45444,0.51811,0.29506,0.45444
-14.66818,49.6073,10.17851,-0.38584,-0.11743,0.91506,0.97355,0.0,0.0,nan,0.0,0.0082,0.02342,20.91342,1.87848,0.23348,0.66286,0.61727,0.57861,0.53235,0.61727
-14.01927,50.04237,-10.01818,-0.22608,0.06589,-0.97188,0.97483,0.0,0.0,nan,0.0,0.00588,0.01937,26.60995,2.01839,0.2271,0.51521,0.2922,0.63372,0.49544,0.2922
-14.94405,51.0331,-9.42257,-0.24954,0.17585,-0.95226,0.97806,0.0,0.0,nan,0.0,0.01095,0.02702,21.26213,2.20816,0.22791,0.64268,0.32292,0.69004,0.45287,0.32292
-15.22206,51.35447,9.35056,-0.38416,0.16617,0.90819,0.99479,0.0,0.0,nan,0.0,0.00736,0.01833,24.71662,2.16653,0.23338,0.47754,0.37778,0.90862,0.46157,0.37778
-14.6512,50.69119,10.38922,-0.40556,0.06767,0.91156,0.96797,0.0,0.0,nan,0.0,0.00617,0.01768,22.24287,1.80253,0.24255,0.52183,0.31808,0.72838,0.55478,0.31808
-14.92638,52.97491,-8.37888,-0.22361,0.25072,-0.94188,0.97894,0.0,0.0,nan,0.0,0.00579,0.02129,22.42816,1.68858,0.23526,0.39473,0.31096,0.75089,0.59222,0.31096
-15.51354,53.3363,-7.91117,-0.18156,0.20643,-0.96147,0.9573,0.0,0.0,nan,0.0,0.00449,0.01821,22.81522,2.40065,0.23089,0.34399,0.25835,0.77965,0.41655,0.25835
-15.09877,52.99554,9.47393,-0.41131,0.26675,0.87159,0.99979,0.0,0.0,nan,0.0,0.01339,0.03484,33.59455,1.66384,0.25054,0.49983,0.48076,0.81483,0.60102,0.48076
-14.18285,52.19857,10.10085,-0.41856,0.2324,0.87795,0.97257,0.0,0.0,nan,0.0,0.01321,0.02923,23.43431,2.05658,0.22721,0.60323,0.57583,0.81317,0.48625,0.57583
-14.72765,54.90212,-8.33638,-0.26471,-0.02115,-0.9641,0.97708,0.0,0.0,nan,0.0,0.00683,0.01785,25.94861,1.73048,0.23729,0.4205,0.34353,0.97955,0.57787,0.34353
-15.83317,55.4975,-7.85017,-0.21046,-0.01622,-0.97747,0.98579,0.0,0.0,nan,0.0,0.00652,0.01862,22.82622,2.39083,0.23611,0.43302,0.29687,0.87893,0.41826,0.29687
-15.46503,54.85207,7.85633,-0.37406,-0.0392,0.92657,0.86422,0.0,0.0,nan,0.0,0.00565,0.02312,33.84036,1.80253,0.2344,0.28339,0.3106,0.91376,0.55478,0.3106
-14.67254,55.19139,8.44589,-0.42841,-0.11086,0.89676,0.92344,0.0,0.0,nan,0.0,0.00779,0.02817,33.12562,1.63867,0.24168,0.3623,0.39413,0.80973,0.61025,0.39413
-14.98644,56.90152,-8.76409,-0.27287,0.14947,-0.95037,0.93763,0.0,0.0,nan,0.0,0.00711,0.0215,24.57576,1.87997,0.24015,0.54693,0.71769,0.6539,0.53192,0.71769
-15.6548,56.00729,-7.96171,-0.22408,0.05474,-0.97303,0.98432,0.0,0.0,nan,0.0,0.01256,0.0336,22.58243,1.78529,0.24034,0.50711,0.52996,0.80241,0.56013,0.52996
-15.13479,56.90004,9.49663,-0.45296,-0.17363,0.87446,0.96885,0.0,0.0,nan,0.0,0.01067,0.05997,25.82607,2.38099,0.23497,0.4839,0.39193,0.39629,0.41999,0.39193
-14.2112,57.53807,10.07603,-0.42876,-0.08097,0.89978,0.96014,0.0,0.0,nan,0.0,0.01209,0.04391,14.79325,2.03054,0.23105,0.60346,0.41594,0.5178,0.49248,0.41594
-14.73779,58.17992,-8.21103,-0.31466,0.37416,-0.87235,0.97776,0.0,0.0,nan,0.0,0.0068,0.02238,23.51312,1.7423,0.24211,0.48338,0.63693,0.6818,0.57395,0.63693
-15.05787,59.06019,-7.13242,-0.31707,0.33645,-0.88672,0.94194,0.0,0.0,nan,0.0,0.00964,0.03232,32.40935,2.06473,0.23933,0.53849,0.65112,0.58784,0.48433,0.65112
-15.78074,59.79551,7.90463,-0.49022,0.00218,0.8716,0.85335,0.0,0.0,nan,0.0,0.00602,0.01959,34.30376,1.69743,0.23911,0.49701,0.57156,0.65401,0.58913,0.57156
-15.09872,59.08341,9.1609,-0.5647,0.10541,0.81854,0.96827,0.0,0.0,nan,0.0,0.01246,0.04261,31.80352,2.84335,0.23299,0.62375,0.56348,0.4981,0.3517,0.56348
-14.20782,58.50679,10.13553,-0.48734,0.04792,0.8719,0.96895,0.0,0.0,nan,0.0,0.00917,0.04041,16.50084,1.64308,0.24749,0.6412,0.75569,0.40434,0.60861,0.75569
-15.0617,61.02681,-7.15997,-0.31855,-0.13584,-0.93812,0.96249,0.0,0.0,nan,0.0,0.00741,0.06452,33.06803,1.80253,0.22558,0.64345,0.92678,0.43567,0.55478,0.92678
-15.57862,60.43014,7.61251,-0.46916,-0.19375,0.8616,0.75517,0.0,0.0,nan,0.0,0.00667,0.02208,32.30264,1.8702,0.23452,0.53198,0.72093,0.60316,0.5347,0.72093
-14.96876,60.91861,9.22233,-0.4978,-0.19085,0.84603,0.97404,0.0,0.0,nan,0.0,0.00808,0.03186,28.94454,2.37979,0.24475,0.6353,0.79873,0.50546,0.4202,0.79873
-14.77353,63.25776,-8.00355,-0.3077,-0.21072,-0.92785,0.98471,0.0,0.0,nan,0.0,0.01062,0.02564,20.55726,1.70711,0.23206,0.50864,0.26425,0.89323,0.58579,0.26425
-15.26904,62.94227,-7.92856,-0.26982,-0.25309,-0.92906,0.98931,0.0,0.0,nan,0.0,0.0085,0.0234,24.22904,1.66299,0.23063,0.46537,0.47029,0.84475,0.60133,0.47029
-14.84252,62.9399,9.90594,-0.21923,-0.01142,0.97561,0.95133,0.0,0.0,nan,0.0,0.01133,0.03487,21.24943,2.8864,0.24851,0.66968,0.42229,0.53084,0.34645,0.42229
-15.40293,63.47917,10.05356,-0.19315,0.11193,0.97477,0.89818,0.0,0.0,nan,0.0,0.0084,0.02333,17.38919,2.91783,0.24614,0.57886,0.30508,0.6932,0.34272,0.30508
-14.95244,64.79688,-8.29943,-0.26899,0.01419,-0.96304,0.97884,0.0,0.0,nan,0.0,0.01408,0.03148,22.30629,1.71632,0.24295,0.68185,0.54482,0.71485,0.58264,0.54482
-14.84704,65.77351,-7.99546,-0.24669,-0.03429,-0.96849,0.98628,0.0,0.0,nan,0.0,0.00929,0.01839,20.78179,3.57109,0.238,0.57287,0.5504,0.96654,0.28003,0.5504
-15.00762,65.1077,9.25679,-0.20827,0.31686,0.92532,0.9852,0.0,0.0,nan,0.0,0.0043,0.01098,18.96971,2.00081,0.2423,0.50486,0.42699,0.85739,0.4998,0.42699
-15.62238,64.17368,10.06937,-0.18757,0.23251,0.95433,0.91541,0.0,0.0,nan,0.0,0.00655,0.01819,17.84735,3.34744,0.23488,0.58466,0.40644,0.68466,0.29874,0.40644
-14.94515,67.51568,-8.39277,-0.23338,-0.21752,-0.94774,0.98931,0.0,0.0,nan,0.0,0.00669,0.01789,16.82875,1.74483,0.24325,0.4496,0.40669,0.93011,0.57312,0.40669
-14.9737,66.60334,-7.54272,-0.23451,-0.12717,-0.96376,0.94752,0.0,0.0,nan,0.0,0.01071,0.02362,19.98098,1.70811,0.23798,0.49917,0.57615,0.99885,0.58544,0.57615
-14.24801,67.65359,7.83521,-0.21981,0.0194,0.97535,0.81175,0.0,0.0,nan,0.0,0.00667,0.01716,24.09412,3.60506,0.23275,0.53493,0.45117,0.787,0.27739,0.45117
-14.93278,67.01996,8.9074,-0.24535,0.14067,0.95917,0.94703,0.0,0.0,nan,0.0,0.00559,0.0156,23.80891,3.4412,0.24851,0.49967,0.50839,0.77663,0.2906,0.50839
-15.00454,68.99888,-8.86317,-0.22804,-0.06193,-0.97168,0.94898,0.0,0.0,nan,0.0,0.00865,0.03826,14.14011,1.80253,0.237,0.54779,0.55844,0.47113,0.55478,0.55844
-14.37005,68.34911,7.79659,-0.19921,-0.1451,0.96916,0.79942,0.0,0.0,nan,0.0,0.00578,0.01278,25.23289,2.40364,0.24292,0.48873,0.30941,0.99866,0.41604,0.30941
-15.00399,69.06323,8.72674,-0.20273,-0.30892,0.92923,0.97238,0.0,0.0,nan,0.0,0.0041,0.01405,26.90685,1.86724,0.24022,0.46693,0.43505,0.67098,0.53555,0.43505
-14.03133,69.86226,10.01914,-0.26183,-0.26629,0.92765,0.90454,0.0,0.0,nan,0.0,0.00757,0.02522,22.10234,3.60506,0.24666,0.61335,0.55296,0.53368,0.27739,0.55296
-14.93152,70.76684,-8.33849,-0.19084,0.3829,-0.90386,0.97982,0.0,0.0,nan,0.0,0.00785,0.06281,11.23793,1.82607,0.22607,0.38358,0.69878,0.38364,0.54763,0.69878
-15.23349,71.69684,-7.7988,-0.15441,0.59726,-0.78704,0.96758,0.0,0.0,nan,0.0,0.0085,0.08171,9.62905,1.8481,0.21933,0.33454,0.79713,0.44245,0.5411,0.79713
-15.04704,70.94091,9.4676,-0.21651,0.07048,0.97373,0.87763,0.0,0.0,nan,0.0,0.0058,0.02702,18.8078,3.17476,0.23047,0.37182,0.57674,0.63834,0.31498,0.57674
-14.08112,70.52245,10.05695,-0.2514,-0.0301,0.96742,0.84043,0.0,0.0,nan,0.0,0.0076,0.02636,17.67866,3.49399,0.23197,0.45907,0.62568,0.69879,0.28621,0.62568
-15.00007,72.66006,-7.00999,-0.09686,0.83096,-0.54784,0.94458,0.0,0.0,nan,0.0,0.01311,0.08479,17.15684,2.19346,0.20971,0.32103,0.77824,0.59103,0.4559,0.77824
-15.01449,73.29047,-4.97907,-0.04389,0.99233,-0.11558,0.98226,0.0,0.0,nan,0.0,0.0157,0.08161,17.48801,2.17716,0.22471,0.44695,0.82608,0.63379,0.45931,0.82608
-15.01679,73.0398,-3.02988,-0.05172,0.99779,0.04182,0.99871,0.03161,0.15805,0.7,1.0,0.00579,0.07988,19.88896,1.91799,0.23302,0.45717,0.8924,0.32072,0.52138,0.8924
-14.9506,72.98816,-1.01765,-0.09573,0.99539,-0.00616,0.99861,0.05192,0.2596,0.7,1.0,0.00629,0.13839,9.91174,1.80253,0.22196,0.40128,0.92585,0.31143,0.55478,0.92585
-15.01747,73.07893,1.10406,-0.12052,0.9912,-0.0547,0.99851,0.28413,0.28413,0.6,0.49437,0.01864,0.13305,4.20051,1.72988,0.21873,0.21714,0.3398,0.95227,0.57808,0.3398
-14.98976,73.19743,3.02543,-0.0913,0.9929,-0.0763,0.99704,0.09259,0.09259,0.7,0.52091,0.00421,0.08829,8.73934,1.63867,0.20922,0.19561,0.61343,0.29986,0.61025,0.61343
-15.0393,73.34266,4.92476,-0.05345,0.99809,-0.03094,0.99773,0.0,0.0,nan,0.0,0.00921,0.08699,9.9694,2.09788,0.21421,0.25597,0.4956,0.4968,0.47667,0.4956
-14.98555,73.37009,7.05289,-0.04145,0.97182,0.23207,0.9804,0.0,0.0,nan,0.0,0.01833,0.06676,7.86149,2.04089,0.24074,0.4598,0.49233,0.74881,0.48998,0.49233
-14.96194,72.68143,8.86381,-0.10894,0.68884,0.71668,0.88663,0.0,0.0,nan,0.0,0.00483,0.05968,21.22784,1.69332,0.24802,0.41739,0.74169,0.21229,0.59056,0.74169
-12.95632,3.42527,-6.68461,-0.18369,-0.65708,-0.7311,0.89848,0.0,0.0,nan,0.0,0.00755,0.05072,41.04132,1.63867,0.23938,0.6309,0.68039,0.24741,0.61025,0.68039
-13.03893,2.80849,-5.05197,-0.17053,-0.91875,-0.35611,0.97375,0.0,0.0,nan,0.0,0.01047,0.08309,12.31699,2.06268,0.22865,0.54731,0.84533,0.38509,0.48481,0.84533
-13.00625,2.52002,-3.06342,-0.10973,-0.9938,-0.0177,0.99313,0.00045,0.00227,0.6,1.0,0.01397,0.11752,7.99423,1.80286,0.22758,0.46401,0.48347,0.32019,0.55467,0.48347
-12.98774,2.74284,-0.80458,-0.07253,-0.97284,0.21982,0.99489,0.0,0.0,nan,0.0,0.0035,0.01326,12.8574,1.63867,0.24161,0.55682,0.7893,0.62692,0.61025,0.7893
-13.00829,3.32235,0.87255,-0.03429,-0.99695,0.07008,0.99763,0.0,0.0,nan,0.0,0.00923,0.02018,16.76069,1.89902,0.24023,0.6097,0.77116,0.9008,0.52659,0.77116
-13.01904,3.00274,3.06146,-0.01177,-0.98902,0.14729,0.95975,0.0,0.0,nan,0.0,0.0119,0.0268,17.37347,1.6768,0.24086,0.57926,0.36363,0.85469,0.59637,0.36363
-12.99555,3.48392,4.77915,-0.0295,-0.94583,0.32332,0.98373,0.0,0.0,nan,0.0,0.01306,0.0283,21.04936,1.68384,0.24293,0.5552,0.50398,0.91006,0.59388,0.50398
-13.02532,5.00424,-7.25789,-0.16342,-0.35943,-0.91875,0.98804,0.0,0.0,nan,0.0,0.00563,0.02579,26.08917,2.20776,0.23793,0.61335,0.79909,0.45425,0.45295,0.79909
-13.24183,4.11971,5.682,-0.06677,-0.95425,0.29147,0.99254,0.0,0.0,nan,0.0,0.01105,0.02539,23.61018,2.0787,0.22709,0.50217,0.43932,0.94042,0.48107,0.43932
-12.94736,4.37106,6.98325,-0.0231,-0.97752,0.20957,0.99293,0.0,0.0,nan,0.0,0.00988,0.03471,33.60686,3.53042,0.24318,0.59571,0.69045,0.50631,0.28325,0.69045
-13.00612,4.72438,9.20962,-0.06966,-0.77268,0.63097,0.78023,0.0,0.0,nan,0.0,0.014,0.07944,62.67053,2.45296,0.22937,0.51444,0.73041,0.35348,0.40767,0.73041
-12.40181,5.72945,10.09783,-0.07516,-0.28252,0.95631,0.79668,0.0,0.0,nan,0.0,0.01554,0.11647,71.0261,1.88801,0.23081,0.50882,0.52722,0.26956,0.52966,0.52722
-12.72157,7.47601,-8.317,-0.21038,-0.3437,-0.91521,0.99186,0.0,0.0,nan,0.0,0.01243,0.02735,18.04623,2.13606,0.23131,0.58048,0.4031,0.87014,0.46815,0.4031
-13.21416,6.6808,-7.67316,-0.19279,-0.29611,-0.9355,0.99714,0.0,0.0,nan,0.0,0.0117,0.027,17.25188,1.85695,0.23604,0.51548,0.39468,0.93801,0.53852,0.39468
-12.99476,7.35474,9.65363,-0.14467,0.09996,0.98442,0.97678,0.0,0.0,nan,0.0,0.01765,0.05063,29.19592,1.7376,0.24131,0.56788,0.37219,0.65591,0.57551,0.37219
-12.56667,6.40129,10.12039,-0.0891,-0.09794,0.9912,0.88986,0.0,0.0,nan,0.0,0.00986,0.09525,67.69877,2.08176,0.23745,0.47721,0.46429,0.22337,0.48036,0.46429
-12.84567,8.98169,-8.35184,-0.22475,-0.40025,-0.88842,0.9992,0.0,0.0,nan,0.0,0.0097,0.0222,19.23928,1.80253,0.23875,0.52317,0.42886,0.92204,0.55478,0.42886
-13.52531,9.3481,-7.99251,-0.26183,-0.39386,-0.88109,0.99421,0.0,0.0,nan,0.0,0.01245,0.02589,19.19673,3.48816,0.23856,0.59242,0.56928,0.89633,0.28668,0.56928
-12.91957,8.81371,9.28062,-0.21751,0.04051,0.97522,0.97111,0.0,0.0,nan,0.0,0.01837,0.04361,41.4079,1.85606,0.2354,0.57465,0.70594,0.76827,0.53877,0.70594
-12.98904,10.94398,-9.67946,-0.21904,-0.14567,-0.96478,0.91482,0.0,0.0,nan,0.0,0.0105,0.04221,22.7846,2.47604,0.23804,0.4868,0.69203,0.55559,0.40387,0.69203
-13.14508,10.48431,9.65609,-0.24556,-0.25006,0.93658,0.97561,0.0,0.0,nan,0.0,0.01351,0.03665,29.93428,1.81919,0.23724,0.52595,0.44435,0.74793,0.5497,0.44435
-12.73077,11.50673,10.19056,-0.18837,-0.13708,0.97248,0.92872,0.0,0.0,nan,0.0,0.01874,0.04522,32.76687,2.03027,0.23601,0.66331,0.5643,0.66304,0.49254,0.5643
-13.00628,12.88697,-8.88848,-0.11637,0.16912,-0.9787,0.98422,0.0,0.0,nan,0.0,0.00959,0.02214,22.29783,3.4412,0.24682,0.55042,0.59745,0.85765,0.2906,0.59745
-12.6319,13.64657,-7.79112,-0.06401,0.0981,-0.99312,0.76692,0.0,0.0,nan,0.0,0.00396,0.01124,23.40616,1.65824,0.24178,0.38214,0.40103,1.0,0.60305,0.40103
-12.87558,13.53863,9.58215,-0.18144,0.34071,0.92249,0.99235,0.0,0.0,nan,0.0,0.01399,0.03737,35.23252,1.71006,0.24341,0.5812,0.48264,0.68065,0.58477,0.48264
-13.07825,12.68821,10.34801,-0.16786,0.1629,0.97226,0.89123,0.0,0.0,nan,0.0,0.02286,0.05513,30.2147,1.88262,0.2459,0.63567,0.47476,0.6955,0.53117,0.47476
-13.12575,15.07632,-8.72826,-0.17675,-0.21276,-0.96098,0.95819,0.0,0.0,nan,0.0,0.00851,0.02819,26.49454,1.63867,0.2436,0.52507,0.52097,0.61863,0.61025,0.52097
-12.8617,14.04888,-7.975,-0.08912,-0.00412,-0.99601,0.828,0.0,0.0,nan,0.0,0.00603,0.01477,23.48801,1.89994,0.23298,0.48034,0.59763,0.9229,0.52633,0.59763
-13.6473,15.27077,7.95891,-0.17733,0.19799,0.96403,0.7865,0.0,0.0,nan,0.0,0.01968,0.03676,47.97172,3.17264,0.23711,0.66883,0.47601,0.83388,0.31519,0.47601
-13.06688,14.98561,8.6973,-0.21227,0.23684,0.94807,0.91952,0.0,0.0,nan,0.0,0.0219,0.04095,46.76369,1.87375,0.23876,0.64348,0.43456,0.86655,0.53369,0.43456
-12.4817,17.66352,-10.00723,-0.20796,-0.2864,-0.93527,0.9989,0.0,0.0,nan,0.0,0.01068,0.02499,17.09519,1.77318,0.24077,0.59558,0.7277,0.80116,0.56396,0.7277
-13.08557,16.8453,-9.64173,-0.23274,-0.35104,-0.90697,0.99695,0.0,0.0,nan,0.0,0.01051,0.02826,20.83952,2.00855,0.24083,0.53768,0.5628,0.75822,0.49787,0.5628
-13.05353,16.84563,9.09671,-0.26066,-0.33414,0.90576,0.96318,0.0,0.0,nan,0.0,0.01524,0.03968,37.23035,2.54385,0.23817,0.52596,0.38318,0.76927,0.39311,0.38318
-12.57149,17.7096,10.16758,-0.20567,-0.43961,0.87432,0.9623,0.0,0.0,nan,0.0,0.01328,0.04076,33.92358,3.29649,0.23047,0.70115,0.81128,0.61198,0.30335,0.81128
-12.95827,18.91914,-10.44413,-0.16856,-0.03541,-0.98505,0.95398,0.0,0.0,nan,0.0,0.01203,0.03531,18.86545,1.69994,0.24032,0.53782,0.43887,0.7009,0.58826,0.43887
-12.66883,18.09989,-9.94098,-0.20603,-0.21743,-0.95408,0.99137,0.0,0.0,nan,0.0,0.01091,0.03251,17.58967,1.80253,0.232,0.53028,0.7759,0.76823,0.55478,0.7759
-13.87144,18.08653,9.93791,-0.31544,-0.41002,0.85579,0.94693,0.0,0.0,nan,0.0,0.02188,0.04628,28.07239,1.97334,0.2338,0.66494,0.3978,0.7618,0.50676,0.3978
-12.99838,19.05825,10.68923,-0.25662,-0.22448,0.94008,0.92187,0.0,0.0,nan,0.0,0.00711,0.02445,26.98728,1.89638,0.2327,0.54308,0.74437,0.57507,0.52732,0.74437
-13.00025,20.61482,-10.36386,-0.13538,0.19879,-0.97065,0.98853,0.0,0.0,nan,0.0,0.00622,0.01727,21.77361,1.85451,0.24514,0.51871,0.29588,0.75794,0.53922,0.29588
-12.98966,21.53823,-9.60921,-0.16171,0.10547,-0.98119,0.97326,0.0,0.0,nan,0.0,0.00644,0.01903,23.78025,2.27506,0.23066,0.41345,0.29521,0.88725,0.43955,0.29521
-12.52164,21.16757,9.83281,-0.25716,0.05727,0.96467,0.98589,0.0,0.0,nan,0.0,0.00393,0.0295,32.97287,2.88532,0.22901,0.58122,0.87272,0.3999,0.34658,0.87272
-12.95838,20.94287,10.51622,-0.28403,0.02724,0.95843,0.9898,0.0,0.0,nan,0.0,0.00289,0.02511,33.18292,2.18734,0.23541,0.67653,0.91549,0.3839,0.45718,0.91549
-12.85488,23.37886,-10.23413,-0.18646,-0.19342,-0.96323,0.99235,0.0,0.0,nan,0.0,0.00999,0.02731,30.45085,1.64016,0.2492,0.52862,0.54052,0.7378,0.6097,0.54052
-13.26446,22.52865,-9.90589,-0.18821,-0.08329,-0.97859,0.99264,0.0,0.0,nan,0.0,0.01047,0.0226,28.36539,3.17229,0.23899,0.56547,0.62609,0.87719,0.31523,0.62609
-12.22581,23.97967,9.98405,-0.13974,0.03383,0.98961,0.97111,0.0,0.0,nan,0.0,0.00584,0.02877,42.95088,1.63867,0.23945,0.62038,0.88348,0.59774,0.61025,0.88348
-12.86971,23.09192,10.77067,-0.17924,0.09198,0.9795,0.92823,0.0,0.0,nan,0.0,0.0045,0.03135,48.07581,1.91565,0.23576,0.61141,0.92556,0.5576,0.52202,0.92556
-13.01549,24.96995,-10.39997,-0.19644,-0.23532,-0.95186,0.99949,0.0,0.0,nan,0.0,0.00896,0.0271,26.56296,2.03612,0.22562,0.40752,0.54971,0.87273,0.49113,0.54971
-13.08719,25.46568,-9.97987,-0.20211,-0.19637,-0.95948,0.99489,0.0,0.0,nan,0.0,0.01021,0.02768,24.44695,2.02656,0.23085,0.42351,0.42361,0.94258,0.49345,0.42361
-13.38598,24.48122,9.90941,-0.2924,-0.06688,0.95396,0.98373,0.0,0.0,nan,0.0,0.00696,0.03766,51.67742,1.85177,0.23605,0.59954,0.85631,0.48559,0.54002,0.85631
-12.94426,25.01075,10.48333,-0.18114,-0.11695,0.97648,0.96964,0.0,0.0,nan,0.0,0.00475,0.02897,43.65736,1.95327,0.23447,0.59098,0.87521,0.4837,0.51196,0.87521
-13.05604,26.95009,-10.95228,-0.1989,0.04227,-0.97911,0.96161,0.0,0.0,nan,0.0,0.0081,0.02686,23.85347,1.63867,0.24098,0.38419,0.38949,0.85056,0.61025,0.38949
-13.97482,27.98442,9.98856,-0.33136,0.36722,0.86911,0.97933,0.0,0.0,nan,0.0,0.00975,0.03661,21.49427,2.97835,0.23495,0.5922,0.55906,0.49143,0.33576,0.55906
-13.04012,26.99484,10.80919,-0.25565,0.0216,0.96653,0.89681,0.0,0.0,nan,0.0,0.0157,0.0477,28.26256,2.06997,0.2342,0.68413,0.54936,0.51512,0.4831,0.54936
-12.84394,28.80777,-10.3922,-0.14495,0.11692,-0.98251,0.98598,0.0037,0.01849,0.7,1.0,0.01213,0.02368,30.02815,1.80253,0.23747,0.59433,0.41729,0.91928,0.55478,0.41729
-13.47903,29.60904,-9.9082,-0.28615,0.05216,-0.95676,0.9761,0.01736,0.08681,0.7,1.0,0.01983,0.04113,37.5809,1.83077,0.24258,0.58339,0.46537,0.8706,0.54622,0.46537
-13.81823,29.88806,7.93713,-0.2657,0.27815,0.92306,0.79257,0.0,0.0,nan,0.0,0.00762,0.02174,25.07393,2.37739,0.22712,0.38158,0.37879,0.99144,0.42063,0.37879
-13.19239,29.23698,9.08445,-0.35882,0.40838,0.83933,0.96905,0.0,0.0,nan,0.0,0.0115,0.02831,28.111,2.17427,0.23386,0.65933,0.47306,0.66009,0.45992,0.47306
-12.8348,28.5849,10.63503,-0.31125,0.36403,0.87784,0.92304,0.0,0.0,nan,0.0,0.01083,0.02708,25.64974,2.20376,0.22599,0.63052,0.36298,0.68405,0.45377,0.36298
-13.01429,31.01534,-10.66088,-0.23974,-0.16028,-0.95751,0.9852,0.00477,0.02387,0.7,1.0,0.00999,0.02177,32.68971,1.80253,0.23402,0.48699,0.60724,1.0,0.55478,0.60724
-13.53251,30.10497,-9.8887,-0.31261,-0.0314,-0.94936,0.97169,0.0,0.0,nan,0.0,0.01372,0.03869,37.80444,1.87137,0.23516,0.52699,0.83084,0.9558,0.53437,0.83084
-13.96707,31.83013,7.99542,-0.31795,-0.28391,0.9046,0.77142,0.0,0.0,nan,0.0,0.01165,0.03135,35.22971,1.83846,0.22914,0.42909,0.50755,0.91486,0.54393,0.50755
-13.09923,30.91521,9.12955,-0.35694,-0.01423,0.93402,0.9203,0.0,0.0,nan,0.0,0.01371,0.0319,41.26919,1.89274,0.23323,0.53309,0.34301,0.84562,0.52833,0.34301
-12.8986,33.12645,-10.67359,-0.20503,-0.15666,-0.96614,0.99988,0.00085,0.00427,0.7,1.0,0.00545,0.01724,24.79571,1.80253,0.23362,0.47763,0.40444,0.71482,0.55478,0.40444
-13.47108,32.72906,-9.80751,-0.29244,-0.22111,-0.93037,0.98119,0.00375,0.01876,0.7,1.0,0.00833,0.025,29.2426,1.63867,0.23545,0.47535,0.45512,0.74929,0.61025,0.45512
-13.98961,32.07303,7.90286,-0.31717,-0.35109,0.88098,0.73266,0.0,0.0,nan,0.0,0.00918,0.02714,34.39897,1.80253,0.23556,0.35899,0.46164,0.99736,0.55478,0.46164
-13.10684,32.3933,9.28507,-0.238,-0.45511,0.85804,0.95417,0.0,0.0,nan,0.0,0.01183,0.03098,35.8667,1.97414,0.24165,0.50114,0.52444,0.80424,0.50655,0.52444
-12.917,33.2831,10.60441,-0.17243,-0.44122,0.88068,0.95055,0.0,0.0,nan,0.0,0.00799,0.03045,33.52217,1.91222,0.23821,0.50735,0.6057,0.54803,0.52295,0.6057
-13.03822,35.04762,-11.13392,-0.17684,0.09555,-0.97959,0.96827,0.0,0.0,nan,0.0,0.00658,0.02571,19.39037,2.25947,0.23366,0.59794,0.43415,0.47227,0.44258,0.43415
-13.03095,35.08784,10.82675,-0.17441,-0.16766,0.9703,0.98902,0.0,0.0,nan,0.0,0.00479,0.01372,19.67375,3.52421,0.23473,0.40906,0.37096,0.94097,0.28375,0.37096
-12.92409,36.95705,-10.58617,-0.15177,0.1834,-0.97125,0.98275,0.0,0.0,nan,0.0,0.00782,0.02294,18.98033,3.55977,0.2466,0.66377,0.47515,0.56763,0.28092,0.47515
-13.64372,37.57285,-9.7611,-0.3314,0.11518,-0.93643,0.95897,0.0,0.0,nan,0.0,0.00512,0.03688,21.87435,1.87056,0.24428,0.28245,0.72939,0.53631,0.5346,0.72939
-13.02303,36.93117,10.97855,-0.23223,0.17223,0.95729,0.98403,0.0,0.0,nan,0.0,0.01124,0.02774,26.88199,1.67655,0.22871,0.55179,0.46012,0.78925,0.59646,0.46012
-12.97063,39.02748,-10.63822,-0.27,-0.02514,-0.96253,0.96093,0.0,0.0,nan,0.0,0.00944,0.02795,27.55259,1.721,0.23261,0.62446,0.7277,0.58039,0.58106,0.7277
-13.63303,39.21612,-9.83305,-0.3787,-0.0287,-0.92507,0.98168,0.0,0.0,nan,0.0,0.00868,0.02283,24.93476,1.86616,0.23635,0.5176,0.4046,0.79365,0.53586,0.4046
-12.86756,39.36773,9.53784,-0.1756,0.05929,0.98267,0.86872,0.0,0.0,nan,0.0,0.00542,0.01385,23.46844,3.40247,0.24175,0.52313,0.43901,0.81266,0.2939,0.43901
-13.06813,38.73416,10.35445,-0.20004,0.13681,0.97019,0.98608,0.0,0.0,nan,0.0,0.00933,0.02343,25.96248,2.57189,0.23478,0.62708,0.22024,0.68417,0.38882,0.22024
-12.87719,41.18898,-10.41932,-0.26754,-0.0111,-0.96348,0.98931,0.0,0.0,nan,0.0,0.01212,0.03411,25.69009,1.63867,0.23507,0.56099,0.33231,0.6825,0.61025,0.33231
-13.71481,40.7703,-9.87004,-0.35381,-0.073,-0.93246,0.99783,0.0,0.0,nan,0.0,0.01268,0.03085,24.57521,1.9013,0.23641,0.57183,0.32609,0.77699,0.52595,0.32609
-12.46615,40.38578,9.65065,-0.15465,-0.14456,0.97734,0.87068,0.0,0.0,nan,0.0,0.00706,0.0163,25.88869,1.68746,0.23498,0.61356,0.51964,0.76102,0.59261,0.51964
-12.97412,41.04794,10.71276,-0.1497,-0.15096,0.97714,0.99362,0.0,0.0,nan,0.0,0.0071,0.01919,23.53283,1.92714,0.23703,0.6066,0.47764,0.66191,0.5189,0.47764
-12.95412,43.02677,-10.65136,-0.17685,0.20505,-0.96264,0.95564,0.0,0.0,nan,0.0,0.01008,0.02285,21.94672,3.60506,0.24268,0.63224,0.30974,0.76134,0.27739,0.30974
-12.24367,43.728,-9.74376,-0.13696,0.26845,-0.95351,0.95907,0.0,0.0,nan,0.0,0.01238,0.02948,23.50975,2.67858,0.23995,0.64974,0.54191,0.7011,0.37333,0.54191
-12.98887,43.13728,11.01381,-0.16473,0.1902,0.96783,0.95133,0.0,0.0,nan,0.0,0.0057,0.02087,25.56491,2.87664,0.23357,0.51904,0.52221,0.5675,0.34763,0.52221
-13.51267,44.70281,-10.01019,-0.16306,0.20122,-0.96588,0.97639,0.0,0.0,nan,0.0,0.00875,0.02018,22.81554,1.92805,0.2317,0.56611,0.37243,0.83267,0.51866,0.37243
-12.86632,45.03866,-9.2789,-0.17068,0.11705,-0.97835,0.9435,0.0,0.0,nan,0.0,0.00613,0.01501,23.97856,1.86447,0.236,0.48552,0.48963,0.91226,0.53635,0.48963
-12.95229,44.78074,9.9242,-0.22403,0.23728,0.94526,0.98657,0.0,0.0,nan,0.0,0.00753,0.03214,38.04075,2.1858,0.23203,0.54732,0.65375,0.45039,0.4575,0.65375
-12.8853,44.97867,10.06042,-0.22752,0.21457,0.94984,0.99215,0.0,0.0,nan,0.0,0.00743,0.0304,38.73497,1.80253,0.23808,0.55473,0.62453,0.46305,0.55478,0.62453
-12.78102,47.2889,-10.23902,-0.22133,-0.06707,-0.97289,0.98549,0.0,0.0,nan,0.0,0.00941,0.02431,33.36871,3.43121,0.24987,0.51188,0.3254,0.80126,0.29144,0.3254
-13.31335,46.55306,-9.95563,-0.22301,-0.0414,-0.97394,0.97688,0.0,0.0,nan,0.0,0.00889,0.02503,33.31796,3.37925,0.24439,0.48123,0.2477,0.78206,0.29592,0.2477
-13.41104,46.87069,9.37869,-0.28281,-0.08376,0.95551,0.96699,0.0,0.0,nan,0.0,0.00546,0.01507,31.21917,1.90811,0.23367,0.47954,0.52383,0.80422,0.52408,0.52383
-12.77042,46.93148,10.4594,-0.28434,-0.11491,0.95181,0.9805,0.0,0.0,nan,0.0,0.00793,0.02227,32.75422,3.5791,0.24181,0.57571,0.40176,0.65678,0.2794,0.40176
-12.67766,48.61767,-10.00027,-0.24022,-0.01602,-0.97059,0.99842,0.0,0.0,nan,0.0,0.00907,0.02657,29.11912,2.05034,0.23196,0.45064,0.39561,0.80934,0.48772,0.39561
-12.88035,48.914,-9.45055,-0.24081,-0.00075,-0.97057,0.99293,0.0,0.0,nan,0.0,0.0077,0.02326,29.57774,2.05807,0.23208,0.46033,0.42162,0.76767,0.48589,0.42162
-13.73237,48.85088,9.72565,-0.34311,-0.23729,0.90883,0.99244,0.0,0.0,nan,0.0,0.0072,0.0274,23.02048,1.95799,0.23884,0.54895,0.36009,0.52059,0.51073,0.36009
-12.93254,49.07704,10.63054,-0.26338,-0.19627,0.94451,0.97424,0.0,0.0,nan,0.0,0.00824,0.02119,21.8546,1.98542,0.23237,0.60415,0.62383,0.70249,0.50367,0.62383
-12.55347,50.87148,-10.05921,-0.20478,0.09181,-0.97449,0.98745,0.0,0.0,nan,0.0,0.00947,0.02678,25.28507,2.0419,0.23333,0.5532,0.56233,0.6897,0.48974,0.56233
-13.2145,51.00479,-9.76071,-0.23213,0.11226,-0.96619,0.99176,0.0,0.0,nan,0.0,0.0095,0.02445,22.71796,2.14011,0.23061,0.56789,0.44957,0.74451,0.46727,0.44957
-13.9298,51.57509,9.95128,-0.3924,0.15761,0.90619,0.98843,0.0,0.0,nan,0.0,0.01407,0.03203,23.86301,2.78964,0.22444,0.61451,0.67749,0.77451,0.35847,0.67749
-13.07751,51.09911,10.86629,-0.25987,0.09385,0.96107,0.95016,0.0,0.0,nan,0.0,0.01144,0.02822,24.62257,1.72749,0.24488,0.61035,0.68532,0.71805,0.57887,0.68532
-12.31178,53.3775,-10.25232,-0.26712,0.13098,-0.95472,0.94331,0.0,0.0,nan,0.0,0.00884,0.02279,29.43399,1.85746,0.2361,0.62844,0.72191,0.65898,0.53837,0.72191
-13.25814,52.96261,-9.45832,-0.35459,0.19097,-0.91531,0.98246,0.0,0.0,nan,0.0,0.01049,0.02916,24.84573,2.06062,0.22935,0.43661,0.66492,0.88992,0.48529,0.66492
-13.71159,53.25257,9.77979,-0.39106,0.24557,0.887,0.95838,0.0,0.0,nan,0.0,0.01251,0.04353,34.68086,1.90069,0.23611,0.71273,0.80615,0.51991,0.52613,0.80615
-12.82832,52.75423,10.35107,-0.20289,0.26224,0.94343,0.97179,0.0,0.0,nan,0.0,0.01221,0.02877,30.05284,3.60506,0.24341,0.62788,0.69165,0.72116,0.27739,0.69165
-12.17091,54.17015,-10.13159,-0.27131,0.06974,-0.95996,0.95319,0.0,0.0,nan,0.0,0.00546,0.01921,28.74465,1.69831,0.24024,0.55131,0.80555,0.67042,0.58882,0.80555
-12.75924,54.85864,-8.96005,-0.34418,0.03525,-0.93824,0.99558,0.0,0.0,nan,0.0,0.00739,0.0219,30.12735,1.63867,0.24045,0.49972,0.71681,0.71984,0.61025,0.71681
-13.39405,54.87322,9.5266,-0.31931,-0.02227,0.94739,0.95819,0.0,0.0,nan,0.0,0.00748,0.03299,39.81628,1.81276,0.2369,0.52066,0.71851,0.45718,0.55164,0.71851
-12.53127,54.97552,10.05615,-0.13809,-0.05105,0.9891,0.96445,0.0,0.0,nan,0.0,0.0063,0.02296,33.46726,3.35082,0.24919,0.54618,0.55333,0.5323,0.29843,0.55333
-13.09299,56.99705,-9.42423,-0.27927,0.18553,-0.94212,0.93969,0.0,0.0,nan,0.0,0.00826,0.0333,24.54716,1.80253,0.24826,0.5904,0.83239,0.61743,0.55478,0.83239
-13.84142,56.22066,9.91255,-0.37706,-0.20479,0.90327,0.98373,0.0,0.0,nan,0.0,0.01429,0.05121,25.80372,1.80253,0.24815,0.55924,0.41865,0.53769,0.55478,0.41865
-12.96346,57.00776,10.35034,-0.26381,-0.19678,0.94429,0.98178,0.0,0.0,nan,0.0,0.01538,0.08222,16.29752,1.90039,0.22956,0.63293,0.76456,0.34807,0.52621,0.76456
-12.75193,58.73745,-8.45709,-0.24955,0.35102,-0.9025,0.98961,0.0,0.0,nan,0.0,0.0063,0.01929,20.35002,1.88749,0.24075,0.46589,0.49835,0.77024,0.5298,0.49835
-13.45288,59.21854,-7.55178,-0.32043,0.27416,-0.90673,0.94154,0.0,0.0,nan,0.0,0.00528,0.0153,24.54561,1.72189,0.23864,0.43143,0.49352,0.86489,0.58076,0.49352
-13.9102,59.77602,9.90468,-0.5096,0.02825,0.85995,0.98951,0.0,0.0,nan,0.0,0.00618,0.02257,19.44473,1.72255,0.23989,0.54888,0.56333,0.55046,0.58053,0.56333
-13.02471,59.04879,10.62727,-0.36411,0.01075,0.93129,0.9759,0.0,0.0,nan,0.0,0.01341,0.03997,14.77773,1.63867,0.24004,0.65277,0.63127,0.58355,0.61025,0.63127
-12.66201,61.03471,-8.36718,-0.27418,-0.1207,-0.95407,0.9808,0.0,0.0,nan,0.0,0.00657,0.04064,27.13575,2.60167,0.23688,0.68214,0.84402,0.36415,0.38437,0.84402
-13.51086,61.15073,-7.63283,-0.35794,-0.15145,-0.92138,0.9715,0.0,0.0,nan,0.0,0.01053,0.05733,27.7466,1.7655,0.23568,0.69778,0.90106,0.54652,0.56641,0.90106
-13.74759,60.72097,9.71486,-0.48357,-0.02713,0.87489,0.98168,0.0,0.0,nan,0.0,0.00763,0.02093,21.52095,1.70744,0.24355,0.51782,0.41049,0.76983,0.58567,0.41049
-12.84809,61.00784,10.39936,-0.36678,0.02574,0.92995,0.99401,0.0,0.0,nan,0.0,0.00679,0.0268,18.58222,1.83473,0.24247,0.5204,0.47452,0.539,0.54504,0.47452
-12.99524,62.89029,-8.82471,-0.24731,-0.14381,-0.9582,0.97512,0.0,0.0,nan,0.0,0.00842,0.01738,18.70424,2.06259,0.23385,0.5655,0.36979,0.94777,0.48483,0.36979
-13.78715,62.14944,-7.85568,-0.35193,-0.22114,-0.90953,0.99744,0.0,0.0,nan,0.0,0.00863,0.02005,20.34057,1.80253,0.2405,0.48741,0.26981,0.97042,0.55478,0.26981
-13.76694,63.29596,9.86487,-0.26009,0.09583,0.96082,0.98412,0.0,0.0,nan,0.0,0.01049,0.03112,17.9615,2.90051,0.2453,0.5494,0.60358,0.68191,0.34477,0.60358
-12.87937,62.93209,10.42523,-0.30685,0.07956,0.94843,0.99176,0.0,0.0,nan,0.0,0.01147,0.03857,16.99543,1.63867,0.24089,0.66886,0.37936,0.49681,0.61025,0.37936
-13.03384,64.93736,-8.68516,-0.19218,0.05033,-0.98007,0.98677,0.0,0.0,nan,0.0,0.00934,0.01887,21.16672,3.39955,0.23632,0.63539,0.44409,0.85228,0.29416,0.44409
-13.3424,65.11251,9.51417,-0.31119,0.29377,0.9038,0.98853,0.0,0.0,nan,0.0,0.00456,0.02765,21.60055,2.08159,0.24212,0.65766,0.85861,0.41981,0.4804,0.85861
-12.4409,64.91292,10.2744,-0.34628,0.24495,0.90559,0.98569,0.0,0.0,nan,0.0,0.00602,0.04764,18.73048,1.76316,0.24269,0.67547,0.86123,0.32131,0.56716,0.86123
-12.96651,67.14548,-8.67117,-0.16391,-0.18506,-0.96896,0.99372,0.0,0.0,nan,0.0,0.00747,0.01854,17.67096,1.93503,0.2358,0.49448,0.5128,0.9066,0.51679,0.5128
-13.46928,66.552,-7.85091,-0.19489,-0.12158,-0.97326,0.93508,0.0,0.0,nan,0.0,0.00524,0.0153,18.85249,1.89751,0.23968,0.41968,0.50463,0.90237,0.52701,0.50463
-13.8986,67.8269,7.97192,-0.21573,-0.00685,0.97643,0.81322,0.0,0.0,nan,0.0,0.00574,0.01352,24.00438,3.60506,0.24301,0.53663,0.28959,0.85803,0.27739,0.28959
-13.03511,67.03055,8.91413,-0.36453,0.13727,0.92102,0.89407,0.0,0.0,nan,0.0,0.00735,0.0272,28.10457,1.86298,0.24302,0.64024,0.62599,0.45196,0.53677,0.62599
-12.13517,66.09358,10.09718,-0.34812,0.26261,0.89991,0.94174,0.0,0.0,nan,0.0,0.01118,0.06349,19.39437,1.74304,0.23859,0.58373,0.6264,0.33287,0.57371,0.6264
-13.1012,68.99953,-9.22195,-0.15118,-0.04983,-0.98725,0.95133,0.0,0.0,nan,0.0,0.01201,0.03857,14.10892,1.82507,0.2246,0.61416,0.46251,0.57906,0.54792,0.46251
-13.70481,68.28491,7.77411,-0.24031,-0.16562,0.95646,0.70594,0.0,0.0,nan,0.0,0.00446,0.01239,27.26601,1.63867,0.2484,0.46231,0.37293,0.83536,0.61025,0.37293
-12.99605,68.66284,8.97869,-0.37243,-0.25902,0.89118,0.9389,0.0,0.0,nan,0.0,0.00669,0.03069,19.58894,2.69694,0.23071,0.64819,0.67427,0.37093,0.37079,0.67427
-12.89512,69.46332,10.3643,-0.31597,-0.23516,0.91916,0.88888,0.0,0.0,nan,0.0,0.00675,0.02188,14.32825,2.53908,0.23652,0.63318,0.53797,0.55485,0.39384,0.53797
-12.98909,71.06384,-8.60721,-0.15445,0.46753,-0.87038,0.97052,0.0,0.0,nan,0.0,0.01053,0.06945,9.0269,1.89476,0.23061,0.49214,0.39366,0.37622,0.52777,0.39366
-13.68999,71.91276,-7.87752,-0.12938,0.66936,-0.73158,0.96729,0.0,0.0,nan,0.0,0.005,0.11384,12.34466,1.67955,0.22638,0.3239,0.93821,0.39643,0.5954,0.93821
-13.04762,71.66664,9.77798,-0.14109,0.43562,0.889,0.90268,0.0,0.0,nan,0.0,0.00412,0.05,15.89208,2.41559,0.24235,0.45018,0.83265,0.28009,0.41398,0.83265
-12.93091,70.66064,10.21976,-0.2083,0.0915,0.97377,0.83466,0.0,0.0,nan,0.0,0.00852,0.0349,15.1642,1.80253,0.24119,0.47231,0.51343,0.58479,0.55478,0.51343
-12.40654,72.05963,-8.07472,-0.10333,0.7077,-0.69891,0.96014,0.0,0.0,nan,0.0,0.01292,0.11697,11.11683,1.63867,0.23527,0.41542,0.61882,0.31369,0.61025,0.61882
-12.98182,72.71274,-7.11605,-0.07215,0.85996,-0.50524,0.96523,0.0,0.0,nan,0.0,0.00965,0.0661,15.84634,2.1581,0.22833,0.32081,0.39826,0.5123,0.46337,0.39826
-12.92523,73.21881,-4.94573,-0.05147,0.99292,-0.10706,0.99538,0.0,0.0,nan,0.0,0.01387,0.06033,21.20783,2.08543,0.22572,0.40288,0.71328,0.62435,0.47952,0.71328
-13.02399,73.16886,-3.01331,-0.07764,0.99698,1e-05,0.99744,0.00631,0.03154,0.7,1.0,0.00728,0.06284,17.20076,2.19391,0.22701,0.25649,0.40529,0.50416,0.45581,0.40529
-12.94377,73.25817,-1.00904,-0.10862,0.99313,-0.04345,0.99607,0.01236,0.06178,0.6,1.0,0.00448,0.06623,13.86421,1.97204,0.23396,0.2212,0.35399,0.35015,0.50709,0.35399
-13.01048,73.33576,0.96931,-0.12117,0.99202,-0.0348,0.99264,0.0,0.0,nan,0.0,0.00279,0.08262,9.35882,1.86515,0.21442,0.1753,0.64272,0.23338,0.53615,0.64272
-13.02509,73.42285,3.04815,-0.09688,0.99469,-0.03472,0.99744,0.0,0.0,nan,0.0,0.01208,0.08857,6.29223,1.95616,0.22787,0.21108,0.51463,0.85127,0.51121,0.51463
-12.9479,73.44403,5.00204,-0.07169,0.99742,0.00217,0.99871,0.0,0.0,nan,0.0,0.00742,0.09999,10.86651,1.85084,0.23172,0.50503,0.89568,0.32602,0.5403,0.89568
-12.97497,73.43199,7.10687,-0.05056,0.96995,0.23799,0.98393,0.0,0.0,nan,0.0,0.00703,0.08793,11.84651,1.7344,0.23625,0.57108,0.88523,0.28864,0.57657,0.88523
-13.0104,72.62975,8.82141,-0.07367,0.76744,0.63687,0.95603,0.0,0.0,nan,0.0,0.00361,0.08147,13.15814,1.63867,0.26369,0.48719,0.96299,0.32935,0.61025,0.96299
-10.96809,3.20833,-6.99067,-0.20501,-0.64555,-0.73569,0.90425,0.0,0.0,nan,0.0,0.00564,0.04334,44.03851,1.87441,0.23573,0.72988,0.8742,0.30934,0.5335,0.8742
-11.02469,2.54659,-5.08817,-0.12826,-0.93693,-0.32514,0.97962,0.0,0.0,nan,0.0,0.01188,0.31538,40.75709,2.16664,0.23043,0.70957,0.95834,0.16713,0.46154,0.95834
-10.98289,2.3273,-2.94387,-0.08838,-0.99556,0.0324,0.99264,0.0,0.0,nan,0.0,0.00481,0.06661,5.69375,2.3664,0.22427,0.38757,0.84299,0.35812,0.42258,0.84299
-11.007,2.60651,-0.82426,-0.06746,-0.96704,0.24552,0.99509,0.0,0.0,nan,0.0,0.00363,0.01529,13.94712,1.82286,0.24316,0.49032,0.59299,0.55315,0.54859,0.59299
-11.03182,3.24128,0.89021,-0.07138,-0.99119,0.11155,0.99088,0.0,0.0,nan,0.0,0.00628,0.01586,16.35971,1.91042,0.2349,0.50721,0.66425,0.87654,0.52344,0.66425
-11.09237,3.44003,2.99808,-0.03584,-0.98668,0.15867,0.99509,0.0,0.0,nan,0.0,0.01031,0.02936,16.77035,1.86379,0.23846,0.51225,0.38893,0.76707,0.53654,0.38893
-10.85905,3.85102,4.55519,0.0199,-0.94114,0.33744,0.99704,0.0,0.0,nan,0.0,0.00593,0.01931,18.60131,3.35725,0.24212,0.49723,0.74579,0.6845,0.29786,0.74579
-10.04733,5.90983,-8.05808,-0.23048,-0.27567,-0.93321,0.9989,0.0,0.0,nan,0.0,0.00361,0.01358,23.03336,1.66025,0.23927,0.54144,0.78101,0.59314,0.60232,0.78101
-10.7692,5.18488,-6.93017,-0.21087,-0.35552,-0.91057,0.97385,0.0,0.0,nan,0.0,0.00571,0.02264,26.83308,1.85733,0.23804,0.70434,0.83538,0.52954,0.53841,0.83538
-11.22623,4.34377,5.27175,0.04021,-0.94445,0.32619,0.98872,0.0,0.0,nan,0.0,0.00585,0.02839,20.44494,3.3381,0.2382,0.6074,0.8717,0.61031,0.29957,0.8717
-11.08853,4.94073,6.9145,0.00092,-0.98501,0.1725,0.96562,0.0,0.0,nan,0.0,0.00838,0.04011,40.17286,2.08793,0.23829,0.76927,0.83431,0.39036,0.47894,0.83431
-11.00782,4.51847,9.29178,-0.07887,-0.80647,0.58599,0.82232,0.0,0.0,nan,0.0,0.01423,0.06605,70.1504,2.75456,0.24036,0.67531,0.87243,0.53948,0.36303,0.87243
-11.08815,5.58674,10.03959,-0.07099,-0.37975,0.92236,0.814,0.0,0.0,nan,0.0,0.01216,0.10797,67.54919,1.86768,0.22613,0.42414,0.72245,0.27328,0.53542,0.72245
-10.85699,7.2848,-8.29284,-0.18608,-0.38071,-0.90578,0.99724,0.0,0.0,nan,0.0,0.00945,0.02521,20.28704,3.34932,0.2357,0.58952,0.49518,0.69889,0.29857,0.49518
-11.21984,6.5005,-7.66808,-0.16096,-0.32049,-0.93348,0.99078,0.0,0.0,nan,0.0,0.00685,0.02153,25.29061,1.63867,0.23903,0.61524,0.63654,0.55788,0.61025,0.63654
-11.07324,7.15725,9.79876,-0.08511,-0.02989,0.99592,0.99147,0.0,0.0,nan,0.0,0.009,0.12365,92.82379,1.80253,0.2303,0.63107,0.88552,0.20804,0.55478,0.88552
-10.62305,6.60714,10.01731,-0.08825,-0.1311,0.98743,0.93557,0.0,0.0,nan,0.0,0.00905,0.10826,84.57874,1.80253,0.25647,0.4876,0.82731,0.23318,0.55478,0.82731
-10.04,9.93387,-10.02139,-0.24718,-0.27646,-0.92869,0.96249,0.0,0.0,nan,0.0,0.00589,0.0213,18.16742,1.87857,0.24024,0.4239,0.38079,0.7239,0.53232,0.38079
-10.95492,9.05479,-9.01784,-0.22135,-0.40366,-0.88773,0.99793,0.0,0.0,nan,0.0,0.00542,0.01488,20.70664,1.86696,0.22888,0.42429,0.32769,0.94204,0.53563,0.32769
-11.01145,8.9812,9.4252,-0.07932,-0.01957,0.99666,0.97297,0.0,0.0,nan,0.0,0.02098,0.04244,41.38698,1.63867,0.23456,0.61842,0.74189,0.83809,0.61025,0.74189
-10.18132,10.89947,-10.11039,-0.19726,-0.00816,-0.98032,0.91032,0.0,0.0,nan,0.0,0.0103,0.03624,19.95346,1.63867,0.2379,0.44361,0.7259,0.70461,0.61025,0.7259
-11.09629,11.01117,-9.65083,-0.18589,-0.01698,-0.98242,0.95202,0.0,0.0,nan,0.0,0.01354,0.04003,21.82195,2.19249,0.2305,0.46995,0.37415,0.78545,0.4561,0.37415
-11.08897,10.56414,9.47927,-0.05596,-0.24835,0.96705,0.98383,0.0,0.0,nan,0.0,0.01299,0.03262,30.86178,1.64662,0.24289,0.48825,0.56601,0.86866,0.60731,0.56601
-10.95859,11.28154,10.28835,-0.081,-0.20568,0.97526,0.93538,0.0,0.0,nan,0.0,0.02392,0.052,31.2409,1.83164,0.2429,0.65701,0.59048,0.74503,0.54596,0.59048
-10.97552,13.09489,-9.21667,-0.14415,0.16485,-0.97573,0.97815,0.0,0.0,nan,0.0,0.00752,0.01733,23.61826,2.68985,0.23085,0.54259,0.57921,0.86767,0.37177,0.57921
-11.13497,13.73508,9.56975,-0.22764,0.32288,0.91866,0.9854,0.0,0.0,nan,0.0,0.00875,0.02478,28.20409,1.63867,0.24285,0.52952,0.4759,0.7144,0.61025,0.4759
-10.91945,12.81652,10.47191,-0.19271,0.09804,0.97634,0.94742,0.0,0.0,nan,0.0,0.01081,0.03767,35.68735,3.22162,0.25078,0.58044,0.58851,0.52219,0.3104,0.58851
-10.98575,15.85157,-10.10332,-0.16897,-0.37863,-0.90999,0.98569,0.0,0.0,nan,0.0,0.01335,0.02876,15.61654,2.02079,0.24287,0.68509,0.63032,0.76409,0.49486,0.63032
-11.03659,14.83944,-9.6088,-0.1829,-0.26213,-0.94754,0.97345,0.0,0.0,nan,0.0,0.00697,0.03568,34.4088,1.80253,0.23505,0.71076,0.78515,0.32749,0.55478,0.78515
-10.80363,14.89669,9.61332,-0.28526,0.20195,0.93693,0.97531,0.0,0.0,nan,0.0,0.01221,0.03274,33.6164,1.63867,0.24112,0.59649,0.34709,0.66264,0.61025,0.34709
-10.0034,15.01964,10.01565,-0.32935,0.18256,0.92639,0.99039,0.0,0.0,nan,0.0,0.00741,0.02085,28.77133,2.6872,0.23427,0.57471,0.57861,0.66115,0.37213,0.57861
-11.02327,16.9942,-10.4483,-0.16815,-0.31566,-0.93385,0.99235,0.0,0.0,nan,0.0,0.00729,0.02671,15.8228,1.72105,0.22398,0.73784,0.89536,0.77899,0.58104,0.89536
-10.36113,16.05708,-9.97347,-0.12556,-0.38972,-0.91234,0.99489,0.0,0.0,nan,0.0,0.01609,0.03568,14.90444,3.36598,0.23361,0.72089,0.64043,0.70925,0.29709,0.64043
-11.05395,16.96439,9.371,-0.20817,-0.33813,0.91779,0.95535,0.0,0.0,nan,0.0,0.01038,0.03239,33.75446,1.77192,0.2416,0.54657,0.80997,0.76858,0.56436,0.80997
-10.99056,17.91548,10.06275,-0.14056,-0.42111,0.89605,0.97306,0.0,0.0,nan,0.0,0.01315,0.05858,32.71994,3.60506,0.25259,0.71076,0.81747,0.42751,0.27739,0.81747
-11.06357,19.01486,-10.92518,-0.17834,0.00763,-0.98394,0.95427,0.0,0.0,nan,0.0,0.01363,0.0376,19.02964,1.83647,0.23075,0.54,0.76986,0.7921,0.54452,0.76986
-11.42113,18.02887,9.98268,-0.14491,-0.42464,0.89369,0.97659,0.0,0.0,nan,0.0,0.01015,0.05717,31.45836,2.61041,0.2107,0.68771,0.85888,0.42151,0.38308,0.85888
-11.02453,18.85903,10.90969,-0.12913,-0.26713,0.95497,0.9528,0.0,0.0,nan,0.0,0.01363,0.02963,24.39773,1.70682,0.23112,0.63593,0.29639,0.78277,0.58589,0.29639
-11.01466,20.65848,-10.29396,-0.22427,0.15062,-0.96282,0.99313,0.0,0.0,nan,0.0,0.00808,0.02234,23.91983,1.82664,0.24223,0.44834,0.32161,0.87417,0.54745,0.32161
-11.28256,21.41893,-9.67723,-0.23054,0.09317,-0.96859,0.93577,0.0,0.0,nan,0.0,0.01044,0.02674,26.91661,1.84592,0.2361,0.4541,0.56018,0.92362,0.54174,0.56018
-11.8689,21.20611,9.93227,-0.15998,0.07391,0.98435,0.9804,0.0,0.0,nan,0.0,0.00829,0.0265,27.95741,2.04314,0.23525,0.59636,0.67541,0.56199,0.48944,0.67541
-10.92125,20.8159,10.63995,-0.10932,0.03671,0.99333,0.99577,0.0,0.0,nan,0.0,0.00747,0.02004,26.69416,2.25969,0.23544,0.54535,0.6317,0.7346,0.44254,0.6317
-10.91851,23.19919,-10.37551,-0.21096,-0.19442,-0.95796,0.98912,0.0,0.0,nan,0.0,0.0148,0.04226,33.51624,2.34169,0.23257,0.4576,0.40726,0.81119,0.42704,0.40726
-11.20362,22.36732,-9.85482,-0.22576,-0.07117,-0.97158,0.96132,0.0,0.0,nan,0.0,0.00998,0.02898,29.37188,1.63867,0.23485,0.39426,0.52193,0.93246,0.61025,0.52193
-11.82966,23.83718,9.98476,-0.08808,0.05299,0.9947,0.97101,0.0,0.0,nan,0.0,0.0081,0.02551,38.77972,2.20966,0.23843,0.54819,0.76555,0.64088,0.45256,0.76555
-11.01999,22.97239,10.50905,-0.02777,0.14906,0.98844,0.99802,0.0,0.0,nan,0.0,0.00862,0.02726,38.43028,3.49518,0.24531,0.56759,0.76785,0.62184,0.28611,0.76785
-11.0822,25.0013,-10.65899,-0.24136,-0.22676,-0.94357,0.99724,0.0,0.0,nan,0.0,0.01333,0.0355,30.20563,2.0373,0.22973,0.48384,0.4028,0.82752,0.49085,0.4028
-11.18633,24.73186,9.58699,0.00143,-0.07657,0.99706,0.90024,0.0,0.0,nan,0.0,0.00663,0.02746,38.9104,3.36896,0.24015,0.48128,0.67966,0.52736,0.29683,0.67966
-10.76733,25.44794,10.28854,0.01486,-0.17928,0.98369,0.98657,0.0,0.0,nan,0.0,0.00736,0.02218,34.88304,1.70091,0.23712,0.46985,0.55004,0.74682,0.58792,0.55004
-11.08272,27.06286,-11.34774,-0.18238,0.14949,-0.9718,0.96132,0.0,0.0,nan,0.0,0.00711,0.02053,27.63772,1.70627,0.24608,0.46356,0.32132,0.80122,0.58607,0.32132
-11.03434,26.89851,11.14856,-0.03399,-0.10332,0.99407,0.90582,0.0,0.0,nan,0.0,0.01663,0.03566,25.4698,1.81369,0.23948,0.59838,0.50053,0.84048,0.55136,0.50053
-11.38526,29.08288,-10.24944,-0.05769,0.11174,-0.99206,0.96788,0.00678,0.03391,0.7,1.0,0.00712,0.01917,27.87119,1.68607,0.23715,0.40834,0.34244,0.97473,0.59309,0.34244
-10.69858,29.05448,-9.6634,-0.0582,0.13471,-0.98917,0.84503,0.0,0.0,nan,0.0,0.0058,0.01621,28.28446,1.68165,0.23736,0.38536,0.34746,0.99475,0.59466,0.34746
-11.41217,29.64471,9.80444,-0.23142,0.3325,0.91427,0.98373,0.0,0.0,nan,0.0,0.00934,0.02123,27.8042,1.74871,0.23964,0.49627,0.56395,0.95041,0.57185,0.56395
-10.90345,28.95303,10.70378,-0.11422,0.30213,0.9464,0.97218,0.0,0.0,nan,0.0,0.0093,0.02181,25.59005,1.81536,0.24182,0.51043,0.514,0.90079,0.55085,0.514
-11.18489,31.01068,-10.64261,-0.05823,-0.20351,-0.97734,0.98794,0.0,0.0,nan,0.0,0.00878,0.02074,28.96235,1.63867,0.23901,0.45264,0.55733,0.99974,0.61025,0.55733
-10.85715,31.24601,9.97016,-0.17998,-0.01528,0.98355,0.95662,0.0,0.0,nan,0.0,0.01214,0.03187,33.93384,2.33328,0.2331,0.58771,0.79601,0.80467,0.42858,0.79601
-11.20055,30.63617,10.3217,-0.18922,0.15147,0.97018,0.95525,0.0,0.0,nan,0.0,0.01204,0.03128,30.69756,1.74092,0.24944,0.51947,0.44218,0.78934,0.57441,0.44218
-11.05685,33.01086,-11.17711,-0.09058,-0.16872,-0.98149,0.9943,0.0,0.0,nan,0.0,0.00615,0.01841,23.60185,1.85233,0.22383,0.45676,0.59841,0.79266,0.53986,0.59841
-10.72676,32.72131,9.72364,-0.10411,-0.3787,0.91964,0.9296,0.0,0.0,nan,0.0,0.00476,0.01684,30.20728,1.63867,0.24103,0.41602,0.54375,0.72444,0.61025,0.54375
-10.99974,33.5335,10.46913,-0.11703,-0.45108,0.88478,0.98256,0.0,0.0,nan,0.0,0.00582,0.0218,28.24233,2.93271,0.23437,0.56012,0.43848,0.51039,0.34098,0.43848
-10.88927,35.00055,-11.23048,-0.03545,0.20447,-0.97823,0.97786,0.0,0.0,nan,0.0,0.01085,0.03078,20.4528,2.03355,0.23753,0.60957,0.44784,0.63481,0.49175,0.44784
-11.12249,34.97727,11.43947,-0.19144,-0.22895,0.95443,0.95378,0.0,0.0,nan,0.0,0.01092,0.03079,20.29418,1.69958,0.24575,0.5798,0.52422,0.67169,0.58838,0.52422
-11.23258,36.79069,-10.44353,0.00475,0.18513,-0.9827,0.98334,0.0,0.0,nan,0.0,0.00471,0.01241,20.19742,3.60506,0.24006,0.49834,0.56598,0.83623,0.27739,0.56598
-10.67553,37.21451,-9.64391,0.03116,0.09393,-0.99509,0.8603,0.0,0.0,nan,0.0,0.00691,0.01567,21.98002,3.35675,0.24316,0.56523,0.71021,0.85164,0.29791,0.71021
-11.01708,36.99779,11.37119,-0.17062,0.15274,0.97343,0.97806,0.0,0.0,nan,0.0,0.00801,0.03116,24.93575,1.80253,0.24923,0.4227,0.5059,0.65664,0.55478,0.5059
-10.94869,39.08892,-10.65984,-0.09552,-0.16141,-0.98226,0.99098,0.0,0.0,nan,0.0,0.01174,0.02501,24.57057,3.60506,0.24466,0.62372,0.71636,0.81413,0.27739,0.71636
-10.43474,38.29248,-9.87155,-0.01107,-0.10749,-0.99414,0.91316,0.0,0.0,nan,0.0,0.00591,0.01363,23.90467,3.53586,0.24992,0.55502,0.49488,0.84699,0.28282,0.49488
-11.84258,39.53571,9.81103,-0.22927,0.063,0.97132,0.86294,0.0,0.0,nan,0.0,0.00788,0.01809,20.27845,1.88169,0.23277,0.52342,0.49546,0.91405,0.53144,0.49546
-10.8529,38.95808,10.72365,-0.15791,0.17552,0.97173,0.97952,0.0,0.0,nan,0.0,0.00701,0.0338,29.83505,3.60506,0.24772,0.55388,0.66182,0.39967,0.27739,0.66182
-10.9986,40.91486,-11.00954,-0.17783,-0.03792,-0.98333,0.98882,0.0,0.0,nan,0.0,0.00705,0.01888,21.51396,1.68881,0.23223,0.46151,0.69703,0.88397,0.59213,0.69703
-11.93084,40.26669,9.89626,-0.20906,-0.11006,0.97169,0.89632,0.0,0.0,nan,0.0,0.00781,0.01761,24.26292,1.83777,0.24132,0.55222,0.52895,0.86987,0.54414,0.52895
-11.06496,40.97287,10.84467,-0.19398,-0.11932,0.97372,0.97894,0.0,0.0,nan,0.0,0.00868,0.03018,27.58236,1.80293,0.23886,0.51131,0.57977,0.60357,0.55465,0.57977
-11.01565,43.01688,-10.82571,-0.17228,0.23798,-0.95587,0.98256,0.0,0.0,nan,0.0,0.01304,0.03206,22.71429,1.69799,0.24323,0.62428,0.31447,0.7089,0.58893,0.31447
-11.85958,43.68827,-9.77509,-0.15675,0.2766,-0.94811,0.96073,0.0,0.0,nan,0.0,0.01051,0.02628,23.46405,2.81376,0.23713,0.6085,0.4505,0.7133,0.3554,0.4505
-11.01055,43.12478,11.00432,-0.15245,0.20878,0.96601,0.98158,0.0,0.0,nan,0.0,0.00633,0.02237,31.72162,1.64664,0.23713,0.481,0.36283,0.62544,0.6073,0.36283
-10.44895,44.83566,-10.25551,-0.26871,0.07505,-0.96029,0.98706,0.0,0.0,nan,0.0,0.00983,0.03118,30.31177,3.01995,0.24411,0.66594,0.78424,0.56661,0.33113,0.78424
-11.28905,45.12777,-9.40154,-0.24662,0.03239,-0.96857,0.86872,0.0,0.0,nan,0.0,0.00965,0.02845,29.22649,2.95586,0.24246,0.66579,0.51073,0.54397,0.33831,0.51073
-11.47143,45.28593,9.88796,-0.18658,0.13198,0.97353,0.96073,0.0,0.0,nan,0.0,0.00946,0.02412,39.57182,1.73152,0.2379,0.51926,0.55096,0.7937,0.57753,0.55096
-10.97704,44.95728,10.53976,-0.14782,0.17555,0.97331,0.99186,0.0,0.0,nan,0.0,0.0086,0.0228,37.28834,1.69134,0.23161,0.44852,0.48795,0.88573,0.59125,0.48795
-10.96585,46.94625,-10.55699,-0.25835,-0.07915,-0.9628,0.98187,0.0,0.0,nan,0.0,0.02065,0.04812,28.90095,1.67666,0.24233,0.60904,0.34855,0.7534,0.59642,0.34855
-11.77513,46.10655,-9.92272,-0.24138,-0.05,-0.96914,0.98559,0.0,0.0,nan,0.0,0.01011,0.02753,31.43742,1.80253,0.24148,0.64724,0.51687,0.60333,0.55478,0.51687
-11.0657,47.15036,9.90146,-0.16578,-0.14747,0.97507,0.9715,0.0,0.0,nan,0.0,0.00831,0.02343,31.22354,1.80253,0.23855,0.40182,0.31958,0.93884,0.55478,0.31958
-10.92097,46.96781,10.03645,-0.15573,-0.12382,0.98001,0.98109,0.0,0.0,nan,0.0,0.01005,0.02521,31.60536,1.6916,0.24015,0.43834,0.29999,0.96674,0.59116,0.29999
-10.89056,48.96672,-10.4128,-0.21458,0.05944,-0.9749,0.99704,0.0,0.0,nan,0.0,0.00833,0.02981,26.2022,1.63867,0.238,0.46403,0.29472,0.64857,0.61025,0.29472
-11.72033,49.16576,-9.80596,-0.21528,0.055,-0.975,0.99665,0.0,0.0,nan,0.0,0.00711,0.02259,27.17101,1.91612,0.23078,0.45625,0.28141,0.7405,0.52189,0.28141
-11.0417,48.93209,10.79386,-0.10802,-0.16726,0.97998,0.9946,0.0,0.0,nan,0.0,0.0086,0.02705,23.20212,1.87072,0.239,0.46751,0.55198,0.73859,0.53455,0.55198
-11.02786,50.94104,-10.33333,-0.15475,0.11831,-0.98084,0.99137,0.0,0.0,nan,0.0,0.01159,0.02966,24.44208,2.00015,0.23148,0.61769,0.43606,0.68445,0.49996,0.43606
-10.30698,51.68901,-9.7563,-0.06181,0.13982,-0.98825,0.98442,0.0,0.0,nan,0.0,0.01049,0.02648,20.63747,2.02801,0.2396,0.55308,0.34872,0.78541,0.49309,0.34872
-11.25007,50.99462,10.73604,-0.0678,0.14091,0.9877,0.98921,0.0,0.0,nan,0.0,0.0088,0.02297,20.08663,2.71413,0.23863,0.52084,0.74469,0.80846,0.36844,0.74469
-11.38268,53.11083,-10.28929,-0.13093,0.11833,-0.9843,0.95388,0.0,0.0,nan,0.0,0.0067,0.01738,25.00435,2.02337,0.22801,0.49025,0.37177,0.84918,0.49423,0.37177
-10.62644,52.91083,-9.66494,-0.05265,0.12102,-0.99125,0.99607,0.0,0.0,nan,0.0,0.00734,0.02007,24.07327,1.83868,0.23552,0.47007,0.32925,0.84245,0.54387,0.32925
-10.73404,53.35906,9.6021,0.09015,0.2397,0.96665,0.92843,0.0,0.0,nan,0.0,0.00498,0.03608,53.21902,2.32172,0.23503,0.74915,0.87994,0.32746,0.43072,0.87994
-11.35087,52.71838,10.29755,0.00486,0.31069,0.9505,0.99626,0.0,0.0,nan,0.0,0.01094,0.03502,25.64896,3.36612,0.23884,0.56588,0.45492,0.59495,0.29708,0.45492
-11.38594,54.42679,-10.23016,-0.19432,0.03923,-0.98015,0.96259,0.0,0.0,nan,0.0,0.00588,0.01652,28.73374,1.63867,0.2313,0.50713,0.6441,0.7504,0.61025,0.6441
-10.93429,55.15939,-9.6385,-0.14151,0.04819,-0.98876,0.99029,0.0,0.0,nan,0.0,0.00694,0.02206,27.01424,1.80253,0.21617,0.4765,0.69586,0.7087,0.55478,0.69586
-10.92629,55.05378,9.17278,0.00261,-0.13862,0.99034,0.86304,0.0,0.0,nan,0.0,0.00586,0.02098,33.29349,1.84903,0.23833,0.4399,0.50079,0.67309,0.54083,0.50079
-11.12563,55.65923,10.0134,-0.04701,-0.22479,0.97327,0.98031,0.0,0.0,nan,0.0,0.00415,0.02093,30.53362,1.72928,0.24311,0.44391,0.30147,0.47633,0.57827,0.30147
-10.42142,56.42111,-10.00213,-0.04143,0.19337,-0.98025,0.94008,0.0,0.0,nan,0.0,0.01325,0.03173,30.07405,1.69491,0.23132,0.59427,0.42592,0.74924,0.59,0.42592
-11.06991,57.01569,-9.79131,-0.12136,0.27546,-0.95362,0.94938,0.0,0.0,nan,0.0,0.0139,0.04012,27.96654,1.97022,0.23494,0.549,0.35276,0.67631,0.50756,0.35276
-10.98186,57.00444,10.59086,-0.10548,-0.28892,0.95153,0.99088,0.0,0.0,nan,0.0,0.00373,0.03427,13.29154,3.06197,0.2291,0.47872,0.71506,0.26163,0.32659,0.71506
-10.88422,58.70681,-8.31198,-0.11516,0.33844,-0.93391,0.95877,0.0,0.0,nan,0.0,0.00746,0.02085,23.73644,1.86646,0.24225,0.48722,0.64002,0.79613,0.53577,0.64002
-11.37785,59.07499,-7.93889,-0.14096,0.25155,-0.95753,0.92021,0.0,0.0,nan,0.0,0.0062,0.02003,25.06628,1.73175,0.24179,0.47672,0.64109,0.70147,0.57745,0.64109
-10.99839,58.99797,10.96907,-0.14289,-0.05818,0.98803,0.99636,0.0,0.0,nan,0.0,0.00955,0.05955,11.94323,1.77998,0.23529,0.64068,0.84276,0.41547,0.5618,0.84276
-11.01842,61.03062,-8.46571,-0.08142,-0.08108,-0.99338,0.98677,0.0,0.0,nan,0.0,0.01007,0.03294,25.23649,1.74192,0.24119,0.64517,0.7839,0.57386,0.57408,0.7839
-10.98529,60.90971,10.82081,-0.15959,0.03039,0.98671,0.99939,0.0,0.0,nan,0.0,0.00889,0.04403,11.83724,1.81213,0.23591,0.55786,0.82858,0.56493,0.55184,0.82858
-10.93381,62.98097,-8.8024,-0.05878,-0.1372,-0.9888,0.99147,0.0,0.0,nan,0.0,0.00879,0.02135,18.67056,1.81796,0.24011,0.46847,0.60208,0.97332,0.55007,0.60208
-10.99532,62.98606,10.86003,-0.1684,0.05279,0.9843,0.99303,0.0,0.0,nan,0.0,0.00496,0.05104,12.72242,2.7515,0.23423,0.5335,0.90671,0.42282,0.36344,0.90671
-10.90833,64.97212,-8.67745,-0.08945,0.05393,-0.99453,0.99577,0.0,0.0,nan,0.0,0.01163,0.02438,19.5214,1.88093,0.23392,0.5784,0.42092,0.909,0.53165,0.42092
-10.22238,65.87621,9.83451,0.00849,0.29021,0.95693,0.96523,0.0,0.0,nan,0.0,0.00647,0.03103,45.05616,2.72334,0.23831,0.69424,0.7181,0.31374,0.3672,0.7181
-10.97416,65.13395,10.93128,-0.12556,0.25934,0.95759,0.92999,0.0,0.0,nan,0.0,0.00306,0.02063,18.5285,2.05973,0.23938,0.42372,0.67013,0.38735,0.4855,0.67013
-10.99722,67.0187,-8.69384,-0.10713,-0.16824,-0.97991,0.99166,0.0,0.0,nan,0.0,0.00602,0.01939,17.87593,1.84009,0.24132,0.37544,0.47595,0.91996,0.54345,0.47595
-11.32618,67.3638,9.99804,-0.15146,0.05115,0.98714,0.9531,0.0,0.0,nan,0.0,0.00485,0.01695,26.02491,3.34801,0.24471,0.54521,0.40341,0.56458,0.29869,0.40341
-10.96555,66.85056,10.29946,-0.09826,0.18599,0.97763,0.94683,0.0,0.0,nan,0.0,0.0051,0.01889,31.44076,1.93134,0.24534,0.58025,0.51286,0.49457,0.51777,0.51286
-11.03406,68.98901,-9.19037,-0.1091,-0.05229,-0.99265,0.98775,0.0,0.0,nan,0.0,0.01317,0.04324,13.89987,1.66871,0.22415,0.57508,0.51462,0.60602,0.59926,0.51462
-11.43168,68.47239,9.48847,-0.18405,-0.19444,0.96349,0.95515,0.0,0.0,nan,0.0,0.00429,0.01578,19.98093,3.08769,0.23309,0.65352,0.5872,0.45755,0.32387,0.5872
-10.88914,69.09484,10.629,-0.03311,-0.12667,0.99139,0.91355,0.0,0.0,nan,0.0,0.00574,0.01965,22.56413,3.5591,0.24375,0.57404,0.62287,0.55385,0.28097,0.62287
-11.00412,71.09496,-8.97508,-0.11552,0.45761,-0.88162,0.95486,0.0,0.0,nan,0.0,0.00888,0.04126,9.87348,1.6627,0.23953,0.48099,0.55541,0.53794,0.60143,0.55541
-11.20877,71.75171,9.8329,-0.07644,0.50377,0.86045,0.94977,0.0,0.0,nan,0.0,0.00832,0.07323,10.91562,1.82621,0.23888,0.39723,0.81231,0.42253,0.54758,0.81231
-10.92607,70.83134,10.27405,-0.05226,0.19973,0.97846,0.90797,0.0,0.0,nan,0.0,0.00547,0.05554,19.52067,2.89521,0.23606,0.35541,0.70386,0.30528,0.3454,0.70386
-10.84487,72.16419,-8.21991,-0.09072,0.7383,-0.66834,0.95603,0.0,0.0,nan,0.0,0.00495,0.05677,14.84455,1.74338,0.23348,0.28488,0.65676,0.34762,0.5736,0.65676
-10.97519,72.77531,-6.98285,-0.05659,0.8974,-0.43757,0.98442,0.0,0.0,nan,0.0,0.00458,0.05135,24.7198,1.68641,0.23446,0.24254,0.44058,0.39788,0.59298,0.44058
-10.99073,73.23797,-4.98345,-0.02972,0.99294,-0.11487,0.99675,0.0,0.0,nan,0.0,0.0071,0.04739,25.12679,1.63867,0.23629,0.32017,0.68581,0.50517,0.61025,0.68581
-11.05987,73.23363,-2.96654,-0.0182,0.99973,-0.01472,0.99587,0.0,0.0,nan,0.0,0.00609,0.05818,18.70673,1.80253,0.24323,0.20604,0.41774,0.56217,0.55478,0.41774
-11.0485,73.53815,-1.03423,-0.02508,0.99803,-0.05754,0.99381,0.0,0.0,nan,0.0,0.00508,0.05584,16.16056,1.82078,0.23634,0.17044,0.47923,0.59934,0.54922,0.47923
-11.01877,73.48921,0.96085,-0.04675,0.99765,-0.05011,0.99656,0.00083,0.00413,0.7,1.0,0.00612,0.06232,14.89062,1.63867,0.23159,0.18964,0.47251,0.58755,0.61025,0.47251
-10.94346,73.69773,3.09682,-0.06178,0.998,-0.0134,0.99558,0.0,0.0,nan,0.0,0.00991,0.07728,11.7478,1.63867,0.23478,0.3645,0.62827,0.41189,0.61025,0.62827
-10.99084,73.60071,5.03793,-0.04441,0.99874,0.02354,0.99773,0.0,0.0,nan,0.0,0.00995,0.0699,13.14001,1.70482,0.22764,0.48579,0.8373,0.46872,0.58657,0.8373
-10.98827,73.62531,7.00789,-0.04801,0.97868,0.19971,0.98412,0.0,0.0,nan,0.0,0.00954,0.07459,11.83205,1.83508,0.2379,0.55152,0.86273,0.42402,0.54494,0.86273
-10.99921,72.7948,8.97375,-0.09017,0.79542,0.59931,0.95819,0.0,0.0,nan,0.0,0.01161,0.10906,12.07285,1.68162,0.24203,0.4317,0.90351,0.56498,0.59467,0.90351
-8.52639,3.68398,-8.16027,-0.24633,-0.4527,-0.85696,0.88634,0.0,0.0,nan,0.0,0.01069,0.04278,21.6348,1.83588,0.23862,0.54987,0.7221,0.49641,0.5447,0.7221
-9.08537,2.9403,-7.16276,-0.2187,-0.73982,-0.63627,0.90376,0.0,0.0,nan,0.0,0.00293,0.06492,30.91252,3.35097,0.23348,0.66156,0.97738,0.26641,0.29842,0.97738
-9.01115,2.35318,-5.06592,-0.08416,-0.97911,-0.18511,0.99607,0.0,0.0,nan,0.0,0.00896,0.08573,4.50016,1.84443,0.24458,0.59063,0.88588,0.45217,0.54217,0.88588
-8.9709,2.19649,-2.90961,-0.03661,-0.99732,0.06338,0.99323,0.0,0.0,nan,0.0,0.0053,0.0778,4.6687,1.93165,0.22698,0.5552,0.91494,0.37111,0.51769,0.91494
-9.00196,2.46631,-0.84214,-0.03172,-0.97269,0.22992,0.99479,0.0,0.0,nan,0.0,0.00334,0.01194,11.96332,1.63867,0.23618,0.58713,0.64126,0.55541,0.61025,0.64126
-8.99215,3.11461,0.92559,-0.06857,-0.99532,0.06802,0.99646,0.0,0.0,nan,0.0,0.00818,0.02039,12.92606,1.88582,0.2335,0.63877,0.67268,0.72537,0.53027,0.67268
-9.05622,2.83061,3.11219,-0.08829,-0.96856,0.23259,0.94791,0.0,0.0,nan,0.0,0.00766,0.03842,16.60036,2.35231,0.23296,0.49366,0.41351,0.45279,0.42511,0.41351
-9.20781,3.73601,4.73009,-0.03811,-0.92569,0.37635,0.99812,0.0,0.0,nan,0.0,0.00998,0.02405,22.24163,3.35442,0.24366,0.69492,0.35672,0.65084,0.29811,0.35672
-9.15644,3.99696,6.22401,-0.10502,-0.98097,0.16329,0.99323,0.0,0.0,nan,0.0,0.01559,0.03281,30.70036,3.35839,0.24764,0.70229,0.41433,0.72078,0.29776,0.41433
-8.17388,3.9279,8.43927,-0.17479,-0.95342,0.24585,0.88957,0.0,0.0,nan,0.0,0.01202,0.05511,38.46999,2.3223,0.24543,0.66203,0.81361,0.43505,0.43061,0.81361
-8.7433,5.12772,-8.12656,-0.2822,-0.28752,-0.91526,0.98892,0.0,0.0,nan,0.0,0.00895,0.03428,22.02068,1.88893,0.23524,0.61123,0.35415,0.46565,0.5294,0.35415
-9.60816,4.79508,-7.72318,-0.2669,-0.32441,-0.90748,0.98501,0.0,0.0,nan,0.0,0.0063,0.02031,25.14634,1.84245,0.23565,0.64961,0.76079,0.53437,0.54276,0.76079
-8.62072,4.57071,5.25189,-0.02388,-0.95621,0.29171,0.92676,0.0,0.0,nan,0.0,0.00889,0.0207,22.1992,3.54815,0.24056,0.53858,0.35308,0.86885,0.28184,0.35308
-8.91548,4.11489,7.0206,-0.17439,-0.98341,0.04993,0.99342,0.0,0.0,nan,0.0,0.01196,0.03358,31.08014,1.69541,0.24391,0.68682,0.50919,0.55219,0.58983,0.50919
-9.15661,4.37043,9.39152,-0.16835,-0.79923,0.57696,0.82438,0.0,0.0,nan,0.0,0.01063,0.08626,62.78931,3.0475,0.23305,0.77772,0.93572,0.40296,0.32814,0.93572
-8.60272,5.65389,10.00937,-0.15105,-0.36764,0.91762,0.89564,0.0,0.0,nan,0.0,0.00528,0.10186,50.97115,2.86917,0.24083,0.68039,0.95541,0.23087,0.34853,0.95541
-8.95981,7.09962,-8.71676,-0.25627,-0.37749,-0.88985,0.99616,0.0,0.0,nan,0.0,0.00707,0.02203,25.2134,1.79428,0.23153,0.57256,0.56509,0.60528,0.55733,0.56509
-9.13516,7.3243,9.82047,-0.1143,0.08643,0.98968,0.99509,0.0,0.0,nan,0.0,0.018,0.05709,34.34882,1.86573,0.25622,0.5594,0.72746,0.59656,0.53598,0.72746
-9.11909,6.67189,10.00497,-0.15395,-0.10605,0.98237,0.97003,0.0,0.0,nan,0.0,0.0069,0.17304,73.99738,1.84383,0.23667,0.828,0.97861,0.18427,0.54235,0.97861
-8.85237,9.41974,-10.39521,-0.29707,-0.34458,-0.89051,0.93606,0.0,0.0,nan,0.0,0.00514,0.02237,18.17192,1.76018,0.23764,0.49705,0.33716,0.51277,0.56812,0.33716
-9.10807,8.73915,-9.14746,-0.2734,-0.43406,-0.85839,0.9946,0.0,0.0,nan,0.0,0.0088,0.02208,24.80695,2.80595,0.23511,0.57222,0.52826,0.75223,0.35639,0.52826
-9.05229,8.99255,9.56351,-0.06376,0.00457,0.99795,0.96876,0.0,0.0,nan,0.0,0.00424,0.04911,54.88671,3.3744,0.2423,0.79508,0.94703,0.30476,0.29635,0.94703
-8.0349,8.07241,10.02678,-0.05839,0.13253,0.98946,0.98608,0.0,0.0,nan,0.0,0.0138,0.06188,29.38288,2.03863,0.22847,0.6019,0.69417,0.39563,0.49053,0.69417
-9.05295,11.00937,-10.43466,-0.21343,0.09807,-0.97202,0.91394,0.0,0.0,nan,0.0,0.01112,0.04708,18.40868,3.18631,0.23948,0.66377,0.81134,0.49074,0.31384,0.81134
-9.87871,11.99857,-9.99956,-0.15235,0.23164,-0.9608,0.96239,0.0,0.0,nan,0.0,0.00985,0.03529,21.73362,1.83434,0.23844,0.5787,0.67869,0.52663,0.54516,0.67869
-9.11057,10.51535,9.29876,-0.06805,-0.31005,0.94828,0.91247,0.0,0.0,nan,0.0,0.00847,0.02033,30.3803,1.82344,0.23528,0.49437,0.60339,0.89877,0.54841,0.60339
-9.04644,11.272,10.52536,-0.1258,-0.30816,0.94298,0.94889,0.0,0.0,nan,0.0,0.01633,0.04152,31.29786,1.82628,0.24354,0.65103,0.6619,0.64252,0.54756,0.6619
-8.70849,12.13186,-10.08666,-0.16632,0.27069,-0.94819,0.98667,0.0,0.0,nan,0.0,0.0069,0.02683,21.84839,3.04611,0.24023,0.49009,0.28045,0.57234,0.32829,0.28045
-9.15659,13.14587,-9.01529,-0.15016,0.17016,-0.97391,0.92549,0.0,0.0,nan,0.0,0.00741,0.01812,21.54413,2.0112,0.24007,0.50369,0.4009,0.88724,0.49722,0.4009
-9.63501,13.85319,9.80423,-0.31099,0.23089,0.92194,0.97717,0.0,0.0,nan,0.0,0.00625,0.02226,23.63914,3.43393,0.25235,0.58146,0.49961,0.52417,0.29121,0.49961
-9.07061,13.13159,10.97803,-0.24617,0.05506,0.96766,0.89985,0.0,0.0,nan,0.0,0.01013,0.04523,21.14424,1.71544,0.23559,0.58491,0.70311,0.419,0.58294,0.70311
-9.0511,15.74406,-10.1445,-0.10217,-0.38892,-0.91559,0.9993,0.0,0.0,nan,0.0,0.00624,0.02606,22.706,1.88877,0.23506,0.65239,0.3738,0.39943,0.52945,0.3738
-9.03171,14.80076,-9.7123,-0.12022,-0.22796,-0.96622,0.98031,0.0,0.0,nan,0.0,0.005,0.02911,30.51132,2.04676,0.22906,0.66673,0.79539,0.32133,0.48858,0.79539
-9.54935,15.54588,9.82622,-0.33611,0.07083,0.93916,0.97443,0.0,0.0,nan,0.0,0.00669,0.0202,28.90644,1.9872,0.22419,0.52958,0.42692,0.66826,0.50322,0.42692
-8.90007,14.91153,10.66075,-0.28839,0.19547,0.93735,0.9713,0.0,0.0,nan,0.0,0.00752,0.02094,27.90659,3.20184,0.23579,0.54792,0.31942,0.7027,0.31232,0.31942
-9.00793,16.98844,-10.58522,-0.10381,-0.3662,-0.92473,0.99577,0.0,0.0,nan,0.0,0.00707,0.01821,15.20374,1.98909,0.2273,0.62871,0.83042,0.94109,0.50274,0.83042
-9.65469,16.02899,-9.98767,-0.07228,-0.39969,-0.9138,0.99783,0.0,0.0,nan,0.0,0.01206,0.03823,18.71292,1.97088,0.23049,0.74463,0.42345,0.46886,0.50739,0.42345
-9.44639,16.63441,9.56044,-0.29539,-0.17537,0.93914,0.93783,0.0,0.0,nan,0.0,0.00847,0.02334,31.86572,2.05039,0.23496,0.51372,0.50745,0.7508,0.48771,0.50745
-8.73915,17.26889,10.32034,-0.23427,-0.24165,0.94166,0.98598,0.0,0.0,nan,0.0,0.0102,0.03025,30.44911,1.8892,0.23721,0.55828,0.43971,0.64352,0.52932,0.43971
-9.04742,18.95608,-11.09991,-0.12824,-0.04391,-0.99077,0.97894,0.0,0.0,nan,0.0,0.03161,0.06035,16.50518,1.93159,0.22365,0.67511,0.53125,0.86986,0.51771,0.53125
-9.05237,18.98899,10.98368,-0.13794,-0.22914,0.96357,0.98187,0.0,0.0,nan,0.0,0.01582,0.03727,20.71285,1.63867,0.23474,0.60948,0.4759,0.76398,0.61025,0.4759
-9.0828,21.02911,-10.88782,-0.09638,0.12167,-0.98788,0.98148,0.0,0.0,nan,0.0,0.01119,0.03059,24.87017,1.80253,0.23891,0.5278,0.45597,0.74878,0.55478,0.45597
-9.10643,20.97024,10.92068,-0.13483,0.08565,0.98716,0.99352,0.0,0.0,nan,0.0,0.00489,0.0308,24.90239,2.71593,0.237,0.58716,0.91506,0.61924,0.3682,0.91506
-8.98345,22.99335,-11.01693,-0.13493,-0.17189,-0.97583,0.98119,0.0,0.0,nan,0.0,0.01046,0.02672,31.96657,2.04649,0.22335,0.58097,0.31186,0.71611,0.48864,0.31186
-8.06309,23.43211,-9.98357,-0.05563,-0.25383,-0.96565,0.90063,0.0,0.0,nan,0.0,0.01165,0.02685,30.84581,2.46103,0.23084,0.64279,0.42639,0.7191,0.40633,0.42639
-8.696,23.81715,9.90835,-0.16603,0.12156,0.9786,0.91296,0.0,0.0,nan,0.0,0.01394,0.0382,44.02384,1.68294,0.2416,0.74027,0.67314,0.51554,0.5942,0.67314
-9.01108,23.04332,10.61341,-0.15654,0.19496,0.96824,0.99695,0.0,0.0,nan,0.0,0.01423,0.0448,39.31909,3.06468,0.25452,0.67482,0.56923,0.49477,0.3263,0.56923
-8.2724,25.75708,-12.07103,-0.10518,-0.14535,-0.98377,0.90768,0.0,0.0,nan,0.0,0.01308,0.04102,20.82572,1.63867,0.2397,0.57213,0.68724,0.61078,0.61025,0.68724
-9.0384,25.02027,-11.36145,-0.16336,-0.27399,-0.94776,0.9854,0.0,0.0,nan,0.0,0.00902,0.03512,27.5004,1.64564,0.23414,0.56494,0.53141,0.48769,0.60767,0.53141
-8.82778,24.71361,9.69874,-0.15783,-0.06339,0.98543,0.87156,0.0,0.0,nan,0.0,0.0092,0.02622,34.18457,2.55367,0.23916,0.63413,0.60339,0.58544,0.39159,0.60339
-9.11248,25.23192,10.10564,-0.14969,-0.15873,0.97591,0.9529,0.0,0.0,nan,0.0,0.0102,0.02555,33.35002,2.21681,0.23669,0.60742,0.70232,0.69644,0.4511,0.70232
-8.3667,26.26114,-12.05497,-0.11679,-0.01374,-0.99306,0.89887,0.0,0.0,nan,0.0,0.01774,0.04845,20.2893,2.26613,0.23192,0.61822,0.50843,0.65051,0.44128,0.50843
-9.04312,27.06338,-11.54444,-0.22645,0.20102,-0.95305,0.97326,0.0,0.0,nan,0.0,0.01027,0.03204,21.75947,2.1128,0.23523,0.6151,0.63607,0.56917,0.47331,0.63607
-8.95885,27.0076,10.98925,-0.13325,-0.09213,0.98679,0.97659,0.0,0.0,nan,0.0,0.01608,0.03801,29.18287,3.05896,0.2356,0.67584,0.45242,0.66875,0.32691,0.45242
-9.0394,29.01497,-10.51407,-0.24872,0.18134,-0.95145,0.95554,0.0,0.0,nan,0.0,0.00962,0.02579,30.5613,2.70102,0.23444,0.48341,0.74449,0.82162,0.37023,0.74449
-9.79133,28.60514,-9.89388,-0.16106,0.25463,-0.95353,0.83808,0.0,0.0,nan,0.0,0.00926,0.02194,32.81403,1.83817,0.23583,0.5493,0.63803,0.81479,0.54402,0.63803
-8.67103,29.48067,9.82496,-0.25506,0.24498,0.93538,0.90983,0.0,0.0,nan,0.0,0.01433,0.03174,30.86274,1.8577,0.22753,0.56542,0.58778,0.85022,0.5383,0.58778
-9.09127,28.98459,10.35155,-0.18738,0.24321,0.9517,0.97414,0.0,0.0,nan,0.0,0.0119,0.02659,27.86432,1.82187,0.23956,0.54747,0.48806,0.87613,0.54889,0.48806
-8.94957,31.04649,-10.6869,-0.22617,-0.19997,-0.95334,0.97943,0.0,0.0,nan,0.0,0.0174,0.04216,29.48369,1.80253,0.22923,0.56202,0.41694,0.78411,0.55478,0.41694
-9.25664,31.48036,-9.97149,-0.1849,-0.24665,-0.9513,0.8698,0.0,0.0,nan,0.0,0.00876,0.02621,27.5159,1.80253,0.22862,0.43532,0.65025,0.82348,0.55478,0.65025
-9.24354,31.7034,9.98078,-0.24197,-0.09974,0.96514,0.94419,0.0,0.0,nan,0.0,0.00778,0.02198,32.50729,3.54765,0.23549,0.4419,0.51203,0.84974,0.28188,0.51203
-8.83983,30.77649,10.46129,-0.2868,0.08844,0.9539,0.9851,0.0,0.0,nan,0.0,0.01486,0.03971,38.31229,1.84575,0.23506,0.54051,0.54772,0.72845,0.54179,0.54772
-9.06263,32.83158,-11.44522,-0.16806,-0.16967,-0.97106,0.99616,0.0,0.0,nan,0.0,0.0086,0.03044,21.81053,2.04975,0.23046,0.49419,0.40512,0.62379,0.48787,0.40512
-9.13465,32.5043,9.70164,-0.25391,-0.26828,0.92928,0.86911,0.0,0.0,nan,0.0,0.00669,0.02039,31.09787,1.90701,0.23104,0.36264,0.29212,0.96328,0.52438,0.29212
-8.94004,33.15175,10.93149,-0.26081,-0.40208,0.87768,0.99313,0.0,0.0,nan,0.0,0.007,0.0223,29.97407,3.60506,0.24504,0.48924,0.39505,0.68442,0.27739,0.39505
-8.95909,35.10258,-11.47788,-0.088,0.29122,-0.9526,0.96083,0.0,0.0,nan,0.0,0.0141,0.03859,20.37217,2.46776,0.22912,0.67717,0.55896,0.59242,0.40523,0.55896
-8.97503,34.95415,11.85076,-0.11132,-0.15649,0.98139,0.91052,0.0,0.0,nan,0.0,0.01594,0.05152,24.36821,1.63867,0.24406,0.60004,0.74888,0.5578,0.61025,0.74888
-8.90386,36.79929,-10.50599,-0.07617,0.19148,-0.97854,0.96827,0.0,0.0,nan,0.0,0.00722,0.01583,27.12675,2.34868,0.23786,0.58565,0.68984,0.83539,0.42577,0.68984
-9.70264,37.15685,-9.80419,0.01532,0.10471,-0.99438,0.85766,0.0,0.0,nan,0.0,0.00461,0.01126,22.26922,3.03952,0.22793,0.4755,0.45058,0.9383,0.329,0.45058
-8.8665,37.11017,11.40054,0.00292,0.2486,0.9686,0.99284,0.0,0.0,nan,0.0,0.00581,0.02381,24.08018,1.72452,0.2483,0.38319,0.43465,0.68941,0.57987,0.43465
-9.0735,38.94538,-11.10727,-0.09883,-0.23141,-0.96782,0.99205,0.0,0.0,nan,0.0,0.0063,0.01889,28.21072,3.38399,0.24302,0.6043,0.51134,0.59083,0.29551,0.51134
-8.37463,39.53552,9.75279,0.05368,-0.04441,0.99757,0.76809,0.0,0.0,nan,0.0,0.00893,0.02401,33.30476,1.8555,0.23869,0.39992,0.4789,0.98605,0.53894,0.4789
-9.00614,38.94327,10.93217,0.0398,0.10425,0.99375,0.98217,0.0,0.0,nan,0.0,0.00797,0.02678,31.95756,3.52315,0.24722,0.4782,0.7777,0.72557,0.28384,0.7777
-9.12551,40.92113,-11.46376,-0.12621,-0.06617,-0.98979,0.9762,0.0,0.0,nan,0.0,0.00653,0.01709,19.84524,1.91854,0.23012,0.57505,0.8038,0.88328,0.52123,0.8038
-8.96699,40.81752,11.26617,-0.01446,-0.15073,0.98847,0.98363,0.0,0.0,nan,0.0,0.00882,0.02685,28.20206,2.78036,0.24648,0.44126,0.36902,0.79716,0.35967,0.36902
-8.96373,43.0676,-11.10107,-0.10641,0.1679,-0.98004,0.99225,0.0,0.0,nan,0.0,0.01169,0.02736,22.31132,1.89944,0.2172,0.56628,0.59104,0.82212,0.52647,0.59104
-9.05006,43.12611,11.21561,-0.12419,0.136,0.98289,0.9899,0.0,0.0,nan,0.0,0.00893,0.03045,24.45809,3.01738,0.24049,0.52986,0.37639,0.59901,0.33141,0.37639
-9.0468,44.94093,-10.63131,-0.1303,0.06033,-0.98964,0.98589,0.0,0.0,nan,0.0,0.01203,0.03111,27.2164,1.65131,0.24413,0.50346,0.56156,0.82483,0.60558,0.56156
-9.52842,44.09518,9.96819,-0.1995,0.23774,0.95062,0.9346,0.0,0.0,nan,0.0,0.01031,0.03391,35.19825,1.8438,0.23084,0.58802,0.65257,0.54644,0.54236,0.65257
-9.09131,44.94176,10.77252,-0.1617,0.19814,0.96674,0.99362,0.0,0.0,nan,0.0,0.01288,0.03994,32.43233,1.80253,0.23676,0.53201,0.67553,0.64335,0.55478,0.67553
-8.92627,47.04315,-10.75064,-0.11689,-0.05495,-0.99162,0.99695,0.0,0.0,nan,0.0,0.01056,0.028,31.76789,1.69034,0.23429,0.46723,0.64635,0.85808,0.5916,0.64635
-8.9963,47.02002,10.48125,-0.1288,-0.08708,0.98784,0.99117,0.0,0.0,nan,0.0,0.01717,0.03768,30.45705,2.50005,0.23042,0.50763,0.59244,0.9565,0.39999,0.59244
-8.989,48.9462,-10.73896,-0.13878,0.06388,-0.98826,0.99528,0.0,0.0,nan,0.0,0.01083,0.03507,22.94536,1.63867,0.23259,0.46731,0.418,0.71877,0.61025,0.418
-9.04282,48.9104,11.11259,-0.0967,-0.14406,0.98483,0.98589,0.0,0.0,nan,0.0,0.01084,0.036,26.15209,1.63867,0.24354,0.49039,0.63651,0.66081,0.61025,0.63651
-9.02824,51.07389,-10.50227,-0.07036,0.23817,-0.96867,0.98706,0.0,0.0,nan,0.0,0.0098,0.03391,21.86882,1.81565,0.24411,0.51757,0.57234,0.6093,0.55077,0.57234
-9.52774,51.87484,-9.97316,-0.0333,0.18398,-0.98237,0.98921,0.0,0.0,nan,0.0,0.00927,0.02641,21.22604,1.72322,0.23866,0.48493,0.48552,0.79221,0.58031,0.48552
-8.33859,51.88551,9.89546,-0.00995,0.38597,0.92246,0.96934,0.0,0.0,nan,0.0,0.01205,0.03828,40.20723,2.72603,0.23789,0.62223,0.48701,0.53108,0.36683,0.48701
-9.00435,51.05634,10.92717,0.00126,0.28558,0.95835,0.98217,0.0,0.0,nan,0.0,0.00724,0.03609,29.82062,1.80253,0.24308,0.59317,0.54953,0.36075,0.55478,0.54953
-9.17209,53.5651,-10.20877,-0.0131,0.0887,-0.99597,0.99274,0.0,0.0,nan,0.0,0.0078,0.02047,27.52826,2.03706,0.24171,0.45192,0.40929,0.90455,0.4909,0.40929
-8.97611,52.81363,-9.66441,-0.00103,0.1237,-0.99232,0.97972,0.0,0.0,nan,0.0,0.0088,0.02144,24.7927,1.84476,0.23572,0.52799,0.34191,0.84017,0.54208,0.34191
-8.466,53.15356,9.64735,-0.05837,0.21809,0.97418,0.92765,0.0,0.0,nan,0.0,0.01939,0.04602,50.7465,1.85684,0.23707,0.57451,0.57935,0.76237,0.53855,0.57935
-9.18473,52.98006,10.56679,0.02942,0.27245,0.96172,0.99068,0.0,0.0,nan,0.0,0.01513,0.04415,54.98113,2.0365,0.24355,0.66008,0.77729,0.58968,0.49104,0.77729
-9.20227,54.69791,-10.11503,0.01435,0.04496,-0.99889,0.99773,0.0,0.0,nan,0.0,0.00783,0.01895,27.83016,1.96445,0.23895,0.50906,0.41764,0.86932,0.50905,0.41764
-8.90445,55.29286,-9.86203,-0.00082,0.04719,-0.99889,0.99802,0.0,0.0,nan,0.0,0.0084,0.0189,27.72651,1.91419,0.23407,0.55423,0.42131,0.8598,0.52241,0.42131
-9.04063,54.65891,9.57857,-0.05815,-0.16489,0.9846,0.93009,0.0,0.0,nan,0.0,0.00747,0.02182,37.85232,1.82707,0.23931,0.46964,0.50573,0.76723,0.54732,0.50573
-8.93686,55.40042,10.48715,-0.0998,-0.32455,0.94059,0.98452,0.0,0.0,nan,0.0,0.00636,0.02643,31.19049,3.33167,0.25787,0.50217,0.75402,0.5165,0.30015,0.75402
-9.40714,56.4325,-10.18609,0.00578,0.16986,-0.98545,0.95075,0.0,0.0,nan,0.0,0.0116,0.02544,29.06724,1.88193,0.22658,0.59803,0.57035,0.81476,0.53137,0.57035
-8.68363,57.16801,-9.87896,-0.06117,0.19114,-0.97965,0.9806,0.0,0.0,nan,0.0,0.01105,0.02388,33.40762,2.05424,0.23734,0.66437,0.62948,0.73805,0.4868,0.62948
-8.98534,56.95477,10.94469,-0.13968,-0.30374,0.94246,0.98491,0.0,0.0,nan,0.0,0.00764,0.06199,15.94539,1.63867,0.24835,0.48083,0.49035,0.2884,0.61025,0.49035
-8.78658,59.05261,-8.61266,-0.23669,0.22798,-0.94446,0.96171,0.0,0.0,nan,0.0,0.00938,0.02345,30.67227,1.72376,0.24204,0.49818,0.59971,0.85478,0.58013,0.59971
-9.75407,59.16327,-7.87833,-0.17998,0.25392,-0.95033,0.84327,0.0,0.0,nan,0.0,0.00828,0.01909,27.7468,1.84408,0.23227,0.51573,0.75026,0.90281,0.54227,0.75026
-9.01296,58.96585,11.12503,-0.1049,-0.04425,0.9935,0.9992,0.0,0.0,nan,0.0,0.02816,0.09765,10.44534,1.91663,0.23292,0.75446,0.58402,0.45541,0.52175,0.58402
-8.87272,60.9246,-8.48209,-0.27702,-0.03596,-0.96019,0.96239,0.0,0.0,nan,0.0,0.0141,0.04319,31.58825,1.90924,0.24044,0.70176,0.68651,0.49453,0.52377,0.68651
-9.13152,61.68842,-7.80659,-0.19905,-0.1378,-0.97025,0.85296,0.0,0.0,nan,0.0,0.00446,0.01284,21.06968,1.73713,0.22843,0.40473,0.65043,0.94041,0.57566,0.65043
-9.01696,60.96195,11.04548,-0.09126,0.03123,0.99534,0.99969,0.0,0.0,nan,0.0,0.00611,0.0406,11.41559,1.68818,0.22767,0.6365,0.92937,0.65267,0.59236,0.92937
-9.05076,62.86543,-9.04598,-0.2114,-0.12658,-0.96917,0.98481,0.0,0.0,nan,0.0,0.00674,0.01788,21.59374,1.63867,0.23723,0.47029,0.44303,0.87609,0.61025,0.44303
-8.94954,63.04036,11.10901,-0.00696,0.12835,0.9917,0.99225,0.0,0.0,nan,0.0,0.0063,0.02359,15.30769,2.17379,0.22728,0.56922,0.41903,0.53089,0.46003,0.41903
-9.01777,64.98731,-9.04305,-0.17588,0.03653,-0.98373,0.98745,0.0,0.0,nan,0.0,0.01466,0.0311,22.79078,1.80253,0.24079,0.65508,0.59917,0.78269,0.55478,0.59917
-8.25844,64.96812,9.99405,-0.02668,0.33053,0.94342,0.95221,0.0,0.0,nan,0.0,0.00812,0.02939,45.94391,2.12322,0.23367,0.56077,0.70359,0.5144,0.47098,0.70359
-8.85668,64.94945,10.79785,0.02724,0.31837,0.94758,0.99156,0.0,0.0,nan,0.0,0.00551,0.02937,40.52359,1.81188,0.23636,0.58919,0.8196,0.43013,0.55191,0.8196
-9.00537,66.966,-9.04876,-0.14449,-0.15552,-0.97721,0.99244,0.0,0.0,nan,0.0,0.00917,0.02505,19.43842,1.68655,0.23976,0.43813,0.49888,0.92163,0.59293,0.49888
-8.99053,67.11718,9.43953,-0.01097,0.11021,0.99385,0.93127,0.0,0.0,nan,0.0,0.0067,0.0174,36.60257,2.2153,0.23384,0.53494,0.51414,0.75879,0.45141,0.51414
-8.41642,66.98871,10.01302,-0.03265,0.11945,0.9923,0.98853,0.0,0.0,nan,0.0,0.0066,0.01707,36.8253,1.63867,0.23791,0.51541,0.45114,0.79093,0.61025,0.45114
-9.04504,68.97366,-9.47399,-0.11489,-0.04596,-0.99231,0.98755,0.0,0.0,nan,0.0,0.01797,0.05333,14.74328,1.67808,0.22046,0.60407,0.51806,0.63344,0.59592,0.51806
-8.70786,68.9297,9.79926,-0.04047,-0.12828,0.99091,0.97766,0.0,0.0,nan,0.0,0.00883,0.0224,28.64095,3.23855,0.25066,0.57813,0.51169,0.72934,0.30878,0.51169
-9.31242,69.12816,10.1676,0.00811,-0.14144,0.98991,0.9901,0.0,0.0,nan,0.0,0.00604,0.01892,24.21748,3.37742,0.24024,0.58788,0.61635,0.58775,0.29608,0.61635
-9.00117,71.16087,-9.23592,-0.09375,0.45734,-0.88433,0.9437,0.01666,0.08329,0.7,1.0,0.01109,0.05957,9.72018,2.05047,0.23187,0.4516,0.51367,0.49697,0.48769,0.51367
-8.68145,70.28413,9.88685,-0.03444,0.02799,0.99901,0.98628,0.0,0.0,nan,0.0,0.00827,0.02592,23.03866,1.87211,0.23501,0.5427,0.35156,0.63923,0.53416,0.35156
-9.0361,71.01845,10.46541,-0.03235,0.15424,0.9875,0.92813,0.0,0.0,nan,0.0,0.00582,0.03826,23.96944,1.76886,0.24058,0.68661,0.84118,0.33898,0.56534,0.84118
-8.92352,72.25966,-8.36878,-0.07949,0.7635,-0.6409,0.95221,0.00478,0.02392,0.7,1.0,0.00524,0.06794,11.58051,1.72756,0.23723,0.24697,0.54508,0.3662,0.57885,0.54508
-9.06877,72.86587,-6.89392,-0.04974,0.92504,-0.37659,0.9897,0.0,0.0,nan,0.0,0.00448,0.05348,21.43227,1.82001,0.23066,0.28997,0.50392,0.31565,0.54945,0.50392
-9.0455,73.27296,-5.1149,-0.01621,0.99314,-0.11582,0.99714,0.0,0.0,nan,0.0,0.00608,0.05043,23.59311,1.80253,0.23284,0.32487,0.69095,0.4027,0.55478,0.69095
-8.95117,73.26328,-3.04401,-0.02808,0.9995,-0.01423,0.99724,0.0,0.0,nan,0.0,0.01109,0.06692,16.04059,1.80253,0.23628,0.27108,0.34792,0.68756,0.55478,0.34792
-9.03182,73.3279,-0.99352,-0.02514,0.99726,-0.06951,0.99489,0.0,0.0,nan,0.0,0.00842,0.0657,18.9599,1.63867,0.22648,0.20918,0.43882,0.67766,0.61025,0.43882
-8.9251,73.61469,0.9965,-0.01527,0.99785,-0.06372,0.99538,0.0,0.0,nan,0.0,0.01064,0.06162,19.05282,1.81799,0.22191,0.22399,0.43228,0.85146,0.55006,0.43228
-8.94224,73.67699,2.98773,-0.01046,0.99979,-0.01749,0.99509,0.0,0.0,nan,0.0,0.01013,0.06534,17.7325,1.63867,0.23094,0.23114,0.51965,0.74613,0.61025,0.51965
-9.01573,73.62722,4.94319,-0.0039,0.99959,0.0282,0.99959,0.00123,0.00615,0.7,1.0,0.01429,0.09529,14.19318,1.78202,0.22496,0.33146,0.73302,0.51623,0.56116,0.73302
-8.98968,73.5303,7.06409,-0.01387,0.98456,0.17448,0.99479,0.0,0.0,nan,0.0,0.01115,0.06998,11.18272,1.81956,0.23383,0.4074,0.77734,0.50512,0.54958,0.77734
-9.02587,72.97873,9.14592,-0.08079,0.79747,0.59793,0.93577,0.0,0.0,nan,0.0,0.01003,0.13953,11.12645,1.74327,0.24266,0.16311,0.35072,0.52004,0.57363,0.35072
-8.44797,72.16305,10.08948,-0.09602,0.48758,0.86778,0.8744,0.0,0.0,nan,0.0,0.00233,0.05452,33.93793,1.8884,0.23392,0.54112,0.94749,0.22713,0.52955,0.94749
-6.93684,3.49425,-8.41776,-0.09196,-0.46968,-0.87804,0.86588,0.0,0.0,nan,0.0,0.0064,0.0347,23.12444,1.74092,0.24101,0.51545,0.44895,0.3888,0.57441,0.44895
-7.06453,2.66367,-7.13146,-0.07881,-0.84283,-0.53238,0.91844,0.0,0.0,nan,0.0,0.01277,0.07616,15.21863,1.80253,0.23753,0.67346,0.57692,0.28167,0.55478,0.57692
-7.00261,2.18553,-5.11286,-0.03419,-0.99074,-0.1314,0.99254,0.0,0.0,nan,0.0,0.00263,0.05274,4.9108,1.86109,0.24054,0.45659,0.96526,0.49446,0.53732,0.96526
-6.95802,2.18186,-2.93855,0.00868,-0.99589,0.09013,0.9946,0.0,0.0,nan,0.0,0.00493,0.08984,4.3347,2.65062,0.23235,0.6602,0.96851,0.40399,0.37727,0.96851
-7.04735,2.53725,-0.81079,0.01197,-0.97789,0.20878,0.99822,0.0,0.0,nan,0.0,0.0033,0.01138,10.97665,1.80253,0.24028,0.60161,0.6789,0.56968,0.55478,0.6789
-7.02974,3.0434,0.83999,0.0036,-0.99879,0.04911,0.99381,0.0,0.0,nan,0.0,0.00481,0.01538,12.11293,1.88901,0.23368,0.59462,0.79167,0.70761,0.52938,0.79167
-6.98012,2.81159,3.10889,0.03214,-0.95554,0.29311,0.93303,0.0,0.0,nan,0.0,0.01605,0.0605,15.76559,1.66237,0.24518,0.6386,0.52526,0.46801,0.60155,0.52526
-6.88102,3.62075,4.50148,0.05779,-0.92578,0.37362,0.9852,0.0,0.0,nan,0.0,0.00678,0.01881,25.37252,3.55932,0.24051,0.69011,0.72298,0.5637,0.28095,0.72298
-6.85921,3.69509,7.11613,-0.01861,-0.99913,-0.03724,0.96406,0.0,0.0,nan,0.0,0.00748,0.02607,28.19953,3.19076,0.24337,0.5674,0.36873,0.54192,0.3134,0.36873
-6.96064,3.66781,8.57969,-0.05904,-0.96463,0.2569,0.86245,0.0,0.0,nan,0.0,0.00722,0.03996,30.07862,1.80765,0.24304,0.38719,0.43296,0.49753,0.5532,0.43296
-7.02448,5.0872,-8.75823,-0.1016,-0.28296,-0.95374,0.99215,0.0,0.0,nan,0.0,0.00556,0.02253,23.75114,1.70975,0.24075,0.57841,0.40178,0.46241,0.58488,0.40178
-7.03816,4.52328,5.30645,0.04135,-0.98156,0.1866,0.9252,0.0,0.0,nan,0.0,0.0075,0.01843,28.40745,1.72643,0.23676,0.52384,0.41272,0.83135,0.57923,0.41272
-7.60184,4.22911,6.45557,-0.02793,-0.99938,0.02154,0.97003,0.0,0.0,nan,0.0,0.00726,0.01819,26.51984,3.49293,0.24319,0.56377,0.56716,0.76115,0.28629,0.56716
-7.05437,4.42024,9.56905,-0.05622,-0.75051,0.65846,0.84718,0.0,0.0,nan,0.0,0.01595,0.07213,29.61407,3.03767,0.2411,0.59536,0.49047,0.39651,0.3292,0.49047
-6.94988,5.36737,10.27789,-0.01931,-0.34004,0.94021,0.8602,0.0,0.0,nan,0.0,0.01179,0.07456,19.77005,2.70018,0.23671,0.50392,0.78107,0.38371,0.37035,0.78107
-7.06135,6.80298,-9.29522,-0.16487,-0.40191,-0.90072,0.98863,0.0,0.0,nan,0.0,0.00698,0.02111,29.20122,1.88046,0.23257,0.57574,0.41046,0.61363,0.53179,0.41046
-6.1716,7.59146,9.90736,0.06232,0.10354,0.99267,0.98784,0.0,0.0,nan,0.0,0.00728,0.02906,33.35026,1.72103,0.24247,0.62325,0.45554,0.42597,0.58105,0.45554
-6.97294,7.0453,10.41514,0.04126,0.11126,0.99293,0.95828,0.0,0.0,nan,0.0,0.00569,0.03178,27.46564,1.79208,0.23792,0.50752,0.44419,0.37821,0.55801,0.44419
-6.98933,9.10283,-10.61608,-0.14896,-0.33201,-0.93144,0.94898,0.0,0.0,nan,0.0,0.00484,0.0221,20.83475,2.23387,0.23174,0.52086,0.71378,0.46115,0.44765,0.71378
-6.98998,8.27627,-9.65641,-0.19471,-0.48309,-0.85365,0.99656,0.0,0.0,nan,0.0,0.01065,0.03214,26.90866,1.89696,0.23382,0.59398,0.69981,0.59933,0.52716,0.69981
-6.98532,9.17943,9.58946,-0.05299,-0.08136,0.99528,0.9484,0.0,0.0,nan,0.0,0.00789,0.03841,35.92477,1.90074,0.23575,0.65881,0.81929,0.42295,0.52611,0.81929
-7.2504,8.25133,10.01812,-0.00645,0.08146,0.99666,0.98197,0.0,0.0,nan,0.0,0.00941,0.03621,34.36289,1.80253,0.24118,0.58518,0.70708,0.47,0.55478,0.70708
-6.93294,10.97451,-10.70452,-0.08024,0.14651,-0.98595,0.94429,0.0,0.0,nan,0.0,0.01046,0.05514,19.33012,2.02107,0.23212,0.5247,0.49951,0.39877,0.49479,0.49951
-7.25522,10.40115,9.79796,-0.11714,-0.32412,0.93874,0.94526,0.0,0.0,nan,0.0,0.00489,0.01475,27.17985,1.95058,0.23158,0.44651,0.35315,0.79701,0.51267,0.35315
-6.95128,11.02227,10.62195,-0.11128,-0.34297,0.93273,0.97003,0.0,0.0,nan,0.0,0.01111,0.03317,30.45629,3.42273,0.25278,0.65553,0.70229,0.54449,0.29216,0.70229
-6.75619,13.04667,-10.00265,-0.223,0.11442,-0.96808,0.98383,0.0,0.0,nan,0.0,0.00827,0.02222,29.43379,2.18368,0.24509,0.56845,0.58091,0.69908,0.45794,0.58091
-7.11059,12.92723,-9.79941,-0.18837,0.1658,-0.968,0.97737,0.0,0.0,nan,0.0,0.00904,0.02444,26.83525,2.73872,0.22868,0.58014,0.45774,0.68498,0.36513,0.45774
-6.91483,13.22233,11.28587,-0.0274,0.08665,0.99586,0.92667,0.0,0.0,nan,0.0,0.00562,0.02779,27.56781,1.69717,0.23866,0.42026,0.3948,0.51588,0.58922,0.3948
-6.35309,14.97996,-10.13278,-0.26376,-0.26137,-0.9285,0.98775,0.0,0.0,nan,0.0,0.0138,0.03752,33.65078,1.82976,0.2289,0.5559,0.41925,0.7008,0.54652,0.41925
-7.15156,14.93336,-9.42643,-0.25506,-0.26707,-0.92931,0.92539,0.0,0.0,nan,0.0,0.01288,0.03228,31.51301,1.63867,0.23646,0.58198,0.56121,0.72883,0.61025,0.56121
-7.58678,15.51925,9.99318,-0.14546,0.08681,0.98555,0.95907,0.0,0.0,nan,0.0,0.0087,0.03218,35.14866,1.767,0.24176,0.56975,0.56636,0.5017,0.56593,0.56636
-7.02587,14.93167,10.47104,-0.05013,0.15398,0.9868,0.98716,0.0,0.0,nan,0.0,0.00818,0.02481,33.48744,1.80253,0.23754,0.47678,0.39485,0.73324,0.55478,0.39485
-7.08753,16.8804,-11.10169,-0.2086,-0.33117,-0.92022,0.98794,0.0,0.0,nan,0.0,0.00746,0.02551,21.54975,1.80647,0.23857,0.57141,0.44498,0.55922,0.55357,0.44498
-7.79329,16.11091,-9.87358,-0.2073,-0.3709,-0.90524,0.98099,0.0,0.0,nan,0.0,0.00797,0.01903,22.94849,1.79543,0.23421,0.61357,0.57268,0.74154,0.55697,0.57268
-7.00724,16.98192,10.73825,-0.03864,-0.15771,0.98673,0.97933,0.0,0.0,nan,0.0,0.01214,0.03726,30.50758,1.70376,0.24557,0.52936,0.51625,0.65609,0.58694,0.51625
-7.01338,18.99314,-11.29941,-0.06448,0.09393,-0.99349,0.96572,0.0,0.0,nan,0.0,0.00759,0.01938,17.73112,1.90388,0.2343,0.48874,0.58277,0.89194,0.52524,0.58277
-7.00529,19.05689,11.27738,-0.08011,-0.22499,0.97106,0.98912,0.0,0.0,nan,0.0,0.01353,0.04692,19.5456,1.84185,0.23777,0.63457,0.45298,0.50091,0.54293,0.45298
-7.10613,20.92189,-10.67186,0.05395,0.17609,-0.98289,0.99215,0.0,0.0,nan,0.0,0.00669,0.01698,19.85101,2.22545,0.23488,0.45841,0.35045,0.94618,0.44935,0.35045
-6.38551,21.25483,-9.7602,0.0882,0.18293,-0.97916,0.8649,0.0,0.0,nan,0.0,0.00595,0.01691,19.96879,2.69371,0.23537,0.42273,0.44172,0.91668,0.37124,0.44172
-6.95076,21.00313,11.43907,-0.18905,0.0153,0.98185,0.99235,0.0,0.0,nan,0.0,0.00603,0.04931,18.47901,1.70749,0.23728,0.68402,0.83165,0.26835,0.58565,0.83165
-7.05622,23.04386,-10.46454,0.08523,-0.2409,-0.9668,0.95124,0.0,0.0,nan,0.0,0.00789,0.02373,25.07081,3.57158,0.23705,0.45303,0.26547,0.79291,0.27999,0.26547
-7.95672,23.40629,-9.9665,-0.03524,-0.25571,-0.96611,0.89652,0.0,0.0,nan,0.0,0.01304,0.02978,27.63711,2.0193,0.22607,0.62072,0.33104,0.75644,0.49522,0.33104
-7.00067,23.0432,11.21371,-0.27472,0.17139,0.94613,0.99685,0.0,0.0,nan,0.0,0.01295,0.05663,31.07153,1.82632,0.23718,0.78367,0.64804,0.31061,0.54755,0.64804
-7.16096,25.62528,-12.12642,-0.02535,-0.14315,-0.98938,0.90327,0.0,0.0,nan,0.0,0.01108,0.04054,18.80386,3.01294,0.23544,0.43386,0.28009,0.69717,0.3319,0.28009
-6.96068,24.60853,-11.56575,-0.01484,-0.34331,-0.9391,0.97678,0.0,0.0,nan,0.0,0.01232,0.0464,24.22581,2.03169,0.23581,0.62489,0.68215,0.46001,0.4922,0.68215
-7.788,24.74327,9.88961,-0.23746,-0.06763,0.96904,0.86402,0.0,0.0,nan,0.0,0.00943,0.0324,36.8996,2.22798,0.2334,0.66207,0.68148,0.46366,0.44884,0.68148
-6.95557,25.14495,10.71697,-0.26713,-0.12817,0.9551,0.97845,0.0,0.0,nan,0.0,0.00598,0.03557,25.42177,1.79761,0.24135,0.58919,0.5834,0.30793,0.55629,0.5834
-7.00374,26.44057,-12.1146,0.01837,0.06947,-0.99742,0.90817,0.0,0.0,nan,0.0,0.01019,0.03314,19.16585,1.89742,0.23762,0.48684,0.30005,0.69724,0.52703,0.30005
-6.79841,27.43316,-11.83476,0.09876,0.23921,-0.96593,0.95525,0.0,0.0,nan,0.0,0.0091,0.02677,23.17789,2.16942,0.23373,0.51079,0.32565,0.72259,0.46095,0.32565
-6.9803,27.01542,11.5782,-0.22027,-0.12911,0.96686,0.96357,0.0,0.0,nan,0.0,0.01328,0.04276,14.69194,2.33358,0.23527,0.77283,0.5157,0.45672,0.42853,0.5157
-7.01398,29.09922,-11.43463,0.0129,0.04104,-0.99907,0.97394,0.0,0.0,nan,0.0,0.01168,0.03108,29.60147,1.63867,0.2443,0.54676,0.4696,0.73345,0.61025,0.4696
-7.03972,28.9362,11.24832,-0.29254,0.12257,0.94837,0.98951,0.0,0.0,nan,0.0,0.00834,0.03052,24.64636,1.92671,0.23141,0.61084,0.4482,0.48388,0.51902,0.4482
-6.03833,28.35315,12.00671,-0.1112,0.02023,0.99359,0.94272,0.0,0.0,nan,0.0,0.00658,0.03025,23.90111,2.37943,0.24117,0.63338,0.81185,0.4643,0.42027,0.81185
-7.10785,30.9584,-11.31856,-0.1585,-0.16808,-0.97295,0.99656,0.0,0.0,nan,0.0,0.01674,0.0424,27.81433,1.80253,0.2431,0.60708,0.65212,0.69688,0.55478,0.65212
-7.87347,31.89638,9.90211,-0.4155,-0.11774,0.90194,0.86402,0.0,0.0,nan,0.0,0.00984,0.0351,34.98714,1.85586,0.23494,0.51036,0.57986,0.58048,0.53883,0.57986
-7.16565,31.03077,11.20029,-0.34567,0.02944,0.93789,0.96288,0.0,0.0,nan,0.0,0.01425,0.04708,32.60441,1.83346,0.23104,0.65059,0.74462,0.49371,0.54542,0.74462
-6.45137,33.15596,-12.07319,-0.07638,-0.01619,-0.99695,0.9529,0.0,0.0,nan,0.0,0.01355,0.03888,19.93474,2.14146,0.2298,0.71442,0.60329,0.53692,0.46697,0.60329
-7.27015,32.79449,-11.94682,-0.15766,-0.10208,-0.9822,0.95926,0.0,0.0,nan,0.0,0.01362,0.04272,15.4112,1.88341,0.23942,0.63326,0.5051,0.56877,0.53095,0.5051
-7.92776,32.04704,9.95093,-0.40908,-0.15161,0.89982,0.87312,0.0,0.0,nan,0.0,0.00944,0.03106,33.45121,1.86369,0.23008,0.46777,0.54976,0.68869,0.53657,0.54976
-7.07299,32.92029,11.2577,-0.19494,-0.243,0.95024,0.95936,0.0,0.0,nan,0.0,0.00837,0.06467,39.82702,1.88425,0.22139,0.6812,0.90182,0.38825,0.53071,0.90182
-6.03632,34.00787,-12.01358,-0.06214,0.16314,-0.98464,0.9622,0.0,0.0,nan,0.0,0.01016,0.03111,22.58672,1.63867,0.24676,0.67283,0.68266,0.52822,0.61025,0.68266
-6.87067,35.19825,-11.51217,-0.06348,0.34931,-0.93485,0.99753,0.0,0.0,nan,0.0,0.00628,0.02796,19.57923,1.63867,0.23803,0.42885,0.37006,0.57691,0.61025,0.37006
-7.19024,34.87004,11.91085,-0.10534,-0.11253,0.98805,0.95995,0.0,0.0,nan,0.0,0.01038,0.04798,20.78547,3.5575,0.2497,0.62718,0.84708,0.54865,0.2811,0.84708
-6.32667,35.40864,12.04754,-0.0395,-0.00083,0.99922,0.95261,0.0,0.0,nan,0.0,0.01366,0.0659,19.84841,1.80253,0.23207,0.54903,0.7823,0.46336,0.55478,0.7823
-7.06818,37.0768,-10.67978,-0.0995,0.06923,-0.99263,0.96543,0.0,0.0,nan,0.0,0.00889,0.01937,29.86028,1.83797,0.2421,0.513,0.71526,0.95495,0.54408,0.71526
-7.66786,37.37756,-9.93938,-0.11496,-0.00578,-0.99335,0.87273,0.0,0.0,nan,0.0,0.00636,0.01644,29.67484,1.86249,0.2408,0.52163,0.77875,0.87166,0.53692,0.77875
-7.05471,37.10648,11.53983,-0.0712,0.30051,0.95112,0.99303,0.0,0.0,nan,0.0,0.00705,0.03519,25.21184,3.48943,0.24606,0.48363,0.57145,0.44719,0.28658,0.57145
-6.26234,36.30445,12.06744,-0.05717,0.17385,0.98311,0.96367,0.0,0.0,nan,0.0,0.01025,0.05306,20.03997,1.80253,0.23048,0.67958,0.86083,0.4844,0.55478,0.86083
-7.04814,38.96451,-10.88421,-0.10801,-0.25832,-0.96,0.99528,0.0,0.0,nan,0.0,0.00633,0.02343,27.16579,1.65191,0.24138,0.54589,0.78288,0.59435,0.60536,0.78288
-7.69066,39.64839,9.84794,-0.00053,-0.078,0.99695,0.78062,0.0,0.0,nan,0.0,0.00882,0.02644,33.3655,3.21974,0.24871,0.38516,0.48809,0.91833,0.31058,0.48809
-6.95939,39.08076,10.65351,-0.0393,0.08127,0.99592,0.94429,0.0,0.0,nan,0.0,0.00736,0.02611,35.14567,1.63867,0.24527,0.46337,0.78606,0.7272,0.61025,0.78606
-7.00851,40.96162,-11.44869,-0.10503,-0.04006,-0.99366,0.99019,0.0,0.0,nan,0.0,0.01178,0.02193,18.87299,1.75971,0.23795,0.63139,0.70047,0.94057,0.56828,0.70047
-6.96297,40.98106,11.06474,-0.07882,-0.25059,0.96488,0.97903,0.0,0.0,nan,0.0,0.00922,0.03351,24.83659,3.34654,0.23933,0.47222,0.42246,0.62941,0.29882,0.42246
-6.90063,43.01286,-11.16632,-0.09165,0.19058,-0.97738,0.99802,0.0,0.0,nan,0.0,0.01024,0.02336,23.26466,1.68766,0.23403,0.5456,0.60731,0.87261,0.59254,0.60731
-7.02316,43.04028,11.5655,-0.14709,0.12644,0.98101,0.96895,0.0,0.0,nan,0.0,0.00595,0.03039,17.52078,3.4412,0.24137,0.38507,0.34608,0.56669,0.2906,0.34608
-6.92635,44.97194,-10.88194,-0.08826,0.03729,-0.9954,0.99744,0.0,0.0,nan,0.0,0.0103,0.02443,28.86115,1.83726,0.2312,0.47719,0.61999,0.94433,0.54429,0.61999
-6.12161,45.7155,9.82635,0.06797,0.15472,0.98562,0.83798,0.0,0.0,nan,0.0,0.01111,0.02696,30.90332,1.74377,0.24397,0.50551,0.59462,0.86832,0.57347,0.59462
-6.85106,45.03488,10.9961,-0.02818,0.26134,0.96484,0.98168,0.0,0.0,nan,0.0,0.00938,0.02971,24.14486,3.24126,0.2367,0.53844,0.28024,0.6345,0.30852,0.28024
-6.99611,46.99375,-10.73462,-0.09502,-0.07995,-0.99226,0.99861,0.0,0.0,nan,0.0,0.01285,0.03062,33.75458,1.63989,0.23939,0.53467,0.67408,0.83118,0.6098,0.67408
-6.01652,46.15363,9.89021,0.07088,0.06426,0.99541,0.86118,0.0,0.0,nan,0.0,0.01019,0.02716,34.99817,1.85234,0.23629,0.54475,0.68576,0.72813,0.53986,0.68576
-7.02338,47.0835,10.53961,0.00165,-0.11143,0.99377,0.98295,0.0,0.0,nan,0.0,0.01341,0.0303,28.84495,1.89261,0.22714,0.53178,0.70013,0.89007,0.52837,0.70013
-7.04425,48.80516,-11.17968,-0.1377,0.01857,-0.9903,0.98373,0.0,0.0,nan,0.0,0.00955,0.04354,25.72398,1.63867,0.24301,0.43863,0.40452,0.53877,0.61025,0.40452
-7.03102,48.96942,11.33288,-0.05136,-0.1109,0.9925,0.96846,0.0,0.0,nan,0.0,0.01047,0.03654,21.05537,1.68699,0.23762,0.48004,0.55826,0.65363,0.59277,0.55826
-6.98763,51.00723,-10.62679,-0.04043,0.32495,-0.94487,0.98735,0.0,0.0,nan,0.0,0.00573,0.02014,21.93008,3.25634,0.23475,0.55408,0.41151,0.5598,0.30709,0.41151
-6.4737,51.58539,-9.48005,-0.04249,0.29053,-0.95592,0.87342,0.0,0.0,nan,0.0,0.00488,0.01292,24.40517,1.88563,0.23701,0.51837,0.60474,0.78844,0.53033,0.60474
-7.7772,51.95149,9.92022,-0.0209,0.3738,0.92728,0.96367,0.0,0.0,nan,0.0,0.01984,0.04455,42.57428,2.0712,0.23041,0.67427,0.51583,0.69172,0.48281,0.51583
-7.00634,51.08005,10.99649,-0.0537,0.30711,0.95016,0.99019,0.0,0.0,nan,0.0,0.01185,0.04598,34.71527,1.63867,0.23607,0.66286,0.50334,0.41101,0.61025,0.50334
-7.1975,53.11148,-10.18694,-0.03507,0.09737,-0.99463,0.98608,0.0,0.0,nan,0.0,0.00407,0.02379,31.11198,1.72443,0.24484,0.64036,0.90694,0.57053,0.5799,0.90694
-6.60055,52.68181,-9.85213,-0.07267,0.11153,-0.9911,0.97071,0.0,0.0,nan,0.0,0.00373,0.02149,31.20897,2.03041,0.23523,0.68573,0.92379,0.60738,0.49251,0.92379
-7.40066,53.18573,9.79145,-0.07297,0.17614,0.98166,0.93225,0.0,0.0,nan,0.0,0.01416,0.03596,43.48575,1.87779,0.22676,0.51042,0.5266,0.80713,0.53254,0.5266
-6.59334,52.80938,10.3971,-0.13551,0.25568,0.95722,0.98775,0.0,0.0,nan,0.0,0.01347,0.04624,42.64428,2.02481,0.2281,0.56915,0.62993,0.53564,0.49387,0.62993
-6.9862,54.59628,-10.26055,-0.09316,0.03611,-0.995,0.98912,0.0,0.0,nan,0.0,0.00522,0.01842,26.63795,2.7143,0.23703,0.53883,0.66395,0.56518,0.36842,0.66395
-7.0692,55.41161,-9.68372,-0.08319,0.05808,-0.99484,0.99372,0.0,0.0,nan,0.0,0.00383,0.01713,26.79659,1.86501,0.24121,0.58268,0.83484,0.56661,0.53619,0.83484
-7.10884,54.67662,9.8604,-0.0966,-0.20078,0.97486,0.95016,0.0,0.0,nan,0.0,0.008,0.02169,34.52153,1.99984,0.23326,0.43494,0.3929,0.89694,0.50004,0.3929
-7.05629,55.43134,10.28272,-0.08024,-0.34482,0.93523,0.98461,0.0,0.0,nan,0.0,0.00623,0.02093,26.57717,1.67372,0.23704,0.43428,0.37595,0.7374,0.59747,0.37595
-6.53749,57.15469,-10.09626,-0.11478,0.15358,-0.98145,0.98824,0.0,0.0,nan,0.0,0.0075,0.02467,31.01636,1.8338,0.23869,0.52569,0.72501,0.6153,0.54532,0.72501
-7.18742,56.76738,-9.80105,-0.07992,0.15214,-0.98512,0.99293,0.0,0.0,nan,0.0,0.00794,0.02376,29.42371,1.9529,0.23501,0.50695,0.70225,0.70442,0.51206,0.70225
-7.0132,56.95247,11.25537,-0.02892,-0.26557,0.96366,0.97923,0.0,0.0,nan,0.0,0.00477,0.02039,21.67299,2.20022,0.23375,0.48998,0.49635,0.52161,0.4545,0.49635
-7.01387,58.99947,-9.39647,-0.12341,0.1127,-0.98594,0.99323,0.0,0.0,nan,0.0,0.01176,0.03068,29.81965,2.05019,0.23853,0.52415,0.60401,0.78046,0.48776,0.60401
-6.90272,59.02079,11.44025,0.00255,0.03842,0.99926,0.99303,0.0,0.0,nan,0.0,0.00319,0.02021,19.29284,2.19043,0.23877,0.38861,0.50955,0.44798,0.45653,0.50955
-6.32723,60.58142,-10.01594,-0.04037,-0.01909,-0.999,0.94517,0.0,0.0,nan,0.0,0.00772,0.02065,25.14526,2.0199,0.23298,0.4371,0.44764,0.92378,0.49507,0.44764
-7.14496,61.09843,-9.62269,-0.19714,-0.06185,-0.97842,0.97864,0.0,0.0,nan,0.0,0.00984,0.02506,23.89232,1.96921,0.2299,0.52917,0.73935,0.80391,0.50782,0.73935
-6.96026,60.9468,11.24735,0.0148,-0.0192,0.99971,0.99842,0.0,0.0,nan,0.0,0.00447,0.02109,19.70072,3.22269,0.23765,0.55276,0.53883,0.4226,0.3103,0.53883
-6.41185,63.33409,-10.03012,-0.11992,0.00695,-0.99276,0.94507,0.0,0.0,nan,0.0,0.00693,0.01897,22.80692,1.80253,0.23405,0.5065,0.53535,0.78437,0.55478,0.53535
-7.08158,62.80627,-9.66876,-0.18502,-0.03801,-0.982,0.97336,0.0,0.0,nan,0.0,0.00953,0.02449,23.09019,1.70242,0.24546,0.54215,0.61968,0.78001,0.5874,0.61968
-6.97811,63.04034,11.27041,-0.10392,0.16762,0.98036,0.98618,0.0,0.0,nan,0.0,0.01113,0.03113,20.67546,3.05402,0.25182,0.6511,0.58911,0.6022,0.32744,0.58911
-6.96327,65.0016,-9.37874,-0.11508,0.06098,-0.99148,0.99039,0.0,0.0,nan,0.0,0.01328,0.02747,26.73082,2.13124,0.23494,0.66065,0.7199,0.78672,0.46921,0.7199
-7.26302,65.20492,9.66792,-0.14097,0.28735,0.94739,0.89113,0.0,0.0,nan,0.0,0.01037,0.02545,42.9934,1.63867,0.23173,0.57089,0.64346,0.74728,0.61025,0.64346
-6.74603,64.91405,10.38272,-0.14936,0.2612,0.95366,0.97629,0.0,0.0,nan,0.0,0.00763,0.0272,37.4792,1.89229,0.23068,0.50795,0.75331,0.58834,0.52846,0.75331
-7.06859,66.76486,-9.50317,-0.11357,-0.11075,-0.98734,0.98921,0.0,0.0,nan,0.0,0.00669,0.02172,19.44543,1.87351,0.23518,0.53013,0.80494,0.77739,0.53376,0.80494
-7.87686,66.60735,9.9957,-0.09316,0.15664,0.98325,0.97992,0.0,0.0,nan,0.0,0.00641,0.01665,37.61673,1.72699,0.23379,0.4755,0.34087,0.85218,0.57904,0.34087
-6.96257,66.92236,10.46702,-0.17533,0.1456,0.97368,0.99646,0.0,0.0,nan,0.0,0.00747,0.02035,36.14177,2.0054,0.23339,0.43099,0.36362,0.89912,0.49865,0.36362
-6.99971,69.06947,-9.78572,-0.08782,0.01792,-0.99598,0.98178,0.00475,0.02377,0.6,1.0,0.01947,0.07835,11.33457,1.96284,0.22734,0.61021,0.50904,0.4792,0.50947,0.50904
-7.33567,69.38269,9.64783,-0.08066,-0.11012,0.99064,0.97394,0.0,0.0,nan,0.0,0.00807,0.02178,24.64147,1.87568,0.24596,0.64724,0.46455,0.61916,0.53314,0.46455
-6.64652,68.81777,10.23871,-0.10842,-0.04183,0.99322,0.99861,0.0,0.0,nan,0.0,0.00681,0.0193,26.76187,1.86343,0.24133,0.51829,0.48166,0.73149,0.53665,0.48166
-7.02497,71.18501,-9.33457,-0.06828,0.47783,-0.87579,0.96308,0.01164,0.05819,0.7,1.0,0.00844,0.07838,10.50114,2.13068,0.22524,0.37576,0.71204,0.34133,0.46933,0.71204
-7.81792,70.04203,9.82474,-0.06571,-0.03121,0.99735,0.98373,0.0,0.0,nan,0.0,0.00915,0.02219,22.54121,1.81481,0.24437,0.65307,0.35803,0.68767,0.55102,0.35803
-6.99627,70.95617,10.73363,-0.10103,0.06298,0.99289,0.90503,0.0,0.0,nan,0.0,0.00697,0.02201,23.28173,2.657,0.23011,0.68232,0.67664,0.50371,0.37636,0.67664
-6.93492,72.37288,-8.42146,-0.08304,0.76924,-0.63354,0.95897,0.00371,0.01857,0.7,1.0,0.00468,0.05804,15.37685,1.63867,0.23777,0.27622,0.65917,0.33026,0.61025,0.65917
-6.92244,73.01011,-7.01014,-0.09607,0.92919,-0.35691,0.98853,0.0,0.0,nan,0.0,0.00852,0.05404,17.43739,2.86898,0.22847,0.30466,0.67072,0.57692,0.34856,0.67072
-6.97896,73.49237,-5.08836,-0.08304,0.99221,-0.09288,0.99842,0.0,0.0,nan,0.0,0.01606,0.07195,18.29091,2.15374,0.22793,0.31474,0.59765,0.78698,0.46431,0.59765
-6.9847,73.32313,-3.02783,-0.10876,0.99352,-0.03301,0.99851,0.0,0.0,nan,0.0,0.00598,0.04977,21.60122,2.03012,0.22273,0.24789,0.79838,0.62621,0.49258,0.79838
-6.81374,73.46892,-0.98608,-0.08561,0.99532,-0.04477,0.99802,0.0,0.0,nan,0.0,0.00838,0.05064,24.36823,2.00157,0.23093,0.26124,0.35406,0.6856,0.49961,0.35406
-6.9982,73.65488,0.97177,-0.04154,0.99883,-0.02477,0.99832,0.0001,0.00051,0.7,1.0,0.00758,0.05958,20.67729,1.7711,0.22999,0.19017,0.27427,0.73376,0.56462,0.27427
-7.0552,73.66552,2.96062,-0.00993,0.99992,-0.0077,0.9993,0.0,0.0,nan,0.0,0.01054,0.06596,17.77536,1.80253,0.22549,0.24512,0.41641,0.72504,0.55478,0.41641
-6.97213,73.64095,4.98983,-0.00395,0.99951,0.03118,0.9992,0.0,0.0,nan,0.0,0.00732,0.06196,14.27211,1.63867,0.23192,0.23914,0.55062,0.56326,0.61025,0.55062
-6.95499,73.51846,7.02092,-0.00624,0.99005,0.14059,0.99881,0.0,0.0,nan,0.0,0.0054,0.05109,8.95716,1.86891,0.23196,0.21663,0.46991,0.59709,0.53507,0.46991
-6.99881,73.04424,9.07755,-0.05382,0.86209,0.50388,0.95544,0.0,0.0,nan,0.0,0.01014,0.07239,9.16099,1.98292,0.22953,0.37994,0.56087,0.44923,0.50431,0.56087
-6.93454,72.24918,10.21729,-0.09541,0.50676,0.85679,0.84983,0.0,0.0,nan,0.0,0.0083,0.14742,36.91576,1.63867,0.24118,0.69698,0.9481,0.2325,0.61025,0.9481
-4.99436,3.43077,-8.38177,0.01168,-0.45926,-0.88822,0.88448,0.0,0.0,nan,0.0,0.00259,0.03146,39.97244,3.35815,0.23752,0.79108,0.95413,0.31534,0.29778,0.95413
-4.98385,2.61522,-7.0582,-0.01006,-0.85325,-0.52141,0.93176,0.0,0.0,nan,0.0,0.01632,0.11497,40.93118,1.97484,0.24676,0.67935,0.65386,0.21912,0.50637,0.65386
-5.00055,2.18184,-5.07471,-0.01292,-0.99627,-0.08536,0.9943,0.01563,0.07816,0.51,1.0,0.00508,0.04644,5.26847,1.73864,0.23732,0.4741,0.87202,0.52261,0.57516,0.87202
-4.96389,2.24976,-2.94786,0.02554,-0.99376,0.10856,0.999,0.023,0.11498,0.51,1.0,0.02173,0.07309,4.47099,1.94136,0.23751,0.45872,0.69775,0.93814,0.5151,0.69775
-5.01484,2.61451,-0.87954,-0.00046,-0.98224,0.18762,0.99832,0.0,0.0,nan,0.0,0.00321,0.01232,10.45231,1.80253,0.24055,0.6082,0.6601,0.51109,0.55478,0.6601
-5.00128,3.0008,0.88751,-0.00934,-0.9972,0.07419,0.99685,0.0,0.0,nan,0.0,0.00755,0.01866,12.97847,1.896,0.23862,0.61517,0.54321,0.75891,0.52743,0.54321
-4.90614,3.1984,3.08395,0.06627,-0.93703,0.34292,0.98001,0.0,0.0,nan,0.0,0.0109,0.05236,27.42979,1.64972,0.23565,0.71911,0.58204,0.31048,0.60616,0.58204
-5.47365,3.75003,4.3394,0.06751,-0.937,0.34274,0.98109,0.0,0.0,nan,0.0,0.007,0.02261,28.15322,1.84604,0.24144,0.62723,0.6566,0.52872,0.5417,0.6566
-5.65829,3.75581,7.02297,0.02799,-0.99884,-0.03915,0.97208,0.0,0.0,nan,0.0,0.00689,0.02131,26.72336,3.01826,0.24144,0.55472,0.74513,0.62683,0.33132,0.74513
-5.0807,3.88634,8.64536,0.10652,-0.93469,0.33914,0.89133,0.0,0.0,nan,0.0,0.01077,0.04153,37.73744,1.70401,0.24174,0.60074,0.81387,0.57118,0.58685,0.81387
-4.92178,5.06864,-8.36717,0.01998,-0.3148,-0.94895,0.9898,0.0,0.0,nan,0.0,0.01061,0.02748,27.44842,1.85833,0.24125,0.65767,0.52623,0.62954,0.53812,0.52623
-5.66727,5.91434,-7.99053,-0.00203,-0.30713,-0.95166,0.92755,0.0,0.0,nan,0.0,0.00786,0.02024,25.63998,1.80521,0.23004,0.52044,0.44505,0.80437,0.55395,0.44505
-4.09141,4.07684,3.97429,-0.0217,-0.93594,0.3515,0.96171,0.0,0.0,nan,0.0,0.00887,0.02611,36.40577,2.86418,0.23029,0.64648,0.46037,0.55437,0.34914,0.46037
-5.10863,4.72121,4.73088,0.02789,-0.96898,0.24555,0.87322,0.0,0.0,nan,0.0,0.00593,0.0183,29.90136,3.53865,0.25786,0.49604,0.4934,0.6965,0.28259,0.4934
-4.78509,4.47749,7.04263,0.06983,-0.99714,-0.02876,0.99196,0.0,0.0,nan,0.0,0.0083,0.02209,26.86358,1.87138,0.23805,0.53603,0.55625,0.7528,0.53437,0.55625
-4.96565,4.13885,9.24322,0.08027,-0.83677,0.54163,0.84141,0.0,0.0,nan,0.0,0.00581,0.06248,49.38926,1.82919,0.24102,0.67194,0.96526,0.46295,0.54669,0.96526
-4.99838,5.30377,10.32299,0.04526,-0.33134,0.94243,0.84914,0.0,0.0,nan,0.0,0.01988,0.07786,62.38678,2.73941,0.23227,0.67485,0.58664,0.39037,0.36504,0.58664
-4.60045,7.73199,-10.16825,-0.06742,-0.48549,-0.87164,0.98814,0.0,0.0,nan,0.0,0.00914,0.02335,21.67908,1.71039,0.23789,0.57538,0.49417,0.74313,0.58466,0.49417
-5.14161,6.70832,-9.37763,-0.04083,-0.4606,-0.88667,0.99058,0.0,0.0,nan,0.0,0.00582,0.0207,28.72222,1.80253,0.23919,0.56778,0.47244,0.52966,0.55478,0.47244
-5.66648,6.03413,-7.99868,-0.00668,-0.32163,-0.94684,0.91923,0.0,0.0,nan,0.0,0.00735,0.01928,25.6439,1.74736,0.23504,0.50237,0.48754,0.81797,0.57229,0.48754
-5.03832,7.01025,9.34101,0.03401,0.02974,0.99898,0.94262,0.0,0.0,nan,0.0,0.014,0.05605,53.72173,1.88829,0.23937,0.54656,0.59955,0.47406,0.52958,0.59955
-5.38551,6.56085,10.2773,0.04912,0.04922,0.99758,0.95447,0.0,0.0,nan,0.0,0.00813,0.03722,30.37259,1.88067,0.2408,0.62327,0.46332,0.37362,0.53172,0.46332
-4.97935,9.02538,-10.56427,-0.04479,-0.30974,-0.94977,0.97649,0.0,0.0,nan,0.0,0.01249,0.03017,18.37074,1.73018,0.23816,0.56162,0.30488,0.81741,0.57797,0.30488
-5.81234,8.26062,-9.91285,-0.08035,-0.46408,-0.88214,0.9945,0.0,0.0,nan,0.0,0.00945,0.03404,22.73472,1.90568,0.23003,0.5816,0.72637,0.51925,0.52475,0.72637
-4.99106,8.67936,9.54161,-0.05629,-0.10865,0.99249,0.93009,0.0,0.0,nan,0.0,0.00673,0.02053,36.47994,1.65292,0.24082,0.58901,0.42329,0.58722,0.60499,0.42329
-4.71283,9.60137,10.29871,-0.1134,-0.28845,0.95075,0.98491,0.0,0.0,nan,0.0,0.01213,0.03712,29.83374,2.38159,0.22738,0.61253,0.58193,0.56945,0.41989,0.58193
-5.03005,11.03379,-10.74791,-0.00788,0.1407,-0.99002,0.96974,0.0,0.0,nan,0.0,0.00888,0.02918,20.63726,2.92738,0.24189,0.5959,0.55091,0.56008,0.3416,0.55091
-5.9986,10.0738,9.99896,-0.08571,-0.30533,0.94838,0.96279,0.0,0.0,nan,0.0,0.00966,0.02547,26.0959,2.38374,0.22472,0.53925,0.40942,0.75761,0.41951,0.40942
-4.97855,10.97116,10.73359,-0.09842,-0.33299,0.93778,0.98687,0.0,0.0,nan,0.0,0.01626,0.04916,27.82969,3.38769,0.24299,0.64552,0.60489,0.54912,0.29519,0.60489
-4.74083,13.07793,-10.23682,-0.06469,-0.09202,-0.99365,0.97571,0.0,0.0,nan,0.0,0.01439,0.02755,28.03774,1.83222,0.23788,0.6215,0.46993,0.90018,0.54579,0.46993
-5.5146,12.81763,-9.62374,-0.10725,0.04196,-0.99335,0.92363,0.0,0.0,nan,0.0,0.00767,0.02221,25.12203,1.70314,0.24495,0.50111,0.45126,0.74426,0.58715,0.45126
-5.0605,13.03304,10.98352,-0.03071,0.07019,0.99706,0.98589,0.0,0.0,nan,0.0,0.00985,0.03663,28.26394,1.71755,0.23411,0.51452,0.30967,0.55959,0.58223,0.30967
-4.98884,15.01041,-10.65439,-0.18929,-0.26715,-0.94488,0.99362,0.0,0.0,nan,0.0,0.01639,0.03448,32.07133,1.85372,0.22835,0.66496,0.4561,0.75931,0.53946,0.4561
-5.41527,15.02435,9.73619,-0.02855,0.14291,0.98932,0.88311,0.0,0.0,nan,0.0,0.01456,0.03593,37.71583,1.63867,0.2355,0.4751,0.37493,0.89825,0.61025,0.37493
-4.8353,14.67232,10.31812,-0.05646,0.16667,0.98439,0.97943,0.0,0.0,nan,0.0,0.01872,0.05047,35.29527,1.73023,0.24623,0.49828,0.45418,0.78668,0.57796,0.45418
-5.04877,16.89943,-11.39556,-0.13085,-0.23321,-0.96358,0.96964,0.0,0.0,nan,0.0,0.0077,0.02498,24.13925,1.66909,0.23355,0.62114,0.65285,0.5375,0.59913,0.65285
-5.05623,17.06291,10.55704,0.00048,-0.16574,0.98617,0.98735,0.0,0.0,nan,0.0,0.01282,0.03715,29.19867,1.7015,0.23561,0.50659,0.44811,0.72759,0.58772,0.44811
-5.06924,18.95657,-11.35399,-0.07476,0.17055,-0.98251,0.9531,0.0,0.0,nan,0.0,0.01448,0.04704,18.42508,1.88573,0.23828,0.62826,0.48631,0.5432,0.5303,0.48631
-4.92536,18.88216,11.23855,0.02272,-0.31635,0.94837,0.9991,0.0,0.0,nan,0.0,0.00683,0.03728,20.59036,1.89384,0.22864,0.53293,0.50027,0.37729,0.52803,0.50027
-4.99107,20.75897,-10.54873,-0.05914,0.26574,-0.96223,0.95486,0.0,0.0,nan,0.0,0.00831,0.03041,29.6972,1.69191,0.24821,0.60768,0.50188,0.47968,0.59105,0.50188
-5.70212,21.12791,-9.86174,0.03652,0.21581,-0.97575,0.86784,0.0,0.0,nan,0.0,0.00643,0.03069,25.91831,2.69158,0.23276,0.51992,0.38739,0.43376,0.37153,0.38739
-5.02527,20.96694,11.73482,-0.05518,-0.10018,0.99344,0.99049,0.0,0.0,nan,0.0,0.00805,0.02856,10.94085,1.68039,0.23861,0.59822,0.82381,0.72958,0.5951,0.82381
-5.07837,23.23075,-10.61479,-0.05304,-0.30092,-0.95217,0.96083,0.0,0.0,nan,0.0,0.01444,0.0364,36.69932,1.63867,0.23765,0.67651,0.65119,0.61847,0.61025,0.65119
-4.37652,23.24501,-9.60826,-0.09193,-0.28858,-0.95303,0.77172,0.0,0.0,nan,0.0,0.01011,0.02317,30.77382,3.5127,0.24272,0.59695,0.40027,0.77815,0.28468,0.40027
-5.02574,23.03608,11.77099,-0.12831,0.13614,0.98235,0.99147,0.0,0.0,nan,0.0,0.01672,0.05413,12.71602,1.84742,0.2383,0.75917,0.85437,0.70716,0.5413,0.85437
-4.18838,25.61412,-12.06293,-0.01687,-0.06122,-0.99798,0.88497,0.0,0.0,nan,0.0,0.0156,0.03964,29.70247,3.41603,0.24366,0.69741,0.70711,0.60214,0.29274,0.70711
-5.07896,24.92172,-11.7203,0.00397,-0.29919,-0.95419,0.92774,0.0,0.0,nan,0.0,0.00701,0.02631,21.06386,3.46251,0.24134,0.52159,0.61751,0.5589,0.28881,0.61751
-4.98425,24.91881,11.25008,-0.1079,0.02506,0.99385,0.98775,0.0,0.0,nan,0.0,0.00977,0.03054,15.71029,1.71213,0.23548,0.51136,0.71595,0.70516,0.58407,0.71595
-4.39431,26.28852,-12.07767,-0.01235,0.16042,-0.98697,0.90934,0.0,0.0,nan,0.0,0.00931,0.03801,29.16585,2.05462,0.23828,0.64091,0.56727,0.4084,0.48671,0.56727
-5.10765,27.29182,-11.19866,0.04318,0.25244,-0.96665,0.98246,0.0,0.0,nan,0.0,0.00527,0.01791,26.26893,1.8991,0.23935,0.46779,0.49556,0.67724,0.52656,0.49556
-5.0224,27.88616,-9.87606,0.08215,0.23473,-0.96858,0.67765,0.0,0.0,nan,0.0,0.00583,0.01521,29.60431,3.37575,0.2432,0.45109,0.48145,0.90682,0.29623,0.48145
-4.95058,27.06992,11.67857,0.03718,-0.1021,0.99408,0.98824,0.0,0.0,nan,0.0,0.01437,0.04057,22.4865,2.07433,0.23548,0.67584,0.43674,0.57061,0.48208,0.43674
-5.31305,29.09197,-10.61792,0.02372,-0.06272,-0.99775,0.90592,0.0,0.0,nan,0.0,0.00642,0.01809,28.70946,1.89907,0.23856,0.46105,0.50315,0.82361,0.52657,0.50315
-5.09432,28.2258,-9.87856,0.08202,0.12467,-0.9888,0.68205,0.0,0.0,nan,0.0,0.0054,0.01411,28.28576,3.34217,0.24036,0.40954,0.46294,1.0,0.29921,0.46294
-4.89458,29.13177,11.67051,0.07932,0.07421,0.99408,0.9667,0.0,0.0,nan,0.0,0.00971,0.02772,24.37413,1.65396,0.23742,0.45694,0.52252,0.82908,0.60461,0.52252
-5.30398,28.38216,12.06286,0.00436,0.00756,0.99996,0.94154,0.0,0.0,nan,0.0,0.00938,0.02595,22.51572,1.8274,0.2361,0.5811,0.71935,0.67706,0.54723,0.71935
-4.89224,30.93185,-11.43241,-0.08246,-0.24495,-0.96602,0.99577,0.0,0.0,nan,0.0,0.01176,0.04344,25.48126,1.98766,0.23634,0.55924,0.81818,0.66779,0.5031,0.81818
-4.76312,31.06929,11.5961,0.08888,0.12883,0.98767,0.96944,0.0,0.0,nan,0.0,0.00828,0.0223,27.88348,1.7832,0.23809,0.43797,0.73737,0.90801,0.56079,0.73737
-5.248,33.18978,-12.17766,-0.07709,0.00427,-0.99701,0.96455,0.0,0.0,nan,0.0,0.01315,0.03491,21.72275,2.15147,0.23217,0.65719,0.69336,0.62606,0.4648,0.69336
-4.52743,32.62126,-11.84628,-0.09203,-0.08566,-0.99206,0.99166,0.0,0.0,nan,0.0,0.02071,0.04793,22.74132,1.88999,0.22906,0.69977,0.74749,0.67187,0.5291,0.74749
-4.72928,33.07454,11.18786,0.09935,-0.15831,0.98238,0.98696,0.0,0.0,nan,0.0,0.00601,0.01646,28.10919,1.78125,0.24497,0.47827,0.65327,0.81818,0.5614,0.65327
-4.99619,34.21081,-12.06535,-0.10139,0.16997,-0.98022,0.97639,0.0,0.0,nan,0.0,0.01305,0.03137,22.85677,2.16832,0.24024,0.67574,0.60806,0.66941,0.46119,0.60806
-5.00119,35.19132,-11.38493,-0.15954,0.24603,-0.95604,0.99313,0.0,0.0,nan,0.0,0.01193,0.03668,24.52152,2.03199,0.23478,0.56589,0.49645,0.62152,0.49213,0.49645
-4.58647,34.70067,11.9093,0.09458,-0.19139,0.97695,0.9762,0.0,0.0,nan,0.0,0.00493,0.0221,24.34892,1.78978,0.24136,0.43626,0.63176,0.55341,0.55873,0.63176
-5.37558,35.27635,12.0761,0.04381,-0.04855,0.99786,0.93929,0.0,0.0,nan,0.0,0.00912,0.04982,18.70909,1.93136,0.24528,0.43939,0.58884,0.46141,0.51777,0.58884
-4.87366,37.05247,-10.79374,-0.26373,0.03378,-0.96401,0.94938,0.0,0.0,nan,0.0,0.01445,0.0322,29.46576,2.06331,0.22693,0.55058,0.2529,0.87038,0.48466,0.2529
-4.79624,37.19048,11.64023,0.05369,0.29895,0.95276,0.99284,0.0,0.0,nan,0.0,0.01496,0.03585,20.62128,1.80253,0.23839,0.61436,0.63644,0.7449,0.55478,0.63644
-5.37976,36.42337,12.13954,0.0167,0.16998,0.98531,0.9437,0.0,0.0,nan,0.0,0.00584,0.04755,17.18618,1.86543,0.23772,0.56948,0.93105,0.5722,0.53607,0.93105
-4.20162,39.87672,-12.07485,-0.15488,-0.12333,-0.98021,0.97453,0.0,0.0,nan,0.0,0.01029,0.02395,21.85121,2.1858,0.22982,0.54353,0.5214,0.86271,0.4575,0.5214
-5.08333,38.87305,-11.53152,-0.24116,-0.20166,-0.9493,0.99499,0.0,0.0,nan,0.0,0.01054,0.03022,28.6848,1.76448,0.23406,0.57382,0.3907,0.65004,0.56674,0.3907
-4.31874,39.92357,9.97212,0.02864,-0.16923,0.98516,0.79629,0.0,0.0,nan,0.0,0.01049,0.02933,38.20436,1.80253,0.24407,0.50873,0.68216,0.73969,0.55478,0.68216
-4.93123,39.0419,10.92237,0.0407,0.09882,0.99427,0.96357,0.0,0.0,nan,0.0,0.0066,0.04124,47.77425,2.18661,0.23009,0.68897,0.87028,0.39349,0.45733,0.87028
-4.1727,40.40848,-12.10459,-0.13831,-0.04662,-0.98929,0.97003,0.0,0.0,nan,0.0,0.0116,0.02398,18.19975,1.69941,0.23458,0.59847,0.70396,0.89725,0.58844,0.70396
-5.0688,40.97973,-11.70877,-0.16254,0.03114,-0.98621,0.98931,0.0,0.0,nan,0.0,0.01884,0.03268,20.31508,1.63867,0.23299,0.68266,0.47107,0.92769,0.61025,0.47107
-4.92803,40.65769,11.36621,0.01493,-0.28198,0.95931,0.98393,0.0,0.0,nan,0.0,0.00727,0.02544,29.48412,3.17639,0.2475,0.45671,0.43644,0.66781,0.31482,0.43644
-5.01744,43.0398,-11.39328,-0.08031,0.19758,-0.97699,0.99871,0.0,0.0,nan,0.0,0.00899,0.02339,25.05162,1.73523,0.23411,0.54645,0.52391,0.75983,0.57629,0.52391
-5.45511,42.84254,11.99788,-0.09112,0.07223,0.99322,0.92021,0.0,0.0,nan,0.0,0.0207,0.06116,19.00446,2.1737,0.23497,0.53773,0.58689,0.69573,0.46004,0.58689
-4.69597,43.1022,12.11528,-0.07582,0.1313,0.98844,0.90034,0.0,0.0,nan,0.0,0.02012,0.05361,18.27154,2.02468,0.22649,0.55417,0.68066,0.75125,0.49391,0.68066
-5.06497,44.86292,-11.21767,-0.07841,0.06054,-0.99508,0.99842,0.0,0.0,nan,0.0,0.00404,0.02071,32.47727,1.63867,0.23149,0.54402,0.91901,0.82929,0.61025,0.91901
-4.97371,45.6094,9.95165,-0.01749,0.23364,0.97217,0.84807,0.0,0.0,nan,0.0,0.00891,0.02028,30.73849,1.97857,0.23947,0.46836,0.32778,0.99937,0.50542,0.32778
-5.01727,44.75884,10.79385,-0.04927,0.36588,0.92936,0.98363,0.0,0.0,nan,0.0,0.00748,0.02323,31.94022,3.17678,0.24027,0.53838,0.53744,0.63521,0.31478,0.53744
-4.92606,46.83592,-11.14898,-0.10834,-0.10859,-0.98817,0.99939,0.0,0.0,nan,0.0,0.00554,0.02739,30.59305,1.71197,0.23899,0.57057,0.87049,0.61435,0.58412,0.87049
-5.62336,46.09575,9.96029,0.04827,0.09192,0.9946,0.86735,0.0,0.0,nan,0.0,0.01026,0.02261,33.70323,1.85504,0.23962,0.50286,0.60598,0.95618,0.53907,0.60598
-5.01681,46.95736,10.81366,-0.01159,-0.08792,0.99606,0.98295,0.0,0.0,nan,0.0,0.0096,0.02151,33.13531,1.9959,0.23562,0.54549,0.66952,0.86717,0.50103,0.66952
-4.97977,48.92948,-11.57783,-0.08793,0.03085,-0.99565,0.95867,0.0,0.0,nan,0.0,0.00635,0.04276,22.27264,3.5142,0.24726,0.42398,0.51869,0.38139,0.28456,0.51869
-4.93801,48.93992,11.31814,-0.01908,-0.17721,0.98399,0.98217,0.0,0.0,nan,0.0,0.00707,0.02612,24.21852,1.63867,0.23227,0.49841,0.48986,0.58767,0.61025,0.48986
-4.98483,50.98205,-10.74309,-0.19085,0.324,-0.92661,0.9808,0.0,0.0,nan,0.0,0.00953,0.03469,26.18763,1.767,0.23994,0.66353,0.51503,0.44542,0.56593,0.51503
-5.32019,51.67811,-9.55511,-0.17355,0.24416,-0.95408,0.8418,0.0,0.0,nan,0.0,0.00661,0.02222,27.7223,1.86577,0.23784,0.53736,0.51334,0.59349,0.53597,0.51334
-5.01211,51.05772,11.08529,-0.12643,0.19603,0.97241,0.99088,0.0,0.0,nan,0.0,0.01566,0.06029,23.33881,2.17638,0.2386,0.42083,0.59099,0.67006,0.45948,0.59099
-4.6547,53.0769,-10.39631,-0.30531,0.00433,-0.95224,0.98902,0.0,0.0,nan,0.0,0.0085,0.03778,38.14863,1.69155,0.24005,0.68314,0.63663,0.34655,0.59117,0.63663
-5.54745,52.77944,-9.75293,-0.19069,0.0513,-0.98031,0.93724,0.0,0.0,nan,0.0,0.00598,0.02722,35.80822,2.04644,0.23828,0.68257,0.85451,0.51072,0.48865,0.85451
-5.03891,53.02546,10.60567,-0.22602,0.19373,0.95466,0.98569,0.0,0.0,nan,0.0,0.04077,0.09852,29.28142,1.95605,0.23031,0.61337,0.79315,0.83618,0.51123,0.79315
-4.89469,55.04042,-10.48988,-0.28602,0.04581,-0.95713,0.99127,0.0,0.0,nan,0.0,0.00752,0.02521,17.4569,1.9118,0.23318,0.613,0.68985,0.54266,0.52307,0.68985
-5.82161,55.17271,-9.92882,-0.24155,0.04493,-0.96935,0.99528,0.0,0.0,nan,0.0,0.00726,0.02714,23.25808,1.72505,0.24103,0.61468,0.84459,0.67758,0.57969,0.84459
-5.33047,55.27527,9.73087,-0.14387,-0.25211,0.95694,0.8833,0.0,0.0,nan,0.0,0.00568,0.01742,28.35211,2.56565,0.22954,0.34942,0.48227,1.0,0.38977,0.48227
-4.78837,54.9524,10.04662,-0.15462,-0.14119,0.97783,0.93322,0.0,0.0,nan,0.0,0.00947,0.02315,33.62725,2.00438,0.23764,0.4445,0.65659,0.97548,0.49891,0.65659
-4.76276,56.90274,-10.36126,-0.18616,0.27438,-0.94343,0.98226,0.0,0.0,nan,0.0,0.00504,0.02204,20.91044,2.199,0.22955,0.38766,0.54404,0.64679,0.45475,0.54404
-5.61856,57.26306,-9.99338,-0.15525,0.20032,-0.96735,0.99205,0.0,0.0,nan,0.0,0.00846,0.02868,23.45325,3.52651,0.24658,0.4419,0.42961,0.72468,0.28357,0.42961
-4.93078,56.98025,11.4237,-0.07743,-0.23667,0.9685,0.97531,0.0,0.0,nan,0.0,0.0093,0.02119,28.23748,3.00488,0.23178,0.55998,0.42537,0.8394,0.33279,0.42537
-4.79648,59.0883,-9.01321,0.02853,0.16733,-0.98549,0.95603,0.0,0.0,nan,0.0,0.0075,0.01912,24.9859,3.38336,0.23729,0.42831,0.31405,0.98871,0.29556,0.31405
-5.17408,58.97795,11.13618,0.01261,0.06711,0.99767,0.9991,0.0,0.0,nan,0.0,0.00692,0.0195,29.02554,2.15473,0.23171,0.48066,0.72191,0.78864,0.4641,0.72191
-4.94084,60.98117,-9.22129,-0.01384,-0.09029,-0.99582,0.98677,0.0,0.0,nan,0.0,0.00817,0.02606,29.98189,2.13551,0.24082,0.4496,0.42782,0.74385,0.46827,0.42782
-4.95169,60.94356,10.84157,-0.00279,-0.05853,0.99828,0.98246,0.0,0.0,nan,0.0,0.0057,0.01918,26.01865,1.70238,0.23714,0.46174,0.56689,0.69299,0.58741,0.56689
-4.04161,63.74325,-10.01582,-0.08908,0.0439,-0.99506,0.96885,0.0,0.0,nan,0.0,0.02038,0.06058,23.42412,2.0007,0.22914,0.59494,0.48611,0.61373,0.49983,0.48611
-4.85037,63.05195,-9.43406,-0.04147,-0.0749,-0.99633,0.98843,0.0,0.0,nan,0.0,0.00879,0.02949,22.74149,1.88658,0.2377,0.46383,0.47642,0.69919,0.53006,0.47642
-5.01926,62.99401,11.52579,-0.12854,-0.01836,0.99153,0.97747,0.0,0.0,nan,0.0,0.01234,0.03358,20.63881,1.81094,0.24006,0.58824,0.51866,0.68507,0.5522,0.51866
-4.95431,64.98205,-9.41704,-0.08068,0.08018,-0.99351,0.98687,0.0,0.0,nan,0.0,0.00827,0.02177,24.05102,2.02591,0.23297,0.53517,0.5925,0.76873,0.49361,0.5925
-5.92338,65.82308,9.8936,-0.2315,0.20762,0.95042,0.92892,0.0,0.0,nan,0.0,0.0093,0.02693,35.6377,1.80416,0.2261,0.47899,0.61873,0.76114,0.55428,0.61873
-5.02992,65.06499,11.05251,-0.26056,0.20723,0.94296,0.99411,0.0,0.0,nan,0.0,0.0129,0.0448,30.94782,1.92709,0.22832,0.60983,0.39948,0.50285,0.51892,0.39948
-4.93054,66.86753,-9.69746,-0.09777,-0.13305,-0.98628,0.99303,0.0,0.0,nan,0.0,0.00479,0.01573,16.69584,1.73925,0.23898,0.40811,0.43078,0.83534,0.57496,0.43078
-5.75485,67.16264,9.92169,-0.20483,0.12321,0.97101,0.96866,0.0,0.0,nan,0.0,0.01281,0.02948,34.12951,1.63867,0.23549,0.48419,0.34215,0.95036,0.61025,0.34215
-5.0808,67.00289,10.5905,-0.23892,0.17592,0.95497,0.99421,0.0,0.0,nan,0.0,0.01578,0.03368,35.02856,2.16046,0.24017,0.51234,0.52788,0.96669,0.46286,0.52788
-4.91303,68.94117,-9.98984,-0.08863,0.02857,-0.99566,0.97385,0.0,0.0,nan,0.0,0.01092,0.04971,10.51503,1.9506,0.22287,0.57686,0.58272,0.45327,0.51266,0.58272
-5.44492,68.76076,9.6622,-0.17179,-0.00675,0.98511,0.9157,0.0,0.0,nan,0.0,0.00838,0.02299,27.03058,3.21809,0.24759,0.4965,0.7226,0.78833,0.31074,0.7226
-4.74985,69.18169,10.08853,-0.21726,-0.0439,0.97513,0.95779,0.0,0.0,nan,0.0,0.00959,0.02304,26.71269,3.31868,0.23719,0.57709,0.56143,0.77518,0.30132,0.56143
-4.98046,71.11604,-9.45346,-0.06163,0.44026,-0.89575,0.97512,0.01534,0.0767,0.7,1.0,0.01242,0.07951,11.67634,1.73973,0.23177,0.52828,0.5479,0.34641,0.5748,0.5479
-4.97244,70.97964,10.84157,-0.15049,0.08732,0.98475,0.92099,0.0,0.0,nan,0.0,0.00718,0.02943,19.01625,2.02574,0.23324,0.54765,0.3088,0.49253,0.49365,0.3088
-5.03344,72.50646,-8.4521,-0.07047,0.75547,-0.65138,0.96142,0.0,0.0,nan,0.0,0.00387,0.06131,15.50359,1.66542,0.238,0.2852,0.82875,0.33442,0.60045,0.82875
-5.06171,73.21854,-7.0433,-0.08436,0.92914,-0.35998,0.98814,0.0,0.0,nan,0.0,0.01279,0.06694,17.66294,1.80253,0.22682,0.37496,0.57515,0.56745,0.55478,0.57515
-4.86773,73.66073,-4.92015,-0.1036,0.99021,-0.09352,0.9991,0.0,0.0,nan,0.0,0.01184,0.05926,22.73818,2.18428,0.22126,0.3126,0.728,0.69515,0.45782,0.728
-4.98105,73.59415,-2.92677,-0.09688,0.99512,-0.0188,0.99842,0.0,0.0,nan,0.0,0.01304,0.05039,28.99811,2.10647,0.22464,0.32819,0.60368,0.84267,0.47473,0.60368
-5.03916,73.73735,-1.0549,-0.06356,0.99795,-0.00782,0.99685,0.0,0.0,nan,0.0,0.01006,0.05222,25.92921,1.90273,0.23158,0.30565,0.40337,0.67857,0.52556,0.40337
-5.03979,73.67046,1.00678,-0.03442,0.99941,-0.00207,0.99587,0.0,0.0,nan,0.0,0.00989,0.07202,18.85469,1.83364,0.2272,0.30777,0.35454,0.49338,0.54536,0.35454
-4.98566,73.72657,3.03377,-0.0243,0.99965,0.01067,0.99714,0.0,0.0,nan,0.0,0.01159,0.07247,13.18028,1.80253,0.23171,0.2965,0.55213,0.6211,0.55478,0.55213
-5.08537,73.6229,4.99979,-0.00556,0.99928,0.03756,0.99793,0.0,0.0,nan,0.0,0.01098,0.06259,10.60237,1.63867,0.24447,0.28919,0.41159,0.72092,0.61025,0.41159
-4.99327,73.52185,6.93816,-0.03339,0.99381,0.10596,0.99871,0.0,0.0,nan,0.0,0.00839,0.05916,11.21402,2.48014,0.22586,0.21623,0.36499,0.77263,0.4032,0.36499
-5.00537,73.13547,9.13127,-0.06835,0.87,0.4883,0.95505,0.0,0.0,nan,0.0,0.01315,0.08448,12.09975,1.67657,0.23072,0.32286,0.36616,0.56185,0.59646,0.36616
-4.9209,72.31071,10.2707,-0.09936,0.55302,0.82722,0.89299,0.0,0.0,nan,0.0,0.01183,0.09517,15.87604,2.05243,0.2371,0.54306,0.52894,0.25777,0.48723,0.52894
-4.00966,74.00787,-4.51048,-0.0872,0.99374,-0.06987,0.99391,0.0,0.0,nan,0.0,0.01229,0.06997,25.03969,2.06791,0.22843,0.37297,0.79803,0.60106,0.48358,0.79803
-4.25682,74.03771,-2.6305,-0.07523,0.99714,-0.00662,0.99137,0.0,0.0,nan,0.0,0.01448,0.05794,28.14818,2.53988,0.23146,0.34616,0.65904,0.77321,0.39372,0.65904
-2.99308,3.32138,-8.52511,-0.09399,-0.40809,-0.90809,0.87792,0.0,0.0,nan,0.0,0.00389,0.03086,46.01119,1.88986,0.23137,0.86424,0.95958,0.46183,0.52914,0.95958
-3.03216,2.45833,-7.12669,-0.09471,-0.84956,-0.51892,0.90826,0.0,0.0,nan,0.0,0.00529,0.10907,43.82607,2.34213,0.21935,0.68469,0.95826,0.22198,0.42696,0.95826
-3.01421,2.11715,-4.99665,-0.01832,-0.99958,-0.02251,0.99519,0.00028,0.00138,0.51,1.0,0.01074,0.04209,4.00311,1.83757,0.23809,0.42537,0.66701,0.89947,0.5442,0.66701
-3.02859,2.33039,-3.01168,0.02225,-0.99382,0.10877,0.99861,0.02462,0.1231,0.51,1.0,0.0171,0.05063,4.46395,2.22291,0.23126,0.49035,0.44754,0.99755,0.44986,0.44754
-2.97695,2.58708,-0.8804,-0.01411,-0.98941,0.14448,0.99773,0.0,0.0,nan,0.0,0.00268,0.01245,10.9074,1.63867,0.22519,0.64573,0.81839,0.50517,0.61025,0.81839
-2.9712,2.90429,0.85557,-0.02693,-0.99236,0.12039,0.99881,0.0,0.0,nan,0.0,0.01078,0.02339,16.37324,1.87397,0.23414,0.69311,0.46719,0.74649,0.53363,0.46719
-2.92514,3.23491,3.04376,-0.07191,-0.95875,0.27499,0.99196,0.0,0.0,nan,0.0,0.00613,0.02285,29.38801,1.67003,0.23515,0.57673,0.74551,0.49714,0.59879,0.74551
-2.68173,3.8506,5.1688,-0.1473,-0.9583,0.24488,0.99665,0.0,0.0,nan,0.0,0.01019,0.02502,30.65777,1.83809,0.2361,0.52063,0.41849,0.83351,0.54404,0.41849
-3.128,3.91189,6.32439,-0.0667,-0.99534,0.06961,0.99577,0.0,0.0,nan,0.0,0.00723,0.02201,33.03787,2.02376,0.23647,0.49148,0.51299,0.70822,0.49413,0.51299
-3.40632,3.98701,8.83306,0.00343,-0.9406,0.33949,0.88428,0.0,0.0,nan,0.0,0.00597,0.04063,45.09465,1.9794,0.24337,0.70539,0.94946,0.60173,0.5052,0.94946
-2.81489,5.28111,-8.22142,-0.08774,-0.30858,-0.94714,0.96122,0.0,0.0,nan,0.0,0.01117,0.02817,31.30803,2.5658,0.23995,0.75347,0.7567,0.57213,0.38974,0.7567
-3.23614,4.79682,-7.63412,-0.07673,-0.34091,-0.93696,0.9251,0.0,0.0,nan,0.0,0.00552,0.02697,32.86415,3.18822,0.23821,0.787,0.89288,0.50798,0.31365,0.89288
-3.07714,4.17867,3.77753,-0.12151,-0.93202,0.34144,0.95065,0.0,0.0,nan,0.0,0.00813,0.02485,33.70497,1.80253,0.23063,0.54216,0.46814,0.63881,0.55478,0.46814
-3.37776,4.42039,4.59863,-0.10537,-0.95675,0.27115,0.93332,0.0,0.0,nan,0.0,0.01201,0.02681,31.99617,1.68427,0.23817,0.56581,0.43973,0.84136,0.59373,0.43973
-3.04287,4.39866,7.26244,-0.0219,-0.998,0.05937,0.98706,0.0,0.0,nan,0.0,0.01006,0.02956,30.38737,1.85155,0.23419,0.54562,0.69851,0.66462,0.54009,0.69851
-2.99163,4.13473,9.22456,-0.04214,-0.90409,0.42526,0.86138,0.0,0.0,nan,0.0,0.00863,0.05076,50.32987,1.88933,0.23333,0.73946,0.94083,0.61433,0.52929,0.94083
-2.99185,5.2768,10.20734,-0.10444,-0.5261,0.84399,0.84092,0.0,0.0,nan,0.0,0.01377,0.08954,56.73184,1.71976,0.24002,0.57369,0.82312,0.36238,0.58148,0.82312
-2.69004,7.80181,-10.02808,-0.04217,-0.45323,-0.8904,0.99861,0.0,0.0,nan,0.0,0.00649,0.02117,15.53423,2.0001,0.23739,0.58977,0.87806,0.99407,0.49998,0.87806
-3.07628,6.90685,-9.33936,-0.05267,-0.51733,-0.85416,0.99704,0.0,0.0,nan,0.0,0.00981,0.02011,16.22164,3.54584,0.24223,0.57173,0.51363,0.95826,0.28202,0.51363
-3.68639,7.10297,9.72931,-0.17376,-0.01063,0.98473,0.96337,0.0,0.0,nan,0.0,0.01012,0.03512,40.98461,3.60506,0.24867,0.6464,0.56008,0.46777,0.27739,0.56008
-2.71667,6.96469,10.50122,-0.25596,-0.05387,0.96519,0.9806,0.0,0.0,nan,0.0,0.00647,0.04491,35.30718,3.3822,0.24204,0.61033,0.68501,0.24944,0.29567,0.68501
-2.94525,9.00517,-10.4519,-0.02117,-0.25106,-0.96774,0.97267,0.0,0.0,nan,0.0,0.01563,0.0378,18.38747,1.99991,0.23031,0.52226,0.66472,0.87771,0.50002,0.66472
-3.30683,8.12029,-9.90023,-0.03494,-0.43959,-0.89752,0.9989,0.0,0.0,nan,0.0,0.01061,0.02182,16.60083,1.68571,0.23875,0.57153,0.71049,0.95307,0.59322,0.71049
-3.4939,8.975,9.60651,-0.27589,-0.17768,0.94462,0.91972,0.0,0.0,nan,0.0,0.01071,0.0563,34.46132,2.6959,0.22735,0.59198,0.49826,0.34011,0.37093,0.49826
-2.73409,9.13773,10.40639,-0.26844,-0.14057,0.95298,0.99372,0.0,0.0,nan,0.0,0.01106,0.03642,31.69382,1.86102,0.24256,0.67868,0.71888,0.47586,0.53734,0.71888
-2.98952,11.01749,-10.63137,-0.03117,0.10566,-0.99391,0.99107,0.0,0.0,nan,0.0,0.00792,0.01807,22.7744,3.39064,0.24113,0.59644,0.32018,0.79909,0.29493,0.32018
-2.94064,11.86265,-9.74506,-0.0842,0.08456,-0.99285,0.90112,0.0,0.0,nan,0.0,0.00549,0.01369,23.71261,2.27607,0.22987,0.47468,0.41802,0.91588,0.43935,0.41802
-3.01597,10.97305,10.72648,-0.08599,-0.19694,0.97664,0.9897,0.0,0.0,nan,0.0,0.0098,0.02985,23.80311,1.86029,0.23382,0.53257,0.75856,0.68706,0.53755,0.75856
-3.23308,13.39699,-10.33974,-0.11221,-0.18556,-0.9762,0.97678,0.0,0.0,nan,0.0,0.00902,0.0281,30.81487,1.70992,0.24356,0.60348,0.50085,0.56631,0.58482,0.50085
-2.65753,12.66589,-9.43513,-0.12811,-0.09417,-0.98728,0.80235,0.0,0.0,nan,0.0,0.00731,0.01758,26.02196,1.63867,0.24461,0.46446,0.395,0.96389,0.61025,0.395
-2.90464,13.00258,11.2841,0.0281,0.03571,0.99897,0.97835,0.0,0.0,nan,0.0,0.01372,0.04034,28.16368,1.6919,0.23951,0.64419,0.52169,0.56552,0.59105,0.52169
-3.00239,15.01389,-10.96213,-0.08701,-0.27273,-0.95815,0.99734,0.0,0.0,nan,0.0,0.00806,0.01838,28.36108,2.98963,0.23509,0.66288,0.48371,0.70829,0.33449,0.48371
-2.96249,14.98201,10.86261,-0.04134,0.13634,0.9898,0.99558,0.0,0.0,nan,0.0,0.01061,0.03192,32.49037,2.06173,0.24077,0.53951,0.80776,0.80236,0.48503,0.80776
-3.07129,17.2136,-11.22496,-0.10189,-0.16895,-0.98034,0.98001,0.0,0.0,nan,0.0,0.00648,0.01872,23.3659,1.99685,0.24061,0.53827,0.37859,0.69801,0.50079,0.37859
-3.00086,17.07465,10.60367,-0.01228,-0.07458,0.99714,0.9897,0.0,0.0,nan,0.0,0.01575,0.03622,32.45877,1.86877,0.23104,0.53359,0.62397,0.86509,0.53511,0.62397
-2.90756,18.86894,-11.65896,-0.12116,0.10633,-0.98692,0.96406,0.0,0.0,nan,0.0,0.0139,0.03238,22.3337,2.00588,0.22017,0.67723,0.37206,0.69043,0.49853,0.37206
-3.01214,18.96454,11.14363,0.03245,-0.34823,0.93685,0.99577,0.0,0.0,nan,0.0,0.00651,0.03826,23.5142,1.8954,0.23143,0.44557,0.58368,0.4142,0.52759,0.58368
-3.01029,21.0674,-10.90176,-0.22404,0.17795,-0.9582,0.97629,0.0,0.0,nan,0.0,0.01008,0.02565,24.06273,1.63867,0.24144,0.53358,0.58435,0.79749,0.61025,0.58435
-3.04671,20.95992,11.74526,0.0031,-0.14884,0.98886,0.99479,0.0,0.0,nan,0.0,0.0068,0.03917,10.2241,1.63867,0.23379,0.38448,0.43206,0.54013,0.61025,0.43206
-3.10887,22.93226,-11.01607,-0.17799,-0.18417,-0.96664,0.98207,0.0,0.0,nan,0.0,0.01693,0.03018,42.13453,1.72302,0.23668,0.62792,0.61097,0.9359,0.58038,0.61097
-3.75505,22.60118,-9.81454,-0.1768,-0.1221,-0.97664,0.80617,0.0,0.0,nan,0.0,0.01141,0.0308,43.97501,1.63867,0.2327,0.72915,0.78821,0.60503,0.61025,0.78821
-3.05626,23.02066,11.70055,-0.01678,0.12081,0.99253,0.99861,0.0,0.0,nan,0.0,0.01642,0.06429,11.68432,1.74973,0.22282,0.67604,0.50112,0.44255,0.57152,0.50112
-3.26615,25.59546,-12.16332,-0.04155,-0.04318,-0.9982,0.89427,0.0,0.0,nan,0.0,0.01788,0.04247,28.89502,2.22965,0.23485,0.62462,0.73576,0.72043,0.4485,0.73576
-2.90747,24.72186,-11.36723,-0.10227,-0.27213,-0.95681,0.9712,0.0,0.0,nan,0.0,0.01171,0.0366,33.109,2.27433,0.22557,0.50646,0.42369,0.66975,0.43969,0.42369
-3.00753,24.93176,11.23008,0.01248,0.09813,0.9951,0.99753,0.0,0.0,nan,0.0,0.01038,0.03058,16.44963,1.63867,0.23792,0.49696,0.74194,0.76634,0.61025,0.74194
-3.01622,26.42459,-12.14997,-0.03413,0.14644,-0.98863,0.89975,0.0,0.0,nan,0.0,0.00939,0.03259,28.06594,2.83024,0.23639,0.54352,0.45712,0.5678,0.35333,0.45712
-2.97822,27.47984,-11.34457,-0.06875,0.22911,-0.97097,0.97717,0.0,0.0,nan,0.0,0.01277,0.03291,30.20483,1.87691,0.2311,0.66237,0.74423,0.62463,0.53279,0.74423
-2.97587,27.01972,11.50084,0.13357,0.0317,0.99053,0.97874,0.0,0.0,nan,0.0,0.01172,0.03011,24.89859,2.05505,0.23508,0.52197,0.3788,0.80587,0.48661,0.3788
-3.10934,28.85518,-11.55192,-0.10937,-0.06682,-0.99175,0.97766,0.0,0.0,nan,0.0,0.01111,0.02666,33.9598,3.49875,0.24114,0.62556,0.63001,0.70557,0.28582,0.63001
-2.30099,29.30645,9.79244,0.17967,0.09558,0.97907,0.78004,0.0,0.0,nan,0.0,0.00935,0.01874,28.49893,1.70696,0.23435,0.58248,0.70034,0.91689,0.58584,0.70034
-2.76671,29.1073,11.37584,0.22335,0.10795,0.96874,0.9943,0.0,0.0,nan,0.0,0.00768,0.01789,27.56675,1.71437,0.24393,0.468,0.3705,0.9843,0.5833,0.3705
-2.67033,31.42082,-12.111,-0.06049,-0.17374,-0.98293,0.98814,0.0,0.0,nan,0.0,0.00588,0.04179,22.78997,1.86106,0.24691,0.781,0.97397,0.69129,0.53733,0.97397
-3.1787,30.73969,-11.93621,-0.10762,-0.23837,-0.96519,0.98324,0.0,0.0,nan,0.0,0.01016,0.03294,23.00328,1.88151,0.22944,0.78904,0.88986,0.76883,0.53149,0.88986
-2.82783,31.0327,11.20796,0.15852,0.01785,0.98719,0.98892,0.0,0.0,nan,0.0,0.01035,0.03097,33.87537,1.71151,0.25277,0.53335,0.47818,0.6638,0.58428,0.47818
-2.86942,33.05042,-12.27536,-0.01319,0.03205,-0.9994,0.9761,0.0,0.0,nan,0.0,0.0075,0.02901,22.66802,2.19505,0.23077,0.64301,0.88893,0.78758,0.45557,0.88893
-3.7805,32.84533,-11.88702,-0.06187,-0.03086,-0.99761,0.99215,0.0,0.0,nan,0.0,0.0152,0.0387,24.12191,1.88505,0.22951,0.63898,0.79055,0.76475,0.53049,0.79055
-2.87983,33.05633,10.70257,0.02437,-0.21417,0.97649,0.93851,0.0,0.0,nan,0.0,0.00899,0.02643,39.66157,1.65459,0.24451,0.54868,0.74698,0.65115,0.60438,0.74698
-2.85474,34.40945,-12.11794,0.01278,0.13233,-0.99112,0.98266,0.0,0.0,nan,0.0,0.00481,0.02142,22.849,1.8787,0.23076,0.5048,0.87813,0.81971,0.53228,0.87813
-3.01718,35.23917,-11.78155,-0.01318,0.14947,-0.98868,0.98765,0.0,0.0,nan,0.0,0.00958,0.02408,23.99524,2.1953,0.24077,0.49507,0.62706,0.87086,0.45552,0.62706
-3.15856,34.88218,11.87702,-0.02078,-0.19198,0.98118,0.95858,0.0,0.0,nan,0.0,0.01141,0.03584,26.51114,3.04766,0.2432,0.52653,0.68598,0.65014,0.32812,0.68598
-2.35539,35.38177,12.11672,-0.0648,-0.07105,0.99537,0.93117,0.0,0.0,nan,0.0,0.01483,0.04461,29.75105,2.04193,0.23221,0.51093,0.48214,0.69425,0.48973,0.48214
-2.96914,37.04635,-11.91728,-0.04478,-0.01751,-0.99884,0.97297,0.0,0.0,nan,0.0,0.01121,0.0311,30.79645,1.63867,0.23873,0.56507,0.34691,0.6791,0.61025,0.34691
-2.95672,37.0273,11.30973,-0.06095,0.28666,0.95609,0.98696,0.0,0.0,nan,0.0,0.00835,0.02749,26.9347,1.71548,0.24542,0.53066,0.85251,0.91481,0.58293,0.85251
-2.21734,36.25328,12.06186,-0.09939,0.10837,0.98913,0.95261,0.0,0.0,nan,0.0,0.00861,0.0258,23.88734,3.37659,0.23223,0.45971,0.73427,0.78646,0.29616,0.73427
-2.79853,39.57433,-12.248,-0.05409,-0.13822,-0.98892,0.96288,0.0,0.0,nan,0.0,0.0071,0.03599,28.45322,1.7038,0.23942,0.5483,0.48865,0.38487,0.58692,0.48865
-3.03426,38.68786,-11.66807,-0.07875,-0.17231,-0.98189,0.99587,0.0,0.0,nan,0.0,0.00899,0.03735,31.21648,1.67618,0.24021,0.60267,0.47565,0.42521,0.59659,0.47565
-3.02715,39.73592,9.93063,-0.10464,-0.11505,0.98783,0.74069,0.0,0.0,nan,0.0,0.01116,0.02447,40.83614,1.80253,0.23919,0.49676,0.59773,0.96273,0.55478,0.59773
-2.96482,38.97705,10.56626,-0.11303,0.08621,0.98984,0.8975,0.0,0.0,nan,0.0,0.00861,0.03939,45.59259,1.68175,0.23157,0.597,0.77524,0.41557,0.59462,0.77524
-2.94766,40.76134,-12.21315,-0.0766,0.0303,-0.9966,0.9715,0.0,0.0,nan,0.0,0.01554,0.03469,19.27877,1.63867,0.23328,0.61051,0.53392,0.80988,0.61025,0.53392
-3.10452,41.6891,-11.97271,-0.07524,0.20949,-0.97491,0.98315,0.0,0.0,nan,0.0,0.02063,0.05533,19.1753,1.63867,0.24252,0.59683,0.44385,0.68993,0.61025,0.44385
-3.04717,40.7844,11.48087,-0.07807,-0.2958,0.95206,0.99156,0.0,0.0,nan,0.0,0.0097,0.03662,36.5723,1.63867,0.23841,0.53272,0.59835,0.52454,0.61025,0.59835
-3.082,43.04754,-11.32859,-0.02268,0.20963,-0.97752,0.99049,0.0,0.0,nan,0.0,0.01108,0.03549,22.24146,1.89936,0.2368,0.51327,0.55451,0.66293,0.52649,0.55451
-3.17232,43.05006,11.87519,-0.05546,0.1118,0.99218,0.94115,0.0,0.0,nan,0.0,0.02121,0.06862,24.07775,1.63867,0.2431,0.53088,0.45208,0.63052,0.61025,0.45208
-2.49624,42.95261,12.05692,-0.05951,0.0662,0.99603,0.93636,0.0,0.0,nan,0.0,0.01613,0.04845,22.7899,1.66192,0.23942,0.52562,0.77651,0.75286,0.60171,0.77651
-2.98,44.91839,-11.25092,-0.06327,0.03552,-0.99736,0.99372,0.0,0.0,nan,0.0,0.01258,0.041,27.04527,1.73126,0.24469,0.61076,0.61846,0.53964,0.57761,0.61846
-3.81471,45.4891,9.84423,-0.10623,0.26665,0.95792,0.81439,0.0,0.0,nan,0.0,0.00829,0.02222,35.26101,1.98434,0.23775,0.4959,0.67218,0.79513,0.50395,0.67218
-3.01424,45.1522,11.14487,-0.13014,0.35161,0.92706,0.9947,0.0,0.0,nan,0.0,0.00817,0.02511,33.27143,1.89644,0.23976,0.44117,0.33856,0.78212,0.5273,0.33856
-2.94238,46.84368,-11.13664,-0.09035,-0.1073,-0.99011,0.99577,0.0,0.0,nan,0.0,0.00796,0.03129,23.94116,1.90259,0.24017,0.65234,0.68284,0.42256,0.5256,0.68284
-3.01006,47.02133,10.68046,-0.08035,-0.07308,0.99408,0.97091,0.0,0.0,nan,0.0,0.01136,0.02539,37.33768,1.69364,0.24441,0.50763,0.45578,0.92894,0.59044,0.45578
-3.02503,48.89005,-11.73072,-0.09009,0.03971,-0.99514,0.97982,0.0,0.0,nan,0.0,0.00756,0.03694,17.5975,3.24204,0.23687,0.7195,0.58477,0.31659,0.30845,0.58477
-3.07408,48.79486,11.31464,-0.02096,-0.21004,0.97747,0.99284,0.0,0.0,nan,0.0,0.00721,0.02055,27.81423,1.80253,0.24623,0.54037,0.61781,0.6956,0.55478,0.61781
-3.02974,51.13948,-10.89239,-0.20799,0.16948,-0.96334,0.98109,0.0,0.0,nan,0.0,0.0064,0.03008,20.59954,1.86017,0.23591,0.69521,0.88968,0.60713,0.53759,0.88968
-2.99698,51.08544,11.62695,-0.0881,0.1261,0.9881,0.96484,0.0,0.0,nan,0.0,0.0069,0.03222,26.74948,2.21157,0.23305,0.53135,0.61083,0.43317,0.45217,0.61083
-3.08217,52.98238,-11.11873,-0.27641,-0.02577,-0.96069,0.99166,0.0,0.0,nan,0.0,0.0052,0.03465,17.66669,1.80253,0.24226,0.72428,0.89387,0.42709,0.55478,0.89387
-2.99244,52.98593,11.14667,-0.11807,0.18565,0.9755,0.99333,0.0,0.0,nan,0.0,0.01363,0.03674,36.80533,1.71139,0.23981,0.62329,0.66425,0.62779,0.58432,0.66425
-3.1139,55.11416,-11.10424,-0.23869,0.13742,-0.96132,0.98481,0.0,0.0,nan,0.0,0.01066,0.04885,8.77955,2.00108,0.23051,0.69059,0.81105,0.48206,0.49973,0.81105
-2.09947,55.11766,9.96239,-0.11951,-0.08358,0.98931,0.8835,0.0,0.0,nan,0.0,0.00748,0.01909,31.08128,1.80253,0.24093,0.4214,0.33864,0.99054,0.55478,0.33864
-2.94332,55.05527,10.67668,-0.13385,-0.10388,0.98554,0.98334,0.0,0.0,nan,0.0,0.00963,0.02124,31.27384,1.63867,0.23539,0.48794,0.52415,0.98855,0.61025,0.52415
-3.01528,56.95741,-10.58715,-0.16274,0.36291,-0.9175,0.9946,0.0,0.0,nan,0.0,0.00507,0.022,17.63933,1.69838,0.24261,0.54317,0.44692,0.47231,0.5888,0.44692
-2.68445,57.75908,-9.67973,-0.14473,0.34957,-0.92566,0.97434,0.0,0.0,nan,0.0,0.00783,0.03286,23.01497,1.74117,0.23874,0.4744,0.50896,0.54618,0.57433,0.50896
-3.02158,56.97651,11.39778,-0.04171,-0.2037,0.97814,0.97766,0.0,0.0,nan,0.0,0.01169,0.03187,30.05035,3.27913,0.23706,0.54661,0.56163,0.71561,0.30496,0.56163
-2.90832,58.92352,-9.54723,-0.17763,0.21944,-0.95932,0.98373,0.0,0.0,nan,0.0,0.00826,0.02421,29.28743,1.8905,0.22898,0.41571,0.47339,0.87649,0.52896,0.47339
-2.94559,59.0756,11.46468,-0.11917,0.04979,0.99162,0.99626,0.0,0.0,nan,0.0,0.01194,0.02993,30.09744,1.9828,0.22586,0.53429,0.75433,0.8074,0.50434,0.75433
-2.08986,61.05516,-10.06711,-0.17947,-0.11688,-0.97679,0.99597,0.0,0.0,nan,0.0,0.00589,0.02707,39.72398,1.93485,0.23071,0.55926,0.88488,0.71852,0.51684,0.88488
-2.88794,60.90398,-9.2265,-0.19317,-0.11124,-0.97484,0.97443,0.0,0.0,nan,0.0,0.00785,0.02978,38.13073,2.01532,0.23717,0.58885,0.85147,0.69751,0.4962,0.85147
-3.08612,60.99428,10.94957,-0.11484,-0.06015,0.99156,0.99088,0.0,0.0,nan,0.0,0.00781,0.02803,27.31561,2.69366,0.22808,0.47464,0.73703,0.62991,0.37124,0.73703
-2.98487,63.17041,-10.33169,-0.15849,-0.04975,-0.98611,0.93626,0.0,0.0,nan,0.0,0.00638,0.03496,22.9944,1.90781,0.22909,0.38454,0.4884,0.51562,0.52416,0.4884
-3.07435,62.28947,-9.97085,-0.16601,-0.13811,-0.9764,0.9854,0.0,0.0,nan,0.0,0.00872,0.03383,35.50553,1.96986,0.2293,0.52683,0.63806,0.5167,0.50765,0.63806
-2.97724,62.98629,11.51905,-0.06556,-0.07385,0.99511,0.99127,0.0,0.0,nan,0.0,0.0106,0.04307,20.20703,3.23918,0.24287,0.46168,0.45854,0.58581,0.30872,0.45854
-2.91885,64.19812,-10.11266,-0.11734,0.08212,-0.98969,0.97854,0.0,0.0,nan,0.0,0.00957,0.02921,21.79559,2.28408,0.22853,0.65435,0.56307,0.54671,0.43781,0.56307
-2.96166,65.19826,-9.54704,-0.10171,0.08076,-0.99153,0.98119,0.0,0.0,nan,0.0,0.00785,0.02266,19.878,2.70737,0.23416,0.61637,0.69051,0.61825,0.36936,0.69051
-2.85076,65.13717,11.556,-0.02092,0.16922,0.98536,0.98187,0.0,0.0,nan,0.0,0.00572,0.02779,31.14128,1.65503,0.2344,0.38834,0.61671,0.56425,0.60422,0.61671
-2.84643,67.25053,-10.22402,-0.103,-0.17185,-0.97972,0.97571,0.0,0.0,nan,0.0,0.00822,0.01861,13.69252,3.18524,0.24452,0.7098,0.68274,0.71292,0.31395,0.68274
-3.14676,66.43214,-9.6495,-0.09876,-0.09456,-0.99061,0.98755,0.0,0.0,nan,0.0,0.00387,0.01555,15.34771,1.84857,0.24257,0.37984,0.40594,0.74054,0.54096,0.40594
-3.007,67.10807,11.46941,-0.11171,0.16508,0.97993,0.96651,0.0,0.0,nan,0.0,0.0078,0.03146,44.79776,1.8414,0.23619,0.55435,0.86361,0.73416,0.54307,0.86361
-2.98658,68.95646,-10.18374,-0.09085,0.06159,-0.99396,0.97483,0.0,0.0,nan,0.0,0.01514,0.05391,10.72511,1.86401,0.23694,0.71748,0.47259,0.46438,0.53648,0.47259
-3.92009,69.25318,-9.99313,-0.09451,0.10469,-0.99,0.98549,0.00344,0.01721,0.6,1.0,0.00827,0.04409,10.29559,1.83773,0.23249,0.57964,0.78367,0.43322,0.54415,0.78367
-3.15332,68.98565,10.99818,-0.16231,-0.00829,0.9867,0.99636,0.0,0.0,nan,0.0,0.01318,0.03725,42.45935,2.26506,0.23895,0.76413,0.81883,0.62175,0.44149,0.81883
-2.2569,70.03924,-10.03048,-0.0531,0.27095,-0.96113,0.98921,0.11395,0.56977,0.7,1.0,0.00987,0.0587,7.08281,1.63867,0.23319,0.65438,0.74578,0.32937,0.61025,0.74578
-3.02542,71.09418,-9.58874,-0.06159,0.436,-0.89784,0.98138,0.05169,0.25845,0.7,1.0,0.01367,0.06897,7.48023,1.68143,0.24137,0.56634,0.7265,0.44347,0.59473,0.7265
-3.02371,71.01527,11.14886,-0.12854,0.17212,0.97665,0.91893,0.0,0.0,nan,0.0,0.00556,0.03505,20.97351,3.39254,0.24167,0.56563,0.86826,0.49404,0.29476,0.86826
-2.97935,72.62402,-8.56814,-0.05731,0.74319,-0.66662,0.96328,0.00514,0.02282,0.6,0.99206,0.00891,0.07019,9.09095,1.7616,0.22884,0.33973,0.74071,0.45599,0.56767,0.74071
-2.99488,73.43931,-7.02002,-0.06109,0.93746,-0.3427,0.98677,0.0,0.0,nan,0.0,0.01605,0.08163,10.18964,1.80253,0.23431,0.41505,0.59191,0.56667,0.55478,0.59191
-3.1014,73.73521,-4.97538,-0.06698,0.99222,-0.10496,0.99695,0.0,0.0,nan,0.0,0.0059,0.07922,23.21038,2.23602,0.23424,0.41473,0.93015,0.4607,0.44722,0.93015
-3.07828,73.84116,-2.96825,-0.0546,0.99849,0.00548,0.99401,0.0,0.0,nan,0.0,0.01639,0.06425,25.42379,1.98116,0.23417,0.39719,0.6668,0.69294,0.50476,0.6668
-3.01457,73.76381,-1.05849,-0.03857,0.99891,0.02616,0.98872,0.0,0.0,nan,0.0,0.01241,0.07178,23.42173,2.02601,0.23089,0.42222,0.64253,0.44435,0.49358,0.64253
-3.08117,73.73993,0.98029,-0.04335,0.99905,-0.00387,0.98305,0.0,0.0,nan,0.0,0.02176,0.10783,11.48358,2.22868,0.22886,0.43881,0.58278,0.53985,0.4487,0.58278
-2.9096,73.77551,2.9484,-0.03489,0.99906,0.02561,0.98569,0.0,0.0,nan,0.0,0.01126,0.08099,10.9677,1.65722,0.22132,0.3461,0.73279,0.47514,0.60342,0.73279
-3.01989,73.67299,5.00739,-0.03761,0.99857,0.03807,0.99783,0.0,0.0,nan,0.0,0.0117,0.06507,9.3619,1.81436,0.23485,0.27408,0.64225,0.79622,0.55116,0.64225
-3.04963,73.64606,6.97028,-0.05351,0.99548,0.07842,0.99861,0.0,0.0,nan,0.0,0.00633,0.05048,13.3212,2.6874,0.22568,0.24617,0.29713,0.58563,0.37211,0.29713
-3.04282,73.39087,9.06182,-0.0738,0.91586,0.39465,0.96435,0.0,0.0,nan,0.0,0.01135,0.06258,11.73306,1.86902,0.22351,0.33813,0.39569,0.62778,0.53504,0.39569
-2.95531,72.42776,10.42449,-0.1017,0.62199,0.77639,0.91923,0.0,0.0,nan,0.0,0.0071,0.0719,15.17371,2.73834,0.23836,0.28579,0.48796,0.39116,0.36518,0.48796
-3.87578,74.03381,-4.47215,-0.08497,0.99405,-0.06819,0.99186,0.0,0.0,nan,0.0,0.01115,0.06932,24.97214,2.03912,0.2317,0.38521,0.82797,0.60109,0.49041,0.82797
-2.93755,74.08958,-3.28567,-0.05077,0.99869,-0.0058,0.99088,0.0,0.0,nan,0.0,0.01452,0.05996,25.30713,2.60641,0.23103,0.4007,0.65792,0.65184,0.38367,0.65792
-0.14392,1.99367,-6.10436,-0.06462,-0.9935,-0.0937,0.98226,0.0,0.0,nan,0.0,0.00857,0.04434,4.41468,3.39602,0.23764,0.49606,0.7221,0.5665,0.29446,0.7221
-0.28357,1.96829,-5.5758,-0.05182,-0.99862,-0.00818,0.9897,0.0,0.0,nan,0.0,0.00731,0.03539,4.44336,3.43541,0.24658,0.52818,0.63859,0.56685,0.29109,0.63859
-0.96534,3.17209,-8.67402,-0.11291,-0.39472,-0.91184,0.85423,0.0,0.0,nan,0.0,0.00583,0.0466,42.44964,1.71936,0.24022,0.85311,0.97107,0.52502,0.58161,0.97107
-1.01843,2.25063,-7.14846,-0.11381,-0.87972,-0.46167,0.91159,0.0,0.0,nan,0.0,0.0117,0.25758,32.87757,1.88462,0.22866,0.73949,0.96305,0.2047,0.53061,0.96305
-1.03651,2.08792,-4.92913,-0.03059,-0.99825,0.0507,0.9944,0.0,0.0,nan,0.0,0.01012,0.03243,4.25365,2.00078,0.24093,0.53123,0.61074,0.8638,0.4998,0.61074
-0.97592,2.44467,-3.00973,0.01114,-0.99315,0.1163,0.99881,0.0,0.0,nan,0.0,0.02928,0.07933,4.66029,2.15489,0.23217,0.54747,0.65103,0.9634,0.46406,0.65103
-1.0355,2.57494,-0.92093,-0.01403,-0.99433,0.10539,0.99881,0.0,0.0,nan,0.0,0.0029,0.01438,11.02084,1.83077,0.22743,0.60689,0.80349,0.47408,0.54622,0.80349
-0.98457,2.81015,0.85803,-0.03776,-0.99599,0.08108,0.99871,0.0,0.0,nan,0.0,0.00864,0.02233,18.06469,1.65759,0.22867,0.53393,0.52454,0.80495,0.60329,0.52454
-1.08916,3.0451,2.96893,-0.10896,-0.97338,0.20165,0.99147,0.0,0.0,nan,0.0,0.01145,0.03222,26.06879,1.63867,0.23447,0.53234,0.70465,0.71866,0.61025,0.70465
-1.05203,3.58525,4.94795,-0.1518,-0.95622,0.25019,0.9992,0.0,0.0,nan,0.0,0.01094,0.03097,30.84195,1.63867,0.24217,0.58279,0.61177,0.64562,0.61025,0.61177
-0.76048,3.95168,6.21909,-0.12156,-0.97617,0.17979,0.99127,0.0,0.0,nan,0.0,0.01605,0.04405,29.31617,1.63867,0.23366,0.56308,0.73708,0.69143,0.61025,0.73708
-0.75034,3.70281,8.76732,-0.109,-0.95849,0.26346,0.90435,0.0,0.0,nan,0.0,0.00516,0.04077,43.67325,2.65376,0.23389,0.76921,0.96294,0.54015,0.37682,0.96294
-0.87243,5.14113,-8.43921,-0.1296,-0.28007,-0.95119,0.97453,0.0,0.0,nan,0.0,0.0078,0.02459,29.61756,1.83879,0.24148,0.69847,0.84382,0.69262,0.54383,0.84382
-1.58025,4.07575,4.82367,-0.15709,-0.95549,0.24971,0.98217,0.0,0.0,nan,0.0,0.01048,0.02579,30.79229,2.00974,0.22464,0.53175,0.50542,0.81368,0.49758,0.50542
-0.98775,4.40078,7.05268,-0.10278,-0.98774,0.1175,0.98569,0.0,0.0,nan,0.0,0.00408,0.03003,30.78958,2.32995,0.23118,0.63149,0.95199,0.64791,0.42919,0.95199
-1.24129,4.01434,9.23641,-0.0744,-0.91463,0.39739,0.87753,0.0,0.0,nan,0.0,0.00823,0.05463,47.02932,2.00944,0.23734,0.77772,0.95889,0.60871,0.49765,0.95889
-0.98343,5.28554,10.39504,-0.01149,-0.50498,0.86305,0.88653,0.0,0.0,nan,0.0,0.00592,0.07612,43.73742,1.71814,0.24566,0.68062,0.91955,0.26115,0.58202,0.91955
-0.81773,7.68131,-10.11844,-0.06449,-0.40909,-0.91021,0.99215,0.0,0.0,nan,0.0,0.00401,0.02782,23.44107,1.63867,0.23362,0.55733,0.91483,0.59351,0.61025,0.91483
-1.04814,6.76551,-9.47642,-0.09425,-0.48024,-0.87206,0.98589,0.0,0.0,nan,0.0,0.02041,0.0597,26.17929,1.87453,0.23437,0.78445,0.69476,0.46905,0.53347,0.69476
-0.92773,6.95066,10.92924,0.03796,-0.17136,0.98448,0.94977,0.0,0.0,nan,0.0,0.0049,0.02049,21.28766,3.60506,0.23735,0.64291,0.77276,0.43879,0.27739,0.77276
-0.95765,9.00692,-10.60368,-0.00156,-0.21353,-0.97694,0.98373,0.0,0.0,nan,0.0,0.0176,0.04212,23.51698,1.63867,0.23979,0.62593,0.67178,0.72457,0.61025,0.67178
-1.02931,8.93038,11.11178,0.01944,-0.01561,0.99969,0.93626,0.0,0.0,nan,0.0,0.01346,0.03813,24.57765,1.63867,0.24064,0.60826,0.69308,0.62779,0.61025,0.69308
-1.00708,11.114,-10.75019,-0.11786,-0.00016,-0.99303,0.99254,0.0,0.0,nan,0.0,0.01297,0.02719,28.49835,1.70001,0.24352,0.56079,0.5487,0.90987,0.58823,0.5487
-1.73613,11.95437,-9.9491,-0.14686,-0.00178,-0.98916,0.93166,0.0,0.0,nan,0.0,0.00684,0.0162,26.3048,3.38246,0.23924,0.45436,0.5188,0.99912,0.29564,0.5188
-0.98257,11.03255,10.70522,0.09874,-0.06361,0.99308,0.99137,0.0,0.0,nan,0.0,0.01437,0.03201,25.07412,1.63867,0.24555,0.61966,0.41701,0.7825,0.61025,0.41701
-1.02713,12.95363,-10.97671,-0.20434,-0.13025,-0.9702,0.99587,0.0,0.0,nan,0.0,0.00935,0.0205,33.90347,1.63867,0.24412,0.61886,0.64359,0.78081,0.61025,0.64359
-1.73577,12.2462,-9.78173,-0.16467,-0.03367,-0.98577,0.89574,0.0,0.0,nan,0.0,0.00883,0.02029,27.45409,1.63908,0.23848,0.47063,0.43605,0.99279,0.6101,0.43605
-1.50632,13.98996,9.97483,0.00823,0.06353,0.99795,0.93724,0.0,0.0,nan,0.0,0.00722,0.02537,27.99875,2.08105,0.2361,0.61567,0.81549,0.62627,0.48053,0.81549
-1.03823,13.1146,11.04344,0.03353,-0.01021,0.99939,0.99244,0.0,0.0,nan,0.0,0.01137,0.03317,28.69522,2.88426,0.24642,0.65169,0.54449,0.56273,0.34671,0.54449
-1.18918,15.01125,-10.84626,-0.19016,-0.24852,-0.94978,0.99088,0.0,0.0,nan,0.0,0.00939,0.02733,33.39399,1.67149,0.24228,0.6576,0.79831,0.655,0.59827,0.79831
-1.45265,14.14541,9.94145,0.00073,0.07648,0.99707,0.92755,0.0,0.0,nan,0.0,0.01012,0.02796,28.77018,2.03473,0.24047,0.60583,0.74828,0.63894,0.49147,0.74828
-1.03746,14.93788,10.80044,-0.05333,0.10941,0.99257,0.99871,0.0,0.0,nan,0.0,0.00462,0.0243,30.10394,1.88293,0.23454,0.61202,0.88454,0.58117,0.53109,0.88454
-0.63328,17.2768,-12.20587,-0.10663,-0.13342,-0.98531,0.96406,0.0,0.0,nan,0.0,0.0064,0.0235,23.13305,2.04314,0.23069,0.59386,0.35375,0.49812,0.48944,0.35375
-1.26369,16.62406,-11.78554,-0.15146,-0.20917,-0.96608,0.99049,0.0,0.0,nan,0.0,0.00772,0.02338,29.2876,2.21264,0.23527,0.66362,0.71037,0.53121,0.45195,0.71037
-1.45121,17.48167,9.77802,-0.0628,-0.07543,0.99517,0.86324,0.0,0.0,nan,0.0,0.00616,0.02583,29.70105,1.65571,0.23891,0.50932,0.82804,0.6658,0.60397,0.82804
-1.05161,16.88356,10.45889,-0.08508,-0.03891,0.99561,0.9805,0.0,0.0,nan,0.0,0.00667,0.02548,30.02098,2.05673,0.24084,0.53705,0.8232,0.67898,0.48621,0.8232
-0.44812,18.10837,-12.0419,-0.08785,-0.02113,-0.99591,0.97297,0.0,0.0,nan,0.0,0.00985,0.03278,18.30243,1.84585,0.24357,0.485,0.41483,0.68732,0.54176,0.41483
-1.02098,19.05996,-11.66458,-0.13176,0.12869,-0.98289,0.97806,0.0,0.0,nan,0.0,0.0148,0.04171,24.39598,1.87021,0.23116,0.56875,0.53166,0.67498,0.5347,0.53166
-1.02472,19.00512,11.06223,-0.02661,-0.31199,0.94971,0.98618,0.0,0.0,nan,0.0,0.0084,0.04433,29.76931,1.85622,0.23752,0.61722,0.73304,0.32766,0.53873,0.73304
-1.01468,21.12898,-11.62285,-0.18188,0.0702,-0.98081,0.98804,0.0,0.0,nan,0.0,0.00819,0.03197,34.72808,2.07433,0.23774,0.61353,0.86168,0.68675,0.48208,0.86168
-1.03498,20.96534,11.79072,0.01014,-0.15492,0.98787,0.99,0.0,0.0,nan,0.0,0.00328,0.03885,8.25535,2.04356,0.23241,0.51841,0.90578,0.40299,0.48934,0.90578
-0.7999,23.05864,-11.52299,-0.19035,-0.12874,-0.97324,0.99704,0.0,0.0,nan,0.0,0.00651,0.02859,40.16483,1.76433,0.23397,0.69797,0.90932,0.69837,0.56679,0.90932
-1.03491,23.0318,11.76288,-0.00544,0.12179,0.99254,0.99802,0.0,0.0,nan,0.0,0.00608,0.03142,11.86634,2.21179,0.22326,0.60722,0.66185,0.37218,0.45212,0.66185
-0.88531,25.54737,-12.11689,-0.06185,0.05149,-0.99676,0.93636,0.0,0.0,nan,0.0,0.00647,0.02022,26.26484,1.78776,0.24548,0.49985,0.32193,0.68906,0.55936,0.32193
-0.98053,24.63105,-11.56956,-0.11933,-0.13685,-0.98338,0.97375,0.0,0.0,nan,0.0,0.01033,0.03181,29.74798,3.07253,0.24244,0.47757,0.44935,0.72588,0.32546,0.44935
-1.05458,24.9451,11.28303,0.01088,0.13126,0.99129,0.99704,0.0,0.0,nan,0.0,0.00659,0.02199,16.74547,1.68961,0.2429,0.44024,0.77343,0.82405,0.59185,0.77343
-0.93715,26.26466,-12.13656,-0.00412,0.17576,-0.98442,0.953,0.0,0.0,nan,0.0,0.00775,0.03049,27.72052,1.85962,0.23738,0.53436,0.44919,0.50978,0.53775,0.44919
-0.97205,27.17688,-11.16551,-0.00715,0.2069,-0.97834,0.96611,0.0,0.0,nan,0.0,0.00854,0.02477,28.00761,1.83389,0.24108,0.52323,0.36055,0.70568,0.54529,0.36055
-1.02781,27.02197,11.32194,0.01472,0.14176,0.98979,0.99274,0.0,0.0,nan,0.0,0.01103,0.03977,23.65807,1.71932,0.23045,0.65306,0.67899,0.46041,0.58163,0.67899
-0.86673,28.96108,-11.06659,-0.01685,-0.14373,-0.98947,0.92549,0.0,0.0,nan,0.0,0.00723,0.02396,29.25772,1.78186,0.25145,0.54004,0.42861,0.59735,0.56121,0.42861
-1.53959,29.28552,9.835,0.07273,0.09667,0.99266,0.80842,0.0,0.0,nan,0.0,0.00426,0.026,31.21115,1.63867,0.24245,0.70114,0.9183,0.53857,0.61025,0.9183
-0.88088,28.78874,10.47825,-0.01982,0.11338,0.99335,0.95779,0.0,0.0,nan,0.0,0.00337,0.04186,55.04366,1.67675,0.23809,0.85959,0.9572,0.28786,0.59639,0.9572
-1.02425,31.70415,-12.04253,-0.00105,-0.11794,-0.99302,0.98295,0.0,0.0,nan,0.0,0.02745,0.04608,18.88649,1.82134,0.24216,0.73117,0.74883,0.90097,0.54905,0.74883
-0.91003,30.79965,-11.89684,-0.01438,-0.23987,-0.9707,0.99646,0.0,0.0,nan,0.0,0.00659,0.03038,18.80384,1.74229,0.24856,0.84826,0.96848,0.94077,0.57396,0.96848
-1.05792,30.9711,10.73676,0.01201,-0.05633,0.99834,0.98344,0.0,0.0,nan,0.0,0.01534,0.04482,40.35437,1.6582,0.24444,0.65318,0.68886,0.55001,0.60306,0.68886
-1.04256,33.06297,-12.14509,0.03686,0.10671,-0.99361,0.98589,0.0,0.0,nan,0.0,0.01436,0.03318,20.30126,1.75964,0.23644,0.63204,0.51169,0.75226,0.5683,0.51169
-0.05425,32.55438,-11.99142,-0.03721,0.06365,-0.99728,0.99039,0.0,0.0,nan,0.0,0.02327,0.04229,19.67621,3.05191,0.23832,0.75175,0.68151,0.80651,0.32766,0.68151
-0.97677,33.40845,11.00403,-0.01068,-0.31239,0.9499,0.98452,0.0,0.0,nan,0.0,0.00848,0.02497,31.99636,1.64875,0.23622,0.52797,0.67469,0.68348,0.60652,0.67469
-1.66459,34.03911,-12.04179,0.069,0.13897,-0.98789,0.99616,0.0,0.0,nan,0.0,0.0094,0.02239,20.502,1.84692,0.23099,0.51221,0.68627,0.89997,0.54144,0.68627
-0.95444,35.09813,-11.10899,0.08696,0.16568,-0.98234,0.97032,0.0,0.0,nan,0.0,0.00679,0.01874,21.55908,1.75149,0.23691,0.39981,0.41158,0.98983,0.57094,0.41158
-0.92464,34.22874,11.93098,-0.01984,-0.30196,0.95311,0.96171,0.0,0.0,nan,0.0,0.0074,0.02805,24.19808,3.49378,0.24958,0.48443,0.76687,0.623,0.28622,0.76687
-1.00487,35.26487,12.16687,-0.05261,-0.14224,0.98843,0.94918,0.0,0.0,nan,0.0,0.00955,0.04113,26.38689,2.046,0.23858,0.42872,0.49068,0.58271,0.48876,0.49068
-1.02854,37.09041,-11.34687,0.04162,-0.07704,-0.99616,0.98872,0.0,0.0,nan,0.0,0.01224,0.03209,30.89675,1.66396,0.22852,0.51811,0.40397,0.78368,0.60097,0.40397
-1.2219,37.20424,11.51936,-0.15383,0.21107,0.96529,0.99793,0.0,0.0,nan,0.0,0.0097,0.02954,23.68557,1.86929,0.23809,0.5134,0.70584,0.69399,0.53496,0.70584
-0.92603,36.33298,12.04485,-0.0889,0.07099,0.99351,0.97845,0.0,0.0,nan,0.0,0.00613,0.026,22.05751,3.33745,0.23655,0.43162,0.69118,0.59619,0.29963,0.69118
-1.10018,39.71749,-12.13143,0.00373,-0.15213,-0.98835,0.98452,0.0,0.0,nan,0.0,0.01212,0.04108,29.04306,2.23819,0.23244,0.52141,0.45241,0.60501,0.44679,0.45241
-0.94032,38.80876,-11.62505,0.00126,-0.18487,-0.98276,0.99704,0.0,0.0,nan,0.0,0.01325,0.03314,31.94894,1.65463,0.23634,0.55351,0.39487,0.76788,0.60437,0.39487
-1.05668,39.04734,11.41174,-0.17521,0.08113,0.98118,0.97257,0.0,0.0,nan,0.0,0.00949,0.04169,31.8815,1.8677,0.23764,0.50867,0.82572,0.62789,0.53542,0.82572
-0.29832,38.30391,12.08408,-0.07695,0.17398,0.98174,0.9528,0.0,0.0,nan,0.0,0.00649,0.04096,34.03578,1.82344,0.24455,0.63986,0.9124,0.54588,0.54841,0.9124
-1.00471,40.78805,-12.31613,0.0254,0.08398,-0.99614,0.93939,0.0,0.0,nan,0.0,0.01905,0.04455,21.10767,1.6957,0.2405,0.61718,0.48347,0.75841,0.58973,0.48347
-0.97553,41.73096,-11.98302,0.08329,0.26881,-0.95959,0.97962,0.0,0.0,nan,0.0,0.01009,0.02844,22.25371,2.70866,0.23045,0.65882,0.45604,0.58687,0.36919,0.45604
-1.12436,41.02672,11.47906,-0.0609,-0.23158,0.97091,0.96915,0.0,0.0,nan,0.0,0.02526,0.06123,33.87289,1.8528,0.24864,0.71881,0.68943,0.60776,0.53972,0.68943
-0.83305,42.98104,-11.2422,0.11006,0.27147,-0.95613,0.98393,0.0,0.0,nan,0.0,0.00728,0.01854,21.17438,2.70821,0.23644,0.5353,0.31579,0.80312,0.36925,0.31579
-1.9247,43.11065,11.99657,-0.07814,0.10455,0.99145,0.96484,0.0,0.0,nan,0.0,0.01436,0.04359,24.44802,2.04993,0.23821,0.55704,0.58402,0.63983,0.48782,0.58402
-0.93615,42.96376,12.27015,-0.09293,0.0206,0.99546,0.93792,0.0,0.0,nan,0.0,0.01107,0.03658,19.52898,2.07083,0.23125,0.53174,0.36248,0.62748,0.4829,0.36248
-0.86771,45.01754,-11.47473,0.17162,-0.04959,-0.98391,0.97845,0.0,0.0,nan,0.0,0.01362,0.03269,25.50803,1.80253,0.2446,0.6607,0.72824,0.68022,0.55478,0.72824
-1.04203,44.85627,11.13373,-0.15568,0.31238,0.93711,0.99284,0.0,0.0,nan,0.0,0.00748,0.02334,29.61006,2.01872,0.23896,0.44631,0.44402,0.76695,0.49536,0.44402
-0.51218,44.18758,12.18961,-0.12714,0.24611,0.96087,0.96562,0.0,0.0,nan,0.0,0.00591,0.02348,25.54498,3.60506,0.2506,0.48126,0.35554,0.56362,0.27739,0.35554
-0.95789,47.00109,-11.50187,0.07663,-0.12913,-0.98866,0.98687,0.0,0.0,nan,0.0,0.0086,0.02381,19.22566,1.88398,0.24189,0.52557,0.69306,0.75855,0.53079,0.69306
-1.04373,47.02866,10.94323,-0.13758,0.02391,0.9902,0.97845,0.0,0.0,nan,0.0,0.00686,0.02084,34.20742,1.87289,0.229,0.35614,0.48738,0.97862,0.53393,0.48738
-0.8867,48.93616,-11.74814,0.0193,0.063,-0.99783,0.97806,0.0,0.0,nan,0.0,0.01626,0.03775,17.43785,1.80253,0.25474,0.68529,0.49803,0.70081,0.55478,0.49803
-0.98093,48.94442,11.14472,-0.08224,-0.18199,0.97985,0.99323,0.0,0.0,nan,0.0,0.01137,0.03285,28.09416,1.63867,0.23814,0.59168,0.48613,0.62644,0.61025,0.48613
-1.0157,51.08944,-11.00252,0.04941,0.13214,-0.99,0.98608,0.0,0.0,nan,0.0,0.00836,0.02583,23.55137,1.88805,0.22974,0.54612,0.47581,0.64321,0.52965,0.47581
-1.035,51.19836,11.67684,-0.05573,0.08369,0.99493,0.98021,0.0,0.0,nan,0.0,0.00816,0.02391,31.58717,1.63867,0.24398,0.56918,0.62666,0.63767,0.61025,0.62666
-0.1693,50.4936,12.0338,-0.05257,0.01637,0.99848,0.93636,0.0,0.0,nan,0.0,0.00994,0.03622,27.89892,1.75003,0.23767,0.515,0.38028,0.57117,0.57142,0.38028
-0.88667,52.99013,-11.5185,0.07377,-0.04989,-0.99603,0.97473,0.0,0.0,nan,0.0,0.0043,0.0239,28.27619,3.20542,0.24002,0.52328,0.49158,0.36839,0.31197,0.49158
-0.99248,52.90536,11.07806,-0.08873,0.18419,0.97888,0.99783,0.0,0.0,nan,0.0,0.01441,0.02981,37.95038,1.86458,0.23595,0.63262,0.60238,0.80458,0.53631,0.60238
-0.87194,54.95988,-11.38378,0.04517,0.07603,-0.99608,0.96631,0.0,0.0,nan,0.0,0.00589,0.04448,29.09444,1.8772,0.23926,0.62251,0.83103,0.30671,0.53271,0.83103
-1.91844,55.1904,9.97447,-0.10872,-0.0899,0.99,0.88135,0.0,0.0,nan,0.0,0.00735,0.01903,30.55878,1.80253,0.24088,0.42445,0.32444,0.96977,0.55478,0.32444
-0.96355,54.943,10.72633,-0.07906,-0.04941,0.99564,0.98226,0.0,0.0,nan,0.0,0.00658,0.01785,30.07384,1.84439,0.23643,0.40124,0.40913,0.97907,0.54218,0.40913
-1.02333,57.0681,-10.79106,-0.06561,0.36935,-0.92697,0.99068,0.0,0.0,nan,0.0,0.00759,0.02858,21.62229,1.66488,0.24518,0.51795,0.5682,0.55994,0.60064,0.5682
-1.61737,57.92599,-9.74374,-0.11248,0.30616,-0.94531,0.96053,0.0,0.0,nan,0.0,0.00511,0.0201,25.80316,1.85269,0.23091,0.45355,0.60092,0.60349,0.53976,0.60092
-1.09757,57.01202,11.30404,-0.01059,-0.16307,0.98656,0.99607,0.0,0.0,nan,0.0,0.01234,0.0265,29.16576,1.80253,0.23985,0.59898,0.39902,0.83055,0.55478,0.39902
-0.8255,59.05361,-10.16181,-0.09004,0.13562,-0.98666,0.9947,0.0,0.0,nan,0.0,0.0064,0.02049,30.89221,1.66297,0.23532,0.37193,0.31953,0.89345,0.60133,0.31953
-0.77359,59.19518,-9.97653,-0.09572,0.10882,-0.98944,0.99098,0.0,0.0,nan,0.0,0.00652,0.01967,31.97522,1.80253,0.23442,0.37923,0.35665,0.9286,0.55478,0.35665
-0.9407,58.99345,11.68991,0.05492,0.05923,0.99673,0.97042,0.0,0.0,nan,0.0,0.01192,0.03073,31.42112,2.10167,0.23344,0.65598,0.7255,0.62868,0.47581,0.7255
-1.1208,60.82271,-10.4913,-0.14005,-0.09973,-0.98511,0.97717,0.0,0.0,nan,0.0,0.00836,0.02564,37.67243,1.91986,0.23305,0.49536,0.80089,0.82866,0.52087,0.80089
-0.78328,61.2878,-9.80173,-0.12708,-0.11746,-0.98491,0.99793,0.0,0.0,nan,0.0,0.01039,0.02852,37.20607,1.86688,0.23766,0.51295,0.75446,0.75913,0.53565,0.75446
-1.02937,60.94205,11.70897,0.07282,-0.05219,0.99598,0.97952,0.0,0.0,nan,0.0,0.00476,0.02879,33.81797,3.22444,0.2421,0.62768,0.8587,0.42761,0.31013,0.8587
-0.94613,62.97582,-10.31803,-0.08658,0.02897,-0.99582,0.97424,0.0,0.0,nan,0.0,0.00296,0.0172,24.49519,1.87616,0.23041,0.37446,0.45565,0.4978,0.533,0.45565
-1.55377,62.20782,-9.99135,-0.15861,-0.10786,-0.98143,0.98941,0.0,0.0,nan,0.0,0.00581,0.02582,30.67846,1.6482,0.23895,0.52633,0.8152,0.57562,0.60672,0.8152
-0.95415,63.01982,11.71645,0.09164,-0.00165,0.99579,0.94673,0.0,0.0,nan,0.0,0.00621,0.0318,23.64577,3.06917,0.24328,0.43548,0.325,0.48647,0.32582,0.325
-0.87169,64.26398,-10.14067,-0.03358,0.10739,-0.99365,0.98863,0.0,0.0,nan,0.0,0.00641,0.01966,19.93853,3.36257,0.25087,0.66323,0.45967,0.54127,0.29739,0.45967
-1.01363,65.31737,-9.52059,-0.03718,0.08559,-0.99564,0.96602,0.0,0.0,nan,0.0,0.00734,0.01666,16.27838,3.2295,0.23977,0.71722,0.75066,0.69093,0.30965,0.75066
-0.00021,65.40133,9.99159,0.01084,0.14257,0.98973,0.83103,0.0,0.0,nan,0.0,0.0058,0.02159,31.41376,1.9645,0.2301,0.37068,0.6534,0.7709,0.50903,0.6534
-0.85605,65.19879,11.41619,0.09736,0.15574,0.98299,0.99881,0.0,0.0,nan,0.0,0.00524,0.01689,28.56223,1.87444,0.23696,0.41362,0.37178,0.8026,0.53349,0.37178
-0.98925,67.11007,-10.3042,-0.02795,-0.16955,-0.98513,0.97864,0.0,0.0,nan,0.0,0.00497,0.01676,10.03273,3.4412,0.24749,0.74603,0.57327,0.47622,0.2906,0.57327
-1.06643,66.22003,-9.64463,-0.03833,-0.08015,-0.99605,0.97992,0.0,0.0,nan,0.0,0.00392,0.01091,10.69348,3.42633,0.24523,0.57666,0.64379,0.74062,0.29186,0.64379
-0.98864,67.0704,10.92578,0.07646,0.0745,0.99429,0.99401,0.0,0.0,nan,0.0,0.00594,0.01682,31.34694,1.70892,0.24053,0.40335,0.56574,0.93214,0.58517,0.56574
-0.97674,68.9939,-10.27553,-0.00477,0.10723,-0.99422,0.98001,0.01846,0.09229,0.7,1.0,0.00788,0.11881,5.94781,1.84815,0.2483,0.83667,0.94627,0.28494,0.54108,0.94627
-0.89327,69.13253,10.44066,-0.01012,-0.06427,0.99788,0.96641,0.0,0.0,nan,0.0,0.00966,0.02221,26.33634,1.71087,0.2453,0.55978,0.4632,0.83633,0.5845,0.4632
-0.97103,70.082,-10.04066,-0.00266,0.28593,-0.95825,0.98491,0.13572,0.67862,0.7,1.0,0.00753,0.08575,4.43908,1.63867,0.24344,0.38379,0.84722,0.48187,0.61025,0.84722
-1.00269,71.11588,-9.62611,-0.01937,0.42985,-0.90269,0.98892,0.13481,0.67407,0.7,1.0,0.01876,0.09489,5.86641,1.63867,0.24468,0.42487,0.74581,0.62396,0.61025,0.74581
-1.04754,70.92958,11.36179,-0.03071,0.12102,0.99218,0.93039,0.0,0.0,nan,0.0,0.00835,0.03983,31.82513,1.85886,0.23629,0.68093,0.48226,0.32734,0.53796,0.48226
-0.97185,72.66469,-8.70347,-0.04884,0.71345,-0.69901,0.96132,0.32994,0.32994,0.6,0.71602,0.02089,0.07796,7.1793,1.63867,0.23846,0.36166,0.68252,0.94726,0.61025,0.68252
-0.94693,73.59489,-7.0342,-0.0538,0.93739,-0.3441,0.98315,0.01777,0.08887,0.6,1.0,0.01064,0.05933,9.22057,1.94264,0.23131,0.36597,0.53981,0.59632,0.51476,0.53981
-0.95428,73.89719,-5.00457,-0.03727,0.9956,-0.08596,0.99587,0.0,0.0,nan,0.0,0.00804,0.08587,14.18093,1.63867,0.2478,0.27941,0.65967,0.38231,0.61025,0.65967
-0.92671,73.84746,-2.98555,-0.01846,0.9996,0.02123,0.99293,0.0,0.0,nan,0.0,0.00873,0.08838,20.07753,1.63867,0.2346,0.32168,0.83949,0.47315,0.61025,0.83949
-0.96422,73.86117,-1.02036,-0.01819,0.99961,0.02115,0.98784,0.0,0.0,nan,0.0,0.01947,0.12219,14.76891,1.63867,0.24068,0.31077,0.57843,0.58214,0.61025,0.57843
-1.02863,73.86031,0.93633,-0.011,0.99994,0.00217,0.97913,0.0,0.0,nan,0.0,0.01134,0.10178,9.73616,2.1911,0.22224,0.31596,0.51885,0.42517,0.45639,0.51885
-0.98455,73.84144,3.05805,-0.01055,0.99964,0.02467,0.98667,0.0,0.0,nan,0.0,0.00412,0.08928,16.66007,1.80253,0.22703,0.24726,0.83736,0.29006,0.55478,0.83736
-0.95098,73.70724,4.96912,-0.00588,0.99924,0.03864,0.99616,0.0,0.0,nan,0.0,0.00476,0.06903,18.79367,1.63867,0.22662,0.25035,0.83649,0.42131,0.61025,0.83649
-0.91165,73.65134,6.90322,0.00197,0.99752,0.07037,0.9989,0.0,0.0,nan,0.0,0.00708,0.05691,13.87037,1.81476,0.23,0.20681,0.35012,0.68784,0.55104,0.35012
-1.00966,73.49527,9.11171,-2e-05,0.92857,0.37115,0.96641,0.0,0.0,nan,0.0,0.00633,0.05865,12.94705,1.82689,0.23446,0.24538,0.35576,0.50792,0.54738,0.35576
-0.99449,72.52348,10.50043,-0.02844,0.64885,0.76039,0.92569,0.0,0.0,nan,0.0,0.01145,0.08237,12.20036,1.63867,0.24395,0.45735,0.582,0.3539,0.61025,0.582
-1.52642,74.06528,-4.79603,-0.03683,0.99644,-0.07582,0.99323,0.0,0.0,nan,0.0,0.00708,0.09026,19.32221,2.06408,0.24185,0.3757,0.88586,0.40744,0.48448,0.88586
-1.65393,74.11471,-3.0071,-0.02205,0.99967,0.01348,0.99519,0.0,0.0,nan,0.0,0.00883,0.07776,22.10055,2.11123,0.23455,0.39322,0.82894,0.42159,0.47366,0.82894
-0.07819,74.05811,4.39538,0.01663,0.99923,0.0356,0.98647,0.0,0.0,nan,0.0,0.00451,0.07551,18.18717,1.80253,0.22659,0.28388,0.88416,0.40923,0.55478,0.88416
-1.0738,74.00703,6.38248,-0.00715,0.99895,0.04515,0.99597,0.0,0.0,nan,0.0,0.00783,0.06806,16.80354,1.63867,0.23518,0.21508,0.55337,0.59858,0.61025,0.55337
1.19569,1.92396,-6.50431,-0.0523,-0.98832,-0.14311,0.97208,0.0,0.0,nan,0.0,0.01402,0.06672,5.08422,1.95333,0.2236,0.43042,0.57071,0.68019,0.51195,0.57071
1.07075,1.90828,-5.53267,-0.03551,-0.99893,0.02958,0.99176,0.0,0.0,nan,0.0,0.01117,0.04365,5.18544,2.06746,0.23775,0.52252,0.48454,0.67869,0.48368,0.48454
1.02076,3.04332,-8.83133,-0.05899,-0.43479,-0.8986,0.86637,0.0,0.0,nan,0.0,0.00605,0.05014,48.65077,2.35016,0.23929,0.87152,0.95997,0.43901,0.4255,0.95997
0.86796,2.12486,-7.52325,-0.07782,-0.86554,-0.49476,0.89681,0.0,0.0,nan,0.0,0.04025,0.34542,70.88279,1.83723,0.22858,0.61711,0.65196,0.19418,0.5443,0.65196
0.98817,2.14644,-4.57627,-0.02014,-0.99189,0.12551,0.99832,0.0114,0.05702,0.51,1.0,0.01245,0.03693,4.67418,1.89836,0.22766,0.48218,0.46231,0.99819,0.52677,0.46231
1.00649,2.42872,-3.05354,-0.00949,-0.99179,0.12756,0.99861,0.0,0.0,nan,0.0,0.02484,0.08943,4.70239,2.20414,0.22691,0.39791,0.70337,0.9951,0.45369,0.70337
1.00309,2.61772,-0.91973,-0.02939,-0.99642,0.07932,0.99822,0.0,0.0,nan,0.0,0.00417,0.02116,11.64961,1.8662,0.22508,0.54895,0.80204,0.50497,0.53585,0.80204
0.95138,2.71855,0.94418,-0.03803,-0.99792,0.052,0.99949,0.0,0.0,nan,0.0,0.01023,0.02644,19.52402,1.68394,0.2314,0.49899,0.59705,0.85475,0.59384,0.59705
1.05452,2.90457,2.90507,-0.03671,-0.98746,0.15354,0.99832,0.0,0.0,nan,0.0,0.01854,0.04055,20.93753,1.66693,0.23199,0.50142,0.41826,0.99871,0.5999,0.41826
0.99584,3.45137,4.93348,-0.01508,-0.96047,0.27796,0.9993,0.0,0.0,nan,0.0,0.01653,0.04292,19.82372,2.03249,0.23306,0.42991,0.46949,0.98621,0.49201,0.46949
0.88184,3.987,6.77985,-0.05509,-0.99336,0.10104,0.99293,0.0,0.0,nan,0.0,0.00753,0.04119,34.18459,3.52471,0.24032,0.71059,0.86385,0.42853,0.28371,0.86385
0.99105,3.54473,8.77468,-0.05833,-0.94005,0.33602,0.85071,0.0,0.0,nan,0.0,0.00446,0.05891,55.99196,2.55061,0.23097,0.7738,0.98315,0.39937,0.39206,0.98315
1.18254,5.21025,-8.63797,-0.07,-0.30795,-0.94882,0.9712,0.0,0.0,nan,0.0,0.00824,0.02226,25.19731,1.87547,0.23485,0.68927,0.76306,0.60506,0.5332,0.76306
0.55607,4.94766,-7.86745,-0.10711,-0.2739,-0.95578,0.88927,0.0,0.0,nan,0.0,0.01127,0.02463,28.36507,2.71131,0.24372,0.68108,0.62479,0.71912,0.36883,0.62479
0.9455,4.20824,7.53603,-0.06611,-0.98883,0.1336,0.99372,0.0,0.0,nan,0.0,0.00736,0.03855,38.34942,2.05098,0.23897,0.75764,0.86382,0.41694,0.48757,0.86382
1.02982,4.28272,9.78941,0.02951,-0.65793,0.7525,0.83182,0.0,0.0,nan,0.0,0.026,0.11129,66.73719,1.91174,0.2327,0.60618,0.69401,0.39688,0.52308,0.69401
0.99066,5.26497,10.31934,0.08846,-0.43468,0.89623,0.93548,0.0,0.0,nan,0.0,0.00589,0.05595,39.44651,2.70089,0.23856,0.64008,0.84279,0.24591,0.37025,0.84279
1.22285,7.33088,-10.338,-0.05291,-0.35988,-0.9315,0.96876,0.0,0.0,nan,0.0,0.00734,0.02268,21.11677,1.85443,0.2465,0.64666,0.85031,0.80697,0.53925,0.85031
0.70495,6.62712,-9.50524,-0.11155,-0.43656,-0.89273,0.98638,0.0,0.0,nan,0.0,0.01036,0.05146,32.14916,1.63867,0.26127,0.79057,0.81416,0.34037,0.61025,0.81416
1.02291,6.59053,9.66373,0.1775,-0.16524,0.97015,0.99313,0.0,0.0,nan,0.0,0.00639,0.01516,18.66798,1.91831,0.23208,0.54504,0.44842,0.85681,0.52129,0.44842
0.92192,7.38298,10.22658,0.21367,-0.07695,0.97387,0.9991,0.0,0.0,nan,0.0,0.00848,0.01806,20.14785,3.19285,0.24055,0.56476,0.42869,0.91429,0.3132,0.42869
0.98605,9.05701,-10.35612,0.02836,-0.12861,-0.99129,0.99342,0.0,0.0,nan,0.0,0.01541,0.03672,23.98709,1.65553,0.24629,0.56511,0.60182,0.80465,0.60404,0.60182
0.98048,9.12886,10.13915,0.259,-0.0035,0.96587,0.99626,0.0,0.0,nan,0.0,0.01019,0.02116,24.23884,3.41791,0.24456,0.56231,0.44036,0.9273,0.29258,0.44036
1.01681,10.9318,-10.60918,0.16299,-0.0718,-0.98401,0.97943,0.0,0.0,nan,0.0,0.01063,0.04016,29.53168,2.55285,0.23552,0.45235,0.80045,0.74486,0.39172,0.80045
1.28697,10.56488,9.6399,0.23998,-0.08759,0.96682,0.90807,0.0,0.0,nan,0.0,0.00759,0.0204,23.69339,1.69943,0.24735,0.41781,0.43662,0.9652,0.58843,0.43662
0.71977,11.20188,10.39685,0.18345,-0.13232,0.97408,0.99186,0.0,0.0,nan,0.0,0.01247,0.02712,24.17225,1.6912,0.24085,0.55144,0.52918,0.90294,0.59129,0.52918
0.97864,13.0179,-11.12347,0.12823,-0.19066,-0.97325,0.91991,0.0,0.0,nan,0.0,0.0166,0.05755,36.3887,1.63867,0.23681,0.70183,0.62212,0.43354,0.61025,0.62212
1.00378,12.97262,11.11707,0.00531,-0.15933,0.98721,0.97757,0.0,0.0,nan,0.0,0.00793,0.0327,24.7752,1.80253,0.23399,0.51416,0.43711,0.50944,0.55478,0.43711
0.86062,15.05037,-11.54247,0.08176,-0.22211,-0.97159,0.95593,0.0,0.0,nan,0.0,0.02256,0.06849,29.71802,1.93697,0.21854,0.7742,0.66993,0.45406,0.51627,0.66993
0.98689,15.00165,11.19164,-0.07884,0.02008,0.99668,0.98305,0.0,0.0,nan,0.0,0.00932,0.02389,18.34507,1.90836,0.23429,0.53406,0.37586,0.80979,0.52401,0.37586
0.83744,17.25726,-12.2615,0.06649,-0.10263,-0.9925,0.91521,0.0,0.0,nan,0.0,0.00632,0.03136,19.42646,2.87584,0.23788,0.55582,0.46772,0.39957,0.34772,0.46772
1.22959,16.44416,-11.90825,0.16214,-0.17537,-0.97106,0.91306,0.0,0.0,nan,0.0,0.02321,0.09017,32.22154,2.02021,0.23431,0.80723,0.76974,0.36146,0.495,0.76974
1.01975,16.97275,10.9592,-0.0347,0.02509,0.99908,0.97884,0.0,0.0,nan,0.0,0.0127,0.0253,18.26314,1.74047,0.23375,0.60406,0.50343,0.92186,0.57456,0.50343
0.96248,18.21623,-12.01436,0.11935,-0.00573,-0.99284,0.95006,0.0,0.0,nan,0.0,0.02089,0.06328,18.08558,3.54953,0.23407,0.64045,0.65431,0.57247,0.28173,0.65431
1.05278,19.09537,-11.68946,0.136,0.08422,-0.98712,0.9761,0.0,0.0,nan,0.0,0.01519,0.04904,21.58014,2.05266,0.23484,0.59507,0.77644,0.62121,0.48717,0.77644
0.96897,18.96737,11.08866,0.00699,-0.21856,0.9758,0.98589,0.0,0.0,nan,0.0,0.01374,0.04496,23.06987,1.63867,0.24165,0.66029,0.76287,0.52448,0.61025,0.76287
1.50429,20.2733,-12.08289,0.10765,0.04543,-0.99315,0.93127,0.0,0.0,nan,0.0,0.01217,0.02877,26.90017,1.71529,0.23908,0.60154,0.7725,0.81447,0.58299,0.7725
0.82514,21.15716,-11.58269,-0.03997,0.00446,-0.99919,0.98403,0.0,0.0,nan,0.0,0.01266,0.02564,29.97918,1.88109,0.23339,0.6038,0.60311,0.87224,0.53161,0.60311
1.03311,21.00483,11.69993,0.06544,-0.15003,0.98651,0.99587,0.0,0.0,nan,0.0,0.02232,0.08796,5.04262,2.21421,0.22917,0.70487,0.68525,0.50291,0.45163,0.68525
1.44492,23.22144,-12.09409,0.00499,-0.11502,-0.99335,0.94957,0.0,0.0,nan,0.0,0.01551,0.044,29.77573,1.91037,0.23478,0.59662,0.62347,0.63059,0.52346,0.62347
0.73793,22.80105,-11.97245,-0.12308,-0.08037,-0.98914,0.99098,0.0,0.0,nan,0.0,0.00901,0.02663,35.17082,1.75795,0.23301,0.67905,0.80551,0.64044,0.56885,0.80551
1.00078,23.00154,11.75481,0.04311,0.10332,0.99371,0.99342,0.0,0.0,nan,0.0,0.00446,0.03268,11.72118,1.80253,0.23811,0.48338,0.42,0.3303,0.55478,0.42
1.05811,25.22072,-12.35024,-0.03337,0.0555,-0.9979,0.94252,0.0,0.0,nan,0.0,0.0102,0.02771,24.77724,1.63867,0.24688,0.62123,0.40479,0.6403,0.61025,0.40479
0.69745,24.34753,-11.68428,-0.0843,-0.11881,-0.98933,0.9897,0.0,0.0,nan,0.0,0.0104,0.02802,27.36321,1.67744,0.23799,0.56319,0.49188,0.70749,0.59615,0.49188
1.01534,25.06292,11.29131,0.02728,0.12818,0.99138,0.99881,0.0,0.0,nan,0.0,0.00502,0.0181,17.17774,1.80253,0.23556,0.35305,0.42253,0.87635,0.55478,0.42253
0.91972,26.19925,-12.15283,-0.0509,0.16936,-0.98424,0.95652,0.0,0.0,nan,0.0,0.00699,0.02067,27.07256,2.02133,0.23791,0.55632,0.35315,0.65325,0.49472,0.35315
0.95263,27.25591,-11.26614,-0.08378,0.19687,-0.97684,0.96416,0.0,0.0,nan,0.0,0.0113,0.03073,34.55744,1.7763,0.23986,0.62958,0.54296,0.61791,0.56297,0.54296
1.02516,27.02361,11.22835,-0.03629,0.0376,0.99863,0.99323,0.0,0.0,nan,0.0,0.01006,0.01993,19.50491,2.26352,0.23832,0.58639,0.5147,0.94953,0.44179,0.5147
1.6936,29.55959,-12.08025,-0.05573,-0.17154,-0.9836,0.97013,0.0,0.0,nan,0.0,0.01801,0.04675,40.93041,1.6924,0.23533,0.6651,0.68875,0.60746,0.59088,0.68875
0.78223,28.80144,-11.56598,-0.12486,-0.11258,-0.98577,0.96778,0.0,0.0,nan,0.0,0.00916,0.02457,34.66724,1.66305,0.24507,0.55647,0.68111,0.70896,0.60131,0.68111
1.02748,28.91475,10.94676,-0.16355,0.05431,0.98504,0.99313,0.0,0.0,nan,0.0,0.0092,0.02329,20.408,2.21802,0.2447,0.44568,0.43441,0.97278,0.45085,0.43441
1.36505,31.11388,-12.20834,-0.04504,-0.14791,-0.98798,0.98892,0.0,0.0,nan,0.0,0.00719,0.02948,31.09265,1.90148,0.23622,0.6671,0.76437,0.40784,0.52591,0.76437
0.36348,30.82751,-11.80154,-0.06261,-0.20276,-0.97723,0.99616,0.0,0.0,nan,0.0,0.01561,0.03449,26.39859,2.38411,0.22532,0.78664,0.52696,0.61887,0.41944,0.52696
0.98074,31.03642,11.23351,-0.12284,0.01957,0.99223,0.99058,0.0,0.0,nan,0.0,0.01337,0.04158,31.36577,2.20731,0.23127,0.61876,0.69882,0.55279,0.45304,0.69882
1.19473,32.92876,-12.20686,-0.03066,0.12478,-0.99171,0.97678,0.0,0.0,nan,0.0,0.01168,0.03856,24.7349,1.63867,0.23946,0.56932,0.47697,0.57509,0.61025,0.47697
0.3153,33.10212,-11.9271,-0.03948,0.15225,-0.98755,0.99156,0.0,0.0,nan,0.0,0.0207,0.04384,21.29049,1.79264,0.23396,0.67724,0.46912,0.76284,0.55784,0.46912
1.00019,33.2906,10.87766,-0.0183,-0.27172,0.9622,0.96631,0.0,0.0,nan,0.0,0.00541,0.01695,27.09085,1.63867,0.23959,0.40419,0.59029,0.84875,0.61025,0.59029
1.66904,34.06667,-12.03413,0.01041,0.22962,-0.97323,0.99088,0.0,0.0,nan,0.0,0.00514,0.01937,20.16029,1.86763,0.24141,0.3727,0.306,0.78246,0.53544,0.306
0.99054,34.94503,-11.36641,0.00665,0.15435,-0.98799,0.99284,0.0,0.0,nan,0.0,0.00972,0.02751,22.30435,1.79299,0.2411,0.58332,0.5544,0.66022,0.55773,0.5544
1.27542,34.61951,11.94257,0.02681,-0.27728,0.96042,0.98099,0.0,0.0,nan,0.0,0.01012,0.03997,27.63613,2.35008,0.23924,0.53924,0.45244,0.50364,0.42552,0.45244
0.77796,35.38856,12.1406,0.02964,-0.13867,0.98989,0.95779,0.0,0.0,nan,0.0,0.01188,0.03781,27.81333,1.80253,0.24219,0.53065,0.50113,0.63465,0.55478,0.50113
0.96671,37.04814,-11.69884,-0.02683,-0.08635,-0.9959,0.99362,0.0,0.0,nan,0.0,0.01326,0.0348,28.53129,1.88141,0.22606,0.62544,0.45329,0.65204,0.53152,0.45329
1.26223,36.98604,11.83446,0.03116,0.1187,0.99244,0.99881,0.0,0.0,nan,0.0,0.00414,0.02814,26.37611,1.98506,0.23648,0.65442,0.92048,0.5321,0.50376,0.92048
0.72835,36.69479,12.00615,0.02681,0.08451,0.99606,0.99362,0.0,0.0,nan,0.0,0.00356,0.0253,26.54448,2.01175,0.23057,0.6042,0.92368,0.56399,0.49708,0.92368
1.13614,39.29929,-12.19826,0.01615,-0.14159,-0.98979,0.97894,0.0,0.0,nan,0.0,0.01041,0.0213,29.04499,1.72207,0.2301,0.60476,0.50789,0.86392,0.5807,0.50789
0.84758,38.61896,-11.97504,-0.01111,-0.16069,-0.98694,0.99293,0.0,0.0,nan,0.0,0.01301,0.02665,28.00481,1.63867,0.23715,0.60024,0.52707,0.87106,0.61025,0.52707
1.23556,39.12911,11.60957,0.07822,0.1686,0.98258,0.9944,0.0,0.0,nan,0.0,0.01538,0.06282,44.02043,1.85198,0.24313,0.64762,0.61006,0.39509,0.53996,0.61006
0.51433,38.30221,12.10979,0.01765,0.18233,0.98308,0.96954,0.0,0.0,nan,0.0,0.00584,0.03409,33.60197,2.03082,0.23722,0.63232,0.93046,0.6793,0.49241,0.93046
1.08378,40.57093,-12.09183,0.04993,0.06574,-0.99659,0.94732,0.0,0.0,nan,0.0,0.01533,0.03409,22.58281,2.13318,0.22893,0.62083,0.57334,0.78861,0.46878,0.57334
0.98559,41.27167,-11.86039,0.03387,0.25859,-0.96539,0.97727,0.0,0.0,nan,0.0,0.01457,0.03606,23.95115,2.71571,0.23793,0.67756,0.65428,0.6463,0.36823,0.65428
1.22472,41.02793,11.17327,0.13337,-0.19746,0.9712,0.94918,0.0,0.0,nan,0.0,0.00515,0.02167,32.96325,1.63867,0.24035,0.63416,0.81152,0.49494,0.61025,0.81152
0.99144,42.80961,-10.88333,0.05076,0.34922,-0.93567,0.97267,0.0,0.0,nan,0.0,0.00584,0.01644,23.83826,2.1388,0.23358,0.52016,0.52223,0.74043,0.46755,0.52223
1.35134,42.08831,11.93418,0.09179,-0.29939,0.9497,0.97306,0.0,0.0,nan,0.0,0.00733,0.04003,34.37173,2.36757,0.23849,0.56272,0.54109,0.34425,0.42237,0.54109
1.01466,43.0978,12.36951,-0.00647,-0.08283,0.99654,0.91277,0.0,0.0,nan,0.0,0.01247,0.04914,28.35909,2.11781,0.23288,0.52919,0.69131,0.5132,0.47219,0.69131
1.07436,45.01628,-10.64275,0.13891,-0.05176,-0.98895,0.95897,0.0,0.0,nan,0.0,0.01064,0.0202,30.79018,2.8666,0.23442,0.64327,0.65089,0.87192,0.34884,0.65089
1.6144,45.59727,-9.82318,0.06569,-0.15701,-0.98541,0.81645,0.0,0.0,nan,0.0,0.00685,0.01429,23.80779,2.1142,0.22468,0.5324,0.56773,0.97618,0.47299,0.56773
0.90967,45.15375,11.40699,-0.10106,0.30251,0.94778,0.99342,0.0,0.0,nan,0.0,0.01182,0.04003,39.2379,1.70399,0.24695,0.67568,0.79781,0.5424,0.58686,0.79781
1.06876,44.40356,12.27436,-0.05506,0.22889,0.97189,0.95114,0.0,0.0,nan,0.0,0.0079,0.02847,30.71014,1.69234,0.24117,0.57086,0.73935,0.51798,0.5909,0.73935
1.03507,46.9768,-11.0631,0.10864,-0.24848,-0.96252,0.99489,0.0,0.0,nan,0.0,0.00967,0.02446,21.5954,3.21174,0.23917,0.55822,0.41636,0.77411,0.31136,0.41636
1.07647,47.09925,11.34148,-0.05464,0.07184,0.99592,0.99147,0.0,0.0,nan,0.0,0.01206,0.02747,33.55137,1.67426,0.23726,0.48001,0.62711,0.96896,0.59728,0.62711
0.9942,49.01999,-11.52229,0.01788,0.06254,-0.99788,0.98217,0.0,0.0,nan,0.0,0.01466,0.04427,17.91341,2.34976,0.23521,0.53014,0.64545,0.69419,0.42558,0.64545
1.0053,49.01266,11.50896,-0.02234,-0.15753,0.98726,0.99352,0.0,0.0,nan,0.0,0.01347,0.03559,25.82527,1.70518,0.24604,0.54613,0.3858,0.74672,0.58645,0.3858
1.02367,51.09573,-11.01633,0.05296,0.1609,-0.98555,0.99215,0.0,0.0,nan,0.0,0.00698,0.02882,32.66856,2.06762,0.23615,0.53601,0.77193,0.51559,0.48365,0.77193
1.0262,51.06659,11.74008,-0.05507,0.03833,0.99775,0.98589,0.0,0.0,nan,0.0,0.00729,0.02427,28.53349,1.63867,0.2384,0.50217,0.56042,0.63999,0.61025,0.56042
0.28355,50.5847,12.04811,-0.04129,0.01975,0.99895,0.94556,0.0,0.0,nan,0.0,0.00864,0.03105,27.72025,1.69885,0.23957,0.50101,0.44561,0.59527,0.58863,0.44561
1.06341,53.26526,-10.63908,0.09633,-0.05165,-0.99401,0.98667,0.0,0.0,nan,0.0,0.01061,0.02956,36.82729,1.78084,0.23792,0.55065,0.64758,0.68748,0.56153,0.64758
0.42542,52.75269,-9.95241,0.13081,-0.01545,-0.99129,0.85443,0.0,0.0,nan,0.0,0.00574,0.02242,37.42372,1.81492,0.2342,0.53904,0.5329,0.49992,0.55099,0.5329
1.12292,52.91683,11.35641,-0.09211,0.16024,0.98277,0.99851,0.0,0.0,nan,0.0,0.01187,0.03037,33.79852,1.76962,0.23671,0.50159,0.56405,0.82497,0.56509,0.56405
1.40756,54.97141,-11.11605,0.03602,0.03564,-0.99872,0.99274,0.0,0.0,nan,0.0,0.00992,0.03624,37.04677,2.71444,0.24191,0.63585,0.64901,0.45368,0.3684,0.64901
0.9284,54.82602,10.86017,-0.09694,0.01868,0.99512,0.98687,0.0,0.0,nan,0.0,0.01014,0.02666,31.67247,1.63867,0.23935,0.42963,0.48842,0.94152,0.61025,0.48842
0.98122,56.95504,-10.49294,0.02284,0.29406,-0.95551,0.99675,0.0,0.0,nan,0.0,0.01535,0.04535,32.88943,1.67183,0.23277,0.62435,0.37882,0.57518,0.59815,0.37882
0.5216,57.87186,-9.94954,0.00243,0.29213,-0.95638,0.97727,0.0,0.0,nan,0.0,0.01231,0.03804,31.84257,1.86412,0.23578,0.45769,0.5961,0.75142,0.53645,0.5961
0.99294,56.96809,11.34447,-0.03259,-0.08983,0.99542,0.99274,0.0,0.0,nan,0.0,0.01209,0.03021,27.25674,1.76535,0.24015,0.60208,0.61631,0.71341,0.56646,0.61631
1.05356,58.73056,-10.13042,0.02565,0.18037,-0.98326,0.99156,0.0,0.0,nan,0.0,0.00901,0.02886,31.3911,2.05319,0.23787,0.36208,0.44362,0.91748,0.48705,0.44362
1.05768,59.15121,-9.93817,0.0219,0.11057,-0.99363,0.98481,0.0,0.0,nan,0.0,0.00748,0.02446,31.01785,1.80253,0.24081,0.33102,0.31575,0.98305,0.55478,0.31575
0.90707,58.9436,10.89144,0.07611,0.16824,0.9828,0.96944,0.0,0.0,nan,0.0,0.00492,0.02941,28.07892,1.69786,0.24435,0.681,0.92644,0.60461,0.58898,0.92644
0.89475,61.17773,-10.36932,0.00522,-0.14034,-0.99009,0.99528,0.0,0.0,nan,0.0,0.00871,0.02465,32.74368,1.88443,0.22931,0.4878,0.72944,0.76865,0.53066,0.72944
1.02725,60.63601,-9.76528,0.01808,-0.0999,-0.99483,0.99107,0.0,0.0,nan,0.0,0.00774,0.02189,33.11594,1.80253,0.23605,0.44915,0.71488,0.83528,0.55478,0.71488
0.97448,61.29157,9.90297,0.15921,-0.13831,0.97751,0.75831,0.0,0.0,nan,0.0,0.00423,0.01547,31.3278,2.04735,0.23998,0.49696,0.78648,0.66243,0.48844,0.78648
0.4383,60.95333,10.51789,0.17444,-0.05828,0.98294,0.92197,0.0,0.0,nan,0.0,0.00732,0.01885,27.6459,3.37893,0.2445,0.53951,0.59141,0.7717,0.29595,0.59141
1.06473,62.99837,-10.36388,-0.05762,0.04189,-0.99746,0.9713,0.0,0.0,nan,0.0,0.00715,0.03027,19.48969,1.72002,0.2516,0.56046,0.52196,0.46448,0.58139,0.52196
0.43435,62.307,-9.83745,-0.03216,-0.05269,-0.99809,0.99509,0.0,0.0,nan,0.0,0.00666,0.02855,26.81186,1.65982,0.2345,0.47495,0.57441,0.52777,0.60248,0.57441
0.98181,62.96374,11.47823,0.07276,-0.08221,0.99396,0.98168,0.0,0.0,nan,0.0,0.00422,0.02473,30.53676,3.35391,0.23868,0.42645,0.39489,0.42691,0.29816,0.39489
0.93837,64.21835,-10.1851,-0.03656,0.16226,-0.98607,0.9901,0.0,0.0,nan,0.0,0.00669,0.01697,21.38084,1.80253,0.23845,0.73574,0.57041,0.58583,0.55478,0.57041
1.02687,65.33096,-9.48729,0.00035,0.09112,-0.99584,0.95623,0.0,0.0,nan,0.0,0.00354,0.01866,17.26291,1.87987,0.22615,0.74053,0.93529,0.70298,0.53195,0.93529
1.04015,64.80149,10.80367,-0.00686,0.12774,0.99178,0.97531,0.0,0.0,nan,0.0,0.00666,0.02348,29.21945,2.05381,0.2335,0.47022,0.78876,0.73614,0.4869,0.78876
1.0185,67.08179,-10.20187,0.01889,-0.13728,-0.99035,0.9807,0.0,0.0,nan,0.0,0.00484,0.01794,9.73607,3.4412,0.23817,0.77059,0.5115,0.42233,0.2906,0.5115
0.96829,66.14194,-9.78564,0.00547,-0.0347,-0.99938,0.99068,0.0,0.0,nan,0.0,0.00277,0.01122,12.3464,3.25955,0.242,0.6025,0.82808,0.63551,0.30679,0.82808
0.97881,67.0134,11.16684,0.00778,0.0672,0.99771,0.99381,0.0,0.0,nan,0.0,0.00874,0.02286,33.99811,3.42621,0.25212,0.52067,0.47719,0.7772,0.29187,0.47719
0.91623,68.87064,-10.1472,0.05074,0.09622,-0.99407,0.97825,0.0,0.0,nan,0.0,0.00761,0.15485,5.93872,1.85605,0.23851,0.83655,0.96551,0.25305,0.53878,0.96551
1.45783,69.78033,-9.96211,0.0491,0.22222,-0.97376,0.98745,0.06718,0.3359,0.7,1.0,0.0122,0.10095,5.5777,1.63867,0.2291,0.35834,0.55626,0.4582,0.61025,0.55626
1.1274,68.91777,10.56135,0.02144,-0.08906,0.9958,0.98344,0.0,0.0,nan,0.0,0.01189,0.02887,31.06147,3.60506,0.23904,0.56351,0.4058,0.77791,0.27739,0.4058
0.18415,70.0121,-10.01099,0.02726,0.26499,-0.96387,0.97541,0.10063,0.50317,0.7,1.0,0.01145,0.11293,5.00913,1.63867,0.23652,0.35393,0.8006,0.47835,0.61025,0.8006
1.00058,71.09211,-9.61035,0.01839,0.39356,-0.91912,0.98412,0.08171,0.40853,0.7,1.0,0.02092,0.10086,7.17485,1.85419,0.232,0.35862,0.66569,0.73946,0.53932,0.66569
1.01034,71.05637,11.39703,0.01115,0.17251,0.98494,0.90073,0.0,0.0,nan,0.0,0.00476,0.06055,37.1184,2.17177,0.22729,0.76391,0.94575,0.29038,0.46045,0.94575
1.02699,72.72158,-8.71349,-0.01607,0.69128,-0.7224,0.95887,0.07139,0.07139,0.6,0.53453,0.01838,0.07252,8.27601,1.72747,0.2323,0.31476,0.52562,0.99959,0.57888,0.52562
1.02371,73.71164,-7.08542,-0.04558,0.9339,-0.35463,0.97845,0.00448,0.0224,0.6,1.0,0.01086,0.04106,6.92148,3.05521,0.2357,0.38057,0.37523,0.89553,0.32731,0.37523
0.81046,73.94257,-5.29333,-0.04477,0.99456,-0.09402,0.99577,0.0,0.0,nan,0.0,0.01156,0.08003,9.82146,1.90838,0.21927,0.3333,0.44739,0.52163,0.524,0.44739
0.91366,73.9273,-2.87646,-0.03922,0.99869,0.03297,0.99528,0.0,0.0,nan,0.0,0.01258,0.07015,13.83226,1.68012,0.22905,0.24654,0.52132,0.83245,0.59519,0.52132
0.91907,73.80054,-1.0288,-0.02578,0.99926,0.02845,0.99176,0.0,0.0,nan,0.0,0.0176,0.09933,12.51888,1.63867,0.22678,0.25559,0.59934,0.80416,0.61025,0.59934
1.03252,73.80661,0.97902,0.00147,0.99974,0.02286,0.9852,0.0486,0.0486,0.6,0.512,0.0062,0.09118,10.15002,1.68648,0.21731,0.28245,0.79703,0.33908,0.59295,0.79703
0.96457,73.77892,3.02165,0.01464,0.9995,0.02794,0.98706,0.0,0.0,nan,0.0,0.00632,0.08327,18.38286,1.81951,0.22484,0.33212,0.86598,0.40282,0.5496,0.86598
0.97611,73.70772,4.9242,0.02161,0.99904,0.03818,0.99881,0.0,0.0,nan,0.0,0.00624,0.07573,18.68828,1.67099,0.22819,0.30042,0.86802,0.48752,0.59845,0.86802
0.96043,73.63052,7.03726,0.0326,0.99574,0.08629,0.9992,0.0,0.0,nan,0.0,0.00879,0.07483,15.69294,1.69835,0.2332,0.34526,0.83342,0.52317,0.58881,0.83342
1.01551,73.37357,9.1316,0.03565,0.91994,0.39044,0.9712,0.03681,0.10139,0.7,0.94903,0.00622,0.07749,10.0563,2.05124,0.23108,0.20985,0.33122,0.45862,0.48751,0.33122
0.97423,72.50329,10.49868,0.02886,0.6576,0.75282,0.93567,0.00049,0.00244,0.7,1.0,0.01095,0.1592,9.28871,1.71861,0.23428,0.59436,0.94269,0.36673,0.58187,0.94269
1.20246,74.03776,-4.49771,-0.0462,0.99845,-0.03088,0.99616,0.0,0.0,nan,0.0,0.00996,0.07754,9.79112,1.63867,0.23101,0.2551,0.58532,0.6065,0.61025,0.58532
1.42822,74.0202,-3.68956,-0.04829,0.99879,0.00908,0.99616,0.0,0.0,nan,0.0,0.01082,0.07513,11.62122,1.71309,0.23001,0.25133,0.41738,0.67134,0.58374,0.41738
1.87412,74.09052,-1.05086,-0.039,0.99826,0.04432,0.99244,0.0,0.0,nan,0.0,0.01381,0.08568,12.70345,1.72749,0.21863,0.25317,0.41723,0.73715,0.57887,0.41723
0.31624,74.00664,4.47098,0.01755,0.99918,0.0364,0.9897,0.0,0.0,nan,0.0,0.00353,0.07346,18.10966,1.63867,0.22334,0.29351,0.92929,0.42648,0.61025,0.92929
3.01984,1.85105,-6.73266,0.00265,-0.9698,-0.24388,0.94233,0.0,0.0,nan,0.0,0.00804,0.17434,17.65721,2.39829,0.23067,0.48265,0.93299,0.25682,0.41696,0.93299
2.98622,1.91354,-5.53343,-0.00136,-0.99852,0.05442,0.99196,0.0,0.0,nan,0.0,0.01293,0.05218,8.15724,2.04694,0.2202,0.50336,0.44002,0.61287,0.48853,0.44002
3.04173,2.99178,-8.75034,0.06522,-0.45255,-0.88935,0.87498,0.0,0.0,nan,0.0,0.00788,0.04897,41.14115,2.03039,0.23366,0.61018,0.88846,0.4968,0.49252,0.88846
3.03232,2.13064,-7.68702,0.02809,-0.83274,-0.55295,0.88017,0.0,0.0,nan,0.0,0.00671,0.05201,29.32093,3.60506,0.24739,0.62525,0.74104,0.22044,0.27739,0.74104
3.01357,2.13378,-4.60116,0.00742,-0.98974,0.1427,0.99842,0.02167,0.10835,0.51,1.0,0.01193,0.05316,8.19755,1.88772,0.23467,0.52467,0.40777,0.53213,0.52974,0.40777
3.01834,2.36525,-3.05449,-0.00177,-0.99426,0.107,0.99881,0.02429,0.12145,0.51,1.0,0.01683,0.07428,6.67883,1.96554,0.2298,0.38323,0.44414,0.76844,0.50876,0.44414
2.96595,2.46075,-0.91468,-0.05285,-0.99755,0.04584,0.99871,0.0,0.0,nan,0.0,0.0029,0.02053,13.19026,1.82348,0.22554,0.52702,0.87793,0.52186,0.5484,0.87793
3.0365,2.74105,0.91351,-0.10062,-0.99444,0.03098,0.99783,0.0,0.0,nan,0.0,0.00464,0.02111,18.3687,1.63867,0.23313,0.442,0.83207,0.74845,0.61025,0.83207
3.08844,2.99087,2.98827,-0.07853,-0.96997,0.23019,0.99812,0.0,0.0,nan,0.0,0.00987,0.03083,20.43346,2.20875,0.22992,0.41302,0.36026,0.8515,0.45274,0.36026
3.01804,3.65415,4.91565,-0.03166,-0.95522,0.29419,0.99215,0.0,0.0,nan,0.0,0.00646,0.03758,25.32717,2.14315,0.22456,0.27424,0.43571,0.67615,0.4666,0.43571
2.60161,3.9999,6.9538,-0.02089,-0.99755,0.0667,0.99098,0.0,0.0,nan,0.0,0.00746,0.03964,41.29242,2.17177,0.23826,0.59138,0.89977,0.64072,0.46045,0.89977
3.01021,3.46357,8.72202,-0.02514,-0.9392,0.34246,0.84405,0.0,0.0,nan,0.0,0.00641,0.0676,64.39883,1.73076,0.23913,0.75058,0.99321,0.58711,0.57778,0.99321
3.01427,5.02095,-8.90133,0.09319,-0.29105,-0.95216,0.9897,0.0,0.0,nan,0.0,0.00873,0.02672,26.88303,1.86229,0.24343,0.55681,0.68322,0.63022,0.53697,0.68322
3.74038,4.14018,5.36947,-0.08297,-0.96805,0.23664,0.91795,0.0,0.0,nan,0.0,0.00742,0.06949,30.62807,2.0356,0.23007,0.3399,0.7941,0.38956,0.49125,0.7941
3.19533,4.33396,7.18583,-0.03082,-0.99045,0.13441,0.96093,0.0,0.0,nan,0.0,0.00794,0.04752,46.11191,1.85113,0.23855,0.58054,0.93416,0.73144,0.54021,0.93416
3.23274,4.62077,9.80555,0.01973,-0.53799,0.84272,0.85433,0.0,0.0,nan,0.0,0.01367,0.11258,53.41727,2.37068,0.23772,0.49153,0.52318,0.2563,0.42182,0.52318
2.63083,5.40448,10.13315,0.10117,-0.34558,0.93292,0.95339,0.0,0.0,nan,0.0,0.01046,0.10435,67.94322,3.21742,0.23422,0.53047,0.53519,0.19448,0.31081,0.53519
2.7717,7.1269,-10.49859,0.08652,-0.34972,-0.93285,0.92579,0.0,0.0,nan,0.0,0.01453,0.02878,17.3324,2.22715,0.23064,0.61334,0.46791,0.91813,0.44901,0.46791
3.35508,6.76586,-9.58192,0.16684,-0.42807,-0.88821,0.99068,0.0,0.0,nan,0.0,0.01617,0.04723,19.88191,1.63867,0.23631,0.58571,0.3122,0.64311,0.61025,0.3122
3.31536,6.89832,9.84076,0.11187,-0.01387,0.99363,0.99607,0.0,0.0,nan,0.0,0.00674,0.01936,16.82896,1.79879,0.23629,0.40639,0.29102,0.95809,0.55593,0.29102
2.53334,7.25829,10.29751,0.18843,-0.02549,0.98176,0.99783,0.0,0.0,nan,0.0,0.0078,0.01598,21.4811,1.69594,0.2433,0.5439,0.57934,0.98141,0.58964,0.57934
3.06768,8.95638,-10.52667,0.1192,-0.00933,-0.99283,0.9623,0.0,0.0,nan,0.0,0.01189,0.04049,22.33743,2.02379,0.24217,0.50819,0.38626,0.62948,0.49412,0.38626
3.51078,9.08912,9.65221,0.21374,0.01721,0.97674,0.99225,0.0,0.0,nan,0.0,0.01058,0.02978,22.22572,1.82927,0.23891,0.47967,0.42187,0.80752,0.54667,0.42187
2.62814,8.91473,10.35738,0.22828,0.01042,0.97354,0.99137,0.0,0.0,nan,0.0,0.01253,0.02456,23.63525,1.84561,0.24598,0.58317,0.70025,0.9486,0.54182,0.70025
2.64305,10.99666,-10.30882,0.35811,0.1263,-0.9251,0.96406,0.0,0.0,nan,0.0,0.0102,0.03159,29.15378,1.85762,0.23703,0.44146,0.41208,0.78191,0.53832,0.41208
3.356,11.3569,-9.33115,0.43249,0.30692,-0.84779,0.93176,0.0,0.0,nan,0.0,0.00853,0.02876,26.89587,3.38866,0.23745,0.46117,0.4172,0.69097,0.2951,0.4172
3.14991,10.66921,9.78147,0.16862,-0.20929,0.9632,0.98295,0.0,0.0,nan,0.0,0.00806,0.02199,22.57153,2.35676,0.22849,0.41954,0.42604,0.95137,0.42431,0.42604
2.90515,11.56695,10.37782,0.14917,-0.27336,0.95027,0.99793,0.0,0.0,nan,0.0,0.00747,0.02236,22.7093,1.64202,0.2375,0.39817,0.32021,0.91334,0.60901,0.32021
2.66036,13.07518,-10.75955,0.61773,-0.13512,-0.7747,0.91521,0.0,0.0,nan,0.0,0.01233,0.04876,27.41352,1.87416,0.24484,0.46222,0.60945,0.58719,0.53357,0.60945
3.31317,12.96846,-8.92285,0.69871,0.12494,-0.70441,0.90944,0.0,0.0,nan,0.0,0.01228,0.03067,27.29949,1.71494,0.24309,0.4826,0.49192,0.89037,0.58311,0.49192
3.03856,12.94095,11.06317,0.14979,-0.21855,0.96426,0.95819,0.0,0.0,nan,0.0,0.0085,0.0257,19.09231,1.78056,0.24108,0.37584,0.56524,0.97199,0.56162,0.56524
2.91437,15.01671,-11.17068,0.6583,-0.15665,-0.73627,0.85893,0.0,0.0,nan,0.0,0.00761,0.03846,16.89461,1.80253,0.24115,0.30339,0.43251,0.72942,0.55478,0.43251
3.52101,14.97365,-8.99932,0.84221,-0.03004,-0.53831,0.97257,0.0,0.0,nan,0.0,0.01481,0.03977,23.74902,2.60467,0.2259,0.64981,0.74305,0.62144,0.38393,0.74305
3.83281,15.1792,-7.72368,0.63822,0.0411,-0.76875,0.84767,0.0,0.0,nan,0.0,0.00948,0.04063,25.97532,1.67312,0.23157,0.50539,0.8441,0.7116,0.59768,0.8441
3.95792,15.78535,9.97879,0.2621,0.1577,0.95207,0.97884,0.0,0.0,nan,0.0,0.0158,0.0474,26.68383,1.8897,0.22494,0.68096,0.45112,0.52601,0.52919,0.45112
3.14437,14.96036,11.10522,0.22481,0.04989,0.97312,0.97982,0.0,0.0,nan,0.0,0.00872,0.02746,22.10314,2.54198,0.23116,0.61151,0.77045,0.60619,0.39339,0.77045
2.09422,17.94932,-12.00869,0.41056,-0.05386,-0.91024,0.87978,0.0,0.0,nan,0.0,0.01124,0.04337,26.5841,1.72876,0.23289,0.73163,0.8097,0.47062,0.57845,0.8097
3.03852,16.98384,-11.23423,0.71583,-0.10455,-0.69041,0.88526,0.0,0.0,nan,0.0,0.0086,0.0282,15.82888,2.39884,0.23263,0.40322,0.56139,0.85162,0.41687,0.56139
3.68304,16.98278,-9.16886,0.90124,-0.06391,-0.42859,0.97032,0.0,0.0,nan,0.0,0.01385,0.03763,22.7747,1.65909,0.25038,0.64439,0.65106,0.62136,0.60274,0.65106
3.9698,16.77644,-7.85776,0.71989,0.02556,-0.69361,0.88957,0.0,0.0,nan,0.0,0.00261,0.02512,24.09275,1.86084,0.22571,0.47587,0.95919,0.71397,0.53739,0.95919
3.75085,17.22164,9.62565,0.27764,0.01958,0.96049,0.86627,0.0,0.0,nan,0.0,0.00744,0.01879,35.16395,1.68318,0.23427,0.64303,0.7659,0.68526,0.59411,0.7659
3.11705,17.05649,10.88519,0.28658,0.02265,0.95779,0.98363,0.0,0.0,nan,0.0,0.00986,0.02481,32.47567,3.58324,0.24124,0.62272,0.5987,0.67735,0.27908,0.5987
2.0226,18.02763,-12.01091,0.39094,-0.04739,-0.9192,0.88321,0.0,0.0,nan,0.0,0.01082,0.04811,26.95049,1.83125,0.236,0.73977,0.82827,0.43587,0.54608,0.82827
3.2627,18.97704,-11.26886,0.72701,-0.08303,-0.68159,0.88967,0.0,0.0,nan,0.0,0.00914,0.02425,19.37526,1.88553,0.23229,0.44407,0.43374,0.93626,0.53036,0.43374
3.78464,18.83234,-9.28364,0.9228,-0.06671,-0.37946,0.98197,0.0,0.0,nan,0.0,0.0127,0.04767,24.03472,2.61791,0.22966,0.65413,0.74098,0.44128,0.38198,0.74098
3.90023,19.10066,-7.60962,0.79795,-0.02221,-0.60232,0.8374,0.0,0.0,nan,0.0,0.00948,0.02502,28.39271,1.88703,0.22705,0.42228,0.5827,0.95998,0.52993,0.5827
3.64675,18.33382,9.62032,0.25679,-0.21326,0.94264,0.83632,0.0,0.0,nan,0.0,0.00779,0.02051,32.91794,1.87786,0.23487,0.56161,0.31561,0.71781,0.53252,0.31561
3.02924,18.92969,10.8336,0.22941,-0.26511,0.93653,0.99058,0.0,0.0,nan,0.0,0.00773,0.02865,27.5288,3.52759,0.23272,0.59384,0.40449,0.48746,0.28348,0.40449
2.07276,20.48288,-12.01218,0.22499,-0.00072,-0.97436,0.88742,0.0,0.0,nan,0.0,0.01014,0.02934,28.04244,1.85355,0.24157,0.58528,0.81173,0.78846,0.53951,0.81173
3.18343,20.89969,-11.44123,0.60482,-0.07736,-0.79259,0.85668,0.0,0.0,nan,0.0,0.0126,0.03507,24.01716,3.36099,0.25533,0.39362,0.49384,0.98885,0.29753,0.49384
3.92734,20.9072,-9.74994,0.92834,-0.10065,-0.35784,0.97629,0.0,0.0,nan,0.0,0.00605,0.07663,27.31879,1.88769,0.22844,0.68789,0.95318,0.35202,0.52975,0.95318
3.90651,20.57881,-7.43236,0.81796,-0.06072,-0.57205,0.80999,0.0,0.0,nan,0.0,0.00787,0.02379,35.2099,2.51993,0.22828,0.42033,0.63717,0.83143,0.39684,0.63717
2.99496,20.95333,11.50364,0.13421,-0.16408,0.97727,0.9901,0.0,0.0,nan,0.0,0.01529,0.09545,11.92016,2.69976,0.2378,0.62247,0.63151,0.30055,0.3704,0.63151
2.39141,23.443,-12.11191,0.24059,-0.1137,-0.96394,0.84816,0.0,0.0,nan,0.0,0.00746,0.05831,44.11427,1.93438,0.22753,0.61827,0.8239,0.28346,0.51696,0.8239
3.36974,22.97836,-11.53418,0.61517,-0.11827,-0.77947,0.87371,0.0,0.0,nan,0.0,0.01099,0.03657,25.69482,2.04957,0.23453,0.34587,0.3052,0.93664,0.48791,0.3052
3.85239,22.84418,-9.79396,0.92293,-0.10953,-0.36907,0.98872,0.0,0.0,nan,0.0,0.00894,0.04492,28.74402,1.88004,0.23826,0.5466,0.80098,0.46552,0.5319,0.80098
2.96917,22.9836,11.55903,0.15765,0.05162,0.98614,0.99117,0.0,0.0,nan,0.0,0.01346,0.1069,18.3825,1.80676,0.2192,0.7077,0.89731,0.37306,0.55348,0.89731
2.44558,25.1742,-12.35392,0.25674,0.03083,-0.96599,0.84131,0.0,0.0,nan,0.0,0.00889,0.06583,38.25622,1.89072,0.23952,0.71152,0.8776,0.33743,0.5289,0.8776
3.62441,24.84215,-11.59212,0.64307,-0.05918,-0.76352,0.87616,0.0,0.0,nan,0.0,0.01071,0.02904,27.63029,1.90052,0.23014,0.40539,0.54653,0.97573,0.52617,0.54653
3.99035,24.42694,-9.92265,0.89338,-0.14898,-0.42389,0.99411,0.0,0.0,nan,0.0,0.02275,0.05864,35.33287,1.63867,0.23687,0.65026,0.69352,0.63053,0.61025,0.69352
2.99221,25.15675,11.27787,0.09257,0.10644,0.99,0.99352,0.0,0.0,nan,0.0,0.01158,0.04086,21.70305,1.80253,0.23935,0.50118,0.72655,0.61776,0.55478,0.72655
2.29995,26.21722,-12.12812,0.18553,0.09776,-0.97776,0.89691,0.0,0.0,nan,0.0,0.01422,0.06005,33.33673,2.36226,0.2277,0.65002,0.85234,0.57435,0.42332,0.85234
2.83893,27.1032,-11.26205,0.27164,0.00546,-0.96238,0.94272,0.0,0.0,nan,0.0,0.00787,0.04151,53.19657,1.92031,0.23195,0.65312,0.85122,0.44558,0.52075,0.85122
2.95519,27.05739,11.29042,0.03188,-0.07893,0.99637,0.98598,0.0,0.0,nan,0.0,0.02514,0.05484,23.87553,1.69039,0.23579,0.63941,0.28352,0.77706,0.59158,0.28352
2.23708,29.51419,-12.07507,-0.00672,-0.16745,-0.98586,0.97081,0.0,0.0,nan,0.0,0.01756,0.04275,41.52739,3.31043,0.24216,0.6367,0.73304,0.67616,0.30208,0.73304
3.12582,28.97268,-11.59583,0.08521,-0.16053,-0.98335,0.97179,0.0,0.0,nan,0.0,0.01503,0.03774,39.91182,1.83243,0.24002,0.52656,0.77821,0.87328,0.54572,0.77821
3.06156,29.01104,11.45408,-0.02093,0.06466,0.99769,0.97512,0.0,0.0,nan,0.0,0.00512,0.04032,31.48167,3.4412,0.24593,0.60761,0.84394,0.31766,0.2906,0.84394
2.54146,31.23681,-12.12138,-0.01575,-0.14086,-0.9899,0.99548,0.0,0.0,nan,0.0,0.01137,0.03944,31.66004,1.71225,0.24318,0.61552,0.72118,0.4978,0.58403,0.72118
3.31929,30.74212,-11.55855,0.03765,-0.20259,-0.97854,0.99342,0.0,0.0,nan,0.0,0.01158,0.03528,37.53635,1.80253,0.23511,0.61597,0.78583,0.63422,0.55478,0.78583
3.11302,30.96116,11.44865,0.01296,0.10966,0.99388,0.99058,0.0,0.0,nan,0.0,0.01148,0.03684,47.15516,1.95023,0.23392,0.78544,0.76518,0.4347,0.51276,0.76518
3.03934,33.01766,-12.43387,0.00635,0.17044,-0.98535,0.96318,0.0,0.0,nan,0.0,0.00579,0.02694,25.31283,2.47749,0.23159,0.60932,0.50424,0.38027,0.40363,0.50424
2.55371,32.01065,-11.99782,-0.01683,-0.01739,-0.99971,0.99352,0.0,0.0,nan,0.0,0.0094,0.03364,26.06451,1.64457,0.24001,0.65021,0.6843,0.46275,0.60806,0.6843
2.98753,33.22184,11.13507,0.02221,-0.2618,0.96487,0.97835,0.0,0.0,nan,0.0,0.00548,0.02685,34.1448,3.41395,0.22859,0.65052,0.89045,0.60323,0.29292,0.89045
2.78051,34.0663,-12.04285,0.01929,0.23387,-0.97208,0.97825,0.0,0.0,nan,0.0,0.00681,0.02671,19.89938,2.33577,0.22479,0.43576,0.57278,0.64438,0.42812,0.57278
2.86605,35.00949,-11.06852,0.07553,0.16871,-0.98277,0.94996,0.0,0.0,nan,0.0,0.00703,0.01918,21.34751,1.86525,0.24357,0.48265,0.4918,0.83111,0.53612,0.4918
2.87079,34.85996,11.86589,0.00114,-0.22016,0.97546,0.98412,0.0,0.0,nan,0.0,0.01357,0.04466,22.13303,1.82905,0.24322,0.62954,0.57376,0.52619,0.54673,0.57376
3.42028,35.70978,12.0624,0.0218,-0.04734,0.99864,0.96895,0.0,0.0,nan,0.0,0.01085,0.04583,20.41778,2.70592,0.23394,0.50915,0.59892,0.51057,0.36956,0.59892
3.10245,36.96675,-11.68049,0.04674,-0.09161,-0.9947,0.98941,0.0,0.0,nan,0.0,0.01152,0.03527,29.24638,1.88212,0.24551,0.65094,0.50689,0.53622,0.53132,0.50689
2.89228,37.19547,11.89129,0.05313,0.17422,0.98327,0.99,0.0,0.0,nan,0.0,0.01201,0.02998,29.42686,1.74112,0.23341,0.74728,0.74773,0.57229,0.57434,0.74773
3.48713,36.45277,12.08973,0.02673,0.09875,0.99475,0.98178,0.0,0.0,nan,0.0,0.00869,0.03004,26.52026,2.33098,0.22941,0.72766,0.73619,0.42771,0.429,0.73619
2.28944,39.91526,-12.06585,0.03777,-0.04226,-0.99839,0.98794,0.0,0.0,nan,0.0,0.00898,0.02113,23.54923,1.71873,0.23169,0.53199,0.32968,0.86695,0.58182,0.32968
3.15797,38.96692,-11.27115,0.01744,-0.11154,-0.99361,0.99186,0.0,0.0,nan,0.0,0.00727,0.02194,23.58923,1.74875,0.23002,0.5647,0.44403,0.63682,0.57184,0.44403
2.99093,39.03633,11.40616,0.05321,0.19106,0.98014,0.98941,0.0,0.0,nan,0.0,0.02071,0.05176,53.56475,3.00559,0.24028,0.71121,0.45765,0.58367,0.33271,0.45765
2.87658,40.75787,-12.22762,0.02788,0.09463,-0.99512,0.96014,0.0,0.0,nan,0.0,0.00693,0.01702,22.55218,2.0311,0.21969,0.4977,0.43598,0.89038,0.49234,0.43598
3.08275,41.46278,-11.99733,-0.00317,0.1897,-0.98184,0.9805,0.0,0.0,nan,0.0,0.00977,0.02438,23.77222,2.07619,0.23603,0.56695,0.44855,0.76637,0.48165,0.44855
3.03873,41.27946,10.92331,-0.00142,-0.26002,0.9656,0.93518,0.0,0.0,nan,0.0,0.00522,0.03687,44.40721,1.88714,0.23626,0.76163,0.88014,0.33314,0.5299,0.88014
3.05547,42.71938,-11.03157,-0.07719,0.32359,-0.94305,0.99127,0.0,0.0,nan,0.0,0.00942,0.02864,19.75729,1.94205,0.2423,0.52705,0.4124,0.68711,0.51492,0.4124
3.04054,42.20242,11.89635,0.04241,-0.29224,0.9554,0.97062,0.0,0.0,nan,0.0,0.01304,0.03996,37.27221,3.50436,0.24936,0.70459,0.70682,0.48801,0.28536,0.70682
2.99254,43.25718,12.41535,0.10485,-0.07805,0.99142,0.86725,0.0,0.0,nan,0.0,0.02865,0.06193,26.88431,1.94393,0.23848,0.66717,0.59047,0.74492,0.51442,0.59047
3.0388,44.88615,-10.43861,-0.12981,0.01832,-0.99137,0.9342,0.0,0.0,nan,0.0,0.00752,0.01664,29.22737,1.96675,0.22089,0.59157,0.64743,0.81613,0.50845,0.64743
3.20297,45.56848,-9.81263,-0.13323,-0.11683,-0.98418,0.80872,0.0,0.0,nan,0.0,0.0033,0.01919,29.85951,2.05205,0.22003,0.65736,0.93803,0.7006,0.48732,0.93803
2.92281,45.2662,11.45084,0.0971,0.31227,0.94502,0.9991,0.0,0.0,nan,0.0,0.01216,0.02794,32.48681,1.84213,0.2388,0.61026,0.56604,0.75727,0.54285,0.56604
3.0424,44.38315,12.18213,0.11035,0.20639,0.97223,0.95613,0.0,0.0,nan,0.0,0.00746,0.02129,23.62322,3.50532,0.24557,0.59728,0.44794,0.63643,0.28528,0.44794
2.92598,46.83191,-11.21531,-0.10272,-0.26902,-0.95764,0.99509,0.0,0.0,nan,0.0,0.00601,0.02009,23.31648,1.99532,0.2264,0.59853,0.69557,0.54273,0.50117,0.69557
2.98873,46.97459,11.15554,0.15037,0.12763,0.98036,0.98412,0.0,0.0,nan,0.0,0.01612,0.03523,32.85752,1.69848,0.24196,0.4954,0.56285,0.97993,0.58876,0.56285
2.95071,49.10353,-11.69169,-0.03127,0.1148,-0.9929,0.97424,0.0,0.0,nan,0.0,0.0173,0.06875,14.39714,2.34596,0.22683,0.54522,0.50861,0.52551,0.42626,0.50861
2.9583,49.01838,11.29824,0.12348,-0.19715,0.97257,0.99147,0.0,0.0,nan,0.0,0.01148,0.02763,27.47713,3.59725,0.24654,0.50472,0.33128,0.88288,0.27799,0.33128
2.96407,51.01551,-10.87939,0.04527,0.22549,-0.97319,0.99196,0.0,0.0,nan,0.0,0.00685,0.03352,22.62077,1.84377,0.23545,0.34007,0.22474,0.65424,0.54237,0.22474
2.87189,51.14784,11.99044,0.00203,-0.01096,0.99994,0.97522,0.0,0.0,nan,0.0,0.00923,0.02143,27.22722,1.83176,0.2409,0.47133,0.50885,0.98104,0.54592,0.50885
3.34306,50.97214,12.03395,-0.00896,-0.04167,0.99909,0.96328,0.0,0.0,nan,0.0,0.01034,0.02421,26.53606,1.80253,0.24601,0.4738,0.53328,0.96952,0.55478,0.53328
3.08018,52.98568,-11.05861,0.00544,-0.06533,-0.99785,0.99763,0.0,0.0,nan,0.0,0.00964,0.02928,36.75209,1.88912,0.24242,0.56486,0.75196,0.61852,0.52935,0.75196
2.95144,52.89016,11.78516,-0.00956,0.15858,0.9873,0.98951,0.0,0.0,nan,0.0,0.01089,0.02918,34.16675,1.63867,0.2414,0.43885,0.59074,0.89974,0.61025,0.59074
2.95878,55.00665,-11.08046,-0.03065,0.03122,-0.99904,0.98549,0.0,0.0,nan,0.0,0.01421,0.04899,36.31869,1.80253,0.23856,0.64097,0.68009,0.47743,0.55478,0.68009
3.02316,55.03174,11.19433,0.03833,0.02302,0.999,0.99665,0.0,0.0,nan,0.0,0.01154,0.03078,40.51197,1.84707,0.23663,0.53545,0.58699,0.73491,0.5414,0.58699
3.02086,56.95265,-10.4295,-0.10159,0.25552,-0.96145,0.99499,0.0,0.0,nan,0.0,0.01464,0.03606,29.1535,1.81729,0.23926,0.59497,0.64396,0.72892,0.55027,0.64396
3.02661,56.92022,11.72001,-0.04116,-0.17993,0.98282,0.96974,0.0,0.0,nan,0.0,0.0064,0.02762,28.12977,1.80253,0.241,0.51677,0.6,0.48025,0.55478,0.6
3.09275,58.58734,-10.3257,-0.09472,0.24273,-0.96546,0.99616,0.0,0.0,nan,0.0,0.00934,0.03146,32.75911,1.63867,0.23741,0.5004,0.82897,0.84265,0.61025,0.82897
2.95163,59.44267,-9.5379,-0.05178,0.09177,-0.99443,0.93293,0.0,0.0,nan,0.0,0.00645,0.01852,31.1403,2.08426,0.2318,0.39993,0.57478,0.92669,0.47979,0.57478
3.02401,59.00219,11.52888,-0.19471,0.16461,0.96695,0.98256,0.0,0.0,nan,0.0,0.02698,0.1185,25.53122,1.80253,0.24536,0.80184,0.5985,0.3062,0.55478,0.5985
3.09766,61.43811,-10.30885,-0.04061,-0.17884,-0.98304,0.98824,0.0,0.0,nan,0.0,0.00553,0.02557,24.62647,2.08823,0.23792,0.52088,0.56784,0.44873,0.47887,0.56784
2.86528,60.5333,-9.54644,-0.02144,-0.10565,-0.99417,0.95329,0.0,0.0,nan,0.0,0.00922,0.02531,29.1123,1.64057,0.23555,0.48252,0.43513,0.80713,0.60954,0.43513
3.03905,60.96592,10.65772,-0.20961,-0.00064,0.97779,0.91639,0.0,0.0,nan,0.0,0.0174,0.05107,19.06233,3.20173,0.24242,0.64137,0.75932,0.60507,0.31233,0.75932
2.93482,63.02515,-10.63039,-0.05124,0.0665,-0.99647,0.94057,0.0,0.0,nan,0.0,0.00614,0.02626,13.28677,1.65625,0.2521,0.4577,0.40572,0.58813,0.60377,0.40572
2.97637,62.97831,11.4536,-0.08465,-0.11889,0.98929,0.9851,0.0,0.0,nan,0.0,0.01398,0.02942,19.16326,1.96024,0.23637,0.6363,0.48437,0.82495,0.51014,0.48437
2.94284,64.22681,-10.14304,-0.03384,0.21845,-0.97526,0.98315,0.0,0.0,nan,0.0,0.00532,0.02626,23.08117,1.8429,0.24068,0.81269,0.8833,0.47282,0.54262,0.8833
2.95497,65.24867,-9.49075,-0.00818,0.13383,-0.99097,0.94536,0.0,0.0,nan,0.0,0.00355,0.01461,18.41972,1.82535,0.24217,0.74851,0.89648,0.67726,0.54784,0.89648
2.99363,65.07842,11.37432,-0.02498,0.18196,0.98299,0.98745,0.0,0.0,nan,0.0,0.00632,0.02529,29.35522,2.71902,0.23288,0.48775,0.60825,0.54736,0.36778,0.60825
3.00343,67.08249,-10.11534,0.01687,-0.09707,-0.99513,0.9853,0.0,0.0,nan,0.0,0.00549,0.01932,11.42186,1.9223,0.23468,0.77602,0.52058,0.43031,0.52021,0.52058
2.9766,66.17289,-9.88823,0.00204,-0.01862,-0.99982,0.99117,0.0,0.0,nan,0.0,0.00404,0.00998,12.99595,1.89047,0.23413,0.63176,0.753,0.74596,0.52897,0.753
2.88463,67.79597,9.95663,-0.00717,0.05194,0.99862,0.84944,0.0,0.0,nan,0.0,0.00933,0.02636,36.90494,1.63867,0.23527,0.46179,0.44019,0.808,0.61025,0.44019
3.00927,66.98331,10.74395,-0.01291,0.10706,0.99417,0.9854,0.0,0.0,nan,0.0,0.01298,0.03199,32.71849,2.05068,0.24028,0.5051,0.41754,0.8525,0.48764,0.41754
2.91678,68.53515,-10.06003,0.0454,0.05351,-0.99753,0.97678,0.0,0.0,nan,0.0,0.00813,0.10708,5.95474,1.87492,0.23102,0.81928,0.91679,0.26543,0.53335,0.91679
3.28128,69.48751,-9.91095,0.05605,0.18636,-0.98088,0.98784,0.00166,0.0083,0.6,1.0,0.01167,0.11345,5.3115,1.80253,0.22491,0.22364,0.52799,0.63317,0.55478,0.52799
2.82427,68.00268,9.99693,-0.00411,0.01107,0.99993,0.8558,0.0,0.0,nan,0.0,0.00795,0.02236,34.97042,1.98147,0.23213,0.43494,0.47052,0.86435,0.50468,0.47052
2.93117,69.46282,10.647,-0.00651,-0.06314,0.99798,0.98951,0.0,0.0,nan,0.0,0.00511,0.01781,27.40973,1.79174,0.23345,0.41302,0.56945,0.74573,0.55812,0.56945
2.96769,71.06549,-9.52782,0.05097,0.36483,-0.92968,0.98344,0.00426,0.02132,0.7,1.0,0.02082,0.09662,7.83386,1.80253,0.23177,0.32245,0.67379,0.83901,0.55478,0.67379
3.0159,71.02862,11.28777,0.06332,0.22124,0.97316,0.91502,0.0,0.0,nan,0.0,0.00295,0.0494,41.68839,2.22009,0.23163,0.77442,0.99285,0.36211,0.45043,0.99285
3.02772,72.74529,-8.70368,0.02081,0.6656,-0.74602,0.96004,0.0,0.0,nan,0.0,0.01821,0.07747,9.3469,1.80253,0.23245,0.28542,0.40393,1.0,0.55478,0.40393
2.98029,73.83978,-7.05705,-0.03067,0.93261,-0.35958,0.97365,0.0,0.0,nan,0.0,0.01337,0.06787,9.00178,1.98279,0.22558,0.3721,0.55308,0.64721,0.50434,0.55308
2.78087,73.98466,-5.72512,-0.04169,0.98825,-0.14705,0.9946,0.0,0.0,nan,0.0,0.00912,0.06193,7.92374,1.6519,0.23049,0.41665,0.3518,0.44248,0.60536,0.3518
2.57546,73.96368,-2.38482,-0.05621,0.9972,0.04941,0.9945,0.0,0.0,nan,0.0,0.0129,0.0719,13.42576,1.82172,0.21847,0.25005,0.54646,0.82427,0.54893,0.54646
2.96167,73.87886,-0.97633,-0.0497,0.99703,0.05888,0.99176,0.0,0.0,nan,0.0,0.01019,0.08102,12.28497,1.82424,0.22195,0.2184,0.44472,0.6697,0.54817,0.44472
3.04564,73.85483,0.95649,-0.02208,0.999,0.03885,0.99528,0.00553,0.02765,0.7,1.0,0.01354,0.08354,9.19223,1.76388,0.22165,0.30158,0.46007,0.65448,0.56693,0.46007
3.01747,73.749,3.04543,-0.01063,0.99932,0.03527,0.99548,0.0,0.0,nan,0.0,0.01972,0.10433,12.83428,1.70625,0.22047,0.37999,0.7198,0.57492,0.58608,0.7198
3.01898,73.65825,4.88125,-0.00978,0.9992,0.03879,0.99704,7e-05,0.00036,0.7,1.0,0.01547,0.12604,15.13411,1.65966,0.22468,0.30532,0.57718,0.45512,0.60253,0.57718
3.00723,73.6143,6.95661,-0.01039,0.99486,0.10068,0.9993,0.00172,0.00859,0.6,1.0,0.01505,0.09244,9.90505,1.69191,0.2372,0.39647,0.62831,0.49369,0.59105,0.62831
3.03472,73.28278,9.13955,0.06009,0.89513,0.44174,0.96621,0.06166,0.30829,0.6,1.0,0.00908,0.12313,8.46706,1.72203,0.23945,0.20172,0.52959,0.45172,0.58071,0.52959
2.93294,72.40396,10.36383,0.09824,0.6467,0.75639,0.94771,0.04372,0.2186,0.6,1.0,0.01291,0.1563,8.8053,1.73909,0.24254,0.39242,0.83132,0.34901,0.57501,0.83132
3.0919,74.0792,-4.64931,-0.04096,0.9978,-0.05214,0.99558,0.0,0.0,nan,0.0,0.00551,0.06145,9.90372,1.64195,0.2242,0.27338,0.56171,0.3943,0.60903,0.56171
3.09163,74.1284,-3.12168,-0.0538,0.99818,0.02737,0.99548,0.0,0.0,nan,0.0,0.00901,0.06254,12.05982,1.65356,0.22697,0.23523,0.44053,0.71372,0.60476,0.44053
2.18944,74.01522,-1.14808,-0.04394,0.99782,0.04933,0.9897,0.00047,0.00234,0.51,1.0,0.0116,0.07838,12.78254,2.20377,0.21687,0.22935,0.4611,0.74648,0.45377,0.4611
5.01864,1.83105,-6.68864,-0.01521,-0.96642,-0.25653,0.93254,0.0,0.0,nan,0.0,0.00994,0.13802,22.70744,2.39109,0.23663,0.66954,0.95026,0.32593,0.41822,0.95026
5.02148,1.98381,-5.64524,-0.01713,-0.99921,0.03598,0.99176,0.0,0.0,nan,0.0,0.01563,0.04736,10.58778,1.72755,0.24257,0.46773,0.54409,0.83902,0.57885,0.54409
5.57361,1.97289,1.79437,0.03514,-0.99652,0.07556,0.95809,0.0,0.0,nan,0.0,0.01363,0.02658,18.5654,2.50704,0.23369,0.67744,0.58975,0.83841,0.39888,0.58975
5.30761,1.98871,2.17587,0.01581,-0.99406,0.10768,0.94869,0.0,0.0,nan,0.0,0.01642,0.03446,19.64012,1.80253,0.232,0.67072,0.46518,0.78268,0.55478,0.46518
5.01581,3.03267,-8.67069,0.00077,-0.42374,-0.90579,0.88888,0.0,0.0,nan,0.0,0.00618,0.02957,32.49216,2.38213,0.23133,0.46925,0.75232,0.47638,0.41979,0.75232
4.98376,2.12948,-7.70035,-0.01634,-0.81104,-0.58477,0.85482,0.0,0.0,nan,0.0,0.00313,0.08392,41.78421,1.84206,0.24984,0.57245,0.97889,0.25539,0.54287,0.97889
4.99602,2.3359,-4.66857,-0.01454,-0.99054,0.13649,0.99734,0.00165,0.00823,0.51,1.0,0.01677,0.05612,10.67332,1.85699,0.23532,0.4556,0.55132,0.77854,0.5385,0.55132
4.97789,2.5195,-3.00088,-0.01429,-0.99672,0.07965,0.99822,0.00442,0.02209,0.51,1.0,0.01693,0.05577,11.81472,1.7196,0.22866,0.56258,0.50847,0.63084,0.58153,0.50847
5.067,2.32494,-0.90177,-0.01602,-0.99986,0.00529,0.99802,0.0,0.0,nan,0.0,0.00744,0.02314,15.75974,1.8931,0.22622,0.57057,0.63624,0.63513,0.52823,0.63624
4.96155,2.35858,0.81047,-0.00735,-0.99989,0.01258,0.99793,0.0,0.0,nan,0.0,0.01094,0.0258,18.0374,1.80253,0.24214,0.61332,0.44862,0.7681,0.55478,0.44862
4.99129,2.45866,3.11722,-0.02746,-0.97386,0.2255,0.97473,0.0,0.0,nan,0.0,0.01473,0.03361,18.72134,1.89287,0.2415,0.62957,0.60967,0.77016,0.5283,0.60967
4.95731,3.30746,4.93998,-0.06547,-0.95843,0.27772,0.99068,0.0,0.0,nan,0.0,0.0092,0.04561,29.73839,1.76126,0.22898,0.36176,0.29686,0.59515,0.56778,0.29686
5.02677,3.58912,7.05074,-0.10443,-0.99079,0.08618,0.99088,0.0,0.0,nan,0.0,0.01401,0.03858,41.0425,1.78225,0.23309,0.48897,0.61541,0.77909,0.56109,0.61541
5.01105,3.44658,8.75261,-0.07508,-0.92543,0.37141,0.86275,0.0,0.0,nan,0.0,0.0149,0.05593,58.23726,1.71436,0.23965,0.63191,0.8005,0.51992,0.58331,0.8005
4.90442,5.01956,-8.45248,0.0432,-0.20836,-0.9771,0.96895,0.0,0.0,nan,0.0,0.00838,0.02467,25.24208,1.68484,0.24371,0.50211,0.39465,0.72981,0.59353,0.39465
5.06233,4.47941,-7.9506,0.0061,-0.24542,-0.9694,0.94115,0.0,0.0,nan,0.0,0.00826,0.02674,25.86085,1.86552,0.23808,0.51847,0.51187,0.64206,0.53604,0.51187
4.77902,4.0692,6.65855,-0.10321,-0.99199,0.07288,0.96846,0.0,0.0,nan,0.0,0.01364,0.03857,39.99846,2.22755,0.23719,0.467,0.66672,0.79478,0.44892,0.66672
4.88379,4.81834,9.81087,-0.07797,-0.50756,0.85808,0.88203,0.0,0.0,nan,0.0,0.02825,0.19018,52.08971,1.8107,0.23893,0.62264,0.63003,0.24769,0.55227,0.63003
5.65192,5.48489,10.1163,-0.06343,-0.17307,0.98286,0.91052,0.0,0.0,nan,0.0,0.0155,0.05023,13.65124,1.64304,0.23816,0.51542,0.62811,0.68663,0.60863,0.62811
4.92531,7.95918,-10.00654,0.10897,-0.28577,-0.95208,0.97854,0.0,0.0,nan,0.0,0.01059,0.02468,18.18893,2.07856,0.22591,0.49928,0.2976,0.95433,0.4811,0.2976
4.92335,6.97354,-9.09902,0.0821,-0.43579,-0.89629,0.96308,0.0,0.0,nan,0.0,0.00929,0.02617,21.32739,2.4842,0.23529,0.44456,0.32373,0.87375,0.40254,0.32373
4.86942,7.13011,9.72018,0.07262,0.1551,0.98523,0.98549,0.0,0.0,nan,0.0,0.00941,0.04072,19.4908,1.90202,0.23463,0.4143,0.46441,0.61499,0.52576,0.46441
5.75503,6.55454,10.13375,-0.01036,0.14888,0.9888,0.92676,0.0,0.0,nan,0.0,0.0171,0.08131,15.78405,2.35104,0.22917,0.61111,0.52497,0.38772,0.42534,0.52497
4.99188,8.93046,-10.3177,0.0862,0.00421,-0.99627,0.91012,0.0,0.0,nan,0.0,0.01625,0.0454,16.47467,2.48659,0.233,0.54659,0.45631,0.73433,0.40216,0.45631
5.10592,9.03788,9.29031,0.19549,0.02342,0.98043,0.96474,0.0,0.0,nan,0.0,0.00957,0.03035,22.4944,1.6449,0.23714,0.40393,0.43577,0.85012,0.60794,0.43577
4.79187,10.1213,-10.07397,0.13346,0.34967,-0.92732,0.9482,0.0,0.0,nan,0.0,0.0148,0.06197,25.74016,2.70207,0.24143,0.55419,0.5198,0.46453,0.37009,0.5198
4.98675,11.18132,-9.20161,0.16764,0.50242,-0.84822,0.96778,0.0,0.0,nan,0.0,0.00291,0.05379,24.71128,1.82217,0.23945,0.60581,0.94358,0.25378,0.54879,0.94358
4.97587,10.81754,9.50298,0.12084,-0.30571,0.94443,0.97248,0.0,0.0,nan,0.0,0.00929,0.02603,21.55378,2.05521,0.23944,0.47761,0.38011,0.81644,0.48657,0.38011
5.2425,11.72731,10.18424,0.07481,-0.33149,0.94049,0.98373,0.0,0.0,nan,0.0,0.00887,0.03674,20.19754,2.021,0.23436,0.41625,0.55155,0.63724,0.4948,0.55155
4.86946,12.62556,-8.12913,0.2411,0.38024,-0.89291,0.90611,0.0,0.0,nan,0.0,0.00701,0.04911,27.0045,2.10099,0.22257,0.50016,0.84612,0.44286,0.47596,0.84612
5.14672,13.38801,-7.53951,0.17893,0.2721,-0.94549,0.88223,0.0,0.0,nan,0.0,0.00961,0.04461,27.7505,1.66921,0.24413,0.53497,0.76642,0.45548,0.59909,0.76642
4.89005,12.97789,10.43577,0.11994,-0.14198,0.98258,0.98824,0.0,0.0,nan,0.0,0.00849,0.02948,23.34405,2.07085,0.23799,0.47074,0.61854,0.66427,0.48289,0.61854
4.06157,14.17482,-8.11455,0.57501,0.08834,-0.81336,0.89231,0.0,0.0,nan,0.0,0.01541,0.04464,29.08555,1.87274,0.23329,0.4528,0.54225,0.81498,0.53398,0.54225
4.9972,14.94764,-7.58333,0.33838,0.12163,-0.93312,0.92872,0.0,0.0,nan,0.0,0.00588,0.04534,31.67513,2.00436,0.23141,0.63883,0.9045,0.42656,0.49891,0.9045
4.10129,15.75599,9.9955,0.25634,0.15859,0.95349,0.98236,0.0,0.0,nan,0.0,0.01464,0.03996,28.4326,1.88836,0.2358,0.66626,0.47178,0.58862,0.52956,0.47178
5.04478,14.96783,10.22339,0.17387,0.12689,0.97656,0.99391,0.0,0.0,nan,0.0,0.00924,0.02641,29.35379,3.33335,0.23473,0.67847,0.50504,0.55076,0.3,0.50504
4.01685,17.09404,-8.01622,0.75502,0.01618,-0.6555,0.90866,0.0,0.0,nan,0.0,0.00259,0.02226,23.26625,1.85182,0.23081,0.43245,0.94047,0.74765,0.54001,0.94047
4.89102,17.02326,-7.43176,0.45263,0.077,-0.88837,0.92765,0.0,0.0,nan,0.0,0.00371,0.05547,38.72801,3.49638,0.23933,0.752,0.98651,0.38505,0.28601,0.98651
4.83657,17.30448,9.62667,0.17834,-0.02729,0.98359,0.916,0.0,0.0,nan,0.0,0.01017,0.02424,38.63029,1.82717,0.24017,0.58679,0.5628,0.75157,0.5473,0.5628
5.38749,16.53897,10.17267,0.15329,0.06133,0.98628,0.98921,0.0,0.0,nan,0.0,0.0119,0.02735,42.84786,2.16667,0.23611,0.64455,0.50189,0.7063,0.46154,0.50189
4.1868,19.34073,-8.46014,0.86236,-0.05779,-0.503,0.95789,0.0,0.0,nan,0.0,0.01006,0.02988,27.92149,1.72128,0.22952,0.48608,0.54535,0.74252,0.58096,0.54535
4.98686,19.05652,-7.14965,0.46275,0.04448,-0.88537,0.8927,0.0,0.0,nan,0.0,0.00727,0.05388,30.50907,1.86912,0.23598,0.67822,0.87624,0.35565,0.53501,0.87624
4.92211,18.31975,9.58719,0.14527,-0.25651,0.95556,0.88947,0.0,0.0,nan,0.0,0.00753,0.02461,31.88905,2.49612,0.23382,0.57454,0.59653,0.56574,0.40062,0.59653
5.01518,19.10601,10.76038,0.1378,-0.32361,0.9361,0.98784,0.0,0.0,nan,0.0,0.00974,0.0372,31.97658,1.63867,0.24389,0.60045,0.30595,0.46348,0.61025,0.30595
4.29533,21.06641,-8.88591,0.91592,-0.09064,-0.39099,0.96895,0.0,0.0,nan,0.0,0.00509,0.04563,35.16651,1.79689,0.23996,0.65151,0.89907,0.34588,0.55652,0.89907
4.91516,21.04139,-7.23685,0.57429,-0.04908,-0.81718,0.89711,0.0,0.0,nan,0.0,0.01252,0.03152,36.12113,1.91725,0.23423,0.57011,0.77968,0.81239,0.52158,0.77968
5.04505,21.088,11.17887,0.20672,-0.05247,0.97699,0.97776,0.0,0.0,nan,0.0,0.00294,0.03828,27.55197,1.8772,0.23529,0.73429,0.92691,0.25861,0.53271,0.92691
4.45757,23.01945,-8.8153,0.89609,-0.14345,-0.42005,0.96298,0.0,0.0,nan,0.0,0.00322,0.03971,38.14884,1.65697,0.23352,0.65686,0.96032,0.39745,0.60351,0.96032
4.97631,23.10675,-7.02555,0.52207,-0.17176,-0.83543,0.82702,0.0,0.0,nan,0.0,0.00828,0.06069,42.61929,1.89063,0.23213,0.68402,0.95095,0.58477,0.52893,0.95095
5.52585,22.73595,9.89041,0.27267,0.0767,0.95905,0.89339,0.0,0.0,nan,0.0,0.00599,0.03829,33.24905,3.18543,0.23773,0.70939,0.89161,0.42713,0.31393,0.89161
5.27695,22.94577,11.07349,0.27752,0.0594,0.95888,0.99793,0.0,0.0,nan,0.0,0.00552,0.04014,32.25526,1.86957,0.23707,0.71359,0.90643,0.40942,0.53488,0.90643
4.11606,25.47542,-10.75413,0.7812,-0.1402,-0.60833,0.94673,0.0,0.0,nan,0.0,0.00531,0.04405,38.07161,1.87666,0.23403,0.58428,0.88371,0.37926,0.53286,0.88371
4.67065,25.05156,-8.96299,0.83033,-0.28994,-0.47591,0.95721,0.0,0.0,nan,0.0,0.00989,0.05693,35.96036,1.80253,0.22794,0.67798,0.91511,0.57336,0.55478,0.91511
5.29667,24.86123,-7.45028,0.5066,-0.31875,-0.80109,0.86059,0.0,0.0,nan,0.0,0.00568,0.07115,40.45014,1.75599,0.23681,0.71123,0.99654,0.5584,0.56948,0.99654
5.6264,25.82861,9.77935,0.2436,-0.04033,0.96904,0.88095,0.0,0.0,nan,0.0,0.00945,0.03191,33.0442,1.72288,0.23682,0.4949,0.63765,0.63444,0.58042,0.63765
5.21945,25.07384,11.13813,0.27328,0.02308,0.96166,0.98921,0.0,0.0,nan,0.0,0.00895,0.0279,35.50749,3.35806,0.23806,0.62354,0.7934,0.63095,0.29779,0.7934
4.72914,27.1158,-10.8124,0.66163,-0.30825,-0.68355,0.94575,0.0,0.0,nan,0.0,0.00941,0.04079,46.60184,2.39135,0.23696,0.70916,0.87422,0.56306,0.41817,0.87422
5.27951,26.97858,-9.01364,0.68673,-0.42351,-0.59079,0.95339,0.0,0.0,nan,0.0,0.02611,0.07333,35.35632,1.63867,0.23507,0.72654,0.66544,0.51776,0.61025,0.66544
5.67211,26.10607,-7.92163,0.49921,-0.38193,-0.77777,0.902,0.0,0.0,nan,0.0,0.00861,0.05604,34.64743,1.98977,0.22344,0.66718,0.96673,0.79463,0.50257,0.96673
5.64635,26.36861,9.74224,0.24325,-0.09725,0.96508,0.88193,0.0,0.0,nan,0.0,0.0091,0.0297,33.85973,1.96804,0.24,0.52756,0.54051,0.61476,0.50812,0.54051
5.12295,26.9768,10.97907,0.24199,-0.13022,0.9615,0.99411,0.0,0.0,nan,0.0,0.00774,0.02391,31.66908,2.87787,0.23672,0.56881,0.36978,0.60531,0.34748,0.36978
5.63494,29.89171,-12.06786,0.37351,-0.3262,-0.86838,0.81087,0.0,0.0,nan,0.0,0.01165,0.03264,36.52301,1.81944,0.23713,0.61913,0.77391,0.65832,0.54962,0.77391
5.06684,28.92466,-11.21838,0.47402,-0.35967,-0.8037,0.92412,0.0,0.0,nan,0.0,0.0177,0.03911,45.15015,3.34233,0.23071,0.68778,0.6406,0.68727,0.29919,0.6406
5.88233,28.16805,-9.40896,0.65369,-0.43127,-0.62185,0.98119,0.0,0.0,nan,0.0,0.00912,0.0426,48.1215,1.7551,0.25163,0.76982,0.83133,0.39159,0.56977,0.83133
5.14708,29.05584,11.58932,0.19172,0.08012,0.97817,0.94321,0.0,0.0,nan,0.0,0.00831,0.02307,33.21596,1.81682,0.23579,0.52374,0.59668,0.72952,0.55041,0.59668
5.25934,31.29351,-12.01479,0.2748,-0.21401,-0.93738,0.92618,0.0,0.0,nan,0.0,0.00929,0.02497,33.03195,2.86092,0.24478,0.57104,0.70411,0.6912,0.34954,0.70411
4.80006,30.89506,-11.80637,0.22724,-0.24439,-0.94267,0.96866,0.0,0.0,nan,0.0,0.0106,0.02563,38.00643,3.20473,0.23961,0.54763,0.55286,0.79512,0.31204,0.55286
4.46262,31.1448,9.98724,0.16933,0.12417,0.97771,0.89711,0.0,0.0,nan,0.0,0.01081,0.02555,39.59556,3.18315,0.23589,0.63557,0.67622,0.69931,0.31415,0.67622
5.05269,30.72032,10.50756,0.21691,0.15364,0.96402,0.97825,0.0,0.0,nan,0.0,0.01077,0.0235,36.08233,2.05321,0.23851,0.57501,0.62894,0.84135,0.48704,0.62894
4.95456,32.93497,-12.42171,0.14667,0.15447,-0.97705,0.86245,0.0,0.0,nan,0.0,0.0104,0.03305,26.87359,1.69532,0.24919,0.62927,0.59821,0.53735,0.58986,0.59821
5.54554,33.89728,-11.96118,0.24451,0.25039,-0.93676,0.89436,0.0,0.0,nan,0.0,0.00702,0.02217,26.96539,2.77922,0.23583,0.53525,0.45788,0.63558,0.35981,0.45788
5.87553,33.46831,9.99316,0.16124,-0.32762,0.93095,0.86461,0.0,0.0,nan,0.0,0.00752,0.02588,22.32933,1.90951,0.22636,0.57695,0.63686,0.54901,0.5237,0.63686
5.10919,33.00621,11.09215,0.17208,-0.2408,0.9552,0.98119,0.0,0.0,nan,0.0,0.00685,0.02655,35.54312,2.89516,0.2401,0.60997,0.62756,0.44661,0.3454,0.62756
4.08116,34.01277,-12.00909,0.07024,0.28014,-0.95739,0.96964,0.0,0.0,nan,0.0,0.00784,0.02482,22.98635,3.0633,0.24859,0.58136,0.51324,0.59031,0.32645,0.51324
4.90908,34.95299,-11.05345,0.15766,0.17347,-0.97214,0.95143,0.0,0.0,nan,0.0,0.00811,0.0226,29.60825,3.23051,0.25199,0.62692,0.70981,0.61091,0.30955,0.70981
5.1227,34.72733,11.72695,0.12845,-0.29509,0.9468,0.9669,0.0,0.0,nan,0.0,0.00499,0.03112,17.27648,1.94324,0.21995,0.43239,0.4724,0.41349,0.5146,0.4724
4.76437,35.79316,12.07638,0.04606,-0.04959,0.99771,0.95388,0.0,0.0,nan,0.0,0.0063,0.04038,18.35993,1.63867,0.23499,0.5361,0.45481,0.32251,0.61025,0.45481
5.1262,36.93462,-11.585,0.04233,-0.17779,-0.98316,0.98089,0.0,0.0,nan,0.0,0.0118,0.0394,29.25298,1.81663,0.25267,0.60367,0.47207,0.52992,0.55047,0.47207
4.852,37.51207,11.52846,0.03303,0.20714,0.97775,0.99274,0.0,0.0,nan,0.0,0.00962,0.037,37.79581,1.96565,0.23425,0.67144,0.6709,0.40769,0.50874,0.6709
5.06022,36.53968,12.1459,0.04366,0.09949,0.99408,0.95407,0.0,0.0,nan,0.0,0.004,0.03494,27.09733,1.93103,0.23267,0.51549,0.80299,0.28729,0.51786,0.80299
5.40905,39.57649,-12.06793,-0.04159,-0.06798,-0.99682,0.98892,0.0,0.0,nan,0.0,0.02115,0.04567,20.79405,1.80371,0.23829,0.67196,0.72685,0.7554,0.55441,0.72685
4.8647,38.84562,-11.9649,-0.02802,-0.12394,-0.99189,0.99528,0.0,0.0,nan,0.0,0.01548,0.03521,24.15476,1.72018,0.24091,0.62159,0.56901,0.76613,0.58134,0.56901
5.0221,38.87536,11.05413,0.01634,0.16313,0.98647,0.9807,0.0,0.0,nan,0.0,0.01555,0.03808,43.34445,2.05732,0.22973,0.6659,0.47425,0.64133,0.48607,0.47425
5.4355,40.55188,-12.05147,-0.00189,0.07413,-0.99725,0.98148,0.0,0.0,nan,0.0,0.01582,0.03501,21.37748,1.85664,0.23725,0.59095,0.70601,0.83586,0.53861,0.70601
4.792,41.06392,-11.97629,-0.00958,0.1308,-0.99136,0.9804,0.0,0.0,nan,0.0,0.01643,0.0323,22.3175,1.90489,0.23586,0.6172,0.46035,0.89812,0.52496,0.46035
4.97232,41.08043,11.28062,-0.01736,-0.15616,0.98758,0.98236,0.0,0.0,nan,0.0,0.00946,0.02915,29.89856,2.04887,0.23353,0.56001,0.60393,0.61829,0.48807,0.60393
4.99278,42.86279,-11.2555,-0.02116,0.24057,-0.9704,0.99724,0.0,0.0,nan,0.0,0.0138,0.03054,22.67813,2.54383,0.23227,0.61472,0.33898,0.7999,0.39311,0.33898
5.19768,42.92444,11.451,0.10114,-0.04255,0.99396,0.9898,0.0,0.0,nan,0.0,0.01177,0.02797,24.85063,1.89918,0.23494,0.59388,0.46607,0.76582,0.52654,0.46607
4.38051,43.26316,12.2642,0.13651,-0.03673,0.98996,0.9207,0.0,0.0,nan,0.0,0.01328,0.03161,24.64324,1.63867,0.24164,0.58931,0.49606,0.77093,0.61025,0.49606
4.97967,45.18511,-11.09766,-0.08461,-0.04484,-0.9954,0.98833,0.0,0.0,nan,0.0,0.00654,0.02291,28.66499,1.94224,0.23903,0.70144,0.55451,0.43509,0.51487,0.55451
5.06833,45.00914,11.0958,0.10931,0.27347,0.95565,0.99215,0.0,0.0,nan,0.0,0.00781,0.01792,25.1783,3.48527,0.2467,0.55949,0.39755,0.84035,0.28692,0.39755
4.24622,44.34372,12.1889,0.14497,0.21572,0.96563,0.95153,0.0,0.0,nan,0.0,0.00907,0.01936,22.15216,1.63867,0.23726,0.5822,0.57861,0.87718,0.61025,0.57861
4.96281,46.8497,-11.66503,-0.0979,-0.25514,-0.96193,0.96533,0.0,0.0,nan,0.0,0.00552,0.0263,23.9454,2.73913,0.23887,0.57074,0.64597,0.3986,0.36508,0.64597
4.8702,47.85102,9.93134,0.09124,-0.02159,0.99559,0.81674,0.0,0.0,nan,0.0,0.00594,0.01634,28.44264,1.90515,0.23661,0.43932,0.43757,0.88498,0.52489,0.43757
4.99535,46.84151,10.4152,0.06691,0.15253,0.98603,0.92833,0.0,0.0,nan,0.0,0.0075,0.02768,43.04524,2.09946,0.23114,0.64319,0.78029,0.48854,0.47631,0.78029
4.93387,49.00452,-11.68592,-0.05173,0.15075,-0.98722,0.98246,0.0,0.0,nan,0.0,0.01741,0.03889,12.55986,1.80253,0.23721,0.70565,0.40829,0.73526,0.55478,0.40829
5.11773,48.24657,9.75803,0.07844,-0.13077,0.9883,0.7542,0.0,0.0,nan,0.0,0.00515,0.01407,28.53817,3.03495,0.23368,0.43896,0.31756,0.89254,0.32949,0.31756
5.00527,48.96453,11.00238,0.07946,-0.26778,0.9602,0.98207,0.0,0.0,nan,0.0,0.00721,0.02122,29.47258,3.56428,0.24096,0.50588,0.39588,0.71707,0.28056,0.39588
4.97181,51.06421,-10.98041,-0.055,0.22466,-0.97288,0.98236,0.0,0.0,nan,0.0,0.0051,0.02192,21.74922,1.87807,0.24084,0.45735,0.58615,0.55604,0.53246,0.58615
4.91019,50.98832,11.65361,0.04941,-0.08467,0.99518,0.96885,0.0,0.0,nan,0.0,0.00985,0.03464,24.4235,1.71704,0.24205,0.37336,0.44191,0.82376,0.5824,0.44191
4.08959,51.01661,12.04904,1e-05,-0.06264,0.99804,0.94859,0.0,0.0,nan,0.0,0.01367,0.03608,23.90779,1.67175,0.24397,0.4719,0.37877,0.8697,0.59817,0.37877
5.00748,53.15308,-10.47774,-0.06655,-0.12228,-0.99026,0.96553,0.0,0.0,nan,0.0,0.00701,0.02468,20.4044,1.69475,0.24395,0.58828,0.58081,0.52988,0.59006,0.58081
4.67771,52.43779,-9.7815,-0.01874,-0.01668,-0.99969,0.81645,0.0,0.0,nan,0.0,0.00422,0.01695,22.06498,1.80253,0.238,0.45478,0.72635,0.59685,0.55478,0.72635
4.87656,53.05245,11.3881,0.09605,0.1956,0.97597,0.99264,0.0,0.0,nan,0.0,0.00688,0.03054,35.78002,1.73861,0.23298,0.53018,0.86029,0.69354,0.57517,0.86029
4.95207,54.91772,-11.32319,-0.06152,-0.05325,-0.99668,0.96151,0.0,0.0,nan,0.0,0.00949,0.05756,19.79281,1.80253,0.25414,0.4721,0.53893,0.38446,0.55478,0.53893
4.81828,55.8151,9.98799,0.11783,-0.15754,0.98046,0.77671,0.0,0.0,nan,0.0,0.00983,0.02635,37.98515,1.94419,0.23811,0.5386,0.60256,0.72911,0.51435,0.60256
4.90817,55.01249,10.59682,0.09685,0.04599,0.99424,0.93078,0.0,0.0,nan,0.0,0.01539,0.03743,40.80479,3.03802,0.24217,0.5943,0.67024,0.72557,0.32916,0.67024
4.98099,57.05281,-10.83005,-0.01024,0.27866,-0.96034,0.99773,0.0,0.0,nan,0.0,0.0093,0.02193,25.312,3.50665,0.24223,0.69749,0.73964,0.65638,0.28517,0.73964
4.87845,56.73227,11.58692,0.03514,-0.26648,0.9632,0.97982,0.0,0.0,nan,0.0,0.00633,0.03172,27.98099,2.30768,0.23337,0.48554,0.34807,0.44009,0.43334,0.34807
5.21953,57.92556,12.02587,-0.01794,-0.2323,0.97248,0.94889,0.0,0.0,nan,0.0,0.00726,0.05327,15.88449,2.0099,0.23053,0.55985,0.40707,0.27409,0.49754,0.40707
5.11999,58.68939,-10.36225,-0.02518,0.22215,-0.97469,0.99519,0.0,0.0,nan,0.0,0.00768,0.0188,29.71455,2.87151,0.24358,0.56281,0.71267,0.77482,0.34825,0.71267
5.01602,59.6641,-9.65018,-0.0294,0.1188,-0.99248,0.95026,0.0,0.0,nan,0.0,0.00719,0.01759,26.61654,1.6651,0.24366,0.44957,0.43413,0.97702,0.60056,0.43413
4.43457,59.2917,11.8616,-0.18248,0.13227,0.97427,0.97776,0.0,0.0,nan,0.0,0.00597,0.06148,11.93521,3.43078,0.24581,0.79045,0.89847,0.27327,0.29148,0.89847
5.28231,58.83134,12.12738,-0.07544,0.00388,0.99714,0.94732,0.0,0.0,nan,0.0,0.01811,0.12747,10.69896,1.7734,0.23282,0.76647,0.83085,0.29682,0.56389,0.83085
4.9538,61.34298,-10.3165,0.05409,-0.12464,-0.99073,0.98638,0.0,0.0,nan,0.0,0.00694,0.02045,21.27939,1.68254,0.24318,0.46578,0.33907,0.79746,0.59434,0.33907
5.1016,60.59455,-9.56931,0.0001,-0.04716,-0.99889,0.9391,0.0,0.0,nan,0.0,0.00825,0.02004,22.4074,3.24672,0.2428,0.48878,0.62549,0.91682,0.308,0.62549
4.9972,61.07014,11.45075,-0.15128,0.08527,0.98481,0.99274,0.0,0.0,nan,0.0,0.00622,0.03455,18.74287,1.70066,0.24251,0.66375,0.90546,0.59758,0.58801,0.90546
5.72636,60.18316,12.04719,-0.08618,0.15363,0.98436,0.98569,0.0,0.0,nan,0.0,0.00644,0.02704,15.04214,1.63867,0.23972,0.75215,0.84419,0.5139,0.61025,0.84419
4.98069,63.01106,-10.74747,0.11534,0.05355,-0.99188,0.90073,0.0,0.0,nan,0.0,0.00684,0.0287,13.58046,1.65317,0.24489,0.46102,0.32866,0.59342,0.6049,0.32866
5.0252,63.04729,11.68303,-0.02457,0.04024,0.99889,0.98716,0.0,0.0,nan,0.0,0.01236,0.02927,22.19836,3.59088,0.24622,0.72507,0.7605,0.65708,0.27848,0.7605
4.95922,64.24041,-10.11022,0.05376,0.20211,-0.97789,0.9806,0.0,0.0,nan,0.0,0.00825,0.02539,22.09287,1.82251,0.24193,0.76896,0.80458,0.55846,0.5487,0.80458
4.95587,65.24611,-9.43407,0.00768,0.12529,-0.99209,0.94526,0.0,0.0,nan,0.0,0.00465,0.01842,17.86917,1.69825,0.24413,0.6376,0.86784,0.70672,0.58884,0.86784
5.04924,65.0907,11.13089,-0.04726,0.16627,0.98495,0.9943,0.0,0.0,nan,0.0,0.00857,0.02723,28.75621,1.93002,0.22831,0.59691,0.65973,0.56417,0.51813,0.65973
5.01447,67.11439,-10.07806,0.01379,-0.05968,-0.99812,0.98647,0.0,0.0,nan,0.0,0.00451,0.02077,11.49117,2.04205,0.23985,0.73477,0.73062,0.3473,0.48971,0.73062
4.88785,66.13135,-9.917,0.00455,-0.00348,-0.99998,0.9899,0.0,0.0,nan,0.0,0.00384,0.01102,13.34121,2.70186,0.23195,0.63161,0.77379,0.68604,0.37012,0.77379
4.79779,67.1843,10.83803,-0.06604,0.08726,0.99399,0.98598,0.0,0.0,nan,0.0,0.01108,0.02191,34.9802,2.62116,0.23331,0.58026,0.42172,0.92127,0.38151,0.42172
4.58727,68.19152,-10.02526,0.0334,0.02832,-0.99904,0.97845,0.0,0.0,nan,0.0,0.00592,0.04131,8.2408,2.00082,0.21734,0.74529,0.78048,0.26472,0.49979,0.78048
5.05595,69.08112,-9.88788,0.05974,0.1737,-0.98299,0.98775,0.0,0.0,nan,0.0,0.01297,0.09565,4.98929,2.36209,0.23463,0.35938,0.80673,0.6456,0.42335,0.80673
5.01635,68.96124,11.05306,-0.00806,0.00263,0.99996,0.99753,0.0,0.0,nan,0.0,0.00613,0.01877,27.85627,2.52213,0.23351,0.43276,0.43015,0.8086,0.39649,0.43015
5.01188,71.01653,-9.42474,0.08152,0.35204,-0.93243,0.98667,0.0,0.0,nan,0.0,0.01151,0.07585,8.12909,1.63867,0.22621,0.23114,0.49517,0.81812,0.61025,0.49517
5.01121,71.05315,10.966,0.14031,0.32481,0.93531,0.93469,0.0,0.0,nan,0.0,0.00489,0.05226,34.97024,1.80253,0.23338,0.79647,0.92525,0.28285,0.55478,0.92525
4.96953,72.76318,-8.63834,0.06371,0.63528,-0.76965,0.95877,0.0,0.0,nan,0.0,0.01936,0.06633,11.13397,2.07817,0.21823,0.34725,0.67042,0.99132,0.48119,0.67042
5.01127,73.85602,-7.20537,0.01833,0.9019,-0.43156,0.95887,0.0,0.0,nan,0.0,0.01521,0.06618,11.54529,2.03015,0.22095,0.34086,0.60809,0.79083,0.49257,0.60809
4.88094,73.99789,-5.99861,-0.01359,0.97727,-0.21158,0.99254,0.0,0.0,nan,0.0,0.00829,0.04583,10.57859,1.92872,0.22657,0.34987,0.55982,0.6146,0.51848,0.55982
4.5243,73.96947,-0.55758,-0.05826,0.99536,0.07654,0.99538,0.00376,0.0188,0.6,1.0,0.0108,0.07877,10.4885,2.32584,0.21234,0.24938,0.34077,0.65453,0.42995,0.34077
4.95095,73.86852,1.02355,-0.05305,0.99684,0.05912,0.9944,0.0,0.0,nan,0.0,0.00854,0.08005,7.75084,2.48747,0.22133,0.1906,0.63711,0.70374,0.40201,0.63711
5.06917,73.78915,3.04976,-0.04803,0.99839,0.03023,0.99646,0.02274,0.11372,0.7,1.0,0.01939,0.09644,11.12743,1.63867,0.23132,0.27156,0.60721,0.87354,0.61025,0.60721
4.97132,73.7271,5.01636,-0.05484,0.99793,0.03354,0.9992,0.01052,0.05259,0.7,1.0,0.02052,0.11775,13.60423,1.88586,0.21699,0.2771,0.63238,0.72129,0.53026,0.63238
5.03612,73.78136,7.02941,-0.02726,0.98699,0.15844,0.99049,0.0,0.0,nan,0.0,0.01388,0.07518,12.00225,1.78943,0.23241,0.29151,0.71603,0.73874,0.55884,0.71603
5.03301,73.09979,9.08304,0.09009,0.8488,0.52099,0.97424,0.01841,0.09204,0.7,1.0,0.0106,0.11259,9.90261,1.98096,0.22059,0.23312,0.59914,0.48537,0.50481,0.59914
4.77331,72.22303,10.20319,0.12527,0.64487,0.75396,0.96954,0.01376,0.06879,0.6,1.0,0.01459,0.13735,8.2499,1.86403,0.25101,0.42502,0.60131,0.31044,0.53647,0.60131
5.32961,74.00709,-6.33749,0.00454,0.96293,-0.26971,0.98843,0.0,0.0,nan,0.0,0.00929,0.04571,11.10346,1.91509,0.22819,0.35209,0.49201,0.68145,0.52217,0.49201
4.99134,74.08607,-5.08948,-0.03235,0.99332,-0.11076,0.99558,0.01128,0.05638,0.6,1.0,0.01458,0.07807,12.95025,1.63867,0.24088,0.37853,0.7823,0.635,0.61025,0.7823
4.99951,74.21302,-3.04657,-0.07103,0.99744,0.00819,0.99567,0.0,0.0,nan,0.0,0.01329,0.08163,13.17625,1.68802,0.23268,0.26584,0.33821,0.70547,0.59241,0.33821
5.15706,74.09102,-1.26327,-0.07908,0.99363,0.08029,0.99519,0.0,0.0,nan,0.0,0.01108,0.09256,10.55628,1.92548,0.21976,0.24798,0.28035,0.57402,0.51935,0.28035
5.92695,74.00278,0.25823,-0.07742,0.99389,0.0787,0.99656,0.19851,0.19851,0.6,0.64671,0.0186,0.1124,9.16807,1.87771,0.21788,0.28577,0.4182,0.70551,0.53256,0.4182
7.02764,1.75244,-6.81579,-0.04709,-0.96524,-0.25708,0.92314,0.0,0.0,nan,0.0,0.02045,0.08501,11.36069,1.70834,0.23545,0.31621,0.70312,0.89468,0.58536,0.70312
6.97595,1.90734,-5.51247,-0.04435,-0.99744,0.05606,0.99196,0.0,0.0,nan,0.0,0.01182,0.03732,11.59801,1.7364,0.24283,0.38225,0.39347,0.97164,0.5759,0.39347
6.98037,2.9691,-8.7754,-0.05478,-0.45945,-0.88651,0.89182,0.0,0.0,nan,0.0,0.00228,0.03909,34.16425,2.40244,0.23218,0.55635,0.96525,0.35694,0.41624,0.96525
6.98887,2.11659,-7.76689,-0.05141,-0.80895,-0.58563,0.87469,0.0,0.0,nan,0.0,0.02021,0.09467,36.70581,1.85324,0.2375,0.74249,0.67358,0.30324,0.5396,0.67358
7.02164,2.21377,-4.55427,-0.04816,-0.9893,0.13771,0.99871,0.0,0.0,nan,0.0,0.01913,0.05283,12.20868,1.80253,0.24509,0.45219,0.44302,0.93203,0.55478,0.44302
7.01108,2.33798,-2.99056,-0.04645,-0.99483,0.09026,0.99802,0.0,0.0,nan,0.0,0.0083,0.03082,13.108,1.88473,0.22354,0.40661,0.80732,0.93507,0.53058,0.80732
7.01254,2.50878,-0.95496,-0.02161,-0.99841,0.05207,0.99646,0.0,0.0,nan,0.0,0.00666,0.01828,17.02725,2.05756,0.23619,0.42751,0.5183,0.95279,0.48601,0.5183
6.99419,2.61066,0.99403,0.03792,-0.99724,0.06379,0.99881,0.0,0.0,nan,0.0,0.00583,0.017,18.63632,1.65498,0.23164,0.3798,0.41593,1.0,0.60424,0.41593
7.06765,2.85219,3.00994,0.07083,-0.97667,0.20275,0.99881,0.0,0.0,nan,0.0,0.00807,0.02005,18.22323,1.70785,0.23991,0.47337,0.59789,0.94341,0.58553,0.59789
7.13868,3.16961,4.98069,-0.01971,-0.98516,0.17049,0.99303,0.0,0.0,nan,0.0,0.00607,0.02638,28.9785,1.86547,0.23356,0.40325,0.42288,0.60969,0.53606,0.42288
7.02219,3.45007,6.98208,-0.07658,-0.9945,0.07139,0.99753,0.0,0.0,nan,0.0,0.00756,0.02557,33.79318,2.18582,0.2355,0.45265,0.59324,0.69159,0.45749,0.59324
6.95417,3.50564,8.81264,-0.05005,-0.89223,0.4488,0.91208,0.0,0.0,nan,0.0,0.01033,0.04141,39.10034,1.63867,0.24128,0.6756,0.65663,0.3882,0.61025,0.65663
6.97953,4.96548,-8.93988,-0.10215,-0.22789,-0.96831,0.99851,0.0,0.0,nan,0.0,0.00768,0.02656,24.63179,2.16938,0.23661,0.53519,0.28292,0.58391,0.46096,0.28292
7.72748,4.07726,5.81208,-0.05463,-0.99661,0.06155,0.92432,0.0,0.0,nan,0.0,0.00506,0.01922,28.32245,3.54101,0.2389,0.44441,0.53357,0.63459,0.28241,0.53357
7.62509,4.02448,6.47813,-0.06805,-0.99688,0.04003,0.95652,0.0,0.0,nan,0.0,0.00719,0.02362,30.49067,2.37624,0.23508,0.4937,0.62324,0.65749,0.42083,0.62324
6.96824,4.29637,9.76515,-0.02243,-0.58159,0.81317,0.85932,0.0,0.0,nan,0.0,0.00453,0.08387,30.0093,2.57904,0.23716,0.65683,0.9318,0.2098,0.38774,0.9318
7.01033,5.26808,10.27496,0.01219,-0.20466,0.97876,0.82555,0.0,0.0,nan,0.0,0.00787,0.13927,32.99625,1.84593,0.24314,0.81514,0.97373,0.25878,0.54173,0.97373
6.63646,7.69511,-10.26956,-0.02165,-0.28431,-0.95849,0.95339,0.0,0.0,nan,0.0,0.00615,0.01802,23.90668,2.55321,0.23285,0.55016,0.44457,0.67217,0.39166,0.44457
6.94918,6.82394,-9.47021,-0.07125,-0.34366,-0.93639,0.99969,0.0,0.0,nan,0.0,0.00787,0.02054,23.94299,2.51209,0.23218,0.62391,0.56237,0.66581,0.39807,0.56237
7.57681,7.81197,7.93318,0.20388,0.34102,0.91768,0.73462,0.0,0.0,nan,0.0,0.00814,0.03148,34.89318,1.84562,0.23427,0.57411,0.78006,0.52699,0.54182,0.78006
7.25482,7.59455,9.17794,0.17199,0.33279,0.92718,0.97708,0.0,0.0,nan,0.0,0.00818,0.0339,30.64791,3.34874,0.23465,0.60878,0.47994,0.42235,0.29862,0.47994
6.95077,6.71692,10.32255,0.12581,0.29244,0.94797,0.88927,0.0,0.0,nan,0.0,0.0043,0.03185,29.46102,3.08124,0.23858,0.52455,0.58596,0.27508,0.32455,0.58596
6.95847,9.05725,-10.37219,0.01373,0.04294,-0.99898,0.89769,0.0,0.0,nan,0.0,0.00844,0.02656,23.46933,2.22048,0.23031,0.53513,0.4996,0.64471,0.45035,0.4996
7.74771,8.332,-9.80988,-0.02842,-0.11024,-0.9935,0.97199,0.0,0.0,nan,0.0,0.01005,0.02551,23.50144,2.18747,0.23042,0.54189,0.38205,0.7884,0.45715,0.38205
7.91137,8.09654,7.9597,0.17181,0.25259,0.9522,0.76085,0.0,0.0,nan,0.0,0.00727,0.02487,36.0333,1.63867,0.23898,0.51566,0.78178,0.66631,0.61025,0.78178
6.98575,8.90233,8.74537,0.19911,0.02016,0.97977,0.91649,0.0,0.0,nan,0.0,0.00795,0.02714,25.23144,2.1033,0.2307,0.4699,0.57908,0.6723,0.47544,0.57908
7.80667,10.04325,-10.00088,-0.01365,0.32749,-0.94476,0.9668,0.0,0.0,nan,0.0,0.00387,0.03346,36.57531,2.04581,0.23486,0.84843,0.90732,0.28957,0.4888,0.90732
7.02556,10.82597,-9.09785,0.00956,0.46053,-0.88759,0.99107,0.0,0.0,nan,0.0,0.00537,0.08781,28.43567,1.86022,0.21098,0.8115,0.95842,0.24215,0.53757,0.95842
6.99744,10.68446,9.57386,0.09169,-0.38218,0.91953,0.98696,0.0,0.0,nan,0.0,0.00685,0.0342,17.0524,2.70526,0.23215,0.50881,0.80364,0.53071,0.36965,0.80364
6.93591,11.72695,10.16285,0.02073,-0.3373,0.94117,0.96376,0.0,0.0,nan,0.0,0.01915,0.08466,15.22108,1.88798,0.24043,0.62987,0.75247,0.40956,0.52967,0.75247
7.08138,12.73336,-8.46155,-0.0673,0.4301,-0.90027,0.99646,0.0,0.0,nan,0.0,0.00831,0.0254,15.02485,1.84402,0.23849,0.46976,0.28456,0.78909,0.54229,0.28456
6.6926,13.66052,-7.75242,-0.03483,0.33214,-0.94259,0.999,0.0,0.0,nan,0.0,0.00715,0.0288,15.33736,1.95308,0.2232,0.42836,0.45027,0.65545,0.51201,0.45027
7.02827,12.98217,10.65865,0.04952,-0.05761,0.99711,0.95114,0.0,0.0,nan,0.0,0.00338,0.02971,24.80334,1.90792,0.23561,0.59748,0.85704,0.31335,0.52413,0.85704
7.06188,14.93514,-7.39107,-0.00529,0.25655,-0.96652,0.99333,0.0,0.0,nan,0.0,0.01326,0.05166,12.03915,1.90624,0.22373,0.485,0.61191,0.61705,0.52459,0.61191
7.12225,15.06709,9.7433,0.06766,0.14579,0.987,0.99372,0.0,0.0,nan,0.0,0.00797,0.03174,34.14472,1.70234,0.2419,0.63389,0.85286,0.62513,0.58743,0.85286
6.57251,14.95079,10.13587,0.06055,0.13894,0.98845,0.99851,0.0,0.0,nan,0.0,0.01732,0.04319,34.25685,1.90992,0.23332,0.66939,0.63222,0.63412,0.52358,0.63222
6.99923,16.95049,-7.08576,0.10064,0.12511,-0.98702,0.99998,0.0,0.0,nan,0.0,0.01787,0.06929,10.39457,1.80383,0.24153,0.51635,0.68644,0.59552,0.55438,0.68644
7.30262,17.13688,9.72168,0.07765,-0.02287,0.99672,0.98481,0.0,0.0,nan,0.0,0.00976,0.02794,38.46032,1.72115,0.23633,0.41186,0.64154,0.89255,0.58101,0.64154
6.52919,16.91419,10.28401,0.03807,-0.01506,0.99916,0.98755,0.0,0.0,nan,0.0,0.02598,0.05408,39.22201,2.02348,0.22428,0.64235,0.47516,0.78592,0.4942,0.47516
6.97536,19.03791,-6.97409,0.11718,0.07191,-0.9905,0.99959,0.0,0.0,nan,0.0,0.00663,0.04944,14.47642,1.86081,0.2225,0.40573,0.66247,0.37622,0.5374,0.66247
7.30866,18.40074,9.72202,0.11974,-0.20758,0.97086,0.96523,0.0,0.0,nan,0.0,0.01001,0.03433,41.385,1.71738,0.23577,0.53824,0.69794,0.56766,0.58228,0.69794
6.91229,19.19951,10.58828,0.12299,-0.28011,0.95206,0.97796,0.0,0.0,nan,0.0,0.01064,0.03521,25.81913,2.57976,0.23947,0.53515,0.41761,0.60853,0.38763,0.41761
6.96981,20.9572,-6.84036,0.10379,-0.04219,-0.9937,0.99597,0.0,0.0,nan,0.0,0.01918,0.06558,19.8848,2.03584,0.23267,0.48823,0.63829,0.65925,0.4912,0.63829
6.98674,21.03312,10.86792,0.16078,0.00439,0.98698,0.98031,0.0,0.0,nan,0.0,0.00404,0.03126,27.84708,1.71021,0.23682,0.69279,0.84124,0.28242,0.58472,0.84124
7.03275,23.03,-7.01398,0.09423,-0.13178,-0.98679,0.98285,0.0,0.0,nan,0.0,0.02076,0.1115,28.38591,3.60506,0.26478,0.57173,0.73771,0.34861,0.27739,0.73771
6.35297,22.61439,9.9363,0.20581,0.09865,0.97361,0.93734,0.0,0.0,nan,0.0,0.00667,0.03606,32.21405,1.86178,0.23728,0.68615,0.85718,0.43568,0.53712,0.85718
7.00516,23.00235,10.30864,0.16572,0.11258,0.97973,0.98931,0.0,0.0,nan,0.0,0.00474,0.03035,31.74097,1.80253,0.23655,0.6288,0.86202,0.41175,0.55478,0.86202
6.28856,25.92629,-8.07181,0.37903,-0.36348,-0.85101,0.96347,0.0,0.0,nan,0.0,0.00886,0.06666,39.23335,2.01516,0.22485,0.72161,0.95086,0.54156,0.49624,0.95086
6.98841,25.05674,-7.27409,0.12347,-0.27136,-0.95453,0.96053,0.0,0.0,nan,0.0,0.01675,0.07934,32.81936,3.50268,0.25365,0.69933,0.75923,0.33,0.2855,0.75923
7.01548,25.74928,9.7911,0.17202,-0.05015,0.98382,0.93685,0.0,0.0,nan,0.0,0.0071,0.02845,36.29601,3.2081,0.23831,0.6205,0.84642,0.61409,0.31171,0.84642
6.97154,24.81938,10.384,0.18373,0.016,0.98285,0.99822,0.0,0.0,nan,0.0,0.00591,0.02807,36.75578,2.01971,0.23509,0.62074,0.85395,0.53626,0.49512,0.85395
6.73551,27.1595,-8.36139,0.38355,-0.39099,-0.83667,0.95261,0.0,0.0,nan,0.0,0.0094,0.03288,31.8005,1.97369,0.22456,0.65307,0.87744,0.7854,0.50667,0.87744
7.38859,26.63809,-7.82613,0.14145,-0.32104,-0.93644,0.9713,0.0,0.0,nan,0.0,0.00931,0.06399,33.62476,2.07807,0.23104,0.7539,0.93279,0.49282,0.48122,0.93279
6.65313,26.17796,9.88493,0.19986,-0.08697,0.97596,0.93352,0.0,0.0,nan,0.0,0.00899,0.02776,35.30864,2.03921,0.23521,0.53725,0.61801,0.63705,0.49039,0.61801
7.05179,27.08948,10.59369,0.13997,-0.17163,0.97517,0.99421,0.0,0.0,nan,0.0,0.0078,0.02788,37.61261,2.04954,0.24057,0.6272,0.53846,0.46955,0.48791,0.53846
6.18904,29.38597,-10.6833,0.66618,-0.403,-0.62754,0.95114,0.0,0.0,nan,0.0,0.00998,0.04304,49.63969,1.70367,0.24194,0.78046,0.79135,0.35637,0.58697,0.79135
6.91632,28.98835,-8.74591,0.55225,-0.34667,-0.75818,0.92226,0.0,0.0,nan,0.0,0.01354,0.03506,24.7351,2.68107,0.22807,0.52669,0.79458,0.92409,0.37299,0.79458
6.21282,29.31499,9.99426,0.14799,0.10543,0.98335,0.94331,0.0,0.0,nan,0.0,0.00968,0.02597,30.69649,1.74141,0.23621,0.53082,0.33004,0.74751,0.57425,0.33004
7.01989,29.08875,10.50347,0.13706,0.06264,0.98858,0.98559,0.0,0.0,nan,0.0,0.00862,0.02404,28.84246,1.71962,0.24017,0.5645,0.28211,0.67955,0.58153,0.28211
6.35195,31.49661,-12.30375,0.54024,-0.17849,-0.82236,0.75459,0.0,0.0,nan,0.0,0.00649,0.02706,22.4211,1.84383,0.23843,0.50053,0.65314,0.5223,0.54235,0.65314
6.59069,31.01212,-10.96225,0.72225,-0.27279,-0.63556,0.94546,0.0,0.0,nan,0.0,0.00631,0.04325,31.08028,2.05895,0.23523,0.46136,0.44094,0.33632,0.48569,0.44094
7.3945,30.84243,-9.37398,0.70452,-0.20265,-0.68013,0.95153,0.0,0.0,nan,0.0,0.00579,0.03739,30.79529,2.0157,0.23335,0.51445,0.88554,0.56657,0.49611,0.88554
7.66407,31.25671,9.65194,0.04117,0.08465,0.99556,0.88233,0.0,0.0,nan,0.0,0.01222,0.03246,30.93576,1.71487,0.23748,0.4734,0.379,0.84651,0.58314,0.379
7.01147,30.95911,10.58805,0.09334,0.13665,0.98621,0.99176,0.0,0.0,nan,0.0,0.00962,0.02336,32.80401,1.68888,0.24283,0.54616,0.59394,0.80011,0.59211,0.59394
6.19074,32.69071,-12.23102,0.47547,0.0715,-0.87682,0.79188,0.0,0.0,nan,0.0,0.00872,0.02938,24.46717,1.63867,0.25312,0.54547,0.39394,0.58864,0.61025,0.39394
6.93098,33.02036,-11.04604,0.69272,-0.00857,-0.72116,0.92657,0.0,0.0,nan,0.0,0.0091,0.04252,26.68847,1.74124,0.23565,0.60452,0.62198,0.38059,0.5743,0.62198
7.59758,32.9605,-9.45074,0.70262,-0.21211,-0.67922,0.9392,0.0,0.0,nan,0.0,0.01235,0.06434,38.42172,2.01395,0.23969,0.45148,0.44105,0.44741,0.49654,0.44105
6.1473,33.57324,9.99067,0.15169,-0.33933,0.92836,0.87312,0.0,0.0,nan,0.0,0.00583,0.02022,19.83751,1.92025,0.22553,0.5663,0.64676,0.56023,0.52077,0.64676
6.98581,33.17504,10.15981,0.12032,-0.276,0.9536,0.93166,0.0,0.0,nan,0.0,0.00924,0.02758,23.48482,1.85954,0.23637,0.58027,0.40087,0.6263,0.53777,0.40087
7.03317,35.02692,-10.79725,0.3405,-0.17752,-0.92334,0.94546,0.0,0.0,nan,0.0,0.0068,0.02477,39.76044,1.86926,0.23283,0.48087,0.64736,0.59965,0.53497,0.64736
7.64983,34.81699,-9.61167,0.39381,-0.42132,-0.81695,0.89006,0.0,0.0,nan,0.0,0.00752,0.03396,55.78939,1.63867,0.23068,0.60373,0.85671,0.57663,0.61025,0.85671
6.99838,34.90408,11.55864,0.14733,-0.32591,0.93385,0.96386,0.0,0.0,nan,0.0,0.00936,0.03346,19.7248,3.55471,0.2529,0.59336,0.40576,0.51932,0.28132,0.40576
6.09923,35.95298,12.01462,0.07707,-0.04792,0.99587,0.93685,0.0,0.0,nan,0.0,0.01195,0.05171,21.8459,1.87183,0.23467,0.56404,0.52366,0.44702,0.53424,0.52366
6.97692,36.9086,-11.44379,0.11147,-0.31597,-0.9422,0.98334,0.0,0.0,nan,0.0,0.00793,0.0459,40.79686,1.80253,0.2341,0.57259,0.72096,0.31666,0.55478,0.72096
7.23683,37.36425,11.91653,0.13705,0.18977,0.97222,0.94389,0.0,0.0,nan,0.0,0.0126,0.03722,33.60697,2.0302,0.23309,0.58228,0.58282,0.61607,0.49256,0.58282
6.51115,36.70058,12.09369,0.06402,0.11226,0.99161,0.94057,0.0,0.0,nan,0.0,0.00936,0.03966,32.66508,3.03616,0.23814,0.58312,0.58954,0.42944,0.32936,0.58954
7.58002,39.38922,-12.08189,-0.00787,-0.03731,-0.99927,0.96582,0.0,0.0,nan,0.0,0.02068,0.05182,21.57332,1.63867,0.23931,0.70425,0.56566,0.61919,0.61025,0.56566
6.73601,38.8589,-11.8211,-0.02933,-0.14279,-0.98932,0.99078,0.0,0.0,nan,0.0,0.0251,0.07288,18.7193,1.85507,0.2379,0.67008,0.71391,0.56891,0.53906,0.71391
7.01505,38.93872,11.14457,0.12897,0.15685,0.97916,0.9946,0.0,0.0,nan,0.0,0.01821,0.03722,40.18473,1.7729,0.23229,0.59402,0.47608,0.86464,0.56405,0.47608
7.4267,40.41883,-12.0813,0.01186,0.1285,-0.99164,0.98696,0.0,0.0,nan,0.0,0.01353,0.03345,20.40418,2.35871,0.23337,0.63071,0.58418,0.70416,0.42396,0.58418
6.92962,41.30548,-11.86842,0.0336,0.17043,-0.9848,0.99509,0.0,0.0,nan,0.0,0.01123,0.02546,22.073,2.03289,0.23644,0.5638,0.64285,0.85294,0.49191,0.64285
7.13623,41.08422,11.48534,0.17925,-0.1668,0.96956,0.98647,0.0,0.0,nan,0.0,0.00912,0.03054,29.67016,1.86356,0.24392,0.43055,0.49639,0.7406,0.53661,0.49639
7.11093,43.02041,-11.43513,0.02815,0.21263,-0.97673,0.99881,0.0,0.0,nan,0.0,0.00431,0.01344,23.8394,2.03164,0.23177,0.39576,0.70036,0.87803,0.49221,0.70036
7.01111,42.96865,11.82825,0.07463,-0.02095,0.99699,0.96562,0.0,0.0,nan,0.0,0.0097,0.02402,23.52615,1.72273,0.24346,0.62407,0.53365,0.70223,0.58048,0.53365
6.80424,44.77145,-10.69982,0.01524,0.02,-0.99968,0.95329,0.0,0.0,nan,0.0,0.00699,0.01872,33.60566,2.25322,0.22897,0.5625,0.5342,0.70369,0.44381,0.5342
6.92482,44.80183,10.95937,-0.02182,0.18795,0.98194,0.98207,0.0,0.0,nan,0.0,0.01174,0.0272,28.30012,1.69785,0.24976,0.6715,0.39442,0.68816,0.58898,0.39442
6.80506,47.63522,-12.03393,0.01973,-0.1488,-0.98867,0.93508,0.0,0.0,nan,0.0,0.00768,0.03787,18.75976,1.73821,0.24959,0.70083,0.61763,0.32002,0.5753,0.61763
7.11307,46.70985,-11.59448,0.04422,-0.22562,-0.97321,0.98226,0.0,0.0,nan,0.0,0.00726,0.0376,43.20268,1.63867,0.24196,0.58891,0.71423,0.34292,0.61025,0.71423
7.05484,47.1747,11.17235,-0.0557,0.08943,0.99443,0.99166,0.0,0.0,nan,0.0,0.01239,0.02568,36.12677,1.80253,0.24404,0.56002,0.39392,0.90938,0.55478,0.39392
6.73178,48.10471,-12.02003,0.01906,-0.0315,-0.99932,0.94409,0.0,0.0,nan,0.0,0.01444,0.05115,14.88357,1.81597,0.23676,0.79409,0.63207,0.40314,0.55067,0.63207
7.12093,49.01663,-11.71528,0.01485,0.09197,-0.99565,0.97747,0.0,0.0,nan,0.0,0.00918,0.02622,16.11687,1.77681,0.23001,0.76084,0.60236,0.51704,0.56281,0.60236
6.02234,48.32328,9.98641,0.00054,-0.1297,0.99155,0.85355,0.0,0.0,nan,0.0,0.00699,0.02017,29.15046,2.52179,0.23363,0.48844,0.51461,0.75801,0.39654,0.51461
7.07536,48.90424,10.9534,-0.00778,-0.18916,0.98192,0.99166,0.0,0.0,nan,0.0,0.00819,0.02169,26.33329,1.92976,0.23467,0.52925,0.31827,0.76755,0.5182,0.31827
6.93688,50.95144,-11.37803,-0.11966,0.17278,-0.97766,0.98559,0.0,0.0,nan,0.0,0.01211,0.0238,18.78302,1.8734,0.23756,0.79589,0.72011,0.70733,0.53379,0.72011
7.05957,51.07029,11.59943,0.1666,0.00913,0.98598,0.9668,0.0,0.0,nan,0.0,0.00723,0.0221,23.16042,2.1924,0.2388,0.58203,0.65505,0.61048,0.45612,0.65505
7.03604,53.04718,-10.91738,-0.19136,-0.07035,-0.979,0.99176,0.0,0.0,nan,0.0,0.00512,0.01076,11.35875,3.55905,0.23733,0.68932,0.55807,0.81206,0.28097,0.55807
7.03267,52.9444,10.96188,0.18221,0.2062,0.9614,0.99685,0.0,0.0,nan,0.0,0.0081,0.03221,29.32278,1.8478,0.23363,0.63154,0.82374,0.55684,0.54118,0.82374
6.94826,54.94494,-11.5,-0.04637,0.04799,-0.99777,0.95035,0.0,0.0,nan,0.0,0.00574,0.05741,16.94089,2.42768,0.2314,0.77199,0.90159,0.28132,0.41192,0.90159
7.60798,55.68763,9.71181,0.18372,-0.12512,0.97498,0.81811,0.0,0.0,nan,0.0,0.011,0.02907,36.57922,1.76591,0.23792,0.45194,0.44843,0.88278,0.56628,0.44843
6.99143,54.95612,10.77508,0.1657,-0.00641,0.98616,0.98432,0.0,0.0,nan,0.0,0.01241,0.02689,37.77902,1.67029,0.23089,0.57268,0.59537,0.8485,0.5987,0.59537
6.99985,56.89667,-10.68125,0.03574,0.29393,-0.95516,0.99842,0.0,0.0,nan,0.0,0.0044,0.01598,18.01461,2.90887,0.24114,0.54354,0.64436,0.56339,0.34378,0.64436
6.78013,57.3544,-9.82152,0.045,0.30694,-0.95067,0.94595,0.0,0.0,nan,0.0,0.00739,0.02154,20.15755,1.69234,0.23714,0.58729,0.51958,0.64236,0.5909,0.51958
7.63053,56.23711,9.79026,0.17696,-0.2679,0.94706,0.80823,0.0,0.0,nan,0.0,0.00813,0.02676,35.43365,1.8297,0.2352,0.42805,0.46258,0.75,0.54654,0.46258
7.15002,56.8641,11.45835,0.16091,-0.36014,0.91892,0.98422,0.0,0.0,nan,0.0,0.00452,0.02189,28.83806,3.36041,0.24241,0.47455,0.47607,0.46562,0.29758,0.47607
6.95138,59.01469,-10.21969,0.05864,0.20456,-0.9771,0.99293,0.0,0.0,nan,0.0,0.00564,0.01526,25.79096,3.37677,0.24275,0.49745,0.49164,0.80042,0.29614,0.49164
6.44193,58.23481,-9.99973,0.03857,0.26935,-0.96227,0.98608,0.0,0.0,nan,0.0,0.00885,0.02145,25.62342,3.57891,0.2506,0.62257,0.57488,0.71438,0.27941,0.57488
7.58559,58.58274,11.95013,0.11251,-0.16651,0.9796,0.95623,0.0,0.0,nan,0.0,0.01335,0.06084,15.64959,1.89005,0.23886,0.6616,0.56059,0.37393,0.52909,0.56059
6.78356,59.13452,12.09564,0.05303,-0.01101,0.99853,0.96083,0.0,0.0,nan,0.0,0.01139,0.06242,18.56549,2.44314,0.22485,0.72788,0.81372,0.34894,0.40931,0.81372
6.84125,60.7372,-10.03507,0.04737,-0.00404,-0.99887,0.99313,0.0,0.0,nan,0.0,0.00824,0.02105,21.79759,3.39178,0.23824,0.46932,0.40184,0.91101,0.29483,0.40184
6.96854,61.08142,-9.73121,0.04723,-0.036,-0.99823,0.98256,0.0,0.0,nan,0.0,0.00728,0.0203,22.83727,3.38128,0.2405,0.43589,0.33248,0.89418,0.29575,0.33248
7.04103,61.20707,11.58009,0.00669,0.10647,0.99429,0.99734,0.0,0.0,nan,0.0,0.00649,0.02828,18.22995,3.35483,0.24531,0.75106,0.91447,0.71635,0.29808,0.91447
6.7635,60.23999,12.03163,0.00301,0.13167,0.99129,0.98187,0.0,0.0,nan,0.0,0.00807,0.02938,15.97493,2.7028,0.23808,0.75689,0.81945,0.5249,0.36999,0.81945
6.75612,63.20275,-10.15085,0.12613,0.08624,-0.98826,0.97845,0.0,0.0,nan,0.0,0.00794,0.02472,17.50109,3.54307,0.25805,0.69352,0.68561,0.51601,0.28224,0.68561
7.4288,62.44971,-9.68398,0.05197,0.03284,-0.99811,0.98031,0.0,0.0,nan,0.0,0.00851,0.02426,16.35648,2.70125,0.23423,0.62719,0.61337,0.62785,0.3702,0.61337
7.01822,63.05466,11.64664,-0.02305,0.03013,0.99928,0.99137,0.0,0.0,nan,0.0,0.00816,0.02384,22.99556,1.63867,0.23728,0.65862,0.78678,0.64062,0.61025,0.78678
6.72729,64.06973,-10.02001,0.1209,0.09667,-0.98795,0.98628,0.0,0.0,nan,0.0,0.00709,0.01506,17.04864,3.48302,0.24653,0.68136,0.44401,0.77131,0.28711,0.44401
7.0183,65.06852,-9.48102,0.07229,0.04657,-0.9963,0.97238,0.0,0.0,nan,0.0,0.00895,0.01795,16.26025,3.03937,0.24923,0.6901,0.55909,0.81144,0.32902,0.55909
6.93872,64.96187,11.35783,-0.06217,0.0876,0.99421,0.99538,0.0,0.0,nan,0.0,0.00805,0.0286,34.41322,2.21812,0.23066,0.71727,0.74148,0.41508,0.45083,0.74148
6.82523,66.96254,-10.08083,0.04431,-0.03529,-0.99839,0.98334,0.0,0.0,nan,0.0,0.00429,0.01955,11.12702,2.70751,0.24,0.71482,0.64922,0.3619,0.36934,0.64922
7.63283,67.31029,-9.99903,0.0662,-0.01018,-0.99775,0.99127,0.0,0.0,nan,0.0,0.00364,0.0279,12.37031,1.63867,0.24805,0.85007,0.89264,0.32836,0.61025,0.89264
6.97885,67.06467,11.64007,-0.1047,0.0996,0.9895,0.97071,0.0,0.0,nan,0.0,0.01568,0.0435,35.11015,1.86465,0.23775,0.65027,0.66093,0.58571,0.53629,0.66093
6.03883,68.01433,-10.00103,0.04801,0.03871,-0.9981,0.98892,0.0,0.0,nan,0.0,0.00502,0.03754,9.50084,1.80253,0.23697,0.74768,0.82177,0.28114,0.55478,0.82177
6.98376,69.03156,-9.7421,0.07805,0.19608,-0.97748,0.99763,0.0038,0.01899,0.6,1.0,0.01291,0.08962,5.31763,1.80253,0.2262,0.34689,0.64854,0.5716,0.55478,0.64854
6.90899,68.95012,9.99179,0.01506,0.18824,0.98201,0.92667,0.0,0.0,nan,0.0,0.00929,0.02316,24.95068,1.63867,0.24966,0.63551,0.60597,0.68136,0.61025,0.60597
6.67556,69.21826,10.43914,0.01566,0.18838,0.98197,0.9762,0.0,0.0,nan,0.0,0.00995,0.025,24.00608,2.04649,0.23792,0.61327,0.43737,0.70321,0.48864,0.43737
7.01159,71.02204,-9.21617,0.08528,0.37301,-0.9239,0.99558,0.00812,0.04058,0.6,1.0,0.01012,0.05073,8.44076,1.80253,0.23511,0.2783,0.49108,0.88633,0.55478,0.49108
7.48767,71.82368,9.85752,0.14223,0.58075,0.80156,0.97678,0.0,0.0,nan,0.0,0.00298,0.05811,17.42494,2.19491,0.23693,0.66748,0.92134,0.18929,0.4556,0.92134
6.99623,70.94708,10.64602,0.13021,0.38698,0.91285,0.9805,0.0,0.0,nan,0.0,0.00393,0.01697,18.00604,3.60506,0.24258,0.66641,0.39959,0.38659,0.27739,0.39959
6.94762,72.60549,-8.44751,0.09279,0.62414,-0.77578,0.9715,0.0,0.0,nan,0.0,0.01444,0.06008,11.50015,2.03519,0.22852,0.28326,0.69046,0.99626,0.49135,0.69046
7.02634,73.72618,-7.33866,0.07983,0.85469,-0.51297,0.95221,0.0,0.0,nan,0.0,0.01109,0.04714,12.84329,1.89212,0.22845,0.29207,0.58649,0.9307,0.52851,0.58649
6.28578,73.98824,-5.96008,0.02376,0.96911,-0.24546,0.99342,0.01094,0.05468,0.6,1.0,0.01173,0.05144,12.56644,1.8507,0.2293,0.35519,0.44187,0.74427,0.54034,0.44187
6.56091,73.92957,1.30505,-0.08314,0.99473,0.05993,0.99714,0.02223,0.11114,0.6,1.0,0.02118,0.11562,8.96532,1.63867,0.23271,0.28531,0.55301,0.78522,0.61025,0.55301
6.6674,73.88839,3.05367,-0.08187,0.99611,0.0327,0.99851,0.09916,0.13161,0.7,0.82705,0.02924,0.13584,9.70745,1.82152,0.23335,0.27753,0.66037,0.9355,0.54899,0.66037
6.97599,73.91088,5.04132,-0.06623,0.99661,0.0489,0.99871,0.01827,0.09133,0.6,1.0,0.02393,0.12722,12.64488,1.63998,0.22652,0.35299,0.82401,0.80855,0.60976,0.82401
6.95887,73.8391,7.03618,0.00445,0.97058,0.24073,0.98559,0.0,0.0,nan,0.0,0.01775,0.08948,12.11529,1.91259,0.22827,0.36069,0.74497,0.64068,0.52285,0.74497
6.99593,72.88177,9.02025,0.11994,0.7823,0.61125,0.98305,0.0,0.0,nan,0.0,0.00873,0.08075,7.50585,1.76407,0.23775,0.36015,0.73927,0.38038,0.56687,0.73927
6.17966,72.03487,10.03649,0.17131,0.60211,0.77982,0.96827,0.0,0.0,nan,0.0,0.00388,0.09216,13.87532,2.44118,0.23026,0.6492,0.95783,0.2215,0.40964,0.95783
6.96695,74.01404,-6.22561,0.05234,0.9524,-0.30032,0.98657,0.0,0.0,nan,0.0,0.01089,0.0452,13.239,1.67289,0.23425,0.30572,0.5298,0.90697,0.59777,0.5298
6.988,74.10416,-4.98207,0.01664,0.98897,-0.14718,0.99773,0.0,0.0,nan,0.0,0.01616,0.065,13.15122,1.86903,0.23665,0.34316,0.50001,0.83455,0.53504,0.50001
6.92507,74.5527,-2.98652,-0.03509,0.9989,-0.03118,0.98814,0.0,0.0,nan,0.0,0.01345,0.07354,13.67607,1.99096,0.22516,0.23243,0.35533,0.90166,0.50227,0.35533
7.01419,74.2605,-1.06977,-0.07749,0.99396,0.07772,0.99714,0.01649,0.08247,0.6,1.0,0.02064,0.11553,11.37851,1.70361,0.23884,0.29462,0.45096,0.71304,0.58699,0.45096
7.30344,74.08409,0.85706,-0.09162,0.99353,0.0671,0.99714,0.01799,0.08995,0.7,1.0,0.02495,0.13286,10.02598,1.63867,0.23269,0.29977,0.53202,0.75157,0.61025,0.53202
7.67195,74.0368,2.9033,-0.0929,0.99489,0.03947,0.99734,0.02585,0.12925,0.6,1.0,0.03344,0.1423,8.77241,1.70961,0.2386,0.29793,0.6524,0.96854,0.58493,0.6524
7.85332,74.01179,4.25896,-0.07583,0.99622,0.04231,0.99842,0.05008,0.05934,0.6,0.79876,0.0375,0.14596,10.47004,1.67534,0.23259,0.34535,0.76648,0.93541,0.59689,0.76648
6.60031,74.02675,6.34302,-0.03564,0.99097,0.12924,0.98863,0.0,0.0,nan,0.0,0.02076,0.0875,12.39515,1.73621,0.23615,0.33852,0.66844,0.81377,0.57597,0.66844
9.04497,1.70112,-6.90082,-0.04657,-0.95617,-0.28907,0.91805,0.0,0.0,nan,0.0,0.02387,0.22073,22.26816,1.87033,0.22293,0.68985,0.78054,0.18933,0.53466,0.78054
9.0478,1.78369,-5.40213,-0.03747,-0.99621,0.07844,0.99127,0.0,0.0,nan,0.0,0.01044,0.03928,11.62422,2.37049,0.23561,0.37744,0.78295,0.92278,0.42185,0.78295
9.01941,2.9025,-8.76067,-0.03725,-0.46979,-0.88199,0.90934,0.0,0.0,nan,0.0,0.00438,0.03693,28.35405,1.73794,0.23622,0.72544,0.94773,0.47699,0.57539,0.94773
8.85095,2.0795,-7.82212,-0.05209,-0.8114,-0.58217,0.88448,0.0,0.0,nan,0.0,0.00482,0.06262,30.91066,1.86882,0.24019,0.67579,0.94176,0.31392,0.5351,0.94176
8.97026,2.12448,-4.44376,-0.02235,-0.98889,0.14698,0.999,0.0,0.0,nan,0.0,0.02223,0.06447,12.36114,2.01496,0.22602,0.40052,0.46834,1.0,0.49629,0.46834
9.05307,2.19705,-2.98916,-0.00993,-0.9949,0.10037,0.9992,0.00109,0.00547,0.7,1.0,0.02067,0.04994,13.94787,2.20805,0.22722,0.47326,0.36926,1.0,0.45289,0.36926
9.03437,2.12606,-0.89051,-0.01178,-0.99775,0.06604,0.99548,0.0,0.0,nan,0.0,0.00619,0.01766,15.05629,1.89207,0.22514,0.41216,0.46799,0.96335,0.52852,0.46799
9.05437,2.24641,1.00881,-0.01586,-0.99465,0.10212,0.99352,0.0,0.0,nan,0.0,0.00357,0.01864,16.47709,3.27903,0.2424,0.5057,0.86162,0.66053,0.30497,0.86162
8.91672,2.59404,3.00206,0.00349,-0.98022,0.19788,0.99313,0.0,0.0,nan,0.0,0.00596,0.01708,15.60278,1.71871,0.23988,0.46343,0.50393,0.84993,0.58183,0.50393
8.94062,3.22385,5.01168,0.01533,-0.99503,0.09838,0.99372,0.0,0.0,nan,0.0,0.00354,0.0172,22.19892,1.79863,0.23926,0.37903,0.3574,0.59201,0.55598,0.3574
9.00547,2.79124,6.81219,-0.02914,-0.99913,0.0297,0.96562,0.0,0.0,nan,0.0,0.00753,0.02103,26.18826,1.84714,0.24309,0.52656,0.49601,0.732,0.54138,0.49601
8.97589,3.44354,8.61425,0.00145,-0.8761,0.48213,0.87635,0.0,0.0,nan,0.0,0.01796,0.06394,42.88641,1.80253,0.24206,0.61083,0.71297,0.48122,0.55478,0.71297
8.95765,5.03766,-8.95785,0.00667,-0.23609,-0.97171,0.9989,0.0,0.0,nan,0.0,0.01321,0.03473,20.98124,1.70286,0.241,0.5715,0.43506,0.72918,0.58725,0.43506
9.19464,4.5847,9.84681,0.09619,-0.395,0.91363,0.87205,0.0,0.0,nan,0.0,0.00346,0.07727,37.12412,2.20412,0.24351,0.68194,0.98175,0.26784,0.4537,0.98175
8.77105,5.31467,10.23308,0.12415,-0.11797,0.98523,0.84914,0.0,0.0,nan,0.0,0.00569,0.0435,20.22311,3.60506,0.23829,0.70726,0.90371,0.3997,0.27739,0.90371
9.59445,7.79937,-10.07581,-0.03617,-0.23285,-0.97184,0.97972,0.0,0.0,nan,0.0,0.00877,0.02239,25.87188,1.8416,0.23183,0.55137,0.49563,0.76551,0.54301,0.49563
8.94315,6.96308,-9.60636,0.0092,-0.30839,-0.95122,0.99832,0.0,0.0,nan,0.0,0.008,0.02442,25.87662,2.0904,0.23873,0.51682,0.4623,0.68335,0.47838,0.4623
9.05115,6.9052,8.96233,0.10062,0.3616,0.92689,0.97982,0.0,0.0,nan,0.0,0.00697,0.0331,33.45914,1.74586,0.24406,0.61184,0.6508,0.36453,0.57278,0.6508
8.33933,6.32657,10.17165,0.13934,0.24916,0.95839,0.90425,0.0,0.0,nan,0.0,0.00616,0.02651,28.40052,2.37839,0.23508,0.60186,0.55364,0.41317,0.42045,0.55364
9.06634,9.22206,-10.21833,-0.05047,0.08686,-0.99494,0.94448,0.0,0.0,nan,0.0,0.00469,0.01887,26.5403,2.88137,0.2329,0.59478,0.82407,0.58935,0.34706,0.82407
8.60559,8.51852,-9.50735,-0.01472,-0.03979,-0.9991,0.98285,0.0,0.0,nan,0.0,0.00982,0.02314,24.6409,1.87449,0.22795,0.54959,0.31106,0.83465,0.53348,0.31106
8.01463,8.31499,7.99271,0.15812,0.1774,0.97135,0.77641,0.0,0.0,nan,0.0,0.00691,0.02289,36.38165,1.64782,0.23865,0.45237,0.63417,0.7037,0.60686,0.63417
9.02838,9.05648,8.40246,0.08077,-0.04824,0.99556,0.89368,0.0,0.0,nan,0.0,0.01348,0.0539,30.26916,2.02971,0.20816,0.53231,0.80312,0.60323,0.49268,0.80312
9.57304,10.09394,-10.05688,-0.10931,0.29194,-0.95017,0.96122,0.0,0.0,nan,0.0,0.00416,0.03589,37.78106,2.03011,0.24206,0.76216,0.90815,0.32435,0.49259,0.90815
8.98659,10.97304,-9.23313,-0.08196,0.44495,-0.8918,0.98921,0.0,0.0,nan,0.0,0.00295,0.06671,29.64485,2.98821,0.23873,0.74635,0.96876,0.21055,0.33465,0.96876
9.15043,10.87056,9.49051,0.19264,-0.40444,0.89405,0.9946,0.0,0.0,nan,0.0,0.01108,0.03595,21.26752,1.80253,0.23582,0.5657,0.49527,0.59588,0.55478,0.49527
8.33053,11.79746,10.06632,0.17951,-0.33197,0.92605,0.94595,0.0,0.0,nan,0.0,0.01375,0.07056,18.47377,2.39316,0.23413,0.62751,0.39683,0.34415,0.41786,0.39683
9.02582,12.97765,-8.38439,-0.05906,0.4023,-0.9136,0.99949,0.0,0.0,nan,0.0,0.00978,0.02853,14.43175,1.70376,0.24913,0.52988,0.68281,0.73667,0.58694,0.68281
8.693,13.93847,-7.98365,-0.06575,0.34612,-0.93588,0.99939,0.0,0.0,nan,0.0,0.00869,0.03041,13.71591,1.74732,0.23794,0.3951,0.30548,0.82891,0.5723,0.30548
9.71827,12.20859,9.8611,0.27379,-0.24968,0.92882,0.97825,0.0,0.0,nan,0.0,0.00939,0.03007,24.15482,1.63867,0.23974,0.5328,0.42967,0.63483,0.61025,0.42967
8.98272,13.00165,10.52127,0.21496,-0.08346,0.97305,0.92559,0.0,0.0,nan,0.0,0.00468,0.02064,22.77479,1.84956,0.23858,0.4112,0.21818,0.60034,0.54067,0.21818
9.91406,14.05639,-8.00202,-0.09487,0.33897,-0.936,0.99969,0.0,0.0,nan,0.0,0.0122,0.03667,15.10852,2.53617,0.23078,0.46026,0.60027,0.81854,0.3943,0.60027
9.0516,14.95496,-7.42931,-0.07032,0.31462,-0.94661,0.99969,0.0,0.0,nan,0.0,0.01109,0.03282,13.26007,1.9767,0.22847,0.41998,0.58635,0.92555,0.50589,0.58635
9.21516,15.049,9.5777,0.1636,0.12189,0.97897,0.99793,0.0,0.0,nan,0.0,0.02041,0.04098,34.4146,1.72751,0.24493,0.64172,0.55154,0.82109,0.57887,0.55154
8.48757,14.97093,10.0105,0.11774,0.1139,0.98649,0.99558,0.0,0.0,nan,0.0,0.01507,0.03475,34.5704,1.77274,0.23625,0.59576,0.64424,0.76991,0.5641,0.64424
9.04356,16.94212,-6.98043,0.00936,0.2011,-0.97953,0.99949,0.0,0.0,nan,0.0,0.00769,0.0255,12.61804,1.89699,0.22559,0.44935,0.4805,0.77715,0.52715,0.4805
8.95409,17.4643,9.71051,0.22121,-0.01504,0.97511,0.99098,0.0,0.0,nan,0.0,0.00691,0.02068,33.96277,3.53829,0.23852,0.36041,0.33351,0.98163,0.28262,0.33351
9.11082,16.69523,10.22291,0.19139,0.08523,0.97781,0.97081,0.0,0.0,nan,0.0,0.01282,0.02787,36.50473,2.00742,0.23457,0.49333,0.40664,0.98351,0.49815,0.40664
9.03012,18.96133,-6.63062,0.03269,0.07009,-0.997,0.99489,0.0,0.0,nan,0.0,0.01044,0.03047,12.41642,3.06193,0.23299,0.43582,0.53888,0.91294,0.32659,0.53888
9.32036,18.58549,9.55329,0.23914,-0.1822,0.95374,0.98422,0.0,0.0,nan,0.0,0.00692,0.02675,31.44968,3.20413,0.23346,0.53813,0.79425,0.5956,0.3121,0.79425
8.9309,19.48778,10.29383,0.20951,-0.24881,0.94562,0.99058,0.0,0.0,nan,0.0,0.00278,0.0326,40.78922,2.1955,0.23639,0.64083,0.88633,0.24723,0.45548,0.88633
9.0137,20.95942,-6.70181,-0.01463,-0.08599,-0.99619,0.99744,0.0,0.0,nan,0.0,0.01321,0.03609,13.60436,1.81085,0.23712,0.42116,0.44653,0.99703,0.55223,0.44653
8.92604,20.99853,10.37775,0.16257,-0.12012,0.97936,0.98716,0.0,0.0,nan,0.0,0.01081,0.025,17.68486,1.72094,0.24025,0.57779,0.41507,0.83292,0.58108,0.41507
8.98168,23.02077,-6.96776,-0.07807,-0.19623,-0.97745,0.99744,0.0,0.0,nan,0.0,0.01907,0.04726,14.87595,1.68303,0.22618,0.54201,0.58904,0.84448,0.59416,0.58904
8.94397,22.98149,10.2361,0.10745,0.14755,0.9832,0.9943,0.0,0.0,nan,0.0,0.00762,0.04128,23.98694,1.8716,0.23027,0.56366,0.84454,0.50895,0.5343,0.84454
9.03599,25.02304,-7.46412,-0.10682,-0.23729,-0.96555,0.99607,0.0,0.0,nan,0.0,0.01763,0.06381,12.72664,2.39783,0.22186,0.642,0.72896,0.49799,0.41704,0.72896
8.97291,25.39558,9.76388,0.23689,-0.02574,0.9712,0.97404,0.0,0.0,nan,0.0,0.00359,0.03874,46.18966,2.245,0.23131,0.79834,0.92446,0.27433,0.44544,0.92446
8.9467,24.5747,10.01624,0.20018,0.09865,0.97478,0.98148,0.0,0.0,nan,0.0,0.00341,0.04376,49.13921,3.5274,0.24506,0.82201,0.95498,0.28681,0.2835,0.95498
9.26034,27.34209,-8.10932,-0.05255,-0.2094,-0.97642,0.99979,0.0,0.0,nan,0.0,0.01406,0.06685,21.38688,1.84057,0.23612,0.74933,0.72089,0.30685,0.54331,0.72089
8.72168,26.63415,-7.8819,-0.04715,-0.24998,-0.9671,0.99881,0.0,0.0,nan,0.0,0.00902,0.04728,22.3555,1.82787,0.23655,0.73157,0.80728,0.34778,0.54709,0.80728
9.14716,26.1925,9.8227,0.21724,-0.19744,0.95594,0.97297,0.0,0.0,nan,0.0,0.00351,0.04224,44.70152,2.6818,0.23356,0.77088,0.91621,0.2406,0.37288,0.91621
8.92162,27.17142,10.38921,0.12553,-0.23136,0.96473,0.98354,0.0,0.0,nan,0.0,0.01409,0.04141,29.76235,1.68538,0.24354,0.59415,0.41421,0.61105,0.59334,0.41421
8.94583,29.02634,-8.34171,0.1017,-0.10806,-0.98893,0.97864,0.0,0.0,nan,0.0,0.01343,0.06025,32.79212,2.08517,0.22608,0.61522,0.81987,0.49503,0.47958,0.81987
9.10263,29.18368,11.14978,0.00434,0.05463,0.9985,0.95104,0.0,0.0,nan,0.0,0.00805,0.02487,24.19734,1.71362,0.23187,0.60332,0.64833,0.58105,0.58356,0.64833
8.8283,30.9483,-8.45721,0.32968,-0.00131,-0.94409,0.96151,0.0,0.0,nan,0.0,0.01852,0.05899,39.21492,1.88368,0.23413,0.55323,0.50431,0.59656,0.53088,0.50431
8.79022,31.58237,-7.85314,0.33539,-0.00465,-0.94207,0.87655,0.0,0.0,nan,0.0,0.01884,0.05623,41.79348,1.8512,0.23969,0.53809,0.50075,0.65244,0.54019,0.50075
8.48055,31.03628,9.77751,-0.02817,0.10414,0.99416,0.93254,0.0,0.0,nan,0.0,0.0097,0.02764,28.67973,1.738,0.23543,0.56278,0.5711,0.66681,0.57537,0.5711
9.17298,30.95888,10.08829,-0.06965,0.10431,0.9921,0.98158,0.0,0.0,nan,0.0,0.0107,0.02666,29.13902,2.85705,0.2304,0.63201,0.56049,0.67874,0.35001,0.56049
8.49351,33.16962,-8.4403,0.5262,-0.26547,-0.80786,0.87058,0.0,0.0,nan,0.0,0.00993,0.04142,45.33487,1.75317,0.23212,0.43762,0.38912,0.57173,0.57039,0.38912
9.19605,32.91272,-7.96512,0.35844,-0.19225,-0.91355,0.85237,0.0,0.0,nan,0.0,0.02062,0.06369,44.27531,2.4907,0.23241,0.58121,0.56846,0.58229,0.40149,0.56846
9.01225,33.02515,10.39298,0.0265,-0.14888,0.9885,0.97708,0.0,0.0,nan,0.0,0.0095,0.0366,30.43427,1.85535,0.24518,0.51187,0.52956,0.54054,0.53898,0.52956
9.15343,35.21106,-10.49263,0.31788,-0.58658,-0.7449,0.96151,0.0,0.0,nan,0.0,0.00817,0.02916,41.84313,1.65931,0.24601,0.34433,0.49109,0.85219,0.60266,0.49109
9.23721,34.40292,-9.33969,0.38619,-0.55173,-0.73923,0.98579,0.0,0.0,nan,0.0,0.01008,0.02405,43.73651,2.58338,0.23994,0.43836,0.3748,1.0,0.38709,0.3748
9.78424,34.12037,-7.98966,0.28344,-0.44885,-0.84747,0.84131,0.0,0.0,nan,0.0,0.01363,0.03544,41.54869,2.08,0.22757,0.55685,0.61081,0.72418,0.48077,0.61081
9.07475,34.95671,11.22585,0.20845,-0.23295,0.94989,0.97492,0.0,0.0,nan,0.0,0.01376,0.03716,28.34351,1.64398,0.24237,0.5681,0.4375,0.69793,0.60828,0.4375
8.94305,37.04897,-10.98871,0.07622,-0.43123,-0.89902,0.99832,0.0,0.0,nan,0.0,0.01019,0.04527,35.52077,1.90031,0.23644,0.56807,0.54365,0.41874,0.52623,0.54365
9.0519,37.08311,11.33955,0.22941,0.09542,0.96864,0.98256,0.0,0.0,nan,0.0,0.0139,0.03505,25.88852,1.96852,0.22619,0.54958,0.63398,0.77738,0.508,0.63398
8.9872,39.19664,-12.23137,0.03458,-0.09676,-0.99471,0.93362,0.0,0.0,nan,0.0,0.02002,0.06107,15.52897,2.16226,0.24076,0.60744,0.30416,0.6093,0.46248,0.30416
9.11056,38.24744,-11.8922,0.04932,-0.29674,-0.95368,0.97874,0.0,0.0,nan,0.0,0.01492,0.05536,17.51627,1.69553,0.23982,0.54265,0.46231,0.55347,0.58979,0.46231
8.84254,38.94346,10.71246,0.22197,0.19858,0.95462,0.98226,0.0,0.0,nan,0.0,0.02316,0.06484,33.83724,2.88042,0.23518,0.65576,0.60276,0.57695,0.34717,0.60276
8.91777,40.43051,-12.13943,0.03793,0.15278,-0.98753,0.97336,0.0,0.0,nan,0.0,0.01057,0.03259,20.42537,1.91035,0.23772,0.55424,0.38216,0.64235,0.52346,0.38216
9.02051,41.41279,-11.549,0.05463,0.20343,-0.97756,0.99939,0.0,0.0,nan,0.0,0.00645,0.01932,21.27715,3.21641,0.24043,0.45482,0.28282,0.80286,0.31091,0.28282
9.25646,40.96797,9.74358,0.3128,-0.16422,0.93552,0.83329,0.0,0.0,nan,0.0,0.00565,0.01737,29.85471,1.69594,0.24044,0.44379,0.78091,0.86783,0.58964,0.78091
8.62844,41.13776,10.50279,0.27582,-0.19718,0.94077,0.95554,0.0,0.0,nan,0.0,0.01106,0.03076,26.85872,1.70919,0.24261,0.48585,0.41541,0.79506,0.58507,0.41541
9.01746,42.89944,-11.4664,0.04002,0.17218,-0.98425,0.99734,0.0,0.0,nan,0.0,0.00716,0.02015,29.3192,1.65634,0.23526,0.40801,0.69119,0.92997,0.60374,0.69119
8.98612,42.96978,11.59392,0.08631,-0.23603,0.9679,0.95143,0.0,0.0,nan,0.0,0.00772,0.03852,26.1677,1.72928,0.23732,0.49279,0.51426,0.43764,0.57828,0.51426
9.03894,44.98099,-11.13874,-0.04537,-0.01188,-0.9989,0.99362,0.0,0.0,nan,0.0,0.01094,0.02634,39.42805,1.83908,0.23586,0.58283,0.67293,0.74873,0.54375,0.67293
8.9614,45.17309,11.71417,-0.00906,0.18779,0.98217,0.98031,0.0,0.0,nan,0.0,0.00637,0.02225,30.59436,1.63867,0.2403,0.52871,0.78195,0.64318,0.61025,0.78195
9.022,46.9425,-11.24207,-0.01655,-0.19496,-0.98067,0.99088,0.0,0.0,nan,0.0,0.00534,0.03156,33.69349,1.80253,0.24154,0.52286,0.58816,0.34267,0.55478,0.58816
8.82869,46.98835,11.10164,-0.0113,0.14658,0.98913,0.99362,0.0,0.0,nan,0.0,0.0137,0.02915,33.23431,2.07718,0.23904,0.53757,0.62937,0.92725,0.48142,0.62937
8.98946,48.95888,-11.62536,0.05327,0.04283,-0.99766,0.9897,0.0,0.0,nan,0.0,0.01257,0.02636,19.19734,2.03601,0.23236,0.65315,0.49,0.80621,0.49116,0.49
8.98352,49.03835,10.7889,0.06156,-0.11984,0.99088,0.9946,0.0,0.0,nan,0.0,0.01681,0.04851,27.41271,2.18167,0.235,0.54427,0.61981,0.68308,0.45836,0.61981
8.97635,50.91509,-11.56814,2e-05,0.05567,-0.99845,0.98452,0.0,0.0,nan,0.0,0.00805,0.02456,18.10992,1.80253,0.23555,0.56505,0.67212,0.64393,0.55478,0.67212
8.94369,51.02977,11.33987,0.07106,0.05097,0.99617,0.98559,0.0,0.0,nan,0.0,0.00673,0.02792,26.13583,2.08886,0.24432,0.6847,0.82236,0.49311,0.47873,0.82236
8.9935,53.0207,-11.3205,-0.05221,-0.03889,-0.99788,0.99626,0.0,0.0,nan,0.0,0.00586,0.0215,17.042,2.19932,0.24009,0.65519,0.55068,0.46473,0.45469,0.55068
9.00805,53.02299,10.54181,0.07272,0.23927,0.96823,0.98696,0.0,0.0,nan,0.0,0.00526,0.04086,38.1759,2.0561,0.23276,0.78007,0.91651,0.37171,0.48636,0.91651
9.05162,55.01694,-11.43864,-0.02674,0.15978,-0.98679,0.98687,0.0,0.0,nan,0.0,0.01585,0.06432,11.23446,3.34942,0.23513,0.79819,0.7541,0.36858,0.29856,0.7541
8.93492,55.65077,9.80665,0.1275,-0.13422,0.98272,0.87361,0.0,0.0,nan,0.0,0.01171,0.02902,37.66259,1.72244,0.24164,0.53791,0.53519,0.79021,0.58057,0.53519
8.99002,54.81478,10.22849,0.11006,0.02199,0.99368,0.95094,0.0,0.0,nan,0.0,0.01212,0.03051,38.9019,1.65047,0.23784,0.67231,0.64914,0.62128,0.60589,0.64914
8.9865,56.91473,-10.65987,0.04443,0.4127,-0.90978,0.9946,0.0,0.0,nan,0.0,0.00491,0.01896,15.55288,1.87054,0.23446,0.53936,0.35274,0.54194,0.5346,0.35274
8.35753,56.0929,9.90718,0.17302,-0.24094,0.95499,0.86069,0.0,0.0,nan,0.0,0.00897,0.02788,35.3888,1.74186,0.23591,0.45383,0.44782,0.74908,0.5741,0.44782
9.02505,57.0352,11.00476,0.12551,-0.40414,0.90605,0.99186,0.0,0.0,nan,0.0,0.00698,0.03556,28.01039,3.0656,0.22327,0.61851,0.78419,0.38195,0.3262,0.78419
8.79306,58.79033,-10.37563,0.09275,0.19599,-0.97621,0.99832,0.0,0.0,nan,0.0,0.00916,0.0195,21.91268,3.31029,0.24051,0.62107,0.60108,0.82518,0.30209,0.60108
9.2003,59.06112,-9.40122,0.08152,0.12953,-0.98822,0.93606,0.0,0.0,nan,0.0,0.00573,0.01518,22.06457,2.90493,0.24077,0.49888,0.35107,0.82494,0.34424,0.35107
8.99993,58.89969,11.82274,0.1114,-0.12176,0.98629,0.9619,0.0,0.0,nan,0.0,0.01451,0.06985,19.13937,1.63867,0.23948,0.72044,0.74234,0.31846,0.61025,0.74234
8.89771,61.04972,-10.30171,0.04408,-0.03773,-0.99832,0.99567,0.0,0.0,nan,0.0,0.00711,0.02236,24.1032,3.4412,0.2367,0.63652,0.57981,0.54083,0.2906,0.57981
9.38688,60.5565,-9.89522,0.03005,-0.0092,-0.99951,0.9989,0.0,0.0,nan,0.0,0.00634,0.01992,25.06565,3.4412,0.23626,0.59572,0.4414,0.57677,0.2906,0.4414
8.9933,61.09003,11.60341,0.07283,0.07704,0.99436,0.99812,0.0,0.0,nan,0.0,0.00445,0.02702,19.00938,1.86292,0.23345,0.74688,0.93217,0.58496,0.53679,0.93217
9.30831,62.75263,-10.15805,-0.01156,0.0645,-0.99785,0.97502,0.0,0.0,nan,0.0,0.01099,0.02549,15.14273,1.81711,0.23145,0.73033,0.3977,0.66829,0.55033,0.3977
8.79965,63.14376,-9.75708,-0.01084,0.10588,-0.99432,0.98833,0.0,0.0,nan,0.0,0.01023,0.0255,15.77031,2.66257,0.23252,0.77283,0.61874,0.5848,0.37558,0.61874
8.95377,63.04665,11.61152,0.04658,0.01069,0.99886,0.99724,0.0,0.0,nan,0.0,0.00842,0.02241,25.38813,2.35967,0.23722,0.68103,0.60857,0.59504,0.42379,0.60857
8.21534,64.08276,-10.01471,0.03176,0.10604,-0.99385,0.98236,0.0,0.0,nan,0.0,0.0074,0.0138,17.07199,3.35398,0.24729,0.65076,0.60705,0.92087,0.29815,0.60705
9.01405,64.96233,-9.44653,0.04231,0.07187,-0.99652,0.97443,0.0,0.0,nan,0.0,0.00589,0.01313,16.43837,1.70318,0.24312,0.69203,0.80197,0.87185,0.58714,0.80197
8.88508,65.11258,11.36329,0.04208,0.06071,0.99727,0.99597,0.0,0.0,nan,0.0,0.00638,0.02563,30.01015,2.05116,0.23569,0.68966,0.83438,0.52762,0.48753,0.83438
8.02348,66.53503,-10.00105,0.06667,-0.02261,-0.99752,0.9854,0.0,0.0,nan,0.0,0.00434,0.01334,12.37524,2.56338,0.24518,0.71185,0.66518,0.53125,0.39011,0.66518
9.03517,66.96637,-9.88226,0.08629,-0.01068,-0.99621,0.99509,0.0,0.0,nan,0.0,0.00519,0.01924,12.06509,3.39006,0.23712,0.77536,0.5198,0.4055,0.29498,0.5198
9.16255,66.98758,11.55207,0.11447,0.14347,0.98301,0.98853,0.0,0.0,nan,0.0,0.00912,0.02175,33.42947,1.86297,0.23668,0.62059,0.79478,0.83582,0.53678,0.79478
8.9569,69.04971,-9.51418,0.10176,0.19676,-0.97516,0.99793,0.01831,0.09157,0.6,1.0,0.00595,0.06181,4.26653,1.87411,0.22896,0.32638,0.73798,0.43301,0.53359,0.73798
9.4122,68.92297,11.08723,0.07271,0.2576,0.96351,0.98833,0.0,0.0,nan,0.0,0.00503,0.02476,27.24678,3.23699,0.24013,0.63518,0.88701,0.61149,0.30893,0.88701
9.00515,71.05943,-9.1041,0.08934,0.38858,-0.91707,0.99147,0.0,0.0,nan,0.0,0.00646,0.04278,8.00511,1.75862,0.23952,0.37312,0.82106,0.65439,0.56863,0.82106
9.10236,71.62123,9.6755,0.14343,0.59555,0.79041,0.9852,0.0,0.0,nan,0.0,0.00298,0.05904,16.77536,1.72109,0.24326,0.40628,0.87736,0.23477,0.58103,0.87736
8.92585,70.66602,10.49486,0.09923,0.42267,0.90083,0.97962,0.0,0.0,nan,0.0,0.0018,0.02263,23.30845,1.68873,0.24437,0.70057,0.96026,0.37585,0.59216,0.96026
8.95875,72.421,-8.38198,0.09598,0.60639,-0.78935,0.97502,0.0,0.0,nan,0.0,0.0094,0.0537,10.90061,1.72859,0.22056,0.24216,0.51985,0.85545,0.57851,0.51985
8.98537,73.42805,-7.16407,0.10437,0.84699,-0.52126,0.97297,0.0,0.0,nan,0.0,0.00887,0.04256,11.19809,1.7521,0.22885,0.2463,0.49023,0.99725,0.57074,0.49023
9.6358,73.95,-5.35871,0.10403,0.9696,-0.22147,0.99489,0.0,0.0,nan,0.0,0.00992,0.03505,11.86907,2.20475,0.22819,0.38291,0.59779,0.86361,0.45357,0.59779
8.78946,73.97023,5.55235,-0.01828,0.98991,0.14055,0.99665,0.0,0.0,nan,0.0,0.02144,0.07626,10.35129,1.63867,0.23566,0.37362,0.77977,0.99223,0.61025,0.77977
9.04812,73.78547,7.12694,0.07136,0.92749,0.36698,0.97796,0.0,0.0,nan,0.0,0.0187,0.08062,10.75377,1.85965,0.22393,0.38555,0.7885,0.81368,0.53774,0.7885
8.95846,72.73914,8.75143,0.14272,0.75227,0.64322,0.99117,0.0,0.0,nan,0.0,0.01449,0.06266,7.03221,2.13086,0.2289,0.4335,0.63103,0.68499,0.46929,0.63103
8.34324,74.01357,-6.13746,0.08908,0.94857,-0.30378,0.9851,0.0,0.0,nan,0.0,0.01277,0.04637,12.77255,1.7568,0.23013,0.35245,0.42641,0.90359,0.56922,0.42641
8.79697,74.12737,-4.85846,0.09516,0.98015,-0.17394,0.99656,0.00784,0.03918,0.6,1.0,0.01462,0.0593,11.74605,1.86123,0.24053,0.40902,0.55816,0.70543,0.53728,0.55816
9.03769,74.33308,-3.02391,0.07372,0.99228,-0.09975,0.99352,0.00229,0.01147,0.6,1.0,0.01298,0.05999,11.86031,1.85826,0.23746,0.2558,0.42225,0.98872,0.53814,0.42225
8.94272,74.39092,-0.97731,-0.02593,0.99941,0.02273,0.99822,0.00486,0.02428,0.6,1.0,0.02737,0.10891,11.6251,1.71479,0.22781,0.30232,0.32187,0.9742,0.58316,0.32187
9.00481,74.27399,1.02284,-0.07477,0.99579,0.05311,0.99714,0.0,0.0,nan,0.0,0.03363,0.14949,11.69473,1.69359,0.226,0.27386,0.51041,0.96206,0.59046,0.51041
8.94392,74.16705,3.00029,-0.0809,0.99551,0.04914,0.99744,0.00652,0.03261,0.6,1.0,0.03122,0.16377,9.58472,1.68578,0.23675,0.26627,0.79209,0.99987,0.5932,0.79209
9.11273,74.09627,4.62406,-0.05132,0.99519,0.0834,0.99851,0.01441,0.07203,0.6,1.0,0.03255,0.12376,9.76737,1.7746,0.23055,0.34939,0.77913,1.0,0.56351,0.77913
8.76684,74.00635,6.09469,0.00635,0.98077,0.19508,0.99381,0.0,0.0,nan,0.0,0.03407,0.0964,11.17202,2.00802,0.23023,0.43178,0.70392,0.96512,0.498,0.70392
11.46759,1.97203,-8.09328,-0.02548,-0.79059,-0.61182,0.84102,0.00013,0.00067,0.7,1.0,0.01557,0.08041,28.07911,1.80253,0.24742,0.64796,0.69133,0.32004,0.55478,0.69133
10.98977,1.5839,-7.05794,-0.04748,-0.9603,-0.2749,0.91404,0.00291,0.01454,0.7,1.0,0.0073,0.17573,13.7872,2.21083,0.23628,0.77637,0.98377,0.24323,0.45232,0.98377
10.93042,1.8705,-5.24823,0.00297,-0.99076,0.13558,0.99558,0.0,0.0,nan,0.0,0.01607,0.05273,11.0301,1.97186,0.22465,0.42187,0.50911,0.85355,0.50714,0.50911
11.01317,2.86191,-8.92007,-0.05833,-0.41518,-0.90787,0.88976,0.0,0.0,nan,0.0,0.00616,0.0344,29.02754,1.87591,0.23353,0.56757,0.87387,0.5584,0.53308,0.87387
10.13433,2.04287,-7.93401,-0.07316,-0.79921,-0.59658,0.8694,0.0,0.0,nan,0.0,0.00556,0.06411,31.56364,1.8907,0.23761,0.68659,0.90354,0.26399,0.5289,0.90354
11.11503,2.08939,-4.26811,0.0326,-0.98081,0.19223,0.9992,0.00461,0.02307,0.6,1.0,0.02887,0.08918,12.18156,2.01034,0.22119,0.3825,0.64092,0.98518,0.49743,0.64092
11.01637,2.33937,-3.00689,0.06,-0.99084,0.12101,0.9993,0.00072,0.00359,0.6,1.0,0.01746,0.06444,12.92898,1.70055,0.22613,0.46827,0.8407,0.94124,0.58804,0.8407
10.99185,2.31564,-0.92652,0.03926,-0.99863,0.03465,0.9993,0.0,0.0,nan,0.0,0.00649,0.02056,12.41794,2.00614,0.22578,0.36633,0.62374,1.0,0.49847,0.62374
11.08708,2.36341,0.97045,-0.00878,-0.99519,0.09756,0.99675,0.0,0.0,nan,0.0,0.00462,0.01705,11.33519,2.06616,0.23219,0.31897,0.37533,1.0,0.48399,0.37533
11.11013,2.84619,3.12515,0.01201,-0.97149,0.23679,0.99665,0.0,0.0,nan,0.0,0.0063,0.0259,17.21318,1.71438,0.24021,0.48943,0.50887,0.55457,0.5833,0.50887
11.08829,3.27826,5.018,0.02613,-0.99555,0.09058,0.99,0.0,0.0,nan,0.0,0.00947,0.03305,23.10206,1.80253,0.24306,0.52735,0.69806,0.59044,0.55478,0.69806
10.95829,3.50003,7.10018,0.02197,-0.99372,0.1097,0.98872,0.0,0.0,nan,0.0,0.00587,0.0263,28.9813,1.85744,0.2383,0.68222,0.85797,0.53448,0.53838,0.85797
10.98768,3.45063,8.5784,0.03632,-0.83175,0.55396,0.87831,0.0,0.0,nan,0.0,0.00742,0.04721,44.79363,1.99426,0.2408,0.694,0.92583,0.541,0.50144,0.92583
11.11833,4.86118,-8.54882,-0.00832,-0.1982,-0.98013,0.97943,0.0,0.0,nan,0.0,0.0111,0.02558,25.12886,2.54028,0.22957,0.55322,0.52958,0.847,0.39366,0.52958
11.00734,4.8965,9.75272,0.08642,-0.32222,0.94271,0.89544,0.0,0.0,nan,0.0,0.00414,0.03796,24.11101,2.20008,0.23931,0.64279,0.91967,0.40251,0.45453,0.91967
11.66141,7.46598,-10.19079,0.02759,-0.3525,-0.93541,0.97629,0.0,0.0,nan,0.0,0.01069,0.02795,29.67626,2.17432,0.23316,0.57761,0.55773,0.70699,0.45991,0.55773
10.85797,6.94385,-9.60438,-0.01409,-0.34636,-0.93799,0.99763,0.0,0.0,nan,0.0,0.0123,0.03207,29.30251,3.48273,0.25042,0.54373,0.63244,0.75323,0.28713,0.63244
11.03437,7.11974,9.59432,0.0278,0.33033,0.94345,0.96876,0.0,0.0,nan,0.0,0.01519,0.03127,23.88238,1.63867,0.24202,0.61451,0.38704,0.85661,0.61025,0.38704
10.99505,9.02881,-10.54506,-0.07973,-0.02481,-0.99651,0.9067,0.0,0.0,nan,0.0,0.00949,0.02595,23.03041,1.82195,0.23933,0.55689,0.40862,0.71368,0.54886,0.40862
10.93986,8.19575,-9.80118,-0.05821,-0.22691,-0.97217,0.9853,0.0,0.0,nan,0.0,0.0147,0.03326,26.77938,1.77841,0.23771,0.61698,0.44583,0.76986,0.5623,0.44583
10.37271,9.02921,7.91551,0.04963,0.05649,0.99717,0.88927,0.0,0.0,nan,0.0,0.01268,0.03101,31.96135,1.7304,0.23817,0.50587,0.44012,0.8588,0.5779,0.44012
11.05569,8.9794,8.36656,0.07032,0.14325,0.98718,0.95828,0.0,0.0,nan,0.0,0.01201,0.02741,30.73587,1.90397,0.23225,0.51779,0.402,0.90124,0.52522,0.402
11.08245,10.40966,-10.27757,-0.11577,0.34008,-0.93324,0.94233,0.0,0.0,nan,0.0,0.0091,0.04189,21.83787,1.95571,0.23111,0.59065,0.56367,0.4015,0.51132,0.56367
10.88292,11.42964,-9.29085,-0.15569,0.48487,-0.86062,0.9993,0.0,0.0,nan,0.0,0.01267,0.03859,16.62286,1.8544,0.24145,0.49916,0.72715,0.73715,0.53926,0.72715
11.0039,11.04581,8.65236,0.22605,-0.28928,0.93017,0.98138,0.0,0.0,nan,0.0,0.00718,0.01683,26.00128,2.03305,0.23596,0.51366,0.43588,0.89428,0.49187,0.43588
11.08887,12.99275,-8.35947,-0.19791,0.391,-0.89886,0.99244,0.0,0.0,nan,0.0,0.00725,0.02504,16.99447,2.3624,0.23627,0.34641,0.38956,0.93382,0.4233,0.38956
10.99723,12.93422,9.45159,0.29865,-0.16749,0.93955,0.98432,0.0,0.0,nan,0.0,0.00676,0.02203,25.52917,3.25583,0.24208,0.41837,0.30465,0.79098,0.30714,0.30465
10.29154,13.29605,10.17101,0.27463,-0.09644,0.9567,0.95828,0.0,0.0,nan,0.0,0.00658,0.02019,23.62877,1.8894,0.23711,0.43341,0.52017,0.81557,0.52927,0.52017
11.13065,14.21199,-8.03097,-0.19998,0.35254,-0.91418,0.99636,0.0,0.0,nan,0.0,0.01074,0.03464,15.3857,2.03232,0.23285,0.36883,0.42998,0.94981,0.49205,0.42998
10.93723,15.13248,-7.70357,-0.15066,0.35704,-0.92186,0.9993,0.0,0.0,nan,0.0,0.01174,0.03758,15.49566,2.07176,0.22723,0.39037,0.41716,0.90385,0.48268,0.41716
10.86353,14.99709,9.45444,0.32339,0.10129,0.94083,0.99734,0.0,0.0,nan,0.0,0.00988,0.02217,29.65683,2.36258,0.234,0.62069,0.77778,0.84136,0.42327,0.77778
10.24644,15.83257,10.0183,0.25545,0.16064,0.95338,0.96856,0.0,0.0,nan,0.0,0.01001,0.02455,29.00175,1.84469,0.23732,0.48512,0.43989,0.89833,0.5421,0.43989
11.03387,16.99102,-7.1283,-0.06503,0.25397,-0.96502,0.99597,0.0,0.0,nan,0.0,0.00969,0.02926,14.886,2.71054,0.2291,0.39067,0.60707,0.9612,0.36893,0.60707
10.81038,17.05888,8.99847,0.30108,0.05961,0.95173,0.98442,0.0,0.0,nan,0.0,0.01024,0.0223,34.64268,2.03149,0.23118,0.51396,0.36036,0.94439,0.49225,0.36036
10.18286,16.5177,10.01354,0.24488,0.12123,0.96194,0.97629,0.0,0.0,nan,0.0,0.00953,0.02385,35.45573,1.82286,0.23541,0.51329,0.41508,0.82263,0.54859,0.41508
10.9817,18.99087,-6.65053,-0.05278,0.02576,-0.99827,0.9899,0.0,0.0,nan,0.0,0.00522,0.02358,12.30655,1.87963,0.23904,0.29653,0.41932,0.86785,0.53202,0.41932
10.97683,18.91962,9.2386,0.25376,-0.25671,0.93258,0.98168,0.0,0.0,nan,0.0,0.00253,0.02928,42.04838,2.05564,0.23327,0.60881,0.92871,0.34677,0.48647,0.92871
10.16428,19.86886,10.13023,0.20448,-0.2792,0.93821,0.98579,0.0,0.0,nan,0.0,0.0026,0.04033,36.71899,2.60265,0.21477,0.68686,0.91664,0.21196,0.38422,0.91664
10.89165,20.96737,-7.1002,-0.11717,-0.15563,-0.98084,0.9993,0.0,0.0,nan,0.0,0.00793,0.02653,10.92674,1.91802,0.23107,0.37892,0.50164,0.933,0.52137,0.50164
11.2535,20.40367,9.78759,0.20326,-0.29467,0.93373,0.99695,0.0,0.0,nan,0.0,0.00705,0.02375,13.41194,1.63867,0.23841,0.55084,0.39772,0.61957,0.61025,0.39772
10.90874,21.11364,10.31033,0.19376,-0.14182,0.97074,0.97717,0.0,0.0,nan,0.0,0.00641,0.01738,13.1732,1.83154,0.23608,0.62762,0.43209,0.67664,0.54599,0.43209
11.0114,23.01217,-7.34084,-0.13881,-0.2216,-0.96521,0.99939,0.0,0.0,nan,0.0,0.00736,0.0261,10.62084,1.63867,0.239,0.34183,0.74697,0.98055,0.61025,0.74697
11.39052,23.79539,9.80711,0.38679,0.28085,0.87836,0.97825,0.0,0.0,nan,0.0,0.00575,0.03443,31.41947,2.16204,0.23827,0.63264,0.85023,0.41364,0.46253,0.85023
10.94384,22.88745,10.29039,0.24295,0.20219,0.94873,0.94076,0.0,0.0,nan,0.0,0.00835,0.06157,30.33675,2.04111,0.24167,0.73089,0.86749,0.31692,0.48993,0.86749
11.3178,25.55421,-8.12557,-0.09919,-0.2072,-0.97326,0.99744,0.0,0.0,nan,0.0,0.01547,0.05833,9.15914,1.72856,0.23231,0.32317,0.32961,1.0,0.57852,0.32961
10.78722,24.73383,-7.873,-0.14157,-0.23965,-0.96048,0.99969,0.0,0.0,nan,0.0,0.01594,0.04585,9.67748,1.81471,0.23567,0.42425,0.64359,0.9888,0.55105,0.64359
10.57625,25.10986,9.16838,0.37852,0.06189,0.92352,0.93567,0.0,0.0,nan,0.0,0.00832,0.03142,35.80387,1.86424,0.23342,0.61862,0.81264,0.56505,0.53641,0.81264
10.24586,24.50031,10.13689,0.28203,0.16032,0.94592,0.98001,0.0,0.0,nan,0.0,0.00386,0.03546,46.02533,1.86906,0.23398,0.78714,0.94408,0.38037,0.53503,0.94408
11.00083,27.01675,-8.28262,-0.07708,-0.14675,-0.98617,0.99851,0.0,0.0,nan,0.0,0.01434,0.05156,9.57636,1.90117,0.22623,0.3363,0.32213,1.0,0.52599,0.32213
10.2193,26.0536,-7.99419,-0.14119,-0.21069,-0.9673,0.9991,0.0,0.0,nan,0.0,0.01311,0.04575,9.24294,1.70048,0.23051,0.34871,0.54728,0.99987,0.58807,0.54728
11.15551,26.68553,9.46993,0.2971,-0.34099,0.89189,0.96142,0.0,0.0,nan,0.0,0.0081,0.03879,23.71816,3.60506,0.23876,0.57256,0.55671,0.39565,0.27739,0.55671
10.85283,27.57917,10.25547,0.2043,-0.34682,0.91541,0.97786,0.0,0.0,nan,0.0,0.00975,0.05239,31.12386,1.7151,0.24237,0.59969,0.5805,0.33015,0.58306,0.5805
10.94665,28.99712,-8.61058,0.01241,0.01233,-0.99985,0.99205,0.0,0.0,nan,0.0,0.01372,0.10588,13.36068,1.80253,0.23391,0.6535,0.87755,0.38529,0.55478,0.87755
10.99255,28.93953,10.55262,0.13524,-0.18718,0.97297,0.97287,0.0,0.0,nan,0.0,0.01057,0.04143,20.59494,2.06906,0.23439,0.6879,0.59775,0.40675,0.48331,0.59775
11.00194,30.95995,-8.33582,0.05191,0.12484,-0.99082,0.99939,0.0,0.0,nan,0.0,0.00535,0.06881,21.72394,3.15705,0.2312,0.46633,0.87383,0.30134,0.31675,0.87383
10.82174,31.75435,-7.86535,0.05509,0.07791,-0.99544,0.97316,0.0,0.0,nan,0.0,0.01363,0.09238,27.44134,1.96369,0.23848,0.55551,0.60279,0.28499,0.50925,0.60279
10.97961,31.01632,10.82116,-0.01631,0.02434,0.99957,0.9623,0.0,0.0,nan,0.0,0.02355,0.05561,20.28091,3.53261,0.23766,0.72528,0.33923,0.64153,0.28308,0.33923
11.69123,33.24137,-8.03455,-0.01775,-0.17828,-0.98382,0.94654,0.0,0.0,nan,0.0,0.00783,0.13197,31.56851,1.84971,0.23015,0.73918,0.96951,0.28688,0.54063,0.96951
10.83625,32.95397,-7.84334,0.07297,-0.14651,-0.98651,0.90689,0.0,0.0,nan,0.0,0.01527,0.09003,31.38396,1.90827,0.24443,0.56031,0.80636,0.39276,0.52403,0.80636
11.00934,33.09259,10.61132,0.01411,0.05668,0.99829,0.98941,0.0,0.0,nan,0.0,0.01227,0.04321,30.36922,1.80253,0.23816,0.449,0.38397,0.67436,0.55478,0.38397
10.50596,35.39924,-10.54938,0.29837,-0.65568,-0.69358,0.92216,0.0,0.0,nan,0.0,0.01117,0.03116,40.07766,2.24152,0.23809,0.46708,0.47508,0.80613,0.44613,0.47508
10.86033,35.33274,-8.67712,0.30327,-0.60512,-0.73611,0.92667,0.0,0.0,nan,0.0,0.00739,0.03172,35.15003,1.89346,0.24272,0.47152,0.55879,0.52213,0.52813,0.55879
10.52466,34.20578,-7.97163,0.21601,-0.43725,-0.87302,0.87263,0.0,0.0,nan,0.0,0.01004,0.04128,38.65238,2.5176,0.23191,0.57162,0.81871,0.5736,0.3972,0.81871
11.58831,35.3246,9.92002,0.17337,-0.04301,0.98392,0.96318,0.0,0.0,nan,0.0,0.01668,0.04058,31.89318,1.72274,0.2394,0.5276,0.56676,0.8281,0.58047,0.56676
10.86035,34.82719,10.1486,0.15608,-0.08059,0.98445,0.96318,0.0,0.0,nan,0.0,0.01384,0.03509,32.70719,1.71521,0.24296,0.46952,0.46478,0.89136,0.58302,0.46478
11.02686,36.92045,-10.94504,0.34376,-0.54429,-0.76523,0.96788,0.0,0.0,nan,0.0,0.0103,0.03365,31.13256,1.88186,0.23139,0.55447,0.55283,0.58762,0.53139,0.55283
11.6558,36.43997,-9.37128,0.36199,-0.59427,-0.7182,0.94027,0.0,0.0,nan,0.0,0.00685,0.02726,34.22879,1.83944,0.24524,0.49456,0.68887,0.53792,0.54364,0.68887
11.95261,37.83778,9.96475,0.23566,0.16169,0.95829,0.99548,0.0,0.0,nan,0.0,0.01069,0.02432,21.31707,1.93152,0.22756,0.58929,0.65973,0.81582,0.51773,0.65973
11.15418,37.04277,11.02655,0.26042,0.01528,0.96537,0.97257,0.0,0.0,nan,0.0,0.00795,0.02472,27.31822,2.69256,0.24232,0.56283,0.53213,0.6131,0.37139,0.53213
10.38195,39.53526,-12.13709,0.09973,-0.00165,-0.99501,0.94703,0.0,0.0,nan,0.0,0.01836,0.04923,25.59586,1.82909,0.23944,0.69337,0.73648,0.58004,0.54672,0.73648
11.11899,38.85575,-11.66801,0.20874,-0.23232,-0.94998,0.916,0.0,0.0,nan,0.0,0.03478,0.15219,29.73814,1.88787,0.21847,0.79321,0.56665,0.30749,0.5297,0.56665
11.75455,39.22915,9.68972,0.25995,0.20716,0.94314,0.96034,0.0,0.0,nan,0.0,0.00694,0.07441,34.90112,1.93489,0.22804,0.69823,0.8765,0.23712,0.51683,0.8765
11.00214,38.9846,10.65385,0.26041,0.2101,0.94236,0.9899,0.0,0.0,nan,0.0,0.01081,0.06389,29.20736,3.1654,0.23697,0.76371,0.83497,0.32508,0.31592,0.83497
10.42546,40.24199,-12.06993,0.09912,0.13335,-0.9861,0.96572,0.0,0.0,nan,0.0,0.01545,0.04107,24.65318,1.80253,0.24875,0.64736,0.65607,0.62811,0.55478,0.65607
11.07999,41.22822,-11.46303,0.1107,0.19899,-0.97373,0.99773,0.0,0.0,nan,0.0,0.00942,0.02456,23.3308,1.69254,0.23196,0.50597,0.34793,0.82262,0.59083,0.34793
11.36291,40.97652,9.52879,0.24964,-0.19636,0.94822,0.90993,0.0,0.0,nan,0.0,0.00727,0.01916,32.40974,2.33442,0.23897,0.49902,0.58022,0.80658,0.42837,0.58022
10.84415,41.32036,10.29461,0.26492,-0.3187,0.91008,0.97717,0.0,0.0,nan,0.0,0.0067,0.01782,27.67921,1.71687,0.24158,0.49768,0.53805,0.81012,0.58246,0.53805
11.08418,43.05674,-11.30326,0.15454,0.15155,-0.97629,0.99352,0.0,0.0,nan,0.0,0.01016,0.021,27.82688,1.73861,0.23414,0.51873,0.37524,1.0,0.57517,0.37524
11.09439,43.00419,11.36691,0.2186,-0.3062,0.92653,0.91844,0.0,0.0,nan,0.0,0.01852,0.04843,24.86608,2.61449,0.23438,0.62188,0.58607,0.66423,0.38248,0.58607
11.00108,45.04348,-11.11308,0.08631,-0.10221,-0.99101,0.99597,0.0,0.0,nan,0.0,0.01331,0.03544,37.1987,3.35156,0.24424,0.65506,0.73311,0.60412,0.29837,0.73311
11.03002,45.19904,11.38965,0.20057,0.17151,0.96455,0.98099,0.0,0.0,nan,0.0,0.0128,0.03682,27.83535,1.89237,0.24102,0.56641,0.78917,0.75227,0.52844,0.78917
10.95544,46.91003,-11.7322,-0.01263,-0.134,-0.9909,0.97267,0.0,0.0,nan,0.0,0.00666,0.03364,25.97132,1.90645,0.23463,0.60556,0.63044,0.35189,0.52454,0.63044
11.81562,47.93758,9.96136,0.22615,0.03263,0.97355,0.95231,0.0,0.0,nan,0.0,0.01611,0.04328,36.93274,1.97161,0.23056,0.50917,0.49135,0.77058,0.5072,0.49135
11.03897,47.07217,10.83293,0.17253,0.18176,0.96809,0.99254,0.0,0.0,nan,0.0,0.01619,0.04859,40.99515,1.65148,0.24974,0.45562,0.64795,0.76679,0.60552,0.64795
11.08663,49.02018,-11.45843,0.10277,0.13861,-0.985,0.99039,0.0,0.0,nan,0.0,0.01159,0.03261,21.63758,1.63867,0.24097,0.52261,0.3285,0.74286,0.61025,0.3285
11.66732,48.73656,9.78457,0.23557,-0.10122,0.96657,0.92696,0.0,0.0,nan,0.0,0.00824,0.03559,32.39151,1.86019,0.23402,0.52218,0.8414,0.66559,0.53758,0.8414
11.0498,48.99444,10.74501,0.18055,-0.12769,0.97524,0.9992,0.0,0.0,nan,0.0,0.00874,0.0367,33.28836,1.6931,0.23963,0.54829,0.80873,0.56675,0.59063,0.80873
11.1114,50.99905,-11.13682,0.19205,0.01163,-0.98132,0.9944,0.0,0.0,nan,0.0,0.01337,0.02807,23.5902,1.80253,0.23426,0.52971,0.34573,0.97551,0.55478,0.34573
10.87764,50.92104,11.05543,0.11427,-0.04149,0.99258,0.97512,0.0,0.0,nan,0.0,0.0026,0.04612,39.54139,2.05923,0.22995,0.68943,0.96745,0.28277,0.48562,0.96745
11.05452,52.9264,-11.33263,0.14063,-0.11766,-0.98305,0.99724,0.0,0.0,nan,0.0,0.00542,0.02278,19.23051,1.69241,0.23326,0.48436,0.50543,0.54212,0.59087,0.50543
10.97886,52.99125,10.75767,0.03963,0.21627,0.97553,0.99558,0.0,0.0,nan,0.0,0.0022,0.02768,34.16528,2.0109,0.22806,0.75331,0.93251,0.26807,0.49729,0.93251
11.02276,55.11029,-11.54506,0.05903,0.1839,-0.98117,0.96778,0.0,0.0,nan,0.0,0.00517,0.03248,15.19805,1.87133,0.23432,0.42784,0.46308,0.42117,0.53438,0.46308
10.93984,55.41541,9.6757,0.00982,-0.01984,0.99975,0.88918,0.0,0.0,nan,0.0,0.01237,0.03109,32.46846,1.73511,0.2382,0.54941,0.72957,0.769,0.57633,0.72957
11.01526,54.67326,10.16366,0.00933,0.09951,0.99499,0.96856,0.0,0.0,nan,0.0,0.01044,0.03245,39.66558,1.99053,0.23477,0.63894,0.58077,0.5287,0.50238,0.58077
10.97494,56.90701,-10.50767,0.03487,0.40193,-0.91501,0.99293,0.0,0.0,nan,0.0,0.00409,0.01661,20.13999,1.84907,0.2308,0.37466,0.47706,0.72342,0.54081,0.47706
11.16485,57.82923,-9.95924,-0.00659,0.3255,-0.94552,0.98363,0.0,0.0,nan,0.0,0.00964,0.02453,23.68346,1.7894,0.22748,0.46192,0.49969,0.92238,0.55885,0.49969
10.31678,56.0455,9.88969,0.0065,-0.225,0.97434,0.89926,0.0,0.0,nan,0.0,0.00821,0.03292,26.93551,1.84071,0.2328,0.41538,0.47005,0.64493,0.54327,0.47005
10.97842,56.86695,10.8972,0.06647,-0.34841,0.93498,0.98892,0.0,0.0,nan,0.0,0.00391,0.02699,22.25959,2.20289,0.23511,0.44818,0.42493,0.35267,0.45395,0.42493
11.55559,58.78397,-10.23145,-0.0485,0.18802,-0.98097,0.99812,0.0,0.0,nan,0.0,0.00761,0.0198,27.29104,1.86281,0.23176,0.45619,0.40543,0.90473,0.53682,0.40543
10.81039,58.99274,-9.51305,-0.01059,0.14986,-0.98865,0.94663,0.0,0.0,nan,0.0,0.00654,0.01682,26.57728,2.21826,0.2314,0.49031,0.41092,0.85193,0.4508,0.41092
10.99954,58.95198,11.5286,0.11902,-0.11171,0.98659,0.98501,0.0,0.0,nan,0.0,0.00884,0.09842,14.21824,1.84526,0.23964,0.82435,0.91101,0.25648,0.54193,0.91101
10.50519,61.44159,-10.01115,-0.03701,-0.0875,-0.99548,0.9901,0.0,0.0,nan,0.0,0.01379,0.03864,19.10543,2.36975,0.2334,0.64144,0.60147,0.61448,0.42199,0.60147
11.14509,60.92568,-9.56331,-0.04217,-0.09906,-0.99419,0.98236,0.0,0.0,nan,0.0,0.01303,0.04527,23.71135,3.23462,0.23831,0.62574,0.64882,0.49875,0.30916,0.64882
11.02497,61.09436,11.41687,0.11162,0.04452,0.99275,0.99783,0.0,0.0,nan,0.0,0.00443,0.02563,17.58553,2.2425,0.23454,0.74149,0.91106,0.53536,0.44593,0.91106
11.02103,62.87796,-10.25345,0.02027,0.11909,-0.99268,0.96455,0.0,0.0,nan,0.0,0.00934,0.03594,18.4233,1.80253,0.2386,0.69702,0.48162,0.41329,0.55478,0.48162
11.1194,63.82307,-9.98265,0.04824,0.17156,-0.98399,0.976,0.0,0.0,nan,0.0,0.00914,0.02311,20.86899,3.52635,0.24654,0.73106,0.72268,0.59246,0.28358,0.72268
11.03454,63.0265,11.44397,0.08619,-0.01451,0.99617,0.99597,0.0,0.0,nan,0.0,0.01096,0.02717,19.12782,3.5178,0.243,0.73219,0.6472,0.60885,0.28427,0.6472
10.94105,64.99311,-9.2505,0.06804,0.133,-0.98878,0.96719,0.0,0.0,nan,0.0,0.00622,0.02903,20.05413,1.71915,0.24774,0.79156,0.94159,0.76915,0.58168,0.94159
10.96218,65.02856,11.36121,0.09164,0.09826,0.99093,0.99812,0.0,0.0,nan,0.0,0.00426,0.02297,27.30925,2.07532,0.22799,0.69856,0.84868,0.41665,0.48185,0.84868
10.96871,67.02306,-9.66535,0.10332,0.01766,-0.99449,0.98716,0.0,0.0,nan,0.0,0.00461,0.02656,13.40802,2.05435,0.24166,0.77398,0.82451,0.33823,0.48677,0.82451
11.00401,66.97749,11.12971,0.14396,0.17098,0.9747,0.99802,0.0,0.0,nan,0.0,0.00762,0.02205,31.8406,2.1621,0.23008,0.52695,0.78891,0.79608,0.46251,0.78891
11.00035,69.00149,-9.25512,0.12034,0.19124,-0.97414,0.99714,0.0,0.0,nan,0.0,0.00943,0.04383,4.32184,1.73549,0.22949,0.44866,0.40099,0.7012,0.57621,0.40099
11.03838,68.89412,10.68651,0.22266,0.25589,0.94071,0.99333,0.0,0.0,nan,0.0,0.00631,0.02026,25.05514,1.70193,0.23614,0.44815,0.67203,0.75097,0.58757,0.67203
10.97866,71.05662,-8.88516,0.12023,0.38689,-0.91425,0.9854,0.0,0.0,nan,0.0,0.01387,0.0587,7.83284,1.90167,0.23823,0.48949,0.73954,0.60602,0.52585,0.73954
11.10843,71.4388,9.47321,0.18958,0.61273,0.76721,0.98677,0.0,0.0,nan,0.0,0.01009,0.07637,15.61293,1.86782,0.23886,0.37987,0.64544,0.39252,0.53538,0.64544
10.93224,70.52078,10.40139,0.18837,0.44163,0.8772,0.98021,0.0,0.0,nan,0.0,0.00754,0.0354,23.52507,1.80253,0.23826,0.59404,0.78591,0.43964,0.55478,0.78591
10.90553,72.32955,-8.26494,0.10291,0.61838,-0.77911,0.96895,0.0,0.0,nan,0.0,0.00885,0.04938,10.40266,1.72003,0.22032,0.2814,0.74707,0.75898,0.58139,0.74707
11.0037,73.22756,-7.05616,0.08025,0.85486,-0.51262,0.97179,0.0,0.0,nan,0.0,0.00935,0.04052,12.47618,1.70143,0.23187,0.30359,0.73396,0.88217,0.58774,0.73396
11.07679,73.74353,-5.01451,0.07101,0.97954,-0.18832,0.99597,0.0,0.0,nan,0.0,0.00787,0.02963,11.97214,1.95388,0.23176,0.37028,0.37912,0.83698,0.5118,0.37912
11.24406,73.7555,-3.54276,0.08046,0.98727,-0.13718,0.99695,0.0,0.0,nan,0.0,0.0126,0.03635,10.97903,1.85546,0.23321,0.44692,0.75184,0.92202,0.53895,0.75184
10.90451,73.99626,5.94182,0.04863,0.95755,0.28413,0.99127,0.0,0.0,nan,0.0,0.01581,0.06165,8.92929,1.90614,0.2276,0.36085,0.79062,1.0,0.52462,0.79062
11.05747,73.53724,7.12741,0.12526,0.86759,0.48125,0.98334,0.0,0.0,nan,0.0,0.01074,0.07851,11.08572,2.05471,0.2137,0.27842,0.84582,0.83626,0.48669,0.84582
10.95081,72.52134,8.52644,0.18404,0.73073,0.65739,0.99783,0.0,0.0,nan,0.0,0.00993,0.06659,9.91767,1.90414,0.21648,0.3059,0.72289,0.58598,0.52517,0.72289
10.86075,74.23341,-2.66299,0.08127,0.9875,-0.13504,0.99881,0.0,0.0,nan,0.0,0.01017,0.03602,10.89196,2.52648,0.22968,0.34513,0.52713,0.9688,0.39581,0.52713
11.03953,74.41863,-0.96984,0.05078,0.9971,-0.05673,0.99665,0.01804,0.09022,0.7,1.0,0.01541,0.07615,12.16625,1.72848,0.2281,0.23567,0.32149,1.0,0.57854,0.32149
11.0357,74.31107,0.96713,0.00487,0.99955,0.02955,0.9992,0.0264,0.13201,0.7,1.0,0.03116,0.16505,12.16444,1.72083,0.21909,0.22013,0.46306,0.99858,0.58112,0.46306
10.99072,74.3235,3.00526,-0.01445,0.99853,0.05228,0.99812,0.04314,0.04314,0.6,0.51984,0.022,0.1563,10.30329,1.72062,0.2205,0.18015,0.48231,0.93316,0.58119,0.48231
11.00248,74.18987,4.92742,0.00701,0.98608,0.16614,0.99352,0.0,0.0,nan,0.0,0.01881,0.08129,9.30593,1.88468,0.22719,0.29926,0.5915,0.93921,0.53059,0.5915
12.42647,1.94137,-8.07849,0.03583,-0.79482,-0.60578,0.8512,0.0,0.0,nan,0.0,0.01249,0.06776,27.40753,1.7613,0.24393,0.63207,0.59665,0.31296,0.56776,0.59665
12.96019,1.67337,-7.02053,0.04817,-0.96152,-0.27048,0.92089,0.00202,0.01011,0.7,1.0,0.01284,0.15666,16.17019,1.85434,0.22692,0.48843,0.62345,0.18849,0.53928,0.62345
12.97679,1.82534,-5.35569,0.01775,-0.98829,0.15154,0.9944,0.0,0.0,nan,0.0,0.02354,0.06792,10.68711,1.86159,0.23052,0.41141,0.70442,1.0,0.53718,0.70442
13.81596,1.96045,1.20783,-0.04597,-0.99773,0.04916,0.97003,0.0,0.0,nan,0.0,0.00879,0.02275,14.3123,1.87741,0.23764,0.45148,0.46585,0.97569,0.53265,0.46585
13.08642,2.87065,-8.97977,0.09581,-0.4258,-0.89973,0.85472,0.0,0.0,nan,0.0,0.00822,0.03607,19.49693,2.69489,0.23766,0.36778,0.45205,0.68352,0.37107,0.45205
13.71364,2.04016,-7.91284,0.1061,-0.79572,-0.5963,0.879,0.0,0.0,nan,0.0,0.00967,0.057,30.3414,1.63867,0.24866,0.58312,0.76136,0.32174,0.61025,0.76136
13.03827,2.15312,-4.39351,0.01681,-0.97375,0.22699,0.99881,0.0,0.0,nan,0.0,0.02351,0.07414,10.68812,1.82191,0.23255,0.40207,0.76972,0.99923,0.54887,0.76972
12.97645,2.52732,-3.00713,0.03547,-0.98899,0.14366,0.99744,0.0,0.0,nan,0.0,0.01628,0.05647,10.38168,1.88847,0.22341,0.34738,0.68079,0.98967,0.52953,0.68079
12.98239,2.41062,-1.04667,0.00214,-0.9994,-0.03452,0.99939,0.00359,0.01795,0.6,1.0,0.00834,0.02785,11.19631,2.23168,0.2296,0.353,0.53581,1.0,0.44809,0.53581
12.93552,2.16277,0.96874,-0.07154,-0.99623,0.04915,0.98549,0.0,0.0,nan,0.0,0.00665,0.01947,12.82433,3.35642,0.24156,0.39693,0.59677,0.99554,0.29794,0.59677
12.97968,2.79844,3.08743,-0.13378,-0.96027,0.24492,0.999,0.0,0.0,nan,0.0,0.00873,0.02698,19.20348,2.11888,0.23654,0.46083,0.26557,0.77507,0.47195,0.26557
13.01804,3.39274,4.94963,-0.20372,-0.97665,0.06822,0.96024,0.0,0.0,nan,0.0,0.00584,0.02077,18.90673,1.80253,0.24301,0.39901,0.70694,0.77892,0.55478,0.70694
13.00963,3.08048,7.09268,-0.1435,-0.97854,0.14787,0.96533,0.0,0.0,nan,0.0,0.00881,0.03644,36.18586,3.50818,0.2405,0.7659,0.88595,0.58993,0.28505,0.88595
13.00765,3.41562,8.57047,-0.0038,-0.77856,0.62755,0.85815,0.0,0.0,nan,0.0,0.00505,0.04172,43.66203,1.84798,0.25535,0.65664,0.90584,0.38428,0.54113,0.90584
13.09925,4.99672,-9.10673,0.07421,-0.18895,-0.97918,0.99714,0.0,0.0,nan,0.0,0.01158,0.026,25.89609,2.54125,0.23458,0.57694,0.57234,0.83151,0.39351,0.57234
12.99394,4.95498,9.5922,0.1365,-0.21824,0.9663,0.92813,0.0,0.0,nan,0.0,0.01246,0.04477,22.44736,1.87103,0.23793,0.72636,0.80777,0.51201,0.53447,0.80777
12.57781,7.45192,-10.33181,0.06075,-0.35545,-0.93272,0.97189,0.0,0.0,nan,0.0,0.01113,0.02725,31.52612,1.73001,0.23728,0.54393,0.6472,0.79832,0.57803,0.6472
13.24718,6.7956,-9.44566,0.0523,-0.34105,-0.93859,0.99567,0.0,0.0,nan,0.0,0.009,0.02245,29.34249,1.95491,0.22908,0.54845,0.72392,0.78068,0.51153,0.72392
12.97473,7.02828,9.19799,0.13255,0.27664,0.95179,0.99049,0.0,0.0,nan,0.0,0.01394,0.03355,24.13555,1.80253,0.23266,0.57931,0.5724,0.77661,0.55478,0.5724
12.98763,8.99096,-10.53337,0.07936,-0.09221,-0.99257,0.93978,0.0,0.0,nan,0.0,0.00684,0.02484,24.53124,2.03893,0.23591,0.49414,0.68897,0.60278,0.49045,0.68897
13.67214,8.21682,-9.84863,0.10202,-0.26209,-0.95964,0.99411,0.0,0.0,nan,0.0,0.00887,0.03001,26.09489,1.93193,0.23294,0.49704,0.66514,0.63995,0.51762,0.66514
12.74367,8.88874,7.96996,0.11031,0.20435,0.97266,0.93959,0.0,0.0,nan,0.0,0.01474,0.03895,32.24454,2.05608,0.23574,0.54836,0.363,0.73293,0.48636,0.363
13.04665,9.11026,8.11809,0.12032,0.15408,0.9807,0.95681,0.0,0.0,nan,0.0,0.0138,0.0422,39.54373,1.88136,0.23228,0.5734,0.65081,0.59915,0.53153,0.65081
12.91026,10.40631,-10.22675,-0.00421,0.20918,-0.97787,0.96337,0.0,0.0,nan,0.0,0.01404,0.03808,20.46042,2.19844,0.2314,0.50014,0.40903,0.8096,0.45487,0.40903
13.06229,11.45123,-9.70007,-0.12185,0.31434,-0.94146,0.99597,0.0,0.0,nan,0.0,0.01544,0.04846,20.12824,1.72382,0.24225,0.43717,0.30383,0.80098,0.58011,0.30383
12.85866,11.16772,7.80534,0.11298,-0.20865,0.97144,0.93841,0.0,0.0,nan,0.0,0.00965,0.02308,24.40088,1.71525,0.23547,0.59149,0.60352,0.76493,0.58301,0.60352
13.03006,11.60996,8.27911,0.12815,-0.2044,0.97046,0.99205,0.0,0.0,nan,0.0,0.00874,0.0239,22.41896,1.71929,0.24539,0.65368,0.50421,0.60933,0.58164,0.50421
12.9594,12.99981,-9.1955,-0.32459,0.30259,-0.89615,0.99244,0.0,0.0,nan,0.0,0.0107,0.03149,18.26467,1.87105,0.2291,0.37702,0.55577,1.0,0.53446,0.55577
13.04963,13.00744,9.35162,0.20611,-0.11272,0.97201,0.97502,0.0,0.0,nan,0.0,0.00835,0.02243,32.57727,1.63867,0.2349,0.62793,0.66966,0.6293,0.61025,0.66966
13.24728,14.87228,-8.68715,-0.44155,0.35458,-0.8242,0.99577,0.0,0.0,nan,0.0,0.02065,0.05141,21.24949,1.81614,0.22968,0.50804,0.76885,0.92034,0.55062,0.76885
12.59524,15.30581,-7.68579,-0.32637,0.41471,-0.84941,0.97052,0.0,0.0,nan,0.0,0.00921,0.05015,23.02214,1.98095,0.23431,0.53203,0.84474,0.53833,0.50481,0.84474
12.91216,14.97037,7.94618,0.22391,0.17884,0.95806,0.93538,0.0,0.0,nan,0.0,0.00454,0.03154,38.56115,2.03526,0.22849,0.73824,0.96035,0.62757,0.49134,0.96035
12.66744,15.07731,8.6709,0.25581,0.16896,0.95185,0.99381,0.0,0.0,nan,0.0,0.00761,0.02881,36.36769,2.0007,0.23849,0.70916,0.89493,0.73281,0.49983,0.89493
13.77532,16.32146,-8.31114,-0.51285,0.41038,-0.75404,0.99176,0.0,0.0,nan,0.0,0.01457,0.03097,22.97986,1.74387,0.23516,0.58067,0.65488,0.88097,0.57344,0.65488
13.02211,17.05479,-7.24509,-0.32403,0.34537,-0.88075,0.96122,0.0,0.0,nan,0.0,0.00287,0.04051,33.60978,2.16337,0.23658,0.74699,0.9602,0.30658,0.46224,0.9602
13.18519,17.68952,7.96174,0.27014,-0.09404,0.95822,0.94282,0.0,0.0,nan,0.0,0.01315,0.03302,34.0441,1.85094,0.23551,0.49245,0.52674,0.85627,0.54027,0.52674
12.96133,17.00655,8.48075,0.27229,-0.00214,0.96221,0.98461,0.0,0.0,nan,0.0,0.01205,0.02363,39.02267,1.94365,0.23899,0.59551,0.71124,0.90042,0.5145,0.71124
12.99864,18.99848,-6.92859,-0.22172,0.05557,-0.97353,0.95907,0.0,0.0,nan,0.0,0.00951,0.0747,26.21638,1.67516,0.25037,0.5982,0.71943,0.22899,0.59696,0.71943
13.01797,18.91583,8.97012,0.238,-0.27621,0.93116,0.99401,0.0,0.0,nan,0.0,0.00551,0.02734,26.17292,1.88924,0.23245,0.3696,0.39789,0.58671,0.52931,0.39789
13.00654,20.98558,-7.17239,-0.12009,-0.15634,-0.98038,0.99567,0.0,0.0,nan,0.0,0.00475,0.08958,13.46369,1.91565,0.22667,0.67208,0.96222,0.28263,0.52202,0.96222
12.99947,20.97186,9.65016,0.34132,-0.07697,0.93679,0.95535,0.0,0.0,nan,0.0,0.00976,0.05025,15.92281,1.84431,0.23944,0.73849,0.71894,0.29597,0.54221,0.71894
12.06213,21.74397,10.02558,0.31471,0.04754,0.948,0.93812,0.0,0.0,nan,0.0,0.01204,0.0614,13.01553,1.89735,0.22762,0.60566,0.78446,0.41989,0.52705,0.78446
12.96838,22.9883,-7.60535,-0.04081,-0.20392,-0.97814,0.99969,0.0,0.0,nan,0.0,0.00874,0.03738,11.10276,1.63867,0.23173,0.32645,0.4554,0.84557,0.61025,0.4554
13.24744,23.71244,7.85709,0.27362,0.31401,0.90914,0.86148,0.0,0.0,nan,0.0,0.00659,0.02979,40.9149,2.19355,0.24019,0.63434,0.74651,0.36592,0.45588,0.74651
13.16401,23.18682,9.34821,0.36371,0.34475,0.86537,0.98089,0.0,0.0,nan,0.0,0.00581,0.03237,24.88846,3.37037,0.2381,0.57741,0.40594,0.33558,0.2967,0.40594
12.07172,22.3058,10.04641,0.35106,0.17578,0.9197,0.93107,0.0,0.0,nan,0.0,0.00841,0.04494,22.1938,1.80253,0.24037,0.68882,0.8128,0.37084,0.55478,0.8128
12.85788,25.40381,-8.13262,0.00681,-0.17618,-0.98433,0.9992,0.0,0.0,nan,0.0,0.02303,0.06899,9.34406,1.85815,0.23068,0.40528,0.43267,1.0,0.53817,0.43267
13.14164,24.44246,-7.88582,0.00056,-0.19873,-0.98005,0.99949,0.0,0.0,nan,0.0,0.01428,0.05454,9.91963,1.75292,0.23148,0.31463,0.58622,1.0,0.57048,0.58622
13.33041,24.87588,7.60203,0.19132,0.038,0.98079,0.79863,0.0,0.0,nan,0.0,0.00764,0.04615,60.90149,2.21928,0.24034,0.74506,0.86335,0.35992,0.4506,0.86335
12.62654,25.22659,8.25791,0.34063,-0.0417,0.93927,0.88379,0.0,0.0,nan,0.0,0.01127,0.04097,54.18026,2.04692,0.23257,0.76511,0.76799,0.39561,0.48854,0.76799
13.02804,27.01847,-8.4675,0.02492,-0.08378,-0.99617,0.99685,0.0,0.0,nan,0.0,0.01642,0.04958,9.66651,1.87331,0.23355,0.40009,0.60188,0.99897,0.53381,0.60188
13.94918,26.05542,7.86331,0.15682,-0.2499,0.95549,0.88193,0.0,0.0,nan,0.0,0.01635,0.06819,32.29967,2.21694,0.23249,0.64594,0.67045,0.39412,0.45107,0.67045
13.12201,26.88752,9.12368,0.30171,-0.43147,0.85018,0.98393,0.0,0.0,nan,0.0,0.0151,0.0568,23.00697,1.84147,0.24157,0.59428,0.45085,0.48628,0.54305,0.45085
12.18286,27.88816,10.0386,0.28781,-0.35973,0.88756,0.97453,0.0,0.0,nan,0.0,0.00563,0.04436,18.6292,2.19342,0.23493,0.39333,0.38049,0.35732,0.45591,0.38049
13.00884,29.03118,-8.29939,0.04277,0.04102,-0.99824,0.99969,0.0,0.0,nan,0.0,0.01493,0.04303,10.82498,1.80253,0.22674,0.41873,0.41945,0.98184,0.55478,0.41945
13.02261,29.94157,-7.99236,0.0177,0.06299,-0.99786,0.99205,0.0,0.0,nan,0.0,0.01243,0.03441,10.45308,1.88924,0.23721,0.43591,0.488,0.98686,0.52931,0.488
13.61987,29.14174,9.80563,0.37744,-0.19834,0.90454,0.99284,0.0,0.0,nan,0.0,0.00427,0.02112,23.97846,2.55923,0.23642,0.63019,0.86925,0.56231,0.39074,0.86925
12.72686,29.06564,10.54283,0.34285,-0.20396,0.91698,0.95407,0.0,0.0,nan,0.0,0.00644,0.0289,19.82139,2.86524,0.24458,0.62537,0.70856,0.39206,0.34901,0.70856
12.98026,30.93073,-8.06453,-0.03942,0.03248,-0.99869,0.99323,0.0,0.0,nan,0.0,0.00979,0.0356,11.06974,1.72384,0.23966,0.33597,0.47664,0.96675,0.5801,0.47664
13.47623,31.35433,-7.99705,-0.10522,-0.0335,-0.99388,0.98618,0.0,0.0,nan,0.0,0.00839,0.02975,10.50693,1.71018,0.23246,0.33952,0.70649,0.98886,0.58473,0.70649
13.49257,30.81349,9.47343,0.43897,-0.07662,0.89523,0.98226,0.0,0.0,nan,0.0,0.00749,0.02342,29.2487,2.05771,0.23872,0.50754,0.68822,0.67299,0.48598,0.68822
12.95007,31.01548,10.68536,0.3459,-0.06652,0.93591,0.95711,0.0,0.0,nan,0.0,0.01067,0.03112,32.87683,2.00925,0.2362,0.63865,0.78501,0.64136,0.4977,0.78501
13.12086,33.24114,-8.13363,-0.19237,-0.15526,-0.96896,0.99284,0.0,0.0,nan,0.0,0.00932,0.03153,10.49367,1.63867,0.25338,0.35202,0.50575,1.0,0.61025,0.50575
12.95573,32.54614,-7.9344,-0.14887,-0.09279,-0.98449,0.98471,0.0,0.0,nan,0.0,0.01173,0.03831,11.01309,2.55572,0.24255,0.38146,0.49865,0.94847,0.39128,0.49865
13.91695,33.34188,9.74199,0.35175,-0.01041,0.93603,0.99381,0.0,0.0,nan,0.0,0.0131,0.03465,38.76407,1.71571,0.23791,0.56165,0.79527,0.82797,0.58285,0.79527
13.03933,33.05088,10.6739,0.24541,0.07717,0.96634,0.96347,0.0,0.0,nan,0.0,0.01347,0.05532,41.05813,2.05077,0.22935,0.68801,0.87405,0.61571,0.48762,0.87405
12.98586,35.00456,-8.69852,-0.06487,-0.3525,-0.93356,0.94908,0.0,0.0,nan,0.0,0.00229,0.05884,25.09679,1.85167,0.23741,0.69072,0.98031,0.23108,0.54005,0.98031
12.30675,34.37775,9.99621,0.1674,0.01896,0.98571,0.98481,0.0,0.0,nan,0.0,0.01737,0.04427,42.60331,2.2066,0.23637,0.66309,0.75067,0.6209,0.45319,0.75067
13.01509,35.03281,10.45491,0.18243,-0.01223,0.98314,0.9946,0.0,0.0,nan,0.0,0.00767,0.03436,38.90219,2.21362,0.23758,0.67392,0.87202,0.57139,0.45175,0.87202
12.58225,37.45361,-10.72232,0.3661,-0.53363,-0.76237,0.98187,0.0,0.0,nan,0.0,0.0083,0.01541,22.81113,2.09587,0.23265,0.60016,0.63013,0.97539,0.47713,0.63013
12.98702,37.0839,-9.1663,0.22588,-0.51388,-0.82759,0.88976,0.0,0.0,nan,0.0,0.00463,0.0156,20.59045,3.35325,0.23702,0.49221,0.74438,0.66086,0.29822,0.74438
13.5051,37.56771,9.91895,0.21672,0.18535,0.95848,0.99587,0.0,0.0,nan,0.0,0.00895,0.02803,27.46738,2.028,0.23271,0.52826,0.49453,0.64833,0.4931,0.49453
12.91899,36.88005,10.30699,0.19375,0.06601,0.97883,0.99058,0.0,0.0,nan,0.0,0.01218,0.03134,24.06313,2.01014,0.23787,0.55661,0.53933,0.756,0.49748,0.53933
13.09871,38.82073,-11.70675,0.4055,-0.33126,-0.85196,0.86422,0.0,0.0,nan,0.0,0.01172,0.01836,26.49124,2.70875,0.23825,0.70858,0.53939,0.96859,0.36917,0.53939
13.43304,38.50826,-9.73831,0.35922,-0.47963,-0.80057,0.92941,0.0,0.0,nan,0.0,0.00872,0.0166,22.78963,2.33923,0.23575,0.70445,0.75484,0.82399,0.42749,0.75484
13.09995,39.02836,9.62118,0.22872,0.21804,0.94876,0.98403,0.0,0.0,nan,0.0,0.01379,0.07388,30.91296,2.20657,0.23385,0.69263,0.63589,0.28682,0.45319,0.63589
12.93557,38.07286,10.04558,0.23898,0.22421,0.94478,0.99509,0.0,0.0,nan,0.0,0.01078,0.02873,25.51654,2.03016,0.23794,0.58405,0.58052,0.69281,0.49257,0.58052
12.94041,41.08947,-11.42801,0.24823,0.13625,-0.95907,0.95603,0.0,0.0,nan,0.0,0.00548,0.03876,44.796,1.68409,0.25115,0.67866,0.85583,0.32926,0.59379,0.85583
12.79323,41.01441,9.02912,0.19286,-0.19658,0.96133,0.86598,0.0,0.0,nan,0.0,0.00789,0.01968,31.42826,3.05162,0.23776,0.47144,0.49663,0.904,0.32769,0.49663
12.5815,41.85285,10.20076,0.24725,-0.38442,0.88943,0.98412,0.0,0.0,nan,0.0,0.0073,0.02019,27.27629,3.60506,0.25243,0.49421,0.47412,0.78546,0.27739,0.47412
12.92109,43.01985,-10.64502,0.18891,0.14637,-0.97102,0.97982,0.0,0.0,nan,0.0,0.01267,0.02535,28.2493,1.66265,0.23285,0.54212,0.45555,0.98747,0.60145,0.45555
13.73644,43.66848,-9.99907,0.14001,0.02749,-0.98977,0.89985,0.0,0.0,nan,0.0,0.01509,0.02548,33.17768,1.63867,0.23558,0.67644,0.75621,0.9469,0.61025,0.75621
13.89357,42.04269,9.96657,0.18543,-0.3526,0.91722,0.98775,0.0,0.0,nan,0.0,0.00989,0.02614,27.21735,3.20283,0.24159,0.54854,0.29282,0.7402,0.31222,0.29282
12.93373,42.99729,10.712,0.28994,-0.34347,0.89329,0.95848,0.0,0.0,nan,0.0,0.01389,0.04227,25.58943,1.96472,0.23941,0.58264,0.42259,0.608,0.50898,0.42259
12.95227,45.10945,-10.63649,0.13574,-0.2437,-0.9603,0.97894,0.0,0.0,nan,0.0,0.00657,0.04803,38.60173,1.81178,0.23738,0.80503,0.89297,0.32954,0.55194,0.89297
13.92863,45.48482,9.75405,0.22973,0.11915,0.96593,0.97708,0.0,0.0,nan,0.0,0.01341,0.03494,32.17968,1.63867,0.23318,0.59617,0.63908,0.68382,0.61025,0.63908
13.04928,44.99834,10.73215,0.3,0.12744,0.94539,0.99019,0.0,0.0,nan,0.0,0.01056,0.03081,29.8325,1.73621,0.23145,0.53191,0.65324,0.68757,0.57597,0.65324
13.03216,46.94019,-11.735,0.09792,-0.10056,-0.9901,0.93704,0.0,0.0,nan,0.0,0.01499,0.02885,15.1151,1.86805,0.24197,0.67808,0.29717,0.86762,0.53532,0.29717
12.22126,47.93519,9.98098,0.24456,0.02436,0.96933,0.96494,0.0,0.0,nan,0.0,0.01478,0.03776,36.03261,2.05908,0.22747,0.52476,0.40068,0.78727,0.48565,0.40068
13.02004,46.97915,10.37336,0.24524,0.125,0.96137,0.99822,0.0,0.0,nan,0.0,0.01622,0.03902,43.87561,2.03439,0.23497,0.5752,0.45137,0.75561,0.49155,0.45137
13.06788,49.08567,-11.1437,0.1381,0.24488,-0.95967,0.99744,0.0,0.0,nan,0.0,0.00583,0.02708,20.43583,1.70182,0.23657,0.33101,0.42509,0.71346,0.5876,0.42509
13.0183,48.63545,9.65615,0.21397,-0.08679,0.97298,0.94673,0.0,0.0,nan,0.0,0.01373,0.03355,35.82831,1.68221,0.23367,0.58415,0.55858,0.73978,0.59446,0.55858
12.99159,49.46525,10.31133,0.23179,-0.13367,0.96354,0.99107,0.0,0.0,nan,0.0,0.0107,0.03627,35.27844,1.80253,0.23273,0.54495,0.46096,0.57225,0.55478,0.46096
13.03052,50.9188,-10.73994,0.15496,0.02373,-0.98763,0.98863,0.0,0.0,nan,0.0,0.00559,0.01774,25.75163,1.63867,0.22902,0.40565,0.77901,0.92283,0.61025,0.77901
13.86186,51.9865,9.95979,0.258,0.00084,0.96614,0.99323,0.0,0.0,nan,0.0,0.00332,0.0303,37.91481,2.66947,0.23514,0.81377,0.92712,0.32737,0.37461,0.92712
13.02386,51.10283,10.91468,0.24547,-0.10623,0.96357,0.97923,0.0,0.0,nan,0.0,0.00406,0.02989,41.62897,3.32565,0.23398,0.71105,0.89371,0.37054,0.30069,0.89371
13.01154,52.9275,-10.94774,0.14298,-0.16942,-0.97512,0.99783,0.0,0.0,nan,0.0,0.009,0.02589,22.87481,1.71003,0.23378,0.53903,0.49771,0.70133,0.58478,0.49771
13.21645,52.40266,9.75505,0.23495,0.07982,0.96872,0.97854,0.0,0.0,nan,0.0,0.00353,0.03234,40.86265,2.20705,0.23639,0.83694,0.92477,0.3105,0.45309,0.92477
12.86643,53.0923,10.64093,0.18882,0.1651,0.96803,0.99714,0.0,0.0,nan,0.0,0.00323,0.03729,42.60879,1.68852,0.23935,0.83404,0.9541,0.31327,0.59223,0.9541
12.99453,55.14283,-11.39345,0.12756,0.18082,-0.97521,0.93969,0.0,0.0,nan,0.0,0.00698,0.03068,15.35701,1.7434,0.25184,0.45042,0.29982,0.57073,0.57359,0.29982
13.23838,55.3952,9.57204,0.12101,-0.03845,0.99191,0.93303,0.0,0.0,nan,0.0,0.01001,0.03162,30.28189,1.74125,0.23995,0.45404,0.45517,0.74314,0.5743,0.45517
12.89481,54.72475,10.37426,0.12673,0.03547,0.9913,0.99646,0.0,0.0,nan,0.0,0.00877,0.03164,44.6714,3.04766,0.24116,0.74248,0.83708,0.54081,0.32812,0.83708
13.00014,56.95574,-10.66022,0.09967,0.31834,-0.94272,0.99597,0.0,0.0,nan,0.0,0.00703,0.0255,21.29882,1.75468,0.24032,0.37189,0.31491,0.81105,0.5699,0.31491
13.53991,57.62983,-9.69747,0.11568,0.18715,-0.9755,0.95711,0.0,0.0,nan,0.0,0.00973,0.02447,24.02376,1.87254,0.21607,0.45371,0.73675,0.94956,0.53403,0.73675
13.37694,56.18636,9.83026,0.14474,-0.14596,0.97864,0.9619,0.0,0.0,nan,0.0,0.00592,0.02287,24.63434,2.03475,0.23751,0.36143,0.34813,0.77434,0.49146,0.34813
12.99351,57.04214,10.61589,0.15647,-0.25331,0.95465,0.99078,0.0,0.0,nan,0.0,0.00598,0.02266,26.47595,1.8844,0.2407,0.5855,0.5583,0.48509,0.53067,0.5583
12.85426,58.85209,-10.37761,-0.02721,0.11667,-0.9928,0.9852,0.0,0.0,nan,0.0,0.01214,0.02727,26.09803,1.81266,0.23295,0.48415,0.69662,0.99042,0.55168,0.69662
13.38415,59.24918,-9.81786,0.00456,0.05088,-0.99869,0.99558,0.0,0.0,nan,0.0,0.00745,0.01954,23.95981,1.8499,0.21885,0.41296,0.71298,1.0,0.54057,0.71298
13.0147,58.96262,11.28735,0.22192,-0.10336,0.96957,0.98148,0.0,0.0,nan,0.0,0.00802,0.04482,25.08152,1.83912,0.23979,0.60401,0.78546,0.36066,0.54374,0.78546
13.10584,60.87829,-10.10114,-0.00278,0.0091,-0.99995,0.99528,0.0,0.0,nan,0.0,0.0111,0.0285,22.07291,2.00226,0.23747,0.5174,0.32703,0.82108,0.49944,0.32703
12.83692,61.03292,-9.86922,-0.01366,0.00231,-0.9999,0.99802,0.0,0.0,nan,0.0,0.00924,0.02469,22.29296,1.63867,0.23701,0.5221,0.4173,0.78139,0.61025,0.4173
13.03668,61.11333,11.16596,0.22696,0.02734,0.97352,0.99411,0.0,0.0,nan,0.0,0.0132,0.03967,28.14942,1.68602,0.24163,0.68188,0.69882,0.5227,0.59311,0.69882
12.95705,62.65158,-10.13076,0.05502,0.13951,-0.98869,0.9667,0.0,0.0,nan,0.0,0.01048,0.03022,17.10607,1.63867,0.24235,0.57997,0.64045,0.668,0.61025,0.64045
13.08966,63.49794,-9.90005,0.07583,0.19904,-0.97705,0.97248,0.0,0.0,nan,0.0,0.00584,0.02832,23.71162,1.80253,0.24022,0.75459,0.84793,0.43176,0.55478,0.84793
12.99796,62.97932,11.16753,0.20603,-0.0726,0.97585,0.99793,0.0,0.0,nan,0.0,0.01456,0.03347,26.43336,2.86102,0.23172,0.67956,0.71128,0.68856,0.34953,0.71128
12.97871,64.94565,-9.04637,0.08676,0.16047,-0.98322,0.96004,0.0,0.0,nan,0.0,0.00452,0.0289,21.91732,1.69813,0.24177,0.7746,0.96474,0.70431,0.58888,0.96474
13.00812,65.04614,11.19946,0.17164,0.11053,0.97894,0.98657,0.0,0.0,nan,0.0,0.00592,0.06496,25.60264,1.84478,0.23145,0.76872,0.95498,0.37132,0.54207,0.95498
12.98016,67.04357,-9.38106,0.07432,0.0311,-0.99675,0.9901,0.0,0.0,nan,0.0,0.00426,0.03438,13.27513,1.63867,0.24969,0.78084,0.8991,0.34904,0.61025,0.8991
13.56463,67.77151,9.83815,0.20475,0.25511,0.94499,0.97972,0.0,0.0,nan,0.0,0.00948,0.02792,32.76405,1.98778,0.23127,0.66515,0.60158,0.54169,0.50307,0.60158
13.08297,66.97197,10.82573,0.18102,0.269,0.94598,0.99411,0.0,0.0,nan,0.0,0.01144,0.02984,23.83567,2.21268,0.23658,0.47684,0.59287,0.87176,0.45194,0.59287
13.00315,68.97127,-9.02026,0.08746,0.21484,-0.97273,0.99969,0.0,0.0,nan,0.0,0.00947,0.04776,5.51845,1.79215,0.22773,0.47117,0.50481,0.57321,0.55799,0.50481
13.35488,69.06567,9.55254,0.20417,0.32864,0.92212,0.9806,0.0,0.0,nan,0.0,0.01262,0.03753,36.89439,1.67459,0.24025,0.71881,0.678,0.49333,0.59716,0.678
12.59903,69.00183,10.25612,0.20159,0.29284,0.93467,0.99519,0.0,0.0,nan,0.0,0.00617,0.02853,31.06201,1.80253,0.23788,0.64329,0.83947,0.50116,0.55478,0.83947
12.99187,71.02608,-8.51267,0.10859,0.39067,-0.9141,0.99254,0.0,0.0,nan,0.0,0.01972,0.06984,7.96619,1.86471,0.23296,0.41225,0.58164,0.85673,0.53628,0.58164
13.62544,71.95811,-7.9799,0.08728,0.54994,-0.83063,0.98266,0.00046,0.00228,0.7,1.0,0.02202,0.07405,9.65545,1.84668,0.23951,0.36474,0.61347,0.98408,0.54151,0.61347
13.74577,71.90485,7.92147,0.16987,0.69907,0.69458,0.99744,0.0,0.0,nan,0.0,0.01465,0.11278,12.53396,2.3019,0.23346,0.53659,0.90245,0.5482,0.43442,0.90245
13.07294,71.13242,9.12504,0.21954,0.58827,0.7783,0.98598,0.0,0.0,nan,0.0,0.00345,0.04004,29.91212,2.03256,0.22656,0.63102,0.88343,0.25445,0.49199,0.88343
12.42188,70.1812,10.12986,0.22392,0.40468,0.88662,0.98011,0.0,0.0,nan,0.0,0.00864,0.04375,35.21747,1.70815,0.23849,0.65316,0.81605,0.40496,0.58543,0.81605
12.5779,72.18316,-8.0995,0.09961,0.58548,-0.80454,0.97375,0.00125,0.00624,0.7,1.0,0.01498,0.07002,9.94783,1.7662,0.22366,0.28581,0.58549,0.89892,0.56619,0.58549
13.04942,73.10715,-7.17703,0.05712,0.79759,-0.60049,0.95349,0.00315,0.01574,0.7,1.0,0.01602,0.07394,13.13628,1.74489,0.22713,0.34559,0.66124,0.72246,0.5731,0.66124
12.954,73.83508,-5.02757,-0.00298,0.98588,-0.16745,0.99607,0.0,0.0,nan,0.0,0.01277,0.0391,13.16498,1.87456,0.23971,0.38197,0.55373,0.98474,0.53346,0.55373
13.14418,73.91273,-3.15638,0.0409,0.99415,-0.09997,0.99783,0.0,0.0,nan,0.0,0.00791,0.04354,13.03506,1.83537,0.23573,0.20963,0.39033,1.0,0.54485,0.39033
13.7858,73.96966,-1.78184,0.09558,0.99213,-0.08088,0.99871,0.0,0.0,nan,0.0,0.01711,0.07878,13.86451,1.9141,0.22367,0.24858,0.48043,1.0,0.52244,0.48043
13.39972,73.91299,5.77606,0.12176,0.92105,0.36992,0.97747,0.04729,0.23645,0.6,1.0,0.02993,0.10786,8.68372,1.65845,0.2409,0.34386,0.43105,0.99297,0.60297,0.43105
13.06202,73.16033,7.12675,0.16976,0.79143,0.58722,0.99176,0.0,0.0,nan,0.0,0.01776,0.0786,11.52794,2.33855,0.22799,0.37212,0.7862,0.8057,0.42762,0.7862
12.44707,72.24769,8.26063,0.20567,0.71347,0.66982,0.99959,0.0,0.0,nan,0.0,0.01269,0.05759,10.55925,1.89683,0.22653,0.38171,0.81138,0.85459,0.5272,0.81138
12.6495,74.07315,-2.39875,0.07471,0.98926,-0.12559,0.99871,0.0,0.0,nan,0.0,0.01368,0.05401,12.70552,1.75734,0.23821,0.29659,0.36703,0.98865,0.56904,0.36703
12.99712,74.29014,-1.00134,0.10541,0.99157,-0.07539,0.99714,0.0,0.0,nan,0.0,0.02152,0.10052,13.14322,1.76611,0.21967,0.24668,0.64405,1.0,0.56622,0.64405
13.03561,74.26512,1.01001,0.10106,0.99488,0.00179,0.99842,0.02039,0.05816,0.6,0.95294,0.02419,0.14539,12.77238,1.73637,0.21941,0.1947,0.75076,0.99097,0.57591,0.75076
12.99405,74.2423,3.02013,0.08036,0.996,0.03911,0.99753,0.0,0.0,nan,0.0,0.01984,0.1354,10.62481,1.89678,0.21819,0.20113,0.60443,0.8657,0.52721,0.60443
12.89117,74.16785,4.80746,0.08244,0.97727,0.19531,0.99019,0.02263,0.11315,0.7,1.0,0.02421,0.11887,8.79013,1.73443,0.2353,0.29811,0.59806,0.83876,0.57656,0.59806
14.98211,1.67362,-6.94486,0.03616,-0.9363,-0.34935,0.88732,0.0,0.0,nan,0.0,0.01542,0.12758,25.72893,2.736,0.22922,0.58209,0.5221,0.22382,0.3655,0.5221
15.03654,1.80621,-5.30617,-0.03631,-0.99196,0.12121,0.98716,0.0,0.0,nan,0.0,0.00776,0.04779,10.10494,3.39792,0.23084,0.43119,0.90038,0.86958,0.2943,0.90038
15.72966,1.97638,-3.89079,-0.10013,-0.96999,0.22155,0.9991,0.0,0.0,nan,0.0,0.01465,0.06544,9.50016,2.04616,0.22703,0.40743,0.8318,0.90089,0.48872,0.8318
14.0021,1.99033,1.17416,-0.03844,-0.99851,0.03861,0.97678,0.0,0.0,nan,0.0,0.00782,0.02204,14.37612,3.37202,0.24014,0.41804,0.41741,0.96717,0.29656,0.41741
15.03549,3.01075,-8.56303,0.08505,-0.44622,-0.89087,0.92579,0.0,0.0,nan,0.0,0.00826,0.03417,27.47998,2.68582,0.23276,0.60099,0.86817,0.69396,0.37233,0.86817
15.19848,2.31053,-7.9888,0.06434,-0.69907,-0.71215,0.89838,0.0,0.0,nan,0.0,0.00449,0.04779,35.65615,1.86276,0.23365,0.63579,0.96322,0.4915,0.53684,0.96322
14.89435,2.14135,-4.36718,-0.04856,-0.97208,0.22956,0.99861,0.0,0.0,nan,0.0,0.02272,0.06953,10.24762,1.90771,0.23141,0.46134,0.74227,0.84666,0.52419,0.74227
15.03499,2.53243,-3.08827,-0.05747,-0.98405,0.16833,0.99538,0.0,0.0,nan,0.0,0.00893,0.05122,9.53807,2.03867,0.22155,0.21271,0.50896,0.9921,0.49052,0.50896
14.95866,2.5977,-0.97822,-0.02133,-0.99814,-0.05713,0.99851,0.0,0.0,nan,0.0,0.01557,0.04563,10.30335,2.04054,0.22749,0.4443,0.38524,0.91721,0.49007,0.38524
15.00808,2.16491,0.9344,0.01935,-0.99981,-0.00116,0.99607,0.0,0.0,nan,0.0,0.00823,0.02813,15.37952,2.04168,0.23578,0.42428,0.38155,0.77896,0.48979,0.38155
15.02323,2.60288,2.9377,-0.07755,-0.99083,0.11067,0.99607,0.0,0.0,nan,0.0,0.01097,0.03016,18.35187,1.74693,0.22641,0.50357,0.50027,0.80075,0.57243,0.50027
14.94341,2.50869,4.99876,-0.16681,-0.98529,0.03716,0.99538,0.0,0.0,nan,0.0,0.00906,0.02329,17.85758,1.85844,0.23826,0.51898,0.56135,0.83374,0.53809,0.56135
14.9262,2.30963,7.00151,-0.0512,-0.96714,0.24903,0.87126,0.0,0.0,nan,0.0,0.00423,0.03466,35.70501,2.70937,0.23202,0.78198,0.94244,0.42877,0.36909,0.94244
14.95203,3.38118,8.35917,0.11445,-0.6784,0.72572,0.87254,0.0,0.0,nan,0.0,0.01281,0.04581,29.51543,1.89794,0.22988,0.67261,0.83666,0.61397,0.52689,0.83666
15.03352,5.0491,-8.87989,0.04712,-0.22557,-0.97309,0.9992,0.0,0.0,nan,0.0,0.00941,0.02751,27.54561,2.05881,0.22977,0.59098,0.80169,0.74381,0.48572,0.80169
15.82114,4.06943,-7.90568,0.00056,-0.35158,-0.93616,0.96611,0.0,0.0,nan,0.0,0.01314,0.03241,26.62934,2.03476,0.23028,0.59163,0.47223,0.7367,0.49146,0.47223
15.01415,4.91818,9.10289,0.26198,-0.15574,0.95242,0.91541,0.0,0.0,nan,0.0,0.01476,0.03627,16.49608,1.92536,0.23185,0.67757,0.66669,0.67363,0.51938,0.66669
14.96363,7.00794,-9.41381,0.04718,-0.31143,-0.9491,0.99969,0.0,0.0,nan,0.0,0.01066,0.03165,28.08641,1.85906,0.23951,0.58405,0.74704,0.61751,0.53791,0.74704
15.59506,7.51619,7.40279,0.30824,0.2612,0.91475,0.92167,0.0,0.0,nan,0.0,0.00459,0.01989,33.77739,2.06613,0.23494,0.51285,0.28992,0.477,0.484,0.28992
14.9832,7.00242,9.01675,0.31237,0.26142,0.91328,0.97541,0.0,0.0,nan,0.0,0.00515,0.02178,25.97472,2.16896,0.23231,0.55947,0.5907,0.45532,0.46105,0.5907
15.01995,9.06303,-10.31129,0.1311,-0.09448,-0.98686,0.97042,0.0,0.0,nan,0.0,0.01164,0.02911,24.29142,1.8462,0.23363,0.45944,0.48409,0.94184,0.54165,0.48409
14.78233,8.11694,-9.99006,0.10743,-0.23922,-0.965,0.98931,0.0,0.0,nan,0.0,0.01301,0.03641,25.3004,1.87231,0.23349,0.50483,0.59801,0.76386,0.5341,0.59801
15.46495,8.94372,7.67912,0.28497,0.10532,0.95273,0.9762,0.0,0.0,nan,0.0,0.0081,0.02066,34.61673,2.07296,0.23283,0.51137,0.36039,0.81061,0.4824,0.36039
14.69908,8.97628,8.30676,0.26699,0.13158,0.95467,0.99107,0.0,0.0,nan,0.0,0.01249,0.03211,37.2433,1.63867,0.23622,0.57887,0.46677,0.70809,0.61025,0.46677
15.16665,10.99798,-10.06062,0.15021,0.14298,-0.97826,0.97414,0.0,0.0,nan,0.0,0.02444,0.05767,25.63717,1.89428,0.23111,0.57764,0.72399,0.79087,0.5279,0.72399
14.87469,10.92126,-9.93436,0.12158,0.14765,-0.98154,0.9852,0.0,0.0,nan,0.0,0.02191,0.05302,21.47373,2.2237,0.22527,0.53371,0.57434,0.84626,0.4497,0.57434
15.27456,11.05407,7.94548,0.23004,-0.18156,0.9561,0.99313,0.0,0.0,nan,0.0,0.01046,0.03645,27.16287,1.67946,0.2343,0.57941,0.49404,0.5315,0.59543,0.49404
14.92077,11.27933,8.03634,0.1935,-0.20311,0.95985,0.99509,0.0,0.0,nan,0.0,0.00771,0.03088,24.32065,1.65754,0.24266,0.54916,0.36435,0.49223,0.60331,0.36435
14.96585,12.08434,-10.04308,0.07849,0.09799,-0.99209,0.94223,0.0,0.0,nan,0.0,0.0138,0.06342,25.642,1.80253,0.24525,0.47598,0.8481,0.71811,0.55478,0.8481
14.92546,13.07526,-9.91254,-0.01133,0.04915,-0.99873,0.91854,0.0,0.0,nan,0.0,0.01709,0.08948,21.73455,2.63905,0.23913,0.51128,0.85721,0.62105,0.37892,0.85721
15.04142,12.96949,8.80676,0.19418,-0.08835,0.97698,0.96866,0.0,0.0,nan,0.0,0.01013,0.03446,20.55982,1.65199,0.24918,0.79544,0.61349,0.40555,0.60533,0.61349
15.47114,14.64544,-10.09379,-0.09258,0.07527,-0.99286,0.89427,0.0,0.0,nan,0.0,0.01595,0.05845,18.08819,1.88887,0.23398,0.45766,0.71771,0.66212,0.52942,0.71771
14.75343,15.23403,-9.79947,-0.34291,0.2168,-0.91401,0.90396,0.0,0.0,nan,0.0,0.01122,0.07953,22.02385,2.28788,0.23215,0.60271,0.89604,0.47934,0.43709,0.89604
15.44954,15.94912,7.96389,0.13975,0.20248,0.96926,0.99646,0.0,0.0,nan,0.0,0.00551,0.03748,31.17788,1.75789,0.2323,0.69279,0.90596,0.45092,0.56887,0.90596
14.9742,14.97515,8.42515,0.16351,0.18047,0.96989,0.99851,0.0,0.0,nan,0.0,0.00677,0.03724,34.17984,1.93151,0.23292,0.71054,0.86472,0.42822,0.51773,0.86472
14.96646,16.97512,-9.01269,-0.47715,0.41118,-0.7767,0.96562,0.0,0.0,nan,0.0,0.01322,0.04163,28.50896,1.73405,0.24012,0.56136,0.58545,0.60537,0.57668,0.58545
14.45576,17.41501,-7.41892,-0.51337,0.37373,-0.77251,0.94184,0.0,0.0,nan,0.0,0.00963,0.03301,36.04112,2.36079,0.22854,0.53246,0.51978,0.57847,0.42359,0.51978
15.32484,17.13235,7.88315,0.20105,0.07121,0.97699,0.98726,0.0,0.0,nan,0.0,0.01298,0.0309,32.70835,1.68767,0.23789,0.64859,0.74523,0.68739,0.59253,0.74523
14.39118,17.02957,8.35064,0.2453,0.029,0.96901,0.99665,0.0,0.0,nan,0.0,0.00357,0.02457,33.97862,3.01114,0.2318,0.54637,0.95058,0.78655,0.3321,0.95058
15.42949,18.71751,-8.48523,-0.49721,0.23251,-0.8359,0.96944,0.0,0.0,nan,0.0,0.01005,0.03469,40.73649,2.05702,0.23817,0.52165,0.78991,0.6679,0.48614,0.78991
14.9815,19.08777,-7.09844,-0.49801,0.1485,-0.85436,0.90572,0.0,0.0,nan,0.0,0.00574,0.02923,41.23412,1.72383,0.2412,0.57723,0.86797,0.57315,0.5801,0.86797
15.4083,18.72089,7.47598,0.27876,-0.19735,0.93987,0.93969,0.0,0.0,nan,0.0,0.01057,0.02676,28.5202,1.88519,0.23272,0.53686,0.52221,0.78751,0.53045,0.52221
14.79253,19.17294,8.45317,0.31347,-0.25402,0.91499,0.99636,0.0,0.0,nan,0.0,0.00717,0.03028,24.49054,1.84765,0.2399,0.41125,0.38984,0.62254,0.54123,0.38984
15.80265,20.70689,-8.36556,-0.49933,0.06263,-0.86414,0.98373,0.0,0.0,nan,0.0,0.01251,0.03477,36.99672,2.02511,0.22966,0.51722,0.5731,0.73338,0.4938,0.5731
15.01486,21.02999,-7.42876,-0.42054,0.00297,-0.90727,0.9622,0.0,0.0,nan,0.0,0.00671,0.04072,33.39338,1.89211,0.23323,0.52094,0.8632,0.52596,0.52851,0.8632
15.00668,20.98834,8.91503,0.30225,-0.07892,0.94996,0.97365,0.0,0.0,nan,0.0,0.00803,0.03514,20.01865,1.63867,0.23902,0.59074,0.78156,0.47343,0.61025,0.78156
15.02009,22.99276,-7.69429,-0.2729,-0.07739,-0.95892,0.97111,0.0,0.0,nan,0.0,0.01426,0.05162,31.75584,2.65843,0.23904,0.65941,0.66709,0.44517,0.37616,0.66709
14.04508,23.93853,7.9784,0.14985,0.2263,0.96246,0.91913,0.0,0.0,nan,0.0,0.01355,0.04874,54.91939,2.20314,0.23652,0.68224,0.59437,0.42227,0.4539,0.59437
14.88457,22.89919,8.31035,0.12524,0.23134,0.96478,0.97522,0.0,0.0,nan,0.0,0.00375,0.05763,37.8325,1.93003,0.23187,0.71703,0.92485,0.21707,0.51813,0.92485
14.97241,25.75881,-8.05723,-0.14142,-0.14326,-0.97953,0.99313,0.0,0.0,nan,0.0,0.00218,0.04425,24.44951,2.05155,0.23872,0.55795,0.98133,0.36774,0.48744,0.98133
14.99001,24.79425,-7.83942,-0.16437,-0.16122,-0.97313,0.98403,0.0,0.0,nan,0.0,0.00613,0.04977,26.41852,1.68187,0.24775,0.60392,0.86534,0.34796,0.59457,0.86534
14.34,25.21349,7.89154,0.0759,-0.04669,0.99602,0.90533,0.0,0.0,nan,0.0,0.01166,0.0414,46.997,1.63867,0.24163,0.59065,0.52451,0.49723,0.61025,0.52451
15.32718,24.84011,8.08667,0.03534,0.01246,0.9993,0.96993,0.0,0.0,nan,0.0,0.0283,0.07984,45.50814,1.69328,0.24736,0.73246,0.40331,0.50526,0.59057,0.40331
15.04538,27.0286,-8.2641,-0.13608,-0.07757,-0.98766,0.99333,0.0,0.0,nan,0.0,0.00558,0.03908,19.23458,1.68752,0.24838,0.42387,0.82354,0.48606,0.59258,0.82354
14.8336,26.48261,7.82326,0.09882,-0.27053,0.95763,0.9158,0.0,0.0,nan,0.0,0.0113,0.03435,35.16254,2.02982,0.23348,0.78021,0.76471,0.46753,0.49265,0.76471
14.96724,27.18256,8.51765,0.17455,-0.31271,0.93367,0.98589,0.0,0.0,nan,0.0,0.00498,0.03866,34.79394,1.6757,0.24032,0.82668,0.91216,0.34218,0.59677,0.91216
15.01115,28.9928,-8.2589,-0.165,-0.00831,-0.98626,0.99303,0.0,0.0,nan,0.0,0.0058,0.03111,12.95721,1.84521,0.22861,0.24061,0.41691,0.89372,0.54194,0.41691
15.00492,28.97921,9.3715,0.30713,-0.19056,0.93239,0.98569,0.0,0.0,nan,0.0,0.01066,0.04241,30.50528,1.63867,0.23899,0.64409,0.59911,0.41594,0.61025,0.59911
14.93712,30.99355,-8.47548,-0.21435,-0.08291,-0.97323,0.99675,0.0,0.0,nan,0.0,0.00567,0.02681,10.00135,1.77514,0.23012,0.25373,0.34285,1.0,0.56333,0.34285
15.05045,30.86068,9.59364,0.34958,-0.03291,0.93633,0.99861,0.0,0.0,nan,0.0,0.00827,0.02765,37.29007,1.63867,0.23447,0.6197,0.84319,0.72473,0.61025,0.84319
14.95901,32.9963,-8.75092,-0.25721,-0.19418,-0.94665,0.99998,0.0,0.0,nan,0.0,0.0094,0.0366,10.6657,1.63867,0.23027,0.31486,0.55616,0.96846,0.61025,0.55616
15.01488,33.10853,9.55556,0.4009,-0.05755,0.91431,0.99401,0.0,0.0,nan,0.0,0.01044,0.03202,35.60401,1.72241,0.2494,0.57179,0.8411,0.85038,0.58058,0.8411
14.00517,32.84371,10.03879,0.38765,-0.03405,0.92118,0.99166,0.0,0.0,nan,0.0,0.01363,0.03033,38.31519,2.07628,0.24211,0.57542,0.6952,0.82188,0.48163,0.6952
14.97385,34.97765,-9.16992,-0.22859,-0.18814,-0.95517,0.99979,0.0,0.0,nan,0.0,0.01174,0.04888,12.00572,1.86898,0.22507,0.36617,0.64121,0.76552,0.53505,0.64121
15.11652,34.81482,9.60134,0.37043,-0.11148,0.92215,0.99802,0.0,0.0,nan,0.0,0.01563,0.03958,28.42041,1.76618,0.23685,0.56377,0.56782,0.7499,0.56619,0.56782
14.40878,35.44252,10.12242,0.25469,-0.0541,0.96551,0.97639,0.0,0.0,nan,0.0,0.01551,0.05067,29.08654,1.72807,0.23938,0.6334,0.7052,0.51657,0.57868,0.7052
15.89069,37.92569,-10.03904,0.10074,-0.15571,-0.98265,0.96856,0.0,0.0,nan,0.0,0.00651,0.15719,28.39571,1.80406,0.23531,0.77776,0.98179,0.2207,0.55431,0.98179
14.99179,36.96331,-9.55588,0.00525,-0.26987,-0.96288,0.95867,0.0,0.0,nan,0.0,0.00763,0.25579,23.36331,1.83698,0.22569,0.86161,0.99672,0.1786,0.54437,0.99672
15.37445,37.49546,9.88768,0.27628,0.13712,0.95125,0.97336,0.0,0.0,nan,0.0,0.00681,0.03918,34.99072,1.64714,0.24069,0.45877,0.58106,0.40032,0.60711,0.58106
14.79028,36.76856,10.18385,0.2459,0.08198,0.96582,0.96474,0.0,0.0,nan,0.0,0.0094,0.03196,26.4233,1.90872,0.23016,0.58825,0.49251,0.53765,0.52391,0.49251
14.7097,39.4528,-10.05879,0.32262,-0.27926,-0.9044,0.95897,0.0,0.0,nan,0.0,0.01098,0.02645,26.46924,3.37493,0.23578,0.6616,0.72888,0.67471,0.2963,0.72888
15.22561,38.83237,-9.99797,0.24787,-0.26848,-0.93085,0.96641,0.0,0.0,nan,0.0,0.00878,0.0466,33.15206,1.80253,0.24392,0.75931,0.85351,0.39353,0.55478,0.85351
15.22581,38.90574,9.1885,0.22151,0.18553,0.95735,0.99558,0.0,0.0,nan,0.0,0.01461,0.05227,39.55016,1.70981,0.24346,0.54178,0.53146,0.54197,0.58486,0.53146
15.03341,40.75423,-10.67789,0.3127,-0.07564,-0.94684,0.97551,0.0,0.0,nan,0.0,0.00674,0.04453,47.81991,2.35317,0.23847,0.72491,0.88331,0.37937,0.42496,0.88331
15.60673,40.4096,-9.99711,0.29072,-0.15321,-0.94446,0.97894,0.0,0.0,nan,0.0,0.01385,0.04227,30.73642,2.26725,0.2326,0.62018,0.79965,0.66883,0.44106,0.79965
15.08156,41.12371,9.26426,0.20794,-0.19362,0.95879,0.99078,0.0,0.0,nan,0.0,0.00986,0.02854,32.97039,1.83407,0.24323,0.54914,0.44283,0.6671,0.54523,0.44283
14.95203,42.87612,-10.47274,0.11455,0.06607,-0.99122,0.99098,0.0,0.0,nan,0.0,0.01805,0.04036,38.72071,1.63867,0.2457,0.55667,0.51171,0.84497,0.61025,0.51171
15.2682,43.56761,-9.68188,0.05377,0.01425,-0.99845,0.90768,0.0,0.0,nan,0.0,0.0271,0.04971,35.06136,1.66706,0.23846,0.62687,0.52717,0.91913,0.59986,0.52717
15.26829,42.43414,9.73468,0.26188,-0.2613,0.92905,0.9853,0.0,0.0,nan,0.0,0.00644,0.0212,22.82195,2.06799,0.23302,0.56562,0.59825,0.58412,0.48356,0.59825
14.81142,43.26123,10.38277,0.2751,-0.17962,0.94449,0.95691,0.0,0.0,nan,0.0,0.01135,0.03401,25.46223,1.64138,0.25025,0.63099,0.42892,0.57032,0.60924,0.42892
14.98074,44.9814,-10.61321,0.08104,-0.24159,-0.96699,0.98775,0.0,0.0,nan,0.0,0.01437,0.04694,28.84774,1.92645,0.22996,0.68841,0.73367,0.47551,0.51909,0.73367
15.4513,44.17762,-9.82292,0.04553,-0.08044,-0.99572,0.91658,0.0,0.0,nan,0.0,0.01634,0.03122,29.76399,1.77194,0.23086,0.62854,0.57519,0.88902,0.56435,0.57519
15.03661,45.43233,9.66932,0.23467,0.06538,0.96988,0.99685,0.0,0.0,nan,0.0,0.01306,0.03315,31.34698,2.17416,0.23297,0.59145,0.49744,0.70863,0.45995,0.49744
14.80217,44.43155,10.22994,0.26099,-0.00366,0.96534,0.97952,0.0,0.0,nan,0.0,0.00775,0.02809,24.96157,2.03134,0.23428,0.54242,0.54283,0.54938,0.49229,0.54283
15.05487,46.97295,-11.45953,0.15017,-0.04398,-0.98768,0.94634,0.0,0.0,nan,0.0,0.01323,0.02581,16.45009,1.63867,0.23668,0.68621,0.69858,0.83748,0.61025,0.69858
14.95643,46.74703,9.75236,0.20113,0.1102,0.97335,0.99851,0.0,0.0,nan,0.0,0.01667,0.03546,38.78341,1.94082,0.23541,0.65143,0.59574,0.75877,0.51525,0.59574
14.7408,47.25454,10.13094,0.1871,0.07572,0.97942,0.98745,0.0,0.0,nan,0.0,0.01624,0.03549,39.33776,2.18256,0.22808,0.6552,0.5319,0.73404,0.45818,0.5319
14.94884,48.93662,-10.68974,0.18575,0.19895,-0.96225,0.98334,0.0,0.0,nan,0.0,0.00996,0.02837,19.53822,1.81656,0.24159,0.49762,0.3866,0.77772,0.55049,0.3866
14.97361,49.18488,9.37593,0.24985,-0.1037,0.96272,0.98452,0.0,0.0,nan,0.0,0.012,0.02958,37.21974,2.06639,0.2392,0.6602,0.65963,0.64728,0.48394,0.65963
15.17239,48.25339,10.0005,0.24054,-0.01701,0.97049,0.98824,0.0,0.0,nan,0.0,0.01122,0.02945,39.93448,1.82575,0.23814,0.5973,0.74894,0.66998,0.54772,0.74894
15.00297,51.01614,-10.53125,0.10085,-0.01551,-0.99478,0.98882,0.0,0.0,nan,0.0,0.01092,0.0235,27.33277,1.72351,0.23893,0.51462,0.63557,0.96955,0.58021,0.63557
15.28705,51.81364,9.99787,0.16771,-0.0349,0.98522,0.99244,0.0,0.0,nan,0.0,0.00814,0.051,22.02344,1.85914,0.2261,0.73548,0.90019,0.45574,0.53788,0.90019
14.98405,50.99539,10.34318,0.20531,-0.08845,0.97469,0.98755,0.0,0.0,nan,0.0,0.01097,0.0404,28.67626,1.70525,0.23562,0.64609,0.71165,0.44939,0.58642,0.71165
14.99836,53.06161,-10.5813,0.09963,-0.13702,-0.98555,0.99753,0.0,0.0,nan,0.0,0.0062,0.02025,22.27003,1.63867,0.24404,0.5175,0.44385,0.64479,0.61025,0.44385
15.01098,52.68724,9.92062,0.17764,0.07471,0.98126,0.99303,0.0,0.0,nan,0.0,0.00428,0.0373,36.66998,2.35475,0.23882,0.77746,0.9008,0.30045,0.42467,0.9008
15.02555,53.24377,10.00253,0.16394,0.10955,0.98037,0.99724,0.0,0.0,nan,0.0,0.008,0.04357,36.82646,1.70581,0.24291,0.75249,0.8903,0.46667,0.58623,0.8903
14.98459,55.0445,-11.09565,0.18249,0.21085,-0.96033,0.95965,0.0,0.0,nan,0.0,0.00569,0.0271,19.35031,2.04928,0.2357,0.4507,0.6936,0.5145,0.48798,0.6936
15.10143,55.11599,9.49895,0.15569,-0.03143,0.98731,0.96553,0.0,0.0,nan,0.0,0.00998,0.02619,30.49955,1.8989,0.22963,0.51751,0.45356,0.78429,0.52662,0.45356
14.27238,54.49657,10.2788,0.20233,0.01908,0.97913,0.9946,0.0,0.0,nan,0.0,0.00735,0.03075,36.71276,3.24023,0.24317,0.65016,0.87828,0.65807,0.30862,0.87828
14.44104,56.57457,-10.18357,0.18622,0.31465,-0.93076,0.98961,0.0,0.0,nan,0.0,0.00867,0.02733,20.9168,1.93982,0.23415,0.44185,0.38355,0.78669,0.51551,0.38355
15.25739,57.02738,-9.82896,0.204,0.2468,-0.94735,0.98853,0.0,0.0,nan,0.0,0.01055,0.0264,22.86109,1.91127,0.22571,0.4765,0.59343,0.91219,0.52321,0.59343
15.34915,56.0417,9.96388,0.13882,-0.14206,0.98008,0.99616,0.0,0.0,nan,0.0,0.00641,0.02122,27.7361,1.73233,0.23781,0.447,0.35694,0.72411,0.57726,0.35694
15.03778,57.03645,10.48051,0.15342,-0.25108,0.95573,0.99812,0.0,0.0,nan,0.0,0.00774,0.02888,35.39268,1.86357,0.23842,0.51623,0.523,0.54833,0.5366,0.523
14.38809,58.96212,-10.28957,0.12971,0.0352,-0.99093,0.99039,0.0,0.0,nan,0.0,0.01254,0.03044,23.52695,1.88811,0.22624,0.44898,0.47358,0.99531,0.52963,0.47358
15.11522,59.0682,-9.8443,0.17282,0.00856,-0.98492,0.99734,0.0,0.0,nan,0.0,0.01452,0.03536,24.11902,1.86342,0.22777,0.47753,0.42046,0.9309,0.53665,0.42046
14.72738,58.79167,9.99018,0.14157,-0.11489,0.98324,0.96807,0.0,0.0,nan,0.0,0.0112,0.03871,35.39088,1.80253,0.24106,0.64296,0.72008,0.47543,0.55478,0.72008
14.91959,59.09798,10.25141,0.12572,-0.05534,0.99052,0.98677,0.0,0.0,nan,0.0,0.01029,0.03887,38.54386,2.71563,0.24391,0.70382,0.79611,0.46399,0.36824,0.79611
14.48329,61.04634,-10.13875,0.10132,0.02681,-0.99449,0.9944,0.0,0.0,nan,0.0,0.00971,0.0258,19.99583,1.83044,0.22271,0.43129,0.5093,0.96034,0.54632,0.5093
15.35503,60.90364,-9.76416,0.16453,0.00471,-0.98636,0.9993,0.0,0.0,nan,0.0,0.00892,0.02775,21.0173,1.87943,0.22596,0.46846,0.69241,0.7518,0.53207,0.69241
14.6507,61.67986,9.85291,0.1505,-0.02034,0.9884,0.89985,0.0,0.0,nan,0.0,0.00737,0.04136,34.76469,2.03429,0.23347,0.53532,0.87117,0.57464,0.49157,0.87117
14.92452,60.96257,10.60383,0.12202,-0.00384,0.99252,0.99695,0.0,0.0,nan,0.0,0.00889,0.03628,42.05661,3.51452,0.24745,0.66973,0.83444,0.52513,0.28453,0.83444
14.46975,62.49188,-10.09615,0.10628,0.14385,-0.98388,0.96885,0.0,0.0,nan,0.0,0.01379,0.03507,16.00096,1.71035,0.23684,0.54903,0.55232,0.80579,0.58467,0.55232
15.18453,63.18727,-9.72524,0.1329,0.21417,-0.96771,0.9897,0.0,0.0,nan,0.0,0.00972,0.03831,20.93028,1.78688,0.23228,0.72044,0.63536,0.38569,0.55963,0.63536
14.51772,62.00417,9.97317,0.1708,-0.0145,0.9852,0.9253,0.0,0.0,nan,0.0,0.0072,0.04088,32.48267,3.02109,0.24138,0.49922,0.84291,0.53279,0.33101,0.84291
14.93913,63.05746,10.55707,0.20689,0.00953,0.97832,0.99763,0.0,0.0,nan,0.0,0.00264,0.02767,40.39748,2.20798,0.23292,0.72786,0.96703,0.45054,0.4529,0.96703
15.04851,65.25506,-8.93161,0.09464,0.08183,-0.99214,0.98461,0.0,0.0,nan,0.0,0.00293,0.01802,18.74788,1.7637,0.22733,0.5687,0.92054,0.69552,0.56699,0.92054
15.64389,65.16304,9.57473,0.24601,0.14445,0.95844,0.95202,0.0,0.0,nan,0.0,0.00378,0.02434,37.79312,1.70391,0.23484,0.73641,0.90549,0.44169,0.58689,0.90549
15.12075,64.94933,11.03753,0.26832,0.09923,0.95821,0.97081,0.0,0.0,nan,0.0,0.00307,0.02355,34.38433,1.70008,0.24136,0.76663,0.93939,0.45753,0.58821,0.93939
15.04539,66.99941,-9.3128,0.05852,0.01959,-0.99809,0.99509,0.0,0.0,nan,0.0,0.00682,0.03396,14.05726,1.63867,0.24983,0.67784,0.72951,0.33832,0.61025,0.72951
15.52648,67.60918,9.58521,0.12667,0.14528,0.98125,0.98129,0.0,0.0,nan,0.0,0.01829,0.03713,42.23647,1.68328,0.24272,0.67506,0.66626,0.76412,0.59408,0.66626
15.01031,66.90671,10.48938,0.21977,0.20092,0.95464,0.99333,0.0,0.0,nan,0.0,0.00773,0.02771,41.4586,1.63867,0.23633,0.75547,0.80419,0.46844,0.61025,0.80419
14.97333,69.01783,-9.01679,0.05815,0.22727,-0.97209,0.9993,0.0,0.0,nan,0.0,0.01038,0.0496,5.77968,1.80253,0.21877,0.3729,0.57591,0.75557,0.55478,0.57591
14.95244,69.12074,9.6238,0.07761,0.28501,0.95538,0.98814,0.0,0.0,nan,0.0,0.01535,0.03631,44.57479,1.98098,0.23876,0.68762,0.50962,0.6422,0.5048,0.50962
15.41628,68.44509,10.1516,0.09005,0.1936,0.97694,0.99244,0.0,0.0,nan,0.0,0.01727,0.0362,39.58112,1.69316,0.23733,0.59174,0.43992,0.8468,0.59061,0.43992
14.99833,70.91812,-8.31923,0.06746,0.39516,-0.91613,0.99861,0.00068,0.00342,0.7,1.0,0.01158,0.0543,7.46421,1.7363,0.22341,0.28752,0.64579,0.94016,0.57594,0.64579
15.13461,71.84286,-7.92225,0.06609,0.52487,-0.84861,0.98804,0.0,0.0,nan,0.0,0.01433,0.07055,9.42031,1.85097,0.22962,0.38794,0.85154,0.94002,0.54026,0.85154
15.0795,71.78922,7.81309,0.051,0.73662,0.67438,0.99509,0.0,0.0,nan,0.0,0.00874,0.06839,9.87074,2.72656,0.22856,0.59906,0.93855,0.64693,0.36676,0.93855
14.98527,70.93597,9.00107,0.02188,0.60229,0.79798,0.98442,0.0,0.0,nan,0.0,0.01005,0.05879,36.21505,1.65609,0.23915,0.58629,0.77671,0.33657,0.60383,0.77671
15.01069,73.00238,-7.09909,0.04392,0.75303,-0.65652,0.96151,7e-05,0.00036,0.7,1.0,0.01209,0.05388,12.6056,1.63867,0.23157,0.26448,0.43021,0.98282,0.61025,0.43021
15.01007,73.82426,-5.03311,0.00556,0.98252,-0.18606,0.9898,0.0,0.0,nan,0.0,0.01047,0.03997,12.72114,3.57212,0.24732,0.32034,0.46084,0.94637,0.27995,0.46084
15.02904,73.75775,-3.02072,0.03514,0.99916,-0.02113,0.99793,0.01065,0.05326,0.7,1.0,0.0139,0.08165,13.64653,1.76989,0.22373,0.19699,0.41285,0.99109,0.56501,0.41285
15.1371,73.96188,-1.14907,0.11182,0.9932,-0.03231,0.99881,0.00732,0.03661,0.7,1.0,0.02178,0.10422,15.16683,1.77478,0.22291,0.23664,0.52351,0.99948,0.56345,0.52351
15.50335,73.95656,1.11129,0.13696,0.99055,-0.00777,0.99939,0.0,0.0,nan,0.0,0.03309,0.12423,16.1755,1.74476,0.21458,0.30684,0.62568,0.97539,0.57314,0.62568
15.40329,73.93838,2.8858,0.14462,0.98885,0.03563,0.99851,0.01843,0.09214,0.51,1.0,0.01858,0.10765,13.89607,1.66011,0.22324,0.33961,0.81196,0.72507,0.60237,0.81196
15.12438,73.8184,5.19325,0.1442,0.948,0.28374,0.98109,0.03431,0.17156,0.6,1.0,0.0281,0.11595,10.75249,1.80253,0.24226,0.34931,0.63262,0.82296,0.55478,0.63262
14.98134,72.90097,6.92759,0.11243,0.7939,0.59757,0.99538,0.0,0.0,nan,0.0,0.02839,0.07245,10.1622,1.90134,0.22687,0.49851,0.54525,0.94079,0.52594,0.54525
14.3406,74.06852,-0.5366,0.13172,0.9904,-0.04193,0.999,0.0,0.0,nan,0.0,0.02121,0.1065,13.67558,1.86288,0.22181,0.22977,0.72162,0.99343,0.5368,0.72162
14.54667,74.05869,0.95387,0.1408,0.99,-0.00912,0.9989,0.0,0.0,nan,0.0,0.02817,0.11876,15.68553,1.75555,0.2198,0.27503,0.58495,0.97228,0.56962,0.58495
14.44465,74.06924,3.07528,0.13297,0.99022,0.04211,0.99851,0.00721,0.03605,0.7,1.0,0.0196,0.11309,13.88706,1.71328,0.22491,0.33988,0.79247,0.67511,0.58368,0.79247
14.29449,74.06337,4.44196,0.1348,0.97794,0.15954,0.99215,0.00313,0.01564,0.7,1.0,0.01976,0.12111,10.90258,1.63867,0.24216,0.30932,0.45882,0.62407,0.61025,0.45882
17.0397,1.68653,-6.90913,-0.07943,-0.9154,-0.39464,0.91698,0.0,0.0,nan,0.0,0.00416,0.10506,25.43484,2.99748,0.21797,0.55954,0.94401,0.20109,0.33361,0.94401
17.04687,1.69766,-5.05273,-0.13157,-0.98652,0.09726,0.99656,0.00144,0.0072,0.6,1.0,0.011,0.05115,9.69246,1.86408,0.23911,0.34989,0.765,0.77852,0.53646,0.765
17.62468,1.89319,-3.64073,-0.23094,-0.9599,0.15892,0.99802,0.01069,0.05345,0.6,1.0,0.00972,0.04756,8.84604,1.70789,0.23945,0.28197,0.45091,0.88849,0.58552,0.45091
17.99857,1.99131,-0.04235,-0.27905,-0.96005,0.02102,0.99939,0.0,0.0,nan,0.0,0.00649,0.03098,22.86737,1.91933,0.22317,0.46495,0.62982,0.4904,0.52102,0.62982
17.93384,1.94979,0.21618,-0.27126,-0.96228,0.02087,0.99704,0.0,0.0,nan,0.0,0.00739,0.0325,22.88467,1.7856,0.22266,0.46048,0.61255,0.537,0.56004,0.61255
17.00584,3.12385,-8.47836,0.00821,-0.43575,-0.90003,0.94947,0.0,0.0,nan,0.0,0.01131,0.04061,30.01053,1.90356,0.23217,0.52033,0.70603,0.57068,0.52533,0.70603
16.78625,2.23593,-7.97953,-0.03362,-0.68212,-0.73047,0.89681,0.0,0.0,nan,0.0,0.00302,0.0536,32.77427,1.85505,0.23466,0.66365,0.97994,0.34088,0.53907,0.97994
16.29618,2.07902,-4.20202,-0.124,-0.97095,0.20466,0.9989,0.0,0.0,nan,0.0,0.01392,0.05049,9.47128,1.89414,0.23418,0.35325,0.6259,0.94534,0.52794,0.6259
16.90074,2.32232,-2.96514,-0.19761,-0.96869,0.15033,0.99538,0.0,0.0,nan,0.0,0.00698,0.04586,9.47052,1.6781,0.22257,0.18866,0.42728,0.97696,0.59591,0.42728
17.05336,2.35909,-0.9701,-0.18769,-0.98156,0.03612,0.99264,0.0,0.0,nan,0.0,0.00469,0.04285,18.44374,1.84281,0.24229,0.50869,0.88411,0.41803,0.54265,0.88411
17.09321,2.5035,1.08463,-0.14692,-0.98906,0.01304,0.98706,0.0,0.0,nan,0.0,0.00636,0.03417,25.74258,1.7576,0.23098,0.49932,0.80095,0.4798,0.56896,0.80095
17.00714,2.49244,3.00959,-0.15495,-0.98784,0.0125,0.98912,0.0,0.0,nan,0.0,0.00869,0.02769,29.04386,1.75413,0.22731,0.46115,0.61522,0.72758,0.57008,0.61522
16.92443,2.6653,4.97964,-0.1415,-0.98758,0.06829,0.98804,0.0,0.0,nan,0.0,0.01515,0.03321,22.16586,1.73755,0.23646,0.57658,0.43357,0.86291,0.57552,0.43357
17.08014,2.74508,7.29095,0.11124,-0.78871,0.60461,0.89955,0.0,0.0,nan,0.0,0.01644,0.03053,26.49113,1.95156,0.23929,0.63724,0.7606,0.94099,0.51241,0.7606
16.17076,3.54715,8.00901,0.21626,-0.59933,0.77074,0.89671,0.0,0.0,nan,0.0,0.01497,0.05133,27.68098,1.81917,0.23469,0.61916,0.63267,0.50507,0.5497,0.63267
17.01225,4.93212,-9.07941,0.02213,-0.24594,-0.96903,0.99372,0.0,0.0,nan,0.0,0.01083,0.03299,27.84151,1.72515,0.23586,0.45934,0.64305,0.76568,0.57966,0.64305
16.00799,4.02529,-7.97701,-0.00345,-0.35483,-0.93493,0.97561,0.0,0.0,nan,0.0,0.01138,0.0289,25.49578,3.36278,0.23343,0.58777,0.44072,0.72284,0.29737,0.44072
17.99495,4.66749,7.99848,0.26909,-0.21821,0.93807,0.93783,0.0,0.0,nan,0.0,0.01628,0.09037,23.88195,1.66235,0.23816,0.61252,0.69137,0.31865,0.60156,0.69137
16.95433,4.97774,8.42448,0.30079,-0.12822,0.94503,0.93391,0.0,0.0,nan,0.0,0.00979,0.04078,20.41542,3.22501,0.24752,0.60282,0.54324,0.43743,0.31008,0.54324
17.14339,7.06467,-9.57455,0.12724,-0.22819,-0.96527,0.98628,0.0,0.0,nan,0.0,0.00863,0.03066,28.19742,1.90549,0.23808,0.38477,0.56158,0.78333,0.5248,0.56158
17.08934,7.09721,7.55788,0.24071,0.25821,0.93562,0.9943,0.0,0.0,nan,0.0,0.00344,0.02185,31.72619,1.85249,0.23316,0.47628,0.30222,0.35123,0.53981,0.30222
16.58175,6.44385,8.51305,0.29032,0.18792,0.9383,0.97345,0.0,0.0,nan,0.0,0.00362,0.01589,23.0933,1.80253,0.22484,0.57227,0.58338,0.43311,0.55478,0.58338
16.20531,9.30554,-10.12374,0.15962,-0.01417,-0.98708,0.96455,0.0,0.0,nan,0.0,0.00899,0.03243,22.259,1.90146,0.23106,0.34089,0.5334,0.88617,0.52591,0.5334
17.07339,8.84953,-9.62109,0.20607,-0.01014,-0.97849,0.98491,0.0,0.0,nan,0.0,0.00826,0.03745,24.71949,3.35892,0.2548,0.39486,0.81938,0.77584,0.29771,0.81938
16.94428,8.72698,7.06693,0.27045,0.14351,0.95198,0.96161,0.0,0.0,nan,0.0,0.01121,0.02793,41.27015,1.72537,0.23344,0.54816,0.52735,0.76792,0.57959,0.52735
16.04994,10.05577,-10.03171,0.20079,0.07655,-0.97664,0.9667,0.0,0.0,nan,0.0,0.01658,0.0471,24.52514,1.78102,0.23895,0.51523,0.76792,0.78392,0.56148,0.76792
16.9373,11.10177,-9.11972,0.38043,0.23216,-0.89519,0.98726,0.0,0.0,nan,0.0,0.00631,0.04404,38.41672,3.3682,0.23715,0.69892,0.82083,0.27878,0.29689,0.82083
17.95515,11.99634,-7.99295,0.44496,0.11042,-0.88871,0.8881,0.0,0.0,nan,0.0,0.00348,0.02427,33.79057,3.3659,0.24366,0.70751,0.90916,0.43715,0.2971,0.90916
16.86811,11.11883,7.42746,0.35472,-0.18856,0.91576,0.99166,0.0,0.0,nan,0.0,0.00759,0.02498,28.62846,1.84316,0.23023,0.47023,0.69205,0.69125,0.54255,0.69205
16.0055,11.67356,8.00449,0.29236,-0.20612,0.93383,0.9945,0.0,0.0,nan,0.0,0.0123,0.03748,25.75344,1.80253,0.24037,0.53745,0.50994,0.65823,0.55478,0.50994
17.1419,13.01229,-9.25214,0.42177,-0.12512,-0.89803,0.98305,0.0,0.0,nan,0.0,0.009,0.02645,26.48294,2.55653,0.23663,0.66363,0.77008,0.58949,0.39116,0.77008
17.434,12.4307,-7.64829,0.48731,-0.02317,-0.87292,0.7588,0.0,0.0,nan,0.0,0.00205,0.01603,29.08873,1.96623,0.2294,0.59451,0.93331,0.55563,0.50859,0.93331
17.55168,12.38026,7.81356,0.35353,-0.22557,0.90782,0.99411,0.0,0.0,nan,0.0,0.00552,0.0282,23.61696,1.8655,0.23536,0.47775,0.54824,0.44419,0.53605,0.54824
16.85599,13.15548,8.27779,0.28489,-0.13636,0.94881,0.97757,0.0,0.0,nan,0.0,0.01222,0.05525,17.67473,2.37109,0.2327,0.57278,0.40316,0.42982,0.42175,0.40316
16.20798,14.84063,-10.06126,0.05084,-0.00106,-0.99871,0.90131,0.0,0.0,nan,0.0,0.01145,0.0679,20.06784,3.33792,0.23948,0.45498,0.45199,0.40764,0.29959,0.45199
17.0643,14.94416,-9.62469,0.19636,-0.09433,-0.97598,0.94526,0.0,0.0,nan,0.0,0.01663,0.07012,24.35167,2.09132,0.23773,0.62376,0.67366,0.4115,0.47817,0.67366
17.30447,15.89964,7.9627,0.25319,0.17261,0.95189,0.99039,0.0,0.0,nan,0.0,0.00409,0.03833,30.39529,1.84277,0.241,0.71901,0.90887,0.32191,0.54266,0.90887
16.9708,14.93548,8.24584,0.25463,0.1336,0.95776,0.98422,0.0,0.0,nan,0.0,0.00795,0.03702,26.06065,2.04937,0.22451,0.68799,0.71038,0.33609,0.48796,0.71038
16.99661,17.13988,-9.579,0.00925,0.25299,-0.96743,0.92999,0.0,0.0,nan,0.0,0.00468,0.02582,23.48486,2.20796,0.23338,0.41001,0.34929,0.47952,0.45291,0.34929
17.01716,17.04299,7.89822,0.2327,0.13538,0.96308,0.9854,0.0,0.0,nan,0.0,0.01156,0.03182,34.84035,2.25988,0.23751,0.71418,0.71149,0.53787,0.4425,0.71149
16.97992,18.89685,-8.85833,-0.1803,0.10379,-0.97812,0.93939,0.0,0.0,nan,0.0,0.01325,0.0599,42.33258,1.63867,0.23713,0.42187,0.45662,0.54927,0.61025,0.45662
17.03058,18.92866,7.38491,0.28747,-0.14166,0.94726,0.98383,0.0,0.0,nan,0.0,0.0048,0.0262,34.99574,3.51495,0.24036,0.7483,0.8976,0.49061,0.2845,0.8976
16.42502,19.78563,8.1422,0.29163,-0.24645,0.92424,0.99244,0.0,0.0,nan,0.0,0.00917,0.03737,29.45985,3.23968,0.23938,0.66387,0.7908,0.45411,0.30867,0.7908
16.82277,21.12037,-9.28861,-0.37482,0.03552,-0.92642,0.88771,0.0,0.0,nan,0.0,0.02842,0.05776,35.11588,2.74681,0.23073,0.57111,0.63625,0.91048,0.36406,0.63625
16.10492,21.86969,-7.80369,-0.48722,0.04566,-0.87209,0.97336,0.0,0.0,nan,0.0,0.01249,0.03797,35.24389,2.52275,0.22451,0.59945,0.81037,0.71908,0.39639,0.81037
17.76701,20.2116,7.9149,0.35253,-0.22747,0.90773,0.98589,0.0,0.0,nan,0.0,0.00637,0.06713,37.45929,1.63867,0.23555,0.79906,0.91564,0.26625,0.61025,0.91564
16.98589,20.99407,8.39,0.30335,-0.17082,0.93744,0.97326,0.0,0.0,nan,0.0,0.01046,0.05235,18.16015,1.80253,0.23739,0.51429,0.61474,0.43133,0.55478,0.61474
17.10693,22.9789,-8.8561,-0.39871,0.0463,-0.91591,0.98315,0.0,0.0,nan,0.0,0.02259,0.04379,36.91483,1.90673,0.22799,0.66303,0.68716,0.82016,0.52446,0.68716
16.31765,23.03899,-7.69753,-0.45757,-0.00062,-0.88917,0.94429,0.0,0.0,nan,0.0,0.00714,0.04589,34.16277,1.89025,0.21916,0.71704,0.94927,0.63411,0.52903,0.94927
17.75305,23.53202,7.60829,0.3993,0.07013,0.91413,0.99519,0.0,0.0,nan,0.0,0.00249,0.03105,30.1579,2.19123,0.23572,0.7277,0.95359,0.337,0.45637,0.95359
17.10945,22.99341,8.5298,0.28087,0.0687,0.95728,0.96846,0.0,0.0,nan,0.0,0.00627,0.0316,26.55083,1.743,0.23792,0.70799,0.76832,0.32006,0.57372,0.76832
16.96302,25.07736,-8.96975,-0.34168,-0.03762,-0.93906,0.98236,0.0,0.0,nan,0.0,0.01989,0.04681,31.76304,2.5247,0.22815,0.59004,0.59051,0.76543,0.39609,0.59051
16.2633,24.64216,-7.81725,-0.35127,-0.09074,-0.93187,0.94977,0.0,0.0,nan,0.0,0.01291,0.04181,29.3721,2.60064,0.23464,0.5804,0.76466,0.59617,0.38452,0.76466
17.84991,24.67169,7.56966,0.43589,0.07416,0.89694,0.99881,0.0,0.0,nan,0.0,0.00633,0.03325,39.97838,1.67622,0.2363,0.77199,0.87042,0.42135,0.59658,0.87042
16.92998,25.13752,8.13124,0.27242,0.04921,0.96092,0.97531,0.0,0.0,nan,0.0,0.01866,0.04321,46.52341,1.66069,0.24081,0.76628,0.7177,0.58788,0.60216,0.7177
16.95469,26.93884,-9.01329,-0.26795,-0.06222,-0.96142,0.99538,0.0,0.0,nan,0.0,0.00791,0.02998,29.22192,1.86792,0.2322,0.56066,0.84572,0.72488,0.53535,0.84572
17.51128,27.35454,7.64594,0.41529,-0.16858,0.89393,0.98951,0.0,0.0,nan,0.0,0.01126,0.0378,41.31194,2.19385,0.23993,0.67323,0.65727,0.46405,0.45582,0.65727
16.91676,26.98197,8.37299,0.32166,-0.16603,0.93218,0.98178,0.0,0.0,nan,0.0,0.01057,0.03661,44.58112,2.19103,0.23602,0.7039,0.49404,0.42848,0.45641,0.49404
17.08789,29.03049,-8.84679,-0.28395,-0.05653,-0.95717,0.99969,0.0,0.0,nan,0.0,0.00489,0.02995,24.21816,2.03851,0.23319,0.53248,0.89469,0.6188,0.49055,0.89469
17.825,28.11388,7.90054,0.46084,-0.21683,0.86059,0.99489,0.0,0.0,nan,0.0,0.00703,0.03496,40.15193,2.0517,0.23638,0.6759,0.78344,0.34966,0.4874,0.78344
17.01735,28.89308,8.8876,0.33103,-0.1844,0.92543,0.96592,0.0,0.0,nan,0.0,0.01007,0.04954,36.42845,1.75475,0.24647,0.71374,0.70509,0.30034,0.56988,0.70509
17.00359,30.98707,-9.04378,-0.27262,-0.07382,-0.95928,0.99401,0.0,0.0,nan,0.0,0.01906,0.11294,23.06254,2.86322,0.2295,0.41328,0.5779,0.44374,0.34926,0.5779
16.97645,31.0499,8.8778,0.31739,0.02624,0.94793,0.99039,0.0,0.0,nan,0.0,0.00987,0.02672,31.57733,2.00195,0.23677,0.60098,0.66084,0.65368,0.49951,0.66084
17.77559,33.91093,-10.1141,-0.04125,-0.15509,-0.98704,0.93391,0.0,0.0,nan,0.0,0.00361,0.0376,43.0615,1.80253,0.24572,0.50653,0.87783,0.33528,0.55478,0.87783
17.00774,33.01466,-9.31016,-0.16512,-0.16293,-0.97272,0.98549,0.0,0.0,nan,0.0,0.00185,0.03351,34.0371,3.4412,0.25804,0.38428,0.85026,0.22381,0.2906,0.85026
16.89001,33.11607,8.73209,0.39302,0.0387,0.91872,0.99401,0.0,0.0,nan,0.0,0.00581,0.02023,31.15439,1.80253,0.23164,0.60292,0.87287,0.83493,0.55478,0.87287
17.69742,34.45522,-10.16908,-0.05742,-0.13796,-0.98877,0.93009,0.0,0.0,nan,0.0,0.0032,0.04218,39.88573,1.63867,0.2426,0.55262,0.92109,0.31873,0.61025,0.92109
16.92363,35.03111,-9.62846,-0.14629,-0.11379,-0.98268,0.99323,0.0,0.0,nan,0.0,0.00191,0.03662,24.33828,1.80253,0.2349,0.53246,0.96341,0.33485,0.55478,0.96341
16.91386,34.92395,8.62863,0.44512,-0.10552,0.88923,0.99323,0.0,0.0,nan,0.0,0.01224,0.0374,24.10009,2.69783,0.23478,0.49911,0.63599,0.71049,0.37067,0.63599
16.03307,37.90414,-10.03287,0.08934,-0.13127,-0.98731,0.97257,0.0,0.0,nan,0.0,0.0081,0.15737,19.47814,1.63867,0.23406,0.66341,0.97679,0.31178,0.61025,0.97679
16.99304,37.01222,-9.54496,-0.0607,-0.01352,-0.99806,0.99704,0.0,0.0,nan,0.0,0.01154,0.0418,12.50248,1.84836,0.23968,0.33904,0.51608,0.94474,0.54102,0.51608
17.73094,37.74827,7.89172,0.3705,0.03383,0.92822,0.9804,0.0,0.0,nan,0.0,0.00494,0.03027,35.77125,1.74449,0.24867,0.40062,0.65632,0.43038,0.57323,0.65632
17.12854,37.15955,9.19484,0.40135,0.04401,0.91487,0.99147,0.0,0.0,nan,0.0,0.00531,0.02757,36.20272,3.20003,0.24742,0.4225,0.48251,0.48134,0.3125,0.48251
16.07559,38.4106,-10.01908,0.14801,-0.14273,-0.97863,0.97101,0.0,0.0,nan,0.0,0.01188,0.11021,35.3105,1.80253,0.24772,0.73211,0.89862,0.29658,0.55478,0.89862
17.02057,39.05296,-9.89257,0.16457,-0.061,-0.98448,0.9947,0.0,0.0,nan,0.0,0.00324,0.03175,23.00887,1.80253,0.23567,0.41352,0.52865,0.26821,0.55478,0.52865
17.84365,38.0645,7.9173,0.3593,0.05723,0.93146,0.98363,0.0,0.0,nan,0.0,0.00603,0.03517,37.42215,2.03496,0.24586,0.39818,0.52861,0.45375,0.49141,0.52861
17.11857,39.06092,8.85483,0.35112,0.11111,0.92972,0.9993,0.0,0.0,nan,0.0,0.00805,0.03088,44.7216,1.89995,0.24172,0.4143,0.68955,0.65778,0.52633,0.68955
16.81791,41.47049,-10.57646,0.232,-0.14199,-0.9623,0.96895,0.0,0.0,nan,0.0,0.00677,0.0242,29.05235,2.51613,0.23101,0.37058,0.49747,0.80677,0.39744,0.49747
17.08502,40.68768,-9.46608,0.2443,-0.16692,-0.95523,0.9716,0.0,0.0,nan,0.0,0.00619,0.02803,25.18857,2.49106,0.23595,0.40383,0.62471,0.59061,0.40144,0.62471
16.96716,41.02522,8.60488,0.34954,-0.06858,0.93441,0.98168,0.0,0.0,nan,0.0,0.01287,0.04542,32.11091,1.67612,0.23441,0.40176,0.65665,0.74937,0.59662,0.65665
17.01908,43.01882,-10.67121,0.12128,-0.06463,-0.99051,0.97022,0.0,0.0,nan,0.0,0.00947,0.02872,32.04112,2.2235,0.23322,0.41443,0.48199,0.84506,0.44974,0.48199
17.06051,42.91618,9.22997,0.35324,-0.24889,0.90182,0.99401,0.0,0.0,nan,0.0,0.00726,0.03232,21.03368,1.82527,0.23774,0.39405,0.38737,0.62463,0.54786,0.38737
16.21115,43.72414,10.07806,0.28864,-0.14835,0.94587,0.95691,0.0,0.0,nan,0.0,0.01361,0.04322,22.92448,1.92366,0.23318,0.48698,0.57978,0.70292,0.51984,0.57978
16.87371,45.06192,-10.34049,0.10388,-0.16173,-0.98135,0.99695,0.0,0.0,nan,0.0,0.011,0.02563,24.16556,2.72007,0.24604,0.52967,0.42092,0.87746,0.36764,0.42092
17.41333,45.06598,-9.8618,0.10588,-0.11743,-0.98742,0.97874,0.0,0.0,nan,0.0,0.00911,0.02168,21.80283,2.6854,0.22709,0.48234,0.48942,0.95163,0.37238,0.48942
16.96861,45.00918,9.61891,0.30249,0.00329,0.95315,0.98833,0.0,0.0,nan,0.0,0.00983,0.033,31.0817,1.98096,0.22937,0.47804,0.63823,0.66327,0.50481,0.63823
16.1466,44.12887,10.04708,0.27122,-0.07187,0.95983,0.96797,0.0,0.0,nan,0.0,0.01221,0.03939,23.93302,1.67321,0.24203,0.4634,0.35542,0.72466,0.59765,0.35542
17.02477,47.06213,-11.03317,0.28524,0.06041,-0.95655,0.93753,0.0,0.0,nan,0.0,0.01455,0.0279,19.31155,2.38166,0.24063,0.61861,0.38818,0.9301,0.41988,0.38818
16.90772,47.02192,9.40968,0.30466,0.10575,0.94657,0.99117,0.0,0.0,nan,0.0,0.02133,0.03807,41.10374,1.87441,0.22827,0.65569,0.41776,0.89594,0.5335,0.41776
16.21734,47.7062,10.05258,0.24885,0.06635,0.96627,0.97727,0.0,0.0,nan,0.0,0.01182,0.02767,39.27203,1.83957,0.23181,0.6033,0.75048,0.74543,0.5436,0.75048
16.83806,48.87792,-10.46543,0.33691,0.1837,-0.92344,0.99147,0.0,0.0,nan,0.0,0.0064,0.02468,26.50186,2.19339,0.23507,0.50286,0.48841,0.55459,0.45591,0.48841
17.358,49.28428,-9.24359,0.33751,0.10148,-0.93584,0.87244,0.0,0.0,nan,0.0,0.00496,0.01754,30.33705,2.70269,0.23362,0.4584,0.50442,0.65806,0.37,0.50442
16.69035,48.8615,9.04858,0.31529,-0.05781,0.94723,0.98089,0.0,0.0,nan,0.0,0.00816,0.02211,33.30475,1.63867,0.23857,0.57833,0.59861,0.6764,0.61025,0.59861
16.10711,48.07614,10.04078,0.26485,0.03487,0.96366,0.98187,0.0,0.0,nan,0.0,0.01174,0.02546,37.62806,1.80253,0.23492,0.5875,0.75422,0.83819,0.55478,0.75422
16.95425,51.00307,-10.62689,0.25415,-0.14049,-0.95691,0.98638,0.0,0.0,nan,0.0,0.0067,0.02053,33.92645,3.35091,0.24254,0.55972,0.7275,0.61753,0.29843,0.7275
17.59199,50.29247,-9.94207,0.2839,-0.07169,-0.95617,0.98089,0.0,0.0,nan,0.0,0.00837,0.01905,32.6898,3.33405,0.24174,0.61056,0.66877,0.76343,0.29994,0.66877
17.11453,50.93524,9.80402,0.21005,-0.2348,0.94908,0.98745,0.0,0.0,nan,0.0,0.0077,0.03665,30.62826,3.56887,0.24984,0.48993,0.65159,0.45707,0.2802,0.65159
16.30713,51.13299,10.13437,0.17762,-0.15614,0.97163,0.97111,0.0,0.0,nan,0.0,0.00858,0.03333,27.67882,3.33599,0.23309,0.49187,0.49032,0.56132,0.29976,0.49032
16.90224,52.97334,-10.69394,0.16239,-0.09287,-0.98235,0.99342,0.0,0.0,nan,0.0,0.0091,0.02622,22.63405,3.52463,0.23808,0.69235,0.69974,0.54535,0.28372,0.69974
17.54919,52.33561,-9.82115,0.19223,-0.21164,-0.95826,0.98608,0.0,0.0,nan,0.0,0.00768,0.02524,23.01479,1.85697,0.243,0.67184,0.58838,0.49214,0.53851,0.58838
16.888,53.03919,9.93845,0.08215,0.08275,0.99318,0.99098,0.0,0.0,nan,0.0,0.01306,0.03406,26.17607,1.8739,0.23192,0.60268,0.78716,0.7774,0.53365,0.78716
17.29919,52.92902,10.09691,0.09234,0.05916,0.99397,0.97717,0.0,0.0,nan,0.0,0.0101,0.0303,26.66348,1.63867,0.23551,0.60851,0.78839,0.6714,0.61025,0.78839
16.95786,55.08316,-10.74162,0.18502,0.27027,-0.94484,0.94752,0.0,0.0,nan,0.0,0.01202,0.0393,20.67899,1.92531,0.23206,0.63321,0.62179,0.5297,0.5194,0.62179
17.66428,55.91999,-9.90139,0.16315,0.32819,-0.93041,0.99147,0.0,0.0,nan,0.0,0.01298,0.03318,22.43303,3.49583,0.24465,0.50582,0.4001,0.84226,0.28605,0.4001
16.9441,55.01089,9.53853,0.1338,0.00714,0.99098,0.98608,0.0,0.0,nan,0.0,0.01753,0.03675,39.48747,1.89844,0.2323,0.57231,0.44258,0.87588,0.52675,0.44258
16.30755,56.05204,-10.12921,0.18995,0.34655,-0.9186,0.99587,0.0,0.0,nan,0.0,0.01249,0.03331,20.97902,1.94238,0.23081,0.53883,0.40568,0.7619,0.51483,0.40568
17.00996,56.9388,-9.45343,0.16153,0.22149,-0.96169,0.97952,0.0,0.0,nan,0.0,0.0134,0.03094,25.50359,1.99022,0.22476,0.48962,0.61703,0.95401,0.50246,0.61703
17.03371,56.34803,9.61398,0.15347,-0.21277,0.96498,0.99107,0.0,0.0,nan,0.0,0.00933,0.02942,30.10346,1.88428,0.23487,0.55301,0.3726,0.61131,0.53071,0.3726
16.87359,57.3896,10.30375,0.10747,-0.28227,0.9533,0.99,0.0,0.0,nan,0.0,0.00687,0.03153,29.62305,2.26982,0.23279,0.52776,0.54047,0.44084,0.44056,0.54047
17.01469,59.03506,-9.66209,0.1513,-0.01859,-0.98831,0.99969,0.0,0.0,nan,0.0,0.01443,0.0326,24.54425,2.01666,0.23829,0.49958,0.53066,0.95815,0.49587,0.53066
16.97894,58.95113,10.75951,0.0812,-0.1508,0.98522,0.96513,0.0,0.0,nan,0.0,0.01407,0.07166,29.79134,1.63867,0.23827,0.64353,0.54432,0.32553,0.61025,0.54432
17.04927,60.89146,-9.43777,0.11955,-0.00053,-0.99283,0.99832,0.0,0.0,nan,0.0,0.00827,0.02353,22.29609,1.76499,0.22525,0.56552,0.68303,0.67712,0.56657,0.68303
16.97119,61.10886,10.84651,0.11265,0.06263,0.99166,0.94859,0.0,0.0,nan,0.0,0.00985,0.05353,29.7825,1.82361,0.23557,0.54816,0.64696,0.35809,0.54836,0.64696
16.98919,63.05232,-9.42277,0.10597,0.17077,-0.9796,0.97737,0.0,0.0,nan,0.0,0.00884,0.04342,21.72832,1.91931,0.23,0.73005,0.69515,0.30452,0.52102,0.69515
16.98088,62.99097,10.51266,0.18316,0.11224,0.97665,0.96748,0.0,0.0,nan,0.0,0.00625,0.04208,34.7578,1.67742,0.24118,0.64868,0.88394,0.42354,0.59616,0.88394
17.00684,65.14034,-8.82858,0.08188,0.04956,-0.99541,0.97463,0.0,0.0,nan,0.0,0.00405,0.02115,20.43246,1.71494,0.23582,0.5223,0.90865,0.81676,0.58311,0.90865
17.05,65.1693,9.6781,0.18551,0.14955,0.9712,0.98119,0.0,0.0,nan,0.0,0.00296,0.03353,41.20964,1.63867,0.23864,0.79717,0.92541,0.2647,0.61025,0.92541
17.01954,64.48604,10.00061,0.21008,0.09475,0.97308,0.99509,0.0,0.0,nan,0.0,0.00491,0.03618,38.34306,2.2085,0.23647,0.7528,0.89312,0.34988,0.4528,0.89312
17.05488,67.04285,-9.17859,0.06444,0.01409,-0.99782,0.99704,0.0,0.0,nan,0.0,0.00712,0.04264,14.97228,1.90145,0.24283,0.72474,0.82334,0.34147,0.52591,0.82334
17.08362,67.06786,9.76588,0.1636,0.07175,0.98391,0.99333,0.0,0.0,nan,0.0,0.01604,0.04108,36.62854,2.67051,0.23034,0.62792,0.52231,0.65572,0.37446,0.52231
16.5037,66.43387,10.27639,0.20902,0.13037,0.96918,0.99352,0.0,0.0,nan,0.0,0.00559,0.02799,41.30375,1.87007,0.24197,0.72707,0.85061,0.42455,0.53474,0.85061
16.98036,69.033,-8.842,0.07621,0.23109,-0.96994,0.99675,0.0,0.0,nan,0.0,0.00892,0.04955,6.0591,1.66771,0.22399,0.45437,0.83805,0.73357,0.59963,0.83805
16.87241,68.88798,9.59594,0.06988,0.14537,0.98691,0.98256,0.0,0.0,nan,0.0,0.01658,0.04294,41.98624,1.72049,0.24217,0.5554,0.43623,0.72842,0.58123,0.43623
16.71824,69.57599,10.04249,0.01647,0.1871,0.9822,0.93352,0.0,0.0,nan,0.0,0.01271,0.04101,43.94924,1.69351,0.24139,0.53915,0.50056,0.60089,0.59049,0.50056
16.96836,70.85476,-8.31534,0.06812,0.38556,-0.92016,0.99499,0.0,0.0,nan,0.0,0.01289,0.05729,7.31163,2.26201,0.22481,0.3252,0.40874,0.88129,0.44208,0.40874
17.10288,71.78242,-7.86505,0.05771,0.50901,-0.85883,0.99019,0.0,0.0,nan,0.0,0.01349,0.0652,8.66493,1.64961,0.23444,0.3121,0.38686,0.81586,0.60621,0.38686
16.5412,71.82573,7.79764,-0.10982,0.783,0.61226,0.9946,0.0,0.0,nan,0.0,0.01984,0.05865,9.54384,2.16316,0.22771,0.47812,0.73446,0.85557,0.46229,0.73446
16.99425,71.12141,9.1657,-0.11126,0.56076,0.82047,0.94693,0.0,0.0,nan,0.0,0.00703,0.07979,42.1661,1.73753,0.24914,0.34582,0.62045,0.26681,0.57553,0.62045
17.66813,70.09681,10.03476,-0.01061,0.19734,0.98028,0.91052,0.0,0.0,nan,0.0,0.00786,0.04719,44.62014,1.776,0.2428,0.4924,0.86233,0.55144,0.56306,0.86233
16.99244,72.97807,-7.02502,0.03333,0.74754,-0.66338,0.96484,0.0,0.0,nan,0.0,0.01138,0.05652,10.59785,1.87964,0.22611,0.23927,0.56124,1.0,0.53202,0.56124
17.01539,73.91061,-4.93173,-0.01983,0.98233,-0.18609,0.98256,0.06033,0.06033,0.6,0.56467,0.01698,0.07649,12.61055,1.63867,0.23762,0.25722,0.45121,1.0,0.61025,0.45121
17.05123,73.81126,-2.93596,-0.02254,0.99848,0.05034,0.99832,0.02623,0.13114,0.7,1.0,0.01549,0.08757,14.35724,1.63867,0.22369,0.20272,0.38586,0.99419,0.61025,0.38586
16.95111,73.60791,-1.00549,0.03475,0.99927,0.0161,0.99734,0.00168,0.00839,0.6,1.0,0.01896,0.10161,15.71128,1.72647,0.22002,0.21031,0.54005,1.0,0.57922,0.54005
16.96371,73.67698,0.97754,0.0632,0.99799,0.00512,0.99812,0.00678,0.0339,0.6,1.0,0.02557,0.10551,16.57964,1.8204,0.21467,0.28178,0.61668,0.96387,0.54933,0.61668
16.98372,73.67516,3.0117,0.097,0.99337,0.06165,0.9992,0.04206,0.04206,0.51,0.68293,0.02791,0.11689,14.33224,1.9806,0.22446,0.37133,0.67809,0.7326,0.5049,0.67809
16.95768,73.4953,5.08187,0.0734,0.97056,0.2294,0.9897,0.00996,0.04982,0.6,1.0,0.02733,0.0892,13.25883,1.89195,0.23351,0.38394,0.46372,0.91843,0.52855,0.46372
17.01902,72.68717,6.89449,-0.08655,0.86703,0.49069,0.98765,0.01023,0.05117,0.6,1.0,0.01739,0.06862,12.19972,2.03245,0.23249,0.45627,0.45366,0.6464,0.49202,0.45366
17.80928,72.10306,8.16303,-0.21858,0.74764,0.6271,0.99098,0.0,0.0,nan,0.0,0.01181,0.0758,14.06289,1.91542,0.22471,0.54042,0.74146,0.32935,0.52208,0.74146
17.63039,74.00681,-4.87709,-0.03989,0.98226,-0.18323,0.97717,0.0,0.0,nan,0.0,0.01723,0.08499,12.23786,1.68457,0.23741,0.23631,0.34508,0.99802,0.59362,0.34508
19.01016,1.5282,-7.00498,-0.00011,-0.86825,-0.49612,0.90366,0.00248,0.0124,0.51,1.0,0.01535,0.13987,13.23536,1.94333,0.23629,0.58569,0.82176,0.28002,0.51458,0.82176
18.96216,1.3197,-4.97968,-0.20132,-0.97939,-0.01606,0.9897,0.0064,0.032,0.6,1.0,0.01853,0.05733,7.81763,1.84704,0.23918,0.43326,0.35534,0.93705,0.54141,0.35534
19.04934,1.55643,-3.04955,-0.32312,-0.94073,0.10305,0.99949,0.01661,0.08306,0.6,1.0,0.01577,0.07549,10.20814,1.69026,0.23667,0.59548,0.71809,0.41955,0.59162,0.71809
19.1271,1.64297,-0.94278,-0.33558,-0.9408,0.04781,0.99832,0.0,0.0,nan,0.0,0.0055,0.04131,18.2653,1.76546,0.22904,0.54767,0.90745,0.54402,0.56643,0.90745
19.05375,1.61157,1.09232,-0.36396,-0.9314,-0.00446,0.999,0.0,0.0,nan,0.0,0.01058,0.03617,26.016,1.89345,0.22531,0.42181,0.58489,0.74697,0.52814,0.58489
19.26991,1.4864,2.9694,-0.41173,-0.9113,0.00342,0.99969,0.0,0.0,nan,0.0,0.01594,0.04625,26.90841,2.05794,0.21899,0.43931,0.42248,0.84274,0.48592,0.42248
19.16186,1.58081,5.02347,-0.28903,-0.92628,0.24179,0.92314,0.0,0.0,nan,0.0,0.023,0.05063,27.95552,2.32116,0.23751,0.55215,0.52637,0.8817,0.43082,0.52637
19.34505,1.68562,6.37465,-0.12528,-0.82941,0.54441,0.81058,0.0,0.0,nan,0.0,0.01929,0.05273,32.40689,2.21004,0.23217,0.60663,0.75934,0.66008,0.45248,0.75934
18.97839,3.03505,-8.57707,0.17366,-0.33684,-0.92541,0.88174,0.0,0.0,nan,0.0,0.00551,0.06075,32.30544,2.54258,0.22838,0.4663,0.8969,0.39008,0.3933,0.8969
18.93022,2.09543,-7.93288,0.09767,-0.63045,-0.77006,0.86138,0.0,0.0,nan,0.0,0.0132,0.09322,25.97348,2.03982,0.23644,0.53923,0.74424,0.28278,0.49024,0.74424
18.18263,2.08308,-2.42731,-0.29074,-0.95176,0.09811,0.99528,0.00551,0.02753,0.6,1.0,0.01338,0.05318,10.71295,1.70137,0.22077,0.46537,0.69177,0.64158,0.58776,0.69177
18.16307,2.00443,-1.00066,-0.3029,-0.95157,0.05264,0.9991,0.0,0.0,nan,0.0,0.00602,0.03297,18.39786,2.05213,0.22711,0.46248,0.69075,0.43756,0.4873,0.69075
18.26875,2.30104,1.2768,-0.29404,-0.95568,0.01441,0.98941,0.0,0.0,nan,0.0,0.01105,0.0371,26.65787,1.72305,0.23014,0.44237,0.65047,0.72365,0.58037,0.65047
18.39753,2.11961,3.09214,-0.31641,-0.9486,0.00693,0.99244,0.0,0.0,nan,0.0,0.01327,0.03392,28.77981,1.76637,0.22448,0.42694,0.45201,0.98037,0.56613,0.45201
18.15042,2.00829,4.69202,-0.25617,-0.96053,0.10843,0.98148,0.0,0.0,nan,0.0,0.01772,0.03744,25.52777,2.22193,0.23274,0.51964,0.49577,0.98233,0.45006,0.49577
18.95764,2.84138,7.15284,0.08633,-0.6127,0.78559,0.87812,0.0,0.0,nan,0.0,0.00854,0.05092,30.36174,1.89161,0.2388,0.48342,0.77918,0.4077,0.52865,0.77918
18.9951,5.04322,-8.56154,0.31828,-0.16251,-0.93397,0.98598,0.0,0.0,nan,0.0,0.01292,0.04239,31.09613,3.49772,0.24564,0.41596,0.33573,0.78022,0.2859,0.33573
19.71223,4.19303,-7.95049,0.40085,-0.15133,-0.90356,0.98589,0.0,0.0,nan,0.0,0.01247,0.04001,28.70914,2.14984,0.22725,0.48443,0.55249,0.6885,0.46515,0.55249
19.05289,4.92294,7.72574,0.28673,-0.14121,0.94755,0.97727,0.0,0.0,nan,0.0,0.0136,0.05426,17.41805,1.80253,0.24011,0.48309,0.40789,0.57844,0.55478,0.40789
18.1063,5.28629,8.03192,0.2733,-0.07603,0.95892,0.97277,0.0,0.0,nan,0.0,0.00768,0.02838,18.37087,1.76988,0.24937,0.54611,0.58538,0.54951,0.56501,0.58538
19.13059,7.01868,-9.25942,0.37676,-0.16005,-0.91238,0.96435,0.0,0.0,nan,0.0,0.00832,0.02694,26.47491,1.82282,0.23121,0.34917,0.27714,0.95173,0.5486,0.27714
19.03743,7.03039,7.54404,0.23177,0.1999,0.95201,0.99254,0.0,0.0,nan,0.0,0.00951,0.02785,18.58467,1.63867,0.23445,0.49388,0.35267,0.76534,0.61025,0.35267
18.37969,6.8021,8.03395,0.2149,0.20891,0.95403,0.97531,0.0,0.0,nan,0.0,0.00977,0.0249,20.50552,2.0981,0.23828,0.53149,0.28398,0.81036,0.47662,0.28398
19.1583,8.98232,-9.46447,0.39282,0.07974,-0.91615,0.92853,0.0,0.0,nan,0.0,0.00514,0.02028,22.20387,1.83121,0.22787,0.39804,0.62318,0.6941,0.54609,0.62318
19.98103,8.01291,-7.99814,0.56504,-0.04877,-0.82362,0.999,0.0,0.0,nan,0.0,0.00556,0.02526,25.23838,1.63867,0.22564,0.30054,0.28704,0.79116,0.61025,0.28704
18.89057,9.0762,6.77228,0.24824,0.21449,0.94465,0.99225,0.0,0.0,nan,0.0,0.00728,0.03606,37.40679,1.865,0.24172,0.51015,0.73069,0.41672,0.53619,0.73069
18.92719,10.80939,-8.66923,0.39238,0.3118,-0.86535,0.98158,0.0,0.0,nan,0.0,0.01176,0.05199,35.45085,2.52775,0.22528,0.70684,0.55625,0.33812,0.39561,0.55625
19.36535,11.60518,-7.86268,0.3839,0.1948,-0.90259,0.94879,0.0,0.0,nan,0.0,0.01247,0.03088,33.14121,3.06114,0.25461,0.73693,0.69753,0.58099,0.32668,0.69753
18.75311,10.8845,6.24972,0.34154,-0.08306,0.93619,0.92794,0.0,0.0,nan,0.0,0.00717,0.02448,29.02346,1.72631,0.23664,0.50977,0.59431,0.61381,0.57927,0.59431
18.95391,13.54179,-8.43331,0.3413,-0.31701,-0.88488,0.97394,0.0,0.0,nan,0.0,0.00765,0.02693,26.91899,3.16825,0.23896,0.6567,0.54679,0.46479,0.31563,0.54679
18.98317,12.70288,-7.41146,0.344,-0.15625,-0.92588,0.8602,0.0,0.0,nan,0.0,0.00395,0.02681,25.79612,2.80933,0.23938,0.6818,0.83515,0.32009,0.35596,0.83515
19.04328,12.87801,7.49633,0.43669,-0.16339,0.88465,0.96974,0.0,0.0,nan,0.0,0.00542,0.0344,25.28465,1.90202,0.24091,0.47949,0.57097,0.35479,0.52576,0.57097
18.16207,13.77688,8.04362,0.38678,-0.03455,0.92153,0.95701,0.0,0.0,nan,0.0,0.00714,0.0553,33.16086,2.40396,0.23355,0.61147,0.81119,0.2785,0.41598,0.81119
18.98779,14.91978,-9.21891,0.33648,-0.18839,-0.92265,0.93274,0.0,0.0,nan,0.0,0.00712,0.03988,16.54321,1.80253,0.24289,0.49398,0.56834,0.40518,0.55478,0.56834
19.00739,14.95574,6.84774,0.48769,0.08215,0.86914,0.99802,0.0,0.0,nan,0.0,0.00485,0.03554,32.74699,2.53377,0.2407,0.80329,0.88914,0.32499,0.39467,0.88914
18.13011,14.70248,8.04805,0.37578,0.0736,0.92378,0.97257,0.0,0.0,nan,0.0,0.00269,0.03402,32.84024,1.79119,0.2332,0.79463,0.93869,0.2668,0.55829,0.93869
18.97362,17.06143,-8.88113,0.29842,0.15437,-0.94187,0.99479,0.0,0.0,nan,0.0,0.00767,0.02985,22.74757,1.88732,0.23484,0.44377,0.5509,0.62989,0.52985,0.5509
19.9205,17.97842,5.98108,0.69439,0.03606,0.7187,0.96513,0.0,0.0,nan,0.0,0.0078,0.03853,41.39323,2.18372,0.23549,0.67344,0.82234,0.41021,0.45793,0.82234
19.07099,16.99848,7.19501,0.47099,0.13358,0.87197,0.98569,0.0,0.0,nan,0.0,0.0094,0.02937,38.80677,1.8731,0.23749,0.70086,0.7778,0.52688,0.53387,0.7778
18.95929,18.86162,-8.7688,0.24216,-0.0299,-0.96978,0.9899,0.0,0.0,nan,0.0,0.00932,0.02803,24.45779,1.92111,0.23301,0.41387,0.45091,0.86934,0.52053,0.45091
19.72769,18.45892,-7.83449,0.33287,-0.00682,-0.94295,0.94712,0.0,0.0,nan,0.0,0.00685,0.02313,22.1412,1.99928,0.22447,0.40396,0.43444,0.79984,0.50018,0.43444
19.87441,18.60149,5.96397,0.7034,-0.03884,0.70973,0.97052,0.0,0.0,nan,0.0,0.01207,0.03585,39.69178,2.31359,0.23605,0.65734,0.63263,0.53805,0.43223,0.63263
18.88718,19.13988,6.48524,0.4967,-0.09553,0.86265,0.97414,0.0,0.0,nan,0.0,0.00952,0.03637,31.92483,1.84931,0.23945,0.59207,0.83855,0.65528,0.54074,0.83855
18.98962,21.02604,-9.1152,0.15501,-0.14796,-0.97677,0.96788,0.0,0.0,nan,0.0,0.01323,0.03619,22.54797,1.72367,0.24405,0.52085,0.75435,0.7748,0.58016,0.75435
19.09933,20.92726,7.47321,0.47187,-0.16717,0.86568,0.97404,0.0,0.0,nan,0.0,0.01774,0.09315,29.09797,1.81247,0.25794,0.81821,0.71359,0.24877,0.55173,0.71359
18.13256,21.50869,8.06238,0.39998,-0.08477,0.9126,0.96181,0.0,0.0,nan,0.0,0.0094,0.05988,19.51822,2.3888,0.22902,0.72239,0.72385,0.23966,0.41862,0.72385
18.98852,22.85927,-9.41076,0.05523,-0.01579,-0.99835,0.9391,0.0,0.0,nan,0.0,0.01321,0.04396,20.77359,1.78584,0.23713,0.59789,0.74984,0.55104,0.55996,0.74984
19.05039,23.13488,7.27135,0.5037,0.08806,0.85938,0.99949,0.0,0.0,nan,0.0,0.00299,0.03192,28.30171,2.19614,0.23573,0.77734,0.90691,0.25892,0.45534,0.90691
18.2,22.31158,8.08548,0.41852,0.04017,0.90732,0.97522,0.0,0.0,nan,0.0,0.00292,0.04076,28.63965,3.60506,0.23829,0.68192,0.90691,0.22593,0.27739,0.90691
18.96043,24.99328,-9.06244,-0.0081,0.01289,-0.99988,0.96533,0.0,0.0,nan,0.0,0.01127,0.03704,23.6855,1.81364,0.23771,0.51141,0.57872,0.64542,0.55138,0.57872
19.10129,25.01994,7.20974,0.51388,0.06448,0.85544,0.99979,0.0,0.0,nan,0.0,0.00457,0.02642,35.61484,2.68047,0.23409,0.73558,0.87483,0.4136,0.37307,0.87483
19.0065,27.00044,-8.96366,0.03043,-0.06535,-0.9974,0.9851,0.0,0.0,nan,0.0,0.00918,0.02221,23.35165,2.07725,0.22751,0.46545,0.37937,0.96393,0.48141,0.37937
18.83121,27.15344,6.63645,0.51466,-0.06772,0.85472,0.97003,0.0,0.0,nan,0.0,0.00598,0.03143,33.03479,2.07017,0.23686,0.53752,0.40314,0.37554,0.48305,0.40314
18.06098,26.45058,8.12041,0.44592,-0.06388,0.89279,0.97071,0.0,0.0,nan,0.0,0.01009,0.03005,44.07655,1.88863,0.23502,0.71189,0.53816,0.49317,0.52948,0.53816
18.93943,29.02131,-9.50537,-0.03927,-0.10394,-0.99381,0.9758,0.0,0.0,nan,0.0,0.00745,0.01941,22.93811,2.03053,0.23801,0.47249,0.54731,0.88284,0.49248,0.54731
19.21364,28.80676,7.38873,0.57468,-0.17961,0.79842,0.9943,0.0,0.0,nan,0.0,0.01194,0.03112,27.40747,2.2207,0.23681,0.55219,0.49045,0.7453,0.45031,0.49045
18.50814,29.32871,8.4348,0.52657,-0.18318,0.83016,0.93332,0.0,0.0,nan,0.0,0.02012,0.04697,26.88812,2.16278,0.23223,0.65536,0.68756,0.70215,0.46237,0.68756
19.00069,30.97735,-9.76047,-0.00298,0.03593,-0.99935,0.94898,0.0,0.0,nan,0.0,0.00502,0.0445,33.24571,1.82944,0.23486,0.36971,0.42461,0.32344,0.54661,0.42461
19.62994,31.12344,7.33694,0.63934,0.11044,0.76095,0.98687,0.0,0.0,nan,0.0,0.00712,0.01816,18.33582,3.48767,0.23449,0.49294,0.60201,0.88249,0.28672,0.60201
18.56699,31.02949,8.53859,0.55315,0.0581,0.83105,0.92461,0.0,0.0,nan,0.0,0.01047,0.02569,20.62014,2.00204,0.2411,0.47803,0.50681,0.93541,0.49949,0.50681
18.50513,33.8275,-10.16055,0.09449,-0.12694,-0.9874,0.90582,0.0,0.0,nan,0.0,0.00513,0.04628,54.6586,1.88826,0.24456,0.64256,0.93706,0.4455,0.52959,0.93706
18.97259,33.05217,-9.23971,0.16938,-0.03299,-0.985,0.98667,0.0,0.0,nan,0.0,0.01255,0.04814,53.83043,1.70376,0.24127,0.69471,0.82326,0.50836,0.58694,0.82326
19.61079,33.41385,5.87222,0.51915,-0.04655,0.85341,0.83006,0.0,0.0,nan,0.0,0.00526,0.01934,19.68946,1.87602,0.23924,0.40106,0.67313,0.74675,0.53304,0.67313
19.19329,32.99321,6.922,0.6302,0.04311,0.77524,0.9668,0.0,0.0,nan,0.0,0.00883,0.02059,21.53149,3.41744,0.23895,0.52033,0.40096,0.90031,0.29262,0.40096
18.40233,32.92978,8.4261,0.56935,0.08042,0.81815,0.96376,0.0,0.0,nan,0.0,0.00965,0.021,26.45411,1.92483,0.23582,0.5078,0.45922,0.97329,0.51953,0.45922
18.74123,34.98185,-10.14424,0.14658,-0.12774,-0.98092,0.91482,0.0,0.0,nan,0.0,0.0061,0.06314,51.77794,1.80253,0.24052,0.64075,0.92869,0.36596,0.55478,0.92869
19.33508,34.94559,-9.60294,0.27131,-0.13902,-0.9524,0.97512,0.0,0.0,nan,0.0,0.00775,0.03686,48.66966,3.18662,0.24816,0.57443,0.81425,0.47971,0.31381,0.81425
19.25504,34.85476,7.26797,0.55459,-0.20503,0.80647,0.98647,0.0,0.0,nan,0.0,0.01442,0.03676,19.55552,3.406,0.23918,0.61228,0.35653,0.70626,0.2936,0.35653
18.23275,35.22388,8.05407,0.52614,-0.12932,0.84051,0.99352,0.0,0.0,nan,0.0,0.00583,0.02433,27.03826,1.87704,0.2468,0.32499,0.36683,0.79178,0.53275,0.36683
19.35601,36.15707,-10.05389,0.1901,-0.04224,-0.98085,0.9391,0.0,0.0,nan,0.0,0.01043,0.04896,37.07066,1.66044,0.24392,0.64414,0.83846,0.48631,0.60225,0.83846
18.96917,37.04244,-9.76485,0.10056,0.04107,-0.99408,0.99274,0.0,0.0,nan,0.0,0.00616,0.04759,27.61201,2.25,0.24235,0.5841,0.88469,0.41744,0.44444,0.88469
19.29214,37.30085,7.89347,0.43625,-0.08534,0.89577,0.99528,0.0,0.0,nan,0.0,0.00512,0.03921,32.31542,1.63867,0.24024,0.38564,0.50633,0.35966,0.61025,0.50633
18.58232,36.74462,8.32947,0.44817,-0.1048,0.88779,0.99176,0.0,0.0,nan,0.0,0.00387,0.03595,32.91485,1.75034,0.23919,0.36006,0.59014,0.31723,0.57132,0.59014
18.96856,39.01117,-9.52604,0.08843,0.09272,-0.99176,0.99078,0.0,0.0,nan,0.0,0.01133,0.06831,18.8381,2.61268,0.22709,0.65583,0.73183,0.2798,0.38275,0.73183
19.70481,39.07322,7.99431,0.40348,0.04944,0.91365,0.99381,0.0,0.0,nan,0.0,0.00572,0.02828,35.27735,1.78286,0.24563,0.50561,0.83366,0.57703,0.5609,0.83366
18.78239,39.07248,8.31047,0.36398,0.07524,0.92836,0.99509,0.0,0.0,nan,0.0,0.00529,0.03467,37.94134,2.74502,0.24606,0.40623,0.7637,0.41349,0.3643,0.7637
18.21919,41.79256,-10.20843,0.22097,-0.19948,-0.95466,0.98863,0.0,0.0,nan,0.0,0.01111,0.03266,24.74666,1.90757,0.23391,0.41002,0.38634,0.89658,0.52423,0.38634
19.02467,41.12534,-9.21397,0.20977,-0.14847,-0.96641,0.97639,0.0,0.0,nan,0.0,0.00716,0.02744,24.21149,1.82721,0.23886,0.40806,0.62378,0.69202,0.54728,0.62378
19.07784,41.08579,7.54281,0.40472,0.00928,0.91439,0.9758,0.0,0.0,nan,0.0,0.01595,0.03989,28.04916,1.81702,0.23313,0.47883,0.39979,0.89482,0.55035,0.39979
18.30342,40.92534,8.06695,0.35675,-0.00844,0.93416,0.98363,0.0,0.0,nan,0.0,0.01126,0.04205,30.19636,1.65064,0.23775,0.36136,0.41606,0.78988,0.60583,0.41606
18.94997,42.99075,-10.02409,0.20998,-0.17611,-0.96171,0.99519,0.0,0.0,nan,0.0,0.01499,0.03423,25.53236,1.63867,0.23499,0.47655,0.44531,0.99067,0.61025,0.44531
19.65468,42.77426,-9.99755,0.25925,-0.21108,-0.94246,0.98295,0.0,0.0,nan,0.0,0.01581,0.0371,24.13227,1.63867,0.23483,0.46208,0.37193,0.99882,0.61025,0.37193
19.50788,42.44441,7.547,0.47274,-0.18271,0.86205,0.98236,0.0,0.0,nan,0.0,0.01155,0.03787,23.81253,1.88899,0.23366,0.53331,0.51624,0.61978,0.52938,0.51624
18.82815,43.20011,8.52647,0.44423,-0.23069,0.8657,0.99381,0.0,0.0,nan,0.0,0.0079,0.0282,23.93232,2.59482,0.22968,0.5047,0.66274,0.60174,0.38538,0.66274
18.90648,45.20424,-10.28456,0.16418,-0.06336,-0.98439,0.99186,0.0,0.0,nan,0.0,0.00646,0.01997,21.13068,2.68873,0.23681,0.40859,0.40121,0.86696,0.37192,0.40121
19.28107,44.39531,-9.80366,0.20315,-0.1116,-0.97277,0.9993,0.0,0.0,nan,0.0,0.01011,0.02301,23.72395,1.80253,0.23931,0.52106,0.59526,0.91457,0.55478,0.59526
18.79551,45.56044,7.98691,0.44485,0.03092,0.89507,0.99098,0.0,0.0,nan,0.0,0.00891,0.0262,28.46469,1.83959,0.22994,0.4863,0.49538,0.74831,0.5436,0.49538
18.9716,45.02979,8.67881,0.44893,-0.04893,0.89223,0.99842,0.0,0.0,nan,0.0,0.00632,0.02273,25.58926,2.03461,0.23157,0.45249,0.43541,0.66293,0.4915,0.43541
18.84329,46.83784,-10.36749,0.17919,0.14488,-0.97309,0.9758,0.0,0.0,nan,0.0,0.00957,0.02322,18.54768,2.03532,0.23932,0.55202,0.33066,0.82658,0.49132,0.33066
19.05381,47.51252,-9.69618,0.14062,0.27327,-0.9516,0.97306,0.0,0.0,nan,0.0,0.00813,0.0278,24.54612,3.5346,0.24094,0.61848,0.42023,0.51111,0.28292,0.42023
19.65496,46.66466,7.78719,0.44771,0.09665,0.88894,0.99362,0.0,0.0,nan,0.0,0.00934,0.02575,31.45627,1.93152,0.22834,0.48375,0.71784,0.79707,0.51773,0.71784
19.08449,46.9431,8.68477,0.41453,0.12848,0.90092,0.99704,0.0,0.0,nan,0.0,0.01526,0.03184,35.26064,1.63867,0.23048,0.54608,0.6974,0.9275,0.61025,0.6974
18.06761,48.06546,-10.14427,0.29263,0.23447,-0.92703,0.97845,0.0,0.0,nan,0.0,0.00562,0.03069,24.39185,1.94484,0.23279,0.46923,0.46932,0.42197,0.51418,0.46932
18.98519,48.92052,-9.20346,0.13159,0.15177,-0.97962,0.89945,0.0,0.0,nan,0.0,0.00743,0.02864,37.80489,2.84909,0.24577,0.60069,0.60878,0.45445,0.35099,0.60878
19.49169,48.84525,7.82168,0.36579,-0.09135,0.9262,0.97316,0.0,0.0,nan,0.0,0.01262,0.03183,29.08108,1.81645,0.23445,0.46759,0.73725,0.90624,0.55052,0.73725
18.63431,48.96759,8.35739,0.36812,-0.1051,0.92382,0.97943,0.0,0.0,nan,0.0,0.0106,0.02672,31.06582,1.86968,0.23409,0.51769,0.47878,0.81543,0.53485,0.47878
18.89383,51.38804,-10.04353,0.16065,-0.24457,-0.95623,0.99636,0.0,0.0,nan,0.0,0.00639,0.04038,27.76767,1.89059,0.23531,0.61988,0.85151,0.40538,0.52893,0.85151
19.09513,50.51063,-9.48038,0.10573,-0.14874,-0.98321,0.96083,0.0,0.0,nan,0.0,0.00567,0.03092,38.14671,1.80253,0.23727,0.61278,0.6649,0.31504,0.55478,0.6649
19.8095,50.15651,7.88275,0.41202,-0.23812,0.87951,0.9712,0.0,0.0,nan,0.0,0.01703,0.03945,34.25428,1.74219,0.23522,0.56481,0.62994,0.80906,0.57399,0.62994
19.09224,50.9281,9.27797,0.36896,-0.32901,0.86926,0.96778,0.0,0.0,nan,0.0,0.0178,0.04602,32.7988,3.34657,0.23561,0.70093,0.64155,0.58551,0.29881,0.64155
18.88983,53.18805,-10.12713,0.21692,-0.03556,-0.97554,0.99352,0.0,0.0,nan,0.0,0.00804,0.0321,21.02101,1.96175,0.23582,0.74011,0.64702,0.37042,0.50975,0.64702
19.0379,52.90283,-9.93991,0.21081,-0.08659,-0.97369,0.99509,0.0,0.0,nan,0.0,0.00717,0.02902,21.45224,1.95328,0.23128,0.73198,0.54959,0.36909,0.51196,0.54959
19.15222,53.21571,9.84637,0.32103,0.02496,0.94674,0.93225,0.0,0.0,nan,0.0,0.01446,0.0341,38.95122,2.23297,0.23103,0.56337,0.50066,0.79148,0.44783,0.50066
18.58016,52.6092,10.14446,0.24614,-0.04653,0.96812,0.91208,0.0,0.0,nan,0.0,0.01165,0.03478,35.77008,2.83028,0.23726,0.53151,0.60623,0.66571,0.35332,0.60623
18.84572,54.72998,-10.34074,0.21819,0.19807,-0.95559,0.97081,0.0,0.0,nan,0.0,0.00941,0.02929,18.56212,1.89103,0.23298,0.51183,0.45028,0.69545,0.52881,0.45028
19.19489,55.60326,-9.73578,0.21133,0.26757,-0.94008,0.99411,0.0,0.0,nan,0.0,0.00933,0.03148,25.51277,2.13182,0.23576,0.50522,0.39459,0.63246,0.46908,0.39459
19.00924,55.12524,9.30324,0.28794,0.09638,0.95279,0.98921,0.0,0.0,nan,0.0,0.02039,0.04658,37.80468,2.02936,0.23636,0.51177,0.42632,0.90065,0.49277,0.42632
18.93644,56.92783,-9.11987,0.15495,0.16807,-0.97352,0.97434,0.0,0.0,nan,0.0,0.01226,0.03237,29.96851,1.98135,0.22685,0.44154,0.66775,0.91512,0.50471,0.66775
19.07296,56.9889,9.3344,0.37677,-0.21585,0.90081,0.98892,0.0,0.0,nan,0.0,0.01254,0.04778,32.92226,1.73534,0.23618,0.47408,0.4491,0.58707,0.57626,0.4491
18.29908,57.80947,10.10801,0.28944,-0.26474,0.91986,0.97933,0.0,0.0,nan,0.0,0.01726,0.07104,28.39098,1.90816,0.23289,0.64116,0.51084,0.40565,0.52406,0.51084
19.01864,58.99871,-9.37841,0.06523,-0.03268,-0.99733,0.99851,0.0,0.0,nan,0.0,0.011,0.02578,28.2374,1.70274,0.22861,0.5681,0.73044,0.80413,0.58729,0.73044
19.86832,59.07842,9.54392,0.50919,-0.03204,0.86006,0.96768,0.0,0.0,nan,0.0,0.00482,0.03618,23.83259,1.74943,0.23804,0.69592,0.89737,0.39294,0.57161,0.89737
18.80456,59.0131,10.44373,0.40905,-0.10722,0.90619,0.92373,0.0,0.0,nan,0.0,0.0036,0.06468,32.9288,1.87518,0.23618,0.77379,0.97793,0.28178,0.53328,0.97793
19.01627,61.0272,-9.29747,0.03092,-0.02103,-0.9993,0.99176,0.0,0.0,nan,0.0,0.00667,0.02533,23.50262,1.65884,0.2395,0.61362,0.76198,0.48446,0.60283,0.76198
19.71727,61.91067,7.92436,0.45293,-0.11706,0.88383,0.70633,0.0,0.0,nan,0.0,0.00481,0.02279,33.0966,1.88905,0.23671,0.61908,0.85877,0.55386,0.52937,0.85877
19.19772,61.08849,9.06987,0.55399,0.11307,0.82481,0.9342,0.0,0.0,nan,0.0,0.00835,0.03277,36.77631,1.69602,0.23887,0.67724,0.78456,0.44622,0.58962,0.78456
18.72189,61.01998,10.58317,0.49261,0.10741,0.8636,0.92265,0.0,0.0,nan,0.0,0.00839,0.03308,34.90438,1.69072,0.24251,0.60568,0.67361,0.44283,0.59146,0.67361
18.96649,62.94829,-9.53582,0.08365,0.18408,-0.97934,0.96288,0.0,0.0,nan,0.0,0.00336,0.03494,25.8194,3.01471,0.23687,0.83582,0.89095,0.22551,0.33171,0.89095
19.55398,62.11569,7.93626,0.46703,-0.18069,0.86558,0.69341,0.0,0.0,nan,0.0,0.00387,0.02247,36.47472,3.34146,0.23524,0.607,0.86161,0.4656,0.29927,0.86161
19.24304,62.72311,9.14382,0.43176,-0.11858,0.89416,0.95407,0.0,0.0,nan,0.0,0.00378,0.0238,39.81494,3.36046,0.23782,0.62711,0.86126,0.41311,0.29758,0.86126
18.57283,63.16267,10.22015,0.33095,-0.00745,0.94362,0.95975,0.0,0.0,nan,0.0,0.00176,0.03164,52.48579,1.92666,0.23751,0.69643,0.94953,0.22967,0.51903,0.94953
19.01978,65.05118,-8.68102,0.14127,0.04417,-0.98899,0.96993,0.0,0.0,nan,0.0,0.00337,0.01828,21.92404,1.70609,0.23312,0.66269,0.91447,0.64074,0.58614,0.91447
19.03104,65.11637,9.67069,0.06047,-0.01387,0.99807,0.9853,0.0,0.0,nan,0.0,0.0097,0.04355,21.35812,2.09955,0.23782,0.33882,0.49093,0.71896,0.47629,0.49093
18.56727,64.19613,10.08972,0.17097,-0.00915,0.98523,0.96249,0.0,0.0,nan,0.0,0.00466,0.04239,31.81969,2.54791,0.23422,0.43447,0.74837,0.26906,0.39248,0.74837
19.02844,67.05921,-9.08763,0.11365,0.0205,-0.99331,0.98833,0.0,0.0,nan,0.0,0.00458,0.0358,14.251,2.38666,0.22906,0.76212,0.87078,0.31192,0.419,0.87078
18.99965,67.01719,9.74885,-0.03662,0.09312,0.99498,0.99871,0.0,0.0,nan,0.0,0.02022,0.06883,28.20107,1.87454,0.24791,0.54831,0.62056,0.57364,0.53346,0.62056
18.98424,68.98193,-8.63613,0.13458,0.23918,-0.9616,0.99881,0.0,0.0,nan,0.0,0.01613,0.05144,4.94457,1.78685,0.22898,0.44293,0.51069,0.99433,0.55964,0.51069
18.98687,69.08738,9.17633,-0.02536,0.05029,0.99841,0.98716,0.0,0.0,nan,0.0,0.01059,0.03479,32.56463,1.86797,0.23815,0.47064,0.43551,0.68686,0.53534,0.43551
18.32833,69.90753,10.04134,-0.01289,0.12481,0.9921,0.94252,0.0,0.0,nan,0.0,0.00906,0.03438,41.13486,1.87845,0.23907,0.49504,0.75899,0.57475,0.53235,0.75899
18.87172,70.61317,-8.17189,0.12831,0.34492,-0.92982,0.99793,0.0,0.0,nan,0.0,0.00722,0.03628,5.465,1.69361,0.23157,0.32331,0.34043,0.8403,0.59046,0.34043
19.16799,71.52774,-7.86483,0.12575,0.44083,-0.88874,0.99039,0.0,0.0,nan,0.0,0.0105,0.05247,7.00558,2.67749,0.23361,0.34046,0.50534,0.75573,0.37348,0.50534
18.92313,71.31315,9.64977,-0.12133,0.38607,0.91446,0.90709,0.0,0.0,nan,0.0,0.00376,0.08423,60.20809,1.84646,0.23535,0.64579,0.9914,0.31385,0.54158,0.9914
19.09795,70.26973,10.02468,-0.04353,0.13748,0.98955,0.94429,0.0,0.0,nan,0.0,0.00667,0.03625,36.82949,1.89445,0.24003,0.47654,0.80664,0.49728,0.52786,0.80664
19.00163,72.89658,-6.90054,0.0616,0.69459,-0.71676,0.97257,0.0,0.0,nan,0.0,0.01508,0.07994,9.79717,2.52128,0.21947,0.25783,0.44301,0.88099,0.39662,0.44301
18.81419,73.88103,-5.41937,-0.05091,0.93708,-0.34539,0.96729,0.0,0.0,nan,0.0,0.02395,0.1012,12.25822,1.91229,0.23079,0.28778,0.76356,1.0,0.52293,0.76356
18.61791,73.90842,-2.85047,-0.12934,0.98988,0.05833,0.99842,0.00671,0.03354,0.7,1.0,0.01811,0.09886,15.0424,1.71323,0.23334,0.20766,0.25527,0.99961,0.58369,0.25527
18.94425,73.73352,-0.97754,-0.14593,0.98771,0.05604,0.99744,0.02923,0.14614,0.6,1.0,0.0361,0.13671,16.1189,1.6569,0.23695,0.33563,0.78267,0.9876,0.60354,0.78267
19.04469,73.71548,0.99788,-0.10561,0.9933,0.04687,0.99851,0.13146,0.13146,0.6,0.47786,0.02321,0.08981,16.02141,1.78326,0.22474,0.324,0.55417,0.89707,0.56077,0.55417
19.00973,73.58391,2.99559,-0.06135,0.99476,0.0818,0.99773,0.00739,0.03697,0.6,1.0,0.01822,0.07558,13.71898,1.89047,0.22295,0.30278,0.55364,0.91238,0.52897,0.55364
19.03873,73.32097,5.06094,-0.12447,0.98555,0.11486,0.9946,0.03188,0.03821,0.6,0.8018,0.01893,0.09027,15.24749,1.94394,0.21964,0.34331,0.47774,0.69098,0.51442,0.47774
18.95892,73.21845,7.0845,-0.23707,0.91266,0.33294,0.9806,0.00134,0.00669,0.6,1.0,0.01753,0.08451,14.98069,2.07901,0.22999,0.37812,0.5264,0.62175,0.481,0.5264
19.12409,72.45898,8.56356,-0.23146,0.70604,0.66928,0.95819,0.0,0.0,nan,0.0,0.01281,0.07152,12.32546,2.30859,0.23293,0.38614,0.56804,0.5389,0.43316,0.56804
19.16697,74.09613,-4.54753,-0.11795,0.97654,-0.18018,0.9807,0.00246,0.01229,0.6,1.0,0.01803,0.08742,13.54249,1.73493,0.24142,0.23667,0.45264,1.0,0.57639,0.45264
19.43616,74.12555,-3.2577,-0.18293,0.98305,0.01247,0.99519,0.00533,0.02666,0.6,1.0,0.01972,0.10065,15.193,1.75564,0.24136,0.22427,0.33786,0.98873,0.56959,0.33786
19.91557,74.04498,-1.48867,-0.19863,0.97547,0.09485,0.99734,0.0,0.0,nan,0.0,0.02259,0.07677,19.25443,1.70727,0.2405,0.35981,0.77091,0.96733,0.58573,0.77091
19.98222,74.00084,0.37941,-0.11248,0.99103,0.07213,0.99607,0.00828,0.04142,0.6,1.0,0.01228,0.05553,20.88178,1.84391,0.22907,0.46192,0.61469,0.52472,0.54232,0.61469
20.94368,1.42518,-6.77659,0.34377,-0.71594,-0.60766,0.79677,0.0,0.0,nan,0.0,0.02417,0.09615,10.2004,2.04939,0.2468,0.61628,0.7715,0.52393,0.48795,0.7715
20.98342,0.82957,-5.00144,0.13967,-0.96053,-0.24056,0.84249,0.0,0.0,nan,0.0,0.01033,0.21137,12.50085,2.55766,0.23568,0.83206,0.96768,0.22464,0.39098,0.96768
20.93243,0.76045,-2.99001,-0.06552,-0.99784,0.0038,0.90533,0.0,0.0,nan,0.0,0.01735,0.08142,15.50207,1.67847,0.23988,0.62297,0.62137,0.38613,0.59578,0.62137
21.0309,1.10317,-0.95059,-0.05006,-0.99873,-0.00625,0.94096,0.0,0.0,nan,0.0,0.00422,0.04678,29.70898,1.837,0.2471,0.37119,0.55017,0.25912,0.54437,0.55017
21.03814,0.95437,1.00364,-0.08761,-0.99613,-0.00685,0.92187,0.0,0.0,nan,0.0,0.01028,0.05409,30.17932,1.84081,0.25263,0.53489,0.51558,0.37887,0.54324,0.51558
20.9434,0.72102,3.02029,-0.08681,-0.987,0.13527,0.83397,0.0,0.0,nan,0.0,0.01512,0.05491,23.9012,1.65824,0.24115,0.43155,0.45891,0.69164,0.60305,0.45891
20.98384,1.0686,4.99906,0.16756,-0.88065,0.44315,0.74979,0.0,0.0,nan,0.0,0.0285,0.11951,58.21639,3.59509,0.24956,0.71624,0.82757,0.45806,0.27816,0.82757
20.67624,1.63308,6.26038,0.2152,-0.68932,0.69176,0.74539,0.0,0.0,nan,0.0,0.01889,0.06939,33.38197,2.19671,0.23989,0.60338,0.53362,0.47817,0.45523,0.53362
20.39143,3.27177,-8.22552,0.42399,-0.19432,-0.88458,0.87782,0.0,0.0,nan,0.0,0.01097,0.0378,29.10323,1.81943,0.24855,0.52533,0.70405,0.59059,0.54962,0.70405
21.35765,2.88731,-7.67365,0.59028,-0.17524,-0.78795,0.81009,0.0,0.0,nan,0.0,0.02082,0.05553,39.84779,1.83851,0.24022,0.70327,0.42502,0.55995,0.54392,0.42502
21.95013,3.95746,-5.35263,0.91473,0.10459,-0.39029,0.98559,0.0,0.0,nan,0.0,0.00651,0.02928,31.44307,1.79113,0.23629,0.40615,0.4328,0.58192,0.55831,0.4328
21.62609,3.60445,2.91901,0.96602,-0.20857,0.15265,0.89515,0.0,0.0,nan,0.0,0.01174,0.14464,47.69215,1.68721,0.22064,0.80064,0.97931,0.39676,0.5927,0.97931
21.98486,2.77755,5.84351,0.73545,-0.29246,0.61121,0.80784,0.0,0.0,nan,0.0,0.01184,0.13657,43.23036,1.86266,0.23453,0.56262,0.9089,0.32814,0.53687,0.9089
20.97766,3.0444,6.60631,0.48544,-0.35957,0.7969,0.86069,0.0,0.0,nan,0.0,0.01397,0.13051,29.32871,3.02572,0.23611,0.38485,0.40187,0.29714,0.3305,0.40187
20.2395,5.49669,-8.11216,0.53705,-0.06792,-0.84081,0.98334,0.0,0.0,nan,0.0,0.0097,0.03531,30.47165,1.88413,0.2275,0.35902,0.46209,0.81512,0.53075,0.46209
21.01941,4.9175,-7.05411,0.73859,-0.0141,-0.67401,0.98745,0.0,0.0,nan,0.0,0.01207,0.03911,45.14086,2.20736,0.23611,0.63346,0.78373,0.5701,0.45303,0.78373
21.65059,4.63809,-5.40944,0.91448,0.08676,-0.39523,0.96572,0.0,0.0,nan,0.0,0.00629,0.02423,34.4857,1.76014,0.23452,0.3625,0.49692,0.75737,0.56814,0.49692
21.91719,5.74649,-3.75225,0.98087,-0.07852,-0.17813,0.92422,0.0,0.0,nan,0.0,0.01645,0.03581,33.6005,1.73489,0.22859,0.57992,0.74177,0.83924,0.5764,0.74177
21.86349,4.37911,2.60712,0.98945,0.03553,0.14046,0.93225,0.0,0.0,nan,0.0,0.00501,0.0145,18.56833,3.53785,0.24261,0.54387,0.78252,0.78637,0.28266,0.78252
21.06398,4.98195,6.89159,0.57281,-0.10601,0.8128,0.95623,0.0,0.0,nan,0.0,0.01369,0.06923,12.44481,1.85418,0.22497,0.45644,0.57419,0.50293,0.53932,0.57419
20.51281,6.95888,-8.33821,0.56962,-0.14961,-0.80818,0.98667,0.0,0.0,nan,0.0,0.0094,0.03333,26.42105,2.54127,0.23099,0.34265,0.58176,0.88543,0.3935,0.58176
21.39226,6.93937,-7.26971,0.7221,-0.12697,-0.68004,0.98696,0.0,0.0,nan,0.0,0.01238,0.04968,36.35648,1.71297,0.24655,0.51295,0.41268,0.51261,0.58378,0.41268
21.93159,6.12675,-5.39713,0.91889,-0.14796,-0.36571,0.97277,0.0,0.0,nan,0.0,0.0143,0.03475,36.4959,1.78711,0.23139,0.52766,0.63687,0.82265,0.55956,0.63687
21.03919,7.03205,6.97501,0.50388,0.12705,0.85438,0.95789,0.0,0.0,nan,0.0,0.01689,0.04181,13.51329,2.35552,0.21918,0.66048,0.48716,0.70209,0.42453,0.48716
20.5907,9.14766,-8.47841,0.59112,0.1074,-0.7994,0.9619,0.0,0.0,nan,0.0,0.00653,0.02383,19.8814,1.85379,0.22466,0.42394,0.57246,0.71148,0.53944,0.57246
21.71608,9.02385,-7.44717,0.71416,0.05614,-0.69772,0.9759,0.0,0.0,nan,0.0,0.00514,0.02186,21.61749,1.7042,0.23887,0.44063,0.67151,0.58358,0.58679,0.67151
21.63647,9.28549,5.72714,0.64392,0.20766,0.73638,0.95916,0.0,0.0,nan,0.0,0.00776,0.01993,16.42598,2.0057,0.23581,0.57346,0.52237,0.76152,0.49858,0.52237
20.85942,8.7989,6.34765,0.42441,0.23184,0.87529,0.98569,0.0,0.0,nan,0.0,0.01304,0.03685,16.10579,1.86998,0.23536,0.58055,0.31758,0.68505,0.53476,0.31758
20.3377,10.27505,-8.24085,0.5389,0.24105,-0.80715,0.97551,0.0,0.0,nan,0.0,0.00488,0.05959,22.85239,1.83732,0.23297,0.70777,0.91604,0.26861,0.54427,0.91604
21.0624,10.99047,-7.12339,0.60149,0.14825,-0.785,0.98363,0.0,0.0,nan,0.0,0.00986,0.03607,19.59351,1.75927,0.24043,0.61966,0.56115,0.48616,0.56842,0.56115
21.3303,11.29582,5.48573,0.62476,0.02157,0.78052,0.97962,0.0,0.0,nan,0.0,0.0043,0.01261,15.75738,2.20862,0.23839,0.52103,0.79123,0.8499,0.45277,0.79123
20.75981,10.70846,6.17405,0.45154,0.06484,0.88989,0.97571,0.0,0.0,nan,0.0,0.00667,0.02482,22.56886,1.80253,0.24504,0.5481,0.52041,0.53358,0.55478,0.52041
20.39028,13.73834,-8.18954,0.39656,-0.32009,-0.8604,0.98001,0.0,0.0,nan,0.0,0.00716,0.02437,15.01451,3.60506,0.23605,0.66013,0.68176,0.50429,0.27739,0.68176
21.06323,12.90791,-7.19482,0.51935,-0.20451,-0.82973,0.98187,0.0,0.0,nan,0.0,0.00932,0.02989,17.54476,1.69087,0.2393,0.51053,0.54745,0.68036,0.59141,0.54745
21.65051,12.77065,5.67655,0.71754,0.00754,0.69648,0.96621,0.0,0.0,nan,0.0,0.00576,0.01638,14.4053,2.27648,0.22972,0.61992,0.38967,0.6463,0.43927,0.38967
20.74868,13.05903,6.62675,0.55838,-0.04566,0.82833,0.94477,0.0,0.0,nan,0.0,0.00828,0.03184,17.80155,2.32518,0.23133,0.69487,0.62979,0.41639,0.43007,0.62979
20.78858,15.07391,-8.45198,0.49298,-0.12916,-0.8604,0.93655,0.0,0.0,nan,0.0,0.0127,0.04017,14.98615,1.90991,0.23988,0.49017,0.59547,0.73097,0.52359,0.59547
21.66241,14.78167,-7.75146,0.61042,-0.17474,-0.77257,0.96347,0.0,0.0,nan,0.0,0.01857,0.05611,21.395,2.17472,0.22615,0.61151,0.53223,0.59164,0.45983,0.53223
21.80199,15.56713,2.59289,0.92409,0.1484,0.35219,0.94898,0.0,0.0,nan,0.0,0.00579,0.0285,30.12298,2.20144,0.23407,0.61424,0.8417,0.49904,0.45425,0.8417
21.44813,15.19513,5.35177,0.77681,0.19264,0.59954,0.97297,0.0,0.0,nan,0.0,0.00955,0.04318,28.96412,1.70832,0.25162,0.60408,0.82731,0.5202,0.58537,0.82731
20.53127,14.79303,6.39097,0.61843,0.11952,0.7767,0.98628,0.0,0.0,nan,0.0,0.00609,0.03077,26.57943,1.63867,0.23583,0.72206,0.78024,0.32653,0.61025,0.78024
20.51174,16.83972,-8.20655,0.45708,0.09473,-0.88437,0.99411,0.0,0.0,nan,0.0,0.01,0.03061,20.49483,2.52677,0.22391,0.45993,0.4377,0.77941,0.39576,0.4377
21.45492,17.1481,-7.71157,0.59417,0.06577,-0.80165,0.98804,0.0,0.0,nan,0.0,0.01165,0.03411,22.48107,1.66302,0.23029,0.46246,0.47963,0.80436,0.60132,0.47963
21.47495,17.59831,3.85209,0.86124,0.06649,0.50384,0.96504,0.0,0.0,nan,0.0,0.00855,0.03017,42.62794,1.6966,0.24892,0.61968,0.45291,0.47892,0.58941,0.45291
21.51166,17.10722,5.08933,0.82011,0.15596,0.55054,0.96739,0.0,0.0,nan,0.0,0.02044,0.06136,34.89535,1.87269,0.21872,0.67012,0.60717,0.52559,0.53399,0.60717
20.38412,16.95525,6.31888,0.66347,0.13256,0.73637,0.96934,0.0,0.0,nan,0.0,0.01219,0.0352,39.72873,2.19274,0.23439,0.67306,0.66926,0.54049,0.45605,0.66926
20.72258,19.39747,-8.32329,0.42331,-0.0967,-0.90081,0.98373,0.0,0.0,nan,0.0,0.01128,0.03088,21.27947,2.51295,0.2361,0.47054,0.36856,0.84955,0.39794,0.36856
21.19138,18.75335,-7.78185,0.53804,-0.03855,-0.84204,0.97874,0.0,0.0,nan,0.0,0.01012,0.02869,20.4588,1.89016,0.23094,0.44006,0.34947,0.87988,0.52906,0.34947
21.92842,18.70774,-4.67033,0.98687,0.11593,-0.11249,0.91277,0.0,0.0,nan,0.0,0.01924,0.0471,40.10195,1.75312,0.24277,0.6391,0.57571,0.67085,0.57041,0.57571
21.23837,18.68289,3.25532,0.8179,-0.11322,0.56411,0.87498,0.0,0.0,nan,0.0,0.00602,0.01824,35.9633,2.35337,0.23468,0.45743,0.63328,0.761,0.42492,0.63328
20.98216,19.14979,5.09147,0.76611,-0.19941,0.611,0.98178,0.0,0.0,nan,0.0,0.00914,0.02679,39.35031,1.80253,0.23747,0.58596,0.40321,0.61194,0.55478,0.40321
20.24772,19.76398,6.19852,0.64307,-0.21384,0.73534,0.96944,0.0,0.0,nan,0.0,0.01426,0.06492,35.59005,1.84564,0.23015,0.6097,0.33745,0.38062,0.54182,0.33745
20.8177,21.03688,-8.52136,0.46409,-0.15693,-0.87178,0.97864,0.0,0.0,nan,0.0,0.00749,0.02258,21.81788,2.69056,0.23355,0.51873,0.72417,0.69808,0.37167,0.72417
21.90531,21.15849,-7.56841,0.73039,-0.09959,-0.67573,0.9666,0.0,0.0,nan,0.0,0.01235,0.03699,19.11053,2.12251,0.22803,0.4292,0.67246,0.85964,0.47114,0.67246
21.66317,20.78701,5.64348,0.7053,-0.25826,0.66019,0.94311,0.0,0.0,nan,0.0,0.00358,0.045,15.90211,3.04127,0.23903,0.30421,0.58103,0.29409,0.32881,0.58103
20.64336,21.03147,6.53411,0.59738,-0.17985,0.78153,0.9669,0.0,0.0,nan,0.0,0.00626,0.06596,18.42202,2.17586,0.23562,0.49828,0.76682,0.22307,0.45959,0.76682
21.1775,23.01557,-8.88166,0.55113,-0.05944,-0.8323,0.91355,0.0,0.0,nan,0.0,0.00629,0.02385,18.99955,2.7573,0.23932,0.44658,0.505,0.65255,0.36267,0.505
21.85155,22.29657,-7.75262,0.73423,-0.03634,-0.67793,0.97022,0.0,0.0,nan,0.0,0.00948,0.02964,18.67745,1.73262,0.2387,0.3978,0.45975,0.88962,0.57716,0.45975
21.56326,23.19926,5.70359,0.6712,0.07744,0.73722,0.98461,0.0,0.0,nan,0.0,0.00805,0.044,10.60309,1.63928,0.24476,0.41736,0.39981,0.52103,0.61003,0.39981
20.57905,22.94444,6.49448,0.5469,0.08489,0.83288,0.99196,0.0,0.0,nan,0.0,0.00466,0.02713,12.38342,1.80253,0.24457,0.51093,0.51736,0.39082,0.55478,0.51736
20.74832,25.0573,-8.53953,0.55024,0.02976,-0.83448,0.95828,0.0,0.0,nan,0.0,0.00962,0.03769,20.53371,2.12348,0.2305,0.48836,0.44153,0.57365,0.47092,0.44153
21.84284,25.07541,-7.40384,0.86506,0.04114,-0.49998,0.9805,0.0,0.0,nan,0.0,0.00913,0.03243,27.94728,1.70925,0.24087,0.53026,0.54109,0.56917,0.58505,0.54109
21.6074,25.48187,-5.44962,0.90781,0.02445,-0.41867,0.80735,0.0,0.0,nan,0.0,0.00683,0.01888,27.83214,1.87919,0.22624,0.51281,0.57863,0.75581,0.53215,0.57863
21.43439,24.89563,5.61171,0.68901,0.03799,0.72376,0.97522,0.0,0.0,nan,0.0,0.00791,0.03675,14.95578,3.0652,0.23805,0.37722,0.40356,0.64675,0.32624,0.40356
20.43715,25.11649,6.38337,0.50645,0.03397,0.8616,0.99196,0.0,0.0,nan,0.0,0.00865,0.02354,16.36424,1.70362,0.24176,0.47952,0.45893,0.85948,0.58699,0.45893
21.14562,27.02882,-8.95145,0.50243,-0.14223,-0.85284,0.93107,0.0,0.0,nan,0.0,0.01158,0.02402,20.54209,1.74523,0.23607,0.54844,0.43195,0.96513,0.57299,0.43195
21.90465,26.7308,-7.85571,0.79867,-0.1527,-0.58208,0.94154,0.0,0.0,nan,0.0,0.01175,0.04246,38.37792,1.72906,0.24075,0.74114,0.75537,0.39978,0.57835,0.75537
21.86132,26.26923,-5.77847,0.90483,-0.12533,-0.40691,0.89104,0.0,0.0,nan,0.0,0.0092,0.02201,27.22626,1.99901,0.2286,0.56445,0.51866,0.79534,0.50025,0.51866
21.3557,27.17681,3.14495,0.9354,0.02963,0.35234,0.76702,0.0,0.0,nan,0.0,0.01204,0.03597,68.55998,1.97424,0.23377,0.82692,0.73317,0.41649,0.50652,0.73317
21.65523,27.04426,5.53119,0.78661,-0.04958,0.61546,0.92892,0.0,0.0,nan,0.0,0.00677,0.04093,44.00933,1.80253,0.24631,0.70304,0.76805,0.26099,0.55478,0.76805
20.52453,27.07708,6.21098,0.58421,-0.02798,0.81112,0.97766,0.0,0.0,nan,0.0,0.01018,0.05291,27.75546,1.80253,0.23432,0.4741,0.70787,0.43523,0.55478,0.70787
21.05856,28.88724,-8.99378,0.43447,-0.16061,-0.88625,0.96915,0.0,0.0,nan,0.0,0.00785,0.01837,18.09959,2.03045,0.22514,0.50139,0.49435,0.94657,0.4925,0.49435
21.92538,28.89238,-7.89488,0.71933,-0.21508,-0.66054,0.98452,0.0,0.0,nan,0.0,0.01456,0.04233,31.4797,1.90886,0.23046,0.70046,0.7108,0.52205,0.52387,0.7108
21.68638,28.21781,3.14921,0.86123,-0.33012,0.38639,0.81782,0.0,0.0,nan,0.0,0.00878,0.03406,63.70876,1.73579,0.24016,0.67247,0.73356,0.39525,0.57611,0.73356
21.5287,28.54095,5.36995,0.72198,-0.22931,0.65282,0.96807,0.0,0.0,nan,0.0,0.00478,0.07044,64.89111,2.21307,0.22017,0.52034,0.86465,0.21238,0.45186,0.86465
20.47409,29.23365,6.25279,0.56879,-0.12852,0.81238,0.98608,0.0,0.0,nan,0.0,0.01124,0.04169,26.54428,2.07892,0.23978,0.38669,0.3728,0.74951,0.48102,0.3728
21.08875,30.98446,-9.43865,0.36849,0.0874,-0.92551,0.9252,0.0,0.0,nan,0.0,0.00675,0.03109,24.03485,1.66432,0.24353,0.53506,0.53702,0.43961,0.60085,0.53702
21.98602,30.03555,5.99354,0.58479,-0.15186,0.79684,0.94301,0.0,0.0,nan,0.0,0.00497,0.03666,20.89449,3.21994,0.23517,0.3644,0.44552,0.40789,0.31056,0.44552
21.01198,30.96493,6.22624,0.48155,0.01798,0.87623,0.98804,0.0,0.0,nan,0.0,0.01187,0.02861,17.96958,2.10855,0.23164,0.72877,0.73549,0.6328,0.47426,0.73549
20.8559,32.90925,-8.66534,0.44069,0.10481,-0.89152,0.98745,0.0,0.0,nan,0.0,0.00927,0.0258,34.49381,2.71006,0.23494,0.57941,0.49684,0.65585,0.369,0.49684
21.04061,33.48031,5.87241,0.39695,-0.03493,0.91718,0.98344,0.0,0.0,nan,0.0,0.00712,0.02683,22.46704,1.63867,0.2466,0.61101,0.54014,0.47293,0.61025,0.54014
20.95721,32.52999,6.08959,0.39716,0.06145,0.91569,0.99548,0.0,0.0,nan,0.0,0.01069,0.02891,20.55702,1.99299,0.22937,0.69333,0.57042,0.58527,0.50176,0.57042
20.91691,34.93203,-8.83791,0.47439,-0.18721,-0.86018,0.98657,0.0,0.0,nan,0.0,0.01127,0.04054,38.25557,1.77698,0.24076,0.47511,0.26089,0.61543,0.56275,0.26089
21.65489,34.52166,-7.97845,0.58397,-0.118,-0.80315,0.96249,0.0,0.0,nan,0.0,0.00499,0.02686,39.48147,3.23772,0.24497,0.32633,0.38509,0.59865,0.30886,0.38509
21.37804,34.58723,5.93241,0.4382,-0.19344,0.87781,0.98755,0.0,0.0,nan,0.0,0.0103,0.04305,19.32485,1.82856,0.23355,0.64367,0.50099,0.41002,0.54688,0.50099
20.78237,35.26319,6.51685,0.45547,-0.28642,0.84292,0.99656,0.0,0.0,nan,0.0,0.01163,0.04421,20.75801,1.67583,0.23954,0.62537,0.40329,0.46113,0.59672,0.40329
20.94977,37.09961,-9.08305,0.3366,-0.15528,-0.92876,0.99068,0.0,0.0,nan,0.0,0.0095,0.03182,25.06756,3.21564,0.24349,0.50905,0.75652,0.64678,0.31098,0.75652
21.07012,36.93755,7.23984,0.50823,-0.15699,0.8468,0.98031,0.0,0.0,nan,0.0,0.0074,0.03224,20.07275,1.69772,0.2411,0.50164,0.33364,0.50336,0.58903,0.33364
21.00396,38.99929,-9.53977,0.12132,0.09041,-0.98849,0.98412,0.0,0.0,nan,0.0,0.00681,0.04071,21.37453,2.86216,0.23275,0.53911,0.51872,0.33923,0.34939,0.51872
20.96071,39.00108,7.09391,0.51372,0.05863,0.85595,0.9943,0.0,0.0,nan,0.0,0.00692,0.02269,24.57963,2.70178,0.23161,0.54616,0.79479,0.70495,0.37013,0.79479
20.88434,40.9381,-8.79079,0.2256,0.03608,-0.97355,0.96974,0.0,0.0,nan,0.0,0.00976,0.04239,21.75371,1.8807,0.23009,0.37934,0.50504,0.66275,0.53172,0.50504
21.80984,41.79959,5.92083,0.75763,-0.01963,0.65239,0.9852,0.0,0.0,nan,0.0,0.01257,0.03966,29.66641,2.08991,0.23614,0.61867,0.71992,0.54707,0.47849,0.71992
21.24103,41.09014,7.16848,0.57241,0.04402,0.81879,0.97669,0.0,0.0,nan,0.0,0.00921,0.02272,28.47055,1.80253,0.2354,0.56573,0.76326,0.80135,0.55478,0.76326
20.17976,43.48519,-10.08935,0.29089,-0.1776,-0.94013,0.97453,0.0,0.0,nan,0.0,0.01128,0.02801,22.31889,1.86451,0.23435,0.46465,0.66066,0.94453,0.53633,0.66066
20.97299,42.96915,-9.17865,0.38595,-0.16684,-0.90731,0.99695,0.0,0.0,nan,0.0,0.01122,0.02961,21.14519,1.71257,0.23376,0.44038,0.36956,0.94223,0.58392,0.36956
21.80116,42.32487,5.91607,0.75655,-0.08918,0.64783,0.98569,0.0,0.0,nan,0.0,0.01144,0.03763,27.5936,2.1255,0.23124,0.56927,0.75831,0.58817,0.47048,0.75831
20.94585,43.00919,6.90393,0.59927,-0.18288,0.77938,0.98951,0.0,0.0,nan,0.0,0.00861,0.03231,20.72736,2.17932,0.23403,0.51854,0.61201,0.5633,0.45886,0.61201
20.17455,43.82431,8.1402,0.50749,-0.16884,0.84496,0.9852,0.0,0.0,nan,0.0,0.00757,0.03176,23.52261,3.43406,0.24736,0.57133,0.60229,0.45255,0.2912,0.60229
20.73276,45.31542,-10.36441,0.28589,-0.09151,-0.95388,0.93332,0.0,0.0,nan,0.0,0.00737,0.02027,17.55682,1.80253,0.23664,0.46077,0.55495,0.87841,0.55478,0.55495
21.30093,44.77935,-9.49282,0.4023,-0.15798,-0.90178,0.99656,0.0,0.0,nan,0.0,0.00684,0.01933,16.30502,1.63867,0.24141,0.45405,0.4663,0.87489,0.61025,0.4663
21.2818,45.00356,7.58359,0.57655,-0.08078,0.81306,0.9806,0.0,0.0,nan,0.0,0.00726,0.03607,21.77383,2.02837,0.23473,0.47596,0.3761,0.46175,0.49301,0.3761
20.29571,44.84769,8.12614,0.52743,-0.0994,0.84376,0.99196,0.0,0.0,nan,0.0,0.00616,0.02525,24.15869,2.03303,0.22469,0.45087,0.46402,0.58546,0.49188,0.46402
20.71469,46.70116,-10.20954,0.25839,0.088,-0.96202,0.94683,0.0,0.0,nan,0.0,0.00772,0.02148,17.86581,2.2069,0.23667,0.62049,0.35044,0.64405,0.45312,0.35044
21.46141,47.31219,-9.81858,0.32278,0.11247,-0.93977,0.9619,0.0,0.0,nan,0.0,0.00924,0.02607,18.09977,1.63867,0.24329,0.59535,0.55407,0.66118,0.61025,0.55407
21.01745,47.02757,7.40671,0.54502,0.03172,0.83782,0.98814,0.0,0.0,nan,0.0,0.0177,0.04614,32.82915,1.63867,0.24506,0.52603,0.56642,0.77349,0.61025,0.56642
20.15849,47.35238,8.01401,0.43752,0.04808,0.89792,0.99714,0.0,0.0,nan,0.0,0.01357,0.03241,32.6062,1.83774,0.2319,0.48745,0.66013,0.91161,0.54415,0.66013
20.99109,48.90277,-9.46901,0.18093,0.07438,-0.98068,0.9762,0.0,0.0,nan,0.0,0.01762,0.04067,22.49264,1.74213,0.2388,0.72327,0.51129,0.65201,0.57401,0.51129
21.88625,49.46275,5.39247,0.84635,-0.17149,0.50427,0.93097,0.0,0.0,nan,0.0,0.00888,0.02929,32.26522,1.63867,0.23102,0.39876,0.55841,0.80764,0.61025,0.55841
21.09551,48.96022,7.81462,0.54387,-0.11137,0.83174,0.9621,0.0,0.0,nan,0.0,0.00685,0.04959,42.78134,1.80253,0.25001,0.54041,0.85516,0.40347,0.55478,0.85516
20.19243,51.67964,-10.03208,0.13023,-0.14798,-0.98038,0.98452,0.0,0.0,nan,0.0,0.00853,0.01841,15.04557,1.88068,0.23799,0.71507,0.53911,0.73432,0.53172,0.53911
20.9367,51.0224,-9.51961,0.17231,-0.12413,-0.97719,0.99107,0.0,0.0,nan,0.0,0.00955,0.02342,14.84857,1.87599,0.23683,0.68364,0.57478,0.67703,0.53305,0.57478
21.26209,50.74233,7.80923,0.56442,-0.23988,0.78987,0.97913,0.0,0.0,nan,0.0,0.02151,0.0584,37.30748,1.71843,0.24055,0.60815,0.64192,0.638,0.58192,0.64192
20.39825,51.36608,8.4247,0.50073,-0.25244,0.82798,0.99215,0.0,0.0,nan,0.0,0.01602,0.0451,31.17954,1.72771,0.23892,0.5384,0.62408,0.70217,0.5788,0.62408
20.06459,52.61972,-10.00123,0.18964,-0.09002,-0.97772,0.9899,0.0,0.0,nan,0.0,0.00853,0.02459,14.95336,1.89801,0.24049,0.69666,0.59608,0.56446,0.52687,0.59608
21.0431,53.09243,-9.84422,0.29579,0.04622,-0.95413,0.97531,0.0,0.0,nan,0.0,0.0106,0.03267,12.77563,1.90496,0.21991,0.62629,0.63616,0.59942,0.52495,0.63616
21.8773,52.74039,7.7529,0.72094,-0.04629,0.69145,0.97776,0.0,0.0,nan,0.0,0.00912,0.02325,30.21185,2.53825,0.23436,0.43554,0.47836,0.9602,0.39397,0.47836
20.84991,52.96626,8.88851,0.57469,-0.03234,0.81773,0.953,0.0,0.0,nan,0.0,0.00899,0.02458,34.26741,1.64503,0.23396,0.41748,0.47151,0.92692,0.60789,0.47151
20.23525,54.26844,-10.08145,0.28411,0.16515,-0.94446,0.97874,0.0,0.0,nan,0.0,0.00321,0.02008,17.9994,2.02384,0.23079,0.33416,0.45164,0.53163,0.49411,0.45164
21.05006,55.142,-9.32033,0.41996,0.23191,-0.87741,0.97365,0.0,0.0,nan,0.0,0.01065,0.03424,23.31695,1.63867,0.24471,0.51185,0.5511,0.65981,0.61025,0.5511
21.88556,54.37466,7.70153,0.75234,0.06274,0.65578,0.9759,0.0,0.0,nan,0.0,0.01644,0.03397,37.85993,1.73988,0.23499,0.52842,0.60983,0.96441,0.57475,0.60983
20.82137,55.01384,8.46009,0.55985,0.04633,0.8273,0.98109,0.0,0.0,nan,0.0,0.01603,0.0331,35.20382,1.69708,0.23371,0.51172,0.64302,1.0,0.58925,0.64302
21.13416,56.9319,-9.14985,0.4218,0.07591,-0.9035,0.95437,0.0,0.0,nan,0.0,0.01245,0.03005,26.96126,1.9911,0.22573,0.46739,0.6277,0.95249,0.50223,0.6277
21.97267,57.07236,5.65454,0.81773,-0.26079,0.51313,0.83475,0.0,0.0,nan,0.0,0.00557,0.0191,35.2763,2.15634,0.22988,0.41026,0.56984,0.7514,0.46375,0.56984
21.4292,56.889,7.86841,0.67375,-0.18789,0.71467,0.98344,0.0,0.0,nan,0.0,0.00725,0.03696,43.71369,2.25749,0.23299,0.66485,0.84021,0.43355,0.44297,0.84021
20.65751,57.04473,8.49513,0.52372,-0.16282,0.83619,0.98344,0.0,0.0,nan,0.0,0.01456,0.05164,27.74892,2.08377,0.23801,0.47482,0.43219,0.63669,0.4799,0.43219
21.03023,58.93804,-9.04364,0.32675,-0.06779,-0.94268,0.98422,0.0,0.0,nan,0.0,0.00716,0.01997,26.50053,1.87078,0.22723,0.44656,0.56116,0.86337,0.53454,0.56116
21.81119,58.07233,7.9773,0.59786,-0.26111,0.75788,0.97238,0.0,0.0,nan,0.0,0.00504,0.04002,37.31703,3.05834,0.23763,0.62927,0.86362,0.33119,0.32698,0.86362
21.07433,58.92868,9.02458,0.47707,-0.07723,0.87546,0.95848,0.0,0.0,nan,0.0,0.01262,0.05591,26.11148,2.03749,0.24232,0.70762,0.76605,0.36203,0.4908,0.76605
21.05068,60.98153,-9.40939,0.27775,-0.05439,-0.95911,0.94536,0.0,0.0,nan,0.0,0.00719,0.02566,19.7116,1.87831,0.23959,0.45957,0.44647,0.67131,0.53239,0.44647
21.13703,61.78278,7.82006,0.27387,-0.08914,0.95763,0.85296,0.0,0.0,nan,0.0,0.00844,0.0805,28.88227,1.90757,0.22943,0.79666,0.91292,0.29408,0.52423,0.91292
20.96611,60.80212,8.49548,0.3607,0.08716,0.9286,0.95799,0.0,0.0,nan,0.0,0.01452,0.04311,46.72734,2.04586,0.23987,0.78826,0.75411,0.45134,0.48879,0.75411
21.00583,62.98308,-9.10001,0.28216,0.25536,-0.92476,0.96533,0.0,0.0,nan,0.0,0.0026,0.04142,38.71341,1.88733,0.23171,0.83753,0.95235,0.22332,0.52985,0.95235
21.95022,63.96561,-7.96307,0.41437,0.17822,-0.89249,0.97708,0.0,0.0,nan,0.0,0.00379,0.03282,38.93495,1.63867,0.23932,0.86732,0.97843,0.5205,0.61025,0.97843
21.0669,62.1209,7.84406,0.27828,-0.20186,0.93905,0.85237,0.0,0.0,nan,0.0,0.00985,0.06938,27.48073,1.90117,0.2374,0.7728,0.89172,0.36052,0.52599,0.89172
21.03132,62.93652,9.16396,0.31833,-0.31398,0.89447,0.98598,0.0,0.0,nan,0.0,0.00366,0.04843,46.23572,3.18977,0.23839,0.77789,0.92033,0.22282,0.3135,0.92033
20.91671,65.13992,-8.52121,0.27817,0.01062,-0.96047,0.97757,0.0,0.0,nan,0.0,0.00371,0.01433,21.42365,1.86638,0.23924,0.69033,0.8646,0.64708,0.5358,0.8646
21.27072,64.53065,-7.7088,0.34116,0.07029,-0.93737,0.91766,0.0,0.0,nan,0.0,0.00328,0.0169,27.42545,1.63867,0.23595,0.75243,0.93729,0.68987,0.61025,0.93729
21.05777,64.86559,9.66229,0.29753,-0.15928,0.94133,0.94938,0.0,0.0,nan,0.0,0.00512,0.06584,45.71141,1.6623,0.2518,0.3294,0.37074,0.24623,0.60158,0.37074
20.89118,65.69888,10.08921,0.21346,-0.07028,0.97442,0.92569,0.0,0.0,nan,0.0,0.00656,0.07613,42.70375,3.4412,0.24209,0.41629,0.4867,0.2166,0.2906,0.4867
21.01595,67.03744,-8.682,0.26514,0.01709,-0.96406,0.98363,0.0,0.0,nan,0.0,0.00561,0.0408,15.33992,1.80253,0.23499,0.80562,0.85536,0.29082,0.55478,0.85536
20.54708,67.36025,9.99449,0.08832,0.03681,0.99541,0.9576,0.0,0.0,nan,0.0,0.00829,0.11896,58.57798,1.85533,0.23828,0.32192,0.33962,0.22386,0.53899,0.33962
21.16482,66.94475,10.25602,0.20678,-0.00471,0.97838,0.8557,0.0,0.0,nan,0.0,0.00492,0.07373,44.06573,2.73521,0.23118,0.29157,0.42058,0.23947,0.3656,0.42058
20.84338,68.88229,-8.31873,0.25732,0.24931,-0.93361,0.99832,0.0,0.0,nan,0.0,0.01066,0.04702,4.42046,1.89317,0.23406,0.32934,0.32531,1.0,0.52821,0.32531
21.62845,69.52759,-7.84167,0.35852,0.27172,-0.8931,0.99577,0.0,0.0,nan,0.0,0.01474,0.06674,5.14637,1.87885,0.22917,0.3369,0.34127,0.91029,0.53224,0.34127
20.93439,69.09841,9.71192,0.17726,0.07671,0.98117,0.94771,0.0,0.0,nan,0.0,0.01033,0.05509,39.16906,1.90087,0.23788,0.51846,0.66938,0.38014,0.52607,0.66938
21.29249,68.12703,10.0568,0.21674,0.05461,0.9747,0.88056,0.0,0.0,nan,0.0,0.0122,0.08202,59.31044,1.63867,0.24996,0.47009,0.44674,0.32711,0.61025,0.44674
20.35274,70.24271,-8.07282,0.22074,0.30261,-0.9272,0.99832,0.0,0.0,nan,0.0,0.01799,0.06168,4.86345,2.06212,0.22643,0.54534,0.72152,0.75474,0.48494,0.72152
21.07925,71.07265,-7.61038,0.27723,0.35136,-0.89426,0.99685,0.0,0.0,nan,0.0,0.01263,0.05428,6.25571,1.92474,0.23159,0.48505,0.44853,0.6332,0.51955,0.44853
21.11321,71.11792,9.74359,0.19333,0.23736,0.95199,0.89495,0.0,0.0,nan,0.0,0.00988,0.05867,45.33989,1.86348,0.23843,0.61893,0.79248,0.32879,0.53663,0.79248
20.36267,70.37835,10.07283,0.04938,0.13498,0.98962,0.92021,0.0,0.0,nan,0.0,0.00489,0.03736,31.89552,3.03946,0.24103,0.52212,0.83871,0.37222,0.32901,0.83871
20.97628,72.94734,-6.73274,0.14622,0.59654,-0.78915,0.95809,0.0,0.0,nan,0.0,0.01136,0.05487,10.54797,2.1757,0.23143,0.39639,0.39109,0.62156,0.45962,0.39109
20.96259,73.84,-5.79238,-0.01805,0.7948,-0.6066,0.94223,0.0,0.0,nan,0.0,0.00831,0.04875,14.3961,1.67021,0.23776,0.31492,0.57131,0.61639,0.59873,0.57131
20.07561,73.97776,-0.69092,-0.15739,0.98278,0.09681,0.99587,0.01697,0.08487,0.6,1.0,0.01606,0.06749,21.53891,1.81647,0.23306,0.43994,0.74949,0.59102,0.55052,0.74949
21.36473,73.93636,1.55652,0.04216,0.9965,0.07214,0.99352,0.0,0.0,nan,0.0,0.01494,0.05465,20.44983,2.04903,0.22207,0.39741,0.36077,0.75519,0.48804,0.36077
20.98191,73.82635,3.02875,-0.06611,0.99691,0.04247,0.99753,0.0,0.0,nan,0.0,0.02243,0.06367,19.15079,2.02628,0.22469,0.40884,0.48224,0.95188,0.49352,0.48224
20.78345,73.71315,5.03603,-0.1761,0.98426,0.01516,0.99979,0.0,0.0,nan,0.0,0.02529,0.08098,16.22685,2.0387,0.21594,0.37138,0.6424,0.94437,0.49051,0.6424
20.90083,73.8111,7.0552,-0.15217,0.93815,0.31099,0.93831,0.0,0.0,nan,0.0,0.02786,0.08371,15.92597,2.34552,0.23445,0.49798,0.56388,0.75218,0.42634,0.56388
21.01334,72.86198,8.72381,0.02069,0.67513,0.73741,0.89515,0.0,0.0,nan,0.0,0.02263,0.09605,15.07425,1.99668,0.23153,0.51111,0.68069,0.5222,0.50083,0.68069
21.15253,74.32947,-4.80951,-0.15246,0.90622,-0.39436,0.94096,0.0,0.0,nan,0.0,0.01545,0.07792,21.55396,1.71249,0.24172,0.44804,0.68463,0.48358,0.58394,0.68463
21.00637,74.62543,-2.98307,-0.26218,0.96355,0.05321,0.9761,0.0,0.0,nan,0.0,0.01273,0.0638,21.68241,1.68158,0.24517,0.3738,0.42442,0.58317,0.59468,0.42442
21.07382,74.29353,-1.01116,-0.10839,0.97888,0.17334,0.9898,0.00073,0.00363,0.6,1.0,0.02013,0.06007,22.91607,2.35177,0.23085,0.43465,0.61764,0.8382,0.42521,0.61764
21.02818,74.13924,0.79228,-0.01458,0.99472,0.10163,0.99225,0.00342,0.01708,0.6,1.0,0.01601,0.05498,20.25031,2.07351,0.22368,0.44592,0.67033,0.71753,0.48227,0.67033
20.67933,74.00299,2.37006,-0.06178,0.99587,0.06654,0.99528,0.0012,0.0012,0.6,0.71429,0.01507,0.05711,18.18645,1.97866,0.21576,0.33264,0.4839,0.88039,0.50539,0.4839
21.77411,74.08884,4.89329,-0.14784,0.98868,-0.02559,0.99763,0.00069,0.00343,0.6,1.0,0.02594,0.07165,17.33919,1.75903,0.23319,0.41367,0.52743,0.97599,0.56849,0.52743
21.79336,74.11877,6.87916,-0.04891,0.94835,0.31343,0.89368,0.0,0.0,nan,0.0,0.03032,0.08884,19.07922,2.08489,0.239,0.49235,0.68753,0.76582,0.47964,0.68753
22.3126,1.66423,-6.32838,0.70064,-0.46097,-0.54462,0.69948,0.0,0.0,nan,0.0,0.01429,0.07948,24.70977,2.21589,0.24233,0.70964,0.7633,0.28606,0.45129,0.7633
22.80343,1.17306,-4.96017,0.75274,-0.5631,-0.34103,0.70153,0.0,0.0,nan,0.0,0.01524,0.05105,17.74164,3.5311,0.23754,0.61759,0.62059,0.53788,0.2832,0.62059
23.06907,0.95196,-3.00723,0.75502,-0.64435,-0.12147,0.71113,0.0,0.0,nan,0.0,0.01007,0.06552,39.04272,1.80253,0.24294,0.60484,0.46357,0.26717,0.55478,0.46357
23.12355,0.86113,-0.93779,0.73162,-0.67901,-0.06062,0.70956,0.0,0.0,nan,0.0,0.00813,0.03941,47.24882,3.28773,0.24621,0.48952,0.7589,0.45224,0.30416,0.7589
23.38845,0.82812,1.07131,0.86334,-0.49719,0.08625,0.6198,0.0,0.0,nan,0.0,0.02444,0.12908,50.03507,1.84441,0.22439,0.66487,0.78783,0.33702,0.54218,0.78783
22.85902,0.86715,2.95294,0.8039,-0.50234,0.31843,0.59327,0.0,0.0,nan,0.0,0.0,,,,,,,,,
22.41438,1.32347,4.69426,0.72633,-0.49672,0.4751,0.64868,0.0,0.0,nan,0.0,0.01365,0.11345,63.58106,3.52524,0.2557,0.76948,0.92958,0.37915,0.28367,0.92958
22.41333,3.07442,-6.58375,0.82767,-0.04004,-0.55979,0.82898,0.0,0.0,nan,0.0,0.01659,0.04204,32.44393,3.05954,0.24508,0.68553,0.68555,0.61123,0.32685,0.68555
22.66759,3.00097,-4.97683,0.94211,-0.04663,-0.33206,0.90924,0.0,0.0,nan,0.0,0.01027,0.04204,23.61725,2.91446,0.23664,0.53537,0.46986,0.49514,0.34312,0.46986
23.19086,3.02008,-3.01042,0.98732,0.04223,-0.15304,0.94889,0.0,0.0,nan,0.0,0.02184,0.0718,24.99585,1.76725,0.23533,0.67888,0.69821,0.48382,0.56585,0.69821
23.27585,2.95793,-0.95752,0.99864,-0.03745,0.03627,0.95789,0.0,0.0,nan,0.0,0.01023,0.0394,27.65797,2.25835,0.23456,0.52081,0.73436,0.53459,0.4428,0.73436
23.21411,3.07835,1.04293,0.98382,0.06022,0.16874,0.97708,0.0,0.0,nan,0.0,0.00523,0.01965,23.56011,1.68876,0.23726,0.41196,0.6328,0.70106,0.59215,0.6328
22.66933,2.95803,2.89554,0.9726,-0.05376,0.22617,0.99049,0.0,0.0,nan,0.0,0.00302,0.08635,65.90927,3.45161,0.2317,0.70277,0.98488,0.20677,0.28972,0.98488
22.47007,3.04195,4.94678,0.9264,-0.1525,0.34428,0.88095,0.0,0.0,nan,0.0,0.00716,0.11418,58.71262,1.88487,0.22932,0.78102,0.99201,0.3681,0.53054,0.99201
22.1245,5.17703,-6.33491,0.88966,-0.01933,-0.45621,0.97218,0.0,0.0,nan,0.0,0.01455,0.03082,38.2985,2.88494,0.23844,0.51171,0.51215,0.97102,0.34663,0.51215
22.21999,5.14682,-4.85342,0.95112,0.00485,-0.30878,0.98412,0.0,0.0,nan,0.0,0.01175,0.03287,31.11019,1.73195,0.23739,0.45404,0.59427,0.83754,0.57738,0.59427
22.89067,5.11343,-3.03886,0.98854,0.03001,-0.14795,0.98892,0.0,0.0,nan,0.0,0.01105,0.04043,33.5004,2.17689,0.23061,0.64056,0.86041,0.69899,0.45937,0.86041
22.85954,4.97892,-0.92348,0.99525,0.09715,0.00685,0.99636,0.0,0.0,nan,0.0,0.00529,0.02419,26.56654,2.12624,0.22869,0.53802,0.85119,0.64611,0.47031,0.85119
22.66347,5.04509,0.983,0.98207,0.02836,0.18638,0.99479,0.0,0.0,nan,0.0,0.00482,0.01257,18.59619,1.84263,0.23714,0.50619,0.52082,0.83875,0.5427,0.52082
22.17813,5.12279,2.96325,0.9923,-0.06714,0.10406,0.98138,0.0,0.0,nan,0.0,0.00551,0.02085,21.23852,1.63867,0.24194,0.57274,0.5667,0.50468,0.61025,0.5667
22.39012,4.99061,4.97364,0.96868,-0.10735,0.22392,0.94752,0.0,0.0,nan,0.0,0.01268,0.06214,19.83132,1.80253,0.24116,0.67047,0.51535,0.3349,0.55478,0.51535
22.06093,5.36306,6.08283,0.82061,-0.10528,0.56171,0.91081,0.0,0.0,nan,0.0,0.01582,0.07111,14.05719,1.65675,0.23657,0.45318,0.71886,0.56089,0.60359,0.71886
22.30512,7.1239,-6.3991,0.86174,-0.15362,-0.48353,0.96504,0.0,0.0,nan,0.0,0.01679,0.05009,31.94097,1.70218,0.2307,0.49548,0.36652,0.71872,0.58748,0.36652
22.78308,6.91501,-5.04254,0.93871,-0.19198,-0.28631,0.99107,0.0,0.0,nan,0.0,0.01089,0.03816,29.63718,1.86093,0.22857,0.46409,0.34572,0.65661,0.53737,0.34572
23.13145,6.88165,-2.97897,0.98737,-0.14193,-0.07042,0.99401,0.0,0.0,nan,0.0,0.0067,0.02864,31.13921,2.1653,0.23289,0.61316,0.87357,0.67125,0.46183,0.87357
22.83775,7.06688,-1.03496,0.99313,-0.11426,0.02514,0.99753,0.0,0.0,nan,0.0,0.00438,0.02641,27.27303,2.06561,0.23189,0.58015,0.88753,0.54824,0.48412,0.88753
22.87291,7.03711,0.99751,0.99156,-0.09587,0.08733,0.99871,0.0,0.0,nan,0.0,0.00525,0.01785,16.24896,1.64006,0.24066,0.47048,0.39237,0.70148,0.60974,0.39237
22.49062,7.01622,3.00429,0.99012,-0.12695,0.05952,0.99969,0.0,0.0,nan,0.0,0.00775,0.03391,12.98257,3.20822,0.24275,0.60469,0.74252,0.43637,0.3117,0.74252
22.7917,6.97821,5.00012,0.95611,-0.05456,0.28787,0.91678,0.0,0.0,nan,0.0,0.01465,0.04869,12.26038,1.87292,0.24439,0.55113,0.4228,0.63476,0.53393,0.4228
22.21076,7.06501,6.23581,0.76121,0.04506,0.64694,0.88702,0.0,0.0,nan,0.0,0.01372,0.03978,12.69773,2.43433,0.22984,0.60044,0.68633,0.66503,0.41079,0.68633
22.39884,8.90914,-6.54234,0.82134,0.01002,-0.57035,0.96866,0.0,0.0,nan,0.0,0.00751,0.03802,21.77409,2.08622,0.23417,0.44446,0.80527,0.5892,0.47934,0.80527
22.93391,9.0004,-4.95139,0.93921,-0.05633,-0.33868,0.99244,0.0,0.0,nan,0.0,0.01072,0.04119,18.19068,1.85501,0.23331,0.37784,0.6855,0.76448,0.53908,0.6855
23.38796,8.99183,-2.98012,0.98665,-0.15397,-0.05304,0.99607,0.0,0.0,nan,0.0,0.00683,0.04531,22.60222,2.2318,0.23596,0.55302,0.82648,0.39302,0.44807,0.82648
23.34544,8.89008,-1.0181,0.98243,-0.1721,0.07221,0.99959,0.0,0.0,nan,0.0,0.00539,0.03031,20.68611,2.03326,0.23167,0.58339,0.77158,0.35935,0.49182,0.77158
23.13737,8.97143,0.99568,0.98327,-0.15089,0.10208,0.99969,0.01452,0.07261,0.6,1.0,0.00556,0.02816,14.10841,2.17152,0.23143,0.40613,0.29941,0.55557,0.46051,0.29941
22.83071,9.00238,3.04302,0.98978,-0.05577,0.13127,0.99342,0.0,0.0,nan,0.0,0.00533,0.021,11.77259,2.56856,0.23725,0.46226,0.50736,0.64217,0.38932,0.50736
22.58441,8.96176,4.88094,0.89555,0.10364,0.43273,0.93665,0.0,0.0,nan,0.0,0.00442,0.01509,13.65965,1.82658,0.24215,0.37053,0.40499,0.90673,0.54747,0.40499
22.12841,8.17249,6.11485,0.71099,0.10531,0.69527,0.90288,0.0,0.0,nan,0.0,0.0091,0.02281,14.25045,2.32417,0.22754,0.53791,0.51589,0.84582,0.43026,0.51589
22.22364,11.01446,-6.19971,0.76722,0.04017,-0.64012,0.98452,0.0,0.0,nan,0.0,0.01086,0.03347,15.00721,1.95212,0.23567,0.41905,0.60744,0.87792,0.51226,0.60744
23.00397,10.97671,-5.02018,0.89834,-0.03977,-0.4375,0.98569,0.0,0.0,nan,0.0,0.01161,0.03978,13.94288,1.85938,0.23441,0.33528,0.28837,0.99554,0.53781,0.28837
23.52659,11.01471,-3.02266,0.98581,-0.0851,-0.14469,0.99783,0.0,0.0,nan,0.0,0.014,0.04338,11.91616,1.82489,0.23406,0.39114,0.46668,0.96334,0.54798,0.46668
23.70489,10.9663,-0.98017,0.99015,-0.13271,0.04467,0.999,0.0,0.0,nan,0.0,0.0225,0.05786,10.09872,2.0208,0.23956,0.46599,0.32658,1.0,0.49485,0.32658
23.36684,10.99277,0.99144,0.97778,-0.11736,0.17373,0.9992,0.0117,0.05848,0.7,1.0,0.01648,0.04389,9.83435,1.63867,0.23453,0.45198,0.35252,1.0,0.61025,0.35252
22.89921,10.97078,3.04141,0.96241,-0.00944,0.27145,0.99646,0.0,0.0,nan,0.0,0.00732,0.0224,12.95377,2.85248,0.23771,0.42497,0.61974,0.88807,0.35057,0.61974
22.43297,10.73133,4.79766,0.82964,0.09459,0.55022,0.95143,0.0,0.0,nan,0.0,0.00489,0.01346,15.07909,1.75277,0.2415,0.42703,0.44151,0.96425,0.57053,0.44151
22.4257,13.20628,-6.42287,0.71561,-0.21023,-0.66611,0.98129,0.0,0.0,nan,0.0,0.01124,0.031,17.04632,1.63867,0.23739,0.47065,0.48563,0.86096,0.61025,0.48563
23.29011,12.99122,-5.07412,0.90863,-0.1344,-0.39537,0.97551,0.0,0.0,nan,0.0,0.01523,0.04898,15.00082,1.83557,0.22345,0.39726,0.65466,0.88722,0.54479,0.65466
23.67944,13.02439,-3.01148,0.99167,-0.01583,-0.12782,0.99342,0.0,0.0,nan,0.0,0.01794,0.06973,14.58206,1.63867,0.23253,0.49829,0.46437,0.58698,0.61025,0.46437
23.95251,12.99968,-0.93719,0.9982,0.01201,0.05875,0.99019,0.0,0.0,nan,0.0,0.00892,0.03481,13.91427,1.66869,0.23964,0.59667,0.7084,0.4912,0.59927,0.7084
23.57419,13.03497,1.04099,0.9684,0.07022,0.2393,0.99235,0.0,0.0,nan,0.0,0.01105,0.0343,10.76147,1.86011,0.24062,0.55564,0.55296,0.68769,0.5376,0.55296
23.20872,13.06091,3.01859,0.94507,0.11701,0.30521,0.97776,0.0,0.0,nan,0.0,0.0036,0.05932,15.63846,1.88304,0.23659,0.65496,0.94605,0.28043,0.53106,0.94605
22.43726,12.99477,4.68243,0.86103,0.06513,0.50436,0.96993,0.0,0.0,nan,0.0,0.00643,0.02516,14.45251,3.02154,0.22977,0.60165,0.68249,0.48379,0.33096,0.68249
22.59768,15.10784,-6.71066,0.7805,-0.08023,-0.61999,0.97669,0.0,0.0,nan,0.0,0.01917,0.04698,21.69656,2.00203,0.22973,0.52033,0.60134,0.85671,0.49949,0.60134
23.70941,14.96219,-5.07462,0.96813,-0.00421,-0.25041,0.94438,0.0,0.0,nan,0.0,0.01855,0.06462,26.33906,1.98748,0.23932,0.50601,0.62912,0.61053,0.50315,0.62912
23.47128,15.05571,-2.92295,0.99625,0.08185,-0.02801,0.99949,0.0,0.0,nan,0.0,0.00844,0.03387,24.03071,1.89826,0.23396,0.41343,0.36035,0.65284,0.5268,0.36035
23.74166,15.0223,-1.0082,0.9947,0.09304,0.04382,0.99254,0.0,0.0,nan,0.0,0.00566,0.03014,19.76162,1.72034,0.24084,0.37919,0.59966,0.54582,0.58128,0.59966
22.94467,15.1255,0.9417,0.95223,0.08739,0.29262,0.99381,0.0,0.0,nan,0.0,0.00684,0.03029,24.02496,1.63867,0.24646,0.5959,0.68795,0.41023,0.61025,0.68795
22.36405,14.9708,2.92764,0.93242,0.15965,0.3242,0.99861,0.0,0.0,nan,0.0,0.00756,0.03241,27.66973,2.00056,0.23306,0.5785,0.76745,0.4581,0.49986,0.76745
22.26674,14.66823,4.52142,0.88179,0.17165,0.4393,0.97473,0.0,0.0,nan,0.0,0.00579,0.0477,30.12534,1.63867,0.2401,0.57818,0.87253,0.36827,0.61025,0.87253
22.41752,16.89853,-6.65996,0.8131,0.1046,-0.57265,0.97727,0.0,0.0,nan,0.0,0.01812,0.05408,28.65803,2.22518,0.24381,0.43266,0.41523,0.82836,0.4494,0.41523
23.40801,17.01094,-5.05267,0.97095,0.16976,-0.16862,0.9714,0.0,0.0,nan,0.0,0.01906,0.05048,38.68035,2.38149,0.23277,0.54386,0.57206,0.73012,0.41991,0.57206
23.22964,16.97866,-3.02886,0.98289,0.15743,-0.09558,0.99881,0.0,0.0,nan,0.0,0.01066,0.03129,31.69903,1.91474,0.23888,0.4329,0.54069,0.83677,0.52227,0.54069
23.644,16.92661,-1.00234,0.99957,0.02339,-0.01741,0.9853,0.0,0.0,nan,0.0,0.00491,0.025,25.15096,2.18058,0.23287,0.38273,0.55952,0.55387,0.45859,0.55952
23.31009,17.01924,1.04651,0.94448,-0.08247,0.31805,0.99,0.0,0.0,nan,0.0,0.01038,0.03014,22.35685,2.06398,0.23482,0.53854,0.53437,0.69638,0.4845,0.53437
22.73825,16.9923,3.11001,0.88378,0.05597,0.46455,0.97698,0.0,0.0,nan,0.0,0.0096,0.02931,35.49865,3.21729,0.23355,0.56427,0.74647,0.61323,0.31082,0.74647
22.01861,16.49985,4.01651,0.8815,0.17926,0.43684,0.98961,0.0,0.0,nan,0.0,0.00493,0.02533,33.80014,1.99655,0.23402,0.52703,0.86833,0.6297,0.50086,0.86833
22.54289,19.0476,-6.84856,0.86098,-0.0047,-0.50861,0.92667,0.0,0.0,nan,0.0,0.00351,0.04403,34.05301,1.80253,0.24732,0.52712,0.91346,0.33594,0.55478,0.91346
22.75616,18.92433,-4.91739,0.98854,0.10006,-0.11302,0.99753,0.0,0.0,nan,0.0,0.02027,0.05277,38.73646,1.72613,0.24328,0.63636,0.4848,0.63464,0.57933,0.4848
22.98957,18.89387,-3.04385,0.97955,0.13226,-0.15161,0.99783,0.0,0.0,nan,0.0,0.01449,0.0447,41.22294,1.8566,0.23764,0.60017,0.5986,0.56627,0.53862,0.5986
23.54745,19.01342,-1.02961,0.98726,0.04454,-0.15274,0.98501,0.0,0.0,nan,0.0,0.01483,0.04222,23.18759,2.3258,0.2317,0.5203,0.53508,0.73337,0.42996,0.53508
23.62274,18.89114,1.08068,0.96476,-0.09209,0.2465,0.96416,0.0,0.0,nan,0.0,0.00991,0.03866,20.29062,1.7296,0.2323,0.43789,0.58787,0.64314,0.57817,0.58787
22.43287,19.04316,2.73702,0.82549,-0.19267,0.53052,0.99088,0.0,0.0,nan,0.0,0.00411,0.01913,28.94419,2.37309,0.2422,0.47134,0.30809,0.48769,0.42139,0.30809
22.19258,19.84444,4.23026,0.78665,-0.30779,0.5352,0.99284,0.0,0.0,nan,0.0,0.00325,0.01898,31.87124,1.68395,0.24407,0.46199,0.49597,0.39359,0.59384,0.49597
22.70261,20.93726,-6.70727,0.91218,-0.06512,-0.40459,0.93841,0.0,0.0,nan,0.0,0.01097,0.0476,27.69758,1.6697,0.23811,0.58604,0.7841,0.4732,0.59891,0.7841
22.92021,21.02854,-5.03097,0.98662,-0.11148,-0.11895,0.99186,0.0,0.0,nan,0.0,0.0172,0.04837,40.13507,1.75469,0.2434,0.64359,0.74707,0.5801,0.5699,0.74707
22.59755,21.03798,-3.05899,0.97744,-0.16793,-0.12812,0.94654,0.0,0.0,nan,0.0,0.02069,0.06106,36.70122,1.82193,0.23816,0.69003,0.78024,0.5732,0.54887,0.78024
23.38421,21.01307,-0.99797,0.96973,-0.10083,-0.2224,0.99352,0.0,0.0,nan,0.0,0.02637,0.05518,18.7287,2.03837,0.23017,0.67111,0.43081,0.78798,0.49059,0.43081
23.77091,20.97867,0.91497,0.99287,-0.09405,0.0732,0.9808,0.0,0.0,nan,0.0,0.01916,0.0419,14.31002,1.97587,0.22795,0.66978,0.4256,0.77833,0.50611,0.4256
23.1877,20.99557,2.97633,0.89863,-0.20259,0.38914,0.96739,0.0,0.0,nan,0.0,0.01224,0.0537,17.60093,1.8598,0.24609,0.48303,0.50931,0.52566,0.53769,0.50931
22.53017,21.00748,4.74806,0.79812,-0.25929,0.54385,0.9392,0.0,0.0,nan,0.0,0.00604,0.04088,18.81807,1.80253,0.24493,0.51453,0.48195,0.31776,0.55478,0.48195
22.10843,23.27241,-8.08448,0.77232,0.02497,-0.63474,0.92295,0.0,0.0,nan,0.0,0.00838,0.02904,18.00803,2.92618,0.24293,0.41758,0.60402,0.76769,0.34174,0.60402
22.51834,22.98508,-6.96587,0.88147,0.07114,-0.46684,0.96739,0.0,0.0,nan,0.0,0.01076,0.03317,23.16852,1.74666,0.25076,0.51859,0.3279,0.67978,0.57252,0.3279
23.44636,22.98392,-5.07567,0.94832,-0.06465,-0.31067,0.9438,0.0,0.0,nan,0.0,0.01822,0.05251,33.21772,1.99938,0.23058,0.5954,0.53708,0.61788,0.50016,0.53708
23.60737,22.57306,-3.07904,0.94059,-0.29336,-0.17099,0.98951,0.0,0.0,nan,0.0,0.0148,0.05676,35.74391,1.91626,0.22701,0.69086,0.52663,0.39843,0.52185,0.52663
23.7999,22.48442,-1.14281,0.95661,-0.26591,-0.11911,0.99528,0.0,0.0,nan,0.0,0.01068,0.03459,18.47727,2.29691,0.23065,0.70031,0.83288,0.66507,0.43537,0.83288
23.90399,22.7492,1.26559,0.98142,-0.05856,0.18273,0.98324,0.0,0.0,nan,0.0,0.0137,0.04026,12.81733,1.73885,0.23641,0.67621,0.51262,0.58173,0.57509,0.51262
23.08221,23.03304,2.91955,0.92701,0.06173,0.36993,0.99881,0.0,0.0,nan,0.0,0.00835,0.04221,16.71142,1.63867,0.23353,0.68704,0.89979,0.61896,0.61025,0.89979
22.59255,22.97097,4.75658,0.82401,0.06921,0.56233,0.9761,0.0,0.0,nan,0.0,0.00943,0.04626,14.03273,2.22435,0.2436,0.70528,0.85826,0.50517,0.44957,0.85826
22.18385,24.74923,-6.72833,0.89902,0.08023,-0.43049,0.99264,0.0,0.0,nan,0.0,0.00849,0.02862,26.11551,1.85812,0.24211,0.527,0.49429,0.6058,0.53818,0.49429
22.83167,24.77954,-4.77058,0.87706,0.0305,-0.47942,0.97913,0.0,0.0,nan,0.0,0.01044,0.02709,26.01506,1.70942,0.24388,0.54817,0.59519,0.75737,0.58499,0.59519
23.74686,25.30984,-3.72577,0.88403,-0.05464,-0.46423,0.98461,0.0,0.0,nan,0.0,0.01072,0.03849,21.96851,1.88996,0.22954,0.46536,0.43179,0.65326,0.52911,0.43179
23.7804,25.0739,1.60361,0.90829,0.11202,0.40306,0.98207,0.0,0.0,nan,0.0,0.00447,0.05659,20.87556,1.82148,0.24561,0.71973,0.93392,0.29256,0.549,0.93392
22.77387,25.03583,3.02307,0.88552,0.21001,0.41442,0.99333,0.0,0.0,nan,0.0,0.00728,0.03728,24.14828,1.86718,0.23766,0.78046,0.81879,0.3475,0.53557,0.81879
22.41613,24.97322,4.5447,0.86308,0.12863,0.48842,0.96895,0.0,0.0,nan,0.0,0.01139,0.07652,37.19674,2.09378,0.23613,0.76855,0.8343,0.2796,0.4776,0.8343
22.09033,27.93522,-8.11649,0.74694,-0.22357,-0.62618,0.94233,0.0,0.0,nan,0.0,0.01391,0.04874,33.64853,1.87339,0.23256,0.71619,0.74722,0.42221,0.53379,0.74722
22.57912,27.06393,-7.01876,0.87709,-0.21131,-0.43134,0.98001,0.0,0.0,nan,0.0,0.01156,0.02295,28.06792,2.75002,0.22164,0.65189,0.39167,0.82744,0.36363,0.39167
23.07515,26.98741,-5.07219,0.8495,-0.20402,-0.48655,0.98716,0.0,0.0,nan,0.0,0.00993,0.02916,29.99843,3.38347,0.23889,0.63741,0.65216,0.56991,0.29555,0.65216
23.94447,26.21688,-3.92322,0.86255,-0.08873,-0.49813,0.97179,0.0,0.0,nan,0.0,0.0175,0.08574,19.92041,2.16719,0.23244,0.64147,0.8061,0.42663,0.46143,0.8061
23.37851,27.24956,1.47091,0.84281,-0.07454,0.53303,0.97502,0.0,0.0,nan,0.0,0.00939,0.04711,44.05352,2.28195,0.22756,0.76858,0.65696,0.27116,0.43822,0.65696
22.2917,26.59632,2.54178,0.88785,0.10013,0.44911,0.91003,0.0,0.0,nan,0.0,0.01294,0.04531,69.42126,3.51577,0.23987,0.85478,0.6707,0.34382,0.28443,0.6707
22.30662,27.02387,4.67254,0.90417,-0.05032,0.4242,0.96073,0.0,0.0,nan,0.0,0.01216,0.03869,50.97422,3.60506,0.23814,0.8013,0.60914,0.40748,0.27739,0.60914
22.35202,29.41787,-8.3465,0.69951,-0.18289,-0.69083,0.94986,0.0,0.0,nan,0.0,0.01074,0.03676,25.13873,1.83796,0.22865,0.58156,0.67456,0.54218,0.54408,0.67456
22.86941,29.03243,-7.0264,0.83268,-0.27579,-0.48019,0.99685,0.0,0.0,nan,0.0,0.00962,0.02539,27.1686,1.83604,0.23947,0.60488,0.52472,0.67265,0.54465,0.52472
23.44188,28.92634,-5.45173,0.87658,-0.27787,-0.39294,0.99695,0.0,0.0,nan,0.0,0.00671,0.02297,22.0685,1.82548,0.23918,0.58319,0.4838,0.54654,0.5478,0.4838
23.73205,28.28221,1.47932,0.87239,-0.20965,0.44156,0.97825,0.0,0.0,nan,0.0,0.01327,0.07269,21.61314,2.42975,0.23157,0.75402,0.7954,0.30944,0.41157,0.7954
23.32326,28.63978,3.06719,0.8513,-0.35933,0.38232,0.98824,0.0,0.0,nan,0.0,0.00309,0.02998,52.88178,1.63867,0.24818,0.63309,0.8351,0.23187,0.61025,0.8351
22.70681,29.24342,4.9334,0.7697,-0.29881,0.56415,0.93088,0.0,0.0,nan,0.0,0.00366,0.04374,47.56142,1.74444,0.24409,0.62306,0.88613,0.24816,0.57325,0.88613
22.50514,30.90544,-8.39537,0.67485,0.00303,-0.73795,0.9388,0.0,0.0,nan,0.0,0.01974,0.05215,22.01409,1.74073,0.23866,0.66464,0.27125,0.62132,0.57447,0.27125
23.65614,30.95591,-7.19046,0.85253,-0.04947,-0.52033,0.94145,0.0,0.0,nan,0.0,0.01201,0.03817,26.90707,2.56785,0.23328,0.58306,0.54649,0.58001,0.38943,0.54649
23.64702,30.34328,-5.54416,0.92324,-0.15916,-0.34971,0.9992,0.0,0.0,nan,0.0,0.00864,0.02762,20.39723,1.85359,0.23633,0.49907,0.65864,0.68814,0.53949,0.65864
23.89193,31.92028,-0.44238,0.97294,0.15041,0.17542,0.99597,0.0,0.0,nan,0.0,0.00815,0.02654,21.52841,1.80273,0.24635,0.52151,0.46836,0.64365,0.55471,0.46836
23.72207,31.77349,1.09782,0.98509,0.14507,0.09251,0.99812,0.0,0.0,nan,0.0,0.00962,0.0266,21.61031,1.69707,0.24027,0.62349,0.49609,0.63353,0.58925,0.49609
23.8618,31.18287,3.01754,0.98763,0.01455,0.15613,0.97306,0.0,0.0,nan,0.0,0.00377,0.04073,21.97741,1.70832,0.23732,0.78536,0.93029,0.30358,0.58537,0.93029
23.04813,30.97892,5.2225,0.75683,-0.1234,0.64186,0.90484,0.0,0.0,nan,0.0,0.00835,0.05776,10.04361,2.18476,0.23758,0.45481,0.68911,0.38111,0.45772,0.68911
22.08331,31.14047,6.02695,0.51274,-0.04697,0.85726,0.93675,0.0,0.0,nan,0.0,0.00944,0.04003,12.30942,3.38163,0.24217,0.71955,0.47848,0.38088,0.29572,0.47848
22.24329,32.55561,-8.1039,0.59351,0.18247,-0.78387,0.97962,0.0,0.0,nan,0.0,0.01045,0.03698,31.45064,2.04533,0.23904,0.52219,0.7081,0.57527,0.48892,0.7081
23.20491,33.07993,-7.09187,0.79015,0.08882,-0.60644,0.97277,0.0,0.0,nan,0.0,0.02363,0.04924,31.75765,1.71594,0.24504,0.72184,0.67275,0.70655,0.58277,0.67275
23.99461,33.5937,-5.44424,0.96241,0.08251,-0.25878,0.98628,0.0,0.0,nan,0.0,0.01111,0.03408,33.12204,1.66113,0.23023,0.62254,0.85837,0.8499,0.602,0.85837
23.85053,33.32951,-2.84139,0.9982,0.05331,0.02747,0.98804,0.0,0.0,nan,0.0,0.01277,0.03337,22.73085,1.81283,0.24031,0.49774,0.47033,0.83616,0.55162,0.47033
23.57814,32.8767,-0.53171,0.9856,0.03108,0.16619,0.97443,0.0,0.0,nan,0.0,0.01068,0.02977,26.98583,1.80253,0.23953,0.59843,0.69082,0.64401,0.55478,0.69082
23.19804,32.99001,0.98019,0.99755,-0.00474,0.06984,0.94008,0.0,0.0,nan,0.0,0.01591,0.0387,30.10377,1.72049,0.24182,0.72154,0.76749,0.64358,0.58123,0.76749
23.76041,32.92929,3.00368,0.99688,-0.00719,0.07855,0.98491,0.0,0.0,nan,0.0,0.00482,0.03619,23.67829,3.4412,0.24724,0.70884,0.86321,0.31959,0.2906,0.86321
23.11571,33.00618,5.26613,0.7389,0.0187,0.67355,0.90141,0.0,0.0,nan,0.0,0.0087,0.04908,14.55897,1.80468,0.23735,0.50754,0.7469,0.39739,0.55411,0.7469
22.00487,32.18456,6.0138,0.43151,0.0467,0.9009,0.95114,0.0,0.0,nan,0.0,0.01828,0.0707,15.90059,1.63867,0.24973,0.78835,0.66168,0.36915,0.61025,0.66168
22.45685,35.40392,-8.45309,0.62303,-0.2536,-0.73995,0.96063,0.0,0.0,nan,0.0,0.00389,0.02622,41.45967,1.8213,0.2369,0.4341,0.47983,0.35825,0.54906,0.47983
23.35892,34.87609,-7.13816,0.83057,-0.11108,-0.54572,0.95388,0.0,0.0,nan,0.0,0.01277,0.03035,39.17038,1.88434,0.23768,0.62539,0.48833,0.70721,0.53069,0.48833
23.98228,35.29938,-5.21379,0.96217,-0.10374,-0.25194,0.99587,0.0,0.0,nan,0.0,0.00993,0.02272,38.92249,1.6893,0.23547,0.55966,0.6884,0.82154,0.59196,0.6884
23.86875,34.54644,-2.95088,0.99728,-0.04237,-0.0603,0.98383,0.0,0.0,nan,0.0,0.0139,0.03874,27.85525,2.42825,0.23312,0.51165,0.71488,0.75161,0.41182,0.71488
23.8726,34.49874,-0.24667,0.97282,-0.18796,0.13524,0.99372,0.0,0.0,nan,0.0,0.01842,0.03961,22.68223,3.06814,0.2425,0.60323,0.5555,0.83903,0.32593,0.5555
23.7912,34.84691,1.03738,0.97323,-0.2093,0.09495,0.99607,0.0,0.0,nan,0.0,0.01377,0.04926,18.06471,1.84561,0.24308,0.65188,0.87573,0.79704,0.54183,0.87573
23.96292,34.84358,3.1776,0.97713,-0.10214,0.18653,0.97815,0.0,0.0,nan,0.0,0.01252,0.04614,16.43733,2.53014,0.22699,0.60442,0.59365,0.50364,0.39524,0.59365
22.87188,34.90402,4.97973,0.74503,-0.09065,0.66085,0.97228,0.0,0.0,nan,0.0,0.01582,0.04206,15.64087,2.2163,0.2328,0.60174,0.6313,0.70484,0.4512,0.6313
22.10869,35.91782,6.06051,0.59694,-0.18284,0.78118,0.98373,0.0,0.0,nan,0.0,0.00796,0.03312,17.59223,1.68824,0.23852,0.645,0.83175,0.56194,0.59233,0.83175
22.9142,37.10591,-8.66153,0.60213,-0.33053,-0.72677,0.94938,0.0,0.0,nan,0.0,0.00768,0.03632,43.15498,1.90391,0.23735,0.52935,0.47133,0.41795,0.52523,0.47133
23.23995,36.92016,-7.16348,0.80214,-0.36064,-0.47593,0.98706,0.0,0.0,nan,0.0,0.01249,0.04063,39.68733,3.17811,0.24101,0.53308,0.56787,0.60563,0.31465,0.56787
23.97458,36.36251,-4.49122,0.96591,-0.17112,-0.19427,0.99724,0.0,0.0,nan,0.0,0.00723,0.02355,33.26442,3.36896,0.23393,0.44789,0.58182,0.72713,0.29683,0.58182
23.68723,36.58864,-3.55651,0.98471,-0.13888,-0.10515,0.97786,0.0,0.0,nan,0.0,0.00605,0.02316,31.55368,2.2719,0.23468,0.46228,0.63542,0.60103,0.44016,0.63542
23.97986,36.09419,1.47415,0.98476,-0.1252,0.12075,0.999,0.0,0.0,nan,0.0,0.00909,0.04038,16.70549,2.23503,0.22725,0.71991,0.92295,0.78405,0.44742,0.92295
23.95284,37.01846,3.78633,0.94688,0.03222,0.31998,0.97708,0.0,0.0,nan,0.0,0.01274,0.03797,15.37554,2.82092,0.22927,0.56768,0.64152,0.66781,0.35449,0.64152
23.42032,36.94347,5.11265,0.83935,-0.01017,0.5435,0.95819,0.0,0.0,nan,0.0,0.00653,0.03258,18.10911,1.94178,0.23563,0.52421,0.78234,0.47384,0.51499,0.78234
22.37061,37.06308,6.40137,0.66611,-0.08529,0.74096,0.95789,0.0,0.0,nan,0.0,0.00854,0.03335,19.09556,1.63867,0.24174,0.5682,0.54555,0.4979,0.61025,0.54555
23.10348,39.09306,-9.31624,0.47427,0.03242,-0.87978,0.81762,0.0,0.0,nan,0.0,0.01471,0.08933,20.39129,2.09307,0.23201,0.69388,0.86273,0.4076,0.47777,0.86273
23.95451,38.01974,-7.00081,0.90079,-0.25329,-0.35274,0.98334,0.0,0.0,nan,0.0,0.0089,0.03449,31.18785,1.83313,0.24065,0.49102,0.42245,0.55896,0.54552,0.42245
23.93545,39.89367,-3.45224,0.99538,0.0613,0.07391,0.98961,0.0,0.0,nan,0.0,0.01984,0.03746,25.38304,1.63867,0.21692,0.59516,0.68922,0.96018,0.61025,0.68922
23.86602,39.05785,-0.94085,0.98633,0.10795,0.12454,0.99117,0.0,0.0,nan,0.0,0.00945,0.02182,23.04665,1.81462,0.23123,0.50315,0.29728,0.93554,0.55108,0.29728
23.75047,39.50665,1.25232,0.97115,0.13976,0.19322,0.99783,0.0,0.0,nan,0.0,0.00812,0.02179,23.65968,1.87616,0.22885,0.44492,0.25634,0.90834,0.533,0.25634
23.49327,39.1383,3.11388,0.94713,0.20777,0.24449,0.99969,0.0,0.0,nan,0.0,0.01004,0.02722,20.97251,1.94351,0.22175,0.46015,0.39995,0.87804,0.51453,0.39995
23.16599,38.97224,5.09332,0.85337,0.18082,0.48895,0.98579,0.0,0.0,nan,0.0,0.00835,0.02869,24.5268,1.84285,0.23263,0.52664,0.75971,0.6166,0.54264,0.75971
22.20805,39.01149,6.11398,0.76237,0.10822,0.63803,0.98324,0.0,0.0,nan,0.0,0.00988,0.03397,24.40931,2.04147,0.23436,0.5899,0.79839,0.63126,0.48984,0.79839
22.85291,40.748,-8.44899,0.53697,0.23753,-0.80947,0.96836,0.0,0.0,nan,0.0,0.01428,0.06804,29.43292,1.98678,0.24437,0.43997,0.59131,0.50943,0.50333,0.59131
23.72475,41.30056,-7.24965,0.8376,0.22217,-0.49906,0.97228,0.0,0.0,nan,0.0,0.01188,0.04734,33.45762,2.45826,0.23589,0.58079,0.51112,0.45794,0.40679,0.51112
23.88708,40.35823,-3.20273,0.99571,0.06057,0.06997,0.98452,0.0,0.0,nan,0.0,0.0058,0.01904,20.30873,1.63867,0.23226,0.35329,0.31295,0.94762,0.61025,0.31295
23.85761,40.13443,-0.12355,0.98336,0.07345,0.16616,0.99675,0.0,0.0,nan,0.0,0.00949,0.0243,23.50413,1.93819,0.2298,0.42367,0.30081,1.0,0.51594,0.30081
23.58444,40.81849,1.15035,0.9696,0.04156,0.24115,0.98471,0.0,0.0,nan,0.0,0.01215,0.03265,30.11283,1.73476,0.24343,0.56865,0.70584,0.6979,0.57645,0.70584
23.15823,41.0466,3.00347,0.96493,0.02868,0.26092,0.9853,0.0,0.0,nan,0.0,0.01358,0.0272,25.10037,1.73072,0.24035,0.5707,0.635,0.94465,0.5778,0.635
22.73249,40.95998,5.07471,0.87329,0.05633,0.48393,0.99372,0.0,0.0,nan,0.0,0.00908,0.02517,24.31372,2.01408,0.22785,0.56905,0.79118,0.78996,0.4965,0.79118
22.03519,40.59172,6.11361,0.76267,0.11046,0.63728,0.97228,0.0,0.0,nan,0.0,0.00495,0.03102,31.79341,2.3481,0.23534,0.70176,0.94986,0.67051,0.42588,0.94986
22.60123,43.03549,-8.46097,0.61963,-0.0719,-0.78159,0.97091,0.0,0.0,nan,0.0,0.01141,0.0371,22.15941,2.42,0.23216,0.44769,0.49303,0.74907,0.41322,0.49303
23.89201,43.03126,-7.26901,0.8725,-0.05259,-0.48578,0.9619,0.0,0.0,nan,0.0,0.00842,0.03674,28.3847,1.66197,0.23698,0.48202,0.4053,0.50866,0.60169,0.4053
23.85317,43.33641,-5.5046,0.98006,-0.11217,-0.16404,0.97032,0.0,0.0,nan,0.0,0.01351,0.03352,25.22847,1.83037,0.2279,0.46561,0.57897,0.93415,0.54634,0.57897
23.99301,43.87389,-2.88255,0.9916,-0.12926,-0.00484,0.98696,0.0,0.0,nan,0.0,0.00694,0.01945,23.34016,2.19586,0.23071,0.40726,0.61554,0.95161,0.4554,0.61554
23.86328,42.88255,-0.49305,0.98931,-0.07967,0.12214,0.99773,0.0,0.0,nan,0.0,0.01079,0.0366,26.96769,1.63867,0.24121,0.57495,0.67876,0.55065,0.61025,0.67876
23.38618,42.64672,1.30498,0.95881,-0.15673,0.23691,0.98491,0.0,0.0,nan,0.0,0.00742,0.01901,24.20178,1.80253,0.23671,0.49233,0.68533,0.85877,0.55478,0.68533
23.46863,42.98201,3.02251,0.94308,-0.1802,0.2795,0.9991,0.0,0.0,nan,0.0,0.006,0.01766,20.49627,1.83767,0.23694,0.49294,0.55345,0.75648,0.54417,0.55345
22.74633,43.01662,5.02761,0.85205,-0.18902,0.48815,0.9947,0.0,0.0,nan,0.0,0.00959,0.03374,19.96278,1.9289,0.22772,0.51729,0.57012,0.6047,0.51843,0.57012
22.12974,43.73815,6.22067,0.73479,-0.19902,0.64844,0.99274,0.0,0.0,nan,0.0,0.00754,0.04062,16.4383,2.71276,0.24203,0.42336,0.55415,0.49214,0.36863,0.55415
22.93817,45.0399,-8.71253,0.63019,-0.17678,-0.75605,0.98432,0.0,0.0,nan,0.0,0.00585,0.02422,17.11864,2.08681,0.23483,0.415,0.26518,0.65009,0.4792,0.26518
23.7457,44.30744,-7.34578,0.8251,-0.21784,-0.5213,0.98461,0.0,0.0,nan,0.0,0.00787,0.02459,19.49742,1.70016,0.23674,0.45219,0.34889,0.78058,0.58818,0.34889
23.83239,44.30819,-2.79637,0.98993,-0.14096,0.01332,0.96827,0.0,0.0,nan,0.0,0.00897,0.02342,22.8531,1.85149,0.22908,0.45112,0.5893,0.92269,0.54011,0.5893
23.83656,45.77613,0.40477,0.98466,0.09717,0.14489,0.99205,0.0,0.0,nan,0.0,0.00893,0.0247,18.13231,2.61917,0.24013,0.41877,0.35056,0.95817,0.3818,0.35056
23.81912,45.09952,3.38985,0.96527,-0.03022,0.25949,0.98931,0.0,0.0,nan,0.0,0.02091,0.05146,19.29914,1.71813,0.23467,0.62747,0.61997,0.71462,0.58203,0.61997
23.44911,44.96627,5.02338,0.89859,-0.06359,0.43416,0.97257,0.0,0.0,nan,0.0,0.00938,0.03276,15.18324,1.90352,0.23623,0.52179,0.59056,0.62071,0.52534,0.59056
22.47433,45.05052,6.54814,0.74897,-0.08986,0.65648,0.96465,0.0,0.0,nan,0.0,0.01003,0.0561,15.97425,2.04375,0.22818,0.39523,0.50309,0.50885,0.4893,0.50309
23.08531,47.05093,-8.94311,0.62303,0.05112,-0.78052,0.96063,0.0,0.0,nan,0.0,0.00861,0.02265,17.65896,1.63867,0.23597,0.5566,0.38708,0.7603,0.61025,0.38708
23.93631,47.52744,-7.68805,0.8197,0.12393,-0.55923,0.98178,0.0,0.0,nan,0.0,0.01637,0.04693,21.80677,1.64978,0.2248,0.57953,0.40905,0.65696,0.60614,0.40905
23.99338,47.46185,-0.08501,0.97828,0.08667,0.18828,0.99773,0.0,0.0,nan,0.0,0.01619,0.04548,23.04026,1.94422,0.22216,0.56608,0.61731,0.68345,0.51434,0.61731
23.80822,47.17621,0.91066,0.98282,0.11177,0.14686,0.99244,0.0,0.0,nan,0.0,0.00786,0.02119,19.91294,2.04162,0.23089,0.42244,0.57852,0.96645,0.48981,0.57852
23.548,47.15729,3.01312,0.97105,0.10965,0.21224,0.99293,0.0,0.0,nan,0.0,0.0141,0.03213,19.78776,1.99813,0.23007,0.50077,0.33807,0.96505,0.50047,0.33807
23.1563,47.04784,5.03359,0.90224,0.12933,0.41138,0.99548,0.0,0.0,nan,0.0,0.0176,0.06282,22.26116,1.63867,0.23373,0.54476,0.81886,0.71902,0.61025,0.81886
22.29727,46.95081,6.35692,0.79044,0.06774,0.60878,0.98089,0.0,0.0,nan,0.0,0.01797,0.05188,26.70939,1.80253,0.23543,0.5743,0.62865,0.6483,0.55478,0.62865
22.90398,48.99298,-8.72188,0.62167,0.02398,-0.78292,0.97306,0.0,0.0,nan,0.0,0.00834,0.02281,21.43443,1.70751,0.23553,0.47071,0.43361,0.84956,0.58565,0.43361
23.73246,49.08556,-7.46128,0.84304,-0.00498,-0.53783,0.98638,0.0,0.0,nan,0.0,0.00915,0.02664,20.30061,1.70541,0.23416,0.40228,0.44171,0.93826,0.58637,0.44171
23.91106,48.7462,-0.14497,0.9853,-0.07812,0.1519,0.98657,0.0,0.0,nan,0.0,0.00761,0.02594,26.67913,2.06389,0.22559,0.50606,0.51209,0.62307,0.48452,0.51209
23.53901,48.8872,0.85017,0.98452,-0.12308,0.12477,0.96856,0.0,0.0,nan,0.0,0.00774,0.02295,24.6231,1.95244,0.22658,0.47533,0.43234,0.76763,0.51218,0.43234
23.53922,48.87254,3.19205,0.95561,-0.09824,0.27779,0.98961,0.0,0.0,nan,0.0,0.00988,0.04075,28.82098,2.09706,0.22336,0.55969,0.48099,0.46323,0.47686,0.48099
22.63377,49.06659,4.9156,0.89986,-0.12355,0.41831,0.97571,0.0,0.0,nan,0.0,0.01072,0.03341,28.20473,1.86849,0.22886,0.51657,0.6522,0.66503,0.53519,0.6522
22.28142,49.04774,6.65263,0.78421,-0.12782,0.60719,0.95867,0.0,0.0,nan,0.0,0.01243,0.03496,37.04419,1.63867,0.22724,0.45998,0.72448,0.81455,0.61025,0.72448
23.09665,50.96546,-8.92209,0.61254,-0.10654,-0.78323,0.96308,0.0,0.0,nan,0.0,0.00326,0.02077,17.03302,1.80253,0.23512,0.37759,0.36877,0.46505,0.55478,0.36877
23.72914,50.26524,-7.48495,0.84082,-0.09112,-0.53358,0.99254,0.0,0.0,nan,0.0,0.00855,0.02771,16.11197,1.71848,0.23723,0.44123,0.28537,0.78592,0.58191,0.28537
23.85636,50.10857,-0.17163,0.98224,-0.14739,0.11607,0.98315,0.0,0.0,nan,0.0,0.0084,0.02644,23.95825,2.07547,0.23423,0.495,0.45088,0.69534,0.48182,0.45088
23.76762,50.14687,0.64521,0.98127,-0.1629,0.10281,0.99401,0.0,0.0,nan,0.0,0.00891,0.02985,23.13663,2.08302,0.23418,0.45604,0.62447,0.71125,0.48007,0.62447
23.93095,51.37997,3.40095,0.95071,-0.1521,0.27022,0.99147,0.0,0.0,nan,0.0,0.01489,0.06686,19.83159,2.06361,0.22928,0.51524,0.56639,0.47585,0.48459,0.56639
23.6261,50.86677,5.12233,0.89691,-0.20134,0.39372,0.97473,0.0,0.0,nan,0.0,0.01054,0.03797,24.32833,1.89618,0.23134,0.4827,0.39428,0.6222,0.52738,0.39428
22.67563,51.10442,6.89398,0.76982,-0.14727,0.62103,0.95202,0.0,0.0,nan,0.0,0.00953,0.03335,36.10779,2.04393,0.23724,0.41801,0.3539,0.72154,0.48925,0.3539
23.11253,53.03683,-8.93022,0.62048,0.16235,-0.76723,0.93176,0.0,0.0,nan,0.0,0.00808,0.08559,10.43665,1.83865,0.25216,0.62552,0.87837,0.30521,0.54388,0.87837
23.97102,53.9041,-7.95359,0.78487,0.30823,-0.53756,0.93606,0.0,0.0,nan,0.0,0.00533,0.02393,16.83269,1.85294,0.24465,0.64681,0.69115,0.38525,0.53968,0.69115
23.78086,53.20577,-0.35635,0.99331,0.0604,0.0984,0.94918,0.0,0.0,nan,0.0,0.01085,0.02654,21.6518,1.73866,0.23443,0.56528,0.42257,0.78982,0.57516,0.42257
23.77839,53.20534,0.23457,0.99702,0.05185,0.0571,0.9622,0.0,0.0,nan,0.0,0.00983,0.02621,20.966,1.74278,0.2355,0.51519,0.4032,0.79768,0.5738,0.4032
23.93394,52.0547,3.43583,0.95949,-0.04644,0.2779,0.99127,0.0,0.0,nan,0.0,0.01137,0.0433,16.57625,1.92011,0.23256,0.45908,0.27954,0.64102,0.5208,0.27954
23.37167,53.20669,5.25308,0.88785,0.10467,0.44808,0.99969,0.0,0.0,nan,0.0,0.01185,0.03832,27.89457,1.78767,0.23056,0.53216,0.4103,0.62267,0.55939,0.4103
22.7173,52.98924,6.87517,0.82243,0.04319,0.56723,0.97375,0.0,0.0,nan,0.0,0.00793,0.02479,28.22236,1.69191,0.23735,0.45368,0.47916,0.75529,0.59105,0.47916
22.72316,54.78938,-8.58052,0.64731,0.28712,-0.70608,0.9804,0.0,0.0,nan,0.0,0.00221,0.01305,18.71091,2.85633,0.23438,0.31367,0.30672,0.59871,0.3501,0.30672
23.09513,54.91427,-6.98193,0.80164,0.26103,-0.53781,0.98099,0.0,0.0,nan,0.0,0.00687,0.01888,21.66106,1.90457,0.23502,0.57618,0.40989,0.68994,0.52505,0.40989
23.90839,55.12185,-5.93412,0.90428,0.1984,-0.37804,0.99607,0.0,0.0,nan,0.0,0.00872,0.01938,25.61521,1.93721,0.23466,0.60617,0.34113,0.80005,0.51621,0.34113
23.96837,55.91636,-0.13432,0.99303,0.02289,0.11558,0.98148,0.0,0.0,nan,0.0,0.00942,0.02337,23.12903,1.97317,0.2291,0.46072,0.35606,0.95007,0.5068,0.35606
23.85625,55.78445,0.32034,0.99651,0.01368,0.08239,0.97345,0.0,0.0,nan,0.0,0.0103,0.0257,22.34935,1.9799,0.23603,0.46989,0.44912,0.92938,0.50508,0.44912
23.84218,55.5336,3.83937,0.90366,-0.06175,0.42378,0.96699,0.0,0.0,nan,0.0,0.01243,0.046,30.47169,1.80253,0.25016,0.64599,0.5696,0.44564,0.55478,0.5696
23.19581,55.0618,5.02484,0.86962,0.01346,0.49354,0.98354,0.0,0.0,nan,0.0,0.01104,0.02977,31.10321,3.1058,0.23534,0.58499,0.63377,0.67484,0.32198,0.63377
22.44941,55.10466,6.93274,0.84667,0.04796,0.52996,0.98775,0.0,0.0,nan,0.0,0.01312,0.03185,34.32907,1.86477,0.22357,0.45485,0.41062,0.95821,0.53626,0.41062
22.55109,57.05821,-8.42819,0.66646,0.0275,-0.74504,0.95564,0.0,0.0,nan,0.0,0.00902,0.02837,40.64267,2.33452,0.23261,0.60989,0.45354,0.54705,0.42835,0.45354
23.24087,57.03407,-6.94811,0.80543,0.02951,-0.59196,0.98667,0.0,0.0,nan,0.0,0.01058,0.02955,42.10165,1.99873,0.23367,0.69262,0.58492,0.54143,0.50032,0.58492
23.76854,57.52606,-5.60038,0.93154,-0.02469,-0.3628,0.98941,0.0,0.0,nan,0.0,0.01582,0.03627,29.89506,1.92625,0.23201,0.57245,0.44302,0.81262,0.51914,0.44302
23.87515,57.33834,-2.94751,0.99255,0.09467,-0.07673,0.97218,0.0,0.0,nan,0.0,0.01143,0.026,23.43973,2.07787,0.23482,0.48108,0.43204,0.99164,0.48126,0.43204
23.99478,56.22634,-0.01389,0.99489,0.02391,0.09811,0.98236,0.0,0.0,nan,0.0,0.0087,0.02227,23.12653,1.74185,0.24033,0.44914,0.45273,0.94504,0.5741,0.45273
23.83048,57.16991,0.80117,0.99866,-0.05183,0.00022,0.95182,0.0,0.0,nan,0.0,0.00595,0.01582,20.13979,2.1577,0.23979,0.41597,0.42468,0.99287,0.46346,0.42468
23.99495,56.02584,3.977,0.89331,-0.14038,0.42696,0.9623,0.0,0.0,nan,0.0,0.01217,0.04597,29.03679,1.72609,0.24453,0.63766,0.67562,0.44389,0.57934,0.67562
22.85485,56.84076,5.06582,0.8336,-0.27449,0.47934,0.94223,0.0,0.0,nan,0.0,0.0065,0.02092,29.57933,1.83378,0.23546,0.45464,0.55043,0.72981,0.54532,0.55043
22.59357,57.09589,6.90328,0.78002,-0.30098,0.54862,0.98941,0.0,0.0,nan,0.0,0.00729,0.0253,35.06339,1.64366,0.23567,0.48449,0.52536,0.62859,0.6084,0.52536
22.09591,59.3609,-8.30069,0.5685,-0.1328,-0.81189,0.99029,0.0,0.0,nan,0.0,0.00944,0.02749,29.75666,1.8201,0.23471,0.50529,0.46211,0.72526,0.54942,0.46211
23.47015,59.02637,-7.27812,0.81047,-0.15649,-0.56449,0.98471,0.0,0.0,nan,0.0,0.00919,0.02954,31.09432,2.02794,0.23061,0.53241,0.69013,0.62195,0.49311,0.69013
23.99987,58.25352,-5.93979,0.9236,-0.06292,-0.37815,0.97796,0.0,0.0,nan,0.0,0.01521,0.03312,29.9547,1.87343,0.23104,0.57778,0.50536,0.84801,0.53378,0.50536
23.98964,58.01722,-0.04144,0.99673,-0.07687,0.02475,0.96729,0.0,0.0,nan,0.0,0.00663,0.0191,23.91432,1.63867,0.23383,0.376,0.28753,1.0,0.61025,0.28753
23.73782,58.34903,0.6243,0.99265,-0.11664,-0.03223,0.93068,0.0,0.0,nan,0.0,0.00472,0.01468,21.94375,2.06416,0.23088,0.37314,0.28157,0.93977,0.48446,0.28157
23.9578,58.07947,5.94412,0.79317,-0.41305,0.44752,0.98324,0.0,0.0,nan,0.0,0.00383,0.02334,23.78156,2.36509,0.236,0.46915,0.58432,0.37927,0.42282,0.58432
23.40752,58.78746,7.31601,0.71367,-0.33771,0.61369,0.94243,0.0,0.0,nan,0.0,0.00411,0.03534,24.2909,3.37189,0.25113,0.46755,0.30411,0.26924,0.29657,0.30411
22.57076,59.23673,8.32784,0.5358,-0.14864,0.83116,0.91238,0.0,0.0,nan,0.0,0.0102,0.07069,12.30503,2.19314,0.23871,0.54705,0.60299,0.30665,0.45597,0.60299
22.82389,61.04024,-8.585,0.61557,-0.0817,-0.78384,0.9484,0.0,0.0,nan,0.0,0.00829,0.02414,18.47009,3.5292,0.23616,0.53997,0.53462,0.70491,0.28335,0.53462
23.81524,60.51662,-7.27725,0.80461,-0.1796,-0.56599,0.98168,0.0,0.0,nan,0.0,0.00569,0.02523,21.63853,1.86688,0.22941,0.47841,0.54323,0.51494,0.53565,0.54323
23.99444,60.55144,-4.13133,0.97742,-0.19602,-0.07895,0.97982,0.0,0.0,nan,0.0,0.00611,0.02491,28.07313,2.36526,0.22809,0.55253,0.87922,0.81031,0.42279,0.87922
23.81319,60.50123,-3.68353,0.98038,-0.18725,-0.0616,0.94409,0.0,0.0,nan,0.0,0.00859,0.0277,27.8781,1.73197,0.23584,0.53318,0.82168,0.80897,0.57738,0.82168
23.33129,61.33747,7.85205,0.58973,-0.05297,0.80586,0.94781,0.0,0.0,nan,0.0,0.00478,0.02251,18.94115,2.88172,0.23999,0.47263,0.53818,0.49662,0.34702,0.53818
22.68829,60.59571,8.24516,0.45994,-0.01167,0.88787,0.95388,0.0,0.0,nan,0.0,0.00349,0.02208,20.57579,1.76154,0.24035,0.4875,0.77988,0.39336,0.56769,0.77988
22.68168,62.70066,-8.34364,0.53629,0.18464,-0.82359,0.96093,0.0,0.0,nan,0.0,0.00507,0.04256,31.90866,2.17892,0.23406,0.82685,0.8816,0.26466,0.45894,0.8816
23.38238,63.45691,-7.66913,0.61598,0.14532,-0.77424,0.97806,0.0,0.0,nan,0.0,0.00296,0.02419,30.99314,1.88827,0.23414,0.80353,0.92314,0.36366,0.52959,0.92314
23.44341,62.64939,7.64682,0.67858,-0.10985,0.72626,0.96083,0.0,0.0,nan,0.0,0.00747,0.02827,18.7198,1.70527,0.24386,0.5919,0.43224,0.49431,0.58642,0.43224
22.70252,63.20395,8.57094,0.52156,-0.2068,0.82778,0.93068,0.0,0.0,nan,0.0,0.01207,0.04348,23.73043,2.37971,0.23305,0.48633,0.49834,0.61922,0.42022,0.49834
22.50549,65.478,-8.29572,0.43009,-0.02576,-0.90242,0.97561,0.0,0.0,nan,0.0,0.00515,0.01407,17.7393,1.72109,0.23608,0.62782,0.71113,0.64837,0.58103,0.71113
23.13337,64.79935,-7.31011,0.58001,0.0271,-0.81416,0.98344,0.0,0.0,nan,0.0,0.00437,0.01673,21.71204,1.6832,0.23621,0.66409,0.87397,0.71142,0.59411,0.87397
23.85287,65.92822,5.77369,0.91714,0.14607,0.37084,0.99714,0.0,0.0,nan,0.0,0.00495,0.01384,15.68692,1.74647,0.24842,0.54804,0.74582,0.73507,0.57258,0.74582
23.55465,65.47563,7.27752,0.87699,0.11519,0.46649,0.99548,0.0,0.0,nan,0.0,0.00389,0.02275,27.68371,1.63867,0.2412,0.64326,0.75383,0.28843,0.61025,0.75383
22.6736,65.06223,8.83809,0.70437,-0.07308,0.70607,0.94477,0.0,0.0,nan,0.0,0.00612,0.03208,31.78336,3.00643,0.2459,0.55399,0.80678,0.44743,0.33262,0.80678
22.50529,66.90345,-8.26931,0.44323,0.01534,-0.89628,0.96073,0.0,0.0,nan,0.0,0.00308,0.03469,14.88447,2.35324,0.22835,0.76413,0.9252,0.30026,0.42495,0.9252
23.49944,67.11694,-7.59117,0.6272,0.0684,-0.77585,0.95163,0.0,0.0,nan,0.0,0.00358,0.05257,14.75363,1.80253,0.23691,0.75037,0.9331,0.2487,0.55478,0.9331
23.80681,67.32181,1.16089,0.98324,0.1823,-0.00377,0.94047,0.0,0.0,nan,0.0,0.00807,0.0205,18.54208,3.04405,0.23719,0.4705,0.57487,0.92652,0.32851,0.57487
23.77114,66.28864,5.64413,0.9205,0.13044,0.36833,0.99313,0.0,0.0,nan,0.0,0.00422,0.0129,15.58512,1.83515,0.23901,0.4927,0.6792,0.74825,0.54491,0.6792
23.38105,66.86713,7.09698,0.90999,0.08118,0.40661,0.99656,0.0,0.0,nan,0.0,0.00181,0.02425,30.83042,1.74719,0.23811,0.63947,0.91514,0.2641,0.57235,0.91514
22.76857,67.0539,9.13396,0.77452,-0.00053,0.63255,0.89897,0.0,0.0,nan,0.0,0.00776,0.03641,35.47249,3.37108,0.24544,0.6586,0.89168,0.62515,0.29664,0.89168
22.03696,67.16804,10.008,0.47909,-0.01784,0.87759,0.81341,0.0,0.0,nan,0.0,0.01415,0.09272,58.32092,1.8757,0.24388,0.52018,0.79535,0.35484,0.53314,0.79535
22.16954,68.23903,-8.09927,0.41847,0.21679,-0.88198,0.99019,0.0,0.0,nan,0.0,0.01884,0.07703,5.54968,1.71826,0.23936,0.37712,0.3253,0.88251,0.58199,0.3253
23.16232,69.07829,-7.24325,0.60081,0.24146,-0.76206,0.98549,0.00714,0.03572,0.6,1.0,0.02015,0.08096,6.94285,1.86848,0.24012,0.38975,0.59606,0.82261,0.5352,0.59606
23.94702,69.80962,-0.11914,0.96857,-0.09728,0.22894,0.93597,0.0,0.0,nan,0.0,0.01141,0.02937,28.07211,3.4214,0.23986,0.64537,0.72298,0.64513,0.29228,0.72298
23.5151,69.06002,1.09938,0.99938,0.00967,-0.03374,0.86931,0.0,0.0,nan,0.0,0.00667,0.01737,23.33491,2.19362,0.22747,0.45556,0.5049,0.91558,0.45587,0.5049
23.9624,69.81105,2.02178,0.97563,-0.1346,-0.17328,0.962,0.0,0.0,nan,0.0,0.00997,0.02243,20.74156,2.04542,0.23318,0.54586,0.56368,0.89293,0.4889,0.56368
23.87401,68.95143,5.73088,0.9224,-0.1047,0.37177,0.99166,0.0,0.0,nan,0.0,0.00635,0.02804,27.96935,2.22531,0.23125,0.56416,0.83652,0.59514,0.44937,0.83652
23.30437,69.06872,6.9917,0.91279,-0.09819,0.39645,0.98706,0.0,0.0,nan,0.0,0.01469,0.03628,31.7695,2.10605,0.23763,0.60212,0.75659,0.72985,0.47482,0.75659
22.92795,68.9768,9.01638,0.77839,0.01956,0.62747,0.87635,0.0,0.0,nan,0.0,0.01998,0.0582,35.47021,2.20914,0.23494,0.46625,0.46845,0.77793,0.45266,0.46845
22.00264,68.00694,10.01406,0.44369,0.04014,0.89528,0.80412,0.0,0.0,nan,0.0,0.02708,0.11218,55.89056,1.8912,0.2439,0.52047,0.66501,0.4805,0.52877,0.66501
22.99881,70.94099,-6.71571,0.57284,0.26598,-0.77532,0.98559,0.0,0.0,nan,0.0,0.02132,0.08541,7.03598,1.81505,0.23323,0.47523,0.72376,0.6746,0.55095,0.72376
23.85449,71.41085,-5.83409,0.73942,0.21937,-0.6365,0.97551,0.00081,0.00406,0.6,1.0,0.01028,0.09907,12.47753,1.93838,0.22137,0.27409,0.45172,0.43925,0.51589,0.45172
23.82897,70.37711,-0.25232,0.9636,-0.13608,0.23011,0.92216,0.0,0.0,nan,0.0,0.01195,0.03717,25.86697,2.55289,0.2432,0.61693,0.50033,0.56137,0.39171,0.50033
23.49221,70.68311,1.00339,0.9934,-0.11204,-0.02447,0.88624,0.0,0.0,nan,0.0,0.00719,0.0221,30.10476,3.37204,0.25688,0.48321,0.80777,0.8809,0.29656,0.80777
23.95458,70.3343,2.0764,0.97404,-0.14647,-0.17259,0.96004,0.0,0.0,nan,0.0,0.00873,0.02761,24.34443,3.23523,0.23199,0.63903,0.84524,0.77006,0.3091,0.84524
23.587,70.2204,5.69409,0.89601,-0.2528,0.36505,0.94928,0.0,0.0,nan,0.0,0.00626,0.02276,24.36882,1.83536,0.23049,0.45825,0.46535,0.65003,0.54485,0.46535
23.75548,70.5497,7.18743,0.85158,-0.18715,0.48969,0.98677,0.0,0.0,nan,0.0,0.01083,0.03014,29.44072,2.07191,0.22906,0.40657,0.45095,0.94395,0.48265,0.45095
22.8485,70.95564,8.89018,0.65373,0.08689,0.75172,0.89113,0.0,0.0,nan,0.0,0.01221,0.06935,33.38553,1.73592,0.24661,0.35798,0.54573,0.52144,0.57606,0.54573
22.63366,72.7116,-6.42125,0.40348,0.4156,-0.81516,0.93734,0.0,0.0,nan,0.0,0.01542,0.06568,12.72385,2.02663,0.24268,0.54779,0.66869,0.49591,0.49343,0.66869
23.38733,73.30448,-5.71617,0.51983,0.4235,-0.74191,0.88781,0.0,0.0,nan,0.0,0.01162,0.09281,15.45212,2.05329,0.23861,0.53324,0.85794,0.40521,0.48702,0.85794
23.9586,73.94401,-2.04277,0.66397,0.69754,0.2694,0.888,0.0,0.0,nan,0.0,0.01203,0.03482,28.49752,2.27803,0.23073,0.4304,0.31125,0.85889,0.43898,0.31125
23.33128,73.75001,-0.64011,0.49146,0.81157,0.31596,0.92637,0.0,0.0,nan,0.0,0.01789,0.04618,26.49301,2.22197,0.23638,0.50678,0.58954,0.82245,0.45005,0.58954
23.06072,73.67029,1.05137,0.48377,0.87145,0.08085,0.94585,0.0,0.0,nan,0.0,0.01988,0.06872,21.77376,2.19883,0.22856,0.46433,0.81982,0.87601,0.45479,0.81982
23.10704,73.87804,2.9524,0.25562,0.94991,-0.17979,0.92197,0.0,0.0,nan,0.0,0.01489,0.05205,23.36531,1.80253,0.24141,0.4256,0.60987,0.72986,0.55478,0.60987
22.64712,73.92414,4.44687,0.00937,0.99302,-0.11755,0.97786,0.0,0.0,nan,0.0,0.01522,0.07818,25.95341,1.63867,0.25121,0.62328,0.62403,0.33637,0.61025,0.62403
23.38885,73.33826,7.66695,0.43623,0.5665,0.69913,0.80461,0.0,0.0,nan,0.0,0.02167,0.08322,24.84788,1.66391,0.23408,0.44267,0.82437,0.83403,0.60099,0.82437
22.74449,72.70406,8.45331,0.42747,0.43055,0.79492,0.83299,0.0,0.0,nan,0.0,0.01098,0.11968,35.53308,1.89466,0.23721,0.48023,0.90784,0.40769,0.5278,0.90784
22.99986,74.9987,-5.04183,0.20344,0.81087,-0.54873,0.71915,0.0,0.0,nan,0.0,0.02987,0.08202,22.99363,2.72131,0.24082,0.50575,0.54876,0.78272,0.36747,0.54876
22.90206,75.47459,-2.88257,0.07473,0.98865,0.13037,0.72679,0.0,0.0,nan,0.0,0.01095,0.04119,25.9764,1.67016,0.2461,0.3613,0.32543,0.79263,0.59874,0.32543
22.69652,74.45684,-1.18331,0.17759,0.92387,0.339,0.94086,0.0,0.0,nan,0.0,0.01675,0.04753,24.15204,2.35272,0.23368,0.39856,0.6035,0.95754,0.42504,0.6035
22.07192,74.09605,0.2551,0.14661,0.9752,0.16579,0.98246,0.0,0.0,nan,0.0,0.01425,0.04931,21.74048,2.07917,0.21953,0.32097,0.68018,0.98303,0.48096,0.68018
22.98523,74.00116,3.93476,0.11617,0.97602,-0.1841,0.93508,0.0,0.0,nan,0.0,0.01244,0.07231,24.28336,1.70735,0.24885,0.51395,0.54927,0.36219,0.5857,0.54927
23.10415,74.13799,5.184,0.11585,0.99284,0.02906,0.88017,0.0,0.0,nan,0.0,0.0178,0.10949,24.53608,2.02897,0.2323,0.5933,0.53272,0.29636,0.49286,0.53272
22.95199,74.20045,6.6711,0.11433,0.9195,0.3761,0.82624,0.0,0.0,nan,0.0,0.01501,0.07325,24.60152,1.81608,0.23148,0.43701,0.72642,0.50693,0.55064,0.72642
24.02726,13.85691,-1.55007,0.99643,0.08441,0.00214,0.98432,0.0,0.0,nan,0.0,0.00723,0.02674,16.00474,1.63867,0.23616,0.53859,0.47211,0.56444,0.61025,0.47211
24.00857,23.98487,-4.00393,0.9233,-0.1177,-0.36561,0.92226,0.0,0.0,nan,0.0,0.01439,0.04505,24.5876,2.0481,0.23662,0.49603,0.56836,0.69658,0.48826,0.56836
24.21886,23.52802,-2.78312,0.94203,-0.27859,-0.18701,0.95349,0.0,0.0,nan,0.0,0.01301,0.05065,26.02594,2.14205,0.2245,0.6048,0.57994,0.45746,0.46684,0.57994
24.10161,23.45674,-0.89745,0.97368,-0.22769,-0.01039,0.98882,0.0,0.0,nan,0.0,0.01207,0.03493,13.38552,1.80253,0.24485,0.60398,0.5583,0.65778,0.55478,0.5583
24.08803,23.32172,0.50211,0.98493,-0.10662,0.1362,0.976,0.0,0.0,nan,0.0,0.0169,0.05448,10.6015,1.92363,0.23899,0.751,0.51868,0.49108,0.51985,0.51868
24.04765,24.2925,-4.0676,0.91167,-0.08191,-0.40267,0.92236,0.0,0.0,nan,0.0,0.01612,0.04473,23.42957,1.90341,0.23546,0.53674,0.49079,0.72849,0.52537,0.49079
24.29884,24.94135,-2.91776,0.95927,-0.11639,-0.2574,0.96709,0.0,0.0,nan,0.0,0.01256,0.04322,21.3801,2.27319,0.23391,0.59331,0.72696,0.53579,0.43991,0.72696
24.26983,24.98775,-1.04535,0.99354,-0.09906,0.05538,0.99303,0.0,0.0,nan,0.0,0.00779,0.04912,11.11192,1.87042,0.23896,0.38838,0.72521,0.48169,0.53464,0.72521
24.14509,24.95125,0.57276,0.95507,0.00026,0.29638,0.98226,0.0,0.0,nan,0.0,0.01371,0.11615,10.65193,1.68069,0.22756,0.71575,0.88004,0.33544,0.59499,0.88004
24.08464,27.542,-4.14651,0.87736,-0.16717,-0.44977,0.97414,0.0,0.0,nan,0.0,0.01444,0.0606,16.88929,2.88257,0.25001,0.80043,0.72379,0.33289,0.34691,0.72379
24.47958,27.00238,-2.99195,0.96688,-0.09209,-0.23805,0.96142,0.0,0.0,nan,0.0,0.00694,0.04888,11.47492,1.86206,0.24272,0.39993,0.43748,0.41698,0.53704,0.43748
24.41584,27.00262,-1.0094,0.98969,-0.04101,0.13723,0.99078,0.0,0.0,nan,0.0,0.00749,0.04612,9.57464,1.90607,0.23604,0.48245,0.48147,0.40674,0.52464,0.48147
24.22145,26.87532,0.39708,0.92925,-0.03346,0.36792,0.9762,0.0,0.0,nan,0.0,0.00589,0.04005,14.98831,3.60506,0.24283,0.57183,0.65052,0.29162,0.27739,0.65052
24.21938,29.19737,-4.46312,0.92606,-0.1847,-0.3291,0.98755,0.0,0.0,nan,0.0,0.00612,0.03038,17.28614,2.06436,0.23781,0.62316,0.56831,0.36059,0.48441,0.56831
24.57452,28.99601,-3.01109,0.98938,-0.05813,-0.13325,0.97747,0.0,0.0,nan,0.0,0.01705,0.07252,6.81217,1.73184,0.24367,0.53513,0.52584,0.56838,0.57742,0.52584
24.49975,29.00169,-1.00165,0.99205,-0.00661,0.12564,0.99567,0.0,0.0,nan,0.0,0.00589,0.0449,8.59986,3.36123,0.23914,0.36071,0.38484,0.44793,0.29751,0.38484
24.31891,29.17958,0.85547,0.95821,-0.08883,0.27193,0.94986,0.0,0.0,nan,0.0,0.00714,0.05293,14.37465,3.36016,0.24803,0.54972,0.77891,0.30786,0.2976,0.77891
24.05072,29.678,2.25494,0.94551,-0.17149,0.27675,0.9067,0.0,0.0,nan,0.0,0.02445,0.09176,27.36739,2.70239,0.2407,0.83072,0.73269,0.34423,0.37004,0.73269
24.15356,31.14087,-6.24061,0.91777,-0.03769,-0.39531,0.94615,0.0,0.0,nan,0.0,0.01242,0.03863,25.61948,1.85791,0.24108,0.53975,0.44375,0.64207,0.53824,0.44375
24.43913,31.11001,-4.95904,0.97103,-0.01336,-0.23857,0.96895,0.0,0.0,nan,0.0,0.00988,0.03641,23.19171,1.89103,0.22492,0.51749,0.54053,0.5698,0.52881,0.54053
24.65315,31.02274,-2.98211,0.99678,0.07968,-0.0093,0.98236,0.0,0.0,nan,0.0,0.01002,0.05494,14.04082,1.72716,0.23819,0.44728,0.53527,0.46607,0.57899,0.53527
24.3714,30.9904,-0.98892,0.97282,0.16632,0.16114,0.99587,0.0,0.0,nan,0.0,0.00554,0.03196,17.14393,1.68734,0.24747,0.48146,0.62985,0.40176,0.59265,0.62985
24.13079,30.67334,0.91496,0.97896,0.13746,0.15079,0.97952,0.0,0.0,nan,0.0,0.00915,0.03783,19.76189,1.8592,0.22958,0.62613,0.44795,0.42559,0.53787,0.44795
24.03271,30.34763,2.25131,0.9808,-0.04189,0.19045,0.93293,0.0,0.0,nan,0.0,0.00569,0.05433,26.69606,2.07834,0.23033,0.80856,0.93972,0.35452,0.48115,0.93972
24.04634,32.08847,-6.07918,0.92194,0.07001,-0.38094,0.97071,0.0,0.0,nan,0.0,0.01233,0.04192,32.46488,1.73338,0.23883,0.58189,0.62964,0.53647,0.57691,0.62964
24.30653,32.88095,-4.92993,0.9735,0.10536,-0.20296,0.98843,0.0,0.0,nan,0.0,0.01114,0.03957,28.79414,1.9149,0.22772,0.51076,0.82915,0.78943,0.52222,0.82915
24.12562,32.88755,-3.14489,0.99645,0.08388,0.00681,0.99499,0.0,0.0,nan,0.0,0.01385,0.03869,22.27301,1.63867,0.23879,0.51732,0.63197,0.75405,0.61025,0.63197
24.06071,33.00057,-1.45751,0.98756,0.02046,0.15592,0.99656,0.0,0.0,nan,0.0,0.01177,0.03176,24.02526,1.67089,0.23858,0.52343,0.44192,0.76674,0.59848,0.44192
24.05233,35.12859,-6.11521,0.93715,-0.09192,-0.3366,0.96513,0.0,0.0,nan,0.0,0.01243,0.02585,40.69969,2.40737,0.23492,0.6441,0.60218,0.78343,0.41539,0.60218
24.15485,35.02871,-4.88243,0.97171,-0.07497,-0.22395,0.9944,0.0,0.0,nan,0.0,0.00996,0.02515,37.48378,2.80689,0.23756,0.55236,0.74335,0.7549,0.35627,0.74335
24.34696,35.02542,-3.00567,0.99263,-0.0936,-0.07694,0.99352,0.0,0.0,nan,0.0,0.01161,0.03623,33.28421,1.66107,0.24168,0.48065,0.67499,0.7067,0.60202,0.67499
24.60355,34.93862,-1.00869,0.9807,-0.1723,0.09246,0.97483,0.0,0.0,nan,0.0,0.01796,0.03467,20.90018,1.66869,0.23231,0.60101,0.66529,0.94456,0.59927,0.66529
24.05605,35.74054,0.82748,0.9777,-0.16786,0.12618,0.99842,0.0,0.0,nan,0.0,0.01799,0.04051,17.55673,1.68964,0.22957,0.70911,0.81461,0.87926,0.59184,0.81461
24.07363,35.46022,2.69485,0.98518,-0.10991,0.13165,0.98824,0.0,0.0,nan,0.0,0.01293,0.07401,15.14138,2.45806,0.22647,0.61799,0.85019,0.47111,0.40682,0.85019
24.10555,37.81249,-8.25004,0.77864,-0.3023,-0.54985,0.86001,0.0,0.0,nan,0.0,0.01027,0.0422,38.19092,1.89042,0.22958,0.50568,0.53913,0.5064,0.52898,0.53913
24.11501,37.81221,-6.52546,0.93296,-0.26116,-0.24775,0.98706,0.0,0.0,nan,0.0,0.00762,0.02972,31.36657,1.71734,0.23251,0.45391,0.53626,0.60092,0.5823,0.53626
24.69201,37.00305,-4.94299,0.96553,-0.20267,-0.16332,0.98442,0.0,0.0,nan,0.0,0.00646,0.02267,32.1095,1.67444,0.23661,0.48199,0.52505,0.62833,0.59721,0.52505
24.54144,37.08364,-2.90982,0.99699,-0.06638,-0.03997,0.99519,0.0,0.0,nan,0.0,0.00559,0.02668,29.89316,2.70004,0.23569,0.44927,0.44083,0.49793,0.37037,0.44083
24.72239,37.02412,-1.05444,0.99725,-0.03538,0.06513,0.97972,0.0,0.0,nan,0.0,0.01157,0.02684,21.85364,2.20585,0.2357,0.50195,0.65857,0.93705,0.45334,0.65857
24.25265,37.01273,0.94341,0.99209,-0.01076,0.12504,0.99362,0.0,0.0,nan,0.0,0.01105,0.03098,18.09808,2.3407,0.22959,0.61716,0.84237,0.91118,0.42722,0.84237
24.26106,36.99659,2.76069,0.98141,0.01545,0.19132,0.97903,0.0,0.0,nan,0.0,0.02359,0.05233,15.95222,1.83295,0.23351,0.65056,0.61117,0.77973,0.54557,0.61117
24.35153,38.94923,-8.41351,0.81392,-0.02836,-0.58029,0.78297,0.0,0.0,nan,0.0,0.01399,0.05115,32.89614,1.63867,0.24421,0.49303,0.54707,0.58861,0.61025,0.54707
24.78283,38.92383,-6.98471,0.95785,-0.06083,-0.28074,0.89202,0.0,0.0,nan,0.0,0.00884,0.03423,30.15277,1.88342,0.23571,0.54684,0.7608,0.52148,0.53095,0.7608
24.56623,39.02164,-5.01002,0.99979,-0.01563,-0.01329,0.97962,0.0,0.0,nan,0.0,0.00621,0.02697,32.94566,3.08934,0.23899,0.43033,0.52417,0.56766,0.32369,0.52417
24.74837,39.13299,-3.07661,0.99698,0.04347,0.06436,0.98755,0.0,0.0,nan,0.0,0.00751,0.02751,30.64996,2.10064,0.23951,0.559,0.81058,0.64559,0.47604,0.81058
24.16602,39.19087,-0.76564,0.98603,0.10137,0.13214,0.99979,0.0,0.0,nan,0.0,0.0085,0.02009,23.47149,1.89648,0.23308,0.5004,0.3134,0.91746,0.52729,0.3134
24.35212,38.71844,0.78254,0.98221,0.12195,0.14282,0.99587,0.0,0.0,nan,0.0,0.00744,0.02119,24.03383,1.88391,0.22543,0.44105,0.36523,0.86265,0.53081,0.36523
24.18757,38.44703,2.54905,0.96291,0.17881,0.20209,0.98148,0.0,0.0,nan,0.0,0.00997,0.02981,19.06683,1.91793,0.22369,0.46378,0.47274,0.7971,0.52139,0.47274
24.075,40.0923,-8.11382,0.78167,0.18603,-0.59531,0.89251,0.0,0.0,nan,0.0,0.01325,0.05099,32.17101,1.65085,0.23734,0.54542,0.49243,0.50587,0.60575,0.49243
24.34529,40.7113,-6.81062,0.93184,0.19141,-0.30829,0.95593,0.0,0.0,nan,0.0,0.01669,0.0426,30.41097,1.63867,0.24082,0.58235,0.48471,0.71719,0.61025,0.48471
24.47237,40.9217,-5.00601,0.99108,0.13104,-0.02428,0.99763,0.0,0.0,nan,0.0,0.00949,0.02284,24.69872,1.99758,0.22797,0.47037,0.49,0.95467,0.50061,0.49
24.26099,40.9514,-2.9767,0.99768,0.04688,0.04946,0.99871,0.0,0.0,nan,0.0,0.00849,0.02511,21.85954,1.65165,0.23367,0.36897,0.25972,1.0,0.60546,0.25972
24.44884,41.00945,-0.97772,0.99313,-0.01312,0.11628,0.9946,0.0,0.0,nan,0.0,0.00901,0.0231,23.75678,1.70946,0.24014,0.42324,0.32267,0.99948,0.58498,0.32267
24.24783,41.29345,0.39659,0.9767,-0.02522,0.21314,0.99773,0.0,0.0,nan,0.0,0.01094,0.02401,26.46896,1.70265,0.24088,0.51528,0.67652,0.95122,0.58732,0.67652
24.15185,42.70664,-6.5729,0.94035,-0.00377,-0.34018,0.96602,0.0,0.0,nan,0.0,0.00917,0.03397,30.16171,1.65474,0.23592,0.49742,0.7221,0.57889,0.60433,0.7221
24.28982,42.97446,-4.87675,0.99611,-0.05454,-0.06919,0.99391,0.0,0.0,nan,0.0,0.01218,0.02974,25.53638,1.68293,0.23352,0.45272,0.50994,0.97539,0.5942,0.50994
24.3525,43.03819,-2.99247,0.99733,-0.07188,-0.0132,0.99783,0.0,0.0,nan,0.0,0.00709,0.02058,23.61582,2.05957,0.22604,0.37444,0.56168,0.99827,0.48554,0.56168
24.30784,43.19376,-1.02594,0.9968,-0.04866,0.06336,0.99479,0.0,0.0,nan,0.0,0.01052,0.03164,24.67756,1.71755,0.24264,0.46039,0.58772,0.78051,0.58222,0.58772
24.16505,43.24376,0.79102,0.97384,-0.11522,0.19587,0.99538,0.0,0.0,nan,0.0,0.00659,0.0218,24.30242,1.86714,0.23339,0.52272,0.79444,0.72949,0.53558,0.79444
24.13257,43.70162,2.38588,0.96213,-0.15389,0.22501,0.98775,0.0,0.0,nan,0.0,0.00694,0.02236,21.95119,1.72041,0.23332,0.52404,0.65584,0.6464,0.58126,0.65584
24.08163,45.59884,-8.12383,0.76476,-0.11904,-0.63322,0.92442,0.0,0.0,nan,0.0,0.00882,0.02741,17.74206,1.89702,0.2309,0.49547,0.40683,0.72302,0.52714,0.40683
24.64979,45.13841,-6.99447,0.90887,-0.18197,-0.3753,0.93352,0.0,0.0,nan,0.0,0.00807,0.02248,18.20237,3.44533,0.23803,0.47823,0.41975,0.83343,0.29025,0.41975
24.88674,45.02085,-5.07077,0.98162,-0.18525,-0.04585,0.98843,0.0,0.0,nan,0.0,0.01173,0.02939,23.29282,2.19407,0.22848,0.56046,0.51593,0.77354,0.45577,0.51593
24.51439,45.012,-2.99383,0.99114,-0.12738,0.03766,0.99822,0.0,0.0,nan,0.0,0.01115,0.02761,23.8837,1.69918,0.23905,0.47348,0.34623,0.92445,0.58852,0.34623
24.65514,45.07674,-1.02073,0.99419,-0.02923,0.10359,0.99166,0.0,0.0,nan,0.0,0.00691,0.0176,20.2868,1.63867,0.23701,0.4617,0.36772,0.93466,0.61025,0.36772
24.39978,45.01413,0.96035,0.98805,0.00475,0.15408,0.98618,0.0,0.0,nan,0.0,0.00476,0.02978,27.92446,3.32847,0.23796,0.66742,0.83478,0.35188,0.30044,0.83478
24.11636,44.91195,2.51702,0.98146,-0.03787,0.1879,0.98638,0.0,0.0,nan,0.0,0.00704,0.03257,27.36304,3.0215,0.23841,0.73494,0.87408,0.5238,0.33096,0.87408
24.06842,46.27146,-8.07235,0.778,-0.03038,-0.62753,0.93518,0.0,0.0,nan,0.0,0.01091,0.02924,18.2863,2.06509,0.23239,0.53093,0.392,0.77934,0.48424,0.392
24.6758,46.94357,-6.97471,0.91967,0.0753,-0.38539,0.9438,0.0,0.0,nan,0.0,0.01207,0.0293,18.99921,2.05595,0.22591,0.48132,0.41657,0.94623,0.48639,0.41657
24.86448,47.02532,-5.03314,0.99557,0.05901,-0.07323,0.98872,0.0,0.0,nan,0.0,0.01777,0.03989,21.67247,1.99038,0.23208,0.51871,0.52707,0.93821,0.50242,0.52707
24.90189,47.03926,-2.96824,0.99284,0.02924,0.11582,0.98941,0.0,0.0,nan,0.0,0.01767,0.03674,23.12928,2.17653,0.22958,0.52813,0.41283,0.98957,0.45945,0.41283
24.66293,46.99211,-0.99523,0.97397,0.09031,0.2079,0.98931,0.0,0.0,nan,0.0,0.00937,0.02464,21.36331,2.00204,0.21924,0.50424,0.51489,0.82523,0.49949,0.51489
24.18167,46.40928,1.32884,0.97905,0.14605,0.14187,0.99871,0.0,0.0,nan,0.0,0.00739,0.02273,18.69529,1.68635,0.2373,0.36467,0.3358,0.98646,0.593,0.3358
24.08151,46.29552,2.54849,0.9795,0.1276,0.15589,0.99088,0.0,0.0,nan,0.0,0.012,0.0292,17.70806,2.07255,0.23391,0.4883,0.3796,0.93709,0.4825,0.3796
24.41079,48.97891,-6.53015,0.93278,0.02043,-0.35987,0.98735,0.0,0.0,nan,0.0,0.00887,0.02606,20.19649,1.69058,0.23078,0.38421,0.3542,0.97309,0.59151,0.3542
24.64707,49.00327,-5.04413,0.99463,0.01671,-0.1021,0.99274,0.0,0.0,nan,0.0,0.01475,0.03869,23.10157,2.04938,0.23029,0.49035,0.70111,0.84507,0.48795,0.70111
24.25429,49.02943,-2.74317,0.9929,-0.02151,0.11701,0.98784,0.0,0.0,nan,0.0,0.01241,0.0331,22.67007,1.89822,0.22844,0.44284,0.65535,0.92134,0.52681,0.65535
24.48884,49.01569,-1.08904,0.97753,-0.0705,0.19867,0.99949,0.0,0.0,nan,0.0,0.01143,0.03115,28.38193,2.16663,0.22608,0.52666,0.4479,0.74597,0.46155,0.4479
24.06058,49.43127,1.72872,0.9765,-0.16656,0.13674,0.99352,0.0,0.0,nan,0.0,0.00678,0.02112,24.30202,3.37148,0.23038,0.44067,0.39867,0.78785,0.29661,0.39867
24.18028,49.65968,2.54193,0.96521,-0.19621,0.17282,0.98882,0.0,0.0,nan,0.0,0.00699,0.0294,26.78687,2.03737,0.22784,0.37975,0.46199,0.67295,0.49083,0.46199
24.02988,51.36831,-8.01703,0.81912,-0.07105,-0.56921,0.96328,0.0,0.0,nan,0.0,0.00283,0.01796,12.61407,1.7545,0.23701,0.35197,0.36725,0.51927,0.56996,0.36725
24.62201,51.00818,-6.94708,0.92725,-0.07361,-0.36714,0.97355,0.0,0.0,nan,0.0,0.00357,0.01576,13.94518,1.97567,0.2303,0.39349,0.47097,0.65829,0.50616,0.47097
24.86887,50.98273,-5.01536,0.99317,-0.05751,-0.10147,0.98598,0.0,0.0,nan,0.0,0.00845,0.03466,17.90642,1.79731,0.23587,0.43166,0.54855,0.62807,0.55639,0.54855
24.94528,50.87561,-2.96486,0.99567,-0.06823,0.06318,0.99274,0.0,0.0,nan,0.0,0.00897,0.03094,18.22508,1.82015,0.23696,0.4693,0.3656,0.68539,0.54941,0.3656
24.85242,50.92285,-0.99729,0.98513,-0.08743,0.1479,0.98491,0.0,0.0,nan,0.0,0.00696,0.02581,24.87648,1.93541,0.22397,0.49715,0.66927,0.5856,0.51669,0.66927
24.48075,50.98992,0.97576,0.99171,-0.10038,0.08018,0.99391,0.0,0.0,nan,0.0,0.00497,0.02107,25.85383,1.9676,0.22452,0.4365,0.53246,0.58168,0.50823,0.53246
24.25381,50.99312,2.92077,0.96454,-0.1846,0.18865,0.98217,0.0,0.0,nan,0.0,0.00731,0.03892,21.47473,1.8234,0.23442,0.34523,0.4379,0.59505,0.54843,0.4379
24.04284,51.55782,4.15777,0.93049,-0.1156,0.34761,0.97267,0.0,0.0,nan,0.0,0.01511,0.05344,21.94296,2.54701,0.23104,0.59697,0.7223,0.51687,0.39262,0.7223
24.01353,52.62074,-8.05648,0.81852,0.08188,-0.56862,0.9206,0.0,0.0,nan,0.0,0.00602,0.11723,13.17946,1.86615,0.23927,0.80594,0.97836,0.27273,0.53586,0.97836
24.55014,52.9883,-7.04153,0.92151,0.16035,-0.35372,0.93783,0.0,0.0,nan,0.0,0.0104,0.05032,21.5488,1.75667,0.25471,0.75361,0.80199,0.35954,0.56926,0.80199
24.51897,52.98147,-4.96937,0.98593,0.11052,-0.12541,0.98902,0.0,0.0,nan,0.0,0.01321,0.04128,20.2742,1.81693,0.23606,0.55584,0.56097,0.63233,0.55038,0.56097
24.84473,53.03188,-3.00585,0.99893,0.02541,0.03873,0.99538,0.0,0.0,nan,0.0,0.02111,0.04457,22.38769,1.7383,0.2398,0.68839,0.52123,0.74964,0.57528,0.52123
24.36221,52.88507,-1.12418,0.9896,0.02541,0.14157,0.99939,0.0,0.0,nan,0.0,0.01736,0.04032,21.93822,1.74682,0.23756,0.66193,0.51878,0.70974,0.57247,0.51878
24.47616,53.01737,0.99556,0.99873,0.02002,0.04622,0.99499,0.0,0.0,nan,0.0,0.01091,0.03205,21.17502,1.63867,0.23604,0.51721,0.33121,0.72062,0.61025,0.33121
24.42219,53.01694,3.00803,0.97858,0.01957,0.20496,0.97394,0.0,0.0,nan,0.0,0.0126,0.05721,18.46727,2.02219,0.22273,0.48797,0.76718,0.52941,0.49451,0.76718
24.10833,52.89878,4.23027,0.92865,0.05473,0.36691,0.9901,0.0,0.0,nan,0.0,0.00709,0.03619,22.51453,1.68352,0.23524,0.42125,0.26975,0.50619,0.59399,0.26975
24.31575,54.512,-6.7585,0.88239,0.24697,-0.4005,0.97776,0.0,0.0,nan,0.0,0.00631,0.01661,22.11127,2.20942,0.23873,0.59129,0.33792,0.7004,0.45261,0.33792
24.67773,54.96736,-4.95292,0.95737,0.14017,-0.25257,0.96895,0.0,0.0,nan,0.0,0.00846,0.02414,22.78691,1.71319,0.2409,0.4687,0.48957,0.81382,0.58371,0.48957
25.06236,54.92286,-3.03893,0.99855,0.05363,-0.00468,0.97854,0.0,0.0,nan,0.0,0.01152,0.02225,25.34608,1.87596,0.22398,0.56556,0.45345,0.98796,0.53306,0.45345
24.61545,54.94194,-1.00513,0.98839,-0.00987,0.15164,0.99284,0.0,0.0,nan,0.0,0.01393,0.03235,26.51576,1.73009,0.23684,0.56066,0.40977,0.82599,0.578,0.40977
24.31497,55.01805,1.03705,0.99971,0.00883,0.0226,0.99695,0.0,0.0,nan,0.0,0.00608,0.02042,21.85075,2.23947,0.22965,0.42546,0.39038,0.76451,0.44653,0.39038
24.26548,54.99072,2.96157,0.97274,-0.00749,0.23179,0.97071,0.0,0.0,nan,0.0,0.01607,0.05016,21.30815,1.81713,0.23281,0.55957,0.38473,0.62632,0.55032,0.38473
24.04634,54.65958,4.08802,0.8987,0.01405,0.43835,0.98138,0.0,0.0,nan,0.0,0.01876,0.0602,23.45358,1.83694,0.23321,0.62647,0.45988,0.53996,0.54438,0.45988
24.12724,56.29067,-6.14076,0.90809,0.08464,-0.41013,0.98559,0.0,0.0,nan,0.0,0.00962,0.02419,37.88868,1.90255,0.22777,0.68886,0.65424,0.60805,0.52561,0.65424
24.43289,56.91917,-4.95066,0.95975,0.04636,-0.27699,0.97874,0.0,0.0,nan,0.0,0.00962,0.02541,27.25399,1.88451,0.23055,0.47438,0.41381,0.85692,0.53064,0.41381
24.50307,56.80627,-2.97705,0.99461,0.08541,-0.05878,0.99665,0.0,0.0,nan,0.0,0.00804,0.01883,22.98073,1.89527,0.23113,0.46441,0.46294,1.0,0.52763,0.46294
24.79906,56.95192,-1.0507,0.99242,0.03684,0.11727,0.99577,0.0,0.0,nan,0.0,0.00792,0.01819,24.0224,2.08205,0.23555,0.47182,0.42896,1.0,0.4803,0.42896
24.00373,56.73103,0.70369,0.99947,-0.01643,0.02817,0.97032,0.0,0.0,nan,0.0,0.00688,0.01784,19.94549,2.16957,0.23709,0.42452,0.31548,1.0,0.46092,0.31548
24.63459,57.03602,3.05738,0.97739,-0.19154,0.08954,0.95358,0.0,0.0,nan,0.0,0.01063,0.03421,20.45459,1.90776,0.24047,0.55135,0.46049,0.61886,0.52418,0.46049
24.33484,57.50743,4.61331,0.84501,-0.34813,0.40591,0.96112,0.0,0.0,nan,0.0,0.00909,0.0364,24.30876,3.3736,0.23403,0.55296,0.54927,0.48848,0.29642,0.54927
24.11807,59.17435,-6.24901,0.91572,-0.14377,-0.37521,0.97512,0.0,0.0,nan,0.0,0.01002,0.03951,37.04086,1.96907,0.24965,0.66226,0.82874,0.53966,0.50785,0.82874
24.45113,58.98768,-5.05593,0.98067,-0.08704,-0.17527,0.98138,0.0,0.0,nan,0.0,0.01173,0.03376,34.65162,1.87886,0.22943,0.66196,0.69778,0.55512,0.53224,0.69778
24.35064,59.07078,-2.90623,0.99539,-0.04094,-0.0867,0.98941,0.0,0.0,nan,0.0,0.01179,0.02805,29.09365,1.87698,0.23261,0.46879,0.56085,0.95831,0.53277,0.56085
24.75443,58.97362,-1.04125,0.99551,-0.09418,0.00904,0.9945,0.0,0.0,nan,0.0,0.00957,0.021,24.99053,2.05621,0.23287,0.49216,0.39767,1.0,0.48633,0.39767
24.64954,59.08969,1.07266,0.98505,-0.14898,-0.08648,0.99949,0.0,0.0,nan,0.0,0.00798,0.0197,20.21638,3.18936,0.2406,0.52893,0.51729,0.84205,0.31354,0.51729
25.08747,58.98514,2.93998,0.98119,-0.18381,-0.05893,0.96151,0.0,0.0,nan,0.0,0.00506,0.02512,15.13677,3.17078,0.24246,0.42887,0.50931,0.53133,0.31538,0.50931
24.77777,59.0061,5.05583,0.90504,-0.27743,0.3224,0.95055,0.0,0.0,nan,0.0,0.00875,0.03957,12.23866,2.17688,0.23134,0.72842,0.48252,0.35318,0.45937,0.48252
24.22947,59.31687,6.47746,0.8246,-0.27638,0.49361,0.93577,0.0,0.0,nan,0.0,0.01217,0.04939,10.67028,3.35561,0.23676,0.72868,0.39559,0.40142,0.29801,0.39559
24.26025,61.31982,-6.58407,0.8916,-0.14442,-0.42918,0.95642,0.0,0.0,nan,0.0,0.00595,0.03899,29.21925,1.67574,0.23375,0.7397,0.8821,0.38201,0.59675,0.8821
24.9099,60.77151,-4.95661,0.97154,-0.20554,-0.11776,0.98912,0.0,0.0,nan,0.0,0.00817,0.02731,28.44811,1.89467,0.2391,0.61709,0.82174,0.67367,0.5278,0.82174
24.44905,61.10273,-2.91043,0.97682,-0.20596,-0.05828,0.99577,0.0,0.0,nan,0.0,0.01052,0.03184,27.47481,1.89152,0.23273,0.55773,0.75218,0.63967,0.52867,0.75218
25.02047,61.01192,-0.9981,0.98517,-0.16553,-0.04525,0.99616,0.0,0.0,nan,0.0,0.00922,0.02642,22.65766,2.07285,0.23516,0.48317,0.39822,0.78613,0.48243,0.39822
24.57695,60.9743,1.03418,0.9881,-0.14843,-0.0403,0.99303,0.0,0.0,nan,0.0,0.00628,0.01877,18.00989,2.70438,0.23546,0.47014,0.32998,0.79109,0.36977,0.32998
25.23188,61.03234,2.9695,0.99839,-0.05102,-0.02498,0.98804,0.0,0.0,nan,0.0,0.00718,0.03705,12.91177,1.69676,0.25063,0.62007,0.66537,0.36078,0.58936,0.66537
24.88637,60.98688,4.99049,0.96768,-0.02074,0.25132,0.99509,0.0,0.0,nan,0.0,0.01585,0.08524,8.23043,1.9113,0.22865,0.50503,0.69682,0.45764,0.5232,0.69682
24.29524,61.05738,6.6837,0.83467,-0.03446,0.54967,0.96122,0.0,0.0,nan,0.0,0.00447,0.02705,12.72686,1.80253,0.23883,0.438,0.38742,0.43692,0.55478,0.38742
24.53012,62.92506,-6.74783,0.83292,0.02397,-0.55288,0.93508,0.0,0.0,nan,0.0,0.00733,0.02416,21.40156,1.89128,0.23834,0.63944,0.45925,0.51889,0.52874,0.45925
25.30817,63.03852,-5.03972,0.97552,-0.09275,-0.1994,0.94566,0.0,0.0,nan,0.0,0.01281,0.03259,22.35382,1.8274,0.24129,0.62077,0.47034,0.68966,0.54723,0.47034
25.21348,62.98382,-2.96525,0.98643,-0.15775,-0.04558,0.99548,0.0,0.0,nan,0.0,0.01971,0.04825,17.19946,1.63867,0.24054,0.58366,0.41687,0.78124,0.61025,0.41687
25.36713,63.02036,-0.9848,0.99652,-0.06476,0.05246,0.98266,0.0,0.0,nan,0.0,0.00642,0.02096,16.25328,1.65712,0.2392,0.65345,0.80723,0.64432,0.60345,0.80723
25.04774,62.97839,1.05318,0.99946,0.02316,0.0231,0.99783,0.0,0.0,nan,0.0,0.00821,0.01783,15.39897,1.81145,0.24147,0.67136,0.51564,0.7755,0.55204,0.51564
25.16973,63.01234,3.00805,0.99778,0.06268,0.02258,0.99274,0.0,0.0,nan,0.0,0.00453,0.03032,12.51483,3.21336,0.23656,0.55828,0.68749,0.31064,0.3112,0.68749
24.83549,63.02429,5.02837,0.9701,0.05268,0.23693,0.9947,0.0,0.0,nan,0.0,0.01091,0.04871,8.55181,3.21359,0.24336,0.36518,0.58843,0.75671,0.31118,0.58843
24.37379,63.05811,6.62779,0.88149,0.00119,0.4722,0.95828,0.0,0.0,nan,0.0,0.00491,0.03598,13.80269,2.88289,0.23835,0.39783,0.56733,0.39253,0.34687,0.56733
24.49134,65.08575,-6.6638,0.78557,0.01863,-0.61849,0.96249,0.0,0.0,nan,0.0,0.00367,0.01871,18.5633,1.66231,0.2446,0.53394,0.81594,0.51536,0.60157,0.81594
25.20181,64.95873,-5.09726,0.95539,0.00425,-0.29532,0.97394,0.0,0.0,nan,0.0,0.00841,0.03156,16.5643,1.63867,0.23868,0.4302,0.44138,0.6941,0.61025,0.44138
25.34801,65.01069,-2.99682,1.0,-0.00016,-0.00104,0.99577,0.00358,0.01788,0.6,1.0,0.01276,0.04631,12.72129,1.80253,0.23295,0.41271,0.58124,0.7723,0.55478,0.58124
25.15505,65.01111,-0.98902,0.97984,0.10474,0.1701,0.99646,0.0,0.0,nan,0.0,0.00714,0.04289,14.90039,2.26458,0.23791,0.74662,0.887,0.45033,0.44158,0.887
24.51216,64.95423,1.22512,0.98102,0.19148,0.03048,0.99342,3e-05,0.00017,0.6,1.0,0.00509,0.02484,16.11364,1.74886,0.24119,0.55165,0.88269,0.72573,0.5718,0.88269
24.8969,64.9963,2.99841,0.98851,0.15108,0.00355,0.99352,0.0,0.0,nan,0.0,0.01525,0.04254,16.28263,1.65228,0.24173,0.64908,0.69734,0.6202,0.60522,0.69734
24.64391,65.02914,5.00877,0.96145,0.12339,0.24574,0.99372,0.0,0.0,nan,0.0,0.00608,0.01931,12.66889,1.86714,0.2339,0.53443,0.53305,0.68206,0.53558,0.53305
24.28644,64.69936,6.69036,0.89334,0.13474,0.42871,0.97404,0.0,0.0,nan,0.0,0.0069,0.02553,13.46713,3.39838,0.23801,0.67709,0.44149,0.45836,0.29426,0.44149
24.43018,66.95596,-6.62636,0.81667,0.06603,-0.57332,0.96288,0.0,0.0,nan,0.0,0.01062,0.05798,13.92099,1.80253,0.2547,0.68324,0.8056,0.37299,0.55478,0.8056
25.10667,67.02325,-5.02777,0.95518,0.08531,-0.28346,0.98618,0.0,0.0,nan,0.0,0.04745,0.11133,12.42903,1.83816,0.2217,0.64782,0.60705,0.76382,0.54402,0.60705
25.29642,67.02067,-2.99617,0.99682,0.07122,0.03576,0.99558,0.00072,0.00361,0.7,1.0,0.03695,0.10097,13.40899,1.68326,0.22763,0.46458,0.41975,0.90508,0.59409,0.41975
24.91206,67.07946,-0.96906,0.9513,0.12401,0.28222,0.99871,0.0,0.0,nan,0.0,0.01284,0.10749,17.98935,1.80253,0.24815,0.71993,0.88438,0.32344,0.55478,0.88438
24.0454,66.80322,0.9004,0.98019,0.19003,0.05573,0.96592,0.0,0.0,nan,0.0,0.00848,0.02737,18.86989,1.71682,0.23994,0.47803,0.78488,0.80708,0.58247,0.78488
24.61159,67.01238,2.95984,0.99137,0.11332,-0.06592,0.98833,0.0,0.0,nan,0.0,0.01185,0.02801,18.83328,2.06126,0.24408,0.58589,0.37694,0.79869,0.48514,0.37694
24.53476,66.99371,4.9434,0.95882,0.07282,0.27451,0.98843,0.0,0.0,nan,0.0,0.0081,0.01827,16.21278,1.72752,0.23551,0.54964,0.65584,0.90629,0.57886,0.65584
24.17212,67.32134,6.19829,0.91627,0.07428,0.39362,0.98804,0.0,0.0,nan,0.0,0.00747,0.02049,18.19071,1.67842,0.24106,0.45792,0.43588,0.88375,0.5958,0.43588
24.2134,68.73247,-6.31752,0.79918,0.19821,-0.56747,0.97962,0.0,0.0,nan,0.0,0.01783,0.11596,8.11112,1.68706,0.2297,0.42264,0.85214,0.67374,0.59275,0.85214
24.72591,69.00383,-5.05702,0.92008,0.14862,-0.36243,0.98912,0.0,0.0,nan,0.0,0.01484,0.11021,10.51462,1.67014,0.21324,0.42839,0.90079,0.72287,0.59875,0.90079
25.16642,68.98685,-3.00929,0.99555,0.08947,0.02957,0.98099,0.0,0.0,nan,0.0,0.02924,0.09964,15.80274,1.77306,0.22216,0.36961,0.47758,0.89442,0.564,0.47758
24.57691,69.03435,-0.98402,0.9414,0.04208,0.33465,0.99019,0.0,0.0,nan,0.0,0.0149,0.07005,20.74165,2.53668,0.23373,0.62397,0.50752,0.37367,0.39422,0.50752
24.0009,68.24879,0.47507,0.97958,0.14708,0.13705,0.95789,0.0,0.0,nan,0.0,0.01715,0.04348,23.60915,3.5081,0.24081,0.58696,0.4625,0.72891,0.28505,0.4625
24.53159,68.98637,2.97734,0.98649,-0.02566,-0.16177,0.98217,0.0,0.0,nan,0.0,0.01081,0.0316,20.62057,2.01693,0.23031,0.56637,0.42182,0.66254,0.4958,0.42182
24.30423,69.06317,4.76266,0.96976,-0.0896,0.22702,0.97894,0.0,0.0,nan,0.0,0.01223,0.03803,22.36543,2.18774,0.23186,0.59064,0.73332,0.59291,0.45709,0.73332
24.02994,70.06909,-6.02141,0.78305,0.19851,-0.58943,0.98363,0.0,0.0,nan,0.0,0.0258,0.12748,7.98667,1.85398,0.22503,0.34378,0.80655,0.89891,0.53938,0.80655
24.53608,70.99011,-4.92269,0.88921,0.14507,-0.43388,0.97913,0.0,0.0,nan,0.0,0.01427,0.1223,12.76414,2.00835,0.21159,0.24528,0.75043,0.551,0.49792,0.75043
25.07366,71.02708,-3.04638,0.99759,0.03537,-0.05963,0.97776,0.03527,0.10539,0.7,0.95791,0.01403,0.07107,17.92127,1.73937,0.22838,0.32586,0.55645,0.67347,0.57492,0.55645
24.60498,71.03027,-1.00007,0.97412,-0.04593,0.22131,0.97257,0.0,0.0,nan,0.0,0.01685,0.0514,26.15565,1.86092,0.23786,0.609,0.78159,0.64471,0.53737,0.78159
24.74052,71.30282,0.99011,0.99689,-0.07804,-0.01101,0.92911,0.0,0.0,nan,0.0,0.01005,0.02289,31.75153,3.28582,0.23919,0.48449,0.58571,0.96309,0.30434,0.58571
24.75092,70.97758,2.93177,0.97221,-0.1296,-0.19496,0.96318,0.0,0.0,nan,0.0,0.00787,0.02774,26.53933,1.80253,0.24792,0.49465,0.6886,0.6169,0.55478,0.6886
25.0278,70.91209,5.02233,0.94769,-0.26277,0.18122,0.95124,0.0,0.0,nan,0.0,0.0156,0.04556,23.01775,1.72059,0.23705,0.5604,0.4665,0.66434,0.58119,0.4665
24.61515,71.21127,6.78278,0.84757,-0.23212,0.47723,0.93225,0.0,0.0,nan,0.0,0.00743,0.02668,26.72035,2.05812,0.23082,0.4057,0.55876,0.73747,0.48588,0.55876
24.28442,72.92731,-4.62554,0.8246,0.26991,-0.49718,0.92951,0.0,0.0,nan,0.0,0.03316,0.19471,20.50823,2.01524,0.23499,0.5661,0.84314,0.47041,0.49622,0.84314
24.96036,73.03297,-3.03158,0.96834,0.24081,-0.06586,0.90729,0.0,0.0,nan,0.0,0.0059,0.04496,29.09732,1.85934,0.24004,0.55869,0.81335,0.3151,0.53782,0.81335
24.90184,73.21301,-0.93491,0.8782,0.42376,0.2218,0.83054,0.0,0.0,nan,0.0,0.0221,0.06545,30.61518,1.88452,0.24081,0.64893,0.76934,0.59094,0.53064,0.76934
24.72554,72.72641,0.99181,0.93019,0.36695,-0.00969,0.8001,0.0,0.0,nan,0.0,0.00532,0.08677,65.28255,1.80253,0.24584,0.7512,0.97273,0.2929,0.55478,0.97273
24.58585,73.03625,3.29161,0.81358,0.50262,-0.29234,0.84239,0.0,0.0,nan,0.0,0.01745,0.06556,31.89218,1.74643,0.23972,0.58151,0.51271,0.48647,0.5726,0.51271
25.44391,73.0245,4.9749,0.97029,0.23776,0.04473,0.69556,0.0,0.0,nan,0.0,0.01969,0.09187,25.93913,1.65958,0.24723,0.63229,0.55136,0.36507,0.60256,0.55136
24.67983,73.01821,6.78889,0.777,0.29126,0.55807,0.73462,0.0,0.0,nan,0.0,0.01374,0.12269,21.84253,2.20899,0.2392,0.37829,0.85594,0.48876,0.4527,0.85594
24.23758,74.60062,-4.38562,0.66509,0.61868,-0.41821,0.68362,0.0,0.0,nan,0.0,0.012,0.06838,50.6305,2.71999,0.23292,0.59466,0.74055,0.30682,0.36765,0.74055
24.66537,74.80814,-3.09301,0.74441,0.66762,0.01189,0.66923,0.0,0.0,nan,0.0,0.00829,0.04962,36.91568,1.63867,0.25123,0.49824,0.56233,0.35347,0.61025,0.56233
24.72738,74.0901,3.89525,0.58106,0.77,-0.26357,0.73158,0.0,0.0,nan,0.0,0.01621,0.03531,26.39264,1.74891,0.23275,0.50022,0.36916,0.98738,0.57179,0.36916
24.82388,74.63265,5.00852,0.45929,0.88735,-0.04078,0.58799,0.0,0.0,nan,0.0,0.0,,,,,,,,,
24.42617,74.19407,6.32504,0.50614,0.76739,0.39362,0.67383,0.0,0.0,nan,0.0,0.01537,0.05193,27.87781,2.50634,0.23745,0.37251,0.50152,0.85183,0.39899,0.50152
