cx,cy,cz,nx,ny,nz,valid_frac,score,periodic_cover,periodic_period_mm,periodic_straightness,band_score,band_ratio,band_amp_um,peak_freq,spectral_spread,local_coherence,global_coherence,coverage,ridge_period_mm,straightness
-24.12577,3.06156,1.59036,-0.95567,-0.27809,-0.0967,0.84969,0.0,0.0,nan,0.0,0.01279,0.06645,8.46022,1.90941,0.23782,0.63682,0.63823,0.37366,0.52372,0.63823
-24.30061,3.13203,2.96297,-0.94378,-0.3223,0.07347,0.82239,0.0,0.0,nan,0.0,0.00486,0.09273,10.28997,3.4653,0.2484,0.42761,0.89497,0.2728,0.28858,0.89497
-24.13772,3.49236,4.38901,-0.89639,-0.33803,0.28674,0.84644,0.0,0.0,nan,0.0,0.00631,0.04971,9.32292,1.90422,0.23603,0.6246,0.8796,0.42165,0.52515,0.8796
-24.04243,4.16186,1.86558,-0.99091,-0.00778,-0.13429,0.9788,0.0,0.0,nan,0.0,0.00813,0.08918,7.12976,1.93169,0.22509,0.72169,0.87822,0.27439,0.51768,0.87822
-24.14364,4.93346,3.08878,-0.9984,0.04766,-0.03047,0.985,0.0,0.0,nan,0.0,0.00865,0.06522,7.02863,1.86579,0.23627,0.6795,0.80904,0.30912,0.53597,0.80904
-24.14824,4.94657,4.53147,-0.97189,-0.02961,0.23358,0.94642,0.0,0.0,nan,0.0,0.01597,0.07324,6.28808,3.44495,0.24161,0.6884,0.69122,0.41745,0.29028,0.69122
-24.03264,6.15173,3.669,-0.99364,0.11116,0.01814,0.98175,0.0,0.0,nan,0.0,0.01412,0.05414,5.10565,1.87805,0.2349,0.4406,0.35587,0.82365,0.53247,0.35587
-24.02947,6.23251,4.37523,-0.98589,0.09455,0.13811,0.9721,0.0004,0.00202,0.7,1.0,0.02243,0.07091,5.38086,1.81709,0.23313,0.51499,0.32713,0.8425,0.55033,0.32713
-24.01345,35.79694,-0.25616,-0.99866,-0.04451,-0.02651,0.97271,0.026,0.12998,0.51,1.0,0.0371,0.14152,3.62745,2.04053,0.19041,0.43429,0.64528,0.93631,0.49007,0.64528
-24.02287,35.56726,0.84319,-0.99898,-0.04146,0.01787,0.98246,0.13565,0.67824,0.51,1.0,0.0289,0.11088,3.3105,2.08215,0.20573,0.41956,0.63118,0.99656,0.48027,0.63118
-24.00278,37.86868,-2.06898,-0.99429,-0.03136,-0.10196,0.94135,0.0,0.0,nan,0.0,0.01875,0.10009,3.72011,2.01431,0.22567,0.40287,0.53689,0.71496,0.49645,0.53689
-24.06391,37.06544,-0.67146,-0.9983,-0.04414,-0.03801,0.94927,0.0,0.0,nan,0.0,0.02007,0.10936,3.07581,2.05779,0.20695,0.31041,0.65257,0.97582,0.48596,0.65257
-24.07812,36.95975,1.05473,-0.9987,-0.03296,0.03885,0.96764,0.11074,0.5537,0.51,1.0,0.02175,0.10073,3.0869,2.07312,0.2027,0.3575,0.51491,0.99525,0.48236,0.51491
-24.01958,37.33896,2.09973,-0.99435,-0.02205,0.10386,0.97028,0.04006,0.20032,0.51,1.0,0.01492,0.0933,2.80242,2.02389,0.21689,0.45369,0.84893,0.88399,0.4941,0.84893
-24.02673,39.0576,-2.28858,-0.99233,-0.0258,-0.12093,0.92592,0.0,0.0,nan,0.0,0.0089,0.09335,4.70999,1.70036,0.22266,0.40124,0.50313,0.33852,0.58811,0.50313
-24.15168,38.96599,-0.91655,-0.9981,-0.02871,-0.05447,0.92734,0.0,0.0,nan,0.0,0.01048,0.09291,5.69012,1.81709,0.21526,0.35755,0.57562,0.42629,0.55033,0.57562
-24.15603,38.97706,0.8856,-0.99881,-0.02327,0.04283,0.94054,0.02062,0.10309,0.51,1.0,0.02289,0.10812,3.79449,2.04709,0.21255,0.33506,0.7223,0.96503,0.4885,0.7223
-24.04184,39.01612,2.23517,-0.99241,-0.01619,0.12189,0.95221,0.0,0.0,nan,0.0,0.0252,0.10227,2.3869,1.89156,0.23001,0.46811,0.58128,0.96741,0.52866,0.58128
-24.06429,41.09107,-2.35353,-0.99051,-0.01394,-0.13674,0.91201,0.0,0.0,nan,0.0,0.01289,0.08815,5.8397,1.81709,0.22557,0.43947,0.53882,0.44674,0.55033,0.53882
-24.18312,40.98451,-0.92368,-0.99886,-0.01339,-0.0458,0.91587,0.00162,0.00809,0.6,1.0,0.01204,0.09072,6.32887,1.66253,0.21598,0.39654,0.50314,0.4406,0.60149,0.50314
-24.15625,40.95776,1.05709,-0.99813,-0.00489,0.0609,0.91638,0.00654,0.03268,0.6,1.0,0.00883,0.125,4.43808,1.6519,0.21788,0.43686,0.79392,0.27278,0.60536,0.79392
-24.04766,40.91999,2.39436,-0.99101,0.00364,0.13376,0.93262,0.06122,0.30612,0.6,1.0,0.03623,0.14766,3.35668,1.85212,0.22504,0.41096,0.53218,0.95279,0.53992,0.53218
-24.06572,43.03436,-2.51605,-0.98879,-0.00514,-0.14924,0.89882,0.0,0.0,nan,0.0,0.01312,0.09361,5.01333,1.6519,0.23047,0.39379,0.51073,0.49772,0.60536,0.51073
-24.20292,42.91714,-1.03033,-0.99879,-0.00547,-0.04894,0.86745,0.0,0.0,nan,0.0,0.00977,0.12598,5.00187,1.81709,0.21388,0.28442,0.77986,0.42188,0.55033,0.77986
-24.17011,42.95263,0.86609,-0.99771,0.01131,0.06661,0.911,0.12,0.6,0.51,1.0,0.01124,0.1363,4.08893,1.6519,0.21517,0.41047,0.6349,0.29919,0.60536,0.6349
-24.03352,42.81199,2.27282,-0.99016,0.01481,0.13913,0.92714,0.06965,0.34827,0.51,1.0,0.01564,0.17206,2.98054,2.03705,0.21137,0.32888,0.89016,0.83729,0.49091,0.89016
-24.0821,44.92356,-2.37103,-0.99069,0.00263,-0.13613,0.82289,0.0,0.0,nan,0.0,0.01763,0.08678,2.62866,1.88439,0.24026,0.61263,0.86087,0.90528,0.53068,0.86087
-24.18753,44.978,-1.03586,-0.99906,0.00611,-0.04287,0.79762,0.0,0.0,nan,0.0,0.02485,0.12757,2.74528,1.66461,0.24042,0.45406,0.82926,0.99364,0.60074,0.82926
-24.12219,45.07066,1.09348,-0.99605,0.00411,0.08871,0.88593,0.00683,0.03413,0.51,1.0,0.01321,0.11619,4.35789,1.75947,0.22539,0.28139,0.58057,0.58958,0.56835,0.58057
-24.01463,44.96008,2.09715,-0.98946,0.00805,0.14461,0.91171,0.04391,0.18138,0.51,0.98684,0.01883,0.11459,4.491,1.6519,0.22022,0.28579,0.65192,0.83124,0.60536,0.65192
-24.08433,47.19398,-2.37422,-0.99051,-0.0032,-0.13742,0.80919,0.0,0.0,nan,0.0,0.01077,0.11064,3.13289,1.82559,0.23811,0.59061,0.93968,0.68707,0.54777,0.93968
-24.19784,46.99269,-0.84781,-0.99963,-0.00633,-0.02643,0.79062,0.0,0.0,nan,0.0,0.01878,0.11164,2.80115,1.6519,0.24316,0.37848,0.82189,0.98919,0.60536,0.82189
-24.13581,47.03865,1.1323,-0.99491,-0.01568,0.09954,0.87903,0.0,0.0,nan,0.0,0.00716,0.07745,4.34487,1.6519,0.22205,0.25064,0.52051,0.5389,0.60536,0.52051
-24.02385,47.13866,2.12104,-0.9871,-0.00841,0.15988,0.93343,0.07604,0.38018,0.6,1.0,0.01872,0.10167,3.96023,1.65511,0.22575,0.33287,0.65856,0.83247,0.60419,0.65856
-24.07408,49.09293,-2.61592,-0.98694,-0.00597,-0.16095,0.8231,0.0,0.0,nan,0.0,0.00945,0.12209,3.2699,1.67805,0.2374,0.44512,0.95817,0.83902,0.59593,0.95817
-24.22303,48.94891,-0.78301,-0.9993,-0.00965,-0.03603,0.77011,0.0,0.0,nan,0.0,0.01301,0.08398,2.7757,2.02244,0.23262,0.33089,0.71305,0.80528,0.49445,0.71305
-24.19609,48.98521,1.07346,-0.99503,-0.01361,0.09863,0.86593,0.14299,0.71495,0.6,1.0,0.01271,0.09262,3.93621,1.81709,0.23284,0.34011,0.68985,0.60858,0.55033,0.68985
-24.0479,49.106,2.27647,-0.98366,-0.00711,0.17991,0.94521,0.19582,0.97909,0.51,1.0,0.01676,0.10521,4.21513,1.6519,0.2238,0.52903,0.91922,0.96816,0.60536,0.91922
-24.11659,50.88454,-2.45009,-0.9882,-0.00043,-0.15317,0.83873,0.0,0.0,nan,0.0,0.02132,0.09752,2.88108,1.82142,0.23155,0.37437,0.501,0.9894,0.54902,0.501
-24.24098,50.92401,-0.89878,-0.99914,0.01028,-0.04008,0.79742,0.0,0.0,nan,0.0,0.01771,0.0869,2.95873,2.07178,0.23525,0.37808,0.77545,0.98377,0.48268,0.77545
-24.19783,51.06786,1.07418,-0.9948,0.01932,0.1,0.83842,0.2,1.0,0.6,1.0,0.01592,0.12114,3.2181,1.6519,0.23054,0.4633,0.90738,0.92678,0.60536,0.90738
-24.04066,51.00258,2.27886,-0.98289,0.014,0.18364,0.92886,0.98099,0.98099,0.6,0.64903,0.02451,0.1673,3.53818,1.67495,0.21739,0.58779,0.9339,0.94804,0.59703,0.9339
-24.06939,53.11425,-2.47998,-0.98823,0.00242,-0.15293,0.83193,0.0,0.0,nan,0.0,0.01547,0.07093,2.64598,1.71991,0.24157,0.38298,0.72823,1.0,0.58143,0.72823
-24.16355,53.03099,-1.0622,-0.99926,0.02134,-0.03215,0.77377,0.0,0.0,nan,0.0,0.00986,0.06104,2.79928,2.3397,0.23297,0.31425,0.76827,0.93638,0.4274,0.76827
-24.11281,52.99403,1.16631,-0.99428,0.03785,0.09983,0.8234,0.17543,0.87716,0.6,1.0,0.01181,0.1434,3.16955,1.6519,0.227,0.50654,0.94048,0.6793,0.60536,0.94048
-24.0232,52.21759,2.14956,-0.9848,0.02609,0.1717,0.88989,0.19649,0.98244,0.6,1.0,0.01426,0.12189,3.4415,1.69461,0.2165,0.57467,0.94478,0.8543,0.59011,0.94478
-24.05045,54.83736,-2.59198,-0.99023,0.00085,-0.13943,0.86654,0.0,0.0,nan,0.0,0.01868,0.07874,2.81566,1.93434,0.23092,0.4326,0.76798,0.99506,0.51697,0.76798
-24.11078,54.92364,-1.19232,-0.99948,0.01342,-0.02948,0.82127,0.0,0.0,nan,0.0,0.01477,0.06053,2.76854,1.6519,0.24132,0.43697,0.54528,0.96209,0.60536,0.54528
-24.06744,55.0503,0.70908,-0.99733,0.02144,0.06987,0.80807,0.00207,0.01036,0.6,1.0,0.01304,0.12205,1.98548,1.83078,0.2288,0.36184,0.87726,1.0,0.54622,0.87726
-24.06788,57.02914,-2.38265,-0.99378,0.02273,-0.10904,0.90054,0.0,0.0,nan,0.0,0.02437,0.09607,2.72732,1.6519,0.23641,0.43971,0.72269,1.0,0.60536,0.72269
-24.11646,57.09645,-0.91973,-0.99979,0.01593,-0.01265,0.84137,0.01648,0.04765,0.6,0.95443,0.02203,0.10666,2.92608,1.6519,0.24293,0.34962,0.64627,0.99443,0.60536,0.64627
-24.05568,56.95583,0.48986,-0.99758,0.0131,0.06827,0.81457,0.02951,0.14754,0.6,1.0,0.02272,0.13182,2.13888,1.75474,0.23752,0.33351,0.60593,1.0,0.56988,0.60593
-24.02405,58.51244,-2.23671,-0.99388,0.03855,-0.10349,0.92562,0.0,0.0,nan,0.0,0.00802,0.05406,3.22465,1.6519,0.24025,0.45656,0.81832,0.67374,0.60536,0.81832
-24.07253,58.97607,-0.9654,-0.99902,0.03002,-0.03253,0.89344,0.0,0.0,nan,0.0,0.00714,0.06973,3.07157,1.85272,0.23914,0.4828,0.92178,0.77796,0.53975,0.92178
-24.02921,58.93669,0.31737,-0.9982,0.01762,0.05728,0.86898,0.12342,0.17603,0.6,0.8434,0.02106,0.12681,2.70572,1.8584,0.2342,0.31617,0.75508,0.92874,0.5381,0.75508
-24.04062,61.16894,-0.72079,-0.99932,0.00851,-0.03596,0.89983,0.0,0.0,nan,0.0,0.00897,0.08222,5.08465,1.90296,0.23079,0.504,0.90157,0.58542,0.5255,0.90157
-24.01889,61.05579,0.28124,-0.9989,0.00351,0.04675,0.8978,0.00741,0.03704,0.7,1.0,0.02048,0.12116,3.42138,1.81709,0.24126,0.27147,0.63728,0.98661,0.55033,0.63728
-24.02709,62.99515,-0.5079,-0.9999,-0.00307,-0.01378,0.90298,0.0,0.0,nan,0.0,0.01315,0.06952,3.47704,1.79084,0.23326,0.29862,0.55936,0.99783,0.5584,0.55936
-24.00755,63.13631,0.31694,-0.99908,-0.00678,0.04233,0.91039,0.0,0.0,nan,0.0,0.02053,0.08891,3.44082,1.74655,0.23253,0.37509,0.7101,0.97364,0.57256,0.7101
-24.01571,64.99392,-0.5012,-0.9998,-0.01017,-0.0172,0.9518,0.0,0.0,nan,0.0,0.00963,0.07451,6.03164,1.91428,0.22784,0.26051,0.39669,0.66062,0.52239,0.39669
-24.04974,65.23948,0.34115,-0.99933,-0.01804,0.03185,0.95028,0.0,0.0,nan,0.0,0.00304,0.0632,6.57402,2.08897,0.22266,0.17605,0.30806,0.3561,0.47871,0.30806
-24.05846,67.03416,-0.54554,-0.99884,-0.03428,-0.03391,0.98012,0.0,0.0,nan,0.0,0.00749,0.03586,4.74946,2.06049,0.21533,0.30753,0.57876,0.96579,0.48532,0.57876
-24.07558,67.1522,0.6482,-0.99845,-0.03977,0.039,0.97099,0.0,0.0,nan,0.0,0.00469,0.03935,6.41282,1.77113,0.23019,0.25277,0.54673,0.61873,0.56461,0.54673
-24.02715,69.75797,-2.11952,-0.98906,-0.01998,-0.14617,0.98987,0.0,0.0,nan,0.0,0.00843,0.05633,7.94632,1.81709,0.24227,0.36748,0.31893,0.5096,0.55033,0.31893
-24.05218,69.09848,-0.79191,-0.99767,-0.03694,-0.05736,0.99068,0.0,0.0,nan,0.0,0.00963,0.03294,5.80212,1.81709,0.21743,0.44422,0.36948,0.88548,0.55033,0.36948
-24.17612,69.03873,0.97211,-0.99715,-0.03447,0.06711,0.96733,0.0,0.0,nan,0.0,0.01042,0.03617,5.91532,2.07177,0.23529,0.42172,0.53557,0.91385,0.48268,0.53557
-24.00696,69.74207,2.03382,-0.98935,-0.00786,0.14536,0.95231,0.0,0.0,nan,0.0,0.01147,0.05042,6.77743,1.8681,0.23418,0.41035,0.5559,0.71833,0.5353,0.5559
-24.06406,70.9222,-2.15878,-0.98428,0.0145,-0.176,0.992,0.0,0.0,nan,0.0,0.00593,0.03562,10.67059,2.35332,0.22623,0.34845,0.53529,0.56773,0.42493,0.53529
-24.13515,70.99596,-0.96738,-0.99652,-0.00712,-0.0831,0.99068,0.0,0.0,nan,0.0,0.00782,0.04262,11.92155,1.85685,0.22407,0.40145,0.72175,0.53361,0.53855,0.72175
-24.26848,70.91953,0.87522,-0.99608,0.00407,0.08838,0.97688,0.0,0.0,nan,0.0,0.00578,0.0528,13.89479,1.88671,0.23017,0.2889,0.6982,0.43332,0.53002,0.6982
-24.01861,70.24708,2.17459,-0.98576,0.01834,0.16716,0.9581,0.0,0.0,nan,0.0,0.01687,0.0874,9.34172,2.08283,0.2296,0.58044,0.55196,0.4037,0.48012,0.55196
-24.00963,72.4273,-2.06115,-0.97578,0.05379,-0.21204,0.99636,0.0,0.0,nan,0.0,0.01035,0.0384,13.3532,2.38865,0.22745,0.39735,0.38008,0.77993,0.41865,0.38008
-24.28079,72.89974,-0.76963,-0.99649,0.04317,-0.07169,0.99261,0.0,0.0,nan,0.0,0.01453,0.05884,14.42545,1.71194,0.23363,0.36547,0.49142,0.76957,0.58413,0.49142
-24.28544,73.02761,0.72159,-0.99529,0.02196,0.09444,0.98043,0.0,0.0,nan,0.0,0.01175,0.05043,17.70949,1.70129,0.23816,0.31967,0.38983,0.81141,0.58779,0.38983
-24.10248,74.7338,-0.43949,-0.99692,-0.0368,-0.06931,0.99586,0.0,0.0,nan,0.0,0.01148,0.04804,20.30219,1.93756,0.23228,0.46566,0.76042,0.58295,0.51611,0.76042
-24.11805,75.13541,0.76284,-0.99521,-0.05951,0.07755,0.99687,0.0,0.0,nan,0.0,0.0102,0.05247,21.49364,1.7525,0.23284,0.52098,0.79949,0.48441,0.57061,0.79949
-24.03868,75.95289,2.03345,-0.96411,-0.02723,0.26411,0.98652,0.0,0.0,nan,0.0,0.01102,0.05677,21.33365,1.72782,0.23125,0.60962,0.79116,0.40101,0.57876,0.79116
-24.1352,77.15005,-2.38612,-0.97071,-0.04173,-0.23662,0.98926,0.0,0.0,nan,0.0,0.00857,0.04479,18.02921,1.93551,0.23132,0.38875,0.30976,0.54701,0.51666,0.30976
-24.22348,77.03339,-0.89594,-0.99514,-0.0188,-0.09666,0.99586,0.0,0.0,nan,0.0,0.01282,0.04525,21.40485,1.6519,0.22406,0.4668,0.68513,0.66368,0.60536,0.68513
-24.57861,77.04346,1.08144,-0.98871,0.04002,0.14437,0.94754,0.0,0.0,nan,0.0,0.02113,0.05868,28.13512,1.6519,0.23692,0.61621,0.73117,0.62581,0.60536,0.73117
-24.13874,76.91949,2.24026,-0.94738,0.06577,0.31328,0.96591,0.00049,0.00246,0.6,1.0,0.01229,0.06495,20.37043,1.91532,0.22513,0.53538,0.76547,0.40834,0.52211,0.76547
-24.10055,79.02341,-2.46953,-0.95751,0.11794,-0.26319,0.96023,0.0,0.0,nan,0.0,0.01037,0.05697,14.43447,3.39482,0.24455,0.59063,0.58898,0.35094,0.29457,0.58898
-24.15779,78.90717,-0.96546,-0.99135,0.12893,-0.02443,0.99119,0.0,0.0,nan,0.0,0.01363,0.05724,20.38806,2.20975,0.23305,0.46198,0.42466,0.56595,0.45254,0.42466
-24.27234,78.54941,0.88964,-0.96735,0.17736,0.18106,0.98104,0.0,0.0,nan,0.0,0.02043,0.0593,22.38386,1.89419,0.22722,0.50972,0.74642,0.73641,0.52793,0.74642
-24.01184,78.01662,2.0557,-0.93068,0.17664,0.32037,0.98083,0.0,0.0,nan,0.0,0.01128,0.05105,20.09183,1.81709,0.23175,0.42882,0.45724,0.56649,0.55033,0.45724
-24.03535,80.09876,-2.36669,-0.9237,0.28075,-0.26069,0.92003,0.0,0.0,nan,0.0,0.00902,0.04643,12.63623,3.19964,0.2348,0.63579,0.68748,0.35393,0.31253,0.68748
-24.0023,80.01494,-1.86773,-0.94963,0.26793,-0.16253,0.9584,0.0,0.0,nan,0.0,0.01349,0.06071,14.29815,3.60638,0.23439,0.60302,0.49045,0.41998,0.27729,0.49045
-24.00128,80.01069,0.02983,-0.95252,0.27551,0.12958,0.98256,0.0,0.0,nan,0.0,0.01035,0.03851,19.84837,3.07845,0.23931,0.46872,0.36352,0.63127,0.32484,0.36352
-22.14343,1.90774,-2.13314,-0.46673,-0.60965,-0.6407,0.75133,0.0,0.0,nan,0.0,0.00737,0.07294,20.59924,1.81709,0.2374,0.65301,0.84972,0.24923,0.55033,0.84972
-22.67688,1.52592,-0.86135,-0.49559,-0.793,-0.35432,0.776,0.0,0.0,nan,0.0,0.01248,0.03647,9.57064,2.69895,0.23522,0.53457,0.37758,0.77406,0.37052,0.37758
-23.08231,1.18067,0.96615,-0.45208,-0.89124,-0.03613,0.75062,0.0,0.0,nan,0.0,0.01197,0.05054,12.24281,1.7955,0.2417,0.67584,0.76673,0.43062,0.55695,0.76673
-22.9256,1.6129,2.92888,-0.37973,-0.89893,0.21849,0.82655,0.0,0.0,nan,0.0,0.00869,0.04274,10.24773,3.10676,0.23334,0.66954,0.69204,0.36315,0.32188,0.69204
-22.82076,1.99385,4.04071,-0.3662,-0.86583,0.34092,0.85822,0.0,0.0,nan,0.0,0.01144,0.0498,10.82223,2.17584,0.23186,0.63647,0.47715,0.42768,0.45959,0.47715
-22.45695,3.02641,-2.45117,-0.61371,-0.24263,-0.75133,0.81528,0.0,0.0,nan,0.0,0.00297,0.04175,30.61647,2.06162,0.23196,0.62676,0.96151,0.37357,0.48505,0.96151
-23.25375,2.83336,-1.0554,-0.81428,-0.31528,-0.48738,0.83538,0.0,0.0,nan,0.0,0.01892,0.1359,14.438,2.42132,0.22964,0.53584,0.76513,0.31088,0.413,0.76513
-23.91328,2.86592,0.68942,-0.92863,-0.31092,-0.20243,0.84553,0.0,0.0,nan,0.0,0.00908,0.07439,8.39813,3.46504,0.23864,0.44061,0.54153,0.34311,0.2886,0.54153
-23.85521,2.20927,3.20224,-0.72186,-0.66445,0.19345,0.79346,0.0,0.0,nan,0.0,0.01558,0.0386,10.41598,3.46899,0.23769,0.48123,0.41037,1.0,0.28827,0.41037
-23.30691,2.59739,5.19313,-0.4942,-0.70311,0.51128,0.79153,0.0,0.0,nan,0.0,0.01492,0.08688,17.99819,1.68388,0.24281,0.79593,0.82317,0.31298,0.59387,0.82317
-22.72171,3.44422,6.46045,-0.32633,-0.51311,0.79387,0.80472,0.0,0.0,nan,0.0,0.00954,0.02557,14.6461,2.15467,0.22628,0.66206,0.69297,0.64061,0.46411,0.69297
-22.44246,5.02672,-2.49912,-0.62222,-0.00476,-0.78283,0.92866,0.0,0.0,nan,0.0,0.00759,0.02324,24.29138,1.8948,0.23657,0.55831,0.59082,0.63317,0.52776,0.59082
-23.09541,4.99909,-1.07564,-0.87086,0.04928,-0.48905,0.97089,0.0,0.0,nan,0.0,0.00297,0.06341,42.9825,2.1756,0.24101,0.86096,0.98384,0.22609,0.45964,0.98384
-23.69849,5.07969,1.02004,-0.9675,0.09851,-0.23291,0.99383,0.0,0.0,nan,0.0,0.01901,0.07994,4.8247,1.6519,0.237,0.55158,0.71776,0.60979,0.60536,0.71776
-23.94153,5.55789,2.35782,-0.9838,0.10959,-0.14188,0.98672,0.02786,0.1393,0.51,1.0,0.02384,0.09605,5.03237,1.88637,0.23354,0.61578,0.70859,0.56324,0.53012,0.70859
-23.82966,5.04217,5.58252,-0.84135,-0.0974,0.53165,0.89253,0.0,0.0,nan,0.0,0.01912,0.1073,7.89816,2.03828,0.23189,0.7263,0.51924,0.30739,0.49061,0.51924
-22.89805,4.96538,6.86208,-0.47502,-0.24144,0.84621,0.85385,0.0,0.0,nan,0.0,0.01011,0.05153,31.89781,2.22686,0.22755,0.51337,0.68282,0.406,0.44906,0.68282
-22.48869,7.04413,-2.62378,-0.65305,-0.13467,-0.74524,0.90491,0.0,0.0,nan,0.0,0.01166,0.03653,25.81594,1.7232,0.23526,0.58395,0.65833,0.58889,0.58032,0.65833
-23.04539,6.95717,-0.98433,-0.91883,-0.00972,-0.39454,0.96094,0.0,0.0,nan,0.0,0.0201,0.09216,41.19123,1.81709,0.24363,0.77575,0.74143,0.29473,0.55033,0.74143
-23.55312,6.93436,1.10001,-0.9768,0.0855,-0.19634,0.97748,0.00304,0.01522,0.51,1.0,0.0074,0.05723,3.86522,1.77065,0.21408,0.34478,0.78224,0.63419,0.56476,0.78224
-23.84448,6.99871,2.93452,-0.99008,0.11949,-0.07391,0.97667,0.01485,0.07424,0.51,1.0,0.01858,0.07489,4.48425,1.87474,0.23146,0.39622,0.57162,0.90545,0.53341,0.57162
-23.78255,7.03235,5.14235,-0.94047,0.10799,0.32228,0.95637,0.0,0.0,nan,0.0,0.00818,0.13249,8.40365,2.02345,0.2354,0.61582,0.91304,0.25943,0.49421,0.91304
-22.87173,6.99104,6.91253,-0.60949,0.04479,0.79153,0.89608,0.0,0.0,nan,0.0,0.00609,0.04446,42.93229,1.81935,0.23715,0.60905,0.87451,0.39117,0.54965,0.87451
-22.50063,9.01035,-2.85098,-0.70774,-0.03605,-0.70555,0.90582,0.0,0.0,nan,0.0,0.00518,0.0526,44.09421,1.7224,0.23531,0.8197,0.94622,0.33725,0.58058,0.94622
-23.01197,9.04429,-0.94074,-0.95783,-0.01367,-0.287,0.96693,0.0,0.0,nan,0.0,0.00366,0.11258,25.42719,1.7978,0.23726,0.68176,0.98465,0.20648,0.55623,0.98465
-23.37232,8.9995,1.0145,-0.98592,0.06573,-0.15378,0.96723,0.0,0.0,nan,0.0,0.01435,0.06806,3.35187,1.76309,0.23953,0.39329,0.34602,0.85605,0.56719,0.34602
-23.60997,9.06406,3.03527,-0.99318,0.11124,-0.03484,0.96703,0.29018,0.3,0.51,0.76023,0.01638,0.08695,3.71925,1.78166,0.2431,0.46616,0.7239,0.62145,0.56128,0.7239
-23.54372,9.02808,5.08833,-0.93281,0.11839,0.34037,0.95333,0.0,0.0,nan,0.0,0.008,0.08216,5.24195,1.77058,0.23471,0.60962,0.91756,0.47566,0.56479,0.91756
-22.70954,8.94911,6.76252,-0.64269,0.08644,0.76124,0.94419,0.0,0.0,nan,0.0,0.00326,0.03416,34.89573,1.87071,0.23474,0.88141,0.95206,0.32377,0.53456,0.95206
-22.4857,11.018,-2.81768,-0.72587,-0.03844,-0.68675,0.92734,0.0,0.0,nan,0.0,0.00271,0.04218,43.82361,2.24446,0.23615,0.8759,0.99267,0.34345,0.44554,0.99267
-22.953,11.02368,-1.01201,-0.94916,-0.0285,-0.31349,0.95759,0.0,0.0,nan,0.0,0.01457,0.10939,31.91317,2.78351,0.22786,0.6464,0.67816,0.21895,0.35926,0.67816
-23.22144,11.01741,0.90684,-0.9938,0.0145,-0.11021,0.96175,0.0,0.0,nan,0.0,0.01469,0.06773,3.13953,1.88008,0.22834,0.43373,0.58921,0.81843,0.53189,0.58921
-23.42013,11.06619,3.0737,-0.99779,0.06573,0.0092,0.97048,0.0284,0.14202,0.6,1.0,0.01475,0.06516,4.0254,1.81709,0.23256,0.44237,0.56211,0.76581,0.55033,0.56211
-23.26464,11.08934,5.03861,-0.9417,0.09582,0.32253,0.96063,0.0,0.0,nan,0.0,0.00741,0.05503,5.1263,2.0894,0.23306,0.46445,0.83366,0.55054,0.47861,0.83366
-22.53847,10.96391,6.62423,-0.67797,0.08397,0.73028,0.92947,0.0,0.0,nan,0.0,0.00692,0.0497,31.16701,1.73369,0.23806,0.71967,0.87103,0.33594,0.5768,0.87103
-22.67402,12.96993,-2.92451,-0.78797,-0.11361,-0.60515,0.92551,0.0,0.0,nan,0.0,0.00267,0.03492,31.32709,1.6519,0.23932,0.6418,0.95778,0.3789,0.60536,0.95778
-23.06272,13.0483,-1.01625,-0.96164,-0.05945,-0.2678,0.97505,0.0,0.0,nan,0.0,0.00369,0.0485,22.0225,2.76173,0.23032,0.68007,0.89882,0.23284,0.36209,0.89882
-23.2844,13.069,0.99565,-0.99727,-0.03978,-0.06221,0.97545,0.06002,0.30011,0.6,1.0,0.01506,0.09691,3.59929,1.86546,0.22283,0.57658,0.82614,0.55432,0.53606,0.82614
-23.33463,13.15212,3.06665,-0.99773,0.00557,0.0671,0.98094,0.1141,0.57048,0.51,1.0,0.00678,0.07343,4.84546,1.90474,0.20077,0.55438,0.9675,0.77413,0.52501,0.9675
-23.13151,13.02415,5.0194,-0.9397,0.03159,0.34054,0.97078,0.00097,0.00486,0.6,1.0,0.00732,0.06252,5.71707,1.78666,0.23464,0.6023,0.88904,0.473,0.5597,0.88904
-22.48607,12.97046,6.56927,-0.67373,0.03135,0.73831,0.91435,0.0,0.0,nan,0.0,0.0029,0.04735,34.25247,2.04839,0.22977,0.73874,0.97195,0.30331,0.48819,0.97195
-22.05789,15.53985,-4.05233,-0.68874,-0.1198,-0.71504,0.95008,0.0,0.0,nan,0.0,0.00446,0.04544,30.22781,1.87472,0.23425,0.68246,0.92368,0.34552,0.53341,0.92368
-22.61628,14.99637,-3.11066,-0.83508,-0.13395,-0.53358,0.97251,0.0,0.0,nan,0.0,0.00255,0.03235,20.52545,3.19748,0.23957,0.61639,0.858,0.21425,0.31275,0.858
-23.15979,15.03476,-1.10202,-0.96895,-0.08559,-0.23196,0.98469,0.0,0.0,nan,0.0,0.00308,0.11964,10.1287,1.81709,0.24565,0.72037,0.99551,0.19948,0.55033,0.99551
-23.43589,14.9238,1.00201,-0.99677,-0.06942,-0.04029,0.98489,0.03039,0.15196,0.6,1.0,0.02483,0.09275,3.37974,1.89426,0.22077,0.467,0.75374,0.92347,0.52791,0.75374
-23.36058,15.04387,3.05313,-0.99353,-0.02572,0.11059,0.98733,0.14644,0.73218,0.51,1.0,0.0142,0.10669,4.6572,1.88888,0.18496,0.65199,0.94509,0.7766,0.52941,0.94509
-23.05013,14.96985,5.03082,-0.95208,0.01139,0.30565,0.99078,0.01897,0.09487,0.51,1.0,0.03507,0.08604,5.37174,1.88574,0.22452,0.65415,0.43499,0.85506,0.5303,0.43499
-22.4014,14.94056,6.54545,-0.72272,-0.00206,0.69114,0.92562,0.0,0.0,nan,0.0,0.00651,0.06598,31.44429,2.09145,0.22368,0.80598,0.91207,0.27039,0.47814,0.91207
-22.06224,16.97502,-4.06459,-0.67212,0.05535,-0.73837,0.95901,0.0,0.0,nan,0.0,0.01105,0.04394,32.35879,1.92638,0.23168,0.76673,0.72211,0.34821,0.51911,0.72211
-22.71775,17.01109,-3.10103,-0.83845,0.01559,-0.54476,0.97373,0.0,0.0,nan,0.0,0.00302,0.07002,35.1114,2.20008,0.23343,0.85173,0.97793,0.19805,0.45453,0.97793
-23.41215,16.9441,-1.02857,-0.97455,-0.09421,-0.20341,0.98723,0.00909,0.04547,0.51,1.0,0.0128,0.05943,3.42141,2.09136,0.23239,0.43076,0.58188,0.79193,0.47816,0.58188
-23.60126,17.00945,0.97445,-0.99738,-0.07196,-0.00773,0.99149,0.02566,0.12831,0.51,1.0,0.02372,0.08097,3.17175,2.06819,0.22239,0.47774,0.50594,1.0,0.48351,0.50594
-23.44491,17.02102,3.06091,-0.98886,-0.0438,0.14224,0.99433,0.0756,0.37799,0.51,1.0,0.01819,0.08919,3.96921,2.0716,0.20166,0.58922,0.88655,0.9247,0.48272,0.88655
-23.03784,17.02296,5.0023,-0.92082,-0.01367,0.38975,0.98104,0.01463,0.07314,0.51,1.0,0.00451,0.12666,16.76314,1.6519,0.23839,0.60009,0.94444,0.17598,0.60536,0.94444
-22.43987,17.04358,6.55322,-0.71514,0.03298,0.69821,0.93912,0.0,0.0,nan,0.0,0.00237,0.03802,33.26754,2.21492,0.23357,0.8106,0.95764,0.24284,0.45148,0.95764
-22.9349,19.01341,-3.21663,-0.77559,-0.08064,-0.62607,0.95059,0.0,0.0,nan,0.0,0.00292,0.03289,37.17879,1.73494,0.23604,0.84367,0.94815,0.30271,0.57639,0.94815
-23.59956,18.94558,-1.04254,-0.96905,-0.0359,-0.24425,0.97962,0.0,0.0,nan,0.0,0.01294,0.26407,16.30948,1.81378,0.23503,0.75764,0.91732,0.15631,0.55133,0.91732
-23.74477,19.04076,0.96073,-0.99959,-0.02547,0.01299,0.99241,0.07383,0.36914,0.51,1.0,0.02568,0.10343,4.05881,2.04361,0.21351,0.54322,0.7883,0.77775,0.48933,0.7883
-23.5167,18.98853,3.00059,-0.9874,-0.0068,0.15811,0.99718,0.03478,0.1739,0.51,1.0,0.01253,0.08202,7.26906,2.02075,0.21177,0.46678,0.50715,0.41742,0.49487,0.50715
-23.09127,18.98507,5.02281,-0.92557,-0.0242,0.37781,0.98205,0.01912,0.09562,0.51,1.0,0.01585,0.09473,8.1755,2.89763,0.23816,0.47729,0.77181,0.46916,0.34511,0.77181
-22.51045,19.04055,6.66969,-0.68268,-0.037,0.72978,0.91151,0.0,0.0,nan,0.0,0.00336,0.04552,38.17864,1.71203,0.23309,0.8429,0.97383,0.32447,0.5841,0.97383
-22.49016,21.24729,-4.48721,-0.6556,-0.24445,-0.71444,0.92216,0.0,0.0,nan,0.0,0.00703,0.03818,36.6451,3.46899,0.23953,0.7199,0.8473,0.39151,0.28827,0.8473
-23.09604,20.87472,-3.2344,-0.82312,-0.1994,-0.5317,0.94642,0.0,0.0,nan,0.0,0.00298,0.03508,34.75223,1.6519,0.23365,0.7855,0.93045,0.27045,0.60536,0.93045
-23.58389,21.01845,-1.00636,-0.98609,-0.02264,-0.16468,0.98936,0.1017,0.50852,0.51,1.0,0.00803,0.24169,9.23263,1.81158,0.22347,0.83761,0.99201,0.21403,0.552,0.99201
-23.69827,20.99523,1.02896,-0.9996,-0.00154,0.02823,0.99393,0.15301,0.76503,0.51,1.0,0.01046,0.07388,5.97116,2.02072,0.22079,0.39758,0.73776,0.47515,0.49487,0.73776
-23.4363,21.01367,3.07043,-0.98755,-0.02497,0.15529,0.99748,0.03171,0.15856,0.51,1.0,0.00456,0.03202,9.39257,1.70906,0.22036,0.37484,0.51102,0.46047,0.58512,0.51102
-23.12506,21.00566,5.03065,-0.91427,0.03856,0.40328,0.9787,0.0,0.0,nan,0.0,0.00676,0.04942,17.62963,2.05939,0.22898,0.56869,0.8659,0.42588,0.48558,0.8659
-22.39211,20.92418,6.47554,-0.70493,0.10905,0.70084,0.93394,0.0,0.0,nan,0.0,0.00456,0.05989,35.59567,1.69903,0.24873,0.74256,0.95673,0.32013,0.58857,0.95673
-22.68079,23.03505,-4.72146,-0.67083,-0.07889,-0.73741,0.91739,0.0,0.0,nan,0.0,0.00688,0.03846,32.10112,1.88659,0.23054,0.70671,0.90616,0.53783,0.53006,0.90616
-23.26482,22.94933,-3.0308,-0.91599,-0.04793,-0.39834,0.96419,0.0,0.0,nan,0.0,0.01639,0.08421,24.6071,1.81709,0.24462,0.74105,0.73656,0.28394,0.55033,0.73656
-23.59971,23.02795,-0.97186,-0.99474,-0.01347,-0.10154,0.98977,0.09048,0.19446,0.6,0.9171,0.0128,0.0882,2.91147,1.95636,0.20646,0.50318,0.91045,1.0,0.51115,0.91045
-23.71369,22.92735,1.02202,-0.99991,-0.01144,0.00749,0.99575,0.15422,0.7711,0.51,1.0,0.0463,0.15108,4.14799,2.0311,0.21593,0.65977,0.73213,0.68846,0.49234,0.73213
-23.60898,22.9958,3.02357,-0.98989,-0.02998,0.13865,0.99667,0.02107,0.10535,0.51,1.0,0.00543,0.03248,8.72992,2.06364,0.22561,0.48235,0.49312,0.42571,0.48458,0.49312
-23.25622,22.98175,5.12138,-0.84779,0.01712,0.53006,0.93556,0.0,0.0,nan,0.0,0.00283,0.05233,30.48953,3.63418,0.23618,0.67275,0.95113,0.2404,0.27517,0.95113
-22.35415,22.94011,6.25022,-0.63582,0.08057,0.76762,0.94104,0.0,0.0,nan,0.0,0.00339,0.03759,32.79929,2.05039,0.23331,0.74486,0.95807,0.38436,0.48771,0.95807
-22.57465,25.08093,-4.73445,-0.72942,-0.15218,-0.66693,0.96409,0.0,0.0,nan,0.0,0.00532,0.03975,29.34685,2.17197,0.23254,0.64541,0.90764,0.44709,0.46041,0.90764
-23.36811,24.97583,-2.92505,-0.94228,-0.048,-0.33137,0.96804,0.0,0.0,nan,0.0,0.00648,0.05949,24.28686,1.6519,0.26335,0.57628,0.60713,0.20461,0.60536,0.60713
-23.63707,25.02935,-0.9795,-0.99661,-0.01456,-0.08092,0.98804,0.10753,0.53763,0.51,1.0,0.0065,0.05301,3.03612,2.05418,0.19914,0.60294,0.95699,0.99881,0.48681,0.95699
-23.69569,25.04568,1.00611,-1.0,0.00127,-0.00026,0.99555,0.11702,0.58509,0.51,1.0,0.03232,0.09032,3.44162,2.00931,0.20099,0.67768,0.79721,0.98357,0.49768,0.79721
-23.64876,24.99068,3.05408,-0.9897,0.01515,0.14239,0.99555,0.30856,0.30856,0.51,0.67979,0.01469,0.06429,4.52889,2.05914,0.22389,0.4872,0.84588,0.97564,0.48564,0.84588
-23.14119,24.99221,5.05903,-0.85664,-0.04071,0.51431,0.95597,0.01968,0.0984,0.51,1.0,0.00324,0.08754,22.86088,2.90865,0.24006,0.74632,0.97526,0.1932,0.3438,0.97526
-22.31231,25.09043,6.29306,-0.64195,-0.12415,0.75663,0.95048,0.00225,0.01126,0.51,1.0,0.01364,0.05856,32.4932,2.02477,0.22841,0.79153,0.79639,0.36681,0.49388,0.79639
-22.76063,26.986,-5.12066,-0.73342,-0.06565,-0.6766,0.92704,0.0,0.0,nan,0.0,0.01068,0.04452,31.15232,1.6519,0.23373,0.48249,0.37378,0.52922,0.60536,0.37378
-23.42738,26.98737,-3.02015,-0.96682,-0.06301,-0.24755,0.98398,0.0,0.0,nan,0.0,0.00402,0.10433,12.38377,1.6519,0.22539,0.67717,0.95365,0.18962,0.60536,0.95365
-23.64503,27.00055,-0.99185,-0.99762,-0.02145,-0.06547,0.98936,0.03189,0.15943,0.51,1.0,0.00713,0.04731,3.01603,2.0484,0.19652,0.55359,0.92104,1.0,0.48819,0.92104
-23.70335,26.96977,1.02554,-0.99987,-0.00706,0.01447,0.99707,0.14332,0.71658,0.51,1.0,0.0185,0.06376,3.39717,2.04978,0.20394,0.65021,0.84102,1.0,0.48786,0.84102
-23.6036,27.02727,3.04662,-0.98791,0.00797,0.15481,0.99738,0.14072,0.14072,0.6,0.72633,0.03086,0.08192,4.20619,2.03491,0.21256,0.60138,0.59325,0.92426,0.49142,0.59325
-23.0683,27.02523,5.02864,-0.89567,0.01325,0.44452,0.98763,0.00676,0.03378,0.51,1.0,0.00142,0.03362,22.80148,1.67275,0.23195,0.66588,0.9459,0.18434,0.59782,0.9459
-22.42461,27.09294,6.46302,-0.7166,-0.00664,0.69745,0.95454,0.0,0.0,nan,0.0,0.0035,0.02909,20.29382,2.23835,0.2295,0.52873,0.8821,0.43347,0.44676,0.8821
-22.84091,29.01224,-5.04813,-0.74002,-0.05445,-0.67038,0.95069,0.0,0.0,nan,0.0,0.0087,0.03418,29.86779,1.76874,0.23867,0.58534,0.57149,0.46405,0.56537,0.57149
-23.47798,29.06581,-3.09323,-0.95984,-0.02901,-0.27903,0.98043,0.03774,0.18869,0.51,1.0,0.00259,0.07989,25.31209,2.9212,0.23584,0.59404,0.96501,0.18905,0.34232,0.96501
-23.70668,29.06898,-1.02607,-0.99792,-0.02899,-0.0575,0.99352,0.18556,0.9278,0.51,1.0,0.01608,0.10018,3.33201,2.02229,0.19377,0.56815,0.92097,0.99831,0.49449,0.92097
-23.74293,28.96039,1.04536,-0.99937,-0.02624,0.02405,0.99423,0.03506,0.17532,0.51,1.0,0.00757,0.09109,4.68141,2.05224,0.19991,0.66512,0.97235,0.61814,0.48727,0.97235
-23.60592,29.00698,3.02776,-0.98744,-0.01969,0.15678,0.99677,0.012,0.05998,0.6,1.0,0.00749,0.092,5.32942,2.04469,0.21005,0.63234,0.98711,0.73437,0.48907,0.98711
-23.09345,29.03237,5.04967,-0.88524,-0.02631,0.46439,0.98033,0.00809,0.04046,0.6,1.0,0.00182,0.04371,30.65698,1.65653,0.23445,0.7325,0.98278,0.23727,0.60367,0.98278
-22.51765,29.02588,6.4515,-0.70024,0.00263,0.7139,0.94581,0.0,0.0,nan,0.0,0.00394,0.02863,27.50943,2.6128,0.23375,0.72208,0.92597,0.4681,0.38273,0.92597
-22.09013,31.4445,-6.10302,-0.62862,-0.14175,-0.76468,0.97596,0.0,0.0,nan,0.0,0.00945,0.03238,32.15801,1.75674,0.23612,0.49539,0.77621,0.68288,0.56924,0.77621
-23.0271,31.01736,-5.22386,-0.77356,-0.15323,-0.61492,0.94551,0.0,0.0,nan,0.0,0.0062,0.03673,31.24506,2.01882,0.23307,0.66733,0.90299,0.52705,0.49534,0.90299
-23.58614,30.98686,-2.97293,-0.97276,-0.07585,-0.21907,0.98489,0.0175,0.08749,0.51,1.0,0.01815,0.16919,16.43831,1.73413,0.21826,0.58234,0.6003,0.20658,0.57666,0.6003
-23.75003,31.00685,-1.03887,-0.99761,-0.04267,-0.05429,0.99596,0.023,0.11498,0.51,1.0,0.04942,0.17179,4.52028,1.98708,0.19527,0.48478,0.76604,0.90227,0.50325,0.76604
-23.78784,31.0016,1.02443,-0.99895,-0.03938,0.02338,0.99647,0.02904,0.14519,0.51,1.0,0.01949,0.11439,4.63853,2.06857,0.19293,0.6382,0.89687,0.72095,0.48343,0.89687
-23.67613,31.00151,3.04333,-0.9853,-0.04598,0.16454,0.99606,0.13031,0.13031,0.6,0.72952,0.03726,0.12259,5.58691,1.9426,0.22149,0.62833,0.6993,0.65686,0.51477,0.6993
-23.15017,31.01329,5.08306,-0.8706,0.04096,0.49028,0.96713,0.0,0.0,nan,0.0,0.00262,0.04894,28.73065,1.68194,0.248,0.59648,0.94416,0.25357,0.59455,0.94416
-22.39139,30.9616,6.43898,-0.66347,0.0846,0.7434,0.94257,0.0,0.0,nan,0.0,0.00627,0.04822,32.91747,3.22828,0.24022,0.72764,0.93538,0.46566,0.30976,0.93538
-22.27341,33.01234,-6.25438,-0.60653,-0.05836,-0.79291,0.95891,0.0,0.0,nan,0.0,0.01211,0.03788,29.84267,1.6519,0.22446,0.43371,0.28136,0.7867,0.60536,0.28136
-23.0678,32.86684,-5.42549,-0.76224,-0.08268,-0.642,0.93516,0.0,0.0,nan,0.0,0.01827,0.06193,29.95332,1.82504,0.23619,0.57067,0.31824,0.55156,0.54793,0.31824
-23.70299,32.9638,-2.98708,-0.98476,-0.06914,-0.15956,0.99078,0.0,0.0,nan,0.0,0.00335,0.08825,13.96117,1.6519,0.23926,0.76939,0.98776,0.23562,0.60536,0.98776
-23.8457,33.0218,-1.00012,-0.99748,-0.04842,-0.05182,0.99261,0.08457,0.42286,0.51,1.0,0.04292,0.14764,3.8853,2.01511,0.18536,0.47702,0.69583,0.92301,0.49625,0.69583
-23.86583,32.94758,0.93361,-0.99869,-0.04831,0.01669,0.99575,0.18319,0.91596,0.51,1.0,0.02795,0.14452,4.53617,1.96995,0.19065,0.60714,0.87291,0.75659,0.50763,0.87291
-23.78475,32.97393,3.05988,-0.97794,-0.05399,0.20178,0.98885,0.01216,0.06078,0.51,1.0,0.00611,0.18174,11.50665,1.9256,0.21376,0.75675,0.99513,0.24182,0.51932,0.99513
-23.09337,32.98186,5.48527,-0.7747,-0.03134,0.63156,0.95556,0.0,0.0,nan,0.0,0.00227,0.03292,36.72468,2.71606,0.23343,0.86998,0.97348,0.2936,0.36818,0.97348
-22.03858,32.31839,6.00988,-0.66215,0.05092,0.74764,0.98814,0.0,0.0,nan,0.0,0.00706,0.03991,36.12788,2.04576,0.23297,0.8211,0.86233,0.35475,0.48882,0.86233
-22.31453,34.84365,-6.10966,-0.59826,-0.07995,-0.7973,0.96652,0.0,0.0,nan,0.0,0.01478,0.04338,29.87373,1.81709,0.22909,0.50035,0.76027,0.75135,0.55033,0.76027
-23.38014,35.03075,-5.29689,-0.81383,-0.05482,-0.57851,0.94155,0.0,0.0,nan,0.0,0.00476,0.03337,23.16623,2.55076,0.23092,0.47386,0.87817,0.55415,0.39204,0.87817
-23.79058,34.9592,-2.97746,-0.98787,-0.03348,-0.15163,0.97596,0.01364,0.06819,0.51,1.0,0.00467,0.06159,12.32355,2.03754,0.23778,0.64598,0.88756,0.24385,0.49079,0.88756
-23.9474,34.86174,-1.03015,-0.99767,-0.04461,-0.05153,0.98175,0.07603,0.38015,0.51,1.0,0.03807,0.14519,3.73108,2.04527,0.19681,0.47704,0.76325,0.88175,0.48893,0.76325
-23.98253,34.68021,1.05656,-0.99877,-0.0441,0.02275,0.98733,0.13817,0.69084,0.51,1.0,0.02767,0.12071,3.56152,2.0597,0.19916,0.43651,0.80154,0.98187,0.48551,0.80154
-23.87521,34.92632,3.10099,-0.98742,-0.02516,0.15613,0.98997,0.0,0.0,nan,0.0,0.0114,0.07586,3.21603,2.00405,0.23604,0.4251,0.88333,1.0,0.49899,0.88333
-23.39332,34.96368,5.10774,-0.85273,-0.11975,0.50843,0.95525,0.0,0.0,nan,0.0,0.00257,0.05247,37.55098,1.73768,0.24042,0.84144,0.9807,0.2341,0.57548,0.9807
-22.57665,35.05619,6.49159,-0.6367,-0.17278,0.7515,0.94724,0.0,0.0,nan,0.0,0.0091,0.02674,29.38227,1.87178,0.23853,0.70541,0.65068,0.51555,0.53425,0.65068
-22.33263,37.37089,-6.36584,-0.65856,-0.18765,-0.72875,0.98012,0.0,0.0,nan,0.0,0.00638,0.03512,25.03045,2.19617,0.2306,0.56763,0.8741,0.57369,0.45534,0.8741
-23.52958,36.84973,-5.3641,-0.84597,-0.09333,-0.525,0.931,0.0,0.0,nan,0.0,0.00558,0.02853,20.43862,2.50784,0.22383,0.47761,0.54231,0.44923,0.39875,0.54231
-23.8471,36.97002,-3.07645,-0.9871,-0.03391,-0.15648,0.95495,0.0,0.0,nan,0.0,0.00167,0.03974,12.82139,3.07105,0.23826,0.6669,0.98206,0.28365,0.32562,0.98206
-23.97623,36.53999,-1.57529,-0.99643,-0.04213,-0.07315,0.95556,0.13812,0.69058,0.51,1.0,0.02986,0.11085,3.04292,2.05249,0.22201,0.4746,0.72289,0.94054,0.48721,0.72289
-23.99857,36.23009,1.96138,-0.99615,-0.02685,0.08343,0.98469,0.0,0.0,nan,0.0,0.02192,0.09246,3.31901,2.09564,0.20876,0.38212,0.56706,0.99439,0.47718,0.56706
-23.89596,36.90761,3.13158,-0.98365,-0.01165,0.17974,0.97454,0.0,0.0,nan,0.0,0.01268,0.07866,3.16283,2.04558,0.21147,0.32937,0.80298,0.96173,0.48886,0.80298
-23.33138,37.03964,5.08021,-0.89599,0.00075,0.44407,0.98591,0.0,0.0,nan,0.0,0.00939,0.06761,8.865,1.69986,0.22957,0.44064,0.49182,0.38633,0.58828,0.49182
-22.48371,36.97285,6.47767,-0.6889,-0.03208,0.72414,0.972,0.0,0.0,nan,0.0,0.00898,0.03867,21.52733,1.72896,0.2336,0.51025,0.73355,0.49759,0.57838,0.73355
-22.66506,38.96222,-6.84575,-0.72037,-0.08369,-0.68852,0.9515,0.0,0.0,nan,0.0,0.00636,0.0415,21.96329,1.6519,0.22548,0.64424,0.86126,0.40319,0.60536,0.86126
-23.46506,38.99574,-5.04932,-0.92165,-0.01892,-0.38756,0.95972,0.0,0.0,nan,0.0,0.00379,0.03333,12.7132,3.25664,0.24136,0.50347,0.54618,0.26107,0.30707,0.54618
-23.86,39.08348,-3.31065,-0.98444,-0.00105,-0.17574,0.93333,0.0,0.0,nan,0.0,0.01219,0.065,4.64102,1.81709,0.23699,0.47069,0.38263,0.5703,0.55033,0.38263
-23.88279,38.99912,3.32548,-0.97768,-0.01456,0.20957,0.95475,0.0,0.0,nan,0.0,0.00495,0.16814,3.93093,1.74812,0.2298,0.68648,0.98398,0.25777,0.57204,0.98398
-23.40112,38.92721,5.17394,-0.86964,-0.01435,0.49348,0.95292,0.0,0.0,nan,0.0,0.00455,0.08338,19.75334,2.1645,0.2333,0.76857,0.96552,0.25168,0.462,0.96552
-22.58418,39.05157,6.51782,-0.64527,0.03336,0.76323,0.95272,0.0,0.0,nan,0.0,0.00349,0.03431,21.19897,1.70557,0.24238,0.60712,0.92408,0.41438,0.58632,0.92408
-22.50404,40.97882,-6.71385,-0.76401,0.03779,-0.6441,0.98246,0.0,0.0,nan,0.0,0.00412,0.07403,15.51366,1.6519,0.24603,0.7292,0.93204,0.20635,0.60536,0.93204
-23.37269,41.01864,-5.15454,-0.91622,0.03238,-0.39937,0.96236,0.05227,0.26133,0.51,1.0,0.01951,0.08937,3.73856,1.85747,0.22821,0.33514,0.43885,1.0,0.53837,0.43885
-23.92985,40.73175,-3.17033,-0.98086,-0.00899,-0.1945,0.91881,0.0,0.0,nan,0.0,0.01722,0.08905,4.86901,1.69958,0.24025,0.48932,0.51637,0.55746,0.58838,0.51637
-23.88791,41.02392,3.38603,-0.97876,0.00541,0.20492,0.94521,0.03343,0.16716,0.51,1.0,0.00815,0.1314,2.64867,2.03581,0.22761,0.42294,0.96184,0.7989,0.49121,0.96184
-23.42603,41.02842,5.18928,-0.85465,-0.00153,0.51921,0.94044,0.0,0.0,nan,0.0,0.00264,0.06786,38.8451,2.70586,0.23552,0.8818,0.9993,0.2295,0.36957,0.9993
-22.63638,41.01028,6.61862,-0.61994,-0.0374,0.78376,0.94226,0.0,0.0,nan,0.0,0.00274,0.0223,18.95807,1.92709,0.2251,0.47562,0.88939,0.51481,0.51892,0.88939
-22.42448,42.99383,-6.57679,-0.78109,0.04286,-0.62294,0.99413,0.0,0.0,nan,0.0,0.01272,0.06004,5.2697,2.07833,0.22858,0.34469,0.41152,0.84807,0.48115,0.41152
-23.39323,43.05374,-5.16749,-0.88701,0.01365,-0.46155,0.94267,0.02275,0.11374,0.51,1.0,0.00987,0.05452,4.28273,2.00094,0.2412,0.31112,0.51197,0.85363,0.49976,0.51197
-23.87783,43.01914,-3.57043,-0.96836,-0.00663,-0.24945,0.90704,0.0,0.0,nan,0.0,0.0102,0.06341,4.2188,1.83195,0.23198,0.51411,0.79291,0.53488,0.54587,0.79291
-23.86068,43.06466,3.26318,-0.9789,0.01793,0.20356,0.94764,0.05133,0.25666,0.51,1.0,0.02682,0.11965,2.96428,2.0529,0.20668,0.42201,0.51451,0.88947,0.48712,0.51451
-23.41524,43.01063,5.05136,-0.89833,0.01075,0.43918,0.95921,0.0,0.0,nan,0.0,0.01602,0.18964,10.27551,2.41449,0.23056,0.72858,0.85332,0.207,0.41417,0.85332
-22.6213,42.97728,6.65405,-0.6608,-0.01545,0.75041,0.94175,0.0,0.0,nan,0.0,0.00431,0.02772,21.70902,1.81709,0.24191,0.48773,0.85702,0.52929,0.55033,0.85702
-22.43198,45.00273,-6.51826,-0.76171,0.0326,-0.6471,0.99352,0.0,0.0,nan,0.0,0.01482,0.05822,5.53315,1.94965,0.21669,0.4622,0.80123,0.89658,0.51291,0.80123
-23.402,44.98369,-5.21587,-0.86957,0.00957,-0.49372,0.9312,0.0,0.0,nan,0.0,0.00629,0.04685,5.10365,2.25482,0.21824,0.51183,0.86334,0.57287,0.44349,0.86334
-23.87681,44.94972,-3.55686,-0.96744,-0.00288,-0.25309,0.87334,0.0,0.0,nan,0.0,0.00321,0.05037,4.70081,1.71347,0.24386,0.65137,0.94439,0.36848,0.58361,0.94439
-23.84855,44.9299,3.12108,-0.97784,0.01732,0.20863,0.94734,0.00859,0.04294,0.51,1.0,0.01955,0.09992,4.15227,2.0135,0.21642,0.33462,0.36182,0.86649,0.49665,0.36182
-23.35321,45.02024,5.07155,-0.88946,0.04758,0.45454,0.9651,0.0,0.0,nan,0.0,0.00502,0.15837,18.67666,1.86837,0.22656,0.88347,0.99862,0.1943,0.53523,0.99862
-22.54238,45.03577,6.62962,-0.64422,0.09492,0.75893,0.95576,0.0,0.0,nan,0.0,0.00482,0.03654,21.17498,3.15827,0.23629,0.63381,0.90427,0.44999,0.31663,0.90427
-22.36298,46.98441,-6.38772,-0.74559,0.01563,-0.66622,0.98997,0.0,0.0,nan,0.0,0.01421,0.04097,6.03379,1.90074,0.22482,0.4919,0.61219,0.93882,0.52611,0.61219
-23.3841,46.982,-5.2047,-0.86045,0.00559,-0.50951,0.93769,0.0,0.0,nan,0.0,0.00278,0.04128,4.83466,1.85457,0.23924,0.45006,0.91799,0.45668,0.53921,0.91799
-23.9003,47.03968,-3.45626,-0.96904,-0.00268,-0.2469,0.8574,0.0,0.0,nan,0.0,0.0083,0.05136,3.51188,2.57656,0.22568,0.6975,0.70537,0.36351,0.38811,0.70537
-23.85587,46.9699,3.09087,-0.97288,0.00076,0.23133,0.96145,0.09786,0.48929,0.6,1.0,0.02877,0.1243,4.14011,1.73555,0.21965,0.35806,0.75603,0.97761,0.57619,0.75603
-23.25718,46.99462,5.05281,-0.86185,0.04037,0.50555,0.96683,0.03585,0.17927,0.51,1.0,0.00494,0.14555,20.95401,1.92004,0.23427,0.83685,0.99487,0.20511,0.52082,0.99487
-22.44471,46.93666,6.483,-0.65376,0.07548,0.75293,0.95881,0.0,0.0,nan,0.0,0.00633,0.03306,25.31624,3.27025,0.23619,0.63731,0.87503,0.54019,0.30579,0.87503
-22.46325,49.01756,-6.48618,-0.74255,-0.00818,-0.66974,0.98865,0.0,0.0,nan,0.0,0.01118,0.04704,5.756,2.05728,0.22974,0.48166,0.75995,0.68662,0.48608,0.75995
-23.39,48.99287,-5.16718,-0.87463,0.00059,-0.48478,0.96571,0.0,0.0,nan,0.0,0.00774,0.06653,4.74427,2.02772,0.22125,0.4378,0.8788,0.64281,0.49317,0.8788
-23.8861,49.13856,-3.48807,-0.9652,-0.00102,-0.26149,0.8569,0.0,0.0,nan,0.0,0.00961,0.05928,3.15834,2.34745,0.23435,0.47704,0.7528,0.55992,0.42599,0.7528
-23.83726,48.98725,3.3335,-0.96238,-0.00414,0.27168,0.96226,0.84744,0.84744,0.6,0.59136,0.0185,0.1538,4.35258,1.71773,0.2276,0.51987,0.94453,0.8945,0.58216,0.94453
-23.22938,49.01914,5.03119,-0.81596,0.0371,0.57691,0.95414,0.09562,0.47811,0.51,1.0,0.00422,0.09717,38.36125,1.88071,0.22888,0.88592,0.99191,0.22848,0.53171,0.99191
-22.34762,49.00258,6.32536,-0.61483,0.07096,0.78546,0.96236,0.00186,0.0093,0.51,1.0,0.00775,0.03056,30.77938,1.86121,0.23877,0.71922,0.83092,0.50704,0.53729,0.83092
-22.46551,51.00224,-6.47599,-0.74728,-0.01216,-0.6644,0.98571,0.0,0.0,nan,0.0,0.01035,0.07417,5.39773,2.01671,0.224,0.37317,0.79589,0.60074,0.49586,0.79589
-23.41147,50.96148,-5.12054,-0.88553,-0.00095,-0.46458,0.97312,0.0,0.0,nan,0.0,0.0067,0.0642,4.13592,1.70843,0.23977,0.31179,0.85382,0.74409,0.58533,0.85382
-23.88692,50.86248,-3.49131,-0.96364,0.00406,-0.26716,0.8842,0.0,0.0,nan,0.0,0.01843,0.07173,3.0738,1.7496,0.2364,0.57347,0.55678,0.73977,0.57156,0.55678
-23.83194,51.04599,3.29143,-0.96479,0.01167,0.26275,0.96368,0.2,1.0,0.51,1.0,0.02977,0.26608,4.4996,1.77286,0.20772,0.67053,0.96972,0.81186,0.56406,0.96972
-23.22463,50.97795,5.05454,-0.83142,-0.06684,0.55161,0.95759,0.11687,0.58434,0.51,1.0,0.00215,0.0541,37.49123,2.26832,0.21475,0.76214,0.97951,0.2066,0.44085,0.97951
-22.37617,51.09595,6.39742,-0.65602,-0.20475,0.72644,0.96469,0.00382,0.01912,0.51,1.0,0.00244,0.0301,39.24032,3.05392,0.2337,0.79527,0.96393,0.33991,0.32745,0.96393
-22.41495,52.98178,-6.52248,-0.74279,-0.00797,-0.66947,0.98692,0.0,0.0,nan,0.0,0.00778,0.0755,6.09924,1.71888,0.21639,0.47397,0.79606,0.33873,0.58178,0.79606
-23.33883,52.98175,-5.18625,-0.87935,-0.00055,-0.47617,0.9721,0.0,0.0,nan,0.0,0.00542,0.08212,5.76768,1.6519,0.22458,0.52129,0.87621,0.28614,0.60536,0.87621
-23.88403,53.01413,-3.44448,-0.97078,0.00213,-0.23995,0.9109,0.0,0.0,nan,0.0,0.01428,0.06326,2.8756,1.91215,0.23391,0.39506,0.43036,0.96874,0.52297,0.43036
-23.9874,53.68945,1.89558,-0.98916,0.03186,0.14336,0.87892,0.11401,0.57004,0.6,1.0,0.01793,0.13888,3.00001,1.68656,0.22529,0.44441,0.88229,0.83981,0.59292,0.88229
-23.82454,52.95238,3.0735,-0.97365,0.01709,0.22741,0.94693,0.19484,0.97418,0.51,1.0,0.01602,0.19764,4.0235,2.03119,0.2152,0.61323,0.97678,0.72144,0.49232,0.97678
-23.22993,52.98416,5.09194,-0.90704,-0.05869,0.41693,0.98256,0.09179,0.45897,0.51,1.0,0.01874,0.13557,16.50521,1.83613,0.23765,0.64422,0.50266,0.24055,0.54462,0.50266
-22.49977,53.05689,6.78679,-0.74136,-0.13072,0.65825,0.94389,0.01169,0.05843,0.51,1.0,0.00582,0.04893,29.81379,2.67797,0.23218,0.57872,0.92336,0.49278,0.37342,0.92336
-22.47585,54.99584,-6.56922,-0.73816,-0.00149,-0.67462,0.98581,0.0,0.0,nan,0.0,0.00764,0.08667,5.95194,1.74169,0.21633,0.49378,0.8658,0.37865,0.57415,0.8658
-23.438,55.00676,-5.12642,-0.88951,-0.00895,-0.45682,0.96896,0.0,0.0,nan,0.0,0.00513,0.08968,5.88866,1.69854,0.21903,0.56746,0.89802,0.2564,0.58874,0.89802
-23.913,55.04157,-3.56645,-0.9707,-0.00791,-0.24017,0.91699,0.0,0.0,nan,0.0,0.01022,0.06308,2.81451,1.8257,0.23887,0.32979,0.8,1.0,0.54774,0.8
-23.97202,55.06416,1.70468,-0.99136,0.02672,0.12845,0.83589,0.06257,0.31285,0.6,1.0,0.01854,0.12698,2.18608,1.6519,0.23716,0.46847,0.87596,1.0,0.60536,0.87596
-23.78163,54.94201,2.99047,-0.9816,0.01485,0.19038,0.91658,0.19007,0.95033,0.51,1.0,0.0129,0.15959,3.21965,2.02378,0.20904,0.56126,0.97127,0.79971,0.49413,0.97127
-23.30214,55.00652,5.00918,-0.93749,-0.01862,0.34752,0.97962,0.10838,0.54192,0.51,1.0,0.00686,0.06945,11.19344,1.91541,0.23081,0.54184,0.65808,0.21483,0.52208,0.65808
-22.59022,55.06068,6.91253,-0.7387,-0.04648,0.67243,0.94835,0.0,0.0,nan,0.0,0.00723,0.04479,28.07275,2.63628,0.23746,0.69578,0.88858,0.44647,0.37932,0.88858
-22.45452,56.99325,-6.53598,-0.73218,0.02876,-0.68051,0.98317,0.0,0.0,nan,0.0,0.00799,0.09835,3.69393,1.6519,0.2192,0.49134,0.86442,0.40206,0.60536,0.86442
-23.43865,56.99,-5.12992,-0.89056,0.02203,-0.45434,0.97099,0.0,0.0,nan,0.0,0.01413,0.0754,3.11635,1.6519,0.25515,0.36082,0.72631,0.85254,0.60536,0.72631
-23.92418,57.03849,-3.44643,-0.97439,0.02138,-0.22386,0.92765,0.0,0.0,nan,0.0,0.01968,0.06536,2.94438,1.84388,0.24294,0.54497,0.60454,0.92791,0.54233,0.60454
-23.93868,56.89992,1.56144,-0.99309,0.01862,0.11587,0.86004,0.0,0.0,nan,0.0,0.01173,0.13564,1.9722,1.72224,0.22854,0.38322,0.92042,1.0,0.58064,0.92042
-23.73671,57.00329,3.12968,-0.98345,0.01564,0.18051,0.91201,0.19426,0.97131,0.51,1.0,0.00966,0.19675,2.95137,1.81407,0.20374,0.57276,0.99115,0.62997,0.55125,0.99115
-23.30791,57.0111,5.06988,-0.94444,0.00615,0.32862,0.95434,0.02198,0.1099,0.51,1.0,0.01481,0.11037,11.21755,1.75566,0.24397,0.76478,0.78421,0.2321,0.56959,0.78421
-22.61661,57.0188,6.98774,-0.73402,0.00593,0.6791,0.93769,0.0,0.0,nan,0.0,0.00494,0.0266,20.10806,1.68485,0.22915,0.34124,0.60777,0.59857,0.59352,0.60777
-22.41139,58.96432,-6.43062,-0.72171,0.05007,-0.69038,0.98378,0.0,0.0,nan,0.0,0.00875,0.06306,3.43731,1.99368,0.23191,0.40069,0.65472,0.54775,0.50158,0.65472
-23.33832,58.98611,-5.1776,-0.88691,0.03842,-0.46034,0.97616,0.0,0.0,nan,0.0,0.01378,0.07105,4.20437,1.86073,0.24155,0.57123,0.43447,0.50113,0.53742,0.43447
-23.8462,59.12568,-3.15275,-0.98134,0.04303,-0.18741,0.95992,0.0,0.0,nan,0.0,0.00718,0.03687,4.84309,1.81709,0.23252,0.54506,0.49411,0.5049,0.55033,0.49411
-23.9803,59.74585,-1.87299,-0.99497,0.04015,-0.0918,0.92572,0.0,0.0,nan,0.0,0.00456,0.04293,4.9091,1.81709,0.2349,0.47469,0.78622,0.35641,0.55033,0.78622
-23.93756,59.16901,1.35524,-0.99423,0.01452,0.10628,0.86654,0.19032,0.95161,0.6,1.0,0.00602,0.12029,2.4039,1.88399,0.23248,0.37594,0.9863,1.0,0.53079,0.9863
-23.70322,58.96373,2.97888,-0.98548,0.0146,0.16914,0.8908,0.03226,0.16129,0.6,1.0,0.01605,0.1404,2.06857,1.75359,0.22468,0.45301,0.90741,1.0,0.57026,0.90741
-23.29314,58.9262,4.97375,-0.94199,0.01313,0.33537,0.95475,0.00878,0.0439,0.51,1.0,0.0034,0.12728,12.55958,1.66199,0.23498,0.72829,0.99382,0.19351,0.60169,0.99382
-22.64743,59.02369,6.88746,-0.722,0.03257,0.69112,0.93079,0.0,0.0,nan,0.0,0.00381,0.04763,31.63337,1.81709,0.24003,0.67539,0.95023,0.35062,0.55033,0.95023
-22.33315,60.98129,-6.34471,-0.72459,0.07797,-0.68476,0.98571,0.0,0.0,nan,0.0,0.01254,0.08491,7.40213,1.70807,0.21466,0.49993,0.72944,0.37532,0.58546,0.72944
-23.31748,61.03976,-5.17183,-0.87688,0.05672,-0.47735,0.95911,0.0,0.0,nan,0.0,0.00587,0.04495,9.79068,1.67359,0.23211,0.59561,0.86721,0.42249,0.59752,0.86721
-23.64578,61.02987,-3.12747,-0.97768,0.04791,-0.20454,0.94206,0.0,0.0,nan,0.0,0.00849,0.04826,7.95563,1.86556,0.23105,0.42648,0.4991,0.51621,0.53603,0.4991
-23.98051,60.89381,-1.66634,-0.99488,0.02584,-0.09765,0.90328,0.0,0.0,nan,0.0,0.00722,0.04806,5.44121,1.89473,0.2299,0.46296,0.7842,0.49838,0.52778,0.7842
-23.92139,60.93035,1.29832,-0.99494,0.00065,0.10048,0.9175,0.15238,0.7619,0.6,1.0,0.01145,0.10349,2.91883,1.85544,0.22389,0.35586,0.89188,0.95985,0.53896,0.89188
-23.67411,60.98373,3.05307,-0.9848,0.00343,0.17364,0.91496,0.07164,0.35821,0.6,1.0,0.02945,0.12783,2.39096,1.72412,0.21981,0.42493,0.74155,0.99582,0.58001,0.74155
-23.25609,61.08899,5.02695,-0.94993,0.01857,0.31192,0.9518,0.0,0.0,nan,0.0,0.0044,0.06183,13.91919,1.81709,0.23611,0.65865,0.89498,0.23027,0.55033,0.89498
-22.59608,61.00125,6.96415,-0.68264,-0.00905,0.7307,0.91547,0.0,0.0,nan,0.0,0.00408,0.03574,29.41935,3.23815,0.2423,0.67955,0.90841,0.36414,0.30882,0.90841
-22.26333,62.92437,-6.22835,-0.72409,0.06122,-0.68699,0.9855,0.0,0.0,nan,0.0,0.00641,0.06526,11.51418,1.81709,0.22279,0.37267,0.80925,0.38175,0.55033,0.80925
-22.94316,62.93763,-5.08553,-0.85131,0.0537,-0.52191,0.9785,0.0,0.0,nan,0.0,0.00554,0.06076,12.6026,1.6519,0.23028,0.44153,0.87131,0.39099,0.60536,0.87131
-23.76077,63.01648,-3.05037,-0.97368,0.01711,-0.22728,0.94602,0.0,0.0,nan,0.0,0.00221,0.04652,11.94146,1.81709,0.23243,0.66384,0.97471,0.29681,0.55033,0.97471
-23.95447,63.00286,-1.68789,-0.99457,-0.0017,-0.10403,0.93292,0.0,0.0,nan,0.0,0.00709,0.0894,5.11501,1.82237,0.24487,0.57957,0.91548,0.40453,0.54874,0.91548
-23.94897,62.92709,1.27251,-0.99557,-0.00686,0.09373,0.91049,0.06643,0.33214,0.6,1.0,0.0211,0.14318,3.63429,1.70916,0.22603,0.24863,0.52534,0.91869,0.58508,0.52534
-23.70297,62.97227,2.95032,-0.98743,-0.00959,0.15777,0.89801,0.04474,0.22368,0.6,1.0,0.0309,0.14368,2.95703,1.69954,0.23249,0.37005,0.73031,0.97417,0.58839,0.73031
-23.29293,62.88626,5.10799,-0.9306,-0.00538,0.36601,0.92409,0.0,0.0,nan,0.0,0.00299,0.0319,22.0504,1.6519,0.24018,0.65928,0.88517,0.27293,0.60536,0.88517
-22.62481,62.95086,6.68663,-0.71754,0.03147,0.69581,0.92988,0.0,0.0,nan,0.0,0.00393,0.02648,22.88832,3.51994,0.23943,0.36204,0.60486,0.44594,0.2841,0.60486
-22.21642,64.98568,-6.17352,-0.70602,0.02067,-0.70789,0.98703,0.0,0.0,nan,0.0,0.01049,0.09084,11.54667,1.6519,0.22276,0.42151,0.66063,0.32128,0.60536,0.66063
-23.02938,64.95168,-5.10584,-0.84172,0.00458,-0.53989,0.97921,0.0,0.0,nan,0.0,0.0119,0.09522,11.75482,1.6519,0.23975,0.42306,0.74849,0.34561,0.60536,0.74849
-23.77933,64.98849,-3.04263,-0.97277,-0.01594,-0.2312,0.95465,0.0,0.0,nan,0.0,0.00572,0.10318,7.02442,1.75848,0.2169,0.68175,0.91971,0.22856,0.56867,0.91971
-23.97261,65.04491,-1.52322,-0.99569,-0.0083,-0.09236,0.96206,0.0,0.0,nan,0.0,0.01695,0.06153,3.80593,1.93596,0.22709,0.42072,0.5238,0.99906,0.51654,0.5238
-23.94546,65.01472,1.28641,-0.99582,-0.01734,0.08973,0.91912,0.0,0.0,nan,0.0,0.0029,0.06393,6.63924,2.38123,0.22753,0.20188,0.48807,0.29285,0.41995,0.48807
-23.73614,65.05428,2.90185,-0.98939,-0.01621,0.14438,0.88836,0.0,0.0,nan,0.0,0.00598,0.09408,7.47907,2.05914,0.22235,0.22024,0.562,0.3655,0.48564,0.562
-23.37859,65.09377,5.11233,-0.9275,-0.03354,0.37231,0.88907,0.0,0.0,nan,0.0,0.00217,0.04224,27.38706,3.46028,0.23501,0.73858,0.98765,0.31234,0.28899,0.98765
-22.73631,64.9204,6.85708,-0.66498,-0.0485,0.74529,0.89456,0.0,0.0,nan,0.0,0.00335,0.02991,25.96731,1.6519,0.23628,0.32971,0.37827,0.36616,0.60536,0.37827
-22.20292,67.02419,-6.18894,-0.67145,-0.00765,-0.74101,0.98307,0.0,0.0,nan,0.0,0.02518,0.08446,5.43491,1.6519,0.23706,0.42415,0.51001,0.96155,0.60536,0.51001
-23.11545,67.0096,-5.08959,-0.84998,-0.02899,-0.52602,0.97627,0.0,0.0,nan,0.0,0.01478,0.05979,4.81811,1.84847,0.24352,0.35226,0.73721,0.9933,0.54099,0.73721
-23.76338,67.06117,-2.98599,-0.97706,-0.02034,-0.21198,0.97566,0.0,0.0,nan,0.0,0.01285,0.05103,4.72303,1.87587,0.23156,0.52752,0.75255,0.68517,0.53309,0.75255
-23.98982,67.02616,-1.61062,-0.99399,-0.02601,-0.10636,0.97312,0.0,0.0,nan,0.0,0.00632,0.03786,4.64096,2.02376,0.22435,0.43128,0.88295,0.96339,0.49413,0.88295
-23.91038,66.8654,1.63259,-0.99422,-0.03871,0.10012,0.90998,0.0,0.0,nan,0.0,0.00771,0.05423,6.97405,1.8794,0.22369,0.33319,0.59672,0.54884,0.53208,0.59672
-23.79258,67.0366,2.82488,-0.9877,-0.03099,0.15328,0.91425,0.0,0.0,nan,0.0,0.00502,0.06756,6.90689,1.72327,0.22404,0.28814,0.50094,0.33255,0.58029,0.50094
-23.35279,66.97034,5.18025,-0.92669,0.05374,0.37197,0.90298,0.0,0.0,nan,0.0,0.01009,0.06902,17.38245,3.46899,0.2422,0.61176,0.81238,0.33303,0.28827,0.81238
-22.65107,66.97775,6.96422,-0.68819,0.0831,0.72075,0.89445,0.0,0.0,nan,0.0,0.01533,0.06679,24.02192,1.88795,0.24228,0.66083,0.70721,0.37629,0.52968,0.70721
-22.21279,68.98425,-6.20094,-0.63021,-0.01305,-0.77632,0.97941,0.00472,0.02359,0.7,1.0,0.01584,0.05817,5.33019,1.74287,0.23936,0.42911,0.77424,0.94582,0.57377,0.77424
-23.17722,69.01423,-5.19495,-0.83837,-0.03472,-0.544,0.9718,0.00089,0.00445,0.7,1.0,0.00846,0.08483,6.09609,1.6519,0.23563,0.55577,0.90176,0.4635,0.60536,0.90176
-23.8411,68.91685,-2.9568,-0.97921,-0.02944,-0.20068,0.99261,0.0,0.0,nan,0.0,0.01313,0.06541,5.72725,1.90406,0.23414,0.61861,0.6451,0.43793,0.52519,0.6451
-23.97443,68.46057,-1.65748,-0.99324,-0.03397,-0.111,0.98307,0.0,0.0,nan,0.0,0.00854,0.03086,4.60912,2.16213,0.21564,0.3996,0.53064,0.99308,0.46251,0.53064
-23.96334,68.45983,1.8228,-0.99271,-0.03493,0.11534,0.94257,0.0,0.0,nan,0.0,0.01227,0.04854,6.11647,2.05603,0.23032,0.38657,0.57412,0.86759,0.48637,0.57412
-23.82597,69.0456,3.04057,-0.97558,-0.00645,0.21956,0.93485,0.0,0.0,nan,0.0,0.01352,0.15693,16.18241,1.75425,0.24576,0.60643,0.82403,0.20912,0.57004,0.82403
-22.87199,69.08433,5.52102,-0.79601,0.12248,0.59276,0.95647,0.0,0.0,nan,0.0,0.0034,0.02836,26.46663,1.7043,0.23682,0.76012,0.94673,0.45795,0.58675,0.94673
-22.4887,68.54922,6.55847,-0.67153,0.2005,0.71334,0.95231,0.0,0.0,nan,0.0,0.00917,0.02887,25.15664,2.55064,0.23325,0.73868,0.75455,0.47116,0.39206,0.75455
-22.27902,71.01321,-6.25413,-0.62951,0.06448,-0.77432,0.95576,0.0,0.0,nan,0.0,0.00406,0.02568,9.72408,1.72565,0.23159,0.42961,0.5079,0.44401,0.57949,0.5079
-23.28483,71.02682,-5.16442,-0.84818,0.06366,-0.52587,0.96155,0.0,0.0,nan,0.0,0.0029,0.01795,10.45592,1.6519,0.2334,0.32927,0.45633,0.58359,0.60536,0.45633
-23.82882,71.09653,-3.18407,-0.96738,0.04845,-0.24864,0.99048,0.0,0.0,nan,0.0,0.00612,0.02775,11.47832,1.6519,0.23572,0.37127,0.61431,0.69734,0.60536,0.61431
-23.99174,71.82731,-1.69187,-0.98573,0.03061,-0.16554,0.99332,0.0,0.0,nan,0.0,0.01271,0.05017,13.22498,1.68106,0.24275,0.50976,0.74763,0.57196,0.59486,0.74763
-23.96491,71.27909,1.68623,-0.98488,0.03164,0.17033,0.97759,0.0,0.0,nan,0.0,0.00749,0.05289,16.52605,1.81709,0.23511,0.38233,0.49074,0.41549,0.55033,0.49074
-23.77881,70.93784,3.03264,-0.97175,0.05625,0.2292,0.96601,0.0,0.0,nan,0.0,0.02048,0.10084,15.43461,1.83349,0.2386,0.57146,0.63125,0.4014,0.54541,0.63125
-23.25432,70.84458,5.29417,-0.83693,0.04198,0.5457,0.94125,0.0,0.0,nan,0.0,0.01062,0.04298,29.07727,2.26491,0.23268,0.72953,0.86323,0.56768,0.44152,0.86323
-22.44253,71.13757,6.46633,-0.62153,0.05301,0.78159,0.93069,0.0,0.0,nan,0.0,0.01221,0.02816,28.01568,2.55596,0.23358,0.65279,0.6524,0.71197,0.39124,0.6524
-22.20871,72.5818,-6.19201,-0.62147,0.13774,-0.77124,0.95363,0.0,0.0,nan,0.0,0.0047,0.02519,12.45086,1.77502,0.23258,0.38383,0.54437,0.5636,0.56338,0.54437
-22.87839,73.01632,-5.12193,-0.79912,0.12232,-0.5886,0.97403,0.0,0.0,nan,0.0,0.00515,0.02049,13.54691,1.70032,0.22725,0.33013,0.32268,0.87398,0.58812,0.32268
-23.71817,72.96386,-3.13246,-0.95982,0.06551,-0.27285,0.99778,0.00801,0.04004,0.7,1.0,0.00915,0.0339,14.67458,1.6519,0.22488,0.33358,0.32289,0.91962,0.60536,0.32289
-23.95155,73.24684,-1.64864,-0.98242,0.05065,-0.17967,0.99687,0.0,0.0,nan,0.0,0.01993,0.05885,16.35224,1.6519,0.23195,0.41986,0.43297,0.90506,0.60536,0.43297
-23.90023,72.93614,1.59698,-0.9826,0.02949,0.18335,0.98459,0.0,0.0,nan,0.0,0.01555,0.05543,17.72973,1.74742,0.22848,0.42582,0.61282,0.7333,0.57227,0.61282
-23.3592,73.10415,2.92871,-0.95665,0.05564,0.28588,0.98104,0.0,0.0,nan,0.0,0.01103,0.04605,16.05969,1.68271,0.23105,0.46084,0.47139,0.58427,0.59428,0.47139
-23.0005,73.11589,5.14955,-0.83014,0.18377,0.5264,0.96581,0.0,0.0,nan,0.0,0.01491,0.04882,19.47768,1.6519,0.23777,0.53377,0.37285,0.63089,0.60536,0.37285
-22.37066,72.61226,6.41347,-0.64797,0.15014,0.74672,0.91668,0.0,0.0,nan,0.0,0.01046,0.037,18.99054,1.99969,0.23135,0.43406,0.56354,0.71994,0.50008,0.56354
-22.84888,74.98112,-5.01114,-0.76438,0.06664,-0.64131,0.96074,0.0,0.0,nan,0.0,0.00494,0.02998,13.22236,1.6519,0.23062,0.34308,0.59483,0.55244,0.60536,0.59483
-23.56926,74.99223,-3.03079,-0.95374,-0.02626,-0.29949,0.99789,0.0,0.0,nan,0.0,0.01514,0.05915,14.88054,1.66013,0.23458,0.39395,0.35418,0.73694,0.60236,0.35418
-23.9109,75.20811,-1.19443,-0.98667,-0.0543,-0.15338,0.99789,0.0,0.0,nan,0.0,0.01102,0.03967,19.37517,1.84679,0.23014,0.4531,0.67306,0.67608,0.54148,0.67306
-23.94228,74.75774,1.6024,-0.97992,-0.05201,0.1925,0.99494,0.0,0.0,nan,0.0,0.01155,0.05066,21.82712,1.83618,0.23565,0.54043,0.74067,0.46061,0.54461,0.74067
-23.63263,75.07944,2.98103,-0.93096,-0.01429,0.36485,0.99281,0.0,0.0,nan,0.0,0.0123,0.0598,14.02649,1.70784,0.24071,0.51735,0.60513,0.45417,0.58553,0.60513
-22.62351,74.97704,4.92695,-0.7376,0.20399,0.64369,0.97545,0.0,0.0,nan,0.0,0.00555,0.02186,19.35653,2.37243,0.22922,0.49457,0.49239,0.56653,0.42151,0.49239
-22.88291,76.99983,-4.87133,-0.68994,0.07525,-0.71994,0.94886,0.0,0.0,nan,0.0,0.01178,0.0629,7.90443,1.81991,0.23307,0.39404,0.51259,0.59576,0.54948,0.51259
-23.76594,76.90128,-3.23933,-0.92903,-0.03538,-0.36831,0.98175,0.0,0.0,nan,0.0,0.00893,0.05356,13.85843,1.81709,0.23891,0.37698,0.52982,0.50609,0.55033,0.52982
-23.83636,76.23725,-1.24518,-0.98648,-0.06193,-0.15173,0.99799,0.0,0.0,nan,0.0,0.01068,0.04344,19.26373,2.04784,0.22697,0.43081,0.62976,0.62977,0.48832,0.62976
-23.58899,77.02286,3.21916,-0.86754,0.10264,0.48667,0.98276,0.0,0.0,nan,0.0,0.01546,0.09535,14.80006,1.88318,0.23429,0.52218,0.59075,0.35251,0.53102,0.59075
-22.49568,76.92198,4.71969,-0.68866,0.10854,0.71692,0.98418,0.0,0.0,nan,0.0,0.00284,0.01887,16.65936,3.2696,0.24154,0.41977,0.51576,0.40185,0.30585,0.51576
-22.79538,78.93945,-4.53544,-0.60895,0.21079,-0.76469,0.95586,0.0,0.0,nan,0.0,0.01158,0.03971,6.39361,2.91362,0.23685,0.58649,0.43855,0.65253,0.34322,0.43855
-23.7619,79.09209,-3.47902,-0.85348,0.16044,-0.49582,0.93506,0.0,0.0,nan,0.0,0.0102,0.04282,8.65379,1.81709,0.24319,0.42981,0.57998,0.68209,0.55033,0.57998
-23.98754,79.28626,-0.39113,-0.97957,0.1889,0.06906,0.99586,0.0,0.0,nan,0.0,0.01658,0.05663,19.50776,2.28167,0.23163,0.55579,0.52372,0.58098,0.43827,0.52372
-23.71878,79.27477,1.1527,-0.94505,0.22143,0.24053,0.99809,0.0,0.0,nan,0.0,0.01267,0.0474,20.17747,1.87277,0.23295,0.44307,0.39286,0.66317,0.53397,0.39286
-23.2374,78.97802,3.03256,-0.87359,0.2044,0.44166,0.99667,0.0,0.0,nan,0.0,0.00851,0.06066,16.58675,1.65558,0.23539,0.38238,0.44734,0.41128,0.60402,0.44734
-22.37253,78.89809,4.43604,-0.75264,0.13455,0.64454,0.97962,0.0,0.0,nan,0.0,0.00594,0.04371,12.33965,1.81709,0.23928,0.40287,0.62186,0.3918,0.55033,0.62186
-22.43175,80.41077,-4.23098,-0.52899,0.4132,-0.74124,0.94774,0.0,0.0,nan,0.0,0.01109,0.04197,6.67389,2.60882,0.22342,0.68212,0.46988,0.50351,0.38331,0.46988
-23.28111,81.11467,-3.20501,-0.68477,0.53364,-0.4963,0.87537,0.0,0.0,nan,0.0,0.008,0.03678,8.94087,1.87765,0.23754,0.50432,0.32493,0.52748,0.53258,0.32493
-23.8131,81.25138,-1.00406,-0.87267,0.48799,-0.01797,0.89851,0.0,0.0,nan,0.0,0.01398,0.05743,16.52986,1.70025,0.24113,0.52307,0.69567,0.52171,0.58815,0.69567
-23.50462,81.07935,1.027,-0.87375,0.43801,0.21145,0.94764,0.0,0.0,nan,0.0,0.00764,0.03718,18.66997,2.29629,0.22083,0.4235,0.66735,0.5371,0.43549,0.66735
-22.80495,81.10343,3.07741,-0.80364,0.43024,0.41117,0.92795,0.0,0.0,nan,0.0,0.00459,0.02569,13.08712,2.21116,0.22934,0.30822,0.55114,0.6685,0.45225,0.55114
-22.20168,80.64738,4.2092,-0.731,0.35267,0.58418,0.94642,0.0,0.0,nan,0.0,0.00876,0.04427,11.31566,1.6519,0.23793,0.5067,0.52865,0.45946,0.60536,0.52865
-22.45644,82.25544,-2.51171,-0.48539,0.8022,-0.34766,0.89953,0.0,0.0,nan,0.0,0.0129,0.04884,9.74588,1.8266,0.24,0.45012,0.62769,0.70715,0.54747,0.62769
-22.61276,82.36305,-1.01234,-0.5374,0.8397,-0.0781,0.92298,0.0,0.0,nan,0.0,0.01544,0.04303,11.29011,1.82052,0.23757,0.46476,0.4226,0.90887,0.54929,0.4226
-22.57399,82.32191,0.95863,-0.60234,0.78429,0.14859,0.91567,0.0,0.0,nan,0.0,0.00593,0.02608,13.76785,1.99306,0.21453,0.29567,0.5036,0.88136,0.50174,0.5036
-22.19358,82.1086,2.53075,-0.61621,0.72827,0.29984,0.9179,0.0,0.0,nan,0.0,0.00775,0.0329,13.19879,1.93359,0.22663,0.32385,0.42362,0.83754,0.51717,0.42362
-20.89312,1.72705,-2.40357,-0.23652,-0.72583,-0.64593,0.80107,0.0,0.0,nan,0.0,0.01065,0.15524,25.89993,1.89569,0.21931,0.72154,0.92621,0.23489,0.52751,0.92621
-21.00776,1.33293,-0.99671,-0.11914,-0.95914,-0.25661,0.89405,0.0,0.0,nan,0.0,0.01551,0.08183,9.25894,2.89206,0.23424,0.68972,0.60957,0.33412,0.34577,0.60957
-20.98931,1.42846,0.98543,0.02694,-0.99798,0.05753,0.98682,0.0,0.0,nan,0.0,0.01102,0.06204,8.02223,3.3805,0.23786,0.75449,0.57653,0.29404,0.29581,0.57653
-20.99531,1.80188,2.9466,0.01275,-0.98025,0.19734,0.9987,0.0,0.0,nan,0.0,0.00805,0.09107,7.10416,3.37791,0.23048,0.75403,0.88655,0.26679,0.29604,0.88655
-20.29666,1.97066,4.16446,0.01005,-0.94558,0.32524,0.98621,0.0,0.0,nan,0.0,0.00261,0.02101,15.34117,1.84031,0.23926,0.41939,0.32125,0.33504,0.54339,0.32125
-21.10151,2.94443,-3.31521,-0.378,-0.26498,-0.88708,0.837,0.0,0.0,nan,0.0,0.00626,0.03908,35.34957,1.86432,0.23114,0.8002,0.92861,0.49371,0.53639,0.92861
-21.55422,2.01381,3.94676,-0.09763,-0.93913,0.3294,0.98246,0.0,0.0,nan,0.0,0.01301,0.06787,11.41727,1.99545,0.22971,0.73402,0.40522,0.3068,0.50114,0.40522
-21.001,2.31218,5.2419,-0.06509,-0.84316,0.53371,0.95404,0.0,0.0,nan,0.0,0.00434,0.04252,21.55708,1.81709,0.24548,0.79985,0.92448,0.31556,0.55033,0.92448
-21.18054,3.43847,6.22195,-0.12845,-0.56967,0.81178,0.96804,0.0,0.0,nan,0.0,0.00779,0.02632,14.20933,3.38218,0.23807,0.67624,0.66291,0.49953,0.29567,0.66291
-20.83325,4.95936,-2.5447,-0.42527,-0.00617,-0.90504,0.98987,0.0,0.0,nan,0.0,0.01473,0.02955,23.92795,1.78148,0.22906,0.57226,0.38375,0.94425,0.56133,0.38375
-20.88238,5.08429,6.74074,-0.19608,-0.39837,0.89602,0.97342,0.0,0.0,nan,0.0,0.01219,0.04157,37.76677,2.24966,0.23471,0.70786,0.58513,0.43626,0.44451,0.58513
-20.09101,5.97703,8.34553,-0.34753,-0.38991,0.85276,0.9043,0.0,0.0,nan,0.0,0.02399,0.05809,56.57475,2.76306,0.23629,0.71029,0.66618,0.60188,0.36192,0.66618
-21.04084,7.01529,-3.15656,-0.43902,-0.19465,-0.87714,0.98114,0.0,0.0,nan,0.0,0.01983,0.05131,27.17853,1.82391,0.22524,0.54215,0.45048,0.76548,0.54827,0.45048
-21.52444,7.2581,7.76817,-0.48503,-0.01637,0.87435,0.95789,0.0,0.0,nan,0.0,0.00724,0.02796,47.21482,2.01096,0.23316,0.60884,0.72147,0.44331,0.49727,0.72147
-20.68171,6.90382,8.53902,-0.47892,-0.08052,0.87416,0.904,0.0,0.0,nan,0.0,0.00882,0.0334,57.27336,3.5802,0.23568,0.69676,0.83653,0.54243,0.27931,0.83653
-20.1523,9.29666,-4.13424,-0.41563,-0.0319,-0.90897,0.99301,0.0,0.0,nan,0.0,0.00853,0.02518,27.78496,1.92608,0.23225,0.39979,0.55723,0.90814,0.51919,0.55723
-21.18157,8.94814,-3.7225,-0.46793,-0.06473,-0.88139,0.96317,0.0,0.0,nan,0.0,0.01145,0.02659,29.51696,1.8048,0.23593,0.5264,0.61127,0.87376,0.55408,0.61127
-21.11447,8.97811,7.12033,-0.5161,0.07813,0.85296,0.99403,0.0,0.0,nan,0.0,0.0175,0.04207,30.3275,2.70944,0.23118,0.78019,0.66287,0.56845,0.36908,0.66287
-20.07939,9.3162,8.17357,-0.48091,0.10161,0.87086,0.99789,0.0,0.0,nan,0.0,0.00775,0.01762,31.86746,1.6519,0.23091,0.65319,0.60132,0.71584,0.60536,0.60132
-20.15503,11.38365,-4.09006,-0.37617,-0.09746,-0.92141,0.99647,0.0,0.0,nan,0.0,0.00831,0.02017,24.43525,1.72963,0.23419,0.52801,0.45652,0.84401,0.57816,0.45652
-20.89319,11.15686,-3.2964,-0.46051,-0.06198,-0.88549,0.98337,0.0,0.0,nan,0.0,0.00941,0.0196,25.60968,1.8966,0.22675,0.62653,0.75003,0.82641,0.52726,0.75003
-21.09231,11.27975,7.51229,-0.45612,0.11531,0.88241,0.97606,0.0,0.0,nan,0.0,0.00768,0.02611,23.85507,3.21211,0.23635,0.56857,0.4264,0.561,0.31132,0.4264
-20.35543,10.58785,8.28733,-0.47125,0.09593,0.87677,0.97373,0.0,0.0,nan,0.0,0.009,0.02688,32.17624,1.87527,0.23796,0.62686,0.40099,0.56698,0.53326,0.40099
-20.44621,13.10056,-4.28105,-0.42978,-0.27801,-0.85907,0.99707,0.0,0.0,nan,0.0,0.01359,0.03609,21.21998,1.96733,0.22995,0.55585,0.57127,0.74114,0.5083,0.57127
-21.2636,12.99554,-3.46845,-0.56718,-0.20615,-0.79738,0.98297,0.0,0.0,nan,0.0,0.0044,0.03216,30.1529,2.14369,0.2293,0.76494,0.93171,0.45598,0.46649,0.93171
-20.95012,13.08637,7.21928,-0.37828,0.04976,0.92435,0.98073,0.0,0.0,nan,0.0,0.00779,0.01798,23.57319,3.39286,0.23894,0.59821,0.64916,0.78535,0.29474,0.64916
-21.06886,14.99951,-4.84184,-0.49901,-0.16039,-0.85162,0.95942,0.0,0.0,nan,0.0,0.00542,0.02812,24.89438,1.65242,0.24019,0.46841,0.5237,0.44455,0.60517,0.5237
-21.78281,14.1765,-3.81763,-0.66,-0.16736,-0.73238,0.97241,0.0,0.0,nan,0.0,0.00978,0.03872,20.94574,2.5158,0.2334,0.63593,0.78448,0.48887,0.39749,0.78448
-21.08396,14.82594,7.69495,-0.35872,-0.05892,0.93158,0.93089,0.0,0.0,nan,0.0,0.0082,0.02485,21.30049,3.576,0.23979,0.63339,0.38435,0.56959,0.27964,0.38435
-20.24423,15.61455,8.08415,-0.32041,-0.04652,0.94614,0.95789,0.0,0.0,nan,0.0,0.00595,0.01873,23.09107,2.03026,0.23172,0.51578,0.35459,0.66907,0.49255,0.35459
-21.18677,17.03522,-5.00389,-0.51611,0.06223,-0.85426,0.94754,0.0,0.0,nan,0.0,0.01088,0.02813,25.92297,3.23827,0.2449,0.64915,0.66764,0.64154,0.30881,0.66764
-21.78269,17.93587,-3.91359,-0.65056,0.02259,-0.75912,0.98286,0.0,0.0,nan,0.0,0.01005,0.02834,33.42884,3.39145,0.24302,0.7561,0.45156,0.49716,0.29486,0.45156
-20.94852,17.05726,7.09534,-0.44051,0.06712,0.89524,0.98774,0.0,0.0,nan,0.0,0.01078,0.02975,25.4249,1.79585,0.23983,0.71064,0.54369,0.5498,0.55684,0.54369
-20.1888,16.26533,8.0809,-0.33848,0.01301,0.94088,0.95465,0.0,0.0,nan,0.0,0.00905,0.02554,25.27264,3.53601,0.23382,0.60777,0.70473,0.6291,0.2828,0.70473
-20.57706,18.91362,-4.57831,-0.59381,-0.12231,-0.79526,0.98611,0.0,0.0,nan,0.0,0.00778,0.02354,32.50534,1.71034,0.23819,0.64792,0.44235,0.54169,0.58468,0.44235
-21.26008,19.08608,-3.43562,-0.65329,-0.08181,-0.75268,0.9313,0.0,0.0,nan,0.0,0.00576,0.02291,31.0546,1.72955,0.23518,0.72127,0.80159,0.44418,0.57819,0.80159
-20.95881,19.03832,7.18877,-0.39994,-0.02944,0.91607,0.98165,0.0,0.0,nan,0.0,0.01054,0.02385,24.55227,1.84242,0.23671,0.6491,0.35743,0.73652,0.54276,0.35743
-20.12824,20.65225,-6.0741,-0.56722,-0.11266,-0.81583,0.9648,0.0,0.0,nan,0.0,0.00902,0.02526,27.16187,2.08292,0.23188,0.59946,0.69286,0.63937,0.48009,0.69286
-21.17871,20.9846,-5.38308,-0.57585,-0.21238,-0.78949,0.98002,0.0,0.0,nan,0.0,0.00957,0.03223,27.57491,3.50501,0.23723,0.68098,0.52547,0.46748,0.28531,0.52547
-21.74913,20.12805,-3.77395,-0.66088,-0.19923,-0.72356,0.97748,0.0,0.0,nan,0.0,0.00301,0.02716,35.53834,1.90627,0.23446,0.7584,0.93117,0.36704,0.52458,0.93117
-21.10581,21.17074,7.50817,-0.44131,0.14289,0.8859,0.93648,0.0,0.0,nan,0.0,0.00947,0.04806,30.81575,2.03833,0.22964,0.6915,0.83257,0.41242,0.4906,0.83257
-20.10837,20.97239,8.06167,-0.39243,0.03926,0.91894,0.94835,0.0,0.0,nan,0.0,0.0085,0.02656,27.99908,1.93339,0.22855,0.55476,0.46434,0.61836,0.51723,0.46434
-20.21134,23.80755,-6.13994,-0.49879,-0.19892,-0.84359,0.99839,0.0,0.0,nan,0.0,0.01334,0.02915,28.66448,2.11283,0.22298,0.54644,0.51984,0.89563,0.4733,0.51984
-21.03201,23.03828,-5.3338,-0.49048,-0.08256,-0.86753,0.99372,0.0,0.0,nan,0.0,0.01684,0.03427,27.07147,1.87607,0.23509,0.56515,0.42068,0.93405,0.53303,0.42068
-21.16106,23.58919,5.79927,-0.51821,0.01118,0.85518,0.92531,0.0,0.0,nan,0.0,0.01026,0.04466,32.1853,1.75365,0.23186,0.7954,0.87642,0.5153,0.57024,0.87642
-20.91292,22.87253,6.47483,-0.47571,0.14739,0.86716,0.97281,0.0,0.0,nan,0.0,0.01959,0.05032,31.97663,2.44286,0.22982,0.80665,0.73103,0.51274,0.40936,0.73103
-20.51463,25.15971,-6.45952,-0.51349,-0.21067,-0.83183,0.98033,0.0,0.0,nan,0.0,0.0107,0.04031,33.51121,2.10768,0.21974,0.47872,0.40032,0.58738,0.47445,0.40032
-21.25963,24.92105,-5.25348,-0.55532,-0.20677,-0.80552,0.99413,0.0,0.0,nan,0.0,0.01132,0.03648,29.72406,2.74232,0.23017,0.50163,0.52343,0.66019,0.36466,0.52343
-21.04538,24.06067,5.94813,-0.49061,-0.07424,0.86821,0.92968,0.0,0.0,nan,0.0,0.01259,0.04017,30.26193,1.99729,0.23197,0.77046,0.82671,0.57479,0.50068,0.82671
-20.9504,24.96628,6.90398,-0.45853,-0.19012,0.8681,0.9922,0.0,0.0,nan,0.0,0.01473,0.04338,30.21178,1.98803,0.23093,0.73171,0.58478,0.4949,0.50301,0.58478
-20.79054,26.87688,-6.56413,-0.51447,-0.03949,-0.8566,0.98692,0.0,0.0,nan,0.0,0.00739,0.02721,28.7807,2.01252,0.23241,0.37016,0.37295,0.7847,0.49689,0.37295
-21.42837,27.29207,-5.84462,-0.54856,-0.03493,-0.83538,0.98682,0.0,0.0,nan,0.0,0.00708,0.02615,29.4491,1.90658,0.22825,0.38246,0.33908,0.75566,0.5245,0.33908
-21.14139,27.21418,7.45705,-0.50679,0.02315,0.86176,0.96815,0.0,0.0,nan,0.0,0.00909,0.03204,23.53617,3.57121,0.23286,0.42538,0.34422,0.72385,0.28002,0.34422
-20.15632,26.7273,8.09344,-0.42228,-0.03764,0.90568,0.95617,0.0,0.0,nan,0.0,0.00624,0.02369,30.00644,1.6519,0.23542,0.36603,0.54043,0.76737,0.60536,0.54043
-20.56789,29.09945,-6.5054,-0.49572,-0.12599,-0.8593,0.99839,0.0,0.0,nan,0.0,0.01443,0.03393,34.08088,1.88641,0.23574,0.45581,0.3458,0.98821,0.53011,0.3458
-21.44774,28.99983,-5.5916,-0.5599,-0.07966,-0.82472,0.99139,0.0,0.0,nan,0.0,0.01079,0.03043,31.58056,1.81709,0.23199,0.45272,0.3746,0.83277,0.55033,0.3746
-21.0005,29.01156,6.8599,-0.48922,0.0321,0.87157,0.99525,0.0,0.0,nan,0.0,0.01218,0.02575,26.77351,3.57358,0.23753,0.54642,0.55058,0.9299,0.27983,0.55058
-20.87315,31.13939,-6.73456,-0.5831,-0.15615,-0.79725,0.99606,0.0,0.0,nan,0.0,0.01495,0.03923,33.52294,1.73916,0.23892,0.46231,0.53748,0.87347,0.57499,0.53748
-21.53607,30.43181,-5.50227,-0.62863,-0.15891,-0.76129,0.98906,0.0,0.0,nan,0.0,0.01546,0.03622,31.90431,1.80498,0.22745,0.54924,0.5588,0.82573,0.55402,0.5588
-21.07769,30.9623,7.45362,-0.51945,0.05289,0.85287,0.96683,0.0,0.0,nan,0.0,0.0115,0.03197,29.11545,1.81878,0.23493,0.52196,0.44228,0.73657,0.54982,0.44228
-20.06948,31.61363,8.02803,-0.53765,-0.03441,0.84247,0.98002,0.0,0.0,nan,0.0,0.00832,0.02891,31.18849,1.92181,0.23311,0.41605,0.45134,0.736,0.52034,0.45134
-20.83173,33.01741,-6.59819,-0.5428,-0.02961,-0.83934,0.99636,0.0,0.0,nan,0.0,0.01149,0.0287,30.57636,1.6519,0.22739,0.43273,0.25534,0.98557,0.60536,0.25534
-21.99967,32.02354,-5.96319,-0.62864,-0.12888,-0.76695,0.98571,0.0,0.0,nan,0.0,0.00979,0.0315,31.96858,1.71178,0.23956,0.4503,0.59381,0.73335,0.58419,0.59381
-21.49098,33.19338,5.52788,-0.64137,-0.03007,0.76664,0.92876,0.0,0.0,nan,0.0,0.00384,0.02515,31.28972,1.74176,0.23565,0.82161,0.9033,0.38826,0.57413,0.9033
-20.6989,32.73434,6.62852,-0.58821,0.02369,0.80836,0.97708,0.0,0.0,nan,0.0,0.0069,0.02725,34.19232,1.87479,0.23602,0.63354,0.78781,0.48095,0.53339,0.78781
-21.15068,35.0189,-6.94773,-0.51175,-0.08887,-0.85453,0.99839,0.0,0.0,nan,0.0,0.01429,0.03262,31.20555,1.76562,0.2292,0.46603,0.69935,1.0,0.56637,0.69935
-21.81495,34.13016,5.86083,-0.62122,-0.12114,0.77421,0.97982,0.0,0.0,nan,0.0,0.00674,0.01808,27.66374,1.835,0.234,0.77757,0.77416,0.55674,0.54496,0.77416
-21.03656,34.94213,7.09277,-0.55828,-0.1884,0.80798,0.99758,0.0,0.0,nan,0.0,0.01126,0.02356,25.2289,1.78175,0.2354,0.61788,0.56981,0.83511,0.56124,0.56981
-20.23851,37.56001,-8.27638,-0.47304,-0.19152,-0.85997,0.99352,0.0,0.0,nan,0.0,0.01179,0.02949,26.14387,1.77134,0.23216,0.56784,0.66179,0.75792,0.56454,0.66179
-21.12045,36.96751,-7.26762,-0.53832,-0.24267,-0.80704,0.99829,0.0,0.0,nan,0.0,0.01625,0.03936,27.45976,1.76973,0.23832,0.54567,0.6968,0.81157,0.56506,0.6968
-21.11497,36.85677,7.58689,-0.53677,-0.03813,0.84287,0.99555,0.0,0.0,nan,0.0,0.00751,0.02482,21.9636,2.05556,0.22465,0.3964,0.67222,0.83262,0.48649,0.67222
-20.37828,37.15076,8.25835,-0.52996,-0.02465,0.84766,0.98936,0.0,0.0,nan,0.0,0.01251,0.03038,23.27456,2.40581,0.22492,0.49486,0.67499,0.90363,0.41566,0.67499
-20.45798,38.86265,-8.09069,-0.47017,-0.16911,-0.86622,0.9986,0.0,0.0,nan,0.0,0.0075,0.0197,19.93082,1.71346,0.23521,0.57215,0.63398,0.73179,0.58361,0.63398
-21.18805,39.03794,-7.79249,-0.53934,-0.13829,-0.83065,0.99038,0.0,0.0,nan,0.0,0.00511,0.02184,19.89196,1.70529,0.23852,0.5103,0.76265,0.52594,0.58641,0.76265
-20.97018,39.0047,7.23891,-0.55584,0.07101,0.82825,0.99819,0.0,0.0,nan,0.0,0.02233,0.05485,23.58244,2.6123,0.22985,0.64041,0.63923,0.68975,0.3828,0.63923
-20.2286,38.17052,8.094,-0.55613,0.01097,0.83102,0.99575,0.0,0.0,nan,0.0,0.00875,0.02396,24.49558,2.69073,0.22674,0.45285,0.62172,0.87233,0.37165,0.62172
-20.57654,41.01175,-8.46739,-0.5285,-0.07531,-0.84559,0.99352,0.0,0.0,nan,0.0,0.00732,0.02878,15.48106,1.87185,0.23774,0.6709,0.5856,0.42803,0.53423,0.5856
-21.59545,41.01938,-7.8215,-0.62979,-0.01268,-0.77666,0.98459,0.00066,0.00328,0.51,1.0,0.00176,0.0302,16.3584,1.86595,0.23415,0.64167,0.9354,0.25115,0.53592,0.9354
-20.89101,41.02328,7.00277,-0.57181,-0.07855,0.81661,0.98926,0.0,0.0,nan,0.0,0.01022,0.02217,23.77301,2.733,0.2241,0.50123,0.54246,0.99685,0.3659,0.54246
-20.00462,41.67751,8.15445,-0.58269,-0.1015,0.80633,0.99768,0.0,0.0,nan,0.0,0.0124,0.02714,30.08896,2.75715,0.2348,0.5025,0.70805,0.9695,0.36269,0.70805
-20.55055,42.95382,-8.44598,-0.60896,0.02494,-0.79281,0.99789,0.0,0.0,nan,0.0,0.00668,0.09918,7.7604,1.91026,0.22629,0.63556,0.9042,0.26297,0.52349,0.9042
-21.55263,43.06583,-7.57324,-0.69432,0.05087,-0.71787,0.99778,0.0,0.0,nan,0.0,0.00884,0.07069,6.35079,1.81095,0.2323,0.34919,0.6253,0.47078,0.5522,0.6253
-21.19379,42.94798,7.51015,-0.59186,-0.00431,0.80603,0.99616,0.0,0.0,nan,0.0,0.00776,0.02247,23.37579,3.24445,0.24003,0.42894,0.48074,0.8736,0.30822,0.48074
-20.20981,42.861,8.34911,-0.59709,0.00054,0.80217,0.98733,0.0,0.0,nan,0.0,0.01034,0.02948,28.40877,2.7019,0.23699,0.40672,0.6317,0.92295,0.37011,0.6317
-20.48632,44.88733,-8.35696,-0.61717,0.06152,-0.78442,0.99809,0.07537,0.07537,0.51,0.60298,0.02344,0.14914,4.93949,2.0845,0.20658,0.3819,0.81237,0.72226,0.47973,0.81237
-21.47487,45.0323,-7.5352,-0.68645,0.05016,-0.72544,0.99799,0.00022,0.00108,0.6,1.0,0.01605,0.10105,5.77536,1.93622,0.20193,0.3744,0.8568,0.86751,0.51647,0.8568
-20.90708,45.027,7.26601,-0.56882,0.0773,0.81882,0.99281,0.0,0.0,nan,0.0,0.01147,0.02664,26.85668,2.21949,0.23028,0.52159,0.57219,0.88696,0.45055,0.57219
-20.1122,44.37965,8.14126,-0.58179,0.10004,0.80716,0.99291,0.0,0.0,nan,0.0,0.01465,0.03784,31.57251,1.82481,0.23968,0.55351,0.47103,0.74393,0.548,0.47103
-20.36343,46.89734,-8.30666,-0.60085,0.05523,-0.79745,0.9985,0.0,0.0,nan,0.0,0.02703,0.11465,5.08813,2.10723,0.20919,0.38775,0.77472,0.91988,0.47456,0.77472
-21.36646,47.00521,-7.44337,-0.66388,0.03285,-0.74712,0.9987,0.04612,0.05518,0.6,0.80132,0.01787,0.08051,6.16071,1.93396,0.20227,0.4823,0.86585,0.96868,0.51707,0.86585
-20.93791,46.9682,7.05882,-0.62721,0.06545,0.77609,0.99728,0.0,0.0,nan,0.0,0.0123,0.02839,27.52712,2.07341,0.23371,0.54616,0.48976,0.85127,0.4823,0.48976
-20.27621,47.49354,8.41378,-0.64937,0.04894,0.7589,0.9585,0.0,0.0,nan,0.0,0.01144,0.02834,33.87801,2.18009,0.23124,0.51817,0.70715,0.82522,0.4587,0.70715
-20.27352,48.98779,-8.2043,-0.57017,0.02273,-0.82121,0.9987,0.0,0.0,nan,0.0,0.00858,0.07738,5.19403,1.7037,0.21942,0.44939,0.86342,0.53636,0.58696,0.86342
-21.27078,48.99444,-7.44345,-0.63775,-0.00057,-0.77024,0.99758,0.0,0.0,nan,0.0,0.01488,0.07269,5.40121,1.86109,0.21577,0.43892,0.80351,0.77103,0.53732,0.80351
-21.08008,49.86326,5.94456,-0.56657,-0.02192,0.82372,0.89263,0.0,0.0,nan,0.0,0.0083,0.01901,28.58553,2.22825,0.22997,0.67324,0.74945,0.69414,0.44878,0.74945
-20.78821,48.92836,6.7017,-0.60408,0.09978,0.79065,0.95607,0.0,0.0,nan,0.0,0.01432,0.03433,35.9672,1.96338,0.22882,0.68335,0.72813,0.64453,0.50933,0.72813
-20.1156,48.24163,8.24639,-0.67046,0.12667,0.73105,0.97556,0.0,0.0,nan,0.0,0.0249,0.05056,38.67344,1.87444,0.24406,0.67471,0.64843,0.76776,0.53349,0.64843
-20.3161,50.95466,-8.20989,-0.54745,0.00465,-0.83683,0.99616,0.05737,0.28687,0.6,1.0,0.01148,0.08237,4.57499,1.70853,0.22509,0.45655,0.70189,0.43888,0.5853,0.70189
-21.35089,50.99613,-7.49365,-0.62472,-0.00838,-0.7808,0.99758,0.02113,0.10567,0.6,1.0,0.01543,0.08543,5.23658,1.86901,0.22051,0.41264,0.6795,0.60504,0.53504,0.6795
-21.04501,50.5357,5.75536,-0.57169,-0.16531,0.80364,0.86756,0.0,0.0,nan,0.0,0.00665,0.02012,29.5478,1.69423,0.23553,0.75755,0.81809,0.59579,0.59024,0.81809
-20.94619,51.11058,6.80797,-0.58634,-0.24356,0.77258,0.97535,0.0,0.0,nan,0.0,0.00478,0.01969,32.74838,2.01439,0.23509,0.70618,0.84983,0.53623,0.49643,0.84983
-20.48028,51.58061,8.42943,-0.60306,-0.23273,0.76299,0.96815,0.0,0.0,nan,0.0,0.01022,0.02647,31.6374,1.81709,0.24269,0.63599,0.39295,0.64574,0.55033,0.39295
-20.3472,53.06664,-8.18157,-0.52426,0.004,-0.85155,0.99768,0.20369,0.3531,0.7,0.88223,0.00459,0.09846,5.75376,1.70312,0.20542,0.49664,0.88586,0.22393,0.58716,0.88586
-21.3899,53.03359,-7.50849,-0.61803,-0.00857,-0.7861,0.99616,0.0111,0.0555,0.7,1.0,0.01149,0.09144,5.89934,1.82227,0.2137,0.49884,0.77463,0.36624,0.54877,0.77463
-21.24247,53.15854,7.55144,-0.58947,-0.1095,0.80034,0.97353,0.0,0.0,nan,0.0,0.01178,0.03033,29.92843,1.88514,0.23705,0.61552,0.70003,0.67322,0.53047,0.70003
-20.57814,52.70109,8.09553,-0.53537,-0.1696,0.82742,0.97221,0.0,0.0,nan,0.0,0.00994,0.02115,28.32008,1.76073,0.24033,0.60735,0.72518,0.82792,0.56795,0.72518
-20.34591,55.01853,-8.15175,-0.51029,0.00855,-0.85996,0.99616,0.05191,0.05191,0.7,0.51042,0.00305,0.09746,5.66767,1.69805,0.21349,0.49665,0.94341,0.22377,0.58891,0.94341
-21.36428,54.95809,-7.53269,-0.60231,0.00569,-0.79824,0.99647,0.008,0.03998,0.7,1.0,0.00668,0.08391,5.86255,1.73557,0.21418,0.4974,0.86545,0.34052,0.57618,0.86545
-21.30989,55.13077,7.63321,-0.51177,-0.03459,0.85843,0.98763,0.0,0.0,nan,0.0,0.01139,0.03039,31.11781,2.38093,0.23288,0.68625,0.82637,0.76955,0.42,0.82637
-20.59706,54.75478,8.17475,-0.41986,0.01006,0.90753,0.99494,0.0,0.0,nan,0.0,0.00645,0.0229,30.68684,1.82354,0.23048,0.59177,0.89557,0.94921,0.54838,0.89557
-20.2909,57.02345,-8.16059,-0.50205,0.04145,-0.86385,0.99484,0.02142,0.10712,0.7,1.0,0.01406,0.09119,2.69243,2.06844,0.22891,0.27291,0.68763,0.98477,0.48346,0.68763
-21.31705,57.02526,-7.51119,-0.59394,0.03948,-0.80354,0.99596,0.0,0.0,nan,0.0,0.01205,0.09649,3.33342,1.66048,0.22822,0.23489,0.40809,0.85033,0.60224,0.40809
-21.60646,56.87077,7.75962,-0.53321,0.00976,0.84592,0.96997,0.0,0.0,nan,0.0,0.01008,0.03069,30.2677,2.16666,0.23547,0.63546,0.77349,0.59581,0.46154,0.77349
-20.72854,57.09842,8.49337,-0.44286,0.02793,0.89616,0.96875,0.0,0.0,nan,0.0,0.01192,0.03126,29.85899,1.92134,0.22192,0.53356,0.59375,0.76273,0.52047,0.59375
-20.15948,58.82579,-8.09904,-0.49008,0.06641,-0.86914,0.99565,0.0,0.0,nan,0.0,0.01304,0.07475,2.36058,1.91218,0.23017,0.32231,0.48194,1.0,0.52296,0.48194
-21.17471,59.05812,-7.48725,-0.5824,0.06363,-0.81041,0.99606,0.0,0.0,nan,0.0,0.00872,0.07778,2.60935,1.92926,0.21932,0.35884,0.88964,0.99791,0.51833,0.88964
-21.07812,59.04989,7.55302,-0.44232,0.07395,0.89381,0.98621,0.0,0.0,nan,0.0,0.01281,0.04262,31.49918,1.71462,0.23179,0.42506,0.43226,0.75201,0.58322,0.43226
-20.30596,58.64464,8.30291,-0.39196,0.09575,0.91498,0.99271,0.0,0.0,nan,0.0,0.01199,0.03555,35.01236,1.80915,0.22971,0.41064,0.41522,0.8681,0.55274,0.41522
-20.0589,60.32518,-8.04032,-0.47626,0.079,-0.87575,0.99748,0.0,0.0,nan,0.0,0.00748,0.04404,2.85346,2.21006,0.22749,0.31512,0.7757,0.9987,0.45248,0.7757
-21.07672,61.00938,-7.34016,-0.57401,0.07429,-0.81547,0.99829,0.0,0.0,nan,0.0,0.02385,0.09062,3.06588,2.08696,0.22033,0.45812,0.50914,0.94942,0.47917,0.50914
-21.04218,60.71463,7.61203,-0.40009,0.02617,0.9161,0.98378,0.0,0.0,nan,0.0,0.00948,0.03074,31.36334,3.39393,0.2324,0.47313,0.30582,0.69335,0.29464,0.30582
-20.67292,61.48125,8.18707,-0.35754,0.00442,0.93389,0.98276,0.0,0.0,nan,0.0,0.00711,0.02426,32.85446,1.90455,0.2321,0.40267,0.3702,0.7716,0.52506,0.3702
-21.0449,63.03993,-7.19611,-0.57653,0.07059,-0.81402,0.99707,0.0,0.0,nan,0.0,0.0054,0.11051,9.17407,1.6519,0.22524,0.34749,0.86049,0.26474,0.60536,0.86049
-21.24474,63.0192,7.47636,-0.4231,0.05367,0.90449,0.98033,0.0,0.0,nan,0.0,0.00868,0.03397,33.71762,2.05272,0.23741,0.4431,0.44682,0.61104,0.48716,0.44682
-20.49112,62.49018,8.14166,-0.37041,0.03947,0.92803,0.9919,0.0,0.0,nan,0.0,0.00963,0.03287,36.10352,2.72204,0.23454,0.37257,0.5206,0.82998,0.36737,0.5206
-20.98329,64.99358,-7.07649,-0.53819,0.05373,-0.84111,0.99352,0.0,0.0,nan,0.0,0.00867,0.09765,9.14085,1.97248,0.21835,0.26921,0.58294,0.4019,0.50698,0.58294
-21.08229,64.99697,7.50051,-0.34722,-0.04302,0.9368,0.98276,0.0,0.0,nan,0.0,0.00951,0.03144,34.97163,1.94577,0.22798,0.46553,0.47355,0.68689,0.51394,0.47355
-20.82788,65.79598,8.00241,-0.29959,-0.08488,0.95029,0.97819,0.0,0.0,nan,0.0,0.01285,0.03687,33.87859,2.05597,0.22617,0.4913,0.38667,0.7514,0.48639,0.38667
-20.99169,66.97337,-6.96021,-0.48532,0.04589,-0.87313,0.99332,0.0,0.0,nan,0.0,0.00687,0.08126,7.66778,1.72063,0.2258,0.49009,0.96988,0.73372,0.58118,0.96988
-21.40768,66.6552,7.90541,-0.39094,-0.01672,0.92027,0.92328,0.0,0.0,nan,0.0,0.00854,0.0331,30.65268,2.10788,0.21777,0.53477,0.52966,0.51424,0.47441,0.52966
-20.81187,67.11343,8.31873,-0.32105,0.00338,0.94705,0.90176,0.0,0.0,nan,0.0,0.0116,0.03946,32.59738,1.6519,0.23707,0.52586,0.42391,0.59341,0.60536,0.42391
-21.01266,68.99197,-6.99088,-0.42308,0.03528,-0.9054,0.98916,0.0,0.0,nan,0.0,0.00968,0.07699,8.01398,2.14966,0.23027,0.63164,0.87885,0.4234,0.46519,0.87885
-21.85742,69.6085,5.87469,-0.63507,0.12472,0.76232,0.96043,0.0,0.0,nan,0.0,0.00476,0.02228,26.7565,1.9381,0.23009,0.72793,0.91742,0.67934,0.51597,0.91742
-20.98833,69.0087,7.03897,-0.472,0.22948,0.85121,0.99098,0.0,0.0,nan,0.0,0.01319,0.03604,27.73651,2.55736,0.22955,0.56479,0.53599,0.69474,0.39103,0.53599
-20.38753,68.23564,8.15308,-0.32584,0.17279,0.9295,0.94653,0.0,0.0,nan,0.0,0.0095,0.03029,30.70833,1.70213,0.23829,0.56029,0.45499,0.59614,0.5875,0.45499
-20.99736,71.00067,-6.90786,-0.38144,0.07097,-0.92166,0.98885,0.0,0.0,nan,0.0,0.01841,0.06107,8.02186,1.87831,0.23,0.55715,0.68245,0.67597,0.53239,0.68245
-20.94209,70.91634,7.11959,-0.46035,0.05525,0.88601,0.99606,0.0,0.0,nan,0.0,0.01292,0.02806,24.03737,2.38596,0.22803,0.49855,0.38332,1.0,0.41912,0.38332
-21.08358,73.07314,-6.6098,-0.38917,0.17377,-0.90463,0.97627,0.0,0.0,nan,0.0,0.00698,0.06412,14.93413,2.30577,0.208,0.48884,0.86026,0.39,0.43369,0.86026
-21.95706,73.89135,-5.95025,-0.57965,0.15144,-0.80067,0.96713,0.0,0.0,nan,0.0,0.00557,0.03354,13.86089,1.88891,0.22646,0.38666,0.43192,0.49191,0.52941,0.43192
-21.83282,73.64437,5.87498,-0.62267,0.26139,0.73754,0.98652,0.0,0.0,nan,0.0,0.00528,0.02175,17.46241,2.07542,0.2311,0.35074,0.34899,0.77087,0.48183,0.34899
-20.96967,72.91779,6.81226,-0.45283,0.18461,0.87227,0.9918,0.0,0.0,nan,0.0,0.00627,0.02668,19.57445,1.84677,0.24038,0.35703,0.36731,0.72545,0.54148,0.36731
-20.70154,74.88044,-6.24738,-0.33741,0.17132,-0.92564,0.99474,0.0,0.0,nan,0.0,0.01535,0.07392,13.66501,1.90154,0.22216,0.40208,0.5859,0.59197,0.52589,0.5859
-21.63923,75.22485,-5.86078,-0.4836,0.14752,-0.86277,0.97505,0.0,0.0,nan,0.0,0.01226,0.06491,12.59157,2.18892,0.22394,0.42763,0.68391,0.51186,0.45685,0.68391
-21.35669,75.34459,5.62275,-0.54422,0.22969,0.80689,0.99159,0.0,0.0,nan,0.0,0.0041,0.01251,17.34101,3.06242,0.23084,0.42063,0.40681,0.86951,0.32654,0.40681
-20.81331,74.93229,6.58051,-0.45683,0.27324,0.84655,0.99027,0.0,0.0,nan,0.0,0.00452,0.01704,18.52419,1.96618,0.23185,0.47485,0.80149,0.74162,0.5086,0.80149
-20.31364,76.55369,-6.1154,-0.32483,0.14845,-0.93405,0.9989,0.0,0.0,nan,0.0,0.01663,0.08712,10.34966,1.88463,0.22852,0.42861,0.60066,0.53142,0.53061,0.60066
-21.18213,77.07939,-5.70036,-0.39114,0.16355,-0.90568,0.99575,0.0,0.0,nan,0.0,0.00803,0.06338,9.66895,2.11928,0.21783,0.48731,0.72246,0.31361,0.47186,0.72246
-20.97238,77.01651,5.3566,-0.53117,0.12098,0.83858,0.98946,0.0,0.0,nan,0.0,0.00267,0.01319,14.87713,2.41215,0.23197,0.3543,0.3583,0.64879,0.41457,0.3583
-20.30706,77.40593,6.16952,-0.4364,0.10127,0.89403,0.97698,0.0,0.0,nan,0.0,0.00242,0.01707,21.02117,2.39133,0.21616,0.51859,0.89121,0.54539,0.41818,0.89121
-21.01644,79.00632,-5.32862,-0.36393,0.26047,-0.89427,0.99839,0.0,0.0,nan,0.0,0.01693,0.11908,6.22558,2.06975,0.22311,0.58134,0.74294,0.32313,0.48315,0.74294
-21.23996,79.10963,5.50391,-0.57574,0.10332,0.81108,0.96429,0.0,0.0,nan,0.0,0.00245,0.01995,8.7849,3.07526,0.22626,0.42318,0.50894,0.35695,0.32518,0.50894
-20.30126,78.68784,6.12253,-0.45333,0.0648,0.88899,0.97038,0.0,0.0,nan,0.0,0.00549,0.03462,14.50343,1.96196,0.22888,0.67569,0.82018,0.34443,0.50969,0.82018
-20.99474,80.95727,-4.6198,-0.34112,0.5107,-0.78919,0.97556,0.0,0.0,nan,0.0,0.00796,0.03841,4.83248,3.33659,0.23633,0.54398,0.51559,0.53884,0.29971,0.51559
-21.61279,81.78837,-3.76544,-0.38014,0.69574,-0.60946,0.94206,0.0,0.0,nan,0.0,0.00875,0.05366,7.56523,1.6843,0.23476,0.46243,0.75353,0.45086,0.59372,0.75353
-21.8788,81.88612,3.83505,-0.5936,0.64113,0.4864,0.87872,0.0,0.0,nan,0.0,0.00778,0.04646,11.47454,2.27434,0.22818,0.36491,0.29708,0.53877,0.43969,0.29708
-21.05658,81.10076,5.0604,-0.50858,0.47506,0.7181,0.92582,0.0,0.0,nan,0.0,0.01259,0.04567,7.47637,2.1023,0.22757,0.53755,0.45638,0.64994,0.47567,0.45638
-20.24265,82.06054,-4.16653,-0.25721,0.73256,-0.63024,0.94795,0.0,0.0,nan,0.0,0.00639,0.04441,5.48948,1.6586,0.2458,0.29988,0.47968,0.65478,0.60292,0.47968
-20.97192,82.44528,-2.90195,-0.27798,0.87177,-0.40341,0.97068,0.0,0.0,nan,0.0,0.0069,0.04556,8.11903,2.85703,0.23212,0.35549,0.40248,0.53122,0.35001,0.40248
-21.05086,82.88265,-0.99471,-0.2544,0.9632,-0.08679,0.99423,0.0,0.0,nan,0.0,0.01418,0.09523,9.20954,2.15845,0.22146,0.28171,0.37831,0.64355,0.4633,0.37831
-21.02378,82.78914,1.00246,-0.28621,0.95426,0.08645,0.98814,0.00201,0.01007,0.43,1.0,0.01191,0.12642,11.86192,1.90247,0.23236,0.34816,0.84289,0.44988,0.52563,0.84289
-21.05237,82.61105,3.02463,-0.36065,0.88063,0.30727,0.93658,0.0,0.0,nan,0.0,0.01542,0.06778,12.88722,1.71469,0.23663,0.53212,0.63576,0.494,0.5832,0.63576
-20.60131,82.28713,4.38209,-0.35119,0.77501,0.52538,0.90491,0.0,0.0,nan,0.0,0.01452,0.061,9.66661,2.00523,0.23214,0.42515,0.35721,0.67564,0.4987,0.35721
-19.01848,1.75543,-2.4754,-0.08918,-0.83236,-0.54701,0.89516,0.0,0.0,nan,0.0,0.00682,0.21963,14.845,2.20584,0.23311,0.80772,0.98784,0.18264,0.45334,0.98784
-18.99957,1.51411,-0.99672,0.03025,-0.9931,-0.11331,0.98703,0.00066,0.0033,0.6,1.0,0.0104,0.04751,5.98354,3.43248,0.24816,0.5298,0.71568,0.55147,0.29133,0.71568
-19.03506,1.68565,0.97962,0.05284,-0.99578,0.07497,0.9989,0.00151,0.00755,0.6,1.0,0.01225,0.05342,4.56693,1.90148,0.23199,0.32968,0.4231,1.0,0.52591,0.4231
-19.01648,1.75891,3.01295,0.04883,-0.98352,0.17407,0.99789,0.0,0.0,nan,0.0,0.00169,0.02062,13.6322,1.85549,0.2257,0.43392,0.79775,0.25639,0.53894,0.79775
-19.20847,1.91099,4.38074,0.01607,-0.94799,0.3179,0.98063,0.0,0.0,nan,0.0,0.00389,0.02037,17.2571,1.88115,0.2354,0.46062,0.47924,0.46312,0.53159,0.47924
-18.53545,3.54078,-4.18945,-0.28381,-0.24699,-0.92653,0.91201,0.0,0.0,nan,0.0,0.00762,0.04105,32.63341,1.89022,0.23298,0.62889,0.90292,0.6136,0.52904,0.90292
-19.16915,2.71823,-3.64345,-0.2173,-0.42891,-0.87682,0.86329,0.0,0.0,nan,0.0,0.00604,0.0748,44.50159,2.59776,0.22805,0.82269,0.98489,0.41321,0.38495,0.98489
-18.60518,2.36064,5.19688,-0.02588,-0.89414,0.44705,0.96774,0.0,0.0,nan,0.0,0.00599,0.02677,22.86652,1.81709,0.23024,0.58717,0.67184,0.41446,0.55033,0.67184
-19.00153,3.1021,6.78701,-0.12817,-0.63437,0.76233,0.92643,0.0,0.0,nan,0.0,0.0072,0.02894,43.15148,2.38772,0.23459,0.81402,0.83498,0.43907,0.41881,0.83498
-18.49108,5.12004,-4.0372,-0.34895,-0.07646,-0.93402,0.99657,0.0,0.0,nan,0.0,0.01271,0.02815,30.20295,1.97264,0.21803,0.4841,0.44662,0.99389,0.50694,0.44662
-19.20529,4.89892,-3.72526,-0.37235,-0.05115,-0.92668,0.99687,0.0,0.0,nan,0.0,0.01231,0.02656,29.09126,1.6519,0.22713,0.49617,0.54488,0.99792,0.60536,0.54488
-19.02029,4.91018,7.36571,-0.21738,-0.57293,0.79025,0.99403,0.0,0.0,nan,0.0,0.01684,0.03233,33.64366,1.7174,0.23452,0.57425,0.40703,0.96107,0.58227,0.40703
-18.96911,5.68384,8.53904,-0.26402,-0.51053,0.81832,0.93242,0.0,0.0,nan,0.0,0.01682,0.0332,38.73575,3.45175,0.24249,0.53278,0.72765,1.0,0.28971,0.72765
-18.78098,7.28479,-4.19468,-0.3853,-0.23546,-0.89225,0.9918,0.0,0.0,nan,0.0,0.01684,0.04644,31.55816,1.76739,0.22924,0.54069,0.58399,0.71322,0.56581,0.58399
-19.38645,6.80828,-3.86395,-0.39866,-0.23856,-0.88553,0.99738,0.0,0.0,nan,0.0,0.02032,0.0483,28.54444,1.67124,0.23464,0.50294,0.39849,0.89522,0.59836,0.39849
-19.8346,6.10565,7.7209,-0.35431,-0.36031,0.86293,0.97809,0.0,0.0,nan,0.0,0.01823,0.04168,64.40669,2.27925,0.21835,0.75485,0.68924,0.59729,0.43874,0.68924
-19.074,7.06945,9.40048,-0.35964,-0.14414,0.92189,0.81934,0.0,0.0,nan,0.0,0.03062,0.0569,64.23257,2.07978,0.23611,0.64221,0.6683,0.864,0.48082,0.6683
-19.11725,9.0672,-4.94401,-0.41965,-0.00883,-0.90764,0.94683,0.0,0.0,nan,0.0,0.00579,0.02295,24.99646,1.94589,0.23172,0.32923,0.40346,0.8282,0.5139,0.40346
-19.20285,9.90115,-3.98966,-0.38974,0.01779,-0.92075,0.98621,0.0,0.0,nan,0.0,0.00568,0.01729,23.90027,1.98691,0.23077,0.35606,0.42725,1.0,0.50329,0.42725
-19.82884,8.60362,7.69888,-0.48549,0.05342,0.87261,0.98307,0.0,0.0,nan,0.0,0.01276,0.02758,39.88613,1.8405,0.2392,0.66259,0.6711,0.73303,0.54333,0.6711
-18.74126,9.03066,8.49541,-0.4312,0.09456,0.89729,0.99464,0.0,0.0,nan,0.0,0.01121,0.02759,36.32688,3.56149,0.24261,0.61008,0.39622,0.70259,0.28078,0.39622
-18.84118,11.17987,-4.18292,-0.35008,-0.06342,-0.93457,0.9783,0.0,0.0,nan,0.0,0.01222,0.02826,24.13023,1.99126,0.23715,0.46823,0.39927,1.0,0.5022,0.39927
-19.23311,10.52844,-3.88418,-0.35784,-0.00164,-0.93378,0.98124,0.0,0.0,nan,0.0,0.01264,0.02622,23.93385,1.78025,0.23271,0.55526,0.69678,0.94058,0.56172,0.69678
-19.75284,11.67987,7.72779,-0.3752,0.22119,0.90017,0.98571,0.0,0.0,nan,0.0,0.01167,0.03714,32.13878,1.66195,0.23,0.54162,0.67995,0.61642,0.6017,0.67995
-18.88861,10.96018,8.63208,-0.41739,0.19071,0.88849,0.97962,0.0,0.0,nan,0.0,0.02208,0.05774,35.7224,1.91235,0.23507,0.65459,0.73042,0.61688,0.52292,0.73042
-19.03347,13.04417,-4.97078,-0.34497,-0.3207,-0.88213,0.98845,0.0,0.0,nan,0.0,0.01786,0.04781,21.77164,1.6519,0.24369,0.42998,0.57147,0.94894,0.60536,0.57147
-19.24644,13.13753,7.5602,-0.27631,0.11931,0.95364,0.96043,0.0,0.0,nan,0.0,0.01245,0.0327,32.79653,1.69469,0.22995,0.46964,0.37912,0.86001,0.59008,0.37912
-18.72135,12.28237,8.27462,-0.381,0.30048,0.87438,0.9921,0.0,0.0,nan,0.0,0.0111,0.05163,38.79001,1.91368,0.22573,0.58402,0.88553,0.68365,0.52255,0.88553
-18.16562,15.18782,-6.11499,-0.43652,-0.14079,-0.88861,0.98703,0.0,0.0,nan,0.0,0.01206,0.02591,29.51439,1.70566,0.23091,0.53114,0.25287,0.93613,0.58628,0.25287
-19.09204,15.06665,-5.68344,-0.39883,-0.13828,-0.90654,0.99139,0.0,0.0,nan,0.0,0.0113,0.02693,25.56961,1.6519,0.2424,0.49416,0.37051,0.91525,0.60536,0.37051
-19.00128,14.75087,7.62027,-0.24878,-0.126,0.96033,0.9852,0.0,0.0,nan,0.0,0.00977,0.03058,34.30918,1.85652,0.23529,0.51174,0.5856,0.66087,0.53864,0.5856
-19.02436,15.62793,8.25218,-0.28623,-0.11656,0.95104,0.9783,0.0,0.0,nan,0.0,0.00709,0.02574,31.42828,1.81231,0.23622,0.45667,0.59649,0.6418,0.55178,0.59649
-18.23681,17.54893,-6.33096,-0.4899,-0.20383,-0.84762,0.99626,0.0,0.0,nan,0.0,0.01061,0.02366,34.45069,2.15988,0.22255,0.53548,0.55103,0.88635,0.46299,0.55103
-18.98608,16.93086,-5.33626,-0.44828,-0.09034,-0.88932,0.99301,0.0,0.0,nan,0.0,0.0132,0.02871,27.05731,1.6519,0.2446,0.52998,0.34968,0.93173,0.60536,0.34968
-19.64775,17.49864,7.92371,-0.3365,0.08271,0.93804,0.98977,0.0,0.0,nan,0.0,0.00863,0.02653,28.258,1.70489,0.2431,0.46755,0.66213,0.74525,0.58655,0.66213
-18.87303,16.85123,8.18355,-0.35798,0.03155,0.9332,0.98692,0.0,0.0,nan,0.0,0.01085,0.03756,30.54142,1.73763,0.228,0.42755,0.68515,0.72004,0.5755,0.68515
-18.52007,19.10363,-6.60459,-0.534,-0.19068,-0.8237,0.98926,0.0,0.0,nan,0.0,0.01235,0.02806,30.84608,2.0765,0.22942,0.6277,0.62492,0.74639,0.48158,0.62492
-19.49849,19.13362,-5.59692,-0.59577,-0.19424,-0.77931,0.99027,0.0,0.0,nan,0.0,0.00814,0.0217,27.06292,3.40909,0.24174,0.53131,0.56572,0.75848,0.29333,0.56572
-19.03981,18.957,7.51539,-0.33328,-0.04344,0.94183,0.96845,0.0,0.0,nan,0.0,0.01221,0.02598,29.51586,1.74411,0.23487,0.51795,0.45371,0.96898,0.57336,0.45371
-18.19963,18.67542,8.07148,-0.39878,0.04299,0.91604,0.98357,0.0,0.0,nan,0.0,0.01944,0.04105,34.04139,1.89626,0.22914,0.53696,0.45667,0.93351,0.52735,0.45667
-19.05234,20.95572,-6.72405,-0.49775,-0.01021,-0.86726,0.97982,0.0,0.0,nan,0.0,0.01195,0.02748,29.49331,2.08434,0.2344,0.50028,0.37429,0.92844,0.47977,0.37429
-19.99118,21.33146,-5.98437,-0.51874,-0.09445,-0.8497,0.98703,0.0,0.0,nan,0.0,0.01355,0.02544,27.78713,3.46899,0.24079,0.6932,0.53784,0.82357,0.28827,0.53784
-18.80047,20.51194,7.82432,-0.37438,-0.07215,0.92446,0.99332,0.0,0.0,nan,0.0,0.00645,0.02238,27.8703,1.84133,0.24175,0.41421,0.58353,0.74537,0.54309,0.58353
-18.9665,21.07463,8.4065,-0.41037,-0.03127,0.91138,0.96886,0.0,0.0,nan,0.0,0.00768,0.02689,26.54919,1.88854,0.23308,0.45825,0.44535,0.67033,0.52951,0.44535
-18.53589,22.9199,-6.168,-0.43795,-0.09965,-0.89346,0.96449,0.0,0.0,nan,0.0,0.02167,0.04358,29.93447,1.74353,0.23442,0.53369,0.63219,0.99392,0.57355,0.63219
-19.46819,22.90841,-5.86094,-0.47454,-0.0794,-0.87664,0.97809,0.0,0.0,nan,0.0,0.01994,0.04011,29.50211,2.72428,0.23177,0.57654,0.46582,0.92072,0.36707,0.46582
-19.15321,23.10796,7.34232,-0.51926,0.11288,0.84713,0.9648,0.0,0.0,nan,0.0,0.01323,0.05356,30.89096,1.6519,0.23839,0.6396,0.65521,0.4113,0.60536,0.65521
-18.45943,22.57366,8.25819,-0.49985,0.09155,0.86126,0.992,0.0,0.0,nan,0.0,0.00646,0.02816,27.21899,2.40076,0.22796,0.47327,0.37946,0.52064,0.41654,0.37946
-18.00814,25.97462,-8.00969,-0.48456,-0.12416,-0.8659,0.98185,0.0,0.0,nan,0.0,0.01729,0.03948,31.69223,2.26844,0.24,0.55799,0.59333,0.83428,0.44083,0.59333
-19.06165,24.85647,-7.30205,-0.48451,-0.26561,-0.83349,0.96561,0.0,0.0,nan,0.0,0.01782,0.04611,29.21473,1.6519,0.23377,0.51258,0.56186,0.80562,0.60536,0.56186
-19.18655,24.7504,7.6995,-0.46721,-0.15772,0.86996,0.98824,0.0,0.0,nan,0.0,0.01439,0.03521,26.24078,2.01958,0.22903,0.62399,0.70405,0.70495,0.49515,0.70405
-18.97908,25.38594,8.19859,-0.4406,-0.15782,0.88372,0.9922,0.0,0.0,nan,0.0,0.01707,0.04102,32.04331,1.6519,0.23124,0.61331,0.61171,0.72084,0.60536,0.61171
-18.25488,26.65498,-8.25295,-0.51924,-0.02416,-0.85429,0.95952,0.0,0.0,nan,0.0,0.01471,0.03847,32.99777,1.74361,0.23767,0.49205,0.40089,0.82422,0.57352,0.40089
-19.06215,27.11998,-7.07684,-0.52407,0.01322,-0.85158,0.99758,0.0,0.0,nan,0.0,0.01006,0.03187,31.11369,1.95005,0.22322,0.39128,0.55978,0.85855,0.51281,0.55978
-19.49471,27.40103,7.99938,-0.40885,0.03356,0.91198,0.99474,0.0,0.0,nan,0.0,0.00658,0.0243,30.96532,1.6519,0.23305,0.33596,0.38937,0.85766,0.60536,0.38937
-19.01093,26.95834,8.60894,-0.40127,-0.01961,0.91575,0.98124,0.0,0.0,nan,0.0,0.00785,0.02445,30.93215,1.69532,0.23563,0.38042,0.43273,0.89894,0.58986,0.43273
-18.07086,29.23247,-8.08938,-0.57101,-0.23726,-0.78591,0.9919,0.0,0.0,nan,0.0,0.01896,0.041,29.84769,1.72973,0.24102,0.58532,0.35936,0.84316,0.57813,0.35936
-19.01858,28.94473,-7.21178,-0.55099,-0.15908,-0.81921,0.98286,0.0,0.0,nan,0.0,0.0138,0.03293,33.27872,2.00638,0.22779,0.48488,0.34003,0.91608,0.49841,0.34003
-19.34168,29.03694,7.68195,-0.42244,0.04051,0.90549,0.99352,0.0,0.0,nan,0.0,0.01889,0.04189,35.17332,1.8425,0.2272,0.49482,0.32298,0.96295,0.54274,0.32298
-18.39688,28.93312,8.25191,-0.42565,0.04397,0.90382,0.99281,0.0,0.0,nan,0.0,0.01927,0.04456,36.67528,2.01056,0.22587,0.47128,0.50143,0.96765,0.49737,0.50143
-18.74914,31.05835,-8.70319,-0.5358,-0.1151,-0.83646,0.94115,0.0,0.0,nan,0.0,0.00775,0.0227,26.10865,1.72248,0.23588,0.49279,0.54915,0.74579,0.58056,0.54915
-19.31223,30.64912,-7.80114,-0.55233,-0.21273,-0.80603,0.97637,0.0,0.0,nan,0.0,0.01671,0.04662,28.70061,1.8475,0.23091,0.44167,0.46231,0.8682,0.54127,0.46231
-19.10699,30.6265,7.53583,-0.45233,-0.08164,0.8881,0.97901,0.0,0.0,nan,0.0,0.00798,0.0228,31.11707,2.0943,0.21934,0.37531,0.51239,0.99297,0.47749,0.51239
-18.78901,31.16582,8.50127,-0.48481,-0.14337,0.86279,0.99454,0.0,0.0,nan,0.0,0.00691,0.02092,30.04092,1.93777,0.22249,0.37398,0.59754,0.94215,0.51606,0.59754
-18.79643,32.87349,-8.62438,-0.49679,0.09211,-0.86297,0.97535,0.0,0.0,nan,0.0,0.00955,0.024,31.3031,2.08765,0.22901,0.50732,0.54897,0.83429,0.47901,0.54897
-19.57727,33.28025,-7.54652,-0.48791,0.0404,-0.87196,0.99778,0.0,0.0,nan,0.0,0.0105,0.02351,32.53351,1.81709,0.23918,0.48703,0.53152,0.9734,0.55033,0.53152
-19.59349,33.03926,7.56867,-0.62116,-0.01555,0.78353,0.99119,0.0,0.0,nan,0.0,0.00834,0.02592,29.75342,2.05546,0.22512,0.50632,0.6886,0.67818,0.48651,0.6886
-18.75162,32.98442,8.80383,-0.57607,-0.06659,0.81468,0.98662,0.0,0.0,nan,0.0,0.00741,0.0255,28.56351,1.97019,0.23741,0.40011,0.68266,0.77693,0.50757,0.68266
-18.65575,35.02259,-8.4395,-0.47177,-0.15273,-0.86839,0.99657,0.0,0.0,nan,0.0,0.0129,0.0301,33.91203,1.73411,0.22774,0.46222,0.52085,0.98195,0.57666,0.52085
-19.55494,34.97454,-7.80091,-0.48584,-0.12898,-0.86448,0.99555,0.0,0.0,nan,0.0,0.01094,0.02762,33.65012,1.87844,0.23025,0.46137,0.49472,0.90997,0.53236,0.49472
-19.55145,35.1311,7.63036,-0.56308,-0.14121,0.81425,0.98885,0.0,0.0,nan,0.0,0.01139,0.02203,26.7042,1.6519,0.24033,0.57131,0.61197,0.97328,0.60536,0.61197
-18.85879,34.96907,8.82467,-0.55232,-0.05565,0.83177,0.99677,0.0,0.0,nan,0.0,0.01141,0.02344,27.91185,2.18495,0.23335,0.5591,0.68329,0.93349,0.45768,0.68329
-19.0071,36.93772,-8.85339,-0.47739,-0.18472,-0.85906,0.98926,0.0,0.0,nan,0.0,0.00679,0.02476,25.33988,1.86925,0.23143,0.50133,0.82861,0.78883,0.53497,0.82861
-19.63211,36.42831,-7.52152,-0.49755,-0.23773,-0.83422,0.99504,0.0,0.0,nan,0.0,0.01461,0.0326,28.05106,1.70036,0.22889,0.52011,0.74806,0.92318,0.58811,0.74806
-19.72537,36.18111,7.84568,-0.523,-0.0724,0.84925,0.99718,0.0,0.0,nan,0.0,0.00778,0.0193,23.36372,2.05473,0.23677,0.44925,0.67976,0.9739,0.48668,0.67976
-19.12641,36.91696,8.99146,-0.51153,-0.03759,0.85844,0.99251,0.0,0.0,nan,0.0,0.00953,0.02361,24.86824,1.68832,0.22929,0.45989,0.66628,0.9488,0.59231,0.66628
-18.97149,39.04208,-8.7282,-0.4303,-0.14662,-0.8907,0.99829,0.0,0.0,nan,0.0,0.0069,0.02284,18.82101,1.70526,0.24108,0.58576,0.57972,0.57074,0.58642,0.57972
-19.76873,39.12777,7.72125,-0.56152,0.07053,0.82445,0.98611,0.0,0.0,nan,0.0,0.01779,0.03946,28.86639,2.77949,0.2349,0.58377,0.42991,0.82563,0.35978,0.42991
-18.8311,39.11791,8.55952,-0.48665,0.05455,0.87189,0.99251,0.0,0.0,nan,0.0,0.01872,0.0409,28.73298,1.6519,0.23076,0.54418,0.72017,0.89953,0.60536,0.72017
-18.01876,41.90661,-10.00339,-0.43544,-0.13623,-0.88985,0.98489,0.0,0.0,nan,0.0,0.0051,0.02423,8.586,2.01228,0.23429,0.47681,0.32607,0.54369,0.49695,0.32607
-19.01978,40.86634,-9.29947,-0.45222,-0.16485,-0.87654,0.99819,0.0,0.0,nan,0.0,0.00728,0.02368,12.91723,1.746,0.23444,0.58696,0.39399,0.60451,0.57274,0.39399
-19.87678,41.293,7.84865,-0.5747,-0.10912,0.81106,0.99667,0.0,0.0,nan,0.0,0.01227,0.02767,30.44591,2.70018,0.23837,0.52437,0.71603,0.90116,0.37035,0.71603
-19.13086,41.02772,8.90765,-0.51034,-0.12784,0.85042,0.98784,0.0,0.0,nan,0.0,0.01569,0.03611,30.69472,1.67754,0.23176,0.51177,0.66792,0.90419,0.59611,0.66792
-18.02802,42.8814,-10.03443,-0.44267,-0.01499,-0.89656,0.98368,0.0,0.0,nan,0.0,0.0086,0.06984,6.63342,1.88742,0.23163,0.463,0.51524,0.34614,0.52982,0.51524
-19.10812,42.9963,-9.44836,-0.50841,0.00237,-0.86111,0.98895,0.0,0.0,nan,0.0,0.00867,0.06762,6.24289,1.92271,0.22439,0.51666,0.55727,0.32774,0.5201,0.55727
-19.1419,43.2571,9.33495,-0.52127,0.02734,0.85295,0.9651,0.0,0.0,nan,0.0,0.01032,0.02882,29.06382,1.76397,0.23718,0.42661,0.46711,0.8974,0.5669,0.46711
-19.03,44.94987,-9.34241,-0.51839,0.06486,-0.85268,0.99068,0.00711,0.03556,0.6,1.0,0.01232,0.11368,3.81523,1.81709,0.21629,0.28673,0.74776,0.57631,0.55033,0.74776
-19.95172,45.35662,7.79099,-0.57455,0.03372,0.81778,0.98733,0.0,0.0,nan,0.0,0.01192,0.02747,33.21942,1.87247,0.22724,0.49151,0.61046,0.93611,0.53405,0.61046
-18.91038,45.00097,8.67592,-0.54774,0.06764,0.83391,0.99017,0.0,0.0,nan,0.0,0.01618,0.03883,33.63893,2.11086,0.22917,0.48254,0.43089,0.91498,0.47374,0.43089
-19.06356,46.99128,-9.15055,-0.51995,0.06563,-0.85167,0.99758,0.00722,0.03612,0.6,1.0,0.01404,0.1212,3.68376,2.10793,0.20093,0.26947,0.78381,0.7435,0.4744,0.78381
-19.73595,46.48286,7.70747,-0.61236,-0.01466,0.79044,0.98936,0.0,0.0,nan,0.0,0.01232,0.02823,33.00033,3.26627,0.24079,0.50457,0.69816,0.91762,0.30616,0.69816
-18.99055,46.89152,9.30934,-0.54182,-0.06835,0.83771,0.96358,0.0,0.0,nan,0.0,0.00757,0.02173,31.60826,2.55236,0.22725,0.39682,0.69978,0.93401,0.39179,0.69978
-18.97472,48.97728,-9.05255,-0.50293,0.04733,-0.86303,0.99433,0.00507,0.02536,0.51,1.0,0.025,0.1147,3.5839,1.74545,0.21822,0.35705,0.5936,0.95095,0.57292,0.5936
-19.68634,49.54421,7.60543,-0.68716,0.04352,0.7252,0.95079,0.0,0.0,nan,0.0,0.01494,0.03488,41.12895,1.87764,0.23073,0.71011,0.53525,0.63227,0.53258,0.53525
-18.8927,48.98064,8.86158,-0.6386,0.07077,0.76628,0.98692,0.0,0.0,nan,0.0,0.00839,0.02364,34.84155,1.72845,0.2385,0.45569,0.41104,0.82373,0.57855,0.41104
-19.02296,51.0224,-8.94695,-0.47249,0.0359,-0.88061,0.99565,0.48786,0.48786,0.6,0.74725,0.01252,0.08239,2.66349,1.6519,0.22767,0.27068,0.35749,0.98319,0.60536,0.35749
-19.48775,50.59905,7.37374,-0.6693,-0.17869,0.72119,0.90115,0.0,0.0,nan,0.0,0.01066,0.03353,38.33522,3.41268,0.25083,0.66571,0.68268,0.50242,0.29302,0.68268
-18.85706,50.97979,8.87935,-0.58089,-0.08533,0.8095,0.98642,0.0,0.0,nan,0.0,0.00648,0.02044,31.06719,1.65694,0.24179,0.41262,0.30906,0.81804,0.60352,0.30906
-18.99858,53.01073,-8.87487,-0.43241,0.03092,-0.90115,0.99586,0.11088,0.55441,0.7,1.0,0.0166,0.08874,2.54779,1.81709,0.22857,0.33388,0.34757,1.0,0.55033,0.34757
-19.87083,53.63521,7.86555,-0.468,0.03758,0.88293,0.9921,0.0,0.0,nan,0.0,0.01192,0.02826,31.29129,1.91153,0.23933,0.59401,0.58272,0.75529,0.52314,0.58272
-18.97981,53.06947,8.92559,-0.4547,0.01767,0.89047,0.9851,0.0,0.0,nan,0.0,0.01088,0.02502,29.26719,2.23433,0.23529,0.5228,0.57657,0.88863,0.44756,0.57657
-19.10703,55.00974,-8.79105,-0.41841,0.01899,-0.90806,0.99484,0.39214,0.39214,0.7,0.58697,0.01908,0.10508,2.52036,1.89806,0.2266,0.32569,0.44915,1.0,0.52685,0.44915
-19.66906,55.61373,7.77451,-0.38574,-0.05736,0.92082,0.96957,0.0,0.0,nan,0.0,0.00899,0.02122,29.46304,1.90357,0.2305,0.45257,0.69311,1.0,0.52533,0.69311
-18.92594,54.89729,8.79342,-0.41759,0.05572,0.90693,0.99728,0.0,0.0,nan,0.0,0.00958,0.02452,32.17909,2.35572,0.23245,0.51937,0.78952,0.91449,0.4245,0.78952
-19.0683,57.00389,-8.76294,-0.41009,0.04182,-0.91109,0.98479,0.00603,0.03017,0.7,1.0,0.0108,0.07606,2.2748,1.94893,0.22918,0.26694,0.37022,1.0,0.5131,0.37022
-19.76161,56.16797,7.89993,-0.39132,-0.0459,0.91911,0.99109,0.0,0.0,nan,0.0,0.0103,0.02488,28.8641,1.92577,0.23313,0.45679,0.55324,0.96916,0.51927,0.55324
-18.95613,56.95029,8.83958,-0.39879,-0.00606,0.91702,0.99738,0.0,0.0,nan,0.0,0.01185,0.02629,35.48778,2.40989,0.23214,0.51932,0.65776,0.91639,0.41496,0.65776
-19.02662,59.00326,-8.63279,-0.39865,0.07472,-0.91405,0.97901,0.0,0.0,nan,0.0,0.01071,0.05959,2.3927,1.95199,0.23266,0.33005,0.54676,1.0,0.5123,0.54676
-18.86794,59.20024,7.98622,-0.39521,0.16844,0.90302,0.95627,0.0,0.0,nan,0.0,0.01663,0.04036,38.02455,1.85729,0.23186,0.44652,0.40174,0.971,0.53842,0.40174
-18.89618,58.83872,8.61241,-0.40494,0.15922,0.90038,0.99626,0.0,0.0,nan,0.0,0.0146,0.03619,37.68419,1.88828,0.22965,0.43853,0.36208,0.96879,0.52958,0.36208
-19.07053,61.00136,-8.49253,-0.38108,0.09497,-0.91965,0.99251,0.0,0.0,nan,0.0,0.00902,0.04786,3.35365,2.04627,0.22966,0.46333,0.80797,0.7974,0.4887,0.80797
-19.95655,61.62722,-7.96585,-0.46015,0.08472,-0.88379,0.99687,0.0,0.0,nan,0.0,0.00877,0.05475,3.59626,1.72011,0.22432,0.45616,0.86162,0.85006,0.58136,0.86162
-19.30435,61.21352,7.74494,-0.33455,-0.0209,0.94215,0.97292,0.0,0.0,nan,0.0,0.01488,0.03426,38.43985,1.92789,0.23062,0.48845,0.70423,0.93556,0.5187,0.70423
-18.78519,61.01591,8.23907,-0.359,-0.00108,0.93334,0.98449,0.0,0.0,nan,0.0,0.01442,0.03571,43.07582,1.74587,0.22935,0.5338,0.8016,0.94822,0.57278,0.8016
-18.83727,62.98233,-8.34105,-0.33105,0.11008,-0.93717,0.99778,0.0,0.0,nan,0.0,0.01455,0.05488,4.54167,1.89045,0.22734,0.43687,0.6556,0.87385,0.52897,0.6556
-19.8028,63.18959,-7.92583,-0.42644,0.09096,-0.89993,0.99778,0.0,0.0,nan,0.0,0.01939,0.10174,5.32134,1.99993,0.23292,0.47358,0.81021,0.68569,0.50002,0.81021
-19.75974,63.10669,7.99959,-0.37424,0.07876,0.92398,0.99809,0.0,0.0,nan,0.0,0.01003,0.02993,38.14285,2.06351,0.22594,0.42322,0.57095,0.83344,0.48461,0.57095
-18.99565,63.00935,8.59949,-0.38476,0.07412,0.92004,0.99596,0.0,0.0,nan,0.0,0.01621,0.04171,36.49849,1.89726,0.23452,0.42752,0.53276,0.95879,0.52708,0.53276
-18.59505,64.87197,-8.16022,-0.27977,0.12736,-0.95158,0.99829,0.0,0.0,nan,0.0,0.0148,0.06596,6.5347,1.6519,0.23614,0.46374,0.82893,0.84527,0.60536,0.82893
-19.56985,65.1618,-7.85025,-0.35834,0.1034,-0.92785,0.99667,0.0,0.0,nan,0.0,0.01005,0.0755,6.41124,2.11514,0.22437,0.46592,0.93253,0.90161,0.47278,0.93253
-19.26335,65.18456,7.6908,-0.31094,0.00685,0.9504,0.96713,0.0,0.0,nan,0.0,0.01057,0.03076,35.80829,1.92611,0.21785,0.38718,0.46282,0.93664,0.51918,0.46282
-18.60955,64.81452,8.35562,-0.34467,0.08577,0.9348,0.99342,0.0,0.0,nan,0.0,0.01963,0.05261,36.79786,1.9416,0.22476,0.44245,0.59023,0.88909,0.51504,0.59023
-18.13917,66.16651,-8.02762,-0.23595,0.13379,-0.96251,0.9989,0.0,0.0,nan,0.0,0.02837,0.09015,7.47128,2.3959,0.22282,0.53958,0.74703,0.73928,0.41738,0.74703
-19.0566,67.02951,-7.78608,-0.27135,0.11312,-0.95581,0.99809,0.00011,0.00054,0.6,1.0,0.00986,0.06234,7.79264,1.92452,0.22676,0.53261,0.92562,0.85229,0.51961,0.92562
-19.19397,66.50871,7.60399,-0.25417,-0.04635,0.96605,0.97677,0.0,0.0,nan,0.0,0.01114,0.02911,34.53464,2.35539,0.23068,0.46877,0.34891,0.86335,0.42456,0.34891
-18.92907,67.11931,8.56081,-0.25858,0.00038,0.96599,0.98357,0.0,0.0,nan,0.0,0.01677,0.0382,32.87467,1.89112,0.22829,0.51618,0.44357,0.90245,0.52879,0.44357
-19.04627,68.9747,-7.43854,-0.23347,0.09196,-0.96801,0.9987,0.0,0.0,nan,0.0,0.01079,0.05857,7.99043,2.05727,0.22102,0.62113,0.92604,0.84949,0.48608,0.92604
-19.2518,69.53705,7.5517,-0.32466,0.17116,0.93021,0.98753,0.0,0.0,nan,0.0,0.01763,0.04081,28.07399,1.94473,0.23234,0.53309,0.71539,0.86794,0.51421,0.71539
-18.90306,68.7001,8.44409,-0.29111,0.1586,0.94345,0.97576,0.0,0.0,nan,0.0,0.0113,0.03228,31.12697,1.86439,0.22653,0.43751,0.43039,0.85129,0.53637,0.43039
-18.99608,71.00152,-7.27429,-0.21179,0.09498,-0.97269,0.9986,0.0,0.0,nan,0.0,0.02002,0.07781,10.49299,1.97601,0.21868,0.52373,0.46694,0.58476,0.50607,0.46694
-19.09342,70.89317,7.6077,-0.3415,0.06047,0.93793,0.99352,0.0,0.0,nan,0.0,0.00849,0.02399,26.04876,1.91168,0.22363,0.39167,0.428,0.97299,0.5231,0.428
-18.39038,71.4677,8.16886,-0.31464,0.05902,0.94737,0.99555,0.0,0.0,nan,0.0,0.0111,0.03676,28.09249,1.81972,0.23467,0.40972,0.61935,0.78975,0.54954,0.61935
-18.97075,73.02879,-7.08051,-0.23359,0.17201,-0.957,0.9986,0.0,0.0,nan,0.0,0.00729,0.04627,11.92644,1.87562,0.22534,0.3546,0.55183,0.51919,0.53316,0.55183
-19.14198,73.19474,7.52911,-0.33009,0.17155,0.92823,0.99778,0.0,0.0,nan,0.0,0.00472,0.02549,18.98689,1.6519,0.22558,0.37765,0.39065,0.54249,0.60536,0.39065
-18.51545,72.40103,8.19808,-0.32345,0.11552,0.93917,0.98835,0.0,0.0,nan,0.0,0.00658,0.02955,21.5829,1.89926,0.23028,0.37064,0.47682,0.65636,0.52652,0.47682
-19.02489,74.98048,-6.55777,-0.26217,0.15232,-0.95293,0.9989,0.0,0.0,nan,0.0,0.01148,0.06298,14.04057,1.75402,0.22612,0.34407,0.46585,0.60529,0.57012,0.46585
-18.9334,74.99814,7.03876,-0.36037,0.26758,0.89361,0.99636,0.0,0.0,nan,0.0,0.00374,0.02323,20.11966,2.06637,0.226,0.59078,0.84008,0.42096,0.48394,0.84008
-19.03102,77.01025,-6.42026,-0.30666,0.13188,-0.94264,0.9988,0.0,0.0,nan,0.0,0.0179,0.1038,9.81744,1.89761,0.20845,0.36578,0.40778,0.56752,0.52698,0.40778
-19.8753,77.79346,-5.96537,-0.33055,0.19254,-0.92394,0.9986,0.0,0.0,nan,0.0,0.00832,0.09414,9.03176,1.96151,0.20656,0.33998,0.51134,0.31735,0.50981,0.51134
-19.76705,76.68923,5.78131,-0.41195,0.14606,0.89942,0.97007,0.0,0.0,nan,0.0,0.00193,0.0191,23.85894,2.37834,0.22165,0.54206,0.9533,0.57791,0.42046,0.9533
-18.9336,76.99158,6.52929,-0.37441,0.13746,0.91702,0.98022,0.0,0.0,nan,0.0,0.00138,0.02415,28.0579,2.06799,0.22557,0.67726,0.98703,0.37334,0.48356,0.98703
-18.61446,78.75912,-6.25696,-0.33056,0.24026,-0.91269,0.99839,0.0,0.0,nan,0.0,0.01061,0.09653,8.57965,2.01457,0.21962,0.38673,0.42557,0.35053,0.49638,0.42557
-19.41084,79.30935,-5.79349,-0.33002,0.28318,-0.9005,0.99829,0.0,0.0,nan,0.0,0.01295,0.10695,7.56886,1.94518,0.21087,0.30566,0.28424,0.50091,0.51409,0.28424
-19.98864,79.96536,5.97155,-0.39479,0.26963,0.87832,0.96591,0.0,0.0,nan,0.0,0.01197,0.08734,7.14926,1.92142,0.22137,0.66228,0.87939,0.45178,0.52045,0.87939
-19.09096,78.92068,6.54781,-0.33528,0.10971,0.93571,0.97302,0.0,0.0,nan,0.0,0.00551,0.04495,20.18494,2.36262,0.21697,0.75481,0.87115,0.2913,0.42326,0.87115
-18.05141,80.10532,-6.01748,-0.29938,0.39046,-0.87058,0.99281,0.0,0.0,nan,0.0,0.02175,0.07713,4.98159,1.92271,0.22965,0.47953,0.36468,0.82427,0.5201,0.36468
-18.96701,81.00358,-5.29638,-0.26984,0.52239,-0.80888,0.97941,0.0,0.0,nan,0.0,0.0091,0.03583,4.93075,1.90092,0.23182,0.49788,0.37962,0.71654,0.52606,0.37962
-19.22325,81.46641,5.71342,-0.2676,0.60325,0.75132,0.9313,0.00675,0.03374,0.51,1.0,0.0115,0.05081,6.58448,1.94656,0.23161,0.38412,0.71427,0.76798,0.51373,0.71427
-18.73037,80.61521,6.22654,-0.27201,0.42671,0.86251,0.96206,0.0,0.0,nan,0.0,0.01049,0.04025,5.43061,3.05935,0.23698,0.54093,0.48891,0.65897,0.32687,0.48891
-18.89847,82.22397,-4.36075,-0.19223,0.77552,-0.60134,0.96104,0.0,0.0,nan,0.0,0.00813,0.04099,4.53467,2.00035,0.23854,0.38783,0.59277,0.73713,0.49991,0.59277
-18.9652,82.7746,-2.98443,-0.13786,0.92897,-0.34352,0.98733,0.0,0.0,nan,0.0,0.01565,0.05756,5.35216,1.6519,0.23265,0.58495,0.5423,0.6384,0.60536,0.5423
-18.97466,83.19754,-0.98374,-0.11267,0.98988,-0.08631,0.99819,0.0149,0.07449,0.51,1.0,0.02675,0.17622,6.21121,1.88611,0.22423,0.26566,0.35185,0.75538,0.53019,0.35185
-18.99691,83.13966,1.01461,-0.12149,0.99,0.07171,0.9989,0.06038,0.06038,0.6,0.59226,0.01226,0.18479,8.46317,1.93447,0.226,0.13029,0.40846,0.62952,0.51694,0.40846
-18.99252,82.89916,3.00375,-0.13342,0.96444,0.22816,0.99707,0.09332,0.09332,0.6,0.6332,0.01601,0.08599,8.4306,1.9213,0.22746,0.30257,0.4232,0.7615,0.52048,0.4232
-18.90575,82.38123,4.68762,-0.18469,0.83776,0.51386,0.95515,0.0,0.0,nan,0.0,0.01068,0.05901,7.23095,1.72981,0.23049,0.39156,0.3323,0.59031,0.5781,0.3323
-16.96967,1.75167,-2.54533,-0.04356,-0.91662,-0.39737,0.95789,0.06715,0.33576,0.51,1.0,0.02766,0.11669,5.75004,2.21484,0.23133,0.43415,0.81258,0.92022,0.4515,0.81258
-16.97988,1.51697,-1.06169,-0.00548,-0.99629,-0.0859,0.99169,0.00451,0.02255,0.51,1.0,0.01127,0.0528,5.35752,1.91672,0.237,0.47646,0.70067,0.61501,0.52173,0.70067
-17.04664,1.71782,0.9846,0.00767,-0.99703,0.07659,0.9988,0.00457,0.02283,0.6,1.0,0.01699,0.06614,4.16858,1.8906,0.23142,0.38022,0.64481,1.0,0.52893,0.64481
-16.98004,1.84712,2.9855,0.00435,-0.98158,0.19102,0.99718,0.0,0.0,nan,0.0,0.0078,0.03966,15.28554,1.90736,0.23368,0.61359,0.58048,0.36254,0.52429,0.58048
-17.15996,1.97246,4.0528,0.02719,-0.96852,0.24744,0.99778,0.0,0.0,nan,0.0,0.00432,0.01818,16.31947,1.7076,0.23346,0.55423,0.59774,0.48079,0.58562,0.59774
-16.98334,3.30532,-4.44012,-0.17468,-0.37678,-0.90968,0.90308,0.0,0.0,nan,0.0,0.02129,0.05579,35.81666,1.93693,0.23257,0.76734,0.7024,0.52521,0.51628,0.7024
-17.0422,2.35293,-3.53345,-0.13111,-0.68987,-0.71196,0.92247,0.0,0.0,nan,0.0,0.00214,0.05687,28.73062,2.21049,0.24247,0.70263,0.98665,0.23589,0.45239,0.98665
-17.00426,2.65603,4.89461,0.00422,-0.94859,0.31647,0.99718,0.0,0.0,nan,0.0,0.00861,0.03099,18.93166,3.57687,0.24117,0.64188,0.36576,0.47825,0.27957,0.36576
-16.95805,3.16335,7.14248,-0.11858,-0.69272,0.71139,0.93506,0.0,0.0,nan,0.0,0.01534,0.03262,39.43122,1.66268,0.23513,0.73068,0.44204,0.67639,0.60144,0.44204
-17.04074,4.91997,-4.6463,-0.23749,-0.12629,-0.96314,0.98418,0.0,0.0,nan,0.0,0.0093,0.02481,30.67018,1.86869,0.22724,0.45879,0.4665,0.87021,0.53513,0.4665
-17.69922,4.80708,-3.80333,-0.30365,-0.116,-0.9457,0.99515,0.0,0.0,nan,0.0,0.01316,0.03227,28.8668,1.66494,0.23208,0.47913,0.49369,0.9101,0.60062,0.49369
-17.05673,4.68142,7.3883,-0.10385,-0.5597,0.82216,0.98743,0.0,0.0,nan,0.0,0.00922,0.02292,30.83422,2.07437,0.22732,0.45822,0.31541,0.93476,0.48208,0.31541
-16.9454,5.55992,8.45479,-0.07512,-0.57445,0.81509,0.99312,0.0,0.0,nan,0.0,0.01319,0.02853,30.64106,2.06911,0.23099,0.4927,0.49137,0.99948,0.4833,0.49137
-16.94706,7.13403,-4.74307,-0.28501,-0.30144,-0.90989,0.99352,0.0,0.0,nan,0.0,0.01304,0.03377,29.96583,2.05815,0.22826,0.45792,0.36282,0.89957,0.48587,0.36282
-17.72358,6.4191,-3.77996,-0.33537,-0.20959,-0.91848,0.94957,0.0,0.0,nan,0.0,0.01222,0.0281,34.13275,2.19866,0.22052,0.46868,0.50441,0.9821,0.45482,0.50441
-16.94188,6.92555,9.38546,-0.19543,-0.3323,0.92271,0.94155,0.0,0.0,nan,0.0,0.02348,0.05832,62.77827,1.84241,0.23755,0.72027,0.58772,0.57671,0.54277,0.58772
-16.27659,7.83684,10.09888,-0.30865,-0.14461,0.94012,0.9447,0.0,0.0,nan,0.0,0.02682,0.04835,66.60252,1.93339,0.23601,0.74049,0.6625,0.77173,0.51723,0.6625
-16.33955,8.9012,-6.13073,-0.3018,-0.06649,-0.95105,0.90552,0.0,0.0,nan,0.0,0.00869,0.02138,31.16764,2.03433,0.22948,0.51575,0.43514,0.83901,0.49156,0.43514
-17.21395,9.134,-5.76397,-0.36517,-0.00922,-0.93089,0.92714,0.0,0.0,nan,0.0,0.0072,0.02219,25.92105,1.907,0.23556,0.48695,0.35068,0.71726,0.52438,0.35068
-17.04147,9.04407,9.13638,-0.31425,-0.0117,0.94927,0.98682,0.0,0.0,nan,0.0,0.01544,0.03333,43.5401,1.68073,0.22991,0.6214,0.64456,0.7796,0.59498,0.64456
-16.34166,8.37867,10.14605,-0.32568,-0.07282,0.94267,0.94795,0.0,0.0,nan,0.0,0.01954,0.03863,55.29862,1.6519,0.24588,0.65008,0.56645,0.80623,0.60536,0.56645
-16.83888,10.99419,-4.72285,-0.37533,0.01648,-0.92674,0.93242,0.0,0.0,nan,0.0,0.01424,0.03792,28.38779,1.82951,0.23666,0.46493,0.40337,0.86489,0.54659,0.40337
-16.99607,11.04058,9.71275,-0.35284,0.17163,0.91981,0.98165,0.0,0.0,nan,0.0,0.01231,0.02499,39.30747,1.6778,0.2347,0.60019,0.55613,0.86233,0.59602,0.55613
-16.14068,11.2775,10.03666,-0.34525,0.19585,0.91785,0.98398,0.0,0.0,nan,0.0,0.00959,0.02337,39.87542,1.6901,0.24011,0.55142,0.6771,0.78146,0.59168,0.6771
-16.63292,13.49989,-6.50789,-0.37901,-0.33808,-0.86142,0.96662,0.0,0.0,nan,0.0,0.01583,0.04784,27.45,1.6519,0.23865,0.46551,0.30498,0.76239,0.60536,0.30498
-17.0672,12.83571,-5.3096,-0.37279,-0.3693,-0.85126,0.98286,0.0,0.0,nan,0.0,0.0213,0.05807,25.42126,3.15861,0.24109,0.57878,0.63829,0.68351,0.3166,0.63829
-17.75209,13.38941,7.74207,-0.38684,0.16007,0.90815,0.9108,0.0,0.0,nan,0.0,0.01182,0.03478,40.90364,1.72884,0.22263,0.42635,0.60455,0.83615,0.57842,0.60455
-16.77038,12.73256,8.53868,-0.37954,0.29335,0.87744,0.98794,0.0,0.0,nan,0.0,0.01813,0.0439,41.29112,2.0744,0.23039,0.50791,0.51546,0.85253,0.48207,0.51546
-17.0282,15.0921,-6.74828,-0.41849,-0.17625,-0.89096,0.96571,0.0,0.0,nan,0.0,0.01639,0.03925,31.02278,1.74695,0.22552,0.54621,0.60437,0.81396,0.57243,0.60437
-17.59951,14.37621,-5.99569,-0.4265,-0.21446,-0.87869,0.99545,0.0,0.0,nan,0.0,0.01231,0.03438,29.95496,1.6519,0.23567,0.57839,0.5329,0.6606,0.60536,0.5329
-17.5589,14.80632,7.7889,-0.32464,-0.125,0.93754,0.94023,0.0,0.0,nan,0.0,0.01229,0.03155,34.64116,1.7543,0.23443,0.48648,0.37756,0.84667,0.57003,0.37756
-16.73847,15.17057,8.42573,-0.39296,-0.13561,0.9095,0.98317,0.0,0.0,nan,0.0,0.00949,0.02537,34.01876,1.83235,0.23271,0.50257,0.31865,0.78808,0.54575,0.31865
-16.79356,17.15995,-6.77355,-0.38721,-0.23409,-0.89178,0.9854,0.0,0.0,nan,0.0,0.01492,0.03703,38.39294,2.24239,0.2354,0.59767,0.71606,0.70896,0.44595,0.71606
-17.76469,16.25074,-5.70645,-0.4632,-0.14794,-0.87382,0.97972,0.0,0.0,nan,0.0,0.00978,0.02455,30.8242,1.6519,0.23178,0.47864,0.42131,0.88604,0.60536,0.42131
-17.87115,17.88177,7.91344,-0.40134,0.0621,0.91382,0.97363,0.0,0.0,nan,0.0,0.01291,0.03924,32.67351,1.66138,0.23237,0.48386,0.4447,0.72179,0.60191,0.4447
-16.96635,17.15428,9.05471,-0.37378,-0.03877,0.92671,0.98571,0.0,0.0,nan,0.0,0.00921,0.02587,30.46195,1.6519,0.23613,0.42272,0.47089,0.89742,0.60536,0.47089
-16.19768,19.58449,-8.13224,-0.32541,-0.08356,-0.94187,0.9517,0.0,0.0,nan,0.0,0.01199,0.03302,29.47903,1.69688,0.23279,0.40875,0.46648,0.94828,0.58932,0.46648
-16.97023,19.10369,-7.2761,-0.40593,-0.16405,-0.89906,0.98631,0.0,0.0,nan,0.0,0.01624,0.03339,32.31886,1.87038,0.23176,0.52827,0.5152,0.97788,0.53465,0.5152
-17.84673,18.86238,7.99063,-0.39999,0.03176,0.91597,0.96612,0.0,0.0,nan,0.0,0.0161,0.03688,33.02579,1.76751,0.23223,0.46314,0.39359,1.0,0.56577,0.39359
-16.93403,18.95996,8.57761,-0.4113,0.02132,0.91125,0.9852,0.0,0.0,nan,0.0,0.01739,0.03971,37.41804,1.81709,0.23201,0.51056,0.72566,0.90371,0.55033,0.72566
-16.17039,20.5215,-8.07552,-0.34867,-0.0021,-0.93724,0.98977,0.0,0.0,nan,0.0,0.01001,0.03083,29.70422,1.81709,0.23339,0.37637,0.41739,0.921,0.55033,0.41739
-16.97383,21.10272,-7.29266,-0.41126,0.03312,-0.91092,0.99829,0.0,0.0,nan,0.0,0.00943,0.02546,29.32584,2.02097,0.2261,0.40077,0.50652,0.98768,0.49481,0.50652
-17.8289,20.28218,7.82147,-0.37635,-0.13659,0.91635,0.96114,0.0,0.0,nan,0.0,0.01059,0.02878,27.40003,1.71639,0.23799,0.44254,0.47939,0.89236,0.58262,0.47939
-16.95438,20.91947,9.15007,-0.41838,-0.13029,0.89888,0.99444,0.0,0.0,nan,0.0,0.00834,0.02462,27.29155,2.02597,0.23045,0.4344,0.44675,0.83693,0.49359,0.44675
-16.97098,23.04266,-7.16067,-0.41718,-0.15208,-0.89601,0.97454,0.0,0.0,nan,0.0,0.00918,0.02651,31.46677,1.73552,0.22351,0.38028,0.61131,0.96893,0.5762,0.61131
-17.97922,23.7131,7.97252,-0.51438,0.07265,0.85448,0.96774,0.0,0.0,nan,0.0,0.01067,0.0354,31.37885,1.95745,0.23785,0.53146,0.45161,0.60306,0.51087,0.45161
-17.01074,23.02836,9.05391,-0.47106,0.08014,0.87845,0.98855,0.0,0.0,nan,0.0,0.01164,0.03905,30.21001,1.82709,0.23443,0.45503,0.32587,0.69852,0.54732,0.32587
-16.84861,25.36007,-8.47458,-0.41031,-0.24182,-0.8793,0.98489,0.0,0.0,nan,0.0,0.01117,0.03013,29.8957,2.02722,0.21942,0.46021,0.42045,0.85994,0.49329,0.42045
-17.18719,24.62198,-7.78446,-0.4183,-0.34148,-0.84167,0.99626,0.0,0.0,nan,0.0,0.02131,0.05353,27.23567,2.00643,0.23202,0.48228,0.44792,0.8858,0.4984,0.44792
-17.84361,25.67599,7.90979,-0.45561,-0.12654,0.88114,0.96997,0.0,0.0,nan,0.0,0.00973,0.02566,31.56169,2.06902,0.22356,0.55998,0.53393,0.71989,0.48332,0.53393
-17.07141,25.08633,8.9341,-0.44208,-0.0858,0.89286,0.99616,0.0,0.0,nan,0.0,0.01072,0.02809,30.82308,1.6519,0.23188,0.53138,0.40067,0.76487,0.60536,0.40067
-17.09783,27.03676,-8.90676,-0.44963,-0.0607,-0.89115,0.95678,0.0,0.0,nan,0.0,0.0202,0.03928,34.02598,2.54927,0.22762,0.58306,0.35115,0.93354,0.39227,0.35115
-17.77282,27.72758,-7.71469,-0.54009,-0.03613,-0.84083,0.98611,0.0,0.0,nan,0.0,0.0162,0.03473,37.03094,1.82571,0.2383,0.56976,0.67732,0.86306,0.54773,0.67732
-17.05125,26.9872,9.23818,-0.4396,-0.01714,0.89803,0.99667,0.0,0.0,nan,0.0,0.01114,0.02942,31.13134,1.91647,0.22795,0.49274,0.54312,0.81793,0.52179,0.54312
-16.89122,29.16195,-8.68801,-0.43871,-0.23526,-0.86729,0.99119,0.0,0.0,nan,0.0,0.01926,0.03877,37.25848,3.04072,0.23219,0.66701,0.62775,0.78464,0.32887,0.62775
-17.73532,28.63147,-7.71112,-0.56008,-0.1531,-0.81417,0.96804,0.0,0.0,nan,0.0,0.0231,0.04688,34.9358,1.81709,0.23837,0.58692,0.50519,0.88778,0.55033,0.50519
-16.90932,29.06121,8.84853,-0.45768,0.02153,0.88886,0.98662,0.0,0.0,nan,0.0,0.01622,0.03947,36.57167,1.81709,0.22867,0.48209,0.54773,0.89898,0.55033,0.54773
-16.16351,31.05462,-10.0052,-0.37124,-0.0532,-0.92701,0.93769,0.0,0.0,nan,0.0,0.01467,0.03688,26.2278,1.7006,0.23438,0.54208,0.46865,0.79,0.58803,0.46865
-17.26834,30.79765,-9.62542,-0.4409,-0.10158,-0.89179,0.92694,0.0,0.0,nan,0.0,0.00908,0.02288,29.11327,1.88466,0.23151,0.58673,0.69201,0.72322,0.5306,0.69201
-17.97733,30.03627,-7.93991,-0.55741,-0.23376,-0.79665,0.98154,0.0,0.0,nan,0.0,0.01709,0.04823,28.62973,3.57863,0.25132,0.50447,0.42988,0.75158,0.27944,0.42988
-17.00371,31.02778,9.08289,-0.45498,-0.19946,0.86787,0.99687,0.0,0.0,nan,0.0,0.01106,0.03465,30.89108,1.85797,0.21286,0.47388,0.62542,0.71688,0.53822,0.62542
-16.22497,31.61351,10.10051,-0.3934,-0.18986,0.89955,0.98337,0.0,0.0,nan,0.0,0.00994,0.03725,25.52964,1.86572,0.22729,0.48558,0.59991,0.59242,0.53599,0.59991
-16.85054,32.78442,-8.83319,-0.39951,0.13289,-0.90705,0.99088,0.0,0.0,nan,0.0,0.01121,0.02949,28.14463,1.89096,0.23143,0.5379,0.53683,0.75713,0.52883,0.53683
-17.5523,33.20632,-7.79693,-0.43537,0.12658,-0.89131,0.92673,0.0,0.0,nan,0.0,0.00696,0.01971,29.71266,1.73483,0.23996,0.4192,0.50828,0.89851,0.57642,0.50828
-17.35912,32.9867,9.55955,-0.45279,-0.07574,0.88839,0.98682,0.0,0.0,nan,0.0,0.00808,0.02521,24.6826,2.02232,0.23319,0.4131,0.50911,0.83851,0.49448,0.50911
-16.37878,33.02242,10.10769,-0.36821,-0.036,0.92904,0.97221,0.0,0.0,nan,0.0,0.00932,0.03993,27.14348,1.6519,0.23939,0.39411,0.35163,0.6356,0.60536,0.35163
-16.71215,35.06135,-8.90676,-0.41053,-0.19237,-0.89133,0.97312,0.0,0.0,nan,0.0,0.01009,0.0346,34.89614,1.81709,0.23314,0.38008,0.55673,0.8111,0.55033,0.55673
-17.2324,35.24092,9.55631,-0.34733,0.01186,0.93767,0.9851,0.0,0.0,nan,0.0,0.00891,0.02344,27.05327,1.99653,0.22601,0.49689,0.65678,0.82158,0.50087,0.65678
-16.26869,34.68697,10.11286,-0.2927,0.08549,0.95237,0.99718,0.0,0.0,nan,0.0,0.00724,0.02326,26.40188,1.81709,0.24374,0.50245,0.43941,0.66619,0.55033,0.43941
-16.46023,37.15207,-10.20005,-0.39153,-0.10626,-0.91401,0.98489,0.0,0.0,nan,0.0,0.01083,0.03147,22.52449,1.73556,0.22851,0.5023,0.40111,0.74618,0.57618,0.40111
-17.41467,36.81554,-9.58492,-0.41365,-0.1537,-0.89737,0.98723,0.0,0.0,nan,0.0,0.01154,0.03081,23.60407,1.72879,0.22716,0.46172,0.67062,0.88005,0.57844,0.67062
-17.16853,36.8741,9.67863,-0.34395,-0.02927,0.93853,0.99027,0.0,0.0,nan,0.0,0.01584,0.03866,26.83151,2.03612,0.21074,0.50914,0.60021,0.865,0.49113,0.60021
-16.37485,37.33237,10.02835,-0.30533,-0.05489,0.95066,0.9921,0.0,0.0,nan,0.0,0.00544,0.03366,34.43276,1.81709,0.22333,0.31364,0.63133,0.5448,0.55033,0.63133
-16.19249,39.74227,-10.01554,-0.34695,-0.16808,-0.9227,0.99545,0.0,0.0,nan,0.0,0.0049,0.01375,12.17222,2.22628,0.23491,0.48676,0.58003,0.85169,0.44918,0.58003
-17.05526,39.04494,-9.44867,-0.37825,-0.10735,-0.91946,0.99504,0.0,0.0,nan,0.0,0.00556,0.01963,16.40447,1.72125,0.24211,0.52739,0.56563,0.60237,0.58097,0.56563
-16.93425,39.0226,9.51544,-0.3616,0.0481,0.93109,0.99819,0.0,0.0,nan,0.0,0.01558,0.05314,33.77349,1.90939,0.21993,0.43627,0.46234,0.71164,0.52373,0.46234
-16.03938,38.47079,10.00385,-0.33944,0.01976,0.94042,0.99626,0.0,0.0,nan,0.0,0.01219,0.05095,36.13189,1.88445,0.2272,0.3474,0.58015,0.72698,0.53066,0.58015
-16.98249,41.07582,-10.40381,-0.37809,-0.21487,-0.90049,0.9785,0.0,0.0,nan,0.0,0.00609,0.02169,10.0232,2.39869,0.23325,0.67296,0.45829,0.50043,0.41689,0.45829
-17.67762,40.31821,-9.86088,-0.39859,-0.1934,-0.89651,0.99707,0.0,0.0,nan,0.0,0.00521,0.01465,10.69453,1.77055,0.23506,0.50803,0.3475,0.83062,0.5648,0.3475
-17.06845,40.97829,9.15463,-0.35995,-0.1422,0.92207,0.98144,0.0,0.0,nan,0.0,0.0162,0.03495,27.40718,1.6519,0.23232,0.52616,0.68185,0.94527,0.60536,0.68185
-16.40735,41.74457,10.20795,-0.34397,-0.15557,0.926,0.99444,0.0,0.0,nan,0.0,0.01664,0.04044,26.12778,2.06141,0.22709,0.521,0.40265,0.84999,0.4851,0.40265
-17.12608,43.00238,-10.42657,-0.39687,-0.00931,-0.91783,0.96317,0.0,0.0,nan,0.0,0.00769,0.07841,5.6723,1.88996,0.22708,0.46177,0.68196,0.28717,0.52911,0.68196
-17.99226,43.84902,-9.98747,-0.44805,0.03318,-0.89339,0.98621,0.0,0.0,nan,0.0,0.00538,0.06209,3.77588,1.91138,0.21707,0.48973,0.8004,0.32277,0.52318,0.8004
-17.61524,42.71896,9.80577,-0.39631,-0.06222,0.91601,0.99616,0.0,0.0,nan,0.0,0.01047,0.02986,26.97804,2.38755,0.23914,0.43157,0.55198,0.87242,0.41884,0.55198
-16.75736,43.06322,10.31457,-0.37277,-0.04492,0.92684,0.98266,0.0,0.0,nan,0.0,0.01263,0.03858,25.11426,2.2057,0.23016,0.43697,0.44468,0.80881,0.45337,0.44468
-16.9606,44.99067,-10.38298,-0.39808,0.05758,-0.91554,0.97403,0.0,0.0,nan,0.0,0.01698,0.07109,2.73393,2.07846,0.23661,0.5033,0.63617,0.8218,0.48112,0.63617
-17.85632,45.24338,-9.94125,-0.44849,0.06645,-0.89132,0.9853,0.0,0.0,nan,0.0,0.01877,0.08542,2.57251,2.17761,0.21626,0.40322,0.42865,0.9687,0.45922,0.42865
-17.34228,45.01241,9.60854,-0.4005,0.04645,0.91512,0.99241,0.0,0.0,nan,0.0,0.01061,0.02903,29.2056,1.92295,0.22327,0.42768,0.54121,0.9131,0.52003,0.54121
-16.4001,44.77071,10.26795,-0.35159,0.08196,0.93256,0.99748,0.0,0.0,nan,0.0,0.01109,0.02938,26.88488,1.78579,0.22801,0.47012,0.45245,0.86287,0.55998,0.45245
-16.7166,46.99077,-10.35793,-0.39482,0.07285,-0.91587,0.98753,0.0,0.0,nan,0.0,0.00823,0.05125,3.24242,2.29531,0.21376,0.52426,0.82531,0.65242,0.43567,0.82531
-17.69802,47.22973,-9.8493,-0.44051,0.06998,-0.89502,0.99586,0.0,0.0,nan,0.0,0.01443,0.09486,3.62261,1.71917,0.2198,0.47449,0.84487,0.71427,0.58168,0.84487
-17.11671,46.72722,9.47064,-0.41237,-0.07841,0.90764,0.99322,0.0,0.0,nan,0.0,0.01227,0.02803,28.30813,1.90907,0.22696,0.48412,0.5333,0.96831,0.52382,0.5333
-16.8678,47.45945,10.42918,-0.3779,-0.06213,0.92376,0.98611,0.0,0.0,nan,0.0,0.00775,0.01969,29.52337,1.85248,0.22285,0.444,0.38555,0.94661,0.53982,0.38555
-16.60895,48.84918,-10.22274,-0.38777,0.07419,-0.91877,0.98733,0.0,0.0,nan,0.0,0.01226,0.05897,3.52002,2.23349,0.21843,0.46404,0.74584,0.70291,0.44773,0.74584
-17.58588,49.06836,-9.80189,-0.42478,0.06467,-0.90299,0.99575,0.0,0.0,nan,0.0,0.01973,0.08937,3.52858,2.17499,0.21956,0.44768,0.79181,0.89211,0.45977,0.79181
-17.42728,49.08855,9.56195,-0.45622,0.07055,0.88707,0.99332,0.0,0.0,nan,0.0,0.0101,0.02772,35.25084,1.72266,0.23125,0.40051,0.32079,0.96101,0.5805,0.32079
-16.712,48.81646,10.2804,-0.38561,0.03338,0.92206,0.98703,0.0,0.0,nan,0.0,0.0121,0.03017,33.0731,1.84471,0.2256,0.42678,0.29751,0.99698,0.54209,0.29751
-16.34701,50.94242,-10.15283,-0.36358,0.07971,-0.92815,0.98246,0.0,0.0,nan,0.0,0.01871,0.09036,2.68259,1.74954,0.22986,0.38413,0.63705,0.94103,0.57158,0.63705
-17.35945,51.01656,-9.71869,-0.39842,0.06847,-0.91464,0.99169,0.0074,0.037,0.6,1.0,0.01232,0.07396,2.73205,2.21522,0.22107,0.29758,0.46808,0.96985,0.45142,0.46808
-17.1419,51.15781,9.75234,-0.38235,-0.02053,0.92379,0.99088,0.0,0.0,nan,0.0,0.01127,0.03117,31.53582,1.68141,0.24148,0.40025,0.34383,0.96086,0.59474,0.34383
-16.57347,50.48034,10.23199,-0.34393,0.04515,0.93791,0.99241,0.0,0.0,nan,0.0,0.0112,0.03147,31.99766,1.81709,0.2332,0.37804,0.43396,1.0,0.55033,0.43396
-16.14084,52.55569,-10.06319,-0.34351,0.08581,-0.93522,0.98865,0.00215,0.01073,0.6,1.0,0.01018,0.07553,2.78638,1.7139,0.22111,0.2345,0.35694,0.98768,0.58346,0.35694
-17.09958,53.04507,-9.65921,-0.36203,0.06835,-0.92966,0.99322,0.03272,0.16359,0.7,1.0,0.01367,0.08094,2.3251,1.6519,0.22397,0.31437,0.50264,0.99943,0.60536,0.50264
-17.41264,53.19615,9.99887,-0.36462,0.08037,0.92768,0.98814,0.0,0.0,nan,0.0,0.00775,0.02177,28.93399,1.87297,0.2309,0.41357,0.46493,0.92015,0.53391,0.46493
-16.66218,52.90504,10.25717,-0.34616,0.04872,0.93691,0.98997,0.0,0.0,nan,0.0,0.00646,0.019,27.11628,1.97172,0.22578,0.38478,0.42495,0.94826,0.50717,0.42495
-16.96016,54.99064,-9.58154,-0.32837,0.05095,-0.94317,0.99352,0.0,0.0,nan,0.0,0.00842,0.07193,2.51125,1.65509,0.22644,0.21278,0.47021,0.98824,0.6042,0.47021
-17.21443,55.1149,9.49589,-0.37618,0.05961,0.92463,0.99697,0.0,0.0,nan,0.0,0.0127,0.02842,30.57827,1.86873,0.23521,0.48733,0.39893,0.97662,0.53512,0.39893
-16.40475,54.67579,10.19422,-0.37274,0.09974,0.92256,0.99169,0.0,0.0,nan,0.0,0.01676,0.03635,31.58987,1.6519,0.23551,0.50936,0.42171,0.96246,0.60536,0.42171
-16.93658,56.97337,-9.54422,-0.30366,0.06071,-0.95085,0.96987,0.0,0.0,nan,0.0,0.01018,0.08183,2.29407,1.67988,0.23279,0.29454,0.57181,0.79035,0.59528,0.57181
-17.14319,56.8745,9.48979,-0.38023,-0.0318,0.92435,0.99433,0.0,0.0,nan,0.0,0.02104,0.04994,31.50527,1.88205,0.23144,0.52953,0.66475,0.84619,0.53134,0.66475
-16.5004,57.54487,10.15956,-0.31927,0.03732,0.94693,0.97251,0.0,0.0,nan,0.0,0.01254,0.03887,34.74637,1.88508,0.23135,0.45372,0.67361,0.75188,0.53048,0.67361
-16.99951,59.10265,-9.33643,-0.28119,0.10231,-0.95418,0.96926,0.0,0.0,nan,0.0,0.00526,0.05065,2.33399,2.20921,0.22604,0.32597,0.85701,0.90016,0.45265,0.85701
-17.16898,59.38541,9.42801,-0.36322,0.1773,0.91468,0.99322,0.0,0.0,nan,0.0,0.02085,0.04489,37.72997,1.6519,0.23525,0.53055,0.54967,0.92195,0.60536,0.54967
-16.59804,58.54282,10.28236,-0.31329,0.15074,0.93762,0.94927,0.0,0.0,nan,0.0,0.01105,0.0386,34.77586,1.6519,0.22767,0.38854,0.54868,0.77917,0.60536,0.54868
-16.99725,60.99081,-9.06892,-0.25169,0.13121,-0.95887,0.98246,0.0,0.0,nan,0.0,0.01047,0.10242,3.77968,1.96704,0.22992,0.52594,0.94338,0.77992,0.50838,0.94338
-17.02691,60.93124,9.15322,-0.37553,0.02845,0.92637,0.99261,0.0,0.0,nan,0.0,0.01732,0.03998,41.15925,1.89852,0.22898,0.52916,0.62122,0.85852,0.52673,0.62122
-16.99986,62.99238,-8.79842,-0.22068,0.14683,-0.96423,0.99819,0.0,0.0,nan,0.0,0.01922,0.11541,4.91676,2.09064,0.22332,0.5184,0.89711,0.85364,0.47832,0.89711
-17.1036,63.11467,9.49662,-0.34288,0.07635,0.93627,0.9788,0.0,0.0,nan,0.0,0.01549,0.03037,33.98733,1.91735,0.22801,0.5617,0.44358,0.96128,0.52155,0.44358
-17.01591,65.02599,-8.45698,-0.20517,0.14729,-0.96758,0.9989,0.0,0.0,nan,0.0,0.05092,0.13371,6.63441,2.40306,0.22066,0.53348,0.52161,0.92899,0.41614,0.52161
-17.0787,65.06826,8.94629,-0.32588,0.10515,0.93955,0.99778,0.0,0.0,nan,0.0,0.0116,0.02974,32.70413,1.76531,0.22341,0.42412,0.52966,0.97574,0.56647,0.52966
-16.83175,66.82256,-8.1721,-0.20716,0.13504,-0.96894,0.9988,0.0,0.0,nan,0.0,0.04997,0.13938,7.03171,2.32655,0.22578,0.57299,0.68236,0.80366,0.42982,0.68236
-17.63253,67.47037,-7.91367,-0.21254,0.12983,-0.96849,0.9988,0.0,0.0,nan,0.0,0.01794,0.08819,7.44078,1.86982,0.21896,0.56929,0.87416,0.75236,0.53481,0.87416
-17.09633,66.89381,9.00478,-0.30726,0.02573,0.95128,0.99038,0.0,0.0,nan,0.0,0.00915,0.03115,32.2306,1.98316,0.22628,0.32521,0.39079,0.95959,0.50425,0.39079
-16.37413,68.64911,-8.09989,-0.20119,0.12138,-0.972,0.9989,0.0,0.0,nan,0.0,0.02579,0.1128,6.65969,2.24008,0.22129,0.52732,0.87715,0.95063,0.44641,0.87715
-17.22873,69.1617,-7.83848,-0.19941,0.10616,-0.97415,0.9986,0.0,0.0,nan,0.0,0.01995,0.10147,7.82185,1.87423,0.2209,0.56327,0.8856,0.77434,0.53355,0.8856
-17.65071,69.62099,7.78008,-0.30453,0.14896,0.94078,0.96896,0.0,0.0,nan,0.0,0.01432,0.04034,31.596,1.88944,0.23022,0.38773,0.43054,0.97345,0.52926,0.43054
-16.89667,68.9955,8.64517,-0.27996,0.14282,0.94933,0.99748,0.0,0.0,nan,0.0,0.00907,0.02893,31.10456,2.1687,0.22604,0.34323,0.28014,0.97209,0.46111,0.28014
-17.0201,71.02251,-7.76196,-0.19556,0.08044,-0.97739,0.9985,7e-05,0.00036,0.6,1.0,0.03275,0.10374,8.03491,1.81709,0.23066,0.51714,0.5806,0.76251,0.55033,0.5806
-17.63438,70.53865,7.85711,-0.30131,0.06962,0.95098,0.98317,0.0,0.0,nan,0.0,0.01188,0.03286,30.9846,1.9031,0.22741,0.39708,0.34639,0.96938,0.52546,0.34639
-17.02045,70.97527,8.7085,-0.28227,0.06234,0.95731,0.99596,0.0,0.0,nan,0.0,0.01058,0.03434,30.72512,2.16596,0.22754,0.37943,0.30385,0.86531,0.46169,0.30385
-17.05705,73.05392,-7.60382,-0.22392,0.14161,-0.96426,0.9988,0.0,0.0,nan,0.0,0.01113,0.05335,12.00069,1.81709,0.23064,0.36748,0.61089,0.66256,0.55033,0.61089
-17.45093,73.66769,7.85165,-0.28361,0.21957,0.93346,0.9987,0.0,0.0,nan,0.0,0.00808,0.04177,15.71699,2.39518,0.22398,0.45924,0.48958,0.47505,0.41751,0.48958
-16.88613,72.86198,8.38943,-0.26799,0.15488,0.95089,0.99565,0.0,0.0,nan,0.0,0.0044,0.02895,21.27913,1.7394,0.22581,0.34929,0.52355,0.4756,0.57491,0.52355
-17.01225,74.98934,-7.14705,-0.23979,0.12891,-0.96223,0.9989,0.0,0.0,nan,0.0,0.01357,0.05088,11.02302,1.81709,0.2382,0.4181,0.49415,0.7534,0.55033,0.49415
-17.07773,75.0706,7.74936,-0.25302,0.25471,0.93333,0.99667,0.0,0.0,nan,0.0,0.00838,0.03987,26.80177,2.04103,0.22724,0.55141,0.73752,0.40943,0.48995,0.73752
-16.17629,74.44016,8.08094,-0.22869,0.27654,0.9334,0.99829,0.0,0.0,nan,0.0,0.00756,0.04228,21.71081,2.86401,0.22381,0.43679,0.38178,0.44735,0.34916,0.38178
-17.03943,77.03602,-7.12794,-0.24838,0.09026,-0.96445,0.9988,0.0,0.0,nan,0.0,0.01121,0.07392,9.24381,2.01754,0.21939,0.37263,0.48236,0.49495,0.49565,0.48236
-16.99688,76.88499,7.11393,-0.24982,0.14913,0.95674,0.98144,0.0,0.0,nan,0.0,0.00642,0.03792,30.27268,1.87817,0.23418,0.59112,0.87769,0.51652,0.53243,0.87769
-17.07453,79.04419,-6.819,-0.27143,0.25341,-0.9285,0.99372,0.0,0.0,nan,0.0,0.01877,0.07675,5.03126,1.7263,0.23209,0.34711,0.4304,0.98446,0.57927,0.4304
-16.98764,78.98595,7.14227,-0.2601,0.15752,0.95265,0.9785,0.0,0.0,nan,0.0,0.0033,0.04267,26.09891,1.83569,0.22629,0.724,0.92546,0.26254,0.54475,0.92546
-16.79577,80.49762,-6.26986,-0.23539,0.47586,-0.84744,0.98672,0.0,0.0,nan,0.0,0.0118,0.05203,4.62571,1.88091,0.23866,0.39971,0.51116,0.81305,0.53166,0.51116
-17.18403,81.38718,-5.65027,-0.20591,0.62413,-0.7537,0.97413,0.0,0.0,nan,0.0,0.00962,0.05183,4.55415,1.97783,0.23131,0.32276,0.33415,0.8279,0.5056,0.33415
-17.4171,81.80675,5.85274,-0.1892,0.70181,0.68678,0.95597,0.00522,0.0261,0.6,1.0,0.01192,0.06078,6.23578,1.91102,0.23352,0.25893,0.30684,1.0,0.52328,0.30684
-16.94511,80.98686,6.49263,-0.21243,0.51438,0.83083,0.96236,0.00039,0.00195,0.6,1.0,0.01009,0.04206,5.50612,3.09364,0.23808,0.32714,0.49731,1.0,0.32324,0.49731
-16.94241,82.35467,-4.55763,-0.12927,0.82845,-0.54495,0.97891,0.0,0.0,nan,0.0,0.00693,0.06274,5.07941,2.04418,0.2339,0.43358,0.86902,0.57321,0.48919,0.86902
-16.98475,82.94424,-3.00007,-0.08568,0.95299,-0.29064,0.99647,0.01952,0.09762,0.51,1.0,0.01383,0.10915,6.22268,2.32351,0.22993,0.28751,0.72402,0.58252,0.43038,0.72402
-16.99068,83.32467,-0.97646,-0.06848,0.99406,-0.08456,0.99819,0.00104,0.00521,0.7,1.0,0.01512,0.21895,8.78658,1.89179,0.22869,0.15817,0.46628,0.53597,0.5286,0.46628
-17.00288,83.29593,1.0409,-0.08312,0.99504,0.05471,0.9986,0.00859,0.04297,0.6,1.0,0.01865,0.20701,10.70117,1.88029,0.2314,0.16458,0.80742,0.79609,0.53183,0.80742
-16.98441,83.07439,3.01313,-0.11562,0.97286,0.20044,0.9985,0.01346,0.06729,0.51,1.0,0.0208,0.20986,9.24097,1.87651,0.22839,0.15653,0.47441,0.77037,0.53291,0.47441
-16.94343,82.49606,4.93542,-0.15757,0.85924,0.4867,0.97951,0.02777,0.13884,0.6,1.0,0.00752,0.049,6.82811,3.63418,0.24529,0.27693,0.51655,0.71675,0.27517,0.51655
-16.07994,82.03295,6.04835,-0.19523,0.71728,0.66887,0.96084,0.00076,0.00381,0.6,1.0,0.00932,0.05016,5.99709,1.96265,0.23197,0.24777,0.4326,1.0,0.50951,0.4326
-14.98011,1.75221,-2.57218,-0.01754,-0.93543,-0.35307,0.9721,0.13008,0.5845,0.51,0.99296,0.01497,0.17888,5.57626,2.92742,0.23136,0.20882,0.54143,0.54454,0.3416,0.54143
-14.99706,1.48856,-0.96941,-0.01366,-0.99785,-0.06415,0.99464,0.12817,0.23395,0.51,0.89129,0.02195,0.09188,4.76296,1.88092,0.24068,0.39237,0.42471,0.86432,0.53165,0.42471
-14.99956,1.66213,0.98281,-0.01924,-0.9966,0.08016,0.9985,0.0,0.0,nan,0.0,0.01132,0.04642,3.8247,2.37212,0.22472,0.45396,0.80683,1.0,0.42156,0.80683
-15.01303,1.82343,2.97368,-0.03707,-0.98649,0.1596,0.9985,0.0,0.0,nan,0.0,0.00463,0.04046,10.47943,1.75478,0.23063,0.78475,0.8916,0.31768,0.56987,0.8916
-14.56256,1.97448,4.16369,-0.06166,-0.97246,0.22478,0.99809,0.0,0.0,nan,0.0,0.00495,0.03133,11.74331,1.93209,0.2285,0.72515,0.92861,0.59533,0.51757,0.92861
-14.91365,3.13024,-4.66587,-0.10369,-0.46078,-0.88144,0.92389,0.0,0.0,nan,0.0,0.00517,0.02384,27.59208,1.91033,0.23425,0.52708,0.65635,0.44091,0.52347,0.65635
-15.01183,2.21506,-3.58689,-0.0495,-0.75693,-0.65162,0.92379,0.07646,0.3823,0.51,1.0,0.00593,0.06691,20.81107,1.86017,0.2321,0.67328,0.87052,0.23485,0.53759,0.87052
-15.05099,2.49635,4.98825,-0.07469,-0.94892,0.30654,0.99809,0.0,0.0,nan,0.0,0.01102,0.04764,14.19985,3.07535,0.23918,0.71534,0.8885,0.66234,0.32517,0.8885
-14.96929,3.10334,7.15478,-0.09511,-0.71312,0.69456,0.93901,0.0,0.0,nan,0.0,0.00609,0.02132,22.40087,1.88347,0.23926,0.49572,0.64052,0.62787,0.53093,0.64052
-15.04473,5.01562,-4.67009,-0.18195,-0.19319,-0.96414,0.99697,0.0,0.0,nan,0.0,0.0163,0.03571,29.59456,1.72789,0.2247,0.54633,0.54917,0.89219,0.57874,0.54917
-14.78148,4.58728,7.70868,-0.11279,-0.51937,0.84707,0.98185,0.0,0.0,nan,0.0,0.00887,0.02224,25.44856,1.87047,0.2293,0.49274,0.61916,0.87282,0.53462,0.61916
-15.04081,5.53049,8.26492,-0.10537,-0.59749,0.79492,0.97586,0.0,0.0,nan,0.0,0.01117,0.02697,26.90305,1.81709,0.23664,0.44486,0.48433,1.0,0.55033,0.48433
-14.41086,7.88201,-6.20969,-0.2761,-0.25348,-0.9271,0.96825,0.0,0.0,nan,0.0,0.00938,0.02576,33.92083,2.87438,0.23448,0.47275,0.659,0.81566,0.3479,0.659
-14.96391,7.04871,-4.98229,-0.23247,-0.35927,-0.90382,0.97556,0.0,0.0,nan,0.0,0.01765,0.03901,36.39536,1.6519,0.23129,0.57771,0.42847,0.82642,0.60536,0.42847
-15.1241,6.59147,9.12101,-0.18335,-0.58693,0.7886,0.9785,0.0,0.0,nan,0.0,0.01414,0.05175,34.7981,3.37462,0.24182,0.57077,0.81347,0.63531,0.29633,0.81347
-14.92916,7.18132,10.59826,-0.28566,-0.39148,0.87472,0.85832,0.0,0.0,nan,0.0,0.01485,0.0432,47.961,1.87344,0.2335,0.62911,0.86002,0.87832,0.53378,0.86002
-14.93249,8.98378,-6.31297,-0.28016,-0.05562,-0.95834,0.95556,0.0,0.0,nan,0.0,0.00938,0.02009,30.40033,2.02133,0.22852,0.5235,0.64368,0.95008,0.49472,0.64368
-15.25174,9.60314,-5.99283,-0.28794,0.0128,-0.95756,0.98368,0.0,0.0,nan,0.0,0.01052,0.0287,33.25615,1.88171,0.23782,0.63871,0.65994,0.60822,0.53143,0.65994
-15.52267,9.38297,9.48636,-0.32968,-0.01058,0.94403,0.98185,0.0,0.0,nan,0.0,0.01821,0.03693,44.79544,2.19188,0.23183,0.61543,0.54134,0.83698,0.45623,0.54134
-14.70716,8.94882,10.37183,-0.33101,-0.01131,0.94356,0.96987,0.0,0.0,nan,0.0,0.02377,0.04372,40.51117,1.87764,0.2337,0.62071,0.59088,0.91925,0.53258,0.59088
-14.70747,10.52666,-6.09855,-0.2864,-0.00339,-0.9581,0.98581,0.0,0.0,nan,0.0,0.01742,0.03383,30.13941,2.58038,0.23453,0.56796,0.55645,0.96684,0.38754,0.55645
-15.03768,11.18508,-5.89644,-0.3191,-0.10983,-0.94134,0.98205,0.0,0.0,nan,0.0,0.0162,0.0335,32.18294,2.10654,0.23829,0.51359,0.36855,1.0,0.47471,0.36855
-15.5808,10.74253,9.89388,-0.31381,0.16275,0.93543,0.99342,0.0,0.0,nan,0.0,0.01222,0.03014,40.16552,1.67785,0.22988,0.59736,0.79551,0.83396,0.596,0.79551
-14.90371,10.98631,10.17588,-0.29906,0.15052,0.94229,0.99586,0.0,0.0,nan,0.0,0.01164,0.02309,37.98098,1.86949,0.23209,0.59318,0.59109,0.89443,0.5349,0.59109
-15.03796,13.01663,-6.74223,-0.30778,-0.35351,-0.88335,0.97921,0.0,0.0,nan,0.0,0.01014,0.04997,27.66244,1.69976,0.23042,0.48606,0.47995,0.44781,0.58832,0.47995
-15.41098,12.31024,-5.71365,-0.3477,-0.33742,-0.87479,0.96733,0.0,0.0,nan,0.0,0.0171,0.04299,31.8147,1.92721,0.22734,0.53996,0.3602,0.7831,0.51889,0.3602
-14.96793,13.04475,9.51292,-0.36857,0.20539,0.90663,0.99444,0.0,0.0,nan,0.0,0.00979,0.02828,36.9446,1.6519,0.23663,0.44685,0.49839,0.81671,0.60536,0.49839
-14.43966,12.26025,10.23462,-0.3186,0.19374,0.92788,0.98743,0.0,0.0,nan,0.0,0.00898,0.02663,34.17923,1.81709,0.23322,0.44517,0.72496,0.80163,0.55033,0.72496
-14.89124,15.08624,-7.37081,-0.23481,-0.10708,-0.96613,0.98743,0.0,0.0,nan,0.0,0.0056,0.02288,33.28087,2.02491,0.23338,0.4677,0.61657,0.55502,0.49385,0.61657
-14.96769,14.9335,9.1537,-0.38355,-0.06996,0.92087,0.97962,0.0,0.0,nan,0.0,0.00866,0.03016,32.93845,1.67314,0.24044,0.50636,0.45503,0.60134,0.59768,0.45503
-14.0606,15.95972,10.02247,-0.32232,-0.08523,0.94279,0.98713,0.0,0.0,nan,0.0,0.00978,0.0203,21.89047,1.83893,0.23523,0.5411,0.72303,0.9716,0.54379,0.72303
-15.11311,16.6642,-7.34663,-0.19663,-0.18162,-0.96351,0.99728,0.0,0.0,nan,0.0,0.01068,0.0239,38.42729,1.82736,0.23318,0.51568,0.35218,0.91172,0.54724,0.35218
-15.09382,17.11595,9.74825,-0.36029,-0.05461,0.93124,0.99799,0.0,0.0,nan,0.0,0.00635,0.01574,26.07546,1.81157,0.23549,0.45463,0.46919,0.95537,0.55201,0.46919
-14.33899,16.65791,10.17966,-0.33742,-0.08277,0.93771,0.98926,0.0,0.0,nan,0.0,0.00696,0.01632,23.05162,1.6519,0.23283,0.46797,0.32813,0.99004,0.60536,0.32813
-14.9639,19.32605,-8.30157,-0.25851,-0.1851,-0.94811,0.97992,0.0,0.0,nan,0.0,0.00773,0.02857,33.41317,1.85363,0.23343,0.53013,0.4909,0.54093,0.53948,0.4909
-14.60559,18.4693,-7.78951,-0.24087,-0.31585,-0.91772,0.99748,0.0,0.0,nan,0.0,0.01125,0.03211,36.1439,1.72454,0.23683,0.56166,0.55204,0.65853,0.57987,0.55204
-15.04672,18.88442,9.49123,-0.39185,-0.00294,0.92002,0.99291,0.0,0.0,nan,0.0,0.01,0.02364,29.66767,1.67865,0.23063,0.46259,0.39403,0.97612,0.59572,0.39403
-14.17023,19.55258,10.14198,-0.35423,-0.08549,0.93124,0.99098,0.0,0.0,nan,0.0,0.01132,0.02287,24.69779,1.72407,0.22941,0.53831,0.44204,0.99424,0.58002,0.44204
-14.89445,20.89384,-8.31616,-0.30734,-0.01452,-0.95149,0.98845,0.0,0.0,nan,0.0,0.01435,0.03914,29.04978,1.88332,0.22741,0.52461,0.57062,0.74717,0.53098,0.57062
-15.59865,21.3602,-7.7233,-0.34454,0.01422,-0.93866,0.99403,0.0,0.0,nan,0.0,0.01971,0.04664,28.85864,1.87508,0.23115,0.51703,0.52624,0.87425,0.53331,0.52624
-15.20841,20.68413,9.41126,-0.39535,-0.14349,0.90725,0.992,0.0,0.0,nan,0.0,0.00884,0.02236,27.59429,1.89694,0.23209,0.55645,0.74386,0.76163,0.52716,0.74386
-14.80961,21.31501,10.32588,-0.38209,-0.10739,0.91786,0.98297,0.0,0.0,nan,0.0,0.00893,0.02226,23.95795,1.75645,0.22932,0.56743,0.38909,0.76572,0.56933,0.38909
-14.8456,23.20899,-8.32988,-0.35291,-0.25433,-0.90043,0.99068,0.0,0.0,nan,0.0,0.01881,0.04212,35.68538,2.39737,0.22748,0.55203,0.53911,0.85441,0.41712,0.53911
-15.67235,22.59161,-7.76392,-0.39196,-0.11476,-0.9128,0.97931,0.0,0.0,nan,0.0,0.01276,0.03286,31.1369,1.69149,0.23185,0.42187,0.45066,0.97946,0.59119,0.45066
-15.48166,23.12363,9.69403,-0.38899,0.06888,0.91866,0.99454,0.0,0.0,nan,0.0,0.00966,0.02678,27.97708,1.81709,0.22452,0.45549,0.52555,0.84857,0.55033,0.52555
-14.57802,22.72293,10.27773,-0.34288,0.05495,0.93777,0.98601,0.0,0.0,nan,0.0,0.01229,0.03122,27.76789,1.6519,0.23947,0.56774,0.7183,0.74339,0.60536,0.7183
-15.0212,24.92949,-9.12374,-0.37052,-0.28017,-0.88556,0.98855,0.0,0.0,nan,0.0,0.01749,0.04517,35.70304,1.9559,0.22944,0.61066,0.42094,0.66959,0.51127,0.42094
-15.92762,24.37321,-7.87045,-0.40399,-0.33216,-0.85233,0.98682,0.0,0.0,nan,0.0,0.0184,0.0475,32.98567,1.84247,0.24658,0.52839,0.69055,0.77766,0.54275,0.69055
-15.06915,25.02195,9.63906,-0.35411,-0.06022,0.93326,0.98966,0.0,0.0,nan,0.0,0.01275,0.03333,27.76737,1.9336,0.22919,0.46326,0.55854,0.88524,0.51717,0.55854
-14.04914,25.38684,10.00527,-0.25642,-0.08549,0.96278,0.98875,0.0,0.0,nan,0.0,0.01295,0.03441,25.80098,1.85112,0.24584,0.55721,0.68878,0.7275,0.54021,0.68878
-14.92122,26.89506,-9.11191,-0.32476,-0.06597,-0.94349,0.99423,0.0,0.0,nan,0.0,0.01697,0.04032,26.76208,1.74953,0.23567,0.53027,0.26675,0.85282,0.57158,0.26675
-15.94097,26.84661,9.996,-0.41662,-0.043,0.90806,0.98043,0.0,0.0,nan,0.0,0.00942,0.03086,26.72657,1.82483,0.23919,0.43475,0.47757,0.75496,0.548,0.47757
-14.90241,26.94886,10.42161,-0.34884,-0.05017,0.93584,0.9855,0.0,0.0,nan,0.0,0.00832,0.0248,21.68748,2.22673,0.22587,0.44419,0.44971,0.82532,0.44909,0.44971
-14.12293,29.36857,-10.10185,-0.31366,-0.24345,-0.91779,0.99789,0.0,0.0,nan,0.0,0.01623,0.0415,28.84635,1.86572,0.22584,0.57806,0.60706,0.7234,0.53599,0.60706
-14.9369,29.05038,-9.36795,-0.33118,-0.21406,-0.91897,0.98723,0.0,0.0,nan,0.0,0.01661,0.0387,31.99375,1.87237,0.23447,0.55157,0.49093,0.82686,0.53408,0.49093
-15.30006,28.96473,9.68048,-0.40596,0.04234,0.91291,0.99119,0.0,0.0,nan,0.0,0.01579,0.04493,31.35091,1.85101,0.22669,0.5056,0.61522,0.73957,0.54024,0.61522
-14.39052,28.93012,10.25661,-0.33293,0.05051,0.9416,0.99789,0.0,0.0,nan,0.0,0.00901,0.03829,28.34465,1.90192,0.22539,0.40978,0.52091,0.6149,0.52578,0.52091
-14.86276,31.20369,-10.36924,-0.32242,-0.03869,-0.94581,0.96865,0.0,0.0,nan,0.0,0.01372,0.03932,26.17629,1.68888,0.23713,0.47921,0.52841,0.78377,0.59211,0.52841
-15.16691,30.50451,-9.73278,-0.33176,-0.17419,-0.92714,0.99038,0.0,0.0,nan,0.0,0.01323,0.03528,25.91039,1.6519,0.23253,0.55243,0.72783,0.7311,0.60536,0.72783
-15.29848,30.53689,9.67094,-0.36214,-0.15749,0.91872,0.98865,0.0,0.0,nan,0.0,0.01197,0.03183,28.61942,1.87709,0.22734,0.48669,0.45372,0.82703,0.53274,0.45372
-14.80826,31.23939,10.29426,-0.30036,-0.19117,0.93447,0.99423,0.0,0.0,nan,0.0,0.01052,0.03418,24.84751,1.89492,0.22572,0.43951,0.31316,0.75657,0.52773,0.31316
-14.53521,32.87151,-10.34479,-0.33632,0.05074,-0.94038,0.98774,0.0,0.0,nan,0.0,0.00958,0.02992,32.83279,1.83891,0.23806,0.46183,0.31887,0.73577,0.5438,0.31887
-15.29156,33.25603,-9.5269,-0.42231,0.07385,-0.90344,0.98987,0.0,0.0,nan,0.0,0.00928,0.02592,31.06923,2.6197,0.24023,0.50921,0.53892,0.7485,0.38172,0.53892
-15.0521,33.05375,10.6053,-0.27638,0.02375,0.96075,0.98195,0.0,0.0,nan,0.0,0.00663,0.03768,25.79093,1.85239,0.22288,0.34474,0.42701,0.55038,0.53984,0.42701
-14.46824,35.28122,-10.21696,-0.34355,-0.17786,-0.92214,0.99525,0.0,0.0,nan,0.0,0.01431,0.03458,35.97416,1.82317,0.22497,0.5143,0.64399,0.84924,0.54849,0.64399
-15.16477,34.78526,-9.75353,-0.39673,-0.14831,-0.90587,0.98824,0.0,0.0,nan,0.0,0.01205,0.0309,38.54664,1.6519,0.23192,0.46171,0.71233,0.88812,0.60536,0.71233
-14.83876,35.23315,9.77192,-0.27687,0.05733,0.95919,0.9721,0.0,0.0,nan,0.0,0.00967,0.028,29.25991,2.07565,0.22445,0.46033,0.37104,0.80123,0.48178,0.37104
-14.78468,34.2883,10.15135,-0.27419,0.13167,0.95262,0.99312,0.0,0.0,nan,0.0,0.01406,0.04168,25.83569,1.70916,0.23581,0.54727,0.45993,0.66414,0.58508,0.45993
-15.01408,36.94141,-10.4919,-0.31498,-0.07885,-0.94582,0.99098,0.0,0.0,nan,0.0,0.01296,0.03742,24.42463,1.81709,0.23645,0.54552,0.48276,0.68698,0.55033,0.48276
-15.71239,36.27997,-9.99884,-0.38552,-0.19505,-0.90185,0.9921,0.0,0.0,nan,0.0,0.01116,0.03428,26.80327,1.69775,0.22495,0.46665,0.6957,0.75003,0.58902,0.6957
-15.12475,36.50332,9.59002,-0.28069,-0.09109,0.95547,0.95972,0.0,0.0,nan,0.0,0.00612,0.02758,34.46685,1.84489,0.23275,0.33533,0.4288,0.69974,0.54204,0.4288
-14.74681,37.53819,10.45759,-0.29554,-0.10575,0.94946,0.99586,0.0,0.0,nan,0.0,0.01057,0.04293,34.95804,1.88256,0.23228,0.36415,0.33294,0.71497,0.53119,0.33294
-14.83127,39.02035,-10.12462,-0.29208,-0.09152,-0.95201,0.98246,0.0,0.0,nan,0.0,0.00312,0.02093,13.49243,3.25105,0.23194,0.65094,0.87174,0.43111,0.30759,0.87174
-15.64207,39.19627,-9.86187,-0.3251,-0.11121,-0.93912,0.98408,0.0,0.0,nan,0.0,0.0048,0.01738,13.70579,3.56838,0.23307,0.52451,0.77201,0.64885,0.28024,0.77201
-15.92101,39.79467,9.83048,-0.35041,0.00628,0.93657,0.99383,0.0,0.0,nan,0.0,0.01757,0.05495,36.54889,1.81709,0.22158,0.37861,0.48727,0.89102,0.55033,0.48727
-14.98772,38.94542,10.39009,-0.33376,0.01684,0.94251,0.99778,0.0,0.0,nan,0.0,0.00919,0.04007,35.2274,1.91931,0.22451,0.35431,0.41207,0.68401,0.52102,0.41207
-14.99774,40.96983,-11.08749,-0.28915,-0.23039,-0.92915,0.958,0.01194,0.05969,0.51,1.0,0.00508,0.02834,10.7311,1.85662,0.24449,0.8196,0.80835,0.31904,0.53861,0.80835
-15.79609,40.78937,9.7766,-0.34526,-0.09953,0.93321,0.99159,0.0,0.0,nan,0.0,0.01631,0.03911,29.98295,3.36651,0.23124,0.47068,0.49424,0.94521,0.29704,0.49424
-14.86327,41.09732,10.41605,-0.30402,-0.11738,0.94541,0.99758,0.0,0.0,nan,0.0,0.01417,0.03262,26.94676,3.06724,0.23995,0.50952,0.58595,0.91628,0.32603,0.58595
-15.11635,42.84166,-11.11463,-0.29269,-0.01477,-0.95609,0.94764,0.10522,0.52612,0.51,1.0,0.02538,0.10211,3.46657,2.05411,0.23063,0.60543,0.55654,0.64729,0.48683,0.55654
-15.0128,42.99173,10.91834,-0.28267,-0.0501,0.95791,0.98317,0.0,0.0,nan,0.0,0.01109,0.03258,24.92111,1.86464,0.23121,0.48661,0.57095,0.75578,0.5363,0.57095
-15.01585,45.01997,-11.09809,-0.30002,0.038,-0.95318,0.94835,0.0,0.0,nan,0.0,0.01163,0.08253,3.10924,1.6519,0.22485,0.43505,0.83789,0.74048,0.60536,0.83789
-14.94921,44.94253,10.45585,-0.31924,0.0677,0.94525,0.99393,0.0,0.0,nan,0.0,0.01392,0.03653,24.19829,1.7594,0.23375,0.45769,0.40448,0.90128,0.56838,0.40448
-15.103,47.03252,-10.95139,-0.32088,0.06655,-0.94478,0.98703,0.0,0.0,nan,0.0,0.0063,0.04969,3.11106,2.16491,0.22346,0.52922,0.87121,0.64263,0.46191,0.87121
-15.82883,46.45362,9.83237,-0.34149,-0.108,0.93366,0.98347,0.0,0.0,nan,0.0,0.01297,0.02929,25.92977,1.84502,0.23179,0.51147,0.40295,0.93249,0.542,0.40295
-14.96355,46.92311,10.6698,-0.29703,-0.09321,0.95031,0.99728,0.0,0.0,nan,0.0,0.01084,0.02775,25.03493,1.85944,0.22545,0.44796,0.3229,0.94196,0.5378,0.3229
-15.00059,48.98175,-10.79663,-0.32069,0.07909,-0.94388,0.98307,0.0,0.0,nan,0.0,0.01007,0.05386,3.45342,2.22447,0.22216,0.49686,0.75212,0.59803,0.44954,0.75212
-15.83772,49.66887,9.88459,-0.3315,0.11579,0.93632,0.98449,0.0,0.0,nan,0.0,0.02083,0.04983,31.79529,1.69186,0.2357,0.50017,0.7652,0.93365,0.59107,0.7652
-14.94095,48.99459,10.64156,-0.27979,0.08389,0.95639,0.99515,0.0,0.0,nan,0.0,0.01846,0.04474,27.24305,1.93516,0.23278,0.48176,0.51403,0.91944,0.51675,0.51403
-15.09386,50.94275,-10.62579,-0.32307,0.08868,-0.94221,0.98073,0.0,0.0,nan,0.0,0.00872,0.08001,3.23042,2.04696,0.22325,0.27498,0.59509,0.64148,0.48853,0.59509
-15.53211,51.55536,9.84264,-0.28505,-0.00117,0.95851,0.98662,0.0,0.0,nan,0.0,0.00717,0.02226,28.11916,1.88037,0.21749,0.36375,0.36276,0.94785,0.53181,0.36276
-14.8241,50.95114,10.36243,-0.27298,0.02633,0.96166,0.99545,0.0,0.0,nan,0.0,0.02353,0.0461,27.66512,1.98505,0.23083,0.57327,0.47965,0.95461,0.50377,0.47965
-14.99562,52.96072,-10.42722,-0.30898,0.09784,-0.94602,0.98956,0.0,0.0,nan,0.0,0.01978,0.10732,3.35993,2.08658,0.22595,0.30824,0.38107,0.95406,0.47925,0.38107
-15.9956,53.98449,-9.9702,-0.32079,0.07776,-0.94395,0.99291,0.0,0.0,nan,0.0,0.00997,0.0833,2.60647,1.85068,0.22163,0.21398,0.33082,0.9887,0.54034,0.33082
-15.71691,53.80549,9.87016,-0.34065,0.07348,0.93731,0.99819,0.0,0.0,nan,0.0,0.01083,0.02471,28.63955,2.17882,0.233,0.4994,0.48387,0.93865,0.45896,0.48387
-15.07603,53.01055,10.8722,-0.30011,-0.0023,0.9539,0.98865,0.0,0.0,nan,0.0,0.00615,0.01842,25.31319,1.86799,0.22492,0.36054,0.37322,1.0,0.53534,0.37322
-14.86668,54.97613,-10.30237,-0.27908,0.08986,-0.95606,0.99098,0.0,0.0,nan,0.0,0.01213,0.08592,2.8602,1.79784,0.22478,0.2434,0.44771,0.98571,0.55622,0.44771
-15.86475,55.19388,-9.92698,-0.29774,0.06851,-0.95219,0.99119,0.0,0.0,nan,0.0,0.01093,0.08669,2.69913,1.81528,0.21611,0.22768,0.4268,0.96364,0.55088,0.4268
-15.6161,54.75443,9.94373,-0.34261,0.10751,0.93331,0.99362,0.0,0.0,nan,0.0,0.01928,0.03806,30.22012,1.6519,0.22869,0.54179,0.46807,0.99674,0.60536,0.46807
-14.82214,55.00686,10.43309,-0.28732,0.12762,0.9493,0.99718,0.0,0.0,nan,0.0,0.01293,0.02978,27.88439,1.73516,0.23309,0.48983,0.43528,0.94951,0.57631,0.43528
-14.65062,56.77043,-10.17548,-0.24917,0.0908,-0.96419,0.97931,0.0,0.0,nan,0.0,0.01282,0.0893,2.85948,1.81143,0.22688,0.26435,0.52662,0.92278,0.55205,0.52662
-15.58784,57.13946,-9.9047,-0.26295,0.08277,-0.96125,0.96307,0.0,0.0,nan,0.0,0.00876,0.07725,2.68916,1.68261,0.21962,0.2673,0.45353,0.7395,0.59431,0.45353
-15.29201,56.3954,9.8012,-0.26939,-0.02622,0.96267,0.9923,0.0,0.0,nan,0.0,0.01138,0.02769,28.28288,1.72085,0.24226,0.45998,0.40492,0.95643,0.58111,0.40492
-14.89357,57.08342,10.32496,-0.22943,0.0125,0.97324,0.99667,0.0,0.0,nan,0.0,0.00958,0.02683,30.20965,1.85238,0.22903,0.42597,0.31764,0.89344,0.53985,0.31764
-14.26088,58.53059,-10.0801,-0.22045,0.12377,-0.96751,0.96926,0.0,0.0,nan,0.0,0.02088,0.13907,3.36821,2.08468,0.22226,0.35946,0.7771,0.72895,0.47969,0.7771
-15.15787,59.22672,-9.7892,-0.2275,0.12905,-0.96519,0.96835,0.0,0.0,nan,0.0,0.00949,0.12194,3.30295,2.18313,0.23196,0.37461,0.92132,0.73823,0.45806,0.92132
-15.07225,59.4956,9.71148,-0.27357,0.15808,0.94877,0.99271,0.0,0.0,nan,0.0,0.01494,0.03465,31.68546,1.6519,0.23508,0.48926,0.48165,0.93699,0.60536,0.48165
-14.87689,58.83591,10.42169,-0.23407,0.12607,0.96401,0.98642,0.0,0.0,nan,0.0,0.01003,0.03277,31.957,2.05474,0.23737,0.43041,0.55659,0.75565,0.48668,0.55659
-14.98038,61.03568,-9.55463,-0.21048,0.15716,-0.96488,0.98297,0.0,0.0,nan,0.0,0.01479,0.10986,4.57196,2.0523,0.22753,0.44949,0.88013,0.73778,0.48726,0.88013
-15.17552,60.81874,9.75528,-0.28466,0.06671,0.9563,0.99515,0.0,0.0,nan,0.0,0.01543,0.04086,33.23473,1.95204,0.23554,0.51721,0.4508,0.77393,0.51228,0.4508
-14.38268,61.35275,10.12809,-0.2458,0.03122,0.96882,0.99738,0.0,0.0,nan,0.0,0.0126,0.03094,32.51148,1.90242,0.23653,0.53464,0.53734,0.80823,0.52565,0.53734
-15.01063,63.00066,-9.15477,-0.20235,0.1617,-0.96587,0.9986,0.0,0.0,nan,0.0,0.02102,0.1059,5.29244,2.41109,0.22436,0.45204,0.84153,0.85549,0.41475,0.84153
-15.30788,63.30516,9.51115,-0.27253,0.12618,0.95384,0.9989,0.0,0.0,nan,0.0,0.01014,0.02383,24.85361,1.91651,0.22728,0.48915,0.64272,0.94039,0.52178,0.64272
-14.6577,62.77309,10.28434,-0.24589,0.05356,0.96782,0.97657,0.0,0.0,nan,0.0,0.01345,0.03246,25.51856,1.77806,0.23076,0.52076,0.73251,0.85819,0.56241,0.73251
-14.99407,65.00673,-8.85395,-0.19883,0.14821,-0.96876,0.9987,0.0,0.0,nan,0.0,0.04119,0.1279,7.62779,2.37576,0.21573,0.50371,0.65016,0.807,0.42092,0.65016
-15.11733,65.07601,9.58833,-0.25581,0.12602,0.95848,0.99738,0.0,0.0,nan,0.0,0.00925,0.02368,27.72175,1.89548,0.23225,0.44487,0.3803,0.94144,0.52757,0.3803
-14.14525,64.20336,10.09661,-0.22767,0.18549,0.95591,0.99342,0.0,0.0,nan,0.0,0.01196,0.03002,25.60615,1.93856,0.22909,0.48834,0.42774,0.87925,0.51585,0.42774
-14.96584,66.99486,-8.60148,-0.19929,0.13407,-0.97073,0.9988,0.0,0.0,nan,0.0,0.0433,0.11483,8.01642,1.75511,0.22269,0.57169,0.77988,0.91123,0.56976,0.77988
-15.0098,66.84037,9.55492,-0.22831,0.02798,0.97319,0.99515,0.0,0.0,nan,0.0,0.01292,0.03163,28.81445,2.05267,0.2232,0.47398,0.48839,0.92174,0.48717,0.48839
-14.95933,68.99994,-8.33974,-0.19464,0.13019,-0.9722,0.9989,0.0,0.0,nan,0.0,0.03694,0.11092,7.34543,1.93966,0.22697,0.56068,0.80083,0.90255,0.51555,0.80083
-15.19627,69.01804,9.04595,-0.24183,0.1532,0.95815,0.99565,0.0,0.0,nan,0.0,0.01221,0.03841,30.86464,1.6878,0.22634,0.41517,0.45706,0.81509,0.59249,0.45706
-14.66917,70.84872,-8.08803,-0.19548,0.0781,-0.97759,0.9988,0.0,0.0,nan,0.0,0.02683,0.0806,8.05115,1.81709,0.22799,0.41556,0.51385,1.0,0.55033,0.51385
-15.57241,71.19082,-7.89887,-0.18396,0.07312,-0.98021,0.9985,0.00683,0.03417,0.6,1.0,0.03305,0.094,8.14684,1.89117,0.22858,0.43793,0.54186,1.0,0.52877,0.54186
-14.98984,70.88529,8.82124,-0.1984,0.07935,0.9769,0.99657,0.0,0.0,nan,0.0,0.00995,0.03157,32.47223,2.1508,0.22312,0.3579,0.34021,0.93527,0.46494,0.34021
-14.51822,72.86899,-8.10952,-0.20394,0.10478,-0.97336,0.9989,0.0,0.0,nan,0.0,0.01341,0.06365,9.22028,1.98781,0.22712,0.27244,0.32029,0.94117,0.50307,0.32029
-15.47554,73.08767,-7.89229,-0.20179,0.12182,-0.97182,0.9989,0.0,0.0,nan,0.0,0.01631,0.06392,8.92004,1.84347,0.22911,0.33298,0.49715,0.93819,0.54246,0.49715
-14.99983,73.00252,8.82441,-0.21054,0.17745,0.96135,0.99535,0.0,0.0,nan,0.0,0.01002,0.04268,25.97025,1.6519,0.23082,0.48431,0.72937,0.52213,0.60536,0.72937
-14.15385,74.11782,-8.02043,-0.2042,0.1521,-0.96704,0.9987,0.0,0.0,nan,0.0,0.01142,0.05332,9.49214,1.88636,0.22292,0.28055,0.47573,0.92456,0.53012,0.47573
-14.99102,74.99288,-7.59359,-0.19786,0.14657,-0.96921,0.9988,0.0,0.0,nan,0.0,0.01047,0.04775,9.47891,1.81709,0.226,0.27856,0.43667,0.95308,0.55033,0.43667
-14.90015,75.62694,7.67729,-0.15807,0.2851,0.94537,0.99169,0.0,0.0,nan,0.0,0.00646,0.02888,28.45576,1.67055,0.23475,0.38145,0.44993,0.62734,0.5986,0.44993
-14.90532,74.79281,8.32305,-0.1947,0.30907,0.93089,0.99677,0.0,0.0,nan,0.0,0.00503,0.03138,23.74401,2.35666,0.22647,0.38481,0.51454,0.4514,0.42433,0.51454
-15.00119,77.01466,-7.42812,-0.16372,0.09623,-0.9818,0.9989,0.0,0.0,nan,0.0,0.01069,0.05467,8.18961,2.43604,0.22239,0.38298,0.41064,0.63522,0.4105,0.41064
-15.05456,77.05963,7.99567,-0.14693,0.16468,0.97534,0.99504,0.0,0.0,nan,0.0,0.00783,0.02746,32.08568,1.81709,0.22877,0.41674,0.66257,0.72725,0.55033,0.66257
-14.87939,76.92143,8.01172,-0.14351,0.18081,0.97299,0.99575,0.0,0.0,nan,0.0,0.00758,0.0258,30.98094,1.90021,0.22332,0.4046,0.63584,0.77277,0.52626,0.63584
-14.95643,79.06951,-7.25074,-0.15545,0.23916,-0.95845,0.99301,0.0,0.0,nan,0.0,0.01268,0.04568,4.98773,2.0991,0.21959,0.41334,0.46499,0.94098,0.47639,0.46499
-15.02299,78.92728,7.54863,-0.16057,0.12139,0.97953,0.99626,0.0,0.0,nan,0.0,0.00378,0.02714,20.89016,1.81709,0.22728,0.42473,0.59638,0.35943,0.55033,0.59638
-14.95421,80.78069,-6.58532,-0.1405,0.54029,-0.82967,0.97688,0.0,0.0,nan,0.0,0.00977,0.05215,4.66104,1.92716,0.22777,0.31173,0.58886,0.85866,0.5189,0.58886
-15.04818,81.77113,-5.70801,-0.11691,0.73149,-0.67176,0.98297,0.0,0.0,nan,0.0,0.01383,0.07762,4.87953,1.84678,0.22968,0.38503,0.66736,0.65243,0.54148,0.66736
-15.02734,81.08022,6.94279,-0.19702,0.4851,0.85197,0.97474,0.00022,0.00111,0.6,1.0,0.01117,0.0501,5.77751,2.19635,0.22368,0.3326,0.54241,0.90225,0.4553,0.54241
-14.96489,82.40029,-4.74971,-0.09253,0.85519,-0.50999,0.99078,0.0,0.0,nan,0.0,0.02246,0.12175,5.80808,1.90641,0.22553,0.38146,0.80746,0.79645,0.52455,0.80746
-14.98757,83.13961,-3.01764,-0.07717,0.95819,-0.27552,0.99707,0.0,0.0,nan,0.0,0.02262,0.20839,8.78086,2.60619,0.23086,0.19935,0.49179,0.66854,0.3837,0.49179
-14.98725,83.41949,-0.97853,-0.07938,0.99311,-0.08623,0.9988,0.00075,0.00377,0.7,1.0,0.03014,0.20395,10.92057,2.72273,0.22817,0.20022,0.48637,0.87323,0.36728,0.48637
-15.00486,83.41087,1.00338,-0.09209,0.99549,0.02263,0.99839,0.0,0.0,nan,0.0,0.02672,0.20196,11.41675,1.87047,0.23199,0.16224,0.55295,0.9585,0.53463,0.55295
-15.01588,83.37867,3.03034,-0.12602,0.97952,0.15702,0.9987,0.05471,0.14127,0.51,0.94148,0.02216,0.20621,8.98744,2.07386,0.22238,0.20975,0.54972,0.62649,0.48219,0.54972
-15.0651,82.76012,5.05127,-0.1716,0.88141,0.44007,0.98581,0.0,0.0,nan,0.0,0.00732,0.03839,6.16465,1.90895,0.22889,0.30117,0.62343,0.83831,0.52385,0.62343
-14.75415,82.20355,6.25791,-0.18865,0.72862,0.65843,0.9586,0.0,0.0,nan,0.0,0.00779,0.03882,5.96625,1.93876,0.23298,0.27081,0.45426,0.98967,0.51579,0.45426
-13.01227,1.7536,-2.63188,-0.02397,-0.93999,-0.34036,0.97738,0.12696,0.2302,0.6,0.89015,0.01355,0.17372,5.68994,3.02171,0.23647,0.27908,0.84405,0.54032,0.33094,0.84405
-12.99545,1.47062,-0.99929,-0.01673,-0.99687,-0.07727,0.99728,0.03784,0.1892,0.6,1.0,0.0118,0.06672,4.22354,1.9009,0.23549,0.28421,0.43166,0.91702,0.52607,0.43166
-13.00531,1.60152,0.98153,-0.03002,-0.99709,0.07011,0.9987,0.0,0.0,nan,0.0,0.01171,0.04182,3.66989,1.9333,0.234,0.43418,0.68123,0.99624,0.51725,0.68123
-13.01532,1.73621,3.01663,-0.0391,-0.98952,0.13898,0.99809,0.0,0.0,nan,0.0,0.00345,0.04708,9.98948,2.05688,0.23425,0.80078,0.92704,0.25337,0.48617,0.92704
-12.8793,1.86836,4.45322,-0.04997,-0.97642,0.21004,0.99778,0.0,0.0,nan,0.0,0.00479,0.03302,12.00514,1.93305,0.23007,0.80855,0.94235,0.54474,0.51732,0.94235
-13.02082,2.99573,-4.7795,-0.0896,-0.51106,-0.85486,0.92805,0.0,0.0,nan,0.0,0.00314,0.0177,25.64314,1.6519,0.24019,0.49863,0.82374,0.50233,0.60536,0.82374
-12.98427,2.15817,-3.65337,-0.05326,-0.79442,-0.60503,0.92734,0.04506,0.22531,0.51,1.0,0.00538,0.06891,17.2676,3.27962,0.23714,0.37198,0.71622,0.234,0.30491,0.71622
-13.04711,2.44419,5.3069,-0.08777,-0.95423,0.2859,0.99799,0.0,0.0,nan,0.0,0.00635,0.0453,13.32544,2.72204,0.2379,0.77412,0.96569,0.67194,0.36737,0.96569
-13.13755,2.6818,7.22713,-0.16001,-0.76474,0.62415,0.92186,0.0,0.0,nan,0.0,0.00838,0.02255,22.76077,2.11242,0.23027,0.67147,0.55585,0.60216,0.47339,0.55585
-12.60137,3.47128,8.26835,-0.21729,-0.57837,0.7863,0.93363,0.0,0.0,nan,0.0,0.00989,0.02081,24.93066,3.37946,0.24194,0.62527,0.33239,0.82107,0.29591,0.33239
-12.96396,4.97288,-4.95011,-0.14329,-0.3012,-0.94273,0.99139,0.0,0.0,nan,0.0,0.00824,0.01869,29.09858,2.06754,0.23159,0.4796,0.35102,0.98273,0.48367,0.35102
-13.45976,4.83495,7.7118,-0.2105,-0.53214,0.82007,0.94937,0.0,0.0,nan,0.0,0.01612,0.03242,25.46402,1.65717,0.24264,0.62321,0.55778,0.86075,0.60344,0.55778
-12.70534,5.4718,8.45271,-0.26124,-0.61394,0.74487,0.95556,0.0,0.0,nan,0.0,0.01352,0.03003,27.32592,1.6519,0.23048,0.52727,0.43969,0.91646,0.60536,0.43969
-12.96762,7.31214,-6.56019,-0.24525,-0.34162,-0.90727,0.94165,0.0,0.0,nan,0.0,0.00955,0.03241,38.73303,3.38494,0.24075,0.63036,0.84006,0.69084,0.29543,0.84006
-12.99453,6.44656,-5.70114,-0.22291,-0.44569,-0.86699,0.99586,0.0,0.0,nan,0.0,0.01691,0.03613,34.25482,1.90056,0.21663,0.57539,0.47267,0.8611,0.52616,0.47267
-13.0525,6.11176,9.65913,-0.2343,-0.64773,0.72495,0.9851,0.0,0.0,nan,0.0,0.01069,0.04009,27.95836,1.87218,0.23862,0.57438,0.72247,0.49763,0.53414,0.72247
-12.97286,6.84432,10.88106,-0.16233,-0.44889,0.87872,0.88522,0.0,0.0,nan,0.0,0.02208,0.04604,42.49688,2.38928,0.2336,0.68257,0.72199,0.7355,0.41854,0.72199
-13.02705,9.0752,-6.7891,-0.23674,0.00167,-0.97157,0.95191,0.0,0.0,nan,0.0,0.01347,0.0362,28.5807,1.81709,0.24122,0.53,0.63734,0.75107,0.55033,0.63734
-13.5911,9.67333,-5.7187,-0.2628,0.01745,-0.96469,0.96906,0.0,0.0,nan,0.0,0.01052,0.02485,33.24497,3.46899,0.25002,0.62087,0.78041,0.80083,0.28827,0.78041
-12.97775,8.89553,10.72875,-0.16666,0.0074,0.98599,0.98368,0.0,0.0,nan,0.0,0.01634,0.03974,34.4627,1.72205,0.23148,0.49818,0.60924,0.87355,0.5807,0.60924
-12.80467,11.16889,-6.40423,-0.26713,-0.1771,-0.94725,0.96967,0.0,0.0,nan,0.0,0.01143,0.02808,31.46328,2.03805,0.22165,0.45497,0.42662,0.95182,0.49066,0.42662
-13.8338,10.9758,-5.91966,-0.2693,-0.09298,-0.95856,0.95272,0.0,0.0,nan,0.0,0.01095,0.02612,31.13394,1.6519,0.22519,0.44626,0.32591,1.0,0.60536,0.32591
-12.96274,10.95481,10.5158,-0.21731,0.14485,0.9653,0.99829,0.0,0.0,nan,0.0,0.01229,0.02759,35.56323,2.16948,0.22012,0.50516,0.27599,0.93153,0.46094,0.27599
-13.09657,12.84909,-7.39755,-0.2835,-0.32562,-0.902,0.96855,0.0,0.0,nan,0.0,0.02107,0.0596,21.9144,2.22615,0.22834,0.58493,0.53911,0.65966,0.44921,0.53911
-13.62388,13.11553,9.65216,-0.31293,0.16948,0.93453,0.98875,0.0,0.0,nan,0.0,0.01018,0.02633,30.47327,1.75167,0.22566,0.47624,0.3331,0.8652,0.57088,0.3331
-12.85107,12.70344,10.33664,-0.23395,0.14994,0.96062,0.99809,0.0,0.0,nan,0.0,0.00882,0.02441,31.47636,1.9965,0.21952,0.44284,0.3826,0.86837,0.50088,0.3826
-12.04802,14.42794,-8.00814,-0.23029,-0.07583,-0.97016,0.97759,0.0,0.0,nan,0.0,0.0079,0.02922,24.56064,2.05818,0.23241,0.46421,0.41927,0.63029,0.48587,0.41927
-13.09303,15.18239,-7.65801,-0.2067,-0.04894,-0.97718,0.99707,0.0,0.0,nan,0.0,0.00584,0.02122,31.48603,1.89069,0.2282,0.50727,0.78935,0.65957,0.52891,0.78935
-13.64142,15.13012,9.65356,-0.30512,-0.04248,0.95137,0.98611,0.0,0.0,nan,0.0,0.00793,0.02344,33.14643,2.90071,0.24791,0.60873,0.56167,0.58905,0.34474,0.56167
-12.52322,15.06442,10.09018,-0.18409,-0.03902,0.98214,0.98997,0.0,0.0,nan,0.0,0.0148,0.03067,29.43674,1.6519,0.23883,0.63244,0.3911,0.81479,0.60536,0.3911
-12.32604,17.35221,-8.23626,-0.25497,-0.33323,-0.90772,0.99657,0.0,0.0,nan,0.0,0.01331,0.03407,41.50247,1.91206,0.22055,0.53698,0.59025,0.76254,0.523,0.59025
-13.32169,16.90688,-7.67153,-0.22298,-0.25132,-0.94187,0.99159,0.0,0.0,nan,0.0,0.01275,0.02576,40.63187,1.91256,0.22692,0.55929,0.54197,0.92877,0.52286,0.54197
-13.6856,17.75288,9.68668,-0.30791,-0.03733,0.95068,0.99829,0.0,0.0,nan,0.0,0.01263,0.02635,24.74785,1.70156,0.23745,0.53204,0.43483,0.9738,0.5877,0.43483
-13.03008,16.93342,10.62716,-0.21208,-0.0848,0.97357,0.97515,0.0,0.0,nan,0.0,0.0083,0.02059,25.54709,1.77189,0.23604,0.47927,0.38257,0.90738,0.56437,0.38257
-13.06331,18.80872,-8.97277,-0.23512,-0.24556,-0.94044,0.94967,0.0,0.0,nan,0.0,0.00921,0.02584,34.59592,1.94371,0.22462,0.49643,0.73579,0.7592,0.51448,0.73579
-13.41829,18.38472,-7.53285,-0.23084,-0.33915,-0.91197,0.97647,0.0,0.0,nan,0.0,0.01518,0.03796,36.18115,1.89218,0.23027,0.57813,0.59552,0.72983,0.52849,0.59552
-13.77521,18.36582,9.71794,-0.32799,0.01185,0.94461,0.9922,0.0,0.0,nan,0.0,0.00984,0.02158,24.42548,1.66681,0.23711,0.5121,0.3631,0.96301,0.59995,0.3631
-12.94531,19.03907,10.43684,-0.195,-0.02108,0.98058,0.99038,0.0,0.0,nan,0.0,0.01141,0.02246,27.69443,1.70761,0.23724,0.57941,0.38483,0.94002,0.58561,0.38483
-13.02645,21.03806,-8.54345,-0.23096,-0.03996,-0.97214,0.99241,0.0,0.0,nan,0.0,0.01152,0.04585,29.64454,1.82948,0.23247,0.61581,0.75659,0.445,0.5466,0.75659
-13.97431,20.29898,9.94476,-0.32403,-0.15248,0.93368,0.99271,0.0,0.0,nan,0.0,0.00839,0.01896,25.70624,1.6519,0.24112,0.57742,0.42701,0.82596,0.60536,0.42701
-13.04122,21.00545,10.5269,-0.17525,-0.11497,0.97779,0.99007,0.0,0.0,nan,0.0,0.01522,0.0324,24.55381,1.81709,0.24028,0.59364,0.57235,0.85607,0.55033,0.57235
-12.92631,23.09786,-8.82394,-0.27155,-0.32389,-0.90629,0.9787,0.0,0.0,nan,0.0,0.01413,0.03678,33.52426,2.46667,0.22724,0.54282,0.5398,0.75007,0.40541,0.5398
-13.03581,23.89492,9.90872,-0.19853,0.12292,0.97236,0.97332,0.0,0.0,nan,0.0,0.01663,0.03559,22.40917,1.93994,0.22793,0.56234,0.43033,0.90509,0.51548,0.43033
-13.01148,23.18785,10.98838,-0.16818,0.10386,0.98027,0.95952,0.0,0.0,nan,0.0,0.01145,0.03205,21.7623,1.71621,0.22701,0.45605,0.34928,0.85524,0.58268,0.34928
-12.76539,25.25278,-10.2455,-0.25432,-0.16688,-0.95262,0.96784,0.0,0.0,nan,0.0,0.00713,0.02818,29.6826,1.6519,0.23431,0.48903,0.48081,0.552,0.60536,0.48081
-13.15861,24.45253,-9.62423,-0.29735,-0.30632,-0.90429,0.98215,0.0,0.0,nan,0.0,0.00913,0.0379,30.76736,2.07747,0.23521,0.53798,0.51753,0.47669,0.48135,0.51753
-13.20114,24.27016,9.9826,-0.21627,0.09016,0.97216,0.97535,0.0,0.0,nan,0.0,0.01332,0.02876,24.41818,1.88613,0.23219,0.50103,0.51501,1.0,0.53019,0.51501
-13.07664,24.90691,10.46052,-0.17538,-0.00045,0.9845,0.99738,0.0,0.0,nan,0.0,0.01046,0.02505,23.39759,3.46899,0.23759,0.46847,0.54122,0.96756,0.28827,0.54122
-13.04123,26.79298,-10.08078,-0.26855,-0.03682,-0.96256,0.98987,0.0,0.0,nan,0.0,0.008,0.02248,24.17407,3.55139,0.23767,0.45447,0.39127,0.84767,0.28158,0.39127
-12.9637,27.16121,-9.87918,-0.26419,-0.04281,-0.96352,0.99758,0.0,0.0,nan,0.0,0.00942,0.02313,24.98244,3.37172,0.23687,0.49405,0.73736,0.89071,0.29658,0.73736
-13.03601,26.9006,10.86929,-0.188,-0.12084,0.97471,0.98297,0.0,0.0,nan,0.0,0.01025,0.02741,19.7768,1.71266,0.23497,0.47786,0.50384,0.862,0.58389,0.50384
-12.95419,29.0705,-10.63136,-0.27408,-0.2489,-0.92894,0.992,0.0,0.0,nan,0.0,0.01416,0.03471,27.67457,1.88125,0.22928,0.55817,0.41315,0.7838,0.53156,0.41315
-13.43957,28.45074,-9.7166,-0.29227,-0.19161,-0.93694,0.98652,0.0,0.0,nan,0.0,0.01246,0.02694,30.05824,1.75468,0.2284,0.52444,0.32534,0.94083,0.5699,0.32534
-12.97714,29.07644,10.50055,-0.25001,0.06513,0.96605,0.99636,0.0,0.0,nan,0.0,0.01591,0.04922,23.91226,2.02084,0.22383,0.52192,0.41888,0.67135,0.49484,0.41888
-13.10552,30.95411,-10.87509,-0.26986,-0.07348,-0.96009,0.97992,0.0,0.0,nan,0.0,0.01317,0.03901,24.51964,1.6519,0.22125,0.48496,0.56919,0.75304,0.60536,0.56919
-13.96754,30.08265,-9.8947,-0.31089,-0.22183,-0.9242,0.99778,0.0,0.0,nan,0.0,0.01133,0.02897,25.34454,1.85651,0.23398,0.57488,0.80119,0.87777,0.53864,0.80119
-13.00108,31.04801,10.46389,-0.17335,-0.13832,0.9751,0.99444,0.0,0.0,nan,0.0,0.01007,0.03015,23.88435,1.87052,0.23073,0.40092,0.33522,0.90307,0.53461,0.33522
-12.91951,32.98557,-10.47803,-0.26375,0.06426,-0.96245,0.99778,0.0,0.0,nan,0.0,0.01091,0.02992,30.87899,1.83007,0.22879,0.48134,0.35242,0.80621,0.54643,0.35242
-13.20395,33.95346,-9.97353,-0.28216,-0.03862,-0.95859,0.96551,0.0,0.0,nan,0.0,0.01047,0.02772,34.78271,1.7125,0.23301,0.43103,0.36384,0.92656,0.58394,0.36384
-12.96613,32.94365,11.28407,-0.15391,-0.02044,0.98787,0.95292,0.0,0.0,nan,0.0,0.00918,0.02789,25.30844,2.05097,0.23083,0.42851,0.39719,0.82883,0.48758,0.39719
-13.0138,35.02577,-10.67075,-0.26139,-0.16099,-0.95171,0.99484,0.0,0.0,nan,0.0,0.00995,0.03312,34.02741,1.67983,0.23121,0.4071,0.57154,0.78138,0.5953,0.57154
-13.23358,34.02652,-9.98158,-0.28233,-0.05007,-0.95801,0.96815,0.0,0.0,nan,0.0,0.01121,0.02917,35.48377,1.71671,0.2331,0.43754,0.34385,0.92776,0.58251,0.34385
-13.89189,35.24119,9.87946,-0.25933,0.0646,0.96363,0.95201,0.0,0.0,nan,0.0,0.00965,0.02557,30.93401,1.88977,0.22117,0.43279,0.45635,0.92816,0.52916,0.45635
-12.96857,34.96255,10.59511,-0.24072,0.06352,0.96851,0.99301,0.0,0.0,nan,0.0,0.01407,0.03071,28.95606,1.86033,0.22739,0.53416,0.55421,0.91712,0.53754,0.55421
-13.00743,36.89695,-11.21755,-0.2469,-0.03943,-0.96824,0.98428,0.0,0.0,nan,0.0,0.00964,0.02908,18.88276,2.4034,0.22867,0.62824,0.7015,0.58348,0.41608,0.7015
-13.07398,36.95284,11.05111,-0.28417,-0.12902,0.95005,0.9922,0.0,0.0,nan,0.0,0.00851,0.04379,35.23188,1.6519,0.23888,0.35203,0.43021,0.58344,0.60536,0.43021
-12.95777,38.95266,-10.58499,-0.2229,-0.08882,-0.97079,0.97748,0.0,0.0,nan,0.0,0.00327,0.02581,13.45044,3.60602,0.24074,0.77031,0.90193,0.36718,0.27731,0.90193
-13.16919,39.10907,11.27338,-0.21479,0.06044,0.97479,0.9787,0.0,0.0,nan,0.0,0.00487,0.0382,29.93436,2.41965,0.22946,0.3033,0.45729,0.44867,0.41328,0.45729
-13.04101,41.00287,-11.58339,-0.21574,-0.22068,-0.95119,0.95647,0.00519,0.02593,0.51,1.0,0.00473,0.02429,9.15285,3.61282,0.23588,0.76116,0.61664,0.3114,0.27679,0.61664
-13.10966,41.00484,10.86581,-0.18576,-0.09636,0.97786,0.99657,0.0,0.0,nan,0.0,0.01241,0.0294,23.035,2.01891,0.23299,0.46871,0.6402,0.97895,0.49532,0.6402
-13.07943,42.92176,-11.62402,-0.21045,-0.0104,-0.97755,0.95099,0.09155,0.45777,0.51,1.0,0.0355,0.14634,2.59018,1.89648,0.22022,0.50378,0.79311,0.99001,0.52729,0.79311
-13.07414,42.857,11.49665,-0.23114,-0.086,0.96911,0.98317,0.0,0.0,nan,0.0,0.00706,0.02146,23.87652,1.81709,0.22559,0.43746,0.46425,0.81531,0.55033,0.46425
-13.02213,45.01793,-11.62373,-0.21247,0.02212,-0.97692,0.96104,0.00571,0.02856,0.51,1.0,0.01157,0.08405,2.53939,1.73957,0.22919,0.24687,0.42163,0.99722,0.57485,0.42163
-13.02031,44.99945,11.10391,-0.2487,0.07651,0.96555,0.99647,0.0,0.0,nan,0.0,0.01318,0.03167,26.62556,1.81709,0.22583,0.49341,0.42775,0.90669,0.55033,0.42775
-12.96006,47.00179,-11.57446,-0.21682,0.05338,-0.97475,0.98621,0.0,0.0,nan,0.0,0.00985,0.06377,3.06647,2.05166,0.22746,0.26075,0.5186,0.97853,0.48741,0.5186
-13.02415,46.96503,11.15467,-0.19622,-0.06482,0.97841,0.99768,0.0,0.0,nan,0.0,0.01332,0.03404,25.35924,1.74745,0.22461,0.47509,0.47825,0.88834,0.57226,0.47825
-12.93959,48.99824,-11.4261,-0.22361,0.07584,-0.97172,0.98591,0.0,0.0,nan,0.0,0.01379,0.08442,3.60134,2.10861,0.21908,0.35894,0.70259,0.70759,0.47425,0.70259
-13.08076,49.02982,11.39891,-0.13527,0.11711,0.98386,0.98175,0.0,0.0,nan,0.0,0.01203,0.02824,22.37867,1.71486,0.22549,0.48098,0.35259,0.96476,0.58314,0.35259
-12.96911,51.044,-11.2516,-0.23289,0.08887,-0.96844,0.9852,0.0315,0.1575,0.51,1.0,0.01445,0.11521,4.50449,2.0474,0.23121,0.403,0.81287,0.56258,0.48843,0.81287
-13.03535,51.00783,11.02104,-0.10918,0.0077,0.99399,0.99342,0.0,0.0,nan,0.0,0.0159,0.02992,26.78459,1.88264,0.23765,0.57117,0.5176,1.0,0.53117,0.5176
-13.01491,52.97628,-11.03538,-0.24075,0.10973,-0.96437,0.9923,0.00105,0.00527,0.6,1.0,0.01989,0.13724,4.42937,1.73424,0.23311,0.35858,0.72434,0.58661,0.57662,0.72434
-13.0104,52.92785,11.38288,-0.15137,-0.05421,0.98699,0.96784,0.0,0.0,nan,0.0,0.00769,0.02221,21.95418,2.07922,0.22573,0.39598,0.41545,0.95384,0.48095,0.41545
-13.00707,54.99663,-10.74537,-0.23663,0.11384,-0.96491,0.99444,0.0,0.0,nan,0.0,0.01428,0.1107,3.47251,1.89692,0.23256,0.29825,0.84945,0.99958,0.52717,0.84945
-12.94268,55.0444,10.76854,-0.18057,0.1749,0.96789,0.99372,0.0,0.0,nan,0.0,0.01762,0.04183,25.21341,1.86874,0.22535,0.54008,0.29847,0.84162,0.53512,0.29847
-12.94522,56.97892,-10.55568,-0.21138,0.11674,-0.97041,0.98398,0.0,0.0,nan,0.0,0.00901,0.18065,4.21867,2.81516,0.22879,0.45229,0.97033,0.55136,0.35522,0.97033
-12.92449,56.92716,10.42702,-0.10095,0.04859,0.9937,0.99636,0.0,0.0,nan,0.0,0.01077,0.0289,26.55101,1.86265,0.2374,0.45213,0.31277,0.88613,0.53687,0.31277
-12.88506,59.00768,-10.33142,-0.18626,0.14622,-0.97156,0.98489,0.0,0.0,nan,0.0,0.01116,0.22438,5.95781,2.09238,0.20954,0.51277,0.99308,0.58302,0.47793,0.99308
-13.91046,59.82228,-9.96954,-0.20309,0.14973,-0.96764,0.97891,0.0,0.0,nan,0.0,0.01522,0.14227,4.35669,2.15307,0.22722,0.449,0.90027,0.66959,0.46445,0.90027
-13.99875,59.84193,9.98044,-0.1892,0.13888,0.97207,0.99088,0.0,0.0,nan,0.0,0.01524,0.03851,31.3476,1.8506,0.24231,0.50524,0.41031,0.83322,0.54037,0.41031
-13.06461,59.20582,10.86265,-0.10021,0.12551,0.98702,0.98337,0.0,0.0,nan,0.0,0.01108,0.02721,32.36824,1.81709,0.22783,0.46957,0.40103,0.92087,0.55033,0.40103
-12.58453,60.57664,-10.10694,-0.16829,0.16639,-0.97159,0.99484,0.00167,0.00835,0.43,1.0,0.00944,0.14831,7.1349,2.10484,0.21798,0.57424,0.99875,0.6956,0.47509,0.99875
-13.25733,61.24657,-9.85758,-0.18225,0.16723,-0.96893,0.99474,0.0,0.0,nan,0.0,0.01065,0.11809,6.51569,1.90232,0.22122,0.55377,0.9571,0.63112,0.52567,0.9571
-12.45955,61.09647,9.97392,-0.07819,0.00463,0.99693,0.98479,0.0,0.0,nan,0.0,0.01554,0.03678,27.08644,1.6519,0.23079,0.45797,0.30014,0.99038,0.60536,0.30014
-12.96151,61.01323,10.37255,-0.10968,0.01733,0.99382,0.99758,0.0,0.0,nan,0.0,0.01919,0.04076,29.83898,2.21237,0.22968,0.52758,0.33596,0.95249,0.452,0.33596
-13.00977,62.98453,-9.63017,-0.17424,0.16735,-0.97038,0.9989,0.0,0.0,nan,0.0,0.01293,0.13191,8.3136,2.22703,0.21475,0.51864,0.96079,0.72023,0.44903,0.96079
-13.93839,63.68493,9.99339,-0.20927,0.15636,0.96528,0.99636,0.0,0.0,nan,0.0,0.01235,0.0311,25.3674,1.75351,0.23313,0.50216,0.47816,0.85309,0.57029,0.47816
-13.05682,63.0148,10.64699,-0.12017,0.08436,0.98916,0.96043,0.0,0.0,nan,0.0,0.01243,0.03141,25.33634,1.81709,0.23803,0.4665,0.39936,0.91569,0.55033,0.39936
-12.99784,65.00443,-9.30838,-0.16578,0.15307,-0.97421,0.9989,0.00173,0.00863,0.51,1.0,0.01767,0.14639,8.65055,2.14749,0.21948,0.48395,0.95576,0.89905,0.46566,0.95576
-13.11695,65.30333,9.61672,-0.16415,0.13268,0.97747,0.98662,0.0,0.0,nan,0.0,0.01359,0.0314,26.61334,1.90682,0.2292,0.47587,0.4289,0.9778,0.52443,0.4289
-12.92025,64.41422,10.35208,-0.11973,0.1899,0.97448,0.98195,0.0,0.0,nan,0.0,0.01106,0.03057,25.08245,1.88889,0.23464,0.44818,0.32143,0.87133,0.52941,0.32143
-13.02721,67.01453,-8.92958,-0.16562,0.13477,-0.97694,0.9989,0.0,0.0,nan,0.0,0.02877,0.11146,8.85611,2.20274,0.21667,0.53894,0.86888,0.94752,0.45398,0.86888
-13.06407,66.85261,9.85385,-0.18136,0.00862,0.98338,0.99555,0.0,0.0,nan,0.0,0.00931,0.02522,24.7571,1.68511,0.22597,0.43422,0.34348,0.91882,0.59343,0.34348
-12.50374,67.70916,10.17159,-0.20589,0.03266,0.97803,0.98256,0.0,0.0,nan,0.0,0.00928,0.02566,22.26541,1.94918,0.23288,0.47081,0.44065,0.83728,0.51304,0.44065
-13.0035,68.99979,-8.70332,-0.1877,0.1165,-0.97529,0.9989,0.0,0.0,nan,0.0,0.01733,0.10663,8.66463,1.93935,0.21553,0.57953,0.9546,1.0,0.51564,0.9546
-13.06116,69.14871,9.52721,-0.21141,0.18118,0.96046,0.99728,0.0,0.0,nan,0.0,0.01215,0.039,26.62322,2.07477,0.23511,0.51253,0.71135,0.65351,0.48198,0.71135
-12.3744,68.49393,10.21866,-0.22534,0.11896,0.96699,0.98428,0.0,0.0,nan,0.0,0.00772,0.02264,25.08471,3.34521,0.2357,0.47416,0.41519,0.77656,0.29893,0.41519
-12.99602,70.98795,-8.49507,-0.21743,0.06722,-0.97376,0.9989,0.0,0.0,nan,0.0,0.02442,0.06768,7.9137,2.20599,0.22363,0.47636,0.70116,0.94881,0.45331,0.70116
-12.90115,70.99835,8.93251,-0.22498,0.07307,0.97162,0.97962,0.0,0.0,nan,0.0,0.01186,0.02772,26.72617,2.06524,0.23615,0.50646,0.40955,0.90756,0.48421,0.40955
-12.99987,73.01117,-8.45124,-0.21657,0.1118,-0.96984,0.9989,0.0,0.0,nan,0.0,0.00908,0.06167,8.23161,1.87871,0.21669,0.22961,0.2975,0.79655,0.53228,0.2975
-12.98039,72.97713,9.38988,-0.23111,0.1013,0.96764,0.98987,0.0,0.0,nan,0.0,0.00709,0.03684,21.97805,2.06621,0.23207,0.41472,0.70205,0.50649,0.48398,0.70205
-12.76232,74.80157,-8.16917,-0.20521,0.17139,-0.9636,0.9988,0.0,0.0,nan,0.0,0.01004,0.05359,8.61048,1.99715,0.22048,0.29725,0.35929,0.77699,0.50071,0.35929
-13.41267,75.38287,-7.75828,-0.19698,0.15904,-0.96742,0.9985,0.00043,0.00216,0.51,1.0,0.00815,0.0469,8.86385,2.03212,0.22116,0.25634,0.39759,0.83106,0.4921,0.39759
-13.62156,75.80231,7.76252,-0.16991,0.31106,0.93508,0.97738,0.0,0.0,nan,0.0,0.00649,0.02423,29.88843,2.40381,0.23327,0.36332,0.45795,0.7863,0.41601,0.45795
-13.04131,75.07816,8.78528,-0.23952,0.37319,0.8963,0.99809,0.0,0.0,nan,0.0,0.00599,0.03169,27.54976,2.48711,0.22757,0.39723,0.39675,0.51044,0.40207,0.39675
-12.0738,76.06256,-8.0362,-0.19565,0.15614,-0.96816,0.9988,0.0,0.0,nan,0.0,0.00827,0.05318,8.16604,1.89706,0.22112,0.27677,0.5411,0.69946,0.52713,0.5411
-12.99419,77.03372,-7.7255,-0.17895,0.13101,-0.9751,0.9989,0.0,0.0,nan,0.0,0.01206,0.06106,8.04745,1.81107,0.2287,0.34582,0.38879,0.71323,0.55216,0.38879
-12.87059,77.09752,7.51172,-0.12989,0.21645,0.96761,0.96114,0.0,0.0,nan,0.0,0.00852,0.02381,31.74816,1.6519,0.23408,0.39952,0.42446,0.95152,0.60536,0.42446
-12.43627,77.1828,8.0026,-0.1611,0.24433,0.95622,0.99606,0.0,0.0,nan,0.0,0.00928,0.0241,30.2896,2.3486,0.23515,0.42307,0.61428,0.96997,0.42579,0.61428
-12.99731,79.01323,-7.45332,-0.13948,0.24253,-0.96006,0.99494,0.0,0.0,nan,0.0,0.01816,0.05848,5.41635,1.96308,0.22583,0.44161,0.48401,0.96264,0.5094,0.48401
-13.07995,78.92357,7.93525,-0.08355,0.07359,0.99378,0.99281,0.0,0.0,nan,0.0,0.00584,0.0284,24.50926,1.81709,0.23615,0.55948,0.49304,0.39764,0.55033,0.49304
-12.57904,78.4726,8.00642,-0.10438,0.10109,0.98939,0.99606,0.0,0.0,nan,0.0,0.0057,0.02387,26.086,1.6519,0.23356,0.46843,0.49702,0.54868,0.60536,0.49702
-12.9753,80.85757,-6.77575,-0.10204,0.55998,-0.8222,0.97627,0.0,0.0,nan,0.0,0.01048,0.06206,4.44892,2.12711,0.22383,0.27394,0.46903,0.89339,0.47012,0.46903
-13.09194,81.87761,-5.82411,-0.07282,0.75644,-0.65,0.9851,0.0,0.0,nan,0.0,0.01245,0.0763,4.94941,1.8958,0.22894,0.39364,0.67122,0.58185,0.52748,0.67122
-13.04052,81.09018,7.32128,-0.13664,0.43898,0.88805,0.97383,0.0,0.0,nan,0.0,0.01262,0.07376,7.1763,1.82453,0.23949,0.5789,0.80064,0.45087,0.54808,0.80064
-13.0206,82.5029,-4.84291,-0.05576,0.86463,-0.4993,0.99261,0.0,0.0,nan,0.0,0.01478,0.09315,6.54121,2.87052,0.23228,0.33704,0.73539,0.61457,0.34837,0.73539
-13.0206,83.2821,-3.03235,-0.06552,0.9573,-0.28158,0.99667,0.0,0.0,nan,0.0,0.03475,0.17867,9.40938,2.70016,0.22646,0.27958,0.5337,0.84353,0.37035,0.5337
-13.04788,83.60289,-1.03075,-0.07599,0.99272,-0.0934,0.9987,0.0,0.0,nan,0.0,0.03081,0.17508,11.2876,2.4014,0.22701,0.20732,0.3385,0.99922,0.41642,0.3385
-12.99235,83.59818,1.02182,-0.08828,0.99608,0.0059,0.9985,0.0,0.0,nan,0.0,0.02335,0.16228,10.39152,2.44057,0.22636,0.18247,0.50558,0.94049,0.40974,0.50558
-13.00166,83.60201,3.04742,-0.10232,0.98705,0.12352,0.9986,0.0,0.0,nan,0.0,0.01444,0.1273,8.23014,2.70907,0.22448,0.22754,0.41073,0.61988,0.36913,0.41073
-13.02507,83.14214,5.06866,-0.13403,0.91572,0.3788,0.98652,0.0,0.0,nan,0.0,0.01143,0.05564,5.50704,2.03815,0.22977,0.38604,0.67688,0.72526,0.49064,0.67688
-12.93266,82.42728,6.51663,-0.14393,0.73703,0.66036,0.95383,0.0,0.0,nan,0.0,0.01134,0.05053,5.51679,1.90931,0.22806,0.31104,0.46361,0.98278,0.52375,0.46361
-10.96331,1.75149,-2.63904,-0.01393,-0.94913,-0.31459,0.99119,0.03449,0.17243,0.6,1.0,0.0148,0.11598,5.3685,1.70793,0.23655,0.37143,0.84479,0.67666,0.5855,0.84479
-10.99208,1.45346,-1.01484,-0.01894,-0.99526,-0.09539,0.99728,0.0,0.0,nan,0.0,0.00781,0.0529,3.57355,2.72576,0.2303,0.23023,0.43267,1.0,0.36687,0.43267
-11.01666,1.51314,0.99296,-0.02714,-0.99715,0.07039,0.9987,0.0,0.0,nan,0.0,0.0068,0.03529,3.35834,1.96746,0.22994,0.40754,0.82681,1.0,0.50827,0.82681
-11.01314,1.72638,2.99595,0.00086,-0.98982,0.14229,0.9985,0.0,0.0,nan,0.0,0.00251,0.04611,8.15422,2.73081,0.22816,0.76001,0.93365,0.21669,0.36619,0.93365
-11.0001,1.8844,4.55541,0.00889,-0.9809,0.1943,0.99758,0.0,0.0,nan,0.0,0.00568,0.0337,11.84971,1.91526,0.22091,0.84164,0.92816,0.54412,0.52212,0.92816
-10.98228,3.03934,-4.87365,-0.05208,-0.54899,-0.8342,0.93445,0.0,0.0,nan,0.0,0.00849,0.03822,26.14781,1.90845,0.22889,0.42431,0.69168,0.56387,0.52399,0.69168
-10.97703,2.1931,-3.61262,-0.02286,-0.82732,-0.56127,0.95931,0.01382,0.0691,0.51,1.0,0.00766,0.17542,26.21296,1.98715,0.21918,0.64546,0.96214,0.22681,0.50323,0.96214
-10.9517,2.31358,5.40135,0.0004,-0.97325,0.22975,0.99809,0.0,0.0,nan,0.0,0.00711,0.07386,14.06685,1.91354,0.22819,0.83784,0.98197,0.50953,0.52259,0.98197
-10.96779,2.48039,7.2048,-0.07741,-0.86101,0.50267,0.94571,0.0,0.0,nan,0.0,0.00481,0.02615,25.71122,2.06255,0.23207,0.58659,0.73627,0.3379,0.48484,0.73627
-11.06433,3.52138,8.08111,-0.17965,-0.68586,0.70521,0.96947,0.0,0.0,nan,0.0,0.00533,0.0159,22.65305,2.06929,0.22192,0.53818,0.40831,0.67771,0.48326,0.40831
-11.07296,4.91973,-5.26286,-0.09895,-0.38202,-0.91884,0.99636,0.0,0.0,nan,0.0,0.01206,0.02982,27.33526,3.07059,0.23101,0.43944,0.38214,0.98779,0.32567,0.38214
-10.98471,4.70899,9.07638,-0.21543,-0.57332,0.7905,0.99504,0.0,0.0,nan,0.0,0.01184,0.02724,28.81567,2.0776,0.2318,0.53438,0.42533,0.87022,0.48132,0.42533
-10.77714,5.66612,10.16489,-0.14813,-0.57458,0.80494,0.98682,0.0,0.0,nan,0.0,0.00973,0.02469,27.54629,1.71388,0.22734,0.49252,0.44204,0.85844,0.58347,0.44204
-10.93533,7.05992,-6.72396,-0.11293,-0.38959,-0.91404,0.96043,0.0,0.0,nan,0.0,0.02263,0.06056,29.53055,1.77184,0.22208,0.6432,0.72241,0.62047,0.56438,0.72241
-11.25119,6.31424,-5.60581,-0.13414,-0.47046,-0.87217,0.98611,0.0,0.0,nan,0.0,0.0133,0.03228,27.31449,1.92339,0.23301,0.46876,0.34204,0.94285,0.51992,0.34204
-11.88117,6.2205,9.85002,-0.15107,-0.60366,0.7828,0.99159,0.0,0.0,nan,0.0,0.01377,0.03391,28.1113,1.81709,0.23137,0.54681,0.33308,0.79561,0.55033,0.33308
-10.87467,6.84829,10.77698,-0.08179,-0.40014,0.9128,0.9651,0.0,0.0,nan,0.0,0.0128,0.02939,29.05024,1.67172,0.23182,0.55616,0.54769,0.83724,0.59819,0.54769
-10.98909,9.28803,-7.04886,-0.11781,-0.01963,-0.99284,0.97667,0.0,0.0,nan,0.0,0.01518,0.03373,26.27012,1.91088,0.23887,0.51223,0.47807,0.94562,0.52332,0.47807
-11.07186,8.97283,11.11927,-0.04698,-0.02281,0.99864,0.98489,0.0,0.0,nan,0.0,0.01799,0.03455,40.09622,1.88252,0.2351,0.65107,0.55181,0.83994,0.5312,0.55181
-11.05589,10.96035,-7.00618,-0.17522,-0.20127,-0.96374,0.98408,0.0,0.0,nan,0.0,0.0139,0.02923,31.41793,2.16966,0.23167,0.51005,0.60448,0.99155,0.4609,0.60448
-10.92442,10.63874,10.80161,-0.08129,0.07242,0.99406,0.9989,0.0,0.0,nan,0.0,0.0111,0.02921,33.49324,1.81709,0.22868,0.48915,0.47457,0.82338,0.55033,0.47457
-10.69007,13.54555,-8.10979,-0.15631,-0.17437,-0.97219,0.98469,0.0,0.0,nan,0.0,0.01377,0.03681,27.48118,2.22452,0.23312,0.57947,0.57522,0.69238,0.44953,0.57522
-11.08397,12.56921,-7.75857,-0.18243,-0.31853,-0.93019,0.97901,0.0,0.0,nan,0.0,0.01829,0.051,24.31931,1.89031,0.22707,0.48723,0.60066,0.79665,0.52901,0.60066
-10.9579,13.03621,10.61249,-0.09406,0.16608,0.98162,0.99647,0.0,0.0,nan,0.0,0.01309,0.02848,31.72222,2.03173,0.23501,0.54097,0.43894,0.90329,0.49219,0.43894
-10.88762,14.45497,-8.10228,-0.16798,-0.10526,-0.98015,0.9921,0.0,0.0,nan,0.0,0.00859,0.02671,25.37318,2.60728,0.22727,0.44859,0.49304,0.77306,0.38354,0.49304
-10.95679,15.13882,-7.55978,-0.19929,-0.07785,-0.97684,0.99109,0.0,0.0,nan,0.0,0.00934,0.02347,24.45511,3.05508,0.23543,0.52912,0.6726,0.81341,0.32732,0.6726
-10.75195,15.52684,9.72434,-0.06378,-0.08246,0.99455,0.94399,0.0,0.0,nan,0.0,0.00975,0.02391,24.48615,1.73814,0.23769,0.47488,0.45084,0.92875,0.57533,0.45084
-11.26639,14.80953,10.19766,-0.0852,0.00419,0.99636,0.9851,0.0,0.0,nan,0.0,0.01119,0.0237,26.84677,1.81709,0.24516,0.53007,0.52225,0.95711,0.55033,0.52225
-10.88493,17.18225,-8.39622,-0.20009,-0.30967,-0.92955,0.9923,0.0,0.0,nan,0.0,0.01133,0.03108,33.93748,2.05591,0.22463,0.44683,0.53415,0.86397,0.4864,0.53415
-11.10003,16.41199,-7.6487,-0.24177,-0.18248,-0.95302,0.95921,0.0,0.0,nan,0.0,0.00798,0.02356,30.80198,1.90391,0.21906,0.40472,0.54172,0.89147,0.52523,0.54172
-10.76523,16.15944,9.8006,-0.0701,-0.10321,0.99219,0.95881,0.0,0.0,nan,0.0,0.00569,0.01616,25.76395,1.68844,0.23566,0.40706,0.36242,0.9325,0.59226,0.36242
-11.03174,16.91229,10.80873,-0.09298,-0.08223,0.99227,0.98489,0.0,0.0,nan,0.0,0.00642,0.02004,26.5968,1.67637,0.23305,0.36894,0.40956,0.93434,0.59653,0.40956
-10.97941,18.87432,-9.04561,-0.1797,-0.18111,-0.9669,0.9851,0.0,0.0,nan,0.0,0.00913,0.02404,27.09364,1.88213,0.23433,0.45069,0.33305,0.90543,0.53131,0.33305
-10.45156,18.74416,9.97483,-0.07647,0.04904,0.99586,0.96297,0.0,0.0,nan,0.0,0.01208,0.02488,26.78586,1.81709,0.25157,0.56127,0.70892,0.92951,0.55033,0.70892
-10.91769,18.93699,10.48628,-0.07338,0.03839,0.99656,0.99393,0.0,0.0,nan,0.0,0.01295,0.03184,27.87512,1.69011,0.24484,0.58282,0.68794,0.74821,0.59168,0.68794
-10.8854,20.7701,-8.82467,-0.17782,-0.07726,-0.98102,0.98794,0.0,0.0,nan,0.0,0.007,0.01959,26.05332,1.89801,0.22592,0.42754,0.52726,0.90007,0.52687,0.52726
-11.09571,20.97986,9.93405,-0.00259,-0.12665,0.99194,0.94896,0.0,0.0,nan,0.0,0.00623,0.01898,24.33766,2.04366,0.2301,0.4162,0.49123,0.85312,0.48932,0.49123
-10.88959,21.29914,10.50631,-0.0347,-0.12819,0.99114,0.99322,0.0,0.0,nan,0.0,0.00478,0.01447,25.55719,1.87908,0.23206,0.41438,0.59357,0.8604,0.53218,0.59357
-10.57233,23.69514,-10.33667,-0.29079,-0.34429,-0.8927,0.97535,0.0,0.0,nan,0.0,0.01092,0.05451,18.57146,1.78729,0.23436,0.55592,0.49467,0.39904,0.55951,0.49467
-11.0739,22.92529,-9.4708,-0.30773,-0.36113,-0.88028,0.9852,0.0,0.0,nan,0.0,0.01164,0.04546,33.48744,2.02743,0.22676,0.55126,0.40011,0.49243,0.49323,0.40011
-10.89378,23.01194,10.83639,-0.10582,0.04578,0.99333,0.99667,0.0,0.0,nan,0.0,0.01071,0.02347,29.87081,1.6519,0.23743,0.53807,0.59766,0.90506,0.60536,0.59766
-11.04981,25.02221,-10.71876,-0.26993,-0.10687,-0.95693,0.96134,0.0,0.0,nan,0.0,0.00652,0.02673,21.54686,2.55848,0.2306,0.54009,0.59282,0.49333,0.39086,0.59282
-11.82407,24.05936,-9.93018,-0.29411,-0.31473,-0.90247,0.97789,0.0,0.0,nan,0.0,0.00964,0.04305,28.68239,1.7344,0.23151,0.58386,0.55134,0.41044,0.57657,0.55134
-10.67528,25.73249,9.98427,-0.10643,-0.1344,0.98519,0.93394,0.0,0.0,nan,0.0,0.00807,0.02689,25.71799,1.6675,0.23574,0.34591,0.38588,0.93546,0.5997,0.38588
-10.90327,25.02174,10.48173,-0.1104,-0.03106,0.9934,0.98713,0.0,0.0,nan,0.0,0.00739,0.02252,28.72812,1.6519,0.23659,0.35473,0.37562,0.98977,0.60536,0.37562
-10.77799,26.8585,-10.26097,-0.17144,0.01536,-0.98508,0.99109,0.0,0.0,nan,0.0,0.0072,0.01739,21.52893,2.03184,0.23544,0.52369,0.40173,0.86381,0.49216,0.40173
-11.36956,27.10067,-9.69507,-0.17653,-0.00964,-0.98425,0.94784,0.0,0.0,nan,0.0,0.00814,0.02086,23.08004,2.00382,0.23593,0.48779,0.51639,0.86889,0.49905,0.51639
-11.00678,26.92999,10.88117,-0.09964,-0.14084,0.98501,0.99728,0.0,0.0,nan,0.0,0.00772,0.02628,23.39337,1.70746,0.23729,0.3832,0.36172,0.83156,0.58567,0.36172
-10.90084,28.88516,-10.68436,-0.15379,-0.25535,-0.95454,0.99738,0.0,0.0,nan,0.0,0.01617,0.03637,26.77248,1.86037,0.22779,0.60721,0.64294,0.78709,0.53753,0.64294
-11.97756,28.05796,-9.94707,-0.20996,-0.15509,-0.96533,0.97698,0.0,0.0,nan,0.0,0.00953,0.02057,26.25779,2.73049,0.22549,0.49892,0.607,0.99973,0.36623,0.607
-11.0083,29.02352,11.1796,-0.08772,0.09853,0.99126,0.98682,0.0,0.0,nan,0.0,0.01549,0.04512,19.71236,1.82305,0.23476,0.58757,0.46011,0.6436,0.54853,0.46011
-10.98786,30.98617,-11.33091,-0.11616,-0.03807,-0.9925,0.96967,0.0,0.0,nan,0.0,0.01624,0.03624,25.1957,1.96089,0.22872,0.61945,0.40791,0.78095,0.50997,0.40791
-11.00811,31.05807,10.61884,-0.07264,-0.08864,0.99341,0.98966,0.0,0.0,nan,0.0,0.01042,0.02523,21.17825,1.77266,0.23922,0.54888,0.61466,0.82392,0.56412,0.61466
-11.01327,33.02587,-10.81557,-0.13243,0.0143,-0.99109,0.9918,0.0,0.0,nan,0.0,0.00545,0.01584,26.8247,2.0163,0.23186,0.40958,0.23242,0.9022,0.49596,0.23242
-11.04545,33.10694,11.24211,-0.08498,-0.0759,0.99349,0.99433,0.0,0.0,nan,0.0,0.00885,0.02155,25.11621,1.90624,0.22969,0.44367,0.30319,0.99935,0.52459,0.30319
-10.98489,34.97054,-10.96038,-0.19208,-0.15135,-0.96964,0.99545,0.0,0.0,nan,0.0,0.00872,0.0279,31.43051,1.71905,0.22999,0.3914,0.38733,0.84906,0.58172,0.38733
-10.95216,34.91386,11.14758,-0.12302,0.01671,0.99226,0.99799,0.0,0.0,nan,0.0,0.01697,0.03813,27.39738,1.88097,0.22849,0.50235,0.45725,0.95057,0.53164,0.45725
-11.05873,36.99991,-11.57309,-0.17118,-0.0399,-0.98443,0.99372,0.0,0.0,nan,0.0,0.00745,0.02527,22.90592,2.95134,0.23602,0.60809,0.48679,0.52712,0.33883,0.48679
-11.0608,36.91599,11.35373,-0.14662,-0.12163,0.98169,0.99403,0.0,0.0,nan,0.0,0.0127,0.03377,23.52292,1.88378,0.21925,0.46837,0.47576,0.87148,0.53085,0.47576
-10.94643,39.23849,-11.05853,-0.17432,-0.13812,-0.97495,0.9786,0.0,0.0,nan,0.0,0.00496,0.01519,12.61223,3.32876,0.2331,0.52968,0.63077,0.71474,0.30041,0.63077
-11.01911,39.05256,11.41563,-0.16503,0.07954,0.98308,0.99393,0.0,0.0,nan,0.0,0.02077,0.04793,21.30404,1.6519,0.23112,0.59486,0.73631,0.7969,0.60536,0.73631
-10.39696,41.26709,-12.06114,-0.14963,-0.17065,-0.9739,0.97972,0.00928,0.0464,0.51,1.0,0.00359,0.02817,8.48861,2.76243,0.2415,0.75285,0.85603,0.31662,0.362,0.85603
-11.32236,40.92664,-11.90821,-0.17099,-0.20625,-0.96344,0.98489,0.0,0.0,nan,0.0,0.00352,0.02673,8.84284,3.06891,0.23201,0.8233,0.86361,0.30803,0.32585,0.86361
-10.93614,40.99391,11.02938,-0.17792,-0.08946,0.97997,0.98297,0.0,0.0,nan,0.0,0.01292,0.02909,23.19384,2.56148,0.23645,0.48649,0.7526,1.0,0.3904,0.7526
-10.50878,43.01805,-12.05966,-0.13518,-0.00026,-0.99082,0.97921,0.04069,0.14056,0.51,0.97203,0.02418,0.13127,3.24169,1.94528,0.2146,0.30625,0.66741,0.97243,0.51406,0.66741
-11.45168,42.9907,-11.9291,-0.15963,-0.00668,-0.98715,0.96825,0.02301,0.11506,0.51,1.0,0.02522,0.12499,3.13209,1.90966,0.21861,0.3428,0.47312,0.96436,0.52365,0.47312
-11.18806,42.86052,11.81958,-0.16862,-0.14291,0.97527,0.98317,0.0,0.0,nan,0.0,0.00858,0.02431,21.62802,1.67984,0.23469,0.45162,0.34871,0.85401,0.59529,0.34871
-10.22342,43.50637,12.06102,-0.14693,-0.03707,0.98845,0.97606,0.0,0.0,nan,0.0,0.01443,0.03242,24.88724,1.67859,0.23159,0.59173,0.54031,0.81233,0.59574,0.54031
-10.44625,44.87931,-12.04909,-0.12692,0.02185,-0.99167,0.97748,0.0,0.0,nan,0.0,0.02122,0.12925,3.28714,2.00351,0.21248,0.30872,0.7951,0.99984,0.49912,0.7951
-11.36176,45.08529,-11.93362,-0.15278,0.02301,-0.98799,0.972,0.0,0.0,nan,0.0,0.0177,0.1059,3.12234,1.94165,0.21801,0.27997,0.62569,0.97928,0.51503,0.62569
-11.07986,44.98369,11.67134,-0.15696,0.10408,0.9821,0.99758,0.0,0.0,nan,0.0,0.01366,0.03188,26.33816,1.81709,0.22511,0.53015,0.42495,0.86953,0.55033,0.42495
-10.21366,44.21618,12.02401,-0.13647,0.06577,0.98846,0.98002,0.0,0.0,nan,0.0,0.01519,0.03651,25.8475,2.32224,0.22571,0.57239,0.33786,0.78339,0.43062,0.33786
-10.15504,46.5227,-12.016,-0.1252,0.0428,-0.99121,0.98804,0.00203,0.01017,0.51,1.0,0.0334,0.14764,3.92857,2.05283,0.22243,0.40428,0.79859,1.0,0.48713,0.79859
-11.04593,47.07376,-11.88148,-0.14462,0.05186,-0.98813,0.99261,0.0,0.0,nan,0.0,0.02187,0.12343,3.66212,2.05604,0.22126,0.33465,0.8017,0.98078,0.48637,0.8017
-11.0178,46.99503,11.26664,-0.12406,0.01089,0.99221,0.99789,0.0,0.0,nan,0.0,0.01182,0.03405,24.35236,1.6519,0.23187,0.5769,0.45845,0.65123,0.60536,0.45845
-10.97111,49.00359,-11.7573,-0.14635,0.06969,-0.98678,0.99575,0.0,0.0,nan,0.0,0.02411,0.1702,4.80756,1.89745,0.22242,0.46375,0.91739,0.93147,0.52702,0.91739
-11.08376,49.10417,11.30878,-0.10732,0.14823,0.98311,0.99535,0.0,0.0,nan,0.0,0.01165,0.03059,20.84012,2.39567,0.23373,0.46485,0.50306,0.89787,0.41742,0.50306
-10.98547,51.01929,-11.59931,-0.14796,0.08345,-0.98547,0.99809,0.01839,0.09195,0.51,1.0,0.04088,0.20086,5.65789,2.03974,0.21901,0.48331,0.8577,0.86969,0.49026,0.8577
-11.0103,50.88593,10.6251,-0.07441,0.05145,0.9959,0.95038,0.0,0.0,nan,0.0,0.01308,0.02845,28.48812,1.90505,0.23571,0.49559,0.37452,0.99302,0.52492,0.37452
-10.97001,52.99349,-11.46678,-0.15431,0.10328,-0.98261,0.99778,0.0,0.0,nan,0.0,0.0219,0.16175,5.38454,1.95221,0.2206,0.49198,0.92846,0.88007,0.51224,0.92846
-11.00906,52.71524,11.4108,-0.04966,-0.10794,0.99292,0.99007,0.0,0.0,nan,0.0,0.01348,0.03137,23.82347,1.90186,0.23063,0.54601,0.49108,0.85284,0.5258,0.49108
-11.01494,55.00657,-11.20594,-0.15789,0.12518,-0.97949,0.99839,0.0,0.0,nan,0.0,0.01362,0.14494,5.46096,2.20746,0.21713,0.50996,0.96001,0.76748,0.45301,0.96001
-10.94901,55.06103,11.26126,-0.05187,0.19317,0.97979,0.98398,0.0,0.0,nan,0.0,0.02535,0.07085,25.81754,2.38496,0.22865,0.66267,0.58857,0.58167,0.41929,0.58857
-10.98912,57.02753,-10.9718,-0.14224,0.14096,-0.97974,0.99515,0.00623,0.03114,0.7,1.0,0.01038,0.21667,7.45803,2.12102,0.21011,0.5433,0.9991,0.55107,0.47147,0.9991
-10.93913,56.95958,10.34807,-0.03853,0.06948,0.99684,0.97972,0.0,0.0,nan,0.0,0.00635,0.01581,27.66494,1.91009,0.22766,0.45506,0.51965,0.94656,0.52354,0.51965
-10.98143,58.98232,-10.65555,-0.1225,0.16226,-0.97912,0.99687,0.0,0.0,nan,0.0,0.02187,0.2281,8.71848,2.21757,0.20947,0.5521,0.97014,0.72256,0.45094,0.97014
-10.97595,58.80523,10.5417,-0.06164,0.07788,0.99506,0.99839,0.0,0.0,nan,0.0,0.00722,0.02027,28.34572,2.75361,0.236,0.42759,0.52363,0.89229,0.36316,0.52363
-10.98974,60.9943,-10.25636,-0.11593,0.17538,-0.97765,0.99839,0.0,0.0,nan,0.0,0.02589,0.20916,9.56452,2.10387,0.21465,0.59072,0.97546,0.90962,0.47531,0.97546
-11.92827,61.98581,-9.99662,-0.14337,0.17246,-0.97453,0.9988,0.0,0.0,nan,0.0,0.01538,0.16956,8.54711,2.08848,0.21369,0.56746,0.9878,0.82491,0.47882,0.9878
-11.1686,60.74665,9.866,-0.05522,0.07559,0.99561,0.94521,0.0,0.0,nan,0.0,0.01015,0.02638,25.92502,2.07882,0.22617,0.41496,0.3945,0.99834,0.48104,0.3945
-10.92537,61.05608,10.11487,-0.06384,0.04857,0.99678,0.97748,0.0,0.0,nan,0.0,0.01509,0.0323,27.51315,1.6519,0.24007,0.50579,0.60457,0.99109,0.60536,0.60457
-10.58376,62.45441,-10.08397,-0.10379,0.17503,-0.97908,0.9989,0.02253,0.11267,0.51,1.0,0.02432,0.19667,10.31884,2.15375,0.21799,0.57742,0.98099,0.9803,0.46431,0.98099
-11.11975,63.20332,-9.84983,-0.11557,0.1725,-0.97821,0.9989,0.02243,0.11213,0.51,1.0,0.01877,0.18553,10.52875,2.06227,0.21769,0.56304,0.99368,0.97097,0.4849,0.99368
-10.08827,63.84558,9.88082,-0.0964,0.11216,0.989,0.98276,0.0,0.0,nan,0.0,0.00516,0.01672,25.72137,2.53287,0.22816,0.33881,0.35548,0.98129,0.39481,0.35548
-11.03391,62.93072,10.51781,-0.03239,0.05877,0.99775,0.99657,0.0,0.0,nan,0.0,0.009,0.02288,26.47569,2.08524,0.23143,0.42547,0.33924,0.99441,0.47956,0.33924
-11.01786,65.02316,-9.52565,-0.12019,0.15348,-0.98081,0.9989,0.01574,0.07871,0.51,1.0,0.02346,0.22649,10.44352,2.08514,0.20878,0.46416,0.97914,0.99689,0.47959,0.97914
-11.24615,65.17509,9.65715,-0.08414,0.09231,0.99217,0.972,0.0,0.0,nan,0.0,0.0061,0.01982,26.75671,2.12701,0.23273,0.33076,0.2758,1.0,0.47014,0.2758
-10.79462,64.54618,10.15652,-0.07815,0.12632,0.98891,0.99586,0.0,0.0,nan,0.0,0.00623,0.02087,26.58375,1.66184,0.23471,0.32098,0.32933,1.0,0.60174,0.32933
-11.01214,66.98075,-9.22612,-0.14204,0.11545,-0.98311,0.9989,0.00909,0.04546,0.51,1.0,0.04052,0.1736,9.91443,2.08586,0.20651,0.52645,0.896,1.0,0.47942,0.896
-11.39099,66.64005,9.71255,-0.14709,-0.06662,0.98688,0.98124,0.0,0.0,nan,0.0,0.0104,0.02768,25.60951,2.2488,0.23229,0.45718,0.34483,0.88605,0.44468,0.34483
-10.76656,67.21165,10.34013,-0.1394,-0.07422,0.98745,0.98987,0.0,0.0,nan,0.0,0.01259,0.0312,23.92062,2.39852,0.22835,0.52642,0.42059,0.8308,0.41692,0.42059
-11.02846,68.9778,-9.08142,-0.18893,0.06954,-0.97952,0.9989,0.0,0.0,nan,0.0,0.01933,0.07591,9.02896,2.07269,0.21079,0.56223,0.88914,0.99715,0.48246,0.88914
-11.60009,69.75789,9.6395,-0.24401,0.16385,0.95583,0.99504,0.0,0.0,nan,0.0,0.01529,0.03564,24.59866,2.07898,0.24089,0.5809,0.39375,0.79865,0.48101,0.39375
-11.0163,68.98209,10.57706,-0.2121,0.11882,0.97,0.96601,0.0,0.0,nan,0.0,0.01146,0.02503,23.12013,3.42905,0.23712,0.628,0.29681,0.7922,0.29163,0.29681
-10.98731,70.96145,-8.93805,-0.21649,0.05335,-0.97483,0.9989,0.0,0.0,nan,0.0,0.01456,0.05052,8.38564,2.05522,0.22209,0.46791,0.80253,0.91681,0.48657,0.80253
-11.29563,70.87939,9.68608,-0.22521,0.13459,0.96497,0.9986,0.0,0.0,nan,0.0,0.01319,0.02887,26.82516,1.91972,0.233,0.56021,0.39617,0.87633,0.52091,0.39617
-10.40591,70.95574,10.05028,-0.20715,0.13564,0.96886,0.99839,0.0,0.0,nan,0.0,0.0129,0.02684,22.73883,1.70478,0.2415,0.53849,0.5271,0.97095,0.58659,0.5271
-11.0073,72.99614,-8.89614,-0.20726,0.12403,-0.97039,0.9985,0.0,0.0,nan,0.0,0.00809,0.045,7.10437,2.11795,0.21665,0.28752,0.44371,0.80176,0.47215,0.44371
-11.03517,72.99641,9.7985,-0.18532,0.09593,0.97798,0.99454,0.0,0.0,nan,0.0,0.01453,0.04441,20.88878,1.73267,0.2296,0.4178,0.41017,0.85835,0.57714,0.41017
-10.61983,72.28416,10.00195,-0.19129,0.08656,0.97771,0.99342,0.0,0.0,nan,0.0,0.0132,0.03791,23.02897,2.02029,0.23512,0.46352,0.68827,0.81654,0.49498,0.68827
-10.9566,75.00333,-8.46277,-0.19374,0.18008,-0.96438,0.9988,0.0,0.0,nan,0.0,0.01543,0.06382,7.43109,1.93905,0.21781,0.36046,0.20616,0.85122,0.51572,0.20616
-11.1087,75.06106,9.21105,-0.21053,0.3485,0.91336,0.99525,0.0,0.0,nan,0.0,0.00789,0.04634,21.41657,2.23695,0.22785,0.35737,0.59898,0.5211,0.44704,0.59898
-10.83549,76.85795,-8.18562,-0.18021,0.15774,-0.9709,0.9985,0.0,0.0,nan,0.0,0.01725,0.07024,6.61938,1.9422,0.22262,0.35554,0.54549,0.89927,0.51488,0.54549
-11.67013,77.41401,-7.93547,-0.18147,0.15363,-0.97132,0.9985,0.00209,0.01043,0.43,1.0,0.01435,0.06351,6.78623,2.36288,0.22355,0.37707,0.37561,0.7757,0.42321,0.37561
-11.18016,77.56176,7.79987,-0.18809,0.24508,0.95108,0.97789,0.0,0.0,nan,0.0,0.00917,0.02469,30.13329,1.6519,0.23474,0.42257,0.62539,0.93712,0.60536,0.62539
-10.94095,76.70741,8.51008,-0.21726,0.36264,0.90625,0.99342,0.0,0.0,nan,0.0,0.00649,0.02112,29.80843,1.92383,0.23283,0.37696,0.59388,0.86959,0.5198,0.59388
-10.32165,78.42021,-8.074,-0.13605,0.23359,-0.96277,0.99586,0.0,0.0,nan,0.0,0.01248,0.07033,5.46562,1.94022,0.22595,0.33979,0.34588,0.71304,0.51541,0.34588
-11.16952,79.07853,-7.78699,-0.13639,0.27931,-0.95046,0.99007,0.0,0.0,nan,0.0,0.01362,0.06384,5.02163,1.9376,0.22292,0.39764,0.32202,0.75036,0.5161,0.32202
-11.0792,78.62601,7.66931,-0.13838,0.13207,0.98153,0.9855,0.0,0.0,nan,0.0,0.00523,0.02075,26.83941,1.6519,0.22867,0.44734,0.55507,0.60525,0.60536,0.55507
-10.85611,79.33627,8.09572,-0.1031,0.1445,0.98412,0.99718,0.0,0.0,nan,0.0,0.00684,0.02618,22.25049,1.85764,0.23906,0.55808,0.59471,0.51008,0.53832,0.59471
-11.023,80.96392,-6.91161,-0.0699,0.59297,-0.80219,0.97789,0.0,0.0,nan,0.0,0.00944,0.05367,3.49673,2.07831,0.22998,0.27641,0.4543,1.0,0.48116,0.4543
-11.09748,81.94479,-5.88371,-0.03338,0.77766,-0.6278,0.98916,0.0,0.0,nan,0.0,0.02477,0.12272,4.02315,1.93192,0.2326,0.5385,0.71459,0.5611,0.51762,0.71459
-10.98766,81.01433,7.58164,-0.10627,0.35961,0.92703,0.9651,0.0,0.0,nan,0.0,0.00889,0.04735,14.68095,1.6519,0.222,0.58267,0.8674,0.58666,0.60536,0.8674
-10.308,80.02287,8.00585,-0.12226,0.15819,0.97981,0.98997,0.0,0.0,nan,0.0,0.00879,0.03407,18.9278,3.45672,0.23992,0.62091,0.57886,0.45957,0.28929,0.57886
-11.0297,82.59499,-4.83094,-0.02183,0.87445,-0.48463,0.99545,0.0,0.0,nan,0.0,0.00829,0.11812,7.0687,1.75811,0.21511,0.38656,0.87116,0.38056,0.56879,0.87116
-11.0207,83.39451,-3.00254,-0.03419,0.95844,-0.28324,0.99616,0.0,0.0,nan,0.0,0.01824,0.15043,9.52809,2.19436,0.23468,0.22909,0.78694,0.72608,0.45571,0.78694
-10.98892,83.75384,-1.01172,-0.05136,0.99276,-0.1086,0.99839,0.0,0.0,nan,0.0,0.02143,0.14786,10.78501,1.75438,0.23436,0.20593,0.58381,0.83415,0.57,0.58381
-11.02772,83.80123,0.97915,-0.06507,0.99788,0.00031,0.99789,0.0,0.0,nan,0.0,0.02008,0.15223,8.94612,2.88381,0.22943,0.1969,0.4076,0.81974,0.34676,0.4076
-10.98664,83.72973,3.01972,-0.06717,0.99193,0.10749,0.9989,0.0,0.0,nan,0.0,0.01392,0.13564,7.8544,2.048,0.22582,0.25125,0.36389,0.5125,0.48828,0.36389
-11.01784,83.38773,5.05897,-0.07757,0.93502,0.34601,0.98784,0.0,0.0,nan,0.0,0.01208,0.06697,6.17251,2.00789,0.23816,0.43307,0.47105,0.55172,0.49804,0.47105
-10.95812,82.60204,6.61225,-0.08908,0.74418,0.66202,0.96053,0.0,0.0,nan,0.0,0.00481,0.05343,9.2906,2.0695,0.21795,0.29351,0.54647,0.3729,0.48321,0.54647
-8.97569,1.72119,-2.76111,-0.03693,-0.93952,-0.34049,0.98631,0.0,0.0,nan,0.0,0.00407,0.19392,13.90816,3.56889,0.24104,0.58272,0.98962,0.17651,0.2802,0.98962
-8.96068,1.45896,-0.99218,-0.02144,-0.99508,-0.09673,0.99738,0.0,0.0,nan,0.0,0.00971,0.0606,3.73123,1.88143,0.23675,0.26756,0.50486,0.92021,0.53151,0.50486
-9.00548,1.4238,0.9884,-0.029,-0.99627,0.08127,0.99768,0.0,0.0,nan,0.0,0.01304,0.0486,3.59862,1.89724,0.23311,0.41735,0.50842,1.0,0.52708,0.50842
-9.04563,1.77351,2.96637,0.01663,-0.98288,0.18347,0.9986,0.0,0.0,nan,0.0,0.00559,0.09761,5.50215,2.01597,0.21581,0.70218,0.94184,0.28819,0.49604,0.94184
-9.73868,1.97132,4.18831,0.03843,-0.98062,0.1921,0.9985,0.0,0.0,nan,0.0,0.00425,0.04439,9.8497,1.8875,0.22893,0.77951,0.94845,0.40472,0.5298,0.94845
-8.99016,2.92707,-4.91117,-0.07928,-0.58852,-0.80459,0.94348,0.0,0.0,nan,0.0,0.01077,0.05212,31.27028,1.83326,0.23628,0.56225,0.84166,0.55339,0.54548,0.84166
-9.08918,2.11331,-3.7259,-0.05251,-0.83559,-0.54684,0.96348,0.0,0.0,nan,0.0,0.00586,0.05982,28.3337,1.88656,0.24321,0.52955,0.82198,0.25736,0.53007,0.82198
-8.32725,2.0472,3.92405,0.03608,-0.97632,0.21328,0.9987,0.0,0.0,nan,0.0,0.01349,0.06666,7.75063,1.67415,0.23688,0.6688,0.70012,0.38082,0.59732,0.70012
-9.01679,2.22799,5.12544,0.04414,-0.98436,0.17056,0.9987,0.0,0.0,nan,0.0,0.00734,0.05344,9.41968,2.22561,0.22767,0.75322,0.91022,0.45392,0.44932,0.91022
-8.9794,2.44261,7.00491,-0.07705,-0.92604,0.36946,0.97474,0.0,0.0,nan,0.0,0.00356,0.02753,26.38253,1.81709,0.23665,0.60634,0.84695,0.33276,0.55033,0.84695
-8.95768,3.25537,8.49783,-0.1579,-0.75348,0.63823,0.96662,0.0,0.0,nan,0.0,0.00442,0.01956,24.91488,2.02174,0.23575,0.42331,0.63651,0.57671,0.49462,0.63651
-9.00786,5.99933,-6.01399,-0.06223,-0.46711,-0.88201,0.99758,0.0,0.0,nan,0.0,0.01931,0.04225,27.64325,1.8844,0.22779,0.506,0.5762,0.96872,0.53067,0.5762
-8.96497,4.95377,-5.48688,-0.07906,-0.37557,-0.92342,0.99809,0.0,0.0,nan,0.0,0.01949,0.03799,30.40918,1.88783,0.23202,0.5584,0.50165,0.97899,0.52971,0.50165
-9.12728,4.4269,9.18828,-0.16741,-0.57637,0.79986,0.99626,0.0,0.0,nan,0.0,0.01629,0.03433,28.24256,2.01414,0.23961,0.59441,0.5757,0.85464,0.49649,0.5757
-8.86487,5.43126,10.29349,-0.12056,-0.52597,0.84191,0.9919,0.0,0.0,nan,0.0,0.00879,0.02315,29.98289,2.07681,0.23593,0.53432,0.59526,0.75817,0.48151,0.59526
-9.05352,7.01459,-6.56809,-0.04122,-0.38237,-0.92309,0.97677,0.0,0.0,nan,0.0,0.01591,0.04324,29.53401,1.86924,0.23382,0.48808,0.4225,0.80509,0.53498,0.4225
-8.86053,6.08228,-5.91513,-0.06421,-0.46888,-0.88093,0.99606,0.0,0.0,nan,0.0,0.0184,0.04022,27.45787,1.87658,0.22783,0.51381,0.59012,0.95541,0.53288,0.59012
-9.67251,7.20892,9.9705,-0.1108,-0.33503,0.93567,0.97119,0.0,0.0,nan,0.0,0.00977,0.0277,29.90537,1.70242,0.23891,0.52639,0.68611,0.71463,0.5874,0.68611
-8.93189,7.32204,10.56339,-0.08062,-0.24185,0.96696,0.99819,0.0,0.0,nan,0.0,0.00574,0.02328,29.96384,2.04553,0.22518,0.54264,0.85267,0.72231,0.48887,0.85267
-8.95555,9.03763,-6.95738,-0.00148,-0.05889,-0.99826,0.9918,0.0,0.0,nan,0.0,0.00858,0.02319,24.60608,1.78058,0.23308,0.40184,0.23618,0.99543,0.56161,0.23618
-9.07957,9.06273,11.27343,-0.05604,-0.00334,0.99842,0.98845,0.0,0.0,nan,0.0,0.01496,0.03456,40.02999,1.6519,0.23222,0.64263,0.50116,0.7072,0.60536,0.50116
-8.98504,10.99553,-7.11859,-0.01402,-0.25753,-0.96617,0.98398,0.0,0.0,nan,0.0,0.01323,0.02947,29.84858,2.12348,0.23364,0.51316,0.52002,0.93307,0.47092,0.52002
-8.93518,11.20807,10.80721,-0.08566,0.05861,0.9946,0.99545,0.0,0.0,nan,0.0,0.01325,0.02577,36.42102,1.90055,0.22584,0.57794,0.68386,0.93818,0.52616,0.68386
-9.07228,13.31864,-8.24525,-0.08181,-0.2047,-0.9754,0.98043,0.0,0.0,nan,0.0,0.01498,0.04156,29.45257,2.06403,0.22846,0.57281,0.35198,0.67183,0.48449,0.35198
-8.98275,12.46112,-7.69105,-0.04526,-0.34972,-0.93576,0.99474,0.0,0.0,nan,0.0,0.02079,0.04448,23.01302,2.05733,0.22365,0.53475,0.59163,0.94998,0.48607,0.59163
-9.7126,13.46282,9.98914,-0.08627,0.16721,0.98214,0.95647,0.0,0.0,nan,0.0,0.01328,0.04452,34.2168,1.86214,0.24031,0.60707,0.79827,0.61523,0.53702,0.79827
-9.07784,13.15281,10.80583,-0.13341,0.14571,0.98029,0.99789,0.0,0.0,nan,0.0,0.01327,0.03804,36.67243,1.89869,0.2324,0.67007,0.70104,0.54885,0.52668,0.70104
-8.92127,15.01139,-8.25973,-0.12085,-0.0957,-0.98805,0.9988,0.0,0.0,nan,0.0,0.00742,0.02405,28.76157,1.86979,0.23179,0.39577,0.41621,0.83439,0.53482,0.41621
-9.42548,15.54833,-7.90535,-0.11544,-0.10129,-0.98814,0.99149,0.0,0.0,nan,0.0,0.00782,0.02231,30.26466,2.37347,0.23037,0.40933,0.36678,0.91268,0.42132,0.36678
-9.66687,14.69823,9.95547,-0.09206,0.04765,0.99461,0.92348,0.0,0.0,nan,0.0,0.00943,0.01991,29.27031,1.81709,0.2255,0.50608,0.49932,1.0,0.55033,0.49932
-9.05916,14.9925,10.41728,-0.1589,-0.01715,0.98715,0.97819,0.0,0.0,nan,0.0,0.01146,0.02383,28.70186,1.81709,0.23473,0.54186,0.5289,0.94983,0.55033,0.5289
-8.97722,17.02706,-8.73294,-0.13011,-0.29977,-0.9451,0.99687,0.0,0.0,nan,0.0,0.01104,0.03374,33.33177,2.39391,0.23138,0.43863,0.47861,0.79062,0.41773,0.47861
-8.99945,16.84511,11.14304,-0.19497,-0.1103,0.97459,0.97383,0.0,0.0,nan,0.0,0.01428,0.03306,28.0111,1.70602,0.23238,0.61096,0.38096,0.75741,0.58616,0.38096
-9.07655,18.87551,-9.48407,-0.09586,-0.18015,-0.97896,0.98763,0.0,0.0,nan,0.0,0.00818,0.02226,27.01099,2.39994,0.22951,0.46676,0.50237,0.8457,0.41668,0.50237
-9.81852,19.58521,9.99693,-0.08114,0.02983,0.99626,0.91597,0.0,0.0,nan,0.0,0.01718,0.03139,31.24061,1.81709,0.22727,0.59297,0.61881,0.98246,0.55033,0.61881
-9.06215,19.02715,10.68493,-0.15813,0.08474,0.98377,0.98875,0.0,0.0,nan,0.0,0.0207,0.0412,31.12737,1.81709,0.22354,0.61379,0.64616,0.87103,0.55033,0.64616
-8.98825,21.03574,-9.30973,-0.14105,-0.17091,-0.97514,0.98966,0.0,0.0,nan,0.0,0.01119,0.02558,25.67794,1.6519,0.23825,0.48765,0.34073,0.96682,0.60536,0.34073
-8.95037,21.04706,10.49967,-0.18055,-0.15718,0.97093,0.97566,0.0,0.0,nan,0.0,0.01438,0.03004,30.92015,1.6519,0.23513,0.56869,0.68124,0.89602,0.60536,0.68124
-8.94753,23.13165,-10.40561,-0.15667,-0.41623,-0.89566,0.99565,0.0,0.0,nan,0.0,0.01524,0.04798,22.76738,1.86135,0.23763,0.62087,0.5052,0.55662,0.53725,0.5052
-9.27877,22.16591,-9.83003,-0.16696,-0.3364,-0.9268,0.99088,0.0,0.0,nan,0.0,0.0108,0.028,29.43721,1.86898,0.23491,0.57409,0.45762,0.71769,0.53505,0.45762
-9.04254,23.0605,11.16282,-0.20362,0.02356,0.97877,0.99494,0.0,0.0,nan,0.0,0.01447,0.03224,28.32683,2.03147,0.22659,0.56737,0.51632,0.84665,0.49225,0.51632
-8.96796,25.04044,-11.09262,-0.16215,-0.07619,-0.98382,0.97373,0.0,0.0,nan,0.0,0.00649,0.02527,19.2338,2.24429,0.22828,0.49136,0.48423,0.57676,0.44558,0.48423
-8.99479,25.05643,10.79204,-0.20327,-0.00105,0.97912,0.98997,0.0,0.0,nan,0.0,0.00744,0.02436,28.70045,1.6519,0.2221,0.37531,0.27647,0.87019,0.60536,0.27647
-8.96982,26.98745,-10.51608,-0.17338,0.04529,-0.98381,0.98581,0.0,0.0,nan,0.0,0.00886,0.02494,25.57313,2.20032,0.23522,0.55168,0.45418,0.69397,0.45448,0.45418
-9.90866,26.75669,-9.91196,-0.19932,0.06066,-0.97805,0.94805,0.0,0.0,nan,0.0,0.00661,0.01921,20.70225,3.39329,0.23855,0.48423,0.35681,0.77947,0.2947,0.35681
-9.05864,26.87059,11.30244,-0.16498,-0.11348,0.97975,0.9852,0.0,0.0,nan,0.0,0.00952,0.02758,25.63618,1.68436,0.23657,0.43839,0.4276,0.84873,0.5937,0.4276
-8.88249,29.03376,-10.69861,-0.13481,-0.22365,-0.9653,0.98987,0.0,0.0,nan,0.0,0.01526,0.03899,30.01557,1.6519,0.23828,0.59045,0.35718,0.70704,0.60536,0.35718
-8.85969,28.9397,10.85355,-0.15031,0.10198,0.98336,0.99525,0.0,0.0,nan,0.0,0.01541,0.04509,24.51555,1.86305,0.22143,0.64466,0.49211,0.57355,0.53675,0.49211
-8.89058,31.02015,-11.44848,-0.13147,-0.0174,-0.99117,0.98997,0.0,0.0,nan,0.0,0.01294,0.0458,23.36985,2.72037,0.23362,0.70922,0.77701,0.47325,0.3676,0.77701
-8.91755,31.0414,10.71102,-0.11429,-0.09436,0.98896,0.97221,0.0,0.0,nan,0.0,0.00716,0.01773,21.26699,1.67713,0.24444,0.44501,0.38227,0.99319,0.59626,0.38227
-9.24316,32.83377,-10.78078,-0.14232,-0.006,-0.9898,0.98165,0.0,0.0,nan,0.0,0.00931,0.02138,25.97811,1.74004,0.23605,0.54614,0.55049,0.85852,0.5747,0.55049
-9.03555,33.04849,11.61938,-0.10591,-0.06286,0.99239,0.98865,0.0,0.0,nan,0.0,0.00913,0.02261,23.0079,1.81709,0.23786,0.46256,0.4243,0.94911,0.55033,0.4243
-8.12813,34.78194,-12.00724,-0.13723,-0.19956,-0.97023,0.98855,0.0,0.0,nan,0.0,0.00884,0.02149,31.89999,1.76247,0.22556,0.58047,0.64175,0.75266,0.56738,0.64175
-9.09819,35.11145,-11.60467,-0.1505,-0.18667,-0.97083,0.99768,0.0,0.0,nan,0.0,0.0094,0.02424,32.99935,1.7301,0.22981,0.54299,0.46042,0.75746,0.578,0.46042
-8.93247,34.98751,11.25496,-0.06265,0.00228,0.99803,0.99413,0.0,0.0,nan,0.0,0.00857,0.02576,24.89076,1.72437,0.22757,0.41667,0.43481,0.86233,0.57992,0.43481
-8.20344,36.50347,-12.05695,-0.11643,0.00612,-0.99318,0.98672,0.0,0.0,nan,0.0,0.00973,0.02993,23.37209,1.72369,0.23639,0.62919,0.52841,0.56117,0.58015,0.52841
-9.15581,36.95905,-11.67212,-0.14922,0.01395,-0.98871,0.99647,0.0,0.0,nan,0.0,0.00672,0.02572,23.00805,2.59691,0.23753,0.57447,0.58405,0.49409,0.38507,0.58405
-9.02326,36.9431,11.35836,-0.07548,-0.15478,0.98506,0.99839,0.0,0.0,nan,0.0,0.00817,0.02502,23.05359,1.86091,0.23243,0.43197,0.36796,0.82119,0.53737,0.36796
-8.47159,37.88227,12.04989,-0.06951,-0.08679,0.9938,0.97444,0.0,0.0,nan,0.0,0.00745,0.02353,21.52563,1.72567,0.23437,0.4202,0.30274,0.82332,0.57949,0.30274
-8.79969,39.70779,-12.12046,-0.13,-0.18226,-0.97462,0.99596,0.0,0.0,nan,0.0,0.0041,0.01291,11.93213,2.02251,0.22177,0.58718,0.66039,0.63209,0.49443,0.66039
-9.01564,39.04748,-11.34566,-0.13709,-0.12935,-0.98208,0.98439,0.0,0.0,nan,0.0,0.00451,0.0182,13.61558,3.46899,0.23326,0.66256,0.84185,0.60811,0.28827,0.84185
-9.07805,39.27624,11.63572,-0.14034,0.02566,0.98977,0.99728,0.0,0.0,nan,0.0,0.01002,0.02748,21.99711,1.90238,0.22588,0.51577,0.33612,0.77094,0.52566,0.33612
-8.70534,38.42762,12.09169,-0.09537,-0.02598,0.9951,0.97028,0.0,0.0,nan,0.0,0.00633,0.0232,22.85409,1.81709,0.23482,0.43396,0.43597,0.68373,0.55033,0.43597
-9.01916,41.07182,-12.24311,-0.12459,-0.17436,-0.97677,0.99129,0.0,0.0,nan,0.0,0.00277,0.03982,10.46388,2.72928,0.24626,0.84293,0.94838,0.26947,0.3664,0.94838
-9.0495,40.96038,11.48818,-0.18286,-0.07783,0.98005,0.992,0.0,0.0,nan,0.0,0.01609,0.03596,21.59917,2.02462,0.23618,0.54837,0.67999,0.89131,0.49392,0.67999
-8.98273,42.98191,-12.23578,-0.111,0.00476,-0.99381,0.99241,0.08177,0.40884,0.51,1.0,0.02867,0.12976,3.34339,1.91618,0.21179,0.35316,0.58366,1.0,0.52187,0.58366
-9.03348,42.58981,11.95814,-0.13292,-0.11976,0.98386,0.99454,0.0,0.0,nan,0.0,0.01236,0.03163,19.11328,1.6519,0.24873,0.55743,0.55474,0.77415,0.60536,0.55474
-8.91092,43.25113,12.15264,-0.09111,-0.04065,0.99501,0.98428,0.0,0.0,nan,0.0,0.01088,0.02828,18.96167,1.85227,0.23099,0.49244,0.55395,0.864,0.53988,0.55395
-8.98164,45.02398,-12.20575,-0.11111,0.02329,-0.99354,0.99048,0.00159,0.00797,0.51,1.0,0.00828,0.14045,3.61825,1.98045,0.21606,0.3604,0.98313,1.0,0.50494,0.98313
-8.92204,45.07444,11.61304,-0.05394,0.11411,0.992,0.99758,0.0,0.0,nan,0.0,0.00943,0.02467,23.27934,1.6519,0.23767,0.47787,0.5031,0.86884,0.60536,0.5031
-9.60396,44.37071,12.00959,-0.1127,0.09054,0.9895,0.98743,0.0,0.0,nan,0.0,0.01363,0.03107,24.11178,1.67799,0.2193,0.55796,0.44639,0.85144,0.59595,0.44639
-8.98073,47.0286,-12.13269,-0.11349,0.04602,-0.99247,0.99494,0.0,0.0,nan,0.0,0.03814,0.13958,4.42088,2.05888,0.22431,0.42862,0.77272,0.99836,0.4857,0.77272
-9.92522,47.87094,-11.99412,-0.12624,0.05757,-0.99033,0.99586,0.0,0.0,nan,0.0,0.0463,0.15982,4.42676,1.97589,0.21477,0.46253,0.77519,0.98896,0.5061,0.77519
-8.87439,46.88643,11.6245,-0.03966,0.01306,0.99913,0.99758,0.0,0.0,nan,0.0,0.01233,0.03017,24.75616,1.68879,0.2308,0.52823,0.41157,0.83606,0.59214,0.41157
-8.6394,48.86395,-12.06771,-0.10658,0.07309,-0.99161,0.99596,0.01991,0.09955,0.51,1.0,0.02957,0.23671,6.24871,1.93137,0.21707,0.54483,0.95891,0.91296,0.51777,0.95891
-9.54843,49.26791,-11.94994,-0.11707,0.07421,-0.99035,0.99555,0.0168,0.084,0.51,1.0,0.0249,0.22227,5.88875,1.93211,0.21647,0.52663,0.95921,0.8622,0.51757,0.95921
-9.01523,49.06863,11.97888,-0.05293,0.14039,0.98868,0.95333,0.0,0.0,nan,0.0,0.01701,0.03815,20.26746,1.74238,0.23144,0.51837,0.63916,0.94524,0.57393,0.63916
-8.82233,48.70248,12.012,-0.02724,0.09435,0.99517,0.96327,0.0,0.0,nan,0.0,0.01453,0.03583,22.12925,1.72025,0.25018,0.57412,0.5548,0.76987,0.58131,0.5548
-8.22409,50.22667,-12.01317,-0.09669,0.09074,-0.99117,0.9989,0.2133,0.2133,0.51,0.72957,0.0243,0.21728,6.86256,1.92638,0.20994,0.58141,0.97695,0.90735,0.51911,0.97695
-9.02724,51.05609,-11.84215,-0.09933,0.09166,-0.99082,0.9988,0.20362,0.20362,0.6,0.69015,0.02531,0.2378,7.18615,1.88248,0.21164,0.57366,0.98508,0.95752,0.53121,0.98508
-8.9728,50.925,11.26163,-0.06402,0.0915,0.99374,0.99555,0.0,0.0,nan,0.0,0.01392,0.03073,28.95601,1.6519,0.24376,0.54273,0.53838,0.89226,0.60536,0.53838
-9.01991,53.00833,-11.62623,-0.08959,0.10408,-0.99053,0.9989,0.01208,0.01725,0.51,0.84375,0.03028,0.18357,7.30717,1.92246,0.20293,0.5994,0.94415,0.92562,0.52017,0.94415
-8.83883,52.85137,11.54204,-0.00381,-0.05329,0.99857,0.98977,0.0,0.0,nan,0.0,0.00764,0.01825,25.13821,1.74218,0.23229,0.46316,0.47966,0.9755,0.57399,0.47966
-8.99398,55.0115,-11.42822,-0.08556,0.128,-0.98808,0.9988,0.00169,0.00845,0.43,1.0,0.02214,0.16994,7.7606,2.04763,0.21422,0.54819,0.95225,0.84732,0.48837,0.95225
-9.13481,54.97804,11.06084,-0.01435,0.17529,0.98441,0.99433,0.0,0.0,nan,0.0,0.01389,0.06031,29.64086,1.81709,0.23139,0.61091,0.78669,0.45607,0.55033,0.78669
-9.00871,57.02651,-11.1149,-0.08205,0.15322,-0.98478,0.9989,0.02296,0.11482,0.51,1.0,0.02924,0.23029,9.43851,2.02995,0.21581,0.59035,0.97596,0.94117,0.49262,0.97596
-8.988,57.05828,10.64288,-0.10621,0.01246,0.99427,0.99058,0.0,0.0,nan,0.0,0.00997,0.02109,27.02416,1.81709,0.23383,0.51247,0.32176,0.99031,0.55033,0.32176
-8.99774,59.0028,-10.79731,-0.08539,0.16696,-0.98226,0.9988,0.10352,0.31919,0.51,0.96115,0.03713,0.29299,10.55984,2.06343,0.21592,0.56777,0.97885,0.99184,0.48463,0.97885
-9.01537,58.94581,10.91577,-0.15602,0.02635,0.9874,0.99606,0.0,0.0,nan,0.0,0.00849,0.02154,27.12124,2.23249,0.22864,0.46459,0.62843,0.91044,0.44793,0.62843
-8.99471,60.98529,-10.40991,-0.09034,0.17688,-0.98008,0.9989,0.06886,0.34429,0.51,1.0,0.03692,0.22762,10.98684,1.96119,0.21437,0.55882,0.95528,1.0,0.50989,0.95528
-8.98201,60.87623,10.56873,-0.18596,0.0778,0.97947,0.99718,0.0,0.0,nan,0.0,0.02353,0.04177,25.47017,1.6519,0.24789,0.66032,0.69454,0.92014,0.60536,0.69454
-8.88281,62.73861,-10.10686,-0.09758,0.16812,-0.98092,0.9989,0.0966,0.48302,0.51,1.0,0.02205,0.22712,11.26107,2.00152,0.21777,0.50865,0.99227,1.0,0.49962,0.99227
-9.30292,63.61631,-9.92478,-0.09971,0.1606,-0.98197,0.9989,0.0727,0.36352,0.51,1.0,0.02589,0.22568,10.84635,2.00151,0.21735,0.48428,0.97473,0.99896,0.49962,0.97473
-9.62757,63.80214,9.84571,-0.12505,0.11397,0.98558,0.97627,0.0,0.0,nan,0.0,0.00485,0.01542,25.27493,2.06895,0.22644,0.35335,0.5238,0.96125,0.48334,0.5238
-9.06654,63.09217,10.94021,-0.17762,0.07291,0.98139,0.99109,0.0,0.0,nan,0.0,0.01389,0.0302,25.33647,2.04945,0.23797,0.5676,0.46068,0.87423,0.48793,0.46068
-8.01766,64.01701,-10.01187,-0.12503,0.13839,-0.98245,0.9989,0.10609,0.40395,0.51,0.98043,0.03839,0.29127,10.69313,2.00579,0.21559,0.45374,0.94961,0.95439,0.49856,0.94961
-9.00686,64.98936,-9.74904,-0.12005,0.13188,-0.98397,0.9989,0.05571,0.27853,0.51,1.0,0.05066,0.31898,10.62136,2.06203,0.20723,0.45225,0.9265,0.95892,0.48496,0.9265
-9.62224,64.36391,9.80132,-0.12481,0.11742,0.98521,0.96936,0.0,0.0,nan,0.0,0.00517,0.01728,26.24047,2.05035,0.2262,0.34568,0.48797,0.93121,0.48772,0.48797
-8.89526,65.06966,10.36126,-0.15898,0.09488,0.98271,0.99555,0.0,0.0,nan,0.0,0.00825,0.02313,25.75216,1.69908,0.23729,0.42929,0.25314,0.89509,0.58856,0.25314
-9.04717,67.01371,-9.51635,-0.15554,0.07739,-0.98479,0.9988,0.06812,0.06812,0.51,0.65699,0.02329,0.14387,9.20023,2.11228,0.20819,0.47126,0.92951,0.9825,0.47342,0.92951
-8.3546,67.08435,9.99616,-0.10781,-0.05601,0.99259,0.98236,0.0,0.0,nan,0.0,0.00652,0.02083,20.76347,1.79471,0.23293,0.39728,0.37215,0.86413,0.55719,0.37215
-9.05714,67.01051,10.30942,-0.10924,-0.08698,0.9902,0.99839,0.0,0.0,nan,0.0,0.00737,0.02429,21.28461,2.03802,0.22887,0.39942,0.44576,0.83104,0.49067,0.44576
-9.03499,69.007,-9.46952,-0.18604,0.03279,-0.98199,0.9989,0.0,0.0,nan,0.0,0.02425,0.06889,8.60462,2.05053,0.20828,0.56045,0.81174,0.96462,0.48768,0.81174
-8.73041,69.59846,9.919,-0.10872,0.11307,0.98762,0.99241,0.0,0.0,nan,0.0,0.00823,0.02053,23.36048,1.6519,0.22824,0.5286,0.69101,0.82391,0.60536,0.69101
-8.9044,68.93651,10.37324,-0.09574,0.05286,0.994,0.99789,0.0,0.0,nan,0.0,0.00884,0.02305,23.19662,2.08993,0.23052,0.518,0.556,0.80389,0.47848,0.556
-9.00988,71.00498,-9.5065,-0.1966,0.05113,-0.97915,0.9989,0.0,0.0,nan,0.0,0.01675,0.04874,8.44607,2.15966,0.20933,0.44306,0.73619,0.95944,0.46304,0.73619
-8.95708,71.39971,9.96168,-0.12472,0.12522,0.98426,0.99819,0.0,0.0,nan,0.0,0.01179,0.03221,22.18994,1.95659,0.22733,0.42437,0.72068,0.93996,0.51109,0.72068
-8.72958,70.7557,10.01162,-0.12525,0.1568,0.97966,0.99789,0.0,0.0,nan,0.0,0.01105,0.029,22.69405,2.26371,0.22877,0.45115,0.63524,0.91878,0.44175,0.63524
-8.99739,73.02806,-9.15079,-0.18665,0.14074,-0.97229,0.9989,0.0,0.0,nan,0.0,0.01134,0.05516,7.64947,1.96499,0.21088,0.30859,0.3375,0.84048,0.50891,0.3375
-9.17673,73.14195,9.84237,-0.10453,0.15029,0.9831,0.99799,0.0,0.0,nan,0.0,0.01197,0.0503,17.49272,1.84411,0.21754,0.31004,0.30961,0.85538,0.54227,0.30961
-8.35273,72.63271,10.0889,-0.10082,0.14175,0.98475,0.99829,0.0,0.0,nan,0.0,0.01049,0.04311,17.61182,1.88846,0.21301,0.29221,0.23183,0.92732,0.52953,0.23183
-8.98153,75.05714,-8.85905,-0.1735,0.19366,-0.9656,0.9988,0.0,0.0,nan,0.0,0.01432,0.07966,7.65492,2.10026,0.20744,0.26716,0.43651,0.84863,0.47613,0.43651
-9.02579,74.92878,9.58097,-0.10981,0.27165,0.95611,0.99403,0.0,0.0,nan,0.0,0.01969,0.08505,19.48115,1.81709,0.22139,0.53056,0.32543,0.48109,0.55033,0.32543
-8.97659,77.00744,-8.44571,-0.14488,0.19507,-0.97003,0.99778,0.0,0.0,nan,0.0,0.01983,0.07157,6.59141,2.20643,0.21421,0.37214,0.47544,0.97045,0.45322,0.47544
-9.46852,77.7851,7.92308,-0.15679,0.26066,0.95261,0.97484,0.0,0.0,nan,0.0,0.01323,0.02868,31.41789,2.73907,0.23428,0.51492,0.62524,0.95289,0.36509,0.62524
-9.03308,77.07629,8.9702,-0.14335,0.3678,0.91879,0.9919,0.0,0.0,nan,0.0,0.00782,0.02612,28.49735,2.05186,0.23041,0.43334,0.56248,0.73963,0.48736,0.56248
-9.0747,78.62797,-8.21135,-0.10198,0.28608,-0.95276,0.99342,0.03059,0.15293,0.51,1.0,0.01645,0.074,5.14819,2.02762,0.22213,0.40413,0.363,0.76384,0.49319,0.363
-9.02341,79.62774,-7.81033,-0.06448,0.41254,-0.90865,0.98743,0.0,0.0,nan,0.0,0.01289,0.07035,4.04679,1.78432,0.23064,0.33909,0.35867,0.80756,0.56044,0.35867
-9.33028,78.42782,7.81778,-0.14706,0.19425,0.96987,0.97606,0.0,0.0,nan,0.0,0.00822,0.02425,29.04682,2.95052,0.23542,0.47111,0.49216,0.76888,0.33892,0.49216
-8.83359,79.10225,8.14571,-0.13632,0.1606,0.97756,0.99484,0.0,0.0,nan,0.0,0.00713,0.02522,28.56685,2.06286,0.22839,0.49402,0.53147,0.61226,0.48476,0.53147
-8.99729,80.94526,-6.97373,-0.02231,0.63475,-0.7724,0.98662,0.02209,0.11043,0.51,1.0,0.01418,0.06662,3.11583,1.91884,0.23651,0.34939,0.40147,1.0,0.52115,0.40147
-8.9042,81.92848,-5.91454,-0.00717,0.78583,-0.6184,0.9923,0.0,0.0,nan,0.0,0.00969,0.07439,3.14533,2.04816,0.22746,0.31018,0.57132,0.68699,0.48824,0.57132
-9.0724,81.16743,7.6751,-0.11529,0.39611,0.91093,0.97759,0.0,0.0,nan,0.0,0.01788,0.0612,16.42415,1.73943,0.2204,0.5811,0.78481,0.63458,0.5749,0.78481
-8.61095,80.35995,8.0829,-0.13127,0.23964,0.96195,0.98743,0.0,0.0,nan,0.0,0.00677,0.03013,19.21757,1.66991,0.22762,0.48435,0.59605,0.51259,0.59884,0.59605
-8.96345,82.54253,-4.94933,-0.00453,0.86593,-0.50014,0.99423,0.0,0.0,nan,0.0,0.00771,0.13343,5.21131,1.73877,0.22849,0.36868,0.81289,0.27141,0.57512,0.81289
-9.04454,83.41006,-2.9218,-0.01658,0.95729,-0.28865,0.99697,0.0,0.0,nan,0.0,0.01423,0.12131,9.40048,2.33383,0.23072,0.22327,0.58954,0.63696,0.42848,0.58954
-9.00566,83.78439,-1.03546,-0.03359,0.99083,-0.1309,0.99839,0.0,0.0,nan,0.0,0.01624,0.13862,9.60154,2.39373,0.2378,0.18044,0.59123,0.78455,0.41776,0.59123
-9.04476,83.95653,1.03648,-0.05346,0.99855,-0.00545,0.9987,0.00403,0.02013,0.51,1.0,0.0293,0.18784,7.34401,3.15463,0.22802,0.20651,0.42143,0.96111,0.31699,0.42143
-8.99941,83.84316,2.98815,-0.05734,0.99292,0.10402,0.9985,0.00441,0.02207,0.51,1.0,0.0387,0.18329,6.0225,1.90854,0.23399,0.29124,0.51835,0.96576,0.52396,0.51835
-9.03194,83.50982,5.02933,-0.06332,0.94561,0.31908,0.99048,0.0,0.0,nan,0.0,0.00732,0.07475,7.56226,2.03895,0.23182,0.35293,0.69313,0.35067,0.49045,0.69313
-8.95946,82.60862,6.65886,-0.08948,0.74555,0.66042,0.97657,0.0,0.0,nan,0.0,0.01049,0.06122,11.04614,1.66143,0.22291,0.36336,0.39325,0.55706,0.60189,0.39325
-8.10719,84.03705,0.94303,-0.0502,0.99859,-0.01727,0.9987,0.00115,0.00575,0.51,1.0,0.05031,0.26141,7.05226,3.54873,0.23022,0.25677,0.39831,0.96203,0.28179,0.39831
-6.94036,1.70165,-2.97641,-0.04434,-0.94788,-0.31554,0.99149,0.0,0.0,nan,0.0,0.01411,0.10365,4.6863,1.68302,0.24038,0.43711,0.82181,0.57675,0.59417,0.82181
-6.97065,1.40946,-1.01476,-0.01785,-0.99503,-0.09794,0.99657,0.0,0.0,nan,0.0,0.01198,0.06166,3.6014,1.81165,0.23462,0.3052,0.36115,0.98989,0.55198,0.36115
-6.98873,1.33035,0.93658,-0.02837,-0.99636,0.08043,0.99647,0.0,0.0,nan,0.0,0.01216,0.05424,3.82137,1.91833,0.22182,0.34151,0.5645,1.0,0.52129,0.5645
-7.00655,1.73208,2.84356,-0.01207,-0.97325,0.22943,0.9988,0.0087,0.01186,0.6,0.83333,0.01625,0.06572,4.52787,1.88507,0.22677,0.49184,0.77416,0.78538,0.53049,0.77416
-7.03998,2.78021,-5.14891,-0.14707,-0.57956,-0.80155,0.92166,0.0,0.0,nan,0.0,0.00578,0.06218,37.73461,1.89596,0.23564,0.67745,0.97859,0.53854,0.52744,0.97859
-7.37852,2.03966,-3.8944,-0.09033,-0.84404,-0.52862,0.95251,0.0,0.0,nan,0.0,0.00537,0.06732,29.73862,1.88193,0.23708,0.53408,0.84538,0.22963,0.53137,0.84538
-6.98039,2.07473,3.78239,0.00704,-0.97017,0.24231,0.9988,0.00126,0.00629,0.6,1.0,0.02295,0.10075,5.56178,1.90739,0.22516,0.54779,0.77727,0.61936,0.52428,0.77727
-6.99634,2.3807,5.05576,0.01794,-0.98642,0.16329,0.99829,0.0,0.0,nan,0.0,0.01821,0.07747,6.58636,1.85311,0.22375,0.50363,0.76682,0.64307,0.53963,0.76682
-6.9917,2.48326,7.01818,-0.03304,-0.96755,0.25052,0.97525,0.0,0.0,nan,0.0,0.00713,0.1087,35.54699,2.22111,0.21734,0.83027,0.94244,0.21728,0.45022,0.94244
-7.05532,3.15696,9.04534,-0.08727,-0.70702,0.70179,0.92836,0.0,0.0,nan,0.0,0.00494,0.01566,22.92264,2.05494,0.23181,0.42833,0.41354,0.80108,0.48663,0.41354
-6.5727,5.79941,-6.19061,-0.12871,-0.41573,-0.90033,0.99687,0.0,0.0,nan,0.0,0.02363,0.04544,30.61722,1.76409,0.236,0.67876,0.49769,0.81619,0.56686,0.49769
-7.04249,4.94681,-5.42318,-0.14561,-0.35476,-0.92355,0.99017,0.0,0.0,nan,0.0,0.02019,0.04008,32.36313,1.78657,0.23721,0.64707,0.58963,0.82667,0.55973,0.58963
-6.67813,4.51771,9.53943,-0.03799,-0.51408,0.8569,0.99616,0.0,0.0,nan,0.0,0.0114,0.02722,26.76005,1.72587,0.23202,0.45888,0.3879,0.98116,0.57942,0.3879
-7.11615,5.34736,10.3821,-0.03734,-0.49903,0.86578,0.99119,0.0,0.0,nan,0.0,0.00956,0.02471,26.55216,1.69915,0.22912,0.45924,0.47113,0.90557,0.58853,0.47113
-7.05643,7.05307,-6.70666,-0.09909,-0.33143,-0.93826,0.97231,0.0,0.0,nan,0.0,0.01857,0.05175,30.61691,1.91004,0.22761,0.6223,0.54188,0.61444,0.52355,0.54188
-7.59424,6.73827,-5.92687,-0.07777,-0.40421,-0.91135,0.97474,0.0,0.0,nan,0.0,0.01845,0.0435,28.44479,1.8685,0.24398,0.55568,0.4621,0.8171,0.53519,0.4621
-6.89056,6.74488,11.30408,-0.05059,-0.33808,0.93976,0.94795,0.0,0.0,nan,0.0,0.01141,0.02974,31.88382,1.97038,0.23685,0.54996,0.60083,0.74161,0.50752,0.60083
-6.97533,9.06555,-6.99207,-0.08422,-0.05413,-0.99498,0.99504,0.0,0.0,nan,0.0,0.00715,0.0172,27.23182,1.84023,0.23069,0.54051,0.34486,0.82622,0.54341,0.34486
-6.94513,9.04455,11.22963,-0.15141,-0.00772,0.98844,0.99078,0.0,0.0,nan,0.0,0.01571,0.03603,31.60977,1.89425,0.24032,0.47873,0.30246,0.96818,0.52791,0.30246
-7.00708,11.03625,-6.98761,-0.08019,-0.28222,-0.95599,0.94774,0.0,0.0,nan,0.0,0.01313,0.02771,30.83615,2.23244,0.22126,0.62501,0.72313,0.80751,0.44794,0.72313
-6.99161,11.03664,11.02776,-0.18794,-0.0516,0.98082,0.992,0.0,0.0,nan,0.0,0.0093,0.0278,30.23979,1.85727,0.21371,0.39169,0.46324,0.91075,0.53843,0.46324
-6.91471,13.35476,-8.18972,-0.08876,-0.21448,-0.97269,0.99281,0.0,0.0,nan,0.0,0.00861,0.03606,33.9021,1.6519,0.237,0.4817,0.35007,0.52499,0.60536,0.35007
-7.09859,12.3949,-7.74186,-0.09408,-0.378,-0.92101,0.98692,0.0,0.0,nan,0.0,0.02748,0.07976,28.13267,2.18455,0.22007,0.6693,0.41198,0.55128,0.45776,0.41198
-7.02768,13.02354,11.39096,-0.24049,0.10038,0.96545,0.9921,0.0,0.0,nan,0.0,0.01367,0.04994,30.98693,1.89904,0.22982,0.5869,0.61864,0.4966,0.52658,0.61864
-6.96648,15.0313,-8.37273,-0.06589,-0.11694,-0.99095,0.99819,0.0,0.0,nan,0.0,0.00936,0.02654,32.04161,1.73401,0.2322,0.44464,0.61817,0.84254,0.5767,0.61817
-7.64823,15.39211,-7.77375,-0.06766,-0.12314,-0.99008,0.95708,0.0,0.0,nan,0.0,0.01022,0.02803,32.60508,2.72144,0.24009,0.46483,0.69225,0.83245,0.36745,0.69225
-6.95974,15.03416,10.78015,-0.22987,-0.02066,0.973,0.97322,0.0,0.0,nan,0.0,0.01901,0.04193,24.43045,1.87297,0.23074,0.58763,0.6503,0.83458,0.53391,0.6503
-7.06708,17.04662,-8.72002,-0.05547,-0.28969,-0.95551,0.99484,0.0,0.0,nan,0.0,0.01213,0.03985,35.01887,1.86816,0.2323,0.46945,0.38495,0.68566,0.53529,0.38495
-7.03153,16.82462,11.46966,-0.17925,-0.0581,0.98209,0.985,0.0,0.0,nan,0.0,0.01625,0.03496,25.48574,1.81709,0.23776,0.68671,0.72802,0.73016,0.55033,0.72802
-7.13437,18.86835,-9.67948,-0.0851,-0.19086,-0.97792,0.99312,0.0,0.0,nan,0.0,0.00658,0.0251,25.429,1.82951,0.23816,0.41241,0.30623,0.68547,0.54659,0.30623
-6.92041,19.06379,10.92312,-0.13526,0.0855,0.98711,0.98682,0.0,0.0,nan,0.0,0.01339,0.03266,25.80187,3.59226,0.24114,0.49618,0.49745,0.89012,0.27838,0.49745
-7.31147,21.98412,-10.03408,-0.0801,-0.33554,-0.93862,0.99474,0.0,0.0,nan,0.0,0.01221,0.03146,28.88061,1.87943,0.23201,0.49658,0.33782,0.83589,0.53208,0.33782
-7.00822,21.05827,-9.51782,-0.08455,-0.18808,-0.97851,0.99088,0.0,0.0,nan,0.0,0.01242,0.03239,25.10263,1.75147,0.22785,0.47619,0.3753,0.86951,0.57095,0.3753
-7.03146,21.11222,11.09091,-0.1316,-0.16898,0.97679,0.98906,0.0,0.0,nan,0.0,0.01419,0.04105,27.60049,1.73159,0.23725,0.54363,0.58875,0.68207,0.5775,0.58875
-6.89706,23.02097,-10.13283,-0.06863,-0.42313,-0.90347,0.99149,0.0,0.0,nan,0.0,0.01321,0.0372,28.56925,1.72096,0.23367,0.57357,0.37167,0.66214,0.58107,0.37167
-7.26377,22.83957,-9.93404,-0.07669,-0.418,-0.90521,0.98408,0.0,0.0,nan,0.0,0.01182,0.03577,29.92792,1.89332,0.22392,0.57454,0.32976,0.61359,0.52817,0.32976
-7.04313,22.96715,11.79289,-0.13962,-0.00611,0.99019,0.97231,0.0,0.0,nan,0.0,0.01082,0.02917,29.55175,1.85947,0.22967,0.58029,0.6172,0.68257,0.53779,0.6172
-6.95514,25.02852,-11.3386,-0.08915,-0.10738,-0.99021,0.96896,0.0,0.0,nan,0.0,0.01439,0.05469,22.1966,1.70988,0.23697,0.57598,0.5526,0.49801,0.58483,0.5526
-7.06703,25.0268,11.25628,-0.12789,0.01609,0.99166,0.99565,0.0,0.0,nan,0.0,0.0133,0.03156,31.52919,1.85173,0.2244,0.55319,0.59421,0.81028,0.54004,0.59421
-7.06668,27.05022,-11.04585,-0.10504,0.01331,-0.99438,0.98977,0.0,0.0,nan,0.0,0.01231,0.02965,26.83031,1.8496,0.22799,0.59249,0.42054,0.75331,0.54066,0.42054
-7.02111,26.84751,11.54669,-0.13153,-0.08149,0.98796,0.99058,0.0,0.0,nan,0.0,0.01117,0.02365,24.53186,1.8608,0.24143,0.52162,0.41885,0.97919,0.5374,0.41885
-7.02895,27.89887,12.01833,-0.12853,0.01571,0.99158,0.94866,0.0,0.0,nan,0.0,0.01334,0.02609,26.1012,1.8833,0.24001,0.59837,0.50329,0.92028,0.53098,0.50329
-7.01243,28.91053,-11.135,-0.1407,-0.21122,-0.96726,0.99504,0.0,0.0,nan,0.0,0.01037,0.02776,27.81656,1.77946,0.22983,0.57585,0.6834,0.69555,0.56197,0.6834
-7.06608,29.18706,11.54142,-0.12347,0.12448,0.98451,0.99038,0.0,0.0,nan,0.0,0.01488,0.03418,26.15506,1.8585,0.23674,0.55239,0.46193,0.84872,0.53807,0.46193
-6.99083,28.15816,12.01378,-0.13165,0.04644,0.99021,0.95525,0.0,0.0,nan,0.0,0.0124,0.02707,27.33116,1.91555,0.2326,0.57387,0.43831,0.85697,0.52204,0.43831
-7.00125,31.05305,-11.83535,-0.15885,0.00671,-0.98728,0.96784,0.0,0.0,nan,0.0,0.01666,0.0533,20.51133,1.87798,0.23795,0.64069,0.61241,0.53559,0.53249,0.61241
-7.00797,31.06232,11.36746,-0.09204,-0.06442,0.99367,0.99494,0.0,0.0,nan,0.0,0.00913,0.02262,24.89101,1.77403,0.24116,0.43773,0.34255,0.99622,0.56369,0.34255
-6.91764,33.06578,-11.34426,-0.16137,-0.04162,-0.98602,0.99109,0.0,0.0,nan,0.0,0.00379,0.0165,25.8935,1.73683,0.23168,0.55216,0.86793,0.71982,0.57576,0.86793
-6.90772,32.91688,11.8267,-0.06942,-0.03734,0.99689,0.98418,0.0,0.0,nan,0.0,0.00813,0.02215,21.77197,2.07728,0.23051,0.44939,0.26408,0.89163,0.4814,0.26408
-7.5867,35.47575,-12.00969,-0.13372,-0.13925,-0.98119,0.97962,0.0,0.0,nan,0.0,0.00593,0.02197,25.48652,1.85124,0.23644,0.52305,0.63362,0.557,0.54018,0.63362
-7.20989,34.80368,-11.62552,-0.16388,-0.19528,-0.96696,0.99707,0.0,0.0,nan,0.0,0.0049,0.01864,27.21044,1.6519,0.23551,0.50921,0.78065,0.61476,0.60536,0.78065
-7.03755,34.95621,11.32019,-0.06943,0.00281,0.99758,0.99383,0.0,0.0,nan,0.0,0.0097,0.02716,27.84653,1.6932,0.23234,0.45934,0.3713,0.8334,0.5906,0.3713
-6.94471,36.6636,-12.15776,-0.12399,0.02059,-0.99207,0.99271,0.0,0.0,nan,0.0,0.00764,0.02724,20.21281,1.84256,0.23858,0.68117,0.34766,0.45219,0.54272,0.34766
-7.14369,37.61441,-11.88023,-0.1172,-0.01041,-0.99305,0.99535,0.0,0.0,nan,0.0,0.00678,0.0213,18.51932,2.53036,0.23526,0.5672,0.42385,0.62194,0.3952,0.42385
-6.98222,36.94764,11.46494,-0.05269,-0.15981,0.98574,0.99758,0.0,0.0,nan,0.0,0.00808,0.02147,24.16281,1.6519,0.24108,0.47354,0.32575,0.86028,0.60536,0.32575
-6.96125,37.78279,12.04327,-0.05023,-0.09979,0.99374,0.98753,0.0,0.0,nan,0.0,0.00865,0.0199,22.61524,1.88987,0.23757,0.52124,0.67964,0.90762,0.52914,0.67964
-6.9277,39.54715,-12.21934,-0.09714,-0.17222,-0.98026,0.99677,0.0,0.0,nan,0.0,0.00603,0.01729,12.43515,2.40093,0.22503,0.62626,0.59687,0.64671,0.4165,0.59687
-7.00375,38.81532,-11.4818,-0.09886,-0.09539,-0.99052,0.97363,0.0,0.0,nan,0.0,0.00597,0.01952,13.73414,3.2012,0.22977,0.63004,0.81818,0.71207,0.31238,0.81818
-6.86276,39.12572,11.66357,-0.01784,0.01654,0.9997,0.99697,0.0,0.0,nan,0.0,0.00807,0.0248,21.63197,1.6519,0.23392,0.47867,0.52511,0.74279,0.60536,0.52511
-7.35373,38.54238,12.08199,-0.04474,-0.03159,0.9985,0.98591,0.0,0.0,nan,0.0,0.00872,0.02188,21.21759,1.75181,0.2386,0.503,0.59704,0.86711,0.57084,0.59704
-7.02653,41.06334,-12.42288,-0.09795,-0.15909,-0.98239,0.99707,0.0,0.0,nan,0.0,0.0027,0.04285,8.94038,2.01289,0.24062,0.78812,0.948,0.26662,0.4968,0.948
-7.05301,40.68166,11.86367,0.03433,-0.02751,0.99903,0.99636,0.0,0.0,nan,0.0,0.01109,0.02876,19.25849,1.6519,0.24436,0.53326,0.5402,0.79823,0.60536,0.5402
-6.88743,41.60726,12.12457,0.06192,-0.1194,0.99091,0.98875,0.0,0.0,nan,0.0,0.01354,0.03458,17.86849,1.75497,0.24017,0.60499,0.2458,0.71971,0.56981,0.2458
-7.02456,43.00154,-12.44283,-0.09453,0.00356,-0.99552,0.99352,0.15338,0.41551,0.51,0.94714,0.02863,0.12084,3.52714,1.90313,0.2236,0.37126,0.62706,1.0,0.52545,0.62706
-6.40543,43.7808,11.97785,0.03485,0.05116,0.99808,0.99616,0.0,0.0,nan,0.0,0.00392,0.01252,16.6677,1.94933,0.23632,0.39218,0.46202,0.89363,0.513,0.46202
-7.04504,43.00638,12.25689,0.02651,-0.0059,0.99963,0.97627,0.0,0.0,nan,0.0,0.00793,0.01872,17.37707,3.63418,0.24361,0.57347,0.41422,0.8239,0.27517,0.41422
-7.00304,44.98748,-12.4327,-0.09446,0.02175,-0.99529,0.99342,0.0854,0.42699,0.51,1.0,0.02444,0.12133,3.86312,2.0392,0.20804,0.41597,0.83245,0.99841,0.49039,0.83245
-6.65636,44.96608,11.83244,0.01609,0.15349,0.98802,0.99545,0.0,0.0,nan,0.0,0.00773,0.02254,22.12738,1.87319,0.2282,0.42243,0.43071,0.88471,0.53385,0.43071
-7.18336,44.39521,12.01489,0.01149,0.12535,0.99205,0.99545,0.0,0.0,nan,0.0,0.00836,0.02288,20.66886,1.89493,0.23058,0.46891,0.41802,0.85448,0.52772,0.41802
-7.02829,46.99413,-12.37682,-0.09108,0.04844,-0.99466,0.99545,0.0,0.0,nan,0.0,0.01888,0.12832,4.75111,2.041,0.21479,0.46423,0.91963,0.98507,0.48995,0.91963
-6.95512,47.08398,11.67791,0.05042,-0.00231,0.99873,0.9985,0.0,0.0,nan,0.0,0.01019,0.02204,26.25812,1.81709,0.22987,0.50983,0.3938,0.97601,0.55033,0.3938
-7.01056,48.96032,-12.1918,-0.08813,0.07797,-0.99305,0.99809,0.19446,0.19446,0.51,0.66192,0.02061,0.2293,6.43156,2.00059,0.21127,0.60627,0.99595,0.91285,0.49985,0.99595
-6.91107,48.9557,11.52212,0.00685,0.08641,0.99624,0.99789,0.0,0.0,nan,0.0,0.01197,0.03335,26.47257,1.65321,0.22364,0.53416,0.40889,0.72263,0.60488,0.40889
-6.80698,50.70348,-12.07428,-0.08949,0.09639,-0.99131,0.9988,0.41417,0.41417,0.6,0.7092,0.02761,0.22397,7.45555,2.03208,0.2214,0.60433,0.97963,0.9755,0.49211,0.97963
-7.36857,51.48629,-11.93082,-0.09028,0.10131,-0.99075,0.9988,0.26195,0.26195,0.51,0.57495,0.02253,0.2438,7.71657,1.99591,0.21406,0.57265,0.99833,0.98935,0.50103,0.99833
-6.98734,50.98181,10.94277,-0.05939,0.08784,0.99436,0.97221,0.0,0.0,nan,0.0,0.01401,0.03593,26.25638,3.63418,0.24378,0.554,0.40761,0.7571,0.27517,0.40761
-6.09959,52.09644,-12.01362,-0.09178,0.10366,-0.99037,0.9986,0.20262,0.20262,0.51,0.63798,0.02244,0.24222,7.78853,1.92035,0.22252,0.55831,0.99732,1.0,0.52074,0.99732
-7.00993,53.02291,-11.81293,-0.08993,0.10995,-0.98986,0.9989,0.02516,0.12579,0.6,1.0,0.01942,0.22468,8.10349,1.87868,0.22148,0.55406,1.0,0.97253,0.53229,1.0
-6.94221,52.76629,11.3484,-0.04616,-0.02583,0.9986,0.99829,0.0,0.0,nan,0.0,0.00791,0.0211,25.53011,1.8258,0.23264,0.42486,0.53945,0.95115,0.54771,0.53945
-7.00961,54.97871,-11.57041,-0.08672,0.13073,-0.98762,0.9988,0.00341,0.01707,0.51,1.0,0.0265,0.2263,8.40829,2.04056,0.22386,0.54163,0.97843,0.99482,0.49006,0.97843
-7.09285,54.98391,11.25702,-0.0153,0.12189,0.99243,0.98936,0.0,0.0,nan,0.0,0.01423,0.0307,27.16441,1.86491,0.22814,0.51707,0.6974,0.96249,0.53622,0.6974
-6.96887,56.9987,-11.26962,-0.0917,0.14663,-0.98493,0.9989,0.15522,0.18958,0.51,0.80664,0.03233,0.2799,9.27017,1.74955,0.22257,0.5682,0.98471,0.99287,0.57158,0.98471
-7.07984,56.94027,11.12062,-0.03292,-0.02496,0.99915,0.99525,0.0,0.0,nan,0.0,0.0098,0.02342,26.89653,2.04458,0.22723,0.4496,0.57076,1.0,0.4891,0.57076
-6.99578,59.00616,-10.97075,-0.10257,0.15636,-0.98236,0.9989,0.11051,0.53243,0.51,0.99764,0.02993,0.3133,10.16499,1.95625,0.22147,0.57157,1.0,1.0,0.51118,1.0
-6.94996,59.07425,11.16524,-0.06685,0.00279,0.99776,0.99718,0.0,0.0,nan,0.0,0.00622,0.01853,24.97209,1.66568,0.23066,0.4835,0.82818,1.0,0.60036,0.82818
-7.0114,61.00267,-10.63049,-0.11826,0.16685,-0.97886,0.9989,0.17226,0.29488,0.51,0.87995,0.02899,0.25167,10.75707,1.92045,0.21403,0.51103,0.97896,1.0,0.52071,0.97896
-6.94225,61.02263,10.9864,-0.08468,0.03312,0.99586,0.99819,0.0,0.0,nan,0.0,0.01222,0.02453,24.76562,1.70405,0.23341,0.54457,0.70501,0.98846,0.58684,0.70501
-7.02538,62.98946,-10.33573,-0.13682,0.14763,-0.97953,0.9989,0.08816,0.44079,0.51,1.0,0.04308,0.24061,10.61621,2.01491,0.22033,0.44198,0.91197,0.99948,0.4963,0.91197
-7.07724,62.9428,11.28966,-0.15955,0.0514,0.98585,0.98307,0.0,0.0,nan,0.0,0.01426,0.02478,22.03032,1.81709,0.23872,0.62761,0.39648,1.0,0.55033,0.39648
-6.68887,64.80301,-10.10152,-0.16597,0.10259,-0.98078,0.9989,0.07166,0.35831,0.51,1.0,0.02833,0.26201,8.99634,2.05839,0.21501,0.42598,0.95296,0.88506,0.48582,0.95296
-7.50317,65.26109,-9.92628,-0.15457,0.10094,-0.98281,0.9989,0.02401,0.12004,0.51,1.0,0.02618,0.30347,9.53677,2.04763,0.21272,0.45036,0.9793,0.87029,0.48837,0.9793
-7.91889,65.43859,9.99039,-0.177,0.08778,0.98029,0.9516,0.0,0.0,nan,0.0,0.00966,0.02629,25.01785,2.04295,0.22095,0.43844,0.36029,0.9048,0.48949,0.36029
-7.02026,65.08845,10.71485,-0.16753,0.14085,0.97575,0.99616,0.0,0.0,nan,0.0,0.01482,0.04071,28.08603,1.87404,0.22487,0.56291,0.32318,0.69293,0.53361,0.32318
-6.22567,66.87273,-10.03044,-0.18249,0.05818,-0.98148,0.9989,0.177,0.177,0.51,0.72183,0.02098,0.15776,7.08779,2.01551,0.22188,0.47193,0.94897,0.99443,0.49615,0.94897
-7.23285,66.99712,-9.81909,-0.17717,0.05668,-0.98255,0.9989,0.04607,0.05499,0.51,0.80065,0.01507,0.16377,8.03769,2.09551,0.20882,0.48506,0.97738,0.86951,0.47721,0.97738
-7.8874,67.09768,9.93517,-0.11196,-0.03743,0.99301,0.97525,0.0,0.0,nan,0.0,0.00984,0.02437,22.49369,1.74122,0.23488,0.4664,0.34416,0.94214,0.57431,0.34416
-6.91257,66.87277,10.3814,-0.10807,-0.01554,0.99402,0.99169,0.0,0.0,nan,0.0,0.00755,0.0237,26.27664,2.57323,0.23275,0.44272,0.42076,0.77434,0.38862,0.42076
-6.15323,68.4594,-10.04336,-0.17105,0.042,-0.98437,0.9989,0.0,0.0,nan,0.0,0.01854,0.10975,6.63317,2.07827,0.21857,0.39791,0.88982,1.0,0.48117,0.88982
-7.03626,69.03983,-9.83295,-0.17118,0.02926,-0.98481,0.9989,0.0,0.0,nan,0.0,0.01488,0.07708,7.69782,2.14419,0.2169,0.47548,0.88143,0.88299,0.46638,0.88143
-7.12962,69.09757,10.71103,-0.10748,0.06342,0.99218,0.99819,0.0,0.0,nan,0.0,0.00865,0.02077,19.33109,2.40528,0.22744,0.4888,0.48497,0.9406,0.41575,0.48497
-6.99579,71.0088,-9.78447,-0.15629,0.05645,-0.9861,0.9989,0.0,0.0,nan,0.0,0.02337,0.07165,7.18563,2.05477,0.21586,0.42158,0.75217,0.99598,0.48667,0.75217
-6.99704,71.00943,10.44589,-0.09499,0.14458,0.98492,0.9987,0.0,0.0,nan,0.0,0.01421,0.03956,22.62898,2.23893,0.22647,0.43226,0.46441,0.90461,0.44664,0.46441
-7.01321,73.01651,-9.62788,-0.15805,0.14324,-0.97699,0.9989,0.0,0.0,nan,0.0,0.01963,0.07845,6.74518,2.07046,0.22132,0.34905,0.488,0.92925,0.48298,0.488
-7.24196,73.76614,9.86334,-0.09535,0.17873,0.97927,0.99819,0.0,0.0,nan,0.0,0.00737,0.04492,16.26566,2.00329,0.21902,0.25955,0.47289,0.71017,0.49918,0.47289
-6.96557,72.80504,10.20982,-0.08173,0.15238,0.98494,0.99778,0.0,0.0,nan,0.0,0.00787,0.04277,21.82633,2.08211,0.22524,0.33233,0.5607,0.60428,0.48028,0.5607
-7.03738,74.98662,-9.21607,-0.13974,0.21623,-0.96629,0.9989,0.0,0.0,nan,0.0,0.01726,0.11494,7.69931,2.0848,0.21636,0.36672,0.87562,0.86251,0.47966,0.87562
-6.96083,74.97602,9.73107,-0.08586,0.28855,0.95361,0.99728,0.0,0.0,nan,0.0,0.0059,0.04809,19.59084,2.65335,0.21671,0.48015,0.83705,0.39018,0.37688,0.83705
-6.99206,76.96923,-8.7332,-0.1064,0.23672,-0.96573,0.99809,0.0,0.0,nan,0.0,0.02891,0.09601,7.23276,1.69667,0.21732,0.44827,0.67646,0.85744,0.58939,0.67646
-7.01992,77.05347,8.78641,-0.11706,0.35085,0.92909,0.99423,0.0,0.0,nan,0.0,0.00857,0.02773,26.94612,2.37359,0.2276,0.45596,0.45479,0.7283,0.4213,0.45479
-6.96559,78.74112,-8.29513,-0.06192,0.35839,-0.93152,0.99616,0.00124,0.00619,0.51,1.0,0.01022,0.05972,5.12266,1.95933,0.22,0.35429,0.3801,0.67166,0.51038,0.3801
-7.16025,79.70844,-7.88215,-0.03517,0.47028,-0.88182,0.99007,0.00456,0.02281,0.51,1.0,0.0136,0.07261,4.21888,2.03358,0.22492,0.29277,0.44905,0.94306,0.49174,0.44905
-6.4601,78.57555,7.92035,-0.10397,0.18377,0.97746,0.95404,0.0,0.0,nan,0.0,0.00976,0.02891,30.29308,2.69479,0.23213,0.51323,0.69195,0.70113,0.37109,0.69195
-7.00701,78.91839,8.34476,-0.10672,0.17843,0.97815,0.99555,0.0,0.0,nan,0.0,0.00928,0.02622,30.8809,2.48839,0.22748,0.54008,0.71376,0.69764,0.40187,0.71376
-7.00675,80.98895,-6.90839,-0.00316,0.67268,-0.73992,0.99068,0.02586,0.12932,0.51,1.0,0.00697,0.04537,3.29592,2.04381,0.22759,0.25405,0.21064,0.97104,0.48928,0.21064
-6.84638,81.91554,-5.90669,0.00213,0.79092,-0.61192,0.99403,0.0,0.0,nan,0.0,0.01205,0.08064,3.03894,2.10737,0.21475,0.28921,0.45279,0.85685,0.47452,0.45279
-7.01869,81.69572,7.78948,-0.10126,0.50714,0.8559,0.96784,0.0,0.0,nan,0.0,0.0202,0.07213,13.19201,1.6519,0.22092,0.43964,0.61882,0.73354,0.60536,0.61882
-6.98414,80.64761,8.31249,-0.10008,0.28864,0.95219,0.97891,0.0,0.0,nan,0.0,0.00449,0.02645,18.50648,1.74414,0.22329,0.37539,0.69977,0.50066,0.57335,0.69977
-6.99425,82.5619,-4.90813,-0.00765,0.86214,-0.50662,0.99383,0.0,0.0,nan,0.0,0.00816,0.09604,5.71616,1.87229,0.23757,0.35044,0.78162,0.36433,0.5341,0.78162
-7.01688,83.44919,-3.02842,-0.01517,0.95027,-0.31106,0.99687,0.0,0.0,nan,0.0,0.01727,0.11059,7.83446,2.40873,0.22856,0.288,0.43003,0.68059,0.41516,0.43003
-7.03772,83.88326,-1.04402,-0.02882,0.9885,-0.14843,0.9987,0.0,0.0,nan,0.0,0.03946,0.16473,9.60666,3.19099,0.23022,0.33065,0.68284,0.87531,0.31338,0.68284
-7.63078,83.9956,0.73885,-0.04755,0.99832,-0.03299,0.9989,0.0,0.0,nan,0.0,0.06139,0.27897,7.86167,3.55628,0.22933,0.30248,0.681,0.91266,0.28119,0.681
-7.19453,83.95151,3.24694,-0.05864,0.9914,0.11702,0.9985,0.0,0.0,nan,0.0,0.02448,0.15505,6.20195,3.25323,0.23515,0.2229,0.61127,0.93673,0.30739,0.61127
-7.01436,83.66955,5.02453,-0.06135,0.95038,0.30499,0.99332,0.0,0.0,nan,0.0,0.01394,0.1201,6.66608,2.06666,0.22189,0.38195,0.85277,0.58868,0.48387,0.85277
-6.99346,82.75488,6.89214,-0.07249,0.75915,0.64687,0.9719,0.0,0.0,nan,0.0,0.01122,0.05652,10.28196,1.69758,0.22035,0.31192,0.42195,0.76003,0.58908,0.42195
-6.25627,84.03761,-0.18571,-0.03516,0.99454,-0.09828,0.9989,0.0,0.0,nan,0.0,0.04303,0.27544,9.0194,2.40074,0.2287,0.29891,0.83453,0.87521,0.41654,0.83453
-6.82567,84.03406,1.10314,-0.04781,0.99871,-0.01722,0.9989,0.0,0.0,nan,0.0,0.0377,0.28442,8.25187,2.25508,0.22283,0.30592,0.86929,0.87068,0.44344,0.86929
-6.50786,84.02343,2.5082,-0.05206,0.9965,0.06541,0.99839,0.0,0.0,nan,0.0,0.02676,0.20568,7.3611,3.53428,0.22803,0.2033,0.60389,0.81393,0.28294,0.60389
-5.01679,1.71243,-2.97733,-0.00935,-0.96393,-0.26598,0.99667,0.03321,0.16606,0.6,1.0,0.01499,0.12534,4.41468,1.75955,0.23542,0.27469,0.39839,0.63245,0.56833,0.39839
-5.00666,1.37986,-0.98989,-0.01058,-0.99481,-0.10123,0.99687,0.0,0.0,nan,0.0,0.01495,0.08685,3.00649,2.05196,0.22846,0.28686,0.5416,0.99893,0.48734,0.5416
-4.9746,1.28155,0.99071,-0.01475,-0.99655,0.08171,0.99545,0.00562,0.02809,0.6,1.0,0.01294,0.05343,3.94216,2.09633,0.22628,0.3679,0.68804,0.992,0.47703,0.68804
-4.96737,1.7229,2.93134,-0.02062,-0.96953,0.24412,0.9989,0.0,0.0,nan,0.0,0.01431,0.06487,4.79393,1.73987,0.23188,0.51687,0.76361,0.63224,0.57476,0.76361
-4.46327,3.51208,-6.16388,-0.09637,-0.4287,-0.89829,0.91963,0.0,0.0,nan,0.0,0.01918,0.03769,30.1688,1.89478,0.23093,0.77858,0.71996,0.69692,0.52777,0.71996
-5.05329,2.6227,-5.261,-0.09727,-0.68914,-0.71807,0.92318,0.0,0.0,nan,0.0,0.00557,0.08054,32.85172,2.09686,0.22148,0.81104,0.98926,0.38576,0.4769,0.98926
-4.88385,2.0178,-3.95118,-0.03317,-0.8939,-0.44704,0.97241,0.0,0.0,nan,0.0,0.00352,0.13841,13.70052,1.8262,0.25132,0.66965,0.996,0.20471,0.54759,0.996
-5.29869,2.05204,3.8677,-0.02291,-0.96774,0.2509,0.9986,0.0,0.0,nan,0.0,0.01554,0.06809,5.43237,1.98332,0.22468,0.5032,0.83488,0.85198,0.50421,0.83488
-4.99084,2.3954,5.01993,-0.02531,-0.98504,0.17047,0.99839,0.0,0.0,nan,0.0,0.0135,0.05529,5.4527,1.92341,0.22595,0.33596,0.72947,0.99365,0.51991,0.72947
-4.99918,2.48318,7.0098,-0.03359,-0.9782,0.20493,0.97454,0.0,0.0,nan,0.0,0.00441,0.11553,14.75266,2.64305,0.21565,0.7812,0.97959,0.20931,0.37835,0.97959
-5.03259,3.03316,8.89247,-0.07012,-0.73909,0.66994,0.93018,0.0,0.0,nan,0.0,0.00505,0.02001,19.94285,1.83516,0.2362,0.43884,0.43351,0.6329,0.54491,0.43351
-4.8238,5.41698,-6.32479,-0.13439,-0.33046,-0.9342,0.99819,0.0,0.0,nan,0.0,0.01717,0.04589,33.25247,1.71542,0.24442,0.72167,0.81506,0.6942,0.58295,0.81506
-5.25102,4.59741,-5.86467,-0.14754,-0.32801,-0.93308,0.99626,0.0,0.0,nan,0.0,0.01893,0.03655,29.13727,1.90623,0.22867,0.67387,0.73611,0.82113,0.52459,0.73611
-5.11298,4.64423,9.87334,-0.03353,-0.44545,0.89468,0.99728,0.0,0.0,nan,0.0,0.01475,0.03493,25.66452,1.91299,0.22515,0.47558,0.43499,0.95728,0.52274,0.43499
-4.82083,5.58095,10.15327,-0.03165,-0.47386,0.88003,0.99728,0.0,0.0,nan,0.0,0.01113,0.02835,26.04515,1.76598,0.23418,0.43255,0.41682,0.97767,0.56626,0.41682
-4.91764,6.83573,-7.05926,-0.10401,-0.36944,-0.92342,0.97576,0.0,0.0,nan,0.0,0.01086,0.0376,27.72328,1.76062,0.23285,0.64182,0.78151,0.53671,0.56798,0.78151
-4.97748,7.04294,10.98328,-0.06015,-0.40575,0.912,0.99048,0.0,0.0,nan,0.0,0.01011,0.0364,34.63528,1.95188,0.22816,0.61444,0.88893,0.86071,0.51233,0.88893
-5.01579,9.17443,-7.42279,-0.14692,-0.04615,-0.98807,0.98743,0.0,0.0,nan,0.0,0.01832,0.04124,28.20611,1.90343,0.22348,0.68303,0.6587,0.69638,0.52537,0.6587
-5.225,8.96994,11.49328,-0.20153,-0.11584,0.97261,0.98845,0.0,0.0,nan,0.0,0.01772,0.04095,37.61479,1.9357,0.22812,0.55225,0.76564,0.86881,0.51661,0.76564
-4.24329,9.16166,12.14327,-0.17159,-0.10406,0.97966,0.95779,0.0,0.0,nan,0.0,0.01971,0.04455,39.27209,2.0333,0.23472,0.6828,0.72207,0.68096,0.49181,0.72207
-5.00933,11.75578,-8.13885,-0.14034,-0.37367,-0.91689,0.97647,0.0,0.0,nan,0.0,0.01926,0.04482,30.33864,2.71691,0.22795,0.70447,0.51507,0.65002,0.36807,0.51507
-5.01819,10.7339,-7.57053,-0.16601,-0.24844,-0.95432,0.98723,0.0,0.0,nan,0.0,0.0117,0.02212,28.93914,1.73676,0.23862,0.65864,0.44508,0.85887,0.57579,0.44508
-5.07799,11.05234,11.51143,-0.22252,-0.05461,0.9734,0.99677,0.0,0.0,nan,0.0,0.01603,0.03622,26.81359,1.84901,0.24216,0.6168,0.59018,0.77105,0.54083,0.59018
-4.22906,10.55298,12.15826,-0.16993,-0.04605,0.98438,0.98794,0.0,0.0,nan,0.0,0.01729,0.04282,27.79378,1.7463,0.24351,0.54101,0.31085,0.80011,0.57264,0.31085
-4.99227,12.86426,-8.76022,-0.11028,-0.25739,-0.95999,0.95454,0.0,0.0,nan,0.0,0.00503,0.02195,32.86215,2.08591,0.22419,0.50916,0.56767,0.47721,0.47941,0.56767
-4.5575,12.01108,-7.95828,-0.12719,-0.35647,-0.92561,0.98489,0.0,0.0,nan,0.0,0.0168,0.03848,35.30204,1.85551,0.2321,0.70172,0.54828,0.65741,0.53894,0.54828
-5.1706,13.46619,11.72743,-0.15703,0.14932,0.97624,0.99139,0.0,0.0,nan,0.0,0.0116,0.03257,28.12006,1.90352,0.23074,0.59438,0.47367,0.64176,0.52534,0.47367
-4.67111,12.68233,12.12524,-0.15163,0.09884,0.98348,0.96957,0.0,0.0,nan,0.0,0.00826,0.02411,28.46237,1.8974,0.22949,0.52344,0.42771,0.70051,0.52704,0.42771
-4.84534,15.2331,-8.09707,-0.12165,-0.08829,-0.98864,0.96581,0.0,0.0,nan,0.0,0.00872,0.02667,30.17047,3.35928,0.2373,0.51335,0.66861,0.67904,0.29768,0.66861
-5.13537,14.96505,-7.78521,-0.12908,-0.08338,-0.98812,0.93231,0.0,0.0,nan,0.0,0.00874,0.0269,29.91765,3.35735,0.23779,0.52972,0.5629,0.65431,0.29785,0.5629
-4.98302,14.96906,11.71054,-0.07936,0.09366,0.99244,0.98479,0.0,0.0,nan,0.0,0.01588,0.0328,25.91351,1.78611,0.23803,0.58775,0.75409,0.89879,0.55988,0.75409
-4.91203,17.06908,-8.86822,-0.1273,-0.30153,-0.94492,0.99109,0.0,0.0,nan,0.0,0.01148,0.04426,34.46828,1.85124,0.23255,0.47983,0.40013,0.57168,0.54018,0.40013
-4.97818,16.95155,11.64428,0.00182,-0.00404,0.99999,0.97992,0.0,0.0,nan,0.0,0.01072,0.02658,25.54102,1.78261,0.225,0.51375,0.48942,0.84671,0.56098,0.48942
-4.97876,18.87305,-9.64086,-0.06783,-0.17018,-0.98308,0.99697,0.0,0.0,nan,0.0,0.00852,0.03075,23.51992,1.85146,0.22732,0.43252,0.36182,0.69551,0.54011,0.36182
-5.03388,18.71349,11.18886,-0.00759,0.10053,0.9949,0.99413,0.0,0.0,nan,0.0,0.00989,0.0249,23.56805,2.10382,0.22869,0.4524,0.38152,0.95239,0.47533,0.38152
-5.07577,21.86796,-10.11821,-0.02816,-0.31213,-0.94962,0.99626,0.0,0.0,nan,0.0,0.0152,0.0365,29.50647,2.04795,0.2321,0.56166,0.33505,0.7917,0.48829,0.33505
-4.95982,20.96792,-9.96433,-0.02292,-0.19067,-0.98139,0.99433,0.0,0.0,nan,0.0,0.01465,0.04509,28.9352,2.19541,0.23172,0.51165,0.38566,0.67874,0.4555,0.38566
-4.87862,20.8533,11.48678,0.00793,-0.14027,0.99008,0.99271,0.0,0.0,nan,0.0,0.01236,0.04012,29.60853,1.86129,0.22286,0.64859,0.48391,0.50698,0.53726,0.48391
-5.01037,23.27449,-10.53749,-0.01633,-0.36885,-0.92935,0.99119,0.0,0.0,nan,0.0,0.01894,0.05002,29.15401,1.74188,0.23348,0.57453,0.42038,0.70431,0.57409,0.42038
-4.86073,22.95031,-9.99532,-0.01808,-0.39475,-0.91861,0.9855,0.0,0.0,nan,0.0,0.01714,0.03717,29.68258,2.01155,0.23071,0.65416,0.37194,0.7526,0.49713,0.37194
-5.13066,23.17657,11.69755,-0.01112,-0.01534,0.99982,0.99322,0.0,0.0,nan,0.0,0.01041,0.02308,25.87473,1.87318,0.22233,0.55295,0.52269,0.87872,0.53385,0.52269
-4.23244,22.7628,12.0196,0.00774,-0.08664,0.99621,0.97444,0.0,0.0,nan,0.0,0.00918,0.02166,26.72528,2.03689,0.22343,0.55895,0.47911,0.81485,0.49094,0.47911
-4.91817,25.16272,-11.39877,0.02528,-0.07779,-0.99665,0.97545,0.0,0.0,nan,0.0,0.00982,0.0302,28.85739,2.24159,0.2328,0.59568,0.6955,0.58343,0.44611,0.6955
-5.08154,25.08711,11.63088,-0.05416,0.01482,0.99842,0.99413,0.0,0.0,nan,0.0,0.012,0.03253,28.83449,1.90439,0.22398,0.46795,0.31571,0.84295,0.5251,0.31571
-5.04533,27.05308,-11.2031,-0.01813,-0.04935,-0.99862,0.99433,0.0,0.0,nan,0.0,0.01144,0.02611,27.12671,2.2334,0.23059,0.5486,0.35842,0.85737,0.44775,0.35842
-5.15179,26.79917,11.55813,-0.02893,-0.074,0.99684,0.99616,0.0,0.0,nan,0.0,0.00683,0.01878,25.01458,1.88941,0.22031,0.41412,0.35304,0.94812,0.52927,0.35304
-4.61188,27.64914,12.06812,-0.00469,-0.03347,0.99943,0.97281,0.0,0.0,nan,0.0,0.0088,0.02085,25.57061,1.88748,0.22953,0.49376,0.5758,0.92119,0.52981,0.5758
-4.86707,29.81774,-12.0329,-0.03164,-0.15772,-0.98698,0.9651,0.0,0.0,nan,0.0,0.00826,0.03182,26.60036,2.25115,0.23118,0.52823,0.43359,0.52815,0.44422,0.43359
-5.0818,28.82107,-11.397,-0.05886,-0.23192,-0.97095,0.99433,0.0,0.0,nan,0.0,0.0125,0.03375,29.48037,3.21013,0.23671,0.57055,0.71873,0.69339,0.31151,0.71873
-4.89583,29.28706,11.36805,-0.03645,0.13805,0.98975,0.99586,0.0,0.0,nan,0.0,0.01988,0.04237,26.09098,1.88032,0.21849,0.52927,0.74367,0.95448,0.53182,0.74367
-4.4398,28.24502,12.06936,0.006,0.01889,0.9998,0.96469,0.0,0.0,nan,0.0,0.01086,0.0274,25.54243,1.87356,0.24134,0.46535,0.51094,0.91807,0.53374,0.51094
-4.86116,30.50962,-12.06458,-0.01582,-0.06471,-0.99778,0.96815,0.0,0.0,nan,0.0,0.01037,0.0388,25.39866,1.91986,0.23006,0.5246,0.54593,0.54974,0.52087,0.54593
-5.00767,31.29334,-11.98052,-0.02405,0.03194,-0.9992,0.98591,0.0,0.0,nan,0.0,0.00913,0.0269,22.12052,1.85037,0.23271,0.55133,0.42566,0.6714,0.54043,0.42566
-4.99002,31.04429,11.25463,-0.04855,-0.0306,0.99835,0.98723,0.0,0.0,nan,0.0,0.00856,0.02238,26.00221,1.81709,0.23419,0.41186,0.3718,1.0,0.55033,0.3718
-4.2842,33.784,-12.0251,-0.0346,-0.16834,-0.98512,0.99626,0.0,0.0,nan,0.0,0.01397,0.03506,26.71924,1.81709,0.23807,0.60616,0.58404,0.70667,0.55033,0.58404
-5.06361,32.96021,-11.60398,-0.05613,-0.04914,-0.99721,0.99504,0.0,0.0,nan,0.0,0.00931,0.02634,22.95599,3.5399,0.2365,0.57958,0.63381,0.66272,0.28249,0.63381
-5.24076,32.7882,11.77486,-0.06114,-0.05688,0.99651,0.99271,0.0,0.0,nan,0.0,0.00809,0.02287,24.65503,1.89311,0.22771,0.4086,0.3194,0.93646,0.52823,0.3194
-4.34919,33.34904,12.09159,-0.10819,-0.0538,0.99267,0.97667,0.0,0.0,nan,0.0,0.01071,0.02442,26.97125,1.6519,0.23448,0.52139,0.39728,0.90325,0.60536,0.39728
-4.80566,35.13045,-12.23718,-0.0823,-0.13612,-0.98727,0.98672,0.0,0.0,nan,0.0,0.00733,0.03985,21.80564,2.73185,0.24659,0.65734,0.87834,0.51807,0.36605,0.87834
-5.55577,34.53456,-11.96381,-0.10257,-0.1642,-0.98108,0.99778,0.0,0.0,nan,0.0,0.01276,0.03491,24.20097,1.90374,0.23432,0.58634,0.7128,0.67506,0.52528,0.7128
-4.91925,35.05846,11.50265,-0.10611,0.00214,0.99435,0.99606,0.0,0.0,nan,0.0,0.01012,0.02424,25.85992,1.92754,0.22791,0.48903,0.46166,0.9199,0.5188,0.46166
-4.28193,34.0137,12.00594,-0.11226,-0.01087,0.99362,0.98428,0.0,0.0,nan,0.0,0.0114,0.02739,28.34183,2.21852,0.23465,0.56693,0.36836,0.78607,0.45075,0.36836
-4.99117,36.74596,-12.24761,-0.08084,0.03151,-0.99623,0.99606,0.0,0.0,nan,0.0,0.00784,0.03415,13.98122,2.5975,0.22842,0.64528,0.45934,0.40655,0.38499,0.45934
-5.01451,37.75871,-11.90738,-0.06708,0.01729,-0.9976,0.98865,0.0,0.0,nan,0.0,0.00727,0.01936,12.70936,3.57917,0.23407,0.64425,0.74281,0.67493,0.27939,0.74281
-4.69995,36.49119,11.75753,-0.08318,-0.09982,0.99152,0.99748,0.0,0.0,nan,0.0,0.00959,0.02177,24.97824,1.81709,0.23105,0.47657,0.50138,0.99792,0.55033,0.50138
-5.09054,37.28212,12.12973,-0.04912,-0.10453,0.99331,0.98428,0.0,0.0,nan,0.0,0.00965,0.02127,24.71851,2.23796,0.23289,0.49424,0.29851,0.99223,0.44683,0.29851
-4.97353,39.37238,-12.36853,-0.07743,-0.16996,-0.9824,0.99697,0.0,0.0,nan,0.0,0.00353,0.01297,11.21309,1.96195,0.21955,0.50239,0.48388,0.63861,0.5097,0.48388
-5.07443,38.48805,-11.54906,-0.07147,-0.06039,-0.99561,0.9584,0.0,0.0,nan,0.0,0.00523,0.01734,12.70851,2.24114,0.23005,0.52585,0.70351,0.66348,0.4462,0.70351
-5.01625,39.22597,11.56437,0.04443,0.11859,0.99195,0.99423,0.0,0.0,nan,0.0,0.0123,0.02738,20.59562,1.81709,0.23291,0.50615,0.46329,0.97409,0.55033,0.46329
-4.94914,38.29815,12.12112,-0.00852,0.02213,0.99972,0.97038,0.0,0.0,nan,0.0,0.01328,0.03426,21.77232,2.16124,0.22928,0.57043,0.58849,0.74168,0.4627,0.58849
-5.00923,41.02336,-12.60137,-0.08135,-0.14868,-0.98553,0.99383,0.0,0.0,nan,0.0,0.00445,0.03038,6.52465,2.37982,0.22011,0.61999,0.78475,0.34708,0.4202,0.78475
-5.08977,41.04269,11.32541,0.12283,-0.04565,0.99138,0.97028,0.0,0.0,nan,0.0,0.00932,0.02097,19.68981,3.03333,0.23653,0.53898,0.43183,0.90819,0.32967,0.43183
-5.8618,41.79129,12.0699,0.11592,-0.12088,0.98587,0.98692,0.0,0.0,nan,0.0,0.0097,0.0246,17.55316,3.4371,0.23071,0.59236,0.5845,0.74141,0.29094,0.5845
-4.98057,42.98674,-12.6231,-0.06963,0.00187,-0.99757,0.99738,0.13709,0.68546,0.51,1.0,0.03079,0.25402,4.13367,2.02295,0.2066,0.33188,0.88612,0.96002,0.49433,0.88612
-4.87471,42.82289,11.45482,0.09053,-0.10646,0.99019,0.99474,0.0,0.0,nan,0.0,0.00975,0.02127,19.81977,2.35113,0.22801,0.61281,0.65551,0.82335,0.42533,0.65551
-5.10512,43.3169,12.16003,0.07341,-0.05591,0.99573,0.98347,0.0,0.0,nan,0.0,0.00708,0.01809,19.76782,3.27696,0.23739,0.53236,0.4239,0.80928,0.30516,0.4239
-4.99505,44.9827,-12.5912,-0.0668,0.02667,-0.99741,0.99718,0.07006,0.35031,0.51,1.0,0.03092,0.20897,4.81531,2.06921,0.21248,0.35927,0.88026,0.99959,0.48328,0.88026
-5.16541,45.11971,11.65582,0.02883,0.13668,0.9902,0.99606,0.0,0.0,nan,0.0,0.00764,0.02713,23.67618,2.24114,0.22628,0.52799,0.74898,0.57854,0.4462,0.74898
-4.77522,44.28142,12.18124,0.03238,0.06893,0.9971,0.97667,0.0,0.0,nan,0.0,0.0047,0.01715,21.79135,2.04677,0.22652,0.4409,0.79474,0.79121,0.48857,0.79474
-5.00873,46.97873,-12.47658,-0.06454,0.05003,-0.99666,0.9989,0.0,0.0,nan,0.0,0.01783,0.17419,5.15143,2.03718,0.21693,0.4639,0.96659,0.99832,0.49087,0.96659
-4.99774,47.06539,11.16985,0.03444,-0.00876,0.99937,0.98094,0.0,0.0,nan,0.0,0.00927,0.02348,26.92643,1.6519,0.23154,0.43898,0.29357,0.96599,0.60536,0.29357
-5.02215,49.0405,-12.36977,-0.07074,0.07317,-0.99481,0.9989,0.00194,0.0097,0.51,1.0,0.01982,0.19857,5.70387,2.0656,0.21187,0.5962,0.99179,0.99948,0.48412,0.99179
-5.09724,49.08891,11.99982,-0.03093,0.02506,0.99921,0.97759,0.0,0.0,nan,0.0,0.00491,0.01661,27.24539,1.69458,0.23244,0.40959,0.65401,0.77467,0.59012,0.65401
-4.87236,48.95819,12.01235,-0.03409,0.00513,0.99941,0.97972,0.0,0.0,nan,0.0,0.00506,0.01549,27.25291,2.17614,0.2286,0.42152,0.67056,0.83112,0.45953,0.67056
-4.9826,50.99608,-12.21025,-0.07929,0.09184,-0.99261,0.9989,0.09937,0.09937,0.51,0.54069,0.02633,0.2572,6.73121,1.92323,0.22691,0.5484,0.98683,1.0,0.51996,0.98683
-5.07155,51.0059,11.61667,-0.06526,0.08871,0.99392,0.99748,0.0,0.0,nan,0.0,0.00881,0.02138,25.58422,3.63418,0.24088,0.54336,0.55505,0.81812,0.27517,0.55505
-4.78236,52.66758,-12.05604,-0.08499,0.10376,-0.99096,0.9989,0.00758,0.03792,0.51,1.0,0.03109,0.2401,7.14102,1.89351,0.22759,0.52604,0.964,0.99961,0.52812,0.964
-5.28215,53.40879,-11.9491,-0.09104,0.11157,-0.98958,0.9989,0.0,0.0,nan,0.0,0.02316,0.24487,7.86949,2.0354,0.22298,0.59732,1.0,0.99287,0.4913,1.0
-5.06971,52.93626,11.61116,-0.07106,-0.01562,0.99735,0.99129,0.0,0.0,nan,0.0,0.00751,0.01675,23.78212,1.90503,0.23693,0.48708,0.27417,0.99778,0.52493,0.27417
-4.99049,55.01384,-11.79695,-0.09486,0.12722,-0.98733,0.9989,0.00906,0.04528,0.51,1.0,0.02458,0.26289,8.22852,1.77974,0.23339,0.5416,0.99543,1.0,0.56188,0.99543
-4.98527,55.08183,11.21459,-0.05223,0.14465,0.9881,0.99515,0.0,0.0,nan,0.0,0.01311,0.03621,28.14607,2.41066,0.22861,0.4664,0.41769,0.83125,0.41482,0.41769
-5.00747,56.99573,-11.5111,-0.1071,0.13712,-0.98475,0.9989,0.10566,0.10566,0.51,0.54082,0.02768,0.27788,9.22468,1.80169,0.22381,0.56722,0.99573,1.0,0.55504,0.99573
-4.92155,56.93518,10.65342,-0.01977,-0.01115,0.99974,0.97281,0.0,0.0,nan,0.0,0.00911,0.02011,29.77185,2.08577,0.22939,0.48441,0.65165,0.99786,0.47944,0.65165
-5.00934,59.02641,-11.23935,-0.12012,0.1431,-0.98239,0.9989,0.04047,0.20234,0.51,1.0,0.02859,0.31644,9.17908,1.9676,0.21169,0.55602,0.99986,0.98743,0.50823,0.99986
-5.02014,59.01945,11.19625,-0.03354,-0.02645,0.99909,0.99819,0.00206,0.01029,0.7,1.0,0.00916,0.02066,26.01063,2.22076,0.23434,0.4846,0.54131,0.98488,0.4503,0.54131
-4.99372,61.02218,-10.89783,-0.13492,0.14593,-0.98005,0.9988,0.0059,0.02948,0.51,1.0,0.01837,0.2157,9.37392,1.89123,0.21527,0.4752,0.99317,0.98017,0.52876,0.99317
-5.04294,61.00212,11.14536,-0.06126,0.03256,0.99759,0.99819,0.0,0.0,nan,0.0,0.01495,0.03086,26.06111,2.22002,0.22873,0.53421,0.46994,0.97666,0.45045,0.46994
-5.00745,62.99969,-10.62547,-0.15975,0.12164,-0.97964,0.9988,0.06455,0.32273,0.51,1.0,0.03341,0.17887,9.37985,1.90259,0.22734,0.4537,0.89945,0.95724,0.5256,0.89945
-5.04196,62.91737,11.2962,-0.02684,0.00805,0.99961,0.99342,0.01098,0.05492,0.7,1.0,0.01483,0.03368,25.45219,1.81709,0.23539,0.50429,0.34899,0.94161,0.55033,0.34899
-5.03029,64.98799,-10.43506,-0.17557,0.08913,-0.98042,0.9989,0.15217,0.29218,0.6,0.89975,0.01984,0.14042,7.73872,1.92237,0.22027,0.45349,0.9355,0.96488,0.52019,0.9355
-5.07526,64.98078,10.75044,-0.03516,0.16552,0.98558,0.99687,0.0,0.0,nan,0.0,0.01066,0.03223,28.08,2.02954,0.22672,0.43667,0.48569,0.81161,0.49272,0.48569
-4.98825,66.99939,-10.28982,-0.16385,0.06317,-0.98446,0.9989,0.03522,0.14735,0.51,0.9878,0.02182,0.1518,7.41311,2.04567,0.22249,0.47321,0.93986,0.98302,0.48884,0.93986
-4.9618,66.98987,10.68956,-0.00237,-0.00447,0.99999,0.99261,0.0,0.0,nan,0.0,0.00864,0.02755,29.47194,1.91401,0.23239,0.37985,0.4199,0.88209,0.52246,0.4199
-4.95773,69.00512,-10.19792,-0.14217,0.04985,-0.98859,0.9989,0.0,0.0,nan,0.0,0.04992,0.14231,7.02818,1.92954,0.22106,0.47054,0.76323,1.0,0.51826,0.76323
-5.92904,69.56568,-9.97497,-0.15749,0.03884,-0.98676,0.9989,0.0,0.0,nan,0.0,0.01653,0.11492,6.54399,1.91529,0.22364,0.44048,0.92928,1.0,0.52211,0.92928
-4.98135,68.95415,10.90515,-0.02711,0.03126,0.99914,0.99504,0.0,0.0,nan,0.0,0.01023,0.03092,23.15848,2.85207,0.23412,0.43514,0.44691,0.82605,0.35062,0.44691
-4.70019,70.94593,-10.08666,-0.12944,0.06177,-0.98966,0.9989,0.0,0.0,nan,0.0,0.01324,0.09507,7.32067,1.92015,0.21755,0.4568,0.94021,0.99197,0.52079,0.94021
-5.65742,71.07078,-9.93667,-0.145,0.06092,-0.98755,0.9989,0.0,0.0,nan,0.0,0.03145,0.10315,6.8925,1.78188,0.22292,0.43764,0.7816,1.0,0.5612,0.7816
-4.61823,71.78237,9.95306,-0.08043,0.16109,0.98366,0.98804,0.0,0.0,nan,0.0,0.00704,0.04211,23.43416,2.20656,0.22442,0.336,0.47241,0.54037,0.45319,0.47241
-4.96328,71.0477,10.3633,-0.07157,0.16001,0.98452,0.99829,0.0,0.0,nan,0.0,0.00776,0.04443,23.28644,2.19629,0.22554,0.39068,0.35989,0.4856,0.45531,0.35989
-4.54911,72.43059,-10.06723,-0.12448,0.11943,-0.98501,0.9986,0.0,0.0,nan,0.0,0.013,0.10815,7.54827,1.8913,0.21831,0.42013,0.94065,0.92818,0.52874,0.94065
-5.15067,73.17971,-9.86075,-0.12746,0.16304,-0.97835,0.9988,0.0207,0.1035,0.43,1.0,0.02029,0.08863,7.48581,1.94389,0.21943,0.37849,0.79896,0.90885,0.51443,0.79896
-4.7864,73.62959,9.80816,-0.09112,0.14023,0.98592,0.99789,0.0,0.0,nan,0.0,0.00973,0.04516,27.15807,2.22874,0.21942,0.4343,0.68104,0.53263,0.44868,0.68104
-5.00139,72.81949,10.50704,-0.07439,0.14062,0.98726,0.9988,0.0,0.0,nan,0.0,0.00885,0.04431,27.34587,2.18109,0.21881,0.39702,0.61483,0.53992,0.45849,0.61483
-4.97634,75.04377,-9.40442,-0.10716,0.24185,-0.96438,0.9989,0.0,0.0,nan,0.0,0.01073,0.05039,8.29966,2.53814,0.22015,0.35456,0.74362,0.74563,0.39399,0.74362
-4.96187,74.94589,9.98359,-0.10893,0.23177,0.96665,0.99748,0.0,0.0,nan,0.0,0.0084,0.06711,23.08886,2.31843,0.22684,0.51989,0.8828,0.45515,0.43133,0.8828
-4.48364,74.87178,10.02665,-0.11707,0.2137,0.96986,0.9985,0.0,0.0,nan,0.0,0.01066,0.06573,24.03989,2.25809,0.23243,0.53361,0.83793,0.45819,0.44285,0.83793
-5.00136,76.97416,-8.90731,-0.08104,0.27344,-0.95847,0.99728,0.00196,0.00978,0.43,1.0,0.01171,0.04987,7.97905,2.55596,0.22316,0.432,0.64698,0.67993,0.39124,0.64698
-5.04807,77.21605,9.23475,-0.11533,0.35706,0.92693,0.99697,0.0,0.0,nan,0.0,0.01113,0.03919,27.5238,1.85529,0.23618,0.4248,0.61021,0.71709,0.539,0.61021
-5.07677,78.77998,-8.39486,-0.04269,0.39324,-0.91844,0.9919,0.00131,0.00654,0.51,1.0,0.00615,0.05915,5.62629,2.05021,0.22256,0.29716,0.51158,0.47416,0.48775,0.51158
-5.0604,79.73695,-7.86418,-0.01576,0.51033,-0.85984,0.98824,0.0,0.0,nan,0.0,0.00694,0.05122,3.53037,2.04211,0.23072,0.22955,0.32809,0.92501,0.48969,0.32809
-4.98109,78.96442,8.65911,-0.06822,0.20497,0.97639,0.99778,0.0,0.0,nan,0.0,0.00816,0.02518,21.94982,2.55015,0.23208,0.42706,0.54175,0.82806,0.39213,0.54175
-4.94588,80.87206,-6.9938,0.00635,0.67189,-0.74063,0.99169,0.0,0.0,nan,0.0,0.00913,0.05017,3.14269,1.79809,0.23479,0.32575,0.46677,0.91406,0.55615,0.46677
-4.68009,81.91941,-5.89305,0.01,0.79088,-0.61189,0.99383,0.0,0.0,nan,0.0,0.01802,0.12616,3.42726,1.81709,0.21945,0.46341,0.78438,0.54833,0.55033,0.78438
-5.25204,81.74554,7.87556,-0.0635,0.51936,0.8522,0.96429,0.0,0.0,nan,0.0,0.00541,0.06437,17.58266,2.49261,0.22929,0.57975,0.91132,0.3336,0.40119,0.91132
-4.99633,80.83128,8.403,-0.06122,0.29615,0.95318,0.972,0.0,0.0,nan,0.0,0.00344,0.02627,17.54354,1.89809,0.2301,0.35101,0.33922,0.41594,0.52684,0.33922
-4.98398,82.58749,-4.8655,0.0057,0.85924,-0.51155,0.99596,0.0,0.0,nan,0.0,0.00937,0.10898,5.63222,1.69965,0.23448,0.35784,0.8137,0.40914,0.58836,0.8137
-4.96086,83.48421,-3.07405,-0.00312,0.94552,-0.32556,0.99647,0.00601,0.03005,0.43,1.0,0.02171,0.11606,8.31704,2.3157,0.22047,0.2856,0.34216,0.81238,0.43183,0.34216
-5.13234,83.87982,-1.25398,-0.01591,0.98393,-0.17785,0.9987,0.0,0.0,nan,0.0,0.04486,0.17453,9.55594,2.93424,0.22454,0.31795,0.61199,0.97758,0.3408,0.61199
-5.88199,83.99506,0.27141,-0.03463,0.99662,-0.07453,0.9987,0.0384,0.19198,0.43,1.0,0.04805,0.28486,9.47959,2.40367,0.22559,0.26065,0.7852,0.88321,0.41603,0.7852
-5.30456,83.98696,3.7966,-0.03744,0.98634,0.1604,0.9985,0.0,0.0,nan,0.0,0.02364,0.12147,7.19107,2.14592,0.22695,0.29852,0.4541,0.83331,0.466,0.4541
-5.02136,83.78213,5.06044,-0.03362,0.953,0.30109,0.99403,0.0,0.0,nan,0.0,0.01114,0.09228,7.28234,2.03409,0.22368,0.22177,0.70037,0.69356,0.49162,0.70037
-4.98318,82.85718,6.98412,-0.0541,0.78082,0.62241,0.97606,0.0,0.0,nan,0.0,0.0097,0.06047,9.28817,1.71632,0.2218,0.22146,0.42465,0.88021,0.58264,0.42465
-4.93739,84.01401,-0.35176,-0.02007,0.99283,-0.11786,0.9987,0.0,0.0,nan,0.0,0.05466,0.25194,9.40926,2.40598,0.2266,0.28077,0.73856,0.93688,0.41563,0.73856
-5.00156,84.13271,1.02659,-0.02673,0.99914,-0.03167,0.99839,0.0,0.0,nan,0.0,0.03414,0.23625,9.67049,2.23718,0.22045,0.27588,0.84998,0.92961,0.44699,0.84998
-4.93156,84.09434,2.8665,-0.03084,0.99593,0.08464,0.9987,0.0,0.0,nan,0.0,0.02954,0.17465,7.70329,2.34638,0.22474,0.23485,0.66289,0.90708,0.42619,0.66289
-4.03551,84.00414,4.00446,-0.01255,0.98335,0.18129,0.99839,0.00058,0.00288,0.43,1.0,0.01773,0.10665,7.32781,2.22274,0.22042,0.26858,0.44363,0.78802,0.4499,0.44363
-3.03532,1.72608,-3.05131,-0.01739,-0.9618,-0.2732,0.99748,0.02049,0.10244,0.6,1.0,0.01133,0.10628,3.94753,2.05484,0.22382,0.24851,0.69621,0.64661,0.48666,0.69621
-2.96069,1.36755,-0.97969,-0.01675,-0.99494,-0.09909,0.99718,0.0,0.0,nan,0.0,0.01429,0.09473,2.74347,2.09151,0.23255,0.26084,0.43356,1.0,0.47812,0.43356
-2.99508,1.29448,0.99538,-0.00497,-0.9967,0.08097,0.99565,0.0,0.0,nan,0.0,0.00928,0.04549,3.4942,2.09087,0.23388,0.32081,0.45524,1.0,0.47827,0.45524
-3.0569,1.71859,2.9675,-0.01167,-0.97402,0.22617,0.9986,0.0,0.0,nan,0.0,0.01509,0.09242,5.1955,1.9011,0.22287,0.45248,0.57789,0.49981,0.52601,0.57789
-2.1805,1.99765,4.05399,-0.03305,-0.9751,0.2193,0.9987,0.00079,0.00395,0.6,1.0,0.00408,0.11838,12.02883,1.76152,0.20462,0.17492,0.46631,0.22978,0.56769,0.46631
-2.99897,3.53848,-6.27174,-0.05379,-0.44431,-0.89426,0.93069,0.0,0.0,nan,0.0,0.01625,0.03616,29.22644,1.89347,0.23278,0.71305,0.62023,0.67346,0.52813,0.62023
-3.00934,2.51789,-5.05105,-0.01779,-0.76108,-0.64841,0.94622,0.0,0.0,nan,0.0,0.01406,0.07453,29.26055,2.01279,0.23393,0.71206,0.58689,0.28311,0.49682,0.58689
-3.2378,2.00253,-3.97064,-0.01857,-0.91333,-0.40679,0.99109,0.00342,0.0171,0.6,1.0,0.02468,0.17903,6.6953,1.6519,0.24057,0.68393,0.65116,0.26181,0.60536,0.65116
-3.48924,2.01867,3.97199,-0.02711,-0.97097,0.23765,0.9989,0.0,0.0,nan,0.0,0.01048,0.13085,10.48298,1.90967,0.20541,0.26247,0.52064,0.36348,0.52365,0.52064
-3.01035,2.25115,5.01688,-0.03552,-0.98418,0.17358,0.9986,0.0,0.0,nan,0.0,0.00328,0.08702,11.80249,1.8575,0.19958,0.19197,0.70697,0.22939,0.53836,0.70697
-2.96855,2.49283,6.98433,-0.04587,-0.98646,0.15747,0.99545,0.0,0.0,nan,0.0,0.00494,0.04378,15.53778,1.73707,0.23173,0.43074,0.61399,0.29581,0.57568,0.61399
-3.05929,2.8873,9.28941,-0.14444,-0.73662,0.6607,0.90623,0.0,0.0,nan,0.0,0.00855,0.02565,18.76756,1.81709,0.23131,0.5778,0.61434,0.63841,0.55033,0.61434
-3.05553,3.98981,10.01213,-0.1931,-0.48308,0.85402,0.96469,0.0,0.0,nan,0.0,0.02122,0.05988,23.263,1.76233,0.23951,0.64156,0.81303,0.75135,0.56743,0.81303
-3.0082,5.03236,-6.22573,-0.08157,-0.33129,-0.94,0.99636,0.0,0.0,nan,0.0,0.01905,0.03631,33.68722,1.6519,0.23628,0.67085,0.62049,0.82842,0.60536,0.62049
-3.80266,4.0879,-5.95806,-0.07764,-0.38415,-0.92,0.98266,0.0,0.0,nan,0.0,0.01916,0.03571,30.19404,1.81709,0.23203,0.69793,0.69571,0.81964,0.55033,0.69571
-2.83725,4.29884,9.9848,-0.19709,-0.45723,0.86724,0.985,0.0,0.0,nan,0.0,0.01735,0.04025,26.24178,1.8772,0.23806,0.6126,0.64241,0.75715,0.53271,0.64241
-2.99531,5.18295,10.28808,-0.19317,-0.42113,0.88619,0.99799,0.0,0.0,nan,0.0,0.0178,0.04018,29.50974,1.81709,0.23349,0.58645,0.6978,0.80636,0.55033,0.6978
-2.912,7.02779,-6.90984,-0.04984,-0.33893,-0.93949,0.99748,0.0,0.0,nan,0.0,0.01604,0.03326,29.93288,1.77754,0.24181,0.6151,0.6434,0.83634,0.56257,0.6434
-3.07941,6.96434,10.95126,-0.14689,-0.42696,0.89226,0.99454,0.0,0.0,nan,0.0,0.01185,0.03738,32.48308,1.9135,0.23361,0.58096,0.82867,0.77416,0.5226,0.82867
-2.85636,7.82509,12.09904,-0.08238,-0.31449,0.94568,0.95322,0.0,0.0,nan,0.0,0.01201,0.03827,36.41372,1.91203,0.22995,0.5741,0.83557,0.79393,0.523,0.83557
-2.98256,8.99884,-7.58078,-0.04291,-0.07891,-0.99596,0.9853,0.0,0.0,nan,0.0,0.01786,0.04667,34.32541,1.80455,0.23126,0.70629,0.57101,0.57335,0.55415,0.57101
-3.07449,9.38487,11.82657,-0.05522,-0.08547,0.99481,0.98885,0.0,0.0,nan,0.0,0.01457,0.04989,39.96833,2.01238,0.23325,0.69971,0.81644,0.55647,0.49692,0.81644
-3.06447,8.89609,12.1443,-0.06431,-0.15468,0.98587,0.96206,0.0,0.0,nan,0.0,0.00823,0.0374,39.08101,1.94614,0.23045,0.65852,0.85511,0.52929,0.51384,0.85511
-3.01738,11.84581,-8.19553,-0.00333,-0.33086,-0.94367,0.99017,0.0,0.0,nan,0.0,0.00904,0.02527,25.95968,1.92646,0.21313,0.47567,0.4127,0.81023,0.51909,0.4127
-3.00002,11.04102,-7.46637,-0.04426,-0.28525,-0.95743,0.96642,0.0,0.0,nan,0.0,0.00951,0.02019,27.9261,1.92438,0.22452,0.51094,0.38599,0.98748,0.51965,0.38599
-2.54635,11.15147,11.89132,0.05555,-0.00405,0.99845,0.99687,0.0,0.0,nan,0.0,0.0118,0.03318,30.18282,1.81709,0.22987,0.43882,0.24456,0.86375,0.55033,0.24456
-3.26943,10.88885,12.35533,-0.0189,-0.00991,0.99977,0.96672,0.0,0.0,nan,0.0,0.01178,0.03513,27.51278,1.7197,0.22883,0.43177,0.34763,0.83329,0.5815,0.34763
-2.90014,12.88798,-8.98392,0.02613,-0.24985,-0.96793,0.94186,0.0,0.0,nan,0.0,0.00853,0.02234,28.38073,2.041,0.23096,0.53665,0.70921,0.76163,0.48996,0.70921
-2.17935,12.12215,-7.77295,0.01649,-0.28626,-0.95801,0.99413,0.0,0.0,nan,0.0,0.00422,0.01271,27.67475,1.90854,0.23255,0.38759,0.33175,0.91976,0.52396,0.33175
-3.20078,13.60537,11.9075,-0.01012,0.20807,0.97806,0.99403,0.0,0.0,nan,0.0,0.00761,0.02617,30.57695,1.8894,0.23107,0.41967,0.35961,0.73804,0.52927,0.35961
-2.95771,12.82982,12.30305,-0.00973,0.14479,0.98941,0.96723,0.0,0.0,nan,0.0,0.00604,0.0258,29.25169,1.6519,0.225,0.33498,0.48177,0.74713,0.60536,0.48177
-3.00384,15.01902,-8.64904,0.01257,-0.09653,-0.99525,0.99616,0.0,0.0,nan,0.0,0.01318,0.03536,29.29779,1.87043,0.23301,0.57274,0.56333,0.69514,0.53464,0.56333
-3.20684,15.11386,11.05856,0.02007,0.15154,0.98825,0.97099,0.0,0.0,nan,0.0,0.01317,0.03122,26.91444,1.74551,0.22839,0.46102,0.45034,0.98288,0.5729,0.45034
-2.12815,14.06725,12.03757,-0.02997,0.20736,0.9778,0.98033,0.0,0.0,nan,0.0,0.01253,0.04016,36.6081,1.74575,0.24492,0.52203,0.36044,0.63029,0.57282,0.36044
-3.06477,17.09309,-9.4964,-0.03909,-0.29153,-0.95576,0.98794,0.0,0.0,nan,0.0,0.00984,0.03833,32.37484,1.81709,0.23049,0.39042,0.534,0.69844,0.55033,0.534
-3.00706,16.91925,11.44821,0.03256,-0.0004,0.99947,0.99657,0.0,0.0,nan,0.0,0.00965,0.02522,24.30649,1.91161,0.23246,0.49273,0.64305,0.84079,0.52312,0.64305
-2.92948,19.06914,-9.84037,-0.02972,-0.12372,-0.99187,0.992,0.0,0.0,nan,0.0,0.0087,0.03346,29.65321,2.18136,0.22932,0.40374,0.34737,0.68764,0.45843,0.34737
-3.04029,19.02434,11.08587,-0.03976,0.06537,0.99707,0.98977,0.0,0.0,nan,0.0,0.01411,0.0333,25.2483,1.6519,0.24257,0.46581,0.51156,0.98166,0.60536,0.51156
-2.87094,21.84917,-10.03664,0.01303,-0.30088,-0.95357,0.99322,0.0,0.0,nan,0.0,0.01462,0.03082,29.11986,2.07135,0.22477,0.53432,0.63625,0.9489,0.48278,0.63625
-2.92419,20.91603,-9.70011,0.01703,-0.14211,-0.9897,0.99149,0.0,0.0,nan,0.0,0.01279,0.02897,24.35438,2.06684,0.22708,0.5079,0.57746,0.94052,0.48383,0.57746
-3.04899,21.05407,11.08724,-0.0346,-0.16143,0.98628,0.9852,0.0,0.0,nan,0.0,0.01677,0.0341,21.70382,1.81709,0.23012,0.5664,0.33217,0.94815,0.55033,0.33217
-3.05123,23.06793,-10.61325,0.00798,-0.36466,-0.93111,0.98611,0.0,0.0,nan,0.0,0.01303,0.039,28.81095,2.22509,0.23101,0.54639,0.49438,0.65375,0.44942,0.49438
-2.28273,22.46379,-9.72109,-0.00186,-0.38045,-0.9248,0.95972,0.0,0.0,nan,0.0,0.01601,0.03548,27.63895,2.06373,0.2351,0.57584,0.68551,0.84014,0.48456,0.68551
-2.99751,22.96308,11.74118,-0.01827,-0.05905,0.99809,0.99423,0.0,0.0,nan,0.0,0.00893,0.02148,24.89973,2.06085,0.22869,0.4703,0.39136,0.95516,0.48524,0.39136
-3.82638,22.9908,12.01043,0.00392,-0.05727,0.99835,0.97048,0.0,0.0,nan,0.0,0.00846,0.02153,26.56028,2.05793,0.22805,0.53483,0.38873,0.79052,0.48592,0.38873
-3.01166,25.16189,-11.33624,0.03995,-0.05247,-0.99782,0.97505,0.0,0.0,nan,0.0,0.00947,0.02948,28.34403,2.05509,0.22722,0.45494,0.53697,0.75598,0.4866,0.53697
-3.02022,24.98494,11.6252,0.03189,0.06421,0.99743,0.99647,0.0,0.0,nan,0.0,0.01234,0.02636,26.32616,2.05787,0.22876,0.50816,0.36724,0.99142,0.48594,0.36724
-2.94984,26.84869,-11.0015,0.02545,-0.06531,-0.99754,0.99352,0.0,0.0,nan,0.0,0.00923,0.02447,30.03157,2.04366,0.22245,0.42923,0.2909,0.93731,0.48932,0.2909
-2.85589,26.96103,11.5408,0.0802,-0.06991,0.99432,0.99789,0.0,0.0,nan,0.0,0.00836,0.01951,27.16048,1.84796,0.22958,0.48498,0.38309,0.94836,0.54114,0.38309
-3.74935,27.6728,12.07686,0.0403,-0.03296,0.99864,0.97312,0.0,0.0,nan,0.0,0.00672,0.01983,27.17851,1.91394,0.22958,0.39824,0.31465,0.91369,0.52248,0.31465
-2.55899,29.94435,-12.00343,-0.00738,-0.07157,-0.99741,0.97779,0.0,0.0,nan,0.0,0.01024,0.03136,24.8863,2.05037,0.23566,0.55979,0.47779,0.62999,0.48772,0.47779
-3.04343,28.95955,-11.54444,-0.01686,-0.23993,-0.97064,0.98621,0.0,0.0,nan,0.0,0.01241,0.03546,27.74242,1.69073,0.24235,0.5846,0.62365,0.64191,0.59146,0.62365
-2.92752,29.10202,11.73161,0.01265,0.05423,0.99845,0.99007,0.0,0.0,nan,0.0,0.00848,0.02345,26.74431,1.84372,0.2304,0.41364,0.46065,0.93928,0.54238,0.46065
-3.73863,28.32644,12.10121,0.02886,0.02132,0.99936,0.96744,0.0,0.0,nan,0.0,0.01059,0.02585,27.12608,1.89015,0.23254,0.48383,0.27329,0.90912,0.52906,0.27329
-3.01559,30.35959,-12.01886,0.00455,-0.03184,-0.99948,0.97992,0.0,0.0,nan,0.0,0.00815,0.02723,25.6598,1.92479,0.23362,0.51595,0.38836,0.62551,0.51954,0.38836
-3.0169,31.34396,-11.59639,0.02042,0.01723,-0.99964,0.99809,0.0,0.0,nan,0.0,0.00803,0.02187,23.41417,3.21571,0.23644,0.52228,0.51634,0.76287,0.31097,0.51634
-2.91788,30.97913,11.53029,-0.01241,-0.04607,0.99886,0.99535,0.0,0.0,nan,0.0,0.01479,0.02977,26.52793,1.74886,0.23593,0.5385,0.50723,0.99219,0.5718,0.50723
-2.99968,33.87387,-12.02891,-0.0175,-0.20257,-0.97911,0.9986,0.0,0.0,nan,0.0,0.01026,0.03058,26.61006,1.6519,0.23282,0.49723,0.47934,0.72569,0.60536,0.47934
-3.01659,32.84508,-11.72765,-0.00627,-0.06973,-0.99755,0.99768,0.0,0.0,nan,0.0,0.00875,0.01909,24.67166,1.90651,0.22448,0.52668,0.50733,0.94122,0.52452,0.50733
-3.07017,32.69494,11.6272,-0.05177,-0.11854,0.9916,0.99657,0.0,0.0,nan,0.0,0.01358,0.02904,24.37329,1.68994,0.22899,0.53367,0.57394,0.94828,0.59174,0.57394
-2.92771,33.37229,12.12606,-0.05574,-0.07177,0.99586,0.98368,0.0,0.0,nan,0.0,0.00872,0.02129,23.55812,1.81709,0.23432,0.5214,0.5824,0.85191,0.55033,0.5824
-3.0692,35.15755,-12.29198,-0.0285,-0.13065,-0.99102,0.98611,0.0,0.0,nan,0.0,0.00572,0.02327,18.44486,1.73899,0.23452,0.54968,0.79722,0.58368,0.57505,0.79722
-2.56235,34.59495,-11.68133,-0.03521,-0.21007,-0.97705,0.99718,0.0,0.0,nan,0.0,0.0122,0.03291,22.1681,2.6966,0.23639,0.58787,0.63101,0.68765,0.37084,0.63101
-3.14291,35.1022,11.64463,-0.09193,0.00595,0.99575,0.99636,0.0,0.0,nan,0.0,0.00864,0.0259,26.58436,1.81709,0.23301,0.50779,0.32044,0.70649,0.55033,0.32044
-2.3652,34.54619,12.15099,-0.09353,-0.007,0.99559,0.98794,0.0,0.0,nan,0.0,0.01188,0.02875,26.52263,2.26118,0.23351,0.59597,0.39948,0.7454,0.44225,0.39948
-3.02807,36.82285,-12.27191,-0.02051,0.02326,-0.99952,0.99667,0.0,0.0,nan,0.0,0.00618,0.02001,14.60671,2.05763,0.2333,0.64363,0.37265,0.5453,0.486,0.37265
-2.98307,37.80011,-11.90023,-0.04029,-0.00349,-0.99918,0.98398,0.0,0.0,nan,0.0,0.0043,0.01772,11.47766,3.61168,0.23541,0.64651,0.71211,0.44071,0.27688,0.71211
-2.9693,36.87581,11.60518,-0.04918,-0.07803,0.99574,0.99444,0.0,0.0,nan,0.0,0.00776,0.02113,22.97963,1.81709,0.22521,0.48392,0.41485,0.82541,0.55033,0.41485
-3.07769,37.61407,12.02114,-0.03635,-0.0436,0.99839,0.99383,0.0,0.0,nan,0.0,0.01026,0.02292,20.6485,2.04206,0.23278,0.53911,0.47306,0.91054,0.4897,0.47306
-2.9394,39.25944,-12.51933,-0.05479,-0.17803,-0.9825,0.99454,0.0,0.0,nan,0.0,0.00258,0.01045,8.98584,2.39246,0.22725,0.53772,0.44248,0.56205,0.41798,0.44248
-3.05105,38.48168,-11.67499,-0.05051,-0.08542,-0.99506,0.95688,0.0,0.0,nan,0.0,0.00395,0.01507,10.2127,3.41963,0.23554,0.61364,0.70453,0.51147,0.29243,0.70453
-2.99503,39.35548,11.90675,-0.06473,0.18476,0.98065,0.99301,0.0,0.0,nan,0.0,0.01095,0.03132,20.55098,1.81709,0.23278,0.54821,0.78064,0.77582,0.55033,0.78064
-2.98859,38.50671,12.10953,-0.05407,0.09167,0.99432,0.9851,0.0,0.0,nan,0.0,0.01349,0.03138,20.29954,1.6519,0.24212,0.54076,0.57224,0.87325,0.60536,0.57224
-2.98403,41.02181,-12.70827,-0.05189,-0.12417,-0.9909,0.992,0.01969,0.09843,0.51,1.0,0.00642,0.02141,5.72447,3.36045,0.2364,0.5391,0.46592,0.75107,0.29758,0.46592
-2.90943,40.86769,11.00387,-0.02229,0.08066,0.99649,0.93333,0.0,0.0,nan,0.0,0.01036,0.03628,26.42459,1.89541,0.23523,0.49322,0.4085,0.62265,0.52759,0.4085
-2.99823,43.02346,-12.74254,-0.04394,0.00417,-0.99903,0.99748,0.16514,0.82572,0.51,1.0,0.04866,0.31098,5.15544,2.06193,0.20543,0.33233,0.85809,0.99907,0.48498,0.85809
-2.93766,42.73246,11.49172,0.00222,-0.17454,0.98465,0.98855,0.0,0.0,nan,0.0,0.01199,0.02827,22.02221,3.16835,0.23581,0.47655,0.40316,0.97093,0.31562,0.40316
-3.00964,43.56519,12.0307,-0.01357,-0.08921,0.99592,0.97667,0.0,0.0,nan,0.0,0.01267,0.02909,25.45989,1.89721,0.2417,0.5426,0.6105,0.86554,0.52709,0.6105
-3.0024,45.02875,-12.68977,-0.04245,0.03032,-0.99864,0.99748,0.1126,0.56301,0.51,1.0,0.04019,0.19983,5.2088,2.00936,0.20896,0.33623,0.64777,0.82787,0.49767,0.64777
-2.9238,45.40436,11.64677,-0.04317,0.13109,0.99043,0.99433,0.0,0.0,nan,0.0,0.01246,0.04554,26.63451,2.05244,0.22166,0.51921,0.65656,0.5664,0.48722,0.65656
-2.99478,44.39618,12.00863,-0.03374,0.03995,0.99863,0.98388,0.0,0.0,nan,0.0,0.00968,0.02514,24.63132,2.01232,0.22858,0.49866,0.47542,0.83478,0.49694,0.47542
-3.01724,46.9981,-12.61748,-0.02254,0.06817,-0.99742,0.9989,0.00837,0.04187,0.51,1.0,0.01278,0.05857,7.38501,1.973,0.22875,0.45891,0.80837,0.74291,0.50684,0.80837
-3.03249,46.94529,11.33823,-0.05056,0.00786,0.99869,0.9855,0.0,0.0,nan,0.0,0.00969,0.02851,26.01699,1.79906,0.23367,0.36788,0.30038,0.99434,0.55585,0.30038
-2.98472,48.98428,-12.51302,0.02768,0.08422,-0.99606,0.9985,0.0,0.0,nan,0.0,0.00589,0.05224,8.62477,2.73152,0.2272,0.56794,0.91009,0.50162,0.3661,0.91009
-3.14088,48.98982,11.87319,-0.05988,-0.03545,0.99758,0.99048,0.0,0.0,nan,0.0,0.00883,0.02271,24.84904,2.23096,0.23749,0.50356,0.49141,0.8344,0.44824,0.49141
-2.22871,48.92768,12.07998,-0.08131,-0.03719,0.996,0.98307,0.0,0.0,nan,0.0,0.0072,0.02207,24.78666,1.70929,0.23861,0.5081,0.72907,0.69378,0.58504,0.72907
-2.99416,51.04165,-12.35349,0.01118,0.05417,-0.99847,0.99799,0.0,0.0,nan,0.0,0.01313,0.05615,8.81915,1.73884,0.23615,0.53636,0.81358,0.67129,0.5751,0.81358
-2.98807,51.08101,11.54289,-0.04912,0.07862,0.99569,0.99778,0.0,0.0,nan,0.0,0.01277,0.03194,23.79515,1.87782,0.23227,0.61113,0.59399,0.70948,0.53253,0.59399
-3.0179,53.00116,-12.14408,-0.05619,0.08768,-0.99456,0.9989,0.0,0.0,nan,0.0,0.03574,0.08455,8.0581,2.01369,0.23133,0.5314,0.52928,0.99287,0.4966,0.52928
-3.04414,53.00225,11.3563,-0.05517,-0.02464,0.99817,0.99707,0.0,0.0,nan,0.0,0.00789,0.01879,20.85154,1.85401,0.23559,0.50684,0.48889,0.90783,0.53937,0.48889
-2.62105,54.3825,-12.047,-0.07362,0.10245,-0.99201,0.9989,0.01452,0.0726,0.6,1.0,0.09021,0.23624,7.191,1.91953,0.22916,0.53311,0.77637,0.99987,0.52096,0.77637
-3.16078,55.18907,-11.92324,-0.08681,0.11326,-0.98977,0.9989,0.05337,0.05337,0.7,0.6633,0.05035,0.26127,7.65041,1.94385,0.22412,0.53959,0.91976,0.98626,0.51444,0.91976
-3.05129,55.13866,11.59281,-0.14112,0.14615,0.97914,0.98408,0.0,0.0,nan,0.0,0.00993,0.03444,24.1927,2.05124,0.23273,0.46704,0.45888,0.66869,0.48751,0.45888
-3.02905,56.98986,-11.68892,-0.10506,0.11916,-0.9873,0.9989,0.02235,0.11177,0.51,1.0,0.03437,0.31153,7.69264,1.99519,0.22311,0.51525,0.97806,0.99844,0.50121,0.97806
-3.06687,56.94697,10.98124,-0.11455,0.0015,0.99342,0.97972,0.0,0.0,nan,0.0,0.01143,0.0275,29.31098,2.0274,0.22512,0.44382,0.35806,1.0,0.49324,0.35806
-2.98699,59.0009,-11.47799,-0.12342,0.1315,-0.9836,0.9989,0.01844,0.09218,0.51,1.0,0.02103,0.20632,7.95418,2.35785,0.21995,0.52403,0.98643,1.0,0.42412,0.98643
-2.97354,58.81181,11.48985,-0.06446,-0.05377,0.99647,0.99454,0.0,0.0,nan,0.0,0.0092,0.022,26.72409,2.0949,0.22776,0.45545,0.4646,0.98711,0.47735,0.4646
-3.00337,60.96266,-11.1574,-0.13276,0.13018,-0.98256,0.9988,0.00518,0.02588,0.51,1.0,0.03528,0.20109,8.37936,2.36456,0.22569,0.44258,0.90853,0.99676,0.42291,0.90853
-3.00063,60.95153,11.23967,-0.01887,0.07899,0.9967,0.99515,0.01885,0.09423,0.7,1.0,0.014,0.0288,25.08721,2.72775,0.23213,0.55643,0.4489,0.9435,0.3666,0.4489
-2.98289,62.99352,-10.94923,-0.14602,0.10224,-0.98399,0.9989,0.00194,0.0097,0.6,1.0,0.02993,0.14171,8.11945,1.97583,0.23084,0.42988,0.87117,1.0,0.50612,0.87117
-3.10787,63.01795,11.04964,0.03434,0.02479,0.9991,0.99819,0.01618,0.08091,0.7,1.0,0.01221,0.03039,25.11515,1.6519,0.23059,0.43391,0.43623,1.0,0.60536,0.43623
-2.98532,64.98796,-10.73129,-0.14953,0.09116,-0.98455,0.9989,0.00575,0.02875,0.51,1.0,0.00926,0.11009,8.05832,2.02102,0.22026,0.47973,0.99373,0.99404,0.4948,0.99373
-3.03941,64.87688,10.92098,0.00619,0.15938,0.9872,0.99707,0.0,0.0,nan,0.0,0.01934,0.04831,29.04079,1.69864,0.22929,0.49997,0.59022,0.85597,0.58871,0.59022
-3.00107,67.02056,-10.54295,-0.13191,0.08968,-0.9872,0.9989,0.02235,0.11177,0.51,1.0,0.01534,0.13328,8.6493,2.0691,0.21806,0.46606,0.96356,0.96022,0.4833,0.96356
-3.245,67.38119,9.99303,0.02859,-0.05277,0.9982,0.92907,0.0,0.0,nan,0.0,0.00784,0.02238,27.3534,1.9151,0.22275,0.39551,0.46017,0.95016,0.52217,0.46017
-2.88812,66.93197,10.33948,0.00808,0.00563,0.99995,0.96571,0.0,0.0,nan,0.0,0.0094,0.02348,29.63854,1.73989,0.23725,0.43757,0.55021,0.97622,0.57475,0.55021
-3.00431,68.97399,-10.40954,-0.11934,0.0604,-0.99101,0.9989,0.05348,0.26739,0.51,1.0,0.0392,0.14102,8.32415,1.96586,0.21766,0.44383,0.81552,0.98277,0.50868,0.81552
-3.06529,68.89478,11.00926,-0.03058,-0.05362,0.99809,0.99007,0.0,0.0,nan,0.0,0.00791,0.02802,24.02126,3.63418,0.23633,0.4599,0.35273,0.66523,0.27517,0.35273
-3.00779,71.02448,-10.3487,-0.10672,0.06886,-0.9919,0.9988,0.0,0.0,nan,0.0,0.03166,0.12959,8.81767,1.96384,0.21703,0.47375,0.86443,0.99819,0.50921,0.86443
-3.06499,71.0864,10.69738,-0.03337,0.16944,0.98498,0.9987,0.0,0.0,nan,0.0,0.00889,0.04244,31.22336,2.05586,0.23048,0.43038,0.31731,0.51808,0.48641,0.31731
-2.91776,72.8571,-10.09327,-0.0916,0.15879,-0.98305,0.9989,0.0,0.0,nan,0.0,0.02214,0.08292,8.55253,1.9164,0.22283,0.44475,0.8275,0.98484,0.52181,0.8275
-3.56279,73.68437,-9.94098,-0.10194,0.2083,-0.97274,0.9987,0.00025,0.00126,0.51,1.0,0.02032,0.07128,9.27369,1.88947,0.22283,0.4087,0.60115,0.84809,0.52925,0.60115
-3.93309,73.79593,9.96776,-0.09943,0.1301,0.9865,0.9986,0.0,0.0,nan,0.0,0.02013,0.06574,29.96405,2.1928,0.22664,0.49498,0.46552,0.65997,0.45604,0.46552
-3.00913,72.98971,10.47643,-0.05328,0.10478,0.99307,0.99768,0.0,0.0,nan,0.0,0.01151,0.04685,35.54944,2.21142,0.22664,0.399,0.38044,0.65062,0.4522,0.38044
-2.33484,74.16602,-10.02957,-0.07213,0.22752,-0.9711,0.9989,0.0004,0.00198,0.6,1.0,0.01974,0.06112,9.58976,1.95917,0.21768,0.39313,0.68541,0.99287,0.51042,0.68541
-3.02299,75.13354,-9.67117,-0.08895,0.25371,-0.96318,0.9985,0.0,0.0,nan,0.0,0.00868,0.04665,9.34426,1.93928,0.2061,0.3204,0.82741,0.93701,0.51566,0.82741
-3.91653,75.34507,9.98993,-0.13,0.25547,0.95804,0.99758,0.0,0.0,nan,0.0,0.01937,0.06698,23.48909,2.1628,0.22266,0.51719,0.64725,0.60683,0.46236,0.64725
-2.88524,74.93192,10.09626,-0.09923,0.19586,0.9756,0.99707,0.0,0.0,nan,0.0,0.02587,0.07855,27.72593,2.17578,0.22541,0.48028,0.50406,0.73523,0.45961,0.50406
-2.99941,76.99964,-9.13117,-0.06841,0.30698,-0.94925,0.99697,0.0,0.0,nan,0.0,0.00583,0.03994,8.25636,1.9227,0.20947,0.28219,0.73436,0.64311,0.5201,0.73436
-2.94339,77.227,9.38,-0.13993,0.37835,0.91503,0.9988,0.0,0.0,nan,0.0,0.02155,0.06832,32.33638,1.76095,0.2371,0.6033,0.49486,0.55508,0.56788,0.49486
-2.47081,76.3087,10.06167,-0.1209,0.31936,0.93989,0.99251,0.0,0.0,nan,0.0,0.01408,0.05895,31.2791,1.75919,0.22499,0.47147,0.55839,0.53879,0.56844,0.55839
-2.95262,78.78268,-8.41696,-0.0311,0.43992,-0.8975,0.99575,0.05425,0.11957,0.7,0.92072,0.0137,0.1109,4.58712,1.92985,0.21983,0.26775,0.39196,0.66236,0.51817,0.39196
-2.91035,79.75443,-7.88134,-0.00207,0.55445,-0.83221,0.98966,0.02882,0.1227,0.7,0.9891,0.01258,0.07561,3.36884,1.85872,0.22481,0.27075,0.53416,0.97966,0.538,0.53416
-2.90125,78.87362,8.36155,-0.11742,0.26236,0.9578,0.97241,0.0,0.0,nan,0.0,0.0111,0.04129,33.11965,1.73197,0.23781,0.52737,0.60765,0.54071,0.57738,0.60765
-3.04133,80.99567,-6.87522,0.01355,0.69428,-0.71958,0.99139,0.0078,0.03899,0.7,1.0,0.01067,0.06295,2.8003,1.6519,0.2327,0.29046,0.42947,1.0,0.60536,0.42947
-2.94886,81.87028,-5.85929,0.01597,0.7956,-0.60561,0.992,0.00587,0.02935,0.7,1.0,0.01263,0.10192,3.32408,2.03442,0.22021,0.22391,0.46813,0.88638,0.49154,0.46813
-3.25456,81.9316,7.9685,-0.02776,0.53274,0.84582,0.9518,0.00744,0.03719,0.51,1.0,0.00276,0.06689,21.7318,1.66431,0.23318,0.76226,0.97846,0.21993,0.60085,0.97846
-2.99913,80.98499,8.4971,-0.04536,0.33077,0.94262,0.96825,0.0,0.0,nan,0.0,0.01268,0.05786,21.0976,1.73949,0.23685,0.65429,0.81369,0.46074,0.57488,0.81369
-3.03728,82.60596,-4.78337,0.02281,0.86378,-0.50336,0.99575,0.0,0.0,nan,0.0,0.00653,0.11895,5.75383,1.99411,0.21431,0.32302,0.83995,0.32148,0.50148,0.83995
-2.96156,83.48164,-3.03295,0.02718,0.94441,-0.32764,0.99586,0.0,0.0,nan,0.0,0.01645,0.1305,8.72984,2.51266,0.22101,0.24721,0.46132,0.62685,0.39798,0.46132
-2.99544,83.84651,-1.32587,0.01605,0.97999,-0.19842,0.9986,0.00147,0.00737,0.43,1.0,0.03367,0.16255,11.58564,2.89079,0.2252,0.26384,0.6315,0.92055,0.34593,0.6315
-2.61668,83.9747,3.88745,0.02295,0.98558,0.16765,0.99809,0.0249,0.12451,0.43,1.0,0.01928,0.12172,7.48543,2.14612,0.22339,0.34037,0.58834,0.58962,0.46596,0.58834
-2.99438,83.77173,5.05625,0.01082,0.95566,0.29427,0.99707,0.0,0.0,nan,0.0,0.01358,0.08957,6.62251,2.13083,0.22198,0.23656,0.45744,0.83429,0.4693,0.45744
-3.02573,82.83276,7.07564,-0.01008,0.78908,0.61421,0.97931,0.02087,0.10436,0.6,1.0,0.01358,0.07141,7.61066,1.68924,0.23457,0.24572,0.30229,0.97745,0.59198,0.30229
-2.93093,84.03642,-0.30315,0.01146,0.99228,-0.12347,0.99839,0.0,0.0,nan,0.0,0.02747,0.1931,11.70638,2.89605,0.22568,0.25173,0.84922,0.9694,0.3453,0.84922
-2.97807,84.16773,0.96247,0.00899,0.99914,-0.04059,0.99799,0.00922,0.04608,0.43,1.0,0.03887,0.2361,11.33682,2.92261,0.22434,0.27371,0.83848,0.98716,0.34216,0.83848
-3.07934,84.10844,2.95212,0.01113,0.99588,0.08998,0.9989,0.03231,0.16155,0.43,1.0,0.03274,0.20166,8.34698,2.2718,0.22212,0.29056,0.713,0.69263,0.44018,0.713
-3.62835,84.00517,4.0101,-0.00284,0.98326,0.18217,0.99758,0.02165,0.10823,0.43,1.0,0.0168,0.10728,7.75633,2.25184,0.22,0.28255,0.38139,0.69721,0.44408,0.38139
-0.69443,1.96078,-4.10492,-0.00265,-0.87969,-0.47553,0.97281,0.01414,0.07071,0.51,1.0,0.00743,0.13172,20.38764,2.19513,0.2345,0.84517,0.95176,0.20676,0.45555,0.95176
-1.00125,1.66203,-3.03117,-0.03885,-0.96004,-0.27714,0.99819,0.04287,0.21433,0.51,1.0,0.01165,0.07943,4.05006,1.8898,0.22543,0.29285,0.68727,0.74822,0.52916,0.68727
-1.01393,1.30957,-0.98248,-0.04064,-0.99541,-0.08664,0.99718,0.00441,0.02206,0.51,1.0,0.01369,0.08492,2.97235,2.09756,0.22282,0.27078,0.73747,0.99603,0.47675,0.73747
-1.00018,1.28942,0.99603,-0.02237,-0.99568,0.09017,0.99799,0.00843,0.04217,0.51,1.0,0.01093,0.0548,3.55466,2.09765,0.22443,0.31162,0.36577,1.0,0.47672,0.36577
-1.00126,1.68971,3.00163,-0.03328,-0.97827,0.20464,0.99819,0.02638,0.02638,0.6,0.63704,0.00414,0.11488,10.31017,1.81709,0.20866,0.17366,0.61648,0.24762,0.55033,0.61648
-0.61815,1.96056,4.196,-0.05151,-0.97792,0.20253,0.99748,0.0092,0.04599,0.6,1.0,0.00465,0.1049,12.14623,1.93058,0.20503,0.1764,0.50199,0.29258,0.51798,0.50199
-0.83038,3.59222,-6.19874,0.01899,-0.49762,-0.86719,0.95586,0.0,0.0,nan,0.0,0.00506,0.01985,22.85773,1.73611,0.22739,0.5505,0.84188,0.71401,0.576,0.84188
-1.07871,2.55141,-5.24541,0.02774,-0.71811,-0.69538,0.95465,0.0,0.0,nan,0.0,0.00423,0.04193,28.72203,1.72926,0.23774,0.7741,0.94458,0.36943,0.57828,0.94458
-1.91106,2.00259,-3.99245,-0.02237,-0.91191,-0.40978,0.98936,0.00065,0.00323,0.51,1.0,0.00402,0.10329,8.49207,3.05244,0.23726,0.57531,0.94287,0.21807,0.32761,0.94287
-1.06915,2.19158,5.15938,-0.04775,-0.98508,0.16534,0.9988,0.0,0.0,nan,0.0,0.00388,0.07245,12.58313,2.03915,0.20468,0.18498,0.66415,0.33575,0.4904,0.66415
-1.00738,2.45621,6.9982,-0.05027,-0.9942,0.09503,0.99809,0.0,0.0,nan,0.0,0.00421,0.05635,14.66972,1.6519,0.23828,0.51112,0.92199,0.369,0.60536,0.92199
-1.20044,2.42627,9.30167,-0.12066,-0.83185,0.54173,0.87486,0.0,0.0,nan,0.0,0.00476,0.02455,20.62251,1.70149,0.24329,0.52117,0.66232,0.40826,0.58772,0.66232
-0.84372,3.4489,10.31778,-0.12024,-0.55148,0.82548,0.91597,0.0,0.0,nan,0.0,0.00595,0.02719,27.70874,1.81709,0.24752,0.54297,0.41813,0.43246,0.55033,0.41813
-1.00022,5.12694,-6.48773,-0.02003,-0.36605,-0.93038,0.99728,0.0,0.0,nan,0.0,0.01526,0.03039,29.23303,1.84413,0.22569,0.56564,0.62351,0.94845,0.54226,0.62351
-1.42619,4.3103,-5.9974,-0.00574,-0.41587,-0.90941,0.99545,0.0,0.0,nan,0.0,0.00963,0.02411,24.42353,1.73046,0.23685,0.48986,0.58193,0.88228,0.57788,0.58193
-0.15777,4.65408,9.93689,-0.09601,-0.44038,0.89266,0.99586,0.0,0.0,nan,0.0,0.01046,0.03477,30.894,1.88795,0.23445,0.67103,0.50315,0.47724,0.52968,0.50315
-0.99708,4.88382,11.11156,-0.11841,-0.38263,0.91628,0.9855,0.0,0.0,nan,0.0,0.00386,0.02409,32.4621,2.06732,0.23484,0.71722,0.88437,0.41595,0.48372,0.88437
-0.98553,6.77428,-7.36099,-0.03665,-0.2939,-0.95513,0.97738,0.0,0.0,nan,0.0,0.0133,0.03623,33.12374,2.01349,0.2323,0.53426,0.80762,0.89304,0.49665,0.80762
-1.0338,6.75823,11.62995,-0.07691,-0.37583,0.92349,0.9851,0.0,0.0,nan,0.0,0.01204,0.03038,32.72456,2.04923,0.23624,0.66728,0.64627,0.62999,0.48799,0.64627
-1.39607,7.79092,12.07379,-0.06235,-0.24932,0.96641,0.96033,0.0,0.0,nan,0.0,0.01582,0.03982,36.63419,1.91073,0.22811,0.65997,0.59514,0.63467,0.52336,0.59514
-0.95093,9.01383,-7.45998,0.04754,-0.08761,-0.99502,0.99738,0.0,0.0,nan,0.0,0.01872,0.03463,31.60142,2.16537,0.23321,0.61206,0.57384,0.93921,0.46181,0.57384
-0.83551,9.25835,11.87282,-0.03365,0.00915,0.99939,0.99241,0.0,0.0,nan,0.0,0.02089,0.06124,30.4511,1.81709,0.23623,0.62532,0.68521,0.58136,0.55033,0.68521
-1.36524,8.57401,12.14783,-0.02583,-0.122,0.99219,0.96358,0.0,0.0,nan,0.0,0.01747,0.04211,32.84941,2.08758,0.2331,0.64621,0.68709,0.68092,0.47902,0.68709
-0.65827,11.92008,-8.07532,0.04737,-0.2598,-0.9645,0.99109,0.0,0.0,nan,0.0,0.00642,0.01648,27.58924,1.75938,0.22506,0.41898,0.43111,0.99751,0.56838,0.43111
-1.112,11.04713,-7.62122,0.01472,-0.27273,-0.96198,0.98459,0.0,0.0,nan,0.0,0.01104,0.02603,28.30541,1.85521,0.23438,0.45427,0.4418,1.0,0.53902,0.4418
-0.84289,11.17973,11.71463,0.00405,0.01217,0.99992,0.9923,0.0,0.0,nan,0.0,0.01249,0.04025,32.54999,1.81709,0.23422,0.41491,0.4603,0.79378,0.55033,0.4603
-1.01708,12.98042,-8.82619,0.06812,-0.17623,-0.98199,0.9719,0.0,0.0,nan,0.0,0.01063,0.02395,28.26847,1.8823,0.23183,0.5369,0.45041,0.88511,0.53127,0.45041
-1.81618,12.05926,-7.7706,0.00037,-0.27701,-0.96087,0.99301,0.0,0.0,nan,0.0,0.00527,0.01527,27.33632,1.72039,0.22294,0.4065,0.32982,0.91127,0.58126,0.32982
-1.03294,12.71347,11.85195,0.02261,0.05813,0.99805,0.99454,0.0,0.0,nan,0.0,0.01273,0.03281,36.86736,1.71531,0.23564,0.4426,0.4352,0.92436,0.58299,0.4352
-0.9542,13.09955,12.02766,0.00882,0.08049,0.99672,0.98601,0.0,0.0,nan,0.0,0.00959,0.0286,37.13125,1.6519,0.2332,0.41876,0.42939,0.84359,0.60536,0.42939
-0.96788,15.17965,-8.29575,0.11304,-0.10906,-0.98759,0.97911,0.0,0.0,nan,0.0,0.00944,0.02597,31.71927,2.05154,0.23099,0.38639,0.3865,0.99973,0.48744,0.3865
-1.10795,14.57662,-7.76401,0.09857,-0.08462,-0.99153,0.93181,0.0,0.0,nan,0.0,0.0111,0.02771,29.914,2.0112,0.2237,0.47718,0.54345,0.89594,0.49721,0.54345
-0.96629,14.98484,11.31602,-0.05508,0.16048,0.9855,0.97992,0.0,0.0,nan,0.0,0.01021,0.03096,36.25315,1.73512,0.23573,0.49579,0.46825,0.70194,0.57633,0.46825
-0.54101,14.05186,12.01505,-0.04015,0.1647,0.98553,0.98083,0.0,0.0,nan,0.0,0.01053,0.03641,38.96389,1.86592,0.23773,0.51113,0.56701,0.59507,0.53593,0.56701
-0.91503,17.17234,-8.88392,0.10752,-0.33627,-0.93561,0.99372,0.0,0.0,nan,0.0,0.01233,0.03717,31.73585,1.92215,0.23048,0.38591,0.42482,0.91399,0.52025,0.42482
-0.89319,17.10174,11.17718,-0.06694,-0.05588,0.99619,0.99017,0.0,0.0,nan,0.0,0.00985,0.02115,30.79306,1.7303,0.23327,0.58583,0.70896,0.8469,0.57793,0.70896
-0.19174,17.81734,12.04281,-0.04967,-0.09814,0.99393,0.96733,0.0,0.0,nan,0.0,0.00758,0.02102,31.94886,1.70115,0.23877,0.54698,0.64016,0.7004,0.58784,0.64016
-1.04259,18.72335,-10.02842,0.07745,-0.12836,-0.9887,0.96855,0.0,0.0,nan,0.0,0.00807,0.02879,29.84409,1.73254,0.23165,0.36693,0.34457,0.81485,0.57719,0.34457
-0.94195,19.11572,-9.96335,0.0752,-0.11594,-0.99041,0.98449,0.0,0.0,nan,0.0,0.00906,0.02359,29.29736,2.16954,0.22223,0.43729,0.2935,0.93774,0.46093,0.2935
-1.04335,19.05974,11.70317,-0.15191,0.00105,0.98839,0.99058,0.0,0.0,nan,0.0,0.01272,0.03155,28.652,1.7271,0.23474,0.59672,0.43453,0.72293,0.579,0.43453
-0.21263,18.14457,12.05441,-0.05691,-0.09057,0.99426,0.95688,0.0,0.0,nan,0.0,0.00728,0.0201,31.57988,1.71533,0.231,0.59309,0.7044,0.6493,0.58298,0.7044
-1.15385,21.65572,-10.03628,0.01078,-0.30217,-0.95319,0.99433,0.0,0.0,nan,0.0,0.0118,0.02782,25.31992,2.20353,0.22988,0.56885,0.80333,0.97002,0.45382,0.80333
-0.95585,20.782,-9.61502,0.039,-0.15271,-0.9875,0.99027,0.0,0.0,nan,0.0,0.01108,0.02387,25.42933,2.21569,0.23428,0.50407,0.40438,0.99319,0.45133,0.40438
-0.90226,21.03389,11.31112,-0.1208,-0.08176,0.9893,0.99322,0.0,0.0,nan,0.0,0.01497,0.03204,28.32578,1.71068,0.22712,0.56738,0.46275,0.8818,0.58456,0.46275
-0.14595,21.93832,12.0114,-0.07709,-0.07497,0.9942,0.9855,0.0,0.0,nan,0.0,0.01439,0.02763,26.06042,1.81709,0.22336,0.5713,0.47005,0.98198,0.55033,0.47005
-0.9751,23.0568,-10.53737,0.02206,-0.36541,-0.93059,0.99647,0.0,0.0,nan,0.0,0.02058,0.05223,25.86629,1.78335,0.23427,0.57108,0.51846,0.74314,0.56074,0.51846
-1.29901,22.27995,-9.99779,0.00171,-0.37314,-0.92777,0.98845,0.0,0.0,nan,0.0,0.00876,0.02914,24.72956,1.74146,0.23059,0.56239,0.84587,0.83375,0.57423,0.84587
-1.12902,23.09811,11.75254,-0.06216,0.02105,0.99784,0.99454,0.0,0.0,nan,0.0,0.01444,0.03055,25.78102,2.10611,0.23521,0.54987,0.64629,0.92604,0.47481,0.64629
-0.3278,22.605,12.09879,-0.09154,-0.01846,0.99563,0.97048,0.0,0.0,nan,0.0,0.01679,0.03155,24.20666,1.85144,0.23035,0.63235,0.39872,0.91103,0.54012,0.39872
-1.05197,25.10464,-11.18928,0.01666,-0.05544,-0.99832,0.98297,0.0,0.0,nan,0.0,0.008,0.03261,25.62361,2.37224,0.23189,0.38406,0.506,0.68838,0.42154,0.506
-0.93606,25.02932,11.30104,0.00126,0.13206,0.99124,0.98154,0.0,0.0,nan,0.0,0.0101,0.03703,33.36662,1.68472,0.23294,0.6267,0.76714,0.48824,0.59357,0.76714
-1.03801,26.96922,-10.82622,0.01321,-0.117,-0.99304,0.97809,0.0,0.0,nan,0.0,0.01239,0.03584,33.64177,1.89522,0.23289,0.43747,0.67785,0.83694,0.52764,0.67785
-0.93564,27.29075,11.18944,-0.04007,-0.11875,0.99212,0.97972,0.0,0.0,nan,0.0,0.00978,0.02369,25.96597,1.70675,0.22665,0.48616,0.34142,0.91437,0.58591,0.34142
-0.8012,29.71281,-12.05083,-0.00049,-0.10539,-0.99443,0.96926,0.0,0.0,nan,0.0,0.01205,0.03145,22.54974,2.14143,0.22667,0.54586,0.36191,0.76433,0.46698,0.36191
-1.01253,28.8341,-11.48713,-0.0109,-0.26149,-0.96514,0.99707,0.0,0.0,nan,0.0,0.01856,0.05464,27.90716,1.89575,0.24226,0.61607,0.56786,0.59098,0.5275,0.56786
-1.00658,29.04666,11.61566,-0.09088,-0.03706,0.99517,0.99545,0.0,0.0,nan,0.0,0.01004,0.02482,26.57563,1.82654,0.23541,0.48574,0.40003,0.89536,0.54748,0.40003
-0.06858,29.00556,12.03793,-0.13645,-0.0269,0.99028,0.9852,0.0,0.0,nan,0.0,0.00906,0.02383,27.19078,1.92088,0.22947,0.51076,0.25781,0.79924,0.52059,0.25781
-1.07271,30.37675,-12.09509,-0.00902,-0.01246,-0.99988,0.97322,0.0,0.0,nan,0.0,0.01265,0.03428,24.48063,1.8616,0.23124,0.59156,0.52125,0.67463,0.53717,0.52125
-1.00622,31.38152,-11.88637,-0.0142,0.00314,-0.99989,0.99291,0.0,0.0,nan,0.0,0.00883,0.02585,21.86545,1.66991,0.22933,0.47296,0.4591,0.7886,0.59883,0.4591
-0.9599,30.93794,11.44884,-0.08781,-0.01287,0.99605,0.98794,0.0,0.0,nan,0.0,0.00988,0.02118,28.91748,1.6519,0.22487,0.52015,0.43265,0.95891,0.60536,0.43265
-0.76063,33.61636,-12.25262,-0.03217,-0.20305,-0.97864,0.99484,0.0,0.0,nan,0.0,0.01067,0.02401,24.50614,1.71188,0.22887,0.53374,0.55987,0.90019,0.58415,0.55987
-1.08813,32.80272,-11.46237,-0.03179,-0.10333,-0.99414,0.97616,0.0,0.0,nan,0.0,0.0073,0.01759,23.12815,2.03077,0.2248,0.48568,0.50414,0.92904,0.49242,0.50414
-1.16162,32.61327,11.37484,-0.05291,-0.15238,0.9869,0.99281,0.0,0.0,nan,0.0,0.00721,0.01658,23.05613,1.65706,0.24045,0.49804,0.33149,0.94896,0.60348,0.33149
-1.05842,33.47645,12.22606,-0.06841,-0.10759,0.99184,0.99261,0.0,0.0,nan,0.0,0.00581,0.01565,22.3485,1.6519,0.22968,0.43656,0.47584,0.92596,0.60536,0.47584
-0.88406,35.01571,-12.37959,-0.03387,-0.13816,-0.98983,0.98266,0.0,0.0,nan,0.0,0.00625,0.01781,18.71134,1.94786,0.22579,0.6112,0.6655,0.63581,0.51338,0.6655
-1.58386,34.46048,-11.72094,-0.04105,-0.20679,-0.97752,0.99636,0.0,0.0,nan,0.0,0.01317,0.03133,23.71258,1.88811,0.22131,0.6281,0.4807,0.72533,0.52963,0.4807
-1.05156,35.37479,11.54448,-0.09185,-0.00085,0.99577,0.99393,0.0,0.0,nan,0.0,0.01125,0.02393,22.37524,1.88385,0.23607,0.64088,0.55315,0.7993,0.53083,0.55315
-0.84645,34.73976,12.14738,-0.076,-0.03844,0.99637,0.99636,0.0,0.0,nan,0.0,0.00714,0.0171,23.07345,1.6519,0.22921,0.52586,0.50522,0.8631,0.60536,0.50522
-0.98585,36.76256,-12.33835,-0.01681,0.01697,-0.99971,0.99596,0.0,0.0,nan,0.0,0.00566,0.01744,14.62951,2.06058,0.241,0.66861,0.57954,0.55202,0.4853,0.57954
-0.92116,37.70371,-11.89043,-0.00456,-0.01032,-0.99994,0.98134,0.0,0.0,nan,0.0,0.0058,0.02364,13.59921,3.57851,0.22945,0.71877,0.78418,0.43948,0.27945,0.78418
-0.91387,36.90606,11.64925,-0.07764,-0.03349,0.99642,0.99058,0.0,0.0,nan,0.0,0.01023,0.02002,21.8742,2.19228,0.23035,0.55797,0.42059,0.99961,0.45615,0.42059
-1.14972,37.15237,12.13816,-0.07323,-0.03844,0.99657,0.99829,0.0,0.0,nan,0.0,0.00969,0.02074,22.08039,1.66322,0.23076,0.53261,0.38803,0.9572,0.60124,0.38803
-0.99172,39.11317,-12.58189,-0.0225,-0.18119,-0.98319,0.99647,0.0,0.0,nan,0.0,0.00375,0.01449,10.0076,1.94076,0.23259,0.62083,0.52838,0.49987,0.51526,0.52838
-1.06822,38.312,-11.72485,-0.01283,-0.08386,-0.99639,0.95586,0.0,0.0,nan,0.0,0.00333,0.01508,11.79026,1.94688,0.22821,0.56583,0.62374,0.4557,0.51364,0.62374
-1.1535,39.51304,11.75228,-0.12065,0.17234,0.97762,0.99809,0.0,0.0,nan,0.0,0.00903,0.03573,23.26924,2.04521,0.22758,0.53839,0.41376,0.50992,0.48895,0.41376
-0.84151,38.71924,12.06895,-0.10124,0.07859,0.99175,0.99596,0.0,0.0,nan,0.0,0.00911,0.02626,21.35338,1.68022,0.22959,0.48947,0.5666,0.77521,0.59516,0.5666
-0.98076,41.02585,-12.77216,-0.02256,-0.10014,-0.99472,0.99444,0.04924,0.24621,0.51,1.0,0.00682,0.04613,6.69558,2.03504,0.23278,0.68834,0.6104,0.27892,0.49139,0.6104
-0.90354,40.96691,11.27409,-0.16084,0.08908,0.98295,0.95678,0.0,0.0,nan,0.0,0.0064,0.02794,24.56854,1.89333,0.23223,0.34636,0.45631,0.71473,0.52817,0.45631
-0.07213,40.12876,12.07389,-0.14532,0.14546,0.97863,0.99657,0.0,0.0,nan,0.0,0.0082,0.03108,24.67935,1.8863,0.23748,0.47188,0.71661,0.60419,0.53014,0.71661
-1.01437,43.05623,-12.78594,-0.0188,0.00436,-0.99981,0.99758,0.8783,1.0,0.51,0.78803,0.06634,0.27115,4.75012,1.8979,0.21179,0.34855,0.68319,0.99753,0.5269,0.68319
-1.13889,42.65535,11.48572,-0.09916,-0.15858,0.98235,0.98134,0.0,0.0,nan,0.0,0.00844,0.02186,23.5216,2.04764,0.23092,0.41902,0.51092,1.0,0.48837,0.51092
-0.84172,43.51177,12.15435,-0.09907,-0.12364,0.98737,0.98601,0.0,0.0,nan,0.0,0.01486,0.03245,26.35129,2.09671,0.23089,0.55281,0.43337,0.89149,0.47694,0.43337
-1.00433,44.99897,-12.74962,-0.02002,0.03535,-0.99917,0.99819,0.15934,0.79669,0.51,1.0,0.02816,0.14272,5.66694,2.03458,0.21623,0.30353,0.74921,0.87952,0.4915,0.74921
-1.38442,45.41937,11.67828,-0.12527,0.10783,0.98625,0.99454,0.0,0.0,nan,0.0,0.01921,0.04818,26.92782,1.90452,0.22912,0.50057,0.5069,0.85541,0.52507,0.5069
-0.72412,44.71082,12.15578,-0.13585,0.02679,0.99037,0.98388,0.0,0.0,nan,0.0,0.01047,0.0297,27.33608,1.84929,0.23135,0.38866,0.3788,0.97338,0.54075,0.3788
-1.01274,47.04595,-12.62922,-0.00653,0.11416,-0.99344,0.9989,0.0,0.0,nan,0.0,0.0106,0.04855,8.1363,1.98794,0.22357,0.38935,0.68093,0.69833,0.50303,0.68093
-1.07228,46.96128,11.43568,-0.12562,-0.00289,0.99207,0.98165,0.0,0.0,nan,0.0,0.0112,0.02807,27.9298,1.87343,0.23018,0.42755,0.29829,1.0,0.53378,0.29829
-0.11047,46.56168,12.04672,-0.16827,0.0685,0.98336,0.99839,0.0,0.0,nan,0.0,0.01289,0.02947,26.89029,1.75131,0.23744,0.46982,0.4151,0.99987,0.571,0.4151
-1.07629,48.81105,-12.1487,0.02762,0.12456,-0.99183,0.99748,0.0,0.0,nan,0.0,0.01099,0.02809,10.04558,1.9125,0.22857,0.46928,0.3407,1.0,0.52288,0.3407
-0.54884,49.62508,-11.82828,0.00581,0.08087,-0.99671,0.97941,0.0,0.0,nan,0.0,0.01215,0.02995,10.50817,1.91535,0.23521,0.49511,0.59553,0.97498,0.5221,0.59553
-1.03137,48.8391,11.99459,-0.10775,-0.03149,0.99368,0.99383,0.0,0.0,nan,0.0,0.01022,0.02673,22.35632,1.88976,0.23422,0.49224,0.36952,0.84617,0.52917,0.36952
-0.9439,48.95398,12.01482,-0.1046,-0.01835,0.99435,0.99464,0.0,0.0,nan,0.0,0.01016,0.02609,22.18103,1.88607,0.23187,0.50389,0.38281,0.84241,0.5302,0.38281
-1.16561,51.10347,-12.10293,0.0267,0.00356,-0.99964,0.9989,0.0,0.0,nan,0.0,0.01352,0.03454,10.07849,1.97692,0.22866,0.54749,0.37337,0.85655,0.50584,0.37337
-0.4398,50.37495,-11.85471,-0.0021,0.03039,-0.99954,0.98804,0.0,0.0,nan,0.0,0.01167,0.02847,10.56721,2.02923,0.23222,0.50396,0.34191,0.96709,0.4928,0.34191
-1.08478,51.02458,11.60788,-0.07854,0.12742,0.98873,0.99444,0.0,0.0,nan,0.0,0.01175,0.02823,22.12533,2.5309,0.22842,0.53855,0.35,0.84274,0.39512,0.35
-0.19866,50.07212,12.03212,-0.08455,0.10939,0.9904,0.9921,0.0,0.0,nan,0.0,0.01349,0.03392,21.41471,1.82148,0.22914,0.50096,0.38643,0.86829,0.549,0.38643
-1.01524,53.0285,-12.27424,-0.02383,0.03149,-0.99922,0.99819,0.02332,0.11662,0.6,1.0,0.01828,0.05651,7.78132,2.54411,0.23685,0.49779,0.36131,0.81687,0.39307,0.36131
-1.20346,52.96539,11.41858,-0.07091,-0.09596,0.99286,0.99423,0.0,0.0,nan,0.0,0.00934,0.02164,21.18907,1.89106,0.23927,0.5284,0.44663,0.89406,0.5288,0.44663
-0.54225,53.84058,12.08588,-0.0693,-0.07002,0.99514,0.97779,0.0,0.0,nan,0.0,0.01175,0.02793,22.86716,2.35662,0.23129,0.49151,0.35956,0.93104,0.42434,0.35956
-0.95278,54.92401,-12.12215,-0.05451,0.08733,-0.99469,0.9989,0.02695,0.13477,0.6,1.0,0.08782,0.24776,6.57334,1.90375,0.23226,0.46234,0.68161,0.99987,0.52528,0.68161
-1.7368,55.72263,-11.98856,-0.07873,0.10037,-0.99183,0.9989,0.08589,0.08589,0.6,0.74895,0.07266,0.23556,7.00738,2.03266,0.22185,0.50643,0.81676,0.99559,0.49197,0.81676
-1.28671,55.24165,11.83636,-0.11682,0.1162,0.98633,0.98337,0.0,0.0,nan,0.0,0.00832,0.02333,25.60308,1.6519,0.23633,0.45335,0.47532,0.84808,0.60536,0.47532
-0.54548,54.70491,12.16495,-0.08758,0.02688,0.99579,0.97241,0.0,0.0,nan,0.0,0.00857,0.0223,24.91889,2.73798,0.23136,0.4792,0.42745,0.86631,0.36523,0.42745
-0.43009,56.29652,-12.00286,-0.05327,0.09122,-0.99441,0.9989,0.0,0.0,nan,0.0,0.09011,0.24155,6.56069,1.88878,0.2368,0.4868,0.68922,1.0,0.52944,0.68922
-1.09353,57.10304,-11.91562,-0.07932,0.09892,-0.99193,0.9988,4e-05,0.00018,0.51,1.0,0.03637,0.15699,6.88032,2.10369,0.2286,0.46528,0.86107,0.99715,0.47535,0.86107
-1.0646,56.97634,11.41472,-0.11697,0.07909,0.98998,0.99718,0.0,0.0,nan,0.0,0.01706,0.03209,29.55433,3.48951,0.23482,0.60795,0.66493,0.93364,0.28657,0.66493
-1.00042,59.02098,-11.71618,-0.08996,0.11816,-0.98891,0.9989,0.0,0.0,nan,0.0,0.02803,0.102,7.42121,2.3214,0.22451,0.46667,0.82871,0.99909,0.43077,0.82871
-1.00668,58.93086,11.84703,-0.08431,-0.03969,0.99565,0.98652,0.0,0.0,nan,0.0,0.00505,0.01546,26.26636,1.81709,0.23234,0.45977,0.47111,0.76457,0.55033,0.47111
-1.02376,60.99532,-11.45661,-0.10176,0.12421,-0.98702,0.9989,0.0,0.0,nan,0.0,0.02052,0.10049,7.61425,2.258,0.23012,0.40103,0.86109,0.99767,0.44287,0.86109
-1.02739,60.93224,11.12054,-0.09022,0.13253,0.98706,0.99596,0.0,0.0,nan,0.0,0.01083,0.02955,25.93533,3.35136,0.24026,0.61527,0.46921,0.64167,0.29839,0.46921
-1.0244,63.0034,-11.20333,-0.10789,0.09391,-0.98972,0.9989,0.00158,0.00791,0.7,1.0,0.02742,0.14871,7.78268,1.94781,0.22642,0.42137,0.88875,0.98924,0.5134,0.88875
-0.83723,63.21558,10.78212,-0.07384,0.02807,0.99687,0.99332,0.0,0.0,nan,0.0,0.00778,0.0313,24.96328,1.65363,0.22726,0.4904,0.84656,0.79186,0.60473,0.84656
-1.00689,65.0389,-11.09926,-0.11933,0.09154,-0.98863,0.99839,0.04249,0.21245,0.51,1.0,0.02411,0.16759,8.93988,2.0432,0.21871,0.49255,0.94757,0.97186,0.48943,0.94757
-0.98455,65.07201,10.97962,-0.09216,0.11146,0.98949,0.9985,0.0,0.0,nan,0.0,0.01209,0.03277,27.87351,2.07202,0.22817,0.43185,0.51611,0.91559,0.48262,0.51611
-1.02772,66.99384,-10.85243,-0.125,0.1017,-0.98693,0.9989,0.07252,0.20737,0.51,0.95321,0.0212,0.1888,10.36081,2.02421,0.22173,0.46583,0.9723,0.99611,0.49402,0.9723
-1.00261,66.96803,10.53376,-0.08421,0.01014,0.9964,0.98073,0.0,0.0,nan,0.0,0.00953,0.02414,29.23025,1.69788,0.22446,0.42874,0.45018,0.98372,0.58897,0.45018
-0.9893,68.96563,-10.61059,-0.11257,0.07879,-0.99051,0.9989,0.04151,0.20755,0.51,1.0,0.02162,0.14019,9.73734,2.03164,0.22195,0.47983,0.94145,1.0,0.49221,0.94145
-0.94365,68.82572,10.93153,-0.04371,-0.02445,0.99875,0.99403,0.0,0.0,nan,0.0,0.00783,0.02397,28.56388,3.37647,0.24713,0.45988,0.51646,0.75991,0.29617,0.51646
-0.99676,71.02336,-10.4979,-0.06428,0.10428,-0.99247,0.9989,0.10907,0.10907,0.51,0.59308,0.0519,0.13578,9.68667,1.91623,0.2188,0.46114,0.73306,1.0,0.52186,0.73306
-0.85921,71.52493,9.79072,-0.01851,0.16572,0.986,0.92622,0.0,0.0,nan,0.0,0.01051,0.04342,39.33455,2.40146,0.23086,0.43392,0.5684,0.5864,0.41641,0.5684
-0.97376,70.93174,10.62167,-0.02241,0.13249,0.99093,0.99606,0.0,0.0,nan,0.0,0.00766,0.03299,35.61262,2.90859,0.2362,0.47649,0.51629,0.51445,0.34381,0.51629
-1.00696,73.00181,-10.31145,-0.0111,0.18054,-0.9835,0.9988,0.00075,0.00377,0.7,1.0,0.02234,0.06663,10.81246,1.93023,0.21685,0.41122,0.70155,0.96604,0.51807,0.70155
-0.96059,72.25609,9.91317,-0.01958,0.11884,0.99272,0.96114,0.0,0.0,nan,0.0,0.01059,0.0415,39.48089,2.38892,0.22688,0.41672,0.5153,0.64332,0.4186,0.5153
-0.99465,73.00559,10.42368,-0.02909,0.09209,0.99533,0.99789,0.0,0.0,nan,0.0,0.01037,0.04338,39.6017,2.32284,0.22906,0.40848,0.47478,0.6149,0.43051,0.47478
-1.0098,74.207,-10.05142,-0.00849,0.21893,-0.9757,0.9988,0.00108,0.00539,0.7,1.0,0.01274,0.05294,10.97595,2.03919,0.21438,0.30815,0.77164,0.99171,0.49039,0.77164
-0.98694,75.17355,-9.72946,-0.00983,0.25411,-0.96712,0.9989,0.0,0.0,nan,0.0,0.00898,0.04611,9.87053,2.06539,0.21768,0.2716,0.76901,0.9181,0.48417,0.76901
-0.63839,75.94965,9.99752,-0.07272,0.21396,0.97413,0.99464,0.0,0.0,nan,0.0,0.0181,0.0665,34.59928,1.73301,0.22941,0.3934,0.4677,0.73195,0.57703,0.4677
-0.9965,75.01445,10.47882,-0.03747,0.14537,0.98867,0.99291,0.0,0.0,nan,0.0,0.01608,0.07486,35.40124,2.22864,0.2255,0.36139,0.47833,0.62807,0.44871,0.47833
-0.98631,77.01968,-9.25369,-0.00562,0.3322,-0.94319,0.99748,0.00262,0.01309,0.6,1.0,0.00669,0.04465,7.69771,1.84959,0.22169,0.29121,0.60173,0.64829,0.54066,0.60173
-1.01331,77.21311,9.81451,-0.14254,0.34794,0.92662,0.99819,0.0,0.0,nan,0.0,0.01394,0.04893,32.14137,1.72107,0.22701,0.47284,0.7284,0.64004,0.58103,0.7284
-1.28716,76.34384,10.1444,-0.10365,0.27898,0.95469,0.99393,0.0,0.0,nan,0.0,0.01906,0.06061,31.69827,1.7723,0.22845,0.48072,0.64133,0.69536,0.56424,0.64133
-1.01109,78.81598,-8.45912,0.00906,0.47722,-0.87874,0.99362,0.00341,0.01706,0.7,1.0,0.01923,0.09381,3.91941,1.88694,0.22466,0.35984,0.32083,0.86054,0.52996,0.32083
-1.07664,79.77743,-7.86214,0.01334,0.57468,-0.81827,0.99423,0.00534,0.02668,0.6,1.0,0.01917,0.09107,3.71983,1.93651,0.22922,0.37784,0.35442,0.85676,0.51639,0.35442
-1.28714,79.04836,8.96334,-0.17065,0.28735,0.9425,0.9987,0.0,0.0,nan,0.0,0.01081,0.03807,31.98531,1.70976,0.2391,0.55069,0.56589,0.54808,0.58488,0.56589
-0.98627,80.93001,-6.87583,0.0176,0.69465,-0.71913,0.99444,0.00599,0.02996,0.7,1.0,0.01513,0.08366,3.20674,1.81709,0.23028,0.33815,0.65334,0.86848,0.55033,0.65334
-1.00579,81.87154,-5.81916,0.02584,0.80105,-0.59805,0.99403,0.0,0.0,nan,0.0,0.02293,0.12633,3.30319,1.67012,0.23153,0.3422,0.69847,0.85169,0.59876,0.69847
-0.92014,81.88265,7.95578,-0.09969,0.58362,0.80589,0.97474,0.00359,0.01794,0.6,1.0,0.01297,0.06625,23.66803,1.6919,0.23602,0.66006,0.77318,0.34748,0.59105,0.77318
-0.93923,80.97287,8.51687,-0.14567,0.39889,0.90536,0.98357,0.0,0.0,nan,0.0,0.00801,0.03249,24.92146,1.81709,0.23857,0.4858,0.36225,0.54847,0.55033,0.36225
-0.97924,82.52509,-4.81454,0.03379,0.86651,-0.49801,0.99586,0.0,0.0,nan,0.0,0.01286,0.10628,4.01997,2.35609,0.21679,0.2132,0.55364,0.84972,0.42443,0.55364
-1.00979,83.34659,-3.03534,0.04798,0.9428,-0.32989,0.99778,0.0,0.0,nan,0.0,0.01055,0.11411,9.12942,1.89152,0.22645,0.21493,0.69285,0.52427,0.52867,0.69285
-0.94897,83.90533,-1.12857,0.05792,0.98118,-0.18423,0.9989,0.0,0.0,nan,0.0,0.02764,0.16229,12.26062,2.27429,0.23366,0.24261,0.71591,0.81651,0.4397,0.71591
-0.21392,83.96843,0.33109,0.07579,0.9933,-0.0873,0.99839,0.0,0.0,nan,0.0,0.04593,0.20163,14.323,2.53787,0.2261,0.34235,0.81833,0.97043,0.39403,0.81833
-0.70167,83.95074,3.51897,0.05223,0.99011,0.13021,0.9989,0.03022,0.15112,0.43,1.0,0.02243,0.20674,9.19878,2.08626,0.22926,0.36732,0.86473,0.56823,0.47933,0.86473
-1.02785,83.66238,5.01988,0.03327,0.95986,0.27848,0.99667,0.00655,0.03277,0.43,1.0,0.02008,0.11803,6.16854,2.00341,0.21853,0.28118,0.47372,0.80138,0.49915,0.47372
-0.97938,82.79988,7.00623,-0.03138,0.82577,0.56314,0.9853,0.00088,0.0044,0.6,1.0,0.00811,0.05175,11.24802,1.89862,0.23013,0.49303,0.64332,0.37419,0.5267,0.64332
-1.35371,84.03358,-0.25778,0.05001,0.99082,-0.12559,0.99799,0.0,0.0,nan,0.0,0.0295,0.17577,12.30757,2.53383,0.22279,0.25985,0.8241,0.98417,0.39466,0.8241
-1.04251,84.11066,1.00385,0.05447,0.99775,-0.0391,0.99839,0.01553,0.07766,0.43,1.0,0.03376,0.21054,13.07303,2.87696,0.2278,0.33129,0.87852,0.94802,0.34759,0.87852
-1.1895,84.0688,2.67712,0.0495,0.99615,0.07229,0.99839,0.01575,0.07876,0.43,1.0,0.01815,0.21344,10.01654,2.92522,0.22745,0.37517,0.94678,0.73418,0.34186,0.94678
1.10363,1.9617,-4.11151,-0.01336,-0.85624,-0.51641,0.97606,0.04099,0.20495,0.51,1.0,0.00266,0.07556,21.78197,3.36486,0.23643,0.77155,0.99444,0.22868,0.29719,0.99444
0.99244,1.53037,-3.07181,-0.04152,-0.94733,-0.31755,0.99312,0.04928,0.24638,0.51,1.0,0.00627,0.15692,6.96551,2.02388,0.23477,0.67323,0.965,0.24469,0.4941,0.965
1.00865,1.17815,-1.00835,-0.06034,-0.9953,-0.07571,0.99768,0.00276,0.01379,0.51,1.0,0.01513,0.07306,3.4829,2.05719,0.21995,0.33839,0.60353,0.96374,0.4861,0.60353
1.01366,1.24552,0.93213,-0.04457,-0.99424,0.09744,0.99809,0.04682,0.23411,0.51,1.0,0.01676,0.07823,3.79175,1.91789,0.23226,0.32821,0.44375,0.99709,0.52141,0.44375
1.00081,1.59309,3.00369,-0.04633,-0.98255,0.18011,0.9986,0.36874,0.45706,0.6,0.81039,0.02483,0.11412,4.41243,1.94463,0.21207,0.32364,0.75721,1.0,0.51424,0.75721
1.1004,1.90019,4.64548,-0.05314,-0.97858,0.19887,0.9989,0.04309,0.21545,0.6,1.0,0.00838,0.07013,11.16461,1.87389,0.21308,0.36784,0.76674,0.40495,0.53365,0.76674
1.56212,3.99007,-6.00201,0.05238,-0.46255,-0.88505,0.99251,0.0,0.0,nan,0.0,0.00516,0.01899,26.26849,1.9018,0.23326,0.61298,0.8149,0.60209,0.52582,0.8149
1.02609,2.92574,-5.38291,0.03806,-0.64498,-0.76325,0.9783,0.0,0.0,nan,0.0,0.00841,0.02526,22.99,2.05038,0.23049,0.69563,0.69981,0.52027,0.48771,0.69981
0.84843,2.05351,5.54623,-0.04452,-0.98566,0.16275,0.9989,0.01707,0.08535,0.6,1.0,0.006,0.04997,13.34363,1.98843,0.21201,0.28047,0.80866,0.60619,0.50291,0.80866
0.99281,2.39436,6.97676,-0.01695,-0.99672,0.07911,0.9988,0.0,0.0,nan,0.0,0.01985,0.05575,10.21667,1.95149,0.22532,0.57265,0.68042,0.74352,0.51243,0.68042
1.04887,2.22449,9.08986,-0.01263,-0.91619,0.40055,0.89303,0.0,0.0,nan,0.0,0.00542,0.11062,39.09767,2.19717,0.23869,0.84636,0.97683,0.22189,0.45513,0.97683
0.92033,3.36049,10.29692,-0.03206,-0.56929,0.82151,0.91983,0.0,0.0,nan,0.0,0.01117,0.02822,23.14112,2.13172,0.2292,0.62589,0.38621,0.687,0.4691,0.38621
0.99161,5.09513,-6.61685,0.0379,-0.40934,-0.91159,0.99809,0.0,0.0,nan,0.0,0.00674,0.01607,29.03017,1.6519,0.23158,0.57592,0.77046,0.83245,0.60536,0.77046
0.66673,4.33886,-5.68165,0.05184,-0.44718,-0.89294,0.99677,0.0,0.0,nan,0.0,0.00595,0.02084,27.53934,1.73438,0.23418,0.66383,0.85339,0.68984,0.57657,0.85339
0.13031,4.6926,9.95334,-0.08084,-0.43285,0.89783,0.99454,0.0,0.0,nan,0.0,0.00982,0.03645,30.48323,1.91906,0.23345,0.69972,0.47368,0.41022,0.52109,0.47368
0.97464,4.86285,10.76468,0.00332,-0.36366,0.93152,0.9989,0.0,0.0,nan,0.0,0.01234,0.02753,29.39399,1.99505,0.23571,0.64336,0.50564,0.74407,0.50124,0.50564
0.95371,6.9106,-7.34792,0.05231,-0.21352,-0.97554,0.98083,0.0,0.0,nan,0.0,0.00873,0.01936,33.70738,2.35253,0.23016,0.52336,0.68562,0.91303,0.42507,0.68562
0.91322,6.78626,11.40113,-0.00589,-0.37373,0.92752,0.99718,0.0,0.0,nan,0.0,0.01101,0.03175,27.73009,1.65996,0.23608,0.5709,0.6516,0.65091,0.60243,0.6516
1.08661,7.79897,12.06118,-0.00871,-0.2473,0.9689,0.9856,0.0,0.0,nan,0.0,0.00824,0.03858,33.21072,1.69443,0.23468,0.61834,0.72696,0.36626,0.59017,0.72696
1.07552,8.9481,-7.24693,0.1001,-0.07709,-0.99199,0.99636,0.0,0.0,nan,0.0,0.01047,0.02247,30.90447,1.81709,0.23281,0.54558,0.70775,0.90965,0.55033,0.70775
0.11794,9.35753,11.97195,-0.05964,0.01812,0.99806,0.99444,0.0,0.0,nan,0.0,0.01699,0.05132,35.67157,1.6519,0.24273,0.6662,0.69809,0.52489,0.60536,0.69809
1.05136,8.94837,12.39689,-0.0282,-0.04955,0.99837,0.95881,0.0,0.0,nan,0.0,0.00917,0.04791,35.08874,1.6519,0.2302,0.70594,0.85289,0.4274,0.60536,0.85289
0.56831,11.54466,-8.06987,0.05378,-0.30754,-0.95001,0.99068,0.0,0.0,nan,0.0,0.01401,0.03475,26.92525,1.6519,0.2481,0.43717,0.35079,0.99071,0.60536,0.35079
1.03472,10.94921,-7.58785,0.08051,-0.27036,-0.95939,0.99007,0.0,0.0,nan,0.0,0.0141,0.03586,29.72658,1.76469,0.22702,0.42561,0.5406,0.9861,0.56667,0.5406
0.71158,11.27254,11.69917,-0.03467,0.05715,0.99776,0.99789,0.0,0.0,nan,0.0,0.01692,0.03815,42.21496,1.72146,0.2314,0.62003,0.66062,0.74906,0.5809,0.66062
1.3973,10.80157,12.3825,-0.01198,0.05442,0.99845,0.99119,0.0,0.0,nan,0.0,0.01629,0.03655,42.04597,1.81709,0.22833,0.68682,0.77324,0.73449,0.55033,0.77324
0.99714,13.05425,-8.48165,0.04387,-0.14899,-0.98786,0.98225,0.0,0.0,nan,0.0,0.01574,0.03455,27.58244,1.94096,0.22868,0.515,0.2484,0.9485,0.51521,0.2484
1.59477,12.07922,-7.88864,0.07766,-0.28763,-0.95459,0.99494,0.0,0.0,nan,0.0,0.00954,0.02981,24.10737,1.71045,0.23733,0.34652,0.38233,1.0,0.58464,0.38233
0.87828,13.47649,11.64481,-0.03419,0.07755,0.9964,0.99657,0.0,0.0,nan,0.0,0.0132,0.03547,36.39466,1.67162,0.23737,0.56196,0.3685,0.69836,0.59822,0.3685
0.95591,12.70926,12.08591,-0.0277,0.04204,0.99873,0.99657,0.0,0.0,nan,0.0,0.01095,0.028,40.06123,2.22782,0.2299,0.54319,0.41753,0.75608,0.44887,0.41753
0.91935,14.90251,-8.37534,0.01836,-0.0889,-0.99587,0.99545,0.0,0.0,nan,0.0,0.01548,0.03871,30.91296,1.81709,0.22141,0.46873,0.35711,0.90809,0.55033,0.35711
0.0237,14.68233,-7.98057,0.05109,-0.05975,-0.99691,0.9717,0.0,0.0,nan,0.0,0.01196,0.03046,29.23369,1.6519,0.23302,0.4784,0.47973,0.87709,0.60536,0.47973
0.99873,14.96005,11.67531,-0.02985,0.18454,0.98237,0.99169,0.0,0.0,nan,0.0,0.00902,0.03258,37.90751,1.72195,0.2373,0.53159,0.4263,0.54839,0.58074,0.4263
0.06912,14.12623,12.0269,-0.03752,0.15043,0.98791,0.97718,0.0,0.0,nan,0.0,0.01321,0.04653,39.14978,1.66139,0.24897,0.55416,0.70056,0.53862,0.60191,0.70056
0.87604,16.97175,-8.7699,0.01922,-0.31546,-0.94874,0.9922,0.0,0.0,nan,0.0,0.01672,0.04394,34.64156,1.98826,0.22709,0.43826,0.57669,0.91819,0.50295,0.57669
1.17831,16.84776,11.40498,-0.00677,-0.06606,0.99779,0.99718,0.0,0.0,nan,0.0,0.00831,0.01973,29.46172,1.70264,0.22945,0.51465,0.54951,0.87375,0.58732,0.54951
0.66195,17.80772,12.08037,-0.00764,-0.10816,0.9941,0.97393,0.0,0.0,nan,0.0,0.00655,0.01669,29.83862,1.70663,0.22738,0.4931,0.50728,0.84936,0.58595,0.50728
0.97051,19.03972,-9.45185,0.05925,-0.12338,-0.99059,0.99626,0.0,0.0,nan,0.0,0.01051,0.02944,28.66265,1.95145,0.23109,0.4042,0.37202,0.94501,0.51244,0.37202
1.02436,19.13166,11.64205,-0.00519,-0.05309,0.99858,0.99657,0.0,0.0,nan,0.0,0.01245,0.02769,30.60158,1.83453,0.23417,0.54689,0.55201,0.87594,0.5451,0.55201
0.81376,18.28044,12.07509,-0.00708,-0.09954,0.99501,0.97099,0.0,0.0,nan,0.0,0.00827,0.01924,30.3676,1.71114,0.24167,0.5349,0.43835,0.85638,0.58441,0.43835
1.16991,21.80858,-10.02224,0.05191,-0.36351,-0.93014,0.99565,0.0,0.0,nan,0.0,0.01541,0.03632,29.82312,1.85553,0.23637,0.51328,0.47648,0.88233,0.53893,0.47648
0.9688,20.91141,-9.50553,0.07132,-0.20539,-0.97608,0.98286,0.0,0.0,nan,0.0,0.01262,0.0297,29.83145,1.90339,0.233,0.46046,0.36797,0.98472,0.52538,0.36797
1.12519,21.03469,11.47788,0.00061,-0.0386,0.99925,0.99098,0.0,0.0,nan,0.0,0.01487,0.0292,28.14954,1.81709,0.23857,0.56337,0.39878,0.96801,0.55033,0.39878
0.28685,20.08859,12.00068,-0.05736,0.01056,0.9983,0.98581,0.0,0.0,nan,0.0,0.01768,0.0324,29.99721,1.6519,0.23582,0.62195,0.67063,0.93586,0.60536,0.67063
0.98614,23.02225,-10.5952,0.03424,-0.34684,-0.9373,0.992,0.0,0.0,nan,0.0,0.00992,0.03041,23.49216,1.77705,0.23063,0.51174,0.81321,0.86739,0.56273,0.81321
1.65827,22.41742,-9.93934,0.02393,-0.41014,-0.91171,0.99535,0.0,0.0,nan,0.0,0.01689,0.0418,26.10963,1.66064,0.22542,0.50918,0.65482,0.85439,0.60218,0.65482
0.50775,22.90238,11.99662,-0.05528,0.01411,0.99837,0.97972,0.0,0.0,nan,0.0,0.01766,0.03912,25.33854,1.7205,0.24053,0.63362,0.37523,0.76888,0.58123,0.37523
1.24621,23.0909,12.18775,-0.02654,0.00942,0.9996,0.97109,0.0,0.0,nan,0.0,0.01294,0.03276,25.82348,1.82502,0.23975,0.55647,0.28191,0.76492,0.54794,0.28191
0.95473,25.01446,-10.87294,0.04628,-0.0827,-0.9955,0.99525,0.0,0.0,nan,0.0,0.01053,0.04382,29.2789,2.32013,0.22458,0.36887,0.42075,0.69567,0.43101,0.42075
0.77542,25.11932,11.21254,-0.13764,0.13752,0.98089,0.97028,0.0,0.0,nan,0.0,0.01175,0.03601,28.37011,1.88502,0.23567,0.59209,0.59647,0.58999,0.5305,0.59647
1.66192,24.25178,12.141,-0.08328,0.10546,0.99093,0.96957,0.0,0.0,nan,0.0,0.00903,0.03582,28.07475,1.6519,0.24247,0.4872,0.49698,0.55414,0.60536,0.49698
1.07403,26.95361,-11.0365,0.02672,-0.14305,-0.98935,0.99636,0.0,0.0,nan,0.0,0.00625,0.03679,34.60796,1.94011,0.22151,0.51337,0.90715,0.70361,0.51544,0.90715
0.93034,26.87618,11.48866,-0.11732,-0.16667,0.97901,0.9856,0.0,0.0,nan,0.0,0.01342,0.03365,22.86049,1.75656,0.23438,0.5367,0.4019,0.80801,0.5693,0.4019
1.29938,27.74202,12.09722,-0.08607,-0.16636,0.9823,0.9783,0.0,0.0,nan,0.0,0.01522,0.03909,27.47098,1.8927,0.23573,0.64665,0.67048,0.64614,0.52835,0.67048
0.40325,29.79718,-12.01793,0.06085,-0.0774,-0.99514,0.96815,0.0,0.0,nan,0.0,0.01438,0.04637,24.14388,1.89698,0.22517,0.51113,0.27618,0.65687,0.52715,0.27618
1.0106,28.89266,-11.65371,0.06016,-0.20741,-0.9764,0.98104,0.0,0.0,nan,0.0,0.0103,0.03784,31.08608,2.10769,0.21783,0.56497,0.77709,0.56168,0.47445,0.77709
1.45704,29.76401,11.98991,-0.06642,0.08152,0.99446,0.99667,0.0,0.0,nan,0.0,0.01279,0.03045,25.75567,2.15319,0.23014,0.60385,0.40325,0.74984,0.46443,0.40325
0.95905,28.97169,12.35607,-0.09722,-0.00306,0.99526,0.94937,0.0,0.0,nan,0.0,0.01285,0.03285,26.42247,1.6519,0.23076,0.55555,0.38434,0.75759,0.60536,0.38434
0.42291,30.1735,-12.04414,0.06825,-0.0283,-0.99727,0.9718,0.0,0.0,nan,0.0,0.01201,0.03917,22.05265,1.89517,0.23322,0.46008,0.35876,0.72687,0.52766,0.35876
1.05375,31.22689,-11.67692,0.11937,0.03432,-0.99226,0.99565,0.0,0.0,nan,0.0,0.00918,0.02661,21.22353,1.66547,0.23791,0.46457,0.46108,0.81285,0.60043,0.46108
0.91953,30.94898,11.6768,-0.06919,0.03743,0.9969,0.99362,0.0,0.0,nan,0.0,0.01294,0.02561,30.25941,1.81709,0.2294,0.58865,0.37931,0.9147,0.55033,0.37931
0.76772,31.60246,12.08076,-0.04401,-0.05637,0.99744,0.99555,0.0,0.0,nan,0.0,0.01145,0.02291,29.49689,2.23861,0.23196,0.53684,0.36893,0.99389,0.4467,0.36893
0.82086,33.82272,-12.00131,0.09378,-0.21869,-0.97128,0.99312,0.0,0.0,nan,0.0,0.01043,0.02773,21.41343,1.9092,0.22453,0.47908,0.58108,0.85824,0.52378,0.58108
0.94459,32.77406,-11.50104,0.11613,-0.11892,-0.98609,0.98794,0.0,0.0,nan,0.0,0.00761,0.02061,20.66324,1.86374,0.23247,0.43025,0.34012,0.94138,0.53656,0.34012
0.96923,32.43689,11.76615,-0.02051,-0.13,0.9913,0.99474,0.0,0.0,nan,0.0,0.00857,0.01904,26.55003,2.1552,0.23086,0.51479,0.63675,0.9402,0.46399,0.63675
1.03065,33.34997,12.16073,-0.02028,-0.132,0.99104,0.99647,0.0,0.0,nan,0.0,0.00813,0.02042,24.29838,1.85095,0.22871,0.47582,0.53634,0.90606,0.54026,0.53634
0.90648,35.03156,-12.27499,0.10573,-0.11701,-0.98749,0.97992,0.0,0.0,nan,0.0,0.00866,0.02399,16.88493,1.75091,0.23972,0.45289,0.60191,0.89172,0.57113,0.60191
0.50045,34.04763,-11.99926,0.0561,-0.22392,-0.97299,0.99728,0.0,0.0,nan,0.0,0.0118,0.03064,21.05897,1.85955,0.23521,0.5222,0.32509,0.80758,0.53776,0.32509
0.69909,35.31562,11.87394,-0.04025,-0.00346,0.99918,0.99829,0.0,0.0,nan,0.0,0.0168,0.03697,22.29065,2.05899,0.22265,0.62075,0.43682,0.79756,0.48568,0.43682
1.09162,34.8928,12.08727,-0.03405,-0.03093,0.99894,0.99687,0.0,0.0,nan,0.0,0.01681,0.0397,24.16381,1.98242,0.23559,0.60768,0.52124,0.75432,0.50443,0.52124
0.93964,36.64957,-12.26692,0.08152,0.02094,-0.99645,0.99484,0.0,0.0,nan,0.0,0.00741,0.0171,15.96729,1.87114,0.24165,0.5622,0.23689,0.86686,0.53443,0.23689
1.16051,37.64463,-11.66598,0.05978,-0.04345,-0.99727,0.96043,0.0,0.0,nan,0.0,0.00636,0.01912,14.90698,1.91423,0.22898,0.55994,0.74231,0.6736,0.5224,0.74231
0.7945,36.55888,11.93882,-0.02578,-0.00856,0.99963,0.99718,0.0,0.0,nan,0.0,0.01158,0.02574,23.17016,2.0784,0.22793,0.5029,0.33721,0.9717,0.48114,0.33721
0.98109,37.04438,12.10357,-0.01375,-0.045,0.99889,0.99819,0.0,0.0,nan,0.0,0.01143,0.02882,23.71568,1.75656,0.224,0.47817,0.32437,0.89925,0.56929,0.32437
1.05231,39.04461,-12.58686,0.0186,-0.20154,-0.9793,0.99545,0.0,0.0,nan,0.0,0.00307,0.01296,11.63474,2.0872,0.22777,0.59986,0.53629,0.46289,0.47911,0.53629
0.97595,38.18285,-11.76177,0.0371,-0.11582,-0.99258,0.96703,0.0,0.0,nan,0.0,0.005,0.0157,13.06924,3.22952,0.23337,0.55735,0.68355,0.65936,0.30964,0.68355
1.01151,38.13331,11.96115,-0.02854,-0.02899,0.99917,0.9988,0.0,0.0,nan,0.0,0.02184,0.04978,25.22299,1.90502,0.22195,0.62235,0.70826,0.76089,0.52493,0.70826
1.05767,38.95402,12.51582,-0.05574,0.03638,0.99778,0.97779,0.0,0.0,nan,0.0,0.00979,0.02767,28.24041,1.6519,0.2269,0.50324,0.72612,0.75266,0.60536,0.72612
0.9988,40.99538,-12.75465,0.01354,-0.08895,-0.99594,0.99586,0.04391,0.21954,0.51,1.0,0.00665,0.06461,6.4032,1.91036,0.23663,0.75254,0.83796,0.24964,0.52346,0.83796
0.73607,41.32386,11.61312,-0.15332,0.05442,0.98668,0.98083,0.0,0.0,nan,0.0,0.01159,0.03031,27.32448,1.85914,0.2305,0.50946,0.45834,0.80569,0.53788,0.45834
1.21434,40.61606,12.13953,-0.14371,0.09157,0.98537,0.99322,0.0,0.0,nan,0.0,0.00974,0.02913,27.76507,1.72225,0.2323,0.47394,0.35442,0.75617,0.58064,0.35442
1.01888,43.04315,-12.82177,0.0129,0.0017,-0.99992,0.9987,0.50932,0.8114,0.51,0.86634,0.04352,0.20254,4.6574,1.90786,0.21119,0.43337,0.83533,0.97483,0.52415,0.83533
0.93987,42.83971,11.76472,-0.14363,-0.13496,0.98039,0.98479,0.0,0.0,nan,0.0,0.0089,0.02476,24.95676,1.91917,0.23661,0.44138,0.70067,0.87961,0.52106,0.70067
1.01861,43.70711,12.02186,-0.13294,-0.12131,0.98367,0.99829,0.0,0.0,nan,0.0,0.01826,0.03859,25.53591,1.72098,0.23848,0.54946,0.45971,0.92853,0.58106,0.45971
1.02746,45.00594,-12.77116,0.00726,0.02775,-0.99959,0.9989,0.03626,0.18131,0.6,1.0,0.03522,0.18226,4.7875,2.00826,0.2124,0.4253,0.85688,0.97901,0.49794,0.85688
0.82976,45.49903,11.67667,-0.15037,0.09154,0.98438,0.99332,0.0,0.0,nan,0.0,0.0216,0.04913,29.03576,2.04332,0.23083,0.57515,0.7687,0.8692,0.4894,0.7687
1.0501,44.96836,12.40878,-0.12407,0.04825,0.9911,0.99383,0.0,0.0,nan,0.0,0.01498,0.03028,29.14783,1.6631,0.24342,0.53567,0.49406,0.98696,0.60129,0.49406
0.96187,47.02913,-12.6986,-0.02628,0.10087,-0.99455,0.99778,0.0025,0.01248,0.51,1.0,0.01547,0.07749,6.78034,2.0674,0.21681,0.35764,0.62402,0.72261,0.4837,0.62402
0.9398,47.20822,11.61941,-0.14176,0.02329,0.98963,0.97657,0.0,0.0,nan,0.0,0.01528,0.03288,27.68859,1.85496,0.24006,0.53863,0.33623,0.92526,0.53909,0.33623
1.10071,46.51433,12.22328,-0.13577,0.07465,0.98792,0.99606,0.0,0.0,nan,0.0,0.02129,0.04473,30.61812,1.87885,0.22795,0.56981,0.57705,0.89,0.53224,0.57705
1.01173,49.00549,-12.43687,-0.07667,0.11299,-0.99063,0.99778,0.0,0.0,nan,0.0,0.01144,0.03464,9.15322,2.09053,0.22995,0.48221,0.67545,0.8342,0.47835,0.67545
0.1764,49.79796,-11.92943,-0.04211,0.06953,-0.99669,0.99017,0.0,0.0,nan,0.0,0.01215,0.02981,10.54061,2.35796,0.22555,0.4863,0.38923,0.99686,0.4241,0.38923
0.93021,48.39576,11.97896,-0.11683,0.00126,0.99315,0.99839,0.0,0.0,nan,0.0,0.01171,0.03148,25.00822,1.87259,0.22243,0.55779,0.61777,0.72044,0.53402,0.61777
1.10327,49.08044,12.28003,-0.12249,0.03673,0.99179,0.99515,0.0,0.0,nan,0.0,0.01188,0.02878,21.95563,3.37928,0.24554,0.58376,0.75298,0.77914,0.29592,0.75298
1.06918,51.04457,-12.27208,-0.064,0.01543,-0.99783,0.9987,0.02955,0.03272,0.51,0.78022,0.01245,0.03658,9.65082,1.71536,0.23689,0.49938,0.32296,0.82307,0.58297,0.32296
0.21335,50.31332,-11.91057,-0.0419,0.03691,-0.99844,0.9918,0.0,0.0,nan,0.0,0.01268,0.03164,10.48461,2.09381,0.22854,0.52009,0.36481,0.91762,0.4776,0.36481
1.01186,51.14372,11.81617,-0.13831,0.13547,0.98108,0.99504,0.0,0.0,nan,0.0,0.01105,0.03222,25.36434,1.71717,0.23396,0.43531,0.48491,0.84963,0.58235,0.48491
1.4124,50.11636,12.04102,-0.1523,0.10105,0.98316,0.9988,0.0,0.0,nan,0.0,0.01187,0.03048,22.37849,1.71444,0.22871,0.48577,0.64218,0.87351,0.58328,0.64218
0.98859,53.00356,-12.29793,-0.0109,0.02573,-0.99961,0.9985,0.14497,0.17245,0.6,0.79979,0.02564,0.07338,7.74653,1.88066,0.22484,0.44634,0.54681,0.98483,0.53173,0.54681
0.99385,52.88554,11.43153,-0.10973,-0.07591,0.99106,0.98185,0.0,0.0,nan,0.0,0.00797,0.02303,24.43193,2.10322,0.23518,0.37937,0.26445,0.98612,0.47546,0.26445
1.23333,53.8133,12.08128,-0.107,-0.07526,0.99141,0.99393,0.0,0.0,nan,0.0,0.00954,0.025,23.03944,1.68739,0.23551,0.44515,0.3028,0.93187,0.59263,0.3028
0.99863,54.99472,-12.13853,-0.00643,0.07045,-0.99749,0.9988,0.04464,0.1858,0.51,0.98743,0.07362,0.24586,6.41176,1.94809,0.22049,0.54205,0.83282,0.986,0.51332,0.83282
0.79069,55.27577,11.81501,-0.09164,0.08209,0.9924,0.99413,0.0,0.0,nan,0.0,0.01055,0.02653,26.045,1.87882,0.23018,0.45183,0.31201,0.94829,0.53225,0.31201
1.13323,54.83435,12.11594,-0.08992,0.01842,0.99578,0.98723,0.0,0.0,nan,0.0,0.0084,0.0255,25.66391,2.1979,0.23156,0.38384,0.33589,0.92481,0.45498,0.33589
0.97551,56.64881,-12.0632,-0.01648,0.08461,-0.99628,0.9989,0.0,0.0,nan,0.0,0.06925,0.18685,6.46856,2.08496,0.22874,0.48641,0.70371,0.99754,0.47963,0.70371
0.98869,57.59686,-11.97823,-0.0182,0.09324,-0.99548,0.9989,0.01211,0.06056,0.51,1.0,0.04518,0.12695,7.16835,1.73375,0.23729,0.45744,0.66251,0.99508,0.57678,0.66251
1.01979,57.05407,11.38975,-0.09437,0.08195,0.99216,0.9856,0.0,0.0,nan,0.0,0.00996,0.02747,29.80008,1.81709,0.23642,0.40499,0.54369,0.95527,0.55033,0.54369
1.69401,56.19715,12.0851,-0.07298,0.14981,0.98602,0.99322,0.0,0.0,nan,0.0,0.01078,0.02859,27.96371,1.99664,0.21953,0.45397,0.59802,0.89048,0.50084,0.59802
0.99513,59.01947,-11.87249,-0.0218,0.10868,-0.99384,0.9989,0.0,0.0,nan,0.0,0.02276,0.09565,8.53913,2.66335,0.22584,0.51273,0.845,0.82286,0.37547,0.845
0.87298,58.63635,11.51666,-0.1057,-0.02355,0.99412,0.99789,0.0,0.0,nan,0.0,0.00774,0.0208,24.4601,3.57808,0.244,0.48053,0.52146,0.8382,0.27948,0.52146
1.30492,59.49567,12.09721,-0.08412,-0.00276,0.99645,0.97657,0.0,0.0,nan,0.0,0.00802,0.02368,24.3794,1.71235,0.24163,0.4984,0.38345,0.7355,0.58399,0.38345
1.02303,61.0019,-11.59129,-0.02926,0.11306,-0.99316,0.9989,0.0,0.0,nan,0.0,0.01169,0.08987,10.12824,1.66686,0.22178,0.58408,0.95416,0.76934,0.59993,0.95416
0.93235,61.00699,11.68865,-0.0939,0.12624,0.98755,0.98743,0.0,0.0,nan,0.0,0.01262,0.03595,24.23441,1.88807,0.22975,0.60759,0.50109,0.62564,0.52964,0.50109
1.51567,60.13921,12.06986,-0.08099,0.05306,0.9953,0.97424,0.0,0.0,nan,0.0,0.0072,0.02115,23.07204,1.81709,0.23619,0.51922,0.42208,0.71224,0.55033,0.42208
1.00067,62.98979,-11.37252,-0.04477,0.08293,-0.99555,0.9989,0.03673,0.18365,0.51,1.0,0.01112,0.12367,9.74603,2.04274,0.22117,0.59673,0.99885,0.89193,0.48954,0.99885
1.04619,63.05252,11.27379,-0.07677,0.0479,0.9959,0.9986,0.0,0.0,nan,0.0,0.00789,0.02626,28.02703,1.67783,0.23678,0.43672,0.70233,0.73736,0.59601,0.70233
0.97886,65.00761,-11.22905,-0.0646,0.07279,-0.99525,0.9989,0.06688,0.33441,0.51,1.0,0.04667,0.21131,10.03306,1.86979,0.21543,0.59487,0.92335,1.0,0.53482,0.92335
0.95653,65.08327,11.2297,-0.02707,0.12689,0.99155,0.99535,0.0,0.0,nan,0.0,0.00939,0.028,33.71134,1.71921,0.24756,0.41086,0.41192,0.86479,0.58166,0.41192
0.98734,67.01366,-11.09229,-0.07744,0.09272,-0.99268,0.9989,0.02257,0.11285,0.51,1.0,0.04138,0.18561,9.74369,1.9627,0.2116,0.53089,0.90434,1.0,0.5095,0.90434
0.98911,67.07043,10.865,-0.03216,0.03235,0.99896,0.99413,0.0,0.0,nan,0.0,0.01335,0.03275,33.51927,1.71965,0.23544,0.49804,0.68255,0.86712,0.58152,0.68255
0.98782,69.00668,-10.89372,-0.05769,0.11719,-0.99143,0.9989,0.00155,0.00773,0.51,1.0,0.0484,0.12359,9.74459,1.74288,0.22849,0.47205,0.73194,1.0,0.57376,0.73194
0.95255,68.90861,11.2152,-0.03189,-0.01718,0.99934,0.99038,0.0,0.0,nan,0.0,0.00909,0.03273,30.85981,1.85952,0.2386,0.38133,0.34864,0.77588,0.53777,0.34864
0.98265,70.99463,-10.61043,-0.00132,0.17856,-0.98393,0.9986,0.0,0.0,nan,0.0,0.02979,0.08704,11.29535,1.9219,0.22019,0.41466,0.60528,0.97147,0.52032,0.60528
1.02249,71.005,10.71622,-0.08326,0.13189,0.98776,0.99657,0.0,0.0,nan,0.0,0.01689,0.0573,37.63254,1.70523,0.22806,0.43706,0.42725,0.71029,0.58643,0.42725
0.86406,72.76098,-10.19079,0.04993,0.21146,-0.97611,0.9989,0.01125,0.05624,0.7,1.0,0.02531,0.07505,12.89823,1.75529,0.22109,0.40526,0.61141,0.96138,0.56971,0.61141
1.37651,73.49023,-9.8904,0.07912,0.23498,-0.96878,0.9989,0.0,0.0,nan,0.0,0.01682,0.05557,12.98247,2.22022,0.20918,0.39293,0.72538,0.88921,0.45041,0.72538
1.00129,73.1005,10.66423,-0.09351,0.10025,0.99056,0.9987,0.0,0.0,nan,0.0,0.01993,0.07445,43.96412,2.28759,0.22677,0.41699,0.44356,0.67107,0.43714,0.44356
0.19065,74.05825,-10.01055,0.05581,0.22231,-0.97338,0.9988,0.0,0.0,nan,0.0,0.01429,0.05243,11.45314,2.0635,0.20929,0.32935,0.50916,0.97201,0.48461,0.50916
0.99699,75.03295,-9.68388,0.09888,0.25902,-0.9608,0.9989,0.00963,0.04816,0.7,1.0,0.01229,0.04698,11.97771,1.99967,0.20893,0.34184,0.46624,0.89335,0.50008,0.46624
1.76905,75.21913,9.79764,-0.00996,0.15595,0.98771,0.98895,0.0,0.0,nan,0.0,0.01724,0.04912,41.92738,1.70475,0.23871,0.43737,0.53729,0.84063,0.5866,0.53729
1.05917,74.95387,10.33434,-0.049,0.13828,0.98918,0.99829,0.0,0.0,nan,0.0,0.01837,0.05044,43.3143,2.74763,0.23891,0.4499,0.58966,0.84695,0.36395,0.58966
1.10253,77.01529,-9.20852,0.12553,0.34507,-0.93014,0.9985,0.0,0.0,nan,0.0,0.00508,0.0273,8.77303,2.0033,0.22075,0.32505,0.51031,0.70288,0.49918,0.51031
0.81776,77.27641,9.77994,-0.02687,0.29755,0.95433,0.99728,0.0,0.0,nan,0.0,0.01497,0.06808,34.60675,2.36734,0.2209,0.56323,0.54909,0.41286,0.42242,0.54909
1.28413,76.65449,10.37159,-0.02079,0.24226,0.96999,0.98774,0.0,0.0,nan,0.0,0.00756,0.03499,37.38098,1.82901,0.23619,0.48625,0.59272,0.46812,0.54674,0.59272
1.01892,78.73751,-8.38685,0.11269,0.44585,-0.88799,0.99626,0.0,0.0,nan,0.0,0.00806,0.03528,7.2612,1.76914,0.23576,0.55413,0.44828,0.5259,0.56525,0.44828
1.09409,79.67342,-7.83726,0.08277,0.52977,-0.84409,0.99444,0.0,0.0,nan,0.0,0.00798,0.03877,6.68787,1.7869,0.22719,0.53466,0.6546,0.49987,0.55963,0.6546
1.04027,79.06226,9.36452,-0.01942,0.29451,0.95545,0.99575,0.0,0.0,nan,0.0,0.01506,0.04117,28.74717,2.35271,0.22316,0.44552,0.47281,0.87838,0.42504,0.47281
1.07895,80.85671,-6.84391,0.03206,0.68499,-0.72785,0.99657,0.0,0.0,nan,0.0,0.01002,0.09672,5.96351,1.90691,0.22898,0.67772,0.88522,0.35995,0.52441,0.88522
1.02483,81.8336,-5.74398,0.02919,0.80836,-0.58797,0.99545,0.0,0.0,nan,0.0,0.00483,0.04008,4.50809,1.90135,0.23071,0.29733,0.52269,0.58495,0.52594,0.52269
0.91327,81.04568,9.01404,-0.06862,0.39258,0.91716,0.95597,0.0,0.0,nan,0.0,0.01169,0.03203,23.33496,2.38323,0.22816,0.45158,0.4446,0.87776,0.4196,0.4446
1.01111,82.49319,-4.77665,0.04595,0.87397,-0.48381,0.99728,0.01736,0.0868,0.6,1.0,0.00907,0.07823,4.52783,1.8406,0.22483,0.24279,0.46118,0.68817,0.5433,0.46118
1.01903,83.21107,-3.01854,0.065,0.94753,-0.31298,0.99778,0.0,0.0,nan,0.0,0.00715,0.13381,8.74258,1.8994,0.2291,0.14551,0.44564,0.45114,0.52648,0.44564
1.05676,83.70311,-0.95883,0.08698,0.98261,-0.16403,0.99839,0.0,0.0,nan,0.0,0.03079,0.18021,12.86856,2.56606,0.22595,0.24357,0.51863,0.8106,0.3897,0.51863
1.11726,83.91586,0.96751,0.09387,0.99452,-0.04604,0.9987,0.0,0.0,nan,0.0,0.06405,0.22428,14.51985,2.55132,0.22825,0.34002,0.69532,0.95554,0.39195,0.69532
1.01278,83.86849,3.05852,0.06916,0.99473,0.07573,0.9989,0.0,0.0,nan,0.0,0.02732,0.22944,10.62175,2.10635,0.23117,0.41632,0.89535,0.63548,0.47475,0.89535
0.98352,83.62238,5.01181,0.04462,0.96926,0.24194,0.99728,0.0,0.0,nan,0.0,0.01233,0.08157,8.10525,1.85058,0.23042,0.30236,0.45643,0.62343,0.54037,0.45643
0.9481,82.91666,7.09777,-0.02221,0.8593,0.51099,0.97677,0.0,0.0,nan,0.0,0.00879,0.06586,12.50894,2.00778,0.2374,0.52868,0.55704,0.29273,0.49806,0.55704
1.0695,82.26894,8.30123,-0.05748,0.65519,0.75328,0.92135,0.0,0.0,nan,0.0,0.00798,0.03951,23.43452,1.81709,0.23927,0.52012,0.54357,0.42167,0.55033,0.54357
0.42888,84.00329,1.55722,0.08426,0.99641,-0.00788,0.9985,0.0,0.0,nan,0.0,0.05725,0.22869,13.41655,2.54006,0.2247,0.3497,0.76648,0.86835,0.39369,0.76648
0.94434,84.00452,2.18431,0.08257,0.99628,0.02463,0.9985,0.0,0.0,nan,0.0,0.03356,0.24318,12.28724,2.18598,0.2245,0.39733,0.89275,0.74352,0.45746,0.89275
3.0155,1.93701,-4.14713,-0.0082,-0.83511,-0.55002,0.97698,0.05918,0.2959,0.51,1.0,0.0043,0.05238,16.07531,1.73657,0.23587,0.48607,0.79633,0.22289,0.57585,0.79633
2.96516,1.4356,-3.04349,-0.03263,-0.93875,-0.34304,0.99464,0.00852,0.04261,0.6,1.0,0.02954,0.13578,4.74398,2.10294,0.22814,0.32075,0.4439,0.96432,0.47552,0.4439
3.00471,1.00576,-1.01579,-0.06694,-0.99496,-0.07467,0.99677,0.02522,0.1261,0.51,1.0,0.017,0.06938,4.15977,1.6519,0.23491,0.36325,0.5583,0.99896,0.60536,0.5583
2.97562,1.16426,1.00588,-0.05807,-0.99165,0.11518,0.99778,0.21522,0.21522,0.51,0.6835,0.02353,0.09174,3.79374,2.04022,0.21559,0.39164,0.63359,1.0,0.49014,0.63359
3.02115,1.51303,3.02567,-0.04963,-0.9831,0.17624,0.9987,0.38307,0.38307,0.6,0.66166,0.03562,0.17628,4.27991,2.02191,0.2162,0.30184,0.74511,0.98224,0.49458,0.74511
3.03996,1.84827,4.8444,-0.0412,-0.97533,0.21688,0.9989,0.05513,0.27565,0.6,1.0,0.00356,0.04987,9.35714,1.85034,0.23732,0.72731,0.94872,0.32759,0.54044,0.94872
2.20143,3.82506,-6.07455,0.03144,-0.46791,-0.88322,0.98672,0.0,0.0,nan,0.0,0.00545,0.01958,25.79654,2.16958,0.23153,0.65016,0.81403,0.57992,0.46092,0.81403
3.04137,2.80002,-5.34999,-0.00218,-0.64732,-0.76222,0.97393,0.00663,0.03315,0.51,1.0,0.00215,0.02475,18.55302,1.66552,0.23136,0.65842,0.92897,0.34241,0.60041,0.92897
2.97611,2.02899,5.79891,-0.02414,-0.98202,0.18724,0.9987,0.01923,0.09617,0.6,1.0,0.00293,0.02593,10.08078,1.88921,0.22111,0.61777,0.94239,0.5711,0.52932,0.94239
2.99496,2.45775,7.00902,0.01054,-0.99078,0.1351,0.99839,0.0,0.0,nan,0.0,0.00592,0.03331,11.12918,1.86614,0.23768,0.70462,0.91199,0.61776,0.53587,0.91199
2.9763,2.387,9.0841,0.07574,-0.90725,0.41373,0.91821,0.0,0.0,nan,0.0,0.01744,0.07003,16.63156,1.81709,0.24811,0.77869,0.60831,0.35825,0.55033,0.60831
2.99725,3.40417,10.41887,0.05857,-0.5416,0.83859,0.90714,0.0,0.0,nan,0.0,0.01696,0.0384,27.43819,1.81709,0.24089,0.7521,0.56924,0.63003,0.55033,0.56924
2.91659,5.07609,-6.54329,0.03137,-0.41747,-0.90815,0.99738,0.0,0.0,nan,0.0,0.00465,0.02107,29.37899,1.89538,0.2295,0.68854,0.90156,0.6645,0.5276,0.90156
3.15047,4.38451,-5.66781,0.01382,-0.43352,-0.90104,0.99748,0.0,0.0,nan,0.0,0.00676,0.02564,28.61199,1.87953,0.22791,0.72744,0.86429,0.61163,0.53205,0.86429
3.08404,5.08223,10.77114,0.00435,-0.3566,0.93425,0.9986,0.0,0.0,nan,0.0,0.01677,0.02819,25.442,1.7399,0.24027,0.64748,0.4656,0.9908,0.57475,0.4656
2.95391,6.7797,-7.37279,0.0607,-0.21942,-0.97374,0.97129,0.0,0.0,nan,0.0,0.00787,0.01837,31.30775,1.6519,0.23683,0.57328,0.50337,0.79485,0.60536,0.50337
3.0119,6.60289,11.68843,0.04943,-0.33409,0.94124,0.98581,0.0,0.0,nan,0.0,0.01638,0.03354,27.27934,1.81709,0.23271,0.55658,0.45795,0.94181,0.55033,0.45795
2.24315,7.92016,12.04344,0.05447,-0.24678,0.96754,0.97434,0.00215,0.01073,0.7,1.0,0.01586,0.04988,32.21785,1.90824,0.23379,0.61036,0.47036,0.55321,0.52404,0.47036
2.75812,8.95579,-6.83309,0.03842,-0.05046,-0.99799,0.98083,0.0,0.0,nan,0.0,0.01648,0.02979,27.17724,1.81709,0.2398,0.60756,0.56912,0.97777,0.55033,0.56912
3.20746,9.30585,11.80096,0.1716,0.00113,0.98517,0.99799,0.0,0.0,nan,0.0,0.01863,0.04322,30.94705,1.82897,0.23231,0.63215,0.62698,0.72613,0.54676,0.62698
2.7273,8.79757,12.03944,0.1279,-0.07018,0.9893,0.98621,0.0,0.0,nan,0.0,0.02031,0.04587,31.50399,2.02059,0.23246,0.67748,0.62441,0.69516,0.4949,0.62441
2.88775,11.107,-7.20323,0.02053,-0.30839,-0.95104,0.98154,0.0,0.0,nan,0.0,0.01354,0.03867,25.86045,1.72939,0.25088,0.38287,0.36429,0.98544,0.57824,0.36429
3.11637,11.10621,11.63184,0.14514,0.01216,0.98934,0.99332,0.0,0.0,nan,0.0,0.0138,0.03047,34.25108,1.93783,0.23189,0.57313,0.68824,0.83626,0.51604,0.68824
2.22045,10.76213,12.2463,0.0442,0.04242,0.99812,0.98408,0.0,0.0,nan,0.0,0.01271,0.03988,37.23564,2.21683,0.23693,0.64622,0.84285,0.739,0.45109,0.84285
2.88258,13.14193,-8.30788,0.08501,-0.1536,-0.98447,0.9918,0.0,0.0,nan,0.0,0.01033,0.02643,26.95487,1.85052,0.22581,0.42414,0.29032,0.98981,0.54039,0.29032
2.88012,12.2819,-7.85353,0.05747,-0.24884,-0.96684,0.99332,0.0,0.0,nan,0.0,0.01056,0.02927,24.4578,1.74628,0.23679,0.39014,0.35264,1.0,0.57264,0.35264
3.04921,12.67533,11.85194,0.03634,0.01204,0.99927,0.99738,0.0,0.0,nan,0.0,0.01017,0.03476,29.89296,1.69781,0.23649,0.47643,0.75857,0.67359,0.58899,0.75857
2.97209,13.08115,12.12824,0.00998,0.02493,0.99964,0.98601,0.0,0.0,nan,0.0,0.00884,0.03898,31.78325,1.6519,0.24023,0.44798,0.77069,0.57602,0.60536,0.77069
2.98993,14.94623,-8.49843,0.06709,-0.15822,-0.98512,0.99667,0.0,0.0,nan,0.0,0.01447,0.03156,29.9016,1.71864,0.2262,0.49206,0.37323,0.99432,0.58185,0.37323
3.46845,15.4952,-7.84617,0.06475,-0.22106,-0.97311,0.94125,0.0,0.0,nan,0.0,0.01265,0.03121,29.00654,1.6519,0.22494,0.46777,0.43527,0.92622,0.60536,0.43527
2.97743,14.85601,11.66776,-0.06681,0.17897,0.98158,0.99758,0.0,0.0,nan,0.0,0.01778,0.06833,27.37153,1.87454,0.22857,0.58093,0.39215,0.48066,0.53346,0.39215
3.81506,14.08044,12.04951,-0.02377,0.06392,0.99767,0.98022,0.0,0.0,nan,0.0,0.01315,0.04102,23.1582,1.66293,0.22757,0.46399,0.39355,0.7504,0.60135,0.39355
2.95828,16.8409,-8.993,0.02836,-0.31453,-0.94882,0.99261,0.0,0.0,nan,0.0,0.0228,0.04828,30.75404,1.81709,0.22858,0.55953,0.34851,0.89883,0.55033,0.34851
3.03428,17.11503,11.06989,-0.0404,-0.07788,0.99614,0.96754,0.0,0.0,nan,0.0,0.0139,0.0364,32.1586,2.90914,0.23618,0.64515,0.38201,0.62849,0.34374,0.38201
2.91647,19.10463,-9.5473,0.05395,-0.10346,-0.99317,0.98845,0.0,0.0,nan,0.0,0.01374,0.02983,32.62708,1.81709,0.2334,0.50157,0.50548,0.97441,0.55033,0.50548
3.16577,19.03646,11.99353,0.00123,-0.03143,0.99951,0.97972,0.0,0.0,nan,0.0,0.0143,0.0353,40.37893,2.18985,0.23544,0.70449,0.70839,0.60369,0.45665,0.70839
3.15041,18.99172,12.01732,-0.0004,-0.03597,0.99935,0.97941,0.0,0.0,nan,0.0,0.01382,0.03438,40.42502,2.2052,0.23343,0.69916,0.69195,0.60321,0.45347,0.69195
2.97245,21.03826,-9.47648,0.02686,-0.2725,-0.96178,0.9788,0.0,0.0,nan,0.0,0.01265,0.0277,30.38287,2.19104,0.22701,0.51424,0.48014,0.94642,0.4564,0.48014
2.95482,21.01209,11.51498,0.09302,-0.0139,0.99557,0.9919,0.0,0.0,nan,0.0,0.01251,0.02708,34.48556,1.83085,0.2299,0.54377,0.609,0.89847,0.54619,0.609
3.92425,20.11815,12.05065,0.05499,0.09542,0.99392,0.98175,0.0,0.0,nan,0.0,0.01084,0.03266,36.80711,1.94965,0.23209,0.59473,0.64638,0.58856,0.51291,0.64638
3.04489,22.97293,-10.77712,0.04672,-0.30853,-0.95007,0.96104,0.0,0.0,nan,0.0,0.01161,0.0316,25.05365,1.72926,0.23495,0.42926,0.48394,0.9243,0.57828,0.48394
2.75017,22.30121,-9.79676,0.004,-0.39969,-0.91664,0.99261,0.0,0.0,nan,0.0,0.02119,0.05571,27.70961,1.87053,0.23247,0.5038,0.43298,0.80963,0.53461,0.43298
3.11487,22.53353,11.45703,0.07497,-0.12044,0.98989,0.9922,0.0,0.0,nan,0.0,0.01014,0.02492,28.43077,1.6519,0.23486,0.50054,0.29755,0.87033,0.60536,0.29755
2.93969,23.35335,12.28217,0.01846,-0.06963,0.9974,0.95434,0.0,0.0,nan,0.0,0.00941,0.02678,29.51628,2.0837,0.23031,0.46837,0.26349,0.80088,0.47992,0.26349
3.04349,25.00222,-10.85699,0.11155,-0.04307,-0.99282,0.98662,0.0,0.0,nan,0.0,0.0139,0.03854,30.65305,1.72722,0.23198,0.52751,0.42991,0.72835,0.57896,0.42991
3.0594,25.25588,11.55491,-0.06803,0.06359,0.99565,0.98895,0.0,0.0,nan,0.0,0.01273,0.03718,34.59044,1.81709,0.22558,0.51772,0.65495,0.69938,0.55033,0.65495
2.98974,24.44568,12.35408,-0.04073,0.04906,0.99797,0.95576,0.0,0.0,nan,0.0,0.01095,0.02936,32.6051,1.94497,0.23149,0.56141,0.57472,0.70498,0.51415,0.57472
3.0085,26.98353,-11.07694,0.13211,-0.18657,-0.97352,0.99616,0.0,0.0,nan,0.0,0.01773,0.03711,35.34106,2.07379,0.22543,0.56579,0.68944,0.89195,0.48221,0.68944
3.19899,26.88683,11.45725,-0.04727,-0.0936,0.99449,0.97373,0.0,0.0,nan,0.0,0.01592,0.04382,26.76494,3.3617,0.23977,0.60032,0.62374,0.65029,0.29747,0.62374
2.62157,27.71482,12.075,-0.03934,-0.13524,0.99003,0.98997,0.0,0.0,nan,0.0,0.00968,0.04344,26.77209,2.17258,0.22867,0.6614,0.8708,0.59009,0.46028,0.8708
2.98605,29.04429,-11.30671,0.11846,-0.13338,-0.98396,0.99545,0.0,0.0,nan,0.0,0.00874,0.02766,30.77353,1.93255,0.22928,0.52739,0.67555,0.63782,0.51745,0.67555
2.9664,29.53308,11.80791,-0.04546,0.03708,0.99828,0.99707,0.0,0.0,nan,0.0,0.00967,0.02761,25.05163,2.16286,0.23357,0.55211,0.43304,0.68476,0.46235,0.43304
3.04414,28.89118,12.2769,-0.02865,-0.01659,0.99945,0.99139,0.0,0.0,nan,0.0,0.01085,0.03323,23.83338,1.6519,0.23429,0.50593,0.37679,0.69956,0.60536,0.37679
2.98669,31.00139,-11.26811,0.10243,0.05307,-0.99332,0.99454,0.0,0.0,nan,0.0,0.0046,0.01519,21.68813,1.88556,0.23308,0.40008,0.56792,0.82704,0.53035,0.56792
2.95709,31.23289,11.43929,-0.07431,0.04251,0.99633,0.96175,0.0,0.0,nan,0.0,0.01311,0.03308,29.86125,2.1041,0.23235,0.55946,0.55981,0.75602,0.47526,0.55981
3.7766,30.2328,12.08451,-0.118,0.0527,0.99161,0.99728,0.0,0.0,nan,0.0,0.01235,0.03704,24.24586,1.6519,0.23417,0.55442,0.49987,0.651,0.60536,0.49987
2.07294,33.92581,-12.04144,0.16847,-0.22821,-0.95893,0.99647,0.0,0.0,nan,0.0,0.01297,0.03272,22.50325,1.80875,0.23237,0.53922,0.44661,0.80066,0.55287,0.44661
3.03464,32.96247,-11.18851,0.0823,-0.13975,-0.98676,0.97454,0.0,0.0,nan,0.0,0.0064,0.01718,25.56242,1.85774,0.23064,0.41127,0.55524,0.97639,0.53829,0.55524
2.8309,32.88842,11.68467,-0.03833,-0.1145,0.99268,0.99362,0.0,0.0,nan,0.0,0.00989,0.02598,25.40343,2.05613,0.23028,0.50023,0.49654,0.82088,0.48635,0.49654
2.7661,33.82619,12.05348,-0.02205,-0.09186,0.99553,0.99839,0.0,0.0,nan,0.0,0.00858,0.02419,22.9432,1.89367,0.22695,0.45145,0.64369,0.85403,0.52808,0.64369
2.35641,35.20338,-12.23395,0.1719,-0.10623,-0.97937,0.98256,0.0,0.0,nan,0.0,0.0146,0.03137,16.95136,2.63575,0.23101,0.60336,0.39813,0.86256,0.3794,0.39813
3.12876,34.85975,-11.70054,0.10429,-0.14784,-0.9835,0.99575,0.0,0.0,nan,0.0,0.00812,0.02147,18.70673,1.8635,0.23674,0.55501,0.5051,0.75471,0.53663,0.5051
3.70709,35.48771,11.72428,-0.03351,0.03308,0.99889,0.99352,0.0,0.0,nan,0.0,0.01558,0.03569,26.29195,1.6519,0.23585,0.5278,0.50219,0.89026,0.60536,0.50219
2.98164,34.94885,12.12029,-0.00507,0.00136,0.99999,0.99829,0.0,0.0,nan,0.0,0.00818,0.02318,23.75322,1.74583,0.2192,0.45156,0.71603,0.84742,0.57279,0.71603
2.6164,36.40897,-12.00663,0.11844,-0.04351,-0.99201,0.99647,0.0,0.0,nan,0.0,0.00739,0.01767,16.9199,1.90339,0.2256,0.54996,0.41394,0.8503,0.52538,0.41394
3.05547,37.18898,-11.7857,0.08456,-0.08306,-0.99295,0.99078,0.0,0.0,nan,0.0,0.00558,0.01587,15.5126,3.43315,0.23048,0.55934,0.73729,0.70928,0.29128,0.73729
3.23214,37.24071,11.95333,0.01086,-0.05057,0.99866,0.99545,0.0,0.0,nan,0.0,0.01176,0.02864,26.83679,1.6519,0.22983,0.48387,0.55072,0.91156,0.60536,0.55072
2.61896,36.71974,12.07485,0.0203,-0.00959,0.99975,0.99758,0.0,0.0,nan,0.0,0.01147,0.03127,26.99668,2.04674,0.22565,0.47995,0.4648,0.82066,0.48858,0.4648
3.00508,38.98605,-12.53551,0.04643,-0.22939,-0.97223,0.99596,0.0,0.0,nan,0.0,0.00417,0.01754,12.21898,1.73095,0.23455,0.66525,0.75492,0.42233,0.57772,0.75492
2.9744,38.13149,-11.80007,0.06406,-0.16676,-0.98392,0.9853,0.0,0.0,nan,0.0,0.00397,0.01397,13.54412,3.46899,0.23886,0.51371,0.65848,0.63514,0.28827,0.65848
3.06097,38.45586,11.66027,0.006,-0.07712,0.997,0.98043,0.0,0.0,nan,0.0,0.01004,0.02519,30.54795,1.66877,0.22569,0.62027,0.8204,0.88409,0.59924,0.8204
2.98151,39.01677,12.53967,-0.01986,-0.07022,0.99733,0.99444,0.0,0.0,nan,0.0,0.0124,0.02698,30.16689,1.6519,0.23788,0.62897,0.63755,0.77941,0.60536,0.63755
2.97023,41.04019,-12.68712,0.04883,-0.0753,-0.99596,0.99819,0.01407,0.07033,0.51,1.0,0.00979,0.1079,6.41935,1.86803,0.23898,0.81262,0.85608,0.22169,0.53532,0.85608
2.78124,41.05446,11.69966,-0.13082,0.03419,0.99082,0.98043,0.0,0.0,nan,0.0,0.01384,0.02792,28.97538,1.84808,0.23117,0.60863,0.47113,0.87063,0.5411,0.47113
3.29994,40.9019,12.09055,-0.1039,0.0152,0.99447,0.99586,0.0,0.0,nan,0.0,0.01037,0.02307,28.41634,1.91055,0.22,0.58152,0.70568,0.82701,0.52341,0.70568
3.00373,42.98028,-12.71793,0.04912,-0.00332,-0.99879,0.9986,0.26724,0.54513,0.51,0.9093,0.02047,0.12919,3.9534,1.89128,0.21344,0.3767,0.86088,0.98172,0.52874,0.86088
3.18046,42.14314,11.99835,-0.09932,-0.02229,0.99481,0.98916,0.0,0.0,nan,0.0,0.014,0.03192,29.48985,1.6519,0.22679,0.57888,0.6153,0.8093,0.60536,0.6153
3.06583,43.0152,12.22155,-0.0636,-0.07903,0.99484,0.99839,0.0,0.0,nan,0.0,0.01171,0.02654,28.70444,1.84965,0.24495,0.59344,0.42428,0.79515,0.54064,0.42428
2.94493,45.02707,-12.71889,0.04513,0.01968,-0.99879,0.99809,0.06272,0.31359,0.51,1.0,0.02994,0.15008,4.38939,1.89802,0.21454,0.40968,0.82884,0.94801,0.52686,0.82884
3.76536,45.34982,11.82138,-0.04724,0.02657,0.99853,0.98703,0.0,0.0,nan,0.0,0.01295,0.02793,28.86889,1.6519,0.22846,0.54611,0.6515,0.90763,0.60536,0.6515
3.0801,45.02864,12.7586,-0.07217,0.02781,0.997,0.98368,0.0,0.0,nan,0.0,0.01499,0.02824,28.32746,2.05971,0.2289,0.58787,0.4935,0.96693,0.48551,0.4935
3.0219,47.00946,-12.6569,0.0349,0.04834,-0.99822,0.99748,0.01861,0.09305,0.51,1.0,0.02964,0.11611,5.02117,1.9467,0.22193,0.38201,0.6203,0.93436,0.51369,0.6203
3.4725,47.38249,11.88966,-0.11198,-0.01297,0.99363,0.98246,0.0,0.0,nan,0.0,0.00615,0.02324,28.05667,2.05257,0.22142,0.52621,0.82979,0.72393,0.4872,0.82979
3.00056,46.94498,12.37094,-0.10943,0.02824,0.99359,0.9987,0.0,0.0,nan,0.0,0.00589,0.02332,29.10967,1.99791,0.22327,0.54421,0.86668,0.79145,0.50052,0.86668
2.93609,49.03174,-12.54455,-0.01275,0.0765,-0.99699,0.99799,0.01445,0.07225,0.51,1.0,0.01387,0.05381,6.57954,1.88966,0.23459,0.48992,0.72869,0.68605,0.5292,0.72869
3.73086,48.03263,11.9588,-0.10816,-0.03103,0.99365,0.99058,0.0,0.0,nan,0.0,0.01027,0.03184,25.84223,1.91801,0.23406,0.50709,0.43722,0.68531,0.52137,0.43722
2.97703,48.91027,12.57812,-0.14154,-0.00274,0.98993,0.99809,0.0,0.0,nan,0.0,0.00502,0.01839,24.41079,2.21353,0.22617,0.44236,0.53826,0.66727,0.45177,0.53826
2.99003,51.01815,-12.4347,-0.01584,0.0566,-0.99827,0.99789,0.2809,0.2809,0.51,0.63364,0.02207,0.05846,7.25619,1.91698,0.22959,0.54124,0.5179,0.88959,0.52165,0.5179
2.28365,51.08221,11.85242,-0.18729,0.13904,0.97242,0.99372,0.0,0.0,nan,0.0,0.01163,0.02794,23.34995,1.69167,0.23625,0.4838,0.48187,0.93387,0.59113,0.48187
3.14511,51.04369,12.16432,-0.1673,0.12608,0.97781,0.9987,0.0,0.0,nan,0.0,0.01107,0.02844,22.06228,1.6519,0.2237,0.51686,0.46537,0.82154,0.60536,0.46537
2.99314,53.00259,-12.24501,0.01758,0.05975,-0.99806,0.9985,0.17785,0.17785,0.6,0.5905,0.03709,0.19216,8.12619,1.94936,0.23393,0.686,0.92953,0.82406,0.51299,0.92953
2.7287,52.79423,11.69688,-0.15868,-0.00394,0.98732,0.98662,0.0,0.0,nan,0.0,0.01061,0.02979,22.37995,1.86285,0.22726,0.46097,0.58186,0.84186,0.53681,0.58186
3.24924,53.2245,12.19914,-0.12621,0.00796,0.99197,0.99799,0.0,0.0,nan,0.0,0.00813,0.02904,20.79637,1.83319,0.22622,0.40664,0.68456,0.75477,0.5455,0.68456
2.96682,54.95928,-12.14378,0.0265,0.06263,-0.99769,0.9989,0.03109,0.15544,0.51,1.0,0.00966,0.23889,8.55308,2.02637,0.22913,0.79009,0.98541,0.25593,0.49349,0.98541
2.91541,55.54108,11.97272,-0.05632,0.1237,0.99072,0.99626,0.0,0.0,nan,0.0,0.01268,0.03517,25.32163,1.66821,0.23885,0.47909,0.33149,0.81186,0.59944,0.33149
2.98426,54.8573,12.30638,-0.064,0.05362,0.99651,0.98652,0.0,0.0,nan,0.0,0.01503,0.04102,25.41957,1.6519,0.23259,0.49586,0.4654,0.79724,0.60536,0.4654
2.96231,56.49921,-12.05514,0.02308,0.07599,-0.99684,0.9989,0.02774,0.13872,0.51,1.0,0.02181,0.26858,7.17635,2.05938,0.22607,0.77921,0.97309,0.46585,0.48558,0.97309
3.03357,57.46667,-11.95926,0.02645,0.09094,-0.99551,0.9988,0.02678,0.1339,0.51,1.0,0.01266,0.18113,9.03508,1.81709,0.23914,0.73425,0.98081,0.44479,0.55033,0.98081
3.0908,57.25484,11.7607,-0.02565,0.09092,0.99553,0.99687,0.0,0.0,nan,0.0,0.01373,0.0321,30.18348,1.68614,0.23472,0.50701,0.38578,0.89951,0.59307,0.38578
2.53977,56.38832,12.14551,-0.05929,0.15032,0.98686,0.99352,0.0,0.0,nan,0.0,0.01267,0.03148,27.9566,1.81709,0.22886,0.46526,0.36119,0.92735,0.55033,0.36119
2.98913,59.02544,-11.78173,0.02016,0.10196,-0.99458,0.9989,0.0,0.0,nan,0.0,0.0118,0.1096,11.34084,1.69105,0.23769,0.68618,0.97422,0.65349,0.59135,0.97422
2.80795,58.80355,11.92134,-0.01272,-0.02233,0.99967,0.99697,0.0,0.0,nan,0.0,0.0083,0.0229,29.92141,1.81709,0.24126,0.51265,0.57557,0.75458,0.55033,0.57557
3.3966,59.17279,12.05198,0.00202,-0.01563,0.99988,0.99017,0.0,0.0,nan,0.0,0.00849,0.02379,32.94592,1.6519,0.23975,0.47582,0.47698,0.79542,0.60536,0.47698
2.97519,61.00318,-11.58437,-0.0007,0.09787,-0.9952,0.9989,0.0,0.0,nan,0.0,0.01373,0.10411,10.72146,1.69661,0.22984,0.6477,0.97394,0.85279,0.58941,0.97394
3.09019,61.00811,11.46664,-0.03473,0.11074,0.99324,0.99372,0.0,0.0,nan,0.0,0.01389,0.04692,31.46324,1.8931,0.23318,0.46549,0.42063,0.67623,0.52823,0.42063
3.87174,60.02361,12.01768,0.0018,0.00329,0.99999,0.99048,0.0,0.0,nan,0.0,0.00992,0.03034,30.71882,3.46842,0.2449,0.50988,0.47162,0.68275,0.28832,0.47162
3.0589,62.97603,-11.34114,-0.02508,0.06664,-0.99746,0.9988,0.00208,0.01042,0.51,1.0,0.01923,0.12757,10.57552,1.87792,0.22113,0.59656,0.95632,0.88454,0.5325,0.95632
3.07263,63.13458,11.17634,-0.08596,0.05217,0.99493,0.99423,0.0,0.0,nan,0.0,0.01162,0.03428,38.8639,1.6519,0.23872,0.42507,0.33025,0.83839,0.60536,0.33025
3.01883,65.04353,-11.32159,-0.02678,0.06651,-0.99743,0.9989,0.069,0.092,0.51,0.82812,0.03263,0.15599,9.86728,2.00978,0.21742,0.54001,0.91689,1.0,0.49757,0.91689
3.00418,65.16007,11.42086,-0.13109,0.14732,0.98036,0.9987,0.0,0.0,nan,0.0,0.01414,0.03674,45.11635,1.91669,0.22462,0.45532,0.59053,0.88273,0.52173,0.59053
3.05412,67.01669,-11.1946,0.00632,0.11843,-0.99294,0.9989,0.00111,0.00557,0.51,1.0,0.01746,0.10616,9.82699,1.92905,0.21425,0.52538,0.94414,0.99456,0.51839,0.94414
3.04515,66.99923,10.62625,-0.04695,0.10676,0.99318,0.98022,0.0,0.0,nan,0.0,0.0121,0.03022,34.96717,1.7823,0.23011,0.44118,0.60253,0.95965,0.56107,0.60253
3.04216,69.0004,-10.89135,0.04546,0.14639,-0.98818,0.9988,0.0,0.0,nan,0.0,0.0294,0.08887,9.39889,2.19435,0.22712,0.41778,0.48915,0.96047,0.45572,0.48915
3.00139,69.02782,11.13587,0.01821,-0.05668,0.99823,0.99525,0.0,0.0,nan,0.0,0.01436,0.04124,32.10097,2.04473,0.23243,0.48612,0.52878,0.76104,0.48906,0.52878
2.97701,71.03371,-10.61655,0.05676,0.21776,-0.97435,0.9989,0.0,0.0,nan,0.0,0.01322,0.06299,13.73179,2.16041,0.21154,0.47513,0.81407,0.63665,0.46287,0.81407
3.02102,70.96029,10.94865,-0.03816,0.07217,0.99666,0.99697,0.0,0.0,nan,0.0,0.01454,0.06778,31.41119,1.6519,0.22794,0.35873,0.55704,0.636,0.60536,0.55704
2.86082,72.38349,-10.11332,0.07182,0.25092,-0.96534,0.9989,0.0,0.0,nan,0.0,0.01734,0.05764,15.64919,1.6519,0.21008,0.40994,0.74655,0.82752,0.60536,0.74655
3.03541,73.30804,-9.90524,0.08661,0.27086,-0.95871,0.9989,0.0,0.0,nan,0.0,0.01478,0.05535,15.25506,1.93296,0.19873,0.39448,0.66707,0.76545,0.51734,0.66707
2.94656,73.10428,10.93549,-0.0033,0.19206,0.98138,0.99312,0.0,0.0,nan,0.0,0.01556,0.04601,38.12894,1.94727,0.22989,0.45816,0.49561,0.77685,0.51354,0.49561
2.96619,75.02797,-9.46924,0.12355,0.29027,-0.94894,0.9989,0.0,0.0,nan,0.0,0.01392,0.04634,12.59451,2.17259,0.21102,0.40109,0.6382,0.86795,0.46028,0.6382
2.69262,75.00055,9.87952,0.03984,0.14096,0.98921,0.99119,0.0,0.0,nan,0.0,0.01257,0.03627,39.90716,3.21468,0.2347,0.47717,0.68037,0.76304,0.31107,0.68037
3.02468,74.97746,10.41525,0.03628,0.14185,0.98922,0.99768,0.0,0.0,nan,0.0,0.01353,0.03958,38.91565,1.85474,0.23243,0.47661,0.65875,0.75383,0.53916,0.65875
3.03828,76.96664,-8.59295,0.15524,0.35962,-0.92009,0.9989,0.0,0.0,nan,0.0,0.00854,0.03043,9.83165,1.86657,0.22313,0.34918,0.49969,0.96773,0.53574,0.49969
3.09196,77.56543,9.56987,0.01158,0.3222,0.9466,0.99728,0.0,0.0,nan,0.0,0.01481,0.04556,36.70022,1.75749,0.23113,0.55945,0.66327,0.61264,0.56899,0.66327
2.86853,76.8009,10.3436,0.02656,0.27044,0.96237,0.97789,0.0,0.0,nan,0.0,0.0093,0.0325,38.88602,3.3567,0.23684,0.56455,0.71787,0.53291,0.29791,0.71787
2.64531,78.46419,-8.1727,0.14093,0.40438,-0.90367,0.99809,0.0,0.0,nan,0.0,0.00809,0.02999,9.28587,1.79776,0.23102,0.39897,0.53047,0.8215,0.55625,0.53047
3.19495,79.25805,-7.77487,0.10545,0.44466,-0.88947,0.99728,0.00569,0.02847,0.7,1.0,0.00934,0.03265,9.70107,1.72227,0.2353,0.40366,0.49306,0.85451,0.58063,0.49306
3.05159,78.91312,9.15243,0.03774,0.30094,0.95289,0.99636,0.0,0.0,nan,0.0,0.01313,0.03681,27.37062,2.19065,0.22816,0.39849,0.38559,0.96009,0.45649,0.38559
3.00041,80.85035,-6.81017,0.04332,0.64313,-0.76453,0.98774,0.0,0.0,nan,0.0,0.00788,0.03857,8.99357,1.91541,0.23004,0.38631,0.53775,0.64669,0.52208,0.53775
3.08503,81.78333,-5.66119,0.00819,0.80415,-0.59437,0.99586,0.0,0.0,nan,0.0,0.00445,0.03181,8.49259,1.6519,0.23374,0.28631,0.63226,0.60304,0.60536,0.63226
2.99799,80.91824,8.91158,0.03394,0.34658,0.93741,0.96287,0.0,0.0,nan,0.0,0.01496,0.05434,25.38144,2.1934,0.23027,0.41641,0.37215,0.71305,0.45591,0.37215
3.0371,82.38043,-4.68278,0.00495,0.88605,-0.46356,0.99839,0.0,0.0,nan,0.0,0.00547,0.03734,8.84711,1.75864,0.23424,0.29021,0.42076,0.6193,0.56862,0.42076
2.98502,83.10149,-2.9854,0.03673,0.95435,-0.29641,0.99809,0.0,0.0,nan,0.0,0.00847,0.08376,10.49991,1.91733,0.22529,0.17626,0.41801,0.68262,0.52156,0.41801
3.02466,83.53325,-0.99108,0.07621,0.98713,-0.1406,0.9985,0.0,0.0,nan,0.0,0.02886,0.13804,13.73264,2.2743,0.22576,0.26705,0.47808,0.89681,0.4397,0.47808
3.03926,83.69331,1.02691,0.09754,0.99391,-0.05122,0.9987,0.0,0.0,nan,0.0,0.04825,0.16582,15.40766,2.56404,0.22531,0.34278,0.59875,0.95904,0.39001,0.59875
2.98864,83.71943,3.05085,0.1012,0.99257,0.06762,0.99839,0.0,0.0,nan,0.0,0.0323,0.12109,13.66658,2.90522,0.22806,0.38263,0.75486,0.81178,0.34421,0.75486
3.04382,83.54845,5.03828,0.07918,0.97356,0.21427,0.99718,0.0,0.0,nan,0.0,0.00984,0.05286,11.49555,1.95913,0.2202,0.35009,0.63867,0.62412,0.51043,0.63867
2.96216,82.70512,6.9559,0.03937,0.87833,0.47643,0.9856,0.0,0.0,nan,0.0,0.0114,0.10658,13.57927,1.87235,0.23045,0.59477,0.93335,0.49908,0.53409,0.93335
2.97837,82.23387,8.31411,0.02334,0.67593,0.73659,0.92856,0.0,0.0,nan,0.0,0.00781,0.05532,22.33783,1.72728,0.22902,0.43357,0.67981,0.35465,0.57894,0.67981
4.8658,1.95419,-4.07688,0.03756,-0.81922,-0.57225,0.97769,0.02221,0.11103,0.51,1.0,0.00713,0.06024,19.78444,1.90461,0.23058,0.51366,0.37479,0.25389,0.52504,0.37479
5.02041,1.4118,-3.07645,-0.004,-0.9171,-0.39865,0.99535,0.03264,0.16321,0.51,1.0,0.01927,0.07988,4.93655,2.00567,0.23843,0.33894,0.36053,1.0,0.49859,0.36053
4.96768,0.84564,-1.03738,-0.06015,-0.99274,-0.10416,0.99332,0.0,0.0,nan,0.0,0.01942,0.07735,4.29149,1.70529,0.23696,0.36811,0.53001,1.0,0.58641,0.53001
5.02681,1.03132,0.95924,-0.07557,-0.98982,0.12064,0.9989,0.09614,0.09614,0.51,0.55327,0.02807,0.08887,3.98731,2.0641,0.22537,0.51006,0.66742,0.9299,0.48447,0.66742
4.98561,1.38488,3.00008,-0.06944,-0.98083,0.18206,0.9989,0.34753,0.34753,0.51,0.36505,0.01419,0.08393,4.31261,2.04116,0.22012,0.24744,0.60545,1.0,0.48992,0.60545
5.02757,1.78416,4.96759,-0.05713,-0.96794,0.24459,0.9989,0.03536,0.06181,0.6,0.88372,0.00295,0.0503,10.80834,1.72268,0.24372,0.76923,0.97916,0.33834,0.58049,0.97916
5.21959,1.99314,6.00213,-0.03686,-0.97164,0.23356,0.9988,0.0,0.0,nan,0.0,0.00293,0.02359,11.55469,1.72424,0.2271,0.63887,0.92857,0.53279,0.57996,0.92857
5.02663,2.75546,-5.27782,0.08936,-0.61973,-0.77971,0.95992,0.0,0.0,nan,0.0,0.0053,0.0277,24.464,2.71429,0.23584,0.52287,0.65829,0.39601,0.36842,0.65829
4.22939,2.0263,5.95951,-0.02649,-0.97731,0.21013,0.9989,0.00316,0.01581,0.6,1.0,0.0026,0.02479,11.36208,1.85694,0.23006,0.6744,0.95331,0.52261,0.53852,0.95331
4.97654,2.50351,6.98676,0.00145,-0.97625,0.21663,0.99829,0.0,0.0,nan,0.0,0.00452,0.01941,12.21838,1.84088,0.23533,0.68584,0.85885,0.60586,0.54322,0.85885
5.0469,2.70031,9.09575,0.06693,-0.87814,0.4737,0.95201,0.0,0.0,nan,0.0,0.00879,0.06499,25.84672,1.70672,0.2458,0.77924,0.83907,0.26164,0.58592,0.83907
4.88814,3.50544,10.33903,0.03419,-0.57421,0.81799,0.93171,0.0,0.0,nan,0.0,0.00462,0.03574,27.70014,1.7669,0.23427,0.6545,0.91517,0.44901,0.56596,0.91517
4.91758,5.12074,-6.27792,0.13848,-0.40668,-0.90301,0.99403,0.0,0.0,nan,0.0,0.01184,0.02892,23.78813,1.75432,0.24296,0.64878,0.78805,0.77921,0.57002,0.78805
4.84724,4.2514,-5.91301,0.13962,-0.41998,-0.89673,0.9923,0.0,0.0,nan,0.0,0.00881,0.02219,24.51361,1.92551,0.2295,0.55436,0.5642,0.77496,0.51934,0.5642
5.07018,4.98662,10.58424,0.02215,-0.38466,0.92279,0.99778,0.0,0.0,nan,0.0,0.01178,0.02272,24.29174,3.24907,0.23563,0.61316,0.30864,0.91513,0.30778,0.30864
5.03403,6.74443,-7.22832,0.10859,-0.24663,-0.96301,0.96469,0.0,0.0,nan,0.0,0.00953,0.02094,29.70159,1.84502,0.22645,0.51695,0.42584,0.9395,0.542,0.42584
4.85548,6.04153,-5.98831,0.11764,-0.35307,-0.92817,0.98966,0.0,0.0,nan,0.0,0.01334,0.02934,27.15206,1.7329,0.24428,0.5993,0.46749,0.81458,0.57707,0.46749
4.86661,7.0286,11.31151,0.0353,-0.26718,0.963,0.99626,0.0,0.0,nan,0.0,0.01592,0.03781,26.07559,2.02043,0.23188,0.54746,0.45798,0.82813,0.49494,0.45798
5.02117,9.02209,-7.1487,0.05002,-0.10945,-0.99273,0.99433,0.0,0.0,nan,0.0,0.03261,0.05479,30.23145,2.03965,0.22788,0.64108,0.60907,0.9897,0.49028,0.60907
5.01412,9.03471,11.68621,0.08593,-0.00308,0.9963,0.99372,0.0,0.0,nan,0.0,0.01554,0.04654,29.46552,1.94075,0.23444,0.57491,0.55585,0.62018,0.51527,0.55585
5.57084,11.61115,-8.14283,0.03216,-0.21534,-0.97601,0.95525,0.0,0.0,nan,0.0,0.0151,0.03951,31.89991,1.73807,0.23525,0.49503,0.3742,0.82039,0.57535,0.3742
4.79111,10.85397,-7.654,-0.01761,-0.28308,-0.95893,0.99281,0.0,0.0,nan,0.0,0.02289,0.05346,31.38175,1.70691,0.23075,0.54572,0.41753,0.83468,0.58585,0.41753
4.94947,11.04154,11.43739,0.08258,-0.04154,0.99572,0.99027,0.0,0.0,nan,0.0,0.01058,0.03125,25.53531,1.67838,0.2328,0.50991,0.53206,0.71612,0.59581,0.53206
5.04922,12.93778,-8.48837,0.06672,-0.08104,-0.99448,0.95262,0.0,0.0,nan,0.0,0.0115,0.02662,31.72415,1.73985,0.23146,0.49183,0.33167,0.9338,0.57476,0.33167
4.84679,13.71959,-7.85678,0.08743,-0.05879,-0.99443,0.99494,0.0,0.0,nan,0.0,0.00786,0.01875,28.20818,1.68168,0.23309,0.44867,0.45787,1.0,0.59464,0.45787
5.22318,12.60182,11.54054,0.06536,-0.11537,0.99117,0.99768,0.0,0.0,nan,0.0,0.0085,0.02795,22.16122,1.75969,0.23747,0.53498,0.37631,0.61975,0.56828,0.37631
4.86661,13.35995,12.19929,0.05341,-0.07722,0.99558,0.9717,0.0,0.0,nan,0.0,0.0078,0.03005,21.35456,1.76907,0.23962,0.47191,0.49941,0.60182,0.56527,0.49941
5.01597,15.41153,-8.08234,0.11228,-0.2197,-0.96909,0.98144,0.0,0.0,nan,0.0,0.00801,0.02296,30.2206,1.81709,0.22529,0.46788,0.72057,0.79453,0.55033,0.72057
5.01804,14.6878,-7.58014,0.11678,-0.09565,-0.98854,0.95749,0.0,0.0,nan,0.0,0.00908,0.02079,27.39757,1.9085,0.22818,0.48238,0.53688,0.97124,0.52397,0.53688
5.11837,15.10762,11.85702,0.01887,0.10591,0.9942,0.99088,0.0,0.0,nan,0.0,0.01546,0.04155,24.81624,1.9455,0.22883,0.65795,0.43796,0.6112,0.51401,0.43796
4.9703,14.21836,12.09723,0.04042,0.03432,0.99859,0.98165,0.0,0.0,nan,0.0,0.00973,0.0275,21.22199,2.10769,0.22825,0.50668,0.40803,0.76406,0.47445,0.40803
4.93269,17.01848,-8.7675,0.11223,-0.2871,-0.9513,0.99129,0.0,0.0,nan,0.0,0.01014,0.02828,27.59498,1.6519,0.24878,0.50256,0.44403,0.76514,0.60536,0.44403
5.00828,16.99801,11.57188,-0.00631,-0.0082,0.99995,0.99484,0.0,0.0,nan,0.0,0.0163,0.04234,33.49462,1.71448,0.23031,0.64205,0.48014,0.63536,0.58327,0.48014
4.90693,19.01276,-8.96342,0.15606,-0.09285,-0.98337,0.99616,0.0,0.0,nan,0.0,0.00835,0.02228,28.55474,1.8853,0.23096,0.40993,0.52187,0.97828,0.53042,0.52187
5.1307,19.14411,11.59192,0.04772,0.0552,0.99733,0.99647,0.0,0.0,nan,0.0,0.01267,0.03721,32.43175,2.0673,0.22818,0.68374,0.74671,0.5286,0.48372,0.74671
4.31032,19.02084,12.14752,0.00907,0.01545,0.99984,0.95617,0.0,0.0,nan,0.0,0.00857,0.04072,36.78594,2.04253,0.22969,0.72284,0.84651,0.44416,0.48959,0.84651
5.09325,20.94767,-9.42519,0.12106,-0.31187,-0.94238,0.98753,0.0,0.0,nan,0.0,0.01193,0.02801,34.59922,1.99711,0.23369,0.52653,0.51062,0.85566,0.50072,0.51062
4.80993,20.95798,11.17128,0.04949,0.04922,0.99756,0.96754,0.0,0.0,nan,0.0,0.0113,0.03516,35.19555,1.89786,0.22821,0.53475,0.79927,0.75384,0.52691,0.79927
4.24808,20.12855,12.0719,0.04612,0.10955,0.99291,0.97982,0.0,0.0,nan,0.0,0.01118,0.03326,36.5837,1.98251,0.22989,0.60201,0.65881,0.5887,0.50441,0.65881
5.05076,23.01454,-10.69707,0.1005,-0.22574,-0.96899,0.95495,0.0,0.0,nan,0.0,0.01093,0.03448,29.89777,1.96047,0.22916,0.54764,0.42382,0.61788,0.51008,0.42382
5.11543,22.23835,-9.82892,0.09967,-0.36466,-0.92579,0.9851,0.0,0.0,nan,0.0,0.02528,0.06265,29.46577,1.87503,0.23001,0.64405,0.53841,0.66889,0.53333,0.53841
4.97043,22.83421,11.47265,0.08645,-0.1695,0.98173,0.99271,0.0,0.0,nan,0.0,0.00766,0.02462,29.35296,1.76424,0.23184,0.42475,0.57566,0.78265,0.56682,0.57566
4.83671,23.61613,12.16211,0.04967,-0.147,0.98789,0.97637,0.0,0.0,nan,0.0,0.00887,0.02358,30.35017,1.86496,0.2308,0.48298,0.64724,0.82983,0.53621,0.64724
4.8611,24.74034,-10.36843,0.16163,-0.00801,-0.98682,0.99687,0.0,0.0,nan,0.0,0.0119,0.03018,28.23697,2.5527,0.23283,0.52903,0.35923,0.79823,0.39174,0.35923
5.05526,25.44118,-9.71963,0.18575,0.0237,-0.98231,0.92805,0.0,0.0,nan,0.0,0.01732,0.03657,30.7573,1.70907,0.24225,0.56817,0.35348,0.88789,0.58511,0.35348
5.38868,25.03643,11.76266,-0.00118,0.00824,0.99997,0.99383,0.0,0.0,nan,0.0,0.01377,0.03138,33.02431,2.00941,0.2308,0.54013,0.62965,0.86188,0.49766,0.62965
4.89836,24.906,12.24193,-0.00038,0.02634,0.99965,0.96713,0.0,0.0,nan,0.0,0.01661,0.03565,33.55935,1.90339,0.22539,0.56714,0.65013,0.87032,0.52538,0.65013
4.65179,26.99361,-10.2599,0.13395,-0.19267,-0.97208,0.96114,0.0,0.0,nan,0.0,0.00984,0.03023,31.88685,2.1089,0.22709,0.49702,0.39176,0.69573,0.47418,0.39176
5.043,26.86758,-9.93698,0.14348,-0.17844,-0.97343,0.9246,0.0,0.0,nan,0.0,0.01247,0.03376,30.76595,2.06491,0.21462,0.52634,0.33434,0.74717,0.48428,0.33434
5.0762,26.87685,11.73949,-0.01384,-0.06576,0.99774,0.99565,0.0,0.0,nan,0.0,0.01267,0.03103,30.11277,1.92679,0.22113,0.58604,0.58319,0.74327,0.519,0.58319
5.06735,27.4875,12.05461,-0.01084,-0.12804,0.99171,0.9986,0.0,0.0,nan,0.0,0.01101,0.0301,26.41164,1.98722,0.23112,0.59026,0.49698,0.66654,0.50321,0.49698
4.94816,29.00618,-11.24463,0.08783,-0.16873,-0.98174,0.99129,0.0,0.0,nan,0.0,0.00972,0.03146,25.2846,2.23142,0.22645,0.60522,0.41009,0.55103,0.44814,0.41009
4.48912,28.263,11.99538,-0.03206,-0.11169,0.99323,0.99535,0.0,0.0,nan,0.0,0.00996,0.02863,23.95395,1.85747,0.23149,0.57733,0.46655,0.65295,0.53837,0.46655
5.03784,29.03883,12.27006,-0.03289,-0.09511,0.99492,0.98936,0.0,0.0,nan,0.0,0.01137,0.0391,25.9637,1.69887,0.233,0.56379,0.54695,0.55535,0.58863,0.54695
4.94549,31.01375,-11.10944,0.01421,0.00419,-0.99989,0.99789,0.0,0.0,nan,0.0,0.00824,0.02332,20.91458,1.76744,0.23203,0.50047,0.50495,0.77348,0.56579,0.50495
4.474,31.26296,11.79105,-0.11867,0.04006,0.99212,0.99464,0.0,0.0,nan,0.0,0.0103,0.0298,30.24293,1.81709,0.22952,0.58914,0.3879,0.62524,0.55033,0.3879
5.17289,30.91938,12.25923,-0.07865,0.04475,0.9959,0.99789,0.0,0.0,nan,0.0,0.01025,0.03146,27.76704,2.56287,0.22652,0.60231,0.34421,0.57999,0.39019,0.34421
5.02745,32.97296,-11.38058,-0.03538,-0.14603,-0.98865,0.99636,0.0,0.0,nan,0.0,0.01309,0.03361,26.6994,1.6519,0.23362,0.4919,0.5753,0.85131,0.60536,0.5753
4.47777,33.05758,11.78707,-0.07779,-0.05709,0.99533,0.98966,0.0,0.0,nan,0.0,0.009,0.0213,26.99841,2.02454,0.22291,0.55569,0.39764,0.81663,0.49394,0.39764
5.22888,32.95719,12.12266,-0.03919,-0.0323,0.99871,0.99718,0.0,0.0,nan,0.0,0.00978,0.02706,28.02904,1.81972,0.23099,0.57283,0.36369,0.67554,0.54954,0.36369
5.7818,35.50168,-12.05083,0.01216,-0.05499,-0.99841,0.98763,0.0,0.0,nan,0.0,0.00743,0.03059,18.00678,3.0777,0.22844,0.64964,0.79816,0.49095,0.32492,0.79816
4.90638,34.84666,-11.76634,-0.00795,-0.11858,-0.99291,0.99372,0.0,0.0,nan,0.0,0.00678,0.02822,20.90136,1.93351,0.23564,0.50537,0.81576,0.65971,0.51719,0.81576
4.2683,35.57437,11.79925,-0.05721,0.03085,0.99789,0.99515,0.0,0.0,nan,0.0,0.02003,0.04221,25.20989,1.87467,0.2339,0.57645,0.48415,0.88854,0.53343,0.48415
4.97089,35.05378,12.51317,-0.02624,0.00168,0.99965,0.98753,0.0,0.0,nan,0.0,0.01498,0.031,27.19111,1.73415,0.23452,0.55991,0.47402,0.92652,0.57665,0.47402
5.66501,36.00681,-12.00632,0.01451,-0.04905,-0.99869,0.99149,0.0,0.0,nan,0.0,0.00651,0.02098,15.06566,1.90863,0.23216,0.49266,0.53661,0.71345,0.52394,0.53661
5.01085,37.04768,-11.65876,0.02143,-0.07258,-0.99713,0.99352,0.0,0.0,nan,0.0,0.00746,0.01854,14.071,3.44778,0.23464,0.63115,0.58728,0.72768,0.29004,0.58728
4.58606,37.10797,11.80944,-0.03155,-0.00827,0.99947,0.98236,0.0,0.0,nan,0.0,0.01707,0.03617,29.17579,1.71089,0.23175,0.53402,0.30853,0.94419,0.58449,0.30853
5.25228,36.87756,12.02271,-0.01206,0.02101,0.99971,0.99433,0.0,0.0,nan,0.0,0.01761,0.0375,29.48395,1.90134,0.22963,0.53007,0.4978,0.9459,0.52595,0.4978
4.96055,39.04594,-12.3666,0.06869,-0.22836,-0.97115,0.99677,0.0,0.0,nan,0.0,0.00438,0.01637,10.77148,3.31468,0.23451,0.71477,0.61452,0.44344,0.30169,0.61452
4.92905,38.12663,-11.82038,0.04132,-0.17397,-0.98388,0.99159,0.0,0.0,nan,0.0,0.00418,0.01264,12.17055,1.92134,0.23413,0.52871,0.66232,0.7285,0.52047,0.66232
5.51277,38.48057,11.99042,0.00432,-0.11684,0.99314,0.99677,0.0,0.0,nan,0.0,0.00703,0.0212,25.48607,2.06567,0.22857,0.37306,0.58296,0.95868,0.48411,0.58296
4.95908,39.02945,12.5088,-0.02124,-0.13301,0.99089,0.98966,0.0,0.0,nan,0.0,0.0093,0.02458,27.69677,2.07514,0.23472,0.47993,0.4141,0.84561,0.48189,0.4141
4.97577,41.00828,-12.57894,0.10424,-0.06457,-0.99245,0.99728,0.0,0.0,nan,0.0,0.00595,0.10069,5.87799,1.88497,0.22544,0.71967,0.92295,0.24657,0.53051,0.92295
4.85451,41.01618,12.33813,-0.04037,0.02854,0.99878,0.9988,0.0,0.0,nan,0.0,0.01329,0.02993,27.89957,1.81709,0.23588,0.54414,0.49288,0.87429,0.55033,0.49288
4.99275,42.9327,-12.59971,0.10807,-0.00731,-0.99412,0.99809,0.01404,0.0702,0.51,1.0,0.01556,0.06037,4.68992,1.9499,0.22658,0.48529,0.42114,0.75762,0.51285,0.42114
5.64606,43.31192,11.78904,0.07472,-0.02582,0.99687,0.97556,0.0,0.0,nan,0.0,0.01243,0.02654,24.5524,2.15941,0.23195,0.5296,0.53311,0.95672,0.46309,0.53311
4.94983,42.97338,12.3313,0.01264,-0.01823,0.99975,0.99799,0.0,0.0,nan,0.0,0.01381,0.02703,24.07338,1.6519,0.22989,0.56709,0.47859,0.97588,0.60536,0.47859
4.99525,45.02816,-12.55692,0.09991,0.01314,-0.99491,0.9988,0.01393,0.06963,0.51,1.0,0.02312,0.09171,5.07604,1.87427,0.23152,0.52958,0.65564,0.66347,0.53354,0.65564
4.0656,45.31771,11.94822,-0.02942,0.01223,0.99949,0.99464,0.0,0.0,nan,0.0,0.01416,0.02932,28.07494,2.08822,0.23427,0.56734,0.52971,0.91171,0.47888,0.52971
4.93891,45.03643,12.57683,0.00453,-0.02075,0.99977,0.99748,0.0,0.0,nan,0.0,0.0145,0.03019,28.35283,2.01983,0.23235,0.55572,0.48159,0.92565,0.49509,0.48159
4.9955,47.00971,-12.52676,0.12268,0.05047,-0.99116,0.99636,0.00111,0.00553,0.51,1.0,0.00186,0.03484,7.89019,2.22327,0.2219,0.48084,0.91332,0.29213,0.44979,0.91332
4.19027,47.47112,11.85559,-0.08459,-0.02211,0.99617,0.97353,0.0,0.0,nan,0.0,0.00956,0.02798,27.39818,2.05058,0.2256,0.50295,0.52056,0.7287,0.48767,0.52056
4.93294,46.97207,12.53986,-0.06122,0.00972,0.99808,0.9988,0.0,0.0,nan,0.0,0.01279,0.03057,29.75272,1.98906,0.21254,0.54218,0.41893,0.82335,0.50275,0.41893
4.97433,49.01948,-12.43996,0.13323,0.04854,-0.9899,0.99697,0.00275,0.01373,0.51,1.0,0.00942,0.04683,8.94829,2.24746,0.22689,0.62937,0.60437,0.39104,0.44495,0.60437
4.95596,48.97993,12.55715,-0.05793,-0.03801,0.9976,0.9989,0.0,0.0,nan,0.0,0.0082,0.03413,24.73357,1.93257,0.21589,0.38726,0.56731,0.67034,0.51744,0.56731
4.98084,50.98473,-12.34316,0.10844,0.07835,-0.99101,0.9988,0.08501,0.08501,0.51,0.52854,0.00333,0.03698,13.25804,2.45233,0.23604,0.64017,0.92358,0.36444,0.40777,0.92358
4.95355,50.96267,12.61946,-0.08718,0.09709,0.99145,0.99697,0.0,0.0,nan,0.0,0.00851,0.03227,15.84097,1.87122,0.23174,0.4216,0.46443,0.70434,0.53441,0.46443
4.9635,53.00868,-12.28768,0.1135,0.0807,-0.99026,0.9985,0.00076,0.00378,0.51,1.0,0.00291,0.03704,22.85957,2.0678,0.22795,0.4425,0.89753,0.3651,0.48361,0.89753
5.89004,53.45806,-11.79073,0.1246,0.08536,-0.98853,0.99839,0.0,0.0,nan,0.0,0.0031,0.02942,24.43713,2.03088,0.22147,0.39399,0.88157,0.50032,0.4924,0.88157
4.20746,52.56567,11.95638,-0.13174,0.05873,0.98954,0.99322,0.0,0.0,nan,0.0,0.00864,0.02951,18.29937,2.02056,0.23028,0.44619,0.44745,0.72781,0.49491,0.44745
5.05165,52.97031,12.17288,-0.09691,0.06719,0.99302,0.99829,0.0,0.0,nan,0.0,0.00625,0.03117,16.13513,1.71532,0.22553,0.34434,0.51378,0.65508,0.58298,0.51378
4.82962,54.98341,-12.09763,0.13146,0.068,-0.98899,0.9989,0.0,0.0,nan,0.0,0.00288,0.02939,22.65971,2.12982,0.2255,0.40335,0.86496,0.41791,0.46952,0.86496
5.81081,55.06317,-11.69914,0.15279,0.08504,-0.98459,0.9987,0.0,0.0,nan,0.0,0.00567,0.02843,24.3093,2.00041,0.22741,0.37398,0.72438,0.57717,0.4999,0.72438
4.53609,55.5807,11.97266,-0.01526,0.18071,0.98342,0.99789,0.0,0.0,nan,0.0,0.00998,0.03179,26.58089,1.70013,0.24191,0.47962,0.37394,0.70359,0.58819,0.37394
5.09926,54.86107,12.27236,-0.04413,0.12525,0.99114,0.99423,0.0,0.0,nan,0.0,0.00982,0.03879,23.57109,1.73426,0.23297,0.49128,0.33837,0.55912,0.57661,0.33837
4.69778,56.3435,-12.02792,0.14362,0.07525,-0.98677,0.99839,0.0,0.0,nan,0.0,0.00926,0.04458,20.82938,1.86345,0.23249,0.49378,0.70079,0.46098,0.53664,0.70079
5.25803,57.19599,-11.94189,0.17499,0.08101,-0.98123,0.9988,0.0,0.0,nan,0.0,0.01092,0.04414,21.14245,1.7184,0.23121,0.46773,0.67071,0.57893,0.58194,0.67071
5.00292,57.02756,11.63993,-0.00136,0.13161,0.9913,0.98642,0.0,0.0,nan,0.0,0.01231,0.03037,38.79131,1.71922,0.23655,0.4747,0.54565,0.89799,0.58166,0.54565
5.62092,56.15326,12.16394,-0.02619,0.20721,0.97795,0.99789,0.0,0.0,nan,0.0,0.01261,0.03963,33.43254,1.72777,0.23112,0.47983,0.51647,0.70289,0.57878,0.51647
5.07489,59.00257,-11.7663,0.13874,0.08227,-0.98691,0.99789,0.0,0.0,nan,0.0,0.00707,0.05997,20.16179,1.72151,0.23195,0.42036,0.8663,0.49099,0.58089,0.8663
5.02396,58.98985,11.3102,0.00229,-0.03451,0.9994,0.98855,0.0,0.0,nan,0.0,0.01142,0.03053,33.77071,3.22246,0.2399,0.49774,0.4861,0.79615,0.31032,0.4861
5.18489,59.62194,12.03471,-0.00836,-0.02857,0.99956,0.99159,0.0,0.0,nan,0.0,0.00839,0.0265,31.68636,2.00093,0.23252,0.47455,0.53418,0.70906,0.49977,0.53418
5.02161,60.93631,-11.57037,0.11161,0.05714,-0.99211,0.9989,0.0,0.0,nan,0.0,0.00994,0.0549,18.47521,1.72485,0.22899,0.45554,0.74208,0.44033,0.57976,0.74208
4.95571,61.02207,11.79311,-0.03265,0.03295,0.99892,0.99778,0.0,0.0,nan,0.0,0.00663,0.02676,34.97857,1.90552,0.22632,0.46533,0.80671,0.68795,0.52479,0.80671
4.85791,60.04349,12.02447,-0.00955,-0.00593,0.99994,0.9919,0.0,0.0,nan,0.0,0.00808,0.0269,31.7427,2.57438,0.23311,0.50104,0.45868,0.63684,0.38844,0.45868
4.96596,63.04123,-11.5356,0.07285,0.04229,-0.99645,0.99819,0.0,0.0,nan,0.0,0.01813,0.07846,11.54787,1.79011,0.22902,0.45362,0.82161,0.77536,0.55863,0.82161
5.27954,63.01398,11.77675,-0.02291,-0.00537,0.99972,0.99433,0.0,0.0,nan,0.0,0.00968,0.03182,37.69551,2.06212,0.23093,0.38708,0.26381,0.82773,0.48494,0.26381
4.53196,63.71745,12.04559,-0.11419,0.00205,0.99346,0.96825,0.0,0.0,nan,0.0,0.01256,0.03503,38.80338,3.36001,0.22923,0.42479,0.4437,0.88748,0.29762,0.4437
5.00673,65.01483,-11.37301,0.07955,0.09241,-0.99254,0.9988,0.0,0.0,nan,0.0,0.01465,0.07612,9.33136,1.95924,0.21377,0.4834,0.89809,0.91926,0.5104,0.89809
4.90067,65.06339,11.65143,-0.12739,0.12042,0.98452,0.98297,0.0,0.0,nan,0.0,0.01117,0.03695,38.90503,1.83534,0.23449,0.40633,0.35896,0.78218,0.54486,0.35896
5.50672,64.33321,12.08784,-0.01915,0.00845,0.99978,0.9649,0.0,0.0,nan,0.0,0.00963,0.03276,38.17506,2.09865,0.23749,0.37897,0.33622,0.81651,0.4765,0.33622
4.98469,67.04066,-11.16077,0.11296,0.16722,-0.97943,0.9985,0.0,0.0,nan,0.0,0.02329,0.07164,8.35466,1.91779,0.21699,0.49644,0.7581,0.83318,0.52143,0.7581
5.04946,67.04858,11.19487,-0.1306,0.18523,0.97398,0.99504,0.0,0.0,nan,0.0,0.01114,0.02733,29.20479,2.07226,0.23453,0.50496,0.38274,0.86228,0.48257,0.38274
4.98715,68.98422,-10.6575,0.13564,0.1519,-0.97904,0.9989,0.0,0.0,nan,0.0,0.0209,0.07238,8.34111,2.0171,0.23473,0.49038,0.60858,0.73008,0.49576,0.60858
4.72583,69.01701,10.62303,-0.03799,-0.03154,0.99878,0.98033,0.0,0.0,nan,0.0,0.00823,0.02582,32.61218,1.95391,0.23425,0.47939,0.63387,0.70594,0.51179,0.63387
5.01467,71.06627,-10.45202,0.11182,0.21051,-0.97117,0.9986,0.0,0.0,nan,0.0,0.01026,0.0513,16.52943,1.6519,0.2242,0.5501,0.79597,0.47796,0.60536,0.79597
5.584,71.89821,-9.87067,0.12429,0.25265,-0.95954,0.9987,0.0,0.0,nan,0.0,0.00801,0.04177,16.04931,1.96955,0.20949,0.47947,0.78685,0.50966,0.50773,0.78685
5.00084,70.93117,11.07596,-0.02378,0.02651,0.99937,0.99312,0.0,0.0,nan,0.0,0.00561,0.03368,29.80873,1.8726,0.23058,0.36888,0.68727,0.48165,0.53402,0.68727
4.4608,72.24322,-10.08302,0.09792,0.26234,-0.95999,0.9989,0.0,0.0,nan,0.0,0.01185,0.04637,17.85704,1.81709,0.20399,0.46148,0.57675,0.61565,0.55033,0.57675
5.0579,73.05441,-9.69839,0.11896,0.2951,-0.94803,0.9988,0.0,0.0,nan,0.0,0.01546,0.05464,17.10106,1.69521,0.21345,0.52014,0.68366,0.60752,0.5899,0.68366
4.68015,73.88587,9.98662,0.02977,0.20747,0.97779,0.96733,0.0,0.0,nan,0.0,0.01128,0.03214,34.04137,1.69752,0.23955,0.44035,0.68927,0.8437,0.5891,0.68927
4.92216,73.05474,10.6675,0.00699,0.24571,0.96932,0.99819,0.0,0.0,nan,0.0,0.00931,0.03254,28.96399,1.76031,0.22889,0.41804,0.5012,0.73146,0.56808,0.5012
4.9957,74.98565,-9.17615,0.12514,0.30843,-0.94298,0.9988,0.0,0.0,nan,0.0,0.01678,0.06405,10.92324,1.81709,0.22056,0.33032,0.53188,0.93818,0.55033,0.53188
4.57634,74.90379,9.64377,0.02512,0.14623,0.98893,0.94541,0.0,0.0,nan,0.0,0.01045,0.02763,36.44305,3.50219,0.24696,0.50094,0.74465,0.79688,0.28554,0.74465
5.17873,75.3222,10.06166,0.00659,0.13604,0.99068,0.99403,0.0,0.0,nan,0.0,0.00741,0.02712,31.88507,1.6961,0.2383,0.36766,0.40793,0.78978,0.58959,0.40793
4.9443,76.91882,-8.40935,0.08812,0.34832,-0.93322,0.9989,0.0,0.0,nan,0.0,0.0221,0.06332,11.17756,1.86156,0.2262,0.437,0.58285,0.94156,0.53718,0.58285
5.63956,77.88976,-7.92845,0.06778,0.34983,-0.93436,0.9989,0.0,0.0,nan,0.0,0.01749,0.04417,11.08487,1.88376,0.22702,0.48414,0.36707,0.96527,0.53085,0.36707
4.91279,77.77107,9.78427,-0.03017,0.33738,0.94089,0.98865,0.0,0.0,nan,0.0,0.01719,0.04779,27.5893,1.89879,0.22424,0.53281,0.79126,0.83406,0.52665,0.79126
5.01854,76.7944,10.30691,-0.03117,0.22454,0.97397,0.98144,0.0,0.0,nan,0.0,0.01313,0.03947,30.1933,1.82779,0.24895,0.58717,0.77556,0.65766,0.54711,0.77556
4.37685,78.08644,-8.04465,0.08931,0.36371,-0.92722,0.9988,0.00022,0.00108,0.7,1.0,0.01096,0.03449,11.00919,2.37872,0.22404,0.37661,0.40899,0.99754,0.42039,0.40899
5.00977,79.03443,-7.63118,0.06397,0.39959,-0.91446,0.9989,0.0,0.0,nan,0.0,0.01374,0.03662,10.57188,1.88087,0.22857,0.47651,0.48128,0.93663,0.53167,0.48128
5.02578,78.9706,9.06405,-0.02432,0.31687,0.94816,0.99636,0.0,0.0,nan,0.0,0.01061,0.03234,26.33072,1.94587,0.22321,0.37029,0.60868,0.9532,0.51391,0.60868
4.99295,80.89926,-6.69466,0.03035,0.62858,-0.77715,0.98875,0.0,0.0,nan,0.0,0.00699,0.03401,10.74716,1.9256,0.22415,0.33337,0.41884,0.73096,0.51932,0.41884
4.89045,81.84706,-5.8466,0.00535,0.77827,-0.6279,0.98611,0.0,0.0,nan,0.0,0.00888,0.03587,9.55224,1.88985,0.2336,0.33754,0.40704,0.88705,0.52914,0.40704
5.03413,81.0026,8.9076,0.01975,0.36289,0.93162,0.95728,0.0,0.0,nan,0.0,0.0102,0.04272,24.33696,1.6519,0.22746,0.37469,0.51835,0.68931,0.60536,0.51835
5.01779,82.34875,-4.81947,-0.00512,0.87872,-0.4773,0.99657,0.0,0.0,nan,0.0,0.0087,0.03609,9.753,1.67505,0.23396,0.30583,0.37924,0.95035,0.597,0.37924
4.98053,83.06769,-3.02364,0.01702,0.96747,-0.2524,0.99799,0.0,0.0,nan,0.0,0.00827,0.04973,11.7741,2.01345,0.22493,0.2214,0.5049,0.87836,0.49666,0.5049
5.01949,83.34882,-0.98792,0.07945,0.99257,-0.09214,0.9987,0.0,0.0,nan,0.0,0.01623,0.08825,15.23268,1.92777,0.22667,0.23216,0.44477,0.89605,0.51873,0.44477
4.98644,83.53403,1.02716,0.118,0.99216,-0.04115,0.9989,0.0,0.0,nan,0.0,0.01911,0.0738,16.44011,2.08593,0.23233,0.29685,0.60087,0.97823,0.4794,0.60087
4.977,83.48083,3.02575,0.08453,0.99545,0.04403,0.99809,0.0,0.0,nan,0.0,0.02208,0.07139,14.55501,1.97409,0.2267,0.36578,0.62821,0.96201,0.50656,0.62821
4.97736,83.16901,4.98947,0.04082,0.98312,0.17838,0.9989,0.0,0.0,nan,0.0,0.01207,0.04527,12.17684,2.03941,0.22835,0.40519,0.78176,0.85253,0.49034,0.78176
4.94975,82.89288,7.04028,0.01629,0.90741,0.41993,0.97241,0.0,0.0,nan,0.0,0.01156,0.04147,11.55357,1.92759,0.22465,0.43116,0.58315,0.75844,0.51878,0.58315
4.91566,82.24878,8.27481,0.03193,0.67644,0.7358,0.91547,0.0,0.0,nan,0.0,0.00468,0.06168,21.27536,1.81709,0.23453,0.43598,0.89352,0.35181,0.55033,0.89352
6.799,1.96535,-4.05259,0.081,-0.75896,-0.64608,0.97028,0.0,0.0,nan,0.0,0.00249,0.0449,25.30111,2.0985,0.23432,0.60695,0.93369,0.23914,0.47653,0.93369
6.97623,1.4277,-3.02874,0.02311,-0.87675,-0.48039,0.98205,0.00256,0.01278,0.51,1.0,0.00662,0.15305,12.62662,1.88961,0.2356,0.69874,0.96596,0.23202,0.52921,0.96596
6.99556,0.70025,-1.04045,-0.0408,-0.98804,-0.14871,0.98753,0.0,0.0,nan,0.0,0.01465,0.07579,4.60966,2.03822,0.23156,0.38937,0.83969,0.99842,0.49062,0.83969
7.00142,0.85157,0.98661,-0.07209,-0.99018,0.11976,0.9989,0.0,0.0,nan,0.0,0.01176,0.08773,4.58168,1.76739,0.22563,0.56414,0.75605,0.34806,0.56581,0.75605
7.03064,1.19886,3.01606,-0.07411,-0.97947,0.18747,0.9987,0.00503,0.02517,0.51,1.0,0.00952,0.05556,4.28501,2.09206,0.214,0.25491,0.61892,0.986,0.478,0.61892
6.98614,1.61489,5.01684,-0.06189,-0.96156,0.26753,0.9989,0.0,0.0,nan,0.0,0.0032,0.04435,10.38383,1.90346,0.23221,0.78624,0.95667,0.32357,0.52536,0.95667
7.22142,1.89392,6.2439,-0.0372,-0.95913,0.28052,0.9987,0.0,0.0,nan,0.0,0.00413,0.01786,11.14979,1.99931,0.23407,0.68914,0.86473,0.62592,0.50017,0.86473
6.95138,2.83806,-5.03835,0.17606,-0.52409,-0.83327,0.95962,0.0,0.0,nan,0.0,0.00695,0.02722,24.3526,2.71881,0.23281,0.54688,0.75286,0.51024,0.36781,0.75286
6.95391,2.52047,7.12927,-0.01034,-0.95733,0.28881,0.99748,0.0,0.0,nan,0.0,0.00265,0.01544,11.4821,1.718,0.23155,0.67737,0.9277,0.69024,0.58207,0.9277
6.99449,2.86648,9.046,0.04249,-0.85861,0.51087,0.96317,0.0,0.0,nan,0.0,0.00902,0.07659,29.98493,1.81709,0.23892,0.75372,0.8969,0.31445,0.55033,0.8969
6.98608,3.64284,10.4224,0.05595,-0.57459,0.81653,0.92846,0.0,0.0,nan,0.0,0.00786,0.03175,29.80021,1.69994,0.24343,0.68165,0.82992,0.52109,0.58826,0.82992
6.67848,5.71027,-6.00103,0.18407,-0.41079,-0.89295,0.99768,0.0,0.0,nan,0.0,0.01015,0.0218,27.49086,1.90966,0.22747,0.52474,0.47287,0.95186,0.52365,0.47287
7.19581,4.89731,-5.49011,0.16507,-0.41383,-0.89526,0.99657,0.0,0.0,nan,0.0,0.01,0.02031,26.71146,3.55209,0.23225,0.53039,0.38546,0.99805,0.28152,0.38546
6.99157,5.22989,10.64141,0.05516,-0.35606,0.93283,0.99606,0.0,0.0,nan,0.0,0.01136,0.02372,24.84661,1.91352,0.23622,0.57689,0.33093,0.89695,0.5226,0.33093
6.91147,6.88045,-6.7758,0.16711,-0.29243,-0.94157,0.98012,0.0,0.0,nan,0.0,0.01001,0.02684,27.66502,2.05928,0.22701,0.42122,0.49691,0.94936,0.48561,0.49691
7.15484,6.01203,-5.99608,0.15975,-0.40222,-0.9015,0.99707,0.0,0.0,nan,0.0,0.01022,0.02456,26.185,2.21452,0.22446,0.4778,0.45427,0.93753,0.45157,0.45427
6.97621,6.95998,11.43817,0.10145,-0.2326,0.96727,0.99291,0.0,0.0,nan,0.0,0.01139,0.02534,23.56882,1.8834,0.23419,0.51457,0.45551,0.94728,0.53096,0.45551
7.03497,9.01562,-6.78405,0.17045,-0.15209,-0.97356,0.99626,0.0,0.0,nan,0.0,0.02647,0.05475,28.71749,1.79396,0.23037,0.52044,0.4207,0.99376,0.55743,0.4207
6.99789,8.94362,11.72697,0.0363,-0.06827,0.99701,0.99098,0.0,0.0,nan,0.0,0.01033,0.03456,19.51604,1.7642,0.2315,0.5213,0.33652,0.63187,0.56683,0.33652
6.48747,11.78135,-8.13171,0.1189,-0.18156,-0.97616,0.94287,0.0,0.0,nan,0.0,0.01498,0.04133,32.68683,1.92627,0.23569,0.50005,0.52286,0.76918,0.51914,0.52286
6.89021,10.96951,-7.23673,0.13995,-0.28615,-0.94791,0.99819,0.0,0.0,nan,0.0,0.01866,0.04705,30.1867,1.76473,0.22688,0.53993,0.35491,0.78335,0.56666,0.35491
6.99564,10.99256,11.6276,-0.0033,-0.00105,0.99999,0.99809,0.0,0.0,nan,0.0,0.00899,0.02264,18.54644,1.93087,0.23461,0.63737,0.458,0.69,0.5179,0.458
6.7501,12.82629,-8.27214,0.13592,-0.0518,-0.98936,0.96804,0.0,0.0,nan,0.0,0.00809,0.02157,31.19466,2.01414,0.22839,0.56239,0.73174,0.70953,0.49649,0.73174
7.4071,13.362,-7.65795,0.14568,-0.04857,-0.98814,0.99657,0.0,0.0,nan,0.0,0.00712,0.02012,29.27438,2.11224,0.23386,0.52251,0.50687,0.72359,0.47343,0.50687
7.08617,12.79453,11.68425,0.11464,-0.02484,0.9931,0.99494,0.0,0.0,nan,0.0,0.00684,0.01998,19.78273,1.71524,0.23174,0.51634,0.30979,0.72988,0.58301,0.30979
6.46689,13.66946,12.06066,0.13309,-0.03334,0.99054,0.98347,0.0,0.0,nan,0.0,0.00804,0.02196,22.17084,1.71257,0.23933,0.55496,0.26193,0.71889,0.58392,0.26193
6.6012,15.58139,-8.23402,0.10412,-0.2621,-0.95941,0.99291,0.0,0.0,nan,0.0,0.00512,0.02402,32.41466,2.08181,0.2294,0.5467,0.70189,0.41418,0.48035,0.70189
7.01437,14.82489,-7.40295,0.10808,-0.11315,-0.98768,0.95221,0.0,0.0,nan,0.0,0.005,0.01736,25.39275,1.6519,0.2357,0.40408,0.28148,0.76909,0.60536,0.28148
6.84694,15.17029,11.53296,0.19398,0.07842,0.97787,0.99555,0.0,0.0,nan,0.0,0.01044,0.02286,24.00151,2.7173,0.23406,0.5729,0.38471,0.86345,0.36801,0.38471
6.29879,14.28137,12.07085,0.12227,0.0027,0.99249,0.97779,0.0,0.0,nan,0.0,0.00855,0.02332,23.69689,1.65509,0.23334,0.55236,0.41012,0.71993,0.6042,0.41012
7.02094,17.22091,-8.37321,0.11607,-0.19618,-0.97367,0.99362,0.0,0.0,nan,0.0,0.01053,0.03267,25.05661,1.81709,0.23288,0.5148,0.4106,0.67627,0.55033,0.4106
7.03871,16.99879,11.40412,0.17059,0.00548,0.98533,0.99687,0.0,0.0,nan,0.0,0.01357,0.02815,25.90904,2.25699,0.23748,0.54439,0.56086,0.95352,0.44307,0.56086
7.10153,19.09992,-8.79817,0.16049,-0.09499,-0.98246,0.99697,0.0,0.0,nan,0.0,0.00532,0.01639,27.08025,2.00352,0.22368,0.36758,0.29172,0.94791,0.49912,0.29172
7.01171,19.08727,11.91551,0.13631,0.03926,0.98989,0.97271,0.0,0.0,nan,0.0,0.01325,0.03554,32.5079,1.91599,0.23259,0.52631,0.5608,0.75204,0.52192,0.5608
7.01425,20.97196,-9.08988,0.15615,-0.33655,-0.92863,0.98489,0.0,0.0,nan,0.0,0.01278,0.02902,34.81675,1.75292,0.23165,0.60887,0.46041,0.7648,0.57048,0.46041
7.02569,21.06377,11.46193,0.11645,0.04376,0.99223,0.99159,0.0,0.0,nan,0.0,0.0194,0.05049,35.0842,1.72031,0.23468,0.63062,0.71276,0.64411,0.58129,0.71276
6.98703,23.17782,-10.41661,0.15936,-0.18953,-0.96886,0.95505,0.0,0.0,nan,0.0,0.01155,0.02495,28.44733,1.95527,0.22698,0.54779,0.67585,0.90457,0.51144,0.67585
7.34074,22.52856,-9.4845,0.15224,-0.32706,-0.93266,0.99575,0.0,0.0,nan,0.0,0.00923,0.02918,29.55087,1.68192,0.23268,0.60568,0.82519,0.73461,0.59456,0.82519
7.17196,22.85905,11.41459,0.12033,-0.19444,0.97351,0.99565,0.0,0.0,nan,0.0,0.0096,0.02465,28.3733,1.70161,0.24048,0.52087,0.56312,0.79992,0.58768,0.56312
6.83454,23.7417,12.15139,0.11059,-0.18596,0.97631,0.95982,0.0,0.0,nan,0.0,0.00934,0.0226,26.99042,1.6519,0.23975,0.51287,0.50163,0.86549,0.60536,0.50163
6.91488,24.83562,-10.2302,0.10821,-0.01516,-0.99401,0.99332,0.0,0.0,nan,0.0,0.01134,0.03113,28.11582,3.01087,0.23337,0.46566,0.40892,0.8377,0.33213,0.40892
7.52418,25.13835,-9.87008,0.09686,-0.03108,-0.99481,0.99251,0.0,0.0,nan,0.0,0.01171,0.03043,24.70155,1.90196,0.23044,0.44708,0.46301,0.93028,0.52577,0.46301
6.9085,25.23222,11.88673,0.08711,-0.01215,0.99612,0.98956,0.0,0.0,nan,0.0,0.01333,0.02945,31.47735,2.14752,0.22986,0.52379,0.57748,0.91892,0.46565,0.57748
7.05049,24.50973,12.11111,0.11463,-0.08861,0.98945,0.96652,0.0,0.0,nan,0.0,0.01153,0.02489,31.82421,1.81709,0.23668,0.55194,0.44942,0.89238,0.55033,0.44942
6.94123,27.31321,-10.30145,0.06688,-0.28327,-0.95671,0.98794,0.0,0.0,nan,0.0,0.01376,0.03863,24.76944,3.39256,0.23473,0.49912,0.45837,0.77128,0.29476,0.45837
7.30933,26.47212,-9.96884,0.06962,-0.15804,-0.98498,0.97363,0.0,0.0,nan,0.0,0.009,0.02546,26.86191,2.77106,0.22568,0.45193,0.66276,0.84066,0.36087,0.66276
6.96875,27.05615,11.66882,0.11469,-0.04592,0.99234,0.99504,0.0,0.0,nan,0.0,0.00979,0.02693,30.37781,1.90725,0.22868,0.51234,0.32919,0.75615,0.52432,0.32919
6.09537,26.07233,12.03761,0.00923,0.02764,0.99958,0.9918,0.0,0.0,nan,0.0,0.01942,0.04033,30.30019,2.05189,0.22871,0.58776,0.62636,0.87345,0.48736,0.62636
7.02603,28.94761,-11.28484,0.12828,-0.195,-0.97238,0.96063,0.0,0.0,nan,0.0,0.01381,0.04148,23.38112,1.90505,0.23941,0.62818,0.48938,0.57519,0.52492,0.48938
7.26314,28.29385,11.89546,0.13926,-0.11817,0.98318,0.9988,0.0,0.0,nan,0.0,0.01073,0.02565,31.85765,2.53084,0.23145,0.58984,0.39372,0.75405,0.39513,0.39372
6.93864,29.22071,12.32125,0.11489,-0.13662,0.98394,0.99038,0.0,0.0,nan,0.0,0.00995,0.0256,31.04295,1.6519,0.23216,0.57159,0.45662,0.72343,0.60536,0.45662
7.04203,31.04187,-11.12493,0.18165,-0.01673,-0.98322,0.99626,0.0,0.0,nan,0.0,0.00901,0.02552,27.35272,1.84802,0.23887,0.46009,0.40906,0.82343,0.54112,0.40906
7.37036,30.83501,11.74798,0.09024,-0.00219,0.99592,0.99565,0.0,0.0,nan,0.0,0.00689,0.02321,29.03588,1.81721,0.23186,0.4058,0.44771,0.78207,0.55029,0.44771
6.7646,31.01706,12.27349,0.05483,0.03544,0.99787,0.99261,0.0,0.0,nan,0.0,0.00763,0.02383,27.36674,1.6519,0.22782,0.43455,0.57366,0.79088,0.60536,0.57366
6.96606,32.84808,-11.40671,0.14993,-0.2002,-0.96821,0.9918,0.0,0.0,nan,0.0,0.00859,0.02947,31.3199,2.68041,0.23271,0.37483,0.22233,0.82712,0.37308,0.22233
7.1301,33.19352,11.78288,0.09734,-0.01611,0.99512,0.99596,0.0,0.0,nan,0.0,0.00713,0.02058,28.6149,2.39714,0.22447,0.40027,0.34376,0.9255,0.41716,0.34376
6.67768,32.51611,12.09542,0.06642,0.00332,0.99779,0.99789,0.0,0.0,nan,0.0,0.00652,0.01714,28.38486,1.81709,0.21813,0.43767,0.3786,0.93109,0.55033,0.3786
6.64369,35.40288,-12.16927,0.07293,-0.05048,-0.99606,0.96794,0.0,0.0,nan,0.0,0.01087,0.0327,18.55642,1.81709,0.24002,0.58225,0.54603,0.63218,0.55033,0.54603
7.27884,34.69912,-11.69926,0.16396,-0.12292,-0.97878,0.98936,0.0,0.0,nan,0.0,0.00649,0.03695,24.18867,3.40099,0.23619,0.403,0.50061,0.47217,0.29403,0.50061
7.48157,34.84359,11.99305,0.09358,-0.03663,0.99494,0.9985,0.0,0.0,nan,0.0,0.01233,0.02966,25.97069,2.38479,0.227,0.46468,0.59678,0.96333,0.41932,0.59678
7.00599,34.95811,12.41763,0.07962,-0.02424,0.99653,0.99393,0.0,0.0,nan,0.0,0.00996,0.02699,26.24743,1.6519,0.23311,0.40732,0.42642,0.97457,0.60536,0.42642
6.99987,36.16458,-12.09007,0.1049,-0.04289,-0.99356,0.9856,0.0,0.0,nan,0.0,0.00493,0.01485,16.29093,3.63418,0.23086,0.45927,0.49898,0.81156,0.27517,0.49898
6.97826,37.00999,-11.53016,0.09756,-0.04809,-0.99407,0.99423,0.0,0.0,nan,0.0,0.00738,0.01784,13.73855,3.24384,0.2333,0.54086,0.70966,0.8765,0.30828,0.70966
7.37001,37.29061,11.98857,0.05514,0.00106,0.99848,0.99575,0.0,0.0,nan,0.0,0.00798,0.02651,29.61127,2.04121,0.22041,0.34094,0.31337,0.94184,0.48991,0.31337
6.94682,36.98108,12.28913,0.04919,0.01622,0.99866,0.99616,0.0,0.0,nan,0.0,0.00855,0.02683,29.23899,1.6519,0.22419,0.37156,0.42632,0.91673,0.60536,0.42632
6.89164,39.19363,-12.23089,0.08993,-0.1807,-0.97942,0.99677,0.0,0.0,nan,0.0,0.00548,0.0332,10.89077,3.1019,0.23878,0.74219,0.81866,0.33749,0.32238,0.81866
7.30376,38.45587,-11.89067,0.10016,-0.15117,-0.98342,0.99667,0.0,0.0,nan,0.0,0.00316,0.01466,11.83947,2.10897,0.22608,0.37086,0.53432,0.67875,0.47416,0.53432
7.31565,38.52037,11.52927,0.0886,-0.09883,0.99115,0.96855,0.0,0.0,nan,0.0,0.00736,0.02307,28.39418,2.01319,0.22385,0.34504,0.29586,0.98926,0.49672,0.29586
6.86184,39.26653,12.37132,0.08516,-0.09034,0.99226,0.99799,0.0,0.0,nan,0.0,0.00787,0.02519,26.12136,2.081,0.22619,0.36639,0.26308,0.91777,0.48054,0.26308
7.00141,40.9972,-12.23479,0.13361,-0.05271,-0.98963,0.99809,0.0,0.0,nan,0.0,0.01214,0.04244,5.57101,2.22407,0.22558,0.53954,0.44674,0.72039,0.44963,0.44674
7.84272,41.67721,11.92114,-0.00218,0.03625,0.99934,0.98906,0.0,0.0,nan,0.0,0.01614,0.04144,31.26431,1.9438,0.22303,0.5217,0.43835,0.79429,0.51446,0.43835
7.01759,41.02725,12.43983,0.06345,0.01325,0.9979,0.99372,0.0,0.0,nan,0.0,0.01092,0.02737,28.80891,2.06331,0.2249,0.49026,0.28583,0.87057,0.48466,0.28583
6.95503,43.00436,-12.25158,0.13824,-0.00967,-0.99035,0.99799,0.0,0.0,nan,0.0,0.00794,0.02507,4.98708,2.39564,0.22545,0.46083,0.46169,0.9629,0.41743,0.46169
7.7217,43.06377,11.9125,-0.02112,-0.02805,0.99938,0.97992,0.0,0.0,nan,0.0,0.01347,0.02944,32.86679,2.09725,0.22043,0.55467,0.45545,0.87477,0.47682,0.45545
6.88531,43.0013,12.13196,0.05443,-0.0223,0.99827,0.99403,0.0,0.0,nan,0.0,0.01191,0.02927,32.29017,1.93501,0.22589,0.54706,0.43057,0.78969,0.51679,0.43057
7.02662,44.99057,-12.32188,0.1702,0.04746,-0.98427,0.99819,0.0,0.0,nan,0.0,0.00454,0.05453,7.85105,2.73986,0.21989,0.35381,0.52849,0.29545,0.36498,0.52849
7.77816,44.2388,11.75784,-0.02242,-0.12507,0.99189,0.95931,0.0,0.0,nan,0.0,0.01298,0.03155,30.83184,2.20746,0.22356,0.50741,0.43654,0.86378,0.45301,0.43654
7.01352,44.94909,12.56697,0.01271,-0.12127,0.99254,0.99839,0.0,0.0,nan,0.0,0.01157,0.03424,30.69278,2.05959,0.22528,0.45038,0.44496,0.79927,0.48553,0.44496
6.90707,46.87694,-12.24271,0.20981,0.07273,-0.97503,0.99839,0.0,0.0,nan,0.0,0.00277,0.03317,19.89709,1.95693,0.22668,0.38005,0.63296,0.24154,0.511,0.63296
7.38592,47.60677,-11.60854,0.20931,0.05359,-0.97638,0.99423,0.0,0.0,nan,0.0,0.00384,0.03007,20.56434,1.92557,0.22603,0.39618,0.54864,0.354,0.51933,0.54864
6.97147,47.02421,12.5315,0.00067,0.01622,0.99987,0.99748,0.0,0.0,nan,0.0,0.02448,0.0663,25.76221,2.03593,0.21883,0.47696,0.61543,0.83409,0.49118,0.61543
6.5384,48.95964,-12.28746,0.19236,0.03249,-0.98079,0.9985,0.0,0.0,nan,0.0,0.00255,0.02782,19.82173,2.22291,0.22158,0.35926,0.47452,0.28069,0.44986,0.47452
7.43016,48.98041,-11.7705,0.19804,0.02294,-0.97993,0.99839,0.0,0.0,nan,0.0,0.00321,0.02846,20.227,1.93875,0.22372,0.37643,0.49424,0.32916,0.5158,0.49424
7.00641,49.03554,12.46665,0.03645,-0.02074,0.99912,0.9988,0.0,0.0,nan,0.0,0.01696,0.0699,24.07336,1.94007,0.21451,0.44874,0.58912,0.5858,0.51545,0.58912
6.56601,50.80254,-12.07368,0.16695,0.05118,-0.98464,0.99819,0.0,0.0,nan,0.0,0.00573,0.03888,16.51516,1.86054,0.2284,0.43283,0.61158,0.38181,0.53748,0.61158
7.35895,51.24179,-11.9976,0.17084,0.05321,-0.98386,0.99687,0.0,0.0,nan,0.0,0.00742,0.0512,17.22423,1.87814,0.23109,0.44999,0.54079,0.35935,0.53244,0.54079
6.94984,50.95301,12.79657,0.02192,0.05216,0.9984,0.99728,0.0,0.0,nan,0.0,0.00683,0.04688,13.9356,2.0352,0.21673,0.29578,0.33595,0.56312,0.49135,0.33595
6.04607,52.1912,-12.01863,0.12972,0.08064,-0.98827,0.9988,0.0,0.0,nan,0.0,0.00368,0.03592,21.37114,3.20918,0.23201,0.38033,0.83626,0.40651,0.31161,0.83626
6.93663,52.97898,-11.64705,0.14117,0.07947,-0.98679,0.9987,0.0,0.0,nan,0.0,0.00497,0.03346,23.44715,2.0923,0.22524,0.39521,0.76279,0.42562,0.47794,0.76279
6.9599,52.97655,12.45021,0.00311,0.07559,0.99713,0.9987,0.0,0.0,nan,0.0,0.01115,0.03534,10.01988,1.95316,0.22816,0.39181,0.48581,0.96578,0.51199,0.48581
6.9186,54.99665,-11.86618,0.14379,0.09739,-0.9848,0.9989,0.0,0.0,nan,0.0,0.00561,0.02714,24.84918,2.04805,0.23106,0.37737,0.68603,0.59194,0.48827,0.68603
6.99411,54.98864,12.34403,0.0014,0.16661,0.98602,0.99697,0.0,0.0,nan,0.0,0.00725,0.02817,22.89904,1.6905,0.24149,0.56779,0.43654,0.49253,0.59154,0.43654
7.03908,56.97786,-11.27623,0.14951,0.08625,-0.98499,0.9989,0.0,0.0,nan,0.0,0.0101,0.04353,23.27453,1.84367,0.23572,0.35938,0.75774,0.71854,0.5424,0.75774
7.11112,57.17074,11.32281,-0.06575,0.12129,0.99044,0.97708,0.0,0.0,nan,0.0,0.01244,0.03219,35.26899,1.7567,0.23532,0.47079,0.40331,0.86747,0.56925,0.40331
7.01955,56.35489,12.28064,-0.02886,0.15777,0.98705,0.9919,0.0,0.0,nan,0.0,0.00825,0.03245,31.29462,1.7246,0.22778,0.39333,0.36127,0.68726,0.57984,0.36127
6.95659,59.05631,-11.2452,0.15777,0.05249,-0.98608,0.9989,0.0,0.0,nan,0.0,0.01014,0.04235,22.34776,1.8864,0.22324,0.3323,0.68008,0.78476,0.53011,0.68008
7.0383,58.75745,11.73245,-0.04571,0.00948,0.99891,0.99586,0.0,0.0,nan,0.0,0.00912,0.03047,34.06316,1.6519,0.22866,0.46868,0.51053,0.67616,0.60536,0.51053
6.76758,59.53952,12.00887,-0.01136,-0.03283,0.9994,0.99504,0.0,0.0,nan,0.0,0.01094,0.03688,31.84679,1.87686,0.23521,0.48245,0.4331,0.6534,0.53281,0.4331
6.85503,61.01203,-10.89099,0.16105,0.04464,-0.98594,0.99768,0.0,0.0,nan,0.0,0.0089,0.04676,21.37725,1.88718,0.21716,0.30479,0.34356,0.68293,0.52989,0.34356
7.0124,61.03737,11.68458,0.03256,0.06405,0.99742,0.99697,0.0,0.0,nan,0.0,0.01708,0.05443,28.11762,2.08572,0.22284,0.49553,0.5747,0.67832,0.47945,0.5747
6.29002,60.00876,12.00622,-0.0064,-0.01299,0.9999,0.99068,0.0,0.0,nan,0.0,0.01018,0.03427,31.13965,2.06862,0.23438,0.49961,0.43326,0.63271,0.48341,0.43326
6.98845,63.00424,-11.08257,0.18629,0.03909,-0.98172,0.9988,0.0,0.0,nan,0.0,0.00608,0.05057,16.0469,2.0842,0.21879,0.32191,0.50866,0.4203,0.4798,0.50866
7.17459,63.05061,11.56772,0.0358,-0.01248,0.99928,0.9989,0.0,0.0,nan,0.0,0.00777,0.02227,27.09393,2.08505,0.22224,0.39631,0.26141,0.9457,0.4796,0.26141
7.01497,64.99712,-11.02771,0.21246,0.1213,-0.96961,0.9989,0.0,0.0,nan,0.0,0.0091,0.04526,9.21508,1.99292,0.22704,0.28471,0.52964,0.85914,0.50178,0.52964
7.07535,65.0957,11.81299,0.0204,0.01404,0.99969,0.99454,0.0,0.0,nan,0.0,0.00683,0.02467,27.34457,2.03547,0.21986,0.34946,0.40613,0.85079,0.49129,0.40613
6.37963,64.35152,12.09686,0.04102,-0.00802,0.99913,0.9851,0.0,0.0,nan,0.0,0.00946,0.0275,31.06689,2.05659,0.22618,0.40427,0.35132,0.90548,0.48624,0.35132
7.02723,67.01653,-10.73573,0.23198,0.18435,-0.95509,0.9989,0.0,0.0,nan,0.0,0.01175,0.05193,9.33385,1.9447,0.22125,0.34429,0.32239,0.79785,0.51422,0.32239
7.01247,67.10565,11.43777,-0.05497,0.21821,0.97435,0.99169,0.0,0.0,nan,0.0,0.00697,0.02561,29.29181,3.40471,0.23979,0.48948,0.66411,0.59393,0.29371,0.66411
6.95816,68.95773,-10.23244,0.20611,0.12596,-0.97039,0.9989,0.0,0.0,nan,0.0,0.01252,0.06324,8.0623,1.93537,0.23234,0.39339,0.72803,0.62809,0.5167,0.72803
7.87558,69.57652,-9.96435,0.21323,0.11085,-0.97069,0.9988,0.0,0.0,nan,0.0,0.00827,0.05025,8.92761,1.8976,0.22827,0.40215,0.80953,0.61871,0.52698,0.80953
7.07952,68.92395,11.04305,-0.01497,0.07957,0.99672,0.99789,0.0,0.0,nan,0.0,0.00793,0.02221,33.3143,3.51603,0.23271,0.53844,0.71288,0.70332,0.28441,0.71288
6.93158,70.93812,-10.24265,0.17109,0.1761,-0.96939,0.9986,0.0,0.0,nan,0.0,0.00376,0.0461,14.78845,2.00507,0.20837,0.56007,0.86634,0.26355,0.49874,0.86634
7.1193,71.84096,-9.94509,0.16428,0.23454,-0.95812,0.9986,0.0,0.0,nan,0.0,0.00594,0.04737,14.38884,1.87172,0.20739,0.51942,0.76608,0.29001,0.53427,0.76608
7.0478,70.99055,11.08531,0.04983,0.00046,0.99876,0.99078,0.0,0.0,nan,0.0,0.00786,0.02752,20.4564,2.06123,0.23229,0.37387,0.38136,0.83837,0.48515,0.38136
6.99194,73.00499,-9.47714,0.14852,0.30013,-0.94226,0.9989,0.0,0.0,nan,0.0,0.0091,0.0598,14.67218,1.70699,0.21161,0.48946,0.70503,0.35325,0.58583,0.70503
6.96494,73.05334,10.71457,-0.00561,0.23646,0.97163,0.99545,0.0,0.0,nan,0.0,0.00888,0.02767,28.98084,1.6519,0.23439,0.50452,0.46538,0.6801,0.60536,0.46538
6.99693,74.99287,-8.85054,0.14147,0.29309,-0.94556,0.9989,0.0,0.0,nan,0.0,0.01567,0.06154,9.31385,1.84653,0.22164,0.33862,0.41841,0.91357,0.54156,0.41841
7.30999,74.83642,9.88856,-0.05894,0.07659,0.99532,0.98053,0.0,0.0,nan,0.0,0.00984,0.02476,27.8469,2.05938,0.22768,0.46825,0.23096,0.90995,0.48558,0.23096
6.95071,74.98419,10.31277,-0.06986,0.0853,0.9939,0.99819,0.0,0.0,nan,0.0,0.008,0.0208,27.47799,1.7535,0.23476,0.45705,0.31777,0.90259,0.57029,0.31777
6.95835,76.89777,-8.31277,0.11911,0.3048,-0.94494,0.9988,0.0,0.0,nan,0.0,0.00931,0.03886,9.43228,1.91241,0.22629,0.36131,0.43758,0.80353,0.5229,0.43758
7.01919,77.96333,-7.99584,0.1136,0.34393,-0.9321,0.9989,0.00442,0.0221,0.7,1.0,0.00915,0.0367,9.37061,1.72636,0.23156,0.4065,0.42012,0.74394,0.57925,0.42012
6.78472,77.81689,9.80476,-0.0524,0.35269,0.93427,0.99149,0.0,0.0,nan,0.0,0.01657,0.04974,24.66846,2.57935,0.23339,0.50026,0.38103,0.72008,0.38769,0.38103
7.01491,76.91259,10.36906,-0.06391,0.20841,0.97595,0.98114,0.0,0.0,nan,0.0,0.00842,0.02938,26.81021,1.6519,0.24198,0.51145,0.57409,0.60257,0.60536,0.57409
6.80172,78.02863,-8.00128,0.10438,0.3472,-0.93196,0.9989,0.00288,0.01438,0.7,1.0,0.00836,0.03348,9.3339,1.87054,0.22961,0.39848,0.45044,0.76105,0.5346,0.45044
7.04136,79.09785,-7.75596,0.11769,0.4018,-0.90813,0.99718,0.01196,0.05982,0.7,1.0,0.00701,0.03083,8.41739,2.06563,0.2254,0.39923,0.54405,0.70475,0.48411,0.54405
6.99188,78.993,9.16423,-0.03856,0.37101,0.92783,0.99667,0.0,0.0,nan,0.0,0.01021,0.02929,25.40211,2.02381,0.23681,0.3983,0.6178,0.94398,0.49412,0.6178
7.94889,78.03876,10.01785,-0.03308,0.36676,0.92973,0.9856,0.0,0.0,nan,0.0,0.01008,0.03775,26.69998,2.61894,0.22616,0.45468,0.58482,0.63109,0.38183,0.58482
6.95187,80.82962,-6.57165,0.11991,0.61128,-0.78228,0.992,0.00029,0.00145,0.7,1.0,0.00869,0.03425,8.41794,1.6519,0.24007,0.43483,0.62723,0.72221,0.60536,0.62723
7.30536,81.79179,-5.74244,0.12702,0.76208,-0.6349,0.98165,0.0,0.0,nan,0.0,0.00937,0.04057,8.53047,1.72476,0.24379,0.4632,0.54962,0.61553,0.57979,0.54962
7.02698,80.9787,8.79894,0.01104,0.40445,0.91449,0.97556,0.0,0.0,nan,0.0,0.00753,0.02482,18.99704,1.88076,0.23494,0.53559,0.5088,0.62563,0.5317,0.5088
6.96464,82.45271,-4.76828,0.10128,0.87395,-0.47535,0.98733,0.0,0.0,nan,0.0,0.00632,0.03084,8.63862,1.71584,0.23163,0.26879,0.40764,0.93905,0.5828,0.40764
6.98348,82.99281,-3.04929,0.08697,0.96778,-0.23631,0.99677,0.0,0.0,nan,0.0,0.01552,0.07815,11.42255,2.22546,0.21849,0.31513,0.80813,0.90989,0.44935,0.80813
6.97067,83.27869,-0.94045,0.08741,0.99479,-0.05243,0.9985,0.0,0.0,nan,0.0,0.00714,0.04776,16.00984,2.01445,0.22406,0.21285,0.38606,0.79022,0.49641,0.38606
6.96618,83.07598,1.01983,0.09471,0.99468,-0.04045,0.9986,0.0,0.0,nan,0.0,0.01185,0.05437,17.42414,1.93349,0.23343,0.24427,0.55587,0.99456,0.5172,0.55587
7.01643,83.38252,2.99115,0.07121,0.99732,-0.0166,0.9988,0.02652,0.13261,0.51,1.0,0.02381,0.07926,15.83886,1.89546,0.23434,0.39265,0.45485,0.86173,0.52758,0.45485
6.99718,83.31658,4.97461,0.0282,0.99172,0.12529,0.9988,0.00169,0.00845,0.43,1.0,0.01423,0.07854,11.00959,1.88454,0.23198,0.45275,0.8182,0.60498,0.53063,0.8182
7.00328,82.82651,7.06132,0.0239,0.89594,0.44354,0.96754,0.0,0.0,nan,0.0,0.01104,0.05767,7.93639,1.91021,0.22601,0.49506,0.49138,0.48411,0.5235,0.49138
6.90473,82.1412,8.14117,0.03222,0.64738,0.76148,0.93912,0.0,0.0,nan,0.0,0.00352,0.05792,21.89978,1.75505,0.23252,0.71786,0.95787,0.27563,0.56978,0.95787
8.9977,1.46955,-2.9545,0.06196,-0.85368,-0.5171,0.98347,0.0,0.0,nan,0.0,0.00834,0.07525,12.07346,2.05905,0.22802,0.61546,0.69566,0.21002,0.48566,0.69566
9.02574,0.63131,-1.09063,0.0068,-0.9785,-0.20611,0.98581,0.0,0.0,nan,0.0,0.01252,0.06539,4.94514,1.68592,0.24366,0.28685,0.60737,0.93724,0.59315,0.60737
9.01002,0.72053,1.00041,-0.04644,-0.99471,0.09162,0.9985,0.0,0.0,nan,0.0,0.01214,0.07531,5.032,2.71533,0.2251,0.50638,0.66546,0.44496,0.36828,0.66546
8.97934,1.11547,3.00586,-0.06465,-0.9795,0.1908,0.9988,0.01186,0.05932,0.51,1.0,0.0129,0.06698,4.5828,2.01016,0.22104,0.28126,0.68631,0.98367,0.49747,0.68631
8.98673,1.49983,4.98739,-0.05323,-0.95649,0.28687,0.99839,0.00144,0.00719,0.51,1.0,0.00353,0.03356,8.38329,2.20291,0.23983,0.71515,0.90231,0.35503,0.45394,0.90231
9.03173,1.87662,6.37034,-0.02541,-0.94584,0.32364,0.9989,0.0,0.0,nan,0.0,0.00198,0.01182,9.62336,1.66608,0.23698,0.57312,0.86738,0.56486,0.60021,0.86738
8.9718,2.95152,-4.58548,0.1097,-0.5027,-0.85747,0.97891,0.0,0.0,nan,0.0,0.00834,0.0311,25.81641,2.34528,0.23407,0.46806,0.49298,0.61735,0.42639,0.49298
9.35755,2.03745,-3.90297,0.11582,-0.69423,-0.71038,0.96266,0.0,0.0,nan,0.0,0.01077,0.05018,26.47693,2.02758,0.22773,0.63697,0.54861,0.36232,0.4932,0.54861
8.98416,2.57233,7.2465,-0.00654,-0.94158,0.33673,0.9985,0.0,0.0,nan,0.0,0.0049,0.01439,10.26249,1.70443,0.24679,0.56964,0.6747,0.71464,0.58671,0.6747
8.99467,2.90016,9.07335,0.0178,-0.84076,0.54111,0.96287,0.0,0.0,nan,0.0,0.00477,0.04325,27.65406,2.01131,0.24557,0.79385,0.88459,0.26154,0.49719,0.88459
8.94111,3.69912,10.3181,0.03088,-0.56566,0.82406,0.92359,0.0,0.0,nan,0.0,0.00501,0.03349,27.89599,3.03986,0.23698,0.72385,0.91615,0.47317,0.32896,0.91615
8.88237,5.78008,-6.18176,0.13061,-0.38687,-0.91284,0.97728,0.0,0.0,nan,0.0,0.01164,0.03155,37.68217,1.8641,0.23562,0.59227,0.75608,0.66893,0.53645,0.75608
8.97847,4.86161,-5.09222,0.11197,-0.44066,-0.89066,0.99667,0.0,0.0,nan,0.0,0.01576,0.03513,28.43798,2.78271,0.24015,0.58685,0.44832,0.81815,0.35936,0.44832
9.00246,5.13381,10.2508,0.08378,-0.3218,0.94309,0.9921,0.0,0.0,nan,0.0,0.00862,0.01949,24.46831,1.77274,0.23594,0.50172,0.32282,0.95395,0.5641,0.32282
9.08684,7.05823,-6.66092,0.17635,-0.22065,-0.95928,0.9586,0.0,0.0,nan,0.0,0.01466,0.03871,36.82363,1.90197,0.22784,0.55333,0.64957,0.72163,0.52577,0.64957
9.7143,7.75605,-5.68055,0.20779,-0.17084,-0.96314,0.98936,0.0,0.0,nan,0.0,0.01789,0.04153,33.41758,1.96601,0.22591,0.61204,0.63809,0.7461,0.50864,0.63809
8.72541,6.75345,10.74122,0.15553,-0.22764,0.96124,0.99687,0.0,0.0,nan,0.0,0.00687,0.01654,26.51527,2.20408,0.22429,0.47929,0.40895,0.93225,0.4537,0.40895
8.98013,9.03578,-6.52962,0.22645,-0.14473,-0.96321,0.99819,0.0,0.0,nan,0.0,0.01531,0.03365,30.83805,2.0582,0.22502,0.53891,0.4867,0.89913,0.48586,0.4867
9.74802,8.37195,-5.73238,0.23251,-0.10084,-0.96735,0.98357,0.0,0.0,nan,0.0,0.01204,0.02892,29.08205,2.01683,0.22264,0.50651,0.40399,0.87861,0.49583,0.40399
9.07124,8.89893,11.5016,0.14158,-0.16418,0.97622,0.99636,0.0,0.0,nan,0.0,0.00701,0.02732,18.55157,2.01391,0.22348,0.53119,0.71186,0.53533,0.49655,0.71186
9.09678,11.02248,-7.1498,0.18618,-0.30416,-0.93425,0.99738,0.0,0.0,nan,0.0,0.01462,0.0315,25.77022,2.02603,0.22406,0.53364,0.47089,0.93747,0.49358,0.47089
8.99366,11.09316,11.7724,0.08829,0.05069,0.9948,0.99038,0.0,0.0,nan,0.0,0.00598,0.02002,12.0552,2.056,0.23722,0.57227,0.61392,0.60849,0.48638,0.61392
8.00449,12.41702,-8.00265,0.1716,-0.08717,-0.9813,0.97464,0.0,0.0,nan,0.0,0.0149,0.04084,29.75895,1.7262,0.2399,0.57594,0.5371,0.67633,0.57931,0.5371
9.00104,12.9911,-7.8235,0.14281,-0.08043,-0.98648,0.98591,0.0,0.0,nan,0.0,0.0102,0.02573,26.17822,3.2256,0.23361,0.57471,0.69869,0.74266,0.31002,0.69869
9.00293,12.96801,11.34169,0.17999,0.13632,0.97418,0.99667,0.0,0.0,nan,0.0,0.00304,0.01136,17.44654,3.38216,0.23828,0.43524,0.36446,0.68603,0.29567,0.36446
8.46636,15.911,-8.06284,0.08483,-0.32018,-0.94355,0.99484,0.0,0.0,nan,0.0,0.01277,0.03567,21.57422,1.87971,0.2277,0.61745,0.48058,0.63375,0.532,0.48058
9.00527,14.96953,-7.37716,0.08888,-0.19647,-0.97647,0.96693,0.0,0.0,nan,0.0,0.01239,0.02904,21.72308,1.95534,0.23322,0.54403,0.55302,0.85636,0.51142,0.55302
8.93634,14.99047,10.92982,0.21461,0.08798,0.97273,0.99515,0.0,0.0,nan,0.0,0.00481,0.01155,21.82975,1.70074,0.23169,0.4545,0.50055,1.0,0.58798,0.50055
8.91264,16.93294,-8.51624,0.07978,-0.22964,-0.97,0.97637,0.0,0.0,nan,0.0,0.01633,0.04481,24.24075,1.65801,0.23555,0.64456,0.64021,0.6119,0.60313,0.64021
9.59661,16.14195,-7.89188,0.05017,-0.32915,-0.94294,0.99474,0.0,0.0,nan,0.0,0.01262,0.03447,16.78999,1.86183,0.2429,0.71018,0.76446,0.60513,0.53711,0.76446
9.05831,17.04631,11.06551,0.21915,-0.05619,0.97407,0.99819,0.0,0.0,nan,0.0,0.00647,0.01697,26.00949,1.6519,0.2385,0.41369,0.35903,0.9917,0.60536,0.35903
8.9378,18.9619,-8.50958,0.13017,-0.02637,-0.99114,0.99504,0.0,0.0,nan,0.0,0.00958,0.0271,26.3572,1.91013,0.23422,0.49502,0.38563,0.76838,0.52352,0.38563
9.3509,19.60126,-7.81542,0.15286,-0.03899,-0.98748,0.92176,0.0,0.0,nan,0.0,0.01262,0.02843,28.16921,1.6519,0.24681,0.50315,0.47208,0.94486,0.60536,0.47208
8.9684,18.87024,11.27467,0.19254,-0.00406,0.98128,0.99829,0.0,0.0,nan,0.0,0.00807,0.02434,29.62566,1.74054,0.23101,0.38686,0.47845,0.91468,0.57454,0.47845
9.05828,20.92155,-8.82584,0.13899,-0.33833,-0.93071,0.98175,0.0,0.0,nan,0.0,0.01278,0.03374,36.56433,1.88086,0.23104,0.64177,0.57942,0.62255,0.53167,0.57942
9.99107,20.97574,-7.98618,0.0954,-0.35618,-0.92953,0.9113,0.0,0.0,nan,0.0,0.00877,0.0386,34.61515,1.6519,0.23753,0.53512,0.75988,0.46367,0.60536,0.75988
8.9439,20.98891,10.69788,0.14557,0.05192,0.98798,0.97231,0.0,0.0,nan,0.0,0.01383,0.03201,35.96707,2.68725,0.23386,0.49768,0.39193,0.91659,0.37213,0.39193
8.71231,23.4455,-10.15366,0.16146,-0.17233,-0.97172,0.97403,0.0,0.0,nan,0.0,0.00847,0.02414,23.76704,2.0217,0.2247,0.60338,0.80678,0.77005,0.49463,0.80678
9.10017,22.76919,-9.70069,0.15572,-0.27518,-0.9487,0.98408,0.0,0.0,nan,0.0,0.01196,0.03101,26.01571,1.89291,0.23315,0.68035,0.66379,0.61061,0.52829,0.66379
8.98476,23.21421,10.90974,0.17754,-0.20887,0.96169,0.98703,0.0,0.0,nan,0.0,0.00802,0.02695,29.64591,1.86597,0.23372,0.37616,0.2825,0.84433,0.53591,0.2825
8.06446,23.91834,12.03226,0.14394,-0.16907,0.97504,0.97748,0.0,0.0,nan,0.0,0.00859,0.02356,24.6411,1.73776,0.23544,0.45316,0.48356,0.86995,0.57545,0.48356
9.10303,25.63412,-10.16867,0.1383,-0.08887,-0.9864,0.99799,0.0,0.0,nan,0.0,0.00817,0.02375,24.58893,1.6519,0.2266,0.41097,0.39075,0.90503,0.60536,0.39075
8.99976,24.76536,-9.72222,0.15841,-0.05258,-0.98597,0.99657,0.0,0.0,nan,0.0,0.00831,0.02247,22.46221,1.6519,0.23887,0.47649,0.43548,0.84567,0.60536,0.43548
9.04898,25.03234,11.43158,0.14087,-0.08437,0.98643,0.99728,0.0,0.0,nan,0.0,0.00746,0.02359,25.82147,1.66077,0.24148,0.36954,0.27624,0.92236,0.60213,0.27624
8.16589,24.33761,12.0552,0.1421,-0.13878,0.98008,0.97962,0.0,0.0,nan,0.0,0.00674,0.0199,25.02125,2.94242,0.22745,0.43423,0.39922,0.8421,0.33986,0.39922
9.01667,27.07567,-10.17112,0.10285,-0.26663,-0.9583,0.99748,0.0,0.0,nan,0.0,0.01222,0.02757,22.65079,2.05929,0.22256,0.55234,0.36792,0.87323,0.4856,0.36792
9.49915,27.31125,-9.97045,0.12844,-0.26234,-0.95639,0.99657,0.0,0.0,nan,0.0,0.02394,0.04258,23.75925,2.24295,0.23017,0.70502,0.74549,0.86473,0.44584,0.74549
8.85213,27.032,11.23634,0.14018,-0.01496,0.99001,0.98307,0.0,0.0,nan,0.0,0.01104,0.02904,31.21137,2.1595,0.23386,0.42579,0.37572,0.94975,0.46307,0.37572
8.97869,28.98207,-11.00115,0.18055,-0.09253,-0.9792,0.96622,0.0,0.0,nan,0.0,0.0077,0.02599,21.80977,2.39651,0.23721,0.4755,0.39263,0.68043,0.41727,0.39263
8.97224,28.85125,11.40849,0.12577,-0.13905,0.98227,0.99626,0.0,0.0,nan,0.0,0.01099,0.02525,30.9837,1.6519,0.23086,0.52514,0.33632,0.88245,0.60536,0.33632
8.79057,29.64021,12.08017,0.12033,-0.14501,0.98209,0.99677,0.0,0.0,nan,0.0,0.01298,0.03026,33.0104,3.26731,0.23694,0.56321,0.29905,0.8079,0.30606,0.29905
8.91662,30.93123,-10.30344,0.22937,0.01621,-0.9732,0.98063,0.0,0.0,nan,0.0,0.01259,0.03552,26.84654,1.89667,0.23509,0.5803,0.70765,0.65636,0.52724,0.70765
8.36452,31.55869,-9.98703,0.24255,-0.03864,-0.96937,0.91851,0.0,0.0,nan,0.0,0.00927,0.02765,27.56288,1.8418,0.23202,0.44115,0.35774,0.81515,0.54295,0.35774
8.4627,31.08046,11.96399,0.1058,0.00367,0.99438,0.99261,0.0,0.0,nan,0.0,0.01105,0.0263,31.41189,1.6519,0.22929,0.4693,0.35511,0.95257,0.60536,0.35511
9.05033,31.00409,12.1395,0.11671,-0.01591,0.99304,0.98571,0.0,0.0,nan,0.0,0.00932,0.02432,33.10413,2.35762,0.21972,0.45269,0.41969,0.89712,0.42416,0.41969
8.96572,33.03036,-10.79434,0.22907,-0.19109,-0.95447,0.99768,0.0,0.0,nan,0.0,0.00879,0.03307,28.73921,1.85794,0.23989,0.37633,0.31125,0.75571,0.53823,0.31125
8.90685,33.20633,11.71239,0.11493,-0.00177,0.99337,0.99677,0.0,0.0,nan,0.0,0.01356,0.03167,30.56759,1.87019,0.23036,0.47234,0.44686,0.96544,0.5347,0.44686
8.75232,32.39005,12.11036,0.11491,0.04395,0.9924,0.9985,0.0,0.0,nan,0.0,0.00964,0.02343,32.31857,2.52925,0.22709,0.45192,0.54349,0.96707,0.39537,0.54349
9.06982,34.95397,-11.29353,0.27191,-0.11446,-0.95549,0.99829,0.0,0.0,nan,0.0,0.01006,0.03442,25.27045,1.82551,0.23484,0.41893,0.32461,0.75276,0.54779,0.32461
8.89449,34.73098,11.90618,0.08325,-0.07981,0.99333,0.99829,0.0,0.0,nan,0.0,0.01114,0.0305,28.10651,1.6519,0.23404,0.42225,0.32327,0.92626,0.60536,0.32327
9.13675,35.13832,12.00317,0.07399,-0.08309,0.99379,0.9989,0.0,0.0,nan,0.0,0.00878,0.03049,27.76151,1.6519,0.22744,0.35567,0.25257,0.86821,0.60536,0.25257
9.01821,36.88312,-11.21109,0.231,-0.12384,-0.96504,0.99738,0.0,0.0,nan,0.0,0.01047,0.02602,15.91714,1.88471,0.23628,0.53517,0.39291,0.84681,0.53058,0.39291
8.6788,36.74969,11.89552,0.02735,0.03191,0.99912,0.99738,0.0,0.0,nan,0.0,0.013,0.03775,27.54646,1.82834,0.22875,0.40494,0.4928,0.91194,0.54694,0.4928
9.13597,37.01376,12.24363,0.02376,0.0288,0.9993,0.99809,0.0,0.0,nan,0.0,0.01288,0.03776,27.79192,1.81709,0.22851,0.40956,0.40486,0.89298,0.55033,0.40486
9.00727,39.96903,-12.00929,0.1433,-0.13287,-0.98072,0.99748,0.0,0.0,nan,0.0,0.00453,0.03067,8.03504,1.86219,0.22347,0.43776,0.57814,0.42129,0.537,0.57814
9.03035,38.91113,-11.89368,0.15996,-0.1822,-0.97016,0.99657,0.0,0.0,nan,0.0,0.00467,0.02546,11.59172,1.95799,0.22776,0.56771,0.82128,0.4911,0.51073,0.82128
8.94003,38.75956,11.77658,0.05617,-0.08422,0.99486,0.99342,0.00098,0.00489,0.7,1.0,0.00998,0.03232,27.59762,1.93075,0.22294,0.3346,0.33288,0.99009,0.51793,0.33288
8.92701,39.57284,12.09521,0.04853,-0.10908,0.99285,0.99667,0.0,0.0,nan,0.0,0.01023,0.0334,27.38095,2.0396,0.22054,0.3573,0.27742,0.91987,0.49029,0.27742
8.75478,41.05286,-12.09885,0.12607,-0.04798,-0.99086,0.99809,0.0,0.0,nan,0.0,0.01099,0.04022,4.93949,2.30025,0.22278,0.50615,0.38303,0.75857,0.43474,0.38303
9.68137,40.72941,-11.97534,0.15507,-0.07503,-0.98505,0.99829,0.02112,0.10558,0.6,1.0,0.01633,0.07508,5.51796,1.86942,0.22778,0.69056,0.55665,0.42908,0.53492,0.55665
8.18587,41.70431,11.94069,-0.01606,0.02443,0.99957,0.99119,0.0,0.0,nan,0.0,0.01738,0.04606,32.19226,2.02144,0.22629,0.53131,0.47933,0.75438,0.4947,0.47933
9.03893,40.97165,12.38423,0.00336,-0.07242,0.99737,0.9918,0.0,0.0,nan,0.0,0.01428,0.04484,26.56423,1.94884,0.23106,0.43694,0.39108,0.78396,0.51312,0.39108
8.88083,43.00815,-12.12344,0.13875,0.01223,-0.99025,0.99809,0.00031,0.00154,0.6,1.0,0.0091,0.03414,5.59783,2.42042,0.23292,0.39054,0.68431,0.92618,0.41315,0.68431
9.87234,43.03917,-11.98612,0.16088,0.02488,-0.98666,0.99809,0.00173,0.00863,0.6,1.0,0.02045,0.09975,6.42034,1.86926,0.21964,0.56063,0.56377,0.47951,0.53497,0.56377
8.38005,43.13628,11.90438,-0.07169,-0.03864,0.99668,0.98012,0.0,0.0,nan,0.0,0.01414,0.03258,31.4849,2.31475,0.22144,0.57075,0.42973,0.80842,0.43201,0.42973
9.24752,42.95049,12.39976,-0.062,-0.02312,0.99781,0.99728,0.0,0.0,nan,0.0,0.01206,0.03527,30.08481,2.19229,0.22606,0.5562,0.47679,0.65589,0.45614,0.47679
8.48408,44.70513,-12.07316,0.16767,0.06713,-0.98356,0.9987,0.0,0.0,nan,0.0,0.01217,0.06642,8.39685,1.89426,0.23179,0.62485,0.78348,0.40669,0.52791,0.78348
9.30697,45.17532,-11.84458,0.15628,0.07858,-0.98458,0.9988,0.0,0.0,nan,0.0,0.00931,0.04792,10.75741,1.74831,0.23876,0.44681,0.41512,0.51552,0.57198,0.41512
8.40251,44.27065,11.71789,-0.04881,-0.10957,0.99278,0.96317,0.0,0.0,nan,0.0,0.01326,0.03704,29.48463,2.06985,0.23535,0.52906,0.52771,0.72263,0.48313,0.52771
8.96395,45.016,12.58362,0.02095,-0.0655,0.99763,0.99281,0.0,0.0,nan,0.0,0.01031,0.03588,29.74551,2.06366,0.22477,0.52581,0.43361,0.58344,0.48458,0.43361
8.05358,46.51183,-12.01993,0.18643,0.08634,-0.97867,0.9986,0.0,0.0,nan,0.0,0.00347,0.03055,20.62697,1.86963,0.2232,0.38904,0.45883,0.31994,0.53486,0.45883
9.00405,47.0329,-11.61578,0.14132,0.07326,-0.98725,0.99839,0.0,0.0,nan,0.0,0.00347,0.02921,19.74879,2.48926,0.22719,0.38452,0.56619,0.34038,0.40173,0.56619
9.02075,47.03509,12.56196,0.10475,0.04237,0.9936,0.99352,0.0,0.0,nan,0.0,0.02522,0.05987,29.79031,2.03434,0.21749,0.60733,0.62451,0.74022,0.49156,0.62451
8.97452,48.94768,-11.77912,0.15234,0.01998,-0.98813,0.99829,0.0,0.0,nan,0.0,0.00253,0.02657,19.40031,1.94528,0.22008,0.31231,0.55021,0.33701,0.51407,0.55021
8.98735,49.0335,12.3351,0.13222,0.00913,0.99118,0.9988,0.0,0.0,nan,0.0,0.01464,0.04862,23.64644,1.86765,0.22015,0.44592,0.6924,0.73237,0.53543,0.6924
8.9713,50.97182,-11.58753,0.16326,0.03237,-0.98605,0.9987,0.0,0.0,nan,0.0,0.01314,0.06333,13.74942,3.08169,0.24244,0.62353,0.49206,0.38108,0.3245,0.49206
9.04585,50.97365,12.42249,0.11917,0.01979,0.99268,0.9988,0.0,0.0,nan,0.0,0.01171,0.05063,19.05538,1.90462,0.23018,0.39161,0.38141,0.65267,0.52504,0.38141
8.97909,52.99641,-11.56044,0.15233,0.04451,-0.98733,0.9989,0.0,0.0,nan,0.0,0.00333,0.07896,13.45692,1.8416,0.21525,0.42273,0.92516,0.26085,0.54301,0.92516
9.99436,53.93346,11.95703,0.14887,0.10869,0.98286,0.9988,0.0,0.0,nan,0.0,0.00856,0.04006,24.32619,2.08306,0.22855,0.35787,0.4732,0.64658,0.48006,0.4732
9.05076,52.98764,12.27186,0.12254,0.09699,0.98771,0.9987,0.0,0.0,nan,0.0,0.00883,0.04741,20.95198,1.6519,0.22883,0.40192,0.53159,0.50745,0.60536,0.53159
8.9513,55.01607,-11.42825,0.11774,0.09718,-0.98828,0.9986,0.0,0.0,nan,0.0,0.00631,0.04129,14.81147,2.00268,0.2191,0.34247,0.34036,0.50668,0.49933,0.34036
9.50032,55.27368,11.96561,0.14635,0.11004,0.98309,0.99809,0.0,0.0,nan,0.0,0.00744,0.04269,24.22203,1.86187,0.236,0.30735,0.33473,0.6137,0.53709,0.33473
8.74461,54.85923,12.06506,0.12549,0.11845,0.985,0.99778,0.0,0.0,nan,0.0,0.00839,0.03629,21.4967,2.04875,0.2255,0.44904,0.44683,0.56255,0.4881,0.44683
9.00745,56.98525,-11.25607,0.09418,0.07633,-0.99262,0.9989,0.0,0.0,nan,0.0,0.00628,0.03026,12.89173,1.79513,0.22766,0.40018,0.76119,0.62123,0.55706,0.76119
9.03834,57.03679,11.9991,0.06219,0.06863,0.9957,0.99281,0.0,0.0,nan,0.0,0.0089,0.03695,26.74652,1.90547,0.2287,0.42773,0.54774,0.60546,0.52481,0.54774
8.35458,56.23196,12.09645,0.03981,0.12636,0.99119,0.99789,0.0,0.0,nan,0.0,0.00762,0.03226,27.3277,1.69833,0.22562,0.46183,0.33793,0.54905,0.58881,0.33793
8.97556,58.98533,-11.06181,0.0993,0.07575,-0.99217,0.9989,0.0,0.0,nan,0.0,0.00656,0.03749,17.6659,1.88699,0.21598,0.32956,0.50552,0.59103,0.52995,0.50552
8.98398,58.99793,11.87396,0.02777,0.04573,0.99857,0.99454,0.0,0.0,nan,0.0,0.01126,0.07583,23.51272,1.92362,0.2262,0.59352,0.88325,0.47337,0.51985,0.88325
8.24583,58.3843,12.11083,-0.01002,0.04427,0.99897,0.99271,0.0,0.0,nan,0.0,0.01026,0.0405,29.1062,2.25176,0.23236,0.44138,0.67048,0.61353,0.4441,0.67048
9.0124,61.00444,-10.92742,0.16012,0.09885,-0.98214,0.9989,0.0,0.0,nan,0.0,0.00775,0.04397,18.37621,2.18255,0.21069,0.35409,0.61594,0.55216,0.45818,0.61594
9.00203,60.99916,11.6132,0.06478,0.06636,0.99569,0.9985,0.0,0.0,nan,0.0,0.01644,0.04771,17.31825,2.03456,0.23544,0.4415,0.43974,0.8705,0.49151,0.43974
8.99082,63.00702,-10.74871,0.2132,0.08009,-0.97372,0.9989,0.0,0.0,nan,0.0,0.00818,0.05485,16.56109,2.20655,0.21278,0.38736,0.66683,0.43151,0.4532,0.66683
8.87903,63.04552,11.76604,0.03236,-0.0215,0.99925,0.99809,0.0,0.0,nan,0.0,0.01045,0.03227,25.19665,2.32893,0.2291,0.50281,0.36819,0.69518,0.42938,0.36819
8.97546,65.05009,-10.55428,0.25804,0.14406,-0.95533,0.9988,0.0,0.0,nan,0.0,0.00756,0.04796,9.50626,1.86392,0.21822,0.25202,0.63602,0.75713,0.5365,0.63602
8.95273,65.00937,11.66255,0.06716,0.00012,0.99774,0.9919,0.0,0.0,nan,0.0,0.01168,0.03542,25.1808,2.00843,0.23459,0.49847,0.32113,0.71404,0.4979,0.32113
8.6799,66.74697,-10.17114,0.24731,0.17581,-0.95285,0.9989,0.0,0.0,nan,0.0,0.01404,0.05441,9.34211,1.91563,0.21876,0.36649,0.34677,0.85474,0.52202,0.34677
9.40087,67.34172,-9.87954,0.24709,0.15326,-0.95679,0.9989,0.0,0.0,nan,0.0,0.01141,0.04573,9.38389,1.6519,0.23412,0.36324,0.34215,0.83323,0.60536,0.34215
8.91257,67.07655,11.73314,0.00401,0.17124,0.98522,0.972,0.0,0.0,nan,0.0,0.01345,0.0525,32.14215,1.88359,0.23276,0.51054,0.40898,0.53284,0.5309,0.40898
8.12441,68.57597,-10.03597,0.22775,0.12004,-0.96629,0.9989,0.0,0.0,nan,0.0,0.00916,0.04506,8.71293,2.03835,0.22123,0.29724,0.32445,0.84087,0.49059,0.32445
9.0757,69.03107,-9.7991,0.2331,0.10154,-0.96714,0.9989,0.0,0.0,nan,0.0,0.00779,0.04578,8.32245,2.17373,0.21911,0.29116,0.33818,0.72463,0.46004,0.33818
9.01177,68.8754,10.64503,-0.01702,0.17531,0.98437,0.97312,0.0,0.0,nan,0.0,0.00948,0.02651,28.72025,1.68365,0.23465,0.45175,0.31104,0.84639,0.59395,0.31104
8.11072,70.40059,-10.05466,0.2061,0.13657,-0.96895,0.9987,0.0,0.0,nan,0.0,0.00821,0.03963,9.86475,1.89658,0.22035,0.45988,0.68709,0.54206,0.52727,0.68709
9.05202,71.07401,-9.68571,0.23202,0.16779,-0.95813,0.9988,0.0,0.0,nan,0.0,0.01043,0.05188,8.6318,1.92983,0.22105,0.34102,0.56075,0.72628,0.51818,0.56075
8.92844,70.79335,10.93722,0.05636,0.05285,0.99701,0.99819,0.0,0.0,nan,0.0,0.00892,0.03192,25.12743,1.8437,0.23704,0.42321,0.7397,0.71295,0.54239,0.7397
8.99765,72.97374,-9.20057,0.2078,0.27519,-0.93866,0.9989,0.0,0.0,nan,0.0,0.01729,0.07129,8.83416,2.0011,0.22064,0.34972,0.44558,0.85033,0.49973,0.44558
8.73845,73.38612,9.96775,0.02091,0.18687,0.98216,0.96155,0.0,0.0,nan,0.0,0.00754,0.0256,27.15217,2.04535,0.23443,0.38695,0.47281,0.81709,0.48891,0.47281
9.06794,72.98849,10.48581,0.0278,0.1652,0.98587,0.99596,0.0,0.0,nan,0.0,0.00661,0.02682,26.18074,2.02525,0.23149,0.34367,0.25041,0.7721,0.49377,0.25041
9.00985,74.9892,-8.50889,0.19158,0.28333,-0.93969,0.9989,0.0,0.0,nan,0.0,0.01227,0.0487,7.92175,1.6519,0.22457,0.37423,0.43992,0.84346,0.60536,0.43992
9.97009,75.98382,-7.99347,0.21466,0.29042,-0.93251,0.9989,0.0,0.0,nan,0.0,0.013,0.04576,7.03234,1.86609,0.225,0.45168,0.5953,0.80757,0.53588,0.5953
8.145,75.19148,9.85476,0.00833,0.07374,0.99724,0.98215,0.0,0.0,nan,0.0,0.00686,0.02214,29.67623,2.13743,0.22996,0.36892,0.31248,0.89708,0.46785,0.31248
8.96485,74.98711,10.46089,0.04003,0.0811,0.9959,0.99738,0.0,0.0,nan,0.0,0.0062,0.02285,29.91719,2.05027,0.23485,0.33432,0.30845,0.86575,0.48774,0.30845
8.71426,76.6176,-8.2281,0.18481,0.29784,-0.93656,0.9989,0.0,0.0,nan,0.0,0.01046,0.04591,7.43285,1.79743,0.24102,0.46486,0.78553,0.70209,0.55635,0.78553
9.24876,77.33723,-7.79057,0.19625,0.3099,-0.93029,0.9989,0.0,0.0,nan,0.0,0.01523,0.05558,6.66467,1.89409,0.23338,0.46381,0.63315,0.76791,0.52796,0.63315
9.61102,77.6189,9.72466,0.073,0.32343,0.94343,0.99545,0.0,0.0,nan,0.0,0.01309,0.05525,32.27941,1.6519,0.2351,0.48219,0.31755,0.52186,0.60536,0.31755
8.98855,76.94643,10.51978,0.03227,0.21722,0.97559,0.97505,0.0,0.0,nan,0.0,0.00488,0.02355,29.19807,2.33414,0.23108,0.3687,0.37302,0.60109,0.42842,0.37302
8.98829,78.99081,-7.11187,0.16743,0.39787,-0.90203,0.9986,0.0,0.0,nan,0.0,0.01472,0.04983,6.47976,1.91939,0.23495,0.54304,0.46389,0.71191,0.521,0.46389
9.06004,78.94281,9.23991,0.02626,0.38233,0.92365,0.99728,0.0,0.0,nan,0.0,0.00928,0.0314,29.62576,1.6519,0.24094,0.46034,0.51263,0.68514,0.60536,0.51263
8.57489,78.15907,10.11453,-0.00744,0.37685,0.92624,0.98459,0.0,0.0,nan,0.0,0.0102,0.04133,27.6417,1.77,0.23517,0.44803,0.50674,0.59077,0.56497,0.50674
8.9874,80.59695,-6.36704,0.13709,0.59591,-0.79126,0.99169,0.0,0.0,nan,0.0,0.01498,0.03527,6.79163,2.04578,0.24028,0.54969,0.46534,1.0,0.48881,0.46534
9.06971,81.64704,-5.34887,0.12586,0.77855,-0.61483,0.98703,0.0,0.0,nan,0.0,0.00553,0.02466,7.02045,2.22854,0.22949,0.28789,0.3041,1.0,0.44872,0.3041
8.9852,81.01419,8.87635,0.00134,0.42817,0.9037,0.97058,0.0,0.0,nan,0.0,0.00925,0.04013,27.59118,1.75545,0.2375,0.50532,0.51416,0.48909,0.56965,0.51416
8.7857,82.16721,-4.33693,0.13053,0.88323,-0.45041,0.99758,0.0,0.0,nan,0.0,0.01155,0.0421,7.88174,3.18833,0.2339,0.34803,0.73418,0.98806,0.31364,0.73418
9.02103,82.83763,-3.06618,0.1105,0.95417,-0.2781,0.99413,0.0,0.0,nan,0.0,0.01736,0.07019,9.39726,2.57237,0.22911,0.30814,0.62692,0.97343,0.38875,0.62692
8.95262,83.02675,-0.99961,0.07653,0.99521,-0.06087,0.9989,0.0,0.0,nan,0.0,0.00778,0.04625,15.8831,2.32842,0.2271,0.25668,0.62742,0.73824,0.42948,0.62742
8.99825,83.08743,0.97829,0.06605,0.99676,-0.04579,0.9989,0.01093,0.05463,0.51,1.0,0.01179,0.04904,17.02424,1.94945,0.22786,0.27591,0.67491,0.97344,0.51296,0.67491
8.99027,83.19772,3.00702,0.06893,0.99722,-0.02833,0.9989,0.00949,0.04744,0.51,1.0,0.02211,0.07939,13.18917,1.94012,0.228,0.40374,0.77345,0.85901,0.51543,0.77345
8.98116,83.15324,5.01358,0.06421,0.99064,0.12046,0.9987,0.0,0.0,nan,0.0,0.0178,0.19465,8.74767,2.20823,0.21508,0.41459,0.88516,0.47751,0.45285,0.88516
9.04046,82.72379,7.06323,0.04574,0.90043,0.4326,0.97556,0.0,0.0,nan,0.0,0.0135,0.0533,5.56773,3.08001,0.23258,0.38362,0.52139,0.89732,0.32467,0.52139
8.89557,82.11116,8.10758,0.02316,0.67114,0.74097,0.93353,0.0,0.0,nan,0.0,0.00334,0.08566,26.30822,2.22281,0.22971,0.80266,0.99739,0.25071,0.44988,0.99739
10.96445,1.53281,-2.84111,0.08362,-0.81068,-0.57948,0.97261,0.05263,0.26015,0.51,0.99928,0.00345,0.06605,31.57072,2.05133,0.23333,0.80822,0.95415,0.19837,0.48749,0.95415
10.98577,0.7741,-1.06602,0.04799,-0.97004,-0.23817,0.99484,0.08416,0.4208,0.51,1.0,0.01409,0.06394,5.0071,2.06362,0.23183,0.30845,0.47256,1.0,0.48458,0.47256
11.04265,0.60474,0.93663,0.01283,-0.99947,0.02984,0.99677,0.0,0.0,nan,0.0,0.02313,0.09453,4.59439,2.02095,0.23277,0.41175,0.55221,0.85275,0.49482,0.55221
11.00787,0.89838,2.9199,-0.03782,-0.98394,0.17443,0.9985,0.00561,0.02805,0.51,1.0,0.01386,0.07598,4.10841,2.54081,0.2261,0.27866,0.48605,0.97329,0.39358,0.48605
11.0209,1.41081,5.00707,-0.05548,-0.95031,0.30633,0.99839,0.00507,0.02536,0.51,1.0,0.00394,0.02384,6.6345,1.6519,0.24521,0.62876,0.73154,0.34215,0.60536,0.73154
11.005,1.81266,6.4366,-0.03651,-0.93247,0.35939,0.9986,0.0,0.0,nan,0.0,0.00251,0.00927,7.63306,3.08083,0.2421,0.51001,0.45145,0.66917,0.32459,0.45145
10.71405,3.1592,-4.43749,0.14467,-0.49414,-0.85726,0.98601,0.0,0.0,nan,0.0,0.00644,0.02467,22.31631,1.72157,0.23417,0.40655,0.34561,0.69934,0.58087,0.34561
11.56475,2.90534,-3.98829,0.11537,-0.55222,-0.82568,0.9922,0.0,0.0,nan,0.0,0.00514,0.02019,21.86048,1.75257,0.22275,0.46076,0.73319,0.60355,0.57059,0.73319
11.01566,2.63698,7.34726,-0.02471,-0.93262,0.36001,0.99738,0.0,0.0,nan,0.0,0.00362,0.01288,8.91004,3.24101,0.24618,0.64032,0.86456,0.84767,0.30855,0.86456
10.96604,2.80805,9.13598,-0.00977,-0.83868,0.54454,0.95069,0.0,0.0,nan,0.0,0.01443,0.08834,21.88179,2.09237,0.23539,0.62648,0.51414,0.28454,0.47793,0.51414
11.10341,3.75024,10.20168,0.0158,-0.49516,0.86866,0.89699,0.0,0.0,nan,0.0,0.00592,0.03455,32.51896,1.6808,0.23807,0.39045,0.44296,0.46619,0.59495,0.44296
10.24841,5.86915,-6.08977,0.1499,-0.33881,-0.92884,0.95008,0.0,0.0,nan,0.0,0.00341,0.03353,39.25662,1.88535,0.22975,0.60235,0.91354,0.37279,0.53041,0.91354
11.00999,4.93741,-5.23248,0.14177,-0.42083,-0.896,0.9851,0.0,0.0,nan,0.0,0.01208,0.03603,25.04471,1.77376,0.23763,0.37589,0.64265,0.96277,0.56377,0.64265
11.31335,4.01816,-3.97778,0.12998,-0.46125,-0.8777,0.97484,0.0,0.0,nan,0.0,0.00654,0.02144,23.67599,1.66865,0.23081,0.35363,0.35007,0.93516,0.59929,0.35007
11.9898,5.11965,9.96587,0.07865,-0.2192,0.97251,0.98774,0.0,0.0,nan,0.0,0.00715,0.02045,31.36844,3.39225,0.22936,0.64522,0.77332,0.62258,0.29479,0.77332
11.09656,5.04296,10.74801,0.0569,-0.21474,0.97501,0.96165,0.0,0.0,nan,0.0,0.00835,0.02547,33.05249,1.90947,0.23317,0.62375,0.81134,0.69322,0.52371,0.81134
10.86405,6.91489,-6.14887,0.22089,-0.16928,-0.9605,0.98439,0.0,0.0,nan,0.0,0.01174,0.02951,32.69113,1.91134,0.23116,0.45384,0.48698,0.93001,0.52319,0.48698
11.28611,7.50376,-5.97703,0.23778,-0.12872,-0.96275,0.99586,0.0,0.0,nan,0.0,0.00919,0.0233,32.01471,1.91985,0.21426,0.43226,0.51488,0.96929,0.52087,0.51488
11.21711,6.51861,9.94664,0.12694,-0.12204,0.98437,0.97627,0.0,0.0,nan,0.0,0.00796,0.02464,34.70442,2.03345,0.22577,0.60145,0.85919,0.87257,0.49178,0.85919
11.06044,6.95083,10.69151,0.15114,-0.15489,0.9763,0.9985,0.0,0.0,nan,0.0,0.00984,0.02276,32.50449,1.92736,0.22651,0.52308,0.71869,0.87727,0.51884,0.71869
10.94093,9.4954,-6.19758,0.20159,-0.23465,-0.95095,0.99383,0.0,0.0,nan,0.0,0.01182,0.03466,33.54303,2.02432,0.22381,0.58707,0.57758,0.61583,0.49399,0.57758
11.03437,8.59428,-5.47097,0.23954,-0.13271,-0.96177,0.97109,0.0,0.0,nan,0.0,0.01079,0.02517,32.20553,1.98508,0.22533,0.50372,0.54319,0.90355,0.50376,0.54319
10.99277,8.95842,11.10471,0.21544,-0.18891,0.95807,0.99819,0.0,0.0,nan,0.0,0.00497,0.02083,22.96295,2.22249,0.2353,0.47336,0.57472,0.54831,0.44995,0.57472
11.06788,11.33529,-6.2984,0.17616,-0.29428,-0.93935,0.99636,0.0,0.0,nan,0.0,0.01541,0.03125,21.19188,2.20733,0.22418,0.59888,0.51412,0.90097,0.45304,0.51412
11.49223,10.21309,-5.9892,0.19177,-0.33435,-0.92273,0.98926,0.0,0.0,nan,0.0,0.01756,0.04459,28.283,2.0624,0.22258,0.565,0.43864,0.7462,0.48487,0.43864
10.97507,11.03744,11.45791,0.21867,0.036,0.97513,0.98763,0.0,0.0,nan,0.0,0.00349,0.01895,15.92557,1.87266,0.23722,0.42698,0.33629,0.48523,0.534,0.33629
10.95166,13.05989,-7.41344,0.16927,-0.14346,-0.97507,0.99352,0.0,0.0,nan,0.0,0.01384,0.02743,22.19858,1.87635,0.23436,0.60722,0.57441,0.90556,0.53295,0.57441
10.97411,12.94054,10.89706,0.13316,0.13571,0.98176,0.99515,0.0,0.0,nan,0.0,0.00414,0.04212,24.28261,1.82763,0.22785,0.71827,0.88305,0.25811,0.54716,0.88305
11.02044,14.93528,-7.25904,0.10848,-0.26111,-0.95919,0.98692,0.0,0.0,nan,0.0,0.0073,0.03225,18.72509,2.05941,0.23912,0.64428,0.92884,0.90953,0.48558,0.92884
10.98972,15.01931,10.69251,0.07139,0.06638,0.99524,0.99342,0.0,0.0,nan,0.0,0.00703,0.02172,26.47024,1.71111,0.23273,0.58917,0.70658,0.59056,0.58442,0.70658
11.00968,16.96867,-8.56752,0.14461,-0.16461,-0.9757,0.94115,0.0,0.0,nan,0.0,0.00889,0.03369,20.15632,1.91526,0.22693,0.56294,0.58661,0.51528,0.52212,0.58661
10.71694,16.06425,-7.89081,0.10078,-0.30682,-0.94642,0.9923,0.0,0.0,nan,0.0,0.01083,0.04996,17.90333,1.89223,0.23346,0.67827,0.67217,0.35532,0.52848,0.67217
11.01184,17.01266,10.6454,0.08069,-0.02542,0.99642,0.99362,0.0,0.0,nan,0.0,0.01008,0.02568,29.80125,1.6519,0.23613,0.49242,0.57896,0.85103,0.60536,0.57896
10.947,18.88939,-8.33173,0.18481,0.00909,-0.98273,0.98652,0.0,0.0,nan,0.0,0.01153,0.03108,28.04245,1.81709,0.23689,0.4962,0.51537,0.80076,0.55033,0.51537
11.57802,19.03533,-7.99716,0.20786,0.0181,-0.97799,0.97819,0.0,0.0,nan,0.0,0.01266,0.02861,28.47144,3.40676,0.23717,0.57099,0.4823,0.82913,0.29353,0.4823
10.91974,18.80227,10.97385,0.08928,-0.05441,0.99452,0.99718,0.0,0.0,nan,0.0,0.00774,0.02198,31.42904,2.02475,0.23138,0.38402,0.42476,0.97571,0.49389,0.42476
11.03804,21.15935,-8.68748,0.14005,-0.38584,-0.91187,0.98784,0.0,0.0,nan,0.0,0.01042,0.0404,30.52443,1.86477,0.24883,0.52277,0.73353,0.52576,0.53626,0.73353
10.72302,20.43927,-7.83644,0.16737,-0.27121,-0.94786,0.91049,0.0,0.0,nan,0.0,0.00988,0.02799,33.16775,1.81709,0.23313,0.43588,0.72248,0.85878,0.55033,0.72248
10.96523,21.0011,10.80909,0.04875,0.04225,0.99792,0.99464,0.0,0.0,nan,0.0,0.01575,0.03409,35.71685,1.6519,0.22899,0.49239,0.4338,0.99114,0.60536,0.4338
11.08634,23.02626,-9.73597,0.21943,-0.16064,-0.96231,0.94013,0.0,0.0,nan,0.0,0.01343,0.05035,26.23343,1.87424,0.23244,0.64546,0.40512,0.4446,0.53355,0.40512
11.04046,22.99639,10.83315,0.08872,-0.15332,0.98419,0.99383,0.0,0.0,nan,0.0,0.01909,0.04538,28.97535,1.89383,0.23618,0.51544,0.44365,0.87272,0.52803,0.44365
10.11993,25.8358,-10.08932,0.14954,-0.14344,-0.9783,0.99139,0.0,0.0,nan,0.0,0.01315,0.03326,25.02858,1.91722,0.22703,0.55413,0.6252,0.77031,0.52159,0.6252
11.07273,25.04686,-9.09741,0.27498,-0.08538,-0.95765,0.9921,0.0,0.0,nan,0.0,0.00713,0.02177,27.56798,1.71555,0.23266,0.44365,0.43756,0.79235,0.5829,0.43756
11.06457,25.12824,11.59426,0.14882,-0.07618,0.98593,0.98144,0.0,0.0,nan,0.0,0.00993,0.02485,27.11023,1.92728,0.23342,0.49011,0.25185,0.87515,0.51887,0.25185
11.20402,27.32519,-10.06774,0.22801,-0.22274,-0.94784,0.99454,0.0,0.0,nan,0.0,0.00746,0.02126,29.18419,2.70734,0.23106,0.68018,0.74904,0.55127,0.36937,0.74904
10.71344,26.84346,-9.88553,0.20269,-0.22955,-0.95196,0.99809,0.0,0.0,nan,0.0,0.00491,0.02432,30.10612,2.19711,0.22739,0.64026,0.82201,0.43704,0.45514,0.82201
11.05939,27.0055,11.38004,0.10584,-0.00731,0.99436,0.99586,0.0,0.0,nan,0.0,0.0179,0.03743,31.68864,1.72107,0.23562,0.53944,0.55685,0.94236,0.58104,0.55685
11.06283,29.00811,-10.62006,0.21647,-0.08182,-0.97285,0.97474,0.0,0.0,nan,0.0,0.00833,0.0269,28.90531,1.82773,0.24003,0.64414,0.72007,0.51395,0.54713,0.72007
11.97573,28.25852,-9.9833,0.24187,-0.14978,-0.95868,0.99677,0.0,0.0,nan,0.0,0.00361,0.01828,28.56569,1.87647,0.22935,0.6453,0.87106,0.53376,0.53291,0.87106
11.01737,28.95344,11.37369,0.12977,-0.14952,0.98021,0.9989,0.0,0.0,nan,0.0,0.00981,0.02959,29.34825,3.58883,0.23535,0.42825,0.48959,0.82701,0.27864,0.48959
10.27884,29.83554,12.08123,0.13413,-0.14936,0.97964,0.98317,0.0,0.0,nan,0.0,0.01013,0.02819,29.3595,1.91315,0.22998,0.43817,0.36726,0.87636,0.5227,0.36726
10.98094,31.03621,-10.00754,0.11337,-0.02952,-0.99311,0.98784,0.0,0.0,nan,0.0,0.01376,0.03369,20.33595,1.76052,0.23835,0.46533,0.28719,0.96386,0.56801,0.28719
11.2221,30.6386,-9.91218,0.14559,-0.02916,-0.98891,0.99027,0.0,0.0,nan,0.0,0.01514,0.04161,20.62019,1.9239,0.23531,0.47869,0.35182,0.83351,0.51978,0.35182
11.16387,31.0857,11.57461,0.17479,-0.01069,0.98455,0.99748,0.0,0.0,nan,0.0,0.0186,0.04707,31.53212,1.86856,0.22388,0.5653,0.43258,0.74325,0.53517,0.43258
10.32768,30.87217,12.14951,0.14747,-0.03609,0.98841,0.96622,0.0,0.0,nan,0.0,0.01771,0.04068,30.154,1.9954,0.23485,0.54084,0.34096,0.85826,0.50115,0.34096
10.9579,33.07984,-10.51346,0.12311,-0.13952,-0.98254,0.99829,0.0,0.0,nan,0.0,0.01239,0.03269,23.31509,1.99381,0.23231,0.44371,0.36792,0.9279,0.50155,0.36792
11.03754,33.01085,11.4633,0.15693,0.01815,0.98744,0.99535,0.0,0.0,nan,0.0,0.01565,0.04947,37.16972,1.6519,0.23347,0.49061,0.4988,0.67928,0.60536,0.4988
10.11592,32.27238,12.04375,0.12996,0.06165,0.9896,0.99728,0.0,0.0,nan,0.0,0.01795,0.04137,33.35101,1.7271,0.22503,0.50498,0.57632,0.91066,0.579,0.57632
10.97575,34.96868,-10.42242,0.20736,-0.07395,-0.97547,0.99738,0.0,0.0,nan,0.0,0.00865,0.02614,22.81663,1.94788,0.22825,0.45729,0.46331,0.78734,0.51338,0.46331
11.18171,34.65029,11.8006,0.15336,-0.11907,0.98097,0.9986,0.0,0.0,nan,0.0,0.01224,0.05026,31.23622,1.69726,0.23229,0.42043,0.53538,0.61641,0.58918,0.53538
10.58982,35.47873,12.15628,0.10467,-0.10133,0.98933,0.98824,0.0,0.0,nan,0.0,0.00935,0.04024,22.80343,1.81709,0.23122,0.33,0.43367,0.76576,0.55033,0.43367
11.00687,37.0219,-10.83505,0.24329,-0.15483,-0.95752,0.9987,0.0,0.0,nan,0.0,0.0094,0.02486,19.24436,1.66811,0.23384,0.47458,0.6468,0.87946,0.59948,0.6468
11.62101,37.16968,11.90111,0.15182,0.04517,0.98738,0.99697,0.0,0.0,nan,0.0,0.01545,0.05237,21.32653,1.84638,0.23296,0.51002,0.45282,0.63255,0.5416,0.45282
10.66453,36.93014,12.16456,0.09758,0.0378,0.99451,0.98784,0.0,0.0,nan,0.0,0.01347,0.04329,21.8019,1.85843,0.23628,0.45071,0.37362,0.75384,0.53809,0.37362
11.06035,38.86646,-11.48906,0.25005,-0.21759,-0.94347,0.99778,0.0,0.0,nan,0.0,0.01028,0.03783,15.17419,1.86222,0.23496,0.68041,0.61566,0.4522,0.53699,0.61566
11.10694,38.97543,11.69337,0.14279,-0.09025,0.98563,0.99586,0.0,0.0,nan,0.0,0.01448,0.03556,21.99978,1.929,0.22903,0.45277,0.57931,0.98101,0.5184,0.57931
10.53224,39.60904,12.02763,0.11733,-0.14613,0.98228,0.99707,0.0,0.0,nan,0.0,0.01138,0.03138,23.42146,1.9204,0.23211,0.42623,0.5679,0.92365,0.52072,0.5679
11.04239,40.98409,-11.74117,0.23426,-0.06947,-0.96969,0.99636,0.0,0.0,nan,0.0,0.01841,0.06964,5.03002,1.90343,0.23208,0.5993,0.60316,0.6165,0.52537,0.60316
11.77772,40.10862,11.95792,0.18828,-0.17868,0.96573,0.9986,0.0,0.0,nan,0.0,0.00884,0.0295,21.52883,1.6519,0.22947,0.33696,0.28455,0.97174,0.60536,0.28455
10.99461,40.99413,12.48199,0.11401,-0.16609,0.9795,0.98246,0.0,0.0,nan,0.0,0.01475,0.04375,20.84258,1.6519,0.23759,0.4151,0.77349,0.96275,0.60536,0.77349
11.00847,43.0174,-11.71992,0.23042,0.01784,-0.97293,0.99799,0.01149,0.05746,0.51,1.0,0.00702,0.0536,8.87446,1.92036,0.21472,0.48471,0.50463,0.33109,0.52074,0.50463
11.00755,42.92738,12.51811,0.06533,0.00894,0.99782,0.98631,0.0,0.0,nan,0.0,0.01574,0.05347,22.69346,1.89665,0.2301,0.46519,0.62583,0.68867,0.52724,0.62583
11.03094,45.06535,-11.69181,0.19009,0.05742,-0.98009,0.99829,0.0,0.0,nan,0.0,0.00818,0.03375,11.44037,1.75052,0.22916,0.46249,0.49004,0.61605,0.57126,0.49004
11.58756,45.27467,11.77236,0.23142,0.13407,0.96357,0.99494,0.0,0.0,nan,0.0,0.00452,0.02593,22.54165,1.87727,0.22375,0.50047,0.8049,0.46011,0.53269,0.8049
10.90377,44.93296,12.50302,0.14834,0.05246,0.98754,0.98215,0.0,0.0,nan,0.0,0.01316,0.05028,29.33128,1.75633,0.2279,0.59494,0.57935,0.46991,0.56937,0.57935
10.99427,46.97586,-11.63186,0.17167,0.05474,-0.98363,0.9986,0.0,0.0,nan,0.0,0.0107,0.04382,11.86228,1.8436,0.22454,0.47468,0.5926,0.60137,0.54242,0.5926
11.37018,46.98601,11.89499,0.26915,0.06132,0.96114,0.99433,0.0,0.0,nan,0.0,0.01071,0.02631,27.85099,1.88744,0.22819,0.49156,0.65227,0.88779,0.52982,0.65227
10.78014,46.94921,12.36775,0.26375,0.06866,0.96214,0.99616,0.0,0.0,nan,0.0,0.01512,0.03988,27.75174,1.90134,0.21642,0.55088,0.47335,0.73781,0.52595,0.47335
10.9937,49.02408,-11.45291,0.18742,0.05162,-0.98092,0.99819,0.0,0.0,nan,0.0,0.00423,0.08633,10.27843,1.6519,0.22843,0.63965,0.97303,0.31929,0.60536,0.97303
11.4835,48.46421,11.70742,0.21193,-0.0573,0.9756,0.99322,0.0,0.0,nan,0.0,0.01094,0.03298,26.82977,1.861,0.2296,0.47363,0.49102,0.75254,0.53735,0.49102
10.74822,49.12708,12.08071,0.18009,-0.02745,0.98327,0.99758,0.0,0.0,nan,0.0,0.00958,0.03074,25.13608,1.85953,0.22371,0.41546,0.62401,0.80973,0.53777,0.62401
11.01967,50.952,-11.28559,0.20142,0.05299,-0.97807,0.9985,0.0,0.0,nan,0.0,0.01163,0.06831,5.21467,1.90257,0.22928,0.39992,0.52531,0.5888,0.52561,0.52531
11.81259,50.91782,11.99864,0.12464,0.01835,0.99203,0.99718,0.0,0.0,nan,0.0,0.01275,0.0386,21.14396,2.11809,0.22389,0.44204,0.29754,0.81779,0.47212,0.29754
10.89883,51.04616,12.03388,0.14129,0.03176,0.98946,0.9987,0.0,0.0,nan,0.0,0.01776,0.05274,21.10666,1.87015,0.22801,0.44496,0.31902,0.82865,0.53472,0.31902
10.99501,53.02917,-11.20174,0.19871,0.04669,-0.97895,0.9988,0.0,0.0,nan,0.0,0.01258,0.0617,5.09739,1.89512,0.21835,0.38652,0.40383,0.73422,0.52767,0.40383
11.32237,53.18864,11.94357,0.12957,0.09592,0.98692,0.9989,0.0,0.0,nan,0.0,0.01082,0.03808,26.57732,1.6519,0.22339,0.36634,0.44936,0.83387,0.60536,0.44936
10.85708,52.93903,12.28026,0.1389,0.09191,0.98603,0.99839,0.0,0.0,nan,0.0,0.00935,0.03613,25.64391,2.0713,0.22032,0.36707,0.52179,0.76024,0.48279,0.52179
11.02595,54.97196,-11.09496,0.22146,0.05777,-0.97346,0.9989,0.0,0.0,nan,0.0,0.00887,0.05558,9.58535,1.86137,0.22387,0.53026,0.81122,0.45212,0.53724,0.81122
11.02887,54.9213,11.47889,0.1818,0.13629,0.97384,0.99616,0.0,0.0,nan,0.0,0.01242,0.05399,31.3977,2.02286,0.2176,0.34615,0.57306,0.70682,0.49435,0.57306
10.9827,54.03674,12.00251,0.14101,0.12224,0.98243,0.99789,0.0,0.0,nan,0.0,0.01393,0.04829,26.98986,2.08431,0.22434,0.36078,0.32196,0.85898,0.47977,0.32196
10.99465,57.01426,-11.07989,0.21227,0.05625,-0.97559,0.99758,0.0,0.0,nan,0.0,0.01761,0.06014,10.30391,1.95486,0.21708,0.51631,0.76268,0.70565,0.51155,0.76268
11.11353,56.97787,11.50864,0.19194,0.01179,0.98134,0.99738,0.0,0.0,nan,0.0,0.00956,0.05669,37.75928,1.91426,0.23299,0.59583,0.83448,0.40847,0.5224,0.83448
11.06013,59.05391,-10.93071,0.21325,0.10996,-0.97079,0.9988,0.0,0.0,nan,0.0,0.01277,0.056,9.3818,1.66975,0.21665,0.35201,0.49795,0.78616,0.59889,0.49795
11.01725,58.98457,11.7568,0.18461,0.03855,0.98206,0.99098,0.00802,0.04011,0.7,1.0,0.00963,0.05133,29.52809,2.05869,0.23175,0.53628,0.76772,0.39591,0.48575,0.76772
11.0105,60.96766,-10.54063,0.22914,0.14635,-0.96233,0.9986,0.0,0.0,nan,0.0,0.00293,0.06374,11.88828,1.85441,0.21439,0.50594,0.96478,0.33886,0.53926,0.96478
10.96029,60.92968,11.1628,0.18703,0.05519,0.9808,0.99819,0.0,0.0,nan,0.0,0.00795,0.03277,21.08756,2.44079,0.21902,0.44573,0.54668,0.59624,0.4097,0.54668
10.88622,62.92453,-10.21769,0.25866,0.13205,-0.9569,0.9986,0.0,0.0,nan,0.0,0.00599,0.08548,10.71585,1.77368,0.20425,0.52861,0.91163,0.32594,0.5638,0.91163
11.74537,63.5695,-9.92342,0.27355,0.15059,-0.95,0.9986,0.0,0.0,nan,0.0,0.00771,0.04243,5.82729,1.87029,0.21175,0.24408,0.43423,1.0,0.53468,0.43423
11.04557,62.96891,11.56303,0.23862,0.03211,0.97058,0.9854,0.0,0.0,nan,0.0,0.01037,0.03786,24.46968,1.78085,0.22628,0.44552,0.41153,0.66535,0.56153,0.41153
10.47432,64.90865,-10.1876,0.27591,0.15201,-0.94909,0.9989,0.0,0.0,nan,0.0,0.00623,0.03223,7.41396,1.69731,0.2186,0.26726,0.33957,0.91901,0.58917,0.33957
11.36702,65.06027,-9.66993,0.2831,0.15069,-0.94718,0.9986,0.0,0.0,nan,0.0,0.00559,0.02697,5.63011,1.82211,0.23021,0.28514,0.38426,0.98522,0.54881,0.38426
11.11173,65.05248,11.10933,0.25305,0.00615,0.96743,0.99748,0.0,0.0,nan,0.0,0.01266,0.03039,26.74044,1.74753,0.2438,0.53672,0.37001,0.83461,0.57224,0.37001
10.18607,66.11582,-10.04986,0.2702,0.15622,-0.95004,0.9989,0.0,0.0,nan,0.0,0.00645,0.03372,8.46593,2.18334,0.21834,0.33329,0.43309,0.70908,0.45801,0.43309
11.01542,67.00442,-9.58268,0.25975,0.12939,-0.95697,0.9988,0.0,0.0,nan,0.0,0.00809,0.03485,6.56353,1.85793,0.22842,0.36267,0.51994,0.83528,0.53823,0.51994
11.15687,66.81141,11.48217,0.21043,0.00041,0.97761,0.97616,0.0,0.0,nan,0.0,0.01113,0.03271,26.70924,1.71876,0.23604,0.48526,0.52662,0.7539,0.58181,0.52662
11.00391,69.0082,-9.42355,0.25362,0.11603,-0.96032,0.9988,0.0,0.0,nan,0.0,0.00784,0.0622,6.58044,1.90078,0.22215,0.30624,0.75369,0.5429,0.5261,0.75369
11.01146,69.01623,11.17864,0.09442,0.18415,0.97835,0.97911,0.0,0.0,nan,0.0,0.00886,0.03185,25.71683,2.76863,0.23212,0.41175,0.3387,0.72788,0.36119,0.3387
10.98735,71.02985,-9.06039,0.28315,0.1748,-0.94301,0.9989,0.0,0.0,nan,0.0,0.01923,0.0894,7.3542,1.8766,0.21481,0.46835,0.57962,0.58404,0.53288,0.57962
11.02409,71.06787,10.67056,0.07285,0.05422,0.99587,0.99677,0.0,0.0,nan,0.0,0.00966,0.02606,23.23688,2.0024,0.23125,0.4653,0.53509,0.86503,0.4994,0.53509
10.97996,72.98284,-8.66398,0.26323,0.2396,-0.93451,0.9988,0.0,0.0,nan,0.0,0.01441,0.05959,8.79116,1.77824,0.21105,0.37996,0.51141,0.78126,0.56236,0.51141
10.95255,73.09998,10.59394,0.09023,0.16959,0.98138,0.99606,0.0,0.0,nan,0.0,0.0074,0.03149,28.71007,1.90927,0.22968,0.45778,0.76273,0.57264,0.52376,0.76273
10.85836,74.6245,-8.2934,0.23603,0.27282,-0.93266,0.9987,0.0,0.0,nan,0.0,0.01725,0.05444,10.58485,1.6519,0.21508,0.45826,0.71767,0.82203,0.60536,0.71767
11.20923,75.51908,-7.84906,0.2349,0.27844,-0.93129,0.9989,0.0,0.0,nan,0.0,0.01238,0.06064,10.95884,1.73907,0.21886,0.51906,0.78183,0.51782,0.57502,0.78183
11.39618,75.06004,9.91406,0.10143,0.10731,0.98904,0.98956,0.0,0.0,nan,0.0,0.0105,0.03007,30.37074,2.11127,0.22643,0.4445,0.46997,0.83685,0.47365,0.46997
10.81079,74.91965,10.09613,0.08363,0.10123,0.99134,0.99413,0.0,0.0,nan,0.0,0.01119,0.03196,30.46285,1.84293,0.22887,0.44248,0.46804,0.84302,0.54261,0.46804
10.98798,76.99704,-7.45476,0.22078,0.28478,-0.93282,0.9988,0.0,0.0,nan,0.0,0.0078,0.08238,8.9635,1.83904,0.21015,0.59435,0.90768,0.39308,0.54376,0.90768
11.24156,77.52467,9.77351,0.13391,0.28585,0.94887,0.99555,0.0,0.0,nan,0.0,0.00834,0.03213,34.85044,2.13982,0.23105,0.45861,0.6585,0.59852,0.46733,0.6585
10.87758,76.78268,10.30048,0.14663,0.21916,0.96461,0.98703,0.0,0.0,nan,0.0,0.00913,0.03402,32.07657,2.17843,0.22887,0.44097,0.61938,0.64687,0.45905,0.61938
11.01496,79.01465,-6.92405,0.18213,0.35336,-0.91759,0.99758,0.0,0.0,nan,0.0,0.0186,0.06057,6.32749,1.88331,0.22934,0.5084,0.76803,0.84359,0.53098,0.76803
11.04741,78.99618,9.22093,0.11676,0.32831,0.93733,0.99799,0.0,0.0,nan,0.0,0.0085,0.02829,30.01304,1.907,0.2395,0.43232,0.39095,0.74149,0.52438,0.39095
10.95435,80.51675,-6.33439,0.14354,0.55482,-0.8195,0.96967,0.0,0.0,nan,0.0,0.01062,0.03187,7.0192,1.70249,0.23722,0.42918,0.40733,0.99772,0.58738,0.40733
11.04718,81.57628,-5.16028,0.11957,0.78784,-0.60416,0.97941,0.0,0.0,nan,0.0,0.00826,0.02761,7.72589,1.68566,0.23625,0.3828,0.38963,0.98396,0.59324,0.38963
10.95912,80.98917,8.79994,0.05765,0.43078,0.90062,0.95891,0.0,0.0,nan,0.0,0.0072,0.04491,28.27715,1.81709,0.23811,0.37846,0.44993,0.45367,0.55033,0.44993
10.8246,82.06754,-4.15339,0.11762,0.8942,-0.43195,0.99697,0.0,0.0,nan,0.0,0.01642,0.04636,8.83044,2.39871,0.23195,0.53241,0.66666,0.81602,0.41689,0.66666
10.99505,82.4806,-3.00464,0.13886,0.9544,-0.26426,0.99778,0.0,0.0,nan,0.0,0.01379,0.04879,10.79827,3.18896,0.23694,0.38982,0.53285,0.85946,0.31358,0.53285
11.04998,82.93958,-0.89907,0.14334,0.98429,-0.10306,0.99839,0.00205,0.01025,0.6,1.0,0.01019,0.04095,12.62601,2.41161,0.23349,0.32359,0.47384,0.89095,0.41466,0.47384
10.97168,82.91334,0.97176,0.09204,0.9938,-0.06234,0.9989,0.01405,0.07026,0.6,1.0,0.01343,0.0514,14.0107,1.90781,0.22767,0.32825,0.41671,0.90981,0.52416,0.41671
11.03253,83.08566,3.01558,0.06468,0.99758,-0.02531,0.9988,0.32745,0.42639,0.51,0.82251,0.03276,0.13057,11.07064,1.86974,0.22273,0.36446,0.58419,0.81283,0.53483,0.58419
10.99841,83.05611,4.99984,0.06739,0.99113,0.11456,0.9985,0.0354,0.177,0.51,1.0,0.02998,0.14284,7.39313,2.68293,0.22414,0.38435,0.63747,0.69384,0.37273,0.63747
10.99305,82.5879,7.05475,0.06488,0.89935,0.43238,0.97231,0.0,0.0,nan,0.0,0.00448,0.06213,5.27892,2.7043,0.21684,0.45964,0.92897,0.50681,0.36978,0.92897
10.82027,82.06937,8.07177,0.05583,0.69636,0.71552,0.93729,0.0,0.0,nan,0.0,0.00289,0.0969,19.3082,1.6519,0.23127,0.57632,0.97662,0.20782,0.60536,0.97662
12.97401,1.57407,-2.71643,0.02814,-0.81239,-0.58243,0.9652,0.04894,0.24472,0.51,1.0,0.00264,0.07025,21.94869,1.6519,0.24062,0.7218,0.97583,0.20502,0.60536,0.97583
12.96804,0.88776,-1.04919,0.04268,-0.97116,-0.23456,0.99535,0.05046,0.2523,0.51,1.0,0.01763,0.06987,5.05555,2.05898,0.22692,0.35209,0.4732,1.0,0.48568,0.4732
13.0009,0.73415,0.97668,0.04986,-0.99876,-0.00126,0.9988,0.00431,0.02157,0.51,1.0,0.01476,0.06791,4.84616,1.7385,0.23577,0.43345,0.48345,0.70827,0.57521,0.48345
13.01519,0.86388,3.0159,-0.00928,-0.99224,0.12399,0.9985,0.0,0.0,nan,0.0,0.01099,0.06356,4.31315,1.79162,0.22793,0.25383,0.37042,0.99741,0.55815,0.37042
12.98677,1.31829,5.06187,-0.06802,-0.95141,0.30032,0.99778,0.0,0.0,nan,0.0,0.00463,0.02477,6.45612,1.82431,0.24401,0.59675,0.63695,0.41054,0.54815,0.63695
13.0502,1.74408,6.59027,-0.05547,-0.92347,0.37963,0.99809,0.0,0.0,nan,0.0,0.00175,0.00709,7.43434,3.34707,0.24163,0.47343,0.44008,0.66152,0.29877,0.44008
12.84667,3.40809,-4.08433,0.08617,-0.49376,-0.86532,0.99778,0.0,0.0,nan,0.0,0.00979,0.02408,27.13613,1.88513,0.23033,0.59939,0.73963,0.72826,0.53047,0.73963
13.07233,2.55187,-3.91543,0.06954,-0.57715,-0.81367,0.972,0.0,0.0,nan,0.0,0.00437,0.02623,28.75313,2.74368,0.22136,0.71586,0.9177,0.53689,0.36447,0.9177
12.96669,2.54492,7.28198,-0.0397,-0.92899,0.36798,0.99748,0.0,0.0,nan,0.0,0.00272,0.01007,8.23217,3.63418,0.2381,0.63546,0.76824,0.56012,0.27517,0.76824
12.96707,2.67336,9.10463,-0.0198,-0.82372,0.56664,0.92348,0.0,0.0,nan,0.0,0.00717,0.06422,29.05398,1.6519,0.24248,0.62664,0.79515,0.22264,0.60536,0.79515
13.01949,3.57139,10.3004,0.03467,-0.47519,0.8792,0.83741,0.0,0.0,nan,0.0,0.00758,0.03297,32.22893,2.21282,0.24309,0.58473,0.83562,0.57556,0.45191,0.83562
12.99295,4.95419,-4.79786,0.10446,-0.37025,-0.92304,0.98794,0.0,0.0,nan,0.0,0.01745,0.04366,32.98646,1.6519,0.23796,0.62054,0.6517,0.683,0.60536,0.6517
12.9493,4.02877,-3.94947,0.08794,-0.45265,-0.88734,0.99423,0.0,0.0,nan,0.0,0.0113,0.02403,27.54054,2.11746,0.22786,0.59082,0.67523,0.85394,0.47226,0.67523
12.88913,5.32161,9.76817,0.14095,-0.10661,0.98426,0.98692,0.0,0.0,nan,0.0,0.00781,0.02115,30.41562,1.91156,0.23438,0.60888,0.70073,0.64681,0.52313,0.70073
13.04296,4.78046,10.1495,0.09568,-0.19941,0.97523,0.95211,0.0,0.0,nan,0.0,0.00804,0.02674,27.87552,2.06372,0.22812,0.58655,0.70964,0.54911,0.48456,0.70964
12.09927,6.76714,-6.0375,0.19462,-0.13164,-0.972,0.96388,0.0,0.0,nan,0.0,0.00854,0.0227,32.50185,2.01468,0.22193,0.44124,0.57032,0.90523,0.49636,0.57032
13.06652,7.25086,-5.60774,0.22016,-0.07667,-0.97245,0.99017,0.0,0.0,nan,0.0,0.00733,0.0209,30.45618,1.9387,0.2189,0.41067,0.40062,0.90969,0.51581,0.40062
13.87442,7.35157,9.86838,0.22539,-0.04411,0.97327,0.98885,0.0,0.0,nan,0.0,0.01317,0.0299,29.93509,1.84591,0.23559,0.49168,0.29184,0.95555,0.54174,0.29184
12.93944,6.92689,10.31022,0.25008,-0.04803,0.96703,0.99789,0.0,0.0,nan,0.0,0.00924,0.01907,30.76437,1.9769,0.22795,0.52606,0.62825,0.98067,0.50584,0.62825
12.4566,9.70224,-6.04047,0.23867,-0.28997,-0.9268,0.99109,0.02058,0.10288,0.6,1.0,0.02105,0.0488,34.4024,1.6519,0.23154,0.62079,0.47612,0.73534,0.60536,0.47612
13.13956,8.79109,-5.50067,0.30063,-0.1421,-0.9431,0.99454,0.0,0.0,nan,0.0,0.01535,0.03185,33.04677,1.90082,0.22948,0.52823,0.57269,0.96783,0.52609,0.57269
13.92688,8.13953,9.90812,0.26694,-0.08993,0.95951,0.99372,0.0,0.0,nan,0.0,0.01421,0.03184,29.76848,1.6519,0.23413,0.47664,0.29164,0.99935,0.60536,0.29164
12.95091,8.96678,10.59921,0.30513,-0.13494,0.9427,0.99809,0.0,0.0,nan,0.0,0.01049,0.03205,28.87156,1.81709,0.23672,0.43548,0.32808,0.80392,0.55033,0.32808
13.01912,11.06901,-6.48893,0.25257,-0.30764,-0.91737,0.9855,0.0011,0.00548,0.6,1.0,0.01687,0.0386,22.93604,1.74471,0.22571,0.57457,0.56904,0.82715,0.57316,0.56904
13.79113,10.30339,-5.82833,0.31275,-0.36851,-0.87544,0.99575,0.0,0.0,nan,0.0,0.02069,0.04377,24.57697,1.71571,0.22652,0.51547,0.69397,0.99155,0.58285,0.69397
12.96354,10.96855,10.66655,0.31878,0.0054,0.94781,0.99799,0.0,0.0,nan,0.0,0.00837,0.0284,27.45989,3.23585,0.24562,0.5182,0.54906,0.61053,0.30904,0.54906
13.06463,13.05184,-6.94108,0.22442,-0.19816,-0.95413,0.99474,0.0,0.0,nan,0.0,0.01252,0.02405,20.81412,1.8863,0.22028,0.58512,0.73988,0.97476,0.53014,0.73988
13.63747,12.5272,9.72459,0.31845,-0.05032,0.9466,0.9378,0.0,0.0,nan,0.0,0.00754,0.02117,30.76706,1.8591,0.24002,0.46844,0.58138,0.81013,0.5379,0.58138
12.94464,13.0264,10.49524,0.24875,-0.04577,0.96749,0.99667,0.0,0.0,nan,0.0,0.00912,0.02768,29.00187,1.72208,0.24288,0.51625,0.44311,0.68247,0.58069,0.44311
12.99639,14.97054,-7.09806,0.21535,-0.27327,-0.93752,0.99444,0.0,0.0,nan,0.0,0.02042,0.04342,23.77694,1.6519,0.23094,0.66651,0.54388,0.76494,0.60536,0.54388
12.93605,14.97663,11.11426,0.13622,0.02407,0.99039,0.95911,0.0,0.0,nan,0.0,0.00907,0.03375,26.15129,1.81709,0.24352,0.49,0.6445,0.59024,0.55033,0.6445
12.67517,17.10622,-8.22035,0.23668,-0.0734,-0.96881,0.96003,0.0,0.0,nan,0.0,0.0084,0.02648,19.30121,1.82873,0.24037,0.48929,0.44569,0.71584,0.54683,0.44569
13.56587,17.11034,-7.99413,0.30345,-0.04635,-0.95172,0.95982,0.0,0.0,nan,0.0,0.00815,0.02433,24.15128,1.6519,0.23341,0.6129,0.53066,0.59198,0.60536,0.53066
12.64443,17.47946,9.99462,0.14127,0.00588,0.98995,0.96429,0.0,0.0,nan,0.0,0.01292,0.02816,27.35048,3.08722,0.23716,0.49244,0.46987,0.99973,0.32392,0.46987
12.92079,17.10618,10.44771,0.13976,0.04579,0.98913,0.99586,0.0,0.0,nan,0.0,0.00931,0.02207,27.10256,3.39942,0.24276,0.47006,0.37712,0.96308,0.29417,0.37712
12.18958,18.10911,-8.09456,0.22727,0.03993,-0.97301,0.98439,0.0,0.0,nan,0.0,0.00998,0.0323,21.38103,3.03539,0.23662,0.53229,0.54457,0.63514,0.32945,0.54457
13.03388,19.13159,-7.33894,0.27491,-0.01134,-0.9614,0.95312,0.0,0.0,nan,0.0,0.01756,0.03695,27.32705,2.53288,0.2381,0.58692,0.4974,0.86892,0.39481,0.4974
12.97368,18.94415,10.7284,0.16059,-0.10047,0.98189,0.99677,0.0,0.0,nan,0.0,0.00906,0.02728,27.54257,1.6519,0.22733,0.39959,0.34277,0.89092,0.60536,0.34277
12.86729,21.28088,-8.48046,0.19052,-0.37472,-0.90735,0.98195,0.0,0.0,nan,0.0,0.01072,0.04638,28.01158,2.71394,0.23653,0.46446,0.39096,0.53319,0.36847,0.39096
13.20542,20.41578,-7.55574,0.21326,-0.31377,-0.92524,0.95109,0.0,0.0,nan,0.0,0.01842,0.04509,32.16428,1.6519,0.24223,0.55059,0.6492,0.78816,0.60536,0.6492
13.00217,21.04927,10.73209,0.14248,0.05506,0.98826,0.99352,0.0,0.0,nan,0.0,0.0188,0.04161,26.50245,1.78275,0.23248,0.55175,0.43944,0.88074,0.56093,0.43944
13.21202,23.22165,-9.00373,0.26183,-0.06207,-0.96312,0.97931,0.0,0.0,nan,0.0,0.01537,0.03531,25.60133,1.91611,0.2266,0.5719,0.55858,0.82093,0.52189,0.55858
13.96464,22.64625,9.96381,0.21493,0.00643,0.97661,0.97992,0.0,0.0,nan,0.0,0.01804,0.03779,26.7624,1.68095,0.2391,0.51315,0.56532,1.0,0.5949,0.56532
13.00687,22.95343,10.58124,0.19953,-0.05913,0.97811,0.99657,0.0,0.0,nan,0.0,0.01088,0.02698,27.01342,1.92974,0.22322,0.45276,0.40686,0.957,0.5182,0.40686
12.91758,25.13838,-8.67,0.28579,-0.09818,-0.95325,0.98601,0.0,0.0,nan,0.0,0.00723,0.01756,28.53275,2.03959,0.22293,0.49979,0.52344,0.88209,0.49029,0.52344
13.33493,24.47606,-7.89561,0.26589,-0.03048,-0.96352,0.91293,0.0,0.0,nan,0.0,0.01032,0.02365,25.2976,2.31094,0.22346,0.50506,0.39278,0.93258,0.43272,0.39278
12.94744,25.02798,10.9504,0.19462,-0.13199,0.97196,0.99768,0.0,0.0,nan,0.0,0.00972,0.02761,27.05079,2.35288,0.23891,0.45502,0.64127,0.83089,0.42501,0.64127
12.02326,27.23397,-10.00782,0.24468,-0.23497,-0.9407,0.99098,0.0,0.0,nan,0.0,0.00734,0.01964,30.05343,1.87444,0.22588,0.61685,0.77427,0.7009,0.53349,0.77427
12.83166,26.95649,-9.08171,0.24263,-0.27687,-0.92977,0.99575,0.0,0.0,nan,0.0,0.00861,0.02726,30.08673,1.80078,0.23306,0.59737,0.7026,0.5642,0.55532,0.7026
13.00176,27.07641,11.16525,0.17491,0.00954,0.98454,0.99586,0.0,0.0,nan,0.0,0.015,0.0344,33.95307,1.81877,0.22935,0.49279,0.40732,0.93736,0.54982,0.40732
12.29945,29.13756,-10.19072,0.24575,-0.10957,-0.96312,0.98895,0.0,0.0,nan,0.0,0.00492,0.02326,27.71717,1.91171,0.2336,0.53604,0.69705,0.42307,0.52309,0.69705
13.08072,28.86743,-9.9175,0.25127,-0.12093,-0.96033,0.99616,0.0,0.0,nan,0.0,0.003,0.02131,27.62842,1.69549,0.235,0.60329,0.87283,0.41277,0.5898,0.87283
13.01635,29.05651,10.91016,0.2367,-0.10351,0.96605,0.9985,0.0,0.0,nan,0.0,0.01481,0.04231,30.66971,1.74287,0.23288,0.53975,0.55741,0.69095,0.57377,0.55741
12.85184,31.50561,-10.28725,0.19663,-0.11263,-0.97399,0.99575,0.0,0.0,nan,0.0,0.01173,0.02816,21.77505,1.6519,0.24649,0.46096,0.39577,0.98686,0.60536,0.39577
13.18383,30.69432,-9.8947,0.22549,-0.09993,-0.96911,0.99768,0.0,0.0,nan,0.0,0.01394,0.0411,20.35748,1.67163,0.23795,0.43161,0.75154,0.86723,0.59822,0.75154
12.98131,30.91926,11.50651,0.19392,-0.07048,0.97848,0.99271,0.0,0.0,nan,0.0,0.01545,0.04742,36.86067,1.96297,0.22714,0.59397,0.38027,0.5784,0.50943,0.38027
12.99018,32.96068,-10.42699,0.16441,-0.11595,-0.97955,0.99352,0.0,0.0,nan,0.0,0.00675,0.02066,22.1306,1.85013,0.22641,0.40164,0.68896,0.88654,0.5405,0.68896
13.50841,33.54271,-9.80755,0.23189,-0.06882,-0.9703,0.9988,0.0,0.0,nan,0.0,0.01146,0.02709,23.54765,1.81709,0.23398,0.52846,0.61216,0.86807,0.55033,0.61216
13.00791,32.99664,11.29021,0.10068,0.00639,0.9949,0.99789,0.0,0.0,nan,0.0,0.01545,0.05352,36.87799,2.05126,0.2263,0.44779,0.49575,0.67942,0.48751,0.49575
12.87309,35.02415,-10.47471,0.18518,-0.00543,-0.98269,0.99819,0.0,0.0,nan,0.0,0.00614,0.0177,23.5692,2.08263,0.22926,0.47949,0.39891,0.78547,0.48016,0.39891
13.49438,34.65791,-9.90067,0.23972,-0.00826,-0.97081,0.9987,0.0,0.0,nan,0.0,0.00739,0.01954,23.18567,3.63418,0.2359,0.52815,0.33177,0.77797,0.27517,0.33177
13.0168,34.95651,11.31846,0.15503,-0.09103,0.98371,0.9987,0.0,0.0,nan,0.0,0.00545,0.03961,33.13562,1.6519,0.22994,0.36775,0.75502,0.40337,0.60536,0.75502
12.99365,37.01473,-10.51523,0.25579,-0.12048,-0.9592,0.9988,0.0,0.0,nan,0.0,0.00951,0.02533,21.64661,1.6519,0.22591,0.5049,0.76842,0.86275,0.60536,0.76842
13.62317,37.71838,-9.91273,0.29257,-0.13249,-0.94702,0.99169,0.0,0.0,nan,0.0,0.01247,0.02634,22.69677,1.6519,0.22542,0.62528,0.74944,0.82414,0.60536,0.74944
12.92237,37.00401,11.63759,0.19718,0.01638,0.98023,0.99839,0.0,0.0,nan,0.0,0.0079,0.04177,18.14843,2.38135,0.22771,0.46342,0.79799,0.53507,0.41993,0.79799
13.03898,38.91284,-10.83202,0.30567,-0.17476,-0.93596,0.99819,0.0,0.0,nan,0.0,0.00343,0.02067,15.49607,1.73186,0.2311,0.57687,0.87419,0.53858,0.57741,0.87419
13.6885,38.02073,-9.98539,0.29991,-0.14166,-0.94339,0.99433,0.0,0.0,nan,0.0,0.00772,0.02507,21.07388,1.6519,0.23387,0.63719,0.84998,0.77824,0.60536,0.84998
12.91037,39.04848,11.36868,0.20913,-0.07608,0.97492,0.99322,0.0,0.0,nan,0.0,0.01162,0.03583,25.26283,2.34316,0.22654,0.43815,0.52939,0.7989,0.42677,0.52939
12.97588,40.96833,-11.09891,0.34601,-0.07926,-0.93488,0.99819,0.0,0.0,nan,0.0,0.01581,0.08962,13.14896,1.81709,0.24132,0.47454,0.5296,0.42827,0.55033,0.5296
13.27265,40.65886,11.6988,0.19758,-0.20797,0.95797,0.9988,0.0,0.0,nan,0.0,0.00909,0.03189,24.01234,1.89028,0.22925,0.37755,0.55298,0.81817,0.52902,0.55298
12.70575,41.4035,12.12032,0.19315,-0.18404,0.96376,0.99586,0.0,0.0,nan,0.0,0.01057,0.03435,20.18876,1.72229,0.23583,0.40022,0.5231,0.8448,0.58062,0.5231
13.06554,43.02821,-11.16484,0.33312,0.00086,-0.94288,0.9988,0.0,0.0,nan,0.0,0.00847,0.04336,12.03094,1.81709,0.21873,0.43882,0.72597,0.51905,0.55033,0.72597
13.91416,43.15841,11.99323,0.19203,-0.00662,0.98137,0.99697,0.0,0.0,nan,0.0,0.01748,0.04995,19.07927,1.88836,0.22359,0.52388,0.63592,0.73815,0.52956,0.63592
12.94833,42.93677,12.1447,0.17756,-0.00408,0.9841,0.99586,0.0,0.0,nan,0.0,0.01311,0.04742,18.62402,1.86778,0.2281,0.45022,0.64403,0.68002,0.53539,0.64403
12.98434,44.95348,-11.18569,0.32353,0.02755,-0.94582,0.9986,0.0,0.0,nan,0.0,0.00903,0.05077,11.84801,1.6519,0.23546,0.40565,0.55998,0.51238,0.60536,0.55998
13.07166,45.12685,11.7921,0.18746,0.17943,0.96575,0.9987,0.0,0.0,nan,0.0,0.01097,0.0394,21.52954,1.84642,0.22566,0.53933,0.47438,0.56441,0.54159,0.47438
12.52539,44.21989,12.06814,0.17337,0.10722,0.979,0.99758,0.0,0.0,nan,0.0,0.01151,0.04522,18.96528,1.73256,0.22824,0.46554,0.65058,0.60423,0.57718,0.65058
13.03075,47.00645,-11.06494,0.32847,0.05852,-0.9427,0.99799,0.0,0.0,nan,0.0,0.00874,0.0665,8.67453,1.73005,0.23042,0.58154,0.5909,0.2781,0.57802,0.5909
12.91453,46.7686,11.20548,0.16525,0.04794,0.98509,0.95505,0.0,0.0,nan,0.0,0.00683,0.02239,26.61213,1.91317,0.22387,0.44252,0.68464,0.74176,0.52269,0.68464
13.02264,48.98296,-10.80186,0.34149,0.06116,-0.93789,0.9989,0.0,0.0,nan,0.0,0.00842,0.04116,4.35269,2.04941,0.21974,0.30494,0.53399,0.97888,0.48795,0.53399
13.04733,48.63673,11.56922,0.12117,-0.11285,0.9862,0.99545,0.0,0.0,nan,0.0,0.00927,0.02578,23.5197,1.73154,0.23323,0.4903,0.4135,0.79606,0.57752,0.4135
12.81952,49.47129,12.1842,0.11309,-0.09966,0.98857,0.98835,0.0,0.0,nan,0.0,0.0072,0.03483,22.33837,1.77349,0.23182,0.39819,0.39389,0.56557,0.56386,0.39389
12.97577,50.94558,-10.81217,0.31339,0.0239,-0.94932,0.99839,0.0,0.0,nan,0.0,0.01268,0.04825,4.22401,2.59555,0.22858,0.39045,0.48279,0.99211,0.38528,0.48279
13.04776,51.06247,11.99834,0.09716,0.02897,0.99485,0.99454,0.0,0.0,nan,0.0,0.0222,0.05932,20.41332,1.76449,0.22278,0.58393,0.58663,0.70365,0.56674,0.58663
12.73439,50.9119,12.05183,0.09256,0.01421,0.99561,0.99322,0.0,0.0,nan,0.0,0.01237,0.03732,19.6447,1.96076,0.22732,0.46291,0.34947,0.78906,0.51001,0.34947
13.03124,53.02969,-10.76253,0.30155,0.0654,-0.9512,0.9989,0.0,0.0,nan,0.0,0.0054,0.05738,9.48488,1.72052,0.22705,0.40378,0.70821,0.28197,0.58122,0.70821
12.95492,53.02287,11.5208,0.10999,0.13657,0.9845,0.9989,0.0,0.0,nan,0.0,0.01189,0.03846,29.11332,2.73199,0.22544,0.42458,0.35413,0.77841,0.36603,0.35413
13.03485,55.03795,-10.46094,0.31153,0.07674,-0.94713,0.9988,0.0,0.0,nan,0.0,0.00635,0.04136,12.0472,1.90479,0.2151,0.44259,0.65795,0.40474,0.52499,0.65795
13.13045,55.13991,11.64392,0.09511,0.15827,0.9828,0.99596,0.0,0.0,nan,0.0,0.01359,0.04248,38.84303,1.98711,0.22664,0.49986,0.59443,0.67285,0.50324,0.59443
12.91957,57.01352,-10.38372,0.32322,0.05984,-0.94443,0.9989,0.0,0.0,nan,0.0,0.00791,0.05635,10.89408,1.70401,0.22958,0.48283,0.56859,0.34418,0.58685,0.56859
13.96031,57.61917,-9.98983,0.3249,0.05985,-0.94385,0.9987,0.006,0.03001,0.7,1.0,0.00915,0.08351,9.57365,1.86731,0.22708,0.47266,0.64461,0.2802,0.53553,0.64461
13.28154,57.05303,10.78261,0.14111,0.03531,0.98936,0.98327,0.0,0.0,nan,0.0,0.01224,0.02938,41.86343,1.91668,0.2293,0.59381,0.43804,0.73532,0.52174,0.43804
12.76992,58.96717,-10.27752,0.30868,0.09847,-0.94606,0.9989,0.0,0.0,nan,0.0,0.01245,0.06224,6.50157,2.11836,0.21748,0.42361,0.79191,0.71284,0.47206,0.79191
13.79673,59.25202,-9.932,0.3135,0.08658,-0.94563,0.9989,0.0,0.0,nan,0.0,0.0108,0.06325,5.5864,1.69667,0.21589,0.32928,0.58117,0.70403,0.58939,0.58117
12.94113,58.91149,11.19601,0.16721,0.06667,0.98366,0.99728,0.0,0.0,nan,0.0,0.01061,0.03207,36.56111,1.98646,0.23044,0.60556,0.68708,0.57597,0.50341,0.68708
12.54166,60.79263,-10.18615,0.27341,0.14049,-0.95158,0.99839,0.0,0.0,nan,0.0,0.01383,0.08917,6.08711,1.88481,0.21947,0.29196,0.53959,0.70577,0.53056,0.53959
13.45673,61.15411,-9.82919,0.27716,0.12741,-0.95234,0.9988,0.0,0.0,nan,0.0,0.01342,0.06391,5.21913,1.9828,0.20721,0.32978,0.50665,0.8809,0.50434,0.50665
12.8128,60.88585,10.61695,0.22132,0.08229,0.97172,0.985,0.0,0.0,nan,0.0,0.00961,0.03209,30.45299,1.72312,0.23188,0.44595,0.71775,0.71556,0.58034,0.71775
12.14403,62.24992,-10.02735,0.25599,0.15214,-0.95463,0.9989,0.0,0.0,nan,0.0,0.01775,0.08109,5.85999,1.92307,0.21742,0.34178,0.42055,0.85914,0.52,0.42055
13.03128,63.00991,-9.64998,0.25309,0.16037,-0.95406,0.9989,0.0,0.0,nan,0.0,0.01632,0.07311,5.83487,1.85834,0.22139,0.34126,0.45362,0.87858,0.53812,0.45362
13.00523,62.9673,10.95365,0.2041,0.04796,0.97777,0.9989,0.0,0.0,nan,0.0,0.00621,0.02545,27.84638,1.6519,0.22754,0.42917,0.42363,0.60969,0.60536,0.42363
13.01482,64.99029,-9.28747,0.2673,0.15639,-0.95084,0.9988,0.0,0.0,nan,0.0,0.00812,0.03951,5.52582,1.87135,0.2226,0.27989,0.38114,1.0,0.53437,0.38114
12.97091,65.15128,10.39736,0.24184,0.03301,0.96975,0.98571,0.0,0.0,nan,0.0,0.0091,0.02034,25.61639,1.96734,0.23977,0.48308,0.34697,0.99842,0.5083,0.34697
13.02443,67.01018,-9.0322,0.2877,0.12354,-0.94972,0.99636,0.01379,0.06896,0.7,1.0,0.00607,0.03449,4.52795,2.1535,0.22325,0.4158,0.86191,0.95037,0.46436,0.86191
13.83662,66.6967,9.866,0.2191,-0.01002,0.97565,0.97078,0.0,0.0,nan,0.0,0.00963,0.02021,26.09596,2.56051,0.23571,0.52696,0.32058,0.97287,0.39055,0.32058
13.20322,66.8746,11.05095,0.25598,-0.03145,0.96617,0.98591,0.0,0.0,nan,0.0,0.00711,0.01933,24.91519,1.89866,0.23086,0.47963,0.48282,0.82851,0.52669,0.48282
13.00524,69.01826,-8.833,0.3107,0.13799,-0.94044,0.99697,0.0,0.0,nan,0.0,0.00924,0.04393,3.91247,1.76211,0.23098,0.31787,0.31822,1.0,0.5675,0.31822
13.56323,69.44424,9.7139,0.22928,0.06603,0.97112,0.93637,0.0,0.0,nan,0.0,0.00588,0.01815,21.92124,2.07703,0.23351,0.42346,0.52504,0.83438,0.48146,0.52504
12.99969,68.98357,10.58758,0.23172,0.11559,0.96589,0.99606,0.0,0.0,nan,0.0,0.00846,0.02228,24.70519,1.81709,0.23025,0.49837,0.60517,0.82391,0.55033,0.60517
13.02972,71.0062,-8.45389,0.31969,0.17801,-0.93065,0.99667,0.0,0.0,nan,0.0,0.01015,0.0577,4.33396,1.89554,0.2216,0.42008,0.76272,0.63818,0.52756,0.76272
13.99581,71.92413,-7.96541,0.34191,0.17073,-0.92409,0.99839,0.0,0.0,nan,0.0,0.00543,0.06256,5.70075,1.81709,0.22916,0.30041,0.62282,0.39017,0.55033,0.62282
12.38844,70.55429,9.9154,0.17093,-0.0079,0.98525,0.94592,0.0,0.0,nan,0.0,0.00848,0.0206,20.00437,3.38743,0.23349,0.47038,0.66061,0.96244,0.29521,0.66061
12.92595,71.01502,10.39444,0.15714,-0.00554,0.98756,0.99606,0.0,0.0,nan,0.0,0.00836,0.02425,21.47462,1.72785,0.24088,0.43616,0.37541,0.8637,0.57875,0.37541
12.55953,72.81931,-8.18192,0.29421,0.20607,-0.93326,0.9986,0.0,0.0,nan,0.0,0.01388,0.07897,8.86902,1.69206,0.22165,0.48941,0.80109,0.52624,0.591,0.80109
13.4055,73.27003,-7.8595,0.30487,0.20281,-0.93055,0.9989,0.0,0.0,nan,0.0,0.00454,0.0765,9.3434,1.6519,0.22078,0.52959,0.95136,0.38253,0.60536,0.95136
13.33465,73.60342,9.71352,0.06528,0.17602,0.98222,0.97637,0.0,0.0,nan,0.0,0.01824,0.04043,28.5702,2.22905,0.23071,0.60175,0.54215,0.80221,0.44862,0.54215
13.0693,73.06492,10.6198,0.07326,0.15984,0.98442,0.99088,0.0,0.0,nan,0.0,0.0094,0.02649,25.52715,2.249,0.21728,0.52176,0.63574,0.73378,0.44464,0.63574
12.07719,74.0787,-8.02593,0.26011,0.24673,-0.93352,0.9989,0.0,0.0,nan,0.0,0.00924,0.06303,10.40323,1.6519,0.21947,0.49768,0.85927,0.53985,0.60536,0.85927
12.99974,75.04284,-7.55723,0.27164,0.26082,-0.92638,0.9986,0.0,0.0,nan,0.0,0.00407,0.05525,11.86734,1.81709,0.20666,0.5755,0.96834,0.49611,0.55033,0.96834
12.91677,74.92833,9.87864,0.06132,0.13152,0.98942,0.99606,0.0,0.0,nan,0.0,0.01139,0.0308,32.36563,1.81709,0.23682,0.49207,0.57336,0.79831,0.55033,0.57336
13.12441,74.88132,10.00365,0.05956,0.13301,0.98932,0.99839,0.0,0.0,nan,0.0,0.01347,0.03542,30.72287,2.04076,0.21999,0.49765,0.54359,0.81413,0.49001,0.54359
13.04911,76.98193,-6.96519,0.27494,0.27418,-0.92154,0.9987,0.0,0.0,nan,0.0,0.00702,0.04855,12.7809,1.90328,0.22261,0.52238,0.89096,0.58289,0.52541,0.89096
13.01221,77.54047,9.50575,0.07679,0.30119,0.95047,0.99667,0.0,0.0,nan,0.0,0.01132,0.03172,30.98172,2.88841,0.23586,0.49707,0.68605,0.76465,0.34621,0.68605
12.92774,76.54973,10.15387,0.05828,0.1948,0.97911,0.98479,0.0,0.0,nan,0.0,0.00875,0.03639,31.10531,2.06992,0.23486,0.54161,0.82712,0.62708,0.48311,0.82712
12.95011,78.92292,-6.44185,0.26687,0.32318,-0.90793,0.9987,0.0,0.0,nan,0.0,0.00697,0.04064,10.39485,2.00466,0.22081,0.45788,0.58829,0.44678,0.49884,0.58829
13.56648,79.75487,-5.86579,0.29502,0.42143,-0.85753,0.99058,0.0,0.0,nan,0.0,0.00905,0.03657,11.85138,2.89314,0.23303,0.51235,0.50272,0.56439,0.34565,0.50272
13.03043,78.96281,8.82959,0.09677,0.31133,0.94536,0.99626,0.0,0.0,nan,0.0,0.00715,0.0212,26.30277,1.89334,0.23862,0.37642,0.63185,0.96387,0.52817,0.63185
12.27416,80.21481,-6.14778,0.20611,0.49466,-0.84429,0.97667,0.0,0.0,nan,0.0,0.00668,0.02709,7.29281,3.63418,0.23689,0.43256,0.33635,0.72674,0.27517,0.33635
13.043,81.15791,-5.29846,0.21589,0.6905,-0.69037,0.96155,0.0,0.0,nan,0.0,0.00523,0.03255,9.23096,2.67747,0.23517,0.56763,0.90781,0.69607,0.37349,0.90781
13.3495,81.94444,-3.63915,0.22564,0.91043,-0.3467,0.98236,0.0,0.0,nan,0.0,0.00907,0.02563,13.03424,3.34146,0.23974,0.54934,0.72857,0.74292,0.29927,0.72857
13.88358,81.93393,-1.78314,0.1971,0.95891,-0.20407,0.99758,0.0,0.0,nan,0.0,0.00759,0.0292,12.55042,3.21743,0.24439,0.45727,0.53791,0.65922,0.31081,0.53791
13.49086,81.90232,7.86153,0.12837,0.68719,0.71504,0.93008,0.0,0.0,nan,0.0,0.00294,0.09125,33.90364,2.82708,0.24196,0.78399,0.9974,0.20893,0.35372,0.9974
12.99325,81.00591,8.75356,0.10407,0.4095,0.90636,0.93465,0.0,0.0,nan,0.0,0.00477,0.02905,24.81534,2.08158,0.23744,0.38076,0.63846,0.46558,0.48041,0.63846
12.95124,82.24654,-2.83699,0.19751,0.95342,-0.228,0.99525,0.0,0.0,nan,0.0,0.01513,0.05809,13.42472,1.68554,0.23353,0.59106,0.36327,0.50643,0.59328,0.36327
12.95241,82.34689,-1.01783,0.17254,0.97208,-0.15902,0.9987,0.0,0.0,nan,0.0,0.00887,0.03288,11.3192,3.46899,0.23771,0.42688,0.71496,0.74362,0.28827,0.71496
13.02253,82.84779,1.04868,0.08782,0.98843,-0.12369,0.9985,0.22424,0.22424,0.51,0.58059,0.03584,0.11785,11.68781,1.76982,0.22794,0.47302,0.58991,0.75288,0.56503,0.58991
13.01567,82.97769,2.97787,0.06794,0.99718,-0.03181,0.9989,0.48014,0.48014,0.51,0.57597,0.04841,0.20968,9.7047,1.91196,0.22558,0.35601,0.62324,0.78217,0.52302,0.62324
13.02252,82.92521,5.03595,0.07393,0.98904,0.12781,0.99789,0.04022,0.10315,0.51,0.94066,0.02188,0.11474,6.30871,1.9383,0.22592,0.27772,0.35671,0.90424,0.51592,0.35671
12.94784,82.46327,6.97393,0.10047,0.89632,0.43188,0.97515,0.0,0.0,nan,0.0,0.01769,0.06465,5.15456,2.07724,0.22967,0.47448,0.70843,0.80059,0.48141,0.70843
12.14644,82.01162,8.02129,0.08974,0.69375,0.7146,0.92653,0.0,0.0,nan,0.0,0.01232,0.17182,17.81647,2.04893,0.23092,0.62867,0.89718,0.23975,0.48806,0.89718
14.97507,1.55437,-2.68074,0.07289,-0.77536,-0.6273,0.94399,0.0,0.0,nan,0.0,0.00388,0.06308,29.06069,1.68867,0.23254,0.7511,0.96979,0.29483,0.59218,0.96979
14.96422,0.89412,-1.06369,-0.00878,-0.97325,-0.22959,0.98926,0.03409,0.17043,0.51,1.0,0.02085,0.06373,6.20651,1.95231,0.23831,0.5371,0.44465,0.80553,0.51221,0.44465
14.98097,0.93216,1.02951,-0.01817,-0.99977,-0.01151,0.9989,0.0,0.0,nan,0.0,0.01744,0.04864,5.10417,2.05643,0.23382,0.53209,0.34505,0.9378,0.48628,0.34505
15.00893,0.86383,2.97301,-0.05145,-0.99709,0.05633,0.9989,0.0,0.0,nan,0.0,0.01226,0.04807,5.07349,2.25816,0.2242,0.43235,0.65646,0.82234,0.44284,0.65646
14.99645,1.08528,5.0562,-0.0842,-0.96196,0.2599,0.9923,0.0,0.0,nan,0.0,0.00701,0.06607,9.54149,1.86419,0.23735,0.76011,0.91791,0.36474,0.53643,0.91791
15.03687,1.65295,6.73982,-0.07064,-0.90451,0.42056,0.99728,0.0,0.0,nan,0.0,0.00276,0.0087,8.53117,3.46276,0.23004,0.54572,0.32638,0.71822,0.28879,0.32638
14.67052,3.33582,-4.32082,0.12408,-0.45919,-0.87963,0.98114,0.0,0.0,nan,0.0,0.00532,0.02246,24.83295,3.21952,0.23998,0.71526,0.89267,0.65873,0.31061,0.89267
15.46185,2.96437,-3.62449,0.20089,-0.50032,-0.84221,0.98205,0.0,0.0,nan,0.0,0.00922,0.02362,22.48614,1.94326,0.23114,0.71317,0.69892,0.59622,0.5146,0.69892
14.95584,2.56651,7.47566,-0.03733,-0.90315,0.4277,0.99474,0.0,0.0,nan,0.0,0.00288,0.00979,10.44179,3.63418,0.24285,0.60379,0.53648,0.58095,0.27517,0.53648
15.06538,2.73171,9.24172,0.01455,-0.78889,0.61436,0.91333,0.0,0.0,nan,0.0,0.005,0.04633,25.15929,1.74831,0.22575,0.73048,0.8781,0.2705,0.57198,0.8781
14.66069,3.72204,10.20033,0.03785,-0.43182,0.90117,0.8368,0.0,0.0,nan,0.0,0.00775,0.04377,26.67372,1.88778,0.2341,0.69404,0.91297,0.57294,0.52972,0.91297
14.95884,5.02731,-4.67504,0.18953,-0.29673,-0.93597,0.97373,0.0,0.0,nan,0.0,0.01885,0.04195,26.54659,2.17297,0.21575,0.7096,0.6756,0.68088,0.4602,0.6756
15.53318,4.10221,-3.86776,0.23647,-0.42182,-0.8753,0.99748,0.0,0.0,nan,0.0,0.0102,0.02066,19.53612,3.23164,0.23023,0.66186,0.62278,0.82229,0.30944,0.62278
14.86436,5.39844,9.86754,0.10128,0.04602,0.99379,0.9855,0.0,0.0,nan,0.0,0.01061,0.03105,26.16939,1.93796,0.22474,0.58608,0.58202,0.62751,0.51601,0.58202
15.03269,4.82865,10.15025,0.07291,-0.07334,0.99464,0.9312,0.0,0.0,nan,0.0,0.0063,0.02639,22.21129,2.0724,0.21724,0.50119,0.55182,0.51905,0.48253,0.55182
15.02681,7.20218,-5.11331,0.28437,0.03993,-0.95788,0.98398,0.0,0.0,nan,0.0,0.00703,0.0227,23.70109,1.93849,0.21936,0.44416,0.26973,0.75647,0.51587,0.26973
14.77881,7.17121,9.52031,0.20429,0.02625,0.97856,0.97444,0.0,0.0,nan,0.0,0.01508,0.0375,31.43682,1.71791,0.23694,0.53203,0.34966,0.80387,0.5821,0.34966
14.57073,6.20722,10.12845,0.15354,0.08932,0.9841,0.99819,0.0,0.0,nan,0.0,0.0119,0.03113,30.93772,1.85825,0.22639,0.57119,0.73842,0.71247,0.53814,0.73842
15.02913,9.05644,-4.62221,0.33173,-0.15871,-0.92993,0.95881,0.0,0.0,nan,0.0,0.01429,0.0297,32.70974,1.6519,0.2234,0.51058,0.32534,1.0,0.60536,0.32534
15.04244,8.71064,9.40831,0.24665,-0.07984,0.96581,0.97992,0.0,0.0,nan,0.0,0.01326,0.02859,29.37052,3.21803,0.2375,0.49548,0.38663,1.0,0.31075,0.38663
14.65886,9.50755,10.22676,0.28064,-0.09518,0.95508,0.99291,0.0,0.0,nan,0.0,0.01405,0.03381,27.99792,1.69209,0.2395,0.45702,0.41599,0.97458,0.59098,0.41599
14.25046,11.52509,-6.1657,0.32422,-0.27871,-0.90399,0.99515,0.00145,0.00723,0.6,1.0,0.01787,0.03561,23.44674,1.92464,0.2297,0.55732,0.51262,0.97734,0.51958,0.51262
15.14884,10.72017,-5.5014,0.31747,-0.36324,-0.87594,0.99555,0.00881,0.04406,0.6,1.0,0.01797,0.03837,24.67364,1.85014,0.21923,0.50999,0.63805,0.99285,0.5405,0.63805
15.43157,11.28923,9.80311,0.28916,0.03937,0.95647,0.99555,0.0,0.0,nan,0.0,0.01602,0.04155,35.12257,1.69668,0.2459,0.56433,0.64571,0.72183,0.58939,0.64571
14.78108,10.84998,10.40486,0.30537,0.01962,0.95203,0.99251,0.0,0.0,nan,0.0,0.01371,0.03601,32.91533,1.6519,0.24366,0.5537,0.43703,0.72924,0.60536,0.43703
14.73145,13.07998,-6.24548,0.30163,-0.20869,-0.93031,0.9986,0.0,0.0,nan,0.0,0.01289,0.02926,22.98736,1.83446,0.22196,0.47879,0.45417,1.0,0.54512,0.45417
15.60433,13.16691,-5.95651,0.31089,-0.20848,-0.9273,0.9987,0.0,0.0,nan,0.0,0.01046,0.0302,22.5828,1.78674,0.22939,0.39607,0.37248,0.95152,0.55968,0.37248
15.12356,12.97794,9.58741,0.3465,-0.08833,0.93388,0.97363,0.0,0.0,nan,0.0,0.00874,0.02207,31.98098,1.6519,0.23516,0.48905,0.58072,0.85983,0.60536,0.58072
14.40217,13.34789,10.15096,0.33531,-0.10174,0.9366,0.99636,0.0,0.0,nan,0.0,0.0086,0.02173,30.91818,1.74889,0.23919,0.47781,0.62145,0.88232,0.57179,0.62145
15.10969,14.92091,-6.89328,0.31831,-0.26228,-0.91098,0.99687,0.0,0.0,nan,0.0,0.00757,0.018,24.94033,1.74416,0.23171,0.53802,0.58162,0.84483,0.57334,0.58162
15.33407,15.67447,9.80419,0.22484,-0.04574,0.97332,0.99484,0.0,0.0,nan,0.0,0.00706,0.02131,25.98387,1.6519,0.24042,0.52393,0.35273,0.68073,0.60536,0.35273
15.00207,14.96876,10.73616,0.23668,-0.09475,0.96696,0.96266,0.0,0.0,nan,0.0,0.00482,0.02119,24.33433,1.8287,0.23961,0.36995,0.43643,0.66599,0.54684,0.43643
14.97268,16.90609,-7.06938,0.36122,-0.0542,-0.93091,0.99515,0.0,0.0,nan,0.0,0.00657,0.01781,23.45087,1.92331,0.23171,0.52152,0.5908,0.76798,0.51994,0.5908
15.34802,16.51582,-5.98453,0.37512,-0.12268,-0.91882,0.96825,0.0,0.0,nan,0.0,0.00586,0.01377,22.04678,3.21693,0.23934,0.49751,0.52249,0.93351,0.31086,0.52249
15.35667,16.73494,9.86069,0.17257,0.09356,0.98054,0.99464,0.0,0.0,nan,0.0,0.01294,0.03066,24.91164,1.6519,0.2295,0.59107,0.51098,0.77148,0.60536,0.51098
14.80046,17.05534,10.27372,0.1593,0.09115,0.98301,0.99636,0.0,0.0,nan,0.0,0.00967,0.02232,24.29983,1.65466,0.23412,0.53291,0.30724,0.88015,0.60435,0.30724
15.03969,19.00132,-6.88661,0.32648,-0.11617,-0.93804,0.97129,0.0,0.0,nan,0.0,0.00686,0.02049,28.6832,1.92957,0.2314,0.39124,0.40845,0.91602,0.51825,0.40845
15.23778,18.81296,9.68839,0.20952,-0.06382,0.97572,0.98317,0.0,0.0,nan,0.0,0.01141,0.02641,24.73619,1.85612,0.23263,0.52889,0.4375,0.88328,0.53876,0.4375
14.4944,19.28486,10.31131,0.21673,-0.08616,0.97242,0.9985,0.0,0.0,nan,0.0,0.01061,0.02622,24.71541,2.58234,0.2313,0.48338,0.28832,0.90459,0.38725,0.28832
14.93076,21.46994,-8.38317,0.19373,-0.35375,-0.91506,0.96155,0.0,0.0,nan,0.0,0.00939,0.03375,26.96477,1.76396,0.23473,0.39765,0.48737,0.75176,0.56691,0.48737
15.03234,20.74948,-7.36912,0.24215,-0.40898,-0.87983,0.97708,0.0,0.0,nan,0.0,0.01751,0.04332,29.39907,1.72338,0.24414,0.55354,0.4538,0.77985,0.58026,0.4538
15.95565,21.41734,9.95124,0.24794,0.07567,0.96582,0.99687,0.0,0.0,nan,0.0,0.01722,0.03977,22.94498,1.8834,0.23574,0.53645,0.43593,0.87748,0.53095,0.43593
15.08187,20.993,10.50687,0.24932,0.03941,0.96762,0.99007,0.0,0.0,nan,0.0,0.01413,0.03252,23.95219,1.71459,0.23591,0.52105,0.44586,0.90356,0.58323,0.44586
15.01095,23.09644,-8.60557,0.21571,-0.04589,-0.97538,0.96794,0.0,0.0,nan,0.0,0.0126,0.03245,29.37818,1.70105,0.2353,0.54765,0.51087,0.75762,0.58787,0.51087
15.26372,23.22023,9.73678,0.29342,-0.04924,0.95472,0.97647,0.0,0.0,nan,0.0,0.01197,0.02911,23.92586,1.91257,0.22724,0.44777,0.34644,0.99521,0.52286,0.34644
14.53514,22.75093,10.03644,0.24487,-0.00151,0.96956,0.99322,0.0,0.0,nan,0.0,0.01473,0.03474,24.96115,2.68691,0.23139,0.45805,0.4896,1.0,0.37218,0.4896
14.98495,24.92854,-8.18505,0.23362,-0.08831,-0.96831,0.98286,0.0,0.0,nan,0.0,0.01298,0.0346,33.12273,1.9857,0.22799,0.47065,0.38136,0.84505,0.5036,0.38136
15.83088,25.52452,-7.99972,0.27053,-0.19082,-0.94361,0.98175,0.0,0.0,nan,0.0,0.01539,0.04174,29.42741,2.03286,0.23677,0.46195,0.42921,0.85241,0.49192,0.42921
15.54425,24.1271,9.85631,0.28875,-0.13991,0.94713,0.99301,0.0,0.0,nan,0.0,0.01217,0.03091,23.54955,1.87195,0.22686,0.46944,0.67122,0.90971,0.5342,0.67122
15.03104,24.93711,10.73816,0.27071,-0.15588,0.94996,0.98642,0.0,0.0,nan,0.0,0.00916,0.03275,26.95415,1.79902,0.2311,0.34962,0.28375,0.85927,0.55586,0.28375
14.99403,26.92649,-8.87621,0.20096,-0.27011,-0.94162,0.99829,0.0,0.0,nan,0.0,0.01165,0.04452,25.26992,2.44044,0.23456,0.51924,0.62572,0.54403,0.40976,0.62572
15.81672,26.18473,-7.83408,0.27732,-0.2667,-0.92302,0.97383,0.0,0.0,nan,0.0,0.01172,0.04081,26.50744,2.05637,0.22888,0.41204,0.37478,0.74937,0.48629,0.37478
15.97381,27.11269,9.7489,0.23149,0.03657,0.97215,0.98652,0.0,0.0,nan,0.0,0.01236,0.0408,39.39996,1.77643,0.23261,0.43946,0.35568,0.72438,0.56293,0.35568
15.05672,26.98563,10.678,0.26836,0.04556,0.96224,0.99464,0.0,0.0,nan,0.0,0.01421,0.03895,35.45836,1.88754,0.23338,0.53382,0.23647,0.72185,0.52979,0.23647
15.0354,29.04026,-9.41216,0.23705,-0.08605,-0.96768,0.98601,0.0,0.0,nan,0.0,0.01504,0.05004,18.10759,1.81709,0.23347,0.47164,0.57293,0.70751,0.55033,0.57293
15.58993,28.91624,9.71069,0.25891,-0.06988,0.96337,0.938,0.0,0.0,nan,0.0,0.01324,0.03713,43.48012,1.79541,0.23536,0.431,0.37908,0.86529,0.55698,0.37908
14.76044,29.13452,10.30986,0.29378,-0.09376,0.95126,0.98814,0.0,0.0,nan,0.0,0.01403,0.03489,40.11902,1.74795,0.23091,0.5132,0.34629,0.82235,0.5721,0.34629
14.94678,30.95525,-9.18409,0.41584,-0.04375,-0.90839,0.992,0.0,0.0,nan,0.0,0.00943,0.02653,21.3144,1.6519,0.23557,0.50708,0.57898,0.76693,0.60536,0.57898
15.25004,31.08459,10.75381,0.26279,-0.18698,0.94656,0.99697,0.0,0.0,nan,0.0,0.02058,0.06018,24.79295,1.94311,0.2276,0.62781,0.59139,0.58872,0.51464,0.59139
14.64531,33.45417,-10.14562,0.37397,-0.06842,-0.92491,0.9715,0.0,0.0,nan,0.0,0.00699,0.0191,19.93622,1.6519,0.23219,0.4481,0.58631,0.89849,0.60536,0.58631
15.10714,32.8087,-9.73507,0.45137,-0.1182,-0.88447,0.98246,0.0,0.0,nan,0.0,0.01107,0.02662,19.1786,2.82998,0.22837,0.5577,0.42228,0.82316,0.35336,0.42228
15.06825,32.94757,11.28073,0.21515,-0.01426,0.97648,0.99606,0.0,0.0,nan,0.0,0.00993,0.04746,35.47818,2.22318,0.23596,0.47822,0.46835,0.46196,0.44981,0.46835
14.70718,34.79744,-10.22572,0.3569,-0.01104,-0.93408,0.97698,0.0,0.0,nan,0.0,0.00629,0.01556,20.57455,1.82465,0.23696,0.50291,0.60266,0.88238,0.54805,0.60266
15.38163,35.44743,-9.69197,0.38555,-0.03663,-0.92196,0.99525,0.0,0.0,nan,0.0,0.00983,0.02054,22.17876,2.24341,0.23705,0.60108,0.55862,0.86786,0.44575,0.55862
14.91847,35.13041,10.87502,0.25697,-0.0089,0.96638,0.9989,0.00169,0.00845,0.7,1.0,0.00495,0.04222,27.98959,1.6519,0.23254,0.30108,0.48974,0.41752,0.60536,0.48974
14.36869,36.57185,-10.20826,0.29867,-0.05588,-0.95272,0.99626,0.0,0.0,nan,0.0,0.01255,0.02389,25.02542,1.6519,0.23814,0.59217,0.57001,0.95814,0.60536,0.57001
15.10606,37.00367,-9.57894,0.35004,-0.07999,-0.93331,0.99718,0.0,0.0,nan,0.0,0.01262,0.02582,23.57816,1.6519,0.23169,0.59439,0.69566,0.89195,0.60536,0.69566
15.02968,37.04364,11.16627,0.30415,0.00947,0.95258,0.99525,0.0,0.0,nan,0.0,0.01069,0.04496,21.72125,1.6519,0.24773,0.41061,0.40746,0.63234,0.60536,0.40746
14.71763,39.04396,-10.32798,0.3677,-0.0937,-0.92521,0.99555,0.0,0.0,nan,0.0,0.00672,0.03029,25.75199,2.40272,0.2167,0.53711,0.82202,0.57812,0.41619,0.82202
15.62501,38.81704,-9.94679,0.39014,-0.0594,-0.91884,0.99565,0.0,0.0,nan,0.0,0.00802,0.0409,27.38085,2.38764,0.21768,0.54629,0.8523,0.57284,0.41882,0.8523
14.99817,39.06533,10.97685,0.24753,-0.09492,0.96422,0.99738,0.0,0.0,nan,0.0,0.01112,0.03404,26.4149,2.55754,0.23099,0.43131,0.661,0.81475,0.391,0.661
14.7498,40.99699,-10.41293,0.44891,-0.03996,-0.89268,0.99839,0.0,0.0,nan,0.0,0.00754,0.05117,23.46853,2.22879,0.21614,0.41653,0.66773,0.38416,0.44867,0.66773
15.48632,41.01271,-9.37689,0.46409,-0.01289,-0.88569,0.9919,0.0,0.0,nan,0.0,0.0094,0.05047,26.36068,2.47873,0.22406,0.41226,0.65039,0.48623,0.40343,0.65039
15.02353,40.87485,11.55063,0.2539,-0.18528,0.94932,0.99829,0.0,0.0,nan,0.0,0.00678,0.02685,24.4149,1.83114,0.22663,0.40347,0.46885,0.67699,0.54611,0.46885
14.12941,41.71538,12.04158,0.22295,-0.16219,0.96124,0.98926,0.0,0.0,nan,0.0,0.01118,0.04158,19.43424,1.87177,0.22832,0.4669,0.6356,0.63533,0.53425,0.6356
14.83366,42.98232,-10.37734,0.45548,-0.04596,-0.88906,0.9987,0.0,0.0,nan,0.0,0.01017,0.07761,21.72127,2.12757,0.21202,0.44386,0.67708,0.32236,0.47002,0.67708
15.83096,42.99872,-9.90169,0.46457,-0.0556,-0.88379,0.9988,0.0,0.0,nan,0.0,0.00595,0.04652,24.43566,2.72375,0.22112,0.39276,0.56332,0.35227,0.36714,0.56332
15.11307,43.00735,11.68693,0.26262,-0.033,0.96433,0.99565,0.0,0.0,nan,0.0,0.01832,0.05287,17.62,1.93775,0.21986,0.52392,0.75869,0.75771,0.51606,0.75869
14.1866,43.20821,12.00274,0.20151,-0.006,0.97947,0.99515,0.0,0.0,nan,0.0,0.01895,0.0527,18.70047,1.90384,0.21902,0.50146,0.6553,0.79385,0.52526,0.6553
14.83854,45.0103,-10.42069,0.41632,0.02976,-0.90873,0.9987,0.0,0.0,nan,0.0,0.00801,0.04428,10.83326,1.6519,0.22371,0.5315,0.77303,0.43533,0.60536,0.77303
15.78653,45.0665,-9.88166,0.43816,0.02543,-0.89854,0.9985,0.0,0.0,nan,0.0,0.0085,0.06827,8.8424,1.81709,0.22065,0.48961,0.71735,0.31181,0.55033,0.71735
15.11981,45.04354,11.67821,0.21382,0.1121,0.97042,0.99444,0.0,0.0,nan,0.0,0.0139,0.03234,14.89361,1.91873,0.22897,0.5595,0.68341,0.87122,0.52118,0.68341
14.65043,46.97707,-10.32302,0.4119,0.07073,-0.90848,0.9986,0.0,0.0,nan,0.0,0.01797,0.06046,5.16989,1.92024,0.22332,0.45614,0.52083,0.90381,0.52077,0.52083
15.63801,46.97434,-9.82446,0.41918,0.05944,-0.90595,0.9987,0.0,0.0,nan,0.0,0.01552,0.0519,5.23772,1.77235,0.22336,0.41448,0.66418,0.99728,0.56422,0.66418
15.03447,47.09672,11.10014,0.14853,-0.00183,0.98891,0.99372,0.0,0.0,nan,0.0,0.0067,0.02302,20.75463,2.76898,0.23441,0.39097,0.38913,0.81627,0.36114,0.38913
14.48722,48.91121,-10.26139,0.39727,0.04779,-0.91646,0.9989,0.0,0.0,nan,0.0,0.0056,0.02568,4.75988,2.08213,0.22317,0.31526,0.52553,0.98225,0.48028,0.52553
15.46876,49.07427,-9.72809,0.39909,0.03435,-0.91627,0.9989,0.0,0.0,nan,0.0,0.01059,0.04,6.42901,3.63418,0.24714,0.3722,0.53294,0.93288,0.27517,0.53294
15.04895,48.99232,11.84269,0.17625,-0.09723,0.97953,0.97931,0.0,0.0,nan,0.0,0.01324,0.03733,21.76992,3.24141,0.23873,0.48239,0.45172,0.80255,0.30851,0.45172
14.46024,51.00438,-10.24265,0.37493,0.00481,-0.92704,0.9988,0.0,0.0,nan,0.0,0.00361,0.0425,9.37553,2.92891,0.23847,0.34761,0.46201,0.29627,0.34142,0.46201
15.38879,51.0108,-9.70624,0.3806,-0.01102,-0.92467,0.9989,0.0,0.0,nan,0.0,0.00545,0.03738,9.5441,2.84342,0.23055,0.39041,0.42263,0.45199,0.35169,0.42263
15.19405,51.03376,11.69123,0.24612,0.04456,0.96822,0.99444,0.0,0.0,nan,0.0,0.01147,0.03328,22.60326,1.82495,0.23379,0.46475,0.47506,0.80747,0.54796,0.47506
14.47444,52.93295,-10.20909,0.34108,0.0407,-0.93915,0.9989,0.0,0.0,nan,0.0,0.00582,0.04523,12.01288,1.81709,0.24143,0.32482,0.35352,0.46197,0.55033,0.35352
15.32628,53.03618,-9.69838,0.34355,0.0221,-0.93887,0.99829,0.0,0.0,nan,0.0,0.00705,0.04822,12.00026,2.78074,0.237,0.34071,0.35241,0.50078,0.35962,0.35241
15.09223,52.92736,11.79217,0.18207,0.06307,0.98126,0.97728,0.0,0.0,nan,0.0,0.0151,0.04045,25.69137,1.81789,0.24005,0.48276,0.66699,0.83329,0.55009,0.66699
14.2178,54.94815,-10.09811,0.31884,0.08267,-0.9442,0.9989,0.0,0.0,nan,0.0,0.00857,0.05092,12.41969,1.8595,0.21799,0.41962,0.67402,0.46547,0.53778,0.67402
15.15011,54.98422,-9.81837,0.30522,0.07598,-0.94925,0.9986,0.0,0.0,nan,0.0,0.00746,0.0531,12.32141,1.6852,0.21765,0.38784,0.55961,0.42092,0.5934,0.55961
14.98917,55.09999,11.11534,0.15571,0.17601,0.972,0.99657,0.0,0.0,nan,0.0,0.01038,0.03629,36.63827,2.01798,0.22593,0.51759,0.59247,0.58281,0.49554,0.59247
14.13533,56.32115,-10.00872,0.32074,0.06877,-0.94467,0.9986,0.0,0.0,nan,0.0,0.00776,0.05205,11.81925,1.88433,0.21506,0.46301,0.64379,0.37672,0.53069,0.64379
14.96167,57.07715,-9.67718,0.2994,0.06228,-0.95209,0.9989,0.01107,0.0381,0.6,0.9717,0.00799,0.08189,10.56657,1.82708,0.22084,0.47217,0.63107,0.24569,0.54732,0.63107
14.96233,56.99738,10.90474,0.14949,0.07175,0.98616,0.99799,0.0,0.0,nan,0.0,0.01201,0.03092,44.18619,1.90473,0.23085,0.61931,0.47791,0.65538,0.52501,0.47791
15.01179,58.94538,-9.54619,0.30464,0.07037,-0.94987,0.99799,0.00708,0.03542,0.6,1.0,0.02008,0.08177,4.7035,1.73671,0.21719,0.35007,0.70881,0.99961,0.5758,0.70881
14.97641,59.03693,10.80452,0.14893,0.07291,0.98616,0.99372,0.0,0.0,nan,0.0,0.00978,0.02163,34.9662,1.6959,0.2304,0.60397,0.5911,0.79138,0.58966,0.5911
15.02731,60.9769,-9.36732,0.28953,0.09996,-0.95194,0.99768,0.01473,0.07364,0.6,1.0,0.01587,0.06737,4.83869,1.81709,0.21032,0.36837,0.60446,0.90371,0.55033,0.60446
14.57601,61.64762,9.97561,0.11398,0.02642,0.99313,0.95891,0.0,0.0,nan,0.0,0.00887,0.02751,25.97455,1.79697,0.23703,0.43903,0.65362,0.7912,0.55649,0.65362
14.9436,61.00576,10.52339,0.12198,0.08859,0.98857,0.99748,0.0,0.0,nan,0.0,0.00983,0.02534,27.81276,1.81709,0.24048,0.48118,0.55669,0.86456,0.55033,0.55669
15.0379,63.03022,-9.20654,0.27539,0.14916,-0.94969,0.99819,0.0,0.0,nan,0.0,0.01405,0.06295,4.47963,1.82632,0.22174,0.36087,0.57317,0.89486,0.54755,0.57317
14.99631,62.90405,10.67769,0.11418,0.06748,0.99117,0.99657,0.0,0.0,nan,0.0,0.00961,0.03197,26.60506,1.81709,0.23132,0.42646,0.65299,0.75799,0.55033,0.65299
15.06378,64.96356,-8.77902,0.28494,0.17719,-0.94203,0.99799,0.0,0.0,nan,0.0,0.01262,0.06465,4.74168,1.70863,0.21833,0.29121,0.66384,0.95295,0.58526,0.66384
15.69281,65.35937,9.96117,0.14941,0.07941,0.98558,0.99251,0.0,0.0,nan,0.0,0.01493,0.02826,28.49095,2.0372,0.23232,0.60486,0.6141,0.93436,0.49087,0.6141
14.96934,65.0026,10.37403,0.14433,0.08226,0.9861,0.99657,0.0,0.0,nan,0.0,0.00791,0.01952,27.14067,2.02307,0.23241,0.47444,0.74761,0.91632,0.4943,0.74761
14.91617,66.95914,-8.42192,0.31788,0.16726,-0.93326,0.99596,0.02176,0.10878,0.7,1.0,0.01647,0.07829,4.37387,1.70976,0.22039,0.30653,0.40205,1.0,0.58488,0.40205
15.85322,67.7684,-7.93865,0.3468,0.1825,-0.92001,0.99535,0.02197,0.10983,0.7,1.0,0.01508,0.06451,4.6198,1.8366,0.2232,0.44384,0.3501,0.75478,0.54449,0.3501
15.16603,66.54926,9.70859,0.19187,0.03099,0.98093,0.96561,0.0,0.0,nan,0.0,0.0064,0.01662,25.92729,1.96631,0.23061,0.42043,0.50534,0.98599,0.50857,0.50534
14.93788,67.15563,10.35118,0.22333,0.04838,0.97354,0.99758,0.0,0.0,nan,0.0,0.00798,0.0173,24.97222,2.02629,0.22743,0.51963,0.35786,0.95887,0.49351,0.35786
14.58173,68.88744,-8.21857,0.35759,0.1607,-0.91995,0.99667,0.0,0.0,nan,0.0,0.00915,0.06363,4.84595,1.86837,0.21903,0.29627,0.54128,0.68529,0.53523,0.54128
15.51209,69.16259,-7.78156,0.36317,0.17708,-0.91474,0.99636,0.0,0.0,nan,0.0,0.00599,0.04313,5.5076,1.88181,0.22546,0.31571,0.39975,0.60008,0.5314,0.39975
15.11975,69.37502,9.90054,0.18576,0.02132,0.98236,0.98997,0.0,0.0,nan,0.0,0.00755,0.01749,22.58436,1.87235,0.23857,0.50622,0.33415,0.92796,0.53409,0.33415
14.86233,68.63454,10.26267,0.21248,0.06707,0.97486,0.99789,0.0,0.0,nan,0.0,0.00605,0.014,24.24051,1.89118,0.23152,0.54279,0.50468,0.86227,0.52877,0.50468
14.24896,70.54494,-8.11748,0.36282,0.16734,-0.91671,0.99667,0.0,0.0,nan,0.0,0.00447,0.06525,5.19312,1.90464,0.21947,0.27205,0.35308,0.34877,0.52503,0.35308
15.2536,71.07975,-7.60855,0.37155,0.15618,-0.91518,0.99667,0.0,0.0,nan,0.0,0.00428,0.03917,6.818,1.88378,0.22516,0.28946,0.42828,0.48881,0.53085,0.42828
15.48019,70.39529,9.91596,0.16631,-0.06962,0.98361,0.99433,0.0,0.0,nan,0.0,0.0091,0.02211,20.30041,1.68679,0.24023,0.46819,0.41921,0.96513,0.59284,0.41921
14.97644,71.08969,10.41936,0.14945,-0.0652,0.98662,0.98774,0.0,0.0,nan,0.0,0.00729,0.02786,22.24513,1.7239,0.24185,0.37897,0.46125,0.75227,0.58008,0.46125
15.06095,72.94971,-7.35407,0.35027,0.16272,-0.92241,0.9989,0.0,0.0,nan,0.0,0.00786,0.06721,6.7652,1.8719,0.2327,0.34218,0.58676,0.44292,0.53422,0.58676
14.67481,73.54713,9.71076,0.15577,0.17604,0.97198,0.98977,0.0,0.0,nan,0.0,0.0188,0.0433,28.73827,1.69166,0.23841,0.50417,0.30595,0.92107,0.59113,0.30595
14.92106,72.84359,10.26835,0.16988,0.09934,0.98044,0.99352,0.0,0.0,nan,0.0,0.00809,0.02388,24.91435,1.81709,0.23242,0.49379,0.51101,0.7411,0.55033,0.51101
15.05079,75.09303,-6.93266,0.3149,0.24978,-0.91567,0.99809,0.0,0.0,nan,0.0,0.00557,0.06393,11.15181,1.89129,0.20313,0.61311,0.91997,0.36744,0.52874,0.91997
15.15137,74.80345,9.95459,0.17333,0.13409,0.97569,0.99707,0.0,0.0,nan,0.0,0.01185,0.02864,30.27929,1.67427,0.22713,0.47835,0.3767,0.92194,0.59727,0.3767
14.59815,75.53909,10.00594,0.14442,0.11024,0.98336,0.99159,0.0,0.0,nan,0.0,0.01177,0.03,32.08993,1.6519,0.23373,0.47919,0.41031,0.86943,0.60536,0.41031
14.86119,76.84499,-6.42523,0.31487,0.27911,-0.90717,0.9987,0.0,0.0,nan,0.0,0.01186,0.04188,12.08628,1.88203,0.20902,0.51035,0.7318,0.6467,0.53134,0.7318
15.44677,77.63111,-5.84973,0.32886,0.29065,-0.89854,0.99789,0.0,0.0,nan,0.0,0.01128,0.04607,12.24414,2.12881,0.20465,0.4493,0.40207,0.63411,0.46975,0.40207
15.03079,77.14902,9.75379,0.17503,0.27975,0.94398,0.96815,0.0,0.0,nan,0.0,0.01265,0.04544,31.709,1.6519,0.23471,0.41961,0.35481,0.70523,0.60536,0.35481
14.57822,76.32557,10.09802,0.12789,0.15249,0.98,0.96246,0.0,0.0,nan,0.0,0.0157,0.0405,30.92345,2.10508,0.22601,0.49548,0.39472,0.83308,0.47504,0.39472
14.23906,78.50041,-6.07477,0.31386,0.31032,-0.89733,0.9989,0.0,0.0,nan,0.0,0.00867,0.04418,13.29823,2.15599,0.22515,0.42379,0.5801,0.53246,0.46382,0.5801
15.25885,79.11411,-5.68931,0.34448,0.37394,-0.8611,0.99058,0.0,0.0,nan,0.0,0.00373,0.02071,11.95777,3.32697,0.23174,0.32785,0.37762,0.64054,0.30057,0.37762
14.90285,78.99384,8.66945,0.13875,0.31119,0.94016,0.99606,0.0,0.0,nan,0.0,0.00989,0.02465,26.39754,1.70732,0.2358,0.46588,0.68107,0.92691,0.58571,0.68107
15.03254,80.90035,-4.8748,0.34956,0.66718,-0.65778,0.93252,0.0,0.0,nan,0.0,0.00659,0.02217,14.89639,2.37482,0.23104,0.42746,0.49536,0.78876,0.42108,0.49536
15.2132,81.68505,-3.12514,0.26265,0.89278,-0.366,0.9856,0.0,0.0,nan,0.0,0.00927,0.02644,14.07312,3.22939,0.23186,0.46692,0.71753,0.85759,0.30966,0.71753
15.08668,81.81747,-1.61376,0.16402,0.94793,-0.27301,0.99789,0.0,0.0,nan,0.0,0.00404,0.02462,12.67189,1.87637,0.23131,0.34342,0.43167,0.55364,0.53294,0.43167
15.12688,81.69093,7.67134,0.12288,0.67348,0.72892,0.94084,0.0,0.0,nan,0.0,0.0039,0.10222,28.57289,1.88638,0.23795,0.77519,0.99658,0.24982,0.53012,0.99658
14.95017,80.79859,8.52868,0.11928,0.42792,0.89591,0.95688,0.0,0.0,nan,0.0,0.00719,0.02765,24.13368,1.74306,0.23627,0.60879,0.7721,0.49779,0.5737,0.7721
14.21161,82.05368,-2.83849,0.24138,0.93302,-0.26685,0.99088,0.0,0.0,nan,0.0,0.00758,0.02323,12.79738,1.8687,0.23062,0.44472,0.49536,0.84799,0.53513,0.49536
14.95762,82.25953,-0.63833,0.10851,0.96504,-0.23858,0.9989,0.0,0.0,nan,0.0,0.00677,0.04076,10.61059,2.03665,0.23119,0.36362,0.76936,0.57859,0.491,0.76936
14.98528,82.65536,0.96221,0.06737,0.9842,-0.16374,0.9988,0.06348,0.3174,0.51,1.0,0.03555,0.17114,8.64847,2.05396,0.22678,0.303,0.77079,0.90422,0.48686,0.77079
14.97974,82.80746,2.97562,0.07174,0.99708,-0.02616,0.9989,0.0455,0.19587,0.51,0.98991,0.02759,0.21563,8.40932,1.89201,0.23246,0.35232,0.88111,0.77439,0.52854,0.88111
15.0044,82.77917,5.00513,0.08221,0.98653,0.14143,0.99565,0.01285,0.06425,0.51,1.0,0.02797,0.12212,6.61301,1.92148,0.22511,0.3083,0.47399,0.96749,0.52043,0.47399
14.94641,82.3624,6.67825,0.11165,0.89366,0.43463,0.97576,0.0,0.0,nan,0.0,0.00788,0.08093,5.54433,1.92861,0.2336,0.42037,0.9321,0.75552,0.51851,0.9321
16.93684,1.54133,-2.50939,0.18822,-0.65774,-0.72935,0.90775,0.0,0.0,nan,0.0,0.00734,0.0292,30.27829,2.92763,0.23383,0.7059,0.73627,0.37954,0.34157,0.73627
16.98919,0.77986,-1.07781,0.01611,-0.92713,-0.3744,0.92988,0.0,0.0,nan,0.0,0.01233,0.12137,29.88589,1.6519,0.25067,0.56457,0.74201,0.19207,0.60536,0.74201
16.99626,0.7691,1.04712,-0.11329,-0.99324,-0.02518,0.9989,0.0,0.0,nan,0.0,0.02261,0.06907,5.94083,1.6519,0.23649,0.57634,0.74986,0.75923,0.60536,0.74986
16.98236,0.68802,2.99784,-0.10985,-0.99302,0.04292,0.9985,0.0,0.0,nan,0.0,0.01419,0.05622,5.89112,2.23111,0.23057,0.44574,0.45701,0.75872,0.44821,0.45701
16.96212,0.87479,5.04237,-0.10184,-0.96614,0.23708,0.99454,0.0,0.0,nan,0.0,0.00537,0.10032,8.94336,1.90651,0.22987,0.68588,0.96916,0.31952,0.52452,0.96916
17.07725,1.47713,6.86706,-0.07969,-0.88041,0.46748,0.99474,0.0,0.0,nan,0.0,0.00227,0.00764,10.22653,3.51631,0.23531,0.46284,0.35237,0.76674,0.28439,0.35237
17.28866,3.00072,-3.29522,0.33877,-0.39938,-0.8519,0.98246,0.0,0.0,nan,0.0,0.00496,0.01584,21.73759,2.01692,0.23034,0.61606,0.64662,0.55443,0.4958,0.64662
17.80749,3.0436,-1.85496,0.26848,-0.45206,-0.85062,0.95059,0.0,0.0,nan,0.0,0.00409,0.0208,23.43078,1.8968,0.22681,0.73995,0.88138,0.4976,0.5272,0.88138
16.94694,2.53198,7.62309,-0.03796,-0.86487,0.50056,0.99454,0.0,0.0,nan,0.0,0.00326,0.01057,11.20492,3.46899,0.24178,0.65707,0.7244,0.55272,0.28827,0.7244
16.95121,2.7667,9.25346,0.01736,-0.75343,0.6573,0.93709,0.0,0.0,nan,0.0,0.00457,0.01534,15.16014,2.06142,0.23582,0.61807,0.54087,0.54538,0.4851,0.54087
17.00539,3.82176,10.10863,0.0685,-0.41794,0.90589,0.83284,0.0,0.0,nan,0.0,0.0058,0.10118,47.57415,1.91275,0.22046,0.86254,0.9934,0.31303,0.52281,0.9934
16.8726,5.28185,-4.38663,0.41256,-0.22753,-0.88206,0.96297,0.0,0.0,nan,0.0,0.00702,0.02437,21.75475,2.0823,0.22894,0.633,0.45504,0.49662,0.48024,0.45504
17.51315,4.38274,-3.80599,0.40418,-0.33709,-0.8503,0.9787,0.0,0.0,nan,0.0,0.00728,0.02796,19.70437,2.44651,0.228,0.69142,0.6032,0.4147,0.40875,0.6032
17.51795,5.95038,9.95178,0.09688,0.21318,0.9722,0.97759,0.0,0.0,nan,0.0,0.00778,0.02435,25.21701,1.87384,0.22914,0.57244,0.68247,0.60269,0.53366,0.68247
16.97518,5.05093,10.23503,0.06066,0.03677,0.99748,0.9313,0.0,0.0,nan,0.0,0.00861,0.03061,19.37998,2.37001,0.22994,0.54253,0.34156,0.57187,0.42194,0.34156
16.85202,6.86148,-4.49284,0.37957,0.0191,-0.92496,0.98073,0.0,0.0,nan,0.0,0.00532,0.01774,21.84037,1.73614,0.23766,0.43739,0.30194,0.74808,0.57599,0.30194
17.43698,7.56431,-3.47628,0.40827,-0.00066,-0.91286,0.97363,0.0,0.0,nan,0.0,0.0144,0.02907,25.79574,1.66604,0.24351,0.57455,0.50043,0.92909,0.60023,0.50043
16.91421,6.95469,9.39527,0.1386,0.20154,0.96962,0.98845,0.0,0.0,nan,0.0,0.01261,0.02901,30.72766,1.90406,0.22523,0.59928,0.73058,0.77269,0.52519,0.73058
16.43813,6.16728,10.09594,0.07669,0.19428,0.97794,0.98936,0.0,0.0,nan,0.0,0.0092,0.02663,25.03074,1.92027,0.22842,0.59763,0.77262,0.67278,0.52076,0.77262
16.73073,9.05707,-4.24174,0.27589,-0.18493,-0.94323,0.97556,0.0,0.0,nan,0.0,0.0144,0.03003,30.32035,1.71646,0.23101,0.51166,0.25369,0.99893,0.5826,0.25369
17.38205,9.21136,-3.99954,0.26791,-0.23716,-0.9338,0.97474,0.0,0.0,nan,0.0,0.01684,0.03693,29.50612,1.81561,0.23727,0.53,0.25285,0.91878,0.55078,0.25285
17.0409,8.86513,9.26734,0.23443,-0.04379,0.97115,0.99119,0.0,0.0,nan,0.0,0.0098,0.02474,29.43238,1.81709,0.22888,0.47035,0.36842,0.8998,0.55033,0.36842
16.13853,9.92934,10.05268,0.25082,-0.05096,0.96669,0.98368,0.0,0.0,nan,0.0,0.01211,0.02891,27.13647,1.72388,0.23403,0.50109,0.3572,0.89757,0.58009,0.3572
17.05323,10.97603,-5.05416,0.29199,-0.2966,-0.90927,0.98347,0.0,0.0,nan,0.0,0.01465,0.03762,25.70235,1.73046,0.25501,0.4882,0.39259,0.85973,0.57788,0.39259
16.94953,11.01618,9.53549,0.26091,0.07341,0.96257,0.99474,0.0,0.0,nan,0.0,0.01413,0.05004,26.16598,2.0686,0.23976,0.60222,0.456,0.50469,0.48342,0.456
16.27153,10.23711,10.06466,0.25683,-0.01946,0.96626,0.97982,0.0,0.0,nan,0.0,0.01051,0.02713,26.89476,2.0799,0.23733,0.48379,0.46606,0.86034,0.48079,0.46606
16.02888,13.99222,-6.03565,0.31906,-0.19303,-0.92787,0.99768,0.0,0.0,nan,0.0,0.00884,0.02671,25.23793,1.7963,0.22457,0.4054,0.44972,0.88112,0.5567,0.44972
17.0342,12.99239,-5.42749,0.43288,-0.18714,-0.88181,0.99048,0.0,0.0,nan,0.0,0.00951,0.02616,24.9791,1.74955,0.23717,0.45474,0.42982,0.86377,0.57158,0.42982
16.62498,13.00014,8.95107,0.31195,-0.07368,0.94724,0.94277,0.0,0.0,nan,0.0,0.01315,0.029,29.75211,1.85568,0.23883,0.52692,0.6064,0.91866,0.53889,0.6064
16.04236,13.96959,10.00353,0.31962,-0.17464,0.93131,0.99565,0.0,0.0,nan,0.0,0.00652,0.01862,27.90871,2.72729,0.23504,0.42687,0.24596,0.87955,0.36666,0.24596
16.725,15.2608,-6.16733,0.35602,-0.2385,-0.90353,0.99078,0.0,0.0,nan,0.0,0.01025,0.02782,26.13221,1.91241,0.2224,0.52661,0.39011,0.75294,0.5229,0.39011
17.25605,14.53642,-5.70711,0.42009,-0.24517,-0.87373,0.98692,0.0,0.0,nan,0.0,0.00764,0.02679,23.14258,1.90066,0.23392,0.43103,0.46412,0.71838,0.52613,0.46412
17.26164,14.83717,9.88201,0.30446,-0.22774,0.9249,0.985,0.0,0.0,nan,0.0,0.00738,0.0192,27.90826,1.71696,0.23699,0.50534,0.47457,0.81488,0.58242,0.47457
16.89467,15.27248,10.00919,0.29129,-0.19554,0.93644,0.9855,0.0,0.0,nan,0.0,0.00678,0.01793,25.30865,3.20803,0.23958,0.48988,0.41176,0.83228,0.31172,0.41176
16.97701,16.98746,-6.51835,0.34615,-0.02701,-0.93779,0.99261,0.0,0.0,nan,0.0,0.00673,0.01825,26.27818,3.24934,0.23143,0.50714,0.31979,0.78191,0.30776,0.31979
17.67501,17.74651,-5.87376,0.2618,-0.04918,-0.96387,0.99423,0.0,0.0,nan,0.0,0.00618,0.01803,23.32893,1.88384,0.22563,0.37748,0.47981,0.9858,0.53083,0.47981
17.8958,16.85423,9.95792,0.30926,0.05535,0.94936,0.97109,0.0,0.0,nan,0.0,0.00888,0.01999,26.92033,1.76003,0.23716,0.56783,0.54574,0.84053,0.56817,0.54574
16.96381,16.98814,10.30371,0.21923,0.07536,0.97276,0.96561,0.0,0.0,nan,0.0,0.0093,0.02443,27.29758,1.73089,0.23523,0.50069,0.32227,0.81618,0.57774,0.32227
16.55232,19.04457,-6.3519,0.31732,-0.16135,-0.93449,0.97515,0.0,0.0,nan,0.0,0.00768,0.02195,29.11514,3.57529,0.23659,0.43239,0.33884,0.86502,0.2797,0.33884
17.39561,18.93915,-5.75684,0.2645,-0.12718,-0.95596,0.95028,0.0,0.0,nan,0.0,0.01115,0.0353,28.82184,2.10722,0.22651,0.50048,0.64056,0.67487,0.47456,0.64056
17.04544,19.03752,9.48899,0.26033,0.01518,0.9654,0.99778,0.0,0.0,nan,0.0,0.00915,0.02331,27.85451,1.73189,0.23542,0.50934,0.38999,0.82585,0.57741,0.38999
16.40445,19.47992,10.00241,0.26745,-0.01809,0.9634,0.99575,0.0,0.0,nan,0.0,0.00776,0.02039,26.48329,1.85362,0.22805,0.50585,0.44962,0.80913,0.53949,0.44962
16.4459,21.86122,-8.08709,0.30316,-0.29548,-0.90597,0.9447,0.0,0.0,nan,0.0,0.01016,0.04437,28.61708,1.73059,0.23507,0.45645,0.80673,0.65586,0.57784,0.80673
17.16037,20.84986,-7.18191,0.30496,-0.42116,-0.85418,0.98926,0.0,0.0,nan,0.0,0.01871,0.05017,27.47512,1.8815,0.23934,0.5412,0.73286,0.73944,0.53149,0.73286
17.76288,20.15042,-5.9148,0.26386,-0.32068,-0.90969,0.94003,0.0,0.0,nan,0.0,0.01307,0.04024,29.56121,1.72541,0.23299,0.43264,0.51525,0.80175,0.57957,0.51525
17.03571,21.33264,9.69751,0.26909,0.04902,0.96187,0.99565,0.0,0.0,nan,0.0,0.01934,0.04306,21.83451,2.38433,0.21599,0.5498,0.65311,0.89193,0.41941,0.65311
16.64222,20.56105,10.05417,0.26657,-0.00294,0.96381,0.98743,0.0,0.0,nan,0.0,0.01083,0.03004,25.69459,1.87115,0.23396,0.57264,0.48041,0.67867,0.53443,0.48041
16.60839,22.89952,-8.24351,0.33534,-0.07106,-0.93941,0.9449,0.0,0.0,nan,0.0,0.01389,0.04408,27.41837,2.85029,0.2342,0.44289,0.41672,0.76362,0.35084,0.41672
17.49286,23.26184,-7.77332,0.42616,-0.03956,-0.90378,0.96693,0.0,0.0,nan,0.0,0.01095,0.03871,26.52986,2.3647,0.22606,0.39266,0.32593,0.77496,0.42289,0.32593
17.12739,23.06055,9.73136,0.26177,-0.0039,0.96512,0.99819,0.0,0.0,nan,0.0,0.01082,0.02874,25.96576,1.78093,0.23009,0.41105,0.30981,0.98677,0.5615,0.30981
16.27281,24.50902,-8.12288,0.29561,-0.04015,-0.95447,0.99332,0.0,0.0,nan,0.0,0.01303,0.03733,29.34655,2.18296,0.23223,0.4584,0.36993,0.81336,0.45809,0.36993
17.11853,25.03928,-7.53502,0.41257,-0.08253,-0.90718,0.98723,0.0,0.0,nan,0.0,0.01429,0.0413,31.61271,1.90441,0.23151,0.39598,0.27543,0.92886,0.5251,0.27543
17.16396,24.63249,9.47178,0.26799,-0.15357,0.9511,0.99575,0.0,0.0,nan,0.0,0.00637,0.02382,24.46609,3.09408,0.23716,0.36458,0.61873,0.79368,0.3232,0.61873
16.77295,25.40466,10.23903,0.25253,-0.1318,0.95857,0.99332,0.0,0.0,nan,0.0,0.0061,0.02497,30.44719,1.69409,0.23675,0.37078,0.44221,0.70234,0.59029,0.44221
17.00832,26.9836,-8.61569,0.39604,-0.24769,-0.8842,0.97342,0.0,0.0,nan,0.0,0.00717,0.0424,24.69696,2.49602,0.2304,0.34523,0.34932,0.52961,0.40064,0.34932
17.55272,26.20638,-7.98403,0.47588,-0.20615,-0.85501,0.99159,0.0,0.0,nan,0.0,0.00852,0.02964,30.50625,2.75553,0.22948,0.38797,0.61723,0.78965,0.36291,0.61723
16.97092,27.19869,9.64154,0.21472,0.01206,0.9766,0.99413,0.0,0.0,nan,0.0,0.00964,0.03813,39.97243,1.76104,0.23514,0.4018,0.47165,0.66041,0.56785,0.47165
16.86608,26.4464,10.22653,0.24616,-0.06036,0.96735,0.98621,0.0,0.0,nan,0.0,0.01017,0.04564,35.41251,1.88769,0.2326,0.39836,0.42157,0.59084,0.52975,0.42157
17.00553,28.95389,-8.66895,0.41497,0.01398,-0.90973,0.97353,0.0,0.0,nan,0.0,0.00696,0.03656,19.1096,2.05737,0.23922,0.46884,0.69601,0.44882,0.48606,0.69601
16.88765,28.86789,9.75977,0.20217,-0.03371,0.97877,0.99109,0.0,0.0,nan,0.0,0.01058,0.03765,45.01067,1.79647,0.22956,0.36603,0.38957,0.80175,0.55665,0.38957
17.2041,29.18338,10.20803,0.20687,-0.06059,0.97649,0.99789,0.0,0.0,nan,0.0,0.012,0.0434,45.38675,1.77573,0.22963,0.38416,0.40782,0.75127,0.56315,0.40782
16.57056,30.82158,-8.57711,0.436,0.08827,-0.89561,0.99616,0.0,0.0,nan,0.0,0.00404,0.01243,24.98083,1.6519,0.24426,0.53039,0.72808,0.66229,0.60536,0.72808
17.3224,31.45633,-7.2314,0.40136,0.05946,-0.91399,0.88542,0.0,0.0,nan,0.0,0.00297,0.01124,27.42922,3.06542,0.23586,0.57781,0.85339,0.73419,0.32622,0.85339
17.99537,31.29977,9.99537,0.36826,-0.05748,0.92794,0.99038,0.0,0.0,nan,0.0,0.00989,0.05102,33.90458,2.01111,0.21855,0.44643,0.26575,0.45966,0.49724,0.26575
16.97025,31.02848,10.36837,0.30565,-0.1426,0.94141,0.99697,0.0,0.0,nan,0.0,0.00989,0.04003,30.97068,1.92985,0.21675,0.46053,0.66066,0.57137,0.51818,0.66066
16.35221,33.17908,-8.58092,0.49401,-0.14474,-0.85733,0.99058,0.0,0.0,nan,0.0,0.00589,0.02452,24.83361,1.67288,0.23037,0.57012,0.43537,0.45489,0.59777,0.43537
17.22481,32.62743,-7.70445,0.41991,-0.11708,-0.89998,0.93972,0.0,0.0,nan,0.0,0.00471,0.01404,25.94546,3.57369,0.24589,0.55684,0.62487,0.64945,0.27982,0.62487
17.8923,33.57493,9.91512,0.42535,0.03682,0.90428,0.9985,0.0,0.0,nan,0.0,0.01165,0.04007,16.15735,1.93293,0.22764,0.36758,0.39747,0.88853,0.51735,0.39747
16.89497,33.01582,10.62762,0.35632,-0.01079,0.9343,0.99778,0.0,0.0,nan,0.0,0.01169,0.03124,20.48482,1.94665,0.21795,0.46979,0.66786,0.87438,0.5137,0.66786
16.65238,34.97112,-8.56707,0.4366,-0.08844,-0.8953,0.99575,0.0,0.0,nan,0.0,0.01157,0.03374,21.31119,1.7589,0.23466,0.62996,0.467,0.59516,0.56854,0.467
17.8169,35.12131,9.99284,0.41017,0.04033,0.91112,0.9988,0.0,0.0,nan,0.0,0.01231,0.0511,14.78368,1.91896,0.22365,0.33678,0.40628,0.81184,0.52112,0.40628
16.84631,34.954,10.39834,0.39352,0.05715,0.91754,0.9986,0.0,0.0,nan,0.0,0.0099,0.03541,16.96687,2.21467,0.22188,0.35294,0.39776,0.88595,0.45153,0.39776
16.97058,37.06322,-8.94283,0.41982,-0.08454,-0.90366,0.9988,0.0,0.0,nan,0.0,0.00615,0.03122,29.29885,2.20753,0.23111,0.72703,0.89401,0.53687,0.453,0.89401
17.50471,37.07161,9.79513,0.34152,-0.0787,0.93657,0.99342,0.0,0.0,nan,0.0,0.01273,0.04321,16.94887,2.54654,0.23197,0.35726,0.42988,0.92179,0.39269,0.42988
16.56881,36.99477,10.41669,0.35785,-0.02312,0.93349,0.99819,0.0,0.0,nan,0.0,0.01093,0.04465,18.93169,2.06347,0.22702,0.34558,0.27875,0.78307,0.48462,0.27875
17.03189,39.06832,-9.27387,0.44636,-0.02227,-0.89457,0.99799,0.0,0.0,nan,0.0,0.02462,0.06271,40.10702,1.6519,0.23572,0.70317,0.66539,0.58609,0.60536,0.66539
17.69708,38.18092,9.90598,0.29206,-0.1336,0.94702,0.99606,0.0,0.0,nan,0.0,0.01101,0.03921,19.94521,1.6519,0.23674,0.3662,0.3379,0.84393,0.60536,0.3379
16.97138,38.97931,10.32737,0.25727,-0.1493,0.95474,0.99738,0.0,0.0,nan,0.0,0.00634,0.02457,21.87606,2.38363,0.22387,0.37421,0.46102,0.75286,0.41953,0.46102
16.91938,40.97726,-9.00007,0.46163,-0.008,-0.88704,0.9987,0.0,0.0,nan,0.0,0.01311,0.05562,31.14005,2.07818,0.22694,0.47313,0.51999,0.53014,0.48119,0.51999
16.99823,40.87518,11.0373,0.26621,-0.14217,0.95337,0.99738,0.0,0.0,nan,0.0,0.00444,0.02485,19.78947,2.2318,0.22871,0.35282,0.55403,0.55704,0.44807,0.55403
16.99195,42.94569,-9.22815,0.44757,-0.05957,-0.89226,0.9989,0.0,0.0,nan,0.0,0.00669,0.05212,20.52657,2.5796,0.21795,0.37786,0.57433,0.37268,0.38766,0.57433
17.05356,42.96906,10.97225,0.3359,-0.02962,0.94143,0.99799,0.0,0.0,nan,0.0,0.02228,0.05089,15.50162,1.69793,0.2401,0.57591,0.66666,0.8582,0.58895,0.66666
17.01072,45.02006,-9.25944,0.4456,0.00095,-0.89523,0.9989,0.0,0.0,nan,0.0,0.02438,0.12503,8.62193,1.87492,0.21786,0.55783,0.32731,0.43061,0.53336,0.32731
16.95918,44.99428,10.88654,0.29041,0.03694,0.95619,0.9988,0.0,0.0,nan,0.0,0.01482,0.04355,16.33905,1.94726,0.22534,0.42087,0.42467,0.90721,0.51354,0.42467
17.00906,46.98616,-9.197,0.43205,0.0425,-0.90085,0.9986,0.0,0.0,nan,0.0,0.01692,0.06215,5.45566,1.76283,0.23195,0.49027,0.81262,0.9491,0.56727,0.81262
17.0224,47.07485,10.80648,0.2681,-0.01371,0.96329,0.99778,0.0,0.0,nan,0.0,0.00832,0.03032,21.78699,2.74055,0.23418,0.41148,0.42408,0.72843,0.36489,0.42408
16.9887,48.98805,-9.09738,0.42436,0.02472,-0.90516,0.9989,0.0,0.0,nan,0.0,0.01951,0.06212,6.76382,1.8963,0.22531,0.41755,0.37758,0.97473,0.52734,0.37758
16.87708,48.92077,10.85792,0.28377,-0.02044,0.95868,0.9988,0.0,0.0,nan,0.0,0.00988,0.03071,23.69223,1.92091,0.22207,0.39366,0.44813,0.88648,0.52059,0.44813
17.01686,51.0118,-9.15408,0.4196,-0.02694,-0.90731,0.9987,0.0,0.0,nan,0.0,0.0079,0.0472,10.26237,2.88706,0.2308,0.41318,0.49388,0.48373,0.34637,0.49388
16.96488,51.05319,10.90833,0.35028,0.02195,0.93639,0.9986,0.0,0.0,nan,0.0,0.00913,0.02753,27.73791,2.34965,0.23064,0.43288,0.43578,0.82089,0.4256,0.43578
17.03725,52.98879,-9.33035,0.40622,-0.00826,-0.91374,0.99789,0.0,0.0,nan,0.0,0.00734,0.04776,9.64131,2.38428,0.23572,0.38364,0.43142,0.48379,0.41941,0.43142
17.74551,52.38203,9.94232,0.38896,-0.04147,0.92032,0.96855,0.0,0.0,nan,0.0,0.0074,0.02237,25.06779,2.38895,0.22816,0.40105,0.6839,0.89028,0.41859,0.6839
17.09402,52.81705,11.0161,0.33254,-0.0145,0.94298,0.99667,0.0,0.0,nan,0.0,0.00779,0.02326,26.76213,1.81709,0.23544,0.37822,0.36588,0.95181,0.55033,0.36588
17.02978,54.99436,-9.22809,0.3836,0.0439,-0.92246,0.99799,0.0,0.0,nan,0.0,0.01004,0.09605,6.64379,1.87721,0.2369,0.5374,0.79457,0.29516,0.53271,0.79457
17.0371,55.08475,10.98887,0.23166,0.17413,0.95708,0.98449,0.0,0.0,nan,0.0,0.01448,0.03924,26.94964,1.73171,0.23985,0.48171,0.64531,0.82282,0.57746,0.64531
16.9966,56.99266,-9.08427,0.364,0.0636,-0.92922,0.9986,0.0,0.0,nan,0.0,0.01333,0.04482,4.09884,1.88745,0.22541,0.51876,0.66696,0.85299,0.52981,0.66696
17.29073,57.48453,9.72756,0.26588,0.03898,0.96322,0.96764,0.0,0.0,nan,0.0,0.00767,0.02128,26.80001,1.6519,0.2421,0.43409,0.38144,0.89268,0.60536,0.38144
16.74256,56.81987,10.11659,0.25443,0.073,0.96433,0.98144,0.0,0.0,nan,0.0,0.00908,0.02341,26.86816,1.75299,0.23537,0.42689,0.54046,0.97592,0.57045,0.54046
17.03277,58.95352,-8.9291,0.35445,0.06606,-0.93274,0.99748,0.0,0.0,nan,0.0,0.01296,0.05449,4.60962,1.8097,0.22916,0.43614,0.51035,0.78169,0.55258,0.51035
17.82926,58.21944,9.9931,0.28845,0.05259,0.95605,0.99799,0.0,0.0,nan,0.0,0.00692,0.02035,23.80627,2.02942,0.24124,0.42251,0.34687,0.87187,0.49275,0.34687
17.0656,58.99084,10.793,0.26358,0.04589,0.96355,0.98418,0.0,0.0,nan,0.0,0.00532,0.01663,25.22901,1.6869,0.23861,0.39673,0.51768,0.87116,0.59281,0.51768
16.97353,60.97385,-8.7907,0.3481,0.09177,-0.93296,0.99697,0.0,0.0,nan,0.0,0.01731,0.06972,4.89099,1.86521,0.22683,0.52694,0.66885,0.66384,0.53613,0.66885
17.64428,61.14553,9.64505,0.34338,0.04985,0.93787,0.98997,0.0,0.0,nan,0.0,0.01246,0.0251,21.60739,1.72411,0.23817,0.54538,0.6384,0.99503,0.58001,0.6384
16.83729,60.98574,10.56669,0.24353,0.06388,0.96779,0.99444,0.0,0.0,nan,0.0,0.01242,0.02647,22.40001,3.44789,0.24504,0.59127,0.66851,0.86432,0.29003,0.66851
16.99831,62.9423,-8.50904,0.35672,0.15437,-0.92137,0.99718,0.0,0.0,nan,0.0,0.01126,0.06191,4.34331,1.82404,0.23347,0.47415,0.53676,0.56005,0.54823,0.53676
17.99763,63.89642,-7.96478,0.43804,0.17628,-0.8815,0.99748,0.0,0.0,nan,0.0,0.00792,0.0409,3.76805,1.71053,0.23492,0.34418,0.3941,0.86142,0.58461,0.3941
17.70463,62.14094,9.82018,0.34201,0.01494,0.93958,0.99596,0.0,0.0,nan,0.0,0.0089,0.02051,20.603,1.75696,0.24112,0.48466,0.45057,0.9818,0.56916,0.45057
16.96466,63.03009,10.467,0.25006,0.05417,0.96671,0.97982,0.0,0.0,nan,0.0,0.00617,0.01481,21.50653,3.36923,0.23569,0.45537,0.49216,1.0,0.2968,0.49216
16.67883,64.83089,-8.26822,0.35061,0.19008,-0.91703,0.99819,0.0,0.0,nan,0.0,0.01045,0.06611,4.29678,1.8864,0.21617,0.25534,0.46158,0.90758,0.53011,0.46158
17.54976,65.23624,-7.79012,0.39995,0.18615,-0.89743,0.99758,0.0,0.0,nan,0.0,0.01074,0.05149,4.20258,1.88503,0.22264,0.31144,0.30697,0.98807,0.5305,0.30697
16.77707,65.19342,9.72138,0.21529,0.07266,0.97384,0.99068,0.0,0.0,nan,0.0,0.0099,0.02252,26.70702,2.051,0.23125,0.49722,0.5697,0.95015,0.48757,0.5697
17.12686,64.73043,10.18392,0.23836,0.09278,0.96673,0.99342,0.0,0.0,nan,0.0,0.01311,0.02786,25.261,2.05735,0.22747,0.52597,0.65812,0.9653,0.48606,0.65812
16.21197,66.46115,-8.06558,0.34156,0.18777,-0.92091,0.99545,0.0,0.0,nan,0.0,0.01301,0.06881,4.62536,1.87736,0.20737,0.29459,0.34368,0.91949,0.53266,0.34368
17.05144,67.11168,-7.64653,0.35923,0.18186,-0.91536,0.99626,0.0,0.0,nan,0.0,0.0204,0.07697,5.00286,1.81709,0.22282,0.39866,0.59836,0.93063,0.55033,0.59836
16.87,66.56598,9.84114,0.18057,0.02292,0.9833,0.99322,0.0,0.0,nan,0.0,0.00585,0.01729,26.0305,2.05408,0.22521,0.42945,0.48039,0.84801,0.48684,0.48039
17.03558,67.13836,10.27021,0.15515,0.01736,0.98774,0.97982,0.0,0.0,nan,0.0,0.00566,0.01786,24.01272,2.22138,0.22218,0.45021,0.41834,0.76248,0.45017,0.41834
16.97425,69.0155,-7.22999,0.3367,0.17951,-0.92434,0.99657,0.0,0.0,nan,0.0,0.01091,0.04613,6.19088,1.85932,0.23195,0.33961,0.66803,0.92175,0.53783,0.66803
16.96055,69.13754,9.55909,0.163,0.08259,0.98316,0.98611,0.0,0.0,nan,0.0,0.01022,0.02465,22.21686,2.23556,0.23096,0.63801,0.70161,0.70837,0.44731,0.70161
17.36649,68.0735,10.00716,0.15641,0.07973,0.98447,0.98479,0.0,0.0,nan,0.0,0.00923,0.03143,23.74911,1.71059,0.22959,0.56987,0.44616,0.55864,0.58459,0.44616
16.92928,70.98717,-6.76605,0.32492,0.1528,-0.93331,0.99799,0.0,0.0,nan,0.0,0.00701,0.04218,7.05904,1.88792,0.2273,0.29428,0.35627,0.72467,0.52968,0.35627
16.97807,70.8168,9.5551,0.19784,-0.0898,0.97611,0.99017,0.0,0.0,nan,0.0,0.00788,0.01864,19.31234,1.81709,0.24071,0.53072,0.67823,0.87882,0.55033,0.67823
16.88466,71.69588,10.1532,0.19817,-0.0293,0.97973,0.98124,0.0,0.0,nan,0.0,0.0048,0.01788,18.97356,1.91796,0.22689,0.36749,0.41039,0.8069,0.52139,0.41039
16.98813,72.98271,-6.60442,0.32056,0.14678,-0.93579,0.9985,0.0,0.0,nan,0.0,0.00725,0.04894,6.7721,1.6519,0.2369,0.34132,0.4425,0.5623,0.60536,0.4425
17.04928,73.47749,9.71279,0.17641,0.17136,0.96929,0.99403,0.0,0.0,nan,0.0,0.00974,0.03188,26.88809,1.94365,0.22302,0.50326,0.37553,0.65237,0.5145,0.37553
16.6645,72.62731,10.17098,0.17653,0.08783,0.98037,0.98784,0.0,0.0,nan,0.0,0.0085,0.02644,22.24406,1.70383,0.23519,0.49613,0.47528,0.70648,0.58691,0.47528
16.88643,74.77457,-6.32379,0.32323,0.22203,-0.9199,0.9985,0.0,0.0,nan,0.0,0.01193,0.06161,6.02431,1.70343,0.2284,0.38799,0.46224,0.66469,0.58705,0.46224
17.56461,75.57784,-5.87424,0.32098,0.26289,-0.90987,0.99789,0.0,0.0,nan,0.0,0.01213,0.06102,5.45794,1.87979,0.21808,0.37889,0.38523,0.71669,0.53198,0.38523
16.89885,75.12259,9.21615,0.1962,0.17117,0.96551,0.99667,0.0,0.0,nan,0.0,0.00746,0.02117,26.41803,1.68998,0.22853,0.44765,0.39433,0.84704,0.59172,0.39433
16.22278,76.35938,-6.04917,0.31857,0.28524,-0.90397,0.99799,0.0,0.0,nan,0.0,0.00858,0.05371,9.19823,1.86339,0.21208,0.46401,0.53716,0.41892,0.53666,0.53716
17.03004,77.08146,-5.52413,0.31396,0.29547,-0.90229,0.99372,0.0,0.0,nan,0.0,0.00912,0.05558,7.64642,1.69827,0.22932,0.4504,0.61767,0.45983,0.58884,0.61767
17.57262,77.84441,7.88149,0.19966,0.2335,0.95164,0.93912,0.0,0.0,nan,0.0,0.00499,0.01321,26.7914,2.23327,0.22745,0.47938,0.40717,0.84721,0.44777,0.40717
17.12723,77.07418,9.18227,0.23438,0.24744,0.94013,0.99494,0.0,0.0,nan,0.0,0.00515,0.01885,27.30516,2.25927,0.23477,0.40108,0.62105,0.73158,0.44262,0.62105
16.91912,79.06356,-4.92314,0.32624,0.42984,-0.8419,0.98378,0.0,0.0,nan,0.0,0.00549,0.03318,11.70568,2.71426,0.23519,0.32679,0.4681,0.59288,0.36842,0.4681
17.43079,78.57735,7.70738,0.18923,0.23296,0.9539,0.93972,0.0,0.0,nan,0.0,0.00895,0.01963,24.77228,3.39552,0.24143,0.58347,0.64537,0.84457,0.29451,0.64537
16.88185,78.9844,8.53223,0.18648,0.26436,0.94622,0.99839,0.0,0.0,nan,0.0,0.01076,0.0255,24.82728,1.88204,0.23533,0.58288,0.48975,0.7825,0.53134,0.48975
16.83919,80.21504,-4.2737,0.30646,0.62748,-0.71578,0.96977,0.0,0.0,nan,0.0,0.0071,0.02929,13.74988,2.26768,0.23284,0.41124,0.73446,0.67518,0.44098,0.73446
17.03208,81.05552,-3.02091,0.19569,0.8207,-0.5368,0.98865,0.0,0.0,nan,0.0,0.00319,0.02211,13.29741,2.25583,0.23004,0.3498,0.50932,0.47506,0.4433,0.50932
16.97276,81.8186,-1.59277,0.07726,0.92341,-0.37597,0.99839,0.0,0.0,nan,0.0,0.0018,0.04132,12.81718,1.84251,0.23797,0.50963,0.94333,0.25963,0.54274,0.94333
17.07536,81.64246,7.47935,0.1054,0.68871,0.71733,0.92257,0.0,0.0,nan,0.0,0.00416,0.09505,19.22121,2.21457,0.23072,0.74964,0.97494,0.23001,0.45155,0.97494
16.91139,80.59825,8.30696,0.14693,0.36963,0.91749,0.94927,0.0,0.0,nan,0.0,0.0105,0.03448,27.18537,1.82125,0.23972,0.70515,0.7035,0.46361,0.54907,0.7035
17.05175,82.22334,-0.58152,0.03238,0.95248,-0.30287,0.99839,0.00367,0.01834,0.6,1.0,0.02167,0.14912,7.6468,2.23347,0.23302,0.34887,0.88341,0.91689,0.44773,0.88341
16.98213,82.5815,1.03774,0.04416,0.98816,-0.14694,0.9986,0.08972,0.08972,0.6,0.65932,0.02293,0.17103,7.08796,1.89468,0.23087,0.2307,0.78466,0.83809,0.52779,0.78466
17.02665,82.66972,3.02925,0.05583,0.99841,-0.0081,0.9989,0.0,0.0,nan,0.0,0.04854,0.21811,7.22507,2.74445,0.22903,0.32746,0.78492,0.97693,0.36437,0.78492
17.00622,82.61657,5.00267,0.0798,0.9826,0.16769,0.99535,0.0,0.0,nan,0.0,0.02531,0.11081,6.00498,1.91152,0.22264,0.30584,0.39887,0.99557,0.52314,0.39887
16.94373,82.25799,6.48674,0.09278,0.90156,0.42258,0.97322,0.0,0.0,nan,0.0,0.01273,0.0968,5.83538,2.61458,0.2306,0.42544,0.87305,0.68482,0.38247,0.87305
18.79742,1.64762,-2.23286,0.17106,-0.53018,-0.83045,0.92135,0.0,0.0,nan,0.0,0.00585,0.02355,25.43717,2.9445,0.23088,0.72064,0.82748,0.49483,0.33962,0.82748
19.01163,0.6537,-1.14575,0.02955,-0.82981,-0.55726,0.87689,0.0,0.0,nan,0.0,0.00949,0.06601,36.44833,1.8204,0.24159,0.6677,0.63739,0.22702,0.54933,0.63739
18.98269,0.38864,0.9579,-0.11506,-0.99062,-0.07373,0.99626,0.0,0.0,nan,0.0,0.0128,0.07432,6.67515,1.86573,0.23875,0.61961,0.64955,0.3611,0.53598,0.64955
18.98783,0.43005,2.9827,-0.14005,-0.98835,0.05958,0.9985,0.0,0.0,nan,0.0,0.01291,0.04935,4.95688,2.23114,0.22577,0.36714,0.28993,1.0,0.4482,0.28993
18.98491,0.6739,5.03094,-0.11989,-0.96412,0.23686,0.9985,0.0,0.0,nan,0.0,0.00695,0.10474,8.09351,1.91275,0.2239,0.57505,0.94458,0.38143,0.52281,0.94458
19.03174,1.28577,7.07061,-0.07092,-0.84622,0.5281,0.98601,0.0,0.0,nan,0.0,0.00298,0.00891,11.21423,3.41067,0.23809,0.49934,0.32459,0.788,0.2932,0.32459
19.07741,2.69973,-2.00982,0.19777,-0.40537,-0.8925,0.98814,0.0,0.0,nan,0.0,0.01213,0.02967,21.38913,2.07203,0.2318,0.71647,0.57414,0.62402,0.48262,0.57414
18.94711,3.05558,-1.78185,0.20495,-0.38045,-0.9018,0.97566,0.0,0.0,nan,0.0,0.01051,0.02658,21.06023,1.90522,0.2289,0.7117,0.7376,0.60844,0.52487,0.7376
18.97652,2.46036,7.79832,-0.00572,-0.7957,0.60566,0.99748,0.0,0.0,nan,0.0,0.00327,0.00784,11.77373,3.37937,0.23255,0.51785,0.6826,0.94111,0.29591,0.6826
18.99042,2.94441,9.26094,0.09201,-0.66046,0.7452,0.94368,0.0,0.0,nan,0.0,0.00443,0.01232,18.75461,1.90796,0.23004,0.72385,0.8236,0.71904,0.52412,0.8236
18.21861,3.93706,10.04302,0.10044,-0.3702,0.92351,0.83629,0.0,0.0,nan,0.0,0.00793,0.11781,51.78851,2.43515,0.22087,0.91621,0.99525,0.35472,0.41065,0.99525
18.01639,5.93682,-4.00107,0.45199,-0.12535,-0.88317,0.96398,0.0,0.0,nan,0.0,0.00608,0.0222,21.72918,1.70243,0.23725,0.49243,0.49945,0.60721,0.5874,0.49945
18.85143,4.9877,-2.98569,0.38977,-0.21609,-0.8952,0.99342,0.0,0.0,nan,0.0,0.00774,0.02747,24.32695,3.41409,0.24059,0.69493,0.51231,0.43891,0.2929,0.51231
19.34621,5.21705,9.97345,0.24085,0.10167,0.96522,0.9176,0.0,0.0,nan,0.0,0.00511,0.02737,19.92836,1.95434,0.23619,0.48819,0.3946,0.4208,0.51168,0.3946
18.5822,4.76564,10.22196,0.1474,-0.03943,0.98829,0.8706,0.0,0.0,nan,0.0,0.00673,0.04077,18.43024,1.68449,0.24794,0.61872,0.81199,0.36892,0.59365,0.81199
18.02711,6.32393,-4.06086,0.4571,-0.07691,-0.88608,0.96398,0.0,0.0,nan,0.0,0.00523,0.01836,21.62162,1.70986,0.23712,0.41294,0.34657,0.75375,0.58484,0.34657
19.03437,7.03619,-3.08159,0.46678,-0.05446,-0.8827,0.99596,0.0,0.0,nan,0.0,0.00787,0.02059,24.92486,1.6957,0.23636,0.48342,0.50526,0.85369,0.58973,0.50526
19.88583,6.8634,-1.92674,0.49598,0.01279,-0.86824,0.95515,0.0,0.0,nan,0.0,0.00708,0.01928,23.61188,1.81709,0.24072,0.48515,0.29942,0.82095,0.55033,0.29942
19.04541,6.98833,9.04045,0.27591,0.30565,0.91129,0.99322,0.0,0.0,nan,0.0,0.01824,0.04205,31.00104,1.75716,0.23014,0.67404,0.48349,0.68503,0.5691,0.48349
18.44182,9.90852,-4.17703,0.32815,-0.32133,-0.88829,0.98591,0.0,0.0,nan,0.0,0.018,0.04643,24.65996,1.85047,0.23101,0.48888,0.35266,0.85739,0.5404,0.35266
18.97955,9.01161,-3.53372,0.3969,-0.27772,-0.87484,0.99484,0.0,0.0,nan,0.0,0.01082,0.03218,29.67294,1.6519,0.23106,0.4986,0.61123,0.71981,0.60536,0.61123
19.74141,9.06942,7.84024,0.38692,-0.02133,0.92187,0.95008,0.0,0.0,nan,0.0,0.00945,0.02404,26.31748,1.76516,0.23912,0.49518,0.43188,0.85417,0.56652,0.43188
19.0098,9.02203,8.73182,0.31205,-0.0143,0.94996,0.9919,0.0,0.0,nan,0.0,0.00866,0.02188,26.92277,1.6519,0.22261,0.4905,0.41301,0.86685,0.60536,0.41301
19.0451,11.0554,-4.50866,0.40969,-0.15586,-0.89881,0.96084,0.0,0.0,nan,0.0,0.00847,0.02249,22.07138,1.8971,0.23535,0.43668,0.3746,0.94082,0.52712,0.3746
19.61744,10.14067,-3.87391,0.40366,-0.27919,-0.87127,0.96957,0.0,0.0,nan,0.0,0.02161,0.04708,22.67281,1.71098,0.24738,0.54775,0.46488,0.91212,0.58446,0.46488
19.09966,10.91729,9.24898,0.27932,-0.01634,0.96006,0.96713,0.0,0.0,nan,0.0,0.01919,0.04971,22.98351,1.67845,0.2422,0.64595,0.50457,0.64969,0.59579,0.50457
18.35281,12.85398,-4.57523,0.49613,-0.07163,-0.86529,0.99332,0.0,0.0,nan,0.0,0.00711,0.018,22.17411,1.99121,0.2339,0.5012,0.29683,0.85938,0.50221,0.29683
19.07446,13.12782,-3.29259,0.48596,-0.01004,-0.87392,0.85487,0.0,0.0,nan,0.0,0.00462,0.01745,23.44482,2.18866,0.22865,0.40386,0.30511,0.71095,0.4569,0.30511
19.5381,13.69715,7.73888,0.40253,0.0242,0.91509,0.93262,0.0,0.0,nan,0.0,0.00625,0.0175,29.98406,3.03499,0.23565,0.57497,0.5573,0.66226,0.32949,0.5573
18.93101,13.1381,8.66954,0.30684,0.05381,0.95024,0.98997,0.0,0.0,nan,0.0,0.00647,0.01539,26.88309,1.89003,0.24089,0.57203,0.60137,0.78926,0.52909,0.60137
18.10149,15.78998,-6.04444,0.36392,-0.2443,-0.89882,0.95515,0.0,0.0,nan,0.0,0.01059,0.02778,22.75874,2.04243,0.22806,0.48835,0.40762,0.84887,0.48961,0.40762
18.78731,15.10252,-4.96633,0.43572,-0.37943,-0.8162,0.98804,0.0,0.0,nan,0.0,0.0108,0.0468,26.17275,1.86394,0.22122,0.64198,0.76946,0.41252,0.5365,0.76946
19.29725,14.30127,-3.74807,0.4306,-0.31769,-0.84478,0.9045,0.0,0.0,nan,0.0,0.00596,0.01847,26.53859,1.8928,0.23841,0.51111,0.46645,0.67925,0.52832,0.46645
19.83416,14.07117,7.95023,0.42688,-0.02852,0.90386,0.97281,0.0,0.0,nan,0.0,0.00772,0.02062,33.52192,1.6519,0.23452,0.62375,0.62151,0.63579,0.60536,0.62151
19.10561,14.85785,9.17908,0.3997,-0.19131,0.89646,0.98022,0.0,0.0,nan,0.0,0.00346,0.02728,31.46757,2.86907,0.23523,0.73986,0.91053,0.37493,0.34854,0.91053
18.47795,16.96423,-6.07679,0.29024,-0.12129,-0.94924,0.97545,0.0,0.0,nan,0.0,0.01,0.02464,21.75198,2.57378,0.23576,0.44555,0.39462,0.99467,0.38853,0.39462
19.28792,16.94082,-5.70431,0.3344,-0.18123,-0.92484,0.97566,0.0,0.0,nan,0.0,0.01026,0.02851,22.41557,3.373,0.23776,0.43879,0.33941,0.89329,0.29647,0.33941
19.1255,16.98587,9.46404,0.40467,0.04617,0.9133,0.98692,0.0,0.0,nan,0.0,0.00828,0.0238,27.08258,1.86508,0.23963,0.53489,0.46198,0.698,0.53617,0.46198
19.29331,19.83494,-6.05835,0.30519,-0.20848,-0.92919,0.98987,0.0,0.0,nan,0.0,0.01751,0.06465,26.59869,1.84696,0.22491,0.50997,0.4781,0.57089,0.54143,0.4781
18.9528,18.95476,-5.59109,0.27091,-0.11764,-0.95539,0.98855,0.0,0.0,nan,0.0,0.0128,0.03474,25.90553,1.8797,0.23593,0.49786,0.4901,0.79722,0.532,0.4901
18.94335,19.03398,8.47381,0.38882,-0.00913,0.92127,0.98418,0.0,0.0,nan,0.0,0.00587,0.01955,27.00616,1.86359,0.23982,0.47731,0.56124,0.67522,0.5366,0.56124
19.00771,21.06687,-6.57997,0.4028,-0.24465,-0.88198,0.97078,0.0,0.0,nan,0.0,0.01509,0.07171,28.05897,1.87503,0.23182,0.42735,0.2812,0.52734,0.53332,0.2812
19.9394,20.71846,-5.99315,0.43912,-0.15392,-0.88515,0.97688,0.0,0.0,nan,0.0,0.01571,0.05545,23.74631,2.08055,0.22851,0.4197,0.3962,0.7318,0.48064,0.3962
19.06302,20.99522,9.33533,0.33556,-0.0132,0.94193,0.99575,0.0,0.0,nan,0.0,0.00886,0.04153,27.43411,1.6519,0.24111,0.51473,0.79954,0.52834,0.60536,0.79954
19.06877,23.01222,-7.00435,0.54704,-0.00988,-0.83705,0.9786,0.0,0.0,nan,0.0,0.00681,0.02414,27.09198,2.78549,0.23184,0.35535,0.49617,0.85247,0.359,0.49617
19.50583,23.45549,-5.53034,0.57232,0.01635,-0.81987,0.97566,0.0,0.0,nan,0.0,0.00804,0.02366,28.81313,2.06335,0.22658,0.46968,0.71159,0.7733,0.48465,0.71159
18.8997,22.91519,8.7348,0.27041,0.01411,0.96264,0.98835,0.0,0.0,nan,0.0,0.00731,0.02555,25.69501,2.21736,0.22171,0.37357,0.60435,0.82564,0.45099,0.60435
19.06239,25.08339,-6.88559,0.55991,-0.05997,-0.82638,0.99525,0.0,0.0,nan,0.0,0.00682,0.01962,28.37081,3.56096,0.23088,0.39191,0.70508,0.94936,0.28082,0.70508
19.62334,24.70193,-5.64039,0.56364,-0.01724,-0.82584,0.99169,0.0,0.0,nan,0.0,0.00917,0.02298,31.99048,2.91891,0.22503,0.4863,0.50841,0.87167,0.34259,0.50841
19.03584,24.76926,9.32062,0.31037,-0.15151,0.93847,0.99748,0.0,0.0,nan,0.0,0.01268,0.03278,28.73145,2.09127,0.22533,0.48578,0.60588,0.85175,0.47818,0.60588
18.06963,27.74398,-8.12638,0.51263,-0.2057,-0.83361,0.98124,0.0,0.0,nan,0.0,0.00467,0.03123,25.25273,1.77228,0.23659,0.42955,0.80269,0.45231,0.56424,0.80269
18.77475,27.08207,-6.86078,0.58978,-0.21167,-0.77933,0.99687,0.0,0.0,nan,0.0,0.01008,0.02958,29.40606,3.60703,0.23391,0.56599,0.57793,0.64298,0.27724,0.57793
19.47754,26.84938,-5.85003,0.62055,-0.15017,-0.76966,0.97393,0.0,0.0,nan,0.0,0.0066,0.02287,31.57918,3.36198,0.23609,0.57084,0.81285,0.67293,0.29744,0.81285
19.10197,27.00481,9.67727,0.32892,-0.05049,0.94301,0.98002,0.0,0.0,nan,0.0,0.01244,0.04639,39.65273,2.12179,0.22535,0.46803,0.55717,0.60209,0.4713,0.55717
18.3876,27.19559,10.01676,0.25559,-0.02697,0.96641,0.9718,0.0,0.0,nan,0.0,0.01089,0.04539,39.3825,1.91026,0.23071,0.4552,0.46591,0.55367,0.52349,0.46591
18.19209,29.03065,-8.09652,0.49767,-0.00868,-0.86733,0.97576,0.0,0.0,nan,0.0,0.00597,0.03134,21.04548,2.26974,0.23805,0.41823,0.67403,0.49893,0.44058,0.67403
19.18708,28.91201,-7.45703,0.58367,-0.1301,-0.8015,0.97891,0.0,0.0,nan,0.0,0.01115,0.04489,26.07815,2.208,0.2252,0.61478,0.60268,0.43508,0.4529,0.60268
19.03829,29.08398,9.50421,0.35535,0.03068,0.93423,0.98794,0.0,0.0,nan,0.0,0.00928,0.04654,39.29176,1.99054,0.21803,0.37329,0.40276,0.5615,0.50238,0.40276
18.28903,28.44554,10.08887,0.21523,-0.00047,0.97656,0.98713,0.0,0.0,nan,0.0,0.00884,0.03855,37.96291,2.16698,0.2291,0.38852,0.50483,0.62134,0.46147,0.50483
18.2557,30.24444,-8.10429,0.42,0.09831,-0.90218,0.99119,0.0,0.0,nan,0.0,0.00448,0.0169,24.91213,1.6519,0.23786,0.50708,0.49913,0.56405,0.60536,0.49913
18.84535,30.97895,-7.3989,0.36472,0.02997,-0.93063,0.99606,0.0,0.0,nan,0.0,0.00926,0.03417,25.86115,1.89147,0.22672,0.68897,0.81825,0.5424,0.52869,0.81825
19.18828,31.04584,9.44192,0.49677,0.02209,0.8676,0.99555,0.0,0.0,nan,0.0,0.00739,0.03346,34.08507,1.91868,0.22314,0.44749,0.40048,0.52212,0.52119,0.40048
18.16774,30.78726,10.004,0.34465,-0.03722,0.93799,0.98317,0.0,0.0,nan,0.0,0.01,0.04814,37.62224,2.06722,0.21861,0.40385,0.30608,0.54172,0.48374,0.30608
18.43504,33.37557,-8.20032,0.34126,-0.19156,-0.92024,0.99393,0.0,0.0,nan,0.0,0.00875,0.03396,22.96057,1.6519,0.23704,0.58891,0.49546,0.47546,0.60536,0.49546
19.18567,32.92706,-7.54215,0.33558,-0.13856,-0.93177,0.99413,0.0,0.0,nan,0.0,0.00831,0.03673,22.4593,1.6519,0.23158,0.60264,0.40194,0.40899,0.60536,0.40194
19.04045,32.9578,9.39118,0.51814,-0.00371,0.85529,0.99839,0.0,0.0,nan,0.0,0.01169,0.04541,19.4781,2.19158,0.2243,0.45678,0.53126,0.62163,0.45629,0.53126
18.20712,32.38048,10.14289,0.43063,-0.01663,0.90237,0.98926,0.0,0.0,nan,0.0,0.01359,0.04537,19.57402,1.83644,0.22914,0.45654,0.41331,0.72324,0.54453,0.41331
18.68696,35.07756,-8.35808,0.40511,-0.0579,-0.91243,0.98276,0.0,0.0,nan,0.0,0.01444,0.05244,23.93117,3.381,0.24694,0.79124,0.5543,0.37703,0.29577,0.5543
19.70099,34.98818,-7.73745,0.53141,0.00747,-0.84708,0.97271,0.0,0.0,nan,0.0,0.02108,0.07927,15.46607,2.20063,0.22516,0.7357,0.73948,0.40817,0.45442,0.73948
18.99359,34.96357,9.40437,0.42576,-0.00774,0.9048,0.99789,0.0,0.0,nan,0.0,0.02159,0.09557,18.44383,1.78424,0.22746,0.51883,0.73058,0.48268,0.56046,0.73058
18.00027,34.55661,10.01527,0.42391,0.05806,0.90384,0.9989,0.0,0.0,nan,0.0,0.01459,0.04681,14.80536,2.03323,0.22786,0.37641,0.42859,0.93961,0.49183,0.42859
18.35846,36.93409,-8.23356,0.47613,-0.03127,-0.87882,0.9987,0.0,0.0,nan,0.0,0.00893,0.04716,32.2158,2.21576,0.23442,0.78992,0.89493,0.47486,0.45131,0.89493
19.25465,37.12582,-7.49459,0.56039,0.00896,-0.82818,0.9989,0.0,0.0,nan,0.0,0.00939,0.05675,33.71118,1.9235,0.2305,0.79717,0.90024,0.42335,0.51988,0.90024
18.98464,36.98629,9.44487,0.34656,-0.12014,0.9303,0.9989,0.0,0.0,nan,0.0,0.01311,0.04994,16.36981,1.9137,0.22964,0.35244,0.4377,0.83569,0.52255,0.4377
18.51351,38.99343,-8.4191,0.51833,-0.04617,-0.85393,0.99829,0.0,0.0,nan,0.0,0.02839,0.05991,35.35923,1.75639,0.23236,0.79342,0.7087,0.63105,0.56935,0.7087
19.36185,39.12516,-7.75098,0.56012,-0.05976,-0.82625,0.9989,0.0,0.0,nan,0.0,0.02335,0.06356,34.60652,1.88449,0.23818,0.77257,0.72641,0.50292,0.53065,0.72641
19.42861,38.76078,9.91737,0.38382,-0.12902,0.91435,0.98408,0.0,0.0,nan,0.0,0.01241,0.04289,16.79456,2.04107,0.22807,0.38022,0.29748,0.85121,0.48994,0.29748
18.63026,39.21658,10.29204,0.31829,-0.14823,0.93633,0.99149,0.0,0.0,nan,0.0,0.01111,0.03284,17.67711,2.23137,0.23219,0.44827,0.29093,0.84043,0.44816,0.29093
18.62181,40.9948,-8.36369,0.47386,-0.01747,-0.88043,0.99789,0.0,0.0,nan,0.0,0.00946,0.06969,26.82707,1.6519,0.24665,0.57034,0.89435,0.47541,0.60536,0.89435
19.61774,40.96191,-7.74518,0.56754,-0.02968,-0.82281,0.99758,0.0,0.0,nan,0.0,0.00417,0.08102,23.61606,1.81709,0.24416,0.70153,0.96824,0.26408,0.55033,0.96824
19.78413,41.1212,9.86201,0.52513,-0.02618,0.85062,0.99301,0.0,0.0,nan,0.0,0.01524,0.04798,15.77954,1.98967,0.23213,0.41832,0.43078,0.85561,0.50259,0.43078
18.78819,40.93931,10.39235,0.40375,-0.06491,0.91257,0.99038,0.0,0.0,nan,0.0,0.00727,0.02644,15.16145,1.88752,0.22725,0.36625,0.32883,0.84933,0.5298,0.32883
18.65622,43.04551,-8.37319,0.48981,-0.03418,-0.87116,0.9988,0.0,0.0,nan,0.0,0.00714,0.07766,14.66356,1.6519,0.23926,0.31734,0.41921,0.32919,0.60536,0.41921
19.68382,42.97068,-7.76547,0.5914,-0.01858,-0.80616,0.99575,0.0,0.0,nan,0.0,0.01778,0.06924,8.38466,1.81302,0.23145,0.54595,0.53423,0.58262,0.55156,0.53423
19.70665,42.7937,9.74597,0.53434,-0.0478,0.84392,0.9988,0.0,0.0,nan,0.0,0.01385,0.04289,14.10147,1.82781,0.24016,0.37011,0.48549,0.99637,0.5471,0.48549
18.82769,43.07806,10.40147,0.43796,-0.04014,0.8981,0.99778,0.0,0.0,nan,0.0,0.01301,0.04409,12.20085,2.09178,0.23327,0.34345,0.6051,1.0,0.47806,0.6051
18.83023,45.01314,-8.41237,0.52278,0.01005,-0.85241,0.9988,0.0,0.0,nan,0.0,0.01467,0.05546,8.39882,2.10301,0.2168,0.49838,0.68269,0.65721,0.47551,0.68269
19.73849,45.01949,-7.79315,0.61012,0.02333,-0.79196,0.99809,0.0,0.0,nan,0.0,0.00812,0.0402,9.20656,2.22302,0.21568,0.44955,0.67822,0.54715,0.44984,0.67822
19.85764,45.00194,9.87984,0.5893,0.06724,0.80511,0.98347,0.0,0.0,nan,0.0,0.00997,0.03743,15.59237,2.211,0.2265,0.47949,0.41123,0.62652,0.45228,0.41123
18.93619,44.95634,10.59626,0.42462,0.02028,0.90514,0.97718,0.0,0.0,nan,0.0,0.01224,0.04631,16.80513,1.81709,0.25521,0.51107,0.62605,0.57879,0.55033,0.62605
18.68849,46.96471,-8.3946,0.53675,0.05757,-0.84177,0.99819,0.0,0.0,nan,0.0,0.00821,0.05153,8.53191,1.90453,0.21985,0.34155,0.33656,0.57595,0.52506,0.33656
19.61194,47.07689,-7.58786,0.63861,0.07979,-0.76538,0.9986,0.0,0.0,nan,0.0,0.00934,0.04331,9.36326,2.21573,0.22441,0.36205,0.44248,0.72262,0.45132,0.44248
19.86185,47.23505,9.66275,0.63596,-0.02274,0.77138,0.98784,0.0,0.0,nan,0.0,0.01121,0.03482,21.75873,3.37223,0.23444,0.47221,0.44109,0.74445,0.29654,0.44109
18.89076,47.02991,10.3324,0.48824,0.01077,0.87264,0.98175,0.0,0.0,nan,0.0,0.01075,0.03564,24.4266,2.88464,0.23262,0.44386,0.36442,0.73521,0.34666,0.36442
18.55027,48.9768,-8.37681,0.55466,0.02409,-0.83173,0.99829,0.0,0.0,nan,0.0,0.01395,0.06505,7.69794,1.66527,0.24321,0.44031,0.82861,0.81963,0.6005,0.82861
19.53379,49.01659,-7.56039,0.64804,0.03774,-0.76067,0.9988,0.0,0.0,nan,0.0,0.01107,0.05419,8.48988,1.81709,0.22624,0.32025,0.66651,0.78823,0.55033,0.66651
19.90496,48.40686,9.64236,0.61756,-0.07528,0.78291,0.99098,0.0,0.0,nan,0.0,0.00564,0.0246,24.16228,1.72901,0.23954,0.35914,0.50018,0.69071,0.57837,0.50018
19.01982,49.0052,10.51458,0.46025,-0.01624,0.88764,0.97139,0.0,0.0,nan,0.0,0.00857,0.03133,24.31301,1.7287,0.24071,0.40641,0.43666,0.72867,0.57847,0.43666
18.5434,51.0396,-8.4091,0.56075,-0.01564,-0.82784,0.99718,0.0,0.0,nan,0.0,0.01465,0.06051,7.92567,1.85755,0.23558,0.36063,0.67655,0.84071,0.53834,0.67655
19.47439,50.96223,-7.54505,0.64946,-0.00784,-0.76036,0.9989,0.0,0.0,nan,0.0,0.01164,0.05715,6.80691,1.74687,0.23011,0.39766,0.80517,0.80459,0.57245,0.80517
19.71951,51.35092,9.73482,0.54443,0.03022,0.83826,0.99829,0.0,0.0,nan,0.0,0.00936,0.03098,22.80918,3.40768,0.23538,0.50774,0.68206,0.64709,0.29345,0.68206
18.85615,50.91417,10.42651,0.43247,0.05256,0.90011,0.98459,0.0,0.0,nan,0.0,0.01115,0.03267,28.48488,2.27379,0.24119,0.48167,0.49695,0.75798,0.43979,0.49695
18.54734,52.99188,-8.38622,0.57161,-0.01339,-0.82042,0.99839,0.0,0.0,nan,0.0,0.01268,0.08979,6.62729,1.8961,0.23183,0.42351,0.75139,0.43587,0.5274,0.75139
19.48126,52.99156,-7.57975,0.66418,-0.00867,-0.74753,0.9989,0.0,0.0,nan,0.0,0.01749,0.07594,5.1329,1.94343,0.22085,0.38212,0.58617,0.83763,0.51455,0.58617
19.35742,52.52339,9.45217,0.51619,-0.07553,0.85314,0.9855,0.0,0.0,nan,0.0,0.00811,0.02981,23.72678,2.88614,0.23167,0.45375,0.40285,0.6502,0.34648,0.40285
18.8772,53.14221,10.48334,0.4248,-0.05692,0.90349,0.98804,0.0,0.0,nan,0.0,0.00621,0.02178,24.55926,2.07263,0.23045,0.36118,0.64698,0.8543,0.48248,0.64698
18.56453,55.01804,-8.43271,0.55981,0.0176,-0.82843,0.99677,0.0,0.0,nan,0.0,0.01313,0.05479,3.70256,1.76155,0.22687,0.38378,0.51045,0.96181,0.56768,0.51045
19.57371,54.97778,-7.55346,0.66764,-0.0015,-0.74448,0.9986,0.0,0.0,nan,0.0,0.01987,0.09989,4.26856,1.76941,0.22147,0.37122,0.73075,0.78701,0.56516,0.73075
19.86687,55.46564,9.69847,0.49894,0.12228,0.85797,0.98763,0.0,0.0,nan,0.0,0.00801,0.03077,23.04029,1.74114,0.23864,0.45633,0.80709,0.75877,0.57434,0.80709
18.92142,54.92087,10.34585,0.41155,0.10445,0.90538,0.9787,0.0,0.0,nan,0.0,0.01445,0.03509,26.54547,1.75358,0.24795,0.54855,0.71383,0.80708,0.57026,0.71383
18.54068,56.99452,-8.39818,0.52874,0.03406,-0.8481,0.99555,0.0,0.0,nan,0.0,0.01098,0.07841,4.40348,1.96427,0.22194,0.31913,0.58737,0.63822,0.5091,0.58737
19.53877,56.99512,-7.59212,0.64814,0.01205,-0.76143,0.99799,0.0,0.0,nan,0.0,0.01547,0.08989,4.2693,2.0918,0.21895,0.31588,0.64294,0.80023,0.47806,0.64294
19.40431,57.11055,9.76145,0.43888,0.05212,0.89703,0.99241,0.0,0.0,nan,0.0,0.01609,0.03395,27.54802,1.6653,0.23955,0.56441,0.5114,0.90043,0.60049,0.5114
18.56866,56.50925,10.20003,0.36233,0.11083,0.92544,0.99271,0.0,0.0,nan,0.0,0.01123,0.02702,23.86282,1.72187,0.24337,0.45094,0.58439,0.99896,0.58077,0.58439
18.48645,58.97689,-8.33908,0.49982,0.04889,-0.86475,0.99626,0.0,0.0,nan,0.0,0.01175,0.06838,4.38771,1.81709,0.21938,0.31515,0.55785,0.79352,0.55033,0.55785
19.53779,59.00401,-7.60449,0.62592,0.03084,-0.77928,0.99555,0.00095,0.00474,0.7,1.0,0.01006,0.06456,4.47617,1.81709,0.22911,0.27411,0.69334,0.8221,0.55033,0.69334
19.26381,59.11617,9.8545,0.4231,0.10487,0.89999,0.96896,0.0,0.0,nan,0.0,0.01057,0.02865,25.87915,3.14307,0.24165,0.56447,0.55319,0.70412,0.31816,0.55319
18.55352,58.90132,10.3142,0.34314,0.09243,0.93473,0.97647,0.0,0.0,nan,0.0,0.00863,0.02643,22.21242,2.05072,0.23528,0.41585,0.48813,0.85602,0.48763,0.48813
18.47404,60.97298,-8.23578,0.4871,0.08689,-0.86901,0.99504,0.0,0.0,nan,0.0,0.01527,0.05281,3.67474,1.81709,0.2424,0.4529,0.44802,0.98564,0.55033,0.44802
19.44483,61.02397,-7.51792,0.6112,0.08096,-0.78733,0.99545,0.0,0.0,nan,0.0,0.00815,0.03596,3.35812,1.8783,0.23659,0.36161,0.54804,1.0,0.5324,0.54804
18.99284,60.89596,9.25554,0.42254,0.07835,0.90295,0.99687,0.0,0.0,nan,0.0,0.01316,0.02579,20.60217,2.90254,0.24242,0.63108,0.74957,0.88703,0.34453,0.74957
18.26487,62.55347,-8.09071,0.46703,0.13974,-0.87313,0.99667,0.0,0.0,nan,0.0,0.01496,0.05493,3.52113,1.72227,0.24658,0.45099,0.6359,0.94687,0.58063,0.6359
19.21117,63.05847,-7.44835,0.56634,0.13841,-0.81247,0.99606,0.0,0.0,nan,0.0,0.01004,0.05229,3.83259,1.75247,0.2268,0.3061,0.58464,0.955,0.57062,0.58464
19.04499,63.07419,9.68582,0.40335,-0.01187,0.91497,0.98845,0.0,0.0,nan,0.0,0.01064,0.02884,20.96298,3.63418,0.23497,0.64479,0.63997,0.62685,0.27517,0.63997
18.16359,62.99936,10.03749,0.34676,0.02695,0.93757,0.98936,0.0,0.0,nan,0.0,0.00911,0.02107,22.56271,1.69981,0.2442,0.55536,0.42846,0.84752,0.5883,0.42846
18.98469,64.95239,-7.14592,0.50896,0.14322,-0.84879,0.99687,0.0,0.0,nan,0.0,0.01141,0.04685,4.50829,1.87459,0.23511,0.37524,0.63106,0.93687,0.53345,0.63106
18.89336,65.04357,9.17644,0.3719,0.04306,0.92727,0.99169,0.0,0.0,nan,0.0,0.01014,0.02042,21.73795,2.07382,0.23138,0.5846,0.63949,0.92721,0.4822,0.63949
18.08134,64.75348,10.08202,0.3022,0.06667,0.95091,0.98104,0.0,0.0,nan,0.0,0.01186,0.02487,23.69912,3.21819,0.22915,0.58038,0.77131,0.95597,0.31073,0.77131
19.00468,66.99899,-6.81604,0.45291,0.12484,-0.88277,0.9987,0.0,0.0,nan,0.0,0.0082,0.03838,6.68106,1.90463,0.21972,0.35518,0.50441,0.78121,0.52504,0.50441
19.30854,66.74274,9.42825,0.39484,-0.06376,0.91654,0.99007,0.0,0.0,nan,0.0,0.00601,0.018,20.63952,1.87715,0.23766,0.44364,0.49161,0.82565,0.53272,0.49161
18.40499,67.34126,10.1251,0.25776,-0.00084,0.96621,0.94957,0.0,0.0,nan,0.0,0.00656,0.02235,21.5664,2.18897,0.23274,0.41639,0.34484,0.77027,0.45684,0.34484
19.02664,69.01019,-6.57155,0.40412,0.12946,-0.9055,0.99819,0.0,0.0,nan,0.0,0.01292,0.0682,6.74672,1.86186,0.22439,0.31502,0.43195,0.77964,0.5371,0.43195
18.97614,69.05685,9.40837,0.29987,0.07331,0.95116,0.98966,0.0,0.0,nan,0.0,0.00887,0.0201,18.38071,3.0452,0.2353,0.57072,0.73718,0.85718,0.32839,0.73718
18.25868,68.04822,10.02541,0.23456,0.0683,0.9697,0.95992,0.0,0.0,nan,0.0,0.00664,0.02158,20.48576,3.5792,0.23408,0.49944,0.68017,0.67653,0.27939,0.68017
18.89821,70.8849,-6.3676,0.35127,0.13528,-0.92645,0.99799,0.0,0.0,nan,0.0,0.01231,0.05109,6.3541,1.6519,0.23974,0.42958,0.6471,0.73732,0.60536,0.6471
19.8566,71.35754,-5.92483,0.43733,0.11448,-0.89199,0.99647,0.0,0.0,nan,0.0,0.01363,0.05255,5.53407,1.71285,0.223,0.38528,0.27783,0.9165,0.58382,0.27783
19.0184,70.98914,9.25684,0.31496,-0.05007,0.94778,0.99504,0.0,0.0,nan,0.0,0.00872,0.02243,16.43774,1.78204,0.23332,0.52191,0.62012,0.83544,0.56116,0.62012
18.52195,72.84752,-6.1583,0.33009,0.15566,-0.93103,0.9989,0.0,0.0,nan,0.0,0.00783,0.05238,6.22738,1.8441,0.22235,0.34912,0.47783,0.56538,0.54227,0.47783
19.46922,73.14774,-5.83429,0.38393,0.16856,-0.90784,0.9985,0.0,0.0,nan,0.0,0.00942,0.04368,4.96029,1.83941,0.22794,0.32919,0.35099,0.91936,0.54365,0.35099
19.12102,73.13179,9.54454,0.34005,0.13263,0.93101,0.96226,0.0,0.0,nan,0.0,0.00938,0.02772,18.64592,3.4074,0.23108,0.56253,0.66344,0.66581,0.29348,0.66344
18.14495,74.17835,-6.04971,0.32621,0.20338,-0.92316,0.9989,0.00201,0.01006,0.6,1.0,0.01063,0.04767,4.82286,1.78538,0.2268,0.34603,0.27837,0.91149,0.5601,0.27837
19.04755,75.0293,-5.47288,0.36672,0.2442,-0.89771,0.99819,0.0,0.0,nan,0.0,0.00857,0.04099,4.29105,1.73495,0.2326,0.30886,0.44462,0.99263,0.57638,0.44462
19.97529,74.43037,7.95693,0.47431,0.09468,0.87525,0.98378,0.0,0.0,nan,0.0,0.00611,0.01716,17.20264,2.35338,0.22636,0.4428,0.70787,0.89753,0.42492,0.70787
19.10636,75.02776,9.18505,0.27088,0.15505,0.95004,0.9852,0.0,0.0,nan,0.0,0.00805,0.02155,22.4637,1.89402,0.23115,0.46805,0.50952,0.86935,0.52798,0.50952
19.03552,76.94135,-4.91133,0.36035,0.2833,-0.88876,0.99291,0.0,0.0,nan,0.0,0.01002,0.05477,4.61086,1.82608,0.22664,0.30056,0.705,0.87236,0.54762,0.705
19.71726,77.79562,7.82743,0.22446,0.18258,0.95723,0.99372,0.0,0.0,nan,0.0,0.00893,0.01994,21.12065,3.39525,0.23235,0.57581,0.31892,0.85109,0.29453,0.31892
19.05135,77.03153,8.85282,0.22168,0.23195,0.94713,0.98073,0.0,0.0,nan,0.0,0.007,0.02017,25.09384,2.88766,0.23745,0.49868,0.40422,0.75152,0.3463,0.40422
18.88265,78.911,-4.28431,0.31292,0.39298,-0.86467,0.98916,0.0,0.0,nan,0.0,0.01019,0.0461,6.35788,1.80251,0.23843,0.52259,0.70109,0.55584,0.55478,0.70109
19.43403,79.61489,-3.83513,0.30491,0.45602,-0.8361,0.97688,0.0,0.0,nan,0.0,0.01166,0.04505,7.03089,1.6519,0.23644,0.45862,0.51635,0.72502,0.60536,0.51635
19.09383,78.95625,7.9593,0.16898,0.17641,0.9697,0.99697,0.0,0.0,nan,0.0,0.0082,0.02013,22.27475,2.76053,0.23921,0.58912,0.35022,0.75396,0.36225,0.35022
19.06535,78.85923,8.00336,0.17187,0.17752,0.96899,0.99718,0.0,0.0,nan,0.0,0.00872,0.02,21.68018,1.75662,0.23917,0.60981,0.37558,0.78117,0.56928,0.37558
18.151,80.04447,-4.03523,0.23478,0.58808,-0.77398,0.97007,0.0,0.0,nan,0.0,0.01475,0.07301,10.28048,2.76715,0.23071,0.50879,0.47033,0.47439,0.36138,0.47033
18.98353,80.85246,-3.05928,0.16548,0.72011,-0.67384,0.96683,0.0,0.0,nan,0.0,0.01067,0.04157,6.79648,2.52538,0.22684,0.37584,0.4168,0.8836,0.39598,0.4168
19.0077,81.82124,-1.55746,0.07201,0.89446,-0.44131,0.98865,0.0,0.0,nan,0.0,0.01908,0.0668,7.31931,1.71216,0.22969,0.47778,0.70398,0.76124,0.58406,0.70398
19.06575,81.4837,7.32322,0.10924,0.66822,0.7359,0.92328,0.0,0.0,nan,0.0,0.00449,0.10356,24.76816,1.65275,0.23711,0.85658,0.97995,0.20725,0.60505,0.97995
18.97441,80.46764,8.24706,0.12469,0.3137,0.9413,0.91262,0.0,0.0,nan,0.0,0.00471,0.02515,24.38241,2.05723,0.23451,0.50224,0.46851,0.40379,0.48609,0.46851
18.98413,82.15181,-0.51822,0.04959,0.95249,-0.30051,0.9985,0.0,0.0,nan,0.0,0.0127,0.08053,6.02629,2.05998,0.22113,0.20997,0.6357,1.0,0.48544,0.6357
18.95387,82.48773,1.01017,0.04439,0.98852,-0.14444,0.9988,0.0,0.0,nan,0.0,0.01907,0.12431,5.58853,2.07421,0.22565,0.20832,0.51359,1.0,0.48211,0.51359
19.02297,82.57851,3.0273,0.03902,0.99919,0.00991,0.9988,0.0,0.0,nan,0.0,0.03308,0.17594,6.13932,2.38931,0.21863,0.25111,0.71522,0.99274,0.41853,0.71522
18.98268,82.42729,5.0077,0.05928,0.9775,0.20243,0.99728,0.0,0.0,nan,0.0,0.02091,0.10488,6.75016,1.90149,0.22237,0.26376,0.46265,0.98,0.5259,0.46265
18.90922,82.09575,6.29938,0.08657,0.89789,0.43162,0.97363,0.0,0.0,nan,0.0,0.03239,0.12438,7.42644,1.87792,0.22764,0.52622,0.56818,0.62818,0.5325,0.56818
20.21085,1.85855,-2.0627,0.18806,-0.45224,-0.87184,0.92754,0.0,0.0,nan,0.0,0.00887,0.03493,22.21533,1.90044,0.23608,0.644,0.58123,0.42968,0.52619,0.58123
21.02777,0.90285,-1.11851,0.2799,-0.69671,-0.66049,0.86715,0.0,0.0,nan,0.0,0.01237,0.06,15.0052,3.50466,0.23705,0.67787,0.68078,0.34463,0.28533,0.68078
21.04632,0.07928,0.96243,0.10935,-0.97412,-0.19781,0.92145,0.0,0.0,nan,0.0,0.01217,0.06891,10.25693,1.78169,0.24582,0.74522,0.76626,0.29868,0.56127,0.76626
20.98849,0.16151,3.01291,0.0031,-0.99907,0.04296,0.96764,0.0,0.0,nan,0.0,0.02092,0.1298,9.33882,1.92073,0.23717,0.68935,0.52474,0.28383,0.52063,0.52474
21.0258,0.35626,5.06735,0.03917,-0.95202,0.30351,0.95576,0.0,0.0,nan,0.0,0.00585,0.04012,9.11985,2.73881,0.22562,0.52571,0.53035,0.33802,0.36512,0.53035
21.00455,1.27365,7.08104,0.15548,-0.77802,0.6087,0.93191,0.0,0.0,nan,0.0,0.00766,0.02745,13.14653,3.01751,0.23621,0.64798,0.36195,0.49628,0.3314,0.36195
20.81586,3.25233,-2.10478,0.27191,-0.274,-0.92249,0.98236,0.0,0.0,nan,0.0,0.00921,0.04175,14.85208,1.6519,0.23769,0.59348,0.40022,0.42186,0.60536,0.40022
21.38108,2.61666,-1.90143,0.38026,-0.34534,-0.85799,0.94267,0.0,0.0,nan,0.0,0.00861,0.03967,12.36369,3.0577,0.23955,0.57825,0.46278,0.43583,0.32704,0.46278
20.95528,2.34919,7.93474,0.27528,-0.64397,0.71381,0.9446,0.0,0.0,nan,0.0,0.00731,0.02049,15.44372,2.07583,0.23017,0.60437,0.51409,0.66634,0.48173,0.51409
21.02645,3.05903,8.89263,0.36654,-0.46965,0.80316,0.88684,0.0,0.0,nan,0.0,0.00701,0.04434,28.32706,2.3849,0.23079,0.81326,0.87355,0.34426,0.41931,0.87355
21.12297,5.04251,-2.66576,0.40852,0.02136,-0.9125,0.9179,0.0,0.0,nan,0.0,0.00541,0.02853,16.98676,1.6519,0.2317,0.55608,0.61185,0.38101,0.60536,0.61185
21.95939,5.97045,-1.95817,0.63088,0.17849,-0.75507,0.945,0.0,0.0,nan,0.0,0.00521,0.02279,25.3399,1.81709,0.238,0.53041,0.75499,0.47264,0.55033,0.75499
21.81042,5.78674,7.75489,0.74176,0.2042,0.63882,0.98987,0.0,0.0,nan,0.0,0.00785,0.02816,22.68409,2.67313,0.23598,0.63824,0.56469,0.47522,0.37409,0.56469
21.21747,5.07145,9.352,0.54453,0.09928,0.83285,0.85548,0.0,0.0,nan,0.0,0.01073,0.0496,34.42817,2.40392,0.22356,0.64669,0.48127,0.35383,0.41599,0.48127
20.62221,6.47013,-2.2217,0.50193,0.06924,-0.86213,0.98692,0.0,0.0,nan,0.0,0.00646,0.01858,22.56418,1.6519,0.24151,0.51292,0.32766,0.73834,0.60536,0.32766
21.20615,7.06656,-1.43666,0.6647,0.09627,-0.74088,0.98073,0.0,0.0,nan,0.0,0.00859,0.02236,26.01435,3.10667,0.2387,0.55439,0.50125,0.74603,0.32189,0.50125
21.51444,6.91402,7.36426,0.69555,0.21747,0.68478,0.99271,0.0,0.0,nan,0.0,0.00744,0.02167,25.90438,3.42342,0.23453,0.58339,0.76679,0.66984,0.29211,0.76679
20.93812,6.92813,8.36421,0.53747,0.26968,0.799,0.98753,0.0,0.0,nan,0.0,0.00355,0.01935,30.07237,2.91902,0.23257,0.65579,0.89652,0.56196,0.34258,0.89652
20.69938,9.00383,-2.70666,0.55757,-0.3013,-0.77352,0.99088,0.0,0.0,nan,0.0,0.00892,0.03701,28.58977,1.6519,0.22983,0.56352,0.85456,0.6876,0.60536,0.85456
21.78291,8.85803,-1.57796,0.68428,-0.26894,-0.67781,0.98459,0.0,0.0,nan,0.0,0.01123,0.03884,24.93824,2.00125,0.24033,0.58775,0.77612,0.57991,0.49969,0.77612
21.41891,9.43811,7.83395,0.63883,-0.02273,0.76901,0.96277,0.0,0.0,nan,0.0,0.00664,0.02192,24.50409,1.87213,0.23498,0.34669,0.27983,0.94515,0.53415,0.27983
20.94181,8.82495,8.09403,0.53756,0.02106,0.84296,0.97261,0.0,0.0,nan,0.0,0.00889,0.01965,28.37151,3.42247,0.23073,0.51296,0.7072,0.94355,0.29219,0.7072
20.30797,11.40012,-4.15192,0.4598,-0.04937,-0.88665,0.9445,0.0,0.0,nan,0.0,0.01289,0.03343,22.62279,1.91942,0.2353,0.66196,0.69875,0.63413,0.52099,0.69875
21.09241,10.79261,-3.19289,0.56057,-0.19241,-0.80544,0.97454,0.0,0.0,nan,0.0,0.01268,0.03635,22.41147,1.81709,0.23757,0.58285,0.46567,0.65206,0.55033,0.46567
21.82565,10.15926,-1.84623,0.68466,-0.29497,-0.66651,0.9989,0.0,0.0,nan,0.0,0.00929,0.02712,19.46282,2.04215,0.23102,0.49716,0.51945,0.75988,0.48968,0.51945
21.92141,10.6993,7.81711,0.75644,-0.00592,0.65404,0.90298,0.0,0.0,nan,0.0,0.01066,0.03072,22.36121,1.7794,0.23906,0.50636,0.33562,0.74695,0.56199,0.33562
20.83037,10.98379,8.33424,0.53759,-0.01063,0.84314,0.93648,0.0,0.0,nan,0.0,0.01393,0.03995,21.5707,2.14516,0.23505,0.65971,0.55157,0.57742,0.46617,0.55157
20.2692,12.19603,-4.12564,0.4413,-0.02718,-0.89695,0.97677,0.0,0.0,nan,0.0,0.00707,0.01973,24.36546,3.46899,0.23561,0.56245,0.46843,0.68932,0.28827,0.46843
20.99261,12.91126,-3.05537,0.43496,-0.0993,-0.89496,0.98743,0.0,0.0,nan,0.0,0.01036,0.03112,26.80464,1.72469,0.23928,0.63881,0.49432,0.55992,0.57981,0.49432
21.3559,13.52265,7.33658,0.66998,-0.01496,0.74223,0.98378,0.0,0.0,nan,0.0,0.0074,0.02144,32.06877,2.38203,0.22896,0.53462,0.56306,0.68615,0.41981,0.56306
20.85911,12.72543,8.54918,0.51675,0.11114,0.84889,0.92531,0.0,0.0,nan,0.0,0.00621,0.02265,29.09411,3.28655,0.23664,0.58207,0.35037,0.50336,0.30427,0.35037
20.95414,15.37767,-4.44,0.45157,-0.38755,-0.80367,0.9715,0.0,0.0,nan,0.0,0.01597,0.04243,22.76131,1.85523,0.23681,0.59622,0.52589,0.68684,0.53902,0.52589
21.22321,14.52728,-3.76825,0.43166,-0.30261,-0.84976,0.98124,0.0,0.0,nan,0.0,0.00736,0.02394,27.73981,1.82067,0.24019,0.45137,0.45439,0.72983,0.54925,0.45439
21.28966,14.69311,7.45864,0.59569,-0.09033,0.79812,0.98327,0.0,0.0,nan,0.0,0.00535,0.02186,31.67245,2.44468,0.23626,0.54619,0.62746,0.47644,0.40905,0.62746
20.65765,15.21769,8.49093,0.48514,-0.12115,0.866,0.98835,0.0,0.0,nan,0.0,0.00383,0.02365,37.27047,2.24013,0.22552,0.69631,0.83956,0.34335,0.4464,0.83956
21.13054,16.95669,-4.97083,0.56062,-0.17625,-0.8091,0.95191,0.0,0.0,nan,0.0,0.00957,0.03294,25.09919,1.78853,0.2303,0.41057,0.43223,0.76374,0.55912,0.43223
21.83236,16.25941,-3.92195,0.6419,-0.1854,-0.74404,0.96987,0.0,0.0,nan,0.0,0.01107,0.03342,25.62683,1.82556,0.23554,0.42746,0.39728,0.83523,0.54778,0.39728
21.67411,17.14578,7.68472,0.63201,-0.0001,0.77496,0.99281,0.0,0.0,nan,0.0,0.0069,0.03938,20.53047,1.6519,0.23972,0.38175,0.5746,0.50372,0.60536,0.5746
20.63461,17.02161,8.41785,0.50175,0.00305,0.86501,0.9918,0.0,0.0,nan,0.0,0.00433,0.02477,24.68506,3.24729,0.243,0.37389,0.43682,0.50569,0.30795,0.43682
21.1951,18.93865,-5.06183,0.61629,-0.09656,-0.78158,0.97819,0.0,0.0,nan,0.0,0.00585,0.02061,22.76811,1.6519,0.23093,0.40168,0.51379,0.76859,0.60536,0.51379
21.65755,18.78561,-3.65138,0.72829,-0.06329,-0.68234,0.99454,0.0,0.0,nan,0.0,0.00708,0.0426,22.21737,2.00309,0.21743,0.59035,0.91534,0.65144,0.49923,0.91534
21.6359,18.97962,7.56165,0.62155,-0.05169,0.78167,0.9923,0.0,0.0,nan,0.0,0.00531,0.04167,22.35109,1.81709,0.24178,0.33036,0.39287,0.42021,0.55033,0.39287
20.65601,18.97487,8.45691,0.48691,-0.03316,0.87282,0.99525,0.0,0.0,nan,0.0,0.00272,0.02039,24.89074,3.54256,0.23951,0.35475,0.37385,0.40653,0.28228,0.37385
20.05694,21.36916,-6.03918,0.50408,-0.08376,-0.85958,0.97789,0.0,0.0,nan,0.0,0.00716,0.03779,26.16972,1.91364,0.23222,0.36329,0.47909,0.56135,0.52256,0.47909
21.0334,20.98301,-5.34216,0.60365,-0.07095,-0.79409,0.97657,0.0,0.0,nan,0.0,0.01302,0.04846,23.67793,1.96042,0.23715,0.54086,0.65298,0.53853,0.5101,0.65298
21.76034,20.66706,7.83879,0.612,-0.09252,0.78542,0.98763,0.0,0.0,nan,0.0,0.02997,0.08051,15.68958,1.81709,0.23208,0.45377,0.45321,0.92485,0.55033,0.45321
20.77201,21.04467,8.33699,0.46583,-0.05444,0.8832,0.99515,0.0,0.0,nan,0.0,0.00891,0.05209,22.49576,1.81709,0.23131,0.42788,0.39226,0.43528,0.55033,0.39226
20.09505,22.7074,-6.16248,0.56904,0.01883,-0.82209,0.98835,0.0,0.0,nan,0.0,0.0097,0.03176,28.71096,1.69405,0.23767,0.43535,0.67162,0.7503,0.5903,0.67162
21.12125,22.99278,-5.37787,0.61983,0.02837,-0.78422,0.9986,0.0,0.0,nan,0.0,0.00902,0.03311,28.28699,1.73895,0.23108,0.47473,0.76905,0.65452,0.57506,0.76905
21.95551,22.27488,7.96369,0.61261,-0.0313,0.78976,0.96449,0.0,0.0,nan,0.0,0.01481,0.06218,18.64521,1.93785,0.22657,0.49464,0.69234,0.53314,0.51604,0.69234
21.01538,23.00805,8.47195,0.45004,-0.01743,0.89284,0.985,0.0,0.0,nan,0.0,0.0113,0.04243,21.2148,2.08124,0.22438,0.54478,0.44138,0.53487,0.48048,0.44138
20.15487,25.88157,-6.05256,0.59051,-0.09016,-0.80198,0.99758,0.0,0.0,nan,0.0,0.01097,0.02885,33.84891,3.46899,0.23854,0.59881,0.77996,0.74387,0.28827,0.77996
21.01602,24.9682,-5.13514,0.61858,-0.02192,-0.78541,0.99819,0.0,0.0,nan,0.0,0.0146,0.03884,32.5413,1.93578,0.22721,0.5469,0.49024,0.72935,0.51659,0.49024
21.94063,25.35458,7.92313,0.65059,-0.01637,0.75925,0.98144,0.0,0.0,nan,0.0,0.0123,0.05364,26.53279,1.6519,0.23742,0.63765,0.6674,0.38683,0.60536,0.6674
21.02383,25.05813,8.65842,0.49248,-0.05796,0.86839,0.97921,0.0,0.0,nan,0.0,0.01182,0.04002,27.82417,1.66717,0.22289,0.56408,0.70131,0.56128,0.59982,0.70131
20.03111,27.24942,-6.10442,0.63176,-0.16181,-0.75808,0.9987,0.0,0.0,nan,0.0,0.00839,0.02352,30.4042,2.19874,0.23569,0.62963,0.77273,0.6512,0.45481,0.77273
21.15912,27.11564,-5.4015,0.67819,-0.108,-0.72691,0.98743,0.0,0.0,nan,0.0,0.01035,0.02556,30.11809,2.75439,0.22982,0.56203,0.75407,0.77851,0.36306,0.75407
21.83521,26.98402,7.87693,0.66415,-0.00871,0.74755,0.99636,0.0,0.0,nan,0.0,0.01116,0.06375,21.67446,1.81709,0.2341,0.61975,0.77865,0.33974,0.55033,0.77865
20.84847,26.97524,8.64108,0.5535,-0.02529,0.83246,0.99728,0.0,0.0,nan,0.0,0.00757,0.05437,23.13833,2.06906,0.2219,0.65339,0.91306,0.48436,0.48331,0.91306
20.63827,29.04515,-6.70169,0.62493,-0.21783,-0.74967,0.98368,0.0,0.0,nan,0.0,0.0049,0.03221,29.40377,1.70755,0.23111,0.61913,0.86304,0.41147,0.58563,0.86304
21.23826,28.79573,-5.30961,0.7224,-0.21332,-0.65774,0.992,0.0,0.0,nan,0.0,0.0065,0.03075,28.23576,2.04628,0.22751,0.49555,0.70097,0.45668,0.48869,0.70097
21.80971,29.30854,7.73747,0.69002,0.15688,0.70658,0.99606,0.0,0.0,nan,0.0,0.0068,0.02735,26.39062,1.72115,0.23407,0.49835,0.67146,0.537,0.58101,0.67146
20.83418,29.03113,8.64374,0.57661,0.12439,0.8075,0.9851,0.0,0.0,nan,0.0,0.01253,0.04365,31.70779,2.09371,0.22674,0.49756,0.56269,0.61357,0.47762,0.56269
20.83676,30.98269,-6.6673,0.61142,-0.08823,-0.78638,0.98794,0.0,0.0,nan,0.0,0.0087,0.03137,20.50623,3.36871,0.24099,0.56118,0.50126,0.5423,0.29685,0.50126
21.76513,30.92655,-5.74953,0.72692,-0.11324,-0.67732,0.98703,0.0,0.0,nan,0.0,0.00662,0.03407,18.49031,2.71001,0.23072,0.3946,0.62605,0.54545,0.369,0.62605
21.86106,30.87384,5.89999,0.74435,-0.01575,0.6676,0.90257,0.0,0.0,nan,0.0,0.00492,0.01712,27.29619,1.84464,0.23164,0.361,0.37134,0.85366,0.54211,0.37134
21.29189,31.05402,7.67427,0.67872,0.0135,0.73428,0.99728,0.0,0.0,nan,0.0,0.00585,0.016,29.23247,1.90529,0.23067,0.48037,0.76704,0.86033,0.52486,0.76704
20.58247,30.68871,8.4873,0.61408,0.04454,0.78798,0.98946,0.0,0.0,nan,0.0,0.00735,0.02765,31.78418,2.01273,0.22821,0.39302,0.36708,0.71852,0.49684,0.36708
20.99763,33.03643,-6.8295,0.65086,-0.03237,-0.75851,0.98357,0.0,0.0,nan,0.0,0.00859,0.04607,22.5435,1.81709,0.24436,0.46531,0.62286,0.43626,0.55033,0.62286
21.66581,33.06305,-5.52833,0.77985,0.02148,-0.62559,0.99616,0.0,0.0,nan,0.0,0.01206,0.05233,21.43195,1.73601,0.23642,0.47701,0.78054,0.58536,0.57604,0.78054
21.55338,33.08684,7.8772,0.62857,-0.06399,0.77511,0.99058,0.0,0.0,nan,0.0,0.00395,0.02446,24.92988,3.20847,0.2373,0.59439,0.86746,0.47004,0.31168,0.86746
20.70717,32.94995,8.56507,0.56561,-0.02711,0.82422,0.99342,0.0,0.0,nan,0.0,0.00457,0.02269,25.2467,2.18347,0.22931,0.47176,0.71002,0.46116,0.45799,0.71002
20.80514,34.95232,-6.77505,0.68672,0.02388,-0.72653,0.99596,0.0,0.0,nan,0.0,0.00528,0.04439,19.56029,2.77098,0.23875,0.33181,0.32275,0.39524,0.36088,0.32275
21.50215,34.94947,-5.54332,0.7651,0.00535,-0.64389,0.9988,0.0,0.0,nan,0.0,0.00523,0.0374,20.41411,2.74963,0.23703,0.32433,0.60459,0.47356,0.36369,0.60459
21.58053,34.94759,7.53441,0.67566,-0.02441,0.73681,0.99667,0.0,0.0,nan,0.0,0.00865,0.02869,24.9845,1.67612,0.23445,0.41209,0.52658,0.78987,0.59662,0.52658
20.79829,35.06701,8.52652,0.57275,-0.07435,0.81635,0.99169,0.0,0.0,nan,0.0,0.00749,0.03738,20.72638,1.70924,0.24347,0.33774,0.38748,0.65081,0.58505,0.38748
20.6732,36.98954,-6.61437,0.65214,0.00322,-0.75809,0.9989,0.0,0.0,nan,0.0,0.00861,0.05005,22.52608,2.2008,0.22553,0.59716,0.86271,0.49035,0.45438,0.86271
21.73762,37.01489,-5.85251,0.71147,-0.02552,-0.70225,0.99809,0.0,0.0,nan,0.0,0.00898,0.04448,17.80781,2.22084,0.22008,0.32501,0.66504,0.69075,0.45028,0.66504
21.87026,36.3866,7.92965,0.69966,-0.10993,0.70596,0.99251,0.0,0.0,nan,0.0,0.00715,0.02209,23.74695,1.6519,0.23045,0.43603,0.47907,0.80455,0.60536,0.47907
21.06114,37.01118,8.75334,0.59268,-0.12197,0.79615,0.98022,0.0,0.0,nan,0.0,0.00969,0.04412,24.13131,1.89582,0.23925,0.41955,0.69373,0.56697,0.52748,0.69373
20.83027,38.96351,-6.71881,0.64889,-0.04074,-0.75979,0.99707,0.0,0.0,nan,0.0,0.01237,0.05924,23.60137,1.6519,0.23584,0.58179,0.70148,0.38935,0.60536,0.70148
21.76286,38.89635,-5.78958,0.73468,0.00098,-0.67841,0.99748,0.0,0.0,nan,0.0,0.00769,0.04252,14.70169,2.34785,0.21385,0.36593,0.67607,0.5616,0.42592,0.67607
21.84429,39.22439,7.8856,0.72768,0.01407,0.68578,0.99738,0.0,0.0,nan,0.0,0.01205,0.06229,19.54329,1.90561,0.21681,0.60594,0.85338,0.5261,0.52477,0.85338
20.93434,38.98404,8.8228,0.60298,-0.02152,0.79747,0.99626,0.0,0.0,nan,0.0,0.01118,0.04357,16.80121,2.16335,0.22187,0.3742,0.69576,0.76757,0.46225,0.69576
20.85581,41.028,-6.90918,0.68841,-0.00616,-0.7253,0.99393,0.0,0.0,nan,0.0,0.00671,0.07651,15.47959,1.6519,0.23891,0.60355,0.90005,0.3158,0.60536,0.90005
21.69502,41.03075,-5.60406,0.79185,0.04607,-0.60897,0.9989,0.0,0.0,nan,0.0,0.00696,0.02836,9.11687,1.6519,0.23743,0.3427,0.34565,0.87327,0.60536,0.34565
21.90596,40.82384,7.89413,0.74529,0.02225,0.66636,0.99799,0.0,0.0,nan,0.0,0.01061,0.02928,16.58345,2.02819,0.22785,0.46112,0.58375,0.88025,0.49305,0.58375
20.95216,40.90017,8.66899,0.65722,0.00859,0.75365,0.9989,0.0,0.0,nan,0.0,0.00808,0.03154,14.79894,1.71062,0.22648,0.37838,0.79085,0.88389,0.58458,0.79085
20.84394,43.00709,-6.89992,0.72432,-0.00016,-0.68947,0.99677,0.0,0.0,nan,0.0,0.01419,0.04283,6.90203,1.70735,0.23107,0.46866,0.4827,0.91158,0.5857,0.4827
21.67513,42.98166,-5.52237,0.81451,0.01562,-0.57994,0.9989,0.0,0.0,nan,0.0,0.00784,0.03869,6.51917,2.18124,0.23062,0.3622,0.39842,0.73111,0.45846,0.39842
21.94732,42.79095,7.8482,0.75089,-0.01914,0.66015,0.99748,0.0,0.0,nan,0.0,0.0108,0.03194,15.70889,1.90339,0.22349,0.41361,0.50292,0.92159,0.52538,0.50292
20.99587,43.01061,8.86308,0.67262,-0.02321,0.73962,0.9987,0.0,0.0,nan,0.0,0.01104,0.03533,14.95831,1.6519,0.23343,0.44722,0.42669,0.79235,0.60536,0.42669
20.79102,45.04446,-6.90141,0.73157,0.03648,-0.68079,0.99616,0.0,0.0,nan,0.0,0.00873,0.04455,9.66732,1.88685,0.21628,0.36464,0.37226,0.64856,0.52998,0.37226
21.68944,45.03389,-5.54012,0.81939,0.03306,-0.57228,0.9989,0.0,0.0,nan,0.0,0.00709,0.04775,7.37926,2.10791,0.22078,0.33554,0.44109,0.56239,0.4744,0.44109
21.60287,45.67431,7.92871,0.71521,0.12684,0.6873,0.99829,0.0,0.0,nan,0.0,0.00872,0.02461,18.12864,1.83742,0.23777,0.41966,0.35147,0.9371,0.54424,0.35147
20.97324,45.01598,9.01647,0.70028,0.1211,0.70352,0.99281,0.0,0.0,nan,0.0,0.00856,0.03441,17.42691,1.88309,0.23441,0.40697,0.69462,0.68106,0.53104,0.69462
20.71424,46.9398,-6.75204,0.7321,0.0828,-0.67615,0.9989,0.0,0.0,nan,0.0,0.00825,0.0328,9.08036,2.07748,0.20993,0.37255,0.4639,0.82428,0.48135,0.4639
21.55148,47.02591,-5.39378,0.80363,0.05858,-0.59224,0.99789,0.0,0.0,nan,0.0,0.00413,0.03371,8.2577,2.10674,0.20947,0.32464,0.37951,0.4693,0.47467,0.37951
21.33764,46.95522,7.52498,0.70085,-0.0026,0.7133,0.97484,0.0,0.0,nan,0.0,0.01003,0.02619,19.70286,2.05345,0.22305,0.42202,0.28385,1.0,0.48699,0.28385
20.21154,46.9851,8.62205,0.70962,0.00147,0.70458,0.9719,0.0,0.0,nan,0.0,0.01152,0.03389,19.92122,1.81511,0.23511,0.47191,0.44248,0.79292,0.55093,0.44248
20.54583,49.02351,-6.49274,0.72074,0.03168,-0.69248,0.9989,0.0,0.0,nan,0.0,0.00675,0.04188,8.70895,2.03775,0.21828,0.33619,0.43788,0.58974,0.49074,0.43788
21.54504,48.93159,-5.43026,0.78524,0.02078,-0.61884,0.9988,0.0,0.0,nan,0.0,0.00407,0.03749,6.86723,2.11115,0.22199,0.35546,0.58698,0.39476,0.47368,0.58698
21.79861,48.26621,7.76114,0.68758,-0.13114,0.71417,0.99738,0.0,0.0,nan,0.0,0.00872,0.02821,19.24335,2.37952,0.23159,0.54474,0.40352,0.62607,0.42025,0.40352
20.94471,48.96727,8.95256,0.68412,-0.09196,0.72355,0.99515,0.0,0.0,nan,0.0,0.00849,0.0263,17.00758,3.40954,0.23932,0.61002,0.40388,0.59144,0.2933,0.40388
20.06592,49.47064,10.01465,0.59079,0.00487,0.80681,0.95048,0.0,0.0,nan,0.0,0.00935,0.03468,22.71895,1.69509,0.23369,0.36939,0.40577,0.79421,0.58994,0.40577
20.55254,51.0179,-6.51567,0.71739,-0.00472,-0.69666,0.99809,0.0,0.0,nan,0.0,0.01183,0.04623,5.9992,2.01862,0.2189,0.39911,0.61278,0.85499,0.49539,0.61278
21.67687,51.02042,-5.55219,0.77832,-0.00365,-0.62786,0.99758,0.0,0.0,nan,0.0,0.00701,0.03958,4.73934,2.23211,0.20979,0.25187,0.62339,1.0,0.44801,0.62339
21.31412,51.62471,7.94219,0.64783,-0.00703,0.76175,0.99007,0.0,0.0,nan,0.0,0.00805,0.02175,13.94833,3.32221,0.23381,0.56919,0.50205,0.7434,0.301,0.50205
20.80043,50.849,8.42843,0.61137,0.00215,0.79135,0.99362,0.0,0.0,nan,0.0,0.00674,0.01919,17.25956,1.66443,0.23542,0.48555,0.38333,0.80769,0.60081,0.38333
20.02353,50.09496,10.01587,0.57555,0.06504,0.81517,0.96134,0.0,0.0,nan,0.0,0.01175,0.04033,21.38062,1.81709,0.23177,0.58311,0.53471,0.54643,0.55033,0.53471
20.57827,52.98351,-6.5448,0.72416,0.00096,-0.68963,0.9988,0.0,0.0,nan,0.0,0.00906,0.04481,4.43031,1.93836,0.20991,0.30403,0.50938,0.96488,0.5159,0.50938
21.52137,52.94144,-5.43796,0.77949,0.01127,-0.62632,0.9985,0.0,0.0,nan,0.0,0.01028,0.04688,4.9514,2.07093,0.21667,0.31186,0.52077,0.98711,0.48288,0.52077
21.76591,52.22016,7.95455,0.67825,-0.03987,0.73375,0.99606,0.0,0.0,nan,0.0,0.00743,0.02299,13.61996,2.72994,0.23518,0.58187,0.40892,0.63681,0.36631,0.40892
21.03731,52.96574,9.03628,0.5975,-0.07689,0.79818,0.99332,0.0,0.0,nan,0.0,0.00642,0.02516,17.48292,1.76873,0.23747,0.51626,0.43058,0.5509,0.56538,0.43058
20.00083,53.79682,10.02135,0.5095,-0.03968,0.85955,0.96297,0.0,0.0,nan,0.0,0.00554,0.02994,23.40278,2.45472,0.23746,0.4844,0.83717,0.57531,0.40738,0.83717
20.53432,55.02025,-6.59485,0.73131,-0.00144,-0.68204,0.9987,0.0,0.0,nan,0.0,0.01822,0.09833,4.55662,2.06675,0.20012,0.28617,0.69852,0.93159,0.48385,0.69852
21.55108,55.05265,-5.41588,0.78782,0.00774,-0.61585,0.9987,0.0,0.0,nan,0.0,0.01875,0.0925,4.43498,2.0304,0.20905,0.29632,0.7394,0.99248,0.49251,0.7394
21.00558,55.04794,8.99383,0.62293,0.08991,0.77709,0.99484,0.0,0.0,nan,0.0,0.0093,0.02848,18.06292,2.4107,0.23957,0.52579,0.3722,0.69015,0.41482,0.3722
20.0071,54.14946,10.04779,0.51038,0.0092,0.8599,0.96551,0.0,0.0,nan,0.0,0.00696,0.02959,23.20319,2.42804,0.23056,0.50688,0.81551,0.63765,0.41186,0.81551
20.56487,56.98917,-6.61954,0.73399,0.00229,-0.67915,0.9987,0.00104,0.00521,0.7,1.0,0.01843,0.10181,4.86054,1.91102,0.21399,0.28439,0.67204,0.89852,0.52328,0.67204
21.56573,57.00615,-5.41731,0.79875,0.01034,-0.60158,0.9988,0.0,0.0,nan,0.0,0.0126,0.09328,4.95038,1.92559,0.20879,0.28386,0.82975,0.89671,0.51932,0.82975
21.6866,57.41516,7.99424,0.70938,0.02297,0.70445,0.99372,0.0,0.0,nan,0.0,0.00604,0.0174,17.14293,1.70905,0.23983,0.42168,0.27023,0.91991,0.58512,0.27023
20.64583,57.03765,8.50996,0.61587,0.0501,0.78625,0.99626,0.0,0.0,nan,0.0,0.00861,0.02279,20.32283,1.91142,0.23422,0.4833,0.68967,0.85835,0.52317,0.68967
20.52988,58.96077,-6.63545,0.72929,0.02528,-0.68374,0.9986,0.00207,0.01037,0.7,1.0,0.0139,0.08208,4.42662,2.03878,0.21853,0.27241,0.58314,0.90278,0.49049,0.58314
21.5746,58.98905,-5.31393,0.8093,0.02628,-0.5868,0.99829,0.0,0.0,nan,0.0,0.01413,0.08439,4.52736,2.09782,0.21467,0.24689,0.42839,0.97756,0.47669,0.42839
21.48906,58.68816,7.65791,0.73132,0.0264,0.68153,0.99789,0.0,0.0,nan,0.0,0.00507,0.01778,17.63013,2.00352,0.23658,0.41485,0.42449,0.76498,0.49912,0.42449
20.88853,58.98044,8.9518,0.58574,0.04428,0.80929,0.97931,0.0,0.0,nan,0.0,0.00812,0.0227,20.49717,2.86323,0.225,0.55346,0.49241,0.70908,0.34926,0.49241
20.46977,60.96364,-6.53923,0.72336,0.05992,-0.68787,0.99829,0.0,0.0,nan,0.0,0.01428,0.06796,4.14044,1.95257,0.21855,0.35349,0.60108,0.8816,0.51215,0.60108
21.50992,61.06463,-5.27701,0.80523,0.04678,-0.59111,0.9986,0.0,0.0,nan,0.0,0.01234,0.07811,4.87864,1.92827,0.21379,0.33433,0.74656,0.66619,0.5186,0.74656
21.36336,61.53135,7.99139,0.68958,0.02912,0.72362,0.9852,0.0,0.0,nan,0.0,0.01114,0.03162,17.26865,1.73265,0.2419,0.66404,0.66459,0.59188,0.57715,0.66459
20.64523,60.84874,8.12939,0.58367,0.03617,0.81118,0.9923,0.0,0.0,nan,0.0,0.00515,0.01903,20.49689,3.43057,0.23829,0.54747,0.44834,0.54226,0.2915,0.44834
20.38389,62.95102,-6.39562,0.69479,0.09347,-0.71312,0.9987,0.0,0.0,nan,0.0,0.01222,0.0752,5.29659,1.9687,0.2206,0.38197,0.49679,0.58626,0.50795,0.49679
21.41414,63.05197,-5.22797,0.78796,0.05371,-0.61338,0.99829,0.0,0.0,nan,0.0,0.01708,0.09341,5.56579,2.04369,0.21642,0.31591,0.62825,0.78696,0.48931,0.62825
21.78023,63.03105,7.70012,0.78394,0.04373,0.6193,0.97464,0.0,0.0,nan,0.0,0.00319,0.02719,17.72055,1.9858,0.22717,0.52837,0.85876,0.37913,0.50357,0.85876
20.87196,62.9658,8.78404,0.56233,0.02115,0.82664,0.96074,0.0,0.0,nan,0.0,0.00725,0.0243,17.669,2.51428,0.23543,0.54501,0.54353,0.60896,0.39773,0.54353
20.28946,64.9562,-6.24782,0.64097,0.07874,-0.76352,0.99819,0.0,0.0,nan,0.0,0.00674,0.03408,6.4196,2.72205,0.22335,0.35663,0.44681,0.72685,0.36737,0.44681
21.35682,65.0095,-5.16278,0.76509,0.02951,-0.64325,0.99738,0.0,0.0,nan,0.0,0.00687,0.0349,7.26105,1.98067,0.21481,0.26534,0.63424,0.9463,0.50488,0.63424
21.62021,65.11629,7.29516,0.7945,0.02941,0.60655,0.98357,0.0,0.0,nan,0.0,0.00335,0.0164,16.67977,3.39343,0.2326,0.41682,0.4839,0.54826,0.29469,0.4839
20.81734,64.95005,8.51076,0.59894,0.03702,0.79994,0.98692,0.0,0.0,nan,0.0,0.00647,0.01918,18.84053,1.87494,0.23978,0.5125,0.4262,0.72777,0.53335,0.4262
20.35067,66.9272,-6.20638,0.59082,0.07351,-0.80345,0.99241,0.0,0.0,nan,0.0,0.00998,0.03952,7.0994,2.57847,0.22456,0.33998,0.39567,0.95246,0.38783,0.39567
21.31552,67.0475,-5.18927,0.72587,0.03747,-0.68681,0.99636,0.0,0.0,nan,0.0,0.00891,0.0398,7.47528,1.90149,0.22007,0.29045,0.39233,0.97686,0.5259,0.39233
21.83895,66.68966,7.63643,0.77681,-0.08566,0.62388,0.97484,0.0,0.0,nan,0.0,0.00465,0.01547,15.6849,2.4104,0.23515,0.50951,0.5486,0.66573,0.41487,0.5486
20.85309,66.98203,8.65306,0.61093,-0.0919,0.78633,0.98104,0.0,0.0,nan,0.0,0.00501,0.01488,18.03497,2.44206,0.23138,0.52663,0.62369,0.71081,0.40949,0.62369
20.09211,68.68134,-6.06995,0.53323,0.09299,-0.84084,0.99606,0.0,0.0,nan,0.0,0.01017,0.0423,7.21398,1.75462,0.221,0.31872,0.49297,0.96348,0.56992,0.49297
21.13731,69.0174,-5.15696,0.67911,0.05391,-0.73205,0.99494,0.0,0.0,nan,0.0,0.01268,0.04994,7.42088,1.88787,0.23146,0.36794,0.41112,0.87629,0.5297,0.41112
21.83209,69.17368,7.89222,0.74336,0.01794,0.66865,0.96561,0.0,0.0,nan,0.0,0.00995,0.04011,14.53394,1.70213,0.24093,0.57043,0.61352,0.49446,0.5875,0.61352
20.8353,68.94478,8.63446,0.56191,0.02139,0.82692,0.97921,0.0,0.0,nan,0.0,0.00531,0.01638,15.59226,2.04326,0.23397,0.51264,0.58559,0.71364,0.48941,0.58559
20.01042,70.04716,-6.00605,0.48978,0.0961,-0.86653,0.99596,0.0,0.0,nan,0.0,0.01042,0.05139,6.36135,2.06502,0.21656,0.29386,0.52165,0.90688,0.48426,0.52165
20.98104,71.0121,-5.20962,0.60221,0.05849,-0.79619,0.992,0.0,0.0,nan,0.0,0.00909,0.03499,6.13832,2.05083,0.22255,0.35222,0.4043,0.97817,0.48761,0.4043
21.74557,70.89407,7.82913,0.72748,0.00855,0.68607,0.97647,0.0,0.0,nan,0.0,0.00529,0.0281,13.16145,2.18385,0.24062,0.4532,0.56376,0.47859,0.45791,0.56376
20.82677,71.03349,8.66315,0.56045,0.00314,0.82818,0.98388,0.0,0.0,nan,0.0,0.00512,0.02109,15.63473,1.93997,0.23745,0.54802,0.80951,0.6167,0.51547,0.80951
20.98954,72.98491,-5.02407,0.55192,0.13944,-0.82215,0.99139,0.0,0.0,nan,0.0,0.0078,0.02676,4.50626,1.87728,0.23439,0.48377,0.49963,0.86946,0.53269,0.49963
21.64483,73.25401,7.74075,0.71453,0.07017,0.69608,0.99119,0.0,0.0,nan,0.0,0.00297,0.01829,15.29578,2.07581,0.22977,0.43016,0.5606,0.42723,0.48174,0.5606
20.83228,72.95479,8.68168,0.58258,0.07191,0.80958,0.97474,0.0,0.0,nan,0.0,0.00566,0.02415,16.40588,1.94003,0.23444,0.49858,0.60967,0.52717,0.51546,0.60967
20.88378,74.91765,-4.6408,0.5223,0.22542,-0.82243,0.99575,0.0,0.0,nan,0.0,0.01388,0.04836,4.87294,1.81709,0.23756,0.48954,0.73304,0.82659,0.55033,0.73304
21.79573,75.52206,-3.8393,0.65089,0.22283,-0.72573,0.98398,0.0,0.0,nan,0.0,0.0079,0.03731,5.24685,1.6519,0.2358,0.36265,0.27793,0.80654,0.60536,0.27793
21.11373,74.73057,7.77313,0.62836,0.03806,0.77699,0.99738,0.0053,0.02649,0.51,1.0,0.0059,0.01804,15.43701,2.36832,0.23512,0.50553,0.30382,0.73059,0.42224,0.30382
20.54626,75.43308,8.34134,0.48281,0.10437,0.86949,0.98642,0.0,0.0,nan,0.0,0.00434,0.01452,16.5961,1.92317,0.23364,0.37769,0.26649,0.88632,0.51997,0.26649
20.44972,76.83333,-4.25088,0.48189,0.26089,-0.83649,0.99251,0.0,0.0,nan,0.0,0.01443,0.0628,4.86192,1.87213,0.22225,0.37183,0.53038,0.87194,0.53415,0.53038
21.43956,77.10368,-3.61863,0.61715,0.23927,-0.74958,0.98804,0.0,0.0,nan,0.0,0.01059,0.05302,5.9932,2.02678,0.22331,0.31939,0.42489,0.83414,0.49339,0.42489
21.35677,77.30414,7.70362,0.53767,0.09031,0.8383,0.97698,0.0,0.0,nan,0.0,0.00339,0.01593,16.50063,2.57516,0.23693,0.48554,0.47359,0.49156,0.38833,0.47359
20.72903,76.66891,8.49937,0.42329,0.10631,0.89974,0.945,0.0,0.0,nan,0.0,0.00452,0.01491,18.58211,3.39113,0.23833,0.52733,0.5445,0.63695,0.29489,0.5445
20.13656,78.19374,-4.06805,0.43421,0.29513,-0.85109,0.99261,0.0,0.0,nan,0.0,0.0197,0.07841,5.70401,1.75062,0.23909,0.5469,0.50925,0.62054,0.57123,0.50925
21.20984,79.01522,-3.22977,0.5642,0.29578,-0.77084,0.97413,0.0,0.0,nan,0.0,0.01622,0.05684,7.79134,1.75639,0.23526,0.58769,0.77035,0.65249,0.56935,0.77035
21.1762,78.88497,7.85139,0.42008,0.12722,0.89852,0.96043,0.0,0.0,nan,0.0,0.00746,0.02414,17.35152,3.32707,0.23853,0.57726,0.59859,0.59734,0.30057,0.59859
20.37226,79.21156,8.08634,0.27544,0.16219,0.94754,0.96409,0.0,0.0,nan,0.0,0.00683,0.02035,18.55453,1.85474,0.23457,0.53419,0.34665,0.69539,0.53916,0.34665
20.99903,80.75612,-2.67977,0.41432,0.55813,-0.71891,0.91374,0.0,0.0,nan,0.0,0.00645,0.02504,7.83,2.52825,0.23272,0.48642,0.4024,0.66457,0.39553,0.4024
21.12002,81.7151,-1.2875,0.31524,0.80018,-0.51024,0.92338,0.0,0.0,nan,0.0,0.00588,0.02961,10.29974,2.40675,0.23689,0.54404,0.71532,0.4358,0.4155,0.71532
21.00857,81.23438,7.33279,0.31743,0.53569,0.78248,0.84593,0.0,0.0,nan,0.0,0.01011,0.05775,16.25465,2.96158,0.23783,0.54747,0.72028,0.35904,0.33766,0.72028
20.08961,80.22475,8.04277,0.2249,0.27266,0.93546,0.91983,0.0,0.0,nan,0.0,0.00715,0.03138,20.47157,1.8005,0.23964,0.45369,0.4252,0.55119,0.5554,0.4252
20.72104,82.09585,-0.29061,0.17828,0.92469,-0.3364,0.97566,0.0,0.0,nan,0.0,0.00856,0.04827,11.90146,3.54802,0.24928,0.67835,0.57355,0.30517,0.28185,0.57355
21.01708,82.37502,1.00782,0.16166,0.97132,-0.17435,0.9783,0.0,0.0,nan,0.0,0.01117,0.0793,11.30142,3.2052,0.23635,0.65123,0.56699,0.25465,0.31199,0.56699
20.99774,82.5508,3.02627,0.13673,0.99049,0.01549,0.97139,0.0,0.0,nan,0.0,0.00714,0.15064,12.88414,1.91595,0.21126,0.69533,0.95208,0.22271,0.52193,0.95208
21.02887,82.32684,5.0277,0.19479,0.94545,0.26111,0.94409,0.0,0.0,nan,0.0,0.01082,0.05816,13.92727,2.3796,0.22867,0.72038,0.58389,0.2953,0.42024,0.58389
20.99072,82.03288,6.10595,0.2443,0.8433,0.47871,0.91212,0.0,0.0,nan,0.0,0.01104,0.04307,11.96621,1.75128,0.23713,0.65528,0.77336,0.49333,0.57101,0.77336
22.47265,1.38337,-0.48263,0.6112,-0.55023,-0.56893,0.87547,0.0,0.0,nan,0.0,0.01788,0.07685,9.93925,1.7221,0.24233,0.6475,0.67512,0.43151,0.58069,0.67512
22.97902,0.66329,0.96469,0.65821,-0.68481,-0.31273,0.82036,0.0,0.0,nan,0.0,0.00885,0.02745,8.29756,2.88161,0.23607,0.51306,0.63827,0.77995,0.34703,0.63827
23.24664,0.30803,2.91596,0.64577,-0.76332,-0.01802,0.76971,0.0,0.0,nan,0.0,0.02654,0.05593,11.18219,1.68914,0.24456,0.59803,0.73278,0.93562,0.59202,0.73278
23.08166,0.7254,5.26009,0.61785,-0.70025,0.35764,0.78544,0.0,0.0,nan,0.0,0.00697,0.01911,10.73979,2.93384,0.24675,0.43308,0.33422,0.99915,0.34085,0.33422
22.60734,1.47557,6.71754,0.55353,-0.59049,0.5873,0.83477,0.0,0.0,nan,0.0,0.00774,0.02569,13.04361,2.00567,0.2321,0.44277,0.31995,0.78487,0.49859,0.31995
22.04169,3.92448,-2.01734,0.54577,-0.13228,-0.82743,0.8976,0.0,0.0,nan,0.0,0.0088,0.04789,13.13757,1.6519,0.24049,0.61253,0.81464,0.43598,0.60536,0.81464
22.74987,3.02216,-1.00434,0.72513,-0.24877,-0.6421,0.93353,0.0,0.0,nan,0.0,0.00641,0.07216,8.27668,2.06042,0.23224,0.54644,0.89093,0.36753,0.48534,0.89093
23.53034,2.92704,0.91703,0.95433,-0.16904,-0.24633,0.98053,0.0,0.0,nan,0.0,0.01906,0.0792,7.17937,1.81709,0.2325,0.69305,0.69423,0.44389,0.55033,0.69423
23.61492,2.96235,3.05407,0.9977,-0.06504,-0.01884,0.99474,0.0,0.0,nan,0.0,0.01356,0.09909,8.46489,1.82467,0.23833,0.78063,0.8292,0.29036,0.54804,0.8292
23.6293,2.99615,5.07383,0.96714,-0.10728,0.23049,0.97078,0.0,0.0,nan,0.0,0.00209,0.04474,17.15863,1.88522,0.23902,0.6231,0.93034,0.19823,0.53044,0.93034
22.91745,2.96039,7.10803,0.78584,-0.24904,0.56608,0.89415,0.0,0.0,nan,0.0,0.00484,0.0354,15.34523,2.01725,0.23465,0.33879,0.33288,0.45611,0.49572,0.33288
22.25229,3.47157,8.28115,0.66659,-0.22544,0.71051,0.86938,0.0,0.0,nan,0.0,0.00347,0.04717,23.86847,1.96072,0.22933,0.58751,0.91744,0.2927,0.51002,0.91744
22.11767,4.94664,-2.08512,0.59505,0.08278,-0.79941,0.8911,0.0,0.0,nan,0.0,0.00873,0.03841,13.42968,3.04344,0.2362,0.59731,0.6233,0.43712,0.32858,0.6233
22.98251,5.07069,-1.16965,0.79418,0.14452,-0.59025,0.91191,0.0,0.0,nan,0.0,0.00586,0.02533,13.58404,3.06836,0.2363,0.56317,0.39064,0.47082,0.32591,0.39064
23.76547,5.11301,0.96897,0.97203,0.05972,-0.22715,0.97535,0.0,0.0,nan,0.0,0.00489,0.01898,15.1903,2.0289,0.22987,0.54994,0.33091,0.53002,0.49288,0.33091
23.66143,5.05817,2.94212,0.99976,0.01882,0.01145,0.99119,0.0,0.0,nan,0.0,0.00939,0.04488,12.17549,1.8079,0.23729,0.60271,0.79531,0.47253,0.55313,0.79531
23.54643,5.0403,5.08424,0.96402,0.0991,0.24669,0.98763,0.0,0.0,nan,0.0,0.01095,0.04656,10.079,1.74373,0.24018,0.56787,0.46165,0.49628,0.57348,0.46165
22.84729,5.05066,7.07011,0.86328,0.13908,0.48519,0.98439,0.0,0.0,nan,0.0,0.00703,0.03899,15.33777,1.72461,0.23838,0.57776,0.4657,0.35265,0.57984,0.4657
22.20768,4.5846,8.33926,0.73958,0.0408,0.67183,0.91212,0.00695,0.03477,0.51,1.0,0.00901,0.06304,28.34558,2.38471,0.2353,0.46973,0.63383,0.32584,0.41934,0.63383
22.39023,6.94759,-0.52579,0.77726,0.11262,-0.61902,0.98723,0.0,0.0,nan,0.0,0.00874,0.02451,26.36232,3.51154,0.24412,0.5694,0.55779,0.67342,0.28477,0.55779
23.12967,7.0309,1.00514,0.93968,0.05529,-0.33754,0.99038,0.0,0.0,nan,0.0,0.00617,0.01688,18.47655,3.63418,0.23599,0.45518,0.53068,0.89042,0.27517,0.53068
23.54634,6.93031,3.00342,0.99648,0.0745,0.03836,0.98642,0.0,0.0,nan,0.0,0.0029,0.02034,15.81099,2.35196,0.22481,0.30068,0.58141,0.53442,0.42518,0.58141
23.2638,7.02919,5.10808,0.93992,0.13005,0.31566,0.99322,0.0,0.0,nan,0.0,0.00716,0.02427,13.19742,3.0464,0.23164,0.40699,0.55674,0.8344,0.32826,0.55674
22.28996,7.14494,6.54135,0.84152,0.14674,0.51992,0.9918,0.0,0.0,nan,0.0,0.00393,0.02944,20.30256,1.65848,0.23634,0.45481,0.7392,0.32269,0.60296,0.7392
22.54018,9.11651,-0.70334,0.77708,-0.27726,-0.56505,0.98784,0.0,0.0,nan,0.0,0.01174,0.03244,21.57373,1.6519,0.24808,0.50868,0.51356,0.77747,0.60536,0.51356
23.70313,8.99117,0.89445,0.95095,-0.15278,-0.26897,0.94845,0.0,0.0,nan,0.0,0.01349,0.04147,22.22102,1.90494,0.23784,0.54391,0.39745,0.6521,0.52495,0.39745
23.47548,9.0188,3.08508,0.98363,0.02052,0.17902,0.98175,0.0,0.0,nan,0.0,0.01058,0.04043,22.22794,2.34702,0.22947,0.53524,0.39161,0.53299,0.42607,0.39161
22.87814,9.00643,4.99775,0.93903,0.11589,0.32371,0.99606,0.0,0.0,nan,0.0,0.0083,0.05922,20.59357,1.76964,0.22557,0.5868,0.84308,0.37313,0.56509,0.84308
22.4136,8.90102,6.84221,0.84551,0.06826,0.52957,0.9448,0.0,0.0,nan,0.0,0.00783,0.03251,24.05721,3.37134,0.24217,0.44111,0.64563,0.59138,0.29662,0.64563
22.48727,11.24891,-2.60908,0.67317,-0.22297,-0.70507,0.95637,0.0,0.0,nan,0.0,0.00627,0.02178,24.31565,2.21065,0.23011,0.61087,0.65139,0.50978,0.45235,0.65139
23.31178,10.83824,-1.07888,0.81361,-0.26073,-0.51966,0.96683,0.0,0.0,nan,0.0,0.00719,0.02764,22.01612,1.89311,0.23945,0.445,0.35341,0.63761,0.52823,0.35341
23.73881,10.37101,0.83008,0.9649,-0.1944,-0.17657,0.96733,0.0,0.0,nan,0.0,0.0131,0.04595,21.18193,2.0929,0.22492,0.52101,0.39615,0.59907,0.47781,0.39615
23.43403,10.84571,3.19074,0.93997,-0.09008,0.32915,0.99575,0.0,0.0,nan,0.0,0.00686,0.03127,29.41636,2.72918,0.23,0.63021,0.70079,0.37184,0.36641,0.70079
22.36837,11.13535,4.78657,0.92392,-0.03475,0.38099,0.96794,0.0,0.0,nan,0.0,0.0048,0.03831,30.63014,3.41789,0.23643,0.6701,0.92549,0.45462,0.29258,0.92549
22.10137,10.9588,6.79569,0.88386,0.01938,0.46735,0.96957,0.0,0.0,nan,0.0,0.01958,0.06997,30.7849,1.6519,0.23017,0.67941,0.62334,0.43864,0.60536,0.62334
22.55284,13.12481,-2.50491,0.67111,-0.12572,-0.73062,0.97119,0.0,0.0,nan,0.0,0.01335,0.03127,29.81071,1.93146,0.23705,0.58959,0.53495,0.7726,0.51774,0.53495
23.43126,12.83996,-1.27908,0.85406,-0.09029,-0.51228,0.97281,0.0,0.0,nan,0.0,0.00637,0.03758,26.86386,2.52746,0.22693,0.58443,0.84235,0.44198,0.39565,0.84235
23.99729,13.96513,0.25845,0.98325,-0.00037,-0.18224,0.98916,0.0,0.0,nan,0.0,0.00273,0.06421,19.52905,2.43588,0.23324,0.60201,0.95384,0.22385,0.41053,0.95384
23.86819,13.05963,3.19461,0.94659,-0.08111,0.31208,0.98185,0.0,0.0,nan,0.0,0.00387,0.05096,28.29042,2.72038,0.23624,0.71887,0.92958,0.26571,0.3676,0.92958
22.87682,13.05773,4.83109,0.88362,-0.17226,0.43537,0.99555,0.0,0.0,nan,0.0,0.00368,0.02479,27.99087,3.04653,0.2445,0.37089,0.78549,0.48374,0.32824,0.78549
22.15611,13.02871,6.67033,0.81999,-0.05216,0.56999,0.98185,0.0,0.0,nan,0.0,0.00881,0.03559,35.76023,3.4081,0.24052,0.51601,0.4145,0.50674,0.29342,0.4145
22.4602,15.04772,-2.80924,0.69625,-0.22612,-0.68125,0.97759,0.0,0.0,nan,0.0,0.0111,0.0387,27.63429,2.03014,0.22245,0.51776,0.80906,0.73278,0.49258,0.80906
23.6259,15.02843,-1.08798,0.93014,-0.08416,-0.35744,0.98398,0.0,0.0,nan,0.0,0.01121,0.07258,25.59605,2.02524,0.22486,0.42556,0.75643,0.39965,0.49377,0.75643
23.89498,15.1608,0.93754,0.99848,-0.00483,-0.05493,0.99707,0.0,0.0,nan,0.0,0.00549,0.03333,8.16769,1.91753,0.23178,0.30694,0.55516,0.66821,0.5215,0.55516
23.82294,14.9939,3.05739,0.98781,-0.03203,0.15236,0.99575,0.0,0.0,nan,0.0,0.00426,0.06712,10.3753,2.11481,0.22353,0.66979,0.97149,0.3878,0.47286,0.97149
23.4112,14.96339,4.98798,0.91456,-0.13325,0.38187,0.98835,0.0,0.0,nan,0.0,0.00513,0.04906,21.25435,3.4141,0.24213,0.38767,0.82014,0.38043,0.2929,0.82014
22.77296,14.99508,6.87834,0.76348,-0.12623,0.63338,0.9448,0.0,0.0,nan,0.0,0.00383,0.02616,31.11399,2.10371,0.23244,0.44612,0.54384,0.34943,0.47535,0.54384
22.05186,17.3364,-4.05648,0.71304,-0.09306,-0.69492,0.98449,0.0,0.0,nan,0.0,0.01163,0.03524,26.33975,1.75188,0.23731,0.40914,0.36315,0.86825,0.57081,0.36315
22.84043,17.04159,-2.99235,0.7941,-0.05506,-0.60529,0.99251,0.0,0.0,nan,0.0,0.00932,0.04113,26.25194,1.81203,0.23148,0.36283,0.39004,0.67184,0.55187,0.39004
23.8121,16.70514,-1.25896,0.93956,-0.09882,-0.32781,0.98672,0.0,0.0,nan,0.0,0.00538,0.06396,20.32936,2.20911,0.22522,0.29389,0.49564,0.31454,0.45267,0.49564
23.89194,16.32444,1.06125,0.99758,-0.06301,-0.02932,0.99728,0.0,0.0,nan,0.0,0.00684,0.0349,9.237,1.81709,0.23163,0.30686,0.61584,0.77732,0.55033,0.61584
23.92045,16.79151,3.25987,0.98904,-0.05753,0.13597,0.99829,0.0,0.0,nan,0.0,0.00911,0.03702,10.12754,1.82439,0.22611,0.30221,0.40039,0.97484,0.54813,0.40039
23.58817,17.017,5.11581,0.93055,-0.02441,0.36536,0.98977,0.0,0.0,nan,0.0,0.009,0.03394,10.73659,1.92037,0.21983,0.36515,0.57013,0.8612,0.52073,0.57013
22.66846,16.9695,6.70113,0.77512,-0.00239,0.6318,0.98672,0.0,0.0,nan,0.0,0.0132,0.04558,17.77998,2.03987,0.22685,0.52802,0.69468,0.61011,0.49023,0.69468
22.01013,19.4993,-4.16046,0.73902,-0.07283,-0.66974,0.99606,0.0,0.0,nan,0.0,0.0059,0.03271,19.07537,2.00098,0.23365,0.47003,0.85164,0.62882,0.49975,0.85164
22.83751,19.03144,-2.90951,0.80294,-0.04719,-0.59419,0.99728,0.0,0.0,nan,0.0,0.0032,0.02059,17.64886,1.81142,0.2249,0.31046,0.3451,0.55665,0.55205,0.3451
23.89778,19.15145,-1.57152,0.91685,-0.03438,-0.39776,0.97769,0.0,0.0,nan,0.0,0.00612,0.0296,15.31154,1.96394,0.22626,0.6044,0.48423,0.38701,0.50918,0.48423
23.99433,18.59678,3.46427,0.98277,-0.06461,0.17317,0.99799,0.0,0.0,nan,0.0,0.00564,0.02624,11.1652,1.81709,0.22998,0.25336,0.37235,1.0,0.55033,0.37235
23.68039,18.9136,5.16746,0.91559,-0.05306,0.39861,0.98652,0.0,0.0,nan,0.0,0.00625,0.03125,12.20997,1.91249,0.22579,0.38468,0.40938,0.60521,0.52288,0.40938
22.66137,19.06134,6.74176,0.77094,-0.05332,0.63468,0.99474,0.0,0.0,nan,0.0,0.00957,0.03755,13.40159,1.90288,0.22272,0.34841,0.47442,0.84099,0.52552,0.47442
22.27785,20.97017,-4.29954,0.74999,-0.08842,-0.65552,0.99332,0.0,0.0,nan,0.0,0.00935,0.04684,16.64157,1.76293,0.2367,0.55189,0.57141,0.40506,0.56724,0.57141
23.11204,20.96677,-2.98215,0.82112,-0.08357,-0.5646,0.99383,0.0,0.0,nan,0.0,0.00423,0.02479,13.11455,1.89783,0.2364,0.40778,0.4905,0.48175,0.52692,0.4905
23.82462,20.90378,-1.52215,0.93247,-0.04509,-0.35841,0.98987,0.0,0.0,nan,0.0,0.00647,0.04785,12.42803,1.73517,0.22483,0.5465,0.6695,0.28713,0.57631,0.6695
23.62986,21.00019,5.13886,0.92173,-0.03733,0.38602,0.99657,0.0,0.0,nan,0.0,0.01473,0.05947,10.90119,1.87688,0.22194,0.46668,0.70094,0.62823,0.5328,0.70094
22.71619,21.0293,6.9598,0.77061,-0.075,0.63288,0.98977,0.0,0.0,nan,0.0,0.01329,0.05022,12.50303,1.71121,0.23478,0.38913,0.39251,0.789,0.58438,0.39251
22.25025,22.8766,-4.33232,0.70193,0.012,-0.71215,0.98997,0.0,0.0,nan,0.0,0.01392,0.05667,26.24097,1.94795,0.22729,0.58098,0.61935,0.45499,0.51336,0.61935
23.1023,23.0149,-3.06486,0.83031,0.01158,-0.55718,0.99515,0.0,0.0,nan,0.0,0.01828,0.07383,20.50032,2.19137,0.22317,0.59504,0.60584,0.45664,0.45633,0.60584
23.94714,22.86994,-1.71157,0.92961,-0.00966,-0.36841,0.98977,0.0,0.0,nan,0.0,0.00798,0.05479,14.9793,2.07905,0.23244,0.53043,0.84069,0.43828,0.48099,0.84069
23.58757,23.02462,5.11848,0.91351,0.0233,0.40614,0.9989,0.0,0.0,nan,0.0,0.00952,0.03847,10.13344,2.11099,0.2344,0.35976,0.44466,0.8239,0.47371,0.44466
22.78363,22.99649,7.12352,0.79554,0.0038,0.60589,0.97819,0.0,0.0,nan,0.0,0.01715,0.05528,12.6862,1.81709,0.2315,0.40952,0.50529,0.87704,0.55033,0.50529
22.00472,23.24979,8.02513,0.61091,0.00091,0.7917,0.95597,0.0,0.0,nan,0.0,0.00986,0.06273,21.3185,1.85393,0.23487,0.55485,0.74879,0.30976,0.5394,0.74879
22.21355,25.27811,-4.3147,0.75629,0.03658,-0.65321,0.98043,0.0,0.0,nan,0.0,0.01614,0.04175,31.4549,2.09834,0.2365,0.54413,0.49191,0.75552,0.47657,0.49191
23.10515,24.85535,-2.97288,0.84488,0.08071,-0.52883,0.99555,0.0,0.0,nan,0.0,0.00796,0.02677,22.05372,1.97936,0.22311,0.48422,0.60784,0.66983,0.50521,0.60784
23.79085,24.94682,-1.51373,0.91475,0.09731,-0.39213,0.99809,0.0,0.0,nan,0.0,0.008,0.03359,18.58251,1.90177,0.23301,0.49809,0.65219,0.52937,0.52583,0.65219
23.64151,24.9669,5.11869,0.91553,0.00534,0.40221,0.9987,0.00036,0.0018,0.7,1.0,0.00903,0.04658,10.45296,1.70125,0.22384,0.2592,0.30972,0.89063,0.5878,0.30972
22.56005,24.99201,6.95068,0.78777,0.01426,0.6158,0.99383,0.0,0.0,nan,0.0,0.01365,0.08471,19.80688,1.81709,0.2438,0.57335,0.85494,0.46602,0.55033,0.85494
22.21128,26.88199,-4.29523,0.80236,0.00445,-0.59682,0.99159,0.0,0.0,nan,0.0,0.01354,0.03386,30.91328,2.43481,0.23818,0.53613,0.47085,0.7942,0.41071,0.47085
22.59573,26.88559,-2.90928,0.86591,0.04294,-0.49836,0.98845,0.0,0.0,nan,0.0,0.00904,0.02735,25.11486,1.87063,0.23551,0.45568,0.41768,0.78308,0.53458,0.41768
23.6089,27.27153,-1.35222,0.92179,-0.00114,-0.3877,0.99403,0.0,0.0,nan,0.0,0.00537,0.0176,18.6037,3.25684,0.24605,0.42328,0.5475,0.79833,0.30705,0.5475
23.75643,27.68052,1.33981,0.99869,0.02644,-0.04376,0.98906,0.0,0.0,nan,0.0,0.00339,0.01577,14.65292,2.02656,0.23098,0.40611,0.59444,0.60125,0.49345,0.59444
23.9305,27.85319,2.09573,0.99885,0.03204,0.03561,0.99697,0.0,0.0,nan,0.0,0.00299,0.01637,13.56273,1.71114,0.23188,0.38052,0.70265,0.55162,0.58441,0.70265
23.75623,27.00368,5.09938,0.93477,-0.02469,0.3544,0.99819,0.0,0.0,nan,0.0,0.0272,0.09333,10.78071,1.6519,0.22674,0.36961,0.47815,0.9349,0.60536,0.47815
22.84389,27.01293,7.01712,0.78789,-0.01433,0.61565,0.9854,0.0,0.0,nan,0.0,0.01599,0.0807,18.06556,1.6519,0.24171,0.619,0.71777,0.35545,0.60536,0.71777
22.34263,29.20651,-4.51549,0.79385,-0.22436,-0.56522,0.99728,0.0,0.0,nan,0.0,0.00811,0.04037,26.35081,1.8568,0.23135,0.45618,0.65048,0.47398,0.53856,0.65048
22.99761,28.99592,-2.94811,0.8644,-0.19516,-0.46338,0.99494,0.0,0.0,nan,0.0,0.0091,0.03699,19.43809,1.87721,0.23594,0.49357,0.6763,0.54956,0.53271,0.6763
23.76332,28.43867,-1.18285,0.92724,-0.13684,-0.34858,0.99281,0.0,0.0,nan,0.0,0.00657,0.02528,19.82824,3.33148,0.23458,0.47187,0.38757,0.60663,0.30017,0.38757
23.76717,28.24644,1.42299,0.99977,-0.00152,-0.02159,0.98885,0.0,0.0,nan,0.0,0.003,0.01473,14.02663,1.74651,0.23248,0.33886,0.4067,0.68592,0.57257,0.4067
23.99778,29.19999,3.77869,0.97726,0.0134,0.21161,0.98997,0.0,0.0,nan,0.0,0.00439,0.04974,16.02802,1.6519,0.23107,0.47507,0.86561,0.3315,0.60536,0.86561
23.74215,29.03982,5.05953,0.9127,0.07883,0.40095,0.98418,0.0,0.0,nan,0.0,0.00345,0.03185,17.54129,2.23358,0.22491,0.4789,0.85601,0.38126,0.44771,0.85601
22.85305,29.06245,6.93082,0.78463,0.12245,0.60775,0.98378,0.0,0.0,nan,0.0,0.00677,0.03322,22.19351,2.57332,0.22699,0.55393,0.79181,0.46325,0.3886,0.79181
22.59171,31.04141,-4.76586,0.83996,-0.07124,-0.53795,0.97901,0.0,0.0,nan,0.0,0.00614,0.03249,19.40934,3.56247,0.23634,0.39164,0.5396,0.53217,0.2807,0.5396
23.60872,31.11511,-3.02767,0.9325,0.03005,-0.35991,0.98266,0.0,0.0,nan,0.0,0.00745,0.03189,16.97905,2.34687,0.23809,0.61164,0.77909,0.47093,0.4261,0.77909
23.7717,31.83896,-1.60093,0.94925,0.08657,-0.30239,0.99768,0.0,0.0,nan,0.0,0.00723,0.01766,16.248,3.19783,0.2372,0.56026,0.42612,0.82063,0.31271,0.42612
23.99471,30.17131,3.91913,0.95815,-0.01106,0.28606,0.98286,0.0,0.0,nan,0.0,0.00437,0.03796,15.92308,2.20399,0.23348,0.38736,0.7371,0.33439,0.45372,0.7371
23.31863,30.90555,5.31076,0.86995,-0.04341,0.49123,0.99535,0.0,0.0,nan,0.0,0.00296,0.01393,18.73919,1.99685,0.21725,0.35687,0.58457,0.65951,0.50079,0.58457
22.49474,31.56539,6.52639,0.72887,-0.06266,0.68177,0.99494,0.0,0.0,nan,0.0,0.00383,0.01488,25.78872,2.23887,0.22789,0.40418,0.42117,0.68645,0.44665,0.42117
22.62626,32.97004,-4.74457,0.87271,0.02977,-0.48733,0.99129,0.0,0.0,nan,0.0,0.00552,0.02661,22.40935,2.62533,0.23172,0.41606,0.60628,0.54275,0.3809,0.60628
22.94444,33.00449,-2.98216,0.93047,0.0106,-0.36623,0.99291,0.0,0.0,nan,0.0,0.01268,0.02928,24.17427,3.37844,0.23422,0.56636,0.32836,0.8277,0.29599,0.32836
23.35519,32.9481,-0.95542,0.94855,0.0076,-0.31654,0.96845,0.0,0.0,nan,0.0,0.00667,0.02215,23.39094,3.23658,0.238,0.46933,0.52839,0.69671,0.30897,0.52839
23.92219,32.4708,0.09118,0.96971,0.00441,-0.24424,0.99515,0.0,0.0,nan,0.0,0.00556,0.02242,17.08872,3.32205,0.23342,0.51521,0.40543,0.53817,0.30102,0.40543
23.77856,32.98306,5.41664,0.87917,-0.0704,0.47128,0.97281,0.0,0.0,nan,0.0,0.00566,0.02846,15.99539,1.78363,0.23978,0.46137,0.63824,0.48468,0.56066,0.63824
22.8915,32.9938,6.94701,0.72356,-0.08344,0.6852,0.97007,0.0,0.0,nan,0.0,0.00768,0.0241,21.09968,3.41966,0.24944,0.5838,0.61787,0.59739,0.29243,0.61787
22.5068,35.03332,-4.62217,0.82941,-0.0484,-0.55654,0.99677,0.0,0.0,nan,0.0,0.00547,0.03467,21.13704,1.74532,0.23237,0.32641,0.56354,0.52878,0.57296,0.56354
23.54071,34.84486,-3.11878,0.92492,-0.12113,-0.36036,0.98916,0.0,0.0,nan,0.0,0.00615,0.03548,21.95201,1.73459,0.23901,0.46903,0.57465,0.40336,0.5765,0.57465
23.63728,35.20128,-1.06376,0.95169,-0.1294,-0.27845,0.99687,0.0,0.0,nan,0.0,0.00649,0.03024,23.50696,1.86582,0.24052,0.57895,0.49984,0.40236,0.53596,0.49984
23.69884,35.02686,5.37442,0.86972,0.03852,0.49204,0.99119,0.0,0.0,nan,0.0,0.00732,0.03841,19.34553,1.6519,0.23296,0.49161,0.61152,0.42803,0.60536,0.61152
22.60183,34.9806,6.65516,0.76683,0.00971,0.64177,0.9988,0.0,0.0,nan,0.0,0.00569,0.0221,22.48099,1.84047,0.23132,0.43673,0.61681,0.64191,0.54334,0.61681
22.68385,37.0255,-4.85052,0.78813,-0.04797,-0.61364,0.99545,0.0,0.0,nan,0.0,0.00855,0.05229,14.09416,2.15734,0.21905,0.31612,0.52127,0.59063,0.46353,0.52127
23.66564,37.05516,-3.09404,0.92417,-0.04717,-0.37906,0.99362,0.0,0.0,nan,0.0,0.01021,0.0399,16.35422,1.76544,0.23547,0.49088,0.75306,0.5909,0.56643,0.75306
23.98857,36.32571,-1.24081,0.96495,-0.05516,-0.25658,0.99707,0.0,0.0,nan,0.0,0.00592,0.02815,22.19517,1.81709,0.23797,0.56765,0.54023,0.40413,0.55033,0.54023
23.61498,36.93322,5.38409,0.88443,-0.03166,0.46561,0.99697,0.0,0.0,nan,0.0,0.00349,0.02341,18.67861,1.6519,0.2265,0.42743,0.56645,0.38628,0.60536,0.56645
22.65898,36.96298,6.8796,0.80073,-0.07028,0.59489,0.9988,0.0,0.0,nan,0.0,0.00458,0.01829,21.13954,1.70458,0.2313,0.40493,0.4531,0.67652,0.58665,0.4531
22.10967,37.5197,8.07579,0.72582,-0.0914,0.68179,0.98225,0.0,0.0,nan,0.0,0.01073,0.03261,21.61703,1.72279,0.2325,0.58217,0.56423,0.61722,0.58045,0.56423
22.66924,39.0125,-4.87738,0.80732,0.04909,-0.58806,0.99616,0.0,0.0,nan,0.0,0.00687,0.03398,14.02374,2.51242,0.2103,0.28628,0.58567,0.80639,0.39802,0.58567
23.63965,38.97931,-3.1548,0.90118,0.04949,-0.4306,0.99718,0.0,0.0,nan,0.0,0.00548,0.02978,12.27944,1.73661,0.22396,0.24144,0.44224,0.8859,0.57583,0.44224
23.86189,38.32804,-1.71635,0.95474,-0.02534,-0.29637,0.99707,0.0,0.0,nan,0.0,0.00431,0.03079,10.95891,1.6519,0.24312,0.38798,0.87997,0.73118,0.60536,0.87997
23.70736,39.0325,5.29927,0.90856,0.00835,0.41766,0.99626,0.0,0.0,nan,0.0,0.00618,0.03085,14.14706,1.87125,0.23595,0.31934,0.41288,0.71572,0.5344,0.41288
22.74552,38.95538,6.95915,0.82291,-0.00614,0.56814,0.9987,0.0,0.0,nan,0.0,0.0055,0.02244,17.64487,1.9148,0.21807,0.45262,0.70696,0.60303,0.52225,0.70696
22.28803,40.85741,-4.56156,0.82748,0.07269,-0.55677,0.9989,0.0,0.0,nan,0.0,0.0064,0.03179,10.80313,1.6519,0.22509,0.35767,0.49595,0.66762,0.60536,0.49595
23.34141,40.96397,-3.0172,0.89151,0.071,-0.44741,0.9989,0.0,0.0,nan,0.0,0.00722,0.03214,10.6382,1.66835,0.22765,0.37557,0.60386,0.7109,0.5994,0.60386
23.94559,41.32203,-1.78362,0.94293,0.06268,-0.32705,0.99809,0.0,0.0,nan,0.0,0.00542,0.04705,10.87552,1.6745,0.24044,0.41196,0.832,0.44893,0.59719,0.832
23.54783,41.0209,5.2564,0.90955,0.04067,0.41361,0.9985,0.0,0.0,nan,0.0,0.01025,0.03895,12.38779,1.81709,0.22154,0.32733,0.63112,0.93338,0.55033,0.63112
22.72124,41.00447,7.07383,0.81249,0.02126,0.58259,0.99596,0.0,0.0,nan,0.0,0.01021,0.03245,15.76721,1.9008,0.22358,0.41043,0.56029,0.86366,0.52609,0.56029
22.43498,43.00056,-4.56376,0.84519,0.022,-0.53401,0.9987,0.0,0.0,nan,0.0,0.00686,0.04866,7.95149,1.65288,0.23447,0.40422,0.66509,0.4367,0.60501,0.66509
23.35412,42.99582,-3.01811,0.8904,0.04057,-0.45336,0.9986,0.0,0.0,nan,0.0,0.00966,0.06777,8.05999,1.87691,0.23327,0.43077,0.59346,0.41314,0.53279,0.59346
23.90159,43.09377,-1.71894,0.94532,0.04931,-0.32241,0.99748,0.00662,0.03311,0.6,1.0,0.02224,0.07474,7.13436,2.01687,0.22324,0.4022,0.50516,0.94717,0.49582,0.50516
23.9991,43.89462,3.98606,0.96934,0.01632,0.24517,0.99768,0.0,0.0,nan,0.0,0.00931,0.04115,8.21435,1.89233,0.21742,0.34886,0.35234,0.80667,0.52845,0.35234
23.59695,42.98237,5.12553,0.92169,-0.00517,0.38789,0.99778,0.0,0.0,nan,0.0,0.00736,0.03056,11.10967,1.87038,0.22295,0.32187,0.43354,0.88266,0.53465,0.43354
22.66075,43.02351,6.93385,0.82567,-0.01684,0.56391,0.99799,0.0,0.0,nan,0.0,0.00844,0.03358,13.46063,1.74244,0.22779,0.30726,0.45972,0.93907,0.57391,0.45972
22.01142,43.91887,8.0457,0.74404,0.03403,0.66727,0.98987,0.0,0.0,nan,0.0,0.00822,0.03354,15.85053,1.81709,0.2295,0.33793,0.45126,0.8164,0.55033,0.45126
22.3609,44.96624,-4.54272,0.85246,0.03566,-0.52157,0.9989,0.0,0.0,nan,0.0,0.00817,0.04189,5.63769,1.92691,0.23019,0.26426,0.40427,1.0,0.51897,0.40427
23.16444,45.00251,-3.07001,0.8974,0.05193,-0.43815,0.9989,0.0,0.0,nan,0.0,0.02193,0.08762,5.22586,2.02181,0.22476,0.34604,0.64266,1.0,0.49461,0.64266
23.84818,45.06822,-1.40987,0.95233,0.05838,-0.29944,0.99738,0.0,0.0,nan,0.0,0.01276,0.05077,6.18398,1.7146,0.22495,0.35504,0.6947,0.93715,0.58323,0.6947
23.97999,45.23988,3.8664,0.97716,0.0228,0.21128,0.99748,0.0,0.0,nan,0.0,0.00793,0.04502,6.65638,2.38725,0.21905,0.28704,0.41943,0.79768,0.41889,0.41943
23.66367,45.02135,5.07554,0.93283,0.01274,0.36009,0.99393,0.0,0.0,nan,0.0,0.01257,0.05751,10.61156,1.86557,0.2361,0.51349,0.78288,0.56516,0.53603,0.78288
22.68019,44.99215,6.99989,0.78629,0.07741,0.61299,0.99038,0.0,0.0,nan,0.0,0.00927,0.03382,15.12139,3.31376,0.2397,0.47749,0.74562,0.65012,0.30177,0.74562
22.0229,44.42754,8.04121,0.73866,0.08706,0.66844,0.98774,0.0,0.0,nan,0.0,0.00892,0.03229,15.52488,2.118,0.23538,0.41036,0.7931,0.88136,0.47214,0.7931
22.28323,46.96412,-4.45832,0.85022,0.04023,-0.52489,0.99819,0.0,0.0,nan,0.0,0.0065,0.03975,6.53554,2.26665,0.22156,0.29919,0.35085,0.71367,0.44118,0.35085
23.0928,47.01025,-3.06236,0.90142,0.03277,-0.43171,0.9988,0.0,0.0,nan,0.0,0.01649,0.06557,4.93406,1.81709,0.22744,0.36542,0.74583,0.96708,0.55033,0.74583
23.79049,47.06963,-1.24846,0.95958,0.04945,-0.27705,0.99687,0.0,0.0,nan,0.0,0.00522,0.04118,5.88173,1.67125,0.22507,0.30311,0.84275,0.7972,0.59835,0.84275
23.96291,47.07137,3.76807,0.98332,0.0334,0.1788,0.99647,0.0,0.0,nan,0.0,0.0282,0.09812,5.67482,1.70791,0.23282,0.48274,0.77689,0.88114,0.58551,0.77689
23.7065,47.00367,5.00491,0.93246,0.01547,0.36095,0.9856,0.0,0.0,nan,0.0,0.0029,0.0259,12.5786,1.79696,0.23934,0.5462,0.80239,0.28568,0.5565,0.80239
22.72251,47.05033,6.63579,0.76726,-0.02424,0.64088,0.98987,0.0,0.0,nan,0.0,0.00728,0.02484,16.9126,1.6519,0.23497,0.47878,0.43934,0.6847,0.60536,0.43934
22.30514,48.99419,-4.43788,0.83917,0.00282,-0.54387,0.99819,0.0,0.0,nan,0.0,0.01093,0.06677,5.42176,2.06375,0.22458,0.3889,0.87649,0.96809,0.48455,0.87649
23.09038,48.94199,-3.01151,0.90803,0.00441,-0.41889,0.99778,0.0,0.0,nan,0.0,0.00966,0.07098,4.4268,1.81709,0.23054,0.19763,0.44948,1.0,0.55033,0.44948
23.73413,48.98518,-1.01141,0.97236,0.03269,-0.23117,0.99606,0.0,0.0,nan,0.0,0.00917,0.05815,5.67545,1.82252,0.22916,0.28145,0.78861,0.86472,0.54869,0.78861
23.99712,49.46825,0.79082,0.99775,0.03763,-0.05557,0.99129,0.0,0.0,nan,0.0,0.01489,0.08451,5.36829,1.81709,0.2264,0.25005,0.50169,0.96707,0.55033,0.50169
23.89385,49.0914,3.15321,0.99293,0.04609,0.10935,0.99586,0.0063,0.03152,0.6,1.0,0.02205,0.11839,5.626,1.83401,0.22686,0.25244,0.73645,0.99987,0.54525,0.73645
23.6334,48.98146,5.04146,0.95663,0.00095,0.2913,0.99098,0.0,0.0,nan,0.0,0.00358,0.04281,10.13803,3.55116,0.24807,0.43266,0.71494,0.23118,0.2816,0.71494
22.87162,48.97549,7.08106,0.78836,-0.11239,0.60487,0.96409,0.0,0.0,nan,0.0,0.00823,0.02903,13.93841,1.75572,0.24697,0.5765,0.5801,0.56238,0.56957,0.5801
22.1389,49.56511,8.11257,0.6871,-0.09779,0.71996,0.97637,0.0,0.0,nan,0.0,0.00612,0.02156,14.94963,3.43481,0.24995,0.62388,0.80721,0.63093,0.29114,0.80721
22.28978,51.04902,-4.45367,0.83404,-0.00358,-0.55169,0.99819,0.00058,0.00288,0.7,1.0,0.00719,0.04029,4.58779,2.09205,0.2149,0.25621,0.48938,1.0,0.478,0.48938
23.0944,50.98242,-3.06284,0.90676,-0.0077,-0.42158,0.99758,0.00083,0.00413,0.7,1.0,0.00816,0.07855,4.48149,1.84671,0.22625,0.27063,0.88905,1.0,0.5415,0.88905
23.75407,50.90298,-1.02391,0.97772,-0.00182,-0.20991,0.99281,0.0,0.0,nan,0.0,0.01036,0.08136,4.35594,2.05621,0.22124,0.18573,0.48758,1.0,0.48633,0.48758
23.95217,51.01365,1.02306,0.99965,0.01464,-0.02195,0.99383,0.0,0.0,nan,0.0,0.01065,0.08487,5.11328,1.81709,0.23455,0.17527,0.31345,0.99634,0.55033,0.31345
23.88123,50.97163,3.02866,0.99462,0.032,0.09853,0.99636,0.0,0.0,nan,0.0,0.0288,0.17528,5.69844,1.8605,0.22213,0.24724,0.78052,0.99487,0.53749,0.78052
23.55161,51.00737,5.01391,0.97457,0.02667,0.22249,0.99839,0.00173,0.00863,0.6,1.0,0.03912,0.13254,5.62001,1.99402,0.21578,0.40403,0.65994,0.99053,0.5015,0.65994
22.93872,50.96613,7.11204,0.81809,0.00098,0.57509,0.96997,0.00346,0.01729,0.51,1.0,0.00529,0.02249,13.47332,1.81709,0.23852,0.63718,0.53337,0.42403,0.55033,0.53337
22.15847,50.90266,8.08389,0.68921,-0.01139,0.72447,0.97992,0.0,0.0,nan,0.0,0.0057,0.01853,12.84958,3.63418,0.23997,0.54964,0.30821,0.6471,0.27517,0.30821
22.31234,53.00258,-4.40724,0.83353,0.01078,-0.55236,0.99738,0.00169,0.00846,0.6,1.0,0.01459,0.06159,4.72669,1.87237,0.2199,0.33912,0.62087,0.99381,0.53408,0.62087
23.10721,52.99643,-3.11638,0.89973,0.0041,-0.43644,0.99322,0.0,0.0,nan,0.0,0.02187,0.10891,4.41284,1.6519,0.22923,0.29181,0.65474,0.99986,0.60536,0.65474
23.78139,52.96093,-1.0396,0.97982,0.0046,-0.19983,0.9921,0.0,0.0,nan,0.0,0.01513,0.10742,4.30753,1.72781,0.22439,0.26869,0.8079,0.94226,0.57877,0.8079
23.96196,53.03272,0.99931,0.99983,0.01632,-0.00871,0.99261,0.0,0.0,nan,0.0,0.01417,0.11688,5.66323,1.85201,0.22734,0.20153,0.31777,0.81429,0.53995,0.31777
23.80999,53.0323,3.04324,0.99235,0.03307,0.11892,0.99555,0.0,0.0,nan,0.0,0.02682,0.14477,7.26579,1.77806,0.22386,0.27265,0.7109,0.86654,0.56241,0.7109
23.50796,53.00753,4.97697,0.97473,0.04462,0.21887,0.99839,0.0,0.0,nan,0.0,0.00963,0.10414,7.97749,1.88034,0.21598,0.41686,0.93911,0.70278,0.53182,0.93911
22.84772,52.99783,7.13048,0.84951,-0.00308,0.52756,0.97312,0.0,0.0,nan,0.0,0.00294,0.02081,13.06105,3.63418,0.23424,0.50159,0.78809,0.36925,0.27517,0.78809
22.1403,53.35762,8.11628,0.71401,-0.03791,0.6991,0.97393,0.0,0.0,nan,0.0,0.00813,0.03133,13.73481,1.6519,0.23923,0.55105,0.57553,0.53944,0.60536,0.57553
22.26023,54.9795,-4.40238,0.83444,0.01775,-0.55082,0.99839,0.0,0.0,nan,0.0,0.02442,0.0913,4.69948,1.85322,0.22168,0.40318,0.67258,0.94595,0.5396,0.67258
23.06134,54.99892,-3.10189,0.90171,0.02998,-0.43129,0.99484,0.00325,0.01627,0.7,1.0,0.01512,0.09096,4.28659,1.74443,0.22718,0.28944,0.78424,0.94587,0.57325,0.78424
23.71419,55.08359,-1.05647,0.98048,0.03861,-0.19279,0.99535,0.00601,0.03007,0.7,1.0,0.01866,0.10858,4.34598,1.68881,0.22965,0.27681,0.36576,0.90647,0.59213,0.36576
23.88814,55.13113,0.98447,0.99908,0.04279,0.0001,0.99281,0.0,0.0,nan,0.0,0.01707,0.12879,5.54711,1.98498,0.231,0.20268,0.38736,0.88945,0.50378,0.38736
23.74707,54.99012,3.02957,0.99062,0.04964,0.12731,0.99555,0.0,0.0,nan,0.0,0.00719,0.1258,8.76071,1.90481,0.21615,0.25824,0.91171,0.56344,0.52499,0.91171
23.25896,55.01435,4.99269,0.97297,0.04988,0.22549,0.9988,0.0,0.0,nan,0.0,0.01595,0.08801,9.62313,1.94744,0.21401,0.30705,0.7943,0.83048,0.51349,0.7943
22.81121,55.02165,7.04261,0.86739,0.07305,0.49224,0.9783,0.0,0.0,nan,0.0,0.01076,0.04832,11.64476,1.93354,0.23558,0.4264,0.43839,0.61211,0.51719,0.43839
22.11431,54.87937,8.1162,0.71787,0.097,0.68939,0.97698,0.0,0.0,nan,0.0,0.00954,0.03807,14.99387,1.74368,0.23979,0.53082,0.4148,0.53529,0.5735,0.4148
22.22969,56.97383,-4.38422,0.84622,0.02253,-0.53237,0.9988,0.0,0.0,nan,0.0,0.01981,0.09387,4.38185,2.2188,0.21354,0.3499,0.77926,0.96941,0.45069,0.77926
22.99552,56.9893,-3.03899,0.90719,0.03546,-0.41922,0.99525,0.0,0.0,nan,0.0,0.01668,0.09412,4.00635,1.70746,0.21913,0.26663,0.59997,0.99637,0.58566,0.59997
23.64648,56.98228,-1.06597,0.98052,0.04691,-0.19075,0.99241,0.0,0.0,nan,0.0,0.01439,0.09777,3.97066,1.89358,0.22763,0.26969,0.47249,0.82082,0.5281,0.47249
23.76678,56.90771,0.96005,0.99882,0.0486,0.001,0.99464,0.0,0.0,nan,0.0,0.02199,0.1324,5.19675,1.91083,0.22858,0.25213,0.56578,0.91207,0.52333,0.56578
23.6354,56.9879,3.04275,0.98949,0.05316,0.13446,0.99596,0.0,0.0,nan,0.0,0.01905,0.14736,8.66046,1.75611,0.22169,0.29104,0.64553,0.54687,0.56944,0.64553
23.18074,57.00822,4.98499,0.97061,0.06601,0.23144,0.9989,0.0,0.0,nan,0.0,0.02539,0.08369,11.20901,2.02384,0.23098,0.40103,0.54339,0.89141,0.49411,0.54339
22.67334,57.00128,7.03736,0.83402,0.08024,0.54588,0.97281,0.0,0.0,nan,0.0,0.00514,0.02717,15.18964,2.07282,0.22663,0.41824,0.3869,0.5119,0.48243,0.3869
22.19733,58.95902,-4.35148,0.85759,0.03115,-0.5134,0.99768,0.0,0.0,nan,0.0,0.0169,0.08503,4.31293,1.77343,0.21852,0.30248,0.64378,0.96186,0.56388,0.64378
22.87589,58.9869,-3.07934,0.90933,0.04363,-0.41377,0.99454,0.00601,0.00601,0.7,0.7,0.03429,0.14197,3.89356,1.89094,0.22329,0.36815,0.49989,0.99307,0.52884,0.49989
23.54148,59.01267,-1.06703,0.9801,0.05096,-0.19186,0.99149,0.25856,0.25856,0.6,0.72131,0.02793,0.14034,3.68961,1.76309,0.23797,0.30693,0.67261,1.0,0.56718,0.67261
23.6994,58.97181,1.09878,0.99836,0.05317,0.02103,0.99464,0.01744,0.0872,0.7,1.0,0.01425,0.11437,5.23843,2.04514,0.23543,0.20848,0.6471,0.82577,0.48896,0.6471
23.49497,59.00786,3.01728,0.98637,0.06281,0.15208,0.99657,0.0,0.0,nan,0.0,0.02482,0.12578,8.85224,1.86804,0.2318,0.38484,0.76784,0.66662,0.53532,0.76784
22.99773,58.97679,4.94188,0.96686,0.07206,0.24492,0.9987,0.0,0.0,nan,0.0,0.01675,0.08206,10.65124,1.85086,0.23815,0.48308,0.82927,0.67233,0.54029,0.82927
22.53958,59.00289,6.93228,0.86471,0.04668,0.5001,0.98398,0.0,0.0,nan,0.0,0.01109,0.03904,17.54134,3.07873,0.2343,0.62291,0.81688,0.64636,0.32481,0.81688
22.1471,60.95505,-4.28816,0.85986,0.04141,-0.50884,0.9985,0.00247,0.01236,0.51,1.0,0.01904,0.0988,4.73622,1.95702,0.20862,0.33397,0.46019,0.82078,0.51098,0.46019
22.7938,60.9692,-3.06142,0.91143,0.03937,-0.40957,0.99647,0.00404,0.01019,0.6,0.93878,0.02872,0.13153,3.94498,1.8674,0.21759,0.36533,0.74484,0.90079,0.5355,0.74484
23.45691,60.97197,-1.02435,0.98246,0.05033,-0.17958,0.99301,0.12896,0.12896,0.6,0.52174,0.02526,0.12929,3.8909,1.6519,0.24374,0.36665,0.73461,0.80672,0.60536,0.73461
23.57553,60.99939,0.93545,0.99675,0.0777,0.02111,0.99352,0.01234,0.0617,0.7,1.0,0.01985,0.13704,5.67322,1.85138,0.23217,0.2281,0.62118,0.85906,0.54014,0.62118
23.40407,61.06669,2.98571,0.98409,0.08915,0.15371,0.9985,0.0,0.0,nan,0.0,0.02782,0.15657,7.46227,1.8032,0.22822,0.24202,0.76508,0.97816,0.55457,0.76508
22.9556,61.01402,4.99649,0.96945,0.08336,0.23068,0.9987,0.0,0.0,nan,0.0,0.02348,0.09389,8.79181,1.72055,0.23036,0.35211,0.57024,0.87168,0.58121,0.57024
22.47761,60.96989,7.02245,0.86114,0.05835,0.50501,0.96926,0.0,0.0,nan,0.0,0.00333,0.03578,24.11539,2.21312,0.22678,0.77322,0.92512,0.29665,0.45185,0.92512
22.12673,62.89249,-4.19265,0.8542,0.03908,-0.51847,0.99667,0.0,0.0,nan,0.0,0.01834,0.10338,5.61771,2.07088,0.21283,0.31116,0.56307,0.77293,0.48289,0.56307
22.7099,63.03955,-3.06577,0.9101,0.0316,-0.41319,0.99504,0.0,0.0,nan,0.0,0.03059,0.15909,4.62572,1.96972,0.21765,0.41252,0.66984,0.66774,0.50769,0.66984
23.36046,63.04811,-1.02569,0.98682,0.04678,-0.15492,0.99423,0.0,0.0,nan,0.0,0.01609,0.1343,4.65827,1.92762,0.23133,0.27761,0.60979,0.61695,0.51877,0.60979
23.37479,63.04264,1.04009,0.99519,0.07756,0.05989,0.99545,0.0,0.0,nan,0.0,0.01634,0.11985,7.29606,1.87227,0.2316,0.26488,0.70917,0.65594,0.53411,0.70917
23.15887,62.99619,2.98787,0.98454,0.08982,0.15035,0.99789,0.0,0.0,nan,0.0,0.0293,0.14787,8.19668,1.75206,0.22696,0.26068,0.60919,0.94551,0.57076,0.60919
22.73618,62.99941,4.98575,0.97009,0.07952,0.22934,0.9987,0.0,0.0,nan,0.0,0.03312,0.12113,8.02886,1.91987,0.23259,0.49125,0.76084,0.72029,0.52087,0.76084
22.31229,62.99733,6.71189,0.89967,0.06261,0.43205,0.98774,0.0,0.0,nan,0.0,0.00532,0.0634,19.26482,1.92746,0.23146,0.65113,0.93262,0.34231,0.51882,0.93262
22.11189,64.97201,-4.13479,0.8504,0.01175,-0.52601,0.99819,0.0,0.0,nan,0.0,0.01376,0.06678,6.51769,2.04728,0.22203,0.3344,0.44032,0.80531,0.48845,0.44032
22.67506,65.02489,-3.04671,0.91385,0.01194,-0.40588,0.99474,0.0,0.0,nan,0.0,0.01567,0.08183,4.894,2.03691,0.21188,0.30668,0.48284,0.87961,0.49094,0.48284
23.26875,64.99647,-1.04778,0.989,0.01538,-0.14712,0.99494,0.0,0.0,nan,0.0,0.01586,0.12047,4.81662,1.98524,0.22107,0.34302,0.56223,0.54317,0.50372,0.56223
23.25045,64.97007,1.07581,0.99734,0.01429,0.07148,0.99789,0.0,0.0,nan,0.0,0.01935,0.1054,7.2473,1.79089,0.23327,0.34433,0.58695,0.68042,0.55838,0.58695
22.96982,65.03136,3.02221,0.98859,0.00312,0.15058,0.99829,0.00125,0.00623,0.51,1.0,0.02685,0.10983,8.68468,1.77882,0.22839,0.32779,0.38704,0.91772,0.56217,0.38704
22.63164,64.98151,5.02879,0.96908,0.00257,0.24672,0.99829,0.0,0.0,nan,0.0,0.00381,0.03345,11.04306,2.09321,0.21644,0.40627,0.87568,0.55426,0.47774,0.87568
22.2935,64.88396,6.54494,0.91145,0.0188,0.41097,0.98489,0.0,0.0,nan,0.0,0.00401,0.03912,14.33167,2.09222,0.23505,0.35623,0.91044,0.674,0.47796,0.91044
22.11937,67.0514,-4.18125,0.83975,0.02161,-0.54254,0.99494,0.0,0.0,nan,0.0,0.01044,0.05052,7.01032,2.00946,0.21805,0.34,0.60805,0.78118,0.49765,0.60805
22.7025,67.02413,-3.06473,0.91244,0.01181,-0.40904,0.99667,0.0,0.0,nan,0.0,0.01568,0.08035,5.88044,2.23017,0.217,0.36132,0.57606,0.72358,0.4484,0.57606
23.24256,67.01699,-0.97593,0.98827,-0.00041,-0.15271,0.99636,0.0,0.0,nan,0.0,0.01202,0.07447,5.2764,1.9581,0.22236,0.34023,0.3716,0.65421,0.5107,0.3716
23.31864,67.04589,0.98215,0.99899,-0.0314,0.03203,0.99707,0.0,0.0,nan,0.0,0.01897,0.09911,5.67747,1.75679,0.23298,0.29461,0.62139,0.87839,0.56922,0.62139
23.12082,66.94148,3.06063,0.98894,-0.06854,0.13151,0.99758,0.0,0.0,nan,0.0,0.01562,0.08031,6.44693,2.28102,0.22426,0.29718,0.37398,0.85766,0.4384,0.37398
22.79711,66.97099,5.04102,0.96638,-0.09032,0.24072,0.99829,0.00041,0.00205,0.51,1.0,0.00391,0.03107,10.37699,2.40477,0.22278,0.37077,0.76366,0.42295,0.41584,0.76366
22.3727,67.07793,6.75024,0.8877,-0.09345,0.45084,0.98043,0.0,0.0,nan,0.0,0.00539,0.03122,14.02541,2.47757,0.22972,0.39668,0.30585,0.49768,0.40362,0.30585
22.07005,68.98443,-4.16447,0.81998,0.00522,-0.57237,0.9922,0.0,0.0,nan,0.0,0.01263,0.05814,7.11713,1.95377,0.21528,0.32141,0.59552,0.86582,0.51183,0.59552
22.61841,69.01885,-3.05044,0.90515,-0.0169,-0.42475,0.99596,0.0,0.0,nan,0.0,0.00797,0.04016,5.50426,2.07736,0.21969,0.28494,0.36871,0.94929,0.48138,0.36871
23.2754,69.01906,-1.03321,0.98533,-0.02359,-0.169,0.99586,0.0,0.0,nan,0.0,0.00997,0.06843,5.86741,1.92344,0.22164,0.22412,0.39322,0.87199,0.5199,0.39322
23.37184,69.07358,0.93477,0.99954,-0.03034,-0.00054,0.99504,0.0,0.0,nan,0.0,0.00883,0.13043,8.02515,1.86174,0.2218,0.23046,0.60383,0.36701,0.53713,0.60383
23.27401,68.99705,3.02673,0.99407,-0.04041,0.10099,0.99809,0.0,0.0,nan,0.0,0.01721,0.12902,7.06134,2.04653,0.22095,0.26795,0.67341,0.63891,0.48863,0.67341
22.99152,69.03442,5.02617,0.9725,-0.04254,0.22897,0.99829,0.0,0.0,nan,0.0,0.02284,0.10081,6.58468,1.6519,0.22702,0.46165,0.86251,1.0,0.60536,0.86251
22.45945,69.01561,6.8675,0.87433,-0.01087,0.48521,0.98276,0.0,0.0,nan,0.0,0.0053,0.03131,11.23404,1.6519,0.2446,0.48763,0.29676,0.40901,0.60536,0.29676
22.16195,71.10908,-4.22953,0.77526,0.00421,-0.63163,0.98063,0.0,0.0,nan,0.0,0.00833,0.03996,5.6088,2.04234,0.23283,0.34632,0.36305,0.81683,0.48964,0.36305
22.80984,70.96939,-3.05395,0.90263,-0.03091,-0.42931,0.9855,0.0,0.0,nan,0.0,0.0105,0.05333,5.7516,1.83135,0.23315,0.4053,0.63085,0.6546,0.54604,0.63085
23.34875,70.94783,-0.94491,0.98832,-0.03499,-0.14832,0.99616,0.00397,0.01983,0.7,1.0,0.00882,0.11085,8.18904,1.72604,0.22491,0.1888,0.5334,0.52435,0.57936,0.5334
23.4775,71.03874,1.03173,0.99969,-0.01736,0.01764,0.99647,0.01649,0.08246,0.7,1.0,0.01389,0.12278,9.65066,1.90991,0.22968,0.19414,0.48386,0.7035,0.52358,0.48386
23.35122,71.01353,3.00791,0.99507,-0.00846,0.0988,0.9989,0.0,0.0,nan,0.0,0.01159,0.13255,9.12586,2.08743,0.22585,0.21508,0.54705,0.49566,0.47906,0.54705
23.00112,71.03902,5.00334,0.9711,-0.00248,0.23866,0.9988,0.00324,0.01618,0.7,1.0,0.03477,0.11093,7.18542,2.0881,0.22698,0.40715,0.74866,0.98406,0.4789,0.74866
22.43493,71.00871,6.78232,0.86767,0.00398,0.49712,0.98703,0.0,0.0,nan,0.0,0.00436,0.03293,11.70173,1.69136,0.2333,0.37645,0.30969,0.41197,0.59124,0.30969
22.1586,72.92029,-4.20883,0.72609,0.0826,-0.68262,0.96936,0.0,0.0,nan,0.0,0.00539,0.02712,4.61994,1.90528,0.24018,0.42633,0.5876,0.66745,0.52486,0.5876
22.81594,72.9996,-3.1409,0.87146,0.03792,-0.489,0.97495,0.0,0.0,nan,0.0,0.00682,0.03712,4.42292,1.93467,0.23506,0.34637,0.38359,0.77018,0.51689,0.38359
23.40136,72.96137,-0.94051,0.98969,-0.01242,-0.14269,0.99362,0.0,0.0,nan,0.0,0.00933,0.12609,6.60459,2.04011,0.2258,0.21619,0.42866,0.44576,0.49017,0.42866
23.48481,72.91328,0.97706,0.99958,-0.02118,0.01993,0.99372,0.0,0.0,nan,0.0,0.00951,0.09058,9.12946,1.88986,0.22568,0.2189,0.7634,0.61094,0.52914,0.7634
23.26368,72.99345,2.98552,0.99412,-0.02358,0.10565,0.9989,0.01287,0.06433,0.7,1.0,0.01501,0.09592,8.74065,1.88947,0.23314,0.26459,0.71433,0.72697,0.52925,0.71433
23.02301,72.97669,5.05643,0.96531,-0.0146,0.26071,0.99657,0.05881,0.29403,0.6,1.0,0.0373,0.12004,7.84596,1.89888,0.22783,0.45115,0.79242,1.0,0.52663,0.79242
22.42629,72.99357,6.71628,0.84886,0.04097,0.52703,0.97921,0.03682,0.18408,0.6,1.0,0.0033,0.03872,15.47334,3.50679,0.23703,0.39008,0.4874,0.24659,0.28516,0.4874
22.07395,74.23977,-4.06774,0.68799,0.16562,-0.70657,0.97038,0.0,0.0,nan,0.0,0.00727,0.03032,4.49669,1.91903,0.23741,0.40385,0.41359,0.85814,0.5211,0.41359
22.7599,75.04216,-3.06657,0.81277,0.15514,-0.56155,0.96206,0.0,0.0,nan,0.0,0.01221,0.05377,4.81603,2.3756,0.22261,0.36576,0.52458,0.87873,0.42095,0.52458
23.41391,75.08899,-1.1208,0.96897,0.04511,-0.24302,0.98835,0.0,0.0,nan,0.0,0.01098,0.05149,5.30285,2.24113,0.22766,0.38211,0.46597,0.76882,0.4462,0.46597
23.57113,74.95486,1.0025,0.9996,-0.02793,-0.00507,0.9923,0.0,0.0,nan,0.0,0.01624,0.08717,6.45961,1.6519,0.24515,0.39457,0.53399,0.61852,0.60536,0.53399
23.41872,74.96301,2.95961,0.99292,-0.0598,0.10262,0.99596,0.00239,0.01195,0.6,1.0,0.01499,0.07834,6.78188,1.91111,0.23211,0.33863,0.69161,0.7319,0.52326,0.69161
23.08394,75.01416,5.072,0.95854,-0.05826,0.27895,0.99758,0.35329,0.5018,0.51,0.84248,0.03188,0.12901,7.75905,1.71062,0.23191,0.35724,0.6249,0.86994,0.58458,0.6249
22.46468,75.02197,6.74187,0.80769,-0.04099,0.58817,0.97667,0.02179,0.10894,0.6,1.0,0.005,0.02765,16.64296,2.19786,0.22609,0.56897,0.58015,0.35576,0.45499,0.58015
22.47222,76.90672,-2.61976,0.78287,0.20438,-0.58766,0.98337,0.0,0.0,nan,0.0,0.00796,0.04218,6.14753,1.72847,0.2282,0.25056,0.56344,0.99867,0.57855,0.56344
23.20248,77.08054,-1.10941,0.92316,0.12935,-0.36201,0.98621,0.0,0.0,nan,0.0,0.01155,0.04923,6.15978,1.78858,0.2315,0.32081,0.41352,0.96867,0.5591,0.41352
23.61575,77.00999,0.93889,0.99602,0.01583,-0.08769,0.9921,0.0,0.0,nan,0.0,0.0134,0.0634,5.59777,2.35521,0.22889,0.53951,0.77581,0.57944,0.42459,0.77581
23.51831,76.93807,3.04554,0.99522,-0.03337,0.09173,0.99636,0.00368,0.01842,0.7,1.0,0.01469,0.09367,4.85346,1.83102,0.2307,0.34932,0.75619,0.64697,0.54614,0.75619
23.29153,76.9595,5.08348,0.95394,-0.03058,0.29844,0.98733,0.18151,0.19031,0.51,0.76446,0.01459,0.11845,7.86784,1.68087,0.23447,0.41103,0.86906,0.60699,0.59493,0.86906
22.56573,76.95837,6.78535,0.7866,0.01737,0.61722,0.95322,0.05694,0.28472,0.51,1.0,0.00681,0.04573,13.75757,1.96763,0.23154,0.5143,0.66976,0.33155,0.50823,0.66976
22.23824,78.82447,-2.32675,0.74538,0.21348,-0.63153,0.98286,0.0,0.0,nan,0.0,0.01115,0.08517,7.95425,1.6862,0.23227,0.61529,0.8741,0.44183,0.59305,0.8741
22.87136,78.985,-1.02475,0.87746,0.15446,-0.45409,0.99149,0.0,0.0,nan,0.0,0.02166,0.07119,8.09454,1.84179,0.2341,0.54384,0.68109,0.69763,0.54295,0.68109
23.5485,79.04523,0.99716,0.98632,0.0547,-0.15549,0.9922,0.00017,0.00085,0.7,1.0,0.01817,0.06246,6.04158,1.69905,0.23861,0.4441,0.32319,0.87195,0.58856,0.32319
23.58033,79.02274,2.97118,0.99705,0.02641,0.07212,0.99403,0.0,0.0,nan,0.0,0.01718,0.06302,4.17093,1.81709,0.23315,0.44234,0.57627,0.9116,0.55033,0.57627
23.26036,78.98202,5.07352,0.94813,0.03321,0.31613,0.98327,0.0,0.0,nan,0.0,0.00807,0.13251,7.04157,2.02472,0.23299,0.43495,0.88613,0.31844,0.49389,0.88613
22.52093,78.97698,6.68779,0.73877,0.06029,0.67126,0.94358,0.0,0.0,nan,0.0,0.00585,0.03171,13.0273,1.91643,0.24,0.47555,0.4225,0.44759,0.5218,0.4225
22.09478,80.28339,-2.10454,0.64942,0.38604,-0.65516,0.91851,0.0,0.0,nan,0.0,0.00863,0.03226,10.02121,2.15626,0.23662,0.55329,0.73475,0.58015,0.46377,0.73475
22.7337,80.98257,-1.00801,0.72924,0.46337,-0.50348,0.86634,0.0,0.0,nan,0.0,0.0061,0.02157,11.7156,1.87154,0.23465,0.44567,0.70553,0.74243,0.53432,0.70553
23.44632,81.03071,0.91443,0.88747,0.41471,-0.20103,0.87314,0.0,0.0,nan,0.0,0.00528,0.02805,15.66598,2.26924,0.22676,0.58613,0.7861,0.4094,0.44068,0.7861
23.47472,81.04403,2.9842,0.91188,0.40675,0.05504,0.89537,0.0,0.0,nan,0.0,0.00829,0.0422,14.24164,2.67104,0.22447,0.6767,0.67202,0.33129,0.37439,0.67202
23.096,81.1234,5.12553,0.82886,0.44469,0.33947,0.86289,0.0,0.0,nan,0.0,0.0076,0.02767,11.74626,2.55244,0.22013,0.65874,0.73766,0.48755,0.39178,0.73766
22.47642,80.97563,6.58349,0.65302,0.4271,0.62541,0.82645,0.0,0.0,nan,0.0,0.00859,0.03351,12.10126,2.56166,0.2331,0.49327,0.77562,0.65974,0.39037,0.77562
22.31075,82.10051,-0.19745,0.48512,0.79486,-0.36449,0.83629,0.0,0.0,nan,0.0,0.00694,0.02444,11.60993,2.02947,0.23729,0.36067,0.39347,0.92292,0.49274,0.39347
22.58677,82.30249,1.06051,0.51075,0.83795,-0.19226,0.83477,0.0,0.0,nan,0.0,0.0098,0.02716,12.02423,2.11386,0.23589,0.42295,0.40182,0.99491,0.47307,0.40182
22.66988,82.36191,2.99015,0.51874,0.85459,0.02407,0.83792,0.0,0.0,nan,0.0,0.01191,0.02844,12.93471,1.85669,0.23829,0.48365,0.53831,1.0,0.53859,0.53831
22.49196,82.24454,4.89327,0.51276,0.81415,0.27248,0.81579,0.0,0.0,nan,0.0,0.0113,0.02769,12.37027,1.7394,0.24617,0.47397,0.65217,1.0,0.57491,0.65217
22.16767,82.04443,6.09245,0.46584,0.73551,0.49195,0.78605,0.0,0.0,nan,0.0,0.00922,0.02745,11.46355,1.93733,0.23301,0.48479,0.44797,0.8139,0.51617,0.44797
24.03094,11.81209,-0.09416,0.94253,-0.13545,-0.30543,0.95901,0.0,0.0,nan,0.0,0.00997,0.04449,21.47099,2.39307,0.2247,0.48999,0.52515,0.49993,0.41787,0.52515
24.11683,11.17795,1.20534,0.9877,-0.14601,-0.05592,0.95779,0.0,0.0,nan,0.0,0.01761,0.04634,20.88752,2.42131,0.23129,0.59931,0.40961,0.69489,0.413,0.40961
24.07133,11.22337,2.4494,0.96776,-0.13007,0.21569,0.95982,0.0,0.0,nan,0.0,0.01411,0.04228,29.79947,2.34857,0.23289,0.65069,0.6229,0.54734,0.42579,0.6229
24.02669,12.70777,-0.15339,0.9556,-0.05676,-0.28917,0.97119,0.0,0.0,nan,0.0,0.00781,0.06345,21.99987,2.35144,0.22785,0.55224,0.8784,0.41261,0.42527,0.8784
24.17164,13.04895,1.0949,0.99672,0.00042,-0.08096,0.98591,0.0,0.0,nan,0.0,0.01934,0.116,18.74602,1.67839,0.23837,0.66611,0.66422,0.27698,0.59581,0.66422
24.03855,12.67943,2.25224,0.98337,-0.06367,0.17009,0.97434,0.0,0.0,nan,0.0,0.0118,0.05775,23.69137,1.6519,0.23891,0.64055,0.58048,0.34603,0.60536,0.58048
24.03096,14.31031,1.3235,0.99949,0.02792,-0.01569,0.99657,0.0,0.0,nan,0.0,0.00471,0.04017,6.82013,1.6519,0.23711,0.29139,0.48314,0.52072,0.60536,0.48314
24.04403,17.33513,-0.52684,0.97411,-0.09166,-0.20665,0.98875,0.0,0.0,nan,0.0,0.01624,0.06082,11.11712,1.89568,0.2346,0.5045,0.41029,0.62434,0.52752,0.41029
24.10148,17.25379,0.94813,0.99686,-0.07611,-0.02185,0.99839,0.0,0.0,nan,0.0,0.01178,0.04098,9.8767,1.87073,0.22186,0.38223,0.33891,0.90439,0.53455,0.33891
24.08691,17.26147,2.58485,0.99425,-0.06678,0.08376,0.99839,0.0,0.0,nan,0.0,0.00922,0.03397,10.39697,1.97969,0.23139,0.32439,0.53583,0.99793,0.50513,0.53583
24.07161,18.87666,-0.61324,0.9726,-0.02368,-0.23128,0.98337,0.0,0.0,nan,0.0,0.00512,0.06813,14.12982,2.17359,0.20947,0.65598,0.89907,0.24983,0.46007,0.89907
24.15112,18.97696,1.0205,0.9991,-0.03708,-0.0207,0.99596,0.0,0.0,nan,0.0,0.0072,0.03328,9.60256,1.81709,0.23213,0.34767,0.31948,0.75162,0.55033,0.31948
24.09178,19.05903,2.91099,0.99156,-0.0588,0.11553,0.9985,0.0,0.0,nan,0.0,0.00943,0.03058,10.81581,1.81709,0.23507,0.36536,0.49649,1.0,0.55033,0.49649
24.09403,19.51567,4.20301,0.96548,-0.06102,0.25322,0.99129,0.0,0.0,nan,0.0,0.00583,0.02924,10.78908,1.75013,0.22845,0.31312,0.40444,0.755,0.57139,0.40444
24.12285,21.11709,-0.6398,0.97599,-0.03761,-0.21453,0.99078,0.0,0.0,nan,0.0,0.00664,0.04295,12.39589,2.06648,0.21731,0.41824,0.67809,0.42957,0.48392,0.67809
24.16898,20.95151,1.08768,0.99734,-0.05246,-0.05053,0.99707,0.0,0.0,nan,0.0,0.00999,0.0374,9.85452,1.88269,0.23431,0.43474,0.55496,0.73935,0.53115,0.55496
24.29779,20.9922,3.01378,0.99049,-0.05798,0.12478,0.99464,0.0,0.0,nan,0.0,0.00566,0.02209,10.33169,1.81709,0.23227,0.31802,0.53107,0.96199,0.55033,0.53107
24.08751,20.94083,4.18412,0.96815,-0.04149,0.24692,0.99545,0.0,0.0,nan,0.0,0.00741,0.02916,10.50916,1.84304,0.23538,0.38952,0.72536,0.77652,0.54258,0.72536
24.23067,23.09672,-0.77113,0.97088,-0.02834,-0.2379,0.99312,0.0,0.0,nan,0.0,0.00639,0.04387,11.24782,1.90345,0.22217,0.32819,0.58539,0.52272,0.52536,0.58539
24.44477,23.00795,1.00097,0.99586,-0.0497,-0.07612,0.99697,0.0,0.0,nan,0.0,0.00759,0.03219,9.78986,1.8478,0.23103,0.37214,0.48531,0.76309,0.54118,0.48531
24.54732,22.99819,3.06389,0.98528,-0.02479,0.16914,0.98601,0.0,0.0,nan,0.0,0.00817,0.02623,9.94881,1.66727,0.23845,0.41031,0.47321,0.91148,0.59978,0.47321
24.07029,22.81441,4.1424,0.95645,0.00098,0.29189,0.99636,0.0,0.0,nan,0.0,0.00697,0.03092,10.5597,1.68271,0.22774,0.35653,0.38861,0.75192,0.59428,0.38861
24.15768,24.96743,-0.57051,0.95595,0.07236,-0.28448,0.9921,0.0,0.0,nan,0.0,0.00967,0.0473,14.93419,1.94998,0.22839,0.5154,0.48509,0.44988,0.51283,0.48509
24.49136,24.99879,1.02192,0.99664,0.03184,-0.07549,0.99586,0.0,0.0,nan,0.0,0.0076,0.03929,9.89396,1.87782,0.23334,0.49294,0.56718,0.47145,0.53253,0.56718
24.41035,24.9458,3.06753,0.97943,0.02363,0.20039,0.99312,0.0,0.0,nan,0.0,0.01476,0.05234,9.18008,1.90434,0.23194,0.50666,0.76255,0.70637,0.52512,0.76255
24.04229,24.81181,4.04889,0.94742,0.01752,0.31952,0.99789,0.0,0.0,nan,0.0,0.01024,0.04401,10.05052,1.69896,0.23322,0.40078,0.69338,0.69611,0.58859,0.69338
24.23324,26.75267,-0.56932,0.94888,0.0532,-0.31113,0.98428,0.0,0.0,nan,0.0,0.00457,0.02031,18.97527,1.76627,0.2325,0.40327,0.37228,0.61647,0.56617,0.37228
24.41882,27.03678,0.90989,0.99411,0.04891,-0.09673,0.99139,0.0,0.0,nan,0.0,0.00302,0.01644,15.15354,1.6519,0.23589,0.37755,0.4036,0.55139,0.60536,0.4036
24.26888,27.0381,3.02267,0.98896,0.05704,0.1368,0.99778,0.0,0.0,nan,0.0,0.00336,0.01859,12.38204,1.75553,0.23302,0.35317,0.41575,0.59381,0.56963,0.41575
24.03469,27.02973,4.04667,0.97482,0.02273,0.22182,0.99636,0.0,0.0,nan,0.0,0.00802,0.03389,10.92026,1.89993,0.22473,0.35025,0.30328,0.79888,0.52634,0.30328
24.02419,29.79885,-2.05707,0.92425,-0.10284,-0.36767,0.95657,0.0,0.0,nan,0.0,0.00724,0.04427,20.02182,3.29903,0.25263,0.66213,0.86912,0.43892,0.30312,0.86912
24.29896,29.29053,-0.8368,0.96109,-0.11228,-0.25239,0.96469,0.0,0.0,nan,0.0,0.00851,0.0363,16.29239,1.89801,0.22807,0.56098,0.77933,0.51777,0.52687,0.77933
24.32643,29.03227,0.92483,0.99779,-0.05372,-0.0392,0.99555,0.0,0.0,nan,0.0,0.00152,0.01223,13.73781,1.6519,0.23137,0.25873,0.36875,0.55126,0.60536,0.36875
24.12577,28.90004,2.96024,0.99267,-0.00461,0.1208,0.9987,0.0,0.0,nan,0.0,0.00351,0.02091,13.16013,1.6519,0.23789,0.29946,0.47964,0.64616,0.60536,0.47964
24.00807,28.13445,4.04805,0.97958,0.01845,0.20018,0.99728,0.0,0.0,nan,0.0,0.00701,0.0337,12.29962,1.6519,0.23354,0.4153,0.43331,0.58213,0.60536,0.43331
24.0139,30.48016,-2.08128,0.94003,0.00091,-0.34109,0.97292,0.0,0.0,nan,0.0,0.00843,0.03349,18.03074,2.36436,0.22825,0.57537,0.72028,0.48577,0.42295,0.72028
24.29002,30.97576,-0.97954,0.96174,0.06878,-0.26518,0.98175,0.0,0.0,nan,0.0,0.00717,0.02652,15.79377,3.32266,0.23845,0.63017,0.75053,0.48382,0.30096,0.75053
24.38412,31.00381,0.97763,0.99847,0.00329,-0.05518,0.98885,0.0,0.0,nan,0.0,0.00596,0.03395,13.43783,3.61341,0.2307,0.56259,0.64763,0.35856,0.27675,0.64763
24.21602,31.02835,2.98943,0.98339,-0.05731,0.17222,0.99545,0.0,0.0,nan,0.0,0.013,0.07616,11.24385,2.90611,0.2313,0.44753,0.61737,0.44912,0.3441,0.61737
24.03159,31.37671,4.33921,0.93193,-0.0783,0.35407,0.98043,0.0,0.0,nan,0.0,0.00269,0.02361,14.30616,2.08074,0.23959,0.36283,0.65372,0.35811,0.4806,0.65372
24.13901,33.38945,-0.4311,0.95391,-0.02794,-0.29878,0.99555,0.0,0.0,nan,0.0,0.00449,0.0167,24.41876,3.40077,0.2338,0.51788,0.39825,0.56115,0.29405,0.39825
24.51156,32.90078,0.91175,0.98918,-0.03763,-0.14182,0.98763,0.0,0.0,nan,0.0,0.00482,0.02871,15.70362,2.07478,0.23333,0.5572,0.59699,0.33976,0.48198,0.59699
24.37823,32.99062,3.03788,0.98803,-0.05322,0.1448,0.99718,0.0,0.0,nan,0.0,0.00739,0.09378,6.87188,1.6519,0.24625,0.56899,0.87364,0.29572,0.60536,0.87364
24.08755,33.05633,4.39547,0.94624,-0.0571,0.31838,0.99048,0.0,0.0,nan,0.0,0.01058,0.06776,13.04611,1.86051,0.23531,0.56398,0.70789,0.31936,0.53749,0.70789
24.01441,35.6273,-2.03878,0.94663,-0.10173,-0.30585,0.99565,0.0,0.0,nan,0.0,0.00535,0.02804,23.26839,1.76182,0.23675,0.52714,0.48349,0.39274,0.5676,0.48349
24.17416,34.8119,-0.92249,0.95192,-0.12376,-0.28022,0.99575,0.0,0.0,nan,0.0,0.01074,0.03835,26.13488,1.6519,0.25283,0.64699,0.50537,0.46591,0.60536,0.50537
24.62104,35.1161,0.99768,0.99389,-0.02374,-0.10776,0.98946,0.0,0.0,nan,0.0,0.00528,0.03025,18.90167,2.41934,0.22467,0.67604,0.75757,0.29245,0.41334,0.75757
24.40297,35.01738,3.02733,0.9854,0.00342,0.17023,0.99657,0.0,0.0,nan,0.0,0.01343,0.05563,5.5054,2.27152,0.2237,0.35932,0.66016,0.91574,0.44023,0.66016
24.12492,34.92559,4.42065,0.93292,0.03273,0.35859,0.98926,0.0,0.0,nan,0.0,0.01088,0.07497,16.02299,1.71703,0.2257,0.5954,0.71886,0.27414,0.5824,0.71886
24.02542,36.58116,-2.08592,0.95349,-0.05598,-0.29619,0.99707,0.0,0.0,nan,0.0,0.00395,0.0276,22.14581,1.74947,0.23945,0.52754,0.50261,0.29574,0.5716,0.50261
24.30713,37.02174,-0.96266,0.97294,-0.04669,-0.22629,0.99606,0.0,0.0,nan,0.0,0.00345,0.026,20.7132,1.7854,0.24044,0.57369,0.75603,0.25868,0.5601,0.75603
24.59477,36.92707,0.99308,0.99577,-0.04068,-0.08236,0.99444,0.0,0.0,nan,0.0,0.00489,0.03845,17.88325,1.87115,0.2383,0.66681,0.77987,0.23431,0.53443,0.77987
24.40557,37.0165,3.05744,0.98238,-0.00201,0.18688,0.99586,0.0,0.0,nan,0.0,0.00599,0.04483,6.82019,2.02634,0.21956,0.31408,0.43326,0.5505,0.4935,0.43326
24.03433,37.13581,4.33044,0.93284,-0.01598,0.35993,0.99474,0.0,0.0,nan,0.0,0.00175,0.02859,15.89495,1.88471,0.22477,0.6864,0.91963,0.21987,0.53059,0.91963
24.03904,39.5534,-2.15664,0.9343,0.04915,-0.35307,0.99606,0.00202,0.01009,0.7,1.0,0.00526,0.02592,11.59014,1.86213,0.23145,0.27272,0.50976,0.87248,0.53702,0.50976
24.36847,39.04647,-0.93823,0.97303,0.01624,-0.2301,0.99525,0.0,0.0,nan,0.0,0.00987,0.03301,9.60918,2.01005,0.23343,0.47411,0.56806,0.76181,0.4975,0.56806
24.6233,39.01521,1.01041,0.99932,0.0253,-0.02696,0.99586,0.0,0.0,nan,0.0,0.00673,0.03054,6.66068,1.95122,0.21863,0.36804,0.43454,0.77885,0.5125,0.43454
24.40854,39.00166,3.04705,0.9806,0.02924,0.19385,0.99657,0.0,0.0,nan,0.0,0.00811,0.04738,8.81002,1.71358,0.22843,0.32736,0.376,0.64142,0.58357,0.376
24.09936,38.91902,4.32564,0.94612,0.02155,0.32309,0.99626,0.0,0.0,nan,0.0,0.01748,0.06708,10.52767,1.88819,0.23551,0.41103,0.59619,0.75449,0.52961,0.59619
24.02531,40.1412,-2.08895,0.93497,0.05484,-0.35046,0.99535,0.0,0.0,nan,0.0,0.00419,0.02548,11.46092,1.95074,0.22392,0.24379,0.34535,0.79305,0.51263,0.34535
24.20646,40.95297,-0.90361,0.97126,0.06159,-0.22992,0.99667,0.0,0.0,nan,0.0,0.00748,0.03408,8.33724,1.90519,0.22405,0.31114,0.54095,0.87437,0.52488,0.54095
24.3313,40.95026,1.01252,0.99737,0.06933,-0.02092,0.99748,0.0,0.0,nan,0.0,0.00845,0.03427,7.25335,2.10884,0.22089,0.32734,0.3734,0.96078,0.47419,0.3734
24.33562,41.00245,3.02456,0.98264,0.05336,0.17768,0.99636,0.0,0.0,nan,0.0,0.0101,0.04068,8.93871,1.73268,0.22863,0.34407,0.50456,0.88319,0.57714,0.50456
24.08506,40.93887,4.2232,0.95096,0.04623,0.30584,0.99657,0.0,0.0,nan,0.0,0.01202,0.03764,10.08845,1.72315,0.2193,0.38267,0.47853,1.0,0.58033,0.47853
24.1802,42.95879,-0.74004,0.97705,0.04505,-0.20821,0.99707,0.0,0.0,nan,0.0,0.01239,0.05656,6.44759,2.03443,0.23069,0.30398,0.3982,0.94441,0.49154,0.3982
24.33016,42.98582,1.04923,0.99881,0.04205,-0.02475,0.99728,0.0,0.0,nan,0.0,0.0108,0.04675,7.12946,1.81709,0.22709,0.32054,0.44262,0.92306,0.55033,0.44262
24.22206,42.97115,2.98953,0.98768,0.03405,0.15273,0.99545,0.0,0.0,nan,0.0,0.01043,0.04285,7.79081,1.66523,0.2193,0.39058,0.46048,0.78339,0.60052,0.46048
24.02051,42.95057,4.17201,0.95929,0.01138,0.28221,0.99647,0.0,0.0,nan,0.0,0.01548,0.05348,9.42909,1.86618,0.2261,0.43021,0.52266,0.81556,0.53585,0.52266
24.08343,44.87923,-0.50807,0.97872,0.05423,-0.1979,0.99657,0.0,0.0,nan,0.0,0.01018,0.04329,6.0692,1.85438,0.2179,0.35965,0.69199,0.86905,0.53926,0.69199
24.27823,44.97436,0.98284,0.99823,0.04683,-0.03674,0.99667,0.0,0.0,nan,0.0,0.00957,0.04219,6.25704,1.6519,0.21783,0.33024,0.58918,0.90617,0.60536,0.58918
24.11974,44.96246,2.9112,0.99108,0.0349,0.12863,0.99789,0.0,0.0,nan,0.0,0.01078,0.0664,6.21919,1.90473,0.2175,0.30514,0.56608,0.70284,0.52501,0.56608
24.01848,44.23253,4.13877,0.96735,0.01474,0.253,0.99667,0.0,0.0,nan,0.0,0.00724,0.0381,8.22876,2.39449,0.22343,0.31063,0.36606,0.76026,0.41763,0.36606
24.11347,46.77548,-0.31262,0.98225,0.06083,-0.17743,0.99515,0.0,0.0,nan,0.0,0.00547,0.03962,5.90594,1.6519,0.22763,0.3312,0.83901,0.78039,0.60536,0.83901
24.12468,47.03245,0.95898,0.99693,0.05862,-0.05184,0.99677,0.00145,0.00727,0.6,1.0,0.00727,0.04419,5.97691,1.83093,0.23265,0.32519,0.77172,0.72552,0.54617,0.77172
24.16136,47.0108,2.80686,0.99419,0.04398,0.09822,0.99789,0.0,0.0,nan,0.0,0.01901,0.08436,5.0437,1.91372,0.22119,0.32606,0.65631,0.96526,0.52254,0.65631
24.00233,48.07497,-0.07069,0.98758,0.05405,-0.14753,0.99626,0.0,0.0,nan,0.0,0.00677,0.0375,5.73828,1.81709,0.22313,0.34533,0.81879,0.90444,0.55033,0.81879
24.06377,48.58974,1.09832,0.99792,0.05253,-0.03725,0.99423,0.00037,0.00183,0.6,1.0,0.01452,0.06321,5.88496,1.6519,0.2263,0.35813,0.78305,0.96117,0.60536,0.78305
24.02513,48.29012,2.3524,0.99712,0.04886,0.05797,0.99667,0.00542,0.02712,0.6,1.0,0.01497,0.09195,5.13139,1.7255,0.23213,0.22656,0.60536,0.99849,0.57954,0.60536
24.00728,51.06818,1.88359,0.99897,0.02219,0.0395,0.99362,0.0,0.0,nan,0.0,0.01469,0.10933,5.41168,1.8176,0.22682,0.18411,0.46021,0.99942,0.55018,0.46021
24.02017,53.28406,0.8105,0.99956,0.01872,-0.02302,0.99098,0.0,0.0,nan,0.0,0.01216,0.11076,5.60949,1.82698,0.22594,0.19503,0.31085,0.76379,0.54735,0.31085
