cx,cy,cz,nx,ny,nz,valid_frac,score,periodic_cover,periodic_period_mm,periodic_straightness,band_score,band_ratio,band_amp_um,peak_freq,spectral_spread,local_coherence,global_coherence,coverage,ridge_period_mm,straightness
-18.04353,1.98121,-0.07879,-0.92006,-0.3562,-0.16311,0.90895,0.0,0.0,nan,0.0,0.0053,0.09997,14.66835,2.3994,0.23594,0.73421,0.9454,0.21888,0.41677,0.9454
-18.15671,1.61729,1.19102,-0.90058,-0.43469,-0.00268,0.86984,0.0,0.0,nan,0.0,0.0059,0.04343,14.88613,1.82173,0.24107,0.67569,0.8318,0.30883,0.54893,0.8318
-18.09337,1.52619,2.68033,-0.86854,-0.46101,0.18194,0.82527,0.0,0.0,nan,0.0,0.00932,0.03451,14.29328,1.63898,0.24193,0.614,0.75012,0.50149,0.61014,0.75012
-18.2495,3.05593,-0.67665,-0.95956,-0.11695,-0.25605,0.9591,0.0,0.0,nan,0.0,0.01253,0.04597,7.59173,1.77517,0.24215,0.47327,0.72902,0.72754,0.56333,0.72902
-18.27672,3.02685,0.95562,-0.99388,-0.1077,-0.02454,0.97733,0.0,0.0,nan,0.0,0.01518,0.10152,8.91694,1.737,0.23833,0.70458,0.58551,0.25975,0.57571,0.58551
-18.12075,3.08105,2.93497,-0.96846,-0.08298,0.23493,0.95859,0.0,0.0,nan,0.0,0.00865,0.08503,10.38149,2.02006,0.22888,0.76215,0.89793,0.30216,0.49503,0.89793
-18.15821,4.99435,-0.68572,-0.98002,0.03487,-0.19581,0.98422,0.0,0.0,nan,0.0,0.01203,0.05203,6.55916,1.64151,0.23764,0.37765,0.31569,0.79927,0.60919,0.31569
-18.17493,4.98382,1.00941,-0.99758,0.06644,0.02037,0.9981,0.0,0.0,nan,0.0,0.01206,0.06247,4.68075,2.05662,0.23523,0.37443,0.42074,0.73609,0.48623,0.42074
-18.07342,4.73785,2.66651,-0.98224,0.05352,0.17981,0.99061,0.0,0.0,nan,0.0,0.00625,0.03882,5.36384,1.81817,0.25117,0.53112,0.54047,0.41631,0.55,0.54047
-18.06298,6.54119,-0.58731,-0.98822,0.0612,-0.1403,0.99142,0.0,0.0,nan,0.0,0.00685,0.04007,6.18601,1.8388,0.23151,0.29619,0.41533,0.76392,0.54383,0.41533
-18.03951,6.49479,0.57646,-0.99681,0.07955,-0.00647,0.99547,0.0,0.0,nan,0.0,0.01033,0.09674,6.16339,2.16542,0.23113,0.52059,0.85282,0.40499,0.4618,0.85282
-18.00193,6.03346,2.05413,-0.99233,0.07771,0.09615,0.9977,0.0,0.0,nan,0.0,0.00708,0.04929,7.35124,1.63898,0.23043,0.44169,0.44305,0.41342,0.61014,0.44305
-18.00607,13.95706,-1.64874,-0.99758,-0.05246,-0.04555,0.99202,0.0,0.0,nan,0.0,0.03179,0.14057,5.5735,1.80288,0.23664,0.3729,0.75079,0.82613,0.55467,0.75079
-18.01458,13.86094,4.55006,-0.90732,0.02254,0.41984,0.90449,0.0,0.0,nan,0.0,0.00679,0.04568,23.81532,2.04559,0.23149,0.50881,0.45006,0.31692,0.48886,0.45006
-18.03082,15.389,-2.49011,-0.99428,-0.05344,-0.0925,0.99628,0.0,0.0,nan,0.0,0.01487,0.1413,6.85982,1.75285,0.23968,0.67633,0.91762,0.4335,0.5705,0.91762
-18.02896,15.16288,-1.01136,-0.99949,-0.03202,-0.00061,0.99375,0.0,0.0,nan,0.0,0.01588,0.08977,4.7484,1.78571,0.2094,0.29575,0.41266,0.8502,0.56,0.41266
-18.0185,15.27754,0.59313,-0.99965,-0.01989,0.01718,0.99344,0.0,0.0,nan,0.0,0.0101,0.06397,3.91356,1.88101,0.22505,0.25649,0.56182,0.93015,0.53163,0.56182
-18.04144,15.31559,3.55036,-0.97335,-0.00842,0.22916,0.9592,0.0,0.0,nan,0.0,0.00365,0.03557,17.73411,2.68539,0.20715,0.52937,0.70284,0.21582,0.37239,0.70284
-18.04566,14.46791,4.31395,-0.92623,0.01648,0.3766,0.91483,0.0,0.0,nan,0.0,0.00397,0.02891,15.66467,3.24955,0.24113,0.50767,0.4207,0.30472,0.30773,0.4207
-18.0129,17.80275,-4.02923,-0.92491,-0.01626,-0.37983,0.95018,0.0,0.0,nan,0.0,0.00322,0.04388,18.43279,1.67103,0.24111,0.25517,0.40143,0.31892,0.59843,0.40143
-18.08428,17.06285,-2.97029,-0.98939,-0.03479,-0.14109,0.98949,0.0,0.0,nan,0.0,0.00824,0.10344,8.05725,1.87233,0.23515,0.40451,0.85538,0.37087,0.5341,0.85538
-18.05757,16.92243,-1.02325,-0.99975,-0.01028,0.01961,0.99446,0.0,0.0,nan,0.0,0.01312,0.05788,4.17504,1.80288,0.23118,0.34022,0.554,0.98515,0.55467,0.554
-18.02019,16.86091,0.51155,-0.99981,0.00118,0.01933,0.9902,0.0,0.0,nan,0.0,0.00721,0.05119,4.09604,1.84481,0.21816,0.24432,0.79421,1.0,0.54206,0.79421
-18.01962,16.98698,3.24588,-0.98436,0.02083,0.17495,0.97754,0.0,0.0,nan,0.0,0.00864,0.06898,10.7678,3.60576,0.25064,0.62178,0.51717,0.23884,0.27733,0.51717
-18.01264,16.53609,4.03189,-0.93605,0.02056,0.35126,0.936,0.0,0.0,nan,0.0,0.00423,0.03673,17.13663,3.24324,0.25097,0.41682,0.40935,0.30873,0.30833,0.40935
-18.06894,19.314,-4.24845,-0.88143,0.01605,-0.47205,0.91786,0.0,0.0,nan,0.0,0.00393,0.03691,30.031,1.98556,0.23237,0.51165,0.85338,0.33159,0.50364,0.85338
-18.14758,18.95588,-3.073,-0.98161,0.0037,-0.19088,0.96771,0.0,0.0,nan,0.0,0.00494,0.06312,21.93107,1.63898,0.26119,0.46792,0.8318,0.24742,0.61014,0.8318
-18.06328,18.9886,-1.3637,-0.99932,-0.00947,0.03562,0.9976,0.0,0.0,nan,0.0,0.00637,0.03065,4.69317,1.71061,0.22944,0.31796,0.75578,0.94978,0.58459,0.75578
-18.00095,19.48733,1.74946,-0.9994,0.00597,0.03399,0.998,0.0,0.0,nan,0.0,0.00913,0.03676,4.60164,2.04861,0.23262,0.49998,0.52231,0.71293,0.48814,0.52231
-18.01293,18.91816,2.74196,-0.99306,0.02926,0.11389,0.98787,0.0,0.0,nan,0.0,0.01932,0.09883,6.04953,1.95834,0.23079,0.68588,0.56686,0.37921,0.51064,0.56686
-18.106,21.00044,-4.32855,-0.87444,-0.06023,-0.48138,0.92009,0.0,0.0,nan,0.0,0.00361,0.03384,30.79777,1.86749,0.22972,0.519,0.87842,0.37191,0.53548,0.87842
-18.21577,20.98147,-3.05444,-0.97896,-0.05035,-0.19774,0.96356,0.0,0.0,nan,0.0,0.0019,0.04093,25.59336,1.80288,0.25435,0.46846,0.90928,0.21813,0.55467,0.90928
-18.10114,20.97273,-1.09683,-0.99827,-0.03211,0.04926,0.99516,0.0,0.0,nan,0.0,0.01097,0.04541,4.74043,1.63898,0.23023,0.48196,0.69555,0.71292,0.61014,0.69555
-18.03732,21.30948,1.4035,-0.99776,-0.01763,0.0645,0.98919,7e-05,0.00033,0.7,1.0,0.00261,0.05494,4.5658,2.20657,0.2328,0.57063,0.92927,0.28048,0.45319,0.92927
-18.03023,21.07557,2.34529,-0.98835,0.02155,0.15066,0.9826,0.0,0.0,nan,0.0,0.00558,0.06299,7.94741,3.01725,0.23079,0.39429,0.72991,0.28141,0.33143,0.72991
-18.1779,22.86878,-4.34712,-0.90552,-0.03311,-0.42301,0.92901,0.0,0.0,nan,0.0,0.00334,0.05007,20.05358,1.63898,0.23692,0.33387,0.45077,0.21949,0.61014,0.45077
-18.25847,23.04192,-3.01485,-0.99158,-0.00873,-0.12924,0.98625,0.0,0.0,nan,0.0,0.02035,0.08139,9.98601,1.85012,0.25409,0.6333,0.7464,0.47398,0.54051,0.7464
-18.18088,23.02159,-0.98802,-0.99871,-0.02531,0.04396,0.99071,0.0,0.0,nan,0.0,0.00833,0.03488,3.19896,2.12595,0.22951,0.39928,0.53151,0.97237,0.47038,0.53151
-18.08346,22.95007,0.98933,-0.99743,-0.02616,0.06666,0.9904,0.0,0.0,nan,0.0,0.00851,0.03479,3.90106,2.18815,0.23555,0.60723,0.60265,0.60958,0.45701,0.60265
-18.05388,22.96102,2.4485,-0.9774,-0.00405,0.21138,0.98473,0.0,0.0,nan,0.0,0.01106,0.0865,7.13901,1.80288,0.23338,0.572,0.74517,0.28628,0.55467,0.74517
-18.03826,24.88546,-4.10593,-0.9271,0.0521,-0.37117,0.97055,0.00091,0.00456,0.51,1.0,0.01674,0.07994,8.01885,1.9055,0.21631,0.35149,0.82232,0.96879,0.5248,0.82232
-18.30076,24.98802,-3.1,-0.98604,0.02092,-0.16517,0.97977,0.0,0.0,nan,0.0,0.01002,0.0514,7.13371,1.6846,0.24071,0.47349,0.83325,0.71831,0.59361,0.83325
-18.14096,25.02328,-0.96096,-0.99937,-0.02839,0.02109,0.96457,0.0,0.0,nan,0.0,0.00662,0.0786,3.92897,1.90863,0.22918,0.72587,0.86435,0.27622,0.52394,0.86435
-18.1696,25.03677,0.96607,-0.99618,-0.03941,0.07787,0.97075,0.0,0.0,nan,0.0,0.0055,0.03848,3.86162,1.92406,0.23386,0.60603,0.68429,0.35812,0.51973,0.68429
-18.09302,25.01499,2.38713,-0.9729,-0.01397,0.23079,0.98321,0.0,0.0,nan,0.0,0.0049,0.05323,4.32633,2.71986,0.24439,0.40631,0.87165,0.54198,0.36767,0.87165
-18.00783,26.15606,-4.02902,-0.91955,0.04037,-0.39089,0.97146,0.02808,0.14039,0.51,1.0,0.02089,0.09701,7.5442,1.93391,0.21906,0.27562,0.70145,0.98827,0.51709,0.70145
-18.23341,26.99461,-3.05287,-0.97394,0.00097,-0.22678,0.95839,0.00707,0.03537,0.51,1.0,0.01347,0.06889,6.47769,1.94337,0.22146,0.33457,0.46717,0.76507,0.51457,0.46717
-18.29644,26.84867,-1.12809,-0.99871,-0.04724,-0.01873,0.96052,0.0,0.0,nan,0.0,0.00708,0.0569,4.48723,1.9325,0.23056,0.45474,0.76401,0.41423,0.51746,0.76401
-18.2923,27.02431,1.07163,-0.99237,-0.04954,0.11287,0.96143,0.0,0.0,nan,0.0,0.01198,0.06194,3.56051,1.86099,0.23524,0.4897,0.456,0.61694,0.53735,0.456
-18.14248,27.06103,2.38208,-0.95937,-0.02857,0.28072,0.97754,0.0,0.0,nan,0.0,0.00823,0.05708,5.17612,1.82017,0.23757,0.35331,0.51222,0.56597,0.5494,0.51222
-18.26768,28.99099,-2.94688,-0.96776,-0.00174,-0.25186,0.9594,0.00221,0.01107,0.51,1.0,0.01569,0.09817,6.23789,1.97599,0.22528,0.26336,0.63306,0.80132,0.50607,0.63306
-18.41504,29.11244,-0.98962,-0.99901,-0.02686,-0.03536,0.96204,0.0,0.0,nan,0.0,0.01146,0.0757,4.79476,1.90541,0.23517,0.53018,0.72263,0.40478,0.52482,0.72263
-18.41166,29.09167,1.03868,-0.99144,-0.02837,0.12744,0.95819,0.0,0.0,nan,0.0,0.00557,0.05337,7.68822,1.78693,0.22494,0.34614,0.7063,0.37992,0.55962,0.7063
-18.14874,29.00271,2.35706,-0.96182,-0.0503,0.26902,0.98463,0.0,0.0,nan,0.0,0.00647,0.05182,8.52976,2.01916,0.21876,0.37903,0.53487,0.40659,0.49526,0.53487
-18.26496,30.99673,-2.95949,-0.96663,0.01545,-0.25569,0.98493,0.05766,0.28831,0.6,1.0,0.02771,0.10854,6.00021,1.74891,0.23018,0.35647,0.67614,0.95498,0.57178,0.67614
-18.45612,30.96878,-1.0841,-0.99883,0.00848,-0.04755,0.98726,0.0,0.0,nan,0.0,0.01377,0.06097,5.2689,1.8513,0.23799,0.39748,0.508,0.78417,0.54016,0.508
-18.44015,30.97953,1.0509,-0.99538,-0.02605,0.09244,0.98574,0.0,0.0,nan,0.0,0.00566,0.05919,7.37512,1.75182,0.22211,0.36884,0.38909,0.32966,0.57083,0.38909
-18.18213,31.11328,2.77949,-0.93637,-0.06864,0.34423,0.96923,0.0,0.0,nan,0.0,0.00717,0.23987,40.96159,2.23053,0.21671,0.24827,0.84053,0.17782,0.44832,0.84053
-18.00727,31.93483,4.07648,-0.77035,-0.03198,0.63682,0.88919,0.0,0.0,nan,0.0,0.00194,0.0375,38.95561,3.24902,0.23839,0.37886,0.86582,0.22801,0.30778,0.86582
-18.19987,32.98378,-2.85035,-0.95911,0.05101,-0.27838,0.98969,0.05495,0.27476,0.6,1.0,0.0233,0.07106,6.46387,1.77071,0.24369,0.42936,0.54531,1.0,0.56474,0.54531
-18.40697,32.99438,-1.03584,-0.99795,0.0044,-0.06383,0.99425,0.1156,0.20115,0.6,0.88291,0.01163,0.06913,5.16992,1.69952,0.23209,0.25383,0.53809,0.91946,0.5884,0.53809
-18.38645,33.03704,0.96383,-0.9992,-0.03022,0.02609,0.99739,0.01919,0.09594,0.6,1.0,0.01644,0.05597,5.89303,1.68891,0.22046,0.51058,0.69844,0.77035,0.5921,0.69844
-18.37285,33.00979,3.0908,-0.90239,0.0617,0.42649,0.90753,0.0,0.0,nan,0.0,0.01095,0.12338,29.84551,3.32011,0.23972,0.69255,0.91111,0.28236,0.30119,0.91111
-18.09334,32.87952,4.12817,-0.71652,0.07026,0.69402,0.82314,0.0,0.0,nan,0.0,0.00604,0.05381,38.62996,3.41144,0.2554,0.35769,0.53846,0.33002,0.29313,0.53846
-18.25747,34.94134,-2.71376,-0.91649,0.18304,-0.35572,0.94866,0.01774,0.0887,0.6,1.0,0.02373,0.11477,10.04856,1.6857,0.23841,0.64088,0.49951,0.38692,0.59322,0.49951
-18.4226,34.9806,-1.01405,-0.98653,0.10011,-0.12934,0.98665,0.0,0.0,nan,0.0,0.01318,0.07355,8.07262,1.63898,0.24844,0.68258,0.82421,0.42976,0.61014,0.82421
-18.49836,35.00941,1.00623,-0.98542,0.11144,0.12858,0.97146,0.0,0.0,nan,0.0,0.01057,0.07542,8.98189,2.0579,0.23421,0.57373,0.34262,0.29876,0.48593,0.34262
-18.38611,34.92867,2.91802,-0.79021,0.26873,0.55077,0.8585,0.0,0.0,nan,0.0,0.00557,0.06163,51.96494,2.73606,0.21199,0.53505,0.81943,0.22564,0.36549,0.81943
-18.12106,36.25705,-2.28839,-0.83788,0.42216,-0.34603,0.88079,0.0,0.0,nan,0.0,0.01073,0.03831,8.81503,3.40014,0.23692,0.57162,0.72024,0.60126,0.29411,0.72024
-18.30067,36.72144,-0.88359,-0.85067,0.50152,-0.15762,0.85404,0.0,0.0,nan,0.0,0.00777,0.03256,10.77264,2.91808,0.25478,0.64014,0.70437,0.44172,0.34269,0.70437
-18.48702,36.90096,1.03987,-0.83085,0.53557,0.15118,0.78231,0.0,0.0,nan,0.0,0.00783,0.02674,10.31096,3.06447,0.23395,0.45393,0.47692,0.76995,0.32632,0.47692
-18.26526,36.52408,2.43132,-0.69865,0.50308,0.50872,0.74007,0.0,0.0,nan,0.0,0.0036,0.08144,22.11238,3.17403,0.22853,0.21362,0.42075,0.22584,0.31506,0.42075
-16.56424,1.23133,-2.53176,-0.55966,-0.54981,-0.62008,0.8738,0.0,0.0,nan,0.0,0.0099,0.04004,11.64275,2.22387,0.23779,0.48444,0.70882,0.59816,0.44967,0.70882
-17.31118,0.62518,-1.11586,-0.63565,-0.70402,-0.31669,0.80187,0.0,0.0,nan,0.0,0.01029,0.02675,13.9859,2.72786,0.23833,0.45814,0.64436,0.96019,0.36659,0.64436
-17.29621,0.37977,1.00236,-0.50547,-0.86249,0.02451,0.83266,0.0,0.0,nan,0.0,0.0152,0.03447,13.28246,3.19476,0.23929,0.50746,0.33271,1.0,0.31301,0.33271
-17.21543,0.65971,3.08606,-0.5075,-0.82273,0.25606,0.80501,0.0,0.0,nan,0.0,0.01374,0.04175,15.5377,2.0094,0.24245,0.46255,0.27592,0.80319,0.49766,0.27592
-16.96248,1.1204,4.78593,-0.49614,-0.59321,0.634,0.73571,0.0,0.0,nan,0.0,0.01837,0.04995,19.61767,1.88289,0.23556,0.54622,0.61687,0.7418,0.5311,0.61687
-16.86394,3.04598,-2.8717,-0.68356,-0.23195,-0.69206,0.9748,0.0,0.0,nan,0.0,0.01929,0.05999,9.1909,2.10334,0.23455,0.41035,0.45291,0.95426,0.47543,0.45291
-17.77681,2.76627,-1.60386,-0.87052,-0.19492,-0.4519,0.95464,0.0,0.0,nan,0.0,0.01313,0.05292,8.70172,1.6556,0.24296,0.40598,0.65603,0.7517,0.60401,0.65603
-17.98363,3.05703,3.91407,-0.88207,-0.09034,0.46238,0.90662,0.0,0.0,nan,0.0,0.02839,0.11961,23.27386,1.88082,0.23254,0.79875,0.6534,0.32269,0.53168,0.6534
-17.09074,3.01926,4.97261,-0.61242,-0.12634,0.78037,0.88838,0.0,0.0,nan,0.0,0.02695,0.08035,25.84533,1.63898,0.23317,0.74066,0.77961,0.5389,0.61014,0.77961
-16.20679,5.43348,-4.16709,-0.58715,-0.21864,-0.77939,0.96437,0.0,0.0,nan,0.0,0.00249,0.05486,33.7233,1.80806,0.24051,0.73856,0.96465,0.20831,0.55308,0.96465
-17.01213,4.95053,-3.13389,-0.75587,-0.1299,-0.6417,0.97429,0.0,0.0,nan,0.0,0.01617,0.05663,8.38771,1.72537,0.23058,0.35363,0.41541,1.0,0.57959,0.41541
-17.88157,4.97314,-1.73906,-0.92434,-0.01644,-0.38122,0.97835,0.0,0.0,nan,0.0,0.01036,0.04915,7.07192,1.63898,0.22993,0.28616,0.43462,0.9446,0.61014,0.43462
-17.91933,5.30586,3.39655,-0.93817,0.05199,0.34225,0.95991,0.0,0.0,nan,0.0,0.01703,0.1403,13.35925,1.83419,0.23402,0.58534,0.72869,0.23844,0.5452,0.72869
-17.13249,4.97132,5.05804,-0.60287,-0.03542,0.79705,0.91797,0.0,0.0,nan,0.0,0.00592,0.03417,31.21661,2.61729,0.24046,0.71453,0.89921,0.49342,0.38207,0.89921
-16.34703,7.07359,-4.32924,-0.65169,-0.07682,-0.75459,0.9591,0.0,0.0,nan,0.0,0.02092,0.09428,17.0929,1.89839,0.23799,0.61784,0.625,0.40109,0.52676,0.625
-17.21657,6.94585,-3.08603,-0.85264,-0.05459,-0.51963,0.98544,0.0,0.0,nan,0.0,0.01379,0.04702,8.46239,1.95005,0.23237,0.49897,0.4555,0.72658,0.51281,0.4555
-17.8605,7.19265,-1.2517,-0.97846,0.02811,-0.20453,0.99162,0.0,0.0,nan,0.0,0.00739,0.04179,6.69271,1.80288,0.23843,0.29667,0.31958,0.77418,0.55467,0.31958
-17.90388,7.19378,1.18158,-0.99663,0.07208,0.03918,0.99679,0.0,0.0,nan,0.0,0.00407,0.03937,8.10789,1.97132,0.22408,0.41089,0.80278,0.37698,0.50727,0.80278
-17.82256,7.03234,2.9677,-0.97851,0.02675,0.20444,0.98625,0.0,0.0,nan,0.0,0.00727,0.14384,11.95959,3.24571,0.23431,0.523,0.90433,0.22276,0.3081,0.90433
-17.09143,6.9071,5.28341,-0.67322,-0.1942,0.71348,0.8897,0.0,0.0,nan,0.0,0.00638,0.04263,30.47635,2.0668,0.23412,0.68313,0.88187,0.40406,0.48384,0.88187
-16.36957,7.66414,6.23365,-0.45149,-0.32348,0.83158,0.93104,0.0,0.0,nan,0.0,0.00747,0.02796,27.05028,3.35952,0.24303,0.43059,0.37574,0.66591,0.29766,0.37574
-16.41283,9.01932,-4.11239,-0.62901,-0.08886,-0.7723,0.96092,0.0,0.0,nan,0.0,0.00831,0.03971,25.23168,1.64906,0.23344,0.51474,0.67192,0.43865,0.60641,0.67192
-17.42213,8.98166,-3.24617,-0.86221,-0.08766,-0.4989,0.95687,0.0,0.0,nan,0.0,0.00222,0.0551,33.89061,1.8982,0.2369,0.76485,0.97857,0.20768,0.52681,0.97857
-17.76208,9.00193,-0.99347,-0.99266,-0.00558,-0.1208,0.99334,0.0,0.0,nan,0.0,0.00882,0.04866,5.90773,1.90396,0.23024,0.34425,0.6953,0.70522,0.52522,0.6953
-17.90823,8.99568,1.02477,-0.99929,0.02649,0.02665,0.99719,0.0,0.0,nan,0.0,0.00355,0.03477,8.62886,1.69733,0.22826,0.33894,0.60888,0.3709,0.58916,0.60888
-17.60241,8.98138,2.95733,-0.99776,-0.00223,0.06683,0.99648,0.0,0.0,nan,0.0,0.00951,0.04105,8.88396,2.0337,0.24027,0.56154,0.62216,0.50565,0.49171,0.62216
-17.71795,8.99123,5.14593,-0.90138,-0.08571,0.42447,0.91098,0.0,0.0,nan,0.0,0.00886,0.06919,40.08769,1.84519,0.2421,0.66963,0.84119,0.28352,0.54195,0.84119
-16.61966,9.03322,6.53085,-0.58431,-0.15744,0.79611,0.88301,0.0,0.0,nan,0.0,0.00931,0.04453,33.69113,1.88521,0.22823,0.57248,0.81405,0.48692,0.53044,0.81405
-16.79218,11.0705,-4.48757,-0.64883,-0.20237,-0.73353,0.95413,0.0,0.0,nan,0.0,0.01182,0.03263,30.46233,2.11065,0.22493,0.5454,0.69581,0.70787,0.47379,0.69581
-17.69506,10.99863,-3.02534,-0.91641,-0.14111,-0.37453,0.95768,0.0,0.0,nan,0.0,0.00847,0.06065,35.42876,1.63898,0.22913,0.57853,0.80882,0.31432,0.61014,0.80882
-17.8378,10.97119,-1.0047,-0.99774,-0.04295,-0.05169,0.99415,0.0,0.0,nan,0.0,0.00966,0.04918,4.86255,1.83271,0.22862,0.27718,0.57484,1.0,0.54564,0.57484
-17.83829,11.04431,1.09367,-0.99944,-0.02179,0.02521,0.99446,0.0,0.0,nan,0.0,0.01799,0.07477,4.85293,1.83295,0.23974,0.56537,0.71798,0.60109,0.54557,0.71798
-17.71269,11.00312,2.95511,-0.99536,-0.02488,0.09293,0.99273,0.0,0.0,nan,0.0,0.00591,0.07319,23.50649,3.39519,0.25752,0.48025,0.79027,0.20933,0.29453,0.79027
-17.2559,11.13923,5.37849,-0.83073,0.02868,0.55593,0.95474,0.0,0.0,nan,0.0,0.01094,0.0433,34.9208,1.71457,0.24224,0.5673,0.67556,0.4707,0.58324,0.67556
-16.34626,10.91637,6.46318,-0.55947,0.07974,0.82501,0.95991,0.0,0.0,nan,0.0,0.01321,0.03478,29.63352,2.18057,0.22272,0.5108,0.42899,0.79348,0.4586,0.42899
-16.18347,13.75821,-6.12674,-0.56092,-0.26905,-0.78293,0.96426,0.0,0.0,nan,0.0,0.0106,0.03441,24.86175,1.87502,0.22497,0.47523,0.54775,0.70013,0.53333,0.54775
-16.8229,12.97835,-4.77784,-0.7207,-0.24763,-0.64751,0.97703,0.0,0.0,nan,0.0,0.01023,0.04415,35.06581,1.85591,0.2289,0.559,0.79976,0.52125,0.53882,0.79976
-17.88991,13.02905,-2.97851,-0.96148,-0.10148,-0.25547,0.97743,0.0,0.0,nan,0.0,0.00527,0.06547,31.53063,1.63898,0.23824,0.41876,0.80515,0.24807,0.61014,0.80515
-17.9273,13.05231,-1.03262,-0.99848,-0.05194,-0.01842,0.99435,0.0,0.0,nan,0.0,0.01286,0.08224,5.09837,1.90142,0.20756,0.2716,0.70629,0.80135,0.52592,0.70629
-17.93374,12.97771,1.12086,-0.99887,-0.04241,0.02126,0.98838,0.01407,0.07036,0.7,1.0,0.01378,0.05994,4.18672,1.80288,0.22713,0.40578,0.54458,0.83745,0.55467,0.54458
-17.81965,12.97598,3.01039,-0.99399,-0.04855,0.0981,0.99283,0.0,0.0,nan,0.0,0.01271,0.09851,13.66996,2.03808,0.2329,0.70915,0.75186,0.20973,0.49066,0.75186
-17.63098,13.02694,5.32555,-0.80241,0.07847,0.59159,0.89872,0.0,0.0,nan,0.0,0.00707,0.0297,35.19153,3.19096,0.24118,0.50849,0.34222,0.49463,0.31339,0.34222
-16.44687,12.95495,6.22091,-0.52876,0.14326,0.8366,0.95484,0.0,0.0,nan,0.0,0.01375,0.03206,32.31563,1.86482,0.22819,0.51248,0.39072,0.88881,0.53625,0.39072
-16.31957,15.09096,-6.265,-0.60229,-0.07419,-0.79482,0.95636,0.0,0.0,nan,0.0,0.01621,0.04731,19.54089,1.95367,0.22433,0.6321,0.51818,0.59758,0.51186,0.51818
-17.3336,15.01096,-5.18304,-0.79837,-0.10805,-0.5924,0.95565,0.0,0.0,nan,0.0,0.00404,0.03347,17.61235,1.91872,0.22991,0.39438,0.59106,0.34073,0.52118,0.59106
-17.96629,14.81373,-3.20205,-0.97436,-0.08535,-0.20816,0.98939,0.0,0.0,nan,0.0,0.00222,0.04905,22.13683,1.8086,0.23518,0.48651,0.89068,0.18469,0.55291,0.89068
-17.95885,14.32659,-0.89327,-0.9992,-0.03948,-0.00563,0.99162,0.0,0.0,nan,0.0,0.01337,0.08775,4.69461,1.87935,0.20308,0.27165,0.6765,0.79986,0.5321,0.6765
-17.98496,14.86494,1.20831,-0.99951,-0.02802,0.01398,0.99172,0.0,0.0,nan,0.0,0.01101,0.06073,4.06852,1.63898,0.2226,0.33188,0.76923,0.86797,0.61014,0.76923
-17.96127,14.80816,2.79815,-0.99453,-0.02298,0.10193,0.98331,0.0,0.0,nan,0.0,0.00387,0.14006,13.10768,1.94466,0.22558,0.75826,0.99633,0.19845,0.51423,0.99633
-17.14012,15.02551,5.18265,-0.70591,0.05028,0.70651,0.94633,0.0,0.0,nan,0.0,0.00448,0.02565,23.01434,2.19092,0.23247,0.4515,0.41844,0.42062,0.45643,0.41844
-16.18186,14.15727,6.00453,-0.46526,0.10511,0.87891,0.97136,0.0,0.0,nan,0.0,0.01031,0.03114,30.11705,2.01242,0.24325,0.48608,0.42398,0.72635,0.49691,0.42398
-16.32444,16.47379,-6.21706,-0.5392,0.06692,-0.83952,0.96862,0.0,0.0,nan,0.0,0.01205,0.03594,19.40219,1.80288,0.23868,0.54782,0.36353,0.67494,0.55467,0.36353
-17.40388,17.11299,-5.35845,-0.73468,0.02811,-0.67783,0.92891,0.0,0.0,nan,0.0,0.0079,0.03661,17.78078,1.9398,0.23517,0.577,0.56502,0.41592,0.51552,0.56502
-17.99762,16.4656,-3.83759,-0.95283,-0.03709,-0.30124,0.97065,0.0,0.0,nan,0.0,0.00569,0.04446,10.79552,1.63898,0.24127,0.43585,0.56504,0.34796,0.61014,0.56504
-17.98754,17.9407,-0.06988,-0.99948,0.00718,0.03159,0.99142,0.0,0.0,nan,0.0,0.00939,0.04509,4.06473,1.80288,0.2377,0.32735,0.59285,0.9489,0.55467,0.59285
-17.98469,17.04323,1.43309,-0.99991,0.00529,0.01216,0.99334,0.0,0.0,nan,0.0,0.01074,0.05201,4.33773,1.8687,0.24241,0.51215,0.82554,0.77682,0.53513,0.82554
-17.99303,16.96765,2.67215,-0.99726,0.0134,0.0728,0.99223,0.0,0.0,nan,0.0,0.00875,0.0617,5.36689,1.83089,0.24063,0.61194,0.63937,0.31813,0.54618,0.63937
-17.38501,17.07343,5.33168,-0.71465,0.04108,0.69827,0.9128,0.0,0.0,nan,0.0,0.00638,0.03751,25.79724,1.83345,0.24154,0.60557,0.80459,0.36689,0.54542,0.80459
-16.20828,16.60283,6.17167,-0.4723,-0.00535,0.88142,0.96335,0.0,0.0,nan,0.0,0.01126,0.03121,33.70818,1.86365,0.23653,0.59462,0.58834,0.6425,0.53658,0.58834
-16.21054,18.78977,-6.17005,-0.48077,0.08187,-0.87301,0.97541,0.0,0.0,nan,0.0,0.00871,0.02513,25.16511,1.91209,0.23804,0.41467,0.32148,0.90226,0.52299,0.32148
-17.18264,19.1396,-5.41425,-0.63601,0.03329,-0.77096,0.9438,0.0,0.0,nan,0.0,0.00667,0.0215,27.48073,1.89006,0.23669,0.44427,0.49266,0.74882,0.52908,0.49266
-17.97445,19.36548,-3.83866,-0.92175,0.01415,-0.38753,0.95292,0.0,0.0,nan,0.0,0.00242,0.03627,30.21095,2.45994,0.23517,0.53092,0.91922,0.29177,0.40651,0.91922
-17.94212,19.01701,-0.4533,-0.99913,-0.00288,0.04172,0.99668,0.0,0.0,nan,0.0,0.01187,0.04183,4.16177,2.05706,0.22326,0.42021,0.6638,1.0,0.48613,0.6638
-17.97859,18.98806,0.98307,-0.99988,0.00137,0.01526,0.9977,0.0,0.0,nan,0.0,0.015,0.05043,4.30347,2.1475,0.23158,0.48909,0.62156,0.89062,0.46566,0.62156
-17.98777,19.08309,3.30816,-0.95444,0.07019,0.29002,0.96021,0.0,0.0,nan,0.0,0.00843,0.15622,18.15857,1.68785,0.23513,0.77932,0.94027,0.19652,0.59247,0.94027
-17.19036,19.00374,5.33524,-0.62038,0.17697,0.76408,0.913,0.0,0.0,nan,0.0,0.00542,0.05499,38.9894,1.74604,0.23938,0.732,0.97846,0.52669,0.57272,0.97846
-16.38064,21.71807,-6.19775,-0.51384,-0.1333,-0.84747,0.98199,0.0,0.0,nan,0.0,0.00953,0.02965,27.60331,1.80288,0.23554,0.40793,0.33391,0.84533,0.55467,0.33391
-16.9252,21.09354,-5.10272,-0.66853,-0.07859,-0.73952,0.98554,0.0,0.0,nan,0.0,0.00925,0.03202,32.30063,2.04194,0.2427,0.42403,0.27538,0.72371,0.48973,0.27538
-17.98056,20.33061,-0.24373,-0.99879,-0.0245,0.04273,0.99679,0.0,0.0,nan,0.0,0.00643,0.03848,3.905,2.189,0.23529,0.50513,0.8711,0.81723,0.45683,0.8711
-17.91929,20.73417,0.6719,-0.99906,-0.026,0.03483,0.99162,0.0,0.0,nan,0.0,0.00552,0.04498,4.21452,1.72358,0.24542,0.58024,0.86828,0.5014,0.58019,0.86828
-17.86463,21.03643,3.37108,-0.91148,0.05182,0.40807,0.94137,0.0,0.0,nan,0.0,0.00206,0.07101,24.43469,3.34918,0.25689,0.48031,0.9671,0.21363,0.29858,0.9671
-17.05927,21.07405,4.98322,-0.61647,0.09253,0.78192,0.93326,0.0,0.0,nan,0.0,0.00464,0.03741,33.79342,1.81864,0.2415,0.68408,0.91337,0.40228,0.54986,0.91337
-16.46376,22.93221,-6.33556,-0.53117,-0.10645,-0.84055,0.9595,0.0,0.0,nan,0.0,0.00767,0.04284,23.36293,1.63898,0.23364,0.38805,0.49903,0.50068,0.61014,0.49903
-17.5083,23.08003,-5.39831,-0.73802,-0.05722,-0.67235,0.93347,0.0,0.0,nan,0.0,0.00569,0.06377,29.10927,1.85937,0.24165,0.34689,0.7813,0.30565,0.53782,0.7813
-17.7433,23.00594,3.40708,-0.90971,0.00466,0.41522,0.96406,0.0,0.0,nan,0.0,0.00584,0.06228,11.04146,3.51806,0.2333,0.49007,0.61255,0.22598,0.28425,0.61255
-16.83116,22.98269,5.00667,-0.67186,-0.05878,0.73835,0.95981,0.0,0.0,nan,0.0,0.00467,0.04993,20.43842,1.75796,0.23845,0.45978,0.74616,0.22326,0.56884,0.74616
-16.25034,24.8613,-6.18228,-0.54118,0.05751,-0.83894,0.98848,0.01154,0.05772,0.51,1.0,0.00946,0.08007,16.77303,1.8207,0.23852,0.70377,0.84664,0.2721,0.54924,0.84664
-17.37158,25.05347,-5.25019,-0.76634,0.07737,-0.63776,0.97024,0.0308,0.04282,0.6,0.83772,0.01766,0.08588,8.04804,1.89558,0.22259,0.32595,0.80831,0.96825,0.52754,0.80831
-17.98942,24.59813,-3.99029,-0.93772,0.04807,-0.34405,0.97865,0.0,0.0,nan,0.0,0.02463,0.0771,7.85081,1.85961,0.23015,0.40626,0.7392,0.98649,0.53775,0.7392
-17.73245,25.00889,3.37272,-0.9181,0.00807,0.39627,0.98696,0.04613,0.04613,0.6,0.52294,0.00733,0.04535,4.28246,1.77724,0.23469,0.26205,0.64949,0.90543,0.56267,0.64949
-16.77682,24.9856,4.95416,-0.76531,-0.00921,0.64359,0.9903,0.0,0.0,nan,0.0,0.02023,0.07183,6.08945,1.86435,0.23761,0.5959,0.75124,0.63031,0.53638,0.75124
-16.15535,26.95592,-6.07746,-0.5396,0.05406,-0.84019,0.98706,0.34015,0.34015,0.51,0.58613,0.0181,0.09419,6.23596,1.93023,0.2299,0.26183,0.44039,0.96953,0.51807,0.44039
-17.25507,27.03247,-5.18002,-0.75554,0.04067,-0.65384,0.9751,0.31708,0.31708,0.51,0.60401,0.02045,0.12481,7.47249,1.98842,0.21041,0.20776,0.3739,1.0,0.50291,0.3739
-17.96545,27.45369,-3.96146,-0.9132,0.01995,-0.40702,0.97409,0.0692,0.34598,0.51,1.0,0.01833,0.1139,6.61605,1.98036,0.21222,0.21347,0.4639,0.98183,0.50496,0.4639
-17.66919,26.99043,3.44257,-0.90343,-0.01603,0.42844,0.98868,0.00394,0.01972,0.51,1.0,0.01495,0.0652,5.09689,1.86725,0.23447,0.39405,0.57033,0.81041,0.53555,0.57033
-16.69524,27.03258,4.98554,-0.77563,-0.03318,0.63032,0.99435,0.00184,0.00921,0.6,1.0,0.01519,0.04763,5.75271,1.72214,0.23853,0.43091,0.35645,0.99753,0.58067,0.35645
-16.13145,29.04252,-6.05868,-0.52347,0.0116,-0.85197,0.97906,0.19754,0.28504,0.51,0.84593,0.01512,0.07393,5.69297,2.14182,0.22612,0.28195,0.44028,0.98012,0.46689,0.44028
-17.25219,29.00084,-5.115,-0.75656,0.00654,-0.65389,0.97359,0.11439,0.46759,0.51,0.98605,0.01844,0.10651,6.75556,1.89826,0.21669,0.22537,0.48463,0.9958,0.5268,0.48463
-17.96789,28.89914,-3.96604,-0.90747,0.00544,-0.42009,0.97723,0.08258,0.41291,0.51,1.0,0.02715,0.13466,6.76057,1.93594,0.22033,0.2701,0.49491,0.96739,0.51654,0.49491
-17.73176,29.04501,3.36712,-0.91482,-0.06132,0.39918,0.99466,0.0,0.0,nan,0.0,0.0091,0.19112,22.63772,2.85854,0.2122,0.20113,0.71365,0.25766,0.34983,0.71365
-16.80869,29.02415,5.05894,-0.74171,0.03309,0.6699,0.97966,0.0,0.0,nan,0.0,0.00195,0.06208,31.45331,3.20067,0.23762,0.52353,0.9663,0.20711,0.31243,0.9663
-16.00122,29.39201,6.01728,-0.55071,0.15558,0.82007,0.93701,0.0,0.0,nan,0.0,0.00266,0.05458,32.17872,2.39233,0.24059,0.70763,0.97121,0.25021,0.418,0.97121
-16.16052,30.9927,-6.10715,-0.51256,0.03615,-0.85789,0.97146,0.0,0.0,nan,0.0,0.02177,0.072,5.56836,1.63898,0.2349,0.42421,0.74276,0.96888,0.61014,0.74276
-17.2282,30.9894,-5.13555,-0.75046,0.03281,-0.6601,0.97115,0.07551,0.07551,0.51,0.70677,0.02075,0.09066,6.14297,1.75834,0.23117,0.30338,0.5018,1.0,0.56872,0.5018
-17.98418,31.24657,-3.91285,-0.90973,0.02848,-0.41423,0.98017,0.07654,0.38268,0.6,1.0,0.03099,0.11399,6.19067,1.73547,0.22589,0.35976,0.60276,0.99972,0.57621,0.60276
-17.90171,30.52761,3.66141,-0.86047,-0.04016,0.50791,0.95312,0.0,0.0,nan,0.0,0.00468,0.08979,50.18001,3.02337,0.22539,0.28433,0.66145,0.19057,0.33076,0.66145
-17.1974,31.05365,5.07098,-0.61497,0.0863,0.78381,0.91037,0.0,0.0,nan,0.0,0.00235,0.02475,34.3257,1.97289,0.2424,0.50522,0.90407,0.39237,0.50687,0.90407
-16.03206,30.05983,6.00279,-0.47968,0.23089,0.84652,0.91503,0.0,0.0,nan,0.0,0.00398,0.04544,39.86454,1.85924,0.24314,0.6299,0.94251,0.38009,0.53785,0.94251
-16.10214,32.3027,-6.03025,-0.48656,0.16868,-0.85721,0.96285,0.0,0.0,nan,0.0,0.00756,0.04026,6.90435,2.36862,0.23106,0.5244,0.76203,0.47997,0.42219,0.76203
-17.07227,33.02888,-5.16107,-0.67128,0.18398,-0.71801,0.95738,0.01355,0.06773,0.6,1.0,0.00268,0.02278,9.1485,2.56795,0.24054,0.39427,0.45791,0.36428,0.38942,0.45791
-17.93683,33.1703,-3.80725,-0.88111,0.10779,-0.46046,0.97075,0.04716,0.23581,0.6,1.0,0.00444,0.04139,9.79909,2.20318,0.22046,0.51556,0.90519,0.49766,0.45389,0.90519
-17.06202,32.92933,4.92015,-0.44086,0.18842,0.87757,0.88322,0.0,0.0,nan,0.0,0.00684,0.03614,41.8266,3.03338,0.23807,0.59979,0.82498,0.4352,0.32967,0.82498
-16.84916,34.91841,-4.69663,-0.57364,0.34385,-0.74344,0.95241,0.0,0.0,nan,0.0,0.00416,0.02081,11.35841,2.21,0.23023,0.50989,0.78247,0.51496,0.45249,0.78247
-17.74944,35.27748,-3.65986,-0.77609,0.30222,-0.55349,0.92171,0.00219,0.01093,0.6,1.0,0.00558,0.04251,11.25827,2.11621,0.23755,0.38871,0.61994,0.3974,0.47254,0.61994
-16.83964,35.4384,3.40416,-0.41921,0.4723,0.77537,0.95393,0.0,0.0,nan,0.0,0.01292,0.03408,35.7329,2.12627,0.23304,0.70002,0.62801,0.57171,0.47031,0.62801
-16.89399,34.59223,4.48144,-0.32908,0.35762,0.87397,0.89152,0.0,0.0,nan,0.0,0.01032,0.03509,44.30251,1.74876,0.24048,0.72319,0.81915,0.54573,0.57184,0.81915
-16.42628,36.33629,-4.24961,-0.43439,0.57232,-0.69552,0.91493,0.0,0.0,nan,0.0,0.00743,0.03626,14.91945,1.95986,0.23999,0.67457,0.80171,0.41281,0.51024,0.80171
-17.1608,36.99844,-3.0734,-0.54492,0.68419,-0.48471,0.85829,0.0,0.0,nan,0.0,0.01982,0.06788,8.28377,2.20173,0.23485,0.58428,0.5042,0.62048,0.45419,0.5042
-17.16127,37.67476,-1.07651,-0.4322,0.88706,-0.16229,0.87187,0.0,0.0,nan,0.0,0.01094,0.03702,10.42649,1.90574,0.23717,0.68193,0.72255,0.51652,0.52473,0.72255
-17.06324,37.60966,0.98168,-0.38925,0.90085,0.19225,0.87785,0.0,0.0,nan,0.0,0.01109,0.0378,13.60955,3.44186,0.24062,0.69221,0.74288,0.48599,0.29054,0.74288
-17.05712,36.99115,3.04948,-0.34148,0.63744,0.6907,0.83287,0.0,0.0,nan,0.0,0.00816,0.02734,37.39202,2.0561,0.23487,0.62232,0.58978,0.50523,0.48636,0.58978
-15.0592,0.8957,-3.12248,-0.27984,-0.67481,-0.68288,0.8821,0.0,0.0,nan,0.0,0.02457,0.07376,12.90984,1.85967,0.22994,0.54528,0.47173,0.70553,0.53773,0.47173
-14.98794,0.02312,-0.99693,-0.0891,-0.9897,-0.11207,0.92739,0.0,0.0,nan,0.0,0.01932,0.07311,14.86091,2.04521,0.24226,0.7381,0.63093,0.40627,0.48895,0.63093
-14.99148,0.55676,0.96707,-0.00445,-0.99484,0.10139,0.99628,0.0,0.0,nan,0.0,0.01578,0.07711,9.79397,2.71784,0.23849,0.54709,0.3661,0.45056,0.36794,0.3661
-15.02563,0.5681,3.01387,-0.02335,-0.98598,0.16524,0.99304,0.0,0.0,nan,0.0,0.01834,0.09738,10.74187,1.8817,0.23843,0.44993,0.30674,0.49653,0.53143,0.30674
-15.0349,1.09192,5.1682,-0.16801,-0.71724,0.67627,0.86873,0.0,0.0,nan,0.0,0.00609,0.03386,19.06082,1.92794,0.23181,0.4515,0.67887,0.44053,0.51869,0.67887
-14.10775,1.87494,6.07126,-0.1794,-0.46969,0.86441,0.8663,0.0,0.0,nan,0.0,0.01118,0.03796,19.34222,2.03778,0.22601,0.50467,0.68185,0.64397,0.49073,0.68185
-14.70489,3.16959,-4.3359,-0.29294,-0.29265,-0.91024,0.98919,0.0,0.0,nan,0.0,0.0051,0.02446,20.99199,2.16884,0.23218,0.46957,0.51633,0.4862,0.46107,0.51633
-15.4626,2.71687,-3.7272,-0.41539,-0.30049,-0.85858,0.97956,0.0,0.0,nan,0.0,0.00729,0.04376,20.95197,2.22818,0.23285,0.6393,0.7739,0.30925,0.4488,0.7739
-15.0861,3.03294,5.9177,-0.3368,-0.15343,0.92899,0.95393,0.0,0.0,nan,0.0,0.01219,0.03604,28.78585,2.13102,0.23767,0.58102,0.51394,0.62272,0.46926,0.51394
-14.19467,3.14773,6.24802,-0.26835,-0.16793,0.94857,0.96052,0.0,0.0,nan,0.0,0.00907,0.02267,31.38106,2.02082,0.22913,0.61213,0.69705,0.69532,0.49485,0.69705
-15.05728,5.00673,-4.78036,-0.39433,-0.30122,-0.8682,0.98493,0.0,0.0,nan,0.0,0.00757,0.02799,24.19536,1.77943,0.23397,0.62565,0.69259,0.46832,0.56198,0.69259
-15.82632,4.26377,-3.99889,-0.49002,-0.24105,-0.83772,0.98443,0.0,0.0,nan,0.0,0.00248,0.03271,27.24512,2.04038,0.23017,0.74205,0.94331,0.28741,0.4901,0.94331
-15.05153,5.01852,5.53758,-0.36506,-0.0102,0.93093,0.9828,0.0,0.0,nan,0.0,0.01266,0.0288,36.89037,2.20776,0.23341,0.62693,0.43062,0.73938,0.45295,0.43062
-14.27159,5.00041,6.41608,-0.3288,-0.01623,0.94426,0.99435,0.0,0.0,nan,0.0,0.01238,0.02607,39.59806,2.05864,0.23175,0.6233,0.46222,0.80013,0.48576,0.46222
-15.04508,6.98284,-5.374,-0.42915,-0.07427,-0.90017,0.936,0.0,0.0,nan,0.0,0.0034,0.02835,23.13294,2.20429,0.23115,0.31413,0.66473,0.41522,0.45366,0.66473
-15.05411,6.61999,5.60616,-0.36397,-0.23659,0.90086,0.96923,0.0,0.0,nan,0.0,0.00944,0.02201,33.44231,2.23768,0.23588,0.55764,0.59004,0.81461,0.44689,0.59004
-14.97704,7.75643,6.36725,-0.33723,-0.34341,0.87655,0.99131,0.0,0.0,nan,0.0,0.00621,0.02285,30.63912,2.31989,0.22767,0.4678,0.38298,0.61889,0.43106,0.38298
-15.01081,8.97938,-4.8145,-0.35121,0.01559,-0.93617,0.99182,0.0,0.0,nan,0.0,0.00822,0.03161,29.91502,1.66263,0.24053,0.48445,0.49772,0.57269,0.60146,0.49772
-15.03378,8.98486,7.34523,-0.31341,-0.22826,0.92178,0.93468,0.0,0.0,nan,0.0,0.00988,0.03858,27.44887,3.18096,0.2395,0.5028,0.71465,0.54619,0.31437,0.71465
-14.14254,11.93108,-6.05242,-0.26405,-0.42914,-0.86378,0.99739,0.0,0.0,nan,0.0,0.01676,0.04433,24.88459,1.80288,0.23037,0.43437,0.30479,0.94003,0.55467,0.30479
-15.03334,10.94955,-5.2212,-0.31037,-0.29855,-0.90252,0.9899,0.0,0.0,nan,0.0,0.01635,0.04138,30.34524,1.69901,0.22644,0.45569,0.35898,0.92413,0.58858,0.35898
-14.92906,11.05673,6.93463,-0.33448,0.13347,0.9329,0.9983,0.0,0.0,nan,0.0,0.01689,0.03471,29.7059,1.9126,0.22896,0.56288,0.56829,0.92276,0.52285,0.56829
-15.07076,13.06815,-6.53841,-0.40266,-0.38396,-0.83093,0.97298,0.0,0.0,nan,0.0,0.01742,0.0443,26.16788,2.06395,0.22906,0.48831,0.51396,0.86687,0.48451,0.51396
-15.43619,12.35717,-5.79571,-0.41663,-0.36618,-0.83206,0.99061,0.0,0.0,nan,0.0,0.01358,0.03485,31.37971,1.99116,0.22847,0.49814,0.55942,0.83222,0.50222,0.55942
-15.67636,13.95446,5.89805,-0.4053,0.12108,0.90613,0.98291,0.0,0.0,nan,0.0,0.01001,0.03404,31.04926,2.03051,0.22881,0.47519,0.39562,0.65872,0.49249,0.39562
-14.98034,13.04735,6.61118,-0.28859,0.17669,0.94101,0.99202,0.0,0.0,nan,0.0,0.01661,0.03557,32.63972,1.77011,0.23054,0.57891,0.50973,0.85597,0.56494,0.50973
-15.02153,14.9819,-6.99883,-0.42168,-0.06002,-0.90476,0.95798,0.0,0.0,nan,0.0,0.01383,0.04769,18.9839,1.80288,0.22837,0.42701,0.55283,0.75054,0.55467,0.55283
-15.28643,14.7728,5.66633,-0.35836,0.04847,0.93232,0.97369,0.0,0.0,nan,0.0,0.01139,0.02917,30.30963,1.89548,0.23019,0.57699,0.58635,0.72125,0.52757,0.58635
-14.72526,15.20743,6.17759,-0.31967,-0.02285,0.94725,0.98797,0.0,0.0,nan,0.0,0.00886,0.02204,31.37015,2.01403,0.23729,0.55589,0.59091,0.76936,0.49652,0.59091
-14.92787,16.99236,-6.5708,-0.3776,0.13328,-0.91633,1.00053,0.0,0.0,nan,0.0,0.00745,0.02608,21.27974,1.68382,0.23322,0.4246,0.5096,0.7358,0.59389,0.5096
-15.65161,17.63999,-5.81332,-0.45673,0.13618,-0.87912,0.99922,0.0,0.0,nan,0.0,0.00785,0.02648,20.85617,2.01439,0.23026,0.43006,0.45926,0.75498,0.49643,0.45926
-15.78785,17.75215,5.71939,-0.48164,0.10235,0.87037,0.99212,0.00674,0.03369,0.7,1.0,0.01702,0.0433,32.04754,1.63898,0.23669,0.59983,0.65169,0.69622,0.61014,0.65169
-15.03638,17.02273,6.86059,-0.41811,-0.01475,0.90828,0.9744,0.01203,0.06013,0.7,1.0,0.01417,0.03657,33.30933,1.86201,0.24319,0.57324,0.47575,0.71639,0.53705,0.47575
-14.89178,18.89623,-6.39971,-0.45253,0.03822,-0.89093,0.99689,0.0,0.0,nan,0.0,0.00615,0.01892,23.0729,3.0295,0.22994,0.38788,0.42939,0.91083,0.33009,0.42939
-15.65713,19.5118,-5.75447,-0.47857,0.00449,-0.87804,0.99375,0.0,0.0,nan,0.0,0.01024,0.0301,28.90015,1.63898,0.23297,0.402,0.27178,0.90486,0.61014,0.27178
-15.60737,19.39393,5.77926,-0.45566,0.22231,0.86195,0.99982,0.01973,0.09864,0.7,1.0,0.01586,0.03906,31.71159,1.86937,0.23501,0.52095,0.78805,0.9433,0.53494,0.78805
-14.73411,18.85994,6.3994,-0.4531,0.20039,0.86865,0.9982,0.01892,0.0946,0.7,1.0,0.01712,0.04766,31.47206,1.63898,0.23127,0.48235,0.69915,0.792,0.61014,0.69915
-14.91497,21.02525,-6.66127,-0.48335,-0.11156,-0.86829,0.9979,0.0,0.0,nan,0.0,0.01329,0.0371,28.56064,1.63898,0.22938,0.41769,0.28626,0.91777,0.61014,0.28626
-15.71363,20.54781,-5.68941,-0.48676,-0.07881,-0.86997,0.9983,0.0,0.0,nan,0.0,0.01049,0.02909,30.23494,2.05597,0.23858,0.39011,0.29114,0.98564,0.48639,0.29114
-15.25644,20.95865,5.40096,-0.44007,0.08843,0.8936,0.98341,0.00129,0.00644,0.7,1.0,0.00793,0.02582,25.21449,1.63898,0.23775,0.47028,0.67938,0.70523,0.61014,0.67938
-14.29079,20.69595,6.25055,-0.45948,0.14535,0.87621,0.9903,0.0688,0.0688,0.7,0.60582,0.00689,0.02545,24.95278,1.66353,0.23688,0.50668,0.56332,0.57728,0.60113,0.56332
-14.99501,22.92179,-6.79816,-0.43144,-0.07568,-0.89896,0.9976,0.0,0.0,nan,0.0,0.00783,0.03632,21.33825,1.66151,0.22738,0.41973,0.56815,0.56142,0.60186,0.56815
-15.69319,22.12871,-5.90982,-0.49924,-0.15345,-0.85277,0.99841,0.0,0.0,nan,0.0,0.0108,0.03546,25.86386,1.63898,0.23779,0.41457,0.28481,0.79128,0.61014,0.28481
-15.29209,22.53639,5.64734,-0.44893,-0.1193,0.88557,0.99435,0.0,0.0,nan,0.0,0.00467,0.02359,22.01813,1.63898,0.24251,0.44658,0.35082,0.48393,0.61014,0.35082
-14.79797,23.33079,6.34479,-0.40242,-0.17655,0.89827,0.98686,0.0,0.0,nan,0.0,0.00278,0.02655,18.39747,1.63898,0.24711,0.64351,0.87074,0.29356,0.61014,0.87074
-15.02055,24.98554,-6.80312,-0.38893,0.06373,-0.91906,0.9981,0.00423,0.02117,0.51,1.0,0.00485,0.05524,12.86228,2.19709,0.22723,0.52832,0.87733,0.32436,0.45515,0.87733
-15.88703,25.08786,5.93846,-0.59971,-0.04501,0.79895,0.97946,0.0,0.0,nan,0.0,0.00758,0.05271,6.54602,1.84598,0.23937,0.59001,0.85288,0.47452,0.54172,0.85288
-14.94943,25.02545,6.435,-0.44081,-0.07845,0.89416,0.98625,0.0,0.0,nan,0.0,0.01261,0.04343,6.63379,2.04605,0.24082,0.58655,0.67855,0.64449,0.48875,0.67855
-14.99819,27.02299,-6.63438,-0.37101,0.07053,-0.92595,0.99861,0.00072,0.00358,0.51,1.0,0.01871,0.10109,5.52513,1.63898,0.23141,0.26877,0.43023,0.93783,0.61014,0.43023
-15.93929,26.74854,5.91786,-0.63355,-0.03076,0.77309,0.98341,0.007,0.03502,0.51,1.0,0.01746,0.06639,5.75167,1.89321,0.22498,0.35904,0.44999,0.98723,0.5282,0.44999
-15.00655,27.01047,6.50373,-0.46951,-0.03045,0.8824,0.98716,0.0,0.0,nan,0.0,0.02129,0.08343,6.54652,1.73666,0.23449,0.36357,0.50866,0.91631,0.57582,0.50866
-15.04272,28.95635,-6.46651,-0.35527,0.02601,-0.9344,0.998,0.01377,0.0305,0.51,0.92143,0.01464,0.073,5.41022,1.92562,0.22669,0.48075,0.705,0.57145,0.51931,0.705
-15.96053,28.1206,5.97596,-0.61737,-0.00262,0.78667,0.97693,0.0,0.0,nan,0.0,0.00546,0.07717,13.7874,1.93609,0.22774,0.65533,0.90424,0.24416,0.51651,0.90424
-15.0532,29.01443,6.55639,-0.39862,0.17275,0.9007,0.93134,0.0,0.0,nan,0.0,0.00571,0.10898,23.21194,2.0023,0.24097,0.63866,0.95213,0.25246,0.49943,0.95213
-15.08498,30.99758,-6.5394,-0.33728,0.03851,-0.94062,0.98736,0.0,0.0,nan,0.0,0.01284,0.04862,4.63457,1.84897,0.23505,0.52914,0.552,0.71425,0.54084,0.552
-15.48377,31.31759,5.34501,-0.28268,0.25291,0.92527,0.98422,0.0,0.0,nan,0.0,0.00597,0.03538,54.25343,1.72065,0.24162,0.80901,0.91351,0.45325,0.58118,0.91351
-14.7378,30.51988,6.24126,-0.27573,0.38289,0.88168,0.97743,0.0,0.0,nan,0.0,0.01146,0.02809,40.38499,3.22471,0.23857,0.73759,0.59745,0.58041,0.31011,0.59745
-14.93497,32.98075,-6.36497,-0.30503,0.2646,-0.91485,0.97713,0.0,0.0,nan,0.0,0.00656,0.02894,9.16022,3.378,0.23596,0.74915,0.70709,0.36851,0.29603,0.70709
-15.68631,33.75716,-5.89151,-0.38375,0.30237,-0.87253,0.97409,0.0,0.0,nan,0.0,0.00298,0.01271,10.36106,2.20816,0.23453,0.54797,0.77045,0.54654,0.45287,0.77045
-14.85297,32.86345,5.03259,-0.15529,0.26709,0.95108,0.98949,0.0,0.0,nan,0.0,0.01535,0.03889,55.60522,1.63898,0.24245,0.63829,0.62075,0.64056,0.61014,0.62075
-14.26795,34.06967,-6.08023,-0.23653,0.35148,-0.90582,0.99537,0.0,0.0,nan,0.0,0.00322,0.01266,11.41279,1.80288,0.23638,0.70338,0.84841,0.61979,0.55467,0.84841
-14.98693,35.03778,-5.20113,-0.28606,0.44871,-0.84666,0.99881,0.0,0.0,nan,0.0,0.00571,0.02473,14.10899,1.8458,0.24048,0.71051,0.89883,0.70807,0.54177,0.89883
-15.42184,35.36375,3.32657,-0.19204,0.48016,0.8559,0.98716,0.0,0.0,nan,0.0,0.00904,0.0228,36.06138,1.9709,0.23789,0.5172,0.36782,0.80961,0.50738,0.36782
-14.94962,34.97703,4.72268,-0.1975,0.4126,0.88925,0.98797,0.0,0.0,nan,0.0,0.00903,0.02528,46.19718,1.90969,0.23398,0.58386,0.62536,0.63858,0.52364,0.62536
-14.96587,36.59604,-4.64059,-0.22446,0.65607,-0.72055,0.94461,0.0,0.0,nan,0.0,0.00444,0.04377,21.39556,2.22738,0.22883,0.83102,0.94204,0.34625,0.44896,0.94204
-15.04566,37.39812,-3.09996,-0.14896,0.90271,-0.40365,0.97602,0.0,0.0,nan,0.0,0.01542,0.06846,7.56017,1.67794,0.2383,0.71564,0.68912,0.39811,0.59597,0.68912
-15.02488,37.79949,-1.00255,-0.06715,0.99406,-0.08563,0.99952,0.06121,0.30603,0.6,1.0,0.02661,0.07537,7.1601,1.85558,0.2404,0.56718,0.58719,0.79641,0.53891,0.58719
-15.00656,37.69905,1.02156,-0.09764,0.97533,0.19797,0.98716,0.04842,0.24208,0.6,1.0,0.00386,0.115,29.31585,3.18102,0.24447,0.72906,0.98925,0.20967,0.31436,0.98925
-14.94234,37.29517,3.35874,-0.2666,0.67386,0.68908,0.88818,0.0,0.0,nan,0.0,0.01081,0.02595,42.19013,2.69503,0.2397,0.67174,0.74669,0.64978,0.37105,0.74669
-14.3289,36.32577,4.24273,-0.20744,0.46495,0.86069,0.93661,0.0,0.0,nan,0.0,0.01177,0.03071,48.3214,2.03651,0.23596,0.59945,0.46684,0.66591,0.49104,0.46684
-14.09842,38.0146,2.77504,-0.19991,0.88491,0.42069,0.85789,0.0,0.0,nan,0.0,0.00517,0.05724,37.97156,1.84734,0.23387,0.61457,0.8973,0.29252,0.54132,0.8973
-13.16579,1.7709,-4.15627,-0.1263,-0.50047,-0.85649,0.94066,0.0,0.0,nan,0.0,0.00818,0.02945,16.87272,2.085,0.23065,0.35489,0.47002,0.87568,0.47962,0.47002
-13.03573,0.69194,-3.32299,-0.03789,-0.77421,-0.6318,0.9052,0.0,0.0,nan,0.0,0.00743,0.03914,18.45808,2.06542,0.22111,0.33433,0.38358,0.62945,0.48416,0.38358
-13.04401,0.26229,-1.01245,0.03484,-0.99768,-0.05843,0.98969,0.01215,0.06074,0.51,1.0,0.01458,0.07992,14.51957,1.80288,0.24721,0.54312,0.58342,0.38204,0.55467,0.58342
-12.9916,0.55946,1.01403,0.00252,-0.99523,0.09756,1.00013,0.15958,0.16544,0.6,0.76108,0.02104,0.06056,7.83327,2.00942,0.21312,0.47702,0.70889,0.91414,0.49766,0.70889
-12.9902,0.56308,3.02218,0.02355,-0.98942,0.14315,0.99972,0.00343,0.01714,0.7,1.0,0.01332,0.04717,7.22806,1.83385,0.2273,0.43479,0.49911,0.82904,0.5453,0.49911
-12.97394,1.08993,5.11734,-0.0075,-0.8358,0.54898,0.93529,0.0,0.0,nan,0.0,0.00332,0.06974,14.32906,1.72839,0.24285,0.21779,0.57714,0.24915,0.57857,0.57714
-13.02973,1.82669,6.18494,-0.06731,-0.52753,0.84686,0.87825,0.0,0.0,nan,0.0,0.01736,0.06672,27.07754,1.80288,0.22916,0.73241,0.75179,0.3838,0.55467,0.75179
-12.95831,3.05025,-4.51124,-0.19318,-0.36652,-0.91014,0.99709,0.0,0.0,nan,0.0,0.00682,0.02425,21.18334,2.19942,0.23014,0.44424,0.46601,0.6929,0.45467,0.46601
-12.25841,2.04568,-3.95565,-0.10794,-0.52679,-0.84312,0.97743,0.0,0.0,nan,0.0,0.0127,0.03326,17.11909,2.03343,0.2285,0.45558,0.35341,0.93597,0.49178,0.35341
-13.0097,3.00895,6.70517,-0.13502,-0.24799,0.95931,0.91148,0.0,0.0,nan,0.0,0.00937,0.02293,26.13524,2.04978,0.23032,0.56925,0.46408,0.77238,0.48786,0.46408
-12.29295,5.92777,-6.02776,-0.24241,-0.24439,-0.93889,0.96548,0.0,0.0,nan,0.0,0.00828,0.03152,20.24114,1.90836,0.22823,0.55228,0.48165,0.52242,0.52401,0.48165
-13.01224,5.07672,-4.96793,-0.26726,-0.36605,-0.89139,0.99699,0.0,0.0,nan,0.0,0.01002,0.02625,21.75935,1.90766,0.23202,0.58877,0.44169,0.70785,0.5242,0.44169
-13.88605,4.79345,-3.98417,-0.29632,-0.34425,-0.89089,0.96467,0.0,0.0,nan,0.0,0.00603,0.01903,21.35986,1.85609,0.23175,0.51362,0.58172,0.67533,0.53877,0.58172
-12.6741,4.77072,5.90308,-0.17283,-0.01918,0.98476,0.98888,0.0,0.0,nan,0.0,0.01201,0.02777,38.10354,1.63898,0.24132,0.68017,0.60779,0.66883,0.61014,0.60779
-12.98472,5.1063,6.52216,-0.22073,-0.02908,0.9749,0.98402,0.0,0.0,nan,0.0,0.01228,0.02471,37.51512,1.87804,0.23402,0.6146,0.46406,0.85196,0.53247,0.46406
-12.72922,6.90842,-6.20348,-0.24132,-0.02395,-0.97015,0.93063,0.0,0.0,nan,0.0,0.01297,0.04197,17.89095,2.76026,0.23125,0.54635,0.69849,0.62899,0.36228,0.69849
-13.61111,7.1692,-5.95668,-0.28184,0.00889,-0.95942,0.93306,0.0,0.0,nan,0.0,0.00734,0.03908,23.13687,2.2316,0.22792,0.62038,0.5744,0.32875,0.44811,0.5744
-13.8026,7.01723,5.71033,-0.31171,-0.28798,0.90549,0.90854,0.0,0.0,nan,0.0,0.00602,0.01811,36.14937,1.94718,0.22577,0.46847,0.45292,0.74914,0.51356,0.45292
-13.0532,6.94965,6.72728,-0.21073,-0.27012,0.93948,0.98291,0.0,0.0,nan,0.0,0.00666,0.02089,36.59298,1.91953,0.23409,0.52929,0.39639,0.63544,0.52096,0.39639
-12.15716,8.04575,-6.02951,-0.23758,0.11748,-0.96424,0.99344,0.0,0.0,nan,0.0,0.0082,0.03663,20.17802,1.90854,0.23945,0.55389,0.45735,0.4444,0.52396,0.45735
-12.93729,8.9219,-5.1356,-0.23656,0.0908,-0.96736,0.96903,0.0,0.0,nan,0.0,0.00844,0.03587,24.54349,1.95154,0.23552,0.47106,0.69086,0.54041,0.51241,0.69086
-13.24766,8.89905,7.76411,-0.23369,-0.24791,0.94018,0.94897,0.0,0.0,nan,0.0,0.01138,0.03218,23.71143,1.83052,0.24059,0.57353,0.72583,0.66883,0.54629,0.72583
-12.35239,9.77324,8.03214,-0.24972,-0.10719,0.96237,0.95018,0.0,0.0,nan,0.0,0.00859,0.03332,21.45055,2.65714,0.22879,0.39332,0.47187,0.7164,0.37634,0.47187
-12.68349,11.97715,-6.00217,-0.26798,-0.4447,-0.85465,0.98524,0.0,0.0,nan,0.0,0.01281,0.04308,25.96794,1.69134,0.2404,0.45634,0.31329,0.70164,0.59125,0.31329
-13.006,10.97198,-5.49667,-0.26393,-0.32231,-0.9091,0.96771,0.0,0.0,nan,0.0,0.00894,0.03032,24.31194,2.05616,0.23922,0.42238,0.40418,0.75531,0.48634,0.40418
-12.86308,11.00473,7.28934,-0.27979,0.15457,0.94754,0.99456,0.0,0.0,nan,0.0,0.011,0.02981,29.61232,2.00671,0.23432,0.4953,0.68761,0.79555,0.49833,0.68761
-12.2473,10.84638,8.17668,-0.28151,0.12474,0.95142,0.95292,0.0,0.0,nan,0.0,0.00339,0.02607,27.38754,2.05338,0.23509,0.5661,0.88837,0.44173,0.487,0.88837
-12.97518,13.00772,-6.78839,-0.23644,-0.42566,-0.87345,0.99972,0.0,0.0,nan,0.0,0.00983,0.03163,22.15802,1.8609,0.23551,0.43927,0.25059,0.77138,0.53738,0.25059
-12.95494,12.05833,-5.94495,-0.25095,-0.45059,-0.85673,0.98331,0.0,0.0,nan,0.0,0.0112,0.04146,25.43379,1.80288,0.2329,0.3976,0.40009,0.73272,0.55467,0.40009
-12.90939,13.0024,6.88972,-0.24005,0.19904,0.95014,0.99121,0.0,0.0,nan,0.0,0.01059,0.0247,32.77757,2.12967,0.2339,0.66009,0.62488,0.68916,0.46956,0.62488
-12.047,12.04692,8.03375,-0.25993,0.25123,0.93237,0.98037,0.0,0.0,nan,0.0,0.00513,0.02415,30.84021,1.80288,0.23863,0.66233,0.78453,0.3838,0.55467,0.78453
-13.06474,14.95832,-7.66188,-0.20683,-0.05271,-0.97696,0.95464,0.0,0.0,nan,0.0,0.01532,0.041,16.85006,2.02217,0.22306,0.50393,0.52113,0.8294,0.49452,0.52113
-13.79231,15.24696,5.863,-0.29033,-0.1037,0.95129,0.91483,0.0,0.0,nan,0.0,0.0134,0.03156,36.95491,1.65037,0.23737,0.63854,0.55869,0.70087,0.60593,0.55869
-13.02806,14.95844,6.65191,-0.29682,-0.08504,0.95114,0.97733,0.0,0.0,nan,0.0,0.01259,0.02834,35.37498,1.92559,0.23147,0.59576,0.53961,0.78798,0.51932,0.53961
-12.98331,17.03124,-7.09734,-0.23721,0.11571,-0.96454,0.99486,0.0,0.0,nan,0.0,0.00968,0.02622,21.95644,1.91819,0.22429,0.51987,0.52812,0.77526,0.52133,0.52812
-13.09474,16.95926,7.60022,-0.34056,-0.11251,0.93347,0.97247,0.00535,0.02677,0.7,1.0,0.01507,0.03953,27.13782,1.63898,0.24166,0.59147,0.6141,0.69193,0.61014,0.6141
-13.17531,18.98639,-7.50502,-0.2602,-0.04833,-0.96434,0.97115,0.0,0.0,nan,0.0,0.00892,0.02353,24.01344,2.03448,0.2273,0.42032,0.48386,0.97723,0.49153,0.48386
-13.11509,19.00896,7.2888,-0.40861,0.16444,0.89777,0.99506,0.02984,0.14921,0.7,1.0,0.01674,0.04381,21.47046,2.15841,0.23973,0.4555,0.72136,0.91667,0.4633,0.72136
-13.11413,21.02329,-7.70924,-0.2761,-0.06566,-0.95888,0.97369,0.0,0.0,nan,0.0,0.00547,0.02095,23.00755,2.05626,0.23122,0.40894,0.38674,0.6945,0.48632,0.38674
-13.65113,21.70744,5.80283,-0.42958,0.0069,0.903,0.95393,0.0,0.0,nan,0.0,0.00716,0.02874,22.27588,2.18626,0.22853,0.53883,0.49446,0.50416,0.4574,0.49446
-13.00373,20.97382,6.86797,-0.409,0.15814,0.89873,0.99111,0.00802,0.0401,0.7,1.0,0.00833,0.02208,19.48138,2.01616,0.23176,0.57694,0.59416,0.72107,0.49599,0.59416
-13.12561,22.95911,-7.67315,-0.2631,-0.03987,-0.96394,0.9902,0.0,0.0,nan,0.0,0.00502,0.02132,18.92642,1.80288,0.23691,0.45899,0.43545,0.56659,0.55467,0.43545
-13.74166,22.1348,5.92362,-0.40383,-0.06297,0.91266,0.97298,0.0,0.0,nan,0.0,0.00709,0.02242,20.78284,2.20904,0.22325,0.56341,0.77021,0.65832,0.45268,0.77021
-13.00066,22.97991,6.67082,-0.30981,-0.09529,0.94601,0.99527,0.00032,0.00158,0.6,1.0,0.00237,0.01604,19.12203,3.0435,0.2337,0.72381,0.93342,0.54712,0.32857,0.93342
-13.0028,25.00596,-7.37151,-0.28235,0.09513,-0.95458,0.99982,0.0,0.0,nan,0.0,0.00572,0.04756,8.481,1.80288,0.24612,0.28329,0.54104,0.5243,0.55467,0.54104
-13.06187,25.01513,6.98975,-0.25615,-0.09694,0.96176,0.99912,0.0,0.0,nan,0.0,0.02292,0.08172,7.45997,2.081,0.22056,0.3563,0.31997,0.99829,0.48054,0.31997
-12.97946,26.93767,-7.17671,-0.26132,0.10859,-0.95913,1.00043,0.0,0.0,nan,0.0,0.01673,0.08523,5.03624,1.67679,0.23148,0.28908,0.6993,0.94865,0.59638,0.6993
-12.99726,26.98888,7.07336,-0.24969,-0.03021,0.96785,1.00053,0.0,0.0,nan,0.0,0.04461,0.13092,6.93127,1.80288,0.23226,0.45336,0.49767,0.96838,0.55467,0.49767
-12.96698,28.99429,-6.94204,-0.22627,0.06973,-0.97156,0.998,0.0,0.0,nan,0.0,0.01493,0.07044,4.40211,1.75299,0.22478,0.32347,0.4524,0.95287,0.57046,0.4524
-12.98081,29.08085,7.186,-0.27659,0.2217,0.93507,0.96832,0.0,0.0,nan,0.0,0.00325,0.07556,28.50438,2.40283,0.2375,0.72717,0.96481,0.20269,0.41618,0.96481
-13.06107,30.99249,-6.88849,-0.18169,0.06265,-0.98136,0.99851,0.0,0.0,nan,0.0,0.01625,0.04857,4.45019,2.13981,0.23439,0.51302,0.42749,0.94525,0.46733,0.42749
-12.71553,31.08833,5.23809,-0.32612,0.36435,0.87229,0.8816,0.0,0.0,nan,0.0,0.00854,0.03468,46.70931,1.816,0.24227,0.75418,0.79617,0.39946,0.55066,0.79617
-12.86565,30.56747,6.43945,-0.31016,0.38269,0.87026,0.99749,0.0,0.0,nan,0.0,0.0064,0.03025,40.29089,1.6915,0.24167,0.76046,0.81746,0.37249,0.59119,0.81746
-13.02517,33.09062,-6.75047,-0.16915,0.27329,-0.94694,0.9899,0.0,0.0,nan,0.0,0.00531,0.02672,8.54032,2.19855,0.23725,0.73283,0.70638,0.33455,0.45485,0.70638
-12.91938,32.97798,5.60176,-0.3037,0.34006,0.89001,0.99841,0.0,0.0,nan,0.0,0.0054,0.02889,54.56756,2.69711,0.24185,0.75181,0.85227,0.38289,0.37077,0.85227
-12.04444,32.12868,6.05395,-0.36546,0.32164,0.87349,0.99587,0.0,0.0,nan,0.0,0.0039,0.03868,48.31571,1.88414,0.23748,0.72306,0.90787,0.29359,0.53075,0.90787
-12.87156,34.26286,-6.22493,-0.17511,0.37223,-0.91147,0.99729,0.0,0.0,nan,0.0,0.00266,0.01964,13.15271,1.63898,0.23773,0.72207,0.95446,0.62461,0.61014,0.95446
-13.05706,35.18439,-5.69679,-0.1735,0.48174,-0.85897,0.99689,0.0,0.0,nan,0.0,0.00373,0.02384,15.63337,1.63898,0.23198,0.68634,0.93414,0.62583,0.61014,0.93414
-12.67629,34.59465,3.89747,-0.20139,0.3901,0.89848,0.91351,0.0,0.0,nan,0.0,0.0079,0.0257,42.43356,2.18658,0.23411,0.64519,0.67594,0.49871,0.45734,0.67594
-13.18622,34.57769,4.60595,-0.21996,0.37705,0.8997,0.99273,0.0,0.0,nan,0.0,0.00827,0.02521,42.70571,1.84852,0.239,0.63534,0.55552,0.54017,0.54097,0.55552
-12.97123,36.71196,-4.90432,-0.14105,0.70798,-0.692,0.96325,0.0,0.0,nan,0.0,0.00397,0.06242,23.34556,1.66505,0.24124,0.88411,0.98575,0.3183,0.60058,0.98575
-12.9733,37.48286,-2.99224,-0.11265,0.93866,-0.32592,0.9978,0.02411,0.12053,0.6,1.0,0.02209,0.05587,6.74715,1.66303,0.24471,0.57652,0.46878,0.88911,0.60131,0.46878
-13.14717,37.87078,-1.02393,-0.10774,0.99129,-0.0757,0.998,0.13428,0.45469,0.6,0.97021,0.01549,0.05548,6.38048,1.64622,0.23824,0.38581,0.48062,0.95065,0.60745,0.48062
-13.01242,37.84147,1.01852,-0.08288,0.99403,0.07102,0.99841,0.03324,0.16621,0.6,1.0,0.0107,0.07557,14.73748,3.33571,0.25578,0.60478,0.77695,0.29105,0.29979,0.77695
-12.99202,37.64145,3.12933,-0.13608,0.82339,0.55092,0.86812,0.0,0.0,nan,0.0,0.01302,0.07653,39.76306,1.63898,0.24399,0.67793,0.89249,0.48456,0.61014,0.89249
-12.96313,36.71375,4.56322,-0.17579,0.494,0.85151,0.91574,0.0,0.0,nan,0.0,0.00996,0.02832,43.21876,3.3404,0.23715,0.62918,0.55175,0.58489,0.29937,0.55175
-12.05899,38.01507,-2.10763,-0.14761,0.97047,-0.19077,0.98767,0.05975,0.22273,0.6,0.97867,0.01239,0.04464,6.26369,1.80288,0.23338,0.36678,0.64211,0.998,0.55467,0.64211
-12.17908,38.06065,-0.87295,-0.12647,0.99081,-0.04797,0.9981,0.23505,0.23505,0.6,0.58493,0.0138,0.04559,6.43538,1.80288,0.24773,0.40519,0.52324,0.97905,0.55467,0.52324
-12.20757,38.01286,0.11549,-0.09583,0.99497,0.02934,0.99912,0.03238,0.16188,0.6,1.0,0.00942,0.06825,8.03566,1.83067,0.24554,0.44951,0.85942,0.5904,0.54625,0.85942
-13.48679,38.05787,2.76912,-0.15492,0.9069,0.39184,0.86691,0.0,0.0,nan,0.0,0.00928,0.04903,28.26049,1.8821,0.22891,0.47387,0.70775,0.42771,0.53132,0.70775
-10.66981,1.75214,-4.1986,0.0201,-0.61891,-0.7852,0.97835,0.0,0.0,nan,0.0,0.01237,0.02769,18.61632,2.22245,0.22831,0.55424,0.70132,0.89286,0.44995,0.70132
-11.08554,0.78698,-3.25427,0.01147,-0.80969,-0.58674,0.94623,0.0,0.0,nan,0.0,0.01039,0.03931,19.25053,2.17024,0.23045,0.49505,0.52008,0.58929,0.46078,0.52008
-10.99472,0.22195,-1.02216,-0.02477,-0.99638,-0.08127,0.98736,0.02987,0.14935,0.51,1.0,0.00641,0.07235,18.95066,1.85298,0.23583,0.47509,0.68021,0.2063,0.53967,0.68021
-10.95592,0.40929,1.01136,-0.00888,-0.99331,0.11517,0.99962,0.13388,0.13388,0.6,0.6214,0.02643,0.07585,7.34224,1.8845,0.22441,0.46215,0.7124,0.95937,0.53064,0.7124
-11.01798,0.73493,3.02751,0.05723,-0.97882,0.19654,0.99952,0.00426,0.02132,0.7,1.0,0.00937,0.03497,6.60726,1.84302,0.22227,0.34918,0.45717,1.0,0.54259,0.45717
-11.01474,1.29148,5.0654,0.08844,-0.8379,0.53861,0.96011,0.0,0.0,nan,0.0,0.005,0.07275,13.07658,1.90181,0.23051,0.54554,0.87561,0.2427,0.52581,0.87561
-11.29008,1.95569,6.1004,0.05145,-0.58627,0.80848,0.91746,0.0,0.0,nan,0.0,0.00888,0.0627,22.73522,1.63898,0.2361,0.60797,0.81668,0.32212,0.61014,0.81668
-11.05147,2.95476,-4.94132,-0.0969,-0.48032,-0.87173,0.98513,0.0,0.0,nan,0.0,0.01197,0.02746,18.25462,2.05967,0.23115,0.52824,0.477,0.91585,0.48551,0.477
-10.98127,3.03406,6.57324,0.01922,-0.29052,0.95668,0.95474,0.0,0.0,nan,0.0,0.00499,0.02114,20.02731,2.03961,0.23038,0.46004,0.45691,0.5647,0.49029,0.45691
-10.92084,5.54632,-6.21682,-0.16294,-0.28203,-0.94547,0.97196,0.0,0.0,nan,0.0,0.00946,0.02815,15.52027,2.3574,0.22588,0.43393,0.45868,0.87408,0.4242,0.45868
-11.10001,4.66677,-5.60836,-0.18473,-0.3945,-0.90013,0.99294,0.0,0.0,nan,0.0,0.01252,0.03534,17.01074,1.8813,0.23378,0.51063,0.62963,0.77519,0.53155,0.62963
-10.10198,5.0993,5.92249,-0.08563,-0.067,0.99407,0.92242,0.0,0.0,nan,0.0,0.00594,0.01409,21.89978,2.19405,0.22146,0.4868,0.34376,0.94552,0.45578,0.34376
-10.90076,4.96378,6.70331,-0.01102,-0.06199,0.99802,0.9977,0.0,0.0,nan,0.0,0.00586,0.01327,22.99073,1.63898,0.22815,0.48764,0.24305,0.98537,0.61014,0.24305
-10.95565,6.94971,-6.32868,-0.15616,-0.01783,-0.98757,0.98088,0.0,0.0,nan,0.0,0.01584,0.04885,15.44962,1.63898,0.24968,0.59879,0.55613,0.61182,0.61014,0.55613
-10.87124,7.84113,-5.91933,-0.19601,0.06487,-0.97845,0.98868,0.0,0.0,nan,0.0,0.00713,0.03224,16.35695,2.04153,0.23269,0.53784,0.58412,0.46117,0.48983,0.58412
-10.99015,7.13489,6.74831,-0.05608,-0.32951,0.94249,0.97906,0.0,0.0,nan,0.0,0.00745,0.02235,26.44827,2.06851,0.23976,0.41219,0.54838,0.86957,0.48344,0.54838
-10.41315,9.10927,-6.04978,-0.2785,-0.1134,-0.95372,0.9744,0.0,0.0,nan,0.0,0.01027,0.03099,18.64859,2.10042,0.23665,0.44474,0.36633,0.82486,0.4761,0.36633
-11.31145,8.99408,-5.68339,-0.28807,-0.00244,-0.95761,0.9671,0.0,0.0,nan,0.0,0.00703,0.03292,21.39742,1.91261,0.23126,0.44456,0.50209,0.52523,0.52285,0.50209
-11.12795,8.45199,7.77629,-0.1228,-0.4085,0.90446,0.99071,0.0,0.0,nan,0.0,0.00965,0.02933,20.64678,3.3954,0.25017,0.58379,0.44312,0.61806,0.29452,0.44312
-10.90566,9.42585,8.24568,-0.16695,-0.26949,0.94842,0.94826,0.0,0.0,nan,0.0,0.01383,0.04854,24.84558,1.80288,0.25592,0.66489,0.45661,0.4629,0.55467,0.45661
-10.98034,11.03155,-6.86126,-0.33497,-0.34299,-0.87759,0.99172,0.0,0.0,nan,0.0,0.0115,0.03999,24.96644,1.88541,0.2272,0.41771,0.42751,0.74332,0.53039,0.42751
-11.74837,10.41515,-5.83371,-0.32929,-0.26162,-0.90726,0.97814,0.0,0.0,nan,0.0,0.00788,0.02912,24.83196,3.11473,0.23362,0.3951,0.46409,0.73996,0.32106,0.46409
-10.59791,11.78303,7.80643,-0.23027,0.22933,0.94572,0.99385,0.0,0.0,nan,0.0,0.00753,0.02439,28.57956,1.63898,0.23917,0.63319,0.7848,0.58715,0.61014,0.7848
-10.99379,11.05793,8.60633,-0.2158,0.17359,0.96088,0.93438,0.0,0.0,nan,0.0,0.00435,0.02826,24.36701,2.07453,0.2411,0.59312,0.82388,0.36749,0.48204,0.82388
-11.02823,12.95534,-7.21443,-0.21679,-0.30057,-0.92879,0.99952,0.0,0.0,nan,0.0,0.00805,0.02715,23.29153,1.96139,0.22605,0.5512,0.80499,0.70883,0.50984,0.80499
-10.84449,13.11236,7.50448,-0.24915,0.20137,0.9473,0.9902,0.0,0.0,nan,0.0,0.00874,0.02082,32.74531,1.63898,0.2407,0.66368,0.78785,0.76383,0.61014,0.78785
-11.44839,12.43056,8.18143,-0.25532,0.24948,0.93411,0.98108,0.0,0.0,nan,0.0,0.00495,0.02033,30.85045,1.65079,0.24251,0.66111,0.83719,0.54366,0.60577,0.83719
-10.0144,15.54447,-8.00425,-0.11936,0.0067,-0.99283,0.99212,0.0,0.0,nan,0.0,0.00688,0.03332,18.78762,1.76464,0.2424,0.4795,0.60575,0.47624,0.56669,0.60575
-11.0162,15.00315,-7.84562,-0.10776,-0.05651,-0.99257,0.98797,0.0,0.0,nan,0.0,0.0128,0.05079,19.88243,3.39847,0.239,0.61256,0.74921,0.45286,0.29425,0.74921
-11.0876,15.01414,7.43594,-0.25331,-0.13545,0.95785,0.98554,0.0,0.0,nan,0.0,0.00904,0.02697,28.90447,1.7429,0.23392,0.55821,0.43965,0.64172,0.57376,0.43965
-10.0615,14.45277,8.03503,-0.23485,-0.02693,0.97166,0.99375,0.0,0.0,nan,0.0,0.00987,0.02205,28.88852,1.74675,0.23907,0.63755,0.58944,0.75064,0.57249,0.58944
-11.03493,17.00514,-7.3778,-0.14114,0.09066,-0.98583,0.99223,0.0,0.0,nan,0.0,0.00493,0.01642,19.42142,1.87551,0.22992,0.46463,0.65391,0.71213,0.53319,0.65391
-11.3027,16.36615,7.89212,-0.26869,-0.14295,0.95256,0.99273,0.0,0.0,nan,0.0,0.00697,0.03005,24.18929,1.65205,0.24121,0.6563,0.86324,0.60018,0.60531,0.86324
-10.90005,17.15898,8.19342,-0.21041,-0.07159,0.97499,0.9824,0.0,0.0,nan,0.0,0.0069,0.02591,19.61465,1.99569,0.23478,0.70972,0.86934,0.66851,0.50108,0.86934
-11.08979,18.87454,-7.1319,-0.1443,-0.0507,-0.98823,0.98706,0.0,0.0,nan,0.0,0.00858,0.02173,24.22751,2.00716,0.24133,0.659,0.83079,0.87449,0.49822,0.83079
-11.22159,18.96601,7.87071,-0.19202,0.16101,0.96809,0.99446,0.0,0.0,nan,0.0,0.01526,0.0351,18.05612,2.04094,0.23611,0.62228,0.5482,0.77606,0.48997,0.5482
-10.45559,18.5752,8.02541,-0.17338,0.13279,0.97586,0.98838,0.0,0.0,nan,0.0,0.00767,0.0196,17.10911,2.06605,0.23418,0.51037,0.37768,0.85692,0.48402,0.37768
-10.09848,21.13679,-8.08271,-0.16119,-0.14482,-0.97624,0.99719,0.0,0.0,nan,0.0,0.00386,0.01366,24.00682,1.97002,0.24217,0.49994,0.4877,0.61242,0.50761,0.4877
-10.84325,20.97462,-7.25236,-0.14876,-0.11546,-0.98211,0.98291,0.0,0.0,nan,0.0,0.00558,0.01684,23.12358,3.55599,0.24121,0.56688,0.77707,0.69479,0.28122,0.77707
-11.08891,21.17539,7.56656,-0.11007,0.18207,0.97711,0.97916,0.0,0.0,nan,0.0,0.01168,0.03113,23.19143,2.64639,0.24297,0.64549,0.41857,0.63117,0.37787,0.41857
-10.69156,23.22754,-8.10347,-0.20805,-0.05292,-0.97669,1.00033,0.0,0.0,nan,0.0,0.00288,0.0263,14.93875,3.01374,0.24124,0.64791,0.85892,0.2941,0.33181,0.85892
-11.24275,22.55001,-7.99828,-0.19878,-0.05514,-0.97849,0.99901,0.0,0.0,nan,0.0,0.00461,0.01942,17.13798,1.7379,0.23998,0.55346,0.40089,0.47886,0.57541,0.40089
-10.97536,23.00724,7.07625,-0.15801,-0.08816,0.98349,0.98382,0.0,0.0,nan,0.0,0.00593,0.01802,21.592,2.38848,0.23703,0.64549,0.78811,0.63431,0.41868,0.78811
-10.39275,24.94672,-8.10494,-0.18193,0.06631,-0.98107,0.99446,0.0,0.0,nan,0.0,0.01315,0.07594,6.82617,2.06455,0.23438,0.6384,0.53707,0.35077,0.48437,0.53707
-11.37669,25.09087,-7.86468,-0.23197,0.0861,-0.9689,0.99881,0.0,0.0,nan,0.0,0.02023,0.08191,6.55561,1.80288,0.24115,0.53373,0.52339,0.60386,0.55467,0.52339
-11.01295,25.02979,7.46196,-0.21136,-0.08872,0.97337,0.99749,0.0,0.0,nan,0.0,0.0089,0.05808,10.59165,1.85563,0.22515,0.33732,0.59757,0.53989,0.5389,0.59757
-10.1905,26.4544,-8.08731,-0.12285,0.16643,-0.97837,0.99071,0.0,0.0,nan,0.0,0.00656,0.05637,23.53764,2.0338,0.2307,0.60374,0.81301,0.262,0.49169,0.81301
-11.0141,27.03075,-7.67914,-0.19001,0.15927,-0.96878,0.9979,0.0,0.0,nan,0.0,0.00195,0.04372,19.55364,1.88397,0.23094,0.59788,0.92888,0.19265,0.5308,0.92888
-10.99287,26.9865,7.52025,-0.20478,-0.03151,0.9783,1.00013,0.0,0.0,nan,0.0,0.02506,0.11378,9.20843,1.82266,0.21749,0.31128,0.39548,0.86114,0.54865,0.39548
-10.98295,28.96432,-7.45958,-0.14969,0.10771,-0.98285,0.99871,0.0,0.0,nan,0.0,0.00217,0.0308,22.47599,1.63898,0.23381,0.46053,0.84491,0.23873,0.61014,0.84491
-10.98687,29.02222,7.61218,-0.24996,0.08953,0.96411,0.99405,0.0,0.0,nan,0.0,0.0038,0.06778,14.71009,1.89755,0.23393,0.33385,0.88861,0.34257,0.52699,0.88861
-10.94553,30.95213,-7.26197,-0.16852,0.07538,-0.98281,0.99922,0.0,0.0,nan,0.0,0.00292,0.04417,12.50496,1.63898,0.23721,0.32312,0.62611,0.23749,0.61014,0.62611
-11.1683,31.07009,7.3114,-0.33046,0.36087,0.87211,0.96558,0.0,0.0,nan,0.0,0.01117,0.05578,30.44845,1.87749,0.24315,0.64598,0.47884,0.33035,0.53262,0.47884
-10.93107,33.03542,-6.99677,-0.15426,0.26182,-0.95271,1.00013,0.0,0.0,nan,0.0,0.00547,0.02968,9.66073,2.02964,0.23143,0.74802,0.65032,0.29742,0.4927,0.65032
-11.71797,33.44252,5.69666,-0.35854,0.38626,0.84985,0.98979,0.0,0.0,nan,0.0,0.00489,0.02444,34.4504,1.73419,0.24038,0.58547,0.51216,0.36175,0.57664,0.51216
-10.91343,32.92451,6.62256,-0.28136,0.33811,0.89806,0.96974,0.0,0.0,nan,0.0,0.00926,0.03909,29.67393,2.37397,0.23084,0.73058,0.79548,0.4049,0.42123,0.79548
-10.81212,34.75243,-6.24548,-0.14388,0.42741,-0.89253,0.998,0.0,0.0,nan,0.0,0.00279,0.02681,14.00014,1.64653,0.23196,0.74318,0.97897,0.59858,0.60734,0.97897
-11.54162,35.56889,-5.99046,-0.14387,0.51865,-0.84279,0.98949,0.0,0.0,nan,0.0,0.00277,0.0276,16.18667,1.83786,0.22267,0.71007,0.9668,0.51923,0.54411,0.9668
-11.89367,35.05294,3.96158,-0.22999,0.42231,0.87679,0.91452,0.0,0.0,nan,0.0,0.00858,0.02966,41.26601,2.00419,0.23771,0.70563,0.65204,0.43002,0.49895,0.65204
-11.13407,35.1188,5.07235,-0.27985,0.44189,0.8523,0.99192,0.0,0.0,nan,0.0,0.00285,0.02715,36.21091,2.86724,0.23014,0.61666,0.88282,0.31296,0.34877,0.88282
-10.48662,34.29092,6.14891,-0.25182,0.44734,0.85818,0.96001,0.0,0.0,nan,0.0,0.01427,0.05006,26.1153,1.80288,0.23196,0.60301,0.56272,0.50899,0.55467,0.56272
-10.95751,36.83385,-4.98778,-0.13243,0.72516,-0.67573,0.98361,0.0,0.0,nan,0.0,0.00518,0.08403,18.49868,2.08165,0.2335,0.8563,0.96784,0.26332,0.48039,0.96784
-11.1189,37.76559,-3.30677,-0.14974,0.91883,-0.36513,0.99162,0.01158,0.05789,0.7,1.0,0.01301,0.04831,6.57568,1.80288,0.23535,0.35132,0.45459,1.0,0.55467,0.45459
-11.3069,37.93916,1.43258,-0.05372,0.99078,0.12439,0.998,0.0,0.0,nan,0.0,0.00718,0.05948,15.26619,1.63898,0.24105,0.59104,0.8761,0.38708,0.61014,0.8761
-11.01652,37.82735,3.08334,-0.05032,0.89477,0.44369,0.92536,0.0,0.0,nan,0.0,0.00593,0.05448,24.67505,1.73376,0.24177,0.60166,0.89096,0.35612,0.57678,0.89096
-10.89949,36.74157,4.25104,-0.15368,0.64885,0.74524,0.95484,0.0,0.0,nan,0.0,0.01229,0.02872,24.24198,1.72466,0.24088,0.56517,0.42104,0.81925,0.57982,0.42104
-10.72755,38.07272,-2.39647,-0.14989,0.9626,-0.2257,0.99101,0.01571,0.07857,0.7,1.0,0.0078,0.03814,5.95419,1.80288,0.24391,0.27316,0.42438,1.0,0.55467,0.42438
-11.01163,38.24797,-1.04614,-0.12881,0.99103,-0.03554,0.99638,0.02446,0.12228,0.6,1.0,0.01305,0.05661,6.90873,1.70361,0.23755,0.32813,0.54113,0.906,0.58699,0.54113
-10.71186,38.06955,0.69465,-0.07271,0.99274,0.09579,0.9983,0.0,0.0,nan,0.0,0.01219,0.06333,8.8075,1.88018,0.21749,0.35568,0.75762,0.68056,0.53186,0.75762
-9.58186,1.70447,-4.15045,-0.03588,-0.65351,-0.75607,0.98726,0.0,0.0,nan,0.0,0.00608,0.01759,19.91244,1.75931,0.22969,0.43805,0.37338,0.86765,0.56841,0.37338
-8.90888,0.84349,-3.20471,-0.03472,-0.80851,-0.58746,0.96751,0.0,0.0,nan,0.0,0.00579,0.02164,20.96584,1.92272,0.23255,0.52366,0.73577,0.55927,0.5201,0.73577
-9.01836,0.0987,-0.97558,-0.01048,-0.99628,-0.08556,0.97581,0.0,0.0,nan,0.0,0.0061,0.07018,14.83704,1.80288,0.24803,0.57692,0.8285,0.22815,0.55467,0.8285
-8.95282,0.45054,1.06521,-0.00135,-0.98514,0.17174,1.00023,0.0,0.0,nan,0.0,0.01465,0.06373,6.86063,2.10597,0.2155,0.29678,0.26352,1.0,0.47484,0.26352
-8.98965,0.91118,3.01724,0.05573,-0.96787,0.2452,1.00084,0.0,0.0,nan,0.0,0.01566,0.05189,7.07345,1.80288,0.22917,0.38883,0.5841,0.99548,0.55467,0.5841
-9.00747,1.47122,5.02935,0.06094,-0.85316,0.51807,0.9747,0.0,0.0,nan,0.0,0.00712,0.0605,10.85699,2.15915,0.23245,0.38429,0.66587,0.36244,0.46314,0.66587
-9.91051,1.99564,6.02329,0.04557,-0.6294,0.77575,0.92171,0.0,0.0,nan,0.0,0.00256,0.05558,17.92979,1.91307,0.23658,0.40806,0.89498,0.23428,0.52272,0.89498
-9.08047,3.13739,-4.66061,-0.0703,-0.5769,-0.81379,0.99689,0.0,0.0,nan,0.0,0.0113,0.02482,17.85946,2.68975,0.23805,0.50987,0.67459,0.99339,0.37178,0.67459
-8.43159,2.31863,-3.7015,-0.06804,-0.65609,-0.75161,0.98372,0.0,0.0,nan,0.0,0.01485,0.02862,18.36858,2.06271,0.23378,0.59539,0.67391,0.96615,0.4848,0.67391
-8.76034,2.03738,5.9203,0.01449,-0.68586,0.72759,0.93387,0.0,0.0,nan,0.0,0.00345,0.04179,12.2159,2.03006,0.22291,0.25409,0.49645,0.3777,0.4926,0.49645
-9.04697,2.92998,6.60146,-0.0341,-0.39147,0.91956,0.94603,0.0,0.0,nan,0.0,0.00596,0.03287,18.76922,1.99714,0.2365,0.53123,0.64328,0.37773,0.50072,0.64328
-8.85795,5.32242,-6.2666,-0.14357,-0.31672,-0.93759,0.98959,0.0,0.0,nan,0.0,0.00703,0.034,15.28033,1.91933,0.23337,0.34938,0.38974,0.66872,0.52102,0.38974
-9.159,4.46891,-5.69632,-0.11547,-0.44655,-0.88728,0.9978,0.0,0.0,nan,0.0,0.00848,0.02676,16.4965,1.80288,0.2402,0.37554,0.46468,0.94602,0.55467,0.46468
-9.95377,5.15399,5.95059,-0.10059,-0.07238,0.99229,0.93012,0.0,0.0,nan,0.0,0.00868,0.01945,22.04885,2.69538,0.23338,0.54367,0.38946,0.89532,0.371,0.38946
-9.0092,4.97378,6.59621,-0.141,-0.12403,0.98221,0.99587,0.0,0.0,nan,0.0,0.00967,0.02114,19.36556,1.63898,0.23249,0.61624,0.46418,0.8187,0.61014,0.46418
-9.00686,7.03033,-6.62594,-0.14515,-0.02106,-0.98919,0.99172,0.0,0.0,nan,0.0,0.00445,0.04594,15.71691,3.24709,0.23439,0.62889,0.89678,0.32764,0.30797,0.89678
-9.10839,7.15002,7.1799,-0.15898,-0.35444,0.92146,0.99081,0.0,0.0,nan,0.0,0.0067,0.01316,22.49317,1.63898,0.24118,0.60903,0.64583,0.91015,0.61014,0.64583
-8.79309,9.0226,-6.09945,-0.18449,-0.16839,-0.9683,0.95778,0.0,0.0,nan,0.0,0.00737,0.02419,21.19468,1.87031,0.22637,0.42294,0.36587,0.7887,0.53467,0.36587
-9.23967,9.17124,-5.87468,-0.19649,-0.17623,-0.96454,0.93276,0.0,0.0,nan,0.0,0.00747,0.02446,21.85387,1.85122,0.23367,0.3975,0.45846,0.83877,0.54018,0.45846
-9.06844,8.19817,7.80041,-0.13749,-0.42884,0.89285,1.00053,0.0,0.0,nan,0.0,0.00468,0.0169,20.2676,1.71125,0.24603,0.6848,0.83099,0.59912,0.58437,0.83099
-8.9749,9.16078,8.47479,-0.1048,-0.33894,0.93495,0.96001,0.0,0.0,nan,0.0,0.01202,0.04589,20.74681,2.776,0.23758,0.77543,0.46206,0.3702,0.36023,0.46206
-9.0983,10.85818,-7.3084,-0.19926,-0.30683,-0.93067,0.98888,0.0,0.0,nan,0.0,0.00783,0.02722,24.77993,1.74609,0.23853,0.40309,0.31972,0.77124,0.57271,0.31972
-9.99437,11.99918,7.95429,-0.19309,0.21706,0.95687,0.99689,0.0,0.0,nan,0.0,0.00943,0.02566,27.09961,2.06846,0.24039,0.61662,0.70302,0.64011,0.48345,0.70302
-9.01482,11.10412,8.74559,-0.15976,0.12832,0.97878,0.97014,0.0,0.0,nan,0.0,0.00981,0.0316,22.83831,1.76592,0.24358,0.60186,0.49974,0.56101,0.56628,0.49974
-8.21919,13.91305,-8.04898,-0.18075,-0.15246,-0.97164,1.00063,0.0,0.0,nan,0.0,0.00836,0.03388,18.69002,1.83769,0.23204,0.57746,0.58672,0.47316,0.54416,0.58672
-9.02715,13.08371,-7.49338,-0.17274,-0.19797,-0.96487,0.99962,0.0,0.0,nan,0.0,0.00671,0.02217,20.59559,1.84149,0.23473,0.43415,0.59671,0.76518,0.54304,0.59671
-9.25621,13.17312,7.5133,-0.21367,0.17167,0.9617,0.96659,0.0,0.0,nan,0.0,0.01106,0.02884,30.12146,2.73248,0.24086,0.6293,0.72186,0.64968,0.36597,0.72186
-8.53986,12.71637,8.02486,-0.23143,0.17793,0.95644,0.99344,0.0,0.0,nan,0.0,0.01534,0.02986,28.00653,1.80546,0.23744,0.56826,0.57997,0.96829,0.55388,0.57997
-8.83448,15.11376,-8.1478,-0.15589,-0.02565,-0.98744,0.99719,0.0,0.0,nan,0.0,0.00721,0.03293,18.24287,1.69722,0.23645,0.54916,0.60279,0.44226,0.5892,0.60279
-9.5572,14.39161,-7.93615,-0.14205,-0.11526,-0.98313,0.99273,0.0,0.0,nan,0.0,0.00474,0.02511,18.22449,1.85912,0.22692,0.45515,0.51423,0.45983,0.53789,0.51423
-9.05729,15.15228,7.75527,-0.20688,-0.12601,0.97022,0.99101,0.0,0.0,nan,0.0,0.01057,0.02995,26.68946,2.56582,0.23755,0.57714,0.81056,0.81571,0.38974,0.81056
-8.86822,14.81333,8.16049,-0.21853,-0.08029,0.97252,0.9978,0.0,0.0,nan,0.0,0.01347,0.028,25.98686,1.63898,0.23725,0.59088,0.65544,0.8764,0.61014,0.65544
-8.60125,16.51068,-8.01598,-0.13161,0.08235,-0.98787,0.99243,0.0,0.0,nan,0.0,0.00663,0.02641,18.39694,1.67367,0.23913,0.4789,0.76816,0.61731,0.59749,0.76816
-9.09452,17.1162,-7.64664,-0.14265,0.10886,-0.98377,0.99648,0.0,0.0,nan,0.0,0.0055,0.01903,20.7515,1.8281,0.23485,0.4372,0.25126,0.72441,0.54702,0.25126
-9.7513,16.07523,7.96745,-0.19354,-0.13377,0.97193,0.9981,0.0,0.0,nan,0.0,0.00874,0.03413,23.59683,1.64055,0.24138,0.67916,0.85584,0.61824,0.60955,0.85584
-9.06877,16.96872,8.49879,-0.19055,-0.0852,0.97797,0.9905,0.0,0.0,nan,0.0,0.00806,0.02376,18.5845,1.71112,0.23001,0.63934,0.73167,0.58773,0.58441,0.73167
-9.20411,19.07677,-8.18669,-0.14488,-0.0923,-0.98514,0.99192,0.0,0.0,nan,0.0,0.00513,0.01373,24.89253,2.14929,0.23388,0.43761,0.49302,0.9219,0.46527,0.49302
-8.4793,19.02969,-7.74231,-0.12556,-0.08302,-0.98861,0.99689,0.0,0.0,nan,0.0,0.00829,0.01887,26.03044,2.59194,0.23949,0.50442,0.62189,0.93802,0.38581,0.62189
-9.32086,19.33347,7.65392,-0.18305,0.28082,0.94214,0.98797,0.0,0.0,nan,0.0,0.00592,0.01697,16.91248,2.05207,0.23918,0.45697,0.48854,0.85404,0.48731,0.48854
-8.77902,18.8284,8.35245,-0.23533,0.1889,0.95338,0.98625,0.0,0.0,nan,0.0,0.00433,0.01627,15.27937,3.59716,0.24441,0.45605,0.69409,0.66049,0.278,0.69409
-8.98002,21.00107,-8.36654,-0.10769,-0.13899,-0.98442,0.98696,0.0,0.0,nan,0.0,0.00776,0.02293,31.07474,2.1357,0.23178,0.68924,0.76599,0.55054,0.46823,0.76599
-8.66651,20.15851,-7.86355,-0.12159,-0.10759,-0.98673,0.99912,0.0,0.0,nan,0.0,0.00504,0.02085,31.87141,2.12972,0.23252,0.64217,0.8922,0.73426,0.46955,0.8922
-9.06541,21.03817,7.07165,-0.17911,0.22167,0.95853,0.92648,0.0,0.0,nan,0.0,0.00504,0.01977,25.32577,1.63898,0.23809,0.62677,0.79019,0.50379,0.61014,0.79019
-8.16494,20.30671,8.16697,-0.29826,0.30928,0.90299,0.99435,0.0,0.0,nan,0.0,0.00593,0.02969,20.21336,1.91084,0.23331,0.61656,0.8254,0.46956,0.52333,0.8254
-9.03227,22.98173,-8.44756,-0.10045,-0.04898,-0.99374,0.98291,0.0,0.0,nan,0.0,0.00551,0.04734,24.0855,1.80288,0.2383,0.63892,0.91024,0.40507,0.55467,0.91024
-9.04109,22.83581,7.25569,-0.17998,-0.11419,0.97702,0.96437,0.0,0.0,nan,0.0,0.00423,0.01473,23.87696,1.65746,0.24487,0.48979,0.58201,0.63523,0.60333,0.58201
-8.342,23.80822,8.02871,-0.21761,-0.19445,0.95647,0.99516,0.0,0.0,nan,0.0,0.00424,0.02355,18.82383,2.57656,0.24543,0.65866,0.57456,0.30204,0.38811,0.57456
-8.94273,24.94845,-8.35209,-0.0636,0.10564,-0.99237,0.99476,0.0,0.0,nan,0.0,0.00864,0.04469,21.1818,1.72495,0.23702,0.6186,0.64839,0.34195,0.57973,0.64839
-9.20667,25.09949,7.87043,-0.20688,-0.09475,0.97377,0.99202,0.0,0.0,nan,0.0,0.01162,0.04913,11.0838,2.73429,0.23797,0.48068,0.77476,0.63066,0.36573,0.77476
-8.33711,24.82709,8.07187,-0.20037,-0.13645,0.97017,0.9901,0.0,0.0,nan,0.0,0.0111,0.04574,11.22243,3.24108,0.23784,0.55604,0.57168,0.51432,0.30854,0.57168
-8.98102,26.86767,-8.24488,-0.0426,0.1669,-0.98505,0.99142,0.0,0.0,nan,0.0,0.00752,0.02924,30.32402,1.92329,0.22908,0.51686,0.5741,0.53042,0.51994,0.5741
-8.76471,27.71164,-7.83939,-0.06299,0.12487,-0.99017,0.99982,0.0,0.0,nan,0.0,0.00748,0.02817,31.74466,2.23571,0.22885,0.51248,0.49185,0.55065,0.44728,0.49185
-9.27475,26.99618,7.78305,-0.2028,-0.02241,0.97896,0.99982,0.0,0.0,nan,0.0,0.02046,0.1134,10.65805,2.04723,0.22009,0.31799,0.81721,0.85856,0.48846,0.81721
-8.2804,27.11266,8.05796,-0.2023,-0.00688,0.9793,0.99993,0.0,0.0,nan,0.0,0.02151,0.09746,10.66243,1.85009,0.22419,0.33869,0.4687,0.77395,0.54051,0.4687
-8.91283,29.053,-7.18345,-0.10119,0.06261,-0.99289,0.98139,0.0,0.0,nan,0.0,0.00722,0.03243,32.56802,2.20381,0.22628,0.52618,0.3871,0.4493,0.45376,0.3871
-9.5319,29.00846,7.92638,-0.18378,0.07111,0.98039,0.9978,0.0,0.0,nan,0.0,0.01384,0.07066,11.46057,1.71668,0.24225,0.32626,0.58129,0.70535,0.58252,0.58129
-8.53109,29.02268,8.12097,-0.17488,0.08427,0.98098,0.99537,0.0,0.0,nan,0.0,0.01184,0.06782,11.03068,1.6592,0.25595,0.39138,0.7904,0.60535,0.6027,0.7904
-9.00222,30.98446,-7.71922,-0.15493,0.03719,-0.98722,0.9979,0.0,0.0,nan,0.0,0.00664,0.04987,23.93332,1.63898,0.2353,0.54898,0.59611,0.26279,0.61014,0.59611
-8.94549,31.25965,7.42565,-0.13903,0.35505,0.92445,1.00053,0.0,0.0,nan,0.0,0.00495,0.02362,21.97386,1.84217,0.23698,0.57416,0.68619,0.39812,0.54284,0.68619
-8.20846,30.15207,8.00647,-0.15534,0.26496,0.95166,0.99446,0.0,0.0,nan,0.0,0.00496,0.03078,18.81569,1.80288,0.22825,0.59723,0.49593,0.29871,0.55467,0.49593
-9.03459,32.94316,-7.32648,-0.15988,0.26982,-0.94955,0.99912,0.0,0.0,nan,0.0,0.00293,0.0385,9.80182,1.9693,0.21351,0.717,0.92692,0.29466,0.50779,0.92692
-9.01029,32.9426,6.60765,-0.12421,0.40047,0.90785,0.99922,0.0,0.0,nan,0.0,0.01081,0.03043,25.53385,2.55529,0.23521,0.59069,0.4544,0.64835,0.39134,0.4544
-9.00054,35.10037,-6.36908,-0.12349,0.47517,-0.87118,1.00013,0.0,0.0,nan,0.0,0.00287,0.036,15.62752,1.85726,0.21977,0.70632,0.9875,0.53118,0.53843,0.9875
-9.91386,35.99223,-5.99891,-0.12715,0.57204,-0.81031,0.99233,0.0,0.0,nan,0.0,0.0035,0.03886,17.14148,1.80288,0.22568,0.78195,0.9812,0.49407,0.55467,0.9812
-8.71699,35.68247,5.606,-0.02885,0.61923,0.78468,0.97652,0.0,0.0,nan,0.0,0.00454,0.0187,26.86633,1.89395,0.23212,0.47468,0.37093,0.54957,0.528,0.37093
-8.96812,34.57018,6.22479,-0.08841,0.46148,0.88274,0.97115,0.0,0.0,nan,0.0,0.00585,0.02775,26.81999,2.06473,0.23979,0.39157,0.45384,0.57822,0.48432,0.45384
-8.58969,36.0827,-6.08545,-0.10974,0.58673,-0.80231,0.99486,0.0,0.0,nan,0.0,0.00345,0.04579,17.21438,1.71862,0.22558,0.79445,0.99224,0.47031,0.58186,0.99224
-9.03829,37.00508,-5.02836,-0.10881,0.73461,-0.6697,0.99101,0.0,0.0,nan,0.0,0.00369,0.08764,16.83584,1.68478,0.23393,0.78978,0.97939,0.22441,0.59355,0.97939
-9.25989,37.89704,-3.83436,-0.1193,0.88736,-0.44538,0.98757,0.00492,0.02462,0.51,1.0,0.01188,0.05863,6.86596,1.97208,0.22674,0.26421,0.31019,0.99004,0.50708,0.31019
-9.46796,37.9898,1.89251,-0.00336,0.97497,0.22231,0.99253,0.0,0.0,nan,0.0,0.0155,0.09812,12.21389,2.75217,0.22709,0.57384,0.50449,0.32036,0.36335,0.50449
-9.03056,37.71005,3.00456,0.05175,0.89476,0.44353,0.96325,0.0,0.0,nan,0.0,0.00429,0.03542,23.04519,3.60576,0.24277,0.38397,0.55073,0.3429,0.27733,0.55073
-8.95409,36.88295,4.81862,0.02873,0.69366,0.71972,0.94441,0.0,0.0,nan,0.0,0.00497,0.01655,25.66424,3.54133,0.24036,0.44033,0.32506,0.735,0.28238,0.32506
-8.97572,38.28857,-2.97864,-0.11319,0.947,-0.30063,0.97977,0.0,0.0,nan,0.0,0.01009,0.05214,6.73908,1.88506,0.23507,0.26668,0.36013,0.94133,0.53049,0.36013
-8.99119,38.48886,-1.03613,-0.08148,0.99657,0.01437,0.99273,0.0,0.0,nan,0.0,0.00574,0.04728,6.48321,2.02414,0.22901,0.25233,0.52361,0.62935,0.49404,0.52361
-9.0594,38.17131,0.97873,-0.03861,0.98747,0.15303,0.99881,0.0,0.0,nan,0.0,0.01278,0.06102,8.34537,1.88687,0.23043,0.3436,0.53227,0.75582,0.52998,0.53227
-8.4088,38.00394,2.03711,0.01101,0.95668,0.29095,0.97703,0.0,0.0,nan,0.0,0.0038,0.0934,18.72269,1.80288,0.25833,0.24382,0.77036,0.19741,0.55467,0.77036
-6.7843,1.52246,-4.50066,-0.08866,-0.65499,-0.75041,0.96062,0.0,0.0,nan,0.0,0.0059,0.01795,24.23054,2.00013,0.23367,0.57373,0.74065,0.62054,0.49997,0.74065
-7.18786,0.70124,-3.17587,-0.07289,-0.84142,-0.53545,0.97288,0.0,0.0,nan,0.0,0.00789,0.02935,20.34849,1.87548,0.23712,0.60286,0.491,0.48958,0.5332,0.491
-7.01872,0.09682,-1.0474,-0.04142,-0.9953,-0.08757,0.97794,0.0,0.0,nan,0.0,0.00741,0.06897,16.84802,1.83404,0.24428,0.5536,0.65673,0.2172,0.54524,0.65673
-6.99551,0.36012,1.03864,-0.0198,-0.98058,0.19513,1.00013,0.0,0.0,nan,0.0,0.01538,0.06968,6.67958,1.69636,0.22063,0.28784,0.53626,0.99651,0.5895,0.53626
-6.98954,0.9155,3.01409,0.02268,-0.9552,0.29508,1.00003,0.0,0.0,nan,0.0,0.01056,0.05325,6.61839,1.73675,0.22316,0.25816,0.3693,1.0,0.57579,0.3693
-7.04516,1.54908,4.9019,0.05012,-0.88099,0.47047,0.99142,0.0,0.0,nan,0.0,0.02247,0.05856,7.79006,1.66232,0.23716,0.48608,0.58172,0.99191,0.60157,0.58172
-7.20466,3.86772,-6.06086,-0.092,-0.51179,-0.85417,0.98463,0.0,0.0,nan,0.0,0.00548,0.0188,20.93245,1.76716,0.2402,0.50246,0.40961,0.63511,0.56588,0.40961
-7.04676,2.89063,-5.4489,-0.11062,-0.56624,-0.81678,0.99223,0.0,0.0,nan,0.0,0.00614,0.01811,24.27449,1.71241,0.24336,0.57982,0.65081,0.63309,0.58397,0.65081
-7.96373,2.09028,-3.90301,-0.07139,-0.64928,-0.75719,0.99446,0.0,0.0,nan,0.0,0.01012,0.02649,21.72027,1.65225,0.24554,0.65025,0.71785,0.64155,0.60523,0.71785
-6.93025,2.10563,5.86027,0.02939,-0.76138,0.64764,0.96852,0.0,0.0,nan,0.0,0.0146,0.05631,8.90921,2.04946,0.22897,0.36378,0.60915,0.87284,0.48793,0.60915
-6.97756,2.95121,6.71512,-0.02119,-0.48218,0.87582,0.93306,0.0,0.0,nan,0.0,0.01735,0.08709,17.84137,1.63898,0.24627,0.68282,0.46502,0.3244,0.61014,0.46502
-6.99239,4.96297,-6.54943,-0.08235,-0.42825,-0.8999,0.97956,0.0,0.0,nan,0.0,0.00447,0.02111,17.58784,1.70091,0.23756,0.44405,0.4094,0.53073,0.58792,0.4094
-6.52729,4.16468,-5.67203,-0.0939,-0.49686,-0.86273,1.00023,0.0,0.0,nan,0.0,0.00409,0.01187,19.91414,1.89956,0.23302,0.49686,0.50794,0.76339,0.52644,0.50794
-6.96115,5.12425,7.20736,-0.08458,-0.18059,0.97992,0.9978,0.00136,0.00682,0.7,1.0,0.00771,0.02023,19.67476,3.0427,0.23695,0.56432,0.48833,0.74382,0.32866,0.48833
-7.04179,7.05331,-6.94653,-0.14063,-0.03618,-0.9894,0.98655,0.0,0.0,nan,0.0,0.00827,0.04039,18.17396,2.22743,0.23141,0.57675,0.70312,0.39415,0.44895,0.70312
-6.96196,7.11337,7.67043,-0.0637,-0.30927,0.94884,0.99385,0.00069,0.00343,0.7,1.0,0.00588,0.01922,21.35892,1.81196,0.23528,0.46538,0.54208,0.71864,0.55189,0.54208
-6.85647,9.12154,-6.65722,-0.1198,-0.20966,-0.97041,0.99334,0.0,0.0,nan,0.0,0.01242,0.02917,24.70758,1.87919,0.23509,0.54754,0.69119,0.84096,0.53214,0.69119
-7.00516,8.15566,7.83406,-0.0303,-0.37989,0.92454,0.99861,0.0,0.0,nan,0.0,0.00805,0.02506,20.05996,3.37493,0.24778,0.57451,0.58447,0.6147,0.2963,0.58447
-6.98386,9.1049,8.52136,-0.03847,-0.32914,0.9435,0.9899,0.0,0.0,nan,0.0,0.00984,0.03527,16.16737,1.72756,0.2349,0.65091,0.46689,0.48183,0.57885,0.46689
-6.27751,11.115,-8.07567,-0.10071,-0.35024,-0.93123,0.97774,0.0,0.0,nan,0.0,0.00553,0.01811,22.4528,2.24369,0.21986,0.39927,0.39536,0.83309,0.44569,0.39536
-7.24339,10.86442,-7.64698,-0.15401,-0.33307,-0.93024,0.98807,0.0,0.0,nan,0.0,0.01106,0.0275,24.04189,1.88707,0.23286,0.52271,0.67077,0.83368,0.52992,0.67077
-7.04529,11.06123,8.96901,-0.144,-0.02579,0.98924,0.98047,0.0,0.0,nan,0.0,0.01442,0.056,18.35499,1.87557,0.22894,0.56702,0.46937,0.50377,0.53317,0.46937
-6.796,13.1173,-8.3089,-0.21069,-0.18498,-0.95989,0.99577,0.0,0.0,nan,0.0,0.00485,0.01881,13.63775,1.9879,0.23548,0.41073,0.33418,0.71952,0.50304,0.33418
-7.53088,12.5382,-7.83941,-0.20104,-0.20797,-0.95725,0.99871,0.0,0.0,nan,0.0,0.00896,0.02825,20.75592,2.38764,0.23604,0.5103,0.45183,0.68162,0.41882,0.45183
-7.02115,12.98078,8.56796,-0.24936,0.13468,0.959,0.99982,0.0,0.0,nan,0.0,0.02041,0.04801,24.08213,1.78395,0.24013,0.51951,0.41644,0.8863,0.56055,0.41644
-7.00571,15.03777,-8.43264,-0.17264,0.02147,-0.98475,0.98503,0.0,0.0,nan,0.0,0.00739,0.02859,13.79926,1.71681,0.24367,0.55428,0.6842,0.53426,0.58247,0.6842
-7.53265,15.36175,7.87214,-0.2016,-0.07969,0.97622,0.96933,0.0,0.0,nan,0.0,0.01261,0.0281,22.64135,1.77471,0.23067,0.6151,0.7232,0.79372,0.56347,0.7232
-6.9107,14.95339,8.27427,-0.21016,-0.00181,0.97767,0.98888,0.0,0.0,nan,0.0,0.01205,0.02991,22.88942,1.82588,0.22736,0.54228,0.76712,0.85479,0.54768,0.76712
-7.0238,16.83724,-8.10975,-0.09847,0.12767,-0.98692,0.99932,0.0,0.0,nan,0.0,0.0033,0.01558,20.59684,1.8442,0.23686,0.35745,0.52719,0.64977,0.54224,0.52719
-6.81854,17.25899,-7.9804,-0.08825,0.09983,-0.99108,0.99182,0.0,0.0,nan,0.0,0.00337,0.01343,21.72827,1.80359,0.23895,0.35394,0.41661,0.77359,0.55445,0.41661
-6.97858,16.89937,8.82352,-0.1574,-0.13354,0.97846,0.99435,0.0,0.0,nan,0.0,0.01544,0.03971,19.56195,1.78962,0.2329,0.71103,0.46481,0.60257,0.55878,0.46481
-6.79332,19.2534,-8.10496,-0.07489,-0.05429,-0.99571,1.00033,0.0,0.0,nan,0.0,0.00763,0.02095,29.70647,1.89685,0.23246,0.47315,0.47951,0.82212,0.52719,0.47951
-7.23906,18.78686,-7.63906,-0.07628,-0.04182,-0.99621,0.98443,0.0,0.0,nan,0.0,0.01023,0.02225,26.44937,1.71914,0.25164,0.54704,0.64852,0.90376,0.58169,0.64852
-7.00906,19.00867,8.94088,-0.22883,0.112,0.967,0.96791,0.0,0.0,nan,0.0,0.01404,0.07899,12.07533,2.22677,0.22281,0.74908,0.79246,0.32006,0.44908,0.79246
-7.15482,20.83359,-8.11674,-0.06014,-0.1235,-0.99052,0.9983,0.0,0.0,nan,0.0,0.0093,0.02036,30.10158,1.98592,0.23713,0.70567,0.78173,0.76869,0.50355,0.78173
-6.58363,21.28323,-7.56657,-0.10317,-0.13473,-0.9855,0.94157,0.0,0.0,nan,0.0,0.00453,0.02584,31.46663,1.63898,0.24212,0.74425,0.91084,0.51647,0.61014,0.91084
-7.75655,21.67457,7.55197,-0.30626,0.13887,0.94176,0.96275,0.0,0.0,nan,0.0,0.00411,0.01268,24.18338,1.89856,0.24564,0.488,0.37241,0.71985,0.52672,0.37241
-6.97562,21.02274,8.51855,-0.32053,0.25334,0.91273,0.97247,0.0,0.0,nan,0.0,0.00786,0.02943,19.63211,3.44186,0.24352,0.6757,0.67246,0.43578,0.29054,0.67246
-6.95554,22.93593,-8.48441,-0.01818,0.00444,-0.99982,0.99861,0.0,0.0,nan,0.0,0.01114,0.03665,31.22685,1.96197,0.23706,0.62381,0.51451,0.51836,0.50969,0.51451
-6.83843,22.18613,-7.86465,-0.04833,-0.06886,-0.99646,0.98432,0.0,0.0,nan,0.0,0.01207,0.03681,29.32744,2.01841,0.23376,0.73147,0.57187,0.47872,0.49544,0.57187
-7.1544,22.49904,7.65688,-0.29746,-0.00652,0.95471,0.97176,0.0,0.0,nan,0.0,0.00671,0.02031,21.46083,2.42699,0.2386,0.60556,0.50135,0.59656,0.41203,0.50135
-6.82186,23.41712,8.08003,-0.22348,-0.11638,0.96773,0.98767,0.0,0.0,nan,0.0,0.00534,0.01988,19.88149,2.61262,0.22949,0.57795,0.79258,0.59266,0.38276,0.79258
-6.9614,24.84775,-8.25231,0.00953,0.12628,-0.99195,0.99587,0.0,0.0,nan,0.0,0.0123,0.03692,29.18724,1.80288,0.23321,0.53718,0.50808,0.66299,0.55467,0.50808
-7.07613,25.40186,-7.6713,0.02627,0.14453,-0.98915,0.97987,0.0,0.0,nan,0.0,0.0131,0.0361,28.67586,1.87068,0.23188,0.59028,0.56518,0.65747,0.53457,0.56518
-7.02838,24.98046,8.44383,-0.16872,-0.11231,0.97924,0.99739,0.0,0.0,nan,0.0,0.01572,0.0904,11.02106,2.72292,0.23327,0.64733,0.88733,0.56629,0.36725,0.88733
-6.91354,26.64689,-8.26199,-0.05274,0.10209,-0.99338,0.99395,0.0,0.0,nan,0.0,0.01535,0.03414,33.77405,3.21831,0.23447,0.60634,0.60353,0.78524,0.31072,0.60353
-7.16821,27.24908,-7.67796,-0.07261,0.09924,-0.99241,0.99304,0.0,0.0,nan,0.0,0.01578,0.03738,37.17775,1.66564,0.23363,0.60546,0.55299,0.73462,0.60037,0.55299
-7.02357,27.02843,8.40719,-0.18553,0.00109,0.98264,1.00053,0.0,0.0,nan,0.0,0.01814,0.08092,9.88177,1.86426,0.22768,0.43867,0.66152,0.61453,0.53641,0.66152
-6.57024,28.77668,-8.18152,-0.1567,0.02922,-0.98721,0.9982,0.0,0.0,nan,0.0,0.01044,0.0402,33.32124,2.08952,0.22986,0.56221,0.45636,0.48971,0.47858,0.45636
-7.32316,29.1514,-7.72166,-0.11964,0.0212,-0.99259,0.99668,0.0,0.0,nan,0.0,0.00888,0.03938,35.92436,2.1997,0.22947,0.52198,0.37402,0.45615,0.45461,0.37402
-6.98221,29.01072,8.32702,-0.14786,0.09165,0.98475,0.99972,0.0,0.0,nan,0.0,0.02237,0.08341,8.17586,2.03199,0.22021,0.37387,0.40282,0.89279,0.49213,0.40282
-6.69709,30.82128,-8.10286,-0.12625,0.05054,-0.99071,0.99739,0.0,0.0,nan,0.0,0.00726,0.03614,19.09826,2.09789,0.22953,0.62166,0.83879,0.49883,0.47667,0.83879
-7.46007,31.11126,-7.99944,-0.12929,0.05426,-0.99012,0.99273,0.0,0.0,nan,0.0,0.00499,0.0425,19.0732,1.80288,0.23207,0.6749,0.90453,0.3806,0.55467,0.90453
-7.18687,31.57947,7.83706,-0.19203,0.35262,0.91585,0.9982,0.0,0.0,nan,0.0,0.00696,0.02383,25.10879,1.86927,0.2301,0.64783,0.63248,0.4868,0.53497,0.63248
-6.84775,30.55433,8.14936,-0.17922,0.27817,0.94366,0.99557,0.0,0.0,nan,0.0,0.00851,0.04025,16.12677,2.08321,0.2241,0.68689,0.52753,0.34581,0.48003,0.52753
-7.01947,33.05041,-7.59336,-0.11165,0.28415,-0.95226,0.99932,0.0,0.0,nan,0.0,0.01142,0.05149,10.3771,1.88448,0.21875,0.70858,0.76037,0.38603,0.53065,0.76037
-7.08951,32.92926,7.15648,-0.22131,0.38553,0.89576,1.00013,0.0,0.0,nan,0.0,0.01034,0.03008,28.64259,2.06185,0.23124,0.61689,0.60819,0.5959,0.485,0.60819
-6.97565,35.0969,-6.66742,-0.10159,0.47751,-0.87273,0.99901,0.0,0.0,nan,0.0,0.00306,0.04129,15.29301,1.66586,0.21706,0.71398,0.99534,0.54598,0.60029,0.99534
-7.19702,35.69682,3.673,-0.07808,0.73587,0.67261,0.82669,0.0,0.0,nan,0.0,0.00532,0.01226,26.1588,2.3911,0.23335,0.53993,0.60397,0.86556,0.41822,0.60397
-7.26339,35.60434,5.12444,-0.11931,0.66175,0.74017,0.98595,0.0,0.0,nan,0.0,0.00581,0.01513,26.11057,1.93141,0.22838,0.51171,0.46544,0.80804,0.51776,0.46544
-6.8377,34.71006,6.42753,-0.2453,0.55213,0.79685,0.97804,0.0,0.0,nan,0.0,0.0091,0.0337,33.079,2.19827,0.22339,0.56735,0.76464,0.52938,0.4549,0.76464
-6.96275,36.15358,-6.15333,-0.10133,0.59045,-0.80069,0.99577,0.0,0.0,nan,0.0,0.00412,0.05106,16.13674,1.76265,0.22531,0.7596,0.98498,0.48118,0.56733,0.98498
-7.00503,37.23775,-5.11895,-0.10785,0.7427,-0.66088,0.9905,0.0,0.0,nan,0.0,0.00569,0.09937,10.95808,1.90067,0.23172,0.6448,0.96297,0.32959,0.52613,0.96297
-7.6278,37.95454,-3.95852,-0.1035,0.876,-0.47107,0.98797,0.00069,0.00346,0.51,1.0,0.01246,0.06125,7.00857,1.93488,0.2345,0.2799,0.36464,0.93462,0.51683,0.36464
-7.71152,37.9888,1.9478,-0.02516,0.94975,0.31199,0.96923,0.0,0.0,nan,0.0,0.00446,0.08838,20.68219,2.99967,0.25717,0.27945,0.54806,0.19786,0.33337,0.54806
-7.21195,37.62271,3.52667,-0.05434,0.83342,0.54996,0.9671,0.0,0.0,nan,0.0,0.00406,0.0158,25.69093,1.70065,0.24143,0.62647,0.57877,0.44257,0.58801,0.57877
-6.40565,36.64625,4.28414,-0.20857,0.7689,0.6044,0.98483,0.0,0.0,nan,0.0,0.00341,0.01805,27.65131,1.84771,0.24236,0.5067,0.36053,0.40003,0.54121,0.36053
-6.22722,38.0502,-4.08633,-0.10658,0.87199,-0.47778,0.98473,0.0,0.0,nan,0.0,0.01081,0.05677,6.52964,2.13535,0.2264,0.2678,0.45379,0.92879,0.46831,0.45379
-7.00921,38.41793,-3.09943,-0.0897,0.95228,-0.29175,0.97885,0.0,0.0,nan,0.0,0.00934,0.05905,6.0807,1.81698,0.2393,0.24156,0.2526,0.87034,0.55036,0.2526
-7.01513,38.52596,-0.98494,-0.05372,0.99723,0.05148,0.98929,0.00014,0.00071,0.51,1.0,0.01187,0.05561,5.10604,1.88724,0.23476,0.3833,0.36776,0.77527,0.52987,0.36776
-6.93885,38.19865,1.01704,-0.04717,0.98344,0.17501,0.99597,0.0,0.0,nan,0.0,0.01399,0.08703,6.94566,1.63898,0.22383,0.23773,0.29866,0.87109,0.61014,0.29866
-6.50652,38.02196,2.14102,-0.09528,0.94058,0.32592,0.96396,0.0,0.0,nan,0.0,0.00525,0.16152,21.09791,1.80288,0.25415,0.47285,0.94192,0.19519,0.55467,0.94192
-5.03353,1.56189,-4.49692,-0.05484,-0.66291,-0.74669,0.97764,0.0,0.0,nan,0.0,0.00473,0.01894,23.91553,2.0212,0.22782,0.47375,0.50664,0.57075,0.49476,0.50664
-4.84718,0.61961,-3.22315,-0.01668,-0.8736,-0.48636,0.97673,0.0,0.0,nan,0.0,0.00786,0.03394,17.73001,1.83862,0.23422,0.50208,0.42794,0.51348,0.54389,0.42794
-5.03376,0.06034,-1.01527,-0.00316,-0.99654,-0.08308,0.9827,0.0,0.0,nan,0.0,0.00363,0.08484,15.5476,1.65526,0.2502,0.61499,0.94781,0.21417,0.60414,0.94781
-4.98987,0.33019,1.04198,-0.03017,-0.97838,0.20462,1.00003,0.0,0.0,nan,0.0,0.01687,0.06506,6.33013,1.80288,0.21617,0.34123,0.65404,1.0,0.55467,0.65404
-4.97111,0.95474,3.04886,-0.01152,-0.94178,0.33603,1.00033,0.0,0.0,nan,0.0,0.01413,0.05256,6.01368,1.86109,0.21221,0.35826,0.65338,1.0,0.53732,0.65338
-5.01817,1.72725,4.7439,0.0161,-0.88609,0.46323,0.99912,0.0,0.0,nan,0.0,0.01462,0.04578,6.68956,1.9909,0.23578,0.46624,0.72892,0.88959,0.50228,0.72892
-5.07303,3.01253,-5.27599,-0.05977,-0.57654,-0.81488,1.00033,0.0,0.0,nan,0.0,0.00494,0.01291,22.4186,1.73366,0.23193,0.49614,0.48819,0.84095,0.57682,0.48819
-5.04328,2.16563,5.75243,0.02538,-0.76796,0.63999,0.97034,0.0,0.0,nan,0.0,0.00895,0.10644,14.05865,2.0578,0.2259,0.37885,0.75579,0.25839,0.48596,0.75579
-4.99878,3.00044,6.76387,0.00818,-0.50706,0.86187,0.94238,0.0,0.0,nan,0.0,0.00473,0.03367,21.37275,2.18154,0.22188,0.45177,0.58295,0.33994,0.45839,0.58295
-4.98815,4.94347,-6.82333,-0.11244,-0.42292,-0.89916,0.97662,0.0,0.0,nan,0.0,0.00516,0.019,18.19474,2.63787,0.24169,0.57556,0.46661,0.52349,0.37909,0.46661
-5.03816,4.13136,-5.49449,-0.08906,-0.51104,-0.85493,0.98828,0.0,0.0,nan,0.0,0.00694,0.01653,20.58698,3.2052,0.2422,0.59335,0.67935,0.77678,0.31199,0.67935
-4.9184,5.09011,7.13405,-0.03705,-0.21878,0.97507,1.00053,0.02185,0.10926,0.7,1.0,0.00936,0.02578,26.76098,1.85842,0.23272,0.45268,0.42117,0.86177,0.53809,0.42117
-4.96871,7.01755,-7.16326,-0.07175,-0.01939,-0.99723,0.98463,0.0,0.0,nan,0.0,0.00509,0.04239,19.47134,2.72827,0.22585,0.6598,0.91677,0.43047,0.36653,0.91677
-5.14789,7.05722,7.40582,-0.0185,-0.25396,0.96704,0.99446,0.01703,0.08513,0.7,1.0,0.00499,0.01786,26.00776,1.80288,0.2324,0.33136,0.49679,0.9087,0.55467,0.49679
-5.00989,9.01969,-6.83451,-0.01969,-0.15093,-0.98835,0.98493,0.0,0.0,nan,0.0,0.01114,0.02494,28.12679,2.55829,0.23157,0.53308,0.419,0.89764,0.39089,0.419
-4.67688,8.22085,7.75242,-0.01738,-0.34184,0.9396,0.99375,0.00105,0.00525,0.7,1.0,0.00489,0.02217,24.07822,1.63898,0.24381,0.34267,0.38557,0.69678,0.61014,0.38557
-4.96335,9.10971,8.57245,-0.0066,-0.37154,0.92839,0.99901,0.0,0.0,nan,0.0,0.00379,0.02068,18.0542,3.31334,0.23784,0.43149,0.47976,0.47125,0.30181,0.47976
-5.35548,11.51154,-8.00229,-0.07437,-0.37076,-0.92575,0.99638,0.0,0.0,nan,0.0,0.00544,0.01872,22.06397,1.87052,0.23049,0.40514,0.47143,0.78178,0.53461,0.47143
-4.87009,10.86672,-7.44794,-0.03271,-0.42129,-0.90634,0.99962,0.0,0.0,nan,0.0,0.00826,0.0227,24.49878,1.6866,0.22759,0.443,0.30553,0.88837,0.59291,0.30553
-4.95038,11.01439,9.07167,-0.00579,-0.12958,0.99155,0.98605,0.0,0.0,nan,0.0,0.00908,0.03516,23.93093,1.82036,0.23286,0.55562,0.48352,0.50361,0.54934,0.48352
-5.09808,12.93209,-8.57378,-0.11773,-0.24155,-0.96322,0.98665,0.0,0.0,nan,0.0,0.00305,0.01937,14.6106,1.73093,0.23771,0.34624,0.55237,0.5174,0.57772,0.55237
-4.90823,12.99277,9.17887,-0.03872,0.09521,0.9947,0.98969,0.0,0.0,nan,0.0,0.00858,0.02564,26.21587,1.86995,0.24117,0.58788,0.64734,0.61288,0.53477,0.64734
-4.97663,15.0113,-8.74294,-0.11977,0.10486,-0.98725,0.98959,0.0,0.0,nan,0.0,0.0045,0.04225,13.50333,1.69471,0.25519,0.61555,0.87516,0.33115,0.59007,0.87516
-4.91315,15.11851,8.84101,-0.04493,0.01514,0.99888,0.99597,0.0,0.0,nan,0.0,0.01474,0.03324,27.46732,3.2839,0.2459,0.6124,0.36887,0.77674,0.30452,0.36887
-4.96277,16.70701,-8.33609,-0.08324,0.14129,-0.98646,0.99749,0.0,0.0,nan,0.0,0.00271,0.01218,17.89824,1.89165,0.22683,0.36596,0.45597,0.67651,0.52864,0.45597
-5.10051,17.38739,-7.72268,-0.08469,0.08087,-0.99312,0.9592,0.0,0.0,nan,0.0,0.00536,0.01618,20.70861,1.88103,0.22433,0.41524,0.35548,0.87564,0.53162,0.35548
-4.92416,16.87809,9.03345,-0.0162,-0.09336,0.9955,0.99314,0.0,0.0,nan,0.0,0.00959,0.02714,25.94882,1.86791,0.22916,0.56052,0.69248,0.6793,0.53536,0.69248
-4.88235,18.99678,-8.50036,-0.13825,-0.08802,-0.98648,0.99395,0.0,0.0,nan,0.0,0.01012,0.02519,26.16493,2.17795,0.23423,0.54296,0.35868,0.7967,0.45915,0.35868
-5.48036,18.07834,-7.99869,-0.11497,-0.00962,-0.99332,0.98828,0.0,0.0,nan,0.0,0.00901,0.02243,22.19641,2.69127,0.23524,0.50237,0.41093,0.87147,0.37157,0.41093
-4.90873,19.00078,9.00363,-0.01106,0.06443,0.99786,0.99648,0.0,0.0,nan,0.0,0.00644,0.02912,20.9818,1.86091,0.22208,0.42411,0.44543,0.5708,0.53737,0.44543
-4.91313,21.00897,-8.40077,-0.18124,-0.07514,-0.98056,0.998,0.0,0.0,nan,0.0,0.00792,0.03884,34.53305,1.90852,0.23691,0.59929,0.77883,0.39644,0.52397,0.77883
-5.68735,21.48122,-7.80012,-0.13459,-0.07062,-0.98838,0.96943,0.0,0.0,nan,0.0,0.01512,0.04525,33.22009,1.72288,0.23003,0.72769,0.64972,0.48681,0.58042,0.64972
-4.02669,21.85862,7.91178,0.0115,0.17998,0.9836,0.96011,0.0,0.0,nan,0.0,0.00721,0.01972,25.02863,1.73464,0.22351,0.4405,0.43265,0.89643,0.57649,0.43265
-4.87208,21.11084,8.86962,-0.00126,0.25347,0.96734,0.98807,0.0,0.0,nan,0.0,0.00729,0.0231,22.07724,2.7355,0.2331,0.4706,0.44097,0.73129,0.36556,0.44097
-5.03021,22.9478,-8.77991,-0.17085,-0.00319,-0.98529,0.9977,0.0,0.0,nan,0.0,0.0122,0.03786,36.78373,1.90109,0.23626,0.66876,0.51233,0.50802,0.52601,0.51233
-4.97686,22.48798,7.89558,-0.03249,0.07154,0.99691,0.9667,0.0,0.0,nan,0.0,0.00629,0.01976,24.6908,2.21639,0.23936,0.45006,0.48157,0.76491,0.45118,0.48157
-4.95892,23.01032,8.19356,-0.02654,-0.02823,0.99925,0.99314,0.0,0.0,nan,0.0,0.00826,0.02418,24.456,2.01744,0.22711,0.48786,0.59634,0.75778,0.49568,0.59634
-4.41897,24.87004,-8.09847,-0.22584,0.10517,-0.96847,0.98382,0.0,0.0,nan,0.0,0.00851,0.02364,22.9575,1.75909,0.24023,0.63428,0.74589,0.61716,0.56848,0.74589
-5.01497,25.02782,-7.76536,-0.18821,0.11743,-0.97508,0.94866,0.0,0.0,nan,0.0,0.01016,0.02636,28.4778,1.88148,0.23034,0.66337,0.51479,0.62215,0.5315,0.51479
-4.97425,24.96627,8.5696,-0.08868,-0.16262,0.9827,0.99567,0.0,0.0,nan,0.0,0.00574,0.0843,18.82341,1.80288,0.23374,0.65301,0.93487,0.28224,0.55467,0.93487
-4.69636,27.03798,-8.22949,-0.23648,0.01097,-0.97157,0.99901,0.0,0.0,nan,0.0,0.01246,0.02983,20.2945,1.82374,0.23744,0.61163,0.59044,0.75036,0.54832,0.59044
-5.13192,26.97163,-7.94685,-0.21308,0.01227,-0.97696,0.98341,0.0,0.0,nan,0.0,0.01267,0.03302,23.30931,1.8999,0.22525,0.62527,0.47175,0.66609,0.52634,0.47175
-5.00617,27.02348,8.71139,-0.13391,0.00693,0.99097,0.99962,0.0,0.0,nan,0.0,0.01302,0.06248,8.40704,2.11418,0.22598,0.25794,0.60469,0.99987,0.473,0.60469
-4.74042,28.93809,-8.15029,-0.19496,0.04387,-0.97983,0.99912,0.0,0.0,nan,0.0,0.00824,0.02709,20.39602,1.63898,0.23439,0.48506,0.39115,0.68867,0.61014,0.39115
-5.12912,29.4454,-7.98178,-0.17564,0.03229,-0.98392,0.99932,0.0,0.0,nan,0.0,0.01029,0.03183,20.72422,1.80288,0.23577,0.56588,0.55929,0.62639,0.55467,0.55929
-5.00867,29.00287,8.59355,-0.11512,0.12639,0.98528,0.99982,0.0,0.0,nan,0.0,0.01371,0.05726,8.51773,1.71774,0.22158,0.32689,0.63589,0.90434,0.58216,0.63589
-4.76455,30.99687,-8.07361,-0.12926,0.10326,-0.98622,0.9978,0.0,0.0,nan,0.0,0.00496,0.029,13.84112,1.68095,0.22668,0.43872,0.45622,0.44598,0.5949,0.45622
-5.15907,30.86801,-7.95707,-0.12833,0.09128,-0.98752,0.99932,0.0,0.0,nan,0.0,0.00622,0.02955,15.42237,1.6922,0.22762,0.49688,0.59649,0.47838,0.59095,0.59649
-5.23197,31.60467,7.79227,-0.11788,0.30983,0.94346,1.00043,0.0,0.0,nan,0.0,0.01215,0.03402,18.04912,2.16336,0.23732,0.61367,0.57818,0.64662,0.46224,0.57818
-4.86723,30.82887,8.35862,-0.09444,0.24739,0.9643,0.99729,0.0,0.0,nan,0.0,0.01019,0.03645,15.07414,1.65948,0.22648,0.58113,0.33602,0.545,0.6026,0.33602
-4.28794,32.26971,-8.04494,-0.11188,0.20369,-0.97262,0.9983,0.0,0.0,nan,0.0,0.00512,0.03514,9.95363,1.85283,0.22912,0.49208,0.5422,0.35555,0.53971,0.5422
-5.07696,33.07586,-7.79066,-0.09534,0.27815,-0.9558,0.99993,0.0,0.0,nan,0.0,0.00996,0.04251,12.88433,1.85183,0.22057,0.67665,0.72771,0.40003,0.54,0.72771
-5.01729,32.99202,7.55655,-0.09444,0.36198,0.92739,0.99537,0.0,0.0,nan,0.0,0.00914,0.03078,20.14627,1.63898,0.2449,0.54365,0.44585,0.6001,0.61014,0.44585
-4.27411,32.33886,8.12312,-0.06298,0.35102,0.93425,0.99294,0.0,0.0,nan,0.0,0.01227,0.02671,17.68143,1.75545,0.22624,0.5452,0.38175,0.93791,0.56966,0.38175
-4.97806,35.04998,-6.85669,-0.09126,0.46598,-0.88007,1.00023,0.0,0.0,nan,0.0,0.00298,0.03787,15.19682,1.87841,0.21497,0.7302,0.98594,0.49709,0.53236,0.98594
-5.94403,35.96284,5.97635,-0.27769,0.65515,0.70261,0.97592,0.0,0.0,nan,0.0,0.00693,0.03217,23.60379,3.0223,0.23371,0.61994,0.74243,0.37694,0.33087,0.74243
-5.08811,34.98399,6.91362,-0.10723,0.51096,0.85289,0.94502,0.0,0.0,nan,0.0,0.01234,0.03254,17.02991,2.56257,0.23544,0.60526,0.56333,0.69989,0.39023,0.56333
-4.91939,36.31114,-6.26911,-0.09909,0.57864,-0.80954,0.9981,0.0,0.0,nan,0.0,0.0046,0.06022,16.16972,1.71433,0.22947,0.77276,0.98322,0.43782,0.58332,0.98322
-5.10557,37.34436,-5.4037,-0.11179,0.72575,-0.67882,0.98706,0.00011,0.00055,0.6,1.0,0.01271,0.09281,9.54594,1.67095,0.24181,0.56084,0.95082,0.82642,0.59846,0.95082
-5.08667,37.86813,3.50863,-0.17803,0.89352,0.41223,0.97328,0.0,0.0,nan,0.0,0.00968,0.04863,23.03059,1.70927,0.24402,0.65908,0.73828,0.32832,0.58504,0.73828
-5.07562,36.91432,5.00309,-0.20738,0.76492,0.60983,0.96416,0.0,0.0,nan,0.0,0.00657,0.03036,18.68061,2.93568,0.23743,0.50823,0.53373,0.47155,0.34064,0.53373
-4.69659,36.26214,6.26308,-0.06673,0.64146,0.76425,0.91381,0.0,0.0,nan,0.0,0.00673,0.02435,18.30109,1.84531,0.24069,0.51571,0.51227,0.59443,0.54191,0.51227
-4.90031,38.16541,-4.33817,-0.10086,0.86717,-0.4877,0.97754,0.0,0.0,nan,0.0,0.01186,0.06436,6.85517,2.09728,0.2328,0.24444,0.52366,0.97373,0.47681,0.52366
-5.02911,38.63456,-3.14098,-0.08017,0.96478,-0.25053,0.97399,0.0,0.0,nan,0.0,0.00904,0.05828,6.2775,2.05097,0.23288,0.27402,0.59631,0.74624,0.48757,0.59631
-4.96515,38.62303,-0.97326,-0.05545,0.99598,0.0704,0.99152,0.0,0.0,nan,0.0,0.02437,0.08206,4.81583,1.63898,0.23962,0.46058,0.51733,0.91249,0.61014,0.51733
-5.08444,38.30003,1.11493,-0.06632,0.98461,0.16171,0.99334,0.0035,0.01752,0.51,1.0,0.0123,0.08645,6.65235,1.70881,0.22118,0.24411,0.43736,0.75836,0.5852,0.43736
-4.8392,38.09541,2.52757,-0.10783,0.95568,0.27395,0.97754,0.0,0.0,nan,0.0,0.01641,0.13974,10.65654,2.01552,0.23673,0.62226,0.93601,0.55372,0.49615,0.93601
-2.92915,1.51027,-4.5035,0.03477,-0.72166,-0.69137,0.975,0.0,0.0,nan,0.0,0.01176,0.03472,20.714,2.39213,0.23196,0.61869,0.43649,0.60019,0.41804,0.43649
-3.04267,0.58276,-3.13361,0.01212,-0.88113,-0.47272,0.98199,0.0,0.0,nan,0.0,0.00731,0.03002,20.84607,2.00195,0.23864,0.45807,0.68064,0.5822,0.49951,0.68064
-2.96863,0.09473,-0.99062,-0.01458,-0.99609,-0.08708,0.98645,0.0,0.0,nan,0.0,0.00568,0.08945,19.9681,1.71707,0.25524,0.75449,0.95808,0.27696,0.58239,0.95808
-3.00931,0.24537,1.02595,-0.01577,-0.98041,0.19633,0.99891,0.00444,0.02221,0.6,1.0,0.0195,0.07898,8.52333,1.76743,0.21448,0.38263,0.61563,0.79669,0.56579,0.61563
-2.96082,0.89604,3.03879,-0.01781,-0.93603,0.35147,1.00033,0.0078,0.039,0.6,1.0,0.01481,0.06453,6.00831,1.8623,0.21558,0.36765,0.54026,0.83191,0.53697,0.54026
-3.05522,1.6099,4.73122,-0.00246,-0.88411,0.46728,1.00003,0.0,0.0,nan,0.0,0.01589,0.06333,5.83457,2.03448,0.23556,0.54152,0.7713,0.66757,0.49153,0.7713
-2.69444,3.523,-6.26591,-0.04585,-0.55056,-0.83354,0.98189,0.0,0.0,nan,0.0,0.00496,0.01575,16.81294,3.20859,0.24288,0.41978,0.45851,0.83976,0.31166,0.45851
-3.15672,2.5195,-5.53094,-0.04244,-0.61955,-0.78381,0.98058,0.0,0.0,nan,0.0,0.00969,0.02449,22.72415,3.37872,0.24042,0.65393,0.5764,0.65859,0.29597,0.5764
-2.98289,2.14191,5.75681,-0.00534,-0.76582,0.64303,0.97277,0.0,0.0,nan,0.0,0.00227,0.05668,21.98648,1.65893,0.2363,0.62112,0.94825,0.19234,0.6028,0.94825
-2.9958,2.98642,6.74728,-0.00828,-0.54837,0.8362,0.95981,0.0,0.0,nan,0.0,0.0034,0.02806,21.9018,1.86418,0.22,0.32194,0.32477,0.41096,0.53643,0.32477
-2.99806,4.83062,-7.01273,-0.07658,-0.41909,-0.90471,0.97136,0.0,0.0,nan,0.0,0.00581,0.01786,14.92405,2.2392,0.2382,0.4271,0.61452,0.86317,0.44659,0.61452
-3.73052,4.18148,-5.83864,-0.10564,-0.51669,-0.84963,0.99618,0.0,0.0,nan,0.0,0.00666,0.02362,20.52164,1.84931,0.23075,0.58744,0.69965,0.52696,0.54074,0.69965
-3.07157,4.97889,7.33267,-0.05438,-0.24283,0.96854,0.99851,0.01866,0.09329,0.7,1.0,0.00929,0.03152,29.61195,2.21667,0.23185,0.36037,0.37183,0.87322,0.45113,0.37183
-3.00774,7.02283,-7.39852,-0.1023,0.01986,-0.99456,0.97784,0.0,0.0,nan,0.0,0.00795,0.03038,17.92695,2.2004,0.23323,0.60792,0.68196,0.47823,0.45446,0.68196
-3.04964,7.07632,7.67466,-0.07404,-0.24919,0.96562,1.00084,0.01587,0.07934,0.7,1.0,0.00724,0.0224,29.89192,2.167,0.22482,0.35208,0.30989,0.9791,0.46147,0.30989
-2.00796,6.38836,8.00291,-0.059,-0.22752,0.97198,0.99253,0.0,0.0,nan,0.0,0.01099,0.03113,32.93881,1.86789,0.22621,0.37458,0.59614,1.0,0.53536,0.59614
-3.0491,8.94368,-6.82472,-0.1213,-0.11075,-0.98642,0.95312,0.0,0.0,nan,0.0,0.01152,0.02814,25.82762,2.15009,0.22517,0.47542,0.52762,0.92771,0.4651,0.52762
-3.34541,8.30465,7.80432,-0.06,-0.3206,0.94531,0.99283,0.0,0.0,nan,0.0,0.00787,0.03017,24.98053,1.63898,0.23036,0.3891,0.37851,0.7243,0.61014,0.37851
-3.02185,9.20638,8.55061,-0.05464,-0.34112,0.93843,0.99506,0.0,0.0,nan,0.0,0.00599,0.03185,21.96404,3.39955,0.24025,0.44146,0.53873,0.46465,0.29416,0.53873
-2.95684,11.55023,-8.40812,-0.12588,-0.40304,-0.90648,0.9901,0.0,0.0,nan,0.0,0.01037,0.02961,18.55762,1.8741,0.22507,0.5455,0.43075,0.71097,0.53359,0.43075
-3.02984,10.80546,-7.30854,-0.13593,-0.43384,-0.89068,0.96234,0.0,0.0,nan,0.0,0.01497,0.03342,25.87589,2.2529,0.2376,0.5699,0.6422,0.84653,0.44387,0.6422
-2.97246,11.05303,9.11433,-0.03372,-0.12234,0.99191,0.98807,0.0,0.0,nan,0.0,0.00649,0.02954,25.37395,1.80288,0.23468,0.52884,0.56385,0.44835,0.55467,0.56385
-2.98136,12.98634,-8.71841,-0.09399,-0.26113,-0.96072,0.98838,0.0,0.0,nan,0.0,0.00526,0.02836,13.10743,1.63898,0.23628,0.44025,0.49624,0.4852,0.61014,0.49624
-2.86926,12.92339,8.61715,0.02516,0.07925,0.99654,0.99547,0.0,0.0,nan,0.0,0.00726,0.01874,29.25813,1.84455,0.2459,0.59432,0.58584,0.69661,0.54214,0.58584
-3.01175,14.98646,-8.96449,-0.08018,0.08034,-0.99354,0.98858,0.0,0.0,nan,0.0,0.00994,0.05595,12.41211,2.07535,0.23221,0.60399,0.62395,0.34141,0.48185,0.62395
-3.09327,14.80116,7.90289,-0.03913,0.02705,0.99887,0.89315,0.0,0.0,nan,0.0,0.01489,0.02932,30.06087,1.73309,0.23517,0.58892,0.59949,0.91966,0.577,0.59949
-2.69146,14.90804,8.32977,-0.04871,0.00719,0.99879,0.96974,0.0,0.0,nan,0.0,0.01037,0.02255,30.34308,1.88969,0.23553,0.55447,0.59269,0.88373,0.52919,0.59269
-2.97415,16.88634,-8.39189,-0.1371,0.09413,-0.98607,0.99618,0.0,0.0,nan,0.0,0.00537,0.01841,22.29195,1.8848,0.23176,0.46016,0.40968,0.69037,0.53056,0.40968
-2.95267,17.5059,-7.98963,-0.15226,0.02138,-0.98811,0.95292,0.0,0.0,nan,0.0,0.00695,0.02028,25.41787,1.85935,0.22738,0.43821,0.46286,0.84435,0.53782,0.46286
-3.00771,16.94151,8.91821,-0.04887,-0.09071,0.99468,0.99638,0.0,0.0,nan,0.0,0.01227,0.02737,28.77133,1.84591,0.23813,0.56751,0.57745,0.84515,0.54174,0.57745
-3.01746,18.92951,-8.53682,-0.1502,-0.11882,-0.98149,0.99446,0.0,0.0,nan,0.0,0.00964,0.02763,31.31328,2.06109,0.22908,0.43574,0.41457,0.85181,0.48518,0.41457
-2.63915,18.15834,-7.90531,-0.13863,-0.0809,-0.98703,0.93661,0.0,0.0,nan,0.0,0.00874,0.02346,27.09665,1.74398,0.22855,0.43095,0.46346,0.92805,0.5734,0.46346
-3.04819,18.92944,9.13771,-0.0313,0.06103,0.99764,0.99081,0.0,0.0,nan,0.0,0.01944,0.04541,24.92797,2.54486,0.24046,0.51525,0.48639,0.89748,0.39295,0.48639
-2.92356,21.02072,-8.68808,-0.17784,-0.09591,-0.97937,0.99942,0.0,0.0,nan,0.0,0.00752,0.03412,26.15911,2.01748,0.23062,0.40724,0.59258,0.58265,0.49567,0.59258
-3.661,21.84743,7.82502,0.00874,0.1777,0.98405,0.93904,0.0,0.0,nan,0.0,0.00601,0.0167,25.70706,1.92115,0.22167,0.4104,0.47781,0.94471,0.52052,0.47781
-3.03995,20.93288,8.67735,-0.03917,0.25148,0.96707,0.99587,0.0,0.0,nan,0.0,0.01178,0.02881,25.04954,2.41382,0.22847,0.55554,0.49809,0.79512,0.41428,0.49809
-3.038,23.00987,-9.06718,-0.19252,-0.0038,-0.98129,0.99395,0.0,0.0,nan,0.0,0.00822,0.04884,28.54021,2.07365,0.23476,0.50394,0.68433,0.35732,0.48224,0.68433
-3.15505,22.72391,7.54152,-0.03009,-0.01338,0.99946,0.88119,0.0,0.0,nan,0.0,0.00497,0.01664,26.43007,2.05487,0.22524,0.38695,0.53007,0.83044,0.48665,0.53007
-2.81196,23.40142,8.22078,-0.06684,-0.14084,0.98777,0.98412,0.0,0.0,nan,0.0,0.00451,0.02211,25.69113,1.77852,0.23686,0.38325,0.43011,0.57381,0.56227,0.43011
-3.07723,24.99935,-9.06857,-0.17692,0.08802,-0.98028,0.9824,0.0,0.0,nan,0.0,0.00796,0.05359,24.50385,1.89048,0.22611,0.47868,0.59628,0.33558,0.52897,0.59628
-2.99267,24.93949,8.80635,-0.08582,-0.22633,0.97026,0.99749,0.0,0.0,nan,0.0,0.01357,0.07885,14.88545,2.12232,0.22699,0.55551,0.72392,0.35146,0.47118,0.72392
-3.0146,26.97721,-8.80743,-0.13182,0.05335,-0.98984,0.98493,0.0,0.0,nan,0.0,0.00909,0.06627,30.80607,1.86165,0.24522,0.71116,0.89764,0.38912,0.53716,0.89764
-3.0373,26.97071,8.96498,-0.05116,0.02602,0.99835,0.99334,0.00025,0.00127,0.6,1.0,0.02946,0.1535,11.48524,2.03514,0.22,0.39237,0.70129,0.57437,0.49137,0.70129
-2.97087,28.9762,-8.67489,-0.13268,0.08766,-0.98727,0.99496,0.0,0.0,nan,0.0,0.00829,0.06404,18.63775,3.07519,0.24478,0.57199,0.85676,0.38059,0.32518,0.85676
-3.02064,29.00729,8.78771,-0.01462,0.12297,0.9923,0.99527,0.0,0.0,nan,0.0,0.00364,0.04696,14.78237,1.87898,0.23667,0.22346,0.63155,0.39352,0.5322,0.63155
-3.07188,31.00051,-8.42723,-0.13305,0.13842,-0.9814,0.99922,0.0,0.0,nan,0.0,0.0052,0.0386,10.46117,1.69068,0.23718,0.52153,0.71467,0.30739,0.59148,0.71467
-2.92867,31.74583,7.82774,-0.05527,0.35861,0.93185,1.00023,0.0,0.0,nan,0.0,0.00757,0.02383,17.80672,1.63898,0.24026,0.4544,0.48336,0.77728,0.61014,0.48336
-2.95921,30.95013,8.36368,-0.07147,0.26495,0.96161,0.99922,0.0,0.0,nan,0.0,0.00798,0.02917,13.99398,2.41178,0.23237,0.52476,0.43441,0.59586,0.41463,0.43441
-2.94894,32.65791,-8.13694,-0.08188,0.27246,-0.95868,0.99891,0.0,0.0,nan,0.0,0.0112,0.057,11.07466,1.63898,0.23546,0.72709,0.75936,0.32903,0.61014,0.75936
-3.12293,33.62073,-7.91019,-0.06534,0.33998,-0.93816,0.99446,0.0,0.0,nan,0.0,0.00413,0.0309,13.11912,1.83912,0.21103,0.79515,0.92467,0.43958,0.54374,0.92467
-2.94434,33.0946,7.33144,0.02394,0.45445,0.89045,0.99922,0.0,0.0,nan,0.0,0.0086,0.01887,20.70628,1.80882,0.23012,0.53387,0.49351,0.93616,0.55285,0.49351
-3.30605,32.04137,8.00026,-0.05375,0.36051,0.93121,0.99912,0.0,0.0,nan,0.0,0.00893,0.02309,17.41356,1.63898,0.22825,0.52131,0.43843,0.82763,0.61014,0.43843
-2.99744,35.01882,-7.0627,-0.05208,0.45119,-0.89091,0.99972,0.0,0.0,nan,0.0,0.0026,0.03313,14.9991,2.19846,0.21656,0.78183,0.99345,0.51512,0.45486,0.99345
-2.45133,35.40436,5.60094,0.10742,0.53935,0.8352,0.98169,0.0,0.0,nan,0.0,0.00828,0.01779,23.9794,1.63898,0.24259,0.55921,0.45541,0.90161,0.61014,0.45541
-3.11434,34.80148,6.6097,0.10645,0.51536,0.85034,0.99972,0.0,0.0,nan,0.0,0.00811,0.01751,20.80234,2.07531,0.24114,0.65936,0.73325,0.77007,0.48186,0.73325
-2.97658,36.51003,-6.39267,-0.06461,0.56822,-0.82034,0.99496,0.0,0.0,nan,0.0,0.004,0.05507,16.01502,2.28871,0.22385,0.76259,0.98591,0.43688,0.43693,0.98591
-3.0769,37.50098,-5.53262,-0.07056,0.73465,-0.67477,0.9822,0.0,0.0,nan,0.0,0.02615,0.10296,8.01479,2.08219,0.23671,0.33178,0.7192,0.95644,0.48026,0.7192
-3.15191,37.9889,3.82364,-0.03316,0.88854,0.4576,0.96801,0.0,0.0,nan,0.0,0.00491,0.04231,28.72243,2.48647,0.23544,0.67691,0.82301,0.2394,0.40218,0.82301
-2.92393,37.04327,5.02324,0.00657,0.73087,0.68248,0.9824,0.0,0.0,nan,0.0,0.00302,0.01679,24.22134,2.07857,0.23202,0.59857,0.84138,0.46027,0.4811,0.84138
-3.6433,36.27172,6.23258,0.03891,0.61361,0.78865,0.96315,0.0,0.0,nan,0.0,0.00372,0.01428,22.40422,2.54442,0.23132,0.49591,0.34658,0.57295,0.39302,0.34658
-3.00749,38.24607,-4.48421,-0.05284,0.87797,-0.4758,0.98058,0.00428,0.02139,0.51,1.0,0.0114,0.09713,7.64307,2.09917,0.22654,0.19858,0.46099,0.74551,0.47638,0.46099
-3.03624,38.73959,-3.11447,-0.02516,0.97889,-0.20284,0.98058,0.0,0.0,nan,0.0,0.00813,0.05881,7.58431,2.18012,0.24228,0.34519,0.36278,0.50636,0.45869,0.36278
-3.01201,38.69384,-0.99717,-0.03115,0.99845,0.04618,0.98949,0.00701,0.03507,0.51,1.0,0.0104,0.07089,7.32704,1.77557,0.23282,0.44537,0.54549,0.41937,0.5632,0.54549
-2.99882,38.52514,0.982,-0.06543,0.98902,0.1325,0.99364,0.0,0.0,nan,0.0,0.01152,0.09212,7.32789,1.91423,0.21395,0.23997,0.62148,0.66349,0.5224,0.62148
-3.02187,38.17305,2.88721,-0.05145,0.94662,0.31821,0.9826,0.00274,0.01372,0.7,1.0,0.00503,0.08445,20.41132,1.63898,0.25927,0.74338,0.92959,0.20672,0.61014,0.92959
-1.40303,1.67373,-4.30431,-0.01087,-0.74407,-0.66801,0.9983,0.0,0.0,nan,0.0,0.00523,0.02027,22.38124,1.74904,0.24265,0.68747,0.77226,0.43994,0.57174,0.77226
-0.92605,0.93985,-3.50479,0.01187,-0.83875,-0.54439,0.99071,0.0,0.0,nan,0.0,0.00313,0.02531,25.03689,1.90071,0.24092,0.68813,0.90936,0.39652,0.52612,0.90936
-1.0054,0.09485,-0.9395,0.05795,-0.99471,-0.08479,0.98959,0.0,0.0,nan,0.0,0.01421,0.1516,13.78575,2.17969,0.22677,0.71128,0.94139,0.38938,0.45878,0.94139
-1.02142,0.23486,0.97013,0.02089,-0.9851,0.17071,0.99699,0.00926,0.04632,0.51,1.0,0.01385,0.07085,8.55524,1.85557,0.22036,0.34938,0.78509,0.77743,0.53892,0.78509
-1.01039,0.83373,2.99401,0.00827,-0.93568,0.35275,0.99932,0.01303,0.06514,0.51,1.0,0.0147,0.11991,7.27062,2.19205,0.21304,0.32744,0.85582,0.72193,0.45619,0.85582
-0.9588,1.61657,4.72157,0.01333,-0.87927,0.47614,1.00003,0.0,0.0,nan,0.0,0.01533,0.10454,6.57739,1.9979,0.22233,0.35496,0.81167,0.67132,0.50053,0.81167
-0.7569,3.79453,-6.05468,-0.05632,-0.58075,-0.81213,0.9982,0.0,0.0,nan,0.0,0.0073,0.01929,14.75718,3.10506,0.24079,0.51163,0.74724,0.84026,0.32205,0.74724
-1.13723,2.92565,-5.02586,-0.02755,-0.654,-0.75599,0.99435,0.0,0.0,nan,0.0,0.00651,0.01754,19.32679,2.67851,0.23284,0.60221,0.48379,0.68,0.37334,0.48379
-0.52171,2.14973,-3.86676,-0.02795,-0.75646,-0.65344,0.9746,0.0,0.0,nan,0.0,0.00442,0.01931,22.36111,1.90209,0.23062,0.69688,0.82223,0.46543,0.52574,0.82223
-0.97036,2.18178,5.69788,0.01688,-0.77543,0.63121,0.97531,0.0,0.0,nan,0.0,0.00452,0.1314,17.98109,1.94548,0.23512,0.69125,0.98286,0.21698,0.51401,0.98286
-1.02607,3.03601,6.8117,-0.00053,-0.55863,0.82942,0.96244,0.0,0.0,nan,0.0,0.00475,0.03262,22.7836,2.18325,0.22529,0.57485,0.84533,0.39643,0.45803,0.84533
-0.99791,4.90076,-6.93872,-0.05242,-0.41722,-0.90729,0.98838,0.0,0.0,nan,0.0,0.00588,0.02014,14.2134,1.80288,0.24655,0.40141,0.71981,0.82945,0.55467,0.71981
-1.2274,4.06782,-5.92377,-0.05224,-0.56678,-0.82221,0.99689,0.0,0.0,nan,0.0,0.00648,0.01712,15.11181,2.6898,0.23483,0.4838,0.69966,0.88544,0.37177,0.69966
-0.99304,5.03731,7.24255,-0.05628,-0.27235,0.96055,1.00013,0.0,0.0,nan,0.0,0.01208,0.036,29.50135,1.63898,0.22768,0.44999,0.75954,0.82135,0.61014,0.75954
-1.04543,7.03066,-7.56096,-0.09436,-0.08563,-0.99185,0.99061,0.0,0.0,nan,0.0,0.00223,0.02263,24.77403,1.88084,0.23642,0.72687,0.95761,0.4369,0.53168,0.95761
-0.8462,7.02495,7.85994,-0.05356,-0.25436,0.96563,0.99972,0.0,0.0,nan,0.0,0.01374,0.03874,30.69643,1.66368,0.2212,0.43669,0.71936,0.86519,0.60108,0.71936
-1.24277,7.12997,8.0874,-0.05392,-0.25922,0.96431,0.9976,0.0,0.0,nan,0.0,0.01104,0.03486,30.57448,1.99868,0.21815,0.39365,0.64629,0.85744,0.50033,0.64629
-0.39434,9.61496,-8.12685,-0.08662,-0.26617,-0.96003,0.97662,0.0,0.0,nan,0.0,0.01286,0.02554,28.88395,1.64251,0.23457,0.55717,0.53449,0.96655,0.60883,0.53449
-1.0366,8.99978,-7.27191,-0.16723,-0.16966,-0.97121,0.98463,0.0,0.0,nan,0.0,0.01282,0.02848,28.44978,1.73047,0.22877,0.57586,0.756,0.85318,0.57788,0.756
-0.64846,8.11061,7.90591,-0.05752,-0.3008,0.95195,0.99729,0.0,0.0,nan,0.0,0.01083,0.03838,26.1007,1.98326,0.21839,0.48543,0.78741,0.71094,0.50422,0.78741
-1.00003,8.92043,8.60301,-0.06057,-0.34444,0.93685,0.9981,0.0,0.0,nan,0.0,0.00917,0.04129,22.72602,2.07446,0.22317,0.45086,0.56268,0.53598,0.48205,0.56268
-0.99725,11.09316,-8.56742,-0.07298,-0.33571,-0.93914,0.96832,0.0,0.0,nan,0.0,0.01155,0.03485,21.87175,1.79237,0.23223,0.47096,0.5155,0.76812,0.55792,0.5155
-1.34186,10.36566,-7.82135,-0.16388,-0.35284,-0.92122,0.99932,0.0,0.0,nan,0.0,0.01204,0.03097,27.0423,1.8587,0.22775,0.59432,0.73927,0.70267,0.53801,0.73927
-0.99398,11.07092,9.16337,-0.02715,-0.04313,0.9987,0.9826,0.0,0.0,nan,0.0,0.00315,0.02406,22.79813,1.84754,0.24372,0.37327,0.41569,0.38102,0.54126,0.41569
-0.95939,13.01425,-8.81339,0.02128,-0.19013,-0.98153,0.99192,0.0,0.0,nan,0.0,0.00911,0.04042,14.80265,1.63898,0.23512,0.48844,0.44548,0.52363,0.61014,0.44548
-0.63133,12.95258,9.0094,-0.01259,0.04583,0.99887,0.99891,0.0,0.0,nan,0.0,0.00949,0.02325,28.2952,1.88744,0.23801,0.55629,0.32959,0.78551,0.52982,0.32959
-1.04374,14.99992,-8.96389,-0.00945,0.04166,-0.99909,0.99557,0.0,0.0,nan,0.0,0.01996,0.09513,16.55766,1.64756,0.24143,0.63678,0.62105,0.36929,0.60696,0.62105
-1.01904,15.13812,9.16252,-0.03866,-0.05619,0.99767,0.99749,0.0,0.0,nan,0.0,0.0102,0.02501,30.94086,1.8595,0.23773,0.49875,0.69153,0.87029,0.53778,0.69153
-0.956,17.02346,-8.80024,-0.06154,0.03292,-0.99756,0.99851,0.0,0.0,nan,0.0,0.00743,0.02794,26.41721,1.76132,0.22322,0.39403,0.32957,0.72587,0.56776,0.32957
-1.00882,16.88175,9.09746,-0.04098,-0.00801,0.99913,0.99689,0.0,0.0,nan,0.0,0.00995,0.02774,31.40446,2.86622,0.24167,0.52846,0.64573,0.7216,0.34889,0.64573
-0.89843,19.02053,-8.80296,-0.07328,-0.13543,-0.98807,0.99871,0.0,0.0,nan,0.0,0.01722,0.03616,34.47163,1.87143,0.23047,0.59785,0.71449,0.8426,0.53435,0.71449
-0.80772,18.91563,9.27369,-0.03231,0.03023,0.99902,0.99476,0.0,0.0,nan,0.0,0.00582,0.0287,32.03593,1.94977,0.23059,0.41943,0.38452,0.51403,0.51288,0.38452
-0.98963,20.97438,-9.29609,-0.05726,-0.08446,-0.99478,0.99739,0.0,0.0,nan,0.0,0.01251,0.04623,33.27692,2.02034,0.23269,0.54642,0.51785,0.52495,0.49497,0.51785
-0.99756,20.947,8.72401,-0.0608,0.17528,0.98264,0.99304,0.0,0.0,nan,0.0,0.00954,0.03358,32.72359,1.87711,0.24103,0.46297,0.31164,0.65074,0.53273,0.31164
-0.93403,23.03686,-9.31545,0.01269,0.10249,-0.99465,0.98807,0.0,0.0,nan,0.0,0.01264,0.06388,25.74401,2.36233,0.22684,0.59247,0.51226,0.3598,0.42331,0.51226
-1.38681,22.45482,7.82853,-0.14991,0.04592,0.98763,0.91017,0.0,0.0,nan,0.0,0.01049,0.02804,24.6483,2.74015,0.23077,0.5254,0.74826,0.77003,0.36494,0.74826
-0.92646,23.09936,8.37064,-0.11824,-0.0786,0.98987,0.98513,0.0,0.0,nan,0.0,0.00661,0.02141,20.68521,1.81554,0.2311,0.45455,0.43897,0.7449,0.5508,0.43897
-0.75651,25.08842,-8.90882,0.12321,0.12339,-0.98468,0.99972,0.0,0.0,nan,0.0,0.00857,0.0324,26.33643,1.6537,0.23271,0.45123,0.62953,0.63072,0.6047,0.62953
-0.36275,25.35355,-7.98054,0.13815,0.10808,-0.9845,0.93225,0.0,0.0,nan,0.0,0.00899,0.02721,29.46001,2.05009,0.23157,0.447,0.58974,0.78954,0.48778,0.58974
-0.97382,24.99415,9.01322,-0.05119,-0.14633,0.98791,0.98615,0.0,0.0,nan,0.0,0.03323,0.10951,15.46047,1.65529,0.24233,0.64789,0.62131,0.52894,0.60412,0.62131
-0.87366,26.96114,-8.84696,0.08253,0.01668,-0.99645,1.00023,0.0,0.0,nan,0.0,0.00634,0.03426,28.70184,1.80288,0.23421,0.50698,0.84443,0.55996,0.55467,0.84443
-0.43758,27.29248,-7.94027,0.07447,-0.03155,-0.99672,0.93863,0.0,0.0,nan,0.0,0.00691,0.03773,31.91144,2.10328,0.22666,0.51512,0.87335,0.62452,0.47545,0.87335
-0.97677,27.0257,8.96709,0.14437,0.16613,0.97548,0.9899,0.0,0.0,nan,0.0,0.00701,0.02821,18.84909,2.08516,0.22811,0.64711,0.59322,0.42485,0.47958,0.59322
-0.92791,28.92505,-8.8115,-0.00458,0.0057,-0.99997,0.9983,0.0,0.0,nan,0.0,0.00305,0.04549,25.67659,1.87364,0.23636,0.73181,0.94082,0.25391,0.53372,0.94082
-0.34288,28.50792,7.63996,0.22516,0.08241,0.97083,0.88494,0.0,0.0,nan,0.0,0.0037,0.0155,30.80003,2.72327,0.23476,0.63881,0.70965,0.3977,0.36721,0.70965
-0.98137,28.98832,8.58748,0.21158,0.05353,0.97589,0.99506,0.0,0.0,nan,0.0,0.00775,0.03137,25.57493,2.53505,0.22675,0.65942,0.71789,0.40374,0.39447,0.71789
-0.90976,31.05109,-8.59713,-0.04689,0.16331,-0.98546,0.99719,0.0,0.0,nan,0.0,0.00413,0.05888,7.16983,1.85847,0.2332,0.34025,0.816,0.33401,0.53808,0.816
-0.96448,31.00749,8.6072,0.03533,0.17284,0.98432,0.9516,0.0,0.0,nan,0.0,0.01091,0.04825,19.7243,2.82866,0.23858,0.50083,0.40273,0.49752,0.35352,0.40273
-1.01317,32.7078,-8.24474,-0.00756,0.32303,-0.94636,0.99628,0.0,0.0,nan,0.0,0.00562,0.04797,8.4255,1.64988,0.22914,0.68482,0.83367,0.28922,0.6061,0.83367
-0.98022,33.69752,-7.8803,0.00822,0.37106,-0.92857,0.99749,0.0,0.0,nan,0.0,0.00195,0.02711,11.27843,1.86305,0.21311,0.72431,0.98037,0.4444,0.53675,0.98037
-0.09023,33.82584,5.91375,0.01342,0.52809,0.84908,0.91199,0.0,0.0,nan,0.0,0.00487,0.01303,26.70583,1.8843,0.21779,0.46717,0.51522,0.86031,0.5307,0.51522
-0.8697,33.33216,7.2547,0.02943,0.55826,0.82914,0.99861,0.0,0.0,nan,0.0,0.00628,0.01726,25.42115,2.05724,0.22354,0.52752,0.46346,0.74356,0.48609,0.46346
-1.00964,32.37928,8.21337,-0.00654,0.45566,0.89013,0.97693,0.0,0.0,nan,0.0,0.00658,0.01886,19.70477,1.93252,0.2288,0.51631,0.5861,0.74421,0.51746,0.5861
-1.00807,34.9499,-7.17084,0.00694,0.43182,-0.90193,1.00003,0.0,0.0,nan,0.0,0.00318,0.03613,13.46263,1.7254,0.22126,0.71043,0.9835,0.56342,0.57958,0.9835
-1.74553,35.71386,5.79679,0.07808,0.5088,0.85734,0.99527,0.0,0.0,nan,0.0,0.00712,0.01648,23.24238,2.0628,0.23698,0.52201,0.49662,0.89934,0.48478,0.49662
-1.05127,34.94681,6.53206,0.02297,0.51697,0.85569,0.99912,0.0,0.0,nan,0.0,0.00618,0.01439,26.83557,1.84027,0.23119,0.51504,0.45252,0.89632,0.5434,0.45252
-0.97944,36.63152,-6.41513,-0.00647,0.56674,-0.82387,0.98665,0.00573,0.02867,0.6,1.0,0.00437,0.07152,14.06534,1.90039,0.22883,0.69466,0.9778,0.37096,0.52621,0.9778
-1.04182,37.64304,-5.57268,-0.00993,0.75366,-0.65719,0.97632,0.01579,0.07894,0.51,1.0,0.02845,0.12555,8.88867,1.67403,0.2396,0.30161,0.48915,0.92041,0.59736,0.48915
-1.07524,37.95893,3.87505,-0.08302,0.87049,0.48514,0.9745,0.00175,0.00873,0.7,1.0,0.00226,0.04075,27.60361,2.12823,0.22859,0.74241,0.95724,0.23817,0.46987,0.95724
-1.2026,37.00159,5.19617,-0.04599,0.65396,0.75513,0.9668,0.0,0.0,nan,0.0,0.00531,0.0201,21.278,1.68683,0.23854,0.49501,0.61291,0.58394,0.59283,0.61291
-0.7011,36.04874,6.01709,-0.02572,0.48262,0.87545,0.98929,0.0,0.0,nan,0.0,0.0048,0.0155,24.03859,1.79594,0.23549,0.47903,0.61645,0.7005,0.55681,0.61645
-0.94991,38.25175,-4.53848,8e-05,0.89615,-0.44375,0.97916,0.0,0.0,nan,0.0,0.00682,0.04298,8.44688,2.90015,0.22982,0.22063,0.44741,0.89007,0.34481,0.44741
-0.9677,38.69471,-3.05309,0.0074,0.98581,-0.16771,0.99283,0.0,0.0,nan,0.0,0.00567,0.03282,8.9715,1.63898,0.23428,0.34369,0.63584,0.61468,0.61014,0.63584
-0.93441,38.73978,-0.9793,-0.00626,0.99998,0.00178,0.99091,0.0,0.0,nan,0.0,0.00761,0.02928,9.2248,2.00377,0.22446,0.48722,0.47762,0.64929,0.49906,0.47762
-1.03717,38.66014,1.10087,-0.05009,0.99131,0.12162,0.98777,0.00929,0.04644,0.7,1.0,0.01444,0.09867,9.44109,1.63898,0.22636,0.47488,0.82766,0.49703,0.61014,0.82766
-0.96024,38.30644,2.94104,-0.06699,0.94183,0.32934,0.98199,0.00789,0.03947,0.7,1.0,0.01119,0.12325,20.65019,1.63898,0.22467,0.71722,0.84475,0.19921,0.61014,0.84475
1.02714,1.42898,-4.66721,-0.03997,-0.76747,-0.63984,0.9591,0.0,0.0,nan,0.0,0.00844,0.0361,26.10044,2.69688,0.23776,0.68469,0.49416,0.36764,0.3708,0.49416
0.97133,0.76325,-3.10664,-0.01945,-0.91235,-0.40896,0.99091,0.0,0.0,nan,0.0,0.00193,0.02963,23.94997,2.06559,0.23746,0.75498,0.94774,0.25458,0.48412,0.94774
1.04858,0.373,-0.98835,0.05976,-0.99503,-0.07967,0.99912,0.0,0.0,nan,0.0,0.00373,0.02389,7.25287,2.3493,0.23916,0.36171,0.60752,0.55016,0.42566,0.60752
1.03893,0.29707,1.02889,0.05715,-0.98571,0.15845,0.9977,0.01746,0.08728,0.51,1.0,0.00761,0.04621,6.87294,2.19287,0.22514,0.29389,0.5225,0.72341,0.45602,0.5225
0.99942,0.909,2.98546,0.03782,-0.93887,0.34218,1.00063,0.04524,0.04524,0.6,0.6087,0.01827,0.11971,6.87011,1.90804,0.212,0.24958,0.46539,0.78952,0.5241,0.46539
0.9848,1.6277,4.69168,0.02488,-0.87732,0.47927,0.99891,0.0,0.0,nan,0.0,0.01838,0.09237,6.89843,2.01324,0.21952,0.27553,0.38465,0.93174,0.49671,0.38465
0.98689,3.40577,-6.39704,-0.02977,-0.57333,-0.81878,0.97308,0.0,0.0,nan,0.0,0.00995,0.0511,16.77496,1.66205,0.24398,0.68513,0.7695,0.33925,0.60167,0.7695
0.86286,2.37743,-5.65349,-0.04977,-0.66658,-0.74377,0.97632,0.0,0.0,nan,0.0,0.01021,0.03995,23.42236,1.80288,0.24283,0.72716,0.77764,0.41854,0.55467,0.77764
1.04117,2.2388,5.69991,0.02047,-0.78302,0.62166,0.98443,0.00529,0.02643,0.51,1.0,0.01721,0.14257,7.64645,3.09678,0.23175,0.58637,0.93981,0.66145,0.32292,0.93981
1.00156,3.14766,6.73553,-0.0087,-0.59072,0.80683,0.98017,0.0,0.0,nan,0.0,0.00425,0.04937,20.97656,2.21628,0.22039,0.77255,0.94421,0.32246,0.45121,0.94421
0.95841,4.94238,-7.10072,-0.01947,-0.37892,-0.92522,0.98676,0.0,0.0,nan,0.0,0.02049,0.05112,12.54588,1.63898,0.24493,0.52558,0.36938,0.88437,0.61014,0.36938
1.01594,4.99837,7.51748,-0.05648,-0.32054,0.94555,0.99658,0.0,0.0,nan,0.0,0.0103,0.03996,24.31761,2.06053,0.2157,0.61141,0.80278,0.54913,0.48531,0.80278
1.96217,5.98493,8.00422,-0.07014,-0.22519,0.97179,0.99679,0.0,0.0,nan,0.0,0.01185,0.05669,22.113,1.6818,0.23327,0.74167,0.91073,0.63258,0.5946,0.91073
0.99758,7.06086,-7.5858,0.02621,-0.1048,-0.99415,0.99364,0.0,0.0,nan,0.0,0.00793,0.03047,29.01602,1.90841,0.22202,0.63114,0.77598,0.4808,0.524,0.77598
0.55857,7.14136,7.90525,-0.06473,-0.24782,0.96664,0.9977,0.0,0.0,nan,0.0,0.01593,0.04403,27.96701,2.00858,0.22561,0.57827,0.8105,0.83163,0.49786,0.8105
1.34696,6.95875,8.24041,-0.0622,-0.22623,0.97209,0.9978,0.0,0.0,nan,0.0,0.00984,0.04125,26.50851,2.00597,0.2197,0.64573,0.89955,0.76165,0.49851,0.89955
0.44247,9.27412,-8.03413,0.00176,-0.2252,-0.97431,0.98635,0.0,0.0,nan,0.0,0.01214,0.0235,29.93109,1.83855,0.22853,0.57214,0.59451,0.96322,0.54391,0.59451
1.04739,8.79008,-7.96472,0.04094,-0.16779,-0.98497,0.98848,0.0,0.0,nan,0.0,0.01081,0.02428,30.79206,1.86921,0.22245,0.54999,0.64835,0.86255,0.53498,0.64835
1.74691,8.51291,7.99661,0.00544,-0.25707,0.96638,0.99233,0.0,0.0,nan,0.0,0.01491,0.03191,22.09429,1.8709,0.2324,0.61882,0.65412,0.82339,0.5345,0.65412
1.01177,8.96279,8.52968,0.0048,-0.30492,0.95236,0.99962,0.0,0.0,nan,0.0,0.00767,0.02924,22.77135,1.89467,0.22784,0.57497,0.82989,0.66658,0.5278,0.82989
0.86287,11.30269,-8.33314,0.09216,-0.22025,-0.97108,0.99618,0.0,0.0,nan,0.0,0.00883,0.02779,24.97053,1.92133,0.23006,0.44191,0.32019,0.77696,0.52047,0.32019
1.04352,10.46098,-7.84859,0.07398,-0.25614,-0.96381,0.9978,0.0,0.0,nan,0.0,0.01244,0.02799,29.6327,2.50416,0.23695,0.52292,0.51306,0.90694,0.39934,0.51306
0.98319,10.98621,9.29099,0.03377,-0.04066,0.9986,0.96254,0.0,0.0,nan,0.0,0.00994,0.04485,23.60909,1.74952,0.24467,0.54217,0.4691,0.44341,0.57159,0.4691
1.15804,12.95302,-8.74794,0.09141,-0.20107,-0.9753,0.9978,0.0,0.0,nan,0.0,0.00692,0.02545,18.05596,2.08301,0.23419,0.47457,0.4338,0.63626,0.48007,0.4338
1.60211,12.65881,-7.7974,0.07231,-0.23667,-0.96889,0.97065,0.0,0.0,nan,0.0,0.00589,0.02239,19.27964,1.66695,0.23646,0.37233,0.535,0.7801,0.5999,0.535
1.24409,13.78885,7.99145,0.04012,0.01366,0.9991,0.91979,0.0,0.0,nan,0.0,0.00956,0.02265,31.53109,1.63898,0.24384,0.47377,0.4881,0.94783,0.61014,0.4881
1.05715,12.96221,8.64014,0.04155,0.03869,0.99839,0.99709,0.0,0.0,nan,0.0,0.00793,0.01969,29.18356,1.85466,0.24377,0.4898,0.38739,0.87838,0.53918,0.38739
1.11269,15.06154,-8.93834,0.05225,-0.0407,-0.9978,0.99466,0.0,0.0,nan,0.0,0.00631,0.02444,20.53034,1.68257,0.23731,0.44556,0.25508,0.63607,0.59433,0.25508
1.10488,14.87563,9.24159,0.04728,-0.05202,0.99753,0.99324,0.0,0.0,nan,0.0,0.00963,0.02276,32.7013,1.6448,0.23666,0.47563,0.56327,0.94363,0.60798,0.56327
1.01917,17.0059,-8.74407,0.00586,-0.04308,-0.99905,0.99841,0.0,0.0,nan,0.0,0.01863,0.04375,24.54644,1.86865,0.2377,0.53431,0.60365,0.86193,0.53515,0.60365
1.00338,16.84023,9.14549,0.00928,-0.02816,0.99956,0.99202,0.0,0.0,nan,0.0,0.01074,0.03025,32.52305,2.3572,0.22894,0.54736,0.58821,0.68847,0.42423,0.58821
1.01578,19.00831,-9.01796,-0.05672,-0.12938,-0.98997,1.00033,0.0,0.0,nan,0.0,0.01936,0.04076,34.14933,1.89529,0.23079,0.62963,0.65143,0.79863,0.52762,0.65143
0.94228,18.99758,8.87093,-0.05544,0.02036,0.99825,0.99871,0.0,0.0,nan,0.0,0.00484,0.02351,31.92145,2.01357,0.23394,0.41412,0.33739,0.52878,0.49663,0.33739
1.04763,20.80397,-9.09231,-0.05417,-0.0575,-0.99687,0.99972,0.0,0.0,nan,0.0,0.00934,0.0334,26.41954,1.92539,0.23262,0.58654,0.70881,0.51286,0.51938,0.70881
1.79085,21.84617,7.90721,-0.0891,0.14894,0.98482,0.8898,0.0,0.0,nan,0.0,0.00794,0.0224,24.45208,1.92567,0.23102,0.47982,0.51079,0.79944,0.5193,0.51079
1.13727,21.00421,8.98631,-0.10101,0.15328,0.98301,0.9982,0.0,0.0,nan,0.0,0.00644,0.02102,30.06603,1.76809,0.23794,0.46305,0.39679,0.70576,0.56558,0.39679
0.97665,23.21764,-9.13344,0.05028,0.16564,-0.9849,0.99446,0.0,0.0,nan,0.0,0.00958,0.03144,23.01526,1.83194,0.24857,0.56566,0.34924,0.58572,0.54587,0.34924
1.65698,22.39551,7.76674,-0.07688,0.05714,0.9954,0.85688,0.0,0.0,nan,0.0,0.00552,0.0154,23.92938,1.6644,0.23342,0.45121,0.65288,0.86038,0.60082,0.65288
0.95484,23.12961,8.44746,-0.05899,-0.07155,0.99569,0.98372,0.0,0.0,nan,0.0,0.00474,0.01521,21.93389,1.75093,0.23923,0.44251,0.39315,0.7686,0.57113,0.39315
0.96871,24.91947,-8.49895,0.07344,0.15077,-0.98584,0.99162,0.0,0.0,nan,0.0,0.00894,0.02569,29.51436,1.63898,0.24022,0.47586,0.40004,0.78064,0.61014,0.40004
1.01268,25.01874,8.89816,-0.00778,-0.0394,0.99919,0.98169,0.0,0.0,nan,0.0,0.00915,0.05569,21.10444,1.75256,0.24509,0.58174,0.62796,0.30933,0.57059,0.62796
1.01074,27.00657,-8.59815,0.07243,-0.05026,-0.99611,1.00003,0.0,0.0,nan,0.0,0.01164,0.028,35.00421,2.26524,0.2347,0.53414,0.57182,0.82285,0.44145,0.57182
0.74678,27.6196,7.60422,0.04434,0.24773,0.96781,0.87572,0.0,0.0,nan,0.0,0.00794,0.01632,26.98193,1.63898,0.24873,0.60385,0.37549,0.86553,0.61014,0.37549
1.06703,26.98434,8.61529,0.01618,0.27284,0.96192,1.00043,0.0,0.0,nan,0.0,0.00583,0.01984,26.16414,1.78598,0.2391,0.64994,0.61449,0.48651,0.55992,0.61449
0.93943,28.94795,-8.92672,0.03349,-0.06362,-0.99741,0.99111,0.0,0.0,nan,0.0,0.00819,0.03034,28.7579,1.86475,0.23449,0.69176,0.73731,0.41742,0.53626,0.73731
0.94002,29.06679,7.41898,0.06237,0.01456,0.99795,0.87633,0.0,0.0,nan,0.0,0.00763,0.01897,34.68057,3.39685,0.23648,0.67358,0.65631,0.63198,0.29439,0.65631
0.82662,29.51315,8.01751,0.09191,0.00016,0.99577,0.98848,0.0,0.0,nan,0.0,0.00891,0.021,34.59298,3.2145,0.23517,0.69392,0.50067,0.64667,0.31109,0.50067
0.99734,31.01964,-8.67388,-0.00575,0.20173,-0.97942,0.99527,0.0,0.0,nan,0.0,0.00903,0.06192,6.74383,1.71385,0.23461,0.3461,0.5208,0.54621,0.58348,0.5208
1.76945,30.16329,7.91977,0.02978,0.02326,0.99929,0.99081,0.0,0.0,nan,0.0,0.01271,0.03608,30.5362,1.99534,0.24079,0.63997,0.59405,0.58645,0.50117,0.59405
1.02716,30.97022,8.52499,0.10869,0.10799,0.98819,0.94562,0.0,0.0,nan,0.0,0.01208,0.03462,25.32953,2.02517,0.23873,0.61079,0.56051,0.61634,0.49378,0.56051
0.94199,32.58053,-8.19625,0.02793,0.34284,-0.93898,0.99901,0.0,0.0,nan,0.0,0.00375,0.05292,8.51239,2.04345,0.21531,0.70476,0.9207,0.27333,0.48937,0.9207
1.0988,33.57786,-7.7809,0.0271,0.37639,-0.92606,1.00053,0.0,0.0,nan,0.0,0.00533,0.04053,10.74551,1.94354,0.22778,0.75577,0.92549,0.47096,0.51453,0.92549
1.09209,33.3886,7.35799,0.10075,0.52137,0.84736,0.99993,0.0,0.0,nan,0.0,0.00832,0.02445,27.03937,1.77499,0.22692,0.4931,0.59472,0.74131,0.56338,0.59472
0.7681,32.34817,8.19458,0.12262,0.41104,0.90333,0.94785,0.0,0.0,nan,0.0,0.00925,0.03089,26.96498,2.70741,0.22663,0.5722,0.64873,0.56224,0.36936,0.64873
1.00848,35.0136,-7.17706,0.02329,0.42757,-0.90368,0.99861,0.0,0.0,nan,0.0,0.00363,0.03589,11.90874,1.88346,0.21812,0.7102,0.96346,0.52472,0.53094,0.96346
0.84779,34.63078,5.65863,0.0325,0.42911,0.90267,0.95272,0.0,0.0,nan,0.0,0.00761,0.02161,27.81642,2.17367,0.23075,0.47839,0.46794,0.78872,0.46005,0.46794
1.44364,34.75648,6.24002,0.07108,0.44176,0.89431,0.99729,0.0,0.0,nan,0.0,0.00742,0.02526,29.00289,1.66385,0.22851,0.42973,0.49654,0.73115,0.60102,0.49654
0.98135,36.57396,-6.37968,0.02429,0.56536,-0.82449,0.99152,0.0,0.0,nan,0.0,0.00572,0.07357,11.26627,2.16536,0.22877,0.60502,0.95571,0.44263,0.46182,0.95571
1.02036,37.58603,-5.60329,0.02381,0.74192,-0.67007,0.97379,0.0,0.0,nan,0.0,0.01811,0.07203,7.99827,1.88218,0.23253,0.31538,0.5545,0.9968,0.5313,0.5545
0.05368,37.98964,3.98355,-0.0602,0.87784,0.47516,0.97662,0.0,0.0,nan,0.0,0.01019,0.06718,22.93431,2.02768,0.23925,0.7093,0.82936,0.31159,0.49317,0.82936
1.01993,37.36094,5.30598,0.04325,0.67945,0.73244,0.91776,0.0,0.0,nan,0.0,0.00747,0.04197,23.13866,1.72806,0.22593,0.40093,0.68843,0.48246,0.57868,0.68843
1.08513,36.12425,6.05162,0.04885,0.47333,0.87953,0.96275,0.0,0.0,nan,0.0,0.00519,0.02688,27.62627,3.3776,0.24214,0.38152,0.58278,0.54255,0.29607,0.58278
0.94668,38.29292,-4.59433,0.01417,0.89527,-0.4453,0.97085,0.0,0.0,nan,0.0,0.01139,0.05095,8.04473,2.3857,0.23977,0.29591,0.37324,0.94306,0.41916,0.37324
0.99097,38.61008,-2.94545,-0.00043,0.98486,-0.17336,0.99111,0.0,0.0,nan,0.0,0.00531,0.03197,7.02132,2.21597,0.23364,0.39261,0.55543,0.5437,0.45127,0.55543
0.93261,38.72537,-1.09388,-0.02103,0.99936,-0.02901,0.98716,0.0,0.0,nan,0.0,0.0025,0.02125,8.25134,2.04521,0.21827,0.43935,0.82635,0.43981,0.48895,0.82635
0.90398,38.7251,1.01259,-0.02818,0.99407,0.10504,0.98574,0.01529,0.07646,0.7,1.0,0.00959,0.05889,8.10568,2.04435,0.22809,0.49612,0.67917,0.40924,0.48915,0.67917
0.96839,38.32877,3.04803,0.01103,0.94671,0.32191,0.98584,0.00207,0.01037,0.7,1.0,0.01288,0.09948,9.28617,1.63898,0.22372,0.58304,0.70455,0.2699,0.61014,0.70455
1.45775,38.00042,4.05967,0.09534,0.86262,0.49678,0.96943,0.0,0.0,nan,0.0,0.00301,0.03325,20.1351,2.06872,0.24096,0.61324,0.88723,0.28884,0.48339,0.88723
2.91182,1.47614,-4.52797,0.15491,-0.73463,-0.66055,0.95697,0.0,0.0,nan,0.0,0.00493,0.02348,17.96483,1.87642,0.24005,0.49109,0.53518,0.47541,0.53293,0.53518
2.96073,0.68786,-3.05111,0.08609,-0.92127,-0.37927,0.96659,0.0,0.0,nan,0.0,0.0052,0.05485,15.18611,3.60576,0.24523,0.37598,0.66413,0.28552,0.27733,0.66413
2.99705,0.37934,-1.04534,0.07134,-0.99417,-0.0808,0.99658,0.0,0.0,nan,0.0,0.00384,0.01538,5.07287,2.24936,0.23236,0.40283,0.52775,0.86357,0.44457,0.52775
2.9934,0.44545,1.00482,0.07301,-0.98634,0.14768,0.9979,0.0,0.0,nan,0.0,0.00834,0.03995,4.91023,2.17574,0.23099,0.29713,0.53881,0.989,0.45961,0.53881
2.98405,1.05518,2.95356,0.0405,-0.94844,0.31435,1.00063,0.06901,0.06901,0.51,0.63472,0.01488,0.07502,5.53466,1.84621,0.22484,0.29454,0.30844,0.91676,0.54165,0.30844
2.97395,1.59904,4.68001,0.01402,-0.88362,0.468,0.99689,0.02066,0.10328,0.51,1.0,0.0132,0.07078,5.902,1.99625,0.22109,0.24976,0.6187,0.99974,0.50094,0.6187
2.78714,3.67049,-6.23256,0.18571,-0.5778,-0.79477,0.99871,0.0,0.0,nan,0.0,0.00387,0.02574,19.41473,1.80288,0.24406,0.43042,0.37629,0.38544,0.55467,0.37629
3.13381,2.89426,-5.20497,0.21074,-0.61589,-0.75912,0.99851,0.0,0.0,nan,0.0,0.00436,0.01754,20.28307,1.90401,0.2388,0.47005,0.34105,0.58155,0.52521,0.34105
3.03906,2.30007,5.67127,0.00944,-0.79199,0.61046,0.99446,0.00398,0.01988,0.51,1.0,0.01195,0.05108,6.15277,1.90248,0.22005,0.30997,0.47142,1.0,0.52563,0.47142
2.98625,3.24252,6.70867,0.0199,-0.60673,0.79466,0.98777,0.0,0.0,nan,0.0,0.01633,0.11536,11.24528,1.80288,0.2327,0.51957,0.58194,0.32095,0.55467,0.58194
3.02404,4.98373,-6.98893,0.09679,-0.4172,-0.90365,0.96275,0.0,0.0,nan,0.0,0.00851,0.04926,15.5558,2.87203,0.23319,0.52609,0.46899,0.3706,0.34819,0.46899
2.98551,4.96798,7.62844,0.05114,-0.36881,0.9281,0.9902,0.0,0.0,nan,0.0,0.02292,0.07345,21.34939,1.80288,0.22938,0.68405,0.58499,0.49895,0.55467,0.58499
2.50535,5.98925,8.0042,-0.02078,-0.22568,0.97398,0.99405,0.0,0.0,nan,0.0,0.02692,0.06539,20.27804,1.7071,0.23772,0.73355,0.76292,0.6431,0.58579,0.76292
3.08041,7.13886,-7.35625,0.04144,-0.08368,-0.99563,1.00053,0.0,0.0,nan,0.0,0.00565,0.02837,21.99841,1.90213,0.22165,0.41367,0.4739,0.5251,0.52573,0.4739
3.68472,6.02332,7.9886,0.13775,-0.22327,0.96497,0.98848,0.0,0.0,nan,0.0,0.01293,0.04831,25.91473,1.63898,0.24196,0.56932,0.63743,0.50635,0.61014,0.63743
2.9621,6.98246,8.34249,0.04496,-0.17956,0.98272,0.98665,0.0,0.0,nan,0.0,0.01691,0.04432,23.19396,1.7282,0.23501,0.57818,0.55491,0.71703,0.57864,0.55491
2.89139,8.97361,-7.33323,0.0531,-0.14418,-0.98813,0.99689,0.0,0.0,nan,0.0,0.01014,0.02822,26.79824,1.89834,0.21983,0.4433,0.40105,0.8708,0.52678,0.40105
3.21245,8.52431,7.90123,0.13661,-0.1886,0.97251,0.99294,0.0,0.0,nan,0.0,0.0076,0.02168,23.2208,2.53765,0.24226,0.46176,0.64437,0.82481,0.39406,0.64437
2.9485,9.04995,8.41367,0.12544,-0.21472,0.96859,0.99668,0.0,0.0,nan,0.0,0.01107,0.02767,22.44677,1.63898,0.2457,0.51449,0.62707,0.8466,0.61014,0.62707
3.16154,11.62012,-8.20101,0.00643,-0.25041,-0.96812,1.00063,0.0,0.0,nan,0.0,0.00959,0.02991,21.98975,2.20656,0.22878,0.48886,0.40824,0.71532,0.45319,0.40824
2.89206,10.74903,-7.939,0.02939,-0.24879,-0.96811,1.00074,0.0,0.0,nan,0.0,0.00679,0.02525,25.12757,1.90389,0.22285,0.3948,0.32626,0.73542,0.52524,0.32626
3.08915,11.03302,8.98505,0.14039,-0.08643,0.98632,0.98929,0.0,0.0,nan,0.0,0.00969,0.03723,22.59395,2.21088,0.23342,0.38524,0.46667,0.73559,0.45231,0.46667
2.92555,13.00347,-8.54224,0.01447,-0.20771,-0.97808,1.00003,0.0,0.0,nan,0.0,0.00511,0.02045,18.40491,1.8882,0.23022,0.40099,0.57451,0.6912,0.5296,0.57451
2.20491,12.52791,-7.88602,0.03855,-0.24542,-0.96865,0.98716,0.0,0.0,nan,0.0,0.0073,0.02617,20.02599,1.65706,0.22959,0.38321,0.57182,0.80031,0.60348,0.57182
2.9944,13.0183,8.74698,0.12563,0.06612,0.98987,0.99679,0.0,0.0,nan,0.0,0.01208,0.02641,26.97325,1.80288,0.23347,0.53308,0.41234,0.92193,0.55467,0.41234
2.91513,15.10529,-8.86703,0.04691,-0.03526,-0.99828,0.99466,0.0,0.0,nan,0.0,0.00488,0.01927,21.9984,1.63898,0.2485,0.44351,0.42668,0.62315,0.61014,0.42668
3.80258,15.82202,7.89579,0.11514,-0.12433,0.98554,0.89973,0.0,0.0,nan,0.0,0.00919,0.02261,33.71686,2.69826,0.23594,0.49542,0.58547,0.8695,0.37061,0.58547
3.05396,15.11328,9.03791,0.15254,-0.06809,0.98595,0.99952,0.0,0.0,nan,0.0,0.00764,0.02002,32.61018,1.82894,0.23782,0.43869,0.30484,0.9235,0.54677,0.30484
3.01078,17.00094,-8.76938,0.014,-0.11977,-0.9927,1.00023,0.0,0.0,nan,0.0,0.00817,0.02089,26.00528,1.88582,0.22537,0.45871,0.44724,0.91777,0.53027,0.44724
3.76724,16.60584,-7.86229,0.02719,-0.08857,-0.9957,0.9048,0.0,0.0,nan,0.0,0.00706,0.01902,25.26894,1.80288,0.2316,0.46374,0.41919,0.8635,0.55467,0.41919
3.83061,16.16614,7.86386,0.10923,-0.16738,0.97982,0.89284,0.0,0.0,nan,0.0,0.01031,0.02657,34.57711,1.67338,0.23638,0.51442,0.63131,0.79805,0.59759,0.63131
3.02921,16.88929,9.01886,0.09035,-0.15948,0.98306,0.99476,0.0,0.0,nan,0.0,0.0133,0.03699,31.85982,1.70101,0.23246,0.57785,0.46936,0.66116,0.58789,0.46936
3.12019,18.92889,-9.41001,-0.06038,-0.16208,-0.98493,0.98919,0.0,0.0,nan,0.0,0.01499,0.04107,30.91952,1.80288,0.23412,0.60748,0.4915,0.63978,0.55467,0.4915
2.98989,18.99546,9.41393,-0.00793,-0.03181,0.99946,0.9671,0.0,0.0,nan,0.0,0.01048,0.04254,25.94763,3.36648,0.23762,0.46745,0.38087,0.56762,0.29705,0.38087
2.90561,20.9834,-9.44353,-0.0478,0.01879,-0.99868,0.99202,0.0,0.0,nan,0.0,0.00893,0.03076,24.82217,1.67498,0.23027,0.5541,0.42671,0.56655,0.59702,0.42671
2.87153,21.1342,9.27725,-0.03021,0.18507,0.98226,0.98767,0.0,0.0,nan,0.0,0.01074,0.03346,27.99675,1.72069,0.23105,0.50955,0.37515,0.67467,0.58116,0.37515
3.04448,23.1562,-9.15394,0.01777,0.21102,-0.97732,0.99385,0.0,0.0,nan,0.0,0.00648,0.02248,17.22213,2.65575,0.24003,0.44537,0.53338,0.72282,0.37654,0.53338
2.17178,22.37109,7.86653,-0.05265,0.07442,0.99584,0.8744,0.0,0.0,nan,0.0,0.00694,0.0208,25.46388,1.91718,0.2341,0.46135,0.36526,0.7797,0.5216,0.36526
3.10901,22.89142,8.45428,-0.00658,0.01038,0.99992,0.98432,0.0,0.0,nan,0.0,0.00721,0.0228,30.16583,1.71474,0.23328,0.64982,0.67412,0.51856,0.58318,0.67412
2.94366,24.96699,-8.66375,0.04329,0.15823,-0.98645,0.99912,0.0,0.0,nan,0.0,0.00643,0.02088,22.86923,1.80288,0.23758,0.49479,0.46114,0.67627,0.55467,0.46114
2.96836,24.99106,9.08892,0.02912,-0.02243,0.99932,0.97531,0.0,0.0,nan,0.0,0.00832,0.04139,23.7358,1.71459,0.24672,0.53438,0.7723,0.43932,0.58323,0.7723
2.93435,26.97003,-8.23615,0.0643,-0.04686,-0.99683,0.99689,0.0,0.0,nan,0.0,0.00901,0.01986,25.42095,1.67492,0.23986,0.59812,0.41406,0.81852,0.59704,0.41406
3.08355,27.58691,-7.79638,0.07851,-0.08405,-0.99336,0.94826,0.0,0.0,nan,0.0,0.00755,0.0188,24.90177,1.69417,0.24338,0.55777,0.47171,0.77738,0.59026,0.47171
3.83907,27.38392,7.90619,0.0352,0.20024,0.97912,0.98453,0.0,0.0,nan,0.0,0.01385,0.03843,31.39325,1.85391,0.23817,0.64265,0.78633,0.67487,0.5394,0.78633
3.14472,27.04772,8.93802,-0.02481,0.21589,0.9761,0.98118,0.0,0.0,nan,0.0,0.00757,0.02442,22.57243,1.71292,0.23628,0.45656,0.51786,0.73945,0.5838,0.51786
3.08913,28.80783,-8.93999,0.07817,-0.08336,-0.99345,0.98878,0.0,0.0,nan,0.0,0.00467,0.02314,20.15897,2.63295,0.22548,0.54448,0.69667,0.40726,0.3798,0.69667
3.21672,28.1877,-7.8651,0.0817,-0.10411,-0.9912,0.95798,0.0,0.0,nan,0.0,0.00493,0.01827,24.11131,2.76085,0.23027,0.54351,0.43264,0.53758,0.36221,0.43264
3.79435,29.40604,7.84121,0.01268,0.12997,0.99144,0.98635,0.0,0.0,nan,0.0,0.01539,0.0325,31.83977,2.07782,0.2317,0.6426,0.52815,0.78303,0.48127,0.52815
3.03632,29.02373,8.46075,-0.07938,0.11198,0.99053,0.9899,0.0,0.0,nan,0.0,0.01493,0.02756,31.40048,2.15393,0.22905,0.65699,0.38116,0.87737,0.46427,0.38116
2.97352,30.95634,-8.56314,0.09121,0.1673,-0.98168,0.99,0.0,0.0,nan,0.0,0.00397,0.06547,12.89647,1.80288,0.23616,0.69414,0.9386,0.25439,0.55467,0.9386
2.72666,31.34742,7.69961,0.04499,0.24496,0.96849,0.98979,0.0,0.0,nan,0.0,0.0085,0.02378,26.98942,2.17683,0.23143,0.50064,0.54715,0.76648,0.45938,0.54715
3.13172,30.8351,8.27117,0.01096,0.17772,0.98402,0.98554,0.0,0.0,nan,0.0,0.00815,0.02246,25.42124,1.91898,0.23105,0.47462,0.58565,0.82491,0.52111,0.58565
2.90948,32.44042,-8.15321,0.05519,0.325,-0.9441,0.99972,0.00418,0.02091,0.6,1.0,0.00346,0.0533,9.22887,1.98904,0.21463,0.72247,0.95122,0.30711,0.50276,0.95122
3.01328,33.50295,-7.79641,0.03094,0.34872,-0.93671,1.00033,0.0,0.0,nan,0.0,0.00328,0.04021,11.74703,2.19514,0.21588,0.80844,0.98211,0.45927,0.45555,0.98211
3.05033,33.12309,7.21484,0.01421,0.4863,0.87368,0.9979,0.0,0.0,nan,0.0,0.01078,0.02826,26.5453,1.82728,0.23291,0.47664,0.60571,0.86055,0.54726,0.60571
3.00184,34.98031,-7.20217,0.00861,0.42478,-0.90526,0.99932,0.0,0.0,nan,0.0,0.00329,0.04079,13.01741,1.87876,0.21957,0.77392,0.98704,0.49757,0.53227,0.98704
3.9481,35.91456,5.51814,0.00501,0.53995,0.84168,0.99557,0.0,0.0,nan,0.0,0.00795,0.02,30.28243,2.08334,0.23412,0.49706,0.33739,0.85197,0.48,0.33739
2.92897,34.97911,6.14841,0.076,0.51664,0.85282,0.99719,0.0,0.0,nan,0.0,0.00886,0.02194,32.99565,2.194,0.23884,0.57408,0.46498,0.74611,0.45579,0.46498
2.99678,36.45147,-6.33046,0.01824,0.56718,-0.82339,0.99537,0.0,0.0,nan,0.0,0.00862,0.09707,12.16847,2.20829,0.22021,0.67051,0.93931,0.39097,0.45284,0.93931
3.0555,37.48653,-5.49444,0.02626,0.74105,-0.67094,0.98554,0.0,0.0,nan,0.0,0.01164,0.07199,8.37839,2.07844,0.22208,0.21283,0.46288,0.94122,0.48113,0.46288
3.88956,37.98815,3.74101,-0.01574,0.82865,0.55954,0.97977,0.0,0.0,nan,0.0,0.0037,0.01766,24.23375,2.42148,0.23546,0.57568,0.59451,0.39387,0.41297,0.59451
2.91575,36.88717,4.70902,0.13279,0.67774,0.72321,0.97561,0.0,0.0,nan,0.0,0.00329,0.01391,25.39835,1.90458,0.23662,0.39506,0.39589,0.64608,0.52505,0.39589
2.52421,36.05822,6.01168,0.14325,0.49115,0.85921,0.9824,0.0,0.0,nan,0.0,0.00702,0.02379,32.30247,2.38607,0.23415,0.55347,0.50407,0.56647,0.4191,0.50407
2.93827,38.28241,-4.51273,0.0243,0.88583,-0.46338,0.97531,0.0,0.0,nan,0.0,0.01734,0.08497,8.80354,2.19188,0.22897,0.28057,0.35033,0.89274,0.45623,0.35033
3.00592,38.65343,-3.00411,0.00309,0.9777,-0.20997,0.98554,0.0,0.0,nan,0.0,0.00508,0.04075,7.97426,2.21984,0.22866,0.26496,0.23898,0.58856,0.45048,0.23898
3.09909,38.81546,-1.04618,-0.01546,0.99907,-0.04022,0.98443,0.00019,0.00097,0.7,1.0,0.00824,0.03982,5.41934,2.55659,0.23645,0.43779,0.8283,0.86388,0.39115,0.8283
3.02595,38.75721,1.06351,-0.00849,0.99056,0.13679,0.98402,0.0,0.0,nan,0.0,0.0029,0.0186,6.55028,3.22843,0.23748,0.31571,0.39752,0.64489,0.30975,0.39752
3.00108,38.29067,2.9569,0.04881,0.89309,0.44723,0.97723,0.0,0.0,nan,0.0,0.00295,0.02667,22.28721,3.40211,0.24316,0.69449,0.8245,0.22816,0.29394,0.8245
2.67569,38.01034,4.06153,0.11593,0.82784,0.54885,0.97399,0.0,0.0,nan,0.0,0.00255,0.01452,22.77488,1.89968,0.23707,0.49819,0.68413,0.38351,0.5264,0.68413
4.95674,1.6247,-4.33049,0.18489,-0.66013,-0.72804,0.95251,0.0,0.0,nan,0.0,0.00524,0.01935,23.41394,2.14015,0.23514,0.45737,0.44463,0.64297,0.46726,0.44463
5.00618,0.99608,-3.06801,0.13167,-0.85196,-0.50679,0.9517,0.0,0.0,nan,0.0,0.01088,0.05548,26.36459,1.63898,0.23792,0.63902,0.64268,0.33004,0.61014,0.64268
4.99267,0.60118,-1.02403,0.0626,-0.99561,-0.06962,0.99942,0.0,0.0,nan,0.0,0.00477,0.03422,7.85411,2.01967,0.22562,0.31161,0.32212,0.56141,0.49513,0.32212
5.00829,0.65076,1.05229,0.05952,-0.98975,0.12979,0.99871,0.02673,0.13364,0.51,1.0,0.01206,0.05624,6.68027,2.04717,0.21591,0.29834,0.42043,0.93415,0.48848,0.42043
4.97641,1.0709,3.00628,0.02447,-0.95901,0.28231,0.99922,0.09025,0.45123,0.51,1.0,0.01269,0.05688,5.74433,1.93581,0.21147,0.30202,0.52761,0.99586,0.51658,0.52761
5.01239,1.62116,4.66773,0.0012,-0.89121,0.45358,0.99537,0.03228,0.07206,0.6,0.9225,0.01633,0.06806,5.98212,1.91598,0.22051,0.32018,0.50983,1.0,0.52193,0.50983
4.45775,3.84674,-6.12695,0.19911,-0.61881,-0.75989,0.9981,0.0,0.0,nan,0.0,0.00437,0.01701,20.84939,1.92711,0.23403,0.42481,0.24365,0.66296,0.51891,0.24365
4.89256,3.01675,-4.58044,0.22068,-0.6134,-0.75832,0.99881,0.0,0.0,nan,0.0,0.00906,0.01979,23.37528,1.89552,0.23134,0.54267,0.50545,0.91586,0.52756,0.50545
4.95942,2.27199,5.60963,0.01865,-0.769,0.63898,0.975,0.00909,0.04547,0.6,1.0,0.00338,0.21339,7.36688,2.58953,0.22833,0.34721,0.96279,0.18194,0.38617,0.96279
5.01543,3.15968,6.76117,0.08191,-0.53612,0.84016,0.96021,0.0,0.0,nan,0.0,0.00297,0.02555,20.83894,2.71937,0.23,0.47986,0.76835,0.28192,0.36773,0.76835
5.00544,4.90116,-6.92541,0.156,-0.52352,-0.83761,0.94066,0.0,0.0,nan,0.0,0.00684,0.026,18.7839,1.92627,0.23468,0.47732,0.33296,0.60976,0.51914,0.33296
5.53481,4.19091,-5.61515,0.16597,-0.64687,-0.74432,0.99375,0.0,0.0,nan,0.0,0.00788,0.02541,25.93688,1.868,0.22857,0.46279,0.37568,0.72166,0.53533,0.37568
5.21277,5.0686,7.27598,0.18759,-0.27827,0.94201,0.99618,0.0,0.0,nan,0.0,0.00566,0.02117,23.68302,1.86511,0.2319,0.48214,0.67985,0.60117,0.53616,0.67985
4.99211,7.003,-7.4371,0.12162,-0.09797,-0.98773,0.98554,0.0,0.0,nan,0.0,0.01002,0.03032,18.40963,1.88274,0.23439,0.50708,0.35717,0.72245,0.53114,0.35717
5.2241,6.82905,7.73789,0.24336,-0.16719,0.95542,0.99982,0.0,0.0,nan,0.0,0.00848,0.02422,28.38509,1.80288,0.24223,0.50874,0.56207,0.73644,0.55467,0.56207
4.50432,7.16617,8.22033,0.2223,-0.15647,0.96234,0.9823,0.0,0.0,nan,0.0,0.00838,0.02988,27.91588,1.63898,0.24276,0.42954,0.4394,0.69976,0.61014,0.4394
4.95622,9.00377,-7.23626,0.13259,-0.16818,-0.9768,0.99709,0.0,0.0,nan,0.0,0.01039,0.03627,21.39687,1.9346,0.22543,0.57694,0.65374,0.54265,0.5169,0.65374
5.28057,8.79981,7.52836,0.17054,-0.22834,0.95853,0.97673,0.0,0.0,nan,0.0,0.0093,0.02379,29.0853,1.63898,0.23548,0.43265,0.46939,0.96609,0.61014,0.46939
4.80187,9.18241,8.38657,0.16314,-0.21886,0.96202,0.99891,0.0,0.0,nan,0.0,0.00802,0.02094,27.24275,1.63898,0.23661,0.4287,0.36337,0.95876,0.61014,0.36337
4.85707,11.6278,-8.134,0.09438,-0.26434,-0.9598,0.998,0.0,0.0,nan,0.0,0.01184,0.03841,15.94989,1.83818,0.24042,0.45465,0.58459,0.76308,0.54402,0.58459
4.99351,10.70934,-7.87965,0.12271,-0.28602,-0.95033,0.9978,0.0,0.0,nan,0.0,0.01679,0.04507,18.97376,1.63898,0.237,0.50121,0.58448,0.82155,0.61014,0.58448
4.97289,11.01731,8.77762,0.07329,-0.1363,0.98795,0.97703,0.0,0.0,nan,0.0,0.01003,0.03065,23.15762,1.87447,0.22022,0.45152,0.38262,0.78707,0.53349,0.38262
5.0213,12.96933,-8.56081,0.10562,-0.20952,-0.97208,0.99587,0.0,0.0,nan,0.0,0.01199,0.04186,12.57785,1.86406,0.23415,0.47293,0.45608,0.70206,0.53646,0.45608
4.88582,13.72394,7.90332,0.01027,0.06663,0.99772,0.94583,0.0,0.0,nan,0.0,0.00498,0.01735,25.56415,2.23009,0.22544,0.37278,0.49335,0.83112,0.44841,0.49335
5.03025,12.96605,8.36632,0.02308,0.05114,0.99842,0.99608,0.0,0.0,nan,0.0,0.00656,0.02376,23.7163,1.85144,0.23055,0.37254,0.40458,0.80366,0.54012,0.40458
4.96268,15.08541,-8.76206,0.06259,-0.01595,-0.99791,0.99972,0.0,0.0,nan,0.0,0.00784,0.02814,18.77739,1.80288,0.23706,0.54528,0.61064,0.56499,0.55467,0.61064
4.99016,14.76511,7.88811,6e-05,-0.0029,1.0,0.93468,0.0,0.0,nan,0.0,0.00783,0.02206,29.92861,2.04167,0.23336,0.44891,0.42669,0.84282,0.4898,0.42669
5.09685,15.2172,8.28421,0.00853,-0.05478,0.99846,0.98128,0.0,0.0,nan,0.0,0.00768,0.01959,30.40141,1.69218,0.23143,0.47178,0.4715,0.88549,0.59095,0.4715
4.92214,17.0594,-8.57403,0.07656,-0.13209,-0.98828,0.998,0.0,0.0,nan,0.0,0.01628,0.03503,29.27784,1.70526,0.24737,0.59165,0.74209,0.83933,0.58642,0.74209
4.15066,16.53418,-7.91951,0.02787,-0.08619,-0.99589,0.92556,0.0,0.0,nan,0.0,0.00822,0.02296,24.96486,1.80288,0.23286,0.46476,0.41337,0.8323,0.55467,0.41337
4.17446,16.41798,7.84891,0.07959,-0.19252,0.97806,0.89244,0.0,0.0,nan,0.0,0.00992,0.02611,35.12937,2.06469,0.23604,0.6021,0.69624,0.66696,0.48433,0.69624
5.04965,17.08406,8.61675,0.04516,-0.17628,0.9833,0.99871,0.0,0.0,nan,0.0,0.00985,0.02874,32.67025,1.63898,0.246,0.62276,0.64991,0.58422,0.61014,0.64991
4.99099,19.00805,-9.26534,0.1196,-0.19807,-0.97286,0.9899,0.0,0.0,nan,0.0,0.01362,0.05503,27.00334,1.70061,0.24007,0.65256,0.84982,0.59843,0.58803,0.84982
4.93029,18.99661,9.04774,0.15676,-0.05622,0.98604,0.99506,0.0,0.0,nan,0.0,0.01185,0.04078,24.26917,1.75641,0.24152,0.49331,0.44195,0.63746,0.56934,0.44195
5.00318,20.96395,-9.37671,0.10213,0.03796,-0.99405,0.98807,0.0,0.0,nan,0.0,0.02412,0.08937,19.11736,1.80288,0.23346,0.56165,0.64843,0.53074,0.55467,0.64843
5.08241,20.87884,8.95785,0.16972,0.16172,0.97213,0.99982,0.0,0.0,nan,0.0,0.02105,0.05619,29.33206,1.73374,0.22389,0.50874,0.33442,0.78647,0.57679,0.33442
4.98085,23.10817,-8.93166,0.08012,0.24306,-0.9667,1.00023,0.0,0.0,nan,0.0,0.00325,0.018,14.50729,1.86246,0.22875,0.50012,0.91454,0.86727,0.53692,0.91454
5.07661,22.8345,7.98769,0.13588,0.05152,0.98939,0.95788,0.00654,0.03268,0.6,1.0,0.01802,0.04683,32.30477,2.03916,0.23187,0.53336,0.4021,0.76633,0.4904,0.4021
4.88199,23.15631,8.24662,0.12649,0.02616,0.99162,0.98655,0.0,0.0,nan,0.0,0.01439,0.04161,32.97715,1.79825,0.23668,0.51006,0.54381,0.71893,0.5561,0.54381
5.01751,24.97124,-8.59481,0.05206,0.14208,-0.98849,1.00053,0.0,0.0,nan,0.0,0.00716,0.01601,16.91831,2.08885,0.23453,0.52689,0.65667,0.94916,0.47873,0.65667
5.05054,24.92756,8.85954,0.19076,-0.00252,0.98163,0.99354,0.0,0.0,nan,0.0,0.01164,0.03668,34.02447,1.8846,0.22891,0.5763,0.38339,0.58315,0.53062,0.38339
4.98301,27.05247,-8.32136,0.00127,-0.04155,-0.99914,0.99658,0.0,0.0,nan,0.0,0.00781,0.02314,21.23607,2.02514,0.23476,0.57755,0.52305,0.63962,0.49379,0.52305
4.94011,26.50449,-7.8513,-0.00078,-0.00724,-0.99997,0.96923,0.0,0.0,nan,0.0,0.01206,0.03506,21.36816,1.80288,0.23779,0.60039,0.4192,0.62682,0.55467,0.4192
4.99379,27.0557,8.69559,0.16276,0.14416,0.97608,0.99861,0.0,0.0,nan,0.0,0.00929,0.02728,30.9989,2.19378,0.22922,0.55887,0.70015,0.64894,0.45583,0.70015
4.91398,28.99274,-8.66643,0.03842,-0.05255,-0.99788,0.99476,0.0,0.0,nan,0.0,0.0051,0.02864,16.41175,1.66953,0.23813,0.56591,0.35036,0.35273,0.59897,0.35036
4.58566,29.66921,7.84981,0.10985,0.14512,0.9833,0.9976,0.0,0.0,nan,0.0,0.01219,0.0328,36.22023,2.50595,0.22919,0.57036,0.55874,0.6876,0.39905,0.55874
5.12015,28.94689,8.37101,0.14133,0.15648,0.97752,0.9976,0.0,0.0,nan,0.0,0.00761,0.02493,31.02419,1.96562,0.22831,0.39899,0.66128,0.81381,0.50874,0.66128
5.02746,30.99381,-8.28885,0.09331,0.18819,-0.97769,0.99668,0.0,0.0,nan,0.0,0.00669,0.0596,10.13205,1.63898,0.24145,0.54086,0.82309,0.32456,0.61014,0.82309
5.90635,31.88031,-7.97711,0.07259,0.24985,-0.96556,1.00003,0.00881,0.04404,0.6,1.0,0.0047,0.05514,9.40908,1.83938,0.22195,0.6985,0.89265,0.27198,0.54366,0.89265
4.69258,30.08693,7.99722,0.12232,0.14594,0.9817,0.9982,0.0,0.0,nan,0.0,0.01471,0.03816,37.02466,1.94637,0.23483,0.6011,0.47955,0.67593,0.51378,0.47955
5.00023,30.98802,8.2808,0.1426,0.19017,0.97134,0.97156,0.0,0.0,nan,0.0,0.01283,0.03318,37.14523,2.06778,0.22702,0.62596,0.65931,0.65074,0.48361,0.65931
4.52681,32.24438,-8.067,0.08416,0.27967,-0.9564,0.99993,0.0,0.0,nan,0.0,0.00331,0.05152,10.54787,1.96416,0.21645,0.73684,0.93614,0.25677,0.50912,0.93614
5.13663,33.22577,-7.78906,0.05844,0.28784,-0.95589,0.99912,0.0,0.0,nan,0.0,0.00308,0.03703,12.91268,1.68116,0.2113,0.82726,0.98552,0.47123,0.59483,0.98552
4.8676,33.26725,7.56201,0.01475,0.45438,0.89068,0.96872,0.0,0.0,nan,0.0,0.01359,0.03248,31.30175,3.3542,0.24125,0.63245,0.64391,0.70381,0.29813,0.64391
4.83733,32.25319,8.07245,0.08659,0.3049,0.94844,0.944,0.0,0.0,nan,0.0,0.00908,0.03322,40.02168,2.08414,0.23042,0.68305,0.7975,0.49549,0.47981,0.7975
5.02262,35.03703,-7.21742,0.02272,0.40895,-0.91227,0.99628,0.0,0.0,nan,0.0,0.00316,0.04222,14.09454,1.65781,0.22434,0.80246,0.99192,0.47196,0.60321,0.99192
4.49225,35.23865,5.33955,-0.0963,0.54435,0.83331,0.95353,0.0,0.0,nan,0.0,0.00766,0.02283,29.22248,1.88031,0.23634,0.50869,0.41804,0.70529,0.53183,0.41804
5.18764,34.55691,6.45658,-0.04565,0.4875,0.87193,0.98645,0.0,0.0,nan,0.0,0.00942,0.02847,31.11757,3.18129,0.24713,0.53809,0.66669,0.65427,0.31434,0.66669
5.01919,36.43859,-6.34692,0.0085,0.57032,-0.82138,0.99476,0.0,0.0,nan,0.0,0.00502,0.11963,12.96947,1.63898,0.23466,0.70942,0.9788,0.25464,0.61014,0.9788
4.98262,37.48063,-5.42739,0.00086,0.74896,-0.66262,0.98432,0.0,0.0,nan,0.0,0.00905,0.05438,10.46255,2.30885,0.22588,0.31359,0.38679,0.63189,0.43312,0.38679
4.28076,37.95069,3.98057,-0.0664,0.80754,0.58606,0.97541,0.0,0.0,nan,0.0,0.00267,0.01783,23.99948,3.57677,0.24272,0.44527,0.62242,0.36482,0.27958,0.62242
4.95322,37.07386,4.88805,-0.09324,0.65316,0.75146,0.97683,0.0,0.0,nan,0.0,0.00431,0.01852,29.99315,1.63898,0.25071,0.49068,0.71784,0.50592,0.61014,0.71784
5.71244,36.20979,6.09963,-0.09573,0.54893,0.83037,0.96133,0.0,0.0,nan,0.0,0.0041,0.02159,33.08793,1.66848,0.24446,0.6081,0.85025,0.48753,0.59935,0.85025
5.02195,38.26674,-4.45426,-0.01544,0.88472,-0.46587,0.97693,0.0,0.0,nan,0.0,0.00779,0.03909,11.51041,2.66073,0.23463,0.32706,0.31052,0.71468,0.37584,0.31052
4.99571,38.61364,-3.08027,0.00159,0.97353,-0.22857,0.98807,0.0,0.0,nan,0.0,0.00739,0.05054,10.55077,2.55033,0.23207,0.24745,0.32701,0.70312,0.39211,0.32701
4.88437,38.80547,-1.07192,0.01836,0.99836,-0.05428,0.98139,0.0013,0.00651,0.7,1.0,0.02047,0.08132,6.4221,1.88222,0.23236,0.43268,0.7125,0.76273,0.53129,0.7125
4.93458,38.83726,1.11144,-0.01296,0.99161,0.12859,0.98584,0.0,0.0,nan,0.0,0.0055,0.02734,7.01597,1.84153,0.2341,0.29744,0.43523,0.86934,0.54303,0.43523
4.94754,38.39935,2.96641,-0.09128,0.90518,0.4151,0.95849,0.0,0.0,nan,0.0,0.00165,0.05012,19.18302,2.34828,0.23082,0.68481,0.97796,0.19568,0.42584,0.97796
5.56984,38.03892,4.06982,-0.13591,0.80271,0.58068,0.94876,0.0,0.0,nan,0.0,0.00603,0.03185,24.52479,1.63898,0.24628,0.55093,0.70625,0.37174,0.61014,0.70625
6.20892,1.79202,-4.15335,0.13107,-0.63458,-0.76166,0.95575,0.0,0.0,nan,0.0,0.00774,0.0209,23.20112,2.07978,0.22596,0.48983,0.43495,0.82126,0.48082,0.43495
6.9955,1.08156,-3.13077,0.08293,-0.81808,-0.56909,0.94704,0.0,0.0,nan,0.0,0.00766,0.03354,25.13244,1.85885,0.23587,0.64574,0.80108,0.45659,0.53797,0.80108
6.98322,0.54398,-0.95799,0.0276,-0.99338,-0.11153,0.98078,0.0,0.0,nan,0.0,0.0149,0.09755,17.37839,1.85081,0.23878,0.62488,0.58891,0.27252,0.5403,0.58891
6.99279,0.77792,1.01776,0.03356,-0.99195,0.12212,0.99952,0.03537,0.17687,0.51,1.0,0.01517,0.05449,8.44394,1.97675,0.20984,0.36995,0.61153,0.93049,0.50588,0.61153
7.01274,1.08427,3.07622,0.03173,-0.96362,0.26537,0.99719,0.30029,0.30029,0.51,0.52931,0.0158,0.0596,6.86996,1.96861,0.21297,0.34653,0.68455,0.98744,0.50797,0.68455
7.01164,1.64671,4.61933,0.03661,-0.88706,0.46021,0.99354,0.29117,0.33508,0.6,0.79095,0.02545,0.08666,6.45636,1.72299,0.22306,0.38465,0.53096,1.0,0.58039,0.53096
6.82635,3.27651,-4.53096,0.09502,-0.62539,-0.7745,0.99446,0.0,0.0,nan,0.0,0.00534,0.01858,26.71662,1.79338,0.23215,0.3511,0.37541,0.87936,0.55761,0.37541
7.462,2.51353,-3.51983,0.07776,-0.65161,-0.75456,0.98645,0.0,0.0,nan,0.0,0.01004,0.02812,22.82566,1.90148,0.23175,0.48458,0.40616,0.80131,0.5259,0.40616
7.07238,2.20401,5.63082,0.04998,-0.7503,0.65921,0.95484,0.0,0.0,nan,0.0,0.00351,0.11114,11.61462,2.49579,0.22361,0.62835,0.96412,0.18694,0.40068,0.96412
6.9886,3.13785,6.62158,0.0717,-0.47637,0.87632,0.95089,0.0,0.0,nan,0.0,0.00547,0.03108,21.63648,1.8592,0.2374,0.60207,0.55301,0.31953,0.53787,0.55301
7.04686,5.34476,-6.4446,0.10003,-0.47117,-0.87635,0.97359,0.0,0.0,nan,0.0,0.00496,0.03117,23.43901,1.84397,0.23268,0.31494,0.46343,0.54812,0.54231,0.46343
7.08934,4.42618,-5.51632,0.06472,-0.64782,-0.75904,0.9902,0.0,0.0,nan,0.0,0.00582,0.02441,25.2891,1.75016,0.23774,0.37633,0.5101,0.68323,0.57138,0.5101
7.00642,5.0114,6.65105,0.11092,-0.2319,0.96639,0.99415,0.0,0.0,nan,0.0,0.00776,0.02062,25.78168,2.53327,0.23605,0.59286,0.58902,0.68373,0.39475,0.58902
6.96639,7.01151,-6.69817,0.14749,-0.10781,-0.98317,0.99364,0.0,0.0,nan,0.0,0.00574,0.02444,19.31106,1.71428,0.23901,0.41735,0.57579,0.6208,0.58334,0.57579
6.99056,6.95193,7.10123,0.10528,-0.18646,0.97681,0.99111,0.0,0.0,nan,0.0,0.00953,0.02399,30.69285,1.63898,0.24418,0.60117,0.63622,0.70411,0.61014,0.63622
7.0738,9.02792,-6.78062,0.1976,-0.12645,-0.97209,0.9903,0.0,0.0,nan,0.0,0.00944,0.02375,22.69131,1.69245,0.24427,0.52582,0.71857,0.82214,0.59086,0.71857
6.97116,8.63943,7.38794,0.10973,-0.268,0.95715,0.98625,0.0,0.0,nan,0.0,0.00905,0.02537,27.16795,2.70947,0.24039,0.47235,0.61453,0.81055,0.36908,0.61453
7.01349,9.68585,8.27297,0.10181,-0.34087,0.93458,0.99668,0.0,0.0,nan,0.0,0.00447,0.02522,26.44637,2.03222,0.2366,0.50259,0.86673,0.60591,0.49207,0.86673
6.28049,11.75899,-8.08923,0.19727,-0.27638,-0.94058,0.9981,0.0,0.0,nan,0.0,0.00513,0.02509,16.44301,2.52933,0.22392,0.52673,0.8655,0.69105,0.39536,0.8655
7.09925,10.94211,-7.37062,0.2287,-0.30446,-0.92466,1.00074,0.0,0.0,nan,0.0,0.00318,0.02313,23.68922,1.6576,0.23664,0.53032,0.89896,0.538,0.60328,0.89896
6.99468,10.9628,8.71068,0.08327,-0.21535,0.97298,0.9668,0.0,0.0,nan,0.0,0.01502,0.05239,20.73949,1.63898,0.23732,0.54663,0.43622,0.57495,0.61014,0.43622
6.77483,13.22626,-8.20789,0.17509,-0.21335,-0.96116,0.99922,0.0,0.0,nan,0.0,0.00856,0.03726,12.86143,1.88516,0.22726,0.41046,0.46589,0.64667,0.53046,0.46589
7.39077,12.66275,-7.69755,0.19302,-0.2821,-0.93977,0.99932,0.0,0.0,nan,0.0,0.00727,0.03027,18.73243,1.806,0.24224,0.57966,0.76956,0.48895,0.55371,0.76956
7.11083,13.07669,8.80558,0.03103,0.02746,0.99914,0.99597,0.0,0.0,nan,0.0,0.00905,0.03503,22.0823,2.55344,0.2325,0.45115,0.76305,0.65161,0.39163,0.76305
7.02985,14.99733,-8.45739,0.17585,-0.04532,-0.98337,0.99496,0.0,0.0,nan,0.0,0.00629,0.04656,26.15212,1.69743,0.23943,0.61264,0.85718,0.36111,0.58913,0.85718
7.12065,14.92595,8.73449,0.04773,-0.00085,0.99886,0.99364,0.0,0.0,nan,0.0,0.01265,0.03381,29.55323,1.68015,0.24488,0.44552,0.5016,0.89626,0.59518,0.5016
7.10539,17.01041,-8.63548,0.22013,-0.07179,-0.97282,0.99577,0.0,0.0,nan,0.0,0.00661,0.03389,33.41207,3.00748,0.23875,0.61839,0.89065,0.60771,0.3325,0.89065
7.92237,17.03433,-7.77172,0.2257,-0.03845,-0.97344,0.98078,0.0,0.0,nan,0.0,0.00753,0.03656,32.35925,1.88455,0.22956,0.60829,0.87488,0.59873,0.53063,0.87488
7.02739,17.03461,8.60218,0.10633,-0.07185,0.99173,0.9978,0.0,0.0,nan,0.0,0.0114,0.03313,24.96458,1.63898,0.23528,0.4912,0.49197,0.75638,0.61014,0.49197
7.04011,18.95559,-8.6645,0.26103,-0.18425,-0.94758,1.00033,0.0,0.0,nan,0.0,0.00717,0.03911,32.86777,1.87939,0.22633,0.53242,0.87444,0.607,0.53209,0.87444
7.65782,18.31686,-7.98649,0.26271,-0.15202,-0.95282,0.97784,0.0,0.0,nan,0.0,0.006,0.03014,30.7752,1.73196,0.23249,0.5439,0.90896,0.79354,0.57738,0.90896
6.99262,19.09523,8.79968,0.18917,0.0248,0.98163,0.99972,0.0,0.0,nan,0.0,0.01315,0.04872,27.34118,1.63898,0.23593,0.39204,0.47112,0.73892,0.61014,0.47112
7.08123,20.91779,-9.17965,0.18993,-0.04049,-0.98096,0.98037,0.0,0.0,nan,0.0,0.00491,0.03584,21.41022,1.80288,0.22944,0.48944,0.8223,0.39781,0.55467,0.8223
6.98528,20.9761,8.63993,0.17728,0.13329,0.97509,1.00074,0.01494,0.07472,0.6,1.0,0.0158,0.03875,33.90218,1.80288,0.22167,0.47233,0.3707,0.91394,0.55467,0.3707
7.00666,23.08076,-8.66821,0.07203,0.17846,-0.98131,1.00013,0.0,0.0,nan,0.0,0.01139,0.03565,14.82408,1.8201,0.23669,0.53349,0.79444,0.79223,0.54942,0.79444
7.79081,23.1366,7.86972,0.10503,0.10124,0.9893,0.99344,0.00405,0.02025,0.43,1.0,0.0204,0.04974,30.09561,1.72535,0.23017,0.53075,0.58739,0.82407,0.57959,0.58739
6.91817,22.94526,8.12555,0.16399,0.10008,0.98137,0.99618,0.00595,0.02975,0.51,1.0,0.0146,0.03623,31.62276,1.82385,0.22422,0.46207,0.4707,0.9272,0.54829,0.4707
6.99702,25.04501,-8.40609,0.00326,0.08496,-0.99638,0.99962,0.0,0.0,nan,0.0,0.00598,0.01424,15.08628,1.69097,0.23257,0.64708,0.82593,0.97042,0.59138,0.82593
7.11714,25.5069,7.82517,0.16979,-0.04049,0.98465,0.98817,0.0,0.0,nan,0.0,0.01225,0.03367,32.01848,1.67632,0.24268,0.52394,0.62885,0.73798,0.59654,0.62885
6.80616,24.82567,8.51955,0.20444,-0.04173,0.97799,0.99993,0.0,0.0,nan,0.0,0.015,0.04043,31.91577,1.76993,0.23892,0.49908,0.49319,0.7897,0.56499,0.49319
7.0119,26.95644,-8.34592,-0.00737,-0.0538,-0.99852,1.00033,0.0,0.0,nan,0.0,0.00389,0.01635,12.49266,1.90679,0.23078,0.62825,0.89237,0.80687,0.52444,0.89237
6.94633,26.36727,-7.90912,-0.00925,-0.04231,-0.99906,0.98605,0.0,0.0,nan,0.0,0.0076,0.01704,14.64921,1.69524,0.23709,0.60882,0.7354,0.83193,0.58989,0.7354
6.8986,26.13568,7.88769,0.17113,0.02806,0.98485,0.9903,0.0,0.0,nan,0.0,0.01107,0.03011,33.19191,1.89364,0.22921,0.53555,0.60499,0.72777,0.52808,0.60499
6.92665,27.06601,8.42889,0.14929,0.07237,0.98614,0.99861,0.0,0.0,nan,0.0,0.01183,0.03034,34.87558,1.70397,0.23206,0.52052,0.67574,0.79195,0.58687,0.67574
7.01981,29.01674,-8.53573,0.02182,0.03076,-0.99929,0.99658,0.0,0.0,nan,0.0,0.01253,0.06046,9.41162,1.99223,0.22286,0.65039,0.79431,0.45007,0.50195,0.79431
6.9165,29.04752,7.79321,0.11689,0.20713,0.97131,0.99608,0.0,0.0,nan,0.0,0.01207,0.03718,35.11023,1.87279,0.23097,0.53832,0.72803,0.63759,0.53396,0.72803
7.13896,28.31201,8.10361,0.10845,0.15126,0.98253,0.99567,0.0,0.0,nan,0.0,0.0152,0.04705,33.38497,1.68623,0.23459,0.50999,0.52968,0.6713,0.59304,0.52968
6.98907,30.75075,-8.1427,0.04147,0.19783,-0.97936,0.99942,0.0,0.0,nan,0.0,0.02379,0.0808,5.65939,1.82403,0.23242,0.4157,0.76067,0.99224,0.54824,0.76067
7.01561,31.71045,-7.94436,0.0438,0.24306,-0.96902,1.00094,0.0,0.0,nan,0.0,0.00418,0.05523,9.13805,1.80798,0.2282,0.66917,0.91034,0.28289,0.5531,0.91034
6.78949,31.12241,7.11418,0.20088,0.17188,0.96442,0.9903,0.0,0.0,nan,0.0,0.0094,0.02451,32.06808,2.02202,0.23724,0.54489,0.64461,0.74788,0.49456,0.64461
6.12647,31.02573,8.12164,0.20544,0.16745,0.96424,0.98108,0.0,0.0,nan,0.0,0.00934,0.02536,33.01046,1.88402,0.24005,0.53285,0.69432,0.73269,0.53078,0.69432
6.97927,33.13227,-7.66906,0.04473,0.26251,-0.96389,1.00074,0.0,0.0,nan,0.0,0.00287,0.03874,13.4866,1.99714,0.22103,0.76241,0.98857,0.47129,0.50072,0.98857
6.96262,32.91273,6.88201,0.14165,0.28449,0.94816,0.998,0.0,0.0,nan,0.0,0.01282,0.03757,34.67041,2.15758,0.23196,0.6092,0.65671,0.59262,0.46348,0.65671
6.99439,35.0501,-7.15383,0.02891,0.3844,-0.92272,0.99496,0.0,0.0,nan,0.0,0.0031,0.04329,14.35581,1.90933,0.22571,0.79311,0.99078,0.44852,0.52374,0.99078
7.63194,35.56239,5.49771,0.09599,0.4728,0.87593,0.9976,0.0354,0.17701,0.7,1.0,0.01782,0.03575,26.07214,2.72143,0.23721,0.62497,0.71392,0.85877,0.36745,0.71392
6.89104,34.84096,6.51004,0.05755,0.44121,0.89556,0.9899,0.01743,0.08713,0.7,1.0,0.01025,0.02448,30.36235,1.74331,0.23815,0.49271,0.64483,0.906,0.57362,0.64483
7.00611,36.41957,-6.34222,-0.00178,0.54118,-0.8409,0.99456,0.0,0.0,nan,0.0,0.0057,0.07104,12.19989,1.80288,0.24217,0.65457,0.92863,0.3329,0.55467,0.92863
6.96922,37.4538,-5.471,-0.03098,0.72699,-0.68595,0.98118,0.0,0.0,nan,0.0,0.00226,0.02649,15.24459,2.07346,0.22856,0.47245,0.89946,0.391,0.48229,0.89946
7.20711,37.11255,5.26901,0.03494,0.5982,0.80059,0.95221,0.0,0.0,nan,0.0,0.00758,0.02548,24.43145,3.22018,0.24434,0.57832,0.77062,0.59556,0.31054,0.77062
6.56012,36.18254,6.07215,-0.01504,0.51504,0.85703,0.96325,0.00503,0.02513,0.7,1.0,0.00972,0.02875,29.51684,1.72772,0.24334,0.60752,0.77938,0.65595,0.5788,0.77938
7.02756,38.37497,-4.61751,-0.04404,0.87683,-0.47878,0.95586,0.0,0.0,nan,0.0,0.00511,0.02073,13.29109,2.23105,0.2353,0.35071,0.58555,0.80817,0.44822,0.58555
7.00301,38.50655,-3.08216,-0.03023,0.98031,-0.19511,0.9899,0.0,0.0,nan,0.0,0.00386,0.02428,13.75217,2.77418,0.24334,0.43384,0.61328,0.41953,0.36047,0.61328
7.00651,38.7278,-1.08623,0.01305,0.99819,-0.05862,0.98584,0.26165,0.34155,0.7,0.8231,0.02428,0.09191,7.5127,1.80288,0.23241,0.36465,0.77508,0.99734,0.55467,0.77508
7.04832,38.77087,1.07717,0.00137,0.99675,0.08052,0.98838,0.08166,0.23096,0.7,0.95201,0.01874,0.08976,7.21046,1.63898,0.22893,0.26674,0.41223,1.0,0.61014,0.41223
6.99684,38.46726,3.04258,-0.01501,0.93368,0.35779,0.96872,0.0,0.0,nan,0.0,0.00961,0.1549,16.99267,1.63898,0.23368,0.59345,0.88161,0.20188,0.61014,0.88161
7.15606,38.11713,4.24856,0.01395,0.80988,0.58643,0.94056,0.0,0.0,nan,0.0,0.00378,0.0252,23.51221,1.90741,0.2361,0.49509,0.61128,0.32837,0.52427,0.61128
9.02896,1.17778,-3.10298,0.00302,-0.78505,-0.61942,0.94968,0.0,0.0,nan,0.0,0.00577,0.03411,20.36513,1.908,0.23497,0.62737,0.81379,0.37178,0.52411,0.81379
9.00953,0.56618,-1.05139,-0.01662,-0.99318,-0.1154,0.9822,0.0,0.0,nan,0.0,0.02109,0.12408,11.03757,1.70203,0.23114,0.60813,0.89711,0.62366,0.58754,0.89711
8.96303,0.80113,0.98,0.01085,-0.98967,0.14295,1.00023,0.01582,0.07908,0.6,1.0,0.02925,0.08796,7.99665,1.63898,0.22648,0.42672,0.40161,0.97431,0.61014,0.40161
9.00713,1.17415,3.04334,0.05011,-0.95841,0.28095,1.00023,0.27823,0.27823,0.6,0.7254,0.02603,0.08504,7.44771,1.71392,0.21949,0.38878,0.60018,0.99884,0.58346,0.60018
8.93267,1.71598,4.52528,0.07333,-0.87783,0.47332,0.99223,0.1346,0.67301,0.6,1.0,0.02384,0.08849,6.62273,1.88983,0.22711,0.35077,0.45249,1.0,0.52915,0.45249
9.03593,3.39576,-4.55057,-0.01487,-0.65853,-0.75241,0.9976,0.0,0.0,nan,0.0,0.00472,0.02427,20.3876,1.81396,0.23865,0.41223,0.43448,0.51781,0.55128,0.43448
8.57891,2.04346,-3.99489,0.02237,-0.6551,-0.75521,0.99233,0.0,0.0,nan,0.0,0.00492,0.02036,19.27953,2.87422,0.23325,0.40065,0.69064,0.6661,0.34792,0.69064
9.04871,2.34905,5.50943,0.0834,-0.74479,0.66207,0.97217,0.06914,0.34572,0.6,1.0,0.00994,0.11579,8.37361,1.75901,0.24217,0.52252,0.86713,0.32567,0.5685,0.86713
8.94439,3.34769,6.42485,0.07735,-0.47942,0.87417,0.97298,0.0108,0.05398,0.51,1.0,0.00554,0.03733,15.7651,1.81893,0.23709,0.68481,0.84828,0.35617,0.54977,0.84828
8.96728,5.07786,-6.54017,0.01921,-0.47745,-0.87845,0.93235,0.0,0.0,nan,0.0,0.00718,0.04979,20.94369,1.78127,0.23792,0.32909,0.49428,0.47987,0.5614,0.49428
8.71395,4.06748,-5.67623,0.00134,-0.65543,-0.75525,0.99101,0.0,0.0,nan,0.0,0.00428,0.02236,20.87141,1.91236,0.23459,0.31122,0.28668,0.67428,0.52291,0.28668
9.00195,5.08639,6.71021,0.035,-0.23546,0.97125,0.99993,0.0,0.0,nan,0.0,0.0046,0.01544,16.80973,1.88571,0.22403,0.60681,0.83689,0.76091,0.5303,0.83689
9.01067,7.02423,-6.98718,0.06399,-0.02518,-0.99763,0.97845,0.0,0.0,nan,0.0,0.01319,0.03902,19.21317,1.80288,0.24,0.52738,0.42145,0.70772,0.55467,0.42145
8.9599,7.07252,7.28169,0.04984,-0.17336,0.9836,0.99912,0.0,0.0,nan,0.0,0.01095,0.02036,19.21563,2.01139,0.23286,0.66815,0.59109,0.88872,0.49717,0.59109
9.0209,9.01338,-6.51068,0.09577,-0.06161,-0.9935,0.99273,0.0,0.0,nan,0.0,0.01266,0.02823,27.74949,1.87539,0.23385,0.52976,0.64545,0.90742,0.53322,0.64545
9.00819,8.83299,7.41262,0.12094,-0.2354,0.96434,0.9979,0.0,0.0,nan,0.0,0.0038,0.02411,20.36697,2.71458,0.23838,0.52527,0.93027,0.77887,0.36838,0.93027
8.49511,9.79169,8.12758,0.13082,-0.29779,0.94563,0.98929,0.0,0.0,nan,0.0,0.0066,0.0309,19.68058,2.07516,0.23119,0.58766,0.87501,0.66745,0.48189,0.87501
8.90062,11.07575,-7.01188,0.12198,-0.31014,-0.94283,0.99597,0.0,0.0,nan,0.0,0.00434,0.02584,25.25398,1.80288,0.24382,0.58096,0.93204,0.74666,0.55467,0.93204
9.74757,10.15591,7.96668,0.23059,-0.21265,0.94953,0.99354,0.0,0.0,nan,0.0,0.00515,0.02567,17.20927,2.27589,0.22943,0.59436,0.85577,0.56931,0.43939,0.85577
8.98602,11.00856,8.34252,0.22047,-0.17715,0.95917,0.99314,0.0,0.0,nan,0.0,0.00921,0.03763,16.72957,2.28552,0.22896,0.56074,0.7599,0.50462,0.43754,0.7599
8.69654,13.70495,-8.05729,0.13751,-0.17467,-0.97498,0.98868,0.0,0.0,nan,0.0,0.00668,0.04461,14.34163,1.78353,0.24453,0.33726,0.58878,0.50583,0.56069,0.58878
9.08891,12.72815,-7.82907,0.12674,-0.30034,-0.94537,0.99912,0.0,0.0,nan,0.0,0.00347,0.03289,19.88373,1.82893,0.23694,0.54714,0.89015,0.38432,0.54677,0.89015
9.46503,12.83493,7.88724,0.26558,0.00231,0.96409,0.99972,0.02435,0.12175,0.7,1.0,0.00762,0.03754,21.01104,1.73368,0.2328,0.32769,0.4063,0.67829,0.57681,0.4063
8.93024,13.14931,8.18556,0.23303,0.02058,0.97225,1.00063,0.00815,0.04077,0.7,1.0,0.00683,0.03563,23.16355,1.63898,0.23006,0.31111,0.48012,0.66963,0.61014,0.48012
8.87106,14.99511,-8.22053,0.17091,0.0059,-0.98527,0.99881,0.0,0.0,nan,0.0,0.00703,0.0478,26.95467,1.81634,0.23746,0.58108,0.67842,0.27209,0.55056,0.67842
9.70647,15.5794,-7.99442,0.17149,0.02939,-0.98475,1.00003,0.0,0.0,nan,0.0,0.01165,0.03862,27.54317,1.78379,0.23546,0.69731,0.74578,0.46403,0.5606,0.74578
9.72088,15.24097,7.84491,0.26834,0.00304,0.96332,0.9981,0.00999,0.04997,0.7,1.0,0.01374,0.04122,29.84693,1.6845,0.23724,0.35793,0.38186,0.99327,0.59365,0.38186
8.97713,14.9556,8.49341,0.21625,0.01155,0.97627,1.00013,0.02043,0.10215,0.7,1.0,0.00893,0.03177,27.16325,2.32917,0.22461,0.30166,0.30529,0.99974,0.42934,0.30529
8.76992,17.77701,-8.01439,0.20615,-0.0865,-0.97469,0.99739,0.0,0.0,nan,0.0,0.00408,0.03027,34.20671,2.00086,0.23403,0.61583,0.93235,0.55586,0.49979,0.93235
9.01149,16.84635,-7.54153,0.18612,-0.01002,-0.98248,0.98453,0.0,0.0,nan,0.0,0.00907,0.03302,30.59761,1.88865,0.23581,0.67364,0.74691,0.43422,0.52948,0.74691
8.87347,16.58092,7.97654,0.22759,-0.02169,0.97352,0.99891,0.0,0.0,nan,0.0,0.01,0.03569,25.05717,2.39712,0.2374,0.35994,0.52678,0.84087,0.41717,0.52678
9.04144,17.13629,8.10782,0.23088,-0.0133,0.97289,1.00033,0.0,0.0,nan,0.0,0.0073,0.02829,24.00762,1.63898,0.23043,0.36007,0.5103,0.77588,0.61014,0.5103
8.91414,18.96445,-8.31134,0.19658,-0.20547,-0.95872,0.99922,0.0,0.0,nan,0.0,0.00412,0.03086,36.25403,1.78511,0.23316,0.61239,0.93052,0.54406,0.56019,0.93052
9.59612,19.14516,-7.96886,0.14289,-0.2198,-0.96502,0.99486,0.0,0.0,nan,0.0,0.01122,0.03295,29.21742,1.81657,0.23595,0.57114,0.76112,0.66043,0.55049,0.76112
9.07837,19.71161,7.79025,0.16496,0.02611,0.98595,0.99486,0.0,0.0,nan,0.0,0.00985,0.04053,23.30047,2.00074,0.22407,0.44699,0.41528,0.59034,0.49982,0.41528
8.97026,18.98417,8.42995,0.1847,-0.01009,0.98274,0.99993,0.0,0.0,nan,0.0,0.00793,0.03193,23.10771,2.15684,0.22683,0.42655,0.53065,0.63236,0.46364,0.53065
9.06298,20.84361,-8.76746,0.15992,-0.13624,-0.97768,0.99516,0.0,0.0,nan,0.0,0.00532,0.02097,21.32726,1.87727,0.23005,0.45402,0.55286,0.61053,0.53269,0.55286
9.1898,20.40072,7.798,0.1372,0.07378,0.98779,0.99658,0.0028,0.01401,0.51,1.0,0.00766,0.032,24.70401,1.86094,0.22298,0.45895,0.59087,0.56371,0.53736,0.59087
9.02744,21.03889,8.41338,0.11627,0.09087,0.98905,0.998,0.00839,0.04194,0.43,1.0,0.00996,0.03429,26.91601,1.96444,0.21465,0.45224,0.5793,0.69024,0.50905,0.5793
9.03941,23.0475,-8.53334,0.08672,0.09229,-0.99195,0.9981,0.0,0.0,nan,0.0,0.01244,0.04255,16.15989,1.77316,0.23847,0.49313,0.42127,0.66601,0.56396,0.42127
8.90565,23.178,7.6468,0.0869,0.07939,0.99305,0.99334,0.00988,0.04941,0.43,1.0,0.01434,0.03944,26.44249,1.9689,0.23144,0.44944,0.40138,0.87037,0.5079,0.40138
9.03283,22.34098,8.0979,0.09232,0.06116,0.99385,1.00023,0.0181,0.09049,0.51,1.0,0.01224,0.03454,27.76872,2.21205,0.2179,0.47142,0.46829,0.80555,0.45207,0.46829
9.05504,25.01901,-8.49701,0.0506,0.04355,-0.99777,0.99253,0.0,0.0,nan,0.0,0.0077,0.02056,15.558,1.72059,0.25037,0.58336,0.79892,0.85919,0.5812,0.79892
8.69896,25.08656,7.73335,0.06556,-0.03251,0.99732,0.99273,0.0,0.0,nan,0.0,0.01296,0.03941,26.77291,1.72196,0.23258,0.46453,0.5863,0.76059,0.58073,0.5863
9.57714,24.91049,8.12904,0.08717,-0.01686,0.99605,0.9982,0.0,0.0,nan,0.0,0.01104,0.03505,24.88205,2.05218,0.23226,0.43707,0.34199,0.77835,0.48729,0.34199
9.00061,26.89761,-8.39451,0.02573,-0.03321,-0.99912,1.00053,0.0,0.0,nan,0.0,0.00529,0.02005,13.99157,1.89098,0.22692,0.56404,0.79037,0.61384,0.52882,0.79037
8.98587,26.29966,-7.97754,0.03271,-0.02951,-0.99903,0.99435,0.0,0.0,nan,0.0,0.00708,0.0208,14.87413,1.74265,0.23694,0.55798,0.71593,0.69158,0.57384,0.71593
8.93992,26.17046,7.84191,0.07969,-0.0129,0.99674,0.99901,0.0,0.0,nan,0.0,0.01445,0.04222,23.0924,2.37978,0.23271,0.52422,0.50195,0.70941,0.42021,0.50195
9.01949,27.07567,8.29825,0.08861,0.05254,0.99468,0.98372,0.0,0.0,nan,0.0,0.00882,0.03129,24.16738,1.8772,0.23161,0.45116,0.50012,0.67632,0.53271,0.50012
8.98685,29.01262,-8.50063,0.0221,0.04211,-0.99887,0.99881,0.0,0.0,nan,0.0,0.01432,0.05951,7.5266,1.63898,0.23464,0.65587,0.57215,0.46433,0.61014,0.57215
9.1234,29.3478,7.82125,0.142,0.24501,0.95907,0.99212,0.0,0.0,nan,0.0,0.00961,0.02446,19.14401,2.1728,0.23696,0.56968,0.57582,0.76208,0.46024,0.57582
8.71722,28.4096,8.11179,0.11431,0.17584,0.97776,0.97835,0.0,0.0,nan,0.0,0.01367,0.05367,27.11246,1.64692,0.24188,0.60344,0.5368,0.45332,0.60719,0.5368
9.04133,30.87432,-8.1413,0.01091,0.21408,-0.97676,0.99942,0.0,0.0,nan,0.0,0.02513,0.09723,5.53455,1.80754,0.23687,0.64888,0.80511,0.6584,0.55324,0.80511
8.90291,31.87803,-7.9928,0.02196,0.26279,-0.9646,1.00053,0.0,0.0,nan,0.0,0.00373,0.05002,12.16814,1.94872,0.22018,0.73896,0.91826,0.25468,0.51316,0.91826
9.00287,31.03929,7.1682,0.10823,0.20027,0.97374,1.00084,0.0,0.0,nan,0.0,0.00963,0.04465,28.5841,1.98839,0.21522,0.70175,0.81319,0.41228,0.50292,0.81319
9.00311,33.11407,-7.59352,0.04281,0.27204,-0.96133,1.00084,0.0,0.0,nan,0.0,0.00329,0.03428,15.22029,2.01469,0.22272,0.75093,0.96893,0.48355,0.49635,0.96893
9.04962,32.91401,6.84314,0.07243,0.25874,0.96323,0.99567,0.00485,0.02426,0.6,1.0,0.02321,0.04231,25.1855,1.87131,0.22535,0.60046,0.48344,0.98598,0.53439,0.48344
8.97647,35.02975,-7.10534,0.03589,0.35692,-0.93344,0.99537,0.0,0.0,nan,0.0,0.00314,0.03947,16.66559,2.02698,0.22584,0.77408,0.98302,0.45299,0.49334,0.98302
8.94939,35.46224,5.6165,0.11545,0.4673,0.87653,1.00043,0.04574,0.22868,0.7,1.0,0.01121,0.02781,29.26335,1.90162,0.23021,0.53551,0.56412,0.80408,0.52587,0.56412
8.97431,34.44125,6.26485,0.09819,0.44749,0.88888,0.9982,0.02885,0.14424,0.7,1.0,0.02143,0.03815,28.70019,1.88462,0.23754,0.60078,0.57666,1.0,0.53061,0.57666
8.9982,36.42884,-6.35767,0.01579,0.51918,-0.85452,0.99253,0.0,0.0,nan,0.0,0.00556,0.06428,9.96781,1.98138,0.21758,0.59354,0.92976,0.41209,0.5047,0.92976
8.99183,37.41896,-5.52053,0.00843,0.70908,-0.70508,0.97895,0.0,0.0,nan,0.0,0.00337,0.02702,15.34033,2.72523,0.23145,0.52268,0.81981,0.34739,0.36694,0.81981
8.98877,36.99596,4.94166,0.09021,0.56626,0.81928,0.98331,0.0,0.0,nan,0.0,0.00873,0.02632,31.59852,1.88528,0.23703,0.63917,0.6169,0.55188,0.53043,0.6169
8.93909,38.55832,-4.68566,-0.00143,0.87593,-0.48244,0.92587,0.0,0.0,nan,0.0,0.00588,0.01853,13.78056,2.04563,0.22253,0.40773,0.45574,0.89137,0.48885,0.45574
8.99082,38.59738,-3.04847,-0.01883,0.98378,-0.17836,0.9901,0.0,0.0,nan,0.0,0.00466,0.02736,15.04588,2.51618,0.21697,0.59149,0.45313,0.32619,0.39743,0.45313
9.04995,38.7616,-1.00193,-0.03991,0.99801,-0.04881,0.99344,0.03343,0.16713,0.7,1.0,0.01856,0.07217,8.99462,1.63898,0.22462,0.35874,0.47247,0.8764,0.61014,0.47247
9.07007,38.78913,0.9837,-0.03626,0.99691,0.06971,0.99476,0.03385,0.16927,0.7,1.0,0.01013,0.05422,9.00496,1.98882,0.22334,0.2417,0.46773,0.9449,0.50281,0.46773
9.00032,38.4784,3.01431,-0.01558,0.92426,0.38144,0.95697,0.0,0.0,nan,0.0,0.00763,0.13716,17.97562,1.87519,0.22321,0.7694,0.94813,0.21961,0.53328,0.94813
8.92351,38.13052,4.21266,0.02814,0.76214,0.6468,0.93195,0.0,0.0,nan,0.0,0.00529,0.03691,30.3789,1.75857,0.23885,0.5832,0.84021,0.368,0.56864,0.84021
10.97172,1.21589,-3.04999,0.09391,-0.76883,-0.63252,0.94258,0.0,0.0,nan,0.0,0.0113,0.06061,15.33262,1.95587,0.23419,0.7006,0.51298,0.30089,0.51128,0.51298
10.99982,0.50275,-1.05578,0.00096,-0.9927,-0.12058,0.97926,0.0,0.0,nan,0.0,0.01329,0.04528,7.90216,1.93822,0.23005,0.36781,0.40951,1.0,0.51594,0.40951
10.99883,0.81187,1.05372,-8e-05,-0.98128,0.1926,0.99871,0.26271,0.26271,0.6,0.72529,0.04491,0.1155,7.85106,1.9283,0.21956,0.50171,0.49942,0.97233,0.51859,0.49942
11.01426,1.31624,3.0437,0.0606,-0.9418,0.33066,0.99982,0.8107,0.8107,0.6,0.47738,0.04248,0.12919,7.63687,1.88775,0.21046,0.41615,0.75069,0.99935,0.52973,0.75069
10.88842,1.81444,4.36074,0.08877,-0.87217,0.48108,0.99263,0.32871,0.64428,0.6,0.90306,0.03275,0.08861,7.55025,1.75585,0.23049,0.47118,0.43138,0.99206,0.56952,0.43138
10.87467,3.34796,-4.64301,0.11773,-0.64237,-0.7573,0.99466,0.0,0.0,nan,0.0,0.00588,0.02606,15.57891,3.07213,0.24065,0.49577,0.57289,0.51346,0.32551,0.57289
11.28046,2.5072,-3.9405,0.17537,-0.64855,-0.74069,0.98898,0.0,0.0,nan,0.0,0.00302,0.02716,24.63332,3.36839,0.23895,0.73414,0.87921,0.27875,0.29688,0.87921
11.02837,2.45638,5.3647,0.11631,-0.73712,0.66568,0.97379,0.0992,0.45139,0.51,0.99382,0.03856,0.10376,8.44728,1.95961,0.24024,0.49459,0.7324,0.92928,0.51031,0.7324
10.97229,3.45502,6.29552,0.14488,-0.47616,0.86734,0.95657,0.0711,0.0711,0.51,0.63733,0.01341,0.05432,13.88253,1.78596,0.23603,0.70187,0.54338,0.40244,0.55992,0.54338
10.93266,5.31862,-6.32536,0.17151,-0.37915,-0.9093,0.95707,0.0,0.0,nan,0.0,0.02856,0.07586,13.89497,1.81823,0.22565,0.46966,0.72173,0.91705,0.54998,0.72173
11.10089,4.50469,-5.63721,0.14236,-0.57429,-0.80618,0.99152,0.0,0.0,nan,0.0,0.01172,0.04853,14.31459,1.67805,0.24272,0.66597,0.81152,0.51448,0.59593,0.81152
10.98578,5.05111,6.84784,0.2046,-0.21742,0.95439,0.9746,0.0,0.0,nan,0.0,0.01321,0.0268,14.4135,1.88549,0.22751,0.65771,0.61273,0.85338,0.53037,0.61273
10.99848,7.00138,-6.6172,0.17787,-0.0697,-0.98158,0.98858,0.0,0.0,nan,0.0,0.00486,0.03303,19.19713,1.82538,0.23208,0.65935,0.95523,0.71842,0.54783,0.95523
11.06223,7.04441,7.21806,0.30761,-0.07815,0.9483,0.95991,0.0,0.0,nan,0.0,0.01091,0.02414,17.86612,2.04384,0.23464,0.61647,0.7919,0.94124,0.48928,0.7919
10.95161,8.9422,-6.5568,0.13929,-0.06326,-0.98823,0.99871,0.0,0.0,nan,0.0,0.0138,0.0281,20.2965,1.80288,0.23762,0.5659,0.70942,0.95319,0.55467,0.70942
11.92214,8.50213,-5.9199,0.23229,-0.04211,-0.97174,0.99547,0.0,0.0,nan,0.0,0.00633,0.03012,20.57866,1.80288,0.22877,0.52302,0.91,0.90282,0.55467,0.91
11.03207,8.97465,7.06705,0.36855,-0.19644,0.90862,0.99364,0.0,0.0,nan,0.0,0.00536,0.01862,17.82175,1.91396,0.23077,0.57752,0.85057,0.81802,0.52248,0.85057
10.89857,11.17524,-6.70389,0.13249,-0.27773,-0.95148,0.99982,0.0,0.0,nan,0.0,0.01207,0.03822,21.70512,1.63898,0.24063,0.52638,0.61865,0.655,0.61014,0.61865
11.14969,10.85939,7.71826,0.32855,-0.15907,0.93099,0.9902,0.0,0.0,nan,0.0,0.00543,0.02165,17.189,1.70071,0.24692,0.56692,0.69848,0.49417,0.58799,0.69848
10.23667,11.45492,8.10364,0.2869,-0.11894,0.95055,0.99466,0.0,0.0,nan,0.0,0.00609,0.03498,18.4341,1.80288,0.23573,0.61198,0.85091,0.46547,0.55467,0.85091
10.99319,12.92005,-7.63759,0.15945,-0.24578,-0.95612,0.99496,0.0,0.0,nan,0.0,0.00798,0.04566,14.30265,1.63898,0.24564,0.50242,0.62028,0.3967,0.61014,0.62028
11.10213,13.05291,7.56154,0.31652,0.01687,0.94844,1.00043,0.0,0.0,nan,0.0,0.00815,0.03771,22.36559,2.19083,0.22829,0.33135,0.66584,0.71019,0.45645,0.66584
10.27632,13.16179,8.01025,0.30022,0.01021,0.95382,1.00074,0.0,0.0,nan,0.0,0.0064,0.03504,23.22809,2.20969,0.22636,0.26852,0.42995,0.73884,0.45255,0.42995
10.03185,15.10613,-8.00266,0.16418,0.03226,-0.9859,0.99506,0.0,0.0,nan,0.0,0.01452,0.05856,18.81105,1.9183,0.23383,0.63608,0.65997,0.43122,0.52129,0.65997
11.07598,15.06549,-7.82471,0.22324,0.03139,-0.97426,0.99162,0.0,0.0,nan,0.0,0.00771,0.04275,19.73571,2.7163,0.23693,0.52465,0.76701,0.40063,0.36815,0.76701
11.09194,15.28539,7.70798,0.34801,0.01249,0.93741,1.00063,0.01523,0.07614,0.7,1.0,0.01236,0.03545,28.10335,2.21464,0.22927,0.37556,0.67316,0.99445,0.45154,0.67316
10.34328,14.45132,8.00501,0.2934,0.02379,0.95569,1.00053,0.0,0.0,nan,0.0,0.01148,0.03936,28.36048,1.64607,0.2271,0.32505,0.46108,0.96077,0.60751,0.46108
10.50084,17.95634,-8.04356,0.14692,-0.14068,-0.97909,0.99364,0.0,0.0,nan,0.0,0.01465,0.04803,27.24076,1.85678,0.2148,0.65239,0.71384,0.50195,0.53857,0.71384
10.96047,16.97086,-7.58211,0.19461,-0.04348,-0.97992,0.99871,0.0,0.0,nan,0.0,0.0086,0.02758,23.41477,1.73546,0.24083,0.55414,0.50556,0.611,0.57622,0.50556
11.17355,16.82148,7.51377,0.36046,-0.05589,0.9311,0.99972,0.0,0.0,nan,0.0,0.00826,0.03161,26.09984,1.63898,0.23742,0.35647,0.63535,0.78946,0.61014,0.63535
10.28172,16.81784,8.01471,0.29596,-0.04268,0.95425,0.99993,0.0,0.0,nan,0.0,0.00815,0.03228,26.77993,1.63898,0.24311,0.34451,0.54548,0.78791,0.61014,0.54548
10.50143,18.64881,-8.10722,0.12657,-0.20126,-0.97133,0.99871,0.0,0.0,nan,0.0,0.01258,0.02712,21.3962,1.88456,0.239,0.5528,0.65052,0.91799,0.53063,0.65052
11.13936,19.36465,-7.83911,0.199,-0.19316,-0.96078,0.99567,0.0,0.0,nan,0.0,0.00697,0.02841,20.71472,1.81548,0.24063,0.34217,0.79014,0.90235,0.55082,0.79014
11.47564,18.99306,7.84707,0.31403,-0.06263,0.94734,0.99516,0.0,0.0,nan,0.0,0.00716,0.03493,18.1802,1.79015,0.24015,0.49328,0.50729,0.46119,0.55861,0.50729
10.61636,18.96385,8.12408,0.24702,-0.0389,0.96823,0.99749,0.0,0.0,nan,0.0,0.00703,0.03147,20.69341,1.7584,0.23385,0.4781,0.371,0.5125,0.5687,0.371
11.00572,20.94284,-8.59859,0.19469,-0.11597,-0.97399,0.97409,0.0,0.0,nan,0.0,0.00959,0.04085,20.13654,1.92521,0.24055,0.50661,0.81979,0.65564,0.51942,0.81979
11.60019,20.03609,-7.961,0.26489,-0.17237,-0.94875,0.99354,0.0,0.0,nan,0.0,0.00774,0.02938,26.85285,1.86397,0.24848,0.53784,0.42475,0.52664,0.53649,0.42475
11.64831,21.07192,7.87645,0.28352,0.02527,0.95863,0.99273,0.0,0.0,nan,0.0,0.01029,0.0615,16.07428,2.20601,0.2361,0.52137,0.58601,0.36075,0.45331,0.58601
10.65011,21.02141,8.13895,0.18087,0.03654,0.98283,0.99385,0.0,0.0,nan,0.0,0.00393,0.02444,20.64367,2.0755,0.22258,0.40659,0.61595,0.43385,0.48181,0.61595
10.97867,22.93707,-8.5007,0.26755,0.12862,-0.95492,0.98513,0.0,0.0,nan,0.0,0.0065,0.02117,18.48248,3.17541,0.2381,0.53762,0.72586,0.63305,0.31492,0.72586
11.47243,23.5925,-7.52949,0.31498,0.1701,-0.93373,0.97875,0.0,0.0,nan,0.0,0.00966,0.0205,20.44806,3.35157,0.23548,0.60459,0.51947,0.8551,0.29837,0.51947
11.37079,23.26674,7.76194,0.26843,0.04216,0.96238,0.99415,0.0,0.0,nan,0.0,0.0101,0.02914,19.88675,1.67588,0.23554,0.56102,0.67906,0.67976,0.5967,0.67906
10.56738,22.71486,8.14959,0.16609,0.06348,0.98406,0.9901,0.0,0.0,nan,0.0,0.0099,0.03404,23.55192,1.7334,0.23147,0.47867,0.48564,0.65904,0.5769,0.48564
10.69922,25.06195,-8.42207,0.31114,0.03726,-0.94963,0.97977,0.0,0.0,nan,0.0,0.00892,0.02871,20.09924,1.71238,0.23668,0.66462,0.56982,0.51429,0.58398,0.56982
11.64725,24.8878,-7.62539,0.31068,0.05999,-0.94862,0.98402,0.0,0.0,nan,0.0,0.00828,0.01877,23.62726,2.2081,0.23636,0.60231,0.66818,0.79401,0.45288,0.66818
11.35763,24.82899,7.83527,0.2545,0.00232,0.96707,0.98736,0.0,0.0,nan,0.0,0.01409,0.04005,22.3718,1.63898,0.23837,0.54157,0.61754,0.70752,0.61014,0.61754
10.35882,25.04478,8.13166,0.13146,-0.01968,0.99113,0.99415,0.0,0.0,nan,0.0,0.01196,0.03744,24.8073,1.84444,0.2396,0.49097,0.47485,0.70341,0.54217,0.47485
10.76921,26.92647,-8.39233,0.26223,-0.06895,-0.96254,0.99061,0.0,0.0,nan,0.0,0.00789,0.02186,17.79344,1.63898,0.24707,0.65341,0.47214,0.61484,0.61014,0.47214
11.62532,26.62418,-7.88703,0.29508,-0.11069,-0.94904,0.99516,0.0,0.0,nan,0.0,0.00635,0.01688,18.01997,2.20232,0.23543,0.53497,0.43895,0.7811,0.45407,0.43895
11.03554,27.02143,7.66235,0.21568,0.10157,0.97117,0.99648,0.0,0.0,nan,0.0,0.00571,0.02791,20.73284,1.80288,0.23807,0.4137,0.64678,0.54198,0.55467,0.64678
10.12621,26.84115,8.04013,0.14948,0.06249,0.98679,0.99537,0.0,0.0,nan,0.0,0.00722,0.03385,21.50377,1.63898,0.24264,0.4173,0.51392,0.55898,0.61014,0.51392
11.00193,28.98548,-8.39217,0.20242,-0.00745,-0.97927,0.99071,0.0,0.0,nan,0.0,0.00789,0.02933,11.77881,1.90944,0.21896,0.70177,0.46864,0.44851,0.52371,0.46864
11.93011,28.25825,-7.95027,0.26438,-0.08438,-0.96072,0.99891,0.0,0.0,nan,0.0,0.0063,0.02028,16.2091,1.87378,0.23561,0.6121,0.51287,0.5706,0.53368,0.51287
10.856,28.95401,7.16578,0.21284,0.21524,0.95308,0.99952,0.0,0.0,nan,0.0,0.00715,0.01966,17.2137,1.70566,0.24553,0.58403,0.79475,0.8116,0.58628,0.79475
10.87041,30.73858,-8.22276,0.13268,0.17243,-0.97604,0.99283,0.0,0.0,nan,0.0,0.00628,0.03679,8.85564,1.88944,0.23476,0.64157,0.3717,0.32604,0.52926,0.3717
11.25061,31.62142,-7.96541,0.14444,0.25565,-0.95592,0.99668,0.0,0.0,nan,0.0,0.0055,0.04182,14.01975,1.9404,0.23075,0.72246,0.87628,0.34924,0.51536,0.87628
10.86731,31.12451,6.64402,0.1433,0.14543,0.97894,0.99547,0.0,0.0,nan,0.0,0.00521,0.01295,19.04882,2.06024,0.23017,0.46128,0.58712,0.9643,0.48538,0.58712
11.02372,33.16192,-7.40007,0.11653,0.27673,-0.95386,1.00043,0.0,0.0,nan,0.0,0.00318,0.03118,18.21639,1.88077,0.22181,0.7328,0.96714,0.50543,0.5317,0.96714
10.97025,32.96505,6.64847,0.14909,0.25796,0.95458,0.98848,0.0,0.0,nan,0.0,0.01899,0.03737,26.91292,2.89022,0.23854,0.60733,0.75412,0.91076,0.34599,0.75412
10.9842,35.06783,-7.04444,0.10307,0.3387,-0.93523,0.99314,0.0,0.0,nan,0.0,0.00367,0.03871,17.99926,1.75585,0.22545,0.78067,0.96439,0.43023,0.56952,0.96439
10.99317,35.33221,5.45136,0.12896,0.41689,0.89976,0.99962,0.00086,0.0043,0.7,1.0,0.00405,0.04484,47.47011,1.86993,0.23502,0.8164,0.92961,0.27122,0.53478,0.92961
11.06544,34.41013,6.14614,0.15799,0.43195,0.88795,0.99527,0.0031,0.01549,0.7,1.0,0.00595,0.05081,48.79953,1.85437,0.24545,0.80054,0.9036,0.29945,0.53927,0.9036
10.95038,36.42596,-6.38181,0.08302,0.51076,-0.85571,0.98291,0.0,0.0,nan,0.0,0.00887,0.08169,8.90481,2.23173,0.22945,0.65515,0.89218,0.37222,0.44808,0.89218
10.99898,37.43816,-5.43885,0.06617,0.69985,-0.71122,0.98645,0.0,0.0,nan,0.0,0.005,0.03783,9.72258,2.03805,0.23755,0.44048,0.5911,0.36211,0.49067,0.5911
11.02769,36.82901,4.91733,0.02538,0.49377,0.86922,0.97571,0.0,0.0,nan,0.0,0.01116,0.04164,35.63352,1.83481,0.23864,0.59147,0.5376,0.47843,0.54502,0.5376
10.99919,38.34504,-4.50225,0.03497,0.86382,-0.50258,0.96599,0.0,0.0,nan,0.0,0.0037,0.02641,10.49463,2.05411,0.23446,0.30092,0.49709,0.555,0.48683,0.49709
11.03502,38.75499,-3.04064,-0.02722,0.97718,-0.21064,0.98757,0.0,0.0,nan,0.0,0.00744,0.04024,10.60344,2.38965,0.23555,0.365,0.46072,0.60181,0.41847,0.46072
10.99506,38.91863,-1.01767,-0.05219,0.99825,-0.02781,0.99993,0.002,0.01002,0.7,1.0,0.00664,0.04606,12.45009,1.66682,0.21652,0.24005,0.3776,0.69735,0.59995,0.3776
11.01145,38.94286,0.96644,-0.06582,0.99689,0.04327,0.99871,0.0,0.0,nan,0.0,0.00662,0.04404,12.31207,2.18138,0.22632,0.23483,0.40193,0.74432,0.45843,0.40193
10.97326,38.61916,3.02361,-0.07301,0.9166,0.39307,0.96518,0.0,0.0,nan,0.0,0.00749,0.11175,20.94793,1.80288,0.24002,0.58087,0.88309,0.22029,0.55467,0.88309
11.04556,38.1396,4.20899,-0.04353,0.72749,0.68474,0.93266,0.0,0.0,nan,0.0,0.00316,0.05198,31.28411,2.71854,0.22419,0.66851,0.9634,0.30504,0.36784,0.9634
12.93563,1.30447,-2.85146,0.24698,-0.67367,-0.69655,0.936,0.0,0.0,nan,0.0,0.00821,0.03778,34.70956,1.88154,0.23772,0.84366,0.84433,0.39017,0.53148,0.84433
13.00288,0.57002,-1.08199,0.10853,-0.95875,-0.26271,0.92982,0.00801,0.04006,0.51,1.0,0.01155,0.09116,26.68696,1.83547,0.23963,0.70644,0.72954,0.1928,0.54482,0.72954
13.0498,0.76472,1.02484,0.01263,-0.97705,0.21262,0.99547,0.57653,0.57653,0.6,0.48812,0.01219,0.05016,8.68957,1.63898,0.23267,0.32998,0.33009,0.90574,0.61014,0.33009
13.00627,1.48694,3.01182,0.04486,-0.92402,0.3797,0.99962,0.83005,0.83005,0.6,0.4781,0.0361,0.11194,8.57149,1.63898,0.22329,0.39904,0.47068,0.99677,0.61014,0.47068
12.85643,1.9167,4.16214,0.09032,-0.84777,0.52262,0.98554,0.65481,0.65481,0.6,0.55515,0.01549,0.08127,11.33441,1.63898,0.24316,0.36871,0.54958,0.60823,0.61014,0.54958
12.91588,3.59113,-4.58301,0.30776,-0.63768,-0.70615,0.99648,0.0,0.0,nan,0.0,0.00526,0.03057,22.99934,2.02847,0.23148,0.67075,0.78605,0.31524,0.49298,0.78605
13.1326,2.8522,-3.17971,0.30035,-0.60817,-0.73479,0.99324,0.0,0.0,nan,0.0,0.00891,0.02446,28.11106,1.70911,0.23921,0.75782,0.76832,0.5467,0.5851,0.76832
13.06403,2.68413,5.3399,0.16585,-0.63289,0.75627,0.94299,0.21333,0.21333,0.51,0.54839,0.00535,0.03435,12.45556,1.63898,0.2374,0.37358,0.50115,0.48357,0.61014,0.50115
12.33455,3.70376,6.09273,0.2317,-0.38986,0.89125,0.95312,0.00085,0.00424,0.6,1.0,0.01084,0.0341,15.43387,1.68995,0.24077,0.61904,0.37218,0.58018,0.59173,0.37218
12.34164,5.6225,-6.13876,0.23371,-0.30181,-0.92428,0.96163,0.0,0.0,nan,0.0,0.03137,0.06604,12.79359,1.68043,0.23167,0.64082,0.74558,0.8572,0.59509,0.74558
13.07022,4.76079,-5.56828,0.28383,-0.53047,-0.79877,0.9513,0.0,0.0,nan,0.0,0.01626,0.07111,15.99008,1.63898,0.2326,0.64065,0.78364,0.45016,0.61014,0.78364
13.39788,5.04444,5.59749,0.29751,-0.09658,0.94982,0.99446,0.0,0.0,nan,0.0,0.0133,0.03015,15.06329,1.68549,0.24372,0.56898,0.56438,0.87847,0.5933,0.56438
12.59682,4.99469,6.36263,0.318,-0.13051,0.93906,0.97703,0.0,0.0,nan,0.0,0.00966,0.02222,16.40896,1.64707,0.23812,0.56183,0.4061,0.86842,0.60714,0.4061
12.69033,6.99883,-6.24828,0.27114,-0.06807,-0.96013,0.98858,0.0,0.0,nan,0.0,0.00725,0.02765,16.66793,1.85654,0.23355,0.66176,0.8861,0.78649,0.53864,0.8861
13.6204,6.81945,-5.9947,0.33168,-0.06324,-0.94127,0.98118,0.0,0.0,nan,0.0,0.01502,0.0364,15.17514,1.76023,0.24481,0.68435,0.68126,0.6825,0.56811,0.68126
13.20684,7.06605,5.40492,0.35548,0.05418,0.93311,0.95981,0.0,0.0,nan,0.0,0.01218,0.02712,19.84046,2.05375,0.24207,0.58851,0.45849,0.83996,0.48691,0.45849
12.35346,6.94098,6.35288,0.43126,0.01017,0.90217,0.99719,0.0,0.0,nan,0.0,0.01393,0.0277,22.55681,1.80288,0.24539,0.65327,0.54181,0.83819,0.55467,0.54181
12.59958,9.17437,-6.36687,0.27817,-0.10638,-0.95462,0.99456,0.0,0.0,nan,0.0,0.01348,0.02956,20.04389,1.97912,0.23072,0.53221,0.71502,0.94213,0.50528,0.71502
13.29792,8.78969,-5.75075,0.36601,-0.06315,-0.92847,0.9977,0.0,0.0,nan,0.0,0.01091,0.02893,20.3062,1.63898,0.22363,0.49883,0.61577,0.83012,0.61014,0.61577
13.15461,9.21143,5.38262,0.41597,-0.23954,0.87727,0.91513,0.0,0.0,nan,0.0,0.00562,0.02045,21.14596,1.80288,0.23878,0.38602,0.32944,0.77943,0.55467,0.32944
12.57981,9.50171,6.30234,0.4369,-0.2717,0.85749,0.98979,0.0,0.0,nan,0.0,0.00577,0.02069,20.11612,1.80288,0.24101,0.48639,0.57032,0.63099,0.55467,0.57032
13.01777,11.03075,-6.63181,0.32277,-0.24836,-0.91331,0.99172,0.0,0.0,nan,0.0,0.01003,0.03808,19.31699,2.06847,0.23227,0.39602,0.41251,0.73412,0.48345,0.41251
13.72681,10.55655,-5.86654,0.41181,-0.21604,-0.88529,0.99739,0.0,0.0,nan,0.0,0.0117,0.033,22.65532,1.65447,0.22496,0.47822,0.33418,0.80722,0.60442,0.33418
13.04982,10.86287,7.01791,0.41748,-0.22973,0.87917,0.98736,0.0,0.0,nan,0.0,0.01185,0.04025,20.37738,1.95825,0.24265,0.64398,0.69667,0.50206,0.51066,0.69667
13.07185,12.94135,-7.02912,0.35258,-0.18618,-0.91707,0.99567,0.0,0.0,nan,0.0,0.00761,0.0439,19.06472,2.0857,0.23392,0.47528,0.68299,0.40311,0.47945,0.68299
12.93371,13.15975,6.92786,0.40008,0.0313,0.91594,1.00084,0.0,0.0,nan,0.0,0.01071,0.03844,22.90428,2.18078,0.21203,0.43509,0.47786,0.69604,0.45855,0.47786
13.02949,15.08965,-7.18645,0.37309,0.05742,-0.92602,0.9905,0.0,0.0,nan,0.0,0.00638,0.04065,20.09778,1.74768,0.2363,0.39429,0.61676,0.43792,0.57219,0.61676
13.01368,15.01693,6.8941,0.40821,0.06843,0.91032,0.99982,0.0,0.0,nan,0.0,0.02062,0.04916,26.75747,2.17622,0.21789,0.49948,0.63905,0.90247,0.45951,0.63905
12.94793,17.12809,-6.75856,0.42826,-0.11286,-0.89658,0.98291,0.0,0.0,nan,0.0,0.01401,0.033,23.49436,1.88144,0.23052,0.51573,0.41954,0.89361,0.53151,0.41954
13.79415,17.2294,5.81055,0.55103,-0.02801,0.83401,0.98321,0.0,0.0,nan,0.0,0.01438,0.04244,27.05377,1.82403,0.22736,0.55606,0.63751,0.65428,0.54824,0.63751
12.90399,16.89847,6.6059,0.47564,-0.02886,0.87917,0.99689,0.0,0.0,nan,0.0,0.0089,0.0297,26.32814,2.74854,0.22538,0.50637,0.80351,0.76838,0.36383,0.80351
13.14178,18.98008,-7.5753,0.41879,-0.15713,-0.89439,0.98584,0.0,0.0,nan,0.0,0.00919,0.0271,30.61815,1.63898,0.23457,0.64327,0.4516,0.56165,0.61014,0.4516
13.03917,18.92586,7.18653,0.48592,-0.1199,0.86574,0.9978,0.0,0.0,nan,0.0,0.00303,0.03881,19.10831,1.83196,0.2322,0.69428,0.93475,0.30356,0.54586,0.93475
12.56806,21.11125,-8.21645,0.36173,-0.07768,-0.92904,0.94957,0.0,0.0,nan,0.0,0.00722,0.04675,32.73868,1.80288,0.25145,0.67034,0.89675,0.46072,0.55467,0.89675
13.4335,20.80939,-7.19431,0.43665,-0.10847,-0.89307,0.99081,0.0,0.0,nan,0.0,0.01156,0.03257,27.01257,2.6556,0.23947,0.63672,0.41522,0.59851,0.37656,0.41522
12.92734,21.03424,7.1978,0.4652,0.02495,0.88485,0.99861,0.0,0.0,nan,0.0,0.01165,0.08579,10.40351,1.70747,0.22707,0.65688,0.91207,0.51209,0.58566,0.91207
12.53647,22.60966,-8.19603,0.35106,0.1031,-0.93066,0.96062,0.0,0.0,nan,0.0,0.01204,0.03532,27.09608,2.51811,0.23191,0.69782,0.79293,0.60812,0.39712,0.79293
13.10626,23.46051,-7.4312,0.30053,0.09048,-0.94947,0.98828,0.0,0.0,nan,0.0,0.01308,0.03351,25.04452,2.81694,0.2278,0.63818,0.67983,0.66041,0.355,0.67983
13.0445,23.10454,7.12099,0.4899,0.05827,0.86983,0.99952,0.0,0.0,nan,0.0,0.0032,0.0266,18.60507,1.80288,0.22751,0.65556,0.94631,0.54658,0.55467,0.94631
12.94288,25.06869,-7.02465,0.21938,0.01951,-0.97544,0.96437,0.0,0.0,nan,0.0,0.00882,0.02263,21.25861,2.21387,0.23744,0.63077,0.67447,0.67597,0.4517,0.67447
13.09704,24.87124,7.1167,0.48264,-0.03144,0.87525,0.9981,0.0,0.0,nan,0.0,0.00476,0.03236,19.39069,1.73237,0.23086,0.69643,0.93813,0.58535,0.57724,0.93813
12.89095,26.9442,-7.3956,0.24567,-0.11827,-0.96211,0.998,0.0,0.0,nan,0.0,0.00712,0.0211,16.14515,1.71346,0.24253,0.54053,0.36111,0.70158,0.58361,0.36111
13.02987,27.01494,7.23197,0.39539,0.04127,0.91759,0.98463,0.0,0.0,nan,0.0,0.0087,0.04677,15.46189,1.68824,0.23283,0.72463,0.77701,0.31737,0.59233,0.77701
12.0674,29.61802,-8.04999,0.25279,0.02436,-0.96722,0.99527,0.0,0.0,nan,0.0,0.00499,0.01793,10.1654,1.80637,0.23511,0.56985,0.61901,0.58392,0.5536,0.61901
12.89178,28.94545,-7.75159,0.29431,-0.03663,-0.95501,0.99861,0.0,0.0,nan,0.0,0.00641,0.01787,12.2611,1.90736,0.24413,0.61505,0.59129,0.6787,0.52428,0.59129
13.02418,28.983,7.03308,0.27946,0.14584,0.94901,0.98453,0.0,0.0,nan,0.0,0.00604,0.02585,15.88082,1.63898,0.241,0.67382,0.72406,0.39032,0.61014,0.72406
12.11661,30.3544,-8.03804,0.23859,0.09684,-0.96628,0.99344,0.0,0.0,nan,0.0,0.00577,0.02606,9.30376,1.83587,0.23668,0.57263,0.52402,0.46987,0.5447,0.52402
13.0247,31.02838,-7.65766,0.30046,0.17247,-0.93807,0.99435,0.0,0.0,nan,0.0,0.0085,0.0384,14.31572,1.80288,0.24351,0.69277,0.7593,0.37536,0.55467,0.7593
13.01236,31.04671,6.79679,0.2317,0.11878,0.96551,0.98635,0.0,0.0,nan,0.0,0.00524,0.02634,15.70962,1.63898,0.24283,0.39921,0.60861,0.56193,0.61014,0.60861
13.0027,33.01978,-6.97458,0.27142,0.26207,-0.92609,0.99982,0.0,0.0,nan,0.0,0.00236,0.02974,18.20519,1.83288,0.22223,0.76895,0.98897,0.48708,0.54559,0.98897
13.30348,33.61392,5.58405,0.35504,0.34936,0.86712,0.99131,0.0,0.0,nan,0.0,0.00617,0.02828,31.55411,1.87131,0.22843,0.67978,0.81814,0.43651,0.53439,0.81814
12.89151,32.92726,6.41519,0.27371,0.31406,0.90909,0.97733,0.0,0.0,nan,0.0,0.00441,0.04851,36.64282,2.84493,0.23018,0.73961,0.92147,0.28722,0.3515,0.92147
13.00691,34.99804,-6.59638,0.2653,0.31725,-0.91047,0.9977,0.0,0.0,nan,0.0,0.00503,0.03523,17.97255,2.00502,0.22054,0.79943,0.9055,0.39479,0.49875,0.9055
13.87885,35.87355,-5.93428,0.35367,0.39158,-0.84946,0.98979,0.0,0.0,nan,0.0,0.00487,0.09032,12.81093,1.67477,0.22196,0.75206,0.95661,0.24448,0.5971,0.95661
12.75249,34.94626,5.11733,0.21171,0.35931,0.90889,1.00043,0.0,0.0,nan,0.0,0.00294,0.03238,44.5028,1.89115,0.23519,0.83031,0.94778,0.31148,0.52878,0.94778
12.33351,34.35431,6.16312,0.22847,0.40205,0.88666,0.99121,0.0,0.0,nan,0.0,0.00331,0.03447,43.8464,1.9097,0.23339,0.79416,0.94876,0.34763,0.52364,0.94876
12.64323,36.28996,-6.18131,0.20751,0.47387,-0.8558,0.98068,0.0,0.0,nan,0.0,0.00506,0.09641,7.31083,3.1053,0.23717,0.60984,0.95912,0.331,0.32203,0.95912
13.04971,37.24626,-5.4141,0.20621,0.61082,-0.76444,0.98361,0.0,0.0,nan,0.0,0.02088,0.0632,6.26746,1.63898,0.24676,0.44487,0.57054,0.97987,0.61014,0.57054
12.98731,37.05624,4.92248,0.15007,0.38623,0.91012,0.94856,0.0,0.0,nan,0.0,0.00377,0.04486,42.21841,3.51112,0.24763,0.7442,0.94159,0.30604,0.28481,0.94159
12.92776,38.29184,-4.41879,0.10225,0.80997,-0.57749,0.95697,0.0,0.0,nan,0.0,0.01633,0.04516,7.27261,2.22112,0.23976,0.47423,0.3711,0.97239,0.45022,0.3711
13.01748,38.97036,-3.08298,-0.01155,0.95827,-0.28564,0.96234,0.0,0.0,nan,0.0,0.00722,0.06045,11.13715,1.63898,0.24418,0.39201,0.44627,0.35938,0.61014,0.44627
12.93579,38.96729,-0.99708,-0.09568,0.99475,-0.03626,0.99972,0.0,0.0,nan,0.0,0.01319,0.05051,12.52634,1.65982,0.23568,0.37332,0.27879,0.81127,0.60247,0.27879
13.01849,38.97077,1.00488,-0.06115,0.99637,0.05924,0.99841,0.0,0.0,nan,0.0,0.0051,0.02808,12.6593,2.09444,0.2147,0.26771,0.52363,0.78593,0.47745,0.52363
13.03355,38.93466,3.11503,0.01939,0.91892,0.39398,0.93043,0.0,0.0,nan,0.0,0.01542,0.04779,10.18777,1.67859,0.24494,0.44507,0.48467,0.8673,0.59574,0.48467
12.94086,38.238,4.23874,0.06776,0.69332,0.71744,0.88798,0.0,0.0,nan,0.0,0.00886,0.09143,21.46843,1.83259,0.23972,0.4857,0.6823,0.21818,0.54568,0.6823
14.71216,1.56847,-2.24325,0.18469,-0.65322,-0.7343,0.9515,0.0,0.0,nan,0.0,0.00819,0.04371,36.16427,2.37708,0.23422,0.79977,0.83918,0.34604,0.42068,0.83918
15.06927,0.64462,-1.24748,0.1464,-0.8988,-0.4132,0.88413,0.0,0.0,nan,0.0,0.00495,0.06051,29.01588,1.89264,0.23745,0.68577,0.89991,0.24494,0.52836,0.89991
14.97311,0.84452,1.03449,0.04592,-0.98459,0.16877,0.99364,0.0734,0.36702,0.6,1.0,0.04102,0.09024,9.74399,1.89042,0.23612,0.60095,0.73917,0.91163,0.52898,0.73917
14.9627,1.47267,3.04332,0.05662,-0.8926,0.44729,0.98949,0.30464,0.30464,0.6,0.5699,0.0255,0.06476,9.94173,1.63898,0.24475,0.54021,0.60259,0.87562,0.61014,0.60259
14.87621,1.94082,4.07645,0.11813,-0.78988,0.60178,0.95515,0.00157,0.00783,0.6,1.0,0.01696,0.06953,11.37515,1.80288,0.24055,0.43921,0.50915,0.65318,0.55467,0.50915
14.10264,3.94572,-4.18673,0.31012,-0.63155,-0.71061,0.99982,0.0,0.0,nan,0.0,0.00391,0.02434,24.82118,2.02897,0.23763,0.73068,0.8489,0.34748,0.49286,0.8489
14.92874,3.02829,-2.78084,0.23088,-0.5605,-0.79532,0.99395,0.0,0.0,nan,0.0,0.0107,0.02813,23.40042,2.18455,0.24294,0.7271,0.71999,0.56796,0.45776,0.71999
15.01275,2.81832,5.04241,0.2266,-0.53038,0.81691,0.92526,0.0,0.0,nan,0.0,0.01035,0.04877,11.90283,1.70638,0.24221,0.49779,0.54434,0.49809,0.58603,0.54434
14.94203,4.86548,-4.92441,0.37461,-0.5138,-0.7718,0.95059,0.0,0.0,nan,0.0,0.00689,0.02202,14.22833,1.63898,0.2441,0.55436,0.46714,0.64417,0.61014,0.46714
15.26312,4.39939,-3.52094,0.31393,-0.58863,-0.74496,0.99111,0.0,0.0,nan,0.0,0.01151,0.03999,19.2969,3.345,0.25158,0.69621,0.58257,0.45632,0.29895,0.58257
15.0025,5.02475,5.58968,0.31627,-0.06691,0.94631,0.98128,0.0,0.0,nan,0.0,0.00998,0.02671,14.28653,1.63898,0.24252,0.62346,0.55582,0.68312,0.61014,0.55582
15.06974,7.05337,-5.38205,0.47033,-0.01301,-0.8824,0.97592,0.0,0.0,nan,0.0,0.01381,0.05509,16.98766,1.71591,0.25444,0.67415,0.77403,0.45023,0.58278,0.77403
15.03739,6.9661,5.5818,0.31183,0.0867,0.94617,0.97288,0.0,0.0,nan,0.0,0.01149,0.03427,16.81534,3.3348,0.24161,0.68552,0.59588,0.54716,0.29987,0.59588
14.92526,9.13544,-4.81092,0.52656,-0.05873,-0.84811,0.99071,0.0,0.0,nan,0.0,0.01327,0.03552,22.78564,1.70328,0.23075,0.5028,0.38374,0.80836,0.5871,0.38374
15.98989,9.45283,-3.86472,0.6479,-0.06937,-0.75856,0.97257,0.0,0.0,nan,0.0,0.00973,0.02685,22.48734,1.70498,0.23007,0.47766,0.60504,0.82593,0.58652,0.60504
15.09129,9.16712,5.33186,0.48078,-0.08788,0.87243,0.98017,0.0,0.0,nan,0.0,0.01029,0.02482,21.25675,1.99634,0.23588,0.53453,0.48941,0.8485,0.50092,0.48941
14.04881,9.9616,6.00893,0.44424,-0.25604,0.85854,0.98878,0.0,0.0,nan,0.0,0.00865,0.02388,21.083,2.04517,0.2378,0.55497,0.49663,0.71457,0.48896,0.49663
14.21735,11.87888,-6.00496,0.43933,-0.23919,-0.8659,1.00074,0.0,0.0,nan,0.0,0.00942,0.03161,22.4332,2.14749,0.22496,0.46126,0.49867,0.70365,0.46566,0.49867
15.09126,10.97487,-5.48583,0.51571,-0.24314,-0.82154,0.99891,0.0,0.0,nan,0.0,0.01508,0.03653,25.27774,1.92046,0.22679,0.50192,0.47799,0.88737,0.52071,0.47799
15.92091,11.81076,3.76084,0.85186,0.01557,0.52354,0.98898,0.0,0.0,nan,0.0,0.01278,0.03494,30.46467,1.80288,0.23777,0.55486,0.5482,0.70214,0.55467,0.5482
15.58284,10.93259,5.4327,0.71272,-0.07568,0.69735,0.95606,0.0,0.0,nan,0.0,0.01352,0.04154,32.57557,2.52501,0.24266,0.59743,0.55525,0.57824,0.39604,0.55525
14.54358,11.03358,6.34595,0.5359,-0.19116,0.82235,0.95251,0.0,0.0,nan,0.0,0.0118,0.04443,25.04077,2.05252,0.24009,0.55647,0.47353,0.51515,0.4872,0.47353
14.62872,13.07593,-6.45378,0.45612,-0.15665,-0.87602,0.98797,0.0,0.0,nan,0.0,0.01005,0.03521,20.51277,2.14231,0.23406,0.4925,0.39692,0.63635,0.46679,0.39692
15.28683,12.92506,-5.47385,0.52695,-0.17004,-0.83271,1.00053,0.0,0.0,nan,0.0,0.016,0.04136,20.27635,2.17093,0.23489,0.57138,0.49396,0.74374,0.46063,0.49396
15.98039,12.04261,3.77959,0.85958,0.01566,0.51077,0.99334,0.0,0.0,nan,0.0,0.01396,0.03333,30.83249,1.80288,0.22843,0.58047,0.55673,0.7685,0.55467,0.55673
15.73222,13.04977,5.5069,0.78038,-0.00132,0.62531,0.96599,0.0,0.0,nan,0.0,0.01232,0.05,38.15633,1.70682,0.24041,0.65039,0.87232,0.6552,0.58588,0.87232
14.48299,13.04391,6.3986,0.55899,0.01997,0.82894,0.98331,0.0,0.0,nan,0.0,0.00936,0.05508,32.03152,1.78926,0.23397,0.63936,0.81553,0.3572,0.55889,0.81553
14.88478,14.97002,-6.52552,0.48288,0.08905,-0.87114,0.98746,0.0,0.0,nan,0.0,0.00641,0.02448,22.36959,3.40319,0.23559,0.61788,0.43081,0.46203,0.29384,0.43081
15.547,15.68364,-5.8196,0.51938,0.0765,-0.85111,0.99405,0.0,0.0,nan,0.0,0.00493,0.01655,19.67551,2.60441,0.24045,0.46509,0.56096,0.70605,0.38396,0.56096
15.79892,15.16424,4.99777,0.79747,0.0717,0.59908,0.98382,0.0,0.0,nan,0.0,0.01147,0.04474,40.84209,2.28678,0.23074,0.61591,0.91086,0.89962,0.4373,0.91086
14.44862,14.76616,6.16469,0.56049,0.08629,0.82366,0.99071,0.0,0.0,nan,0.0,0.014,0.05216,41.13371,1.83977,0.23776,0.64674,0.7977,0.51351,0.54355,0.7977
14.43826,17.25347,-6.32075,0.49269,-0.09262,-0.86526,0.99294,0.0,0.0,nan,0.0,0.00705,0.01979,24.07711,1.63898,0.23282,0.47415,0.33492,0.8141,0.61014,0.33492
14.88921,16.91113,-5.32189,0.49794,-0.04158,-0.86621,0.94502,0.0,0.0,nan,0.0,0.00466,0.01468,21.34584,1.80966,0.23637,0.44223,0.32436,0.78441,0.55259,0.32436
15.8962,17.45214,3.93434,0.83365,-0.0592,0.54911,0.99456,0.0,0.0,nan,0.0,0.00911,0.03578,32.29123,1.87554,0.22783,0.41558,0.46267,0.65089,0.53318,0.46267
15.19517,17.08176,5.18753,0.7075,0.00932,0.70665,0.99334,0.0,0.0,nan,0.0,0.01325,0.03451,35.54281,1.81958,0.23001,0.60897,0.68797,0.66602,0.54958,0.68797
14.23672,16.72879,6.13458,0.55568,0.02714,0.83095,0.99547,0.0,0.0,nan,0.0,0.01325,0.03852,30.86447,1.83936,0.22792,0.58203,0.53183,0.62922,0.54367,0.53183
14.79793,19.17801,-6.54393,0.47426,-0.17144,-0.86353,0.99912,0.0,0.0,nan,0.0,0.00632,0.01984,26.92925,3.36151,0.23288,0.66398,0.45242,0.51564,0.29749,0.45242
15.49568,18.59531,-5.71028,0.49754,-0.17644,-0.84931,0.99851,0.0,0.0,nan,0.0,0.00903,0.03252,25.57969,1.80288,0.2332,0.68082,0.43045,0.4399,0.55467,0.43045
15.45624,18.91535,5.42448,0.70214,-0.05676,0.70978,0.99415,0.0,0.0,nan,0.0,0.00215,0.02878,20.47612,2.17468,0.23241,0.65919,0.9427,0.32402,0.45984,0.9427
14.3933,19.04539,6.29373,0.60065,-0.09698,0.79361,0.9976,0.0,0.0,nan,0.0,0.0036,0.03659,20.51759,1.80288,0.23666,0.80372,0.91895,0.29243,0.55467,0.91895
14.88925,21.12304,-6.41505,0.50067,-0.12819,-0.85609,0.99922,0.0,0.0,nan,0.0,0.00767,0.02477,24.26773,2.06309,0.24011,0.67669,0.44881,0.49548,0.48471,0.44881
15.447,20.95449,5.37121,0.73249,0.00845,0.68072,0.99851,0.0,0.0,nan,0.0,0.02318,0.11914,10.12384,1.63898,0.24469,0.63817,0.76052,0.37785,0.61014,0.76052
14.40094,21.04769,6.35134,0.61387,0.01614,0.78924,0.99739,0.0,0.0,nan,0.0,0.00908,0.11214,7.61972,1.87985,0.23383,0.74249,0.96332,0.43375,0.53196,0.96332
15.08522,23.024,-7.06505,0.43684,-0.0658,-0.89713,0.95697,0.0,0.0,nan,0.0,0.00718,0.03929,20.65071,1.63898,0.24386,0.59698,0.77583,0.36626,0.61014,0.77583
15.38781,23.21435,5.40714,0.70586,0.03352,0.70755,0.99243,0.0,0.0,nan,0.0,0.00534,0.03285,17.88976,1.80288,0.22454,0.63686,0.91214,0.59015,0.55467,0.91214
14.39692,22.92588,6.33781,0.60029,0.05981,0.79754,0.99608,0.0,0.0,nan,0.0,0.00273,0.02436,17.55753,2.18983,0.22249,0.67172,0.95445,0.5369,0.45666,0.95445
15.12914,24.98448,-7.11504,0.37534,-0.00815,-0.92685,0.94441,0.0,0.0,nan,0.0,0.00515,0.03729,15.7698,1.63898,0.24878,0.51514,0.33605,0.30186,0.61014,0.33605
15.24528,24.90714,5.40507,0.7071,-0.03208,0.70639,0.99739,0.0,0.0,nan,0.0,0.00328,0.03164,18.48276,1.80288,0.21824,0.67459,0.95619,0.50117,0.55467,0.95619
14.15186,25.22153,6.16149,0.59371,-0.06352,0.80217,0.99993,0.0,0.0,nan,0.0,0.00363,0.02858,18.46311,1.65888,0.22004,0.71636,0.92587,0.44964,0.60282,0.92587
15.17033,26.96357,-7.08729,0.43733,-0.00218,-0.8993,0.95403,0.0,0.0,nan,0.0,0.00655,0.04462,11.17923,1.90541,0.21705,0.65134,0.7413,0.26564,0.52482,0.7413
15.49165,27.02123,5.36305,0.73805,-0.04129,0.67348,0.99628,0.0,0.0,nan,0.0,0.01192,0.03943,8.80903,1.80288,0.22851,0.37105,0.60917,1.0,0.55467,0.60917
14.46084,27.01476,6.40003,0.60539,-0.02255,0.79561,0.9901,0.0,0.0,nan,0.0,0.01254,0.04419,8.36754,1.92924,0.21138,0.38651,0.32305,0.90933,0.51834,0.32305
15.09729,29.00755,-6.9502,0.50883,0.04828,-0.85951,0.98392,0.0,0.0,nan,0.0,0.00724,0.08004,9.99267,1.8056,0.22621,0.71085,0.87559,0.2553,0.55383,0.87559
15.45226,29.00625,5.46325,0.70939,0.00594,0.70479,0.99385,0.0,0.0,nan,0.0,0.02254,0.0971,7.19466,1.63898,0.22307,0.30871,0.54066,0.96111,0.61014,0.54066
14.43815,28.9363,6.32799,0.54532,0.05475,0.83643,0.98402,0.0,0.0,nan,0.0,0.03301,0.1265,7.48134,2.05688,0.22966,0.50987,0.82365,0.84857,0.48617,0.82365
15.06007,30.96399,-6.72213,0.54387,0.15084,-0.8255,0.99131,0.0,0.0,nan,0.0,0.00728,0.05606,12.4726,1.7963,0.22779,0.73132,0.84549,0.29661,0.5567,0.84549
15.91755,31.5526,-5.93112,0.67995,0.15132,-0.71747,0.9904,0.0,0.0,nan,0.0,0.00192,0.04722,12.96429,1.73679,0.2243,0.67628,0.9773,0.25434,0.57578,0.9773
15.38118,31.03685,5.477,0.67927,0.10807,0.72589,0.99071,0.0,0.0,nan,0.0,0.00396,0.03328,15.32534,1.779,0.23506,0.60923,0.79352,0.25675,0.56211,0.79352
14.38032,30.97354,6.29513,0.48126,0.1182,0.86857,0.96183,0.0,0.0,nan,0.0,0.02173,0.11658,13.4696,1.70891,0.24212,0.5904,0.5772,0.36257,0.58517,0.5772
14.75833,32.81861,-6.3664,0.49548,0.22416,-0.8392,0.99699,0.0,0.0,nan,0.0,0.00198,0.033,17.45826,1.84289,0.21444,0.76318,0.99014,0.37822,0.54263,0.99014
15.70634,33.21664,-5.78734,0.62261,0.20689,-0.75469,0.9902,0.0,0.0,nan,0.0,0.00211,0.04232,15.4302,1.70955,0.22143,0.73595,0.98523,0.3096,0.58495,0.98523
15.81476,33.12708,3.89379,0.78083,0.20369,0.59061,0.98108,0.0,0.0,nan,0.0,0.01047,0.03485,27.00766,1.85213,0.23317,0.56959,0.35257,0.56657,0.53992,0.35257
15.30023,33.08802,5.09249,0.58295,0.26159,0.76925,0.97784,0.0,0.0,nan,0.0,0.00652,0.02004,22.66523,3.36439,0.25328,0.53746,0.27823,0.65899,0.29723,0.27823
14.23438,32.42563,6.0904,0.46497,0.2852,0.83813,0.96994,0.0,0.0,nan,0.0,0.00593,0.02926,25.5662,1.70678,0.24374,0.46322,0.52694,0.4718,0.5859,0.52694
14.44514,34.53851,-6.20102,0.43252,0.28199,-0.85639,0.99142,0.0,0.0,nan,0.0,0.0044,0.04394,18.33576,2.02428,0.22776,0.79887,0.95157,0.39179,0.494,0.95157
15.27084,35.15948,-5.49119,0.54964,0.29396,-0.78197,0.99385,0.0,0.0,nan,0.0,0.00371,0.07241,13.69233,2.41236,0.2192,0.7814,0.96469,0.23992,0.41453,0.96469
15.94758,35.92541,1.35914,0.9242,0.13352,0.3578,0.9516,0.0,0.0,nan,0.0,0.00994,0.02739,22.30877,1.82465,0.23835,0.52552,0.37463,0.75249,0.54805,0.37463
15.76277,35.70682,3.37831,0.78524,0.18123,0.59208,0.9745,0.0,0.0,nan,0.0,0.01071,0.03335,29.84676,1.87842,0.23634,0.41918,0.53686,0.8177,0.53236,0.53686
15.02536,34.90641,4.58752,0.54513,0.22864,0.80657,0.98463,0.0,0.0,nan,0.0,0.00607,0.02477,37.72394,3.16137,0.24079,0.48475,0.53635,0.53222,0.31632,0.53635
14.98263,36.99652,-4.77744,0.44736,0.48427,-0.7519,0.98331,0.0,0.0,nan,0.0,0.01395,0.0442,6.4816,1.79407,0.24035,0.44145,0.73721,0.93513,0.55739,0.73721
15.7505,37.67764,-3.87522,0.51001,0.53409,-0.67427,0.94907,0.0,0.0,nan,0.0,0.01552,0.05719,8.53392,1.77909,0.24154,0.63709,0.56512,0.5259,0.56209,0.56512
15.96191,36.06415,1.37467,0.91822,0.15608,0.36402,0.95819,0.0,0.0,nan,0.0,0.01411,0.04688,22.55956,2.53317,0.23216,0.65325,0.83878,0.70035,0.39476,0.83878
15.83758,36.93136,3.54707,0.74414,0.30341,0.59514,0.90358,0.0,0.0,nan,0.0,0.01255,0.03324,28.20176,1.70526,0.23298,0.56204,0.40279,0.7194,0.58642,0.40279
14.79004,36.91357,4.48344,0.46017,0.31407,0.83043,0.90095,0.0,0.0,nan,0.0,0.00862,0.04597,38.39208,3.23982,0.23695,0.51773,0.47846,0.38095,0.30866,0.47846
14.3912,38.2009,-4.19102,0.27086,0.7163,-0.64308,0.93792,0.0,0.0,nan,0.0,0.01229,0.04455,7.72053,1.84081,0.24359,0.57789,0.76023,0.62129,0.54324,0.76023
15.06767,38.94466,-3.14531,0.25246,0.84387,-0.47344,0.88838,0.0,0.0,nan,0.0,0.01323,0.04584,8.92735,1.94771,0.23473,0.45679,0.30783,0.77342,0.51342,0.30783
14.96129,39.30376,-0.99112,0.1126,0.99191,-0.05864,0.94248,0.0,0.0,nan,0.0,0.01864,0.06418,12.57898,1.73327,0.24091,0.56483,0.51527,0.59591,0.57695,0.51527
14.97823,39.01807,0.90853,0.26256,0.94483,0.19585,0.90672,0.0,0.0,nan,0.0,0.00344,0.11534,25.96149,2.56579,0.22906,0.69006,0.99096,0.20348,0.38974,0.99096
14.92,38.60582,3.00425,0.4305,0.74153,0.51459,0.84978,0.0,0.0,nan,0.0,0.00308,0.05667,31.64846,2.15613,0.2333,0.73435,0.95731,0.23374,0.46379,0.95731
14.22652,38.09637,4.0622,0.31946,0.61606,0.72001,0.86579,0.0,0.0,nan,0.0,0.00991,0.05602,28.48323,2.05565,0.22809,0.63411,0.75574,0.30411,0.48646,0.75574
16.54068,1.79112,-2.16252,0.34403,-0.61658,-0.70815,0.8893,0.0,0.0,nan,0.0,0.01509,0.0427,17.74054,1.91439,0.23821,0.60977,0.33754,0.64474,0.52236,0.33754
17.12464,1.11447,-1.07339,0.47904,-0.76834,-0.42448,0.82253,0.0,0.0,nan,0.0,0.01751,0.06135,17.17671,1.81615,0.22601,0.65451,0.68174,0.48689,0.55061,0.68174
17.11981,0.8581,1.02132,0.44131,-0.89225,0.09553,0.8434,0.0,0.0,nan,0.0,0.01452,0.05545,12.7693,2.17064,0.23882,0.59747,0.5781,0.50692,0.46069,0.5781
16.97744,1.43589,2.95694,0.41735,-0.77403,0.47612,0.83641,0.0,0.0,nan,0.0,0.01392,0.0693,10.77705,2.72041,0.22448,0.65394,0.80026,0.434,0.36759,0.80026
16.13965,1.97694,4.00448,0.29701,-0.69787,0.65173,0.88909,0.0,0.0,nan,0.0,0.01779,0.1193,12.1634,1.94857,0.23308,0.72884,0.83757,0.33102,0.5132,0.83757
16.98469,3.10648,-2.67443,0.45424,-0.46536,-0.75968,0.91716,0.0,0.0,nan,0.0,0.02477,0.07517,17.33992,1.80288,0.24527,0.66888,0.42855,0.54935,0.55467,0.42855
17.74757,2.50456,-1.5962,0.70243,-0.46199,-0.54144,0.87775,0.0,0.0,nan,0.0,0.01543,0.04758,14.43431,1.63898,0.24176,0.55541,0.37962,0.66472,0.61014,0.37962
17.61441,2.82128,3.61225,0.73505,-0.31876,0.59841,0.83884,0.0,0.0,nan,0.0,0.01565,0.05511,10.52176,1.93378,0.23649,0.54732,0.6042,0.61732,0.51712,0.6042
16.74753,3.07138,4.5261,0.53591,-0.34519,0.77048,0.86437,0.0,0.0,nan,0.0,0.01675,0.05286,10.57826,1.92767,0.23904,0.55726,0.43816,0.676,0.51876,0.43816
16.41129,5.49112,-4.31437,0.54389,-0.30011,-0.78366,0.94421,0.0,0.0,nan,0.0,0.00647,0.02638,12.15208,3.01897,0.23256,0.43274,0.32699,0.6597,0.33124,0.32699
17.32093,4.87376,-3.35431,0.64889,-0.29226,-0.70251,0.92567,0.0,0.0,nan,0.0,0.00961,0.03541,13.35049,2.53535,0.23988,0.54354,0.40865,0.57398,0.39442,0.40865
17.93378,5.57282,1.83841,0.96155,0.10372,0.25428,1.00003,0.03343,0.16717,0.6,1.0,0.01226,0.05355,8.64024,1.84387,0.23516,0.32751,0.39411,0.86104,0.54234,0.39411
17.60023,5.09829,3.05619,0.90429,0.09677,0.41582,0.99294,0.0,0.0,nan,0.0,0.01855,0.04833,8.99356,1.71447,0.23913,0.5586,0.5438,0.84014,0.58327,0.5438
16.81043,5.01519,4.70885,0.68247,-0.0038,0.7309,0.93509,0.0,0.0,nan,0.0,0.01662,0.05889,10.98266,1.71554,0.24111,0.50598,0.34608,0.65942,0.58291,0.34608
16.56679,7.00643,-4.44328,0.6203,0.02004,-0.78411,0.96376,0.0,0.0,nan,0.0,0.01007,0.07645,14.92144,1.75353,0.24088,0.59792,0.83174,0.33832,0.57028,0.83174
17.55006,7.01329,-3.42072,0.78399,0.03252,-0.61992,0.9589,0.0,0.0,nan,0.0,0.01293,0.06255,12.49219,1.80288,0.24081,0.48948,0.56,0.48997,0.55467,0.56
17.88945,7.04334,1.69053,0.95626,0.05068,0.28809,0.99901,0.04277,0.21384,0.6,1.0,0.01432,0.06968,8.85356,1.89435,0.22195,0.34486,0.62256,0.7308,0.52789,0.62256
17.35268,6.97939,3.01927,0.9032,0.10064,0.41726,0.99881,0.0,0.0,nan,0.0,0.01867,0.05905,10.48321,1.63898,0.23863,0.51504,0.44453,0.73113,0.61014,0.44453
16.57947,6.99695,4.70142,0.6866,0.10942,0.71875,0.93488,0.0,0.0,nan,0.0,0.0121,0.03792,11.3747,1.87666,0.23937,0.50425,0.49544,0.7444,0.53286,0.49544
16.20436,8.51503,-4.19849,0.63352,0.03532,-0.77292,0.99932,0.0,0.0,nan,0.0,0.00967,0.02996,21.42117,1.73293,0.23212,0.55007,0.59178,0.64168,0.57706,0.59178
17.12552,9.141,-3.17541,0.77285,-0.00628,-0.63456,0.99,0.0,0.0,nan,0.0,0.00846,0.0256,18.41054,1.72113,0.23469,0.48824,0.50409,0.7502,0.58101,0.50409
17.89207,9.71121,-1.81414,0.93742,-0.02613,-0.34723,0.9826,0.0,0.0,nan,0.0,0.00549,0.02573,15.17348,1.64779,0.23346,0.48745,0.46055,0.4953,0.60687,0.46055
17.91561,9.10669,1.65817,0.93535,0.0441,0.35097,0.99577,0.0,0.0,nan,0.0,0.00566,0.04718,10.61233,1.84728,0.22483,0.39208,0.83928,0.50893,0.54134,0.83928
17.24703,9.16157,3.12971,0.85785,0.10405,0.50326,0.99567,0.0,0.0,nan,0.0,0.00714,0.03124,13.36077,1.92494,0.23208,0.44106,0.71629,0.5961,0.5195,0.71629
16.37716,8.79661,4.53246,0.7039,0.09219,0.70429,0.94937,0.0,0.0,nan,0.0,0.00906,0.03759,17.71291,1.71343,0.23738,0.45499,0.34279,0.58926,0.58363,0.34279
16.60359,11.04251,-4.5824,0.64433,-0.22121,-0.73206,0.98412,0.0,0.0,nan,0.0,0.01388,0.03715,23.10197,1.70406,0.23754,0.52656,0.46914,0.77103,0.58684,0.46914
17.492,10.74658,-3.41075,0.80515,-0.13895,-0.57656,0.98068,0.0,0.0,nan,0.0,0.00756,0.02747,19.82115,1.6916,0.22967,0.43594,0.43285,0.69474,0.59116,0.43285
17.83512,11.18243,1.65362,0.90675,0.09142,0.41163,0.9902,0.0,0.0,nan,0.0,0.0055,0.04337,20.00905,1.86523,0.22612,0.70483,0.89111,0.36085,0.53613,0.89111
16.97273,11.0144,3.05436,0.86233,0.08111,0.49981,0.99901,0.0,0.0,nan,0.0,0.01184,0.03735,23.0902,1.9654,0.23769,0.58392,0.51932,0.59013,0.5088,0.51932
16.25712,11.02999,4.38574,0.81194,0.01964,0.58341,0.98838,0.0,0.0,nan,0.0,0.01113,0.03571,29.2413,1.84154,0.23866,0.57056,0.42729,0.58354,0.54302,0.42729
16.89532,13.00951,-4.91321,0.72022,-0.12514,-0.68236,0.95859,0.0,0.0,nan,0.0,0.02349,0.05459,21.1658,1.641,0.23733,0.66711,0.73252,0.70595,0.60938,0.73252
17.99261,13.20875,-3.14084,0.94463,0.0151,-0.3278,0.96599,0.0,0.0,nan,0.0,0.00781,0.04325,20.53775,1.99956,0.2242,0.68338,0.86074,0.44911,0.50011,0.86074
17.99323,13.68462,-1.7964,0.99154,0.10516,-0.07603,0.99435,0.0,0.0,nan,0.0,0.00917,0.02757,18.80385,1.88227,0.23722,0.58684,0.44936,0.62703,0.53127,0.44936
17.4672,13.08851,1.15337,0.92929,0.09649,0.35653,0.9976,0.0,0.0,nan,0.0,0.00699,0.0401,24.54245,1.80288,0.23303,0.72001,0.9244,0.59206,0.55467,0.9244
16.8923,12.93605,3.1205,0.89098,0.05469,0.45073,1.00023,0.0,0.0,nan,0.0,0.01768,0.04055,31.16024,1.64133,0.22715,0.58276,0.59458,0.79641,0.60926,0.59458
16.25232,12.8758,4.36821,0.86694,0.01226,0.49825,0.99547,0.0,0.0,nan,0.0,0.01691,0.03479,32.57614,1.63898,0.22441,0.58342,0.68817,0.88432,0.61014,0.68817
16.97482,15.03479,-5.04015,0.73262,0.06857,-0.67718,0.92161,0.0,0.0,nan,0.0,0.01008,0.03311,32.17819,2.28255,0.23597,0.70148,0.76571,0.48542,0.43811,0.76571
17.67243,14.99768,-2.8934,0.9695,0.07215,-0.23424,0.98676,0.0,0.0,nan,0.0,0.00997,0.04079,30.87984,1.74354,0.23195,0.49013,0.67829,0.53107,0.57354,0.67829
17.83652,15.15562,-0.96303,0.99872,0.05047,0.00145,0.99587,0.0,0.0,nan,0.0,0.00723,0.02041,23.99061,1.65862,0.23047,0.47109,0.38938,0.81482,0.60291,0.38938
17.72491,15.02875,1.00192,0.94678,0.02665,0.32077,0.99121,0.0,0.0,nan,0.0,0.01586,0.03445,27.19983,1.63898,0.22491,0.58182,0.71276,0.84933,0.61014,0.71276
16.67273,15.02529,2.9418,0.91554,0.01813,0.40182,1.00063,0.0,0.0,nan,0.0,0.0202,0.0389,33.51861,1.86107,0.2268,0.5521,0.51615,0.99665,0.53733,0.51615
16.13962,14.78333,4.18151,0.87327,0.03961,0.48562,0.9982,0.0,0.0,nan,0.0,0.01684,0.04057,37.17326,1.8174,0.22425,0.47946,0.77652,0.99677,0.55024,0.77652
16.92542,16.92361,-4.76058,0.74385,-0.06779,-0.6649,0.96082,0.0,0.0,nan,0.0,0.00492,0.02541,34.73259,1.80288,0.23864,0.50631,0.4595,0.4041,0.55467,0.4595
17.43983,17.08247,-3.04236,0.93892,-0.09955,-0.32943,0.97267,0.0,0.0,nan,0.0,0.00474,0.03952,32.30407,1.63898,0.23874,0.6098,0.9067,0.4187,0.61014,0.9067
17.76546,16.84432,-1.54868,0.99181,-0.09968,-0.0798,0.99435,0.0,0.0,nan,0.0,0.00652,0.02157,23.04572,1.86134,0.23583,0.52342,0.61231,0.62729,0.53725,0.61231
17.43916,16.77317,1.25978,0.93593,-0.10116,0.33734,0.99557,0.0,0.0,nan,0.0,0.00797,0.02934,22.1642,1.63898,0.22464,0.45749,0.28518,0.64718,0.61014,0.28518
16.43882,17.09814,3.19219,0.87626,-0.07678,0.47568,0.9976,0.0,0.0,nan,0.0,0.0068,0.03146,29.61103,1.78081,0.21596,0.33588,0.53073,0.68738,0.56154,0.53073
16.28383,16.8047,4.40377,0.84205,-0.00867,0.53933,0.98473,0.0,0.0,nan,0.0,0.01102,0.03217,34.43627,1.86889,0.2242,0.45669,0.61856,0.79334,0.53508,0.61856
16.11687,19.69418,-6.06185,0.52725,-0.11502,-0.84189,0.97592,0.0,0.0,nan,0.0,0.00487,0.0208,19.93218,2.20054,0.23322,0.6123,0.69194,0.42065,0.45443,0.69194
17.14256,18.97487,-5.15302,0.70466,-0.15271,-0.69292,0.93894,0.0,0.0,nan,0.0,0.01281,0.03776,17.61622,3.34957,0.23967,0.64773,0.66318,0.583,0.29855,0.66318
17.92156,18.87913,-3.51221,0.94459,-0.1165,-0.30687,0.97338,0.0,0.0,nan,0.0,0.00629,0.05038,21.46204,1.85611,0.23247,0.47038,0.67941,0.29012,0.53876,0.67941
17.84819,18.98829,1.68176,0.92047,-0.0903,0.38023,0.98382,0.0,0.0,nan,0.0,0.01847,0.06939,12.85893,1.68001,0.23069,0.59964,0.69717,0.51285,0.59524,0.69717
17.12648,18.95461,3.01964,0.86441,-0.08625,0.49534,0.99638,0.0,0.0,nan,0.0,0.00398,0.03612,19.45109,1.63898,0.22797,0.35361,0.66414,0.34374,0.61014,0.66414
16.29938,18.98788,4.3898,0.80261,-0.05747,0.59373,0.99395,0.0,0.0,nan,0.0,0.00441,0.03475,21.88953,1.85378,0.23301,0.40206,0.67053,0.34412,0.53944,0.67053
16.08858,21.13666,-6.06907,0.55627,-0.10974,-0.82372,0.98554,0.0,0.0,nan,0.0,0.00435,0.02862,19.1507,1.90944,0.23857,0.62888,0.81207,0.33298,0.52372,0.81207
17.20442,20.96665,-5.13989,0.7684,-0.04206,-0.63858,0.95565,0.0,0.0,nan,0.0,0.01369,0.07194,11.07015,1.85186,0.23374,0.49072,0.43641,0.45788,0.54,0.43641
17.93525,20.94904,-3.6532,0.94846,-0.00108,-0.3169,0.98493,0.0,0.0,nan,0.0,0.01043,0.05737,8.09018,1.73994,0.23359,0.42338,0.60027,0.53559,0.57473,0.60027
17.83739,21.09246,1.61833,0.93497,0.03594,0.35289,0.99516,0.0,0.0,nan,0.0,0.00608,0.04168,10.15694,1.63898,0.22135,0.41372,0.43441,0.42178,0.61014,0.43441
16.94633,20.98839,2.90712,0.87387,0.03096,0.48518,0.99861,0.0,0.0,nan,0.0,0.02052,0.07583,11.29626,2.0499,0.22246,0.51689,0.54447,0.61633,0.48783,0.54447
16.26052,21.03984,4.36822,0.81262,0.02085,0.58242,0.99942,0.0,0.0,nan,0.0,0.01741,0.09475,11.49537,1.9963,0.23024,0.59136,0.83335,0.49748,0.50093,0.83335
16.24506,23.06116,-6.2118,0.64133,-0.04573,-0.7659,0.97551,0.0,0.0,nan,0.0,0.00404,0.05009,12.04063,2.06986,0.23509,0.31136,0.26333,0.30204,0.48312,0.26333
17.24676,23.00046,-5.0592,0.83398,0.00098,-0.55179,0.98189,0.0,0.0,nan,0.0,0.02481,0.08249,6.68107,1.90714,0.22839,0.39315,0.42512,0.99399,0.52434,0.42512
17.91597,22.98997,-3.43218,0.95795,0.02753,-0.28562,0.99152,0.0,0.0,nan,0.0,0.01226,0.05129,5.47585,1.89263,0.23454,0.37196,0.57337,0.87717,0.52837,0.57337
17.79814,23.08922,1.47491,0.9364,0.02284,0.35019,0.99476,0.0,0.0,nan,0.0,0.00955,0.05055,10.61493,1.80288,0.22426,0.4508,0.5999,0.498,0.55467,0.5999
17.02883,23.06328,3.04728,0.86626,0.02472,0.49898,0.99527,0.0,0.0,nan,0.0,0.0122,0.04626,15.59798,1.71353,0.21149,0.51479,0.79474,0.67447,0.58359,0.79474
16.29275,22.96106,4.35592,0.80447,0.02666,0.59339,0.99628,0.0,0.0,nan,0.0,0.0109,0.03851,17.46132,1.72016,0.21477,0.63767,0.83636,0.68387,0.58134,0.83636
16.23825,24.91909,-6.2346,0.66664,-0.00077,-0.74538,0.97632,0.0,0.0,nan,0.0,0.0085,0.04758,8.38077,2.5608,0.23305,0.40606,0.64026,0.54519,0.3905,0.64026
17.17469,25.02787,-5.06585,0.84759,0.03106,-0.52973,0.98878,0.0,0.0,nan,0.0,0.0145,0.04634,6.23464,1.90825,0.23412,0.43499,0.62355,0.95002,0.52404,0.62355
17.86624,25.16634,-3.30838,0.96344,0.03861,-0.26513,0.99496,0.0,0.0,nan,0.0,0.01184,0.04945,4.98818,1.82533,0.23065,0.39091,0.76084,0.88869,0.54785,0.76084
17.7845,25.00848,1.32147,0.94701,0.02238,0.32042,0.99739,0.00256,0.01278,0.7,1.0,0.01531,0.08865,9.26128,1.97054,0.22932,0.44151,0.72615,0.47561,0.50747,0.72615
16.97321,24.95144,3.04977,0.86909,0.00448,0.49463,0.9979,0.00606,0.03032,0.7,1.0,0.00424,0.0463,13.86038,2.03327,0.21702,0.55597,0.9174,0.40627,0.49182,0.9174
16.24872,25.05384,4.31802,0.80128,-0.01422,0.59813,0.99739,0.0,0.0,nan,0.0,0.00296,0.03601,16.78074,2.14009,0.21136,0.63881,0.96307,0.45246,0.46727,0.96307
16.20866,27.03305,-6.15619,0.7094,0.03524,-0.70392,0.98817,0.0,0.0,nan,0.0,0.01159,0.0476,6.09747,1.71625,0.22357,0.45084,0.80166,0.85939,0.58266,0.80166
17.0939,27.04308,-5.09912,0.85119,0.04124,-0.52323,0.98807,0.0,0.0,nan,0.0,0.01016,0.04637,5.94473,2.03213,0.22995,0.39274,0.79569,0.87335,0.49209,0.79569
17.78235,27.03981,-3.09403,0.96984,0.05815,-0.2367,0.99456,0.0,0.0,nan,0.0,0.02516,0.08084,5.17326,1.87352,0.2246,0.47626,0.58738,0.90594,0.53376,0.58738
17.97729,27.66302,-1.40672,0.99668,0.05487,-0.06011,0.9976,0.0,0.0,nan,0.0,0.02229,0.08288,5.63312,1.7079,0.21205,0.47285,0.76589,0.81216,0.58551,0.76589
17.78465,27.02195,1.15245,0.96362,0.01635,0.26676,0.99405,0.0,0.0,nan,0.0,0.01178,0.09329,6.61319,1.7095,0.22358,0.43615,0.9198,0.82541,0.58497,0.9198
16.95661,26.95333,3.05806,0.88811,-0.01478,0.45939,1.00023,0.01102,0.05512,0.7,1.0,0.02113,0.06881,7.81633,1.86389,0.22739,0.38785,0.4878,0.99458,0.53651,0.4878
16.16405,27.12728,4.29759,0.82245,-0.02942,0.56808,0.99972,0.0,0.0,nan,0.0,0.02067,0.05859,8.46502,1.80288,0.22906,0.44003,0.34512,0.99109,0.55467,0.34512
16.13364,28.9089,-6.13968,0.71125,0.06382,-0.70004,0.98828,0.0,0.0,nan,0.0,0.01188,0.04756,6.05386,1.95966,0.21687,0.33548,0.70424,0.99031,0.51029,0.70424
16.9624,29.0294,-5.06112,0.85185,0.0686,-0.51927,0.98888,0.0,0.0,nan,0.0,0.01663,0.07132,5.83959,1.94567,0.22153,0.31847,0.3916,0.98298,0.51396,0.3916
17.6748,29.0109,-3.02789,0.97165,0.05876,-0.229,0.99618,0.0,0.0,nan,0.0,0.02386,0.07481,6.33603,1.88213,0.22549,0.42573,0.63227,0.98547,0.53131,0.63227
17.90241,29.03136,-1.06006,0.99787,0.05659,-0.03251,0.9977,0.0,0.0,nan,0.0,0.02089,0.06748,5.85612,1.72974,0.22847,0.43691,0.48994,0.95045,0.57812,0.48994
17.74255,29.05023,1.02774,0.97855,0.0332,0.20333,0.99527,0.0,0.0,nan,0.0,0.02797,0.06845,7.00363,1.71745,0.23511,0.54954,0.61911,0.95586,0.58226,0.61911
17.0715,29.02546,3.02436,0.89934,-0.02036,0.43678,0.99618,0.0,0.0,nan,0.0,0.019,0.07491,7.0906,1.70858,0.21834,0.32617,0.48083,0.99715,0.58528,0.48083
16.27149,29.00154,4.43758,0.81351,-0.02056,0.58119,0.998,0.0,0.0,nan,0.0,0.03124,0.09916,7.17458,1.98867,0.22275,0.48153,0.75921,0.86215,0.50285,0.75921
16.03387,30.36848,-6.06057,0.70549,0.10564,-0.7008,0.9902,0.0,0.0,nan,0.0,0.02217,0.08098,8.18558,1.63898,0.22895,0.52865,0.80618,0.78557,0.61014,0.80618
16.77274,31.00581,-5.09214,0.8245,0.10167,-0.55666,0.98665,0.0,0.0,nan,0.0,0.01478,0.07018,9.45947,1.63898,0.22577,0.4728,0.81938,0.6936,0.61014,0.81938
17.53207,30.99117,-3.02388,0.96713,0.04723,-0.24987,0.99871,0.0,0.0,nan,0.0,0.01558,0.05805,7.52327,1.63898,0.23113,0.35504,0.63618,0.95655,0.61014,0.63618
17.82398,30.99182,-0.99781,0.99722,0.0723,0.01789,0.99314,0.0,0.0,nan,0.0,0.00572,0.02729,8.16398,2.58827,0.24143,0.52761,0.78393,0.55529,0.38636,0.78393
17.69707,31.12473,1.0115,0.97505,0.11797,0.18803,0.99587,0.0,0.0,nan,0.0,0.00129,0.01098,11.1008,2.38033,0.2227,0.3816,0.49398,0.36343,0.42011,0.49398
17.12194,31.04024,3.07065,0.91463,0.11811,0.38665,0.98341,0.0,0.0,nan,0.0,0.00233,0.01903,14.74484,2.15729,0.23048,0.3273,0.30305,0.42407,0.46355,0.30305
16.31157,30.96873,4.48508,0.80284,0.09316,0.58887,0.9899,0.0,0.0,nan,0.0,0.00393,0.02577,13.42908,1.93564,0.22938,0.54082,0.79094,0.37273,0.51662,0.79094
16.59923,32.94006,-4.79509,0.78863,0.14429,-0.5977,0.98676,0.0,0.0,nan,0.0,0.00491,0.05677,12.577,1.68625,0.22571,0.61351,0.91126,0.33766,0.59303,0.91126
17.62682,33.01094,-3.04821,0.95129,0.05143,-0.30398,0.9821,0.0,0.0,nan,0.0,0.00945,0.05813,7.50548,1.85876,0.22816,0.22474,0.58022,0.91621,0.53799,0.58022
17.75452,33.00635,-1.0557,0.99513,0.04479,0.08779,0.99597,0.0,0.0,nan,0.0,0.0037,0.02043,11.87635,1.80288,0.23715,0.56271,0.71655,0.3761,0.55467,0.71655
16.93599,32.91002,0.82628,0.96669,0.12679,0.22232,0.99618,0.0,0.0,nan,0.0,0.00445,0.01815,15.89731,1.72071,0.23447,0.45662,0.43157,0.60477,0.58115,0.43157
16.91513,33.00016,3.12015,0.9084,0.14006,0.39394,0.9903,0.0,0.0,nan,0.0,0.00627,0.01918,21.69273,2.0274,0.2257,0.48333,0.45782,0.73899,0.49324,0.45782
16.14298,32.15422,4.32765,0.79986,0.14426,0.58259,0.98503,0.0,0.0,nan,0.0,0.0098,0.03392,16.12245,1.9201,0.23218,0.54728,0.37941,0.59348,0.52081,0.37941
16.44952,34.88358,-4.54217,0.73106,0.22461,-0.64429,0.98503,0.0,0.0,nan,0.0,0.01587,0.08138,9.75732,1.89499,0.23019,0.53942,0.86428,0.68683,0.52771,0.86428
17.42649,35.06496,-3.1458,0.89587,0.14602,-0.41964,0.96619,0.0,0.0,nan,0.0,0.01131,0.04857,7.68695,2.07876,0.22828,0.29357,0.49409,1.0,0.48106,0.49409
17.75418,35.01959,-0.97062,0.99032,0.08269,0.11149,0.96599,0.0,0.0,nan,0.0,0.00509,0.02974,11.59844,3.43147,0.2419,0.5357,0.67308,0.37476,0.29142,0.67308
16.9117,35.02822,0.99176,0.93596,0.12858,0.32779,0.99841,0.0,0.0,nan,0.0,0.00798,0.01981,20.1296,1.75348,0.23752,0.58115,0.41339,0.76203,0.57029,0.41339
16.44652,34.89339,2.93657,0.88955,0.15194,0.43084,0.97764,0.0,0.0,nan,0.0,0.01457,0.03332,27.35416,1.83786,0.24358,0.49655,0.45839,0.94515,0.54411,0.45839
16.07763,34.78387,4.07705,0.74665,0.19693,0.63541,0.92556,0.0,0.0,nan,0.0,0.00903,0.02824,31.49594,1.89802,0.23387,0.45511,0.6734,0.74687,0.52687,0.6734
16.14593,36.3543,-4.14874,0.65242,0.33565,-0.67948,0.98625,0.0,0.0,nan,0.0,0.01361,0.046,6.9379,2.02428,0.23004,0.45088,0.42782,0.84518,0.494,0.42782
16.91819,36.97186,-3.03559,0.78484,0.34058,-0.51771,0.94633,0.0,0.0,nan,0.0,0.01946,0.05486,8.53855,1.67472,0.24698,0.62687,0.44858,0.69829,0.59711,0.44858
17.64216,37.05973,-0.96255,0.97517,0.21107,0.06698,0.89983,0.0,0.0,nan,0.0,0.00971,0.04163,13.65486,3.58192,0.24161,0.61114,0.47922,0.43755,0.27918,0.47922
16.51019,37.00337,0.97073,0.88983,0.25312,0.37965,0.98432,0.0,0.0,nan,0.0,0.00931,0.02595,21.30609,2.03626,0.23452,0.64654,0.33898,0.60696,0.4911,0.33898
16.22207,37.02603,2.50738,0.84867,0.29144,0.44139,0.96376,0.0,0.0,nan,0.0,0.01109,0.02398,24.44882,1.90619,0.24098,0.55781,0.51648,0.89731,0.52461,0.51648
16.49105,38.4897,-2.52265,0.59992,0.67672,-0.42679,0.84989,0.0,0.0,nan,0.0,0.01944,0.07051,11.87155,1.85609,0.23303,0.63141,0.62774,0.51013,0.53877,0.62774
16.92225,38.85897,-1.01248,0.68844,0.72416,-0.04062,0.77117,0.0,0.0,nan,0.0,0.00581,0.03358,18.61114,1.80288,0.24475,0.50659,0.64586,0.37808,0.55467,0.64586
16.78446,38.78112,0.9274,0.72329,0.61243,0.31904,0.77016,0.0,0.0,nan,0.0,0.00932,0.03135,18.81649,2.7095,0.21967,0.57391,0.77344,0.61981,0.36907,0.77344
16.2937,38.34702,2.44889,0.74147,0.48268,0.4661,0.81362,0.0,0.0,nan,0.0,0.00467,0.02961,29.95758,1.85541,0.23475,0.64666,0.85205,0.38676,0.53896,0.85205
18.13426,1.85418,-0.2444,0.81139,-0.54528,-0.21051,0.83094,0.0,0.0,nan,0.0,0.01768,0.04793,11.79424,3.35089,0.23916,0.56087,0.70128,0.76917,0.29843,0.70128
18.30565,1.65015,0.93133,0.82568,-0.56157,0.05386,0.7894,0.0,0.0,nan,0.0,0.00754,0.03531,11.22191,3.5406,0.24514,0.45159,0.85612,0.84351,0.28244,0.85612
18.11787,1.80634,2.29566,0.77462,-0.53887,0.33104,0.77319,0.0,0.0,nan,0.0,0.01497,0.04432,10.61383,2.34192,0.24248,0.40461,0.6586,0.99199,0.427,0.6586
18.03768,3.7703,-2.08946,0.80493,-0.25972,-0.53352,0.89152,0.00806,0.04028,0.6,1.0,0.01335,0.05943,12.74542,2.15789,0.23095,0.40028,0.58239,0.64925,0.46342,0.58239
18.4326,3.00445,-0.87389,0.91703,-0.26225,-0.30047,0.88372,0.0,0.0,nan,0.0,0.01272,0.05396,11.66245,2.02678,0.24186,0.47821,0.45893,0.57761,0.49339,0.45893
18.49815,3.00083,0.9608,0.9799,-0.18408,0.07694,0.91108,0.0,0.0,nan,0.0,0.01459,0.05507,11.82681,1.80496,0.25189,0.61783,0.59909,0.50137,0.55403,0.59909
18.21358,3.00615,2.61041,0.90243,-0.1969,0.38321,0.86042,0.0,0.0,nan,0.0,0.01402,0.06699,11.32425,1.90819,0.23712,0.4909,0.55377,0.50177,0.52406,0.55377
18.10746,5.14736,-2.25684,0.88256,-0.13492,-0.45044,0.93164,0.04339,0.21697,0.6,1.0,0.0209,0.0996,11.67579,2.04458,0.233,0.48069,0.51746,0.51122,0.4891,0.51746
18.41641,5.00655,-1.04022,0.98309,-0.0386,-0.179,0.96487,0.06812,0.34058,0.6,1.0,0.02443,0.06944,9.12264,1.80288,0.2376,0.44621,0.42551,0.96134,0.55467,0.42551
18.1796,4.94366,0.92637,0.98488,0.08889,0.14867,0.99932,0.04393,0.21963,0.6,1.0,0.01817,0.06228,8.92173,1.88736,0.22623,0.37935,0.33561,0.94133,0.52984,0.33561
18.04357,4.2628,2.33085,0.94761,0.05952,0.31383,0.98858,0.0,0.0,nan,0.0,0.01935,0.05389,10.77253,1.89541,0.23801,0.60153,0.42759,0.70777,0.52759,0.42759
18.15462,6.97771,-2.36948,0.91992,0.02922,-0.39103,0.95971,0.02491,0.12457,0.6,1.0,0.01626,0.06689,10.37496,2.00364,0.2281,0.48209,0.46449,0.60149,0.49909,0.46449
18.34223,6.95315,-1.02658,0.99463,0.01653,-0.10216,0.98432,0.0763,0.38148,0.6,1.0,0.02782,0.08062,8.72091,1.80288,0.23292,0.50063,0.61077,0.84745,0.55467,0.61077
18.16209,6.97737,0.69275,0.98148,0.02181,0.19033,0.99861,0.07775,0.38874,0.6,1.0,0.02352,0.10419,8.4644,1.89057,0.2243,0.29533,0.53954,0.94501,0.52894,0.53954
18.1697,8.61478,-2.29673,0.90758,0.03093,-0.41874,0.95393,0.0,0.0,nan,0.0,0.00451,0.02126,14.42509,2.22246,0.22665,0.43568,0.50442,0.55381,0.44995,0.50442
18.38273,9.06426,-1.06601,0.98986,0.01032,-0.14168,0.96508,0.0,0.0,nan,0.0,0.00661,0.03513,11.6433,2.08614,0.23288,0.45402,0.46122,0.48543,0.47935,0.46122
18.16142,8.93735,0.66065,0.98026,0.01976,0.19672,0.99354,0.00325,0.01626,0.6,1.0,0.00655,0.05307,10.15329,1.63898,0.23524,0.33386,0.34073,0.44218,0.61014,0.34073
18.22228,11.12706,-2.45188,0.92597,-0.07169,-0.37072,0.95687,0.0,0.0,nan,0.0,0.00497,0.02655,16.39738,1.80288,0.23262,0.43485,0.44344,0.48284,0.55467,0.44344
18.41956,10.92348,-1.0929,0.995,0.00084,-0.09987,0.96791,0.0,0.0,nan,0.0,0.00673,0.0303,11.7018,1.73117,0.23142,0.46055,0.35442,0.56449,0.57764,0.35442
18.20672,10.95315,0.64405,0.96474,0.07616,0.25194,0.98524,0.0,0.0,nan,0.0,0.00912,0.11152,12.61286,1.74631,0.23639,0.6455,0.93187,0.35097,0.57264,0.93187
18.0983,12.55142,-2.76439,0.94905,-0.01084,-0.31493,0.96376,0.0,0.0,nan,0.0,0.00658,0.04336,16.30573,1.75947,0.22741,0.61086,0.88115,0.48072,0.56835,0.88115
18.31311,12.97963,-1.04124,0.99392,0.10846,0.01896,0.98321,0.0,0.0,nan,0.0,0.01043,0.03243,18.37097,1.80288,0.23795,0.6815,0.51773,0.52311,0.55467,0.51773
18.15051,12.63205,0.36528,0.97058,0.09476,0.22135,0.98605,0.0,0.0,nan,0.0,0.00592,0.03517,20.76063,1.69837,0.22797,0.78457,0.87783,0.39813,0.5888,0.87783
18.00294,14.76134,-0.99334,0.99696,0.07779,0.00475,0.99202,0.0,0.0,nan,0.0,0.00871,0.02307,22.92605,1.63898,0.23625,0.51754,0.37295,0.79337,0.61014,0.37295
18.04917,17.87027,-2.44909,0.97479,-0.11786,-0.18946,0.99618,0.0,0.0,nan,0.0,0.00407,0.03158,23.61206,1.63898,0.23787,0.58853,0.82029,0.30618,0.61014,0.82029
18.13129,17.08467,-0.71892,0.99255,-0.12185,0.00018,0.98443,0.0,0.0,nan,0.0,0.00678,0.02292,20.23268,2.0612,0.22879,0.5297,0.44117,0.61324,0.48515,0.44117
18.14828,17.26801,0.48452,0.96808,-0.1277,0.21567,0.97014,0.0,0.0,nan,0.0,0.00969,0.03271,16.67724,1.89505,0.22575,0.54339,0.39613,0.61086,0.52769,0.39613
18.08055,19.00956,-2.58722,0.97884,-0.09631,-0.18055,0.99719,0.0,0.0,nan,0.0,0.00623,0.03951,17.40842,1.73476,0.23019,0.43423,0.39665,0.40483,0.57645,0.39665
18.26109,19.00064,-1.02465,0.99668,-0.06438,-0.04991,0.98716,0.0,0.0,nan,0.0,0.00628,0.03069,10.01223,1.91718,0.23254,0.54055,0.35236,0.45444,0.5216,0.35236
18.25224,18.97361,0.65163,0.9745,-0.06213,0.21563,0.96984,0.0,0.0,nan,0.0,0.00996,0.0421,10.01926,2.37133,0.24205,0.5595,0.68675,0.50739,0.4217,0.68675
18.10363,20.89703,-2.69062,0.98401,0.00599,-0.178,0.99527,0.0,0.0,nan,0.0,0.01189,0.06144,7.95153,1.66966,0.23317,0.48315,0.38512,0.50142,0.59892,0.38512
18.22234,20.95725,-1.00807,0.99978,0.0179,-0.01057,0.99415,0.0,0.0,nan,0.0,0.01029,0.03676,5.68604,2.01732,0.23069,0.43801,0.44138,0.86375,0.49571,0.44138
18.14333,20.91633,0.52111,0.97695,0.03283,0.21091,0.99202,0.0,0.0,nan,0.0,0.0087,0.03579,7.54716,1.63898,0.2227,0.42768,0.75865,0.73936,0.61014,0.75865
18.03257,22.96539,-2.42675,0.98696,0.02379,-0.15921,0.99608,0.0,0.0,nan,0.0,0.01598,0.05629,5.13608,1.63977,0.23113,0.42113,0.63811,0.93658,0.60984,0.63811
18.20148,23.01119,-0.93138,0.99961,0.02002,0.01941,0.99689,0.0,0.0,nan,0.0,0.00972,0.04491,4.66002,2.00426,0.22988,0.31231,0.47068,0.99047,0.49894,0.47068
18.11057,22.95063,0.42792,0.97873,0.02482,0.20365,0.99334,0.0,0.0,nan,0.0,0.00764,0.0606,7.42895,1.88707,0.22787,0.36939,0.44215,0.4334,0.52992,0.44215
18.05576,24.84846,-2.33794,0.98694,0.03891,-0.1563,0.99679,0.0,0.0,nan,0.0,0.00865,0.04705,4.46927,1.63898,0.23393,0.36196,0.82426,0.96417,0.61014,0.82426
18.13829,24.98028,-0.96132,0.99917,0.03877,0.01276,0.99476,0.0,0.0,nan,0.0,0.01589,0.06851,4.05502,1.85869,0.22827,0.34663,0.53125,0.99904,0.53801,0.53125
18.06067,24.8496,0.28558,0.98282,0.03238,0.18172,0.99435,0.0,0.0,nan,0.0,0.01294,0.09828,6.44482,1.63898,0.22582,0.36435,0.54849,0.47336,0.61014,0.54849
18.00948,26.37012,-2.09299,0.99074,0.05276,-0.12513,0.99709,0.0,0.0,nan,0.0,0.00983,0.07108,4.83592,1.70128,0.22823,0.48646,0.91253,0.83779,0.58779,0.91253
18.07189,26.86467,-0.91573,0.99882,0.04845,0.00392,0.99557,0.0,0.0,nan,0.0,0.01196,0.09883,5.44525,1.73241,0.22282,0.4902,0.91849,0.73216,0.57723,0.91849
18.03627,26.66195,0.1736,0.98881,0.03537,0.14491,0.99395,0.01185,0.05927,0.7,1.0,0.01195,0.09298,6.07132,1.65155,0.23466,0.43921,0.89568,0.72879,0.60549,0.89568
18.02048,28.18983,-0.70019,0.99873,0.04835,0.01399,0.99506,0.0,0.0,nan,0.0,0.0147,0.07171,6.04861,1.7227,0.22618,0.46839,0.8466,0.84301,0.58048,0.8466
